"_primaryKey","_firstSeenAt","_lastSeenAt","listingId","eventId","price","priceWithFees","fee","section","sectionFull","row","quantity","seats","inHandDate","deliveryType","marketplace","dealBucket","dealScore","splitType"
"05VT8lrpbd8","2026-09-11 23:59:41.718","2026-09-24 01:07:33.192","05VT8lrpbd8","18494487","[PREMIUM]","[PREMIUM]","[PREMIUM]","214","Section 214","14",2,"[]","2027-03-19 00:00:00","electronic","exchange",0,"[PREMIUM]","2"
"2v0czqApBbE","2026-09-11 23:59:41.718","2026-09-24 01:07:33.192","2v0czqApBbE","18494487","[PREMIUM]","[PREMIUM]","[PREMIUM]","220","Section 220","9",2,"[]","2027-03-19 00:00:00","electronic","exchange",1,"[PREMIUM]","2"
"3q7fNLlYE0E","2026-09-11 23:59:41.718","2026-09-13 07:10:36.476","3q7fNLlYE0E","18494487","[PREMIUM]","[PREMIUM]","[PREMIUM]","123","Section 123","11",4,"['6','7','8','9']","2026-10-04 00:00:00","electronic","exchange",1,"[PREMIUM]","4"
"9P2c5Mwpbra","2026-09-11 23:59:41.718","2026-09-13 07:10:36.476","9P2c5Mwpbra","18494487","[PREMIUM]","[PREMIUM]","[PREMIUM]","220","Section 220","13",3,"[]","2027-03-19 00:00:00","electronic","exchange",0,"[PREMIUM]","3"
"DdwHkMaOND2","2026-09-11 23:59:41.718","2026-09-13 07:10:36.476","DdwHkMaOND2","18494487","[PREMIUM]","[PREMIUM]","[PREMIUM]","221A","Section 221 A","5",2,"[]","2027-03-20 00:00:00","electronic","exchange",0,"[PREMIUM]","2"
"ROXHz2GoPrP","2026-09-11 23:59:41.718","2026-09-24 01:07:33.192","ROXHz2GoPrP","18494487","[PREMIUM]","[PREMIUM]","[PREMIUM]","201","Section 201","5",5,"['1','2','3','4','5']","2026-10-04 00:00:00","electronic","exchange",1,"[PREMIUM]","1,2,3,5"
"Zm9hvJGq5Gv","2026-09-11 23:59:41.718","2026-09-24 01:07:33.192","Zm9hvJGq5Gv","18494487","[PREMIUM]","[PREMIUM]","[PREMIUM]","218","Section 218","9",2,"[]","2027-03-19 00:00:00","electronic","exchange",0,"[PREMIUM]","2"
"jDvszkNrDjR","2026-09-11 23:59:41.718","2026-09-24 01:07:33.192","jDvszkNrDjR","18494487","[PREMIUM]","[PREMIUM]","[PREMIUM]","222A","Section 222 A","1",3,"['5','6','7']","2027-03-20 00:00:00","electronic","exchange",1,"[PREMIUM]","1,3"
"nx0srKbAlpq","2026-09-11 23:59:41.718","2026-09-24 01:07:33.192","nx0srKbAlpq","18494487","[PREMIUM]","[PREMIUM]","[PREMIUM]","210A","Section 210 A","3",3,"[]","2027-03-19 00:00:00","electronic","exchange",1,"[PREMIUM]","3"
"nx0srKb6m2O","2026-09-11 23:59:41.718","2026-09-24 01:07:33.192","nx0srKb6m2O","18494487","[PREMIUM]","[PREMIUM]","[PREMIUM]","107","Section 107","20",5,"['6','7','8','9','10']","2027-03-20 00:00:00","electronic","exchange",2,"[PREMIUM]","1,2,3,5"
"oV7Hb6kdwJL","2026-09-11 23:59:41.718","2026-09-24 01:07:33.192","oV7Hb6kdwJL","18494487","[PREMIUM]","[PREMIUM]","[PREMIUM]","214","Section 214","14",2,"[]","2027-03-19 00:00:00","electronic","exchange",0,"[PREMIUM]","2"
"rVOHkpVA9EN","2026-09-11 23:59:41.718","2026-09-24 01:07:33.192","rVOHkpVA9EN","18494487","[PREMIUM]","[PREMIUM]","[PREMIUM]","201","Section 201","14",2,"[]","2027-03-19 00:00:00","electronic","exchange",0,"[PREMIUM]","2"
"vb3iPwxjGLn","2026-09-11 23:59:41.718","2026-09-24 01:07:33.192","vb3iPwxjGLn","18494487","[PREMIUM]","[PREMIUM]","[PREMIUM]","224","Section 224","12",2,"[]","2027-03-19 00:00:00","electronic","exchange",0,"[PREMIUM]","2"
"vb3iPwxjDMK","2026-09-11 23:59:41.718","2026-09-24 01:07:33.192","vb3iPwxjDMK","18494487","[PREMIUM]","[PREMIUM]","[PREMIUM]","215","Section 215","11",5,"[]","2027-03-19 00:00:00","electronic","exchange",0,"[PREMIUM]","1,2,3,5"
"w3Jse8ZXwrv","2026-09-11 23:59:41.718","2026-09-24 01:07:33.192","w3Jse8ZXwrv","18494487","[PREMIUM]","[PREMIUM]","[PREMIUM]","124","Section 124","1",4,"['8','9','10','11']","2026-10-04 00:00:00","electronic","exchange",0,"[PREMIUM]","4"
"05VT8lJx7g9","2026-09-11 23:59:38.781","2026-09-11 23:59:38.781","05VT8lJx7g9","18496198","[PREMIUM]","[PREMIUM]","[PREMIUM]","311","Section 311","7",8,"['1','2','3','4','5','6','7','8']",,"electronic","exchange",1,"[PREMIUM]","1,2,3,4,5,6,8"
"05VT8lJ5pX7","2026-09-11 23:59:38.781","2026-09-13 07:10:33.847","05VT8lJ5pX7","18496198","[PREMIUM]","[PREMIUM]","[PREMIUM]","308","Section 308","7",8,"[]","2027-03-19 00:00:00","electronic","exchange",2,"[PREMIUM]","1,2,3,4,5,6,7,8"
"2v0czqJjnLL","2026-09-11 23:59:38.781","2026-09-24 01:07:29.068","2v0czqJjnLL","18496198","[PREMIUM]","[PREMIUM]","[PREMIUM]","101","Section 101","7",2,"['11','12']","2027-03-18 00:00:00","electronic","exchange",4,"[PREMIUM]","2"
"3q7fNL9o820","2026-09-11 23:59:38.781","2026-09-24 01:07:29.068","3q7fNL9o820","18496198","[PREMIUM]","[PREMIUM]","[PREMIUM]","105","Section 105","f",1,"['3']","2027-03-18 00:00:00","electronic","exchange",4,"[PREMIUM]","1"
"3q7fNLlejzl","2026-09-11 23:59:38.781","2026-09-24 01:07:29.068","3q7fNLlejzl","18496198","[PREMIUM]","[PREMIUM]","[PREMIUM]","110","Section 110","2",2,"['5','6']","2027-03-20 00:00:00","electronic","exchange",0,"[PREMIUM]","2"
"5EjuZwOK8Ve","2026-09-11 23:59:38.781","2026-09-24 01:07:29.068","5EjuZwOK8Ve","18496198","[PREMIUM]","[PREMIUM]","[PREMIUM]","316","Section 316","1",2,"[]","2027-03-19 00:00:00","electronic","exchange",1,"[PREMIUM]","2"
"6mOhkoajBjK","2026-09-11 23:59:38.781","2026-09-24 01:07:29.068","6mOhkoajBjK","18496198","[PREMIUM]","[PREMIUM]","[PREMIUM]","105","Section 105","d",1,"['3']","2027-03-18 00:00:00","electronic","exchange",4,"[PREMIUM]","1"
"6mOhkoqjXNV","2026-09-11 23:59:38.781","2026-09-13 07:10:33.847","6mOhkoqjXNV","18496198","[PREMIUM]","[PREMIUM]","[PREMIUM]","330","Section 330","9",2,"[]","2027-03-19 00:00:00","electronic","exchange",2,"[PREMIUM]","2"
"7KntAg5pnPX","2026-09-11 23:59:38.781","2026-09-24 01:07:29.068","7KntAg5pnPX","18496198","[PREMIUM]","[PREMIUM]","[PREMIUM]","105","Section 105","d",1,"[]","2027-03-19 00:00:00","electronic","exchange",2,"[PREMIUM]","1"
"7KntAg53Ydj","2026-09-11 23:59:38.781","2026-09-24 01:07:29.068","7KntAg53Ydj","18496198","[PREMIUM]","[PREMIUM]","[PREMIUM]","110","Section 110","3",2,"[]","2027-03-19 00:00:00","electronic","exchange",2,"[PREMIUM]","2"
"8lKt6arJ34O","2026-09-11 23:59:38.781","2026-09-24 01:07:29.068","8lKt6arJ34O","18496198","[PREMIUM]","[PREMIUM]","[PREMIUM]","114","Section 114","9",2,"['6','7']","2027-03-18 00:00:00","electronic","exchange",3,"[PREMIUM]","2"
"9P2c5Meo94v","2026-09-11 23:59:38.781","2026-09-11 23:59:38.781","9P2c5Meo94v","18496198","[PREMIUM]","[PREMIUM]","[PREMIUM]","311","Section 311","7",5,"['9','10','11','12','13']",,"electronic","exchange",1,"[PREMIUM]","1,2,3,5"
"DdwHkMa0v2X","2026-09-11 23:59:38.781","2026-09-24 01:07:29.068","DdwHkMa0v2X","18496198","[PREMIUM]","[PREMIUM]","[PREMIUM]","206","Section 206","6",2,"[]","2027-03-19 00:00:00","electronic","exchange",1,"[PREMIUM]","2"
"EroUXgzadEB","2026-09-11 23:59:38.781","2026-09-24 01:07:29.068","EroUXgzadEB","18496198","[PREMIUM]","[PREMIUM]","[PREMIUM]","CRT","Courtside","2",2,"[]","2027-03-19 00:00:00","electronic","exchange",1,"[PREMIUM]","2"
"JABI3EkelGn","2026-09-11 23:59:38.781","2026-09-24 01:07:29.068","JABI3EkelGn","18496198","[PREMIUM]","[PREMIUM]","[PREMIUM]","214","Section 214","2",4,"[]","2027-03-19 00:00:00","electronic","exchange",2,"[PREMIUM]","4"
"KezczqBYx6z","2026-09-11 23:59:38.781","2026-09-11 23:59:38.781","KezczqBYx6z","18496198","[PREMIUM]","[PREMIUM]","[PREMIUM]","115","Section 115","f",2,"[]","2027-03-19 00:00:00","electronic","exchange",1,"[PREMIUM]","2"
"LbviL8PZml3","2026-09-11 23:59:38.781","2026-09-24 01:07:29.068","LbviL8PZml3","18496198","[PREMIUM]","[PREMIUM]","[PREMIUM]","319","Section 319","8",3,"[]","2027-03-19 00:00:00","electronic","exchange",2,"[PREMIUM]","3"
"LbviL8e72Ma","2026-09-11 23:59:38.781","2026-09-24 01:07:29.068","LbviL8e72Ma","18496198","[PREMIUM]","[PREMIUM]","[PREMIUM]","214","Section 214","2",4,"[]","2027-03-19 00:00:00","electronic","exchange",2,"[PREMIUM]","4"
"MAeIP3Rn05R","2026-09-11 23:59:38.781","2026-09-24 01:07:29.068","MAeIP3Rn05R","18496198","[PREMIUM]","[PREMIUM]","[PREMIUM]","332","Section 332","11",4,"['1','2','3','4']","2027-03-18 00:00:00","electronic","exchange",5,"[PREMIUM]","4"
"O7AhwK6BvlV","2026-09-11 23:59:38.781","2026-09-21 00:37:41.074","O7AhwK6BvlV","18496198","[PREMIUM]","[PREMIUM]","[PREMIUM]","301","Section 301","10",2,"[]","2027-03-19 00:00:00","electronic","exchange",1,"[PREMIUM]","2"
"Zm9hvJGYxVx","2026-09-11 23:59:38.781","2026-09-18 01:34:29.791","Zm9hvJGYxVx","18496198","[PREMIUM]","[PREMIUM]","[PREMIUM]","332","Section 332","11",4,"[]","2027-03-19 00:00:00","electronic","exchange",4,"[PREMIUM]","4"
"Zm9hvJnL7e9","2026-09-11 23:59:38.781","2026-09-24 01:07:29.068","Zm9hvJnL7e9","18496198","[PREMIUM]","[PREMIUM]","[PREMIUM]","303","Section 303","10",2,"['18','19']","2027-03-18 00:00:00","electronic","exchange",4,"[PREMIUM]","2"
"Zm9hvJn8lbK","2026-09-11 23:59:38.781","2026-09-24 01:07:29.068","Zm9hvJn8lbK","18496198","[PREMIUM]","[PREMIUM]","[PREMIUM]","319","Section 319","8",3,"['1','2','3']","2027-03-18 00:00:00","electronic","exchange",2,"[PREMIUM]","3"
"agktlMjDvBe","2026-09-11 23:59:38.781","2026-09-11 23:59:38.781","agktlMjDvBe","18496198","[PREMIUM]","[PREMIUM]","[PREMIUM]","334","Section 334","8",2,"[]","2027-03-19 00:00:00","electronic","exchange",1,"[PREMIUM]","2"
"b4wUao7YXp3","2026-09-11 23:59:38.781","2026-09-11 23:59:38.781","b4wUao7YXp3","18496198","[PREMIUM]","[PREMIUM]","[PREMIUM]","114","Section 114","9",2,"[]","2027-03-19 00:00:00","electronic","exchange",2,"[PREMIUM]","2"
"dNgUgpLD534","2026-09-11 23:59:38.781","2026-09-24 01:07:29.068","dNgUgpLD534","18496198","[PREMIUM]","[PREMIUM]","[PREMIUM]","208","Section 208","9",2,"['16','17']","2027-03-20 00:00:00","electronic","exchange",1,"[PREMIUM]","2"
"jDvszkND9jV","2026-09-11 23:59:38.781","2026-09-24 01:07:29.068","jDvszkND9jV","18496198","[PREMIUM]","[PREMIUM]","[PREMIUM]","303","Section 303","10",2,"[]","2027-03-19 00:00:00","electronic","exchange",3,"[PREMIUM]","2"
"jDvszkeX2LM","2026-09-11 23:59:38.781","2026-09-24 01:07:29.068","jDvszkeX2LM","18496198","[PREMIUM]","[PREMIUM]","[PREMIUM]","214","Section 214","2",4,"['5','6','7','8']","2027-03-18 00:00:00","electronic","exchange",2,"[PREMIUM]","4"
"kYet9mXzJoJ","2026-09-11 23:59:38.781","2026-09-24 01:07:29.068","kYet9mXzJoJ","18496198","[PREMIUM]","[PREMIUM]","[PREMIUM]","105","Section 105","f",1,"[]","2027-03-19 00:00:00","electronic","exchange",2,"[PREMIUM]","1"
"lxVsdRn08bk","2026-09-11 23:59:38.781","2026-09-24 01:07:29.068","lxVsdRn08bk","18496198","[PREMIUM]","[PREMIUM]","[PREMIUM]","106","Section 106","k",4,"[]","2027-03-19 00:00:00","electronic","exchange",2,"[PREMIUM]","4"
"mxAs4xMaJ7K","2026-09-11 23:59:38.781","2026-09-17 00:52:46.652","mxAs4xMaJ7K","18496198","[PREMIUM]","[PREMIUM]","[PREMIUM]","FLOOR","Floor","1",1,"['8428']","2027-03-20 00:00:00","electronic","exchange",7,"[PREMIUM]","1"
"mxAs4xkVB9v","2026-09-11 23:59:38.781","2026-09-24 01:07:29.068","mxAs4xkVB9v","18496198","[PREMIUM]","[PREMIUM]","[PREMIUM]","105","Section 105","f",1,"[]","2027-03-19 00:00:00","electronic","exchange",2,"[PREMIUM]","1"
"mxAs4xk6GBo","2026-09-11 23:59:38.781","2026-09-24 01:07:29.068","mxAs4xk6GBo","18496198","[PREMIUM]","[PREMIUM]","[PREMIUM]","PR8","Premier 8","7",2,"['5','6']","2027-03-20 00:00:00","electronic","exchange",0,"[PREMIUM]","2"
"nx0srKXexlY","2026-09-11 23:59:38.781","2026-09-24 01:07:29.068","nx0srKXexlY","18496198","[PREMIUM]","[PREMIUM]","[PREMIUM]","110","Section 110","3",2,"['17','18']","2027-03-18 00:00:00","electronic","exchange",4,"[PREMIUM]","2"
"nx0srKXeG4X","2026-09-11 23:59:38.781","2026-09-22 01:15:53.476","nx0srKXeG4X","18496198","[PREMIUM]","[PREMIUM]","[PREMIUM]","112","Section 112","15",2,"[]","2027-03-19 00:00:00","electronic","exchange",5,"[PREMIUM]","2"
"nx0srKbmBgm","2026-09-11 23:59:38.781","2026-09-24 01:07:29.068","nx0srKbmBgm","18496198","[PREMIUM]","[PREMIUM]","[PREMIUM]","304","Section 304","15",2,"[]","2027-03-19 00:00:00","electronic","exchange",4,"[PREMIUM]","2"
"oV7Hb62lRGk","2026-09-11 23:59:38.781","2026-09-24 01:07:29.068","oV7Hb62lRGk","18496198","[PREMIUM]","[PREMIUM]","[PREMIUM]","112","Section 112","15",2,"['1','2']","2027-03-18 00:00:00","electronic","exchange",5,"[PREMIUM]","2"
"qVjH2m0ZVe2","2026-09-11 23:59:38.781","2026-09-17 00:52:46.652","qVjH2m0ZVe2","18496198","[PREMIUM]","[PREMIUM]","[PREMIUM]","308","Section 308","7",8,"[]","2027-03-19 00:00:00","electronic","exchange",3,"[PREMIUM]","1,2,3,4,5,6,7,8"
"qVjH2m8jwkj","2026-09-11 23:59:38.781","2026-09-24 01:07:29.068","qVjH2m8jwkj","18496198","[PREMIUM]","[PREMIUM]","[PREMIUM]","101","Section 101","7",2,"[]","2027-03-19 00:00:00","electronic","exchange",3,"[PREMIUM]","2"
"rVOHkpVvZG4","2026-09-11 23:59:38.781","2026-09-24 01:07:29.068","rVOHkpVvZG4","18496198","[PREMIUM]","[PREMIUM]","[PREMIUM]","108","Section 108","20",2,"[]","2027-03-19 00:00:00","electronic","exchange",1,"[PREMIUM]","2"
"xb9iml5JoOX","2026-09-11 23:59:38.781","2026-09-24 01:07:29.068","xb9iml5JoOX","18496198","[PREMIUM]","[PREMIUM]","[PREMIUM]","114","Section 114","9",2,"[]","2027-03-19 00:00:00","electronic","exchange",2,"[PREMIUM]","2"
"xb9imldgEvj","2026-09-11 23:59:38.781","2026-09-24 01:07:29.068","xb9imldgEvj","18496198","[PREMIUM]","[PREMIUM]","[PREMIUM]","107","Section 107","g",2,"[]","2027-03-19 00:00:00","electronic","exchange",2,"[PREMIUM]","2"
"z3Es6ve3DKX","2026-09-11 23:59:38.781","2026-09-24 01:07:29.068","z3Es6ve3DKX","18496198","[PREMIUM]","[PREMIUM]","[PREMIUM]","316","Section 316","1",2,"['6','7']","2027-03-18 00:00:00","electronic","exchange",2,"[PREMIUM]","2"
"05VT8lJZjLm","2026-09-11 23:59:32.446","2026-09-11 23:59:32.446","05VT8lJZjLm","18494754","[PREMIUM]","[PREMIUM]","[PREMIUM]","26","Section 26","14",4,"[]","2027-03-20 00:00:00","electronic","exchange",4,"[PREMIUM]","2,4"
"05VT8lJZ5xg","2026-09-11 23:59:32.446","2026-09-11 23:59:32.446","05VT8lJZ5xg","18494754","[PREMIUM]","[PREMIUM]","[PREMIUM]","13","Section 13","6",4,"[]","2027-03-20 00:00:00","electronic","exchange",1,"[PREMIUM]","2,4"
"05VT8lJZ5en","2026-09-11 23:59:32.446","2026-09-11 23:59:32.446","05VT8lJZ5en","18494754","[PREMIUM]","[PREMIUM]","[PREMIUM]","123","Section 123","7",6,"[]","2027-03-20 00:00:00","electronic","exchange",4,"[PREMIUM]","2,3,4,5,6"
"2v0czqbwgwG","2026-09-11 23:59:32.446","2026-09-11 23:59:32.446","2v0czqbwgwG","18494754","[PREMIUM]","[PREMIUM]","[PREMIUM]","19","Section 19","11",2,"[]","2027-03-20 00:00:00","electronic","exchange",1,"[PREMIUM]","2"
"2v0czqbwgpD","2026-09-11 23:59:32.446","2026-09-11 23:59:32.446","2v0czqbwgpD","18494754","[PREMIUM]","[PREMIUM]","[PREMIUM]","223","Section 223","5",7,"[]","2027-03-20 00:00:00","electronic","exchange",2,"[PREMIUM]","2,3,4,5,6,7"
"3q7fNLlgkX0","2026-09-11 23:59:32.446","2026-09-11 23:59:32.446","3q7fNLlgkX0","18494754","[PREMIUM]","[PREMIUM]","[PREMIUM]","108","Section 108","4",12,"[]","2027-03-20 00:00:00","electronic","exchange",3,"[PREMIUM]","2,3,4,5,6,7,8,9,10,11,12"
"3q7fNLlg5qa","2026-09-11 23:59:32.446","2026-09-11 23:59:32.446","3q7fNLlg5qa","18494754","[PREMIUM]","[PREMIUM]","[PREMIUM]","211","Section 211","15",8,"[]","2027-03-20 00:00:00","electronic","exchange",0,"[PREMIUM]","2,3,4,5,6,7,8"
"3q7fNLlg5pD","2026-09-11 23:59:32.446","2026-09-11 23:59:32.446","3q7fNLlg5pD","18494754","[PREMIUM]","[PREMIUM]","[PREMIUM]","226","Section 226","3",4,"[]","2027-03-20 00:00:00","electronic","exchange",2,"[PREMIUM]","2,4"
"4vXcjRkLee2","2026-09-11 23:59:32.446","2026-09-11 23:59:32.446","4vXcjRkLee2","18494754","[PREMIUM]","[PREMIUM]","[PREMIUM]","31","Section 31","18",4,"[]","2027-03-20 00:00:00","electronic","exchange",1,"[PREMIUM]","2,4"
"4vXcjRkLeOX","2026-09-11 23:59:32.446","2026-09-11 23:59:32.446","4vXcjRkLeOX","18494754","[PREMIUM]","[PREMIUM]","[PREMIUM]","206","Section 206","13",24,"[]","2027-03-20 00:00:00","electronic","exchange",2,"[PREMIUM]","2,3,4,5,6,7,8,9,10,11,12,13,14,15,16,17,18,19,20,21,22,23,24"
"4vXcjRkLeL2","2026-09-11 23:59:32.446","2026-09-11 23:59:32.446","4vXcjRkLeL2","18494754","[PREMIUM]","[PREMIUM]","[PREMIUM]","16","Section 16","16",4,"[]","2027-03-20 00:00:00","electronic","exchange",1,"[PREMIUM]","2,4"
"5EjuZwYxXgK","2026-09-11 23:59:32.446","2026-09-11 23:59:32.446","5EjuZwYxXgK","18494754","[PREMIUM]","[PREMIUM]","[PREMIUM]","6","Section 6","20",8,"[]","2027-03-20 00:00:00","electronic","exchange",3,"[PREMIUM]","2,3,4,5,6,7,8"
"5EjuZwYxk0P","2026-09-11 23:59:32.446","2026-09-11 23:59:32.446","5EjuZwYxk0P","18494754","[PREMIUM]","[PREMIUM]","[PREMIUM]","8","Section 8","16",4,"[]","2027-03-20 00:00:00","electronic","exchange",4,"[PREMIUM]","2,4"
"5EjuZwYxk2P","2026-09-11 23:59:32.446","2026-09-11 23:59:32.446","5EjuZwYxk2P","18494754","[PREMIUM]","[PREMIUM]","[PREMIUM]","16","Section 16","11",2,"[]","2027-03-20 00:00:00","electronic","exchange",1,"[PREMIUM]","2"
"5EjuZwYxkkg","2026-09-11 23:59:32.446","2026-09-11 23:59:32.446","5EjuZwYxkkg","18494754","[PREMIUM]","[PREMIUM]","[PREMIUM]","22","Section 22","13",4,"[]","2027-03-20 00:00:00","electronic","exchange",3,"[PREMIUM]","2,4"
"6mOhkop79Pz","2026-09-11 23:59:32.446","2026-09-11 23:59:32.446","6mOhkop79Pz","18494754","[PREMIUM]","[PREMIUM]","[PREMIUM]","207","Section 207","2",4,"[]","2027-03-20 00:00:00","electronic","exchange",4,"[PREMIUM]","2,4"
"6mOhkop79mX","2026-09-11 23:59:32.446","2026-09-11 23:59:32.446","6mOhkop79mX","18494754","[PREMIUM]","[PREMIUM]","[PREMIUM]","9","Section 9","14",4,"[]","2027-03-20 00:00:00","electronic","exchange",5,"[PREMIUM]","2,4"
"6mOhkop797r","2026-09-11 23:59:32.446","2026-09-11 23:59:32.446","6mOhkop797r","18494754","[PREMIUM]","[PREMIUM]","[PREMIUM]","19","Section 19","11",4,"[]","2027-03-20 00:00:00","electronic","exchange",1,"[PREMIUM]","2,4"
"7KntAgrmOpo","2026-09-11 23:59:32.446","2026-09-11 23:59:32.446","7KntAgrmOpo","18494754","[PREMIUM]","[PREMIUM]","[PREMIUM]","227","Section 227","16",4,"[]","2027-03-20 00:00:00","electronic","exchange",1,"[PREMIUM]","2,4"
"7KntAgrm4Dr","2026-09-11 23:59:32.446","2026-09-11 23:59:32.446","7KntAgrm4Dr","18494754","[PREMIUM]","[PREMIUM]","[PREMIUM]","23","Section 23","16",8,"[]","2027-03-20 00:00:00","electronic","exchange",5,"[PREMIUM]","2,3,4,5,6,7,8"
"7KntAgrm4Xj","2026-09-11 23:59:32.446","2026-09-11 23:59:32.446","7KntAgrm4Xj","18494754","[PREMIUM]","[PREMIUM]","[PREMIUM]","108","Section 108","9",11,"[]","2027-03-20 00:00:00","electronic","exchange",3,"[PREMIUM]","2,3,4,5,6,7,8,9,10,11"
"7KntAgrmOXa","2026-09-11 23:59:32.446","2026-09-11 23:59:32.446","7KntAgrmOXa","18494754","[PREMIUM]","[PREMIUM]","[PREMIUM]","10","Section 10","16",4,"[]","2027-03-20 00:00:00","electronic","exchange",3,"[PREMIUM]","2,4"
"8lKt6aVBOB4","2026-09-11 23:59:32.446","2026-09-11 23:59:32.446","8lKt6aVBOB4","18494754","[PREMIUM]","[PREMIUM]","[PREMIUM]","16","Section 16","11",12,"[]","2027-03-20 00:00:00","electronic","exchange",1,"[PREMIUM]","2,3,4,5,6,7,8,9,10,11,12"
"8lKt6aVBOEj","2026-09-11 23:59:32.446","2026-09-11 23:59:32.446","8lKt6aVBOEj","18494754","[PREMIUM]","[PREMIUM]","[PREMIUM]","203","Section 203","3",4,"[]","2027-03-20 00:00:00","electronic","exchange",1,"[PREMIUM]","2,4"
"8lKt6aVBOOM","2026-09-11 23:59:32.446","2026-09-11 23:59:32.446","8lKt6aVBOOM","18494754","[PREMIUM]","[PREMIUM]","[PREMIUM]","105","Section 105","9",8,"[]","2027-03-20 00:00:00","electronic","exchange",1,"[PREMIUM]","2,3,4,5,6,7,8"
"8lKt6aVBOk4","2026-09-11 23:59:32.446","2026-09-11 23:59:32.446","8lKt6aVBOk4","18494754","[PREMIUM]","[PREMIUM]","[PREMIUM]","7","Section 7","8",2,"[]","2027-03-20 00:00:00","electronic","exchange",5,"[PREMIUM]","2"
"9P2c5Me3OJl","2026-09-11 23:59:32.446","2026-09-11 23:59:32.446","9P2c5Me3OJl","18494754","[PREMIUM]","[PREMIUM]","[PREMIUM]","206","Section 206","7",4,"[]","2027-03-20 00:00:00","electronic","exchange",2,"[PREMIUM]","2,4"
"9P2c5Me3OpM","2026-09-11 23:59:32.446","2026-09-11 23:59:32.446","9P2c5Me3OpM","18494754","[PREMIUM]","[PREMIUM]","[PREMIUM]","221","Section 221","10",9,"[]","2027-03-20 00:00:00","electronic","exchange",1,"[PREMIUM]","2,3,4,5,6,7,8,9"
"A6rs2K6ejm2","2026-09-11 23:59:32.446","2026-09-11 23:59:32.446","A6rs2K6ejm2","18494754","[PREMIUM]","[PREMIUM]","[PREMIUM]","7","Section 7","7",2,"[]","2027-03-20 00:00:00","electronic","exchange",4,"[PREMIUM]","2"
"A6rs2K6ejka","2026-09-11 23:59:32.446","2026-09-11 23:59:32.446","A6rs2K6ejka","18494754","[PREMIUM]","[PREMIUM]","[PREMIUM]","123","Section 123","5",9,"[]","2027-03-20 00:00:00","electronic","exchange",4,"[PREMIUM]","2,3,4,5,6,7,8,9"
"A6rs2K6eRBL","2026-09-11 23:59:32.446","2026-09-11 23:59:32.446","A6rs2K6eRBL","18494754","[PREMIUM]","[PREMIUM]","[PREMIUM]","25","Section 25","12",8,"[]","2027-03-20 00:00:00","electronic","exchange",5,"[PREMIUM]","1,2,3,4,5,6,8"
"BALImMawbbJ","2026-09-11 23:59:32.446","2026-09-11 23:59:32.446","BALImMawbbJ","18494754","[PREMIUM]","[PREMIUM]","[PREMIUM]","31","Section 31","16",7,"[]","2027-03-20 00:00:00","electronic","exchange",1,"[PREMIUM]","2,3,4,5,6,7"
"BALImMawbxa","2026-09-11 23:59:32.446","2026-09-11 23:59:32.446","BALImMawbxa","18494754","[PREMIUM]","[PREMIUM]","[PREMIUM]","7","Section 7","8",2,"[]","2027-03-20 00:00:00","electronic","exchange",5,"[PREMIUM]","2"
"DdwHkM3N6Pa","2026-09-11 23:59:32.446","2026-09-11 23:59:32.446","DdwHkM3N6Pa","18494754","[PREMIUM]","[PREMIUM]","[PREMIUM]","121","Section 121","9",11,"[]","2027-03-20 00:00:00","electronic","exchange",1,"[PREMIUM]","2,3,4,5,6,7,8,9,10,11"
"DdwHkM3N6lY","2026-09-11 23:59:32.446","2026-09-11 23:59:32.446","DdwHkM3N6lY","18494754","[PREMIUM]","[PREMIUM]","[PREMIUM]","220","Section 220","5",24,"[]","2027-03-20 00:00:00","electronic","exchange",1,"[PREMIUM]","2,3,4,5,6,7,8,9,10,11,12,13,14,15,16,17,18,19,20,21,22,23,24"
"DdwHkM3NKnO","2026-09-11 23:59:32.446","2026-09-11 23:59:32.446","DdwHkM3NKnO","18494754","[PREMIUM]","[PREMIUM]","[PREMIUM]","111","Section 111","9",2,"[]","2027-03-20 00:00:00","electronic","exchange",1,"[PREMIUM]","2"
"EroUXgVp5pw","2026-09-11 23:59:32.446","2026-09-11 23:59:32.446","EroUXgVp5pw","18494754","[PREMIUM]","[PREMIUM]","[PREMIUM]","16","Section 16","e",2,"[]","2027-03-20 00:00:00","electronic","exchange",2,"[PREMIUM]","2"
"EroUXgVp55Z","2026-09-11 23:59:32.446","2026-09-11 23:59:32.446","EroUXgVp55Z","18494754","[PREMIUM]","[PREMIUM]","[PREMIUM]","102","Section 102","9",9,"[]","2027-03-20 00:00:00","electronic","exchange",1,"[PREMIUM]","2,3,4,5,6,7,8,9"
"GAaI60gqz3x","2026-09-11 23:59:32.446","2026-09-11 23:59:32.446","GAaI60gqz3x","18494754","[PREMIUM]","[PREMIUM]","[PREMIUM]","24","Section 24","19",8,"[]","2027-03-20 00:00:00","electronic","exchange",5,"[PREMIUM]","2,3,4,5,6,7,8"
"GAaI60gq5pg","2026-09-11 23:59:32.446","2026-09-11 23:59:32.446","GAaI60gq5pg","18494754","[PREMIUM]","[PREMIUM]","[PREMIUM]","120","Section 120","6",6,"[]","2027-03-20 00:00:00","electronic","exchange",1,"[PREMIUM]","2,3,4,5,6"
"JABI3E6Dgld","2026-09-11 23:59:32.446","2026-09-11 23:59:32.446","JABI3E6Dgld","18494754","[PREMIUM]","[PREMIUM]","[PREMIUM]","209","Section 209","12",8,"[]","2027-03-20 00:00:00","electronic","exchange",2,"[PREMIUM]","2,3,4,5,6,7,8"
"JABI3E6DgZ9","2026-09-11 23:59:32.446","2026-09-11 23:59:32.446","JABI3E6DgZ9","18494754","[PREMIUM]","[PREMIUM]","[PREMIUM]","221","Section 221","12",7,"[]","2027-03-20 00:00:00","electronic","exchange",1,"[PREMIUM]","2,3,4,5,6,7"
"JABI3E6DgDo","2026-09-11 23:59:32.446","2026-09-11 23:59:32.446","JABI3E6DgDo","18494754","[PREMIUM]","[PREMIUM]","[PREMIUM]","16","Section 16","e",2,"[]","2027-03-20 00:00:00","electronic","exchange",2,"[PREMIUM]","2"
"JABI3E6DgD8","2026-09-11 23:59:32.446","2026-09-11 23:59:32.446","JABI3E6DgD8","18494754","[PREMIUM]","[PREMIUM]","[PREMIUM]","16","Section 16","13",10,"[]","2027-03-20 00:00:00","electronic","exchange",0,"[PREMIUM]","2,3,4,5,6,7,8,9,10"
"JABI3E6Dg78","2026-09-11 23:59:32.446","2026-09-11 23:59:32.446","JABI3E6Dg78","18494754","[PREMIUM]","[PREMIUM]","[PREMIUM]","8","Section 8","16",2,"[]","2027-03-20 00:00:00","electronic","exchange",4,"[PREMIUM]","2"
"KezczqJl3Zd","2026-09-11 23:59:32.446","2026-09-11 23:59:32.446","KezczqJl3Zd","18494754","[PREMIUM]","[PREMIUM]","[PREMIUM]","225","Section 225","17",22,"[]","2027-03-20 00:00:00","electronic","exchange",2,"[PREMIUM]","2,3,4,5,6,7,8,9,10,11,12,13,14,15,16,17,18,19,20,21,22"
"KezczqJl35M","2026-09-11 23:59:32.446","2026-09-11 23:59:32.446","KezczqJl35M","18494754","[PREMIUM]","[PREMIUM]","[PREMIUM]","210","Section 210","16",20,"[]","2027-03-20 00:00:00","electronic","exchange",2,"[PREMIUM]","2,3,4,5,6,7,8,9,10,11,12,13,14,15,16,17,18,19,20"
"LbviL84BqM9","2026-09-11 23:59:32.446","2026-09-11 23:59:32.446","LbviL84BqM9","18494754","[PREMIUM]","[PREMIUM]","[PREMIUM]","8","Section 8","9",10,"[]","2027-03-20 00:00:00","electronic","exchange",5,"[PREMIUM]","2,3,4,5,6,7,8,9,10"
"MAeIP3MveaN","2026-09-11 23:59:32.446","2026-09-11 23:59:32.446","MAeIP3MveaN","18494754","[PREMIUM]","[PREMIUM]","[PREMIUM]","203","Section 203","2",6,"[]","2027-03-20 00:00:00","electronic","exchange",1,"[PREMIUM]","2,3,4,5,6"
"NrqUv68EOMq","2026-09-11 23:59:32.446","2026-09-11 23:59:32.446","NrqUv68EOMq","18494754","[PREMIUM]","[PREMIUM]","[PREMIUM]","1","Section 1","d",6,"[]","2027-03-20 00:00:00","electronic","exchange",2,"[PREMIUM]","2,3,4,5,6"
"NrqUv68E5zZ","2026-09-11 23:59:32.446","2026-09-11 23:59:32.446","NrqUv68E5zZ","18494754","[PREMIUM]","[PREMIUM]","[PREMIUM]","7","Section 7","7",2,"[]","2027-03-20 00:00:00","electronic","exchange",4,"[PREMIUM]","2"
"NrqUv68E5aE","2026-09-11 23:59:32.446","2026-09-11 23:59:32.446","NrqUv68E5aE","18494754","[PREMIUM]","[PREMIUM]","[PREMIUM]","213","Section 213","4",4,"[]","2027-03-20 00:00:00","electronic","exchange",1,"[PREMIUM]","2,4"
"NrqUv68E5Ek","2026-09-11 23:59:32.446","2026-09-11 23:59:32.446","NrqUv68E5Ek","18494754","[PREMIUM]","[PREMIUM]","[PREMIUM]","22","Section 22","9",5,"[]","2027-03-20 00:00:00","electronic","exchange",4,"[PREMIUM]","2,3,4,5"
"O7AhwK9XEgq","2026-09-11 23:59:32.446","2026-09-11 23:59:32.446","O7AhwK9XEgq","18494754","[PREMIUM]","[PREMIUM]","[PREMIUM]","209","Section 209","13",8,"[]","2027-03-20 00:00:00","electronic","exchange",2,"[PREMIUM]","2,3,4,5,6,7,8"
"O7AhwK9XE88","2026-09-11 23:59:32.446","2026-09-11 23:59:32.446","O7AhwK9XE88","18494754","[PREMIUM]","[PREMIUM]","[PREMIUM]","227","Section 227","12",4,"[]","2027-03-20 00:00:00","electronic","exchange",1,"[PREMIUM]","2,4"
"O7AhwK9X5al","2026-09-11 23:59:32.446","2026-09-11 23:59:32.446","O7AhwK9X5al","18494754","[PREMIUM]","[PREMIUM]","[PREMIUM]","107","Section 107","8",16,"[]","2027-03-20 00:00:00","electronic","exchange",4,"[PREMIUM]","2,3,4,5,6,7,8,9,10,11,12,13,14,15,16"
"PX0sgq3rZM5","2026-09-11 23:59:32.446","2026-09-13 07:11:39.770","PX0sgq3rZM5","18494754","[PREMIUM]","[PREMIUM]","[PREMIUM]","210","Section 210","14",8,"['9','10','11','12','13','14','15','16']","2026-08-13 00:00:00","electronic","exchange",0,"[PREMIUM]","1,2,3,4,5,6,8"
"PX0sgqlKNe7","2026-09-11 23:59:32.446","2026-09-11 23:59:32.446","PX0sgqlKNe7","18494754","[PREMIUM]","[PREMIUM]","[PREMIUM]","110","Section 110","8",8,"[]","2027-03-20 00:00:00","electronic","exchange",3,"[PREMIUM]","2,3,4,5,6,7,8"
"PX0sgqlKNJR","2026-09-11 23:59:32.446","2026-09-11 23:59:32.446","PX0sgqlKNJR","18494754","[PREMIUM]","[PREMIUM]","[PREMIUM]","25","Section 25","11",16,"[]","2027-03-20 00:00:00","electronic","exchange",5,"[PREMIUM]","2,3,4,5,6,7,8,9,10,11,12,13,14,15,16"
"ROXHz2G8lql","2026-09-11 23:59:32.446","2026-09-11 23:59:32.446","ROXHz2G8lql","18494754","[PREMIUM]","[PREMIUM]","[PREMIUM]","7","Section 7","7",2,"[]","2027-03-20 00:00:00","electronic","exchange",4,"[PREMIUM]","2"
"ROXHz2G8llB","2026-09-11 23:59:32.446","2026-09-11 23:59:32.446","ROXHz2G8llB","18494754","[PREMIUM]","[PREMIUM]","[PREMIUM]","29","Section 29","5",8,"[]","2027-03-20 00:00:00","electronic","exchange",0,"[PREMIUM]","2,3,4,5,6,7,8"
"ROXHz2G8VpL","2026-09-11 23:59:32.446","2026-09-11 23:59:32.446","ROXHz2G8VpL","18494754","[PREMIUM]","[PREMIUM]","[PREMIUM]","22","Section 22","14",6,"[]","2027-03-20 00:00:00","electronic","exchange",3,"[PREMIUM]","2,3,4,5,6"
"V4KU0457ANa","2026-09-11 23:59:32.446","2026-09-11 23:59:32.446","V4KU0457ANa","18494754","[PREMIUM]","[PREMIUM]","[PREMIUM]","26","Section 26","10",7,"[]","2027-03-20 00:00:00","electronic","exchange",4,"[PREMIUM]","2,3,4,5,6,7"
"V4KU04573bw","2026-09-11 23:59:32.446","2026-09-11 23:59:32.446","V4KU04573bw","18494754","[PREMIUM]","[PREMIUM]","[PREMIUM]","127","Section 127","5",9,"[]","2027-03-20 00:00:00","electronic","exchange",0,"[PREMIUM]","2,3,4,5,6,7,8,9"
"X03tKlqaR00","2026-09-11 23:59:32.446","2026-09-11 23:59:32.446","X03tKlqaR00","18494754","[PREMIUM]","[PREMIUM]","[PREMIUM]","1","Section 1","5",14,"[]","2027-03-20 00:00:00","electronic","exchange",1,"[PREMIUM]","2,3,4,5,6,7,8,9,10,11,12,13,14"
"X03tKlqaABM","2026-09-11 23:59:32.446","2026-09-11 23:59:32.446","X03tKlqaABM","18494754","[PREMIUM]","[PREMIUM]","[PREMIUM]","228","Section 228","2",4,"[]","2027-03-20 00:00:00","electronic","exchange",1,"[PREMIUM]","2,4"
"X03tKlqaA6r","2026-09-11 23:59:32.446","2026-09-11 23:59:32.446","X03tKlqaA6r","18494754","[PREMIUM]","[PREMIUM]","[PREMIUM]","212","Section 212","4",17,"[]","2027-03-20 00:00:00","electronic","exchange",1,"[PREMIUM]","2,3,4,5,6,7,8,9,10,11,12,13,14,15,16,17"
"X03tKlqaA4D","2026-09-11 23:59:32.446","2026-09-11 23:59:32.446","X03tKlqaA4D","18494754","[PREMIUM]","[PREMIUM]","[PREMIUM]","13","Section 13","3",2,"[]","2027-03-20 00:00:00","electronic","exchange",0,"[PREMIUM]","2"
"YgJtk0PORMr","2026-09-11 23:59:32.446","2026-09-11 23:59:32.446","YgJtk0PORMr","18494754","[PREMIUM]","[PREMIUM]","[PREMIUM]","1","Section 1","7",8,"[]","2027-03-20 00:00:00","electronic","exchange",0,"[PREMIUM]","2,3,4,5,6,7,8"
"YgJtk0PO9Ok","2026-09-11 23:59:32.446","2026-09-11 23:59:32.446","YgJtk0PO9Ok","18494754","[PREMIUM]","[PREMIUM]","[PREMIUM]","20","Section 20","14",5,"[]","2027-03-20 00:00:00","electronic","exchange",0,"[PREMIUM]","2,3,4,5"
"Zm9hvJRaZKL","2026-09-11 23:59:32.446","2026-09-11 23:59:32.446","Zm9hvJRaZKL","18494754","[PREMIUM]","[PREMIUM]","[PREMIUM]","28","Section 28","15",10,"[]","2027-03-20 00:00:00","electronic","exchange",0,"[PREMIUM]","2,3,4,5,6,7,8,9,10"
"Zm9hvJRaZBp","2026-09-11 23:59:32.446","2026-09-11 23:59:32.446","Zm9hvJRaZBp","18494754","[PREMIUM]","[PREMIUM]","[PREMIUM]","107","Section 107","9",8,"[]","2027-03-20 00:00:00","electronic","exchange",4,"[PREMIUM]","1,2,3,4,5,6,8"
"Zm9hvJRamA3","2026-09-11 23:59:32.446","2026-09-11 23:59:32.446","Zm9hvJRamA3","18494754","[PREMIUM]","[PREMIUM]","[PREMIUM]","215","Section 215","1",16,"[]","2027-03-20 00:00:00","electronic","exchange",1,"[PREMIUM]","2,3,4,5,6,7,8,9,10,11,12,13,14,15,16"
"Zm9hvJRamB9","2026-09-11 23:59:32.446","2026-09-11 23:59:32.446","Zm9hvJRamB9","18494754","[PREMIUM]","[PREMIUM]","[PREMIUM]","12","Section 12","17",15,"[]","2027-03-20 00:00:00","electronic","exchange",0,"[PREMIUM]","2,3,4,5,6,7,8,9,10,11,12,13,14,15"
"Zm9hvJRamaA","2026-09-11 23:59:32.446","2026-09-11 23:59:32.446","Zm9hvJRamaA","18494754","[PREMIUM]","[PREMIUM]","[PREMIUM]","22","Section 22","6",4,"[]","2027-03-20 00:00:00","electronic","exchange",5,"[PREMIUM]","2,4"
"agktlMabGk2","2026-09-11 23:59:32.446","2026-09-11 23:59:32.446","agktlMabGk2","18494754","[PREMIUM]","[PREMIUM]","[PREMIUM]","202","Section 202","6",11,"[]","2027-03-20 00:00:00","electronic","exchange",1,"[PREMIUM]","2,3,4,5,6,7,8,9,10,11"
"agktlMabGRe","2026-09-11 23:59:32.446","2026-09-11 23:59:32.446","agktlMabGRe","18494754","[PREMIUM]","[PREMIUM]","[PREMIUM]","8","Section 8","14",6,"[]","2027-03-20 00:00:00","electronic","exchange",5,"[PREMIUM]","2,3,4,5,6"
"agktlMabGG4","2026-09-11 23:59:32.446","2026-09-11 23:59:32.446","agktlMabGG4","18494754","[PREMIUM]","[PREMIUM]","[PREMIUM]","120","Section 120","6",8,"[]","2027-03-20 00:00:00","electronic","exchange",1,"[PREMIUM]","2,3,4,5,6,7,8"
"b4wUaoP83me","2026-09-11 23:59:32.446","2026-09-11 23:59:32.446","b4wUaoP83me","18494754","[PREMIUM]","[PREMIUM]","[PREMIUM]","13","Section 13","3",2,"[]","2027-03-20 00:00:00","electronic","exchange",0,"[PREMIUM]","2"
"b4wUaoP833P","2026-09-11 23:59:32.446","2026-09-11 23:59:32.446","b4wUaoP833P","18494754","[PREMIUM]","[PREMIUM]","[PREMIUM]","29","Section 29","8",7,"[]","2027-03-20 00:00:00","electronic","exchange",1,"[PREMIUM]","2,3,4,5,6,7"
"b4wUaoP82m5","2026-09-11 23:59:32.446","2026-09-11 23:59:32.446","b4wUaoP82m5","18494754","[PREMIUM]","[PREMIUM]","[PREMIUM]","109","Section 109","6",10,"[]","2027-03-20 00:00:00","electronic","exchange",3,"[PREMIUM]","2,3,4,5,6,7,8,9,10"
"dNgUgpd02Ob","2026-09-11 23:59:32.446","2026-09-11 23:59:32.446","dNgUgpd02Ob","18494754","[PREMIUM]","[PREMIUM]","[PREMIUM]","110","Section 110","7",8,"[]","2027-03-20 00:00:00","electronic","exchange",3,"[PREMIUM]","2,3,4,5,6,7,8"
"dNgUgpd02XY","2026-09-11 23:59:32.446","2026-09-11 23:59:32.446","dNgUgpd02XY","18494754","[PREMIUM]","[PREMIUM]","[PREMIUM]","22","Section 22","15",6,"[]","2027-03-20 00:00:00","electronic","exchange",4,"[PREMIUM]","2,3,4,5,6"
"eeacK84eLaj","2026-09-11 23:59:32.446","2026-09-11 23:59:32.446","eeacK84eLaj","18494754","[PREMIUM]","[PREMIUM]","[PREMIUM]","26","Section 26","17",8,"[]","2027-03-20 00:00:00","electronic","exchange",3,"[PREMIUM]","2,3,4,5,6,7,8"
"eeacK84el7o","2026-09-11 23:59:32.446","2026-09-11 23:59:32.446","eeacK84el7o","18494754","[PREMIUM]","[PREMIUM]","[PREMIUM]","129","Section 129","8",6,"[]","2027-03-20 00:00:00","electronic","exchange",1,"[PREMIUM]","2,3,4,5,6"
"g48Ur6ERxak","2026-09-11 23:59:32.446","2026-09-11 23:59:32.446","g48Ur6ERxak","18494754","[PREMIUM]","[PREMIUM]","[PREMIUM]","206","Section 206","3",8,"[]","2027-03-20 00:00:00","electronic","exchange",2,"[PREMIUM]","2,3,4,5,6,7,8"
"jDvszkmZvww","2026-09-11 23:59:32.446","2026-09-11 23:59:32.446","jDvszkmZvww","18494754","[PREMIUM]","[PREMIUM]","[PREMIUM]","1","Section 1","7",2,"[]","2027-03-20 00:00:00","electronic","exchange",0,"[PREMIUM]","2"
"kYet9mY0k0A","2026-09-11 23:59:32.446","2026-09-11 23:59:32.446","kYet9mY0k0A","18494754","[PREMIUM]","[PREMIUM]","[PREMIUM]","19","Section 19","17",10,"[]","2027-03-20 00:00:00","electronic","exchange",1,"[PREMIUM]","2,3,4,5,6,7,8,9,10"
"kYet9mY0kxj","2026-09-11 23:59:32.446","2026-09-11 23:59:32.446","kYet9mY0kxj","18494754","[PREMIUM]","[PREMIUM]","[PREMIUM]","206","Section 206","3",6,"[]","2027-03-20 00:00:00","electronic","exchange",2,"[PREMIUM]","2,3,4,5,6"
"kYet9mYMVXG","2026-09-11 23:59:32.446","2026-09-22 01:15:36.642","kYet9mYMVXG","18494754","[PREMIUM]","[PREMIUM]","[PREMIUM]","223","Section 223","5",2,"[]","2027-03-20 00:00:00","electronic","exchange",1,"[PREMIUM]","1,2"
"lxVsdRJl6aR","2026-09-11 23:59:32.446","2026-09-11 23:59:32.446","lxVsdRJl6aR","18494754","[PREMIUM]","[PREMIUM]","[PREMIUM]","206","Section 206","6",20,"[]","2027-03-20 00:00:00","electronic","exchange",2,"[PREMIUM]","2,3,4,5,6,7,8,9,10,11,12,13,14,15,16,17,18,19,20"
"lxVsdRJl66j","2026-09-11 23:59:32.446","2026-09-11 23:59:32.446","lxVsdRJl66j","18494754","[PREMIUM]","[PREMIUM]","[PREMIUM]","29","Section 29","19",6,"[]","2027-03-20 00:00:00","electronic","exchange",1,"[PREMIUM]","2,3,4,5,6"
"lxVsdRJl6DV","2026-09-11 23:59:32.446","2026-09-11 23:59:32.446","lxVsdRJl6DV","18494754","[PREMIUM]","[PREMIUM]","[PREMIUM]","220","Section 220","13",5,"[]","2027-03-20 00:00:00","electronic","exchange",1,"[PREMIUM]","2,3,4,5"
"mxAs4xw3jJv","2026-09-11 23:59:32.446","2026-09-11 23:59:32.446","mxAs4xw3jJv","18494754","[PREMIUM]","[PREMIUM]","[PREMIUM]","111","Section 111","9",11,"[]","2027-03-20 00:00:00","electronic","exchange",1,"[PREMIUM]","2,3,4,5,6,7,8,9,10,11"
"mxAs4xw3jmN","2026-09-11 23:59:32.446","2026-09-11 23:59:32.446","mxAs4xw3jmN","18494754","[PREMIUM]","[PREMIUM]","[PREMIUM]","24","Section 24","14",6,"[]","2027-03-20 00:00:00","electronic","exchange",5,"[PREMIUM]","2,3,4,5,6"
"mxAs4xw3zzk","2026-09-11 23:59:32.446","2026-09-11 23:59:32.446","mxAs4xw3zzk","18494754","[PREMIUM]","[PREMIUM]","[PREMIUM]","29","Section 29","16",6,"[]","2027-03-20 00:00:00","electronic","exchange",1,"[PREMIUM]","2,3,4,5,6"
"nx0srKDO0RK","2026-09-11 23:59:32.446","2026-09-11 23:59:32.446","nx0srKDO0RK","18494754","[PREMIUM]","[PREMIUM]","[PREMIUM]","13","Section 13","2",10,"[]","2027-03-20 00:00:00","electronic","exchange",2,"[PREMIUM]","2,3,4,5,6,7,8,9,10"
"nx0srKDO0G4","2026-09-11 23:59:32.446","2026-09-11 23:59:32.446","nx0srKDO0G4","18494754","[PREMIUM]","[PREMIUM]","[PREMIUM]","212","Section 212","1",10,"[]","2027-03-20 00:00:00","electronic","exchange",1,"[PREMIUM]","2,3,4,5,6,7,8,9,10"
"nx0srKDO0Ag","2026-09-11 23:59:32.446","2026-09-11 23:59:32.446","nx0srKDO0Ag","18494754","[PREMIUM]","[PREMIUM]","[PREMIUM]","225","Section 225","11",17,"[]","2027-03-20 00:00:00","electronic","exchange",2,"[PREMIUM]","2,3,4,5,6,7,8,9,10,11,12,13,14,15,16,17"
"oV7Hb6rMnZG","2026-09-11 23:59:32.446","2026-09-11 23:59:32.446","oV7Hb6rMnZG","18494754","[PREMIUM]","[PREMIUM]","[PREMIUM]","206","Section 206","2",7,"[]","2027-03-20 00:00:00","electronic","exchange",2,"[PREMIUM]","2,3,4,5,6,7"
"pVXHD79dkew","2026-09-11 23:59:32.446","2026-09-11 23:59:32.446","pVXHD79dkew","18494754","[PREMIUM]","[PREMIUM]","[PREMIUM]","1","Section 1","18",10,"[]","2027-03-20 00:00:00","electronic","exchange",1,"[PREMIUM]","2,3,4,5,6,7,8,9,10"
"pVXHD79dKzY","2026-09-11 23:59:32.446","2026-09-11 23:59:32.446","pVXHD79dKzY","18494754","[PREMIUM]","[PREMIUM]","[PREMIUM]","228","Section 228","3",16,"[]","2027-03-20 00:00:00","electronic","exchange",1,"[PREMIUM]","1,2,3,4,5,6,7,8,9,10,11,12,13,14,16"
"pVXHD79dK6k","2026-09-11 23:59:32.446","2026-09-11 23:59:32.446","pVXHD79dK6k","18494754","[PREMIUM]","[PREMIUM]","[PREMIUM]","220","Section 220","1",13,"[]","2027-03-20 00:00:00","electronic","exchange",1,"[PREMIUM]","2,3,4,5,6,7,8,9,10,11,12,13"
"qVjH2m0qZwL","2026-09-11 23:59:32.446","2026-09-11 23:59:32.446","qVjH2m0qZwL","18494754","[PREMIUM]","[PREMIUM]","[PREMIUM]","212","Section 212","1",2,"[]","2027-03-20 00:00:00","electronic","exchange",1,"[PREMIUM]","2"
"qVjH2m0qZLa","2026-09-11 23:59:32.446","2026-09-11 23:59:32.446","qVjH2m0qZLa","18494754","[PREMIUM]","[PREMIUM]","[PREMIUM]","9","Section 9","14",4,"[]","2027-03-20 00:00:00","electronic","exchange",5,"[PREMIUM]","2,4"
"qVjH2m0qZAP","2026-09-11 23:59:32.446","2026-09-11 23:59:32.446","qVjH2m0qZAP","18494754","[PREMIUM]","[PREMIUM]","[PREMIUM]","228","Section 228","2",4,"[]","2027-03-20 00:00:00","electronic","exchange",1,"[PREMIUM]","2,4"
"qVjH2m0qGol","2026-09-11 23:59:32.446","2026-09-11 23:59:32.446","qVjH2m0qGol","18494754","[PREMIUM]","[PREMIUM]","[PREMIUM]","7","Section 7","6",4,"[]","2027-03-20 00:00:00","electronic","exchange",5,"[PREMIUM]","2,4"
"rVOHkpmDzDv","2026-09-11 23:59:32.446","2026-09-11 23:59:32.446","rVOHkpmDzDv","18494754","[PREMIUM]","[PREMIUM]","[PREMIUM]","16","Section 16","15",10,"[]","2027-03-20 00:00:00","electronic","exchange",0,"[PREMIUM]","2,3,4,5,6,7,8,9,10"
"rVOHkpmDze9","2026-09-11 23:59:32.446","2026-09-11 23:59:32.446","rVOHkpmDze9","18494754","[PREMIUM]","[PREMIUM]","[PREMIUM]","207","Section 207","1",20,"[]","2027-03-20 00:00:00","electronic","exchange",3,"[PREMIUM]","2,3,4,5,6,7,8,9,10,11,12,13,14,15,16,17,18,19,20"
"rVOHkpmDzz7","2026-09-11 23:59:32.446","2026-09-11 23:59:32.446","rVOHkpmDzz7","18494754","[PREMIUM]","[PREMIUM]","[PREMIUM]","105","Section 105","6",7,"[]","2027-03-20 00:00:00","electronic","exchange",0,"[PREMIUM]","2,3,4,5,6,7"
"vb3iPw6akz0","2026-09-11 23:59:32.446","2026-09-11 23:59:32.446","vb3iPw6akz0","18494754","[PREMIUM]","[PREMIUM]","[PREMIUM]","7","Section 7","20",4,"[]","2027-03-20 00:00:00","electronic","exchange",5,"[PREMIUM]","2,4"
"w3Jse8Z3Ggz","2026-09-11 23:59:32.446","2026-09-11 23:59:32.446","w3Jse8Z3Ggz","18494754","[PREMIUM]","[PREMIUM]","[PREMIUM]","8","Section 8","12",4,"[]","2027-03-20 00:00:00","electronic","exchange",5,"[PREMIUM]","2,4"
"w3Jse8Z3GY0","2026-09-11 23:59:32.446","2026-09-11 23:59:32.446","w3Jse8Z3GY0","18494754","[PREMIUM]","[PREMIUM]","[PREMIUM]","213","Section 213","3",20,"[]","2027-03-20 00:00:00","electronic","exchange",1,"[PREMIUM]","2,3,4,5,6,7,8,9,10,11,12,13,14,15,16,17,18,19,20"
"w3Jse8Z3GG8","2026-09-11 23:59:32.446","2026-09-11 23:59:32.446","w3Jse8Z3GG8","18494754","[PREMIUM]","[PREMIUM]","[PREMIUM]","29","Section 29","18",6,"[]","2027-03-20 00:00:00","electronic","exchange",1,"[PREMIUM]","2,3,4,5,6"
"xb9imlqY4nV","2026-09-11 23:59:32.446","2026-09-11 23:59:32.446","xb9imlqY4nV","18494754","[PREMIUM]","[PREMIUM]","[PREMIUM]","3","Section 3","16",11,"[]","2027-03-20 00:00:00","electronic","exchange",1,"[PREMIUM]","2,3,4,5,6,7,8,9,10,11"
"xb9imlqY4jX","2026-09-11 23:59:32.446","2026-09-11 23:59:32.446","xb9imlqY4jX","18494754","[PREMIUM]","[PREMIUM]","[PREMIUM]","120","Section 120","4",8,"[]","2027-03-20 00:00:00","electronic","exchange",1,"[PREMIUM]","2,3,4,5,6,7,8"
"xb9imlqYeo3","2026-09-11 23:59:32.446","2026-09-11 23:59:32.446","xb9imlqYeo3","18494754","[PREMIUM]","[PREMIUM]","[PREMIUM]","220","Section 220","3",9,"[]","2027-03-20 00:00:00","electronic","exchange",1,"[PREMIUM]","2,3,4,5,6,7,8,9"
"z3Es6vknLo3","2026-09-11 23:59:32.446","2026-09-11 23:59:32.446","z3Es6vknLo3","18494754","[PREMIUM]","[PREMIUM]","[PREMIUM]","202","Section 202","6",2,"[]","2027-03-20 00:00:00","electronic","exchange",1,"[PREMIUM]","2"
"z3Es6vknLnz","2026-09-11 23:59:32.446","2026-09-11 23:59:32.446","z3Es6vknLnz","18494754","[PREMIUM]","[PREMIUM]","[PREMIUM]","16","Section 16","9",9,"[]","2027-03-20 00:00:00","electronic","exchange",0,"[PREMIUM]","2,3,4,5,6,7,8,9"
"05VT8lJq9al","2026-09-11 23:59:28.730","2026-09-22 01:15:40.554","05VT8lJq9al","18495350","[PREMIUM]","[PREMIUM]","[PREMIUM]","LOGE18","Section Loge 18","g",2,"[]","2027-03-20 00:00:00","electronic","exchange",1,"[PREMIUM]","1,2"
"2v0czqArnpz","2026-09-11 23:59:28.730","2026-09-24 01:08:24.417","2v0czqArnpz","18495350","[PREMIUM]","[PREMIUM]","[PREMIUM]","BAL321","Balcony 321","5",2,"[]","2027-03-19 00:00:00","electronic","exchange",2,"[PREMIUM]","2"
"3q7fNLl8POP","2026-09-11 23:59:28.730","2026-09-22 01:15:40.554","3q7fNLl8POP","18495350","[PREMIUM]","[PREMIUM]","[PREMIUM]","LOGE6","Section Loge 6","18",2,"[]","2027-03-20 00:00:00","electronic","exchange",1,"[PREMIUM]","1,2"
"4vXcjRvpBE7","2026-09-11 23:59:28.730","2026-09-24 01:08:24.417","4vXcjRvpBE7","18495350","[PREMIUM]","[PREMIUM]","[PREMIUM]","CLB113","Club 113","f",4,"['13','14','15','16']","2026-10-09 00:00:00","electronic","exchange",1,"[PREMIUM]","4"
"8lKt6a4Yn3K","2026-09-11 23:59:28.730","2026-09-24 01:08:24.417","8lKt6a4Yn3K","18495350","[PREMIUM]","[PREMIUM]","[PREMIUM]","LOGE2","Section Loge 2","16",7,"['5','6','7','8','9','10','11']","2027-03-17 00:00:00","electronic","exchange",2,"[PREMIUM]","1,2,3,4,5,6,7"
"9P2c5MNkV5x","2026-09-11 23:59:28.730","2026-09-24 01:08:24.417","9P2c5MNkV5x","18495350","[PREMIUM]","[PREMIUM]","[PREMIUM]","BAL318","Balcony 318","15",2,"[]","2027-03-19 00:00:00","electronic","exchange",1,"[PREMIUM]","2"
"9P2c5MeVP95","2026-09-11 23:59:28.730","2026-09-22 01:15:40.554","9P2c5MeVP95","18495350","[PREMIUM]","[PREMIUM]","[PREMIUM]","BAL322","Balcony 322","10",6,"[]","2027-03-20 00:00:00","electronic","exchange",2,"[PREMIUM]","1,2,3,4,5,6"
"A6rs2Kbv9rx","2026-09-11 23:59:28.730","2026-09-18 01:34:13.662","A6rs2Kbv9rx","18495350","[PREMIUM]","[PREMIUM]","[PREMIUM]","LOGE7","Section Loge 7","12",2,"[]","2027-03-19 00:00:00","electronic","exchange",1,"[PREMIUM]","2"
"GAaI60EYkdd","2026-09-11 23:59:28.730","2026-09-13 07:10:30.649","GAaI60EYkdd","18495350","[PREMIUM]","[PREMIUM]","[PREMIUM]","LOGE11","Section Loge 11","17",2,"[]","2027-03-19 00:00:00","electronic","exchange",2,"[PREMIUM]","2"
"KezczqBgY8D","2026-09-11 23:59:28.730","2026-09-24 01:08:24.417","KezczqBgY8D","18495350","[PREMIUM]","[PREMIUM]","[PREMIUM]","303","Balcony 303","11",5,"['15','16','17','18','19']","2027-03-20 00:00:00","electronic","exchange",0,"[PREMIUM]","1,2,3,5"
"LbviL8PZjza","2026-09-11 23:59:28.730","2026-09-24 01:08:24.417","LbviL8PZjza","18495350","[PREMIUM]","[PREMIUM]","[PREMIUM]","CLB141","Club 141","f",2,"['1','2']","2026-10-09 00:00:00","electronic","exchange",2,"[PREMIUM]","2"
"LbviL8Pzm2r","2026-09-11 23:59:28.730","2026-09-24 01:08:24.417","LbviL8Pzm2r","18495350","[PREMIUM]","[PREMIUM]","[PREMIUM]","BAL318","Balcony 318","15",2,"['3','4']","2027-03-18 00:00:00","electronic","exchange",2,"[PREMIUM]","2"
"NrqUv6eYLKX","2026-09-11 23:59:28.730","2026-09-24 01:08:24.417","NrqUv6eYLKX","18495350","[PREMIUM]","[PREMIUM]","[PREMIUM]","LOGE11","Section Loge 11","1",2,"[]","2027-03-19 00:00:00","electronic","exchange",0,"[PREMIUM]","2"
"PX0sgqMX7b9","2026-09-11 23:59:28.730","2026-09-13 07:10:30.649","PX0sgqMX7b9","18495350","[PREMIUM]","[PREMIUM]","[PREMIUM]","LOGE17","Section Loge 17","19",2,"[]","2027-03-19 00:00:00","electronic","exchange",0,"[PREMIUM]","2"
"ROXHz2aK8ww","2026-09-11 23:59:28.730","2026-09-24 01:08:24.417","ROXHz2aK8ww","18495350","[PREMIUM]","[PREMIUM]","[PREMIUM]","BAL328","Balcony 328","15",4,"[]","2027-03-19 00:00:00","electronic","exchange",1,"[PREMIUM]","2,4"
"YgJtk07nnYR","2026-09-11 23:59:28.730","2026-09-24 01:08:24.417","YgJtk07nnYR","18495350","[PREMIUM]","[PREMIUM]","[PREMIUM]","VIP2","VIP 2","b",2,"['7','8']","2027-03-18 00:00:00","electronic","exchange",2,"[PREMIUM]","2"
"YgJtk075Np7","2026-09-11 23:59:28.730","2026-09-24 01:08:24.417","YgJtk075Np7","18495350","[PREMIUM]","[PREMIUM]","[PREMIUM]","LOGE21","Section Loge 21","13",2,"['13','14']","2026-10-09 00:00:00","electronic","exchange",2,"[PREMIUM]","2"
"b4wUao7YED5","2026-09-11 23:59:28.730","2026-09-24 01:08:24.417","b4wUao7YED5","18495350","[PREMIUM]","[PREMIUM]","[PREMIUM]","LOGE18","Section Loge 18","b",2,"[]","2027-03-19 00:00:00","electronic","exchange",1,"[PREMIUM]","2"
"b4wUaoPj9vq","2026-09-11 23:59:28.730","2026-09-22 01:15:40.554","b4wUaoPj9vq","18495350","[PREMIUM]","[PREMIUM]","[PREMIUM]","LOGE5","Section Loge 5","26",4,"[]","2027-03-20 00:00:00","electronic","exchange",1,"[PREMIUM]","1,2,3,4"
"dNgUgpqY4B4","2026-09-11 23:59:28.730","2026-09-22 23:30:29.266","dNgUgpqY4B4","18495350","[PREMIUM]","[PREMIUM]","[PREMIUM]","LOGE21","Section Loge 21","17",2,"[]","2027-03-19 00:00:00","electronic","exchange",2,"[PREMIUM]","2"
"eeacK8Eb6OM","2026-09-11 23:59:28.730","2026-09-24 01:08:24.417","eeacK8Eb6OM","18495350","[PREMIUM]","[PREMIUM]","[PREMIUM]","CLB113","Club 113","f",2,"['1','2']","2026-10-09 00:00:00","electronic","exchange",1,"[PREMIUM]","2"
"eeacK84lR5j","2026-09-11 23:59:28.730","2026-09-24 01:08:24.417","eeacK84lR5j","18495350","[PREMIUM]","[PREMIUM]","[PREMIUM]","BAL327","Balcony 327","11",2,"[]","2027-03-19 00:00:00","electronic","exchange",3,"[PREMIUM]","2"
"jDvszkNoNOr","2026-09-11 23:59:28.730","2026-09-24 01:08:24.417","jDvszkNoNOr","18495350","[PREMIUM]","[PREMIUM]","[PREMIUM]","BAL327","Balcony 327","11",2,"[]","2027-03-19 00:00:00","electronic","exchange",3,"[PREMIUM]","2"
"jDvszkmKqbe","2026-09-11 23:59:28.730","2026-09-22 01:15:40.554","jDvszkmKqbe","18495350","[PREMIUM]","[PREMIUM]","[PREMIUM]","LOGE10","Section Loge 10","7",2,"[]","2027-03-20 00:00:00","electronic","exchange",2,"[PREMIUM]","2"
"kYet9m73g6v","2026-09-11 23:59:28.730","2026-09-24 01:08:24.417","kYet9m73g6v","18495350","[PREMIUM]","[PREMIUM]","[PREMIUM]","BAL316","Balcony 316","6",2,"[]","2027-03-19 00:00:00","electronic","exchange",1,"[PREMIUM]","2"
"kYet9mXzd3r","2026-09-11 23:59:28.730","2026-09-24 01:08:24.417","kYet9mXzd3r","18495350","[PREMIUM]","[PREMIUM]","[PREMIUM]","LOGE13","Section Loge 13","1",2,"['1','2']","2026-10-09 00:00:00","electronic","exchange",1,"[PREMIUM]","2"
"lxVsdRrN9Vd","2026-09-11 23:59:28.730","2026-09-24 01:08:24.417","lxVsdRrN9Vd","18495350","[PREMIUM]","[PREMIUM]","[PREMIUM]","BAL328","Balcony 328","15",4,"['1','2','3','4']","2027-03-18 00:00:00","electronic","exchange",1,"[PREMIUM]","2,4"
"mxAs4xMRlv4","2026-09-11 23:59:28.730","2026-09-24 01:08:24.417","mxAs4xMRlv4","18495350","[PREMIUM]","[PREMIUM]","[PREMIUM]","LOGE6","Section Loge 6","17",4,"['15','16','17','18']","2027-03-20 00:00:00","electronic","exchange",1,"[PREMIUM]","2,4"
"mxAs4xkDp6X","2026-09-11 23:59:28.730","2026-09-24 01:08:24.417","mxAs4xkDp6X","18495350","[PREMIUM]","[PREMIUM]","[PREMIUM]","CLB109","Club 109","e",2,"['1','2']","2026-10-09 00:00:00","electronic","exchange",1,"[PREMIUM]","2"
"nx0srKXAjmr","2026-09-11 23:59:28.730","2026-09-24 01:08:24.417","nx0srKXAjmr","18495350","[PREMIUM]","[PREMIUM]","[PREMIUM]","LOGE12","Section Loge 12","15",4,"['11','12','13','14']","2026-10-09 00:00:00","electronic","exchange",2,"[PREMIUM]","2,4"
"oV7Hb6rYjlw","2026-09-11 23:59:28.730","2026-09-22 01:15:40.554","oV7Hb6rYjlw","18495350","[PREMIUM]","[PREMIUM]","[PREMIUM]","LOGE13","Section Loge 13","1",2,"[]","2027-03-20 00:00:00","electronic","exchange",1,"[PREMIUM]","1,2"
"pVXHD79nOZZ","2026-09-11 23:59:28.730","2026-09-22 01:15:40.554","pVXHD79nOZZ","18495350","[PREMIUM]","[PREMIUM]","[PREMIUM]","LOGE12","Section Loge 12","12",2,"[]","2027-03-20 00:00:00","electronic","exchange",2,"[PREMIUM]","1,2"
"vb3iPwxZX4D","2026-09-11 23:59:28.730","2026-09-24 01:08:24.417","vb3iPwxZX4D","18495350","[PREMIUM]","[PREMIUM]","[PREMIUM]","BAL303","Balcony 303","1",2,"[]","2027-03-19 00:00:00","electronic","exchange",2,"[PREMIUM]","2"
"w3Jse87vRa3","2026-09-11 23:59:28.730","2026-09-20 00:03:36.460","w3Jse87vRa3","18495350","[PREMIUM]","[PREMIUM]","[PREMIUM]","LOGE13","Section Loge 13","13",2,"[]","2027-03-19 00:00:00","electronic","exchange",4,"[PREMIUM]","2"
"w3Jse8PODKB","2026-09-11 23:59:28.730","2026-09-24 01:08:24.417","w3Jse8PODKB","18495350","[PREMIUM]","[PREMIUM]","[PREMIUM]","CLB107","Club 107","j",4,"['9','10','11','12']","2027-03-19 00:00:00","electronic","exchange",2,"[PREMIUM]","2,4"
"xb9iml5Pkar","2026-09-11 23:59:28.730","2026-09-24 01:08:24.417","xb9iml5Pkar","18495350","[PREMIUM]","[PREMIUM]","[PREMIUM]","BAL328","Balcony 328","15",4,"[]","2027-03-19 00:00:00","electronic","exchange",1,"[PREMIUM]","4"
"xb9imldg0vJ","2026-09-11 23:59:28.730","2026-09-24 01:08:24.417","xb9imldg0vJ","18495350","[PREMIUM]","[PREMIUM]","[PREMIUM]","LOGE1","Section Loge 1","4",2,"[]","2027-03-19 00:00:00","electronic","exchange",1,"[PREMIUM]","2"
"kYet9m76Dx5","2026-09-11 23:59:25.644","2026-09-24 01:11:56.329","kYet9m76Dx5","18259523","[PREMIUM]","[PREMIUM]","[PREMIUM]","2","Section 2","10",4,"['7','8','9','10']","2027-03-20 00:00:00","electronic","exchange",5,"[PREMIUM]","2,4"
"05VT8lnYzmN","2026-09-11 23:59:22.634","2026-09-24 01:07:14.392","05VT8lnYzmN","18495422","[PREMIUM]","[PREMIUM]","[PREMIUM]","229","Section 229","5",1,"[]","2027-03-19 00:00:00","electronic","exchange",0,"[PREMIUM]","1"
"05VT8lnYzEA","2026-09-11 23:59:22.634","2026-09-24 01:07:14.392","05VT8lnYzEA","18495422","[PREMIUM]","[PREMIUM]","[PREMIUM]","120","Section 120","12",6,"[]","2027-03-19 00:00:00","electronic","exchange",0,"[PREMIUM]","2,4,6"
"05VT8lnYz35","2026-09-11 23:59:22.634","2026-09-24 01:07:14.392","05VT8lnYz35","18495422","[PREMIUM]","[PREMIUM]","[PREMIUM]","108","Section 108","25",4,"[]","2027-03-19 00:00:00","electronic","exchange",0,"[PREMIUM]","2,4"
"05VT8lnKAkm","2026-09-11 23:59:22.634","2026-09-24 01:07:14.392","05VT8lnKAkm","18495422","[PREMIUM]","[PREMIUM]","[PREMIUM]","117","Section 117","8",6,"[]","2027-03-20 00:00:00","electronic","exchange",2,"[PREMIUM]","1,2,3,4,5,6"
"05VT8lrOdd7","2026-09-11 23:59:22.634","2026-09-24 01:07:14.392","05VT8lrOdd7","18495422","[PREMIUM]","[PREMIUM]","[PREMIUM]","108","Section 108","25",4,"[]","2026-10-08 00:00:00","electronic","exchange",0,"[PREMIUM]","2,4"
"2v0czqJMV9L","2026-09-11 23:59:22.634","2026-09-24 01:07:14.392","2v0czqJMV9L","18495422","[PREMIUM]","[PREMIUM]","[PREMIUM]","216","Section 216","13",4,"[]","2027-03-19 00:00:00","electronic","exchange",0,"[PREMIUM]","2,4"
"2v0czqJD0jk","2026-09-11 23:59:22.634","2026-09-22 01:15:32.675","2v0czqJD0jk","18495422","[PREMIUM]","[PREMIUM]","[PREMIUM]","108","Section 108","28",8,"[]","2027-03-19 00:00:00","electronic","exchange",4,"[PREMIUM]","1,2,3,4,5,6,7,8"
"2v0czqJ3BoN","2026-09-11 23:59:22.634","2026-09-24 01:07:14.392","2v0czqJ3BoN","18495422","[PREMIUM]","[PREMIUM]","[PREMIUM]","114","Section 114","23",6,"[]","2027-03-20 00:00:00","electronic","exchange",1,"[PREMIUM]","1,2,3,4,5,6"
"2v0czqJMVxz","2026-09-11 23:59:22.634","2026-09-24 01:07:14.392","2v0czqJMVxz","18495422","[PREMIUM]","[PREMIUM]","[PREMIUM]","107","Section 107","27",2,"[]","2027-03-19 00:00:00","electronic","exchange",0,"[PREMIUM]","2"
"2v0czqJMVx0","2026-09-11 23:59:22.634","2026-09-24 01:07:14.392","2v0czqJMVx0","18495422","[PREMIUM]","[PREMIUM]","[PREMIUM]","224","Section 224","14",1,"[]","2027-03-19 00:00:00","electronic","exchange",0,"[PREMIUM]","1"
"2v0czqJMVkz","2026-09-11 23:59:22.634","2026-09-24 01:07:14.392","2v0czqJMVkz","18495422","[PREMIUM]","[PREMIUM]","[PREMIUM]","114","Section 114","28",11,"[]","2027-03-19 00:00:00","electronic","exchange",4,"[PREMIUM]","1,2,3,4,5,6,7,8,9,11"
"2v0czqJMVL0","2026-09-11 23:59:22.634","2026-09-24 01:07:14.392","2v0czqJMVL0","18495422","[PREMIUM]","[PREMIUM]","[PREMIUM]","226","Section 226","7",8,"[]","2027-03-19 00:00:00","electronic","exchange",3,"[PREMIUM]","1,2,3,4,5,6,8"
"2v0czqbEnej","2026-09-11 23:59:22.634","2026-09-24 01:07:14.392","2v0czqbEnej","18495422","[PREMIUM]","[PREMIUM]","[PREMIUM]","103","Section 103","25",7,"[]","2027-03-20 00:00:00","electronic","exchange",2,"[PREMIUM]","2,3,4,5,6,7"
"2v0czqbEn93","2026-09-11 23:59:22.634","2026-09-24 01:07:14.392","2v0czqbEn93","18495422","[PREMIUM]","[PREMIUM]","[PREMIUM]","205","Section 205","10",9,"[]","2027-03-20 00:00:00","electronic","exchange",0,"[PREMIUM]","2,3,4,5,6,7,8,9"
"3q7fNL9K0w9","2026-09-11 23:59:22.634","2026-09-18 01:34:58.638","3q7fNL9K0w9","18495422","[PREMIUM]","[PREMIUM]","[PREMIUM]","116","Section 116","13",2,"[]","2027-03-19 00:00:00","electronic","exchange",1,"[PREMIUM]","2"
"3q7fNL9K0nG","2026-09-11 23:59:22.634","2026-09-18 01:34:58.638","3q7fNL9K0nG","18495422","[PREMIUM]","[PREMIUM]","[PREMIUM]","115","Section 115","17",4,"[]","2027-03-19 00:00:00","electronic","exchange",1,"[PREMIUM]","2,4"
"3q7fNL9dKNr","2026-09-11 23:59:22.634","2026-09-24 01:07:14.392","3q7fNL9dKNr","18495422","[PREMIUM]","[PREMIUM]","[PREMIUM]","223","Section 223","8",4,"[]","2027-03-19 00:00:00","electronic","exchange",2,"[PREMIUM]","1,2,3,4"
"3q7fNL9aAze","2026-09-11 23:59:22.634","2026-09-24 01:07:14.392","3q7fNL9aAze","18495422","[PREMIUM]","[PREMIUM]","[PREMIUM]","106","Section 106","18",5,"[]","2027-03-19 00:00:00","electronic","exchange",2,"[PREMIUM]","1,2,3,5"
"3q7fNL9aArp","2026-09-11 23:59:22.634","2026-09-24 01:07:14.392","3q7fNL9aArp","18495422","[PREMIUM]","[PREMIUM]","[PREMIUM]","203","Section 203","11",3,"[]","2027-03-19 00:00:00","electronic","exchange",1,"[PREMIUM]","3"
"3q7fNL9aAre","2026-09-11 23:59:22.634","2026-09-24 01:07:14.392","3q7fNL9aAre","18495422","[PREMIUM]","[PREMIUM]","[PREMIUM]","215","Section 215","2",3,"[]","2027-03-19 00:00:00","electronic","exchange",2,"[PREMIUM]","3"
"3q7fNLlPK2L","2026-09-11 23:59:22.634","2026-09-21 00:37:20.576","3q7fNLlPK2L","18495422","[PREMIUM]","[PREMIUM]","[PREMIUM]","113","Section 113","18",12,"[]","2027-03-20 00:00:00","electronic","exchange",1,"[PREMIUM]","2,3,4,5,6,7,8,9,10,11,12"
"3q7fNLlPK2m","2026-09-11 23:59:22.634","2026-09-24 01:07:14.392","3q7fNLlPK2m","18495422","[PREMIUM]","[PREMIUM]","[PREMIUM]","103","Section 103","19",4,"[]","2027-03-20 00:00:00","electronic","exchange",2,"[PREMIUM]","2,4"
"3q7fNLlPK6L","2026-09-11 23:59:22.634","2026-09-24 01:07:14.392","3q7fNLlPK6L","18495422","[PREMIUM]","[PREMIUM]","[PREMIUM]","204","Section 204","10",13,"[]","2027-03-20 00:00:00","electronic","exchange",1,"[PREMIUM]","2,3,4,5,6,7,8,9,10,11,12,13"
"4vXcjRk42E3","2026-09-11 23:59:22.634","2026-09-24 01:07:14.392","4vXcjRk42E3","18495422","[PREMIUM]","[PREMIUM]","[PREMIUM]","202","Section 202","9",13,"[]","2027-03-20 00:00:00","electronic","exchange",1,"[PREMIUM]","2,3,4,5,6,7,8,9,10,11,12,13"
"4vXcjRk42x3","2026-09-11 23:59:22.634","2026-09-21 00:37:20.576","4vXcjRk42x3","18495422","[PREMIUM]","[PREMIUM]","[PREMIUM]","112","Section 112","24",8,"[]","2027-03-20 00:00:00","electronic","exchange",2,"[PREMIUM]","2,3,4,5,6,7,8"
"4vXcjRvJNKZ","2026-09-11 23:59:22.634","2026-09-24 01:07:14.392","4vXcjRvJNKZ","18495422","[PREMIUM]","[PREMIUM]","[PREMIUM]","212","Section 212","11",5,"[]","2027-03-19 00:00:00","electronic","exchange",2,"[PREMIUM]","1,2,3,5"
"4vXcjRvEOkn","2026-09-11 23:59:22.634","2026-09-24 01:07:14.392","4vXcjRvEOkn","18495422","[PREMIUM]","[PREMIUM]","[PREMIUM]","115","Section 115","17",4,"[]","2027-03-20 00:00:00","electronic","exchange",1,"[PREMIUM]","1,2,3,4"
"4vXcjRv9aPP","2026-09-11 23:59:22.634","2026-09-24 01:07:14.392","4vXcjRv9aPP","18495422","[PREMIUM]","[PREMIUM]","[PREMIUM]","116","Section 116","27",4,"[]","2027-03-20 00:00:00","electronic","exchange",1,"[PREMIUM]","1,2,3,4"
"4vXcjRvJNVr","2026-09-11 23:59:22.634","2026-09-24 01:07:14.392","4vXcjRvJNVr","18495422","[PREMIUM]","[PREMIUM]","[PREMIUM]","205","Section 205","8",6,"[]","2027-03-19 00:00:00","electronic","exchange",1,"[PREMIUM]","2,4,6"
"5EjuZwONDRv","2026-09-11 23:59:22.634","2026-09-24 01:07:14.392","5EjuZwONDRv","18495422","[PREMIUM]","[PREMIUM]","[PREMIUM]","219","Section 219","9",5,"[]","2027-03-19 00:00:00","electronic","exchange",4,"[PREMIUM]","1,2,3,5"
"5EjuZwOND5v","2026-09-11 23:59:22.634","2026-09-24 01:07:14.392","5EjuZwOND5v","18495422","[PREMIUM]","[PREMIUM]","[PREMIUM]","211","Section 211","7",2,"[]","2027-03-19 00:00:00","electronic","exchange",0,"[PREMIUM]","2"
"5EjuZwO6B0K","2026-09-11 23:59:22.634","2026-09-24 01:07:14.392","5EjuZwO6B0K","18495422","[PREMIUM]","[PREMIUM]","[PREMIUM]","117","Section 117","12",6,"[]","2027-03-20 00:00:00","electronic","exchange",2,"[PREMIUM]","1,2,3,4,5,6"
"5EjuZwONDeZ","2026-09-11 23:59:22.634","2026-09-24 01:07:14.392","5EjuZwONDeZ","18495422","[PREMIUM]","[PREMIUM]","[PREMIUM]","113","Section 113","27",8,"[]","2027-03-19 00:00:00","electronic","exchange",4,"[PREMIUM]","1,2,3,4,5,6,8"
"5EjuZwONDl4","2026-09-11 23:59:22.634","2026-09-24 01:07:14.392","5EjuZwONDl4","18495422","[PREMIUM]","[PREMIUM]","[PREMIUM]","110","Section 110","25",7,"[]","2027-03-19 00:00:00","electronic","exchange",1,"[PREMIUM]","1,2,3,4,5,7"
"6mOhkoaJ0nM","2026-09-11 23:59:22.634","2026-09-11 23:59:22.634","6mOhkoaJ0nM","18495422","[PREMIUM]","[PREMIUM]","[PREMIUM]","221","Section 221","9",3,"[]","2027-03-19 00:00:00","electronic","exchange",0,"[PREMIUM]","1,3"
"6mOhkoalG50","2026-09-11 23:59:22.634","2026-09-24 01:07:14.392","6mOhkoalG50","18495422","[PREMIUM]","[PREMIUM]","[PREMIUM]","228","Section 228","6",2,"[]","2027-03-19 00:00:00","electronic","exchange",1,"[PREMIUM]","2"
"6mOhkoalG5J","2026-09-11 23:59:22.634","2026-09-24 01:07:14.392","6mOhkoalG5J","18495422","[PREMIUM]","[PREMIUM]","[PREMIUM]","226","Section 226","2",4,"[]","2027-03-19 00:00:00","electronic","exchange",2,"[PREMIUM]","2,4"
"6mOhkoalGD0","2026-09-11 23:59:22.634","2026-09-24 01:07:14.392","6mOhkoalGD0","18495422","[PREMIUM]","[PREMIUM]","[PREMIUM]","120","Section 120","11",8,"[]","2027-03-19 00:00:00","electronic","exchange",0,"[PREMIUM]","1,2,3,4,5,6,8"
"6mOhkoaAEv9","2026-09-11 23:59:22.634","2026-09-24 01:07:14.392","6mOhkoaAEv9","18495422","[PREMIUM]","[PREMIUM]","[PREMIUM]","227","Section 227","10",5,"[]","2027-03-20 00:00:00","electronic","exchange",1,"[PREMIUM]","1,2,3,4,5"
"6mOhkoqZOPP","2026-09-11 23:59:22.634","2026-09-19 00:07:48.854","6mOhkoqZOPP","18495422","[PREMIUM]","[PREMIUM]","[PREMIUM]","109","Section 109","22",3,"[]","2026-10-08 00:00:00","electronic","exchange",0,"[PREMIUM]","3"
"6mOhkopxnwE","2026-09-11 23:59:22.634","2026-09-24 01:07:14.392","6mOhkopxnwE","18495422","[PREMIUM]","[PREMIUM]","[PREMIUM]","102","Section 102","26",7,"[]","2027-03-20 00:00:00","electronic","exchange",2,"[PREMIUM]","2,3,4,5,6,7"
"6mOhkopxnw8","2026-09-11 23:59:22.634","2026-09-24 01:07:14.392","6mOhkopxnw8","18495422","[PREMIUM]","[PREMIUM]","[PREMIUM]","112","Section 112","26",8,"[]","2027-03-20 00:00:00","electronic","exchange",2,"[PREMIUM]","1,2,3,4,5,6,8"
"7KntAg58BRv","2026-09-11 23:59:22.634","2026-09-11 23:59:22.634","7KntAg58BRv","18495422","[PREMIUM]","[PREMIUM]","[PREMIUM]","229","Section 229","8",4,"[]","2027-03-19 00:00:00","electronic","exchange",1,"[PREMIUM]","2,4"
"7KntAg5lLMr","2026-09-11 23:59:22.634","2026-09-24 01:07:14.392","7KntAg5lLMr","18495422","[PREMIUM]","[PREMIUM]","[PREMIUM]","108","Section 108","28",6,"[]","2027-03-20 00:00:00","electronic","exchange",2,"[PREMIUM]","1,2,3,4,5,6"
"7KntAg5bYDl","2026-09-11 23:59:22.634","2026-09-24 01:07:14.392","7KntAg5bYDl","18495422","[PREMIUM]","[PREMIUM]","[PREMIUM]","212","Section 212","6",4,"[]","2027-03-20 00:00:00","electronic","exchange",2,"[PREMIUM]","1,2,3,4"
"7KntAg5E03q","2026-09-11 23:59:22.634","2026-09-24 01:07:14.392","7KntAg5E03q","18495422","[PREMIUM]","[PREMIUM]","[PREMIUM]","113","Section 113","25",7,"[]","2027-03-19 00:00:00","electronic","exchange",3,"[PREMIUM]","1,2,3,4,5,6,7"
"7KntAg58BwX","2026-09-11 23:59:22.634","2026-09-24 01:07:14.392","7KntAg58BwX","18495422","[PREMIUM]","[PREMIUM]","[PREMIUM]","223","Section 223","10",1,"[]","2027-03-19 00:00:00","electronic","exchange",0,"[PREMIUM]","1"
"7KntAg58BGv","2026-09-11 23:59:22.634","2026-09-24 01:07:14.392","7KntAg58BGv","18495422","[PREMIUM]","[PREMIUM]","[PREMIUM]","108","Section 108","11",3,"[]","2027-03-19 00:00:00","electronic","exchange",1,"[PREMIUM]","3"
"7KntAg5EaM0","2026-09-11 23:59:22.634","2026-09-13 07:10:23.356","7KntAg5EaM0","18495422","[PREMIUM]","[PREMIUM]","[PREMIUM]","120","Section 120","17",8,"[]","2027-03-19 00:00:00","electronic","exchange",2,"[PREMIUM]","1,2,3,4,5,6,7,8"
"8lKt6aV29LG","2026-09-11 23:59:22.634","2026-09-24 01:07:14.392","8lKt6aV29LG","18495422","[PREMIUM]","[PREMIUM]","[PREMIUM]","117","Section 117","12",8,"[]","2027-03-20 00:00:00","electronic","exchange",2,"[PREMIUM]","2,3,4,5,6,7,8"
"8lKt6arlqe9","2026-09-11 23:59:22.634","2026-09-24 01:07:14.392","8lKt6arlqe9","18495422","[PREMIUM]","[PREMIUM]","[PREMIUM]","106","Section 106","17",4,"[]","2027-03-19 00:00:00","electronic","exchange",1,"[PREMIUM]","2,4"
"8lKt6arlqZ9","2026-09-11 23:59:22.634","2026-09-24 01:07:14.392","8lKt6arlqZ9","18495422","[PREMIUM]","[PREMIUM]","[PREMIUM]","225","Section 225","10",4,"[]","2027-03-19 00:00:00","electronic","exchange",1,"[PREMIUM]","2,4"
"8lKt6arlqMd","2026-09-11 23:59:22.634","2026-09-24 01:07:14.392","8lKt6arlqMd","18495422","[PREMIUM]","[PREMIUM]","[PREMIUM]","115","Section 115","27",6,"[]","2027-03-19 00:00:00","electronic","exchange",0,"[PREMIUM]","2,4,6"
"8lKt6argpnv","2026-09-11 23:59:22.634","2026-09-21 00:37:20.576","8lKt6argpnv","18495422","[PREMIUM]","[PREMIUM]","[PREMIUM]","216","Section 216","8",8,"[]","2027-03-19 00:00:00","electronic","exchange",2,"[PREMIUM]","1,2,3,4,5,6,7,8"
"8lKt6areGbD","2026-09-11 23:59:22.634","2026-09-24 01:07:14.392","8lKt6areGbD","18495422","[PREMIUM]","[PREMIUM]","[PREMIUM]","219","Section 219","11",6,"[]","2027-03-19 00:00:00","electronic","exchange",5,"[PREMIUM]","1,2,3,4,6"
"9P2c5MNl837","2026-09-11 23:59:22.634","2026-09-17 00:52:39.551","9P2c5MNl837","18495422","[PREMIUM]","[PREMIUM]","[PREMIUM]","108","Section 108","28",8,"[]","2027-03-19 00:00:00","electronic","exchange",5,"[PREMIUM]","1,2,3,4,5,6,7,8"
"9P2c5MNqbBL","2026-09-11 23:59:22.634","2026-09-24 01:07:14.392","9P2c5MNqbBL","18495422","[PREMIUM]","[PREMIUM]","[PREMIUM]","205","Section 205","7",4,"[]","2027-03-20 00:00:00","electronic","exchange",1,"[PREMIUM]","1,2,3,4"
"9P2c5MNlp6v","2026-09-11 23:59:22.634","2026-09-24 01:07:14.392","9P2c5MNlp6v","18495422","[PREMIUM]","[PREMIUM]","[PREMIUM]","114","Section 114","21",8,"[]","2027-03-19 00:00:00","electronic","exchange",2,"[PREMIUM]","1,2,3,4,5,6,7,8"
"9P2c5MNlE9a","2026-09-11 23:59:22.634","2026-09-24 01:07:14.392","9P2c5MNlE9a","18495422","[PREMIUM]","[PREMIUM]","[PREMIUM]","103","Section 103","25",7,"[]","2027-03-19 00:00:00","electronic","exchange",3,"[PREMIUM]","1,2,3,4,5,6,7"
"9P2c5MNjAnV","2026-09-11 23:59:22.634","2026-09-24 01:07:14.392","9P2c5MNjAnV","18495422","[PREMIUM]","[PREMIUM]","[PREMIUM]","226","Section 226","3",4,"[]","2027-03-19 00:00:00","electronic","exchange",2,"[PREMIUM]","2,4"
"9P2c5MNjAn8","2026-09-11 23:59:22.634","2026-09-24 01:07:14.392","9P2c5MNjAn8","18495422","[PREMIUM]","[PREMIUM]","[PREMIUM]","217","Section 217","8",6,"[]","2027-03-19 00:00:00","electronic","exchange",2,"[PREMIUM]","2,4,6"
"9P2c5MNjAgV","2026-09-11 23:59:22.634","2026-09-24 01:07:14.392","9P2c5MNjAgV","18495422","[PREMIUM]","[PREMIUM]","[PREMIUM]","225","Section 225","12",4,"[]","2027-03-19 00:00:00","electronic","exchange",1,"[PREMIUM]","2,4"
"9P2c5MNjAd8","2026-09-11 23:59:22.634","2026-09-24 01:07:14.392","9P2c5MNjAd8","18495422","[PREMIUM]","[PREMIUM]","[PREMIUM]","205","Section 205","11",21,"[]","2027-03-19 00:00:00","electronic","exchange",1,"[PREMIUM]","1,2,3,4,5,6,7,8,9,10,11,12,13,14,15,16,17,18,19,21"
"9P2c5MeP8kG","2026-09-11 23:59:22.634","2026-09-24 01:07:14.392","9P2c5MeP8kG","18495422","[PREMIUM]","[PREMIUM]","[PREMIUM]","204","Section 204","9",7,"[]","2027-03-20 00:00:00","electronic","exchange",1,"[PREMIUM]","2,3,4,5,6,7"
"9P2c5MeP8Kv","2026-09-11 23:59:22.634","2026-09-24 01:07:14.392","9P2c5MeP8Kv","18495422","[PREMIUM]","[PREMIUM]","[PREMIUM]","102","Section 102","26",4,"[]","2027-03-20 00:00:00","electronic","exchange",2,"[PREMIUM]","2,4"
"A6rs2K6V93P","2026-09-11 23:59:22.634","2026-09-24 01:07:14.392","A6rs2K6V93P","18495422","[PREMIUM]","[PREMIUM]","[PREMIUM]","116","Section 116","28",6,"[]","2027-03-20 00:00:00","electronic","exchange",1,"[PREMIUM]","2,3,4,5,6"
"A6rs2KAqzZO","2026-09-11 23:59:22.634","2026-09-24 01:07:14.392","A6rs2KAqzZO","18495422","[PREMIUM]","[PREMIUM]","[PREMIUM]","218","Section 218","14",8,"[]","2027-03-19 00:00:00","electronic","exchange",1,"[PREMIUM]","1,2,3,4,5,6,8"
"A6rs2KAqzNY","2026-09-11 23:59:22.634","2026-09-24 01:07:14.392","A6rs2KAqzNY","18495422","[PREMIUM]","[PREMIUM]","[PREMIUM]","220","Section 220","14",8,"[]","2027-03-19 00:00:00","electronic","exchange",2,"[PREMIUM]","1,2,3,4,5,6,8"
"A6rs2KAqzLY","2026-09-11 23:59:22.634","2026-09-24 01:07:14.392","A6rs2KAqzLY","18495422","[PREMIUM]","[PREMIUM]","[PREMIUM]","218","Section 218","6",9,"[]","2027-03-19 00:00:00","electronic","exchange",4,"[PREMIUM]","1,2,3,4,5,6,7,9"
"A6rs2KAqz5R","2026-09-11 23:59:22.634","2026-09-24 01:07:14.392","A6rs2KAqz5R","18495422","[PREMIUM]","[PREMIUM]","[PREMIUM]","102","Section 102","28",15,"[]","2027-03-19 00:00:00","electronic","exchange",5,"[PREMIUM]","1,2,3,4,5,6,7,8,9,10,11,12,13,15"
"A6rs2KA7amL","2026-09-11 23:59:22.634","2026-09-24 01:07:14.392","A6rs2KA7amL","18495422","[PREMIUM]","[PREMIUM]","[PREMIUM]","212","Section 212","6",6,"[]","2027-03-20 00:00:00","electronic","exchange",2,"[PREMIUM]","1,2,3,4,5,6"
"BALImM5ng3q","2026-09-11 23:59:22.634","2026-09-22 23:30:25.218","BALImM5ng3q","18495422","[PREMIUM]","[PREMIUM]","[PREMIUM]","213","Section 213","12",9,"[]","2027-03-19 00:00:00","electronic","exchange",1,"[PREMIUM]","1,2,3,4,5,6,7,9"
"BALImMaj8vY","2026-09-11 23:59:22.634","2026-09-24 01:07:14.392","BALImMaj8vY","18495422","[PREMIUM]","[PREMIUM]","[PREMIUM]","117","Section 117","8",8,"[]","2027-03-20 00:00:00","electronic","exchange",2,"[PREMIUM]","2,3,4,5,6,7,8"
"BALImMr82LZ","2026-09-11 23:59:22.634","2026-09-18 01:34:58.638","BALImMr82LZ","18495422","[PREMIUM]","[PREMIUM]","[PREMIUM]","205","Section 205","7",2,"[]","2027-03-19 00:00:00","electronic","exchange",1,"[PREMIUM]","2"
"BALImMr82Mw","2026-09-11 23:59:22.634","2026-09-18 01:34:58.638","BALImMr82Mw","18495422","[PREMIUM]","[PREMIUM]","[PREMIUM]","113","Section 113","25",5,"[]","2027-03-19 00:00:00","electronic","exchange",1,"[PREMIUM]","1,3,5"
"BALImMrPZGb","2026-09-11 23:59:22.634","2026-09-24 01:07:14.392","BALImMrPZGb","18495422","[PREMIUM]","[PREMIUM]","[PREMIUM]","212","Section 212","6",8,"[]","2027-03-19 00:00:00","electronic","exchange",2,"[PREMIUM]","1,2,3,4,5,6,7,8"
"BALImMr4kgP","2026-09-11 23:59:22.634","2026-09-24 01:07:14.392","BALImMr4kgP","18495422","[PREMIUM]","[PREMIUM]","[PREMIUM]","101","Section 101","28",10,"[]","2027-03-19 00:00:00","electronic","exchange",2,"[PREMIUM]","1,2,3,4,5,6,7,8,10"
"BALImMr4kNP","2026-09-11 23:59:22.634","2026-09-24 01:07:14.392","BALImMr4kNP","18495422","[PREMIUM]","[PREMIUM]","[PREMIUM]","218","Section 218","12",5,"[]","2027-03-19 00:00:00","electronic","exchange",1,"[PREMIUM]","1,2,3,5"
"BALImMr4k3L","2026-09-11 23:59:22.634","2026-09-24 01:07:14.392","BALImMr4k3L","18495422","[PREMIUM]","[PREMIUM]","[PREMIUM]","220","Section 220","13",6,"[]","2027-03-19 00:00:00","electronic","exchange",1,"[PREMIUM]","2,4,6"
"DdwHkM3J4Az","2026-09-11 23:59:22.634","2026-09-24 01:07:14.392","DdwHkM3J4Az","18495422","[PREMIUM]","[PREMIUM]","[PREMIUM]","116","Section 116","27",4,"[]","2027-03-20 00:00:00","electronic","exchange",1,"[PREMIUM]","2,4"
"DdwHkM3J4Vz","2026-09-11 23:59:22.634","2026-09-24 01:07:14.392","DdwHkM3J4Vz","18495422","[PREMIUM]","[PREMIUM]","[PREMIUM]","232","Section 232","10",9,"[]","2027-03-20 00:00:00","electronic","exchange",1,"[PREMIUM]","2,3,4,5,6,7,8,9"
"DdwHkMa0jEM","2026-09-11 23:59:22.634","2026-09-24 01:07:14.392","DdwHkMa0jEM","18495422","[PREMIUM]","[PREMIUM]","[PREMIUM]","108","Section 108","20",4,"[]","2026-10-08 00:00:00","electronic","exchange",0,"[PREMIUM]","2,4"
"DdwHkMrX4qK","2026-09-11 23:59:22.634","2026-09-21 00:37:20.576","DdwHkMrX4qK","18495422","[PREMIUM]","[PREMIUM]","[PREMIUM]","216","Section 216","8",8,"[]","2027-03-19 00:00:00","electronic","exchange",2,"[PREMIUM]","1,2,3,4,5,6,7,8"
"DdwHkMrlexr","2026-09-11 23:59:22.634","2026-09-24 01:07:14.392","DdwHkMrlexr","18495422","[PREMIUM]","[PREMIUM]","[PREMIUM]","226","Section 226","7",6,"[]","2027-03-19 00:00:00","electronic","exchange",2,"[PREMIUM]","2,4,6"
"DdwHkMrlemm","2026-09-11 23:59:22.634","2026-09-24 01:07:14.392","DdwHkMrlemm","18495422","[PREMIUM]","[PREMIUM]","[PREMIUM]","201","Section 201","8",8,"[]","2027-03-19 00:00:00","electronic","exchange",2,"[PREMIUM]","1,2,3,4,5,6,8"
"DdwHkMrlegm","2026-09-11 23:59:22.634","2026-09-24 01:07:14.392","DdwHkMrlegm","18495422","[PREMIUM]","[PREMIUM]","[PREMIUM]","222","Section 222","5",1,"[]","2027-03-19 00:00:00","electronic","exchange",0,"[PREMIUM]","1"
"DdwHkMrleVN","2026-09-11 23:59:22.634","2026-09-24 01:07:14.392","DdwHkMrleVN","18495422","[PREMIUM]","[PREMIUM]","[PREMIUM]","102","Section 102","27",4,"[]","2027-03-19 00:00:00","electronic","exchange",1,"[PREMIUM]","2,4"
"EroUXgVBGo0","2026-09-11 23:59:22.634","2026-09-21 00:37:20.576","EroUXgVBGo0","18495422","[PREMIUM]","[PREMIUM]","[PREMIUM]","112","Section 112","25",8,"[]","2027-03-20 00:00:00","electronic","exchange",2,"[PREMIUM]","2,3,4,5,6,7,8"
"EroUXgVBGA0","2026-09-11 23:59:22.634","2026-09-20 00:03:29.291","EroUXgVBGA0","18495422","[PREMIUM]","[PREMIUM]","[PREMIUM]","202","Section 202","10",7,"[]","2027-03-20 00:00:00","electronic","exchange",1,"[PREMIUM]","2,3,4,5,6,7"
"EroUXgzGOjv","2026-09-11 23:59:22.634","2026-09-18 01:34:58.638","EroUXgzGOjv","18495422","[PREMIUM]","[PREMIUM]","[PREMIUM]","104","Section 104","19",2,"[]","2027-03-19 00:00:00","electronic","exchange",2,"[PREMIUM]","2"
"EroUXgzGdr9","2026-09-11 23:59:22.634","2026-09-18 01:34:58.638","EroUXgzGdr9","18495422","[PREMIUM]","[PREMIUM]","[PREMIUM]","210","Section 210","6",2,"[]","2027-03-19 00:00:00","electronic","exchange",2,"[PREMIUM]","2"
"EroUXgznr3p","2026-09-11 23:59:22.634","2026-09-24 01:07:14.392","EroUXgznr3p","18495422","[PREMIUM]","[PREMIUM]","[PREMIUM]","116","Section 116","13",4,"[]","2027-03-20 00:00:00","electronic","exchange",1,"[PREMIUM]","1,2,3,4"
"EroUXgzAlVY","2026-09-11 23:59:22.634","2026-09-24 01:07:14.392","EroUXgzAlVY","18495422","[PREMIUM]","[PREMIUM]","[PREMIUM]","117","Section 117","8",2,"[]","2027-03-20 00:00:00","electronic","exchange",2,"[PREMIUM]","1,2"
"EroUXgz8N05","2026-09-11 23:59:22.634","2026-09-24 01:07:14.392","EroUXgz8N05","18495422","[PREMIUM]","[PREMIUM]","[PREMIUM]","214","Section 214","2",4,"[]","2027-03-19 00:00:00","electronic","exchange",2,"[PREMIUM]","2,4"
"EroUXgz8NE5","2026-09-11 23:59:22.634","2026-09-24 01:07:14.392","EroUXgz8NE5","18495422","[PREMIUM]","[PREMIUM]","[PREMIUM]","204","Section 204","12",4,"[]","2027-03-19 00:00:00","electronic","exchange",1,"[PREMIUM]","2,4"
"EroUXgz8Nwa","2026-09-11 23:59:22.634","2026-09-24 01:07:14.392","EroUXgz8Nwa","18495422","[PREMIUM]","[PREMIUM]","[PREMIUM]","218","Section 218","9",3,"[]","2027-03-19 00:00:00","electronic","exchange",4,"[PREMIUM]","3"
"GAaI60EYz2R","2026-09-11 23:59:22.634","2026-09-17 00:52:39.551","GAaI60EYz2R","18495422","[PREMIUM]","[PREMIUM]","[PREMIUM]","113","Section 113","28",2,"[]","2026-10-08 00:00:00","electronic","exchange",0,"[PREMIUM]","2"
"GAaI60gAkN6","2026-09-11 23:59:22.634","2026-09-24 01:07:14.392","GAaI60gAkN6","18495422","[PREMIUM]","[PREMIUM]","[PREMIUM]","116","Section 116","26",10,"[]","2027-03-20 00:00:00","electronic","exchange",2,"[PREMIUM]","2,3,4,5,6,7,8,9,10"
"GAaI60Eal38","2026-09-11 23:59:22.634","2026-09-24 01:07:14.392","GAaI60Eal38","18495422","[PREMIUM]","[PREMIUM]","[PREMIUM]","107","Section 107","24",3,"[]","2026-10-08 00:00:00","electronic","exchange",0,"[PREMIUM]","1,3"
"GAaI60lVeDm","2026-09-11 23:59:22.634","2026-09-24 01:07:14.392","GAaI60lVeDm","18495422","[PREMIUM]","[PREMIUM]","[PREMIUM]","211","Section 211","12",1,"[]","2027-03-19 00:00:00","electronic","exchange",1,"[PREMIUM]","1"
"GAaI60lVe47","2026-09-11 23:59:22.634","2026-09-24 01:07:14.392","GAaI60lVe47","18495422","[PREMIUM]","[PREMIUM]","[PREMIUM]","225","Section 225","9",3,"[]","2027-03-19 00:00:00","electronic","exchange",1,"[PREMIUM]","3"
"GAaI60l8ZrJ","2026-09-11 23:59:22.634","2026-09-24 01:07:14.392","GAaI60l8ZrJ","18495422","[PREMIUM]","[PREMIUM]","[PREMIUM]","117","Section 117","8",8,"[]","2027-03-19 00:00:00","electronic","exchange",3,"[PREMIUM]","1,2,3,4,5,6,7,8"
"GAaI60l2v9x","2026-09-11 23:59:22.634","2026-09-24 01:07:14.392","GAaI60l2v9x","18495422","[PREMIUM]","[PREMIUM]","[PREMIUM]","118","Section 118","17",6,"[]","2027-03-20 00:00:00","electronic","exchange",1,"[PREMIUM]","1,2,3,4,5,6"
"GAaI60pXqgw","2026-09-11 23:59:22.634","2026-09-24 01:07:14.392","GAaI60pXqgw","18495422","[PREMIUM]","[PREMIUM]","[PREMIUM]","219","Section 219","12",2,"['1','2']","2027-03-20 00:00:00","electronic","exchange",1,"[PREMIUM]","2"
"JABI3E6odNm","2026-09-11 23:59:22.634","2026-09-24 01:07:14.392","JABI3E6odNm","18495422","[PREMIUM]","[PREMIUM]","[PREMIUM]","103","Section 103","14",2,"[]","2027-03-20 00:00:00","electronic","exchange",2,"[PREMIUM]","2"
"JABI3E6odNB","2026-09-11 23:59:22.634","2026-09-21 00:37:20.576","JABI3E6odNB","18495422","[PREMIUM]","[PREMIUM]","[PREMIUM]","113","Section 113","17",8,"[]","2027-03-20 00:00:00","electronic","exchange",1,"[PREMIUM]","2,3,4,5,6,7,8"
"JABI3EkzGeR","2026-09-11 23:59:22.634","2026-09-24 01:07:14.392","JABI3EkzGeR","18495422","[PREMIUM]","[PREMIUM]","[PREMIUM]","104","Section 104","19",4,"[]","2027-03-19 00:00:00","electronic","exchange",4,"[PREMIUM]","1,2,3,4"
"JABI3Ek9av4","2026-09-11 23:59:22.634","2026-09-24 01:07:14.392","JABI3Ek9av4","18495422","[PREMIUM]","[PREMIUM]","[PREMIUM]","116","Section 116","18",4,"[]","2027-03-20 00:00:00","electronic","exchange",1,"[PREMIUM]","1,2,3,4"
"JABI3EkAm8P","2026-09-11 23:59:22.634","2026-09-24 01:07:14.392","JABI3EkAm8P","18495422","[PREMIUM]","[PREMIUM]","[PREMIUM]","219","Section 219","9",3,"[]","2027-03-19 00:00:00","electronic","exchange",3,"[PREMIUM]","3"
"JABI3EkAmOA","2026-09-11 23:59:22.634","2026-09-24 01:07:14.392","JABI3EkAmOA","18495422","[PREMIUM]","[PREMIUM]","[PREMIUM]","219","Section 219","10",12,"[]","2027-03-19 00:00:00","electronic","exchange",4,"[PREMIUM]","1,2,3,4,5,6,7,8,9,10,12"
"JABI3EkAmRA","2026-09-11 23:59:22.634","2026-09-24 01:07:14.392","JABI3EkAmRA","18495422","[PREMIUM]","[PREMIUM]","[PREMIUM]","229","Section 229","12",8,"[]","2027-03-19 00:00:00","electronic","exchange",1,"[PREMIUM]","1,2,3,4,5,6,8"
"JABI3EkAmOP","2026-09-11 23:59:22.634","2026-09-24 01:07:14.392","JABI3EkAmOP","18495422","[PREMIUM]","[PREMIUM]","[PREMIUM]","229","Section 229","10",5,"[]","2027-03-19 00:00:00","electronic","exchange",1,"[PREMIUM]","1,2,3,5"
"KezczqJLdeO","2026-09-11 23:59:22.634","2026-09-21 00:37:20.576","KezczqJLdeO","18495422","[PREMIUM]","[PREMIUM]","[PREMIUM]","113","Section 113","19",4,"[]","2027-03-20 00:00:00","electronic","exchange",2,"[PREMIUM]","2,4"
"KezczqoDax0","2026-09-11 23:59:22.634","2026-09-24 01:07:14.392","KezczqoDax0","18495422","[PREMIUM]","[PREMIUM]","[PREMIUM]","205","Section 205","14",4,"[]","2027-03-19 00:00:00","electronic","exchange",1,"[PREMIUM]","2,4"
"KezczqoNMV8","2026-09-11 23:59:22.634","2026-09-21 00:37:20.576","KezczqoNMV8","18495422","[PREMIUM]","[PREMIUM]","[PREMIUM]","111","Section 111","16",6,"[]","2027-03-19 00:00:00","electronic","exchange",2,"[PREMIUM]","1,2,3,4,5,6"
"LbviL84aNzb","2026-09-11 23:59:22.634","2026-09-21 00:37:20.576","LbviL84aNzb","18495422","[PREMIUM]","[PREMIUM]","[PREMIUM]","111","Section 111","16",6,"[]","2027-03-20 00:00:00","electronic","exchange",1,"[PREMIUM]","2,3,4,5,6"
"LbviL84aNbb","2026-09-11 23:59:22.634","2026-09-24 01:07:14.392","LbviL84aNbb","18495422","[PREMIUM]","[PREMIUM]","[PREMIUM]","201","Section 201","12",6,"[]","2027-03-20 00:00:00","electronic","exchange",1,"[PREMIUM]","2,3,4,5,6"
"LbviL8PkVKR","2026-09-11 23:59:22.634","2026-09-24 01:07:14.392","LbviL8PkVKR","18495422","[PREMIUM]","[PREMIUM]","[PREMIUM]","228","Section 228","4",4,"[]","2027-03-19 00:00:00","electronic","exchange",1,"[PREMIUM]","2,4"
"LbviL8Pbv4V","2026-09-11 23:59:22.634","2026-09-22 01:15:32.675","LbviL8Pbv4V","18495422","[PREMIUM]","[PREMIUM]","[PREMIUM]","108","Section 108","28",4,"[]","2027-03-20 00:00:00","electronic","exchange",2,"[PREMIUM]","1,2,3,4"
"LbviL8PkV53","2026-09-11 23:59:22.634","2026-09-24 01:07:14.392","LbviL8PkV53","18495422","[PREMIUM]","[PREMIUM]","[PREMIUM]","212","Section 212","14",4,"[]","2027-03-19 00:00:00","electronic","exchange",1,"[PREMIUM]","2,4"
"LbviL8PkVJR","2026-09-11 23:59:22.634","2026-09-24 01:07:14.392","LbviL8PkVJR","18495422","[PREMIUM]","[PREMIUM]","[PREMIUM]","219","Section 219","8",5,"[]","2027-03-19 00:00:00","electronic","exchange",5,"[PREMIUM]","1,2,3,5"
"LbviL8PkVK6","2026-09-11 23:59:22.634","2026-09-24 01:07:14.392","LbviL8PkVK6","18495422","[PREMIUM]","[PREMIUM]","[PREMIUM]","103","Section 103","28",10,"[]","2027-03-19 00:00:00","electronic","exchange",2,"[PREMIUM]","1,2,3,4,5,6,7,8,10"
"LbviL8e3d5z","2026-09-11 23:59:22.634","2026-09-24 01:07:14.392","LbviL8e3d5z","18495422","[PREMIUM]","[PREMIUM]","[PREMIUM]","225","Section 225","6",4,"[]","2026-10-08 00:00:00","electronic","exchange",0,"[PREMIUM]","2,4"
"MAeIP3RzaM5","2026-09-11 23:59:22.634","2026-09-21 00:37:20.576","MAeIP3RzaM5","18495422","[PREMIUM]","[PREMIUM]","[PREMIUM]","216","Section 216","8",6,"[]","2027-03-20 00:00:00","electronic","exchange",1,"[PREMIUM]","1,2,3,4,5,6"
"MAeIP3RwnOw","2026-09-11 23:59:22.634","2026-09-24 01:07:14.392","MAeIP3RwnOw","18495422","[PREMIUM]","[PREMIUM]","[PREMIUM]","226","Section 226","11",4,"[]","2027-03-19 00:00:00","electronic","exchange",1,"[PREMIUM]","2,4"
"MAeIP3Rwn2z","2026-09-11 23:59:22.634","2026-09-24 01:07:14.392","MAeIP3Rwn2z","18495422","[PREMIUM]","[PREMIUM]","[PREMIUM]","226","Section 226","1",2,"[]","2027-03-19 00:00:00","electronic","exchange",2,"[PREMIUM]","2"
"MAeIP3RqZjL","2026-09-11 23:59:22.634","2026-09-21 00:37:20.576","MAeIP3RqZjL","18495422","[PREMIUM]","[PREMIUM]","[PREMIUM]","216","Section 216","12",4,"[]","2027-03-19 00:00:00","electronic","exchange",2,"[PREMIUM]","1,2,3,4"
"MAeIP3RldAV","2026-09-11 23:59:22.634","2026-09-24 01:07:14.392","MAeIP3RldAV","18495422","[PREMIUM]","[PREMIUM]","[PREMIUM]","228","Section 228","11",4,"[]","2027-03-20 00:00:00","electronic","exchange",1,"[PREMIUM]","1,2,3,4"
"NrqUv68KLoK","2026-09-11 23:59:22.634","2026-09-24 01:07:14.392","NrqUv68KLoK","18495422","[PREMIUM]","[PREMIUM]","[PREMIUM]","114","Section 114","25",4,"[]","2027-03-20 00:00:00","electronic","exchange",2,"[PREMIUM]","2,4"
"NrqUv6qL9vG","2026-09-11 23:59:22.634","2026-09-18 01:34:58.638","NrqUv6qL9vG","18495422","[PREMIUM]","[PREMIUM]","[PREMIUM]","113","Section 113","14",4,"[]","2027-03-19 00:00:00","electronic","exchange",2,"[PREMIUM]","2,4"
"NrqUv6qN0nb","2026-09-11 23:59:22.634","2026-09-24 01:07:14.392","NrqUv6qN0nb","18495422","[PREMIUM]","[PREMIUM]","[PREMIUM]","226","Section 226","4",4,"[]","2027-03-19 00:00:00","electronic","exchange",2,"[PREMIUM]","2,4"
"NrqUv6qN0Gb","2026-09-11 23:59:22.634","2026-09-24 01:07:14.392","NrqUv6qN0Gb","18495422","[PREMIUM]","[PREMIUM]","[PREMIUM]","226","Section 226","8",1,"[]","2027-03-19 00:00:00","electronic","exchange",0,"[PREMIUM]","1"
"NrqUv6qBaMr","2026-09-11 23:59:22.634","2026-09-24 01:07:14.392","NrqUv6qBaMr","18495422","[PREMIUM]","[PREMIUM]","[PREMIUM]","118","Section 118","17",2,"[]","2027-03-20 00:00:00","electronic","exchange",1,"[PREMIUM]","1,2"
"O7AhwK32RvL","2026-09-11 23:59:22.634","2026-09-18 01:34:58.638","O7AhwK32RvL","18495422","[PREMIUM]","[PREMIUM]","[PREMIUM]","209","Section 209","8",2,"[]","2027-03-19 00:00:00","electronic","exchange",2,"[PREMIUM]","2"
"O7AhwK3rlmg","2026-09-11 23:59:22.634","2026-09-21 00:37:20.576","O7AhwK3rlmg","18495422","[PREMIUM]","[PREMIUM]","[PREMIUM]","112","Section 112","25",6,"[]","2027-03-20 00:00:00","electronic","exchange",2,"[PREMIUM]","1,2,3,4,5,6"
"O7AhwK3Bbxj","2026-09-11 23:59:22.634","2026-09-24 01:07:14.392","O7AhwK3Bbxj","18495422","[PREMIUM]","[PREMIUM]","[PREMIUM]","218","Section 218","8",3,"[]","2027-03-19 00:00:00","electronic","exchange",2,"[PREMIUM]","3"
"O7AhwK3BbZn","2026-09-11 23:59:22.634","2026-09-24 01:07:14.392","O7AhwK3BbZn","18495422","[PREMIUM]","[PREMIUM]","[PREMIUM]","107","Section 107","25",6,"[]","2027-03-19 00:00:00","electronic","exchange",1,"[PREMIUM]","2,4,6"
"O7AhwK3BbJn","2026-09-11 23:59:22.634","2026-09-24 01:07:14.392","O7AhwK3BbJn","18495422","[PREMIUM]","[PREMIUM]","[PREMIUM]","209","Section 209","7",5,"[]","2027-03-19 00:00:00","electronic","exchange",3,"[PREMIUM]","1,2,3,5"
"O7AhwK9q2v2","2026-09-11 23:59:22.634","2026-09-24 01:07:14.392","O7AhwK9q2v2","18495422","[PREMIUM]","[PREMIUM]","[PREMIUM]","113","Section 113","25",7,"[]","2027-03-20 00:00:00","electronic","exchange",2,"[PREMIUM]","2,3,4,5,6,7"
"O7AhwK9q2D2","2026-09-11 23:59:22.634","2026-09-21 00:37:20.576","O7AhwK9q2D2","18495422","[PREMIUM]","[PREMIUM]","[PREMIUM]","216","Section 216","8",12,"[]","2027-03-20 00:00:00","electronic","exchange",1,"[PREMIUM]","2,3,4,5,6,7,8,9,10,11,12"
"PX0sgq9w4Mx","2026-09-11 23:59:22.634","2026-09-24 01:07:14.392","PX0sgq9w4Mx","18495422","[PREMIUM]","[PREMIUM]","[PREMIUM]","218","Section 218","12",2,"[]","2027-03-19 00:00:00","electronic","exchange",0,"[PREMIUM]","2"
"PX0sgq9w4Zx","2026-09-11 23:59:22.634","2026-09-24 01:07:14.392","PX0sgq9w4Zx","18495422","[PREMIUM]","[PREMIUM]","[PREMIUM]","103","Section 103","28",10,"[]","2027-03-19 00:00:00","electronic","exchange",3,"[PREMIUM]","1,2,3,4,5,6,7,8,10"
"PX0sgq9w4vk","2026-09-11 23:59:22.634","2026-09-24 01:07:14.392","PX0sgq9w4vk","18495422","[PREMIUM]","[PREMIUM]","[PREMIUM]","228","Section 228","11",6,"[]","2027-03-19 00:00:00","electronic","exchange",1,"[PREMIUM]","2,4,6"
"ROXHz2agNEp","2026-09-11 23:59:22.634","2026-09-24 01:07:14.392","ROXHz2agNEp","18495422","[PREMIUM]","[PREMIUM]","[PREMIUM]","106","Section 106","28",4,"[]","2027-03-19 00:00:00","electronic","exchange",1,"[PREMIUM]","2,4"
"ROXHz2agN5e","2026-09-11 23:59:22.634","2026-09-24 01:07:14.392","ROXHz2agN5e","18495422","[PREMIUM]","[PREMIUM]","[PREMIUM]","108","Section 108","26",2,"[]","2027-03-19 00:00:00","electronic","exchange",0,"[PREMIUM]","2"
"ROXHz2agN3e","2026-09-11 23:59:22.634","2026-09-24 01:07:14.392","ROXHz2agN3e","18495422","[PREMIUM]","[PREMIUM]","[PREMIUM]","101","Section 101","28",4,"[]","2027-03-19 00:00:00","electronic","exchange",0,"[PREMIUM]","2,4"
"ROXHz2a07Rg","2026-09-11 23:59:22.634","2026-09-24 01:07:14.392","ROXHz2a07Rg","18495422","[PREMIUM]","[PREMIUM]","[PREMIUM]","116","Section 116","27",4,"[]","2027-03-19 00:00:00","electronic","exchange",2,"[PREMIUM]","1,2,3,4"
"ROXHz2GXDLo","2026-09-11 23:59:22.634","2026-09-24 01:07:14.392","ROXHz2GXDLo","18495422","[PREMIUM]","[PREMIUM]","[PREMIUM]","231","Section 231","7",13,"[]","2027-03-20 00:00:00","electronic","exchange",1,"[PREMIUM]","2,3,4,5,6,7,8,9,10,11,12,13"
"ROXHz2GXD9o","2026-09-11 23:59:22.634","2026-09-24 01:07:14.392","ROXHz2GXD9o","18495422","[PREMIUM]","[PREMIUM]","[PREMIUM]","116","Section 116","25",14,"[]","2027-03-20 00:00:00","electronic","exchange",1,"[PREMIUM]","2,3,4,5,6,7,8,9,10,11,12,13,14"
"ROXHz2awBqL","2026-09-11 23:59:22.634","2026-09-21 00:37:20.576","ROXHz2awBqL","18495422","[PREMIUM]","[PREMIUM]","[PREMIUM]","216","Section 216","8",6,"[]","2027-03-20 00:00:00","electronic","exchange",1,"[PREMIUM]","1,2,3,4,5,6"
"V4KU045KkDN","2026-09-11 23:59:22.634","2026-09-24 01:07:14.392","V4KU045KkDN","18495422","[PREMIUM]","[PREMIUM]","[PREMIUM]","116","Section 116","28",2,"[]","2027-03-20 00:00:00","electronic","exchange",1,"[PREMIUM]","2"
"V4KU04YMGVa","2026-09-11 23:59:22.634","2026-09-21 00:37:20.576","V4KU04YMGVa","18495422","[PREMIUM]","[PREMIUM]","[PREMIUM]","218","Section 218","8",4,"[]","2027-03-20 00:00:00","electronic","exchange",1,"[PREMIUM]","1,2,3,4"
"V4KU04Y8lqe","2026-09-11 23:59:22.634","2026-09-24 01:07:14.392","V4KU04Y8lqe","18495422","[PREMIUM]","[PREMIUM]","[PREMIUM]","226","Section 226","3",3,"[]","2027-03-19 00:00:00","electronic","exchange",2,"[PREMIUM]","3"
"V4KU04Y8lje","2026-09-11 23:59:22.634","2026-09-24 01:07:14.392","V4KU04Y8lje","18495422","[PREMIUM]","[PREMIUM]","[PREMIUM]","220","Section 220","12",11,"[]","2027-03-19 00:00:00","electronic","exchange",4,"[PREMIUM]","1,2,3,4,5,6,7,8,9,11"
"V4KU04Y8lLl","2026-09-11 23:59:22.634","2026-09-24 01:07:14.392","V4KU04Y8lLl","18495422","[PREMIUM]","[PREMIUM]","[PREMIUM]","230","Section 230","1",1,"[]","2027-03-19 00:00:00","electronic","exchange",1,"[PREMIUM]","1"
"V4KU04Y8lDO","2026-09-11 23:59:22.634","2026-09-24 01:07:14.392","V4KU04Y8lDO","18495422","[PREMIUM]","[PREMIUM]","[PREMIUM]","108","Section 108","26",6,"[]","2027-03-19 00:00:00","electronic","exchange",1,"[PREMIUM]","2,4,6"
"X03tKl97Xnq","2026-09-11 23:59:22.634","2026-09-24 01:07:14.392","X03tKl97Xnq","18495422","[PREMIUM]","[PREMIUM]","[PREMIUM]","217","Section 217","9",11,"[]","2027-03-19 00:00:00","electronic","exchange",2,"[PREMIUM]","1,2,3,4,5,6,7,8,9,11"
"X03tKl97XVq","2026-09-11 23:59:22.634","2026-09-24 01:07:14.392","X03tKl97XVq","18495422","[PREMIUM]","[PREMIUM]","[PREMIUM]","232","Section 232","13",6,"[]","2027-03-19 00:00:00","electronic","exchange",1,"[PREMIUM]","2,4,6"
"X03tKl950k7","2026-09-11 23:59:22.634","2026-09-18 01:34:58.638","X03tKl950k7","18495422","[PREMIUM]","[PREMIUM]","[PREMIUM]","216","Section 216","8",8,"[]","2027-03-19 00:00:00","electronic","exchange",1,"[PREMIUM]","1,2,3,4,6,8"
"X03tKl950JA","2026-09-11 23:59:22.634","2026-09-18 01:34:58.638","X03tKl950JA","18495422","[PREMIUM]","[PREMIUM]","[PREMIUM]","103","Section 103","25",5,"[]","2027-03-19 00:00:00","electronic","exchange",2,"[PREMIUM]","1,3,5"
"X03tKl9o60l","2026-09-11 23:59:22.634","2026-09-24 01:07:14.392","X03tKl9o60l","18495422","[PREMIUM]","[PREMIUM]","[PREMIUM]","114","Section 114","21",6,"[]","2027-03-20 00:00:00","electronic","exchange",1,"[PREMIUM]","1,2,3,4,5,6"
"X03tKl9j2e0","2026-09-11 23:59:22.634","2026-09-24 01:07:14.392","X03tKl9j2e0","18495422","[PREMIUM]","[PREMIUM]","[PREMIUM]","113","Section 113","25",6,"[]","2027-03-20 00:00:00","electronic","exchange",2,"[PREMIUM]","1,2,3,4,5,6"
"X03tKl9DpJj","2026-09-11 23:59:22.634","2026-09-21 00:37:20.576","X03tKl9DpJj","18495422","[PREMIUM]","[PREMIUM]","[PREMIUM]","112","Section 112","25",8,"[]","2027-03-19 00:00:00","electronic","exchange",3,"[PREMIUM]","1,2,3,4,5,6,7,8"
"X03tKlq35oB","2026-09-11 23:59:22.634","2026-09-21 00:37:20.576","X03tKlq35oB","18495422","[PREMIUM]","[PREMIUM]","[PREMIUM]","216","Section 216","12",4,"[]","2027-03-20 00:00:00","electronic","exchange",1,"[PREMIUM]","2,4"
"X03tKlq35ZB","2026-09-11 23:59:22.634","2026-09-24 01:07:14.392","X03tKlq35ZB","18495422","[PREMIUM]","[PREMIUM]","[PREMIUM]","114","Section 114","21",9,"[]","2027-03-20 00:00:00","electronic","exchange",1,"[PREMIUM]","2,3,4,5,6,7,8,9"
"YgJtk07X3Va","2026-09-11 23:59:22.634","2026-09-24 01:07:14.392","YgJtk07X3Va","18495422","[PREMIUM]","[PREMIUM]","[PREMIUM]","224","Section 224","10",6,"[]","2027-03-19 00:00:00","electronic","exchange",1,"[PREMIUM]","2,4,6"
"YgJtk07X34a","2026-09-11 23:59:22.634","2026-09-24 01:07:14.392","YgJtk07X34a","18495422","[PREMIUM]","[PREMIUM]","[PREMIUM]","106","Section 106","12",4,"[]","2027-03-19 00:00:00","electronic","exchange",1,"[PREMIUM]","2,4"
"YgJtk07E5NV","2026-09-11 23:59:22.634","2026-09-24 01:07:14.392","YgJtk07E5NV","18495422","[PREMIUM]","[PREMIUM]","[PREMIUM]","116","Section 116","18",4,"[]","2027-03-19 00:00:00","electronic","exchange",3,"[PREMIUM]","1,2,3,4"
"YgJtk0PJjvl","2026-09-11 23:59:22.634","2026-09-24 01:07:14.392","YgJtk0PJjvl","18495422","[PREMIUM]","[PREMIUM]","[PREMIUM]","221","Section 221","11",4,"[]","2027-03-20 00:00:00","electronic","exchange",1,"[PREMIUM]","2,4"
"Zm9hvJGMRMp","2026-09-11 23:59:22.634","2026-09-24 01:07:14.392","Zm9hvJGMRMp","18495422","[PREMIUM]","[PREMIUM]","[PREMIUM]","225","Section 225","6",4,"[]","2026-10-08 00:00:00","electronic","exchange",0,"[PREMIUM]","2,4"
"Zm9hvJnOKYY","2026-09-11 23:59:22.634","2026-09-18 01:34:58.638","Zm9hvJnOKYY","18495422","[PREMIUM]","[PREMIUM]","[PREMIUM]","105","Section 105","17",4,"[]","2027-03-19 00:00:00","electronic","exchange",1,"[PREMIUM]","2,4"
"Zm9hvJnjLxk","2026-09-11 23:59:22.634","2026-09-24 01:07:14.392","Zm9hvJnjLxk","18495422","[PREMIUM]","[PREMIUM]","[PREMIUM]","223","Section 223","11",9,"[]","2027-03-19 00:00:00","electronic","exchange",1,"[PREMIUM]","1,2,3,4,5,6,7,9"
"Zm9hvJnjLb7","2026-09-11 23:59:22.634","2026-09-24 01:07:14.392","Zm9hvJnjLb7","18495422","[PREMIUM]","[PREMIUM]","[PREMIUM]","114","Section 114","28",9,"[]","2027-03-19 00:00:00","electronic","exchange",3,"[PREMIUM]","1,2,3,4,5,6,7,9"
"Zm9hvJnjL27","2026-09-11 23:59:22.634","2026-09-24 01:07:14.392","Zm9hvJnjL27","18495422","[PREMIUM]","[PREMIUM]","[PREMIUM]","220","Section 220","11",3,"[]","2027-03-19 00:00:00","electronic","exchange",1,"[PREMIUM]","3"
"agktlMKDer9","2026-09-11 23:59:22.634","2026-09-24 01:07:14.392","agktlMKDer9","18495422","[PREMIUM]","[PREMIUM]","[PREMIUM]","210","Section 210","6",4,"[]","2027-03-20 00:00:00","electronic","exchange",2,"[PREMIUM]","1,2,3,4"
"agktlMK9vo6","2026-09-11 23:59:22.634","2026-09-24 01:07:14.392","agktlMK9vo6","18495422","[PREMIUM]","[PREMIUM]","[PREMIUM]","210","Section 210","8",4,"[]","2027-03-19 00:00:00","electronic","exchange",2,"[PREMIUM]","2,4"
"agktlMK9vPo","2026-09-11 23:59:22.634","2026-09-24 01:07:14.392","agktlMK9vPo","18495422","[PREMIUM]","[PREMIUM]","[PREMIUM]","221","Section 221","8",18,"[]","2027-03-19 00:00:00","electronic","exchange",3,"[PREMIUM]","1,2,3,4,5,6,7,8,9,10,11,12,13,14,15,16,18"
"agktlMK9v4L","2026-09-11 23:59:22.634","2026-09-24 01:07:14.392","agktlMK9v4L","18495422","[PREMIUM]","[PREMIUM]","[PREMIUM]","224","Section 224","2",1,"[]","2027-03-19 00:00:00","electronic","exchange",1,"[PREMIUM]","1"
"agktlMK0LXz","2026-09-11 23:59:22.634","2026-09-24 01:07:14.392","agktlMK0LXz","18495422","[PREMIUM]","[PREMIUM]","[PREMIUM]","223","Section 223","8",4,"[]","2027-03-19 00:00:00","electronic","exchange",2,"[PREMIUM]","1,2,3,4"
"agktlMaNq2O","2026-09-11 23:59:22.634","2026-09-24 01:07:14.392","agktlMaNq2O","18495422","[PREMIUM]","[PREMIUM]","[PREMIUM]","120","Section 120","17",10,"[]","2027-03-20 00:00:00","electronic","exchange",1,"[PREMIUM]","2,3,4,5,6,7,8,9,10"
"b4wUao7vRjw","2026-09-11 23:59:22.634","2026-09-24 01:07:14.392","b4wUao7vRjw","18495422","[PREMIUM]","[PREMIUM]","[PREMIUM]","108","Section 108","20",4,"[]","2026-10-08 00:00:00","electronic","exchange",0,"[PREMIUM]","2,4"
"b4wUaoP9Er3","2026-09-11 23:59:22.634","2026-09-24 01:07:14.392","b4wUaoP9Er3","18495422","[PREMIUM]","[PREMIUM]","[PREMIUM]","116","Section 116","18",4,"[]","2027-03-20 00:00:00","electronic","exchange",2,"[PREMIUM]","2,4"
"b4wUaoP9EA3","2026-09-11 23:59:22.634","2026-09-24 01:07:14.392","b4wUaoP9EA3","18495422","[PREMIUM]","[PREMIUM]","[PREMIUM]","223","Section 223","7",10,"[]","2027-03-20 00:00:00","electronic","exchange",1,"[PREMIUM]","2,3,4,5,6,7,8,9,10"
"b4wUaoZEBbB","2026-09-11 23:59:22.634","2026-09-18 01:34:58.638","b4wUaoZEBbB","18495422","[PREMIUM]","[PREMIUM]","[PREMIUM]","111","Section 111","9",2,"[]","2027-03-19 00:00:00","electronic","exchange",3,"[PREMIUM]","2"
"b4wUaoZEBYq","2026-09-11 23:59:22.634","2026-09-18 01:34:58.638","b4wUaoZEBYq","18495422","[PREMIUM]","[PREMIUM]","[PREMIUM]","118","Section 118","17",4,"[]","2027-03-19 00:00:00","electronic","exchange",1,"[PREMIUM]","2,4"
"b4wUaoZGxev","2026-09-11 23:59:22.634","2026-09-24 01:07:14.392","b4wUaoZGxev","18495422","[PREMIUM]","[PREMIUM]","[PREMIUM]","103","Section 103","25",6,"[]","2027-03-20 00:00:00","electronic","exchange",2,"[PREMIUM]","1,2,3,4,5,6"
"b4wUaoZ6VXR","2026-09-11 23:59:22.634","2026-09-24 01:07:14.392","b4wUaoZ6VXR","18495422","[PREMIUM]","[PREMIUM]","[PREMIUM]","203","Section 203","13",11,"[]","2027-03-19 00:00:00","electronic","exchange",4,"[PREMIUM]","1,2,3,4,5,6,7,8,9,11"
"b4wUaoZ6VNY","2026-09-11 23:59:22.634","2026-09-24 01:07:14.392","b4wUaoZ6VNY","18495422","[PREMIUM]","[PREMIUM]","[PREMIUM]","210","Section 210","7",2,"[]","2027-03-19 00:00:00","electronic","exchange",2,"[PREMIUM]","2"
"b4wUaoZ6VAM","2026-09-11 23:59:22.634","2026-09-24 01:07:14.392","b4wUaoZ6VAM","18495422","[PREMIUM]","[PREMIUM]","[PREMIUM]","230","Section 230","3",2,"[]","2027-03-19 00:00:00","electronic","exchange",1,"[PREMIUM]","2"
"dNgUgpL4Xzd","2026-09-11 23:59:22.634","2026-09-18 01:34:58.638","dNgUgpL4Xzd","18495422","[PREMIUM]","[PREMIUM]","[PREMIUM]","212","Section 212","6",6,"[]","2027-03-19 00:00:00","electronic","exchange",2,"[PREMIUM]","1,2,4,6"
"dNgUgpLlnkj","2026-09-11 23:59:22.634","2026-09-24 01:07:14.392","dNgUgpLlnkj","18495422","[PREMIUM]","[PREMIUM]","[PREMIUM]","108","Section 108","12",6,"[]","2027-03-19 00:00:00","electronic","exchange",1,"[PREMIUM]","2,4,6"
"dNgUgpLlnEV","2026-09-11 23:59:22.634","2026-09-24 01:07:14.392","dNgUgpLlnEV","18495422","[PREMIUM]","[PREMIUM]","[PREMIUM]","210","Section 210","7",9,"[]","2027-03-19 00:00:00","electronic","exchange",4,"[PREMIUM]","1,2,3,4,5,6,7,9"
"dNgUgpLbGJn","2026-09-11 23:59:22.634","2026-09-24 01:07:14.392","dNgUgpLbGJn","18495422","[PREMIUM]","[PREMIUM]","[PREMIUM]","203","Section 203","11",5,"[]","2027-03-19 00:00:00","electronic","exchange",5,"[PREMIUM]","1,2,3,5"
"dNgUgpd74j2","2026-09-11 23:59:22.634","2026-09-24 01:07:14.392","dNgUgpd74j2","18495422","[PREMIUM]","[PREMIUM]","[PREMIUM]","116","Section 116","19",5,"[]","2027-03-20 00:00:00","electronic","exchange",2,"[PREMIUM]","2,3,4,5"
"dNgUgpd74A2","2026-09-11 23:59:22.634","2026-09-24 01:07:14.392","dNgUgpd74A2","18495422","[PREMIUM]","[PREMIUM]","[PREMIUM]","223","Section 223","8",4,"[]","2027-03-20 00:00:00","electronic","exchange",1,"[PREMIUM]","2,4"
"eeacK8EraGG","2026-09-11 23:59:22.634","2026-09-18 01:34:58.638","eeacK8EraGG","18495422","[PREMIUM]","[PREMIUM]","[PREMIUM]","117","Section 117","8",6,"[]","2027-03-19 00:00:00","electronic","exchange",2,"[PREMIUM]","1,2,4,6"
"eeacK8Era8M","2026-09-11 23:59:22.634","2026-09-18 01:34:58.638","eeacK8Era8M","18495422","[PREMIUM]","[PREMIUM]","[PREMIUM]","111","Section 111","16",4,"[]","2027-03-19 00:00:00","electronic","exchange",1,"[PREMIUM]","2,4"
"eeacK8Evb6g","2026-09-11 23:59:22.634","2026-09-24 01:07:14.392","eeacK8Evb6g","18495422","[PREMIUM]","[PREMIUM]","[PREMIUM]","117","Section 117","12",8,"[]","2027-03-19 00:00:00","electronic","exchange",3,"[PREMIUM]","1,2,3,4,5,6,7,8"
"eeacK8Epow8","2026-09-11 23:59:22.634","2026-09-24 01:07:14.392","eeacK8Epow8","18495422","[PREMIUM]","[PREMIUM]","[PREMIUM]","204","Section 204","13",12,"[]","2027-03-19 00:00:00","electronic","exchange",3,"[PREMIUM]","1,2,3,4,5,6,7,8,9,10,12"
"eeacK8EpokA","2026-09-11 23:59:22.634","2026-09-24 01:07:14.392","eeacK8EpokA","18495422","[PREMIUM]","[PREMIUM]","[PREMIUM]","228","Section 228","5",3,"[]","2027-03-19 00:00:00","electronic","exchange",1,"[PREMIUM]","3"
"eeacK8E2zgj","2026-09-11 23:59:22.634","2026-09-24 01:07:14.392","eeacK8E2zgj","18495422","[PREMIUM]","[PREMIUM]","[PREMIUM]","216","Section 216","12",4,"[]","2027-03-20 00:00:00","electronic","exchange",1,"[PREMIUM]","1,2,3,4"
"g48Ur6BL7kE","2026-09-11 23:59:22.634","2026-09-24 01:07:14.392","g48Ur6BL7kE","18495422","[PREMIUM]","[PREMIUM]","[PREMIUM]","101","Section 101","27",6,"[]","2027-03-19 00:00:00","electronic","exchange",1,"[PREMIUM]","2,4,6"
"g48Ur6BL7gp","2026-09-11 23:59:22.634","2026-09-24 01:07:14.392","g48Ur6BL7gp","18495422","[PREMIUM]","[PREMIUM]","[PREMIUM]","109","Section 109","27",7,"[]","2027-03-19 00:00:00","electronic","exchange",1,"[PREMIUM]","1,2,3,4,5,7"
"g48Ur6BL7Dp","2026-09-11 23:59:22.634","2026-09-24 01:07:14.392","g48Ur6BL7Dp","18495422","[PREMIUM]","[PREMIUM]","[PREMIUM]","218","Section 218","8",4,"[]","2027-03-19 00:00:00","electronic","exchange",2,"[PREMIUM]","2,4"
"g48Ur6BL74O","2026-09-11 23:59:22.634","2026-09-24 01:07:14.392","g48Ur6BL74O","18495422","[PREMIUM]","[PREMIUM]","[PREMIUM]","226","Section 226","12",12,"[]","2027-03-19 00:00:00","electronic","exchange",2,"[PREMIUM]","1,2,3,4,5,6,7,8,9,10,12"
"g48Ur6B5aEm","2026-09-11 23:59:22.634","2026-09-24 01:07:14.392","g48Ur6B5aEm","18495422","[PREMIUM]","[PREMIUM]","[PREMIUM]","120","Section 120","17",6,"[]","2027-03-20 00:00:00","electronic","exchange",1,"[PREMIUM]","1,2,3,4,5,6"
"g48Ur6VJOZq","2026-09-11 23:59:22.634","2026-09-24 01:07:14.392","g48Ur6VJOZq","18495422","[PREMIUM]","[PREMIUM]","[PREMIUM]","218","Section 218","11",6,"[]","2027-03-19 00:00:00","electronic","exchange",1,"[PREMIUM]","1,2,3,4,6"
"g48Ur6VJ5q6","2026-09-11 23:59:22.634","2026-09-24 01:07:14.392","g48Ur6VJ5q6","18495422","[PREMIUM]","[PREMIUM]","[PREMIUM]","111","Section 111","25",4,"[]","2027-03-19 00:00:00","electronic","exchange",1,"[PREMIUM]","2,4"
"g48Ur6mvGl4","2026-09-11 23:59:22.634","2026-09-24 01:07:14.392","g48Ur6mvGl4","18495422","[PREMIUM]","[PREMIUM]","[PREMIUM]","108","Section 108","25",4,"[]","2026-10-08 00:00:00","electronic","exchange",0,"[PREMIUM]","2,4"
"jDvszkedAwx","2026-09-11 23:59:22.634","2026-09-24 01:07:14.392","jDvszkedAwx","18495422","[PREMIUM]","[PREMIUM]","[PREMIUM]","114","Section 114","25",4,"[]","2027-03-19 00:00:00","electronic","exchange",3,"[PREMIUM]","1,2,3,4"
"jDvszkeVOgo","2026-09-11 23:59:22.634","2026-09-24 01:07:14.392","jDvszkeVOgo","18495422","[PREMIUM]","[PREMIUM]","[PREMIUM]","111","Section 111","24",1,"[]","2027-03-19 00:00:00","electronic","exchange",0,"[PREMIUM]","1"
"jDvszkeVO8o","2026-09-11 23:59:22.634","2026-09-24 01:07:14.392","jDvszkeVO8o","18495422","[PREMIUM]","[PREMIUM]","[PREMIUM]","230","Section 230","14",5,"[]","2027-03-19 00:00:00","electronic","exchange",1,"[PREMIUM]","1,2,3,5"
"jDvszke7rpw","2026-09-11 23:59:22.634","2026-09-24 01:07:14.392","jDvszke7rpw","18495422","[PREMIUM]","[PREMIUM]","[PREMIUM]","223","Section 223","8",4,"[]","2027-03-20 00:00:00","electronic","exchange",1,"[PREMIUM]","1,2,3,4"
"jDvszke7rBw","2026-09-11 23:59:22.634","2026-09-24 01:07:14.392","jDvszke7rBw","18495422","[PREMIUM]","[PREMIUM]","[PREMIUM]","124","Section 124","27",2,"[]","2027-03-20 00:00:00","electronic","exchange",1,"[PREMIUM]","2"
"kYet9m7vExB","2026-09-11 23:59:22.634","2026-09-24 01:07:14.392","kYet9m7vExB","18495422","[PREMIUM]","[PREMIUM]","[PREMIUM]","107","Section 107","24",3,"[]","2026-10-08 00:00:00","electronic","exchange",0,"[PREMIUM]","3"
"kYet9mX8nmL","2026-09-11 23:59:22.634","2026-09-18 01:34:58.638","kYet9mX8nmL","18495422","[PREMIUM]","[PREMIUM]","[PREMIUM]","218","Section 218","8",2,"[]","2027-03-19 00:00:00","electronic","exchange",1,"[PREMIUM]","2"
"kYet9mX4wpb","2026-09-11 23:59:22.634","2026-09-24 01:07:14.392","kYet9mX4wpb","18495422","[PREMIUM]","[PREMIUM]","[PREMIUM]","115","Section 115","17",6,"[]","2027-03-20 00:00:00","electronic","exchange",1,"[PREMIUM]","1,2,3,4,5,6"
"kYet9mYb8qq","2026-09-11 23:59:22.634","2026-09-22 01:15:32.675","kYet9mYb8qq","18495422","[PREMIUM]","[PREMIUM]","[PREMIUM]","108","Section 108","28",8,"[]","2027-03-20 00:00:00","electronic","exchange",3,"[PREMIUM]","2,3,4,5,6,7,8"
"kYet9mXgNBP","2026-09-11 23:59:22.634","2026-09-24 01:07:14.392","kYet9mXgNBP","18495422","[PREMIUM]","[PREMIUM]","[PREMIUM]","203","Section 203","8",3,"[]","2027-03-19 00:00:00","electronic","exchange",4,"[PREMIUM]","3"
"kYet9mXgNjP","2026-09-11 23:59:22.634","2026-09-24 01:07:14.392","kYet9mXgNjP","18495422","[PREMIUM]","[PREMIUM]","[PREMIUM]","217","Section 217","14",4,"[]","2027-03-19 00:00:00","electronic","exchange",1,"[PREMIUM]","2,4"
"kYet9mXgN6B","2026-09-11 23:59:22.634","2026-09-24 01:07:14.392","kYet9mXgN6B","18495422","[PREMIUM]","[PREMIUM]","[PREMIUM]","102","Section 102","27",2,"[]","2027-03-19 00:00:00","electronic","exchange",0,"[PREMIUM]","2"
"kYet9mXgNVw","2026-09-11 23:59:22.634","2026-09-24 01:07:14.392","kYet9mXgNVw","18495422","[PREMIUM]","[PREMIUM]","[PREMIUM]","229","Section 229","5",1,"[]","2027-03-19 00:00:00","electronic","exchange",0,"[PREMIUM]","1"
"kYet9mYb85q","2026-09-11 23:59:22.634","2026-09-24 01:07:14.392","kYet9mYb85q","18495422","[PREMIUM]","[PREMIUM]","[PREMIUM]","201","Section 201","11",8,"[]","2027-03-20 00:00:00","electronic","exchange",1,"[PREMIUM]","2,3,4,5,6,7,8"
"lxVsdRrpELJ","2026-09-11 23:59:22.634","2026-09-18 01:34:58.638","lxVsdRrpELJ","18495422","[PREMIUM]","[PREMIUM]","[PREMIUM]","120","Section 120","17",8,"[]","2027-03-19 00:00:00","electronic","exchange",1,"[PREMIUM]","1,2,3,4,6,8"
"lxVsdRrpXMY","2026-09-11 23:59:22.634","2026-09-11 23:59:22.634","lxVsdRrpXMY","18495422","[PREMIUM]","[PREMIUM]","[PREMIUM]","204","Section 204","10",8,"[]","2027-03-19 00:00:00","electronic","exchange",1,"[PREMIUM]","1,2,3,4,6,8"
"lxVsdRr5aJB","2026-09-11 23:59:22.634","2026-09-24 01:07:14.392","lxVsdRr5aJB","18495422","[PREMIUM]","[PREMIUM]","[PREMIUM]","227","Section 227","10",2,"[]","2027-03-20 00:00:00","electronic","exchange",1,"[PREMIUM]","1,2"
"lxVsdRr4pa4","2026-09-11 23:59:22.634","2026-09-24 01:07:14.392","lxVsdRr4pa4","18495422","[PREMIUM]","[PREMIUM]","[PREMIUM]","212","Section 212","6",8,"[]","2027-03-19 00:00:00","electronic","exchange",3,"[PREMIUM]","1,2,3,4,5,6,7,8"
"lxVsdRrjK3l","2026-09-11 23:59:22.634","2026-09-24 01:07:14.392","lxVsdRrjK3l","18495422","[PREMIUM]","[PREMIUM]","[PREMIUM]","202","Section 202","14",7,"[]","2027-03-19 00:00:00","electronic","exchange",2,"[PREMIUM]","1,2,3,4,5,7"
"lxVsdRrjKAl","2026-09-11 23:59:22.634","2026-09-24 01:07:14.392","lxVsdRrjKAl","18495422","[PREMIUM]","[PREMIUM]","[PREMIUM]","203","Section 203","14",1,"[]","2027-03-19 00:00:00","electronic","exchange",0,"[PREMIUM]","1"
"lxVsdRrjKzw","2026-09-11 23:59:22.634","2026-09-24 01:07:14.392","lxVsdRrjKzw","18495422","[PREMIUM]","[PREMIUM]","[PREMIUM]","211","Section 211","7",2,"[]","2027-03-19 00:00:00","electronic","exchange",1,"[PREMIUM]","2"
"lxVsdRrjK3L","2026-09-11 23:59:22.634","2026-09-24 01:07:14.392","lxVsdRrjK3L","18495422","[PREMIUM]","[PREMIUM]","[PREMIUM]","114","Section 114","27",6,"[]","2027-03-19 00:00:00","electronic","exchange",2,"[PREMIUM]","2,4,6"
"lxVsdRrLxgY","2026-09-11 23:59:22.634","2026-09-24 01:07:14.392","lxVsdRrLxgY","18495422","[PREMIUM]","[PREMIUM]","[PREMIUM]","114","Section 114","21",6,"[]","2027-03-20 00:00:00","electronic","exchange",1,"[PREMIUM]","1,2,3,4,5,6"
"mxAs4xkXB0l","2026-09-11 23:59:22.634","2026-09-11 23:59:22.634","mxAs4xkXB0l","18495422","[PREMIUM]","[PREMIUM]","[PREMIUM]","221","Section 221","12",4,"[]","2027-03-19 00:00:00","electronic","exchange",1,"[PREMIUM]","2,4"
"mxAs4xkOmla","2026-09-11 23:59:22.634","2026-09-18 01:34:58.638","mxAs4xkOmla","18495422","[PREMIUM]","[PREMIUM]","[PREMIUM]","228","Section 228","11",2,"[]","2027-03-19 00:00:00","electronic","exchange",1,"[PREMIUM]","2"
"mxAs4xkq2vP","2026-09-11 23:59:22.634","2026-09-24 01:07:14.392","mxAs4xkq2vP","18495422","[PREMIUM]","[PREMIUM]","[PREMIUM]","203","Section 203","9",3,"[]","2027-03-19 00:00:00","electronic","exchange",4,"[PREMIUM]","3"
"mxAs4xkq2oP","2026-09-11 23:59:22.634","2026-09-24 01:07:14.392","mxAs4xkq2oP","18495422","[PREMIUM]","[PREMIUM]","[PREMIUM]","110","Section 110","27",1,"[]","2027-03-19 00:00:00","electronic","exchange",0,"[PREMIUM]","1"
"mxAs4xkq2dp","2026-09-11 23:59:22.634","2026-09-24 01:07:14.392","mxAs4xkq2dp","18495422","[PREMIUM]","[PREMIUM]","[PREMIUM]","203","Section 203","10",4,"[]","2027-03-19 00:00:00","electronic","exchange",2,"[PREMIUM]","2,4"
"mxAs4xkXDpO","2026-09-11 23:59:22.634","2026-09-24 01:07:14.392","mxAs4xkXDpO","18495422","[PREMIUM]","[PREMIUM]","[PREMIUM]","116","Section 116","26",8,"[]","2027-03-19 00:00:00","electronic","exchange",3,"[PREMIUM]","1,2,3,4,5,6,7,8"
"nx0srKXg3oG","2026-09-11 23:59:22.634","2026-09-24 01:07:14.392","nx0srKXg3oG","18495422","[PREMIUM]","[PREMIUM]","[PREMIUM]","202","Section 202","13",9,"[]","2027-03-19 00:00:00","electronic","exchange",3,"[PREMIUM]","1,2,3,4,5,6,7,9"
"nx0srKXg3YG","2026-09-11 23:59:22.634","2026-09-24 01:07:14.392","nx0srKXg3YG","18495422","[PREMIUM]","[PREMIUM]","[PREMIUM]","218","Section 218","13",4,"[]","2027-03-19 00:00:00","electronic","exchange",0,"[PREMIUM]","2,4"
"nx0srKXZAjm","2026-09-11 23:59:22.634","2026-09-24 01:07:14.392","nx0srKXZAjm","18495422","[PREMIUM]","[PREMIUM]","[PREMIUM]","114","Section 114","23",8,"[]","2027-03-19 00:00:00","electronic","exchange",3,"[PREMIUM]","1,2,3,4,5,6,7,8"
"nx0srKXM6vw","2026-09-11 23:59:22.634","2026-09-24 01:07:14.392","nx0srKXM6vw","18495422","[PREMIUM]","[PREMIUM]","[PREMIUM]","105","Section 105","17",6,"[]","2027-03-20 00:00:00","electronic","exchange",1,"[PREMIUM]","1,2,3,4,5,6"
"nx0srKD8x5Z","2026-09-11 23:59:22.634","2026-09-24 01:07:14.392","nx0srKD8x5Z","18495422","[PREMIUM]","[PREMIUM]","[PREMIUM]","205","Section 205","12",8,"[]","2027-03-20 00:00:00","electronic","exchange",1,"[PREMIUM]","2,3,4,5,6,7,8"
"oV7Hb62KJpx","2026-09-11 23:59:22.634","2026-09-24 01:07:14.392","oV7Hb62KJpx","18495422","[PREMIUM]","[PREMIUM]","[PREMIUM]","203","Section 203","12",4,"[]","2027-03-19 00:00:00","electronic","exchange",1,"[PREMIUM]","2,4"
"oV7Hb62KJpp","2026-09-11 23:59:22.634","2026-09-24 01:07:14.392","oV7Hb62KJpp","18495422","[PREMIUM]","[PREMIUM]","[PREMIUM]","203","Section 203","12",6,"[]","2027-03-19 00:00:00","electronic","exchange",3,"[PREMIUM]","2,4,6"
"oV7Hb62E3oq","2026-09-11 23:59:22.634","2026-09-24 01:07:14.392","oV7Hb62E3oq","18495422","[PREMIUM]","[PREMIUM]","[PREMIUM]","209","Section 209","8",4,"[]","2027-03-20 00:00:00","electronic","exchange",2,"[PREMIUM]","1,2,3,4"
"oV7Hb62KJXx","2026-09-11 23:59:22.634","2026-09-24 01:07:14.392","oV7Hb62KJXx","18495422","[PREMIUM]","[PREMIUM]","[PREMIUM]","217","Section 217","13",7,"[]","2027-03-19 00:00:00","electronic","exchange",1,"[PREMIUM]","1,2,3,4,5,7"
"oV7Hb62KJ7x","2026-09-11 23:59:22.634","2026-09-24 01:07:14.392","oV7Hb62KJ7x","18495422","[PREMIUM]","[PREMIUM]","[PREMIUM]","228","Section 228","14",4,"[]","2027-03-19 00:00:00","electronic","exchange",0,"[PREMIUM]","2,4"
"oV7Hb62KJ0k","2026-09-11 23:59:22.634","2026-09-24 01:07:14.392","oV7Hb62KJ0k","18495422","[PREMIUM]","[PREMIUM]","[PREMIUM]","203","Section 203","10",4,"[]","2027-03-19 00:00:00","electronic","exchange",1,"[PREMIUM]","2,4"
"oV7Hb625Zr2","2026-09-11 23:59:22.634","2026-09-24 01:07:14.392","oV7Hb625Zr2","18495422","[PREMIUM]","[PREMIUM]","[PREMIUM]","210","Section 210","10",2,"[]","2027-03-20 00:00:00","electronic","exchange",2,"[PREMIUM]","2"
"oV7Hb6rjRNO","2026-09-11 23:59:22.634","2026-09-24 01:07:14.392","oV7Hb6rjRNO","18495422","[PREMIUM]","[PREMIUM]","[PREMIUM]","104","Section 104","19",4,"[]","2027-03-20 00:00:00","electronic","exchange",2,"[PREMIUM]","2,4"
"oV7Hb6rjR5O","2026-09-11 23:59:22.634","2026-09-24 01:07:14.392","oV7Hb6rjR5O","18495422","[PREMIUM]","[PREMIUM]","[PREMIUM]","122","Section 122","17",7,"[]","2027-03-20 00:00:00","electronic","exchange",1,"[PREMIUM]","2,3,4,5,6,7"
"pVXHD79OR53","2026-09-11 23:59:22.634","2026-09-24 01:07:14.392","pVXHD79OR53","18495422","[PREMIUM]","[PREMIUM]","[PREMIUM]","221","Section 221","12",6,"[]","2027-03-20 00:00:00","electronic","exchange",1,"[PREMIUM]","2,3,4,5,6"
"pVXHD79ORN3","2026-09-11 23:59:22.634","2026-09-24 01:07:14.392","pVXHD79ORN3","18495422","[PREMIUM]","[PREMIUM]","[PREMIUM]","115","Section 115","17",6,"[]","2027-03-20 00:00:00","electronic","exchange",1,"[PREMIUM]","2,3,4,5,6"
"pVXHD7ARwDg","2026-09-11 23:59:22.634","2026-09-11 23:59:22.634","pVXHD7ARwDg","18495422","[PREMIUM]","[PREMIUM]","[PREMIUM]","204","Section 204","9",5,"[]","2027-03-19 00:00:00","electronic","exchange",1,"[PREMIUM]","1,3,5"
"pVXHD7AvzBg","2026-09-11 23:59:22.634","2026-09-24 01:07:14.392","pVXHD7AvzBg","18495422","[PREMIUM]","[PREMIUM]","[PREMIUM]","116","Section 116","19",5,"[]","2027-03-19 00:00:00","electronic","exchange",3,"[PREMIUM]","1,2,3,4,5"
"pVXHD7AMqjq","2026-09-11 23:59:22.634","2026-09-24 01:07:14.392","pVXHD7AMqjq","18495422","[PREMIUM]","[PREMIUM]","[PREMIUM]","206","Section 206","5",1,"[]","2027-03-19 00:00:00","electronic","exchange",0,"[PREMIUM]","1"
"pVXHD7AMqXq","2026-09-11 23:59:22.634","2026-09-24 01:07:14.392","pVXHD7AMqXq","18495422","[PREMIUM]","[PREMIUM]","[PREMIUM]","210","Section 210","11",11,"[]","2027-03-19 00:00:00","electronic","exchange",4,"[PREMIUM]","1,2,3,4,5,6,7,8,9,11"
"pVXHD7AMq8n","2026-09-11 23:59:22.634","2026-09-24 01:07:14.392","pVXHD7AMq8n","18495422","[PREMIUM]","[PREMIUM]","[PREMIUM]","230","Section 230","9",17,"[]","2027-03-19 00:00:00","electronic","exchange",2,"[PREMIUM]","1,2,3,4,5,6,7,8,9,10,11,12,13,14,15,17"
"pVXHD7AEbow","2026-09-11 23:59:22.634","2026-09-21 00:37:20.576","pVXHD7AEbow","18495422","[PREMIUM]","[PREMIUM]","[PREMIUM]","111","Section 111","16",6,"[]","2027-03-20 00:00:00","electronic","exchange",1,"[PREMIUM]","1,2,3,4,5,6"
"qVjH2m0vXNk","2026-09-11 23:59:22.634","2026-09-24 01:07:14.392","qVjH2m0vXNk","18495422","[PREMIUM]","[PREMIUM]","[PREMIUM]","114","Section 114","23",11,"[]","2027-03-20 00:00:00","electronic","exchange",1,"[PREMIUM]","2,3,4,5,6,7,8,9,10,11"
"qVjH2m0vX5k","2026-09-11 23:59:22.634","2026-09-24 01:07:14.392","qVjH2m0vX5k","18495422","[PREMIUM]","[PREMIUM]","[PREMIUM]","220","Section 220","10",6,"[]","2027-03-20 00:00:00","electronic","exchange",1,"[PREMIUM]","2,3,4,5,6"
"qVjH2m8a6O8","2026-09-11 23:59:22.634","2026-09-24 01:07:14.392","qVjH2m8a6O8","18495422","[PREMIUM]","[PREMIUM]","[PREMIUM]","211","Section 211","6",1,"[]","2027-03-19 00:00:00","electronic","exchange",0,"[PREMIUM]","1"
"qVjH2m8a6Kq","2026-09-11 23:59:22.634","2026-09-24 01:07:14.392","qVjH2m8a6Kq","18495422","[PREMIUM]","[PREMIUM]","[PREMIUM]","206","Section 206","5",1,"[]","2027-03-19 00:00:00","electronic","exchange",0,"[PREMIUM]","1"
"qVjH2m8a6D8","2026-09-11 23:59:22.634","2026-09-24 01:07:14.392","qVjH2m8a6D8","18495422","[PREMIUM]","[PREMIUM]","[PREMIUM]","224","Section 224","2",8,"[]","2027-03-19 00:00:00","electronic","exchange",4,"[PREMIUM]","1,2,3,4,5,6,8"
"qVjH2m8VeMl","2026-09-11 23:59:22.634","2026-09-24 01:07:14.392","qVjH2m8VeMl","18495422","[PREMIUM]","[PREMIUM]","[PREMIUM]","120","Section 120","17",6,"[]","2027-03-20 00:00:00","electronic","exchange",1,"[PREMIUM]","1,2,3,4,5,6"
"qVjH2m85wog","2026-09-11 23:59:22.634","2026-09-24 01:07:14.392","qVjH2m85wog","18495422","[PREMIUM]","[PREMIUM]","[PREMIUM]","104","Section 104","19",2,"[]","2027-03-20 00:00:00","electronic","exchange",2,"[PREMIUM]","1,2"
"qVjH2m83ABp","2026-09-11 23:59:22.634","2026-09-24 01:07:14.392","qVjH2m83ABp","18495422","[PREMIUM]","[PREMIUM]","[PREMIUM]","115","Section 115","17",6,"[]","2027-03-19 00:00:00","electronic","exchange",2,"[PREMIUM]","1,2,3,4,5,6"
"rVOHkpY5emx","2026-09-11 23:59:22.634","2026-09-24 01:07:14.392","rVOHkpY5emx","18495422","[PREMIUM]","[PREMIUM]","[PREMIUM]","105","Section 105","17",2,"[]","2027-03-20 00:00:00","electronic","exchange",1,"[PREMIUM]","1,2"
"rVOHkpYJEOo","2026-09-11 23:59:22.634","2026-09-24 01:07:14.392","rVOHkpYJEOo","18495422","[PREMIUM]","[PREMIUM]","[PREMIUM]","222","Section 222","12",4,"[]","2027-03-19 00:00:00","electronic","exchange",0,"[PREMIUM]","2,4"
"rVOHkpYJE2o","2026-09-11 23:59:22.634","2026-09-24 01:07:14.392","rVOHkpYJE2o","18495422","[PREMIUM]","[PREMIUM]","[PREMIUM]","210","Section 210","10",6,"[]","2027-03-19 00:00:00","electronic","exchange",3,"[PREMIUM]","2,4,6"
"rVOHkpYJE2L","2026-09-11 23:59:22.634","2026-09-24 01:07:14.392","rVOHkpYJE2L","18495422","[PREMIUM]","[PREMIUM]","[PREMIUM]","203","Section 203","14",4,"[]","2027-03-19 00:00:00","electronic","exchange",1,"[PREMIUM]","2,4"
"rVOHkpYJE0E","2026-09-11 23:59:22.634","2026-09-24 01:07:14.392","rVOHkpYJE0E","18495422","[PREMIUM]","[PREMIUM]","[PREMIUM]","226","Section 226","1",2,"[]","2027-03-19 00:00:00","electronic","exchange",2,"[PREMIUM]","2"
"rVOHkpxoO7G","2026-09-11 23:59:22.634","2026-09-22 23:30:25.218","rVOHkpxoO7G","18495422","[PREMIUM]","[PREMIUM]","[PREMIUM]","228","Section 228","10",4,"[]","2027-03-19 00:00:00","electronic","exchange",1,"[PREMIUM]","2,4"
"vb3iPw3XnNX","2026-09-11 23:59:22.634","2026-09-18 01:34:58.638","vb3iPw3XnNX","18495422","[PREMIUM]","[PREMIUM]","[PREMIUM]","227","Section 227","10",3,"[]","2027-03-19 00:00:00","electronic","exchange",1,"[PREMIUM]","1,3"
"vb3iPw3Xnwz","2026-09-11 23:59:22.634","2026-09-18 01:34:58.638","vb3iPw3Xnwz","18495422","[PREMIUM]","[PREMIUM]","[PREMIUM]","114","Section 114","21",7,"[]","2027-03-19 00:00:00","electronic","exchange",1,"[PREMIUM]","1,2,3,5,7"
"vb3iPw68X5x","2026-09-11 23:59:22.634","2026-09-24 01:07:14.392","vb3iPw68X5x","18495422","[PREMIUM]","[PREMIUM]","[PREMIUM]","116","Section 116","28",4,"[]","2027-03-20 00:00:00","electronic","exchange",1,"[PREMIUM]","2,4"
"vb3iPw3emzw","2026-09-11 23:59:22.634","2026-09-24 01:07:14.392","vb3iPw3emzw","18495422","[PREMIUM]","[PREMIUM]","[PREMIUM]","210","Section 210","10",3,"[]","2027-03-20 00:00:00","electronic","exchange",2,"[PREMIUM]","1,2,3"
"vb3iPw3Mj04","2026-09-11 23:59:22.634","2026-09-24 01:07:14.392","vb3iPw3Mj04","18495422","[PREMIUM]","[PREMIUM]","[PREMIUM]","120","Section 120","17",8,"[]","2027-03-19 00:00:00","electronic","exchange",2,"[PREMIUM]","1,2,3,4,5,6,7,8"
"vb3iPw3ALJe","2026-09-11 23:59:22.634","2026-09-24 01:07:14.392","vb3iPw3ALJe","18495422","[PREMIUM]","[PREMIUM]","[PREMIUM]","231","Section 231","4",13,"[]","2027-03-19 00:00:00","electronic","exchange",2,"[PREMIUM]","1,2,3,4,5,6,7,8,9,10,11,13"
"vb3iPw3ALDe","2026-09-11 23:59:22.634","2026-09-24 01:07:14.392","vb3iPw3ALDe","18495422","[PREMIUM]","[PREMIUM]","[PREMIUM]","105","Section 105","16",5,"[]","2027-03-19 00:00:00","electronic","exchange",1,"[PREMIUM]","1,2,3,5"
"vb3iPw3AL5p","2026-09-11 23:59:22.634","2026-09-24 01:07:14.392","vb3iPw3AL5p","18495422","[PREMIUM]","[PREMIUM]","[PREMIUM]","224","Section 224","9",4,"[]","2027-03-19 00:00:00","electronic","exchange",1,"[PREMIUM]","2,4"
"w3Jse8PRrVe","2026-09-11 23:59:22.634","2026-09-18 01:34:58.638","w3Jse8PRrVe","18495422","[PREMIUM]","[PREMIUM]","[PREMIUM]","117","Section 117","12",6,"[]","2027-03-19 00:00:00","electronic","exchange",2,"[PREMIUM]","1,2,4,6"
"w3Jse8P4k0J","2026-09-11 23:59:22.634","2026-09-24 01:07:14.392","w3Jse8P4k0J","18495422","[PREMIUM]","[PREMIUM]","[PREMIUM]","110","Section 110","23",4,"[]","2027-03-19 00:00:00","electronic","exchange",1,"[PREMIUM]","2,4"
"w3Jse8P4kpP","2026-09-11 23:59:22.634","2026-09-24 01:07:14.392","w3Jse8P4kpP","18495422","[PREMIUM]","[PREMIUM]","[PREMIUM]","228","Section 228","12",4,"[]","2027-03-19 00:00:00","electronic","exchange",1,"[PREMIUM]","2,4"
"w3Jse8Z6RNv","2026-09-11 23:59:22.634","2026-09-24 01:07:14.392","w3Jse8Z6RNv","18495422","[PREMIUM]","[PREMIUM]","[PREMIUM]","105","Section 105","19",14,"[]","2027-03-20 00:00:00","electronic","exchange",2,"[PREMIUM]","2,3,4,5,6,7,8,9,10,11,12,13,14"
"w3Jse8P4kJ6","2026-09-11 23:59:22.634","2026-09-24 01:07:14.392","w3Jse8P4kJ6","18495422","[PREMIUM]","[PREMIUM]","[PREMIUM]","209","Section 209","8",5,"[]","2027-03-19 00:00:00","electronic","exchange",2,"[PREMIUM]","1,2,3,5"
"w3Jse8P4k06","2026-09-11 23:59:22.634","2026-09-24 01:07:14.392","w3Jse8P4k06","18495422","[PREMIUM]","[PREMIUM]","[PREMIUM]","219","Section 219","12",2,"[]","2027-03-19 00:00:00","electronic","exchange",0,"[PREMIUM]","2"
"w3Jse8P4k96","2026-09-11 23:59:22.634","2026-09-24 01:07:14.392","w3Jse8P4k96","18495422","[PREMIUM]","[PREMIUM]","[PREMIUM]","219","Section 219","7",4,"[]","2027-03-19 00:00:00","electronic","exchange",2,"[PREMIUM]","2,4"
"xb9iml5rwER","2026-09-11 23:59:22.634","2026-09-24 01:07:14.392","xb9iml5rwER","18495422","[PREMIUM]","[PREMIUM]","[PREMIUM]","226","Section 226","11",2,"[]","2027-03-19 00:00:00","electronic","exchange",0,"[PREMIUM]","2"
"xb9iml5B7LV","2026-09-11 23:59:22.634","2026-09-21 00:37:20.576","xb9iml5B7LV","18495422","[PREMIUM]","[PREMIUM]","[PREMIUM]","111","Section 111","18",2,"[]","2027-03-20 00:00:00","electronic","exchange",1,"[PREMIUM]","2"
"xb9iml5rw6J","2026-09-11 23:59:22.634","2026-09-24 01:07:14.392","xb9iml5rw6J","18495422","[PREMIUM]","[PREMIUM]","[PREMIUM]","230","Section 230","14",4,"[]","2027-03-19 00:00:00","electronic","exchange",1,"[PREMIUM]","2,4"
"xb9iml5z0RO","2026-09-11 23:59:22.634","2026-09-21 00:37:20.576","xb9iml5z0RO","18495422","[PREMIUM]","[PREMIUM]","[PREMIUM]","216","Section 216","12",4,"[]","2027-03-19 00:00:00","electronic","exchange",2,"[PREMIUM]","1,2,3,4"
"xb9imldnxB3","2026-09-11 23:59:22.634","2026-09-24 01:07:14.392","xb9imldnxB3","18495422","[PREMIUM]","[PREMIUM]","[PREMIUM]","109","Section 109","22",3,"[]","2026-10-08 00:00:00","electronic","exchange",0,"[PREMIUM]","1,3"
"xb9imlq80Pj","2026-09-11 23:59:22.634","2026-09-24 01:07:14.392","xb9imlq80Pj","18495422","[PREMIUM]","[PREMIUM]","[PREMIUM]","222","Section 222","11",10,"[]","2027-03-20 00:00:00","electronic","exchange",1,"[PREMIUM]","2,3,4,5,6,7,8,9,10"
"xb9imlq80Nj","2026-09-11 23:59:22.634","2026-09-24 01:07:14.392","xb9imlq80Nj","18495422","[PREMIUM]","[PREMIUM]","[PREMIUM]","115","Section 115","18",5,"[]","2027-03-20 00:00:00","electronic","exchange",1,"[PREMIUM]","2,3,4,5"
"z3Es6vePg56","2026-09-11 23:59:22.634","2026-09-24 01:07:14.392","z3Es6vePg56","18495422","[PREMIUM]","[PREMIUM]","[PREMIUM]","227","Section 227","7",4,"[]","2027-03-19 00:00:00","electronic","exchange",1,"[PREMIUM]","2,4"
"z3Es6vePgEV","2026-09-11 23:59:22.634","2026-09-24 01:07:14.392","z3Es6vePgEV","18495422","[PREMIUM]","[PREMIUM]","[PREMIUM]","204","Section 204","12",4,"[]","2027-03-19 00:00:00","electronic","exchange",1,"[PREMIUM]","2,4"
"z3Es6ve5ozD","2026-09-11 23:59:22.634","2026-09-24 01:07:14.392","z3Es6ve5ozD","18495422","[PREMIUM]","[PREMIUM]","[PREMIUM]","228","Section 228","12",6,"[]","2027-03-20 00:00:00","electronic","exchange",1,"[PREMIUM]","1,2,3,4,5,6"
"z3Es6vKModY","2026-09-11 23:59:22.634","2026-09-24 01:07:14.392","z3Es6vKModY","18495422","[PREMIUM]","[PREMIUM]","[PREMIUM]","113","Section 113","28",2,"[]","2026-10-08 00:00:00","electronic","exchange",0,"[PREMIUM]","2"
"z3Es6vePglV","2026-09-11 23:59:22.634","2026-09-24 01:07:14.392","z3Es6vePglV","18495422","[PREMIUM]","[PREMIUM]","[PREMIUM]","204","Section 204","14",3,"[]","2027-03-19 00:00:00","electronic","exchange",0,"[PREMIUM]","3"
"z3Es6veqGmq","2026-09-11 23:59:22.634","2026-09-13 07:10:23.356","z3Es6veqGmq","18495422","[PREMIUM]","[PREMIUM]","[PREMIUM]","226","Section 226","11",2,"[]","2027-03-20 00:00:00","electronic","exchange",1,"[PREMIUM]","2"
"z3Es6vejzvX","2026-09-11 23:59:22.634","2026-09-11 23:59:22.634","z3Es6vejzvX","18495422","[PREMIUM]","[PREMIUM]","[PREMIUM]","114","Section 114","23",8,"[]","2027-03-19 00:00:00","electronic","exchange",2,"[PREMIUM]","1,2,3,4,6,8"
"05VT8lrDRok","2026-09-11 23:59:19.288","2026-09-24 01:07:12.494","05VT8lrDRok","18495952","[PREMIUM]","[PREMIUM]","[PREMIUM]","210","Section 210","3",6,"[]","2027-03-19 00:00:00","electronic","exchange",1,"[PREMIUM]","2,4,6"
"4vXcjRDX5Lo","2026-09-11 23:59:19.288","2026-09-24 01:07:12.494","4vXcjRDX5Lo","18495952","[PREMIUM]","[PREMIUM]","[PREMIUM]","210","Section 210","1",8,"[]","2027-03-19 00:00:00","electronic","exchange",0,"[PREMIUM]","1,2,3,4,5,6,7,8"
"8lKt6aVkJXL","2026-09-11 23:59:19.288","2026-09-11 23:59:19.288","8lKt6aVkJXL","18495952","[PREMIUM]","[PREMIUM]","[PREMIUM]","M21","Mezzanine 21","4",8,"['13','14','15','16','17','18','19','20']",,"electronic","exchange",1,"[PREMIUM]","1,2,3,4,5,6,8"
"A6rs2Kbrnl4","2026-09-11 23:59:19.288","2026-09-17 00:52:36.705","A6rs2Kbrnl4","18495952","[PREMIUM]","[PREMIUM]","[PREMIUM]","210","Section 210","4",6,"[]","2027-03-19 00:00:00","electronic","exchange",1,"[PREMIUM]","1,2,3,4,5,6"
"DdwHkMawz8b","2026-09-11 23:59:19.288","2026-09-17 00:52:36.705","DdwHkMawz8b","18495952","[PREMIUM]","[PREMIUM]","[PREMIUM]","210","Section 210","2",4,"[]","2027-03-19 00:00:00","electronic","exchange",1,"[PREMIUM]","1,2,3,4"
"EroUXgkgwlm","2026-09-11 23:59:19.288","2026-09-17 00:52:36.705","EroUXgkgwlm","18495952","[PREMIUM]","[PREMIUM]","[PREMIUM]","210","Section 210","2",4,"[]","2027-03-18 00:00:00","electronic","exchange",1,"[PREMIUM]","1,2,3,4"
"GAaI60EbOwo","2026-09-11 23:59:19.288","2026-09-17 00:52:36.705","GAaI60EbOwo","18495952","[PREMIUM]","[PREMIUM]","[PREMIUM]","210","Section 210","1",4,"[]","2027-03-19 00:00:00","electronic","exchange",0,"[PREMIUM]","1,2,3,4"
"JABI3E6qx98","2026-09-11 23:59:19.288","2026-09-11 23:59:19.288","JABI3E6qx98","18495952","[PREMIUM]","[PREMIUM]","[PREMIUM]","230","Section 230","1",5,"['1','2','3','4','5']",,"electronic","exchange",0,"[PREMIUM]","1,2,3,5"
"JABI3ErBwDX","2026-09-11 23:59:19.288","2026-09-17 00:52:36.705","JABI3ErBwDX","18495952","[PREMIUM]","[PREMIUM]","[PREMIUM]","210","Section 210","4",6,"[]","2027-03-19 00:00:00","electronic","exchange",1,"[PREMIUM]","1,2,3,4,5,6"
"MAeIP34dNlJ","2026-09-11 23:59:19.288","2026-09-24 01:07:12.494","MAeIP34dNlJ","18495952","[PREMIUM]","[PREMIUM]","[PREMIUM]","125","Section 125","6",4,"['1','2','3','4']","2027-03-19 00:00:00","electronic","exchange",1,"[PREMIUM]","4"
"MAeIP3M7m3R","2026-09-11 23:59:19.288","2026-09-11 23:59:19.288","MAeIP3M7m3R","18495952","[PREMIUM]","[PREMIUM]","[PREMIUM]","230","Section 230","1",8,"['9','10','11','12','13','14','15','16']",,"electronic","exchange",1,"[PREMIUM]","1,2,3,4,5,6,8"
"MAeIP3M7m0Z","2026-09-11 23:59:19.288","2026-09-11 23:59:19.288","MAeIP3M7m0Z","18495952","[PREMIUM]","[PREMIUM]","[PREMIUM]","228","Section 228","6",8,"['5','6','7','8','9','10','11','12']",,"electronic","exchange",2,"[PREMIUM]","1,2,3,4,5,6,8"
"PX0sgq3PzKN","2026-09-11 23:59:19.288","2026-09-17 00:52:36.705","PX0sgq3PzKN","18495952","[PREMIUM]","[PREMIUM]","[PREMIUM]","210","Section 210","2",2,"[]","2027-03-19 00:00:00","electronic","exchange",0,"[PREMIUM]","1,2"
"V4KU0459dgx","2026-09-11 23:59:19.288","2026-09-11 23:59:19.288","V4KU0459dgx","18495952","[PREMIUM]","[PREMIUM]","[PREMIUM]","113","Section 113","20",8,"['9','10','11','12','13','14','15','16']",,"electronic","exchange",1,"[PREMIUM]","1,2,3,4,5,6,8"
"YgJtk0L0x3G","2026-09-11 23:59:19.288","2026-09-24 01:07:12.494","YgJtk0L0x3G","18495952","[PREMIUM]","[PREMIUM]","[PREMIUM]","210","Section 210","3",6,"[]","2027-03-18 00:00:00","electronic","exchange",1,"[PREMIUM]","1,2,3,4,5,6"
"Zm9hvJGJxL6","2026-09-11 23:59:19.288","2026-09-24 01:07:12.494","Zm9hvJGJxL6","18495952","[PREMIUM]","[PREMIUM]","[PREMIUM]","210","Section 210","4",6,"[]","2027-03-18 00:00:00","electronic","exchange",1,"[PREMIUM]","1,2,3,4,5,6"
"b4wUaoPlKwl","2026-09-11 23:59:19.288","2026-09-11 23:59:19.288","b4wUaoPlKwl","18495952","[PREMIUM]","[PREMIUM]","[PREMIUM]","126","Section 126","19",8,"['1','2','3','4','5','6','7','8']",,"electronic","exchange",0,"[PREMIUM]","1,2,3,4,5,6,8"
"kYet9m7mVx5","2026-09-11 23:59:19.288","2026-09-24 01:07:12.494","kYet9m7mVx5","18495952","[PREMIUM]","[PREMIUM]","[PREMIUM]","210","Section 210","4",6,"[]","2027-03-18 00:00:00","electronic","exchange",1,"[PREMIUM]","1,2,3,4,5,6"
"lxVsdRnRzab","2026-09-11 23:59:19.288","2026-09-24 01:07:12.494","lxVsdRnRzab","18495952","[PREMIUM]","[PREMIUM]","[PREMIUM]","210","Section 210","3",6,"[]","2027-03-18 00:00:00","electronic","exchange",1,"[PREMIUM]","1,2,3,4,5,6"
"lxVsdRn9Mlp","2026-09-11 23:59:19.288","2026-09-24 01:07:12.494","lxVsdRn9Mlp","18495952","[PREMIUM]","[PREMIUM]","[PREMIUM]","210","Section 210","2",8,"[]","2027-03-19 00:00:00","electronic","exchange",1,"[PREMIUM]","1,2,3,4,5,6,7,8"
"mxAs4xwb5A3","2026-09-11 23:59:19.288","2026-09-11 23:59:19.288","mxAs4xwb5A3","18495952","[PREMIUM]","[PREMIUM]","[PREMIUM]","118","Section 118","19",8,"['5','6','7','8','9','10','11','12']",,"electronic","exchange",1,"[PREMIUM]","1,2,3,4,5,6,8"
"oV7Hb6k60Zz","2026-09-11 23:59:19.288","2026-09-17 00:52:36.705","oV7Hb6k60Zz","18495952","[PREMIUM]","[PREMIUM]","[PREMIUM]","210","Section 210","12",6,"[]","2027-03-18 00:00:00","electronic","exchange",2,"[PREMIUM]","1,2,3,4,5,6"
"qVjH2mlmK6b","2026-09-11 23:59:19.288","2026-09-17 00:52:36.705","qVjH2mlmK6b","18495952","[PREMIUM]","[PREMIUM]","[PREMIUM]","210","Section 210","2",4,"[]","2027-03-18 00:00:00","electronic","exchange",1,"[PREMIUM]","1,2,3,4"
"qVjH2mlmVjM","2026-09-11 23:59:19.288","2026-09-24 01:07:12.494","qVjH2mlmVjM","18495952","[PREMIUM]","[PREMIUM]","[PREMIUM]","210","Section 210","3",6,"[]","2027-03-19 00:00:00","electronic","exchange",1,"[PREMIUM]","1,2,3,4,5,6"
"rVOHkpmGxGB","2026-09-11 23:59:19.288","2026-09-11 23:59:19.288","rVOHkpmGxGB","18495952","[PREMIUM]","[PREMIUM]","[PREMIUM]","106","Section 106","18",5,"['1','2','3','4','5']",,"electronic","exchange",5,"[PREMIUM]","1,2,3,5"
"vb3iPw3Aw2D","2026-09-11 23:59:19.288","2026-09-24 01:07:12.494","vb3iPw3Aw2D","18495952","[PREMIUM]","[PREMIUM]","[PREMIUM]","119","Section 119","12",2,"[]","2027-03-19 00:00:00","electronic","exchange",0,"[PREMIUM]","2"
"vb3iPwmPqVP","2026-09-11 23:59:19.288","2026-09-18 11:25:50.967","vb3iPwmPqVP","18495952","[PREMIUM]","[PREMIUM]","[PREMIUM]","102","Section 102","18",2,"[]","2027-03-18 00:00:00","electronic","exchange",2,"[PREMIUM]","2"
"w3Jse8ZwzL7","2026-09-11 23:59:19.288","2026-09-11 23:59:19.288","w3Jse8ZwzL7","18495952","[PREMIUM]","[PREMIUM]","[PREMIUM]","106","Section 106","18",8,"['9','10','11','12','13','14','15','16']",,"electronic","exchange",5,"[PREMIUM]","1,2,3,4,5,6,8"
"xb9imldl9Rx","2026-09-11 23:59:19.288","2026-09-17 00:52:36.705","xb9imldl9Rx","18495952","[PREMIUM]","[PREMIUM]","[PREMIUM]","209","Section 209","12",6,"[]","2027-03-19 00:00:00","electronic","exchange",1,"[PREMIUM]","1,2,3,4,5,6"
"xb9imldlEwo","2026-09-11 23:59:19.288","2026-09-17 00:52:36.705","xb9imldlEwo","18495952","[PREMIUM]","[PREMIUM]","[PREMIUM]","210","Section 210","12",6,"[]","2027-03-18 00:00:00","electronic","exchange",2,"[PREMIUM]","1,2,3,4,5,6"
"z3Es6vk0OGD","2026-09-11 23:59:19.288","2026-09-11 23:59:19.288","z3Es6vk0OGD","18495952","[PREMIUM]","[PREMIUM]","[PREMIUM]","210","Section 210","5",8,"['1','2','3','4','5','6','7','8']",,"electronic","exchange",1,"[PREMIUM]","1,2,3,4,5,6,8"
"5EjuZwY8gvq","2026-09-11 23:59:12.703","2026-09-24 01:06:25.915","5EjuZwY8gvq","18495719","[PREMIUM]","[PREMIUM]","[PREMIUM]","201","Section 201","6",4,"[]","2027-03-18 00:00:00","electronic","exchange",2,"[PREMIUM]","1,2,3,4"
"BALImMaGeA5","2026-09-11 23:59:12.703","2026-09-24 01:06:25.915","BALImMaGeA5","18495719","[PREMIUM]","[PREMIUM]","[PREMIUM]","201","Section 201","6",4,"[]","2027-03-18 00:00:00","electronic","exchange",2,"[PREMIUM]","1,2,3,4"
"vb3iPw33Bna","2026-09-11 23:59:12.703","2026-09-17 00:52:33.712","vb3iPw33Bna","18495719","[PREMIUM]","[PREMIUM]","[PREMIUM]","209","Section 209","6",2,"[]","2027-03-19 00:00:00","electronic","exchange",0,"[PREMIUM]","2"
"2v0czqJgd0d","2026-09-11 23:59:11.687","2026-09-24 01:06:31.721","2v0czqJgd0d","18496182","[PREMIUM]","[PREMIUM]","[PREMIUM]","231","Section 231","a",2,"['1','2']","2027-03-19 00:00:00","electronic","exchange",0,"[PREMIUM]","2"
"05VT8lJv2kk","2026-09-11 23:59:09.135","2026-09-24 01:07:33.177","05VT8lJv2kk","18495270","[PREMIUM]","[PREMIUM]","[PREMIUM]","112","Section 112","14",4,"[]","2027-03-19 00:00:00","electronic","exchange",1,"[PREMIUM]","1,2,3,4"
"05VT8lnDREE","2026-09-11 23:59:09.135","2026-09-24 01:07:33.177","05VT8lnDREE","18495270","[PREMIUM]","[PREMIUM]","[PREMIUM]","210","Section 210","8",4,"[]","2027-03-18 00:00:00","electronic","exchange",2,"[PREMIUM]","4"
"05VT8lnD87q","2026-09-11 23:59:09.135","2026-09-24 01:07:33.177","05VT8lnD87q","18495270","[PREMIUM]","[PREMIUM]","[PREMIUM]","C-F","Club F","7",4,"[]","2027-03-18 00:00:00","electronic","exchange",1,"[PREMIUM]","4"
"2v0czqJGAe8","2026-09-11 23:59:09.135","2026-09-20 00:03:25.366","2v0czqJGAe8","18495270","[PREMIUM]","[PREMIUM]","[PREMIUM]","232","Section 232","12",3,"[]","2027-03-18 00:00:00","electronic","exchange",2,"[PREMIUM]","3"
"2v0czqJZ6OY","2026-09-11 23:59:09.135","2026-09-24 01:07:33.177","2v0czqJZ6OY","18495270","[PREMIUM]","[PREMIUM]","[PREMIUM]","214","Section 214","4",9,"[]","2027-03-19 00:00:00","electronic","exchange",2,"[PREMIUM]","1,2,3,4,5,6,7,8,9"
"3q7fNL97vPE","2026-09-11 23:59:09.135","2026-09-24 01:07:33.177","3q7fNL97vPE","18495270","[PREMIUM]","[PREMIUM]","[PREMIUM]","103","Section 103","20",2,"[]","2027-03-18 00:00:00","electronic","exchange",2,"[PREMIUM]","2"
"5EjuZwOjaVk","2026-09-11 23:59:09.135","2026-09-24 01:07:33.177","5EjuZwOjaVk","18495270","[PREMIUM]","[PREMIUM]","[PREMIUM]","213","Section 213","14",4,"[]","2027-03-18 00:00:00","electronic","exchange",1,"[PREMIUM]","4"
"6mOhkoaOKeY","2026-09-11 23:59:09.135","2026-09-24 01:07:33.177","6mOhkoaOKeY","18495270","[PREMIUM]","[PREMIUM]","[PREMIUM]","113","Section 113","16",2,"[]","2027-03-18 00:00:00","electronic","exchange",2,"[PREMIUM]","2"
"8lKt6aVBLp0","2026-09-11 23:59:09.135","2026-09-24 01:07:33.177","8lKt6aVBLp0","18495270","[PREMIUM]","[PREMIUM]","[PREMIUM]","117","Section 117","22",2,"[]","2027-03-19 00:00:00","electronic","exchange",1,"[PREMIUM]","2"
"9P2c5MNmaX5","2026-09-11 23:59:09.135","2026-09-24 01:07:33.177","9P2c5MNmaX5","18495270","[PREMIUM]","[PREMIUM]","[PREMIUM]","214","Section 214","2",3,"[]","2027-03-19 00:00:00","electronic","exchange",1,"[PREMIUM]","1,2,3"
"A6rs2KbavDq","2026-09-11 23:59:09.135","2026-09-24 01:07:33.177","A6rs2KbavDq","18495270","[PREMIUM]","[PREMIUM]","[PREMIUM]","110","Section 110","8",4,"['9','10','11','12']","2027-03-19 00:00:00","electronic","exchange",1,"[PREMIUM]","1,2,4"
"BALImMrDlMK","2026-09-11 23:59:09.135","2026-09-11 23:59:09.135","BALImMrDlMK","18495270","[PREMIUM]","[PREMIUM]","[PREMIUM]","114","Section 114","16",4,"[]","2027-03-18 00:00:00","electronic","exchange",5,"[PREMIUM]","4"
"BALImMrbBd6","2026-09-11 23:59:09.135","2026-09-24 01:07:33.177","BALImMrbBd6","18495270","[PREMIUM]","[PREMIUM]","[PREMIUM]","101","Section 101","25",4,"['17','18','19','20']","2027-03-19 00:00:00","electronic","exchange",0,"[PREMIUM]","2,4"
"DdwHkM395aR","2026-09-11 23:59:09.135","2026-09-24 01:07:33.177","DdwHkM395aR","18495270","[PREMIUM]","[PREMIUM]","[PREMIUM]","117","Section 117","10",4,"[]","2027-03-19 00:00:00","electronic","exchange",1,"[PREMIUM]","1,2,3,4"
"GAaI60gLKEB","2026-09-11 23:59:09.135","2026-09-24 01:07:33.177","GAaI60gLKEB","18495270","[PREMIUM]","[PREMIUM]","[PREMIUM]","112","Section 112","14",4,"[]","2027-03-19 00:00:00","electronic","exchange",2,"[PREMIUM]","1,2,3,4"
"GAaI60EvYaG","2026-09-11 23:59:09.135","2026-09-24 01:07:33.177","GAaI60EvYaG","18495270","[PREMIUM]","[PREMIUM]","[PREMIUM]","215","Section 215","1",6,"['12','13','14','15','16','17']","2027-03-19 00:00:00","electronic","exchange",0,"[PREMIUM]","1,2,3,4,6"
"JABI3EraYkB","2026-09-11 23:59:09.135","2026-09-24 01:07:33.177","JABI3EraYkB","18495270","[PREMIUM]","[PREMIUM]","[PREMIUM]","231","Section 231","1",5,"['12','13','14','15','16']","2027-03-19 00:00:00","electronic","exchange",0,"[PREMIUM]","1,2,3,5"
"KezczqoPlk5","2026-09-11 23:59:09.135","2026-09-24 01:07:33.177","KezczqoPlk5","18495270","[PREMIUM]","[PREMIUM]","[PREMIUM]","224","Section 224","14",2,"[]","2027-03-19 00:00:00","electronic","exchange",1,"[PREMIUM]","2"
"MAeIP3MLp7q","2026-09-11 23:59:09.135","2026-09-13 07:10:10.592","MAeIP3MLp7q","18495270","[PREMIUM]","[PREMIUM]","[PREMIUM]","216","Section 216","1",5,"[]","2027-03-19 00:00:00","electronic","exchange",2,"[PREMIUM]","1,2,3,4,5"
"MAeIP3RXPam","2026-09-11 23:59:09.135","2026-09-24 01:07:33.177","MAeIP3RXPam","18495270","[PREMIUM]","[PREMIUM]","[PREMIUM]","223","Section 223","16",2,"[]","2027-03-18 00:00:00","electronic","exchange",1,"[PREMIUM]","2"
"NrqUv6qmJY6","2026-09-11 23:59:09.135","2026-09-24 01:07:33.177","NrqUv6qmJY6","18495270","[PREMIUM]","[PREMIUM]","[PREMIUM]","105","Section 105","11",4,"[]","2027-03-18 00:00:00","electronic","exchange",2,"[PREMIUM]","4"
"NrqUv6qgEE9","2026-09-11 23:59:09.135","2026-09-24 01:07:33.177","NrqUv6qgEE9","18495270","[PREMIUM]","[PREMIUM]","[PREMIUM]","207","Section 207","14",8,"[]","2027-03-19 00:00:00","electronic","exchange",0,"[PREMIUM]","1,2,3,4,5,6,7,8"
"O7AhwK37kVL","2026-09-11 23:59:09.135","2026-09-11 23:59:09.135","O7AhwK37kVL","18495270","[PREMIUM]","[PREMIUM]","[PREMIUM]","117","Section 117","14",4,"[]","2027-03-18 00:00:00","electronic","exchange",3,"[PREMIUM]","4"
"O7AhwK9ekgb","2026-09-11 23:59:09.135","2026-09-13 07:10:10.592","O7AhwK9ekgb","18495270","[PREMIUM]","[PREMIUM]","[PREMIUM]","215","Section 215","3",2,"[]","2027-03-19 00:00:00","electronic","exchange",2,"[PREMIUM]","2"
"PX0sgq3Ajm9","2026-09-11 23:59:09.135","2026-09-24 01:07:33.177","PX0sgq3Ajm9","18495270","[PREMIUM]","[PREMIUM]","[PREMIUM]","110","Section 110","a",2,"[]","2027-03-18 00:00:00","electronic","exchange",0,"[PREMIUM]","2"
"PX0sgq972gJ","2026-09-11 23:59:09.135","2026-09-24 01:07:33.177","PX0sgq972gJ","18495270","[PREMIUM]","[PREMIUM]","[PREMIUM]","111A","Section 111 A","30",4,"[]","2027-03-18 00:00:00","electronic","exchange",1,"[PREMIUM]","4"
"YgJtk07gOO3","2026-09-11 23:59:09.135","2026-09-24 01:07:33.177","YgJtk07gOO3","18495270","[PREMIUM]","[PREMIUM]","[PREMIUM]","118","Section 118","14",6,"[]","2027-03-19 00:00:00","electronic","exchange",1,"[PREMIUM]","1,2,3,4,5,6"
"Zm9hvJnl4dq","2026-09-11 23:59:09.135","2026-09-24 01:07:33.177","Zm9hvJnl4dq","18495270","[PREMIUM]","[PREMIUM]","[PREMIUM]","C-D","Club D","6",2,"[]","2027-03-18 00:00:00","electronic","exchange",2,"[PREMIUM]","2"
"agktlMK8dmp","2026-09-11 23:59:09.135","2026-09-13 07:10:10.592","agktlMK8dmp","18495270","[PREMIUM]","[PREMIUM]","[PREMIUM]","111A","Section 111 A","28",2,"[]","2027-03-18 00:00:00","electronic","exchange",2,"[PREMIUM]","2"
"b4wUaoPmjed","2026-09-11 23:59:09.135","2026-09-24 01:07:33.177","b4wUaoPmjed","18495270","[PREMIUM]","[PREMIUM]","[PREMIUM]","117","Section 117","10",4,"[]","2027-03-19 00:00:00","electronic","exchange",0,"[PREMIUM]","1,2,3,4"
"g48Ur6ER5AG","2026-09-11 23:59:09.135","2026-09-24 01:07:33.177","g48Ur6ER5AG","18495270","[PREMIUM]","[PREMIUM]","[PREMIUM]","117","Section 117","10",4,"[]","2027-03-19 00:00:00","electronic","exchange",1,"[PREMIUM]","1,2,3,4"
"jDvszkmKE6J","2026-09-11 23:59:09.135","2026-09-24 01:07:33.177","jDvszkmKE6J","18495270","[PREMIUM]","[PREMIUM]","[PREMIUM]","117","Section 117","16",3,"[]","2027-03-19 00:00:00","electronic","exchange",2,"[PREMIUM]","1,2,3"
"kYet9mXJLwe","2026-09-11 23:59:09.135","2026-09-11 23:59:09.135","kYet9mXJLwe","18495270","[PREMIUM]","[PREMIUM]","[PREMIUM]","113","Section 113","15",4,"[]","2027-03-18 00:00:00","electronic","exchange",4,"[PREMIUM]","4"
"kYet9mXXgdO","2026-09-11 23:59:09.135","2026-09-24 01:07:33.177","kYet9mXXgdO","18495270","[PREMIUM]","[PREMIUM]","[PREMIUM]","220","Section 220","1",1,"[]","2027-03-20 00:00:00","electronic","exchange",0,"[PREMIUM]","1"
"mxAs4xMRl5A","2026-09-11 23:59:09.135","2026-09-24 01:07:33.177","mxAs4xMRl5A","18495270","[PREMIUM]","[PREMIUM]","[PREMIUM]","102","Section 102","7",4,"['7','8','9','10']","2027-03-19 00:00:00","electronic","exchange",0,"[PREMIUM]","1,2,4"
"mxAs4xkALMx","2026-09-11 23:59:09.135","2026-09-24 01:07:33.177","mxAs4xkALMx","18495270","[PREMIUM]","[PREMIUM]","[PREMIUM]","227","Section 227","14",4,"[]","2027-03-18 00:00:00","electronic","exchange",1,"[PREMIUM]","4"
"mxAs4xkA4Pw","2026-09-11 23:59:09.135","2026-09-24 01:07:33.177","mxAs4xkA4Pw","18495270","[PREMIUM]","[PREMIUM]","[PREMIUM]","215","Section 215","13",2,"[]","2027-03-18 00:00:00","electronic","exchange",2,"[PREMIUM]","2"
"nx0srKXEw4P","2026-09-11 23:59:09.135","2026-09-24 01:07:33.177","nx0srKXEw4P","18495270","[PREMIUM]","[PREMIUM]","[PREMIUM]","106","Section 106","13",2,"[]","2027-03-18 00:00:00","electronic","exchange",1,"[PREMIUM]","2"
"pVXHD7A4ppk","2026-09-11 23:59:09.135","2026-09-24 01:07:33.177","pVXHD7A4ppk","18495270","[PREMIUM]","[PREMIUM]","[PREMIUM]","117","Section 117","9",2,"[]","2027-03-18 00:00:00","electronic","exchange",1,"[PREMIUM]","2"
"qVjH2m0LbMM","2026-09-11 23:59:09.135","2026-09-13 07:10:10.592","qVjH2m0LbMM","18495270","[PREMIUM]","[PREMIUM]","[PREMIUM]","111A","Section 111 A","30",2,"[]","2027-03-19 00:00:00","electronic","exchange",1,"[PREMIUM]","2"
"qVjH2m8rYBM","2026-09-11 23:59:09.135","2026-09-11 23:59:09.135","qVjH2m8rYBM","18495270","[PREMIUM]","[PREMIUM]","[PREMIUM]","112","Section 112","16",4,"[]","2027-03-18 00:00:00","electronic","exchange",3,"[PREMIUM]","4"
"qVjH2mlxer3","2026-09-11 23:59:09.135","2026-09-24 01:07:33.177","qVjH2mlxer3","18495270","[PREMIUM]","[PREMIUM]","[PREMIUM]","106","Section 106","4",2,"[]","2027-03-18 00:00:00","electronic","exchange",0,"[PREMIUM]","2"
"w3Jse8PaX6N","2026-09-11 23:59:09.135","2026-09-11 23:59:09.135","w3Jse8PaX6N","18495270","[PREMIUM]","[PREMIUM]","[PREMIUM]","107","Section 107","13",3,"[]","2027-03-18 00:00:00","electronic","exchange",4,"[PREMIUM]","3"
"w3Jse8Paqmw","2026-09-11 23:59:09.135","2026-09-24 01:07:33.177","w3Jse8Paqmw","18495270","[PREMIUM]","[PREMIUM]","[PREMIUM]","101","Section 101","25",2,"[]","2027-03-18 00:00:00","electronic","exchange",2,"[PREMIUM]","2"
"w3Jse8Z35OD","2026-09-11 23:59:09.135","2026-09-24 01:07:33.177","w3Jse8Z35OD","18495270","[PREMIUM]","[PREMIUM]","[PREMIUM]","115","Section 115","15",2,"[]","2027-03-19 00:00:00","electronic","exchange",2,"[PREMIUM]","2"
"xb9imld7gV2","2026-09-11 23:59:09.135","2026-09-24 01:07:33.177","xb9imld7gV2","18495270","[PREMIUM]","[PREMIUM]","[PREMIUM]","204","Section 204","1",6,"['5','6','7','8','9','10']","2027-03-19 00:00:00","electronic","exchange",0,"[PREMIUM]","1,2,3,4,6"
"xb9imlqjkLk","2026-09-11 23:59:09.135","2026-09-24 01:07:33.177","xb9imlqjkLk","18495270","[PREMIUM]","[PREMIUM]","[PREMIUM]","115","Section 115","15",2,"[]","2027-03-19 00:00:00","electronic","exchange",2,"[PREMIUM]","2"
"z3Es6veB90l","2026-09-11 23:59:09.135","2026-09-24 01:07:33.177","z3Es6veB90l","18495270","[PREMIUM]","[PREMIUM]","[PREMIUM]","101","Section 101","28",3,"[]","2027-03-18 00:00:00","electronic","exchange",2,"[PREMIUM]","3"
"z3Es6vKGMO4","2026-09-11 23:59:09.135","2026-09-24 01:07:33.177","z3Es6vKGMO4","18495270","[PREMIUM]","[PREMIUM]","[PREMIUM]","232","Section 232","1",11,"['4','5','6','7','8','9','10','11','12','13','14']","2027-03-19 00:00:00","electronic","exchange",1,"[PREMIUM]","1,2,3,4,5,6,7,8,9,11"
"z3Es6vkRDD4","2026-09-11 23:59:09.135","2026-09-13 07:10:10.592","z3Es6vkRDD4","18495270","[PREMIUM]","[PREMIUM]","[PREMIUM]","220","Section 220","1",3,"[]","2027-03-19 00:00:00","electronic","exchange",1,"[PREMIUM]","1,2,3"
"05VT8lJgJYo","2026-09-11 23:59:06.015","2026-09-24 01:05:38.390","05VT8lJgJYo","18496421","[PREMIUM]","[PREMIUM]","[PREMIUM]","107","Section 107","jj",6,"[]","2027-03-16 00:00:00","electronic","exchange",1,"[PREMIUM]","1,2,3,4,5,6"
"4vXcjRDvzE8","2026-09-11 23:59:06.015","2026-09-13 07:08:04.527","4vXcjRDvzE8","18496421","[PREMIUM]","[PREMIUM]","[PREMIUM]","322","Section 322","f",2,"[]","2027-03-16 00:00:00","electronic","exchange",1,"[PREMIUM]","2"
"4vXcjRk8mVN","2026-09-11 23:59:06.015","2026-09-24 01:05:38.390","4vXcjRk8mVN","18496421","[PREMIUM]","[PREMIUM]","[PREMIUM]","207","Section 207","f",4,"[]","2027-03-16 00:00:00","electronic","exchange",1,"[PREMIUM]","1,2,3,4"
"5EjuZwGgXwP","2026-09-11 23:59:06.015","2026-09-13 07:08:04.527","5EjuZwGgXwP","18496421","[PREMIUM]","[PREMIUM]","[PREMIUM]","218","Section 218","f",4,"[]","2027-03-15 00:00:00","electronic","exchange",3,"[PREMIUM]","1,2,3,4"
"5EjuZwYmJgr","2026-09-11 23:59:06.015","2026-09-24 01:05:38.390","5EjuZwYmJgr","18496421","[PREMIUM]","[PREMIUM]","[PREMIUM]","107","Section 107","jj",6,"[]","2027-03-16 00:00:00","electronic","exchange",1,"[PREMIUM]","1,2,3,4,5,6"
"EroUXgVj7E9","2026-09-11 23:59:06.015","2026-09-24 01:05:38.390","EroUXgVj7E9","18496421","[PREMIUM]","[PREMIUM]","[PREMIUM]","107","Section 107","jj",6,"[]","2027-03-15 00:00:00","electronic","exchange",2,"[PREMIUM]","1,2,3,4,5,6"
"ROXHz2GVr6p","2026-09-11 23:59:06.015","2026-09-24 01:05:38.390","ROXHz2GVr6p","18496421","[PREMIUM]","[PREMIUM]","[PREMIUM]","207","Section 207","g",5,"[]","2027-03-15 00:00:00","electronic","exchange",2,"[PREMIUM]","1,2,3,4,5"
"kYet9mYazeq","2026-09-11 23:59:06.015","2026-09-24 01:05:38.390","kYet9mYazeq","18496421","[PREMIUM]","[PREMIUM]","[PREMIUM]","207","Section 207","g",5,"[]","2027-03-15 00:00:00","electronic","exchange",2,"[PREMIUM]","1,2,3,4,5"
"pVXHD7llEDV","2026-09-11 23:59:06.015","2026-09-24 01:05:38.390","pVXHD7llEDV","18496421","[PREMIUM]","[PREMIUM]","[PREMIUM]","218","Section 218","c",4,"[]","2027-03-16 00:00:00","electronic","exchange",1,"[PREMIUM]","1,2,3,4"
"pVXHD7lAZRP","2026-09-11 23:59:06.015","2026-09-24 01:05:38.390","pVXHD7lAZRP","18496421","[PREMIUM]","[PREMIUM]","[PREMIUM]","218","Section 218","c",4,"[]","2027-03-16 00:00:00","electronic","exchange",2,"[PREMIUM]","1,2,3,4"
"w3Jse8Z2ql4","2026-09-11 23:59:06.015","2026-09-24 01:05:38.390","w3Jse8Z2ql4","18496421","[PREMIUM]","[PREMIUM]","[PREMIUM]","207","Section 207","f",4,"[]","2027-03-16 00:00:00","electronic","exchange",1,"[PREMIUM]","1,2,3,4"
"w3Jse8ZoD78","2026-09-11 23:59:06.015","2026-09-24 01:05:38.390","w3Jse8ZoD78","18496421","[PREMIUM]","[PREMIUM]","[PREMIUM]","218","Section 218","c",4,"[]","2027-03-16 00:00:00","electronic","exchange",1,"[PREMIUM]","1,2,3,4"
"6mOhkoqAnG8","2026-09-11 23:59:04.927","2026-09-13 07:14:12.377","6mOhkoqAnG8","18495501","[PREMIUM]","[PREMIUM]","[PREMIUM]","CRTW","Courtside West","c",2,"[]","2027-03-16 00:00:00","electronic","exchange",5,"[PREMIUM]","1,2"
"KezczqBwVEM","2026-09-11 23:59:04.927","2026-09-11 23:59:04.927","KezczqBwVEM","18495501","[PREMIUM]","[PREMIUM]","[PREMIUM]","101","Section 101","3",2,"[]","2027-03-17 00:00:00","electronic","exchange",5,"[PREMIUM]","2"
"g48Ur6mq68G","2026-09-11 23:59:04.927","2026-09-24 01:07:19.379","g48Ur6mq68G","18495501","[PREMIUM]","[PREMIUM]","[PREMIUM]","324","Section 324","14",6,"[]","2027-03-16 00:00:00","electronic","exchange",1,"[PREMIUM]","1,2,3,4,5,6"
"w3Jse87dRB2","2026-09-11 23:59:04.927","2026-09-13 07:14:12.377","w3Jse87dRB2","18495501","[PREMIUM]","[PREMIUM]","[PREMIUM]","CRTS","Courtside South","c",2,"[]","2027-03-16 00:00:00","electronic","exchange",0,"[PREMIUM]","1,2"
"w3Jse87dRzM","2026-09-11 23:59:04.927","2026-09-13 07:14:12.377","w3Jse87dRzM","18495501","[PREMIUM]","[PREMIUM]","[PREMIUM]","CRTS","Courtside South","b",2,"[]","2027-03-16 00:00:00","electronic","exchange",0,"[PREMIUM]","1,2"
"05VT8lJ9MXe","2026-09-11 23:58:39.072","2026-09-24 01:06:20.481","05VT8lJ9MXe","18495417","[PREMIUM]","[PREMIUM]","[PREMIUM]","112","Section 112","25",2,"[]","2027-03-18 00:00:00","electronic","exchange",1,"[PREMIUM]","2"
"05VT8lJ9M3e","2026-09-11 23:58:39.072","2026-09-24 01:06:20.481","05VT8lJ9M3e","18495417","[PREMIUM]","[PREMIUM]","[PREMIUM]","102","Section 102","26",7,"[]","2027-03-18 00:00:00","electronic","exchange",2,"[PREMIUM]","2,3,4,5,6,7"
"05VT8lnYMEJ","2026-09-11 23:58:39.072","2026-09-24 01:06:20.481","05VT8lnYMEJ","18495417","[PREMIUM]","[PREMIUM]","[PREMIUM]","206","Section 206","5",1,"[]","2027-03-17 00:00:00","electronic","exchange",0,"[PREMIUM]","1"
"05VT8lnYMOD","2026-09-11 23:58:39.072","2026-09-24 01:06:20.481","05VT8lnYMOD","18495417","[PREMIUM]","[PREMIUM]","[PREMIUM]","211","Section 211","12",1,"[]","2027-03-17 00:00:00","electronic","exchange",1,"[PREMIUM]","1"
"05VT8lnYMaD","2026-09-11 23:58:39.072","2026-09-24 01:06:20.481","05VT8lnYMaD","18495417","[PREMIUM]","[PREMIUM]","[PREMIUM]","210","Section 210","7",7,"[]","2027-03-17 00:00:00","electronic","exchange",4,"[PREMIUM]","1,2,3,4,5,7"
"05VT8lnP0Oz","2026-09-11 23:58:39.072","2026-09-24 01:06:20.481","05VT8lnP0Oz","18495417","[PREMIUM]","[PREMIUM]","[PREMIUM]","108","Section 108","28",8,"[]","2027-03-17 00:00:00","electronic","exchange",3,"[PREMIUM]","1,2,3,4,5,6,7,8"
"2v0czqJ3BmN","2026-09-11 23:58:39.072","2026-09-24 01:06:20.481","2v0czqJ3BmN","18495417","[PREMIUM]","[PREMIUM]","[PREMIUM]","117","Section 117","8",6,"[]","2027-03-18 00:00:00","electronic","exchange",2,"[PREMIUM]","1,2,3,4,5,6"
"2v0czqArXOP","2026-09-11 23:58:39.072","2026-09-24 01:06:20.481","2v0czqArXOP","18495417","[PREMIUM]","[PREMIUM]","[PREMIUM]","108","Section 108","25",4,"[]","2026-10-08 00:00:00","electronic","exchange",0,"[PREMIUM]","2,4"
"2v0czqJMnxn","2026-09-11 23:58:39.072","2026-09-24 01:06:20.481","2v0czqJMnxn","18495417","[PREMIUM]","[PREMIUM]","[PREMIUM]","226","Section 226","7",8,"[]","2027-03-17 00:00:00","electronic","exchange",3,"[PREMIUM]","1,2,3,4,5,6,8"
"2v0czqJMnXk","2026-09-11 23:58:39.072","2026-09-24 01:06:20.481","2v0czqJMnXk","18495417","[PREMIUM]","[PREMIUM]","[PREMIUM]","221","Section 221","8",18,"[]","2027-03-17 00:00:00","electronic","exchange",4,"[PREMIUM]","1,2,3,4,5,6,7,8,9,10,11,12,13,14,15,16,18"
"2v0czqJMnVE","2026-09-11 23:58:39.072","2026-09-24 01:06:20.481","2v0czqJMnVE","18495417","[PREMIUM]","[PREMIUM]","[PREMIUM]","102","Section 102","28",15,"[]","2027-03-17 00:00:00","electronic","exchange",4,"[PREMIUM]","1,2,3,4,5,6,7,8,9,10,11,12,13,15"
"2v0czqJ3Bwj","2026-09-11 23:58:39.072","2026-09-24 01:06:20.481","2v0czqJ3Bwj","18495417","[PREMIUM]","[PREMIUM]","[PREMIUM]","212","Section 212","6",6,"[]","2027-03-18 00:00:00","electronic","exchange",2,"[PREMIUM]","1,2,3,4,5,6"
"2v0czqArvN0","2026-09-11 23:58:39.072","2026-09-24 01:06:20.481","2v0czqArvN0","18495417","[PREMIUM]","[PREMIUM]","[PREMIUM]","113","Section 113","28",2,"[]","2026-10-08 00:00:00","electronic","exchange",0,"[PREMIUM]","2"
"2v0czqbEne3","2026-09-11 23:58:39.072","2026-09-22 23:30:10.843","2v0czqbEne3","18495417","[PREMIUM]","[PREMIUM]","[PREMIUM]","105","Section 105","19",13,"[]","2027-03-18 00:00:00","electronic","exchange",1,"[PREMIUM]","2,3,4,5,6,7,8,9,10,11,12,13"
"2v0czqbEn6w","2026-09-11 23:58:39.072","2026-09-24 01:06:20.481","2v0czqbEn6w","18495417","[PREMIUM]","[PREMIUM]","[PREMIUM]","230","Section 230","10",10,"[]","2027-03-18 00:00:00","electronic","exchange",1,"[PREMIUM]","2,3,4,5,6,7,8,9,10"
"2v0czqbEn63","2026-09-11 23:58:39.072","2026-09-24 01:06:20.481","2v0czqbEn63","18495417","[PREMIUM]","[PREMIUM]","[PREMIUM]","224","Section 224","11",8,"[]","2027-03-18 00:00:00","electronic","exchange",1,"[PREMIUM]","2,3,4,5,6,7,8"
"3q7fNL9dEaZ","2026-09-11 23:58:39.072","2026-09-18 01:33:58.546","3q7fNL9dEaZ","18495417","[PREMIUM]","[PREMIUM]","[PREMIUM]","201","Section 201","10",2,"[]","2027-03-18 00:00:00","electronic","exchange",1,"[PREMIUM]","2"
"3q7fNL9aK4d","2026-09-11 23:58:39.072","2026-09-24 01:06:20.481","3q7fNL9aK4d","18495417","[PREMIUM]","[PREMIUM]","[PREMIUM]","226","Section 226","12",12,"[]","2027-03-17 00:00:00","electronic","exchange",2,"[PREMIUM]","1,2,3,4,5,6,7,8,9,10,12"
"3q7fNL9aKAr","2026-09-11 23:58:39.072","2026-09-24 01:06:20.481","3q7fNL9aKAr","18495417","[PREMIUM]","[PREMIUM]","[PREMIUM]","114","Section 114","28",7,"[]","2027-03-17 00:00:00","electronic","exchange",2,"[PREMIUM]","1,2,3,4,5,7"
"3q7fNL9JGXY","2026-09-11 23:58:39.072","2026-09-24 01:06:20.481","3q7fNL9JGXY","18495417","[PREMIUM]","[PREMIUM]","[PREMIUM]","117","Section 117","12",6,"[]","2027-03-18 00:00:00","electronic","exchange",2,"[PREMIUM]","1,2,3,4,5,6"
"3q7fNLlPK3L","2026-09-11 23:58:39.072","2026-09-24 01:06:20.481","3q7fNLlPK3L","18495417","[PREMIUM]","[PREMIUM]","[PREMIUM]","224","Section 224","10",10,"[]","2027-03-18 00:00:00","electronic","exchange",1,"[PREMIUM]","2,3,4,5,6,7,8,9,10"
"3q7fNLlPK3X","2026-09-11 23:58:39.072","2026-09-24 01:06:20.481","3q7fNLlPK3X","18495417","[PREMIUM]","[PREMIUM]","[PREMIUM]","229","Section 229","13",9,"[]","2027-03-18 00:00:00","electronic","exchange",1,"[PREMIUM]","2,3,4,5,6,7,8,9"
"4vXcjRk42V3","2026-09-11 23:58:39.072","2026-09-24 01:06:20.481","4vXcjRk42V3","18495417","[PREMIUM]","[PREMIUM]","[PREMIUM]","221","Section 221","9",7,"[]","2027-03-18 00:00:00","electronic","exchange",0,"[PREMIUM]","2,3,4,5,6,7"
"4vXcjRk42Vl","2026-09-11 23:58:39.072","2026-09-24 01:06:20.481","4vXcjRk42Vl","18495417","[PREMIUM]","[PREMIUM]","[PREMIUM]","227","Section 227","11",12,"[]","2027-03-18 00:00:00","electronic","exchange",1,"[PREMIUM]","2,3,4,5,6,7,8,9,10,11,12"
"4vXcjRvolJJ","2026-09-11 23:58:39.072","2026-09-18 01:33:58.546","4vXcjRvolJJ","18495417","[PREMIUM]","[PREMIUM]","[PREMIUM]","109","Section 109","18",8,"[]","2027-03-18 00:00:00","electronic","exchange",1,"[PREMIUM]","1,2,3,4,6,8"
"4vXcjRvo2el","2026-09-11 23:58:39.072","2026-09-19 00:07:24.135","4vXcjRvo2el","18495417","[PREMIUM]","[PREMIUM]","[PREMIUM]","220","Section 220","10",8,"[]","2027-03-17 00:00:00","electronic","exchange",3,"[PREMIUM]","1,2,3,4,5,6,7,8"
"4vXcjRvJ2NY","2026-09-11 23:58:39.072","2026-09-24 01:06:20.481","4vXcjRvJ2NY","18495417","[PREMIUM]","[PREMIUM]","[PREMIUM]","226","Section 226","2",4,"[]","2027-03-17 00:00:00","electronic","exchange",2,"[PREMIUM]","2,4"
"4vXcjRvJ2KM","2026-09-11 23:58:39.072","2026-09-24 01:06:20.481","4vXcjRvJ2KM","18495417","[PREMIUM]","[PREMIUM]","[PREMIUM]","227","Section 227","7",5,"[]","2027-03-17 00:00:00","electronic","exchange",1,"[PREMIUM]","1,2,3,5"
"4vXcjRvJ2ze","2026-09-11 23:58:39.072","2026-09-24 01:06:20.481","4vXcjRvJ2ze","18495417","[PREMIUM]","[PREMIUM]","[PREMIUM]","201","Section 201","8",8,"[]","2027-03-17 00:00:00","electronic","exchange",3,"[PREMIUM]","1,2,3,4,5,6,8"
"4vXcjRvJ2rY","2026-09-11 23:58:39.072","2026-09-24 01:06:20.481","4vXcjRvJ2rY","18495417","[PREMIUM]","[PREMIUM]","[PREMIUM]","110","Section 110","23",4,"[]","2027-03-17 00:00:00","electronic","exchange",0,"[PREMIUM]","2,4"
"4vXcjRvo2wj","2026-09-11 23:58:39.072","2026-09-24 01:06:20.481","4vXcjRvo2wj","18495417","[PREMIUM]","[PREMIUM]","[PREMIUM]","212","Section 212","10",6,"[]","2027-03-17 00:00:00","electronic","exchange",2,"[PREMIUM]","1,2,3,4,5,6"
"4vXcjRv9aek","2026-09-11 23:58:39.072","2026-09-24 01:06:20.481","4vXcjRv9aek","18495417","[PREMIUM]","[PREMIUM]","[PREMIUM]","201","Section 201","10",4,"[]","2027-03-18 00:00:00","electronic","exchange",1,"[PREMIUM]","1,2,3,4"
"5EjuZwO6Bx6","2026-09-11 23:58:39.072","2026-09-24 01:06:20.481","5EjuZwO6Bx6","18495417","[PREMIUM]","[PREMIUM]","[PREMIUM]","202","Section 202","8",4,"[]","2027-03-18 00:00:00","electronic","exchange",2,"[PREMIUM]","1,2,3,4"
"5EjuZwONEd7","2026-09-11 23:58:39.072","2026-09-24 01:06:20.481","5EjuZwONEd7","18495417","[PREMIUM]","[PREMIUM]","[PREMIUM]","217","Section 217","9",11,"[]","2027-03-17 00:00:00","electronic","exchange",2,"[PREMIUM]","1,2,3,4,5,6,7,8,9,11"
"5EjuZwY9E7x","2026-09-11 23:58:39.072","2026-09-24 01:06:20.481","5EjuZwY9E7x","18495417","[PREMIUM]","[PREMIUM]","[PREMIUM]","111","Section 111","19",4,"[]","2027-03-18 00:00:00","electronic","exchange",1,"[PREMIUM]","2,4"
"5EjuZwY9Elx","2026-09-11 23:58:39.072","2026-09-24 01:06:20.481","5EjuZwY9Elx","18495417","[PREMIUM]","[PREMIUM]","[PREMIUM]","116","Section 116","28",2,"[]","2027-03-18 00:00:00","electronic","exchange",1,"[PREMIUM]","2"
"6mOhkoaln2g","2026-09-11 23:58:39.072","2026-09-24 01:06:20.481","6mOhkoaln2g","18495417","[PREMIUM]","[PREMIUM]","[PREMIUM]","212","Section 212","11",1,"[]","2027-03-17 00:00:00","electronic","exchange",1,"[PREMIUM]","1"
"6mOhkoa52dD","2026-09-11 23:58:39.072","2026-09-24 01:06:20.481","6mOhkoa52dD","18495417","[PREMIUM]","[PREMIUM]","[PREMIUM]","118","Section 118","17",2,"[]","2027-03-18 00:00:00","electronic","exchange",1,"[PREMIUM]","1,2"
"6mOhkoa52dx","2026-09-11 23:58:39.072","2026-09-24 01:06:20.481","6mOhkoa52dx","18495417","[PREMIUM]","[PREMIUM]","[PREMIUM]","114","Section 114","21",8,"[]","2027-03-18 00:00:00","electronic","exchange",1,"[PREMIUM]","1,2,3,4,5,6,7,8"
"6mOhkoalnGl","2026-09-11 23:58:39.072","2026-09-24 01:06:20.481","6mOhkoalnGl","18495417","[PREMIUM]","[PREMIUM]","[PREMIUM]","218","Section 218","6",9,"[]","2027-03-17 00:00:00","electronic","exchange",5,"[PREMIUM]","1,2,3,4,5,6,7,9"
"6mOhkoalnMl","2026-09-11 23:58:39.072","2026-09-24 01:06:20.481","6mOhkoalnMl","18495417","[PREMIUM]","[PREMIUM]","[PREMIUM]","107","Section 107","25",6,"[]","2027-03-17 00:00:00","electronic","exchange",1,"[PREMIUM]","2,4,6"
"6mOhkoalneg","2026-09-11 23:58:39.072","2026-09-24 01:06:20.481","6mOhkoalneg","18495417","[PREMIUM]","[PREMIUM]","[PREMIUM]","203","Section 203","14",4,"[]","2027-03-17 00:00:00","electronic","exchange",1,"[PREMIUM]","2,4"
"6mOhkoalnDm","2026-09-11 23:58:39.072","2026-09-24 01:06:20.481","6mOhkoalnDm","18495417","[PREMIUM]","[PREMIUM]","[PREMIUM]","218","Section 218","14",8,"[]","2027-03-17 00:00:00","electronic","exchange",2,"[PREMIUM]","1,2,3,4,5,6,8"
"6mOhkoaJrjl","2026-09-11 23:58:39.072","2026-09-24 01:06:20.481","6mOhkoaJrjl","18495417","[PREMIUM]","[PREMIUM]","[PREMIUM]","114","Section 114","21",8,"[]","2027-03-17 00:00:00","electronic","exchange",3,"[PREMIUM]","1,2,3,4,5,6,7,8"
"6mOhkoaAE7E","2026-09-11 23:58:39.072","2026-09-24 01:06:20.481","6mOhkoaAE7E","18495417","[PREMIUM]","[PREMIUM]","[PREMIUM]","216","Section 216","7",2,"[]","2027-03-18 00:00:00","electronic","exchange",0,"[PREMIUM]","2"
"6mOhkopxn6V","2026-09-11 23:58:39.072","2026-09-24 01:06:20.481","6mOhkopxn6V","18495417","[PREMIUM]","[PREMIUM]","[PREMIUM]","228","Section 228","12",8,"[]","2027-03-18 00:00:00","electronic","exchange",1,"[PREMIUM]","2,3,4,5,6,7,8"
"6mOhkopxn68","2026-09-11 23:58:39.072","2026-09-24 01:06:20.481","6mOhkopxn68","18495417","[PREMIUM]","[PREMIUM]","[PREMIUM]","222","Section 222","11",10,"[]","2027-03-18 00:00:00","electronic","exchange",1,"[PREMIUM]","2,3,4,5,6,7,8,9,10"
"6mOhkopxn48","2026-09-11 23:58:39.072","2026-09-24 01:06:20.481","6mOhkopxn48","18495417","[PREMIUM]","[PREMIUM]","[PREMIUM]","115","Section 115","17",6,"[]","2027-03-18 00:00:00","electronic","exchange",1,"[PREMIUM]","2,3,4,5,6"
"7KntAg58awx","2026-09-11 23:58:39.072","2026-09-24 01:06:20.481","7KntAg58awx","18495417","[PREMIUM]","[PREMIUM]","[PREMIUM]","218","Section 218","13",4,"[]","2027-03-17 00:00:00","electronic","exchange",0,"[PREMIUM]","2,4"
"7KntAg58ajO","2026-09-11 23:58:39.072","2026-09-24 01:06:20.481","7KntAg58ajO","18495417","[PREMIUM]","[PREMIUM]","[PREMIUM]","229","Section 229","8",4,"[]","2027-03-17 00:00:00","electronic","exchange",1,"[PREMIUM]","2,4"
"7KntAg58a2L","2026-09-11 23:58:39.072","2026-09-24 01:06:20.481","7KntAg58a2L","18495417","[PREMIUM]","[PREMIUM]","[PREMIUM]","209","Section 209","7",5,"[]","2027-03-17 00:00:00","electronic","exchange",2,"[PREMIUM]","1,2,3,5"
"7KntAgvzrzj","2026-09-11 23:58:39.072","2026-09-24 01:06:20.481","7KntAgvzrzj","18495417","[PREMIUM]","[PREMIUM]","[PREMIUM]","225","Section 225","6",4,"[]","2026-10-08 00:00:00","electronic","exchange",0,"[PREMIUM]","2,4"
"7KntAgroab0","2026-09-11 23:58:39.072","2026-09-24 01:06:20.481","7KntAgroab0","18495417","[PREMIUM]","[PREMIUM]","[PREMIUM]","116","Section 116","25",14,"[]","2027-03-18 00:00:00","electronic","exchange",1,"[PREMIUM]","2,3,4,5,6,7,8,9,10,11,12,13,14"
"7KntAgroaZ0","2026-09-11 23:58:39.072","2026-09-24 01:06:20.481","7KntAgroaZ0","18495417","[PREMIUM]","[PREMIUM]","[PREMIUM]","110","Section 110","19",12,"[]","2027-03-18 00:00:00","electronic","exchange",1,"[PREMIUM]","2,3,4,5,6,7,8,9,10,11,12"
"7KntAgroaKA","2026-09-11 23:58:39.072","2026-09-24 01:06:20.481","7KntAgroaKA","18495417","[PREMIUM]","[PREMIUM]","[PREMIUM]","232","Section 232","10",9,"[]","2027-03-18 00:00:00","electronic","exchange",1,"[PREMIUM]","2,3,4,5,6,7,8,9"
"8lKt6aV29XG","2026-09-11 23:58:39.072","2026-09-24 01:06:20.481","8lKt6aV29XG","18495417","[PREMIUM]","[PREMIUM]","[PREMIUM]","201","Section 201","12",6,"[]","2027-03-18 00:00:00","electronic","exchange",1,"[PREMIUM]","2,3,4,5,6"
"8lKt6argoaY","2026-09-11 23:58:39.072","2026-09-18 01:33:58.546","8lKt6argoaY","18495417","[PREMIUM]","[PREMIUM]","[PREMIUM]","111","Section 111","18",3,"[]","2027-03-18 00:00:00","electronic","exchange",1,"[PREMIUM]","1,3"
"8lKt6arl9eY","2026-09-11 23:58:39.072","2026-09-24 01:06:20.481","8lKt6arl9eY","18495417","[PREMIUM]","[PREMIUM]","[PREMIUM]","106","Section 106","28",4,"[]","2027-03-17 00:00:00","electronic","exchange",0,"[PREMIUM]","2,4"
"8lKt6arl9PX","2026-09-11 23:58:39.072","2026-09-24 01:06:20.481","8lKt6arl9PX","18495417","[PREMIUM]","[PREMIUM]","[PREMIUM]","210","Section 210","11",11,"[]","2027-03-17 00:00:00","electronic","exchange",4,"[PREMIUM]","1,2,3,4,5,6,7,8,9,11"
"8lKt6arl9Ap","2026-09-11 23:58:39.072","2026-09-24 01:06:20.481","8lKt6arl9Ap","18495417","[PREMIUM]","[PREMIUM]","[PREMIUM]","226","Section 226","4",4,"[]","2027-03-17 00:00:00","electronic","exchange",2,"[PREMIUM]","2,4"
"8lKt6argojX","2026-09-11 23:58:39.072","2026-09-24 01:06:20.481","8lKt6argojX","18495417","[PREMIUM]","[PREMIUM]","[PREMIUM]","111","Section 111","18",4,"[]","2027-03-17 00:00:00","electronic","exchange",2,"[PREMIUM]","1,2,3,4"
"8lKt6arYKkg","2026-09-11 23:58:39.072","2026-09-24 01:06:20.481","8lKt6arYKkg","18495417","[PREMIUM]","[PREMIUM]","[PREMIUM]","120","Section 120","17",6,"[]","2027-03-18 00:00:00","electronic","exchange",1,"[PREMIUM]","1,2,3,4,5,6"
"9P2c5MNn9pZ","2026-09-11 23:58:39.072","2026-09-24 01:06:20.481","9P2c5MNn9pZ","18495417","[PREMIUM]","[PREMIUM]","[PREMIUM]","216","Section 216","12",2,"[]","2027-03-18 00:00:00","electronic","exchange",1,"[PREMIUM]","1,2"
"9P2c5MNn9pR","2026-09-11 23:58:39.072","2026-09-24 01:06:20.481","9P2c5MNn9pR","18495417","[PREMIUM]","[PREMIUM]","[PREMIUM]","124","Section 124","28",2,"[]","2027-03-18 00:00:00","electronic","exchange",1,"[PREMIUM]","1,2"
"9P2c5MNlEzp","2026-09-11 23:58:39.072","2026-09-24 01:06:20.481","9P2c5MNlEzp","18495417","[PREMIUM]","[PREMIUM]","[PREMIUM]","114","Section 114","23",7,"[]","2027-03-17 00:00:00","electronic","exchange",3,"[PREMIUM]","1,2,3,4,5,6,7"
"9P2c5MNj8Ap","2026-09-11 23:58:39.072","2026-09-24 01:06:20.481","9P2c5MNj8Ap","18495417","[PREMIUM]","[PREMIUM]","[PREMIUM]","203","Section 203","10",4,"[]","2027-03-17 00:00:00","electronic","exchange",2,"[PREMIUM]","2,4"
"9P2c5MNj89p","2026-09-11 23:58:39.072","2026-09-24 01:06:20.481","9P2c5MNj89p","18495417","[PREMIUM]","[PREMIUM]","[PREMIUM]","229","Section 229","10",3,"[]","2027-03-17 00:00:00","electronic","exchange",1,"[PREMIUM]","3"
"9P2c5MNj804","2026-09-11 23:58:39.072","2026-09-24 01:06:20.481","9P2c5MNj804","18495417","[PREMIUM]","[PREMIUM]","[PREMIUM]","108","Section 108","12",6,"[]","2027-03-17 00:00:00","electronic","exchange",1,"[PREMIUM]","2,4,6"
"9P2c5MeP8aG","2026-09-11 23:58:39.072","2026-09-24 01:06:20.481","9P2c5MeP8aG","18495417","[PREMIUM]","[PREMIUM]","[PREMIUM]","223","Section 223","7",10,"[]","2027-03-18 00:00:00","electronic","exchange",1,"[PREMIUM]","2,3,4,5,6,7,8,9,10"
"9P2c5MeP8a7","2026-09-11 23:58:39.072","2026-09-24 01:06:20.481","9P2c5MeP8a7","18495417","[PREMIUM]","[PREMIUM]","[PREMIUM]","228","Section 228","13",10,"[]","2027-03-18 00:00:00","electronic","exchange",1,"[PREMIUM]","2,3,4,5,6,7,8,9,10"
"9P2c5MeP8KG","2026-09-11 23:58:39.072","2026-09-24 01:06:20.481","9P2c5MeP8KG","18495417","[PREMIUM]","[PREMIUM]","[PREMIUM]","105","Section 105","18",7,"[]","2027-03-18 00:00:00","electronic","exchange",1,"[PREMIUM]","2,3,4,5,6,7"
"A6rs2K6V95P","2026-09-11 23:58:39.072","2026-09-24 01:06:20.481","A6rs2K6V95P","18495417","[PREMIUM]","[PREMIUM]","[PREMIUM]","120","Section 120","17",14,"[]","2027-03-18 00:00:00","electronic","exchange",1,"[PREMIUM]","2,3,4,5,6,7,8,9,10,11,12,13,14"
"A6rs2KAxdvD","2026-09-11 23:58:39.072","2026-09-24 01:06:20.481","A6rs2KAxdvD","18495417","[PREMIUM]","[PREMIUM]","[PREMIUM]","109","Section 109","18",8,"[]","2027-03-17 00:00:00","electronic","exchange",3,"[PREMIUM]","1,2,3,4,5,6,7,8"
"A6rs2KAq9wD","2026-09-11 23:58:39.072","2026-09-24 01:06:20.481","A6rs2KAq9wD","18495417","[PREMIUM]","[PREMIUM]","[PREMIUM]","203","Section 203","12",6,"[]","2027-03-17 00:00:00","electronic","exchange",3,"[PREMIUM]","2,4,6"
"A6rs2KAq9DD","2026-09-11 23:58:39.072","2026-09-24 01:06:20.481","A6rs2KAq9DD","18495417","[PREMIUM]","[PREMIUM]","[PREMIUM]","108","Section 108","25",4,"[]","2027-03-17 00:00:00","electronic","exchange",0,"[PREMIUM]","2,4"
"BALImM5nqVP","2026-09-11 23:58:39.072","2026-09-24 01:06:20.481","BALImM5nqVP","18495417","[PREMIUM]","[PREMIUM]","[PREMIUM]","210","Section 210","7",4,"[]","2027-03-17 00:00:00","electronic","exchange",3,"[PREMIUM]","2,4"
"BALImMaj8qY","2026-09-11 23:58:39.072","2026-09-24 01:06:20.481","BALImMaj8qY","18495417","[PREMIUM]","[PREMIUM]","[PREMIUM]","201","Section 201","11",8,"[]","2027-03-18 00:00:00","electronic","exchange",1,"[PREMIUM]","2,3,4,5,6,7,8"
"BALImMrP0oG","2026-09-11 23:58:39.072","2026-09-19 00:07:24.135","BALImMrP0oG","18495417","[PREMIUM]","[PREMIUM]","[PREMIUM]","220","Section 220","10",8,"[]","2027-03-17 00:00:00","electronic","exchange",2,"[PREMIUM]","1,2,3,4,5,6,7,8"
"BALImMrXYxR","2026-09-11 23:58:39.072","2026-09-24 01:06:20.481","BALImMrXYxR","18495417","[PREMIUM]","[PREMIUM]","[PREMIUM]","103","Section 103","25",6,"[]","2027-03-18 00:00:00","electronic","exchange",1,"[PREMIUM]","1,2,3,4,5,6"
"BALImMr48pG","2026-09-11 23:58:39.072","2026-09-24 01:06:20.481","BALImMr48pG","18495417","[PREMIUM]","[PREMIUM]","[PREMIUM]","221","Section 221","14",6,"[]","2027-03-17 00:00:00","electronic","exchange",1,"[PREMIUM]","2,4,6"
"BALImMr48J5","2026-09-11 23:58:39.072","2026-09-24 01:06:20.481","BALImMr48J5","18495417","[PREMIUM]","[PREMIUM]","[PREMIUM]","229","Section 229","10",5,"[]","2027-03-17 00:00:00","electronic","exchange",1,"[PREMIUM]","1,2,3,5"
"BALImMr48A4","2026-09-11 23:58:39.072","2026-09-24 01:06:20.481","BALImMr48A4","18495417","[PREMIUM]","[PREMIUM]","[PREMIUM]","225","Section 225","12",4,"[]","2027-03-17 00:00:00","electronic","exchange",1,"[PREMIUM]","2,4"
"BALImMr3oZr","2026-09-11 23:58:39.072","2026-09-24 01:06:20.481","BALImMr3oZr","18495417","[PREMIUM]","[PREMIUM]","[PREMIUM]","109","Section 109","18",6,"[]","2027-03-18 00:00:00","electronic","exchange",1,"[PREMIUM]","1,2,3,4,5,6"
"DdwHkMrXGpK","2026-09-11 23:58:39.072","2026-09-24 01:06:20.481","DdwHkMrXGpK","18495417","[PREMIUM]","[PREMIUM]","[PREMIUM]","212","Section 212","6",8,"[]","2027-03-17 00:00:00","electronic","exchange",2,"[PREMIUM]","1,2,3,4,5,6,7,8"
"DdwHkMrl405","2026-09-11 23:58:39.072","2026-09-24 01:06:20.481","DdwHkMrl405","18495417","[PREMIUM]","[PREMIUM]","[PREMIUM]","203","Section 203","13",11,"[]","2027-03-17 00:00:00","electronic","exchange",4,"[PREMIUM]","1,2,3,4,5,6,7,8,9,11"
"EroUXgNGYE6","2026-09-11 23:58:39.072","2026-09-24 01:06:20.481","EroUXgNGYE6","18495417","[PREMIUM]","[PREMIUM]","[PREMIUM]","230","Section 230","14",4,"[]","2027-03-17 00:00:00","electronic","exchange",1,"[PREMIUM]","2,4"
"EroUXgVBGw0","2026-09-11 23:58:39.072","2026-09-24 01:06:20.481","EroUXgVBGw0","18495417","[PREMIUM]","[PREMIUM]","[PREMIUM]","221","Section 221","12",6,"[]","2027-03-18 00:00:00","electronic","exchange",0,"[PREMIUM]","2,3,4,5,6"
"EroUXgVBGwB","2026-09-11 23:58:39.072","2026-09-24 01:06:20.481","EroUXgVBGwB","18495417","[PREMIUM]","[PREMIUM]","[PREMIUM]","227","Section 227","13",4,"[]","2027-03-18 00:00:00","electronic","exchange",1,"[PREMIUM]","2,4"
"EroUXgkdKnM","2026-09-11 23:58:39.072","2026-09-24 01:06:20.481","EroUXgkdKnM","18495417","[PREMIUM]","[PREMIUM]","[PREMIUM]","109","Section 109","22",3,"[]","2026-10-08 00:00:00","electronic","exchange",0,"[PREMIUM]","1,3"
"EroUXgzGVop","2026-09-11 23:58:39.072","2026-09-18 01:33:58.546","EroUXgzGVop","18495417","[PREMIUM]","[PREMIUM]","[PREMIUM]","113","Section 113","14",4,"[]","2027-03-18 00:00:00","electronic","exchange",2,"[PREMIUM]","2,4"
"EroUXgznr4p","2026-09-11 23:58:39.072","2026-09-24 01:06:20.481","EroUXgznr4p","18495417","[PREMIUM]","[PREMIUM]","[PREMIUM]","111","Section 111","18",5,"[]","2027-03-18 00:00:00","electronic","exchange",1,"[PREMIUM]","1,2,3,4,5"
"EroUXgznr5z","2026-09-11 23:58:39.072","2026-09-24 01:06:20.481","EroUXgznr5z","18495417","[PREMIUM]","[PREMIUM]","[PREMIUM]","114","Section 114","21",6,"[]","2027-03-18 00:00:00","electronic","exchange",1,"[PREMIUM]","1,2,3,4,5,6"
"EroUXgzEMZv","2026-09-11 23:58:39.072","2026-09-24 01:06:20.481","EroUXgzEMZv","18495417","[PREMIUM]","[PREMIUM]","[PREMIUM]","201","Section 201","10",2,"[]","2027-03-18 00:00:00","electronic","exchange",1,"[PREMIUM]","1,2"
"EroUXgzEMZE","2026-09-11 23:58:39.072","2026-09-24 01:06:20.481","EroUXgzEMZE","18495417","[PREMIUM]","[PREMIUM]","[PREMIUM]","217","Section 217","14",2,"[]","2027-03-18 00:00:00","electronic","exchange",1,"[PREMIUM]","1,2"
"EroUXgz8GED","2026-09-11 23:58:39.072","2026-09-24 01:06:20.481","EroUXgz8GED","18495417","[PREMIUM]","[PREMIUM]","[PREMIUM]","110","Section 110","27",1,"[]","2027-03-17 00:00:00","electronic","exchange",0,"[PREMIUM]","1"
"EroUXgz8GNo","2026-09-11 23:58:39.072","2026-09-24 01:06:20.481","EroUXgz8GNo","18495417","[PREMIUM]","[PREMIUM]","[PREMIUM]","203","Section 203","9",3,"[]","2027-03-17 00:00:00","electronic","exchange",4,"[PREMIUM]","3"
"EroUXgz8Ga6","2026-09-11 23:58:39.072","2026-09-24 01:06:20.481","EroUXgz8Ga6","18495417","[PREMIUM]","[PREMIUM]","[PREMIUM]","115","Section 115","27",6,"[]","2027-03-17 00:00:00","electronic","exchange",1,"[PREMIUM]","2,4,6"
"EroUXgz8GxD","2026-09-11 23:58:39.072","2026-09-24 01:06:20.481","EroUXgz8GxD","18495417","[PREMIUM]","[PREMIUM]","[PREMIUM]","204","Section 204","12",4,"[]","2027-03-17 00:00:00","electronic","exchange",1,"[PREMIUM]","2,4"
"EroUXgz2GLl","2026-09-11 23:58:39.072","2026-09-24 01:06:20.481","EroUXgz2GLl","18495417","[PREMIUM]","[PREMIUM]","[PREMIUM]","212","Section 212","6",8,"[]","2027-03-17 00:00:00","electronic","exchange",3,"[PREMIUM]","1,2,3,4,5,6,7,8"
"GAaI60gAkD6","2026-09-11 23:58:39.072","2026-09-24 01:06:20.481","GAaI60gAkD6","18495417","[PREMIUM]","[PREMIUM]","[PREMIUM]","117","Section 117","12",8,"[]","2027-03-18 00:00:00","electronic","exchange",2,"[PREMIUM]","2,3,4,5,6,7,8"
"GAaI60l7BVX","2026-09-11 23:58:39.072","2026-09-13 07:09:55.334","GAaI60l7BVX","18495417","[PREMIUM]","[PREMIUM]","[PREMIUM]","212","Section 212","6",6,"[]","2027-03-18 00:00:00","electronic","exchange",1,"[PREMIUM]","1,2,3,4,5,6"
"GAaI60lVknD","2026-09-11 23:58:39.072","2026-09-24 01:06:20.481","GAaI60lVknD","18495417","[PREMIUM]","[PREMIUM]","[PREMIUM]","204","Section 204","13",12,"[]","2027-03-17 00:00:00","electronic","exchange",5,"[PREMIUM]","1,2,3,4,5,6,7,8,9,10,12"
"GAaI60lVkM4","2026-09-11 23:58:39.072","2026-09-24 01:06:20.481","GAaI60lVkM4","18495417","[PREMIUM]","[PREMIUM]","[PREMIUM]","106","Section 106","18",5,"[]","2027-03-17 00:00:00","electronic","exchange",2,"[PREMIUM]","1,2,3,5"
"GAaI60l2vqJ","2026-09-11 23:58:39.072","2026-09-24 01:06:20.481","GAaI60l2vqJ","18495417","[PREMIUM]","[PREMIUM]","[PREMIUM]","210","Section 210","10",4,"[]","2027-03-18 00:00:00","electronic","exchange",2,"[PREMIUM]","1,2,3,4"
"JABI3E6odVB","2026-09-11 23:58:39.072","2026-09-24 01:06:20.481","JABI3E6odVB","18495417","[PREMIUM]","[PREMIUM]","[PREMIUM]","115","Section 115","18",5,"[]","2027-03-18 00:00:00","electronic","exchange",2,"[PREMIUM]","2,3,4,5"
"JABI3E6odLv","2026-09-11 23:58:39.072","2026-09-24 01:06:20.481","JABI3E6odLv","18495417","[PREMIUM]","[PREMIUM]","[PREMIUM]","228","Section 228","14",6,"[]","2027-03-18 00:00:00","electronic","exchange",1,"[PREMIUM]","2,4,6"
"JABI3E6odLB","2026-09-11 23:58:39.072","2026-09-24 01:06:20.481","JABI3E6odLB","18495417","[PREMIUM]","[PREMIUM]","[PREMIUM]","223","Section 223","12",6,"[]","2027-03-18 00:00:00","electronic","exchange",1,"[PREMIUM]","2,3,4,5,6"
"JABI3Er05gL","2026-09-11 23:58:39.072","2026-09-24 01:06:20.481","JABI3Er05gL","18495417","[PREMIUM]","[PREMIUM]","[PREMIUM]","108","Section 108","25",4,"[]","2026-10-08 00:00:00","electronic","exchange",0,"[PREMIUM]","2,4"
"JABI3Er2BAX","2026-09-11 23:58:39.072","2026-09-24 01:06:20.481","JABI3Er2BAX","18495417","[PREMIUM]","[PREMIUM]","[PREMIUM]","109","Section 109","22",3,"[]","2026-10-08 00:00:00","electronic","exchange",0,"[PREMIUM]","3"
"JABI3EkAd03","2026-09-11 23:58:39.072","2026-09-24 01:06:20.481","JABI3EkAd03","18495417","[PREMIUM]","[PREMIUM]","[PREMIUM]","219","Section 219","10",12,"[]","2027-03-17 00:00:00","electronic","exchange",5,"[PREMIUM]","1,2,3,4,5,6,7,8,9,10,12"
"JABI3EkAdRj","2026-09-11 23:58:39.072","2026-09-24 01:06:20.481","JABI3EkAdRj","18495417","[PREMIUM]","[PREMIUM]","[PREMIUM]","219","Section 219","7",4,"[]","2027-03-17 00:00:00","electronic","exchange",5,"[PREMIUM]","2,4"
"JABI3EkAdeG","2026-09-11 23:58:39.072","2026-09-24 01:06:20.481","JABI3EkAdeG","18495417","[PREMIUM]","[PREMIUM]","[PREMIUM]","120","Section 120","11",8,"[]","2027-03-17 00:00:00","electronic","exchange",1,"[PREMIUM]","1,2,3,4,5,6,8"
"KezczqJLdAO","2026-09-11 23:58:39.072","2026-09-24 01:06:20.481","KezczqJLdAO","18495417","[PREMIUM]","[PREMIUM]","[PREMIUM]","116","Section 116","18",9,"[]","2027-03-18 00:00:00","electronic","exchange",2,"[PREMIUM]","2,3,4,5,6,7,8,9"
"KezczqJLd73","2026-09-11 23:58:39.072","2026-09-24 01:06:20.481","KezczqJLd73","18495417","[PREMIUM]","[PREMIUM]","[PREMIUM]","230","Section 230","11",6,"[]","2027-03-18 00:00:00","electronic","exchange",1,"[PREMIUM]","2,3,4,5,6"
"KezczqoDdxD","2026-09-11 23:58:39.072","2026-09-24 01:06:20.481","KezczqoDdxD","18495417","[PREMIUM]","[PREMIUM]","[PREMIUM]","211","Section 211","11",1,"[]","2027-03-17 00:00:00","electronic","exchange",1,"[PREMIUM]","1"
"KezczqoDdEm","2026-09-11 23:58:39.072","2026-09-24 01:06:20.481","KezczqoDdEm","18495417","[PREMIUM]","[PREMIUM]","[PREMIUM]","228","Section 228","6",2,"[]","2027-03-17 00:00:00","electronic","exchange",1,"[PREMIUM]","2"
"LbviL84aN5b","2026-09-11 23:58:39.072","2026-09-24 01:06:20.481","LbviL84aN5b","18495417","[PREMIUM]","[PREMIUM]","[PREMIUM]","212","Section 212","10",6,"[]","2027-03-18 00:00:00","electronic","exchange",1,"[PREMIUM]","2,3,4,5,6"
"LbviL84aN5k","2026-09-11 23:58:39.072","2026-09-24 01:06:20.481","LbviL84aN5k","18495417","[PREMIUM]","[PREMIUM]","[PREMIUM]","225","Section 225","13",6,"[]","2027-03-18 00:00:00","electronic","exchange",1,"[PREMIUM]","2,3,4,5,6"
"LbviL8P7G8X","2026-09-11 23:58:39.072","2026-09-18 01:33:58.546","LbviL8P7G8X","18495417","[PREMIUM]","[PREMIUM]","[PREMIUM]","212","Section 212","6",6,"[]","2027-03-18 00:00:00","electronic","exchange",2,"[PREMIUM]","1,2,4,6"
"LbviL8P7GEX","2026-09-11 23:58:39.072","2026-09-18 01:33:58.546","LbviL8P7GEX","18495417","[PREMIUM]","[PREMIUM]","[PREMIUM]","209","Section 209","9",2,"[]","2027-03-18 00:00:00","electronic","exchange",2,"[PREMIUM]","2"
"LbviL8PKAZN","2026-09-11 23:58:39.072","2026-09-24 01:06:20.481","LbviL8PKAZN","18495417","[PREMIUM]","[PREMIUM]","[PREMIUM]","117","Section 117","8",2,"[]","2027-03-18 00:00:00","electronic","exchange",2,"[PREMIUM]","1,2"
"LbviL8PEOM0","2026-09-11 23:58:39.072","2026-09-24 01:06:20.481","LbviL8PEOM0","18495417","[PREMIUM]","[PREMIUM]","[PREMIUM]","109","Section 109","18",6,"[]","2027-03-18 00:00:00","electronic","exchange",1,"[PREMIUM]","1,2,3,4,5,6"
"LbviL8PEOMj","2026-09-11 23:58:39.072","2026-09-24 01:06:20.481","LbviL8PEOMj","18495417","[PREMIUM]","[PREMIUM]","[PREMIUM]","216","Section 216","12",4,"[]","2027-03-18 00:00:00","electronic","exchange",1,"[PREMIUM]","1,2,3,4"
"LbviL8PkN9M","2026-09-11 23:58:39.072","2026-09-24 01:06:20.481","LbviL8PkN9M","18495417","[PREMIUM]","[PREMIUM]","[PREMIUM]","225","Section 225","10",4,"[]","2027-03-17 00:00:00","electronic","exchange",1,"[PREMIUM]","2,4"
"LbviL8PkNV8","2026-09-11 23:58:39.072","2026-09-24 01:06:20.481","LbviL8PkNV8","18495417","[PREMIUM]","[PREMIUM]","[PREMIUM]","217","Section 217","14",4,"[]","2027-03-17 00:00:00","electronic","exchange",0,"[PREMIUM]","2,4"
"LbviL8PkNp8","2026-09-11 23:58:39.072","2026-09-24 01:06:20.481","LbviL8PkNp8","18495417","[PREMIUM]","[PREMIUM]","[PREMIUM]","229","Section 229","12",8,"[]","2027-03-17 00:00:00","electronic","exchange",1,"[PREMIUM]","1,2,3,4,5,6,8"
"LbviL8PNwvL","2026-09-11 23:58:39.072","2026-09-18 01:33:58.546","LbviL8PNwvL","18495417","[PREMIUM]","[PREMIUM]","[PREMIUM]","114","Section 114","21",8,"[]","2027-03-18 00:00:00","electronic","exchange",1,"[PREMIUM]","1,2,3,4,6,8"
"LbviL8epejo","2026-09-11 23:58:39.072","2026-09-24 01:06:20.481","LbviL8epejo","18495417","[PREMIUM]","[PREMIUM]","[PREMIUM]","107","Section 107","24",3,"[]","2026-10-08 00:00:00","electronic","exchange",0,"[PREMIUM]","1,3"
"MAeIP34JPgw","2026-09-11 23:58:39.072","2026-09-24 01:06:20.481","MAeIP34JPgw","18495417","[PREMIUM]","[PREMIUM]","[PREMIUM]","107","Section 107","24",3,"[]","2026-10-08 00:00:00","electronic","exchange",0,"[PREMIUM]","3"
"MAeIP3RwVrG","2026-09-11 23:58:39.072","2026-09-24 01:06:20.481","MAeIP3RwVrG","18495417","[PREMIUM]","[PREMIUM]","[PREMIUM]","101","Section 101","28",10,"[]","2027-03-17 00:00:00","electronic","exchange",2,"[PREMIUM]","1,2,3,4,5,6,7,8,10"
"MAeIP3RwVnM","2026-09-11 23:58:39.072","2026-09-24 01:06:20.481","MAeIP3RwVnM","18495417","[PREMIUM]","[PREMIUM]","[PREMIUM]","230","Section 230","14",5,"[]","2027-03-17 00:00:00","electronic","exchange",1,"[PREMIUM]","1,2,3,5"
"MAeIP3RwV2r","2026-09-11 23:58:39.072","2026-09-24 01:06:20.481","MAeIP3RwV2r","18495417","[PREMIUM]","[PREMIUM]","[PREMIUM]","224","Section 224","9",8,"[]","2027-03-17 00:00:00","electronic","exchange",2,"[PREMIUM]","1,2,3,4,5,6,8"
"MAeIP3RwV0x","2026-09-11 23:58:39.072","2026-09-24 01:06:20.481","MAeIP3RwV0x","18495417","[PREMIUM]","[PREMIUM]","[PREMIUM]","212","Section 212","11",5,"[]","2027-03-17 00:00:00","electronic","exchange",2,"[PREMIUM]","1,2,3,5"
"MAeIP3RldoV","2026-09-11 23:58:39.072","2026-09-24 01:06:20.481","MAeIP3RldoV","18495417","[PREMIUM]","[PREMIUM]","[PREMIUM]","113","Section 113","25",6,"[]","2027-03-18 00:00:00","electronic","exchange",2,"[PREMIUM]","1,2,3,4,5,6"
"MAeIP3MDVzn","2026-09-11 23:58:39.072","2026-09-24 01:06:20.481","MAeIP3MDVzn","18495417","[PREMIUM]","[PREMIUM]","[PREMIUM]","113","Section 113","18",10,"[]","2027-03-18 00:00:00","electronic","exchange",2,"[PREMIUM]","2,3,4,5,6,7,8,9,10"
"MAeIP3MDVgn","2026-09-11 23:58:39.072","2026-09-24 01:06:20.481","MAeIP3MDVgn","18495417","[PREMIUM]","[PREMIUM]","[PREMIUM]","202","Section 202","9",13,"[]","2027-03-18 00:00:00","electronic","exchange",2,"[PREMIUM]","2,3,4,5,6,7,8,9,10,11,12,13"
"MAeIP3mA2EM","2026-09-11 23:58:39.072","2026-09-22 23:30:10.843","MAeIP3mA2EM","18495417","[PREMIUM]","[PREMIUM]","[PREMIUM]","228","Section 228","10",4,"[]","2027-03-17 00:00:00","electronic","exchange",1,"[PREMIUM]","2,4"
"NrqUv68KLBK","2026-09-11 23:58:39.072","2026-09-24 01:06:20.481","NrqUv68KLBK","18495417","[PREMIUM]","[PREMIUM]","[PREMIUM]","116","Section 116","26",4,"[]","2027-03-18 00:00:00","electronic","exchange",1,"[PREMIUM]","2,4"
"NrqUv6qNLxz","2026-09-11 23:58:39.072","2026-09-24 01:06:20.481","NrqUv6qNLxz","18495417","[PREMIUM]","[PREMIUM]","[PREMIUM]","226","Section 226","1",2,"[]","2027-03-17 00:00:00","electronic","exchange",1,"[PREMIUM]","2"
"NrqUv6qNLd0","2026-09-11 23:58:39.072","2026-09-24 01:06:20.481","NrqUv6qNLd0","18495417","[PREMIUM]","[PREMIUM]","[PREMIUM]","108","Section 108","26",6,"[]","2027-03-17 00:00:00","electronic","exchange",1,"[PREMIUM]","2,4,6"
"NrqUv6qNLY0","2026-09-11 23:58:39.072","2026-09-24 01:06:20.481","NrqUv6qNLY0","18495417","[PREMIUM]","[PREMIUM]","[PREMIUM]","114","Section 114","28",11,"[]","2027-03-17 00:00:00","electronic","exchange",3,"[PREMIUM]","1,2,3,4,5,6,7,8,9,11"
"NrqUv6qNL0g","2026-09-11 23:58:39.072","2026-09-24 01:06:20.481","NrqUv6qNL0g","18495417","[PREMIUM]","[PREMIUM]","[PREMIUM]","106","Section 106","17",4,"[]","2027-03-17 00:00:00","electronic","exchange",1,"[PREMIUM]","2,4"
"O7AhwK3293X","2026-09-11 23:58:39.072","2026-09-18 01:33:58.546","O7AhwK3293X","18495417","[PREMIUM]","[PREMIUM]","[PREMIUM]","117","Section 117","8",6,"[]","2027-03-18 00:00:00","electronic","exchange",2,"[PREMIUM]","1,2,4,6"
"O7AhwK326kv","2026-09-11 23:58:39.072","2026-09-18 01:33:58.546","O7AhwK326kv","18495417","[PREMIUM]","[PREMIUM]","[PREMIUM]","220","Section 220","10",7,"[]","2027-03-18 00:00:00","electronic","exchange",1,"[PREMIUM]","1,2,3,5,7"
"O7AhwK3zMBE","2026-09-11 23:58:39.072","2026-09-18 01:33:58.546","O7AhwK3zMBE","18495417","[PREMIUM]","[PREMIUM]","[PREMIUM]","212","Section 212","10",4,"[]","2027-03-18 00:00:00","electronic","exchange",1,"[PREMIUM]","2,4"
"O7AhwK3rlXv","2026-09-11 23:58:39.072","2026-09-24 01:06:20.481","O7AhwK3rlXv","18495417","[PREMIUM]","[PREMIUM]","[PREMIUM]","232","Section 232","8",2,"[]","2027-03-18 00:00:00","electronic","exchange",1,"[PREMIUM]","2"
"O7AhwK3PKNN","2026-09-11 23:58:39.072","2026-09-24 01:06:20.481","O7AhwK3PKNN","18495417","[PREMIUM]","[PREMIUM]","[PREMIUM]","220","Section 220","9",1,"[]","2027-03-18 00:00:00","electronic","exchange",1,"[PREMIUM]","1"
"O7AhwK3B2xM","2026-09-11 23:58:39.072","2026-09-24 01:06:20.481","O7AhwK3B2xM","18495417","[PREMIUM]","[PREMIUM]","[PREMIUM]","224","Section 224","2",1,"[]","2027-03-17 00:00:00","electronic","exchange",1,"[PREMIUM]","1"
"O7AhwK3B2Y9","2026-09-11 23:58:39.072","2026-09-24 01:06:20.481","O7AhwK3B2Y9","18495417","[PREMIUM]","[PREMIUM]","[PREMIUM]","107","Section 107","27",2,"[]","2027-03-17 00:00:00","electronic","exchange",0,"[PREMIUM]","2"
"O7AhwK3B2V9","2026-09-11 23:58:39.072","2026-09-24 01:06:20.481","O7AhwK3B2V9","18495417","[PREMIUM]","[PREMIUM]","[PREMIUM]","103","Section 103","28",10,"[]","2027-03-17 00:00:00","electronic","exchange",3,"[PREMIUM]","1,2,3,4,5,6,7,8,10"
"O7AhwK3B2Om","2026-09-11 23:58:39.072","2026-09-24 01:06:20.481","O7AhwK3B2Om","18495417","[PREMIUM]","[PREMIUM]","[PREMIUM]","114","Section 114","27",6,"[]","2027-03-17 00:00:00","electronic","exchange",1,"[PREMIUM]","2,4,6"
"O7AhwK3B2Jw","2026-09-11 23:58:39.072","2026-09-24 01:06:20.481","O7AhwK3B2Jw","18495417","[PREMIUM]","[PREMIUM]","[PREMIUM]","226","Section 226","7",6,"[]","2027-03-17 00:00:00","electronic","exchange",2,"[PREMIUM]","2,4,6"
"O7AhwK9q2Pe","2026-09-11 23:58:39.072","2026-09-13 07:09:55.334","O7AhwK9q2Pe","18495417","[PREMIUM]","[PREMIUM]","[PREMIUM]","231","Section 231","7",13,"[]","2027-03-18 00:00:00","electronic","exchange",1,"[PREMIUM]","2,3,4,5,6,7,8,9,10,11,12,13"
"PX0sgq9wD6M","2026-09-11 23:58:39.072","2026-09-24 01:06:20.481","PX0sgq9wD6M","18495417","[PREMIUM]","[PREMIUM]","[PREMIUM]","203","Section 203","11",3,"[]","2027-03-17 00:00:00","electronic","exchange",1,"[PREMIUM]","3"
"PX0sgq9wDMa","2026-09-11 23:58:39.072","2026-09-24 01:06:20.481","PX0sgq9wDMa","18495417","[PREMIUM]","[PREMIUM]","[PREMIUM]","107","Section 107","21",3,"[]","2027-03-17 00:00:00","electronic","exchange",1,"[PREMIUM]","3"
"PX0sgq9wDP9","2026-09-11 23:58:39.072","2026-09-24 01:06:20.481","PX0sgq9wDP9","18495417","[PREMIUM]","[PREMIUM]","[PREMIUM]","230","Section 230","9",17,"[]","2027-03-17 00:00:00","electronic","exchange",2,"[PREMIUM]","1,2,3,4,5,6,7,8,9,10,11,12,13,14,15,17"
"PX0sgq9LjK8","2026-09-11 23:58:39.072","2026-09-24 01:06:20.481","PX0sgq9LjK8","18495417","[PREMIUM]","[PREMIUM]","[PREMIUM]","114","Section 114","23",6,"[]","2027-03-18 00:00:00","electronic","exchange",2,"[PREMIUM]","1,2,3,4,5,6"
"PX0sgq9wDYM","2026-09-11 23:58:39.072","2026-09-24 01:06:20.481","PX0sgq9wDYM","18495417","[PREMIUM]","[PREMIUM]","[PREMIUM]","223","Section 223","10",1,"[]","2027-03-17 00:00:00","electronic","exchange",0,"[PREMIUM]","1"
"PX0sgq9mBPK","2026-09-11 23:58:39.072","2026-09-24 01:06:20.481","PX0sgq9mBPK","18495417","[PREMIUM]","[PREMIUM]","[PREMIUM]","120","Section 120","17",8,"[]","2027-03-17 00:00:00","electronic","exchange",2,"[PREMIUM]","1,2,3,4,5,6,7,8"
"PX0sgqlbDv2","2026-09-11 23:58:39.072","2026-09-24 01:06:20.481","PX0sgqlbDv2","18495417","[PREMIUM]","[PREMIUM]","[PREMIUM]","117","Section 117","8",8,"[]","2027-03-18 00:00:00","electronic","exchange",2,"[PREMIUM]","2,3,4,5,6,7,8"
"PX0sgqlbDa2","2026-09-11 23:58:39.072","2026-09-24 01:06:20.481","PX0sgqlbDa2","18495417","[PREMIUM]","[PREMIUM]","[PREMIUM]","112","Section 112","25",8,"[]","2027-03-18 00:00:00","electronic","exchange",1,"[PREMIUM]","2,3,4,5,6,7,8"
"ROXHz2agDmb","2026-09-11 23:58:39.072","2026-09-24 01:06:20.481","ROXHz2agDmb","18495417","[PREMIUM]","[PREMIUM]","[PREMIUM]","217","Section 217","8",6,"[]","2027-03-17 00:00:00","electronic","exchange",2,"[PREMIUM]","2,4,6"
"ROXHz2agDJE","2026-09-11 23:58:39.072","2026-09-24 01:06:20.481","ROXHz2agDJE","18495417","[PREMIUM]","[PREMIUM]","[PREMIUM]","111","Section 111","26",9,"[]","2027-03-17 00:00:00","electronic","exchange",0,"[PREMIUM]","1,2,3,4,5,6,7,9"
"ROXHz2agD4n","2026-09-11 23:58:39.072","2026-09-24 01:06:20.481","ROXHz2agD4n","18495417","[PREMIUM]","[PREMIUM]","[PREMIUM]","211","Section 211","7",3,"[]","2027-03-17 00:00:00","electronic","exchange",2,"[PREMIUM]","3"
"ROXHz2a0Mmn","2026-09-11 23:58:39.072","2026-09-24 01:06:20.481","ROXHz2a0Mmn","18495417","[PREMIUM]","[PREMIUM]","[PREMIUM]","117","Section 117","12",8,"[]","2027-03-17 00:00:00","electronic","exchange",3,"[PREMIUM]","1,2,3,4,5,6,7,8"
"ROXHz2a0M2Y","2026-09-11 23:58:39.072","2026-09-18 01:33:58.546","ROXHz2a0M2Y","18495417","[PREMIUM]","[PREMIUM]","[PREMIUM]","105","Section 105","18",5,"[]","2027-03-18 00:00:00","electronic","exchange",1,"[PREMIUM]","1,3,5"
"ROXHz2awB8g","2026-09-11 23:58:39.072","2026-09-13 07:09:55.334","ROXHz2awB8g","18495417","[PREMIUM]","[PREMIUM]","[PREMIUM]","212","Section 212","5",2,"[]","2027-03-18 00:00:00","electronic","exchange",1,"[PREMIUM]","2"
"ROXHz2b4Vev","2026-09-11 23:58:39.072","2026-09-24 01:06:20.481","ROXHz2b4Vev","18495417","[PREMIUM]","[PREMIUM]","[PREMIUM]","225","Section 225","6",4,"[]","2026-10-08 00:00:00","electronic","exchange",0,"[PREMIUM]","2,4"
"V4KU045Kk6N","2026-09-11 23:58:39.072","2026-09-24 01:06:20.481","V4KU045Kk6N","18495417","[PREMIUM]","[PREMIUM]","[PREMIUM]","102","Section 102","26",4,"[]","2027-03-18 00:00:00","electronic","exchange",2,"[PREMIUM]","2,4"
"V4KU04YMG7o","2026-09-11 23:58:39.072","2026-09-24 01:06:20.481","V4KU04YMG7o","18495417","[PREMIUM]","[PREMIUM]","[PREMIUM]","226","Section 226","11",6,"[]","2027-03-18 00:00:00","electronic","exchange",1,"[PREMIUM]","1,2,3,4,5,6"
"V4KU04Y8kLY","2026-09-11 23:58:39.072","2026-09-24 01:06:20.481","V4KU04Y8kLY","18495417","[PREMIUM]","[PREMIUM]","[PREMIUM]","210","Section 210","8",4,"[]","2027-03-17 00:00:00","electronic","exchange",2,"[PREMIUM]","2,4"
"X03tKl975x3","2026-09-11 23:58:39.072","2026-09-24 01:06:20.481","X03tKl975x3","18495417","[PREMIUM]","[PREMIUM]","[PREMIUM]","101","Section 101","27",6,"[]","2027-03-17 00:00:00","electronic","exchange",2,"[PREMIUM]","2,4,6"
"X03tKl975Y9","2026-09-11 23:58:39.072","2026-09-24 01:06:20.481","X03tKl975Y9","18495417","[PREMIUM]","[PREMIUM]","[PREMIUM]","228","Section 228","4",4,"[]","2027-03-17 00:00:00","electronic","exchange",1,"[PREMIUM]","2,4"
"X03tKl975N9","2026-09-11 23:58:39.072","2026-09-24 01:06:20.481","X03tKl975N9","18495417","[PREMIUM]","[PREMIUM]","[PREMIUM]","101","Section 101","28",4,"[]","2027-03-17 00:00:00","electronic","exchange",1,"[PREMIUM]","2,4"
"X03tKl9j2az","2026-09-11 23:58:39.072","2026-09-24 01:06:20.481","X03tKl9j2az","18495417","[PREMIUM]","[PREMIUM]","[PREMIUM]","230","Section 230","8",2,"[]","2027-03-18 00:00:00","electronic","exchange",1,"[PREMIUM]","2"
"X03tKlvDRRR","2026-09-11 23:58:39.072","2026-09-13 07:09:55.334","X03tKlvDRRR","18495417","[PREMIUM]","[PREMIUM]","[PREMIUM]","219","Section 219","11",6,"[]","2027-03-17 00:00:00","electronic","exchange",4,"[PREMIUM]","1,2,3,4,6"
"X03tKlq35zL","2026-09-11 23:58:39.072","2026-09-24 01:06:20.481","X03tKlq35zL","18495417","[PREMIUM]","[PREMIUM]","[PREMIUM]","231","Section 231","12",6,"[]","2027-03-18 00:00:00","electronic","exchange",1,"[PREMIUM]","2,3,4,5,6"
"YgJtk07XjZb","2026-09-11 23:58:39.072","2026-09-24 01:06:20.481","YgJtk07XjZb","18495417","[PREMIUM]","[PREMIUM]","[PREMIUM]","228","Section 228","11",6,"[]","2027-03-17 00:00:00","electronic","exchange",1,"[PREMIUM]","2,4,6"
"YgJtk07XjYZ","2026-09-11 23:58:39.072","2026-09-24 01:06:20.481","YgJtk07XjYZ","18495417","[PREMIUM]","[PREMIUM]","[PREMIUM]","226","Section 226","11",4,"[]","2027-03-17 00:00:00","electronic","exchange",1,"[PREMIUM]","2,4"
"YgJtk07XjKZ","2026-09-11 23:58:39.072","2026-09-24 01:06:20.481","YgJtk07XjKZ","18495417","[PREMIUM]","[PREMIUM]","[PREMIUM]","214","Section 214","2",4,"[]","2027-03-17 00:00:00","electronic","exchange",2,"[PREMIUM]","2,4"
"YgJtk07Xj4L","2026-09-11 23:58:39.072","2026-09-24 01:06:20.481","YgJtk07Xj4L","18495417","[PREMIUM]","[PREMIUM]","[PREMIUM]","228","Section 228","5",3,"[]","2027-03-17 00:00:00","electronic","exchange",1,"[PREMIUM]","3"
"YgJtk07Xj3b","2026-09-11 23:58:39.072","2026-09-24 01:06:20.481","YgJtk07Xj3b","18495417","[PREMIUM]","[PREMIUM]","[PREMIUM]","216","Section 216","13",4,"[]","2027-03-17 00:00:00","electronic","exchange",0,"[PREMIUM]","2,4"
"YgJtk076rOV","2026-09-11 23:58:39.072","2026-09-24 01:06:20.481","YgJtk076rOV","18495417","[PREMIUM]","[PREMIUM]","[PREMIUM]","115","Section 115","17",6,"[]","2027-03-18 00:00:00","electronic","exchange",1,"[PREMIUM]","1,2,3,4,5,6"
"YgJtk0PJjpl","2026-09-11 23:58:39.072","2026-09-13 07:09:55.334","YgJtk0PJjpl","18495417","[PREMIUM]","[PREMIUM]","[PREMIUM]","111","Section 111","18",5,"[]","2027-03-18 00:00:00","electronic","exchange",1,"[PREMIUM]","2,3,4,5"
"YgJtk0LYark","2026-09-11 23:58:39.072","2026-09-24 01:06:20.481","YgJtk0LYark","18495417","[PREMIUM]","[PREMIUM]","[PREMIUM]","108","Section 108","20",4,"[]","2026-10-08 00:00:00","electronic","exchange",0,"[PREMIUM]","2,4"
"Zm9hvJ7Vg7l","2026-09-11 23:58:39.072","2026-09-24 01:06:20.481","Zm9hvJ7Vg7l","18495417","[PREMIUM]","[PREMIUM]","[PREMIUM]","228","Section 228","9",4,"[]","2027-03-17 00:00:00","electronic","exchange",1,"[PREMIUM]","2,4"
"Zm9hvJR9OpV","2026-09-11 23:58:39.072","2026-09-24 01:06:20.481","Zm9hvJR9OpV","18495417","[PREMIUM]","[PREMIUM]","[PREMIUM]","116","Section 116","28",6,"[]","2027-03-18 00:00:00","electronic","exchange",1,"[PREMIUM]","2,3,4,5,6"
"Zm9hvJR9O8V","2026-09-11 23:58:39.072","2026-09-24 01:06:20.481","Zm9hvJR9O8V","18495417","[PREMIUM]","[PREMIUM]","[PREMIUM]","111","Section 111","18",4,"[]","2027-03-18 00:00:00","electronic","exchange",1,"[PREMIUM]","2,4"
"Zm9hvJnN0rp","2026-09-11 23:58:39.072","2026-09-18 01:33:58.546","Zm9hvJnN0rp","18495417","[PREMIUM]","[PREMIUM]","[PREMIUM]","217","Section 217","14",4,"[]","2027-03-18 00:00:00","electronic","exchange",1,"[PREMIUM]","2,4"
"Zm9hvJnjOxm","2026-09-11 23:58:39.072","2026-09-24 01:06:20.481","Zm9hvJnjOxm","18495417","[PREMIUM]","[PREMIUM]","[PREMIUM]","202","Section 202","14",7,"[]","2027-03-17 00:00:00","electronic","exchange",4,"[PREMIUM]","1,2,3,4,5,7"
"Zm9hvJnjOb5","2026-09-11 23:58:39.072","2026-09-24 01:06:20.481","Zm9hvJnjOb5","18495417","[PREMIUM]","[PREMIUM]","[PREMIUM]","226","Section 226","3",7,"[]","2027-03-17 00:00:00","electronic","exchange",3,"[PREMIUM]","1,2,3,4,5,7"
"Zm9hvJnjOYP","2026-09-11 23:58:39.072","2026-09-24 01:06:20.481","Zm9hvJnjOYP","18495417","[PREMIUM]","[PREMIUM]","[PREMIUM]","211","Section 211","6",1,"[]","2027-03-17 00:00:00","electronic","exchange",0,"[PREMIUM]","1"
"Zm9hvJnjOPP","2026-09-11 23:58:39.072","2026-09-24 01:06:20.481","Zm9hvJnjOPP","18495417","[PREMIUM]","[PREMIUM]","[PREMIUM]","218","Section 218","9",3,"[]","2027-03-17 00:00:00","electronic","exchange",4,"[PREMIUM]","3"
"Zm9hvJnjOLv","2026-09-11 23:58:39.072","2026-09-24 01:06:20.481","Zm9hvJnjOLv","18495417","[PREMIUM]","[PREMIUM]","[PREMIUM]","225","Section 225","9",3,"[]","2027-03-17 00:00:00","electronic","exchange",1,"[PREMIUM]","3"
"Zm9hvJnjO7v","2026-09-11 23:58:39.072","2026-09-24 01:06:20.481","Zm9hvJnjO7v","18495417","[PREMIUM]","[PREMIUM]","[PREMIUM]","205","Section 205","14",4,"[]","2027-03-17 00:00:00","electronic","exchange",1,"[PREMIUM]","2,4"
"Zm9hvJnN0Pv","2026-09-11 23:58:39.072","2026-09-24 01:06:20.481","Zm9hvJnN0Pv","18495417","[PREMIUM]","[PREMIUM]","[PREMIUM]","103","Section 103","25",8,"[]","2027-03-17 00:00:00","electronic","exchange",3,"[PREMIUM]","1,2,3,4,5,6,7,8"
"agktlMK9qxY","2026-09-11 23:58:39.072","2026-09-24 01:06:20.481","agktlMK9qxY","18495417","[PREMIUM]","[PREMIUM]","[PREMIUM]","229","Section 229","5",1,"[]","2027-03-17 00:00:00","electronic","exchange",0,"[PREMIUM]","1"
"agktlMK9qvZ","2026-09-11 23:58:39.072","2026-09-24 01:06:20.481","agktlMK9qvZ","18495417","[PREMIUM]","[PREMIUM]","[PREMIUM]","109","Section 109","27",7,"[]","2027-03-17 00:00:00","electronic","exchange",1,"[PREMIUM]","1,2,3,4,5,7"
"agktlMK9qPY","2026-09-11 23:58:39.072","2026-09-24 01:06:20.481","agktlMK9qPY","18495417","[PREMIUM]","[PREMIUM]","[PREMIUM]","210","Section 210","10",6,"[]","2027-03-17 00:00:00","electronic","exchange",3,"[PREMIUM]","2,4,6"
"agktlMK9qOP","2026-09-11 23:58:39.072","2026-09-24 01:06:20.481","agktlMK9qOP","18495417","[PREMIUM]","[PREMIUM]","[PREMIUM]","106","Section 106","12",4,"[]","2027-03-17 00:00:00","electronic","exchange",1,"[PREMIUM]","2,4"
"agktlMK9q7n","2026-09-11 23:58:39.072","2026-09-24 01:06:20.481","agktlMK9q7n","18495417","[PREMIUM]","[PREMIUM]","[PREMIUM]","220","Section 220","14",8,"[]","2027-03-17 00:00:00","electronic","exchange",2,"[PREMIUM]","1,2,3,4,5,6,8"
"agktlMK9q30","2026-09-11 23:58:39.072","2026-09-24 01:06:20.481","agktlMK9q30","18495417","[PREMIUM]","[PREMIUM]","[PREMIUM]","211","Section 211","10",2,"[]","2027-03-17 00:00:00","electronic","exchange",1,"[PREMIUM]","2"
"agktlMK0pYP","2026-09-11 23:58:39.072","2026-09-24 01:06:20.481","agktlMK0pYP","18495417","[PREMIUM]","[PREMIUM]","[PREMIUM]","111","Section 111","19",4,"[]","2027-03-17 00:00:00","electronic","exchange",2,"[PREMIUM]","1,2,3,4"
"agktlMaNqoO","2026-09-11 23:58:39.072","2026-09-24 01:06:20.481","agktlMaNqoO","18495417","[PREMIUM]","[PREMIUM]","[PREMIUM]","202","Section 202","10",7,"[]","2027-03-18 00:00:00","electronic","exchange",2,"[PREMIUM]","2,3,4,5,6,7"
"b4wUaoZ6EvA","2026-09-11 23:58:39.072","2026-09-24 01:06:20.481","b4wUaoZ6EvA","18495417","[PREMIUM]","[PREMIUM]","[PREMIUM]","230","Section 230","14",4,"[]","2027-03-17 00:00:00","electronic","exchange",1,"[PREMIUM]","2,4"
"b4wUaoZ6EYA","2026-09-11 23:58:39.072","2026-09-24 01:06:20.481","b4wUaoZ6EYA","18495417","[PREMIUM]","[PREMIUM]","[PREMIUM]","219","Section 219","8",5,"[]","2027-03-17 00:00:00","electronic","exchange",5,"[PREMIUM]","1,2,3,5"
"b4wUaoZ6EXJ","2026-09-11 23:58:39.072","2026-09-24 01:06:20.481","b4wUaoZ6EXJ","18495417","[PREMIUM]","[PREMIUM]","[PREMIUM]","226","Section 226","8",1,"[]","2027-03-17 00:00:00","electronic","exchange",1,"[PREMIUM]","1"
"b4wUaoZ6EOK","2026-09-11 23:58:39.072","2026-09-24 01:06:20.481","b4wUaoZ6EOK","18495417","[PREMIUM]","[PREMIUM]","[PREMIUM]","103","Section 103","28",10,"[]","2027-03-17 00:00:00","electronic","exchange",4,"[PREMIUM]","1,2,3,4,5,6,7,8,10"
"dNgUgpLl4zX","2026-09-11 23:58:39.072","2026-09-24 01:06:20.481","dNgUgpLl4zX","18495417","[PREMIUM]","[PREMIUM]","[PREMIUM]","204","Section 204","11",2,"[]","2027-03-17 00:00:00","electronic","exchange",0,"[PREMIUM]","2"
"dNgUgpLl4oX","2026-09-11 23:58:39.072","2026-09-24 01:06:20.481","dNgUgpLl4oX","18495417","[PREMIUM]","[PREMIUM]","[PREMIUM]","210","Section 210","7",2,"[]","2027-03-17 00:00:00","electronic","exchange",2,"[PREMIUM]","2"
"dNgUgpLl4Y8","2026-09-11 23:58:39.072","2026-09-24 01:06:20.481","dNgUgpLl4Y8","18495417","[PREMIUM]","[PREMIUM]","[PREMIUM]","203","Section 203","10",4,"[]","2027-03-17 00:00:00","electronic","exchange",1,"[PREMIUM]","2,4"
"dNgUgpLl489","2026-09-11 23:58:39.072","2026-09-24 01:06:20.481","dNgUgpLl489","18495417","[PREMIUM]","[PREMIUM]","[PREMIUM]","226","Section 226","8",1,"[]","2027-03-17 00:00:00","electronic","exchange",1,"[PREMIUM]","1"
"dNgUgpL5BYX","2026-09-11 23:58:39.072","2026-09-24 01:06:20.481","dNgUgpL5BYX","18495417","[PREMIUM]","[PREMIUM]","[PREMIUM]","105","Section 105","18",7,"[]","2027-03-17 00:00:00","electronic","exchange",2,"[PREMIUM]","1,2,3,4,5,6,7"
"dNgUgpqNZaP","2026-09-11 23:58:39.072","2026-09-18 01:33:58.546","dNgUgpqNZaP","18495417","[PREMIUM]","[PREMIUM]","[PREMIUM]","108","Section 108","20",4,"[]","2026-10-08 00:00:00","electronic","exchange",0,"[PREMIUM]","2,4"
"eeacK8Evd8w","2026-09-11 23:58:39.072","2026-09-18 01:33:58.546","eeacK8Evd8w","18495417","[PREMIUM]","[PREMIUM]","[PREMIUM]","216","Section 216","12",2,"[]","2027-03-18 00:00:00","electronic","exchange",1,"[PREMIUM]","2"
"eeacK8EvdYX","2026-09-11 23:58:39.072","2026-09-13 07:09:55.334","eeacK8EvdYX","18495417","[PREMIUM]","[PREMIUM]","[PREMIUM]","111","Section 111","18",5,"[]","2027-03-17 00:00:00","electronic","exchange",2,"[PREMIUM]","1,2,3,4,5"
"eeacK8Eprkz","2026-09-11 23:58:39.072","2026-09-24 01:06:20.481","eeacK8Eprkz","18495417","[PREMIUM]","[PREMIUM]","[PREMIUM]","224","Section 224","14",1,"[]","2027-03-17 00:00:00","electronic","exchange",0,"[PREMIUM]","1"
"eeacK8EprZw","2026-09-11 23:58:39.072","2026-09-24 01:06:20.481","eeacK8EprZw","18495417","[PREMIUM]","[PREMIUM]","[PREMIUM]","206","Section 206","5",1,"[]","2027-03-17 00:00:00","electronic","exchange",0,"[PREMIUM]","1"
"eeacK8EprX9","2026-09-11 23:58:39.072","2026-09-24 01:06:20.481","eeacK8EprX9","18495417","[PREMIUM]","[PREMIUM]","[PREMIUM]","229","Section 229","5",1,"[]","2027-03-17 00:00:00","electronic","exchange",0,"[PREMIUM]","1"
"eeacK8EprPK","2026-09-11 23:58:39.072","2026-09-24 01:06:20.481","eeacK8EprPK","18495417","[PREMIUM]","[PREMIUM]","[PREMIUM]","204","Section 204","12",4,"[]","2027-03-17 00:00:00","electronic","exchange",1,"[PREMIUM]","2,4"
"eeacK8EkNba","2026-09-11 23:58:39.072","2026-09-24 01:06:20.481","eeacK8EkNba","18495417","[PREMIUM]","[PREMIUM]","[PREMIUM]","120","Section 120","17",6,"[]","2027-03-18 00:00:00","electronic","exchange",1,"[PREMIUM]","1,2,3,4,5,6"
"eeacK84mrO4","2026-09-11 23:58:39.072","2026-09-24 01:06:20.481","eeacK84mrO4","18495417","[PREMIUM]","[PREMIUM]","[PREMIUM]","112","Section 112","26",6,"[]","2027-03-18 00:00:00","electronic","exchange",2,"[PREMIUM]","2,4,6"
"eeacK84mr34","2026-09-11 23:58:39.072","2026-09-24 01:06:20.481","eeacK84mr34","18495417","[PREMIUM]","[PREMIUM]","[PREMIUM]","103","Section 103","14",2,"[]","2027-03-18 00:00:00","electronic","exchange",2,"[PREMIUM]","2"
"g48Ur6BjpoK","2026-09-11 23:58:39.072","2026-09-18 01:33:58.546","g48Ur6BjpoK","18495417","[PREMIUM]","[PREMIUM]","[PREMIUM]","120","Section 120","17",8,"[]","2027-03-18 00:00:00","electronic","exchange",1,"[PREMIUM]","1,2,3,4,6,8"
"g48Ur6Ed8k9","2026-09-11 23:58:39.072","2026-09-24 01:06:20.481","g48Ur6Ed8k9","18495417","[PREMIUM]","[PREMIUM]","[PREMIUM]","205","Section 205","10",9,"[]","2027-03-18 00:00:00","electronic","exchange",0,"[PREMIUM]","2,3,4,5,6,7,8,9"
"g48Ur6BoY2A","2026-09-11 23:58:39.072","2026-09-24 01:06:20.481","g48Ur6BoY2A","18495417","[PREMIUM]","[PREMIUM]","[PREMIUM]","111","Section 111","19",4,"[]","2027-03-18 00:00:00","electronic","exchange",1,"[PREMIUM]","1,2,3,4"
"g48Ur6BL8vd","2026-09-11 23:58:39.072","2026-09-24 01:06:20.481","g48Ur6BL8vd","18495417","[PREMIUM]","[PREMIUM]","[PREMIUM]","209","Section 209","8",5,"[]","2027-03-17 00:00:00","electronic","exchange",2,"[PREMIUM]","1,2,3,5"
"g48Ur6BL8VD","2026-09-11 23:58:39.072","2026-09-24 01:06:20.481","g48Ur6BL8VD","18495417","[PREMIUM]","[PREMIUM]","[PREMIUM]","216","Section 216","7",6,"[]","2027-03-17 00:00:00","electronic","exchange",1,"[PREMIUM]","2,4,6"
"g48Ur6BL89D","2026-09-11 23:58:39.072","2026-09-24 01:06:20.481","g48Ur6BL89D","18495417","[PREMIUM]","[PREMIUM]","[PREMIUM]","220","Section 220","13",6,"[]","2027-03-17 00:00:00","electronic","exchange",1,"[PREMIUM]","2,4,6"
"g48Ur6B49AV","2026-09-11 23:58:39.072","2026-09-24 01:06:20.481","g48Ur6B49AV","18495417","[PREMIUM]","[PREMIUM]","[PREMIUM]","226","Section 226","11",3,"[]","2027-03-18 00:00:00","electronic","exchange",1,"[PREMIUM]","1,2,3"
"g48Ur6Ed859","2026-09-11 23:58:39.072","2026-09-17 00:52:29.625","g48Ur6Ed859","18495417","[PREMIUM]","[PREMIUM]","[PREMIUM]","113","Section 113","19",8,"[]","2027-03-18 00:00:00","electronic","exchange",2,"[PREMIUM]","2,3,4,5,6,7,8"
"jDvszkmq2xV","2026-09-11 23:58:39.072","2026-09-24 01:06:20.481","jDvszkmq2xV","18495417","[PREMIUM]","[PREMIUM]","[PREMIUM]","116","Section 116","19",9,"[]","2027-03-18 00:00:00","electronic","exchange",2,"[PREMIUM]","2,3,4,5,6,7,8,9"
"jDvszkmq2YV","2026-09-11 23:58:39.072","2026-09-24 01:06:20.481","jDvszkmq2YV","18495417","[PREMIUM]","[PREMIUM]","[PREMIUM]","109","Section 109","18",10,"[]","2027-03-18 00:00:00","electronic","exchange",1,"[PREMIUM]","2,3,4,5,6,7,8,9,10"
"jDvszkmq2Ln","2026-09-11 23:58:39.072","2026-09-24 01:06:20.481","jDvszkmq2Ln","18495417","[PREMIUM]","[PREMIUM]","[PREMIUM]","231","Section 231","11",11,"[]","2027-03-18 00:00:00","electronic","exchange",1,"[PREMIUM]","2,3,4,5,6,7,8,9,10,11"
"jDvszkeV2bN","2026-09-11 23:58:39.072","2026-09-24 01:06:20.481","jDvszkeV2bN","18495417","[PREMIUM]","[PREMIUM]","[PREMIUM]","203","Section 203","12",4,"[]","2027-03-17 00:00:00","electronic","exchange",1,"[PREMIUM]","2,4"
"jDvszkeV2aE","2026-09-11 23:58:39.072","2026-09-24 01:06:20.481","jDvszkeV2aE","18495417","[PREMIUM]","[PREMIUM]","[PREMIUM]","220","Section 220","12",11,"[]","2027-03-17 00:00:00","electronic","exchange",5,"[PREMIUM]","1,2,3,4,5,6,7,8,9,11"
"jDvszkeV2DN","2026-09-11 23:58:39.072","2026-09-24 01:06:20.481","jDvszkeV2DN","18495417","[PREMIUM]","[PREMIUM]","[PREMIUM]","222","Section 222","12",6,"[]","2027-03-17 00:00:00","electronic","exchange",0,"[PREMIUM]","2,4,6"
"jDvszkeV294","2026-09-11 23:58:39.072","2026-09-24 01:06:20.481","jDvszkeV294","18495417","[PREMIUM]","[PREMIUM]","[PREMIUM]","226","Section 226","3",2,"[]","2027-03-17 00:00:00","electronic","exchange",1,"[PREMIUM]","2"
"kYet9mX8YVb","2026-09-11 23:58:39.072","2026-09-18 01:33:58.546","kYet9mX8YVb","18495417","[PREMIUM]","[PREMIUM]","[PREMIUM]","113","Section 113","25",5,"[]","2027-03-18 00:00:00","electronic","exchange",1,"[PREMIUM]","1,3,5"
"kYet9mXg8Ap","2026-09-11 23:58:39.072","2026-09-24 01:06:20.481","kYet9mXg8Ap","18495417","[PREMIUM]","[PREMIUM]","[PREMIUM]","203","Section 203","8",3,"[]","2027-03-17 00:00:00","electronic","exchange",5,"[PREMIUM]","3"
"kYet9mXg8op","2026-09-11 23:58:39.072","2026-09-24 01:06:20.481","kYet9mXg8op","18495417","[PREMIUM]","[PREMIUM]","[PREMIUM]","205","Section 205","8",6,"[]","2027-03-17 00:00:00","electronic","exchange",1,"[PREMIUM]","2,4,6"
"kYet9mXg8AJ","2026-09-11 23:58:39.072","2026-09-24 01:06:20.481","kYet9mXg8AJ","18495417","[PREMIUM]","[PREMIUM]","[PREMIUM]","228","Section 228","12",4,"[]","2027-03-17 00:00:00","electronic","exchange",1,"[PREMIUM]","2,4"
"kYet9mYb8V8","2026-09-11 23:58:39.072","2026-09-24 01:06:20.481","kYet9mYb8V8","18495417","[PREMIUM]","[PREMIUM]","[PREMIUM]","225","Section 225","12",4,"[]","2027-03-18 00:00:00","electronic","exchange",1,"[PREMIUM]","2,4"
"kYet9mYb8Vq","2026-09-11 23:58:39.072","2026-09-24 01:06:20.481","kYet9mYb8Vq","18495417","[PREMIUM]","[PREMIUM]","[PREMIUM]","212","Section 212","6",8,"[]","2027-03-18 00:00:00","electronic","exchange",2,"[PREMIUM]","2,3,4,5,6,7,8"
"kYet9mX4w0x","2026-09-11 23:58:39.072","2026-09-24 01:06:20.481","kYet9mX4w0x","18495417","[PREMIUM]","[PREMIUM]","[PREMIUM]","209","Section 209","9",4,"[]","2027-03-18 00:00:00","electronic","exchange",2,"[PREMIUM]","1,2,3,4"
"kYet9mX4wKx","2026-09-11 23:58:39.072","2026-09-24 01:06:20.481","kYet9mX4wKx","18495417","[PREMIUM]","[PREMIUM]","[PREMIUM]","212","Section 212","10",6,"[]","2027-03-18 00:00:00","electronic","exchange",1,"[PREMIUM]","1,2,3,4,5,6"
"kYet9mX6AzG","2026-09-11 23:58:39.072","2026-09-24 01:06:20.481","kYet9mX6AzG","18495417","[PREMIUM]","[PREMIUM]","[PREMIUM]","108","Section 108","28",4,"[]","2027-03-18 00:00:00","electronic","exchange",2,"[PREMIUM]","1,2,3,4"
"lxVsdRJbp53","2026-09-11 23:58:39.072","2026-09-24 01:06:20.481","lxVsdRJbp53","18495417","[PREMIUM]","[PREMIUM]","[PREMIUM]","114","Section 114","23",7,"[]","2027-03-18 00:00:00","electronic","exchange",2,"[PREMIUM]","1,2,3,4,5,7"
"lxVsdRJbpzk","2026-09-11 23:58:39.072","2026-09-24 01:06:20.481","lxVsdRJbpzk","18495417","[PREMIUM]","[PREMIUM]","[PREMIUM]","227","Section 227","12",8,"[]","2027-03-18 00:00:00","electronic","exchange",1,"[PREMIUM]","2,3,4,5,6,7,8"
"lxVsdRJbpz3","2026-09-11 23:58:39.072","2026-09-24 01:06:20.481","lxVsdRJbpz3","18495417","[PREMIUM]","[PREMIUM]","[PREMIUM]","221","Section 221","11",4,"[]","2027-03-18 00:00:00","electronic","exchange",0,"[PREMIUM]","2,4"
"lxVsdRJbpN3","2026-09-11 23:58:39.072","2026-09-24 01:06:20.481","lxVsdRJbpN3","18495417","[PREMIUM]","[PREMIUM]","[PREMIUM]","103","Section 103","25",9,"[]","2027-03-18 00:00:00","electronic","exchange",2,"[PREMIUM]","2,3,4,5,6,7,8,9"
"lxVsdRr4Z04","2026-09-11 23:58:39.072","2026-09-24 01:06:20.481","lxVsdRr4Z04","18495417","[PREMIUM]","[PREMIUM]","[PREMIUM]","113","Section 113","25",7,"[]","2027-03-17 00:00:00","electronic","exchange",3,"[PREMIUM]","1,2,3,4,5,6,7"
"lxVsdRrLxYY","2026-09-11 23:58:39.072","2026-09-24 01:06:20.481","lxVsdRrLxYY","18495417","[PREMIUM]","[PREMIUM]","[PREMIUM]","118","Section 118","17",6,"[]","2027-03-18 00:00:00","electronic","exchange",1,"[PREMIUM]","1,2,3,4,5,6"
"lxVsdRrjpK0","2026-09-11 23:58:39.072","2026-09-24 01:06:20.481","lxVsdRrjpK0","18495417","[PREMIUM]","[PREMIUM]","[PREMIUM]","232","Section 232","13",6,"[]","2027-03-17 00:00:00","electronic","exchange",0,"[PREMIUM]","2,4,6"
"lxVsdRrjpw2","2026-09-11 23:58:39.072","2026-09-24 01:06:20.481","lxVsdRrjpw2","18495417","[PREMIUM]","[PREMIUM]","[PREMIUM]","220","Section 220","11",3,"[]","2027-03-17 00:00:00","electronic","exchange",1,"[PREMIUM]","3"
"lxVsdRrjpB2","2026-09-11 23:58:39.072","2026-09-24 01:06:20.481","lxVsdRrjpB2","18495417","[PREMIUM]","[PREMIUM]","[PREMIUM]","105","Section 105","16",5,"[]","2027-03-17 00:00:00","electronic","exchange",1,"[PREMIUM]","1,2,3,5"
"lxVsdRr3wD8","2026-09-11 23:58:39.072","2026-09-24 01:06:20.481","lxVsdRr3wD8","18495417","[PREMIUM]","[PREMIUM]","[PREMIUM]","116","Section 116","18",2,"[]","2027-03-18 00:00:00","electronic","exchange",1,"[PREMIUM]","1,2"
"mxAs4xkXKVe","2026-09-11 23:58:39.072","2026-09-24 01:06:20.481","mxAs4xkXKVe","18495417","[PREMIUM]","[PREMIUM]","[PREMIUM]","117","Section 117","8",8,"[]","2027-03-17 00:00:00","electronic","exchange",4,"[PREMIUM]","1,2,3,4,5,6,7,8"
"mxAs4xw7ONr","2026-09-11 23:58:39.072","2026-09-24 01:06:20.481","mxAs4xw7ONr","18495417","[PREMIUM]","[PREMIUM]","[PREMIUM]","112","Section 112","24",8,"[]","2027-03-18 00:00:00","electronic","exchange",1,"[PREMIUM]","2,3,4,5,6,7,8"
"mxAs4xw7OPr","2026-09-11 23:58:39.072","2026-09-24 01:06:20.481","mxAs4xw7OPr","18495417","[PREMIUM]","[PREMIUM]","[PREMIUM]","116","Section 116","28",4,"[]","2027-03-18 00:00:00","electronic","exchange",1,"[PREMIUM]","2,4"
"nx0srKXZ2gO","2026-09-11 23:58:39.072","2026-09-18 01:33:58.546","nx0srKXZ2gO","18495417","[PREMIUM]","[PREMIUM]","[PREMIUM]","118","Section 118","17",4,"[]","2027-03-18 00:00:00","electronic","exchange",1,"[PREMIUM]","2,4"
"nx0srKXxDza","2026-09-11 23:58:39.072","2026-09-18 01:33:58.546","nx0srKXxDza","18495417","[PREMIUM]","[PREMIUM]","[PREMIUM]","116","Section 116","18",7,"[]","2027-03-18 00:00:00","electronic","exchange",1,"[PREMIUM]","1,2,3,5,7"
"nx0srKXgxm9","2026-09-11 23:58:39.072","2026-09-24 01:06:20.481","nx0srKXgxm9","18495417","[PREMIUM]","[PREMIUM]","[PREMIUM]","215","Section 215","2",3,"[]","2027-03-17 00:00:00","electronic","exchange",2,"[PREMIUM]","3"
"nx0srKXgxJq","2026-09-11 23:58:39.072","2026-09-24 01:06:20.481","nx0srKXgxJq","18495417","[PREMIUM]","[PREMIUM]","[PREMIUM]","219","Section 219","9",3,"[]","2027-03-17 00:00:00","electronic","exchange",3,"[PREMIUM]","3"
"nx0srKXgx3q","2026-09-11 23:58:39.072","2026-09-24 01:06:20.481","nx0srKXgx3q","18495417","[PREMIUM]","[PREMIUM]","[PREMIUM]","204","Section 204","14",3,"[]","2027-03-17 00:00:00","electronic","exchange",0,"[PREMIUM]","3"
"nx0srKXZ2mq","2026-09-11 23:58:39.072","2026-09-24 01:06:20.481","nx0srKXZ2mq","18495417","[PREMIUM]","[PREMIUM]","[PREMIUM]","115","Section 115","17",6,"[]","2027-03-17 00:00:00","electronic","exchange",3,"[PREMIUM]","1,2,3,4,5,6"
"nx0srKD8xlL","2026-09-11 23:58:39.072","2026-09-24 01:06:20.481","nx0srKD8xlL","18495417","[PREMIUM]","[PREMIUM]","[PREMIUM]","230","Section 230","12",6,"[]","2027-03-18 00:00:00","electronic","exchange",1,"[PREMIUM]","2,3,4,5,6"
"nx0srKD8xNZ","2026-09-11 23:58:39.072","2026-09-24 01:06:20.481","nx0srKD8xNZ","18495417","[PREMIUM]","[PREMIUM]","[PREMIUM]","108","Section 108","28",8,"[]","2027-03-18 00:00:00","electronic","exchange",2,"[PREMIUM]","2,3,4,5,6,7,8"
"oV7Hb62zqd6","2026-09-11 23:58:39.072","2026-09-18 01:33:58.546","oV7Hb62zqd6","18495417","[PREMIUM]","[PREMIUM]","[PREMIUM]","202","Section 202","8",2,"[]","2027-03-18 00:00:00","electronic","exchange",2,"[PREMIUM]","2"
"oV7Hb62zqeX","2026-09-11 23:58:39.072","2026-09-24 01:06:20.481","oV7Hb62zqeX","18495417","[PREMIUM]","[PREMIUM]","[PREMIUM]","112","Section 112","25",8,"[]","2027-03-17 00:00:00","electronic","exchange",3,"[PREMIUM]","1,2,3,4,5,6,7,8"
"oV7Hb62KRLX","2026-09-11 23:58:39.072","2026-09-24 01:06:20.481","oV7Hb62KRLX","18495417","[PREMIUM]","[PREMIUM]","[PREMIUM]","203","Section 203","14",1,"[]","2027-03-17 00:00:00","electronic","exchange",0,"[PREMIUM]","1"
"oV7Hb62KRJX","2026-09-11 23:58:39.072","2026-09-24 01:06:20.481","oV7Hb62KRJX","18495417","[PREMIUM]","[PREMIUM]","[PREMIUM]","212","Section 212","14",4,"[]","2027-03-17 00:00:00","electronic","exchange",2,"[PREMIUM]","2,4"
"oV7Hb62KROP","2026-09-11 23:58:39.072","2026-09-24 01:06:20.481","oV7Hb62KROP","18495417","[PREMIUM]","[PREMIUM]","[PREMIUM]","110","Section 110","25",7,"[]","2027-03-17 00:00:00","electronic","exchange",2,"[PREMIUM]","1,2,3,4,5,7"
"oV7Hb62KRJ3","2026-09-11 23:58:39.072","2026-09-24 01:06:20.481","oV7Hb62KRJ3","18495417","[PREMIUM]","[PREMIUM]","[PREMIUM]","230","Section 230","3",3,"[]","2027-03-17 00:00:00","electronic","exchange",2,"[PREMIUM]","3"
"oV7Hb62KRlP","2026-09-11 23:58:39.072","2026-09-24 01:06:20.481","oV7Hb62KRlP","18495417","[PREMIUM]","[PREMIUM]","[PREMIUM]","224","Section 224","2",5,"[]","2027-03-17 00:00:00","electronic","exchange",4,"[PREMIUM]","1,2,3,5"
"oV7Hb6rjR0g","2026-09-11 23:58:39.072","2026-09-24 01:06:20.481","oV7Hb6rjR0g","18495417","[PREMIUM]","[PREMIUM]","[PREMIUM]","224","Section 224","12",6,"[]","2027-03-18 00:00:00","electronic","exchange",1,"[PREMIUM]","2,4,6"
"oV7Hb6rjR0O","2026-09-11 23:58:39.072","2026-09-24 01:06:20.481","oV7Hb6rjR0O","18495417","[PREMIUM]","[PREMIUM]","[PREMIUM]","205","Section 205","12",8,"[]","2027-03-18 00:00:00","electronic","exchange",0,"[PREMIUM]","2,3,4,5,6,7,8"
"pVXHD7ARed0","2026-09-11 23:58:39.072","2026-09-18 01:33:58.546","pVXHD7ARed0","18495417","[PREMIUM]","[PREMIUM]","[PREMIUM]","115","Section 115","17",4,"[]","2027-03-18 00:00:00","electronic","exchange",1,"[PREMIUM]","2,4"
"pVXHD7AvJrz","2026-09-11 23:58:39.072","2026-09-24 01:06:20.481","pVXHD7AvJrz","18495417","[PREMIUM]","[PREMIUM]","[PREMIUM]","116","Section 116","18",8,"[]","2027-03-17 00:00:00","electronic","exchange",3,"[PREMIUM]","1,2,3,4,5,6,7,8"
"pVXHD7AMRZr","2026-09-11 23:58:39.072","2026-09-24 01:06:20.481","pVXHD7AMRZr","18495417","[PREMIUM]","[PREMIUM]","[PREMIUM]","228","Section 228","14",4,"[]","2027-03-17 00:00:00","electronic","exchange",1,"[PREMIUM]","2,4"
"pVXHD7AMRXA","2026-09-11 23:58:39.072","2026-09-24 01:06:20.481","pVXHD7AMRXA","18495417","[PREMIUM]","[PREMIUM]","[PREMIUM]","224","Section 224","10",6,"[]","2027-03-17 00:00:00","electronic","exchange",1,"[PREMIUM]","2,4,6"
"pVXHD7AMRLr","2026-09-11 23:58:39.072","2026-09-24 01:06:20.481","pVXHD7AMRLr","18495417","[PREMIUM]","[PREMIUM]","[PREMIUM]","219","Section 219","9",8,"[]","2027-03-17 00:00:00","electronic","exchange",5,"[PREMIUM]","1,2,3,4,5,6,8"
"pVXHD7AMR0p","2026-09-11 23:58:39.072","2026-09-24 01:06:20.481","pVXHD7AMR0p","18495417","[PREMIUM]","[PREMIUM]","[PREMIUM]","113","Section 113","27",8,"[]","2027-03-17 00:00:00","electronic","exchange",4,"[PREMIUM]","1,2,3,4,5,6,8"
"qVjH2m8X08Y","2026-09-11 23:58:39.072","2026-09-18 01:33:58.546","qVjH2m8X08Y","18495417","[PREMIUM]","[PREMIUM]","[PREMIUM]","103","Section 103","25",7,"[]","2027-03-18 00:00:00","electronic","exchange",1,"[PREMIUM]","1,2,3,5,7"
"qVjH2m839kj","2026-09-11 23:58:39.072","2026-09-13 07:09:55.334","qVjH2m839kj","18495417","[PREMIUM]","[PREMIUM]","[PREMIUM]","111","Section 111","9",2,"[]","2027-03-18 00:00:00","electronic","exchange",3,"[PREMIUM]","2"
"qVjH2m8aXz4","2026-09-11 23:58:39.072","2026-09-24 01:06:20.481","qVjH2m8aXz4","18495417","[PREMIUM]","[PREMIUM]","[PREMIUM]","108","Section 108","26",2,"[]","2027-03-17 00:00:00","electronic","exchange",0,"[PREMIUM]","2"
"qVjH2m8aXDo","2026-09-11 23:58:39.072","2026-09-24 01:06:20.481","qVjH2m8aXDo","18495417","[PREMIUM]","[PREMIUM]","[PREMIUM]","228","Section 228","9",2,"[]","2027-03-17 00:00:00","electronic","exchange",1,"[PREMIUM]","2"
"qVjH2m8aX6G","2026-09-11 23:58:39.072","2026-09-24 01:06:20.481","qVjH2m8aX6G","18495417","[PREMIUM]","[PREMIUM]","[PREMIUM]","202","Section 202","3",4,"[]","2027-03-17 00:00:00","electronic","exchange",4,"[PREMIUM]","2,4"
"rVOHkpYRwzd","2026-09-11 23:58:39.072","2026-09-24 01:06:20.481","rVOHkpYRwzd","18495417","[PREMIUM]","[PREMIUM]","[PREMIUM]","105","Section 105","18",6,"[]","2027-03-18 00:00:00","electronic","exchange",1,"[PREMIUM]","1,2,3,4,5,6"
"rVOHkpYJrgD","2026-09-11 23:58:39.072","2026-09-24 01:06:20.481","rVOHkpYJrgD","18495417","[PREMIUM]","[PREMIUM]","[PREMIUM]","225","Section 225","5",1,"[]","2027-03-17 00:00:00","electronic","exchange",0,"[PREMIUM]","1"
"rVOHkpYJrPR","2026-09-11 23:58:39.072","2026-09-24 01:06:20.481","rVOHkpYJrPR","18495417","[PREMIUM]","[PREMIUM]","[PREMIUM]","102","Section 102","27",2,"[]","2027-03-17 00:00:00","electronic","exchange",1,"[PREMIUM]","2"
"rVOHkpYJr2O","2026-09-11 23:58:39.072","2026-09-24 01:06:20.481","rVOHkpYJr2O","18495417","[PREMIUM]","[PREMIUM]","[PREMIUM]","226","Section 226","11",2,"[]","2027-03-17 00:00:00","electronic","exchange",1,"[PREMIUM]","2"
"rVOHkpYJrPD","2026-09-11 23:58:39.072","2026-09-24 01:06:20.481","rVOHkpYJrPD","18495417","[PREMIUM]","[PREMIUM]","[PREMIUM]","111","Section 111","24",1,"[]","2027-03-17 00:00:00","electronic","exchange",0,"[PREMIUM]","1"
"rVOHkpmKr00","2026-09-11 23:58:39.072","2026-09-19 00:07:24.135","rVOHkpmKr00","18495417","[PREMIUM]","[PREMIUM]","[PREMIUM]","220","Section 220","10",9,"[]","2027-03-18 00:00:00","electronic","exchange",1,"[PREMIUM]","2,3,4,5,6,7,8,9"
"rVOHkpmKr0A","2026-09-11 23:58:39.072","2026-09-24 01:06:20.481","rVOHkpmKr0A","18495417","[PREMIUM]","[PREMIUM]","[PREMIUM]","226","Section 226","13",9,"[]","2027-03-18 00:00:00","electronic","exchange",1,"[PREMIUM]","2,3,4,5,6,7,8,9"
"rVOHkpmKr50","2026-09-11 23:58:39.072","2026-09-24 01:06:20.481","rVOHkpmKr50","18495417","[PREMIUM]","[PREMIUM]","[PREMIUM]","114","Section 114","21",17,"[]","2027-03-18 00:00:00","electronic","exchange",2,"[PREMIUM]","2,3,4,5,6,7,8,9,10,11,12,13,14,15,16,17"
"vb3iPw68X2x","2026-09-11 23:58:39.072","2026-09-24 01:06:20.481","vb3iPw68X2x","18495417","[PREMIUM]","[PREMIUM]","[PREMIUM]","122","Section 122","17",7,"[]","2027-03-18 00:00:00","electronic","exchange",1,"[PREMIUM]","2,3,4,5,6,7"
"vb3iPw3MrVY","2026-09-11 23:58:39.072","2026-09-24 01:06:20.481","vb3iPw3MrVY","18495417","[PREMIUM]","[PREMIUM]","[PREMIUM]","212","Section 212","10",6,"[]","2027-03-17 00:00:00","electronic","exchange",2,"[PREMIUM]","1,2,3,4,5,6"
"vb3iPw3AXVZ","2026-09-11 23:58:39.072","2026-09-24 01:06:20.481","vb3iPw3AXVZ","18495417","[PREMIUM]","[PREMIUM]","[PREMIUM]","217","Section 217","13",7,"[]","2027-03-17 00:00:00","electronic","exchange",2,"[PREMIUM]","1,2,3,4,5,7"
"vb3iPw3AX9M","2026-09-11 23:58:39.072","2026-09-24 01:06:20.481","vb3iPw3AX9M","18495417","[PREMIUM]","[PREMIUM]","[PREMIUM]","223","Section 223","11",9,"[]","2027-03-17 00:00:00","electronic","exchange",1,"[PREMIUM]","1,2,3,4,5,6,7,9"
"w3Jse87M228","2026-09-11 23:58:39.072","2026-09-21 00:36:57.519","w3Jse87M228","18495417","[PREMIUM]","[PREMIUM]","[PREMIUM]","219","Section 219","12",6,"[]","2027-03-17 00:00:00","electronic","exchange",3,"[PREMIUM]","1,2,3,4,6"
"w3Jse8P0bMe","2026-09-11 23:58:39.072","2026-09-19 00:07:24.135","w3Jse8P0bMe","18495417","[PREMIUM]","[PREMIUM]","[PREMIUM]","220","Section 220","10",6,"[]","2027-03-18 00:00:00","electronic","exchange",1,"[PREMIUM]","1,2,3,4,5,6"
"w3Jse8PRre4","2026-09-11 23:58:39.072","2026-09-18 01:33:58.546","w3Jse8PRre4","18495417","[PREMIUM]","[PREMIUM]","[PREMIUM]","117","Section 117","12",6,"[]","2027-03-18 00:00:00","electronic","exchange",2,"[PREMIUM]","1,2,4,6"
"w3Jse8P4RKp","2026-09-11 23:58:39.072","2026-09-24 01:06:20.481","w3Jse8P4RKp","18495417","[PREMIUM]","[PREMIUM]","[PREMIUM]","202","Section 202","13",9,"[]","2027-03-17 00:00:00","electronic","exchange",4,"[PREMIUM]","1,2,3,4,5,6,7,9"
"w3Jse8PdEgx","2026-09-11 23:58:39.072","2026-09-24 01:06:20.481","w3Jse8PdEgx","18495417","[PREMIUM]","[PREMIUM]","[PREMIUM]","108","Section 108","28",6,"[]","2027-03-18 00:00:00","electronic","exchange",2,"[PREMIUM]","1,2,3,4,5,6"
"w3Jse8P4R0O","2026-09-11 23:58:39.072","2026-09-24 01:06:20.481","w3Jse8P4R0O","18495417","[PREMIUM]","[PREMIUM]","[PREMIUM]","218","Section 218","12",5,"[]","2027-03-17 00:00:00","electronic","exchange",3,"[PREMIUM]","1,2,3,5"
"w3Jse8P4Rbm","2026-09-11 23:58:39.072","2026-09-24 01:06:20.481","w3Jse8P4Rbm","18495417","[PREMIUM]","[PREMIUM]","[PREMIUM]","120","Section 120","12",6,"[]","2027-03-17 00:00:00","electronic","exchange",0,"[PREMIUM]","2,4,6"
"w3Jse8PdE3q","2026-09-11 23:58:39.072","2026-09-24 01:06:20.481","w3Jse8PdE3q","18495417","[PREMIUM]","[PREMIUM]","[PREMIUM]","116","Section 116","18",6,"[]","2027-03-18 00:00:00","electronic","exchange",1,"[PREMIUM]","1,2,3,4,5,6"
"w3Jse8Z6Rpv","2026-09-11 23:58:39.072","2026-09-24 01:06:20.481","w3Jse8Z6Rpv","18495417","[PREMIUM]","[PREMIUM]","[PREMIUM]","206","Section 206","13",4,"[]","2027-03-18 00:00:00","electronic","exchange",0,"[PREMIUM]","2,4"
"w3Jse8Z6RpM","2026-09-11 23:58:39.072","2026-09-24 01:06:20.481","w3Jse8Z6RpM","18495417","[PREMIUM]","[PREMIUM]","[PREMIUM]","225","Section 225","11",8,"[]","2027-03-18 00:00:00","electronic","exchange",1,"[PREMIUM]","2,3,4,5,6,7,8"
"w3Jse8PdEgq","2026-09-11 23:58:39.072","2026-09-24 01:06:20.481","w3Jse8PdEgq","18495417","[PREMIUM]","[PREMIUM]","[PREMIUM]","217","Section 217","14",6,"[]","2027-03-18 00:00:00","electronic","exchange",1,"[PREMIUM]","1,2,3,4,5,6"
"w3Jse8P0bOB","2026-09-11 23:58:39.072","2026-09-24 01:06:20.481","w3Jse8P0bOB","18495417","[PREMIUM]","[PREMIUM]","[PREMIUM]","105","Section 105","18",2,"[]","2027-03-18 00:00:00","electronic","exchange",1,"[PREMIUM]","1,2"
"w3Jse8P4RkV","2026-09-11 23:58:39.072","2026-09-24 01:06:20.481","w3Jse8P4RkV","18495417","[PREMIUM]","[PREMIUM]","[PREMIUM]","205","Section 205","11",21,"[]","2027-03-17 00:00:00","electronic","exchange",2,"[PREMIUM]","1,2,3,4,5,6,7,8,9,10,11,12,13,14,15,16,17,18,19,21"
"w3Jse8Z6R5v","2026-09-11 23:58:39.072","2026-09-24 01:06:20.481","w3Jse8Z6R5v","18495417","[PREMIUM]","[PREMIUM]","[PREMIUM]","113","Section 113","25",7,"[]","2027-03-18 00:00:00","electronic","exchange",2,"[PREMIUM]","2,3,4,5,6,7"
"w3Jse8PMLvV","2026-09-11 23:58:39.072","2026-09-24 01:06:20.481","w3Jse8PMLvV","18495417","[PREMIUM]","[PREMIUM]","[PREMIUM]","113","Section 113","17",6,"[]","2027-03-17 00:00:00","electronic","exchange",3,"[PREMIUM]","1,2,3,4,5,6"
"xb9iml5r0Ag","2026-09-11 23:58:39.072","2026-09-24 01:06:20.481","xb9iml5r0Ag","18495417","[PREMIUM]","[PREMIUM]","[PREMIUM]","230","Section 230","1",1,"[]","2027-03-17 00:00:00","electronic","exchange",1,"[PREMIUM]","1"
"xb9iml5r0gg","2026-09-11 23:58:39.072","2026-09-24 01:06:20.481","xb9iml5r0gg","18495417","[PREMIUM]","[PREMIUM]","[PREMIUM]","231","Section 231","4",13,"[]","2027-03-17 00:00:00","electronic","exchange",2,"[PREMIUM]","1,2,3,4,5,6,7,8,9,10,11,13"
"xb9iml5r0wa","2026-09-11 23:58:39.072","2026-09-24 01:06:20.481","xb9iml5r0wa","18495417","[PREMIUM]","[PREMIUM]","[PREMIUM]","232","Section 232","9",4,"[]","2027-03-17 00:00:00","electronic","exchange",0,"[PREMIUM]","2,4"
"z3Es6veJ72A","2026-09-11 23:58:39.072","2026-09-18 01:33:58.546","z3Es6veJ72A","18495417","[PREMIUM]","[PREMIUM]","[PREMIUM]","226","Section 226","11",4,"[]","2027-03-18 00:00:00","electronic","exchange",1,"[PREMIUM]","2,4"
"z3Es6vePjYj","2026-09-11 23:58:39.072","2026-09-24 01:06:20.481","z3Es6vePjYj","18495417","[PREMIUM]","[PREMIUM]","[PREMIUM]","108","Section 108","11",3,"[]","2027-03-17 00:00:00","electronic","exchange",0,"[PREMIUM]","3"
"z3Es6vePjON","2026-09-11 23:58:39.072","2026-09-24 01:06:20.481","z3Es6vePjON","18495417","[PREMIUM]","[PREMIUM]","[PREMIUM]","222","Section 222","5",1,"[]","2027-03-17 00:00:00","electronic","exchange",0,"[PREMIUM]","1"
"z3Es6vePjEB","2026-09-11 23:58:39.072","2026-09-24 01:06:20.481","z3Es6vePjEB","18495417","[PREMIUM]","[PREMIUM]","[PREMIUM]","226","Section 226","1",2,"[]","2027-03-17 00:00:00","electronic","exchange",1,"[PREMIUM]","2"
"z3Es6vk4jpe","2026-09-11 23:58:39.072","2026-09-24 01:06:20.481","z3Es6vk4jpe","18495417","[PREMIUM]","[PREMIUM]","[PREMIUM]","103","Section 103","19",4,"[]","2027-03-18 00:00:00","electronic","exchange",2,"[PREMIUM]","2,4"
"z3Es6vk4j5e","2026-09-11 23:58:39.072","2026-09-24 01:06:20.481","z3Es6vk4j5e","18495417","[PREMIUM]","[PREMIUM]","[PREMIUM]","113","Section 113","17",6,"[]","2027-03-18 00:00:00","electronic","exchange",2,"[PREMIUM]","2,3,4,5,6"
"z3Es6vgjMwj","2026-09-11 23:58:39.072","2026-09-24 01:06:20.481","z3Es6vgjMwj","18495417","[PREMIUM]","[PREMIUM]","[PREMIUM]","224","Section 224","8",4,"[]","2027-03-17 00:00:00","electronic","exchange",1,"[PREMIUM]","2,4"
"z3Es6veqGXq","2026-09-11 23:58:39.072","2026-09-24 01:06:20.481","z3Es6veqGXq","18495417","[PREMIUM]","[PREMIUM]","[PREMIUM]","124","Section 124","28",4,"[]","2027-03-18 00:00:00","electronic","exchange",1,"[PREMIUM]","1,2,3,4"
"2v0czqJrk6e","2026-09-11 23:58:32.289","2026-09-24 01:06:19.154","2v0czqJrk6e","18495048","[PREMIUM]","[PREMIUM]","[PREMIUM]","110","Section 110","3",2,"[]","2027-03-17 00:00:00","electronic","exchange",3,"[PREMIUM]","2"
"3q7fNL9mw6G","2026-09-11 23:58:32.289","2026-09-24 01:06:19.154","3q7fNL9mw6G","18495048","[PREMIUM]","[PREMIUM]","[PREMIUM]","217","Section 217","3",2,"['4','5']","2027-03-16 00:00:00","electronic","exchange",2,"[PREMIUM]","2"
"4vXcjRkwB78","2026-09-11 23:58:32.289","2026-09-24 01:06:19.154","4vXcjRkwB78","18495048","[PREMIUM]","[PREMIUM]","[PREMIUM]","211","Section 211","8",2,"[]","2027-03-17 00:00:00","electronic","exchange",0,"[PREMIUM]","2"
"5EjuZwOK84e","2026-09-11 23:58:32.289","2026-09-24 01:06:19.154","5EjuZwOK84e","18495048","[PREMIUM]","[PREMIUM]","[PREMIUM]","217","Section 217","3",2,"[]","2027-03-17 00:00:00","electronic","exchange",1,"[PREMIUM]","2"
"6mOhkoqjaN5","2026-09-11 23:58:32.289","2026-09-24 01:06:19.154","6mOhkoqjaN5","18495048","[PREMIUM]","[PREMIUM]","[PREMIUM]","221","Section 221","11",2,"[]","2027-03-17 00:00:00","electronic","exchange",1,"[PREMIUM]","2"
"A6rs2KAwg2D","2026-09-11 23:58:32.289","2026-09-24 01:06:19.154","A6rs2KAwg2D","18495048","[PREMIUM]","[PREMIUM]","[PREMIUM]","221","Section 221","10",3,"['5','6','7']","2027-03-16 00:00:00","electronic","exchange",3,"[PREMIUM]","3"
"BALImMr6gXA","2026-09-11 23:58:32.289","2026-09-24 01:06:19.154","BALImMr6gXA","18495048","[PREMIUM]","[PREMIUM]","[PREMIUM]","201","Section 201","2",2,"[]","2027-03-18 00:00:00","electronic","exchange",2,"[PREMIUM]","2"
"DdwHkMrjVnd","2026-09-11 23:58:32.289","2026-09-24 01:06:19.154","DdwHkMrjVnd","18495048","[PREMIUM]","[PREMIUM]","[PREMIUM]","110","Section 110","3",2,"['3','4']","2027-03-16 00:00:00","electronic","exchange",5,"[PREMIUM]","2"
"JABI3EkYemK","2026-09-11 23:58:32.289","2026-09-24 01:06:19.154","JABI3EkYemK","18495048","[PREMIUM]","[PREMIUM]","[PREMIUM]","223","Section 223","15",4,"['15','16','17','18']","2027-03-16 00:00:00","electronic","exchange",1,"[PREMIUM]","4"
"JABI3EkLXlj","2026-09-11 23:58:32.289","2026-09-24 01:06:19.154","JABI3EkLXlj","18495048","[PREMIUM]","[PREMIUM]","[PREMIUM]","221","Section 221","10",3,"[]","2027-03-17 00:00:00","electronic","exchange",2,"[PREMIUM]","3"
"LbviL8eYPJM","2026-09-11 23:58:32.289","2026-09-24 01:06:19.154","LbviL8eYPJM","18495048","[PREMIUM]","[PREMIUM]","[PREMIUM]","105","Section 105","1",2,"[]","2027-03-17 00:00:00","electronic","exchange",2,"[PREMIUM]","2"
"YgJtk07ne8d","2026-09-11 23:58:32.289","2026-09-24 01:06:19.154","YgJtk07ne8d","18495048","[PREMIUM]","[PREMIUM]","[PREMIUM]","223","Section 223","15",4,"[]","2027-03-17 00:00:00","electronic","exchange",1,"[PREMIUM]","4"
"YgJtk0LZEvY","2026-09-11 23:58:32.289","2026-09-24 01:06:19.154","YgJtk0LZEvY","18495048","[PREMIUM]","[PREMIUM]","[PREMIUM]","118","Section 118","2",2,"[]","2027-03-17 00:00:00","electronic","exchange",0,"[PREMIUM]","2"
"Zm9hvJGP9Zr","2026-09-11 23:58:32.289","2026-09-24 01:06:19.154","Zm9hvJGP9Zr","18495048","[PREMIUM]","[PREMIUM]","[PREMIUM]","211","Section 211","7",2,"['17','18']","2027-03-18 00:00:00","electronic","exchange",0,"[PREMIUM]","2"
"dNgUgpLzVBb","2026-09-11 23:58:32.289","2026-09-24 01:06:19.154","dNgUgpLzVBb","18495048","[PREMIUM]","[PREMIUM]","[PREMIUM]","221","Section 221","10",3,"[]","2027-03-17 00:00:00","electronic","exchange",2,"[PREMIUM]","3"
"eeacK8EXDXe","2026-09-11 23:58:32.289","2026-09-24 01:06:19.154","eeacK8EXDXe","18495048","[PREMIUM]","[PREMIUM]","[PREMIUM]","113","Section 113","4",2,"['6','7']","2027-03-16 00:00:00","electronic","exchange",2,"[PREMIUM]","2"
"eeacK8EVZ2o","2026-09-11 23:58:32.289","2026-09-24 01:06:19.154","eeacK8EVZ2o","18495048","[PREMIUM]","[PREMIUM]","[PREMIUM]","225","Section 225","2",2,"[]","2027-03-18 00:00:00","electronic","exchange",2,"[PREMIUM]","2"
"eeacK8EN7dp","2026-09-11 23:58:32.289","2026-09-24 01:06:19.154","eeacK8EN7dp","18495048","[PREMIUM]","[PREMIUM]","[PREMIUM]","223","Section 223","15",4,"[]","2027-03-17 00:00:00","electronic","exchange",1,"[PREMIUM]","4"
"eeacK8qYEgO","2026-09-11 23:58:32.289","2026-09-24 01:06:19.154","eeacK8qYEgO","18495048","[PREMIUM]","[PREMIUM]","[PREMIUM]","212","Section 212","3",2,"[]","2027-03-17 00:00:00","electronic","exchange",2,"[PREMIUM]","2"
"mxAs4xkVBKv","2026-09-11 23:58:32.289","2026-09-24 01:06:19.154","mxAs4xkVBKv","18495048","[PREMIUM]","[PREMIUM]","[PREMIUM]","113","Section 113","4",2,"[]","2027-03-17 00:00:00","electronic","exchange",2,"[PREMIUM]","2"
"mxAs4xk69B4","2026-09-11 23:58:32.289","2026-09-24 01:06:19.154","mxAs4xk69B4","18495048","[PREMIUM]","[PREMIUM]","[PREMIUM]","113","Section 113","4",2,"[]","2027-03-17 00:00:00","electronic","exchange",1,"[PREMIUM]","2"
"nx0srKbmX79","2026-09-11 23:58:32.289","2026-09-24 01:06:19.154","nx0srKbmX79","18495048","[PREMIUM]","[PREMIUM]","[PREMIUM]","121","Section 121","6",4,"[]","2027-03-17 00:00:00","electronic","exchange",2,"[PREMIUM]","4"
"z3Es6vKGkko","2026-09-11 23:58:32.289","2026-09-24 01:06:19.154","z3Es6vKGkko","18495048","[PREMIUM]","[PREMIUM]","[PREMIUM]","104","Section 104","7",2,"['15','16']","2027-03-18 00:00:00","electronic","exchange",0,"[PREMIUM]","2"
"05VT8lrozGB","2026-09-11 23:58:28.987","2026-09-24 01:07:04.777","05VT8lrozGB","18495718","[PREMIUM]","[PREMIUM]","[PREMIUM]","108","Section 108","19",7,"[]","2027-03-16 00:00:00","electronic","exchange",2,"[PREMIUM]","1,2,3,4,5,6,7"
"3q7fNL94lM9","2026-09-11 23:58:28.987","2026-09-24 01:07:04.777","3q7fNL94lM9","18495718","[PREMIUM]","[PREMIUM]","[PREMIUM]","208","Section 208","6",4,"[]","2027-03-17 00:00:00","electronic","exchange",0,"[PREMIUM]","1,2,3,4"
"GAaI60Ee03q","2026-09-11 23:58:28.987","2026-09-24 01:07:04.777","GAaI60Ee03q","18495718","[PREMIUM]","[PREMIUM]","[PREMIUM]","107","Section 107","26",2,"[]","2027-03-16 00:00:00","electronic","exchange",5,"[PREMIUM]","1,2"
"rVOHkpVPmxa","2026-09-11 23:58:28.987","2026-09-24 01:07:04.777","rVOHkpVPmxa","18495718","[PREMIUM]","[PREMIUM]","[PREMIUM]","108","Section 108","19",6,"[]","2027-03-17 00:00:00","electronic","exchange",1,"[PREMIUM]","1,2,3,4,5,6"
"3q7fNLwARnP","2026-09-11 23:58:15.126","2026-09-24 01:05:51.175","3q7fNLwARnP","18496104","[PREMIUM]","[PREMIUM]","[PREMIUM]","9","Section 9","25",4,"[]","2027-03-16 00:00:00","electronic","exchange",0,"[PREMIUM]","4"
"05VT8lrOva8","2026-09-11 23:57:19.201","2026-09-19 00:07:06.475","05VT8lrOva8","18495346","[PREMIUM]","[PREMIUM]","[PREMIUM]","LOGE13","Section Loge 13","13",2,"[]","2027-03-16 00:00:00","electronic","exchange",4,"[PREMIUM]","2"
"2v0czqAroPZ","2026-09-11 23:57:19.201","2026-09-24 01:06:08.379","2v0czqAroPZ","18495346","[PREMIUM]","[PREMIUM]","[PREMIUM]","BAL303","Balcony 303","1",2,"[]","2027-03-16 00:00:00","electronic","exchange",1,"[PREMIUM]","2"
"5EjuZwGBd5r","2026-09-11 23:57:19.201","2026-09-24 01:06:08.379","5EjuZwGBd5r","18495346","[PREMIUM]","[PREMIUM]","[PREMIUM]","303","Balcony 303","11",5,"['15','16','17','18','19']","2027-03-17 00:00:00","electronic","exchange",0,"[PREMIUM]","1,2,3,5"
"5EjuZwGO9Mk","2026-09-11 23:57:19.201","2026-09-22 23:29:59.770","5EjuZwGO9Mk","18495346","[PREMIUM]","[PREMIUM]","[PREMIUM]","LOGE1","Section Loge 1","4",2,"[]","2027-03-16 00:00:00","electronic","exchange",1,"[PREMIUM]","2"
"6mOhkoaV7o3","2026-09-11 23:57:19.201","2026-09-24 01:06:08.379","6mOhkoaV7o3","18495346","[PREMIUM]","[PREMIUM]","[PREMIUM]","BAL328","Balcony 328","15",4,"[]","2027-03-16 00:00:00","electronic","exchange",1,"[PREMIUM]","2,4"
"8lKt6a4YnEZ","2026-09-11 23:57:19.201","2026-09-24 01:06:08.379","8lKt6a4YnEZ","18495346","[PREMIUM]","[PREMIUM]","[PREMIUM]","LOGE2","Section Loge 2","16",7,"['5','6','7','8','9','10','11']","2027-03-14 00:00:00","electronic","exchange",2,"[PREMIUM]","1,2,3,4,5,6,7"
"8lKt6arL944","2026-09-11 23:57:19.201","2026-09-24 01:06:08.379","8lKt6arL944","18495346","[PREMIUM]","[PREMIUM]","[PREMIUM]","BAL328","Balcony 328","15",4,"[]","2027-03-16 00:00:00","electronic","exchange",0,"[PREMIUM]","4"
"9P2c5MeVERn","2026-09-11 23:57:19.201","2026-09-22 01:15:01.286","9P2c5MeVERn","18495346","[PREMIUM]","[PREMIUM]","[PREMIUM]","LOGE3","Section Loge 3","17",2,"[]","2027-03-17 00:00:00","electronic","exchange",1,"[PREMIUM]","1,2"
"9P2c5MeOZp4","2026-09-11 23:57:19.201","2026-09-24 01:06:08.379","9P2c5MeOZp4","18495346","[PREMIUM]","[PREMIUM]","[PREMIUM]","BAL327","Balcony 327","11",2,"[]","2027-03-16 00:00:00","electronic","exchange",3,"[PREMIUM]","2"
"9P2c5MwzBNZ","2026-09-11 23:57:19.201","2026-09-24 01:06:08.379","9P2c5MwzBNZ","18495346","[PREMIUM]","[PREMIUM]","[PREMIUM]","LOGE19","Section Loge 19","15",2,"[]","2027-03-16 00:00:00","electronic","exchange",1,"[PREMIUM]","2"
"9P2c5MwrEbX","2026-09-11 23:57:19.201","2026-09-24 01:06:08.379","9P2c5MwrEbX","18495346","[PREMIUM]","[PREMIUM]","[PREMIUM]","BAL327","Balcony 327","11",2,"[]","2027-03-16 00:00:00","electronic","exchange",3,"[PREMIUM]","2"
"EroUXgV6Kqw","2026-09-11 23:57:19.201","2026-09-22 01:15:01.286","EroUXgV6Kqw","18495346","[PREMIUM]","[PREMIUM]","[PREMIUM]","LOGE13","Section Loge 13","1",2,"[]","2027-03-17 00:00:00","electronic","exchange",1,"[PREMIUM]","1,2"
"EroUXgkYRbg","2026-09-11 23:57:19.201","2026-09-24 01:06:08.379","EroUXgkYRbg","18495346","[PREMIUM]","[PREMIUM]","[PREMIUM]","BAL325","Balcony 325","1",2,"[]","2027-03-16 00:00:00","electronic","exchange",3,"[PREMIUM]","2"
"KezczqoZmYp","2026-09-11 23:57:19.201","2026-09-24 01:06:08.379","KezczqoZmYp","18495346","[PREMIUM]","[PREMIUM]","[PREMIUM]","LOGE12","Section Loge 12","15",4,"['11','12','13','14']","2026-10-09 00:00:00","electronic","exchange",2,"[PREMIUM]","2,4"
"LbviL84rG09","2026-09-11 23:57:19.201","2026-09-22 01:15:01.286","LbviL84rG09","18495346","[PREMIUM]","[PREMIUM]","[PREMIUM]","BAL302","Balcony 302","14",2,"[]","2027-03-17 00:00:00","electronic","exchange",1,"[PREMIUM]","1,2"
"ROXHz2bYqGD","2026-09-11 23:57:19.201","2026-09-22 23:29:59.770","ROXHz2bYqGD","18495346","[PREMIUM]","[PREMIUM]","[PREMIUM]","LOGE1","Section Loge 1","14",2,"[]","2027-03-16 00:00:00","electronic","exchange",2,"[PREMIUM]","2"
"X03tKlg44Rk","2026-09-11 23:57:19.201","2026-09-22 23:29:59.770","X03tKlg44Rk","18495346","[PREMIUM]","[PREMIUM]","[PREMIUM]","BAL315","Balcony 315","9",2,"[]","2027-03-16 00:00:00","electronic","exchange",1,"[PREMIUM]","2"
"X03tKl9ZlB6","2026-09-11 23:57:19.201","2026-09-24 01:06:08.379","X03tKl9ZlB6","18495346","[PREMIUM]","[PREMIUM]","[PREMIUM]","BAL318","Balcony 318","15",2,"['3','4']","2027-03-15 00:00:00","electronic","exchange",2,"[PREMIUM]","2"
"Zm9hvJGYD2k","2026-09-11 23:57:19.201","2026-09-24 01:06:08.379","Zm9hvJGYD2k","18495346","[PREMIUM]","[PREMIUM]","[PREMIUM]","LOGE7","Section Loge 7","12",2,"[]","2027-03-16 00:00:00","electronic","exchange",1,"[PREMIUM]","2"
"agktlMZeVmw","2026-09-11 23:57:19.201","2026-09-24 01:06:08.379","agktlMZeVmw","18495346","[PREMIUM]","[PREMIUM]","[PREMIUM]","LOGE6","Section Loge 6","17",4,"['15','16','17','18']","2027-03-17 00:00:00","electronic","exchange",1,"[PREMIUM]","2,4"
"b4wUaoZznrb","2026-09-11 23:57:19.201","2026-09-24 01:06:08.379","b4wUaoZznrb","18495346","[PREMIUM]","[PREMIUM]","[PREMIUM]","CLB141","Club 141","f",2,"['1','2']","2026-10-09 00:00:00","electronic","exchange",2,"[PREMIUM]","2"
"b4wUaoZAEPe","2026-09-11 23:57:19.201","2026-09-24 01:06:08.379","b4wUaoZAEPe","18495346","[PREMIUM]","[PREMIUM]","[PREMIUM]","BAL318","Balcony 318","15",2,"[]","2027-03-16 00:00:00","electronic","exchange",1,"[PREMIUM]","2"
"eeacK8EOBov","2026-09-11 23:57:19.201","2026-09-11 23:57:19.201","eeacK8EOBov","18495346","[PREMIUM]","[PREMIUM]","[PREMIUM]","LOGE13","Section Loge 13","4",2,"[]","2027-03-18 00:00:00","electronic","exchange",2,"[PREMIUM]","2"
"g48Ur6BAXkl","2026-09-11 23:57:19.201","2026-09-24 01:06:08.379","g48Ur6BAXkl","18495346","[PREMIUM]","[PREMIUM]","[PREMIUM]","CLB109","Club 109","e",2,"['1','2']","2026-10-09 00:00:00","electronic","exchange",1,"[PREMIUM]","2"
"g48Ur6mwJEl","2026-09-11 23:57:19.201","2026-09-24 01:06:08.379","g48Ur6mwJEl","18495346","[PREMIUM]","[PREMIUM]","[PREMIUM]","LOGE13","Section Loge 13","3",2,"[]","2027-03-16 00:00:00","electronic","exchange",2,"[PREMIUM]","2"
"kYet9mYEOPA","2026-09-11 23:57:19.201","2026-09-22 01:15:01.286","kYet9mYEOPA","18495346","[PREMIUM]","[PREMIUM]","[PREMIUM]","LOGE18","Section Loge 18","g",2,"[]","2027-03-17 00:00:00","electronic","exchange",1,"[PREMIUM]","2"
