"_primaryKey","_firstSeenAt","_lastSeenAt","listingId","eventId","price","priceWithFees","fee","section","sectionFull","row","quantity","seats","inHandDate","deliveryType","marketplace","dealBucket","dealScore","splitType"
"05VT8KzPv7K","2026-08-11 23:58:38.182","2026-08-15 22:28:12.739","05VT8KzPv7K","18341709","[PREMIUM]","[PREMIUM]","[PREMIUM]","White Center 303","Section 303","j",2,"[]","2026-08-11 00:00:00","electronic","exchange",0,"[PREMIUM]","1,2"
"2v0cz3OP7r5","2026-08-11 23:58:38.182","2026-08-16 22:20:46.342","2v0cz3OP7r5","18341709","[PREMIUM]","[PREMIUM]","[PREMIUM]","302","Section 302","n",4,"[]","2026-09-17 00:00:00","electronic","exchange",0,"[PREMIUM]","4"
"2v0cz3VDEV3","2026-08-11 23:58:38.182","2026-08-13 22:37:51.898","2v0cz3VDEV3","18341709","[PREMIUM]","[PREMIUM]","[PREMIUM]","White Center 301","Section 301","c",2,"[]","2026-08-11 00:00:00","electronic","exchange",2,"[PREMIUM]","1,2"
"2v0cz3VD7B7","2026-08-11 23:58:38.182","2026-08-13 22:37:51.898","2v0cz3VD7B7","18341709","[PREMIUM]","[PREMIUM]","[PREMIUM]","White Center 321","Section 321","c",2,"[]","2026-08-11 00:00:00","electronic","exchange",0,"[PREMIUM]","1,2"
"2v0cz3OBAEx","2026-08-11 23:58:38.182","2026-08-25 11:24:05.185","2v0cz3OBAEx","18341709","[PREMIUM]","[PREMIUM]","[PREMIUM]","314","Section 314","j",8,"['3','4','5','6','7','8','9','10']","2026-08-05 00:00:00","electronic","exchange",1,"[PREMIUM]","1,2,3,4,5,6,8"
"3q7fNJAdP50","2026-08-11 23:58:38.182","2026-08-12 23:24:53.510","3q7fNJAdP50","18341709","[PREMIUM]","[PREMIUM]","[PREMIUM]","White Goal 334","Section 334","c",2,"[]","2026-08-11 00:00:00","electronic","exchange",2,"[PREMIUM]","1,2"
"3q7fNJAdZ5d","2026-08-11 23:58:38.182","2026-08-12 23:24:53.510","3q7fNJAdZ5d","18341709","[PREMIUM]","[PREMIUM]","[PREMIUM]","Red Goal 106","Section 106","w",2,"[]","2026-08-11 00:00:00","electronic","exchange",4,"[PREMIUM]","1,2"
"4vXcj9No4L6","2026-08-11 23:58:38.182","2026-08-11 23:58:38.182","4vXcj9No4L6","18341709","[PREMIUM]","[PREMIUM]","[PREMIUM]","White Goal 323","Section 323","k",4,"[]","2026-08-11 00:00:00","electronic","exchange",4,"[PREMIUM]","1,2,3,4"
"4vXcj9RLZ3D","2026-08-11 23:58:38.182","2026-08-25 11:24:05.185","4vXcj9RLZ3D","18341709","[PREMIUM]","[PREMIUM]","[PREMIUM]","315","Section 315","h",6,"[]","2026-09-19 00:00:00","electronic","exchange",5,"[PREMIUM]","1,2,3,4,5,6"
"6mOhkAGJ359","2026-08-11 23:58:38.182","2026-08-12 23:24:53.510","6mOhkAGJ359","18341709","[PREMIUM]","[PREMIUM]","[PREMIUM]","Club Desjardins Goal 217","Club Desjardins Goal 217","d",2,"[]","2026-08-11 00:00:00","electronic","exchange",7,"[PREMIUM]","1,2"
"6mOhkAGJxOM","2026-08-11 23:58:38.182","2026-08-13 22:37:51.898","6mOhkAGJxOM","18341709","[PREMIUM]","[PREMIUM]","[PREMIUM]","Red Center 113","Section 113","w",2,"[]","2026-08-11 00:00:00","electronic","exchange",2,"[PREMIUM]","1,2"
"6mOhkAGJxvK","2026-08-11 23:58:38.182","2026-08-13 22:37:51.898","6mOhkAGJxvK","18341709","[PREMIUM]","[PREMIUM]","[PREMIUM]","Red Center 103","Section 103","l",2,"[]","2026-08-11 00:00:00","electronic","exchange",1,"[PREMIUM]","1,2"
"6mOhkAGoX75","2026-08-11 23:58:38.182","2026-08-19 09:17:41.885","6mOhkAGoX75","18341709","[PREMIUM]","[PREMIUM]","[PREMIUM]","301","Section 301","j",2,"[]","2026-09-17 00:00:00","electronic","exchange",1,"[PREMIUM]","2"
"6mOhkAMZ34d","2026-08-11 23:58:38.182","2026-08-24 11:16:09.690","6mOhkAMZ34d","18341709","[PREMIUM]","[PREMIUM]","[PREMIUM]","303","Section 303","b",4,"[]","2026-09-17 00:00:00","electronic","exchange",1,"[PREMIUM]","4"
"7KntAlBExp7","2026-08-11 23:58:38.182","2026-08-11 23:58:38.182","7KntAlBExp7","18341709","[PREMIUM]","[PREMIUM]","[PREMIUM]","White Goal 322","Section 322","k",4,"[]","2026-08-11 00:00:00","electronic","exchange",5,"[PREMIUM]","1,2,3,4"
"7KntAlBExeY","2026-08-11 23:58:38.182","2026-08-13 22:37:51.898","7KntAlBExeY","18341709","[PREMIUM]","[PREMIUM]","[PREMIUM]","White Goal 310","Section 310","d",4,"[]","2026-08-11 00:00:00","electronic","exchange",1,"[PREMIUM]","1,2,3,4"
"7KntAlBEP0O","2026-08-11 23:58:38.182","2026-08-13 22:37:51.898","7KntAlBEP0O","18341709","[PREMIUM]","[PREMIUM]","[PREMIUM]","White Goal 332","Section 332","h",2,"[]","2026-08-11 00:00:00","electronic","exchange",1,"[PREMIUM]","1,2"
"8lKt6Yqg2aR","2026-08-11 23:58:38.182","2026-08-15 22:28:12.739","8lKt6Yqg2aR","18341709","[PREMIUM]","[PREMIUM]","[PREMIUM]","Red Goal 109","Section 109","f",2,"[]","2026-08-11 00:00:00","electronic","exchange",0,"[PREMIUM]","1,2"
"8lKt6Yqgmpo","2026-08-11 23:58:38.182","2026-08-12 23:24:53.510","8lKt6Yqgmpo","18341709","[PREMIUM]","[PREMIUM]","[PREMIUM]","White Goal 330","Section 330","e",8,"[]","2026-08-11 00:00:00","electronic","exchange",5,"[PREMIUM]","1,2,3,4,5,6,7,8"
"9P2c5qAlPZ4","2026-08-11 23:58:38.182","2026-08-11 23:58:38.182","9P2c5qAlPZ4","18341709","[PREMIUM]","[PREMIUM]","[PREMIUM]","Red Goal 107","Section 107","s",3,"[]","2026-08-11 00:00:00","electronic","exchange",2,"[PREMIUM]","1,2,3"
"9P2c5qXr7kE","2026-08-11 23:58:38.182","2026-08-12 23:24:53.510","9P2c5qXr7kE","18341709","[PREMIUM]","[PREMIUM]","[PREMIUM]","124","Section 124","f",2,"[]","2026-09-17 00:00:00","electronic","exchange",0,"[PREMIUM]","2"
"9P2c5qAPOak","2026-08-11 23:58:38.182","2026-08-25 11:24:05.185","9P2c5qAPOak","18341709","[PREMIUM]","[PREMIUM]","[PREMIUM]","107","Section 107","s",2,"['13','14']","2026-08-05 00:00:00","electronic","exchange",0,"[PREMIUM]","2"
"9P2c5qXKPNA","2026-08-11 23:58:38.182","2026-08-25 11:24:05.185","9P2c5qXKPNA","18341709","[PREMIUM]","[PREMIUM]","[PREMIUM]","310","Section 310","m",2,"['1','2']","2026-09-18 00:00:00","electronic","exchange",2,"[PREMIUM]","2"
"A6rs27zEBB2","2026-08-11 23:58:38.182","2026-08-15 00:03:06.359","A6rs27zEBB2","18341709","[PREMIUM]","[PREMIUM]","[PREMIUM]","224","Section 224","a",2,"[]","2026-09-17 00:00:00","electronic","exchange",1,"[PREMIUM]","2"
"BALImXkPnPq","2026-08-11 23:58:38.182","2026-08-12 23:24:53.510","BALImXkPnPq","18341709","[PREMIUM]","[PREMIUM]","[PREMIUM]","White Center 320","Section 320","k",2,"[]","2026-08-11 00:00:00","electronic","exchange",5,"[PREMIUM]","1,2"
"BALImXkPERw","2026-08-11 23:58:38.182","2026-08-15 22:28:12.739","BALImXkPERw","18341709","[PREMIUM]","[PREMIUM]","[PREMIUM]","Red Center 101","Section 101","e",2,"[]","2026-08-11 00:00:00","electronic","exchange",0,"[PREMIUM]","1,2"
"BALImXkPE0g","2026-08-11 23:58:38.182","2026-08-11 23:58:38.182","BALImXkPE0g","18341709","[PREMIUM]","[PREMIUM]","[PREMIUM]","White Goal 316","Section 316","m",2,"[]","2026-08-11 00:00:00","electronic","exchange",3,"[PREMIUM]","1,2"
"DdwHkOeXJZZ","2026-08-11 23:58:38.182","2026-08-11 23:58:38.182","DdwHkOeXJZZ","18341709","[PREMIUM]","[PREMIUM]","[PREMIUM]","White Goal 306","Section 306","k",2,"[]","2026-08-11 00:00:00","electronic","exchange",4,"[PREMIUM]","1,2"
"DdwHkOeXdDG","2026-08-11 23:58:38.182","2026-08-13 22:37:51.898","DdwHkOeXdDG","18341709","[PREMIUM]","[PREMIUM]","[PREMIUM]","Red Center 124","Section 124","dd",3,"[]","2026-08-11 00:00:00","electronic","exchange",0,"[PREMIUM]","1,2,3"
"EroUXnN2R5D","2026-08-11 23:58:38.182","2026-08-12 23:24:53.510","EroUXnN2R5D","18341709","[PREMIUM]","[PREMIUM]","[PREMIUM]","Red Goal 116","Section 116","f",4,"[]","2026-08-11 00:00:00","electronic","exchange",5,"[PREMIUM]","1,2,3,4"
"EroUXnN2REp","2026-08-11 23:58:38.182","2026-08-11 23:58:38.182","EroUXnN2REp","18341709","[PREMIUM]","[PREMIUM]","[PREMIUM]","Red Goal 106","Section 106","v",2,"[]","2026-08-11 00:00:00","electronic","exchange",2,"[PREMIUM]","1,2"
"EroUXnN2RaM","2026-08-11 23:58:38.182","2026-08-15 22:28:12.739","EroUXnN2RaM","18341709","[PREMIUM]","[PREMIUM]","[PREMIUM]","White Goal 334","Section 334","c",2,"[]","2026-08-11 00:00:00","electronic","exchange",0,"[PREMIUM]","1,2"
"EroUXneAP0k","2026-08-11 23:58:38.182","2026-08-15 00:03:06.359","EroUXneAP0k","18341709","[PREMIUM]","[PREMIUM]","[PREMIUM]","122","Section 122","v",2,"[]","2026-09-19 00:00:00","electronic","exchange",0,"[PREMIUM]","2"
"EroUXneoBzr","2026-08-11 23:58:38.182","2026-08-25 11:24:05.185","EroUXneoBzr","18341709","[PREMIUM]","[PREMIUM]","[PREMIUM]","310","Section 310","n",2,"['6','7']","2026-09-18 00:00:00","electronic","exchange",2,"[PREMIUM]","2"
"GAaI62a38Ar","2026-08-11 23:58:38.182","2026-08-12 23:24:53.510","GAaI62a38Ar","18341709","[PREMIUM]","[PREMIUM]","[PREMIUM]","320","Section 320","k",2,"[]","2026-09-15 00:00:00","electronic","exchange",1,"[PREMIUM]","2"
"GAaI62aaeVb","2026-08-11 23:58:38.182","2026-08-11 23:58:38.182","GAaI62aaeVb","18341709","[PREMIUM]","[PREMIUM]","[PREMIUM]","307","Section 307","b",2,"[]","2026-09-17 00:00:00","electronic","exchange",0,"[PREMIUM]","2"
"JABI39mzq5D","2026-08-11 23:58:38.182","2026-08-13 22:37:51.898","JABI39mzq5D","18341709","[PREMIUM]","[PREMIUM]","[PREMIUM]","White Goal 334","Section 334","j",1,"[]","2026-08-11 00:00:00","electronic","exchange",1,"[PREMIUM]","1"
"Kezcz6aNvnX","2026-08-11 23:58:38.182","2026-08-15 22:28:12.739","Kezcz6aNvnX","18341709","[PREMIUM]","[PREMIUM]","[PREMIUM]","Red Center 113","Section 113","v",2,"[]","2026-08-11 00:00:00","electronic","exchange",0,"[PREMIUM]","1,2"
"Kezcz6aNLKm","2026-08-11 23:58:38.182","2026-08-11 23:58:38.182","Kezcz6aNLKm","18341709","[PREMIUM]","[PREMIUM]","[PREMIUM]","White Goal 316","Section 316","o",2,"[]","2026-08-11 00:00:00","electronic","exchange",5,"[PREMIUM]","1,2"
"Kezcz6aNL8m","2026-08-11 23:58:38.182","2026-08-15 22:28:12.739","Kezcz6aNL8m","18341709","[PREMIUM]","[PREMIUM]","[PREMIUM]","White Goal 315","Section 315","h",6,"[]","2026-08-11 00:00:00","electronic","exchange",0,"[PREMIUM]","1,2,3,4,5,6"
"LbviLEV7Dmo","2026-08-11 23:58:38.182","2026-08-11 23:58:38.182","LbviLEV7Dmo","18341709","[PREMIUM]","[PREMIUM]","[PREMIUM]","Red Goal 116","Section 116","h",4,"[]","2026-08-11 00:00:00","electronic","exchange",5,"[PREMIUM]","1,2,3,4"
"LbviLEV7DEA","2026-08-11 23:58:38.182","2026-08-15 22:28:12.739","LbviLEV7DEA","18341709","[PREMIUM]","[PREMIUM]","[PREMIUM]","Red Center 113","Section 113","r",2,"[]","2026-08-11 00:00:00","electronic","exchange",0,"[PREMIUM]","1,2"
"LbviLEpz5dm","2026-08-11 23:58:38.182","2026-08-15 00:03:06.359","LbviLEpz5dm","18341709","[PREMIUM]","[PREMIUM]","[PREMIUM]","302","Section 302","j",2,"['11','12']","2026-09-19 00:00:00","electronic","exchange",0,"[PREMIUM]","2"
"LbviLEpwR9o","2026-08-11 23:58:38.182","2026-08-15 00:03:06.359","LbviLEpwR9o","18341709","[PREMIUM]","[PREMIUM]","[PREMIUM]","122","Section 122","w",2,"[]","2026-09-17 00:00:00","electronic","exchange",0,"[PREMIUM]","2"
"MAeIPlnqp9L","2026-08-11 23:58:38.182","2026-08-12 23:24:53.510","MAeIPlnqp9L","18341709","[PREMIUM]","[PREMIUM]","[PREMIUM]","White Center 301","Section 301","k",2,"[]","2026-08-11 00:00:00","electronic","exchange",3,"[PREMIUM]","1,2"
"O7Ahwrbz02b","2026-08-11 23:58:38.182","2026-08-12 23:24:53.510","O7Ahwrbz02b","18341709","[PREMIUM]","[PREMIUM]","[PREMIUM]","Club Desjardins Goal 210","Club Desjardins Goal 210","d",2,"[]","2026-08-11 00:00:00","electronic","exchange",7,"[PREMIUM]","1,2"
"O7Ahwrbz0re","2026-08-11 23:58:38.182","2026-08-15 22:28:12.739","O7Ahwrbz0re","18341709","[PREMIUM]","[PREMIUM]","[PREMIUM]","Club Desjardins Goal 210","Club Desjardins Goal 210","a",2,"[]","2026-08-11 00:00:00","electronic","exchange",7,"[PREMIUM]","1,2"
"PX0sgL4mbvK","2026-08-11 23:58:38.182","2026-08-15 22:28:12.739","PX0sgL4mbvK","18341709","[PREMIUM]","[PREMIUM]","[PREMIUM]","White Goal 306","Section 306","h",4,"[]","2026-08-11 00:00:00","electronic","exchange",0,"[PREMIUM]","1,2,3,4"
"ROXHzwN0r9R","2026-08-11 23:58:38.182","2026-08-13 22:37:51.898","ROXHzwN0r9R","18341709","[PREMIUM]","[PREMIUM]","[PREMIUM]","White Center 301","Section 301","c",2,"[]","2026-08-11 00:00:00","electronic","exchange",2,"[PREMIUM]","1,2"
"ROXHzwN0r7n","2026-08-11 23:58:38.182","2026-08-15 22:28:12.739","ROXHzwN0r7n","18341709","[PREMIUM]","[PREMIUM]","[PREMIUM]","White Center 335","Section 335","d",2,"[]","2026-08-11 00:00:00","electronic","exchange",0,"[PREMIUM]","1,2"
"ROXHzwN0XLn","2026-08-11 23:58:38.182","2026-08-13 22:37:51.898","ROXHzwN0XLn","18341709","[PREMIUM]","[PREMIUM]","[PREMIUM]","White Goal 323","Section 323","l",4,"[]","2026-08-11 00:00:00","electronic","exchange",1,"[PREMIUM]","1,2,3,4"
"ROXHzwN0XAO","2026-08-11 23:58:38.182","2026-08-13 22:37:51.898","ROXHzwN0XAO","18341709","[PREMIUM]","[PREMIUM]","[PREMIUM]","Red Center 113","Section 113","dd",2,"[]","2026-08-11 00:00:00","electronic","exchange",0,"[PREMIUM]","1,2"
"V4KU0MlgKrY","2026-08-11 23:58:38.182","2026-08-13 22:37:51.898","V4KU0MlgKrY","18341709","[PREMIUM]","[PREMIUM]","[PREMIUM]","White Goal 331","Section 331","j",4,"[]","2026-08-11 00:00:00","electronic","exchange",1,"[PREMIUM]","1,2,3,4"
"X03tKjXDrpa","2026-08-11 23:58:38.182","2026-08-12 23:24:53.510","X03tKjXDrpa","18341709","[PREMIUM]","[PREMIUM]","[PREMIUM]","White Center 302","Section 302","d",2,"[]","2026-08-11 00:00:00","electronic","exchange",2,"[PREMIUM]","1,2"
"YgJtk63EzVV","2026-08-11 23:58:38.182","2026-08-12 23:24:53.510","YgJtk63EzVV","18341709","[PREMIUM]","[PREMIUM]","[PREMIUM]","White Goal 330","Section 330","c",4,"[]","2026-08-11 00:00:00","electronic","exchange",4,"[PREMIUM]","1,2,3,4"
"YgJtk63EmO4","2026-08-11 23:58:38.182","2026-08-15 22:28:12.739","YgJtk63EmO4","18341709","[PREMIUM]","[PREMIUM]","[PREMIUM]","Red Center 113","Section 113","v",2,"[]","2026-08-11 00:00:00","electronic","exchange",0,"[PREMIUM]","1,2"
"YgJtk63Elo6","2026-08-11 23:58:38.182","2026-08-13 22:37:51.898","YgJtk63Elo6","18341709","[PREMIUM]","[PREMIUM]","[PREMIUM]","Red Goal 107","Section 107","dd",2,"[]","2026-08-11 00:00:00","electronic","exchange",1,"[PREMIUM]","1,2"
"Zm9hvwLNVbG","2026-08-11 23:58:38.182","2026-08-15 00:03:06.359","Zm9hvwLNVbG","18341709","[PREMIUM]","[PREMIUM]","[PREMIUM]","White Center 302","Section 302","j",2,"[]","2026-08-11 00:00:00","electronic","exchange",0,"[PREMIUM]","1,2"
"Zm9hvwLN967","2026-08-11 23:58:38.182","2026-08-12 23:24:53.510","Zm9hvwLN967","18341709","[PREMIUM]","[PREMIUM]","[PREMIUM]","White Goal 334","Section 334","g",2,"[]","2026-08-11 00:00:00","electronic","exchange",2,"[PREMIUM]","1,2"
"Zm9hvwJaBd7","2026-08-11 23:58:38.182","2026-08-25 11:24:05.185","Zm9hvwJaBd7","18341709","[PREMIUM]","[PREMIUM]","[PREMIUM]","306","Section 306","h",4,"[]","2026-09-19 00:00:00","electronic","exchange",4,"[PREMIUM]","1,2,3,4"
"agktlDv0Bx9","2026-08-11 23:58:38.182","2026-08-12 23:24:53.510","agktlDv0Bx9","18341709","[PREMIUM]","[PREMIUM]","[PREMIUM]","Club Desjardins Goal 217","Club Desjardins Goal 217","d",2,"[]","2026-08-11 00:00:00","electronic","exchange",7,"[PREMIUM]","1,2"
"agktlDv0rmb","2026-08-11 23:58:38.182","2026-08-13 22:37:51.898","agktlDv0rmb","18341709","[PREMIUM]","[PREMIUM]","[PREMIUM]","White Goal 315","Section 315","f",8,"[]","2026-08-11 00:00:00","electronic","exchange",1,"[PREMIUM]","1,2,3,4,5,6,7,8"
"b4wUaGV49o6","2026-08-11 23:58:38.182","2026-08-15 22:28:12.739","b4wUaGV49o6","18341709","[PREMIUM]","[PREMIUM]","[PREMIUM]","White Center 301","Section 301","ff",2,"[]","2026-08-11 00:00:00","electronic","exchange",0,"[PREMIUM]","1,2"
"dNgUg6n5MRM","2026-08-11 23:58:38.182","2026-08-13 22:37:51.898","dNgUg6n5MRM","18341709","[PREMIUM]","[PREMIUM]","[PREMIUM]","Red Goal 116","Section 116","ee",3,"[]","2026-08-11 00:00:00","electronic","exchange",2,"[PREMIUM]","1,2,3"
"eeacK2ovm9z","2026-08-11 23:58:38.182","2026-08-12 23:24:53.510","eeacK2ovm9z","18341709","[PREMIUM]","[PREMIUM]","[PREMIUM]","White Goal 316","Section 316","g",2,"[]","2026-08-11 00:00:00","electronic","exchange",3,"[PREMIUM]","1,2"
"jDvsz7Odpqq","2026-08-11 23:58:38.182","2026-08-15 22:28:12.739","jDvsz7Odpqq","18341709","[PREMIUM]","[PREMIUM]","[PREMIUM]","White Center 318","Section 318","h",6,"[]","2026-08-11 00:00:00","electronic","exchange",0,"[PREMIUM]","1,2,3,4,5,6"
"kYet94NGpBg","2026-08-11 23:58:38.182","2026-08-12 23:24:53.510","kYet94NGpBg","18341709","[PREMIUM]","[PREMIUM]","[PREMIUM]","Club Desjardins Center 211","Club Desjardins Center 211","f",2,"[]","2026-08-11 00:00:00","electronic","exchange",7,"[PREMIUM]","1,2"
"kYet94NGbNq","2026-08-11 23:58:38.182","2026-08-15 22:28:12.739","kYet94NGbNq","18341709","[PREMIUM]","[PREMIUM]","[PREMIUM]","White Center 302","Section 302","l",2,"[]","2026-08-11 00:00:00","electronic","exchange",0,"[PREMIUM]","1,2"
"lxVsdLK4gpp","2026-08-11 23:58:38.182","2026-08-13 22:37:51.898","lxVsdLK4gpp","18341709","[PREMIUM]","[PREMIUM]","[PREMIUM]","White Goal 328","Section 328","j",2,"[]","2026-08-11 00:00:00","electronic","exchange",1,"[PREMIUM]","1,2"
"lxVsdLPN5lM","2026-08-11 23:58:38.182","2026-08-25 11:24:05.185","lxVsdLPN5lM","18341709","[PREMIUM]","[PREMIUM]","[PREMIUM]","327","Section 327","a",4,"['15','16','17','18']","2026-09-19 00:00:00","electronic","exchange",1,"[PREMIUM]","2,4"
"mxAs4Y2XnNB","2026-08-11 23:58:38.182","2026-08-12 23:24:53.510","mxAs4Y2XnNB","18341709","[PREMIUM]","[PREMIUM]","[PREMIUM]","Red Center 103","Section 103","h",2,"[]","2026-08-11 00:00:00","electronic","exchange",3,"[PREMIUM]","1,2"
"nx0srM3Zv82","2026-08-11 23:58:38.182","2026-08-15 22:28:12.739","nx0srM3Zv82","18341709","[PREMIUM]","[PREMIUM]","[PREMIUM]","White Goal 310","Section 310","n",2,"[]","2026-08-11 00:00:00","electronic","exchange",0,"[PREMIUM]","1,2"
"oV7HbEJzoEV","2026-08-11 23:58:38.182","2026-08-13 22:37:51.898","oV7HbEJzoEV","18341709","[PREMIUM]","[PREMIUM]","[PREMIUM]","Red Goal 110","Section 110","w",2,"[]","2026-08-11 00:00:00","electronic","exchange",0,"[PREMIUM]","1,2"
"oV7HbEJzPDj","2026-08-11 23:58:38.182","2026-08-12 23:24:53.510","oV7HbEJzPDj","18341709","[PREMIUM]","[PREMIUM]","[PREMIUM]","White Goal 311","Section 311","b",4,"[]","2026-08-11 00:00:00","electronic","exchange",4,"[PREMIUM]","1,2,3,4"
"qVjH2V63PR6","2026-08-11 23:58:38.182","2026-08-11 23:58:38.182","qVjH2V63PR6","18341709","[PREMIUM]","[PREMIUM]","[PREMIUM]","White Center 335","Section 335","o",2,"[]","2026-08-11 00:00:00","electronic","exchange",2,"[PREMIUM]","1,2"
"qVjH2VmqLKD","2026-08-11 23:58:38.182","2026-08-25 11:24:05.185","qVjH2VmqLKD","18341709","[PREMIUM]","[PREMIUM]","[PREMIUM]","302","Section 302","l",2,"[]","2026-09-19 00:00:00","electronic","exchange",1,"[PREMIUM]","1,2"
"rVOHkRE7orb","2026-08-11 23:58:38.182","2026-08-12 23:24:53.510","rVOHkRE7orb","18341709","[PREMIUM]","[PREMIUM]","[PREMIUM]","White Goal 316","Section 316","h",2,"[]","2026-08-11 00:00:00","electronic","exchange",2,"[PREMIUM]","1,2"
"rVOHkRE7GXq","2026-08-11 23:58:38.182","2026-08-12 23:24:53.510","rVOHkRE7GXq","18341709","[PREMIUM]","[PREMIUM]","[PREMIUM]","Red Goal 121","Section 121","u",2,"[]","2026-08-11 00:00:00","electronic","exchange",3,"[PREMIUM]","1,2"
"vb3iPeLMvGL","2026-08-11 23:58:38.182","2026-08-15 22:28:12.739","vb3iPeLMvGL","18341709","[PREMIUM]","[PREMIUM]","[PREMIUM]","White Goal 334","Section 334","g",2,"[]","2026-08-11 00:00:00","electronic","exchange",0,"[PREMIUM]","1,2"
"w3JsedkMmdM","2026-08-11 23:58:38.182","2026-08-13 22:37:51.898","w3JsedkMmdM","18341709","[PREMIUM]","[PREMIUM]","[PREMIUM]","Red Center 111","Section 111","g",2,"[]","2026-08-11 00:00:00","electronic","exchange",1,"[PREMIUM]","1,2"
"w3JsedkMmKx","2026-08-11 23:58:38.182","2026-08-12 23:24:53.510","w3JsedkMmKx","18341709","[PREMIUM]","[PREMIUM]","[PREMIUM]","Club Desjardins Goal 210","Club Desjardins Goal 210","f",8,"[]","2026-08-11 00:00:00","electronic","exchange",7,"[PREMIUM]","1,2,3,4,5,6,7,8"
"w3JsedkwwK9","2026-08-11 23:58:38.182","2026-08-24 11:16:09.690","w3JsedkwwK9","18341709","[PREMIUM]","[PREMIUM]","[PREMIUM]","315","Section 315","h",6,"[]","2026-09-19 00:00:00","electronic","exchange",5,"[PREMIUM]","1,2,3,4,5,6"
"xb9imBwz85l","2026-08-11 23:58:38.182","2026-08-15 22:28:12.739","xb9imBwz85l","18341709","[PREMIUM]","[PREMIUM]","[PREMIUM]","White Goal 315","Section 315","h",6,"[]","2026-08-11 00:00:00","electronic","exchange",0,"[PREMIUM]","1,2,3,4,5,6"
"xb9imBwz8aJ","2026-08-11 23:58:38.182","2026-08-13 22:37:51.898","xb9imBwz8aJ","18341709","[PREMIUM]","[PREMIUM]","[PREMIUM]","White Goal 325","Section 325","e",8,"[]","2026-08-11 00:00:00","electronic","exchange",1,"[PREMIUM]","1,2,3,4,5,6,7,8"
"z3Es6qgJmJ5","2026-08-11 23:58:38.182","2026-08-11 23:58:38.182","z3Es6qgJmJ5","18341709","[PREMIUM]","[PREMIUM]","[PREMIUM]","White Center 302","Section 302","h",2,"[]","2026-08-11 00:00:00","electronic","exchange",2,"[PREMIUM]","1,2"
"z3Es6qgJ4X7","2026-08-11 23:58:38.182","2026-08-15 22:28:12.739","z3Es6qgJ4X7","18341709","[PREMIUM]","[PREMIUM]","[PREMIUM]","White Goal 322","Section 322","k",4,"[]","2026-08-11 00:00:00","electronic","exchange",0,"[PREMIUM]","1,2,3,4"
"2k0xw9g","2026-08-11 23:58:35.387","2026-08-24 22:41:10.081","2k0xw9g","18168292","[PREMIUM]","[PREMIUM]","[PREMIUM]","443","Terrace 443","1",2,"['3','4']",,"electronic","open_marketplace",0,"[PREMIUM]","2"
"2k86m78","2026-08-11 23:58:35.387","2026-08-24 22:41:10.081","2k86m78","18168292","[PREMIUM]","[PREMIUM]","[PREMIUM]","423","Terrace 423","1",4,"['17','18','19','20']",,"electronic","open_marketplace",0,"[PREMIUM]","2,4"
"2v0cz3VGR97","2026-08-11 23:58:35.387","2026-08-24 22:41:10.081","2v0cz3VGR97","18168292","[PREMIUM]","[PREMIUM]","[PREMIUM]","433","Terrace 433","17",3,"['25','26','27']","2026-05-15 00:00:00","electronic","exchange",1,"[PREMIUM]","1,3"
"2v0cz3VGRe7","2026-08-11 23:58:35.387","2026-08-24 22:41:10.081","2v0cz3VGRe7","18168292","[PREMIUM]","[PREMIUM]","[PREMIUM]","446","Terrace 446","7",3,"['16','17','18']","2026-05-15 00:00:00","electronic","exchange",0,"[PREMIUM]","1,3"
"3q7fNJAb76M","2026-08-11 23:58:35.387","2026-08-13 22:38:25.271","3q7fNJAb76M","18168292","[PREMIUM]","[PREMIUM]","[PREMIUM]","434","Terrace 434","18",12,"['13','14','15','16','17','18','19','20','21','22','23','24']","2026-05-15 00:00:00","electronic","exchange",1,"[PREMIUM]","1,2,3,4,5,6,7,8,9,10,12"
"3q7fNJAb72M","2026-08-11 23:58:35.387","2026-08-24 22:41:10.081","3q7fNJAb72M","18168292","[PREMIUM]","[PREMIUM]","[PREMIUM]","454","Terrace 454","16",12,"['1','2','3','4','5','6','7','8','9','10','11','12']","2026-05-15 00:00:00","electronic","exchange",1,"[PREMIUM]","1,2,3,4,5,6,7,8,9,10,12"
"6gep7m4","2026-08-11 23:58:35.387","2026-08-24 22:41:10.081","6gep7m4","18168292","[PREMIUM]","[PREMIUM]","[PREMIUM]","114","Section 114","5",2,"['1','2']",,"electronic","open_marketplace",0,"[PREMIUM]","2"
"7KntAlBNnbk","2026-08-11 23:58:35.387","2026-08-13 22:38:25.271","7KntAlBNnbk","18168292","[PREMIUM]","[PREMIUM]","[PREMIUM]","447","Terrace 447","11",2,"['17','18']","2026-05-15 00:00:00","electronic","exchange",0,"[PREMIUM]","2"
"8lKt6YqbDLM","2026-08-11 23:58:35.387","2026-08-13 22:38:25.271","8lKt6YqbDLM","18168292","[PREMIUM]","[PREMIUM]","[PREMIUM]","439","Terrace 439","17",6,"['1','2','3','4','5','6']","2026-05-15 00:00:00","electronic","exchange",0,"[PREMIUM]","2,4,6"
"9P2c5qAG2kY","2026-08-11 23:58:35.387","2026-08-24 22:41:10.081","9P2c5qAG2kY","18168292","[PREMIUM]","[PREMIUM]","[PREMIUM]","401","Terrace 401","15",3,"['7','8','9']","2026-05-15 00:00:00","electronic","exchange",0,"[PREMIUM]","1,3"
"9P2c5qAG2KY","2026-08-11 23:58:35.387","2026-08-24 22:41:10.081","9P2c5qAG2KY","18168292","[PREMIUM]","[PREMIUM]","[PREMIUM]","446","Terrace 446","8",2,"['1','2']","2026-05-15 00:00:00","electronic","exchange",0,"[PREMIUM]","2"
"EroUXnNODow","2026-08-11 23:58:35.387","2026-08-24 22:41:10.081","EroUXnNODow","18168292","[PREMIUM]","[PREMIUM]","[PREMIUM]","124","Section 124","20",3,"['17','18','19']","2026-05-15 00:00:00","electronic","exchange",1,"[PREMIUM]","1,3"
"JABI39mJBNo","2026-08-11 23:58:35.387","2026-08-24 22:41:10.081","JABI39mJBNo","18168292","[PREMIUM]","[PREMIUM]","[PREMIUM]","453","Terrace 453","16",7,"['21','22','23','24','25','26','27']","2026-05-15 00:00:00","electronic","exchange",1,"[PREMIUM]","1,2,3,4,5,7"
"JABI39mJBVo","2026-08-11 23:58:35.387","2026-08-24 22:41:10.081","JABI39mJBVo","18168292","[PREMIUM]","[PREMIUM]","[PREMIUM]","438","Terrace 438","19",7,"['13','14','15','16','17','18','19']","2026-05-15 00:00:00","electronic","exchange",0,"[PREMIUM]","1,2,3,4,5,7"
"Kezcz6a9bAv","2026-08-11 23:58:35.387","2026-08-24 22:41:10.081","Kezcz6a9bAv","18168292","[PREMIUM]","[PREMIUM]","[PREMIUM]","404","Terrace 404","18",4,"['25','26','27','28']","2026-05-15 00:00:00","electronic","exchange",1,"[PREMIUM]","2,4"
"NrqUv40lmBk","2026-08-11 23:58:35.387","2026-08-13 22:38:25.271","NrqUv40lmBk","18168292","[PREMIUM]","[PREMIUM]","[PREMIUM]","447","Terrace 447","15",12,"['1','2','3','4','5','6','7','8','9','10','11','12']","2026-05-15 00:00:00","electronic","exchange",0,"[PREMIUM]","1,2,3,4,5,6,7,8,9,10,12"
"NrqUv40lmok","2026-08-11 23:58:35.387","2026-08-13 22:38:25.271","NrqUv40lmok","18168292","[PREMIUM]","[PREMIUM]","[PREMIUM]","133","Section 133","21",6,"['13','14','15','16','17','18']","2026-05-15 00:00:00","electronic","exchange",1,"[PREMIUM]","2,4,6"
"MAeIPlnEXzO","2026-08-11 23:58:35.387","2026-08-24 22:41:10.081","MAeIPlnEXzO","18168292","[PREMIUM]","[PREMIUM]","[PREMIUM]","451","Terrace 451","7",12,"['7','8','9','10','11','12','13','14','15','16','17','18']","2026-05-15 00:00:00","electronic","exchange",2,"[PREMIUM]","1,2,3,4,5,6,7,8,9,10,12"
"O7Ahwrb47DX","2026-08-11 23:58:35.387","2026-08-24 22:41:10.081","O7Ahwrb47DX","18168292","[PREMIUM]","[PREMIUM]","[PREMIUM]","404","Terrace 404","17",12,"['11','12','13','14','15','16','17','18','19','20','21','22']","2026-05-15 00:00:00","electronic","exchange",1,"[PREMIUM]","1,2,3,4,5,6,7,8,9,10,12"
"X03tKjX8boR","2026-08-11 23:58:35.387","2026-08-24 22:41:10.081","X03tKjX8boR","18168292","[PREMIUM]","[PREMIUM]","[PREMIUM]","438","Terrace 438","17",12,"['1','2','3','4','5','6','7','8','9','10','11','12']","2026-05-15 00:00:00","electronic","exchange",0,"[PREMIUM]","1,2,3,4,5,6,7,8,9,10,12"
"eeacK2oGjOD","2026-08-11 23:58:35.387","2026-08-24 22:41:10.081","eeacK2oGjOD","18168292","[PREMIUM]","[PREMIUM]","[PREMIUM]","451","Terrace 451","14",12,"['13','14','15','16','17','18','19','20','21','22','23','24']","2026-05-15 00:00:00","electronic","exchange",1,"[PREMIUM]","1,2,3,4,5,6,7,8,9,10,12"
"g48Uro7bn5b","2026-08-11 23:58:35.387","2026-08-24 22:41:10.081","g48Uro7bn5b","18168292","[PREMIUM]","[PREMIUM]","[PREMIUM]","123","Section 123","15",6,"['1','2','3','4','5','6']","2026-05-15 00:00:00","electronic","exchange",0,"[PREMIUM]","2,4,6"
"jDvsz7OM3xv","2026-08-11 23:58:35.387","2026-08-24 22:41:10.081","jDvsz7OM3xv","18168292","[PREMIUM]","[PREMIUM]","[PREMIUM]","403","Terrace 403","16",5,"['19','20','21','22','23']","2026-05-15 00:00:00","electronic","exchange",1,"[PREMIUM]","1,2,3,5"
"jDvsz7OM3Yv","2026-08-11 23:58:35.387","2026-08-24 22:41:10.081","jDvsz7OM3Yv","18168292","[PREMIUM]","[PREMIUM]","[PREMIUM]","123","Section 123","20",10,"['13','14','15','16','17','18','19','20','21','22']","2026-05-15 00:00:00","electronic","exchange",1,"[PREMIUM]","1,2,3,4,5,6,7,8,10"
"kYet94NZJ54","2026-08-11 23:58:35.387","2026-08-13 22:38:25.271","kYet94NZJ54","18168292","[PREMIUM]","[PREMIUM]","[PREMIUM]","133","Section 133","16",12,"['1','2','3','4','5','6','7','8','9','10','11','12']","2026-05-15 00:00:00","electronic","exchange",1,"[PREMIUM]","1,2,3,4,5,6,7,8,9,10,12"
"l_rvBAQW8uMqPk4s5PKGzRS8pMne4u0Jle8Bcyj1vbBuL1vLNwTGvxPAYcq8tG1hRL","2026-08-11 23:58:35.387","2026-08-24 22:41:10.081","l_rvBAQW8uMqPk4s5PKGzRS8pMne4u0Jle8Bcyj1vbBuL1vLNwTGvxPAYcq8tG1hRL","18168292","[PREMIUM]","[PREMIUM]","[PREMIUM]","126","Section 126","18",2,"['14','15']",,"sg_app","open",1,"[PREMIUM]","2"
"lxVsdLKe95j","2026-08-11 23:58:35.387","2026-08-24 22:41:10.081","lxVsdLKe95j","18168292","[PREMIUM]","[PREMIUM]","[PREMIUM]","402","Terrace 402","18",4,"['25','26','27','28']","2026-05-15 00:00:00","electronic","exchange",1,"[PREMIUM]","2,4"
"mox1dpj","2026-08-11 23:58:35.387","2026-08-24 22:41:10.081","mox1dpj","18168292","[PREMIUM]","[PREMIUM]","[PREMIUM]","118","Section 118","6",2,"['10','11']",,"electronic","open_marketplace",1,"[PREMIUM]","2"
"nx0srM3nE5R","2026-08-11 23:58:35.387","2026-08-24 22:41:10.081","nx0srM3nE5R","18168292","[PREMIUM]","[PREMIUM]","[PREMIUM]","402","Terrace 402","15",12,"['13','14','15','16','17','18','19','20','21','22','23','24']","2026-05-15 00:00:00","electronic","exchange",1,"[PREMIUM]","1,2,3,4,5,6,7,8,9,10,12"
"nx0srM3nENR","2026-08-11 23:58:35.387","2026-08-24 22:41:10.081","nx0srM3nENR","18168292","[PREMIUM]","[PREMIUM]","[PREMIUM]","124","Section 124","19",2,"['20','21']","2026-05-15 00:00:00","electronic","exchange",1,"[PREMIUM]","2"
"qVjH2V6nrNY","2026-08-11 23:58:35.387","2026-08-19 09:07:14.470","qVjH2V6nrNY","18168292","[PREMIUM]","[PREMIUM]","[PREMIUM]","123","Section 123","12",8,"['1','2','3','4','5','6','7','8']","2026-05-15 00:00:00","electronic","exchange",1,"[PREMIUM]","1,2,3,4,5,6,8"
"qVjH2V6nr5Y","2026-08-11 23:58:35.387","2026-08-20 22:36:13.647","qVjH2V6nr5Y","18168292","[PREMIUM]","[PREMIUM]","[PREMIUM]","437","Terrace 437","16",13,"['13','14','15','16','17','18','19','20','21','22','23','24','25']","2026-05-15 00:00:00","electronic","exchange",1,"[PREMIUM]","1,2,3,4,5,6,7,8,9,10,11,13"
"rr8zwjw","2026-08-11 23:58:35.387","2026-08-24 22:41:10.081","rr8zwjw","18168292","[PREMIUM]","[PREMIUM]","[PREMIUM]","434","Terrace 434","1",2,"['21','22']",,"electronic","open_marketplace",1,"[PREMIUM]","2"
"vb3iPeLGg55","2026-08-11 23:58:35.387","2026-08-13 22:38:25.271","vb3iPeLGg55","18168292","[PREMIUM]","[PREMIUM]","[PREMIUM]","449","Terrace 449","18",7,"['13','14','15','16','17','18','19']","2026-05-15 00:00:00","electronic","exchange",0,"[PREMIUM]","1,2,3,4,5,7"
"w3JsedkVa58","2026-08-11 23:58:35.387","2026-08-13 22:38:25.271","w3JsedkVa58","18168292","[PREMIUM]","[PREMIUM]","[PREMIUM]","449","Terrace 449","15",12,"['1','2','3','4','5','6','7','8','9','10','11','12']","2026-05-15 00:00:00","electronic","exchange",0,"[PREMIUM]","1,2,3,4,5,6,7,8,9,10,12"
"xb9imBwbMND","2026-08-11 23:58:35.387","2026-08-13 22:38:25.271","xb9imBwbMND","18168292","[PREMIUM]","[PREMIUM]","[PREMIUM]","444","Terrace 444","16",6,"['5','6','7','8','9','10']","2026-05-15 00:00:00","electronic","exchange",0,"[PREMIUM]","2,4,6"
"z3Es6qgZB5p","2026-08-11 23:58:35.387","2026-08-24 22:41:10.081","z3Es6qgZB5p","18168292","[PREMIUM]","[PREMIUM]","[PREMIUM]","451","Terrace 451","17",3,"['25','26','27']","2026-05-15 00:00:00","electronic","exchange",0,"[PREMIUM]","1,3"
"05VT8K2dB4J","2026-08-11 23:58:01.656","2026-08-25 11:22:04.584","05VT8K2dB4J","18318489","[PREMIUM]","[PREMIUM]","[PREMIUM]","231","Section 231","15",2,"[]","2026-09-18 00:00:00","electronic","exchange",5,"[PREMIUM]","2"
"4vXcj9N2XAN","2026-08-11 23:58:01.656","2026-08-25 11:22:04.584","4vXcj9N2XAN","18318489","[PREMIUM]","[PREMIUM]","[PREMIUM]","221","Section 221","6",4,"[]","2026-09-18 00:00:00","electronic","exchange",2,"[PREMIUM]","1,2,4"
"8lKt6YPG7ej","2026-08-11 23:58:01.656","2026-08-13 22:37:48.756","8lKt6YPG7ej","18318489","[PREMIUM]","[PREMIUM]","[PREMIUM]","231","Section 231","15",2,"[]","2026-09-18 00:00:00","electronic","exchange",5,"[PREMIUM]","2"
"DdwHkOExDjz","2026-08-11 23:58:01.656","2026-08-25 11:22:04.584","DdwHkOExDjz","18318489","[PREMIUM]","[PREMIUM]","[PREMIUM]","223","Section 223","7",2,"[]","2026-09-18 00:00:00","electronic","exchange",0,"[PREMIUM]","2"
"EroUXne7x0n","2026-08-11 23:58:01.656","2026-08-13 22:37:48.756","EroUXne7x0n","18318489","[PREMIUM]","[PREMIUM]","[PREMIUM]","112","Section 112","31",2,"[]","2026-09-18 00:00:00","electronic","exchange",4,"[PREMIUM]","2"
"GAaI62ajxLr","2026-08-11 23:58:01.656","2026-08-25 11:22:04.584","GAaI62ajxLr","18318489","[PREMIUM]","[PREMIUM]","[PREMIUM]","224","Section 224","15",2,"[]","2026-09-18 00:00:00","electronic","exchange",5,"[PREMIUM]","2"
"Kezcz6avZP7","2026-08-11 23:58:01.656","2026-08-25 11:22:04.584","Kezcz6avZP7","18318489","[PREMIUM]","[PREMIUM]","[PREMIUM]","209","Section 209","6",2,"[]","2026-09-18 00:00:00","electronic","exchange",0,"[PREMIUM]","2"
"LbviLEp3xJ2","2026-08-11 23:58:01.656","2026-08-13 22:37:48.756","LbviLEp3xJ2","18318489","[PREMIUM]","[PREMIUM]","[PREMIUM]","214","Section 214","15",2,"[]","2026-09-18 00:00:00","electronic","exchange",5,"[PREMIUM]","2"
"LbviLEVNmJO","2026-08-11 23:58:01.656","2026-08-25 11:22:04.584","LbviLEVNmJO","18318489","[PREMIUM]","[PREMIUM]","[PREMIUM]","223","Section 223","8",2,"[]","2026-09-18 00:00:00","electronic","exchange",0,"[PREMIUM]","2"
"V4KU0MdwpzY","2026-08-11 23:58:01.656","2026-08-25 11:22:04.584","V4KU0MdwpzY","18318489","[PREMIUM]","[PREMIUM]","[PREMIUM]","212","Section 212","15",2,"[]","2026-09-18 00:00:00","electronic","exchange",5,"[PREMIUM]","2"
"agktlDOAxzY","2026-08-11 23:58:01.656","2026-08-25 11:22:04.584","agktlDOAxzY","18318489","[PREMIUM]","[PREMIUM]","[PREMIUM]","112","Section 112","31",2,"[]","2026-09-18 00:00:00","electronic","exchange",3,"[PREMIUM]","2"
"b4wUaGVezjz","2026-08-11 23:58:01.656","2026-08-15 00:01:02.758","b4wUaGVezjz","18318489","[PREMIUM]","[PREMIUM]","[PREMIUM]","130","Section 130","15",4,"[]","2026-09-18 00:00:00","electronic","exchange",0,"[PREMIUM]","1,2,4"
"dNgUg6nKRrB","2026-08-11 23:58:01.656","2026-08-19 09:12:51.015","dNgUg6nKRrB","18318489","[PREMIUM]","[PREMIUM]","[PREMIUM]","110","Section 110","22",3,"[]","2026-09-18 00:00:00","electronic","exchange",0,"[PREMIUM]","1,3"
"eeacK2APnVz","2026-08-11 23:58:01.656","2026-08-25 11:22:04.584","eeacK2APnVz","18318489","[PREMIUM]","[PREMIUM]","[PREMIUM]","210","Section 210","15",2,"[]","2026-09-18 00:00:00","electronic","exchange",5,"[PREMIUM]","2"
"eeacK2oZ777","2026-08-11 23:58:01.656","2026-08-24 11:16:04.688","eeacK2oZ777","18318489","[PREMIUM]","[PREMIUM]","[PREMIUM]","219","Section 219","13",4,"[]","2026-09-18 00:00:00","electronic","exchange",2,"[PREMIUM]","1,2,3,4"
"g48UroVqODk","2026-08-11 23:58:01.656","2026-08-13 22:37:48.756","g48UroVqODk","18318489","[PREMIUM]","[PREMIUM]","[PREMIUM]","224","Section 224","15",2,"[]","2026-09-18 00:00:00","electronic","exchange",5,"[PREMIUM]","2"
"kYet94N8JjX","2026-08-11 23:58:01.656","2026-08-25 11:22:04.584","kYet94N8JjX","18318489","[PREMIUM]","[PREMIUM]","[PREMIUM]","224","Section 224","4",2,"[]","2026-09-18 00:00:00","electronic","exchange",0,"[PREMIUM]","2"
"lxVsdLPX8AR","2026-08-11 23:58:01.656","2026-08-13 22:37:48.756","lxVsdLPX8AR","18318489","[PREMIUM]","[PREMIUM]","[PREMIUM]","129","Section 129","31",2,"[]","2026-09-18 00:00:00","electronic","exchange",5,"[PREMIUM]","2"
"oV7HbELVG7G","2026-08-11 23:58:01.656","2026-08-13 22:37:48.756","oV7HbELVG7G","18318489","[PREMIUM]","[PREMIUM]","[PREMIUM]","210","Section 210","15",2,"[]","2026-09-18 00:00:00","electronic","exchange",5,"[PREMIUM]","2"
"rVOHkRErLOj","2026-08-11 23:58:01.656","2026-08-25 11:22:04.584","rVOHkRErLOj","18318489","[PREMIUM]","[PREMIUM]","[PREMIUM]","224","Section 224","7",2,"[]","2026-09-18 00:00:00","electronic","exchange",0,"[PREMIUM]","2"
"vb3iPeOoqEo","2026-08-11 23:58:01.656","2026-08-25 11:22:04.584","vb3iPeOoqEo","18318489","[PREMIUM]","[PREMIUM]","[PREMIUM]","214","Section 214","15",2,"[]","2026-09-18 00:00:00","electronic","exchange",5,"[PREMIUM]","2"
"w3JsedkJ4Ej","2026-08-11 23:58:01.656","2026-08-13 22:37:48.756","w3JsedkJ4Ej","18318489","[PREMIUM]","[PREMIUM]","[PREMIUM]","121","Section 121","7",4,"[]","2026-09-18 00:00:00","electronic","exchange",3,"[PREMIUM]","1,2,3,4"
"w3JsedzjKJ0","2026-08-11 23:58:01.656","2026-08-13 22:37:48.756","w3JsedzjKJ0","18318489","[PREMIUM]","[PREMIUM]","[PREMIUM]","212","Section 212","15",2,"[]","2026-09-18 00:00:00","electronic","exchange",5,"[PREMIUM]","2"
"z3Es6qOrA9g","2026-08-11 23:58:01.656","2026-08-25 11:22:04.584","z3Es6qOrA9g","18318489","[PREMIUM]","[PREMIUM]","[PREMIUM]","129","Section 129","31",2,"[]","2026-09-18 00:00:00","electronic","exchange",4,"[PREMIUM]","2"
"2k86np1","2026-08-11 23:57:29.141","2026-08-24 22:41:08.043","2k86np1","18165204","[PREMIUM]","[PREMIUM]","[PREMIUM]","616","Section 616","28",3,"['3','4','5']",,"electronic","open_marketplace",1,"[PREMIUM]","1,3"
"6ge92rx","2026-08-11 23:57:29.141","2026-08-24 22:41:08.043","6ge92rx","18165204","[PREMIUM]","[PREMIUM]","[PREMIUM]","141","Section 141","5",4,"['5','6','7','8']",,"electronic","open_marketplace",0,"[PREMIUM]","2,4"
"5EjuZzZXrDv","2026-08-11 23:57:29.141","2026-08-24 22:41:08.043","5EjuZzZXrDv","18165204","[PREMIUM]","[PREMIUM]","[PREMIUM]","263","Section 263","2",4,"['7','8','9','10']","2026-06-25 00:00:00","electronic","exchange",5,"[PREMIUM]","1,2,4"
"dmrkr0e","2026-08-11 23:57:29.141","2026-08-12 23:22:18.437","dmrkr0e","18165204","[PREMIUM]","[PREMIUM]","[PREMIUM]","144","Section 144","2",2,"['5','6']",,"electronic","open_marketplace",0,"[PREMIUM]","2"
"jpw0pd7","2026-08-11 23:57:29.141","2026-08-24 22:41:08.043","jpw0pd7","18165204","[PREMIUM]","[PREMIUM]","[PREMIUM]","143","Section 143","33",6,"['5','6','7','8','9','10']",,"electronic","open_marketplace",2,"[PREMIUM]","1,2,3,4,6"
"kYet9leob6q","2026-08-11 23:57:29.141","2026-08-24 22:41:08.043","kYet9leob6q","18165204","[PREMIUM]","[PREMIUM]","[PREMIUM]","144","Section 144","11",2,"['21','22']","2026-07-30 00:00:00","electronic","exchange",0,"[PREMIUM]","2"
"o2n7gxe","2026-08-11 23:57:29.141","2026-08-24 22:41:08.043","o2n7gxe","18165204","[PREMIUM]","[PREMIUM]","[PREMIUM]","147","Section 147","25",2,"['5','6']",,"electronic","open_marketplace",0,"[PREMIUM]","2"
"oV7HbElgGE6","2026-08-11 23:57:29.141","2026-08-24 22:41:08.043","oV7HbElgGE6","18165204","[PREMIUM]","[PREMIUM]","[PREMIUM]","611","Section 611","11",6,"['10','11','12','13','14','15']","2027-01-09 00:00:00","electronic","exchange",0,"[PREMIUM]","1,2,3,4,6"
"rVOHkRPbZRr","2026-08-11 23:57:29.141","2026-08-24 22:41:08.043","rVOHkRPbZRr","18165204","[PREMIUM]","[PREMIUM]","[PREMIUM]","112","Section 112","2",3,"['11','12','13']","2027-01-09 00:00:00","electronic","exchange",0,"[PREMIUM]","3"
"rr8z4w7","2026-08-11 23:57:29.141","2026-08-24 22:41:08.043","rr8z4w7","18165204","[PREMIUM]","[PREMIUM]","[PREMIUM]","640","Section 640","19",4,"['1','2','3','4']",,"electronic","open_marketplace",1,"[PREMIUM]","4"
"xb9imBJZEBn","2026-08-11 23:57:29.141","2026-08-24 22:41:08.043","xb9imBJZEBn","18165204","[PREMIUM]","[PREMIUM]","[PREMIUM]","112","Section 112","3",2,"['18','19']","2027-01-09 00:00:00","electronic","exchange",0,"[PREMIUM]","2"
"xzqrwzg","2026-08-11 23:57:29.141","2026-08-24 22:41:08.043","xzqrwzg","18165204","[PREMIUM]","[PREMIUM]","[PREMIUM]","140","Section 140","25",4,"['21','22','23','24']",,"electronic","open_marketplace",0,"[PREMIUM]","2,4"
"2v0cz3VnmME","2026-08-11 23:54:58.468","2026-08-19 09:12:48.300","2v0cz3VnmME","18372986","[PREMIUM]","[PREMIUM]","[PREMIUM]","105","Section 105","g",10,"[]","2026-09-12 00:00:00","electronic","exchange",7,"[PREMIUM]","1,2,3,4,5,6,7,8,9,10"
"2v0cz3VnmMv","2026-08-11 23:54:58.468","2026-08-19 09:12:48.300","2v0cz3VnmMv","18372986","[PREMIUM]","[PREMIUM]","[PREMIUM]","111","Section 111","l",2,"[]","2026-09-12 00:00:00","electronic","exchange",7,"[PREMIUM]","2"
"3q7fNJAKXav","2026-08-11 23:54:58.468","2026-08-18 11:48:59.663","3q7fNJAKXav","18372986","[PREMIUM]","[PREMIUM]","[PREMIUM]","106","Section 106","d",5,"[]","2026-09-12 00:00:00","electronic","exchange",7,"[PREMIUM]","1,2,3,5"
"4vXcj9N2ZJe","2026-08-11 23:54:58.468","2026-08-18 11:48:59.663","4vXcj9N2ZJe","18372986","[PREMIUM]","[PREMIUM]","[PREMIUM]","108","Section 108","d",10,"[]","2026-09-12 00:00:00","electronic","exchange",7,"[PREMIUM]","1,2,3,4,5,6,7,8,9,10"
"4vXcj9N2ZJY","2026-08-11 23:54:58.468","2026-08-19 09:12:48.300","4vXcj9N2ZJY","18372986","[PREMIUM]","[PREMIUM]","[PREMIUM]","108","Section 108","g",10,"[]","2026-09-12 00:00:00","electronic","exchange",7,"[PREMIUM]","1,2,3,4,5,6,7,8,9,10"
"6mOhkAGDDMm","2026-08-11 23:54:58.468","2026-08-11 23:54:58.468","6mOhkAGDDMm","18372986","[PREMIUM]","[PREMIUM]","[PREMIUM]","110","Section 110","f",4,"[]","2026-09-12 00:00:00","electronic","exchange",7,"[PREMIUM]","1,2,4"
"6mOhkAGnmlg","2026-08-11 23:54:58.468","2026-08-12 23:25:57.232","6mOhkAGnmlg","18372986","[PREMIUM]","[PREMIUM]","[PREMIUM]","103","Section 103","m",8,"[]","2026-09-12 00:00:00","electronic","exchange",7,"[PREMIUM]","1,2,3,4,5,6,8"
"9P2c5qA8ojp","2026-08-11 23:54:58.468","2026-08-16 22:20:35.148","9P2c5qA8ojp","18372986","[PREMIUM]","[PREMIUM]","[PREMIUM]","110","Section 110","e",2,"[]","2026-09-12 00:00:00","electronic","exchange",7,"[PREMIUM]","2"
"9P2c5qA8oj4","2026-08-11 23:54:58.468","2026-08-11 23:54:58.468","9P2c5qA8oj4","18372986","[PREMIUM]","[PREMIUM]","[PREMIUM]","112","Section 112","n",5,"[]","2026-09-12 00:00:00","electronic","exchange",7,"[PREMIUM]","1,2,3,5"
"A6rs27z94qD","2026-08-11 23:54:58.468","2026-08-19 09:12:48.300","A6rs27z94qD","18372986","[PREMIUM]","[PREMIUM]","[PREMIUM]","110","Section 110","m",10,"[]","2026-09-12 00:00:00","electronic","exchange",7,"[PREMIUM]","1,2,3,4,5,6,7,8,9,10"
"BALImXk8x4v","2026-08-11 23:54:58.468","2026-08-19 09:12:48.300","BALImXk8x4v","18372986","[PREMIUM]","[PREMIUM]","[PREMIUM]","105","Section 105","h",10,"[]","2026-09-12 00:00:00","electronic","exchange",7,"[PREMIUM]","1,2,3,4,5,6,7,8,9,10"
"DdwHkOe4nZ5","2026-08-11 23:54:58.468","2026-08-12 23:25:57.232","DdwHkOe4nZ5","18372986","[PREMIUM]","[PREMIUM]","[PREMIUM]","107","Section 107","c",10,"[]","2026-09-12 00:00:00","electronic","exchange",7,"[PREMIUM]","1,2,3,4,5,6,7,8,9,10"
"EroUXnNG48G","2026-08-11 23:54:58.468","2026-08-19 09:12:48.300","EroUXnNG48G","18372986","[PREMIUM]","[PREMIUM]","[PREMIUM]","105","Section 105","k",10,"[]","2026-09-12 00:00:00","electronic","exchange",7,"[PREMIUM]","1,2,3,4,5,6,7,8,9,10"
"GAaI62ekmVv","2026-08-11 23:54:58.468","2026-08-14 23:57:27.453","GAaI62ekmVv","18372986","[PREMIUM]","[PREMIUM]","[PREMIUM]","107","Section 107","d",10,"[]","2026-09-12 00:00:00","electronic","exchange",7,"[PREMIUM]","1,2,3,4,5,6,7,8,9,10"
"JABI39md7AG","2026-08-11 23:54:58.468","2026-08-12 23:25:57.232","JABI39md7AG","18372986","[PREMIUM]","[PREMIUM]","[PREMIUM]","106","Section 106","g",10,"[]","2026-09-12 00:00:00","electronic","exchange",7,"[PREMIUM]","1,2,3,4,5,6,7,8,9,10"
"NrqUv40L7Z0","2026-08-11 23:54:58.468","2026-08-19 09:12:48.300","NrqUv40L7Z0","18372986","[PREMIUM]","[PREMIUM]","[PREMIUM]","108","Section 108","e",10,"[]","2026-09-12 00:00:00","electronic","exchange",7,"[PREMIUM]","1,2,3,4,5,6,7,8,9,10"
"PX0sgL4GYX0","2026-08-11 23:54:58.468","2026-08-12 23:25:57.232","PX0sgL4GYX0","18372986","[PREMIUM]","[PREMIUM]","[PREMIUM]","109","Section 109","g",4,"[]","2026-09-12 00:00:00","electronic","exchange",7,"[PREMIUM]","1,2,4"
"PX0sgL4Dew9","2026-08-11 23:54:58.468","2026-08-19 09:12:48.300","PX0sgL4Dew9","18372986","[PREMIUM]","[PREMIUM]","[PREMIUM]","109","Section 109","k",10,"[]","2026-09-12 00:00:00","electronic","exchange",7,"[PREMIUM]","1,2,3,4,5,6,7,8,9,10"
"ROXHzwNDn7E","2026-08-11 23:54:58.468","2026-08-19 09:12:48.300","ROXHzwNDn7E","18372986","[PREMIUM]","[PREMIUM]","[PREMIUM]","105","Section 105","i",10,"[]","2026-09-12 00:00:00","electronic","exchange",7,"[PREMIUM]","1,2,3,4,5,6,7,8,9,10"
"b4wUaGVEmzA","2026-08-11 23:54:58.468","2026-08-19 09:12:48.300","b4wUaGVEmzA","18372986","[PREMIUM]","[PREMIUM]","[PREMIUM]","111","Section 111","n",3,"[]","2026-09-12 00:00:00","electronic","exchange",7,"[PREMIUM]","1,3"
"dNgUg6n4OR8","2026-08-11 23:54:58.468","2026-08-12 23:25:57.232","dNgUg6n4OR8","18372986","[PREMIUM]","[PREMIUM]","[PREMIUM]","104","Section 104","i",3,"[]","2026-09-12 00:00:00","electronic","exchange",7,"[PREMIUM]","1,3"
"dNgUg6n4OlX","2026-08-11 23:54:58.468","2026-08-11 23:54:58.468","dNgUg6n4OlX","18372986","[PREMIUM]","[PREMIUM]","[PREMIUM]","112","Section 112","l",7,"[]","2026-09-12 00:00:00","electronic","exchange",7,"[PREMIUM]","1,2,3,4,5,7"
"eeacK2orxpX","2026-08-11 23:54:58.468","2026-08-19 09:12:48.300","eeacK2orxpX","18372986","[PREMIUM]","[PREMIUM]","[PREMIUM]","109","Section 109","f",5,"[]","2026-09-12 00:00:00","electronic","exchange",7,"[PREMIUM]","1,2,3,5"
"jDvsz7OMGmk","2026-08-11 23:54:58.468","2026-08-11 23:54:58.468","jDvsz7OMGmk","18372986","[PREMIUM]","[PREMIUM]","[PREMIUM]","104","Section 104","l",7,"[]","2026-09-12 00:00:00","electronic","exchange",7,"[PREMIUM]","1,2,3,4,5,7"
"kYet94N8KgJ","2026-08-11 23:54:58.468","2026-08-14 23:57:27.453","kYet94N8KgJ","18372986","[PREMIUM]","[PREMIUM]","[PREMIUM]","106","Section 106","i",10,"[]","2026-09-12 00:00:00","electronic","exchange",7,"[PREMIUM]","1,2,3,4,5,6,7,8,9,10"
"lxVsdLKpYj2","2026-08-11 23:54:58.468","2026-08-19 09:12:48.300","lxVsdLKpYj2","18372986","[PREMIUM]","[PREMIUM]","[PREMIUM]","110","Section 110","j",10,"[]","2026-09-12 00:00:00","electronic","exchange",7,"[PREMIUM]","1,2,3,4,5,6,7,8,9,10"
"mxAs4Y2OJDd","2026-08-11 23:54:58.468","2026-08-11 23:54:58.468","mxAs4Y2OJDd","18372986","[PREMIUM]","[PREMIUM]","[PREMIUM]","104","Section 104","m",10,"[]","2026-09-12 00:00:00","electronic","exchange",7,"[PREMIUM]","1,2,3,4,5,6,7,8,9,10"
"nx0srM3xRA9","2026-08-11 23:54:58.468","2026-08-11 23:54:58.468","nx0srM3xRA9","18372986","[PREMIUM]","[PREMIUM]","[PREMIUM]","111","Section 111","k",8,"[]","2026-09-12 00:00:00","electronic","exchange",7,"[PREMIUM]","1,2,3,4,5,6,8"
"oV7HbEJR9KP","2026-08-11 23:54:58.468","2026-08-19 09:12:48.300","oV7HbEJR9KP","18372986","[PREMIUM]","[PREMIUM]","[PREMIUM]","106","Section 106","h",10,"[]","2026-09-12 00:00:00","electronic","exchange",7,"[PREMIUM]","1,2,3,4,5,6,7,8,9,10"
"rVOHkRErqJR","2026-08-11 23:54:58.468","2026-08-18 11:48:59.663","rVOHkRErqJR","18372986","[PREMIUM]","[PREMIUM]","[PREMIUM]","107","Section 107","f",10,"[]","2026-09-12 00:00:00","electronic","exchange",7,"[PREMIUM]","1,2,3,4,5,6,7,8,9,10"
"vb3iPeLX4AZ","2026-08-11 23:54:58.468","2026-08-19 09:12:48.300","vb3iPeLX4AZ","18372986","[PREMIUM]","[PREMIUM]","[PREMIUM]","108","Section 108","f",10,"[]","2026-09-12 00:00:00","electronic","exchange",7,"[PREMIUM]","1,2,3,4,5,6,7,8,9,10"
"w3JsedkRg4V","2026-08-11 23:54:58.468","2026-08-14 23:57:27.453","w3JsedkRg4V","18372986","[PREMIUM]","[PREMIUM]","[PREMIUM]","109","Section 109","h",2,"[]","2026-09-12 00:00:00","electronic","exchange",7,"[PREMIUM]","2"
"X03tKjmYNmV","2026-08-11 23:54:55.459","2026-08-20 11:23:07.408","X03tKjmYNmV","18285552","[PREMIUM]","[PREMIUM]","[PREMIUM]","204","Section 204","9",4,"[]","2026-09-11 00:00:00","electronic","exchange",2,"[PREMIUM]","1,2,3,4"
"oV7HbELOnXN","2026-08-11 23:54:55.459","2026-08-20 11:23:07.408","oV7HbELOnXN","18285552","[PREMIUM]","[PREMIUM]","[PREMIUM]","204","Section 204","9",4,"[]","2026-09-11 00:00:00","electronic","exchange",2,"[PREMIUM]","1,2,3,4"
"cl_rvdvY2ZI5gdVZVHJ4vk3RUrmq1Pxh8VEX6EsQBzKBGcm22r15HpAYLLRSrnhDQAPdJiqnRXEziVpneDEFjpywKms3wEj5ZIqjp2jrHZ1WnnlH5MRgEqujwmz","2026-08-11 23:54:52.959","2026-08-24 22:41:16.054","cl_rvdvY2ZI5gdVZVHJ4vk3RUrmq1Pxh8VEX6EsQBzKBGcm22r15HpAYLLRSrnhDQAPdJiqnRXEziVpneDEFjpywKms3wEj5ZIqjp2jrHZ1WnnlH5MRgEqujwmz","18421462","[PREMIUM]","[PREMIUM]","[PREMIUM]","Deposit","Deposit",,51,"[]",,"sg_app","open",7,"[PREMIUM]","1"
"3q7fNJmbdl6","2026-08-11 23:54:24.908","2026-08-14 23:50:24.469","3q7fNJmbdl6","18016677","[PREMIUM]","[PREMIUM]","[PREMIUM]","118","Section 118","l",6,"['3','4','5','6','7','8']","2026-08-14 00:00:00","sg_app","exchange",1,"[PREMIUM]","1,2,3,4,6"
"8lKt6Yq6zb9","2026-08-11 23:54:24.908","2026-08-16 22:18:57.628","8lKt6Yq6zb9","18016677","[PREMIUM]","[PREMIUM]","[PREMIUM]","313","Section 313","dd",7,"['7','8','9','10','11','12','13']","2026-08-14 00:00:00","sg_app","exchange",1,"[PREMIUM]","1,2,3,4,5,7"
"A6rs27zX4qK","2026-08-11 23:54:24.908","2026-08-21 22:21:47.936","A6rs27zX4qK","18016677","[PREMIUM]","[PREMIUM]","[PREMIUM]","309","Section 309","qq",5,"['7','8','9','10','11']","2026-08-14 00:00:00","sg_app","exchange",2,"[PREMIUM]","1,2,3,5"
"DdwHkOEvb6X","2026-08-11 23:54:24.908","2026-08-14 23:50:24.469","DdwHkOEvb6X","18016677","[PREMIUM]","[PREMIUM]","[PREMIUM]","338","Section 338","pp",9,"['15','16','17','18','19','20','21','22','23']","2026-08-14 00:00:00","sg_app","exchange",0,"[PREMIUM]","1,2,3,4,5,6,7,9"
"DdwHkOewvRl","2026-08-11 23:54:24.908","2026-08-24 22:39:25.496","DdwHkOewvRl","18016677","[PREMIUM]","[PREMIUM]","[PREMIUM]","324","Section 324","n",3,"['19','20','21']","2026-11-07 00:00:00","sg_app","exchange",0,"[PREMIUM]","1,2,3"
"GAaI62ebxMk","2026-08-11 23:54:24.908","2026-08-24 22:39:25.496","GAaI62ebxMk","18016677","[PREMIUM]","[PREMIUM]","[PREMIUM]","324","Section 324","m",2,"['19','20']","2026-11-07 00:00:00","sg_app","exchange",0,"[PREMIUM]","2"
"GAaI62eKRbr","2026-08-11 23:54:24.908","2026-08-24 22:39:25.496","GAaI62eKRbr","18016677","[PREMIUM]","[PREMIUM]","[PREMIUM]","121","Section 121","mm",3,"['5','6','7']","2026-08-14 00:00:00","sg_app","exchange",0,"[PREMIUM]","1,3"
"O7AhwrOlDJ3","2026-08-11 23:54:24.908","2026-08-20 22:33:43.406","O7AhwrOlDJ3","18016677","[PREMIUM]","[PREMIUM]","[PREMIUM]","312","Section 312","qq",10,"['3','4','5','6','7','8','9','10','11','12']","2026-08-14 00:00:00","sg_app","exchange",1,"[PREMIUM]","1,2,3,4,5,6,7,8,10"
"O7Ahwrb7J3V","2026-08-11 23:54:24.908","2026-08-24 22:39:25.496","O7Ahwrb7J3V","18016677","[PREMIUM]","[PREMIUM]","[PREMIUM]","324","Section 324","p",1,"['21']","2026-11-07 00:00:00","sg_app","exchange",0,"[PREMIUM]","1"
"V4KU0MdEkr6","2026-08-11 23:54:24.908","2026-08-24 22:39:25.496","V4KU0MdEkr6","18016677","[PREMIUM]","[PREMIUM]","[PREMIUM]","117","Section 117","ee",2,"['15','16']","2026-08-14 00:00:00","sg_app","exchange",0,"[PREMIUM]","2"
"YgJtk63mBMp","2026-08-11 23:54:24.908","2026-08-24 22:39:25.496","YgJtk63mBMp","18016677","[PREMIUM]","[PREMIUM]","[PREMIUM]","341","Section 341","aa",1,"['10']","2026-11-07 00:00:00","sg_app","exchange",0,"[PREMIUM]","1"
"Zm9hvw7EM5G","2026-08-11 23:54:24.908","2026-08-14 23:50:24.469","Zm9hvw7EM5G","18016677","[PREMIUM]","[PREMIUM]","[PREMIUM]","241","Section 241","x",6,"['4','5','6','7','8','9']","2026-08-11 00:00:00","sg_app","exchange",3,"[PREMIUM]","1,2,3,4,6"
"dNgUg6n30NJ","2026-08-11 23:54:24.908","2026-08-14 23:50:24.469","dNgUg6n30NJ","18016677","[PREMIUM]","[PREMIUM]","[PREMIUM]","336","Section 336","rr",9,"['13','14','15','16','17','18','19','20','21']","2026-08-14 00:00:00","sg_app","exchange",0,"[PREMIUM]","1,2,3,4,5,6,7,9"
"dNgUg6ovkLo","2026-08-11 23:54:24.908","2026-08-24 22:39:25.496","dNgUg6ovkLo","18016677","[PREMIUM]","[PREMIUM]","[PREMIUM]","341","Section 341","z",1,"['1']","2026-11-07 00:00:00","sg_app","exchange",0,"[PREMIUM]","1"
"nx0srMJ65ob","2026-08-11 23:54:24.908","2026-08-20 22:33:43.406","nx0srMJ65ob","18016677","[PREMIUM]","[PREMIUM]","[PREMIUM]","312","Section 312","pp",21,"['3','4','5','6','7','8','9','10','11','12','13','14','15','16','17','18','19','20','21','22','23']","2026-08-14 00:00:00","sg_app","exchange",0,"[PREMIUM]","1,2,3,4,5,6,7,8,9,10,11,12,13,14,15,16,17,18,19,21"
"oV7HbELeaKE","2026-08-11 23:54:24.908","2026-08-18 11:30:12.409","oV7HbELeaKE","18016677","[PREMIUM]","[PREMIUM]","[PREMIUM]","203","Section 203","e",2,"['1','2']","2026-08-14 00:00:00","sg_app","exchange",0,"[PREMIUM]","2"
"qVjH2Vxxb7M","2026-08-11 23:54:24.908","2026-08-24 22:39:25.496","qVjH2Vxxb7M","18016677","[PREMIUM]","[PREMIUM]","[PREMIUM]","119","Section 119","n",2,"['4','5']","2026-08-14 00:00:00","sg_app","exchange",0,"[PREMIUM]","2"
"vb3iPeOqkMP","2026-08-11 23:54:24.908","2026-08-11 23:54:24.908","vb3iPeOqkMP","18016677","[PREMIUM]","[PREMIUM]","[PREMIUM]","337","Section 337","pp",10,"['7','8','9','10','11','12','13','14','15','16']","2026-08-11 00:00:00","sg_app","exchange",0,"[PREMIUM]","1,2,3,4,5,6,7,8,10"
"xzq16gn","2026-08-11 23:54:24.908","2026-08-14 23:50:24.469","xzq16gn","18016677","[PREMIUM]","[PREMIUM]","[PREMIUM]","334","Section 334","dd",2,"['17','18']",,"sg_app","marketplace",0,"[PREMIUM]","2"
"2v0cz3Vn85Z","2026-08-11 23:53:30.163","2026-08-19 09:10:52.622","2v0cz3Vn85Z","18372984","[PREMIUM]","[PREMIUM]","[PREMIUM]","106","Section 106","b",2,"[]","2026-09-11 00:00:00","electronic","exchange",7,"[PREMIUM]","2"
"4vXcj9N2zqg","2026-08-11 23:53:30.163","2026-08-16 22:20:32.730","4vXcj9N2zqg","18372984","[PREMIUM]","[PREMIUM]","[PREMIUM]","109","Section 109","b",2,"[]","2026-09-11 00:00:00","electronic","exchange",7,"[PREMIUM]","2"
"5EjuZ6DEvbJ","2026-08-11 23:53:30.163","2026-08-19 09:10:52.622","5EjuZ6DEvbJ","18372984","[PREMIUM]","[PREMIUM]","[PREMIUM]","110","Section 110","c",5,"[]","2026-09-11 00:00:00","electronic","exchange",7,"[PREMIUM]","1,2,3,5"
"5EjuZ6DEv5J","2026-08-11 23:53:30.163","2026-08-19 09:10:52.622","5EjuZ6DEv5J","18372984","[PREMIUM]","[PREMIUM]","[PREMIUM]","110","Section 110","j",10,"[]","2026-09-11 00:00:00","electronic","exchange",7,"[PREMIUM]","1,2,3,4,5,6,7,8,9,10"
"6mOhkAGnenx","2026-08-11 23:53:30.163","2026-08-19 09:10:52.622","6mOhkAGnenx","18372984","[PREMIUM]","[PREMIUM]","[PREMIUM]","105","Section 105","e",10,"[]","2026-09-11 00:00:00","electronic","exchange",7,"[PREMIUM]","1,2,3,4,5,6,7,8,9,10"
"7KntAlBaVa7","2026-08-11 23:53:30.163","2026-08-15 22:29:47.436","7KntAlBaVa7","18372984","[PREMIUM]","[PREMIUM]","[PREMIUM]","101","Section 101","g",10,"[]","2026-09-11 00:00:00","electronic","exchange",7,"[PREMIUM]","1,2,3,4,5,6,7,8,9,10"
"7KntAlBaVND","2026-08-11 23:53:30.163","2026-08-19 09:10:52.622","7KntAlBaVND","18372984","[PREMIUM]","[PREMIUM]","[PREMIUM]","110","Section 110","e",2,"[]","2026-09-11 00:00:00","electronic","exchange",7,"[PREMIUM]","2"
"8lKt6Yq9AZ5","2026-08-11 23:53:30.163","2026-08-19 09:10:52.622","8lKt6Yq9AZ5","18372984","[PREMIUM]","[PREMIUM]","[PREMIUM]","105","Section 105","c",10,"[]","2026-09-11 00:00:00","electronic","exchange",7,"[PREMIUM]","1,2,3,4,5,6,7,8,9,10"
"A6rs27z9Mq3","2026-08-11 23:53:30.163","2026-08-18 11:49:13.560","A6rs27z9Mq3","18372984","[PREMIUM]","[PREMIUM]","[PREMIUM]","114","Section 114","f",10,"[]","2026-09-11 00:00:00","electronic","exchange",7,"[PREMIUM]","1,2,3,4,5,6,7,8,9,10"
"A6rs27z9MLN","2026-08-11 23:53:30.163","2026-08-19 09:10:52.622","A6rs27z9MLN","18372984","[PREMIUM]","[PREMIUM]","[PREMIUM]","103","Section 103","b",7,"[]","2026-09-11 00:00:00","electronic","exchange",7,"[PREMIUM]","1,2,3,4,5,7"
"BALImXk8ANX","2026-08-11 23:53:30.163","2026-08-19 09:10:52.622","BALImXk8ANX","18372984","[PREMIUM]","[PREMIUM]","[PREMIUM]","108","Section 108","d",10,"[]","2026-09-11 00:00:00","electronic","exchange",7,"[PREMIUM]","1,2,3,4,5,6,7,8,9,10"
"BALImXk8A4g","2026-08-11 23:53:30.163","2026-08-16 22:20:32.730","BALImXk8A4g","18372984","[PREMIUM]","[PREMIUM]","[PREMIUM]","102","Section 102","g",10,"[]","2026-09-11 00:00:00","electronic","exchange",7,"[PREMIUM]","1,2,3,4,5,6,7,8,9,10"
"EroUXnNGam4","2026-08-11 23:53:30.163","2026-08-16 22:20:32.730","EroUXnNGam4","18372984","[PREMIUM]","[PREMIUM]","[PREMIUM]","103","Section 103","a",6,"[]","2026-09-11 00:00:00","electronic","exchange",7,"[PREMIUM]","1,2,3,4,6"
"GAaI62ekM4w","2026-08-11 23:53:30.163","2026-08-19 09:10:52.622","GAaI62ekM4w","18372984","[PREMIUM]","[PREMIUM]","[PREMIUM]","109","Section 109","c",2,"[]","2026-09-11 00:00:00","electronic","exchange",7,"[PREMIUM]","2"
"JABI39md0Mp","2026-08-11 23:53:30.163","2026-08-12 23:14:29.354","JABI39md0Mp","18372984","[PREMIUM]","[PREMIUM]","[PREMIUM]","113","Section 113","d",9,"[]","2026-09-11 00:00:00","electronic","exchange",7,"[PREMIUM]","1,2,3,4,5,6,7,8,9"
"Kezcz6adE8p","2026-08-11 23:53:30.163","2026-08-19 09:10:52.622","Kezcz6adE8p","18372984","[PREMIUM]","[PREMIUM]","[PREMIUM]","110","Section 110","d",2,"[]","2026-09-11 00:00:00","electronic","exchange",7,"[PREMIUM]","2"
"MAeIPlnVrwE","2026-08-11 23:53:30.163","2026-08-19 09:10:52.622","MAeIPlnVrwE","18372984","[PREMIUM]","[PREMIUM]","[PREMIUM]","101","Section 101","h",10,"[]","2026-09-11 00:00:00","electronic","exchange",7,"[PREMIUM]","1,2,3,4,5,6,7,8,9,10"
"NrqUv40Ldne","2026-08-11 23:53:30.163","2026-08-19 09:10:52.622","NrqUv40Ldne","18372984","[PREMIUM]","[PREMIUM]","[PREMIUM]","109","Section 109","e",2,"[]","2026-09-11 00:00:00","electronic","exchange",7,"[PREMIUM]","2"
"NrqUv40Ldle","2026-08-11 23:53:30.163","2026-08-19 09:10:52.622","NrqUv40Ldle","18372984","[PREMIUM]","[PREMIUM]","[PREMIUM]","108","Section 108","h",10,"[]","2026-09-11 00:00:00","electronic","exchange",7,"[PREMIUM]","1,2,3,4,5,6,7,8,9,10"
"O7Ahwrb2Vdk","2026-08-11 23:53:30.163","2026-08-19 09:10:52.622","O7Ahwrb2Vdk","18372984","[PREMIUM]","[PREMIUM]","[PREMIUM]","102","Section 102","j",10,"[]","2026-09-11 00:00:00","electronic","exchange",7,"[PREMIUM]","1,2,3,4,5,6,7,8,9,10"
"O7Ahwrb2V25","2026-08-11 23:53:30.163","2026-08-18 11:49:13.560","O7Ahwrb2V25","18372984","[PREMIUM]","[PREMIUM]","[PREMIUM]","104","Section 104","m",10,"[]","2026-09-11 00:00:00","electronic","exchange",7,"[PREMIUM]","1,2,3,4,5,6,7,8,9,10"
"X03tKjX5N5P","2026-08-11 23:53:30.163","2026-08-19 09:10:52.622","X03tKjX5N5P","18372984","[PREMIUM]","[PREMIUM]","[PREMIUM]","101","Section 101","j",10,"[]","2026-09-11 00:00:00","electronic","exchange",7,"[PREMIUM]","1,2,3,4,5,6,7,8,9,10"
"X03tKjX5NVd","2026-08-11 23:53:30.163","2026-08-19 09:10:52.622","X03tKjX5NVd","18372984","[PREMIUM]","[PREMIUM]","[PREMIUM]","103","Section 103","c",9,"[]","2026-09-11 00:00:00","electronic","exchange",7,"[PREMIUM]","1,2,3,4,5,6,7,8,9"
"YgJtk63jKB7","2026-08-11 23:53:30.163","2026-08-19 09:10:52.622","YgJtk63jKB7","18372984","[PREMIUM]","[PREMIUM]","[PREMIUM]","103","Section 103","m",10,"[]","2026-09-11 00:00:00","electronic","exchange",7,"[PREMIUM]","1,2,3,4,5,6,7,8,9,10"
"Zm9hvwLOPjK","2026-08-11 23:53:30.163","2026-08-19 09:10:52.622","Zm9hvwLOPjK","18372984","[PREMIUM]","[PREMIUM]","[PREMIUM]","102","Section 102","h",10,"[]","2026-09-11 00:00:00","electronic","exchange",7,"[PREMIUM]","1,2,3,4,5,6,7,8,9,10"
"Zm9hvwLOP2M","2026-08-11 23:53:30.163","2026-08-19 09:10:52.622","Zm9hvwLOP2M","18372984","[PREMIUM]","[PREMIUM]","[PREMIUM]","109","Section 109","d",2,"[]","2026-09-11 00:00:00","electronic","exchange",7,"[PREMIUM]","2"
"agktlDvq74q","2026-08-11 23:53:30.163","2026-08-19 09:10:52.622","agktlDvq74q","18372984","[PREMIUM]","[PREMIUM]","[PREMIUM]","104","Section 104","b",7,"[]","2026-09-11 00:00:00","electronic","exchange",7,"[PREMIUM]","1,2,3,4,5,7"
"b4wUaGVEvNb","2026-08-11 23:53:30.163","2026-08-19 09:10:52.622","b4wUaGVEvNb","18372984","[PREMIUM]","[PREMIUM]","[PREMIUM]","107","Section 107","c",10,"[]","2026-09-11 00:00:00","electronic","exchange",7,"[PREMIUM]","1,2,3,4,5,6,7,8,9,10"
"b4wUaGVEvDb","2026-08-11 23:53:30.163","2026-08-19 09:10:52.622","b4wUaGVEvDb","18372984","[PREMIUM]","[PREMIUM]","[PREMIUM]","106","Section 106","h",10,"[]","2026-09-11 00:00:00","electronic","exchange",7,"[PREMIUM]","1,2,3,4,5,6,7,8,9,10"
"dNgUg6n4NJN","2026-08-11 23:53:30.163","2026-08-19 09:10:52.622","dNgUg6n4NJN","18372984","[PREMIUM]","[PREMIUM]","[PREMIUM]","106","Section 106","c",5,"[]","2026-09-11 00:00:00","electronic","exchange",7,"[PREMIUM]","1,2,3,5"
"dNgUg6n4NkN","2026-08-11 23:53:30.163","2026-08-19 09:10:52.622","dNgUg6n4NkN","18372984","[PREMIUM]","[PREMIUM]","[PREMIUM]","105","Section 105","d",10,"[]","2026-09-11 00:00:00","electronic","exchange",7,"[PREMIUM]","1,2,3,4,5,6,7,8,9,10"
"eeacK2orXp3","2026-08-11 23:53:30.163","2026-08-19 09:10:52.622","eeacK2orXp3","18372984","[PREMIUM]","[PREMIUM]","[PREMIUM]","114","Section 114","d",8,"[]","2026-09-11 00:00:00","electronic","exchange",7,"[PREMIUM]","1,2,3,4,5,6,8"
"eeacK2orXwG","2026-08-11 23:53:30.163","2026-08-19 09:10:52.622","eeacK2orXwG","18372984","[PREMIUM]","[PREMIUM]","[PREMIUM]","105","Section 105","b",10,"[]","2026-09-11 00:00:00","electronic","exchange",7,"[PREMIUM]","1,2,3,4,5,6,7,8,9,10"
"jDvsz7O2bg6","2026-08-11 23:53:30.163","2026-08-19 09:10:52.622","jDvsz7O2bg6","18372984","[PREMIUM]","[PREMIUM]","[PREMIUM]","113","Section 113","e",8,"[]","2026-09-11 00:00:00","electronic","exchange",7,"[PREMIUM]","1,2,3,4,5,6,8"
"mxAs4Y2OGvl","2026-08-11 23:53:30.163","2026-08-19 09:10:52.622","mxAs4Y2OGvl","18372984","[PREMIUM]","[PREMIUM]","[PREMIUM]","106","Section 106","d",2,"[]","2026-09-11 00:00:00","electronic","exchange",7,"[PREMIUM]","2"
"mxAs4Y2OGq0","2026-08-11 23:53:30.163","2026-08-19 09:10:52.622","mxAs4Y2OGq0","18372984","[PREMIUM]","[PREMIUM]","[PREMIUM]","114","Section 114","e",8,"[]","2026-09-11 00:00:00","electronic","exchange",7,"[PREMIUM]","1,2,3,4,5,6,8"
"nx0srM3xp7r","2026-08-11 23:53:30.163","2026-08-19 09:10:52.622","nx0srM3xp7r","18372984","[PREMIUM]","[PREMIUM]","[PREMIUM]","114","Section 114","g",10,"[]","2026-09-11 00:00:00","electronic","exchange",7,"[PREMIUM]","1,2,3,4,5,6,7,8,9,10"
"oV7HbEJROXd","2026-08-11 23:53:30.163","2026-08-19 09:10:52.622","oV7HbEJROXd","18372984","[PREMIUM]","[PREMIUM]","[PREMIUM]","113","Section 113","f",10,"[]","2026-09-11 00:00:00","electronic","exchange",7,"[PREMIUM]","1,2,3,4,5,6,7,8,9,10"
"pVXHDEqRZgb","2026-08-11 23:53:30.163","2026-08-19 09:10:52.622","pVXHDEqRZgb","18372984","[PREMIUM]","[PREMIUM]","[PREMIUM]","104","Section 104","c",9,"[]","2026-09-11 00:00:00","electronic","exchange",7,"[PREMIUM]","1,2,3,4,5,6,7,8,9"
"qVjH2V6Xzn0","2026-08-11 23:53:30.163","2026-08-19 09:10:52.622","qVjH2V6Xzn0","18372984","[PREMIUM]","[PREMIUM]","[PREMIUM]","113","Section 113","g",10,"[]","2026-09-11 00:00:00","electronic","exchange",7,"[PREMIUM]","1,2,3,4,5,6,7,8,9,10"
"vb3iPeLX9Jg","2026-08-11 23:53:30.163","2026-08-19 09:10:52.622","vb3iPeLX9Jg","18372984","[PREMIUM]","[PREMIUM]","[PREMIUM]","102","Section 102","i",10,"[]","2026-09-11 00:00:00","electronic","exchange",7,"[PREMIUM]","1,2,3,4,5,6,7,8,9,10"
"xb9imBw0Abw","2026-08-11 23:53:30.163","2026-08-19 09:10:52.622","xb9imBw0Abw","18372984","[PREMIUM]","[PREMIUM]","[PREMIUM]","108","Section 108","i",10,"[]","2026-09-11 00:00:00","electronic","exchange",7,"[PREMIUM]","1,2,3,4,5,6,7,8,9,10"
"z3Es6qgjYPw","2026-08-11 23:53:30.163","2026-08-19 09:10:52.622","z3Es6qgjYPw","18372984","[PREMIUM]","[PREMIUM]","[PREMIUM]","101","Section 101","i",10,"[]","2026-09-11 00:00:00","electronic","exchange",7,"[PREMIUM]","1,2,3,4,5,6,7,8,9,10"
"2k8penp","2026-08-11 23:53:16.749","2026-08-24 22:41:01.151","2k8penp","18165421","[PREMIUM]","[PREMIUM]","[PREMIUM]","123","Section 123","29",2,"['11','12']",,"electronic","open_marketplace",1,"[PREMIUM]","2"
"2v0cz3VaRZ4","2026-08-11 23:53:16.749","2026-08-22 22:31:34.648","2v0cz3VaRZ4","18165421","[PREMIUM]","[PREMIUM]","[PREMIUM]","511","Section 511","21",4,"['11','12','13','14']","2027-01-09 00:00:00","electronic","exchange",1,"[PREMIUM]","1,2,4"
"3q7fNJAvGNP","2026-08-11 23:53:16.749","2026-08-18 11:43:03.778","3q7fNJAvGNP","18165421","[PREMIUM]","[PREMIUM]","[PREMIUM]","100","Section 100","31",4,"['20','21','22','23']","2026-08-11 00:00:00","electronic","exchange",2,"[PREMIUM]","1,2,3,4"
"3q7fNJmlmLZ","2026-08-11 23:53:16.749","2026-08-24 22:41:01.151","3q7fNJmlmLZ","18165421","[PREMIUM]","[PREMIUM]","[PREMIUM]","523","Section 523","32",4,"['16','17','18','19']","2027-01-09 00:00:00","electronic","exchange",0,"[PREMIUM]","1,2,4"
"4vXcj9N4P28","2026-08-11 23:53:16.749","2026-08-11 23:53:16.749","4vXcj9N4P28","18165421","[PREMIUM]","[PREMIUM]","[PREMIUM]","504","Section 504","29",2,"['12','13']","2027-01-09 00:00:00","electronic","exchange",1,"[PREMIUM]","2"
"41r82zq","2026-08-11 23:53:16.749","2026-08-24 22:41:01.151","41r82zq","18165421","[PREMIUM]","[PREMIUM]","[PREMIUM]","144","Section 144","40",3,"['13','14','15']",,"electronic","open_marketplace",1,"[PREMIUM]","1,3"
"41r9d1w","2026-08-11 23:53:16.749","2026-08-24 22:41:01.151","41r9d1w","18165421","[PREMIUM]","[PREMIUM]","[PREMIUM]","126","Section 126","32",2,"['3','4']",,"electronic","open_marketplace",1,"[PREMIUM]","2"
"3q7fNd04DoD","2026-08-11 23:53:16.749","2026-08-24 22:41:01.151","3q7fNd04DoD","18165421","[PREMIUM]","[PREMIUM]","[PREMIUM]","130","Section 130","10",4,"['19','20','21','22']","2027-01-09 00:00:00","electronic","exchange",0,"[PREMIUM]","2,4"
"4vXcj9rmgr6","2026-08-11 23:53:16.749","2026-08-14 23:56:42.803","4vXcj9rmgr6","18165421","[PREMIUM]","[PREMIUM]","[PREMIUM]","550","Section 550","25",2,"['14','15']","2027-01-09 00:00:00","electronic","exchange",1,"[PREMIUM]","2"
"5EjuZngezdX","2026-08-11 23:53:16.749","2026-08-24 22:41:01.151","5EjuZngezdX","18165421","[PREMIUM]","[PREMIUM]","[PREMIUM]","542","Section 542","5",3,"['6','7','8']","2027-01-09 00:00:00","electronic","exchange",1,"[PREMIUM]","3"
"5EjuZngoYgv","2026-08-11 23:53:16.749","2026-08-24 22:41:01.151","5EjuZngoYgv","18165421","[PREMIUM]","[PREMIUM]","[PREMIUM]","152","Section 152","7",2,"['5','6']","2027-01-08 00:00:00","electronic","exchange",0,"[PREMIUM]","2"
"6mOhkAGYO9D","2026-08-11 23:53:16.749","2026-08-21 22:23:22.267","6mOhkAGYO9D","18165421","[PREMIUM]","[PREMIUM]","[PREMIUM]","502","Section 502","22",2,"['15','16']","2027-01-09 00:00:00","electronic","exchange",1,"[PREMIUM]","2"
"6ge4dne","2026-08-11 23:53:16.749","2026-08-24 22:41:01.151","6ge4dne","18165421","[PREMIUM]","[PREMIUM]","[PREMIUM]","118","Section 118","33",2,"['11','12']",,"electronic","open_marketplace",0,"[PREMIUM]","2"
"6mOhkAMR3MK","2026-08-11 23:53:16.749","2026-08-24 22:41:01.151","6mOhkAMR3MK","18165421","[PREMIUM]","[PREMIUM]","[PREMIUM]","539","Section 539","25",8,"['16','17','18','19','20','21','22','23']","2027-01-09 00:00:00","electronic","exchange",1,"[PREMIUM]","1,2,3,4,5,6,8"
"7KntAlBeLYz","2026-08-11 23:53:16.749","2026-08-18 11:43:03.778","7KntAlBeLYz","18165421","[PREMIUM]","[PREMIUM]","[PREMIUM]","114","Section 114","1",6,"['5','6','7','8','9','10']","2026-08-11 00:00:00","electronic","exchange",1,"[PREMIUM]","1,2,3,4,5,6"
"7x7911p","2026-08-11 23:53:16.749","2026-08-24 22:41:01.151","7x7911p","18165421","[PREMIUM]","[PREMIUM]","[PREMIUM]","101","Section 101","7",2,"['5','6']",,"electronic","open_marketplace",0,"[PREMIUM]","2"
"7KntAq762Zl","2026-08-11 23:53:16.749","2026-08-24 22:41:01.151","7KntAq762Zl","18165421","[PREMIUM]","[PREMIUM]","[PREMIUM]","515","Section 515","8",6,"['1','2','3','4','5','6']","2027-01-09 00:00:00","electronic","exchange",2,"[PREMIUM]","1,2,3,4,6"
"86xpgye","2026-08-11 23:53:16.749","2026-08-24 22:41:01.151","86xpgye","18165421","[PREMIUM]","[PREMIUM]","[PREMIUM]","128","Section 128","30",2,"['9','10']",,"electronic","open_marketplace",0,"[PREMIUM]","2"
"8lKt6YJxqGR","2026-08-11 23:53:16.749","2026-08-19 09:05:01.248","8lKt6YJxqGR","18165421","[PREMIUM]","[PREMIUM]","[PREMIUM]","511","Section 511","26",2,"['7','8']","2027-01-09 00:00:00","electronic","exchange",1,"[PREMIUM]","2"
"8lKt6YqmZG2","2026-08-11 23:53:16.749","2026-08-24 22:41:01.151","8lKt6YqmZG2","18165421","[PREMIUM]","[PREMIUM]","[PREMIUM]","550","Section 550","24",2,"['18','19']","2027-01-09 00:00:00","electronic","exchange",0,"[PREMIUM]","2"
"9P2c5qXeXMP","2026-08-11 23:53:16.749","2026-08-24 22:41:01.151","9P2c5qXeXMP","18165421","[PREMIUM]","[PREMIUM]","[PREMIUM]","553","Section 553","26",3,"['23','24','25']","2027-01-09 00:00:00","electronic","exchange",0,"[PREMIUM]","1,3"
"9P2c5lrdDzM","2026-08-11 23:53:16.749","2026-08-24 22:41:01.151","9P2c5lrdDzM","18165421","[PREMIUM]","[PREMIUM]","[PREMIUM]","125","Section 125","7",6,"['9','10','11','12','13','14']","2027-01-09 00:00:00","electronic","exchange",0,"[PREMIUM]","2,4,6"
"9d27dod","2026-08-11 23:53:16.749","2026-08-24 22:41:01.151","9d27dod","18165421","[PREMIUM]","[PREMIUM]","[PREMIUM]","530","Section 530","27",2,"['11','12']",,"electronic","open_marketplace",0,"[PREMIUM]","2"
"9dz64kw","2026-08-11 23:53:16.749","2026-08-24 22:41:01.151","9dz64kw","18165421","[PREMIUM]","[PREMIUM]","[PREMIUM]","228","Section 228","10",2,"['9','10']",,"electronic","open_marketplace",0,"[PREMIUM]","2"
"BALImP2JR9k","2026-08-11 23:53:16.749","2026-08-24 22:41:01.151","BALImP2JR9k","18165421","[PREMIUM]","[PREMIUM]","[PREMIUM]","103","Section 103","1",2,"['1','2']","2027-01-09 00:00:00","electronic","exchange",0,"[PREMIUM]","2"
"BALImX57nKM","2026-08-11 23:53:16.749","2026-08-24 22:41:01.151","BALImX57nKM","18165421","[PREMIUM]","[PREMIUM]","[PREMIUM]","530","Section 530","28",4,"['7','8','9','10']","2027-01-09 00:00:00","electronic","exchange",0,"[PREMIUM]","1,2,4"
"DdwHkOeDw7V","2026-08-11 23:53:16.749","2026-08-19 09:05:01.248","DdwHkOeDw7V","18165421","[PREMIUM]","[PREMIUM]","[PREMIUM]","530","Section 530","21",2,"['1','2']","2027-01-09 00:00:00","electronic","exchange",0,"[PREMIUM]","2"
"EroUXnN3mrX","2026-08-11 23:53:16.749","2026-08-15 22:27:42.828","EroUXnN3mrX","18165421","[PREMIUM]","[PREMIUM]","[PREMIUM]","523","Section 523","21",6,"['6','7','8','9','10','11']","2027-01-09 00:00:00","electronic","exchange",1,"[PREMIUM]","1,2,3,4,6"
"GAaI683dYMb","2026-08-11 23:53:16.749","2026-08-24 22:41:01.151","GAaI683dYMb","18165421","[PREMIUM]","[PREMIUM]","[PREMIUM]","144","Section 144","41",6,"['18','19','20','21','22','23']","2027-03-01 00:00:00","electronic","exchange",1,"[PREMIUM]","1,2,3,4,5,6"
"JABI39mvMan","2026-08-11 23:53:16.749","2026-08-15 22:27:42.828","JABI39mvMan","18165421","[PREMIUM]","[PREMIUM]","[PREMIUM]","551","Section 551","32",8,"['11','12','13','14','15','16','17','18']","2027-01-09 00:00:00","electronic","exchange",0,"[PREMIUM]","1,2,3,4,5,6,8"
"JABI39x6xEq","2026-08-11 23:53:16.749","2026-08-24 22:41:01.151","JABI39x6xEq","18165421","[PREMIUM]","[PREMIUM]","[PREMIUM]","502","Section 502","28",2,"['5','6']","2027-01-09 00:00:00","electronic","exchange",0,"[PREMIUM]","2"
"JABI3z2RjY9","2026-08-11 23:53:16.749","2026-08-24 22:41:01.151","JABI3z2RjY9","18165421","[PREMIUM]","[PREMIUM]","[PREMIUM]","107","Section 107","1",2,"['15','16']","2027-01-09 00:00:00","electronic","exchange",0,"[PREMIUM]","2"
"LbviL7PA2Mk","2026-08-11 23:53:16.749","2026-08-24 22:41:01.151","LbviL7PA2Mk","18165421","[PREMIUM]","[PREMIUM]","[PREMIUM]","109","Section 109","36",2,"['5','6']","2027-03-03 00:00:00","electronic","exchange",0,"[PREMIUM]","2"
"LbviLEVXOXB","2026-08-11 23:53:16.749","2026-08-18 11:43:03.778","LbviLEVXOXB","18165421","[PREMIUM]","[PREMIUM]","[PREMIUM]","140","Section 140","30",3,"['3','4','5']","2026-08-11 00:00:00","electronic","exchange",1,"[PREMIUM]","1,3"
"LbviLEVX3PJ","2026-08-11 23:53:16.749","2026-08-18 11:43:03.778","LbviLEVX3PJ","18165421","[PREMIUM]","[PREMIUM]","[PREMIUM]","115","Section 115","26",6,"['1','2','3','4','5','6']","2026-08-11 00:00:00","electronic","exchange",1,"[PREMIUM]","1,2,3,4,5,6"
"LbviLEVXOLE","2026-08-11 23:53:16.749","2026-08-18 11:43:03.778","LbviLEVXOLE","18165421","[PREMIUM]","[PREMIUM]","[PREMIUM]","527","Section 527","21",2,"['20','21']","2026-08-11 00:00:00","electronic","exchange",0,"[PREMIUM]","2"
"MAeIPlrX54O","2026-08-11 23:53:16.749","2026-08-19 09:05:01.248","MAeIPlrX54O","18165421","[PREMIUM]","[PREMIUM]","[PREMIUM]","515","Section 515","20",8,"['14','15','16','17','18','19','20','21']","2027-01-09 00:00:00","electronic","exchange",0,"[PREMIUM]","1,2,3,4,5,6,8"
"MAeIPq5xKN0","2026-08-11 23:53:16.749","2026-08-24 22:41:01.151","MAeIPq5xKN0","18165421","[PREMIUM]","[PREMIUM]","[PREMIUM]","109","Section 109","9",4,"['14','15','16','17']","2027-01-09 00:00:00","electronic","exchange",1,"[PREMIUM]","2,4"
"MAeIPK8kalR","2026-08-11 23:53:16.749","2026-08-24 22:41:01.151","MAeIPK8kalR","18165421","[PREMIUM]","[PREMIUM]","[PREMIUM]","102","Section 102","2",2,"['5','6']","2027-01-08 00:00:00","electronic","exchange",0,"[PREMIUM]","2"
"O7Ahwrbmd6l","2026-08-11 23:53:16.749","2026-08-11 23:53:16.749","O7Ahwrbmd6l","18165421","[PREMIUM]","[PREMIUM]","[PREMIUM]","525","Section 525","24",4,"['20','21','22','23']","2027-01-09 00:00:00","electronic","exchange",1,"[PREMIUM]","1,2,4"
"PX0sgL4XE95","2026-08-11 23:53:16.749","2026-08-18 11:43:03.778","PX0sgL4XE95","18165421","[PREMIUM]","[PREMIUM]","[PREMIUM]","115","Section 115","36",6,"['11','12','13','14','15','16']","2026-08-11 00:00:00","electronic","exchange",1,"[PREMIUM]","1,2,3,4,5,6"
"PX0sgmJnZP9","2026-08-11 23:53:16.749","2026-08-24 22:41:01.151","PX0sgmJnZP9","18165421","[PREMIUM]","[PREMIUM]","[PREMIUM]","126","Section 126","1",2,"['13','14']","2027-01-09 00:00:00","electronic","exchange",0,"[PREMIUM]","2"
"V4KU0MdD4Yv","2026-08-11 23:53:16.749","2026-08-15 22:27:42.828","V4KU0MdD4Yv","18165421","[PREMIUM]","[PREMIUM]","[PREMIUM]","522","Section 522","17",3,"['15','16','17']","2027-01-09 00:00:00","electronic","exchange",2,"[PREMIUM]","1,3"
"X03tKjXeVgX","2026-08-11 23:53:16.749","2026-08-24 22:41:01.151","X03tKjXeVgX","18165421","[PREMIUM]","[PREMIUM]","[PREMIUM]","530","Section 530","24",6,"['18','19','20','21','22','23']","2027-01-09 00:00:00","electronic","exchange",1,"[PREMIUM]","1,2,3,4,6"
"Zm9hvNKxoYa","2026-08-11 23:53:16.749","2026-08-24 22:41:01.151","Zm9hvNKxoYa","18165421","[PREMIUM]","[PREMIUM]","[PREMIUM]","547","Section 547","4",2,"['4','5']","2027-01-09 00:00:00","electronic","exchange",0,"[PREMIUM]","2"
"agktl06rpB0","2026-08-11 23:53:16.749","2026-08-24 22:41:01.151","agktl06rpB0","18165421","[PREMIUM]","[PREMIUM]","[PREMIUM]","136","Section 136","37",6,"['5','6','7','8','9','10']","2027-01-09 00:00:00","electronic","exchange",1,"[PREMIUM]","1,2,3,4,6"
"agktlDvEAak","2026-08-11 23:53:16.749","2026-08-18 11:43:03.778","agktlDvEAak","18165421","[PREMIUM]","[PREMIUM]","[PREMIUM]","146","Section 146","37",4,"['12','13','14','15']","2026-08-11 00:00:00","electronic","exchange",1,"[PREMIUM]","1,2,3,4"
"b4wUa4BXgYj","2026-08-11 23:53:16.749","2026-08-24 22:41:01.151","b4wUa4BXgYj","18165421","[PREMIUM]","[PREMIUM]","[PREMIUM]","524","Section 524","13",4,"['17','18','19','20']","2027-01-09 00:00:00","electronic","exchange",0,"[PREMIUM]","2,4"
"dNgUg6nZGLg","2026-08-11 23:53:16.749","2026-08-18 11:43:03.778","dNgUg6nZGLg","18165421","[PREMIUM]","[PREMIUM]","[PREMIUM]","125","Section 125","35",6,"['21','22','23','24','25','26']","2026-08-11 00:00:00","electronic","exchange",4,"[PREMIUM]","1,2,3,4,5,6"
"eeacK2o5P4L","2026-08-11 23:53:16.749","2026-08-18 11:43:03.778","eeacK2o5P4L","18165421","[PREMIUM]","[PREMIUM]","[PREMIUM]","148","Section 148","2",3,"['6','7','8']","2026-08-11 00:00:00","electronic","exchange",1,"[PREMIUM]","1,3"
"g47qp2y","2026-08-11 23:53:16.749","2026-08-13 22:37:15.303","g47qp2y","18165421","[PREMIUM]","[PREMIUM]","[PREMIUM]","247","Section 247","13",2,"['16','17']",,"electronic","open_marketplace",0,"[PREMIUM]","2"
"g48Uro7dJ8P","2026-08-11 23:53:16.749","2026-08-11 23:53:16.749","g48Uro7dJ8P","18165421","[PREMIUM]","[PREMIUM]","[PREMIUM]","529","Section 529","32",6,"['1','2','3','4','5','6']","2027-01-09 00:00:00","electronic","exchange",0,"[PREMIUM]","1,2,3,4,6"
"g48Urj3Jpe8","2026-08-11 23:53:16.749","2026-08-24 22:41:01.151","g48Urj3Jpe8","18165421","[PREMIUM]","[PREMIUM]","[PREMIUM]","518","Section 518","21",4,"['8','9','10','11']","2027-01-09 00:00:00","electronic","exchange",0,"[PREMIUM]","1,2,4"
"jDvsz7OE5eq","2026-08-11 23:53:16.749","2026-08-18 11:43:03.778","jDvsz7OE5eq","18165421","[PREMIUM]","[PREMIUM]","[PREMIUM]","153","Section 153","1",2,"['15','16']","2026-08-11 00:00:00","electronic","exchange",2,"[PREMIUM]","2"
"kYet94NLv77","2026-08-11 23:53:16.749","2026-08-18 11:43:03.778","kYet94NLv77","18165421","[PREMIUM]","[PREMIUM]","[PREMIUM]","151","Section 151","21",3,"['5','6','7']","2026-08-11 00:00:00","electronic","exchange",2,"[PREMIUM]","1,3"
"kYet94NLwLK","2026-08-11 23:53:16.749","2026-08-18 11:43:03.778","kYet94NLwLK","18165421","[PREMIUM]","[PREMIUM]","[PREMIUM]","125","Section 125","33",3,"['9','10','11']","2026-08-11 00:00:00","electronic","exchange",2,"[PREMIUM]","1,3"
"kYet94Nbp8K","2026-08-11 23:53:16.749","2026-08-12 23:23:38.329","kYet94Nbp8K","18165421","[PREMIUM]","[PREMIUM]","[PREMIUM]","539","Section 539","26",2,"['3','4']","2027-01-09 00:00:00","electronic","exchange",1,"[PREMIUM]","2"
"kYet94NlJEV","2026-08-11 23:53:16.749","2026-08-20 22:36:03.238","kYet94NlJEV","18165421","[PREMIUM]","[PREMIUM]","[PREMIUM]","539","Section 539","25",3,"['1','2','3']","2027-01-09 00:00:00","electronic","exchange",0,"[PREMIUM]","1,3"
"kYet94evDek","2026-08-11 23:53:16.749","2026-08-18 11:43:03.778","kYet94evDek","18165421","[PREMIUM]","[PREMIUM]","[PREMIUM]","522","Section 522","25",2,"['21','22']","2027-01-09 00:00:00","electronic","exchange",0,"[PREMIUM]","2"
"kYet9GXABK8","2026-08-11 23:53:16.749","2026-08-24 22:41:01.151","kYet9GXABK8","18165421","[PREMIUM]","[PREMIUM]","[PREMIUM]","114","Section 114","5",4,"['11','12','13','14']","2027-03-03 00:00:00","electronic","exchange",0,"[PREMIUM]","2,4"
"kpjo8me","2026-08-11 23:53:16.749","2026-08-24 22:41:01.151","kpjo8me","18165421","[PREMIUM]","[PREMIUM]","[PREMIUM]","117","Section 117","4",3,"['6','7','8']",,"electronic","open_marketplace",3,"[PREMIUM]","1,3"
"kpjqrp8","2026-08-11 23:53:16.749","2026-08-24 22:41:01.151","kpjqrp8","18165421","[PREMIUM]","[PREMIUM]","[PREMIUM]","152","Section 152","6",2,"['19','20']",,"electronic","open_marketplace",0,"[PREMIUM]","2"
"lxVsdLKM968","2026-08-11 23:53:16.749","2026-08-13 22:37:15.303","lxVsdLKM968","18165421","[PREMIUM]","[PREMIUM]","[PREMIUM]","539","Section 539","26",6,"['5','6','7','8','9','10']","2027-01-09 00:00:00","electronic","exchange",0,"[PREMIUM]","1,2,3,4,6"
"lxVsdLKqxdp","2026-08-11 23:53:16.749","2026-08-18 11:43:03.778","lxVsdLKqxdp","18165421","[PREMIUM]","[PREMIUM]","[PREMIUM]","112","Section 112","20",3,"['6','7','8']","2026-08-11 00:00:00","electronic","exchange",0,"[PREMIUM]","1,3"
"lxVsdLPXOPM","2026-08-11 23:53:16.749","2026-08-23 22:31:31.028","lxVsdLPXOPM","18165421","[PREMIUM]","[PREMIUM]","[PREMIUM]","521","Section 521","32",5,"['4','5','6','7','8']","2027-01-09 00:00:00","electronic","exchange",2,"[PREMIUM]","1,2,3,5"
"movr4m0","2026-08-11 23:53:16.749","2026-08-24 22:41:01.151","movr4m0","18165421","[PREMIUM]","[PREMIUM]","[PREMIUM]","123","Section 123","29",2,"['13','14']",,"electronic","open_marketplace",1,"[PREMIUM]","2"
"nx0srZ9Bzmg","2026-08-11 23:53:16.749","2026-08-14 23:56:42.803","nx0srZ9Bzmg","18165421","[PREMIUM]","[PREMIUM]","[PREMIUM]","119","Section 119","2",2,"['9','10']","2027-01-09 00:00:00","electronic","exchange",0,"[PREMIUM]","2"
"nywq7yd","2026-08-11 23:53:16.749","2026-08-24 22:41:01.151","nywq7yd","18165421","[PREMIUM]","[PREMIUM]","[PREMIUM]","113","Section 113","41",2,"['3','4']",,"electronic","open_marketplace",0,"[PREMIUM]","2"
"o2n7rg1","2026-08-11 23:53:16.749","2026-08-24 22:41:01.151","o2n7rg1","18165421","[PREMIUM]","[PREMIUM]","[PREMIUM]","111","Section 111","13",5,"['1','2','3','4','5']",,"electronic","open_marketplace",0,"[PREMIUM]","1,2,3,5"
"ny4e29y","2026-08-11 23:53:16.749","2026-08-24 22:41:01.151","ny4e29y","18165421","[PREMIUM]","[PREMIUM]","[PREMIUM]","123","Section 123","22",2,"['12','13']",,"electronic","open_marketplace",0,"[PREMIUM]","2"
"ny4e1my","2026-08-11 23:53:16.749","2026-08-24 22:41:01.151","ny4e1my","18165421","[PREMIUM]","[PREMIUM]","[PREMIUM]","151","Section 151","3",2,"['5','6']",,"electronic","open_marketplace",0,"[PREMIUM]","2"
"oV7HbEJa3aw","2026-08-11 23:53:16.749","2026-08-18 11:43:03.778","oV7HbEJa3aw","18165421","[PREMIUM]","[PREMIUM]","[PREMIUM]","100","Section 100","41",4,"['1','2','3','4']","2026-08-11 00:00:00","electronic","exchange",2,"[PREMIUM]","1,2,3,4"
"oV7HbEL563l","2026-08-11 23:53:16.749","2026-08-24 22:41:01.151","oV7HbEL563l","18165421","[PREMIUM]","[PREMIUM]","[PREMIUM]","502","Section 502","19",3,"['17','18','19']","2027-01-09 00:00:00","electronic","exchange",1,"[PREMIUM]","1,3"
"p10x4r6","2026-08-11 23:53:16.749","2026-08-24 22:41:01.151","p10x4r6","18165421","[PREMIUM]","[PREMIUM]","[PREMIUM]","105","Section 105","11",2,"['6','7']",,"electronic","open_marketplace",0,"[PREMIUM]","2"
"pVXHDEqmw92","2026-08-11 23:53:16.749","2026-08-18 11:43:03.778","pVXHDEqmw92","18165421","[PREMIUM]","[PREMIUM]","[PREMIUM]","114","Section 114","2",4,"['13','14','15','16']","2026-08-11 00:00:00","electronic","exchange",2,"[PREMIUM]","1,2,3,4"
"qVjH2V674or","2026-08-11 23:53:16.749","2026-08-18 11:43:03.778","qVjH2V674or","18165421","[PREMIUM]","[PREMIUM]","[PREMIUM]","102","Section 102","32",2,"['7','8']","2026-08-11 00:00:00","electronic","exchange",0,"[PREMIUM]","2"
"q9pzjkv","2026-08-11 23:53:16.749","2026-08-24 22:41:01.151","q9pzjkv","18165421","[PREMIUM]","[PREMIUM]","[PREMIUM]","524","Section 524","21",2,"['9','10']",,"electronic","open_marketplace",0,"[PREMIUM]","2"
"rVOHkRE8jdw","2026-08-11 23:53:16.749","2026-08-18 11:43:03.778","rVOHkRE8jdw","18165421","[PREMIUM]","[PREMIUM]","[PREMIUM]","102","Section 102","42",2,"['26','27']","2026-08-11 00:00:00","electronic","exchange",0,"[PREMIUM]","2"
"rVOHkRE8jYn","2026-08-11 23:53:16.749","2026-08-18 11:43:03.778","rVOHkRE8jYn","18165421","[PREMIUM]","[PREMIUM]","[PREMIUM]","121","Section 121","28",2,"['10','11']","2026-08-11 00:00:00","electronic","exchange",0,"[PREMIUM]","2"
"rVOHkRE8jVw","2026-08-11 23:53:16.749","2026-08-18 11:43:03.778","rVOHkRE8jVw","18165421","[PREMIUM]","[PREMIUM]","[PREMIUM]","527","Section 527","18",2,"['5','6']","2026-08-11 00:00:00","electronic","exchange",1,"[PREMIUM]","1,2"
"rVOHkRE4Lz5","2026-08-11 23:53:16.749","2026-08-24 22:41:01.151","rVOHkRE4Lz5","18165421","[PREMIUM]","[PREMIUM]","[PREMIUM]","526","Section 526","30",6,"['3','4','5','6','7','8']","2027-01-09 00:00:00","electronic","exchange",0,"[PREMIUM]","1,2,3,4,6"
"rVOHkRxjBxl","2026-08-11 23:53:16.749","2026-08-24 22:41:01.151","rVOHkRxjBxl","18165421","[PREMIUM]","[PREMIUM]","[PREMIUM]","515","Section 515","22",3,"['11','12','13']","2027-01-09 00:00:00","electronic","exchange",0,"[PREMIUM]","1,3"
"w3JsedkqjZZ","2026-08-11 23:53:16.749","2026-08-18 11:43:03.778","w3JsedkqjZZ","18165421","[PREMIUM]","[PREMIUM]","[PREMIUM]","151","Section 151","22",4,"['6','7','8','9']","2026-08-11 00:00:00","electronic","exchange",2,"[PREMIUM]","1,2,3,4"
"w3JsedpjDlp","2026-08-11 23:53:16.749","2026-08-24 22:41:01.151","w3JsedpjDlp","18165421","[PREMIUM]","[PREMIUM]","[PREMIUM]","550","Section 550","26",2,"['3','4']","2027-01-09 00:00:00","electronic","exchange",0,"[PREMIUM]","2"
"wzep4dg","2026-08-11 23:53:16.749","2026-08-24 22:41:01.151","wzep4dg","18165421","[PREMIUM]","[PREMIUM]","[PREMIUM]","132","Section 132","42",2,"['23','24']",,"electronic","open_marketplace",3,"[PREMIUM]","2"
"y4opqog","2026-08-11 23:53:16.749","2026-08-24 22:41:01.151","y4opqog","18165421","[PREMIUM]","[PREMIUM]","[PREMIUM]","151","Section 151","3",2,"['7','8']",,"electronic","open_marketplace",0,"[PREMIUM]","2"
"xzqr99n","2026-08-11 23:53:16.749","2026-08-24 22:41:01.151","xzqr99n","18165421","[PREMIUM]","[PREMIUM]","[PREMIUM]","121","Section 121","1",1,"['1']",,"electronic","open_marketplace",0,"[PREMIUM]","1"
"z3Es6JzAVNr","2026-08-11 23:53:16.749","2026-08-24 22:41:01.151","z3Es6JzAVNr","18165421","[PREMIUM]","[PREMIUM]","[PREMIUM]","111","Section 111","11",10,"['1','2','3','4','5','6','7','8','9','10']","2027-01-09 00:00:00","electronic","exchange",0,"[PREMIUM]","1,2,3,4,5,6,7,8,10"
"z3Es6qOZmRB","2026-08-11 23:53:16.749","2026-08-13 22:37:15.303","z3Es6qOZmRB","18165421","[PREMIUM]","[PREMIUM]","[PREMIUM]","532","Section 532","18",7,"['1','2','3','4','5','6','7']","2027-01-09 00:00:00","electronic","exchange",3,"[PREMIUM]","1,2,3,4,5,7"
"41eqm2n","2026-08-11 23:52:54.635","2026-08-24 22:40:48.487","41eqm2n","18076602","[PREMIUM]","[PREMIUM]","[PREMIUM]","135","Section 135","d",2,"['17','18']",,"electronic","open_marketplace",1,"[PREMIUM]","2"
"6ge97d1","2026-08-11 23:52:54.635","2026-08-24 22:40:48.487","6ge97d1","18076602","[PREMIUM]","[PREMIUM]","[PREMIUM]","129","Section 129","r",2,"['11','12']",,"electronic","open_marketplace",6,"[PREMIUM]","2"
"6mOhkAMbBvj","2026-08-11 23:52:54.635","2026-08-24 22:40:48.487","6mOhkAMbBvj","18076602","[PREMIUM]","[PREMIUM]","[PREMIUM]","212","Section 212","j",3,"['13','14','15']","2026-12-20 00:00:00","electronic","exchange",1,"[PREMIUM]","1,3"
"8lKt6YlO4Be","2026-08-11 23:52:54.635","2026-08-24 22:40:48.487","8lKt6YlO4Be","18076602","[PREMIUM]","[PREMIUM]","[PREMIUM]","114","Section 114","d",2,"['1','2']","2026-12-19 00:00:00","electronic","exchange",0,"[PREMIUM]","2"
"9d2pp6d","2026-08-11 23:52:54.635","2026-08-24 22:40:48.487","9d2pp6d","18076602","[PREMIUM]","[PREMIUM]","[PREMIUM]","113","Section 113","cc",2,"['23','24']",,"electronic","open_marketplace",5,"[PREMIUM]","2"
"YgJtk63RrBM","2026-08-11 23:52:54.635","2026-08-24 22:40:48.487","YgJtk63RrBM","18076602","[PREMIUM]","[PREMIUM]","[PREMIUM]","LOGE LEVEL 343","Section Loge 343","f",2,"['3','4']","2026-12-19 00:00:00","electronic","exchange",1,"[PREMIUM]","2"
"Zm9hvw79Ex7","2026-08-11 23:52:54.635","2026-08-24 22:40:48.487","Zm9hvw79Ex7","18076602","[PREMIUM]","[PREMIUM]","[PREMIUM]","108","Section 108","a",4,"['5','6','7','8']","2026-12-19 00:00:00","electronic","exchange",2,"[PREMIUM]","2,4"
"dNgUg6laGbr","2026-08-11 23:52:54.635","2026-08-24 22:40:48.487","dNgUg6laGbr","18076602","[PREMIUM]","[PREMIUM]","[PREMIUM]","113","Section 113","c",2,"['23','24']","2026-12-19 00:00:00","electronic","exchange",0,"[PREMIUM]","2"
"dmrypjp","2026-08-11 23:52:54.635","2026-08-24 22:40:48.487","dmrypjp","18076602","[PREMIUM]","[PREMIUM]","[PREMIUM]","137","Section 137","u",4,"['15','16','17','18']",,"electronic","open_marketplace",0,"[PREMIUM]","4"
"eeacK2oLxmz","2026-08-11 23:52:54.635","2026-08-24 22:40:48.487","eeacK2oLxmz","18076602","[PREMIUM]","[PREMIUM]","[PREMIUM]","LOGE LEVEL 312","Section Loge 312","a",4,"['19','20','21','22']","2026-12-19 00:00:00","electronic","exchange",5,"[PREMIUM]","2,4"
"l_DzpRp1AHJGjw3JhzrKY39cPkqRYlhmByvVLU2VqDLYU56x46RigVdMmC0XhAwT3V","2026-08-11 23:52:54.635","2026-08-24 22:40:48.487","l_DzpRp1AHJGjw3JhzrKY39cPkqRYlhmByvVLU2VqDLYU56x46RigVdMmC0XhAwT3V","18076602","[PREMIUM]","[PREMIUM]","[PREMIUM]","102","Section 102","bb",2,"['21','22']",,"sg_app","open",1,"[PREMIUM]","2"
"l_Jz5A5PbHk63rwkh8GPl1XIAwqDlkh42yxyjSvq3vgXuWb6lEuEP942kiYDuRAt5n","2026-08-11 23:52:54.635","2026-08-24 22:40:48.487","l_Jz5A5PbHk63rwkh8GPl1XIAwqDlkh42yxyjSvq3vgXuWb6lEuEP942kiYDuRAt5n","18076602","[PREMIUM]","[PREMIUM]","[PREMIUM]","114","Section 114","dd",2,"['19','20']",,"sg_app","open",0,"[PREMIUM]","2"
"l_w8z4zYei6KpVq6u4MYBJNh1GyDNJh9DAm0gizxBBGlS2PQ5N0FPN1WXpcgVhQ0h6N","2026-08-11 23:52:54.635","2026-08-24 22:40:48.487","l_w8z4zYei6KpVq6u4MYBJNh1GyDNJh9DAm0gizxBBGlS2PQ5N0FPN1WXpcgVhQ0h6N","18076602","[PREMIUM]","[PREMIUM]","[PREMIUM]","228","Section 228","t",2,"['1','2']",,"sg_app","open",1,"[PREMIUM]","2"
"mxAs4Y2jJ74","2026-08-11 23:52:54.635","2026-08-24 22:40:48.487","mxAs4Y2jJ74","18076602","[PREMIUM]","[PREMIUM]","[PREMIUM]","LOGE LEVEL 327","Section Loge 327","a",2,"['11','12']","2026-12-19 00:00:00","electronic","exchange",0,"[PREMIUM]","2"
"o2n7ny2","2026-08-11 23:52:54.635","2026-08-24 22:40:48.487","o2n7ny2","18076602","[PREMIUM]","[PREMIUM]","[PREMIUM]","101","Section 101","k",4,"['7','8','9','10']",,"electronic","open_marketplace",5,"[PREMIUM]","2,4"
"vb3iPe5JkEa","2026-08-11 23:52:54.635","2026-08-24 22:40:48.487","vb3iPe5JkEa","18076602","[PREMIUM]","[PREMIUM]","[PREMIUM]","110","Section 110","b",2,"['11','12']","2026-12-19 00:00:00","electronic","exchange",0,"[PREMIUM]","2"
"05VT8KzYBDn","2026-08-11 23:49:30.592","2026-08-11 23:49:30.592","05VT8KzYBDn","18016659","[PREMIUM]","[PREMIUM]","[PREMIUM]","117","Section 117","40",2,"['14','15']","2026-08-11 00:00:00","sg_app","exchange",2,"[PREMIUM]","2"
"05VT8KzRl4Y","2026-08-11 23:49:30.592","2026-08-24 22:40:57.644","05VT8KzRl4Y","18016659","[PREMIUM]","[PREMIUM]","[PREMIUM]","318","Section 318","18",16,"['1','2','3','4','5','6','7','8','9','10','11','12','13','14','15','16']","2026-08-11 00:00:00","sg_app","exchange",0,"[PREMIUM]","1,2,3,4,5,6,7,8,9,10,11,12,13,14,15,16"
"2v0cz3Vlq2g","2026-08-11 23:49:30.592","2026-08-24 22:40:57.644","2v0cz3Vlq2g","18016659","[PREMIUM]","[PREMIUM]","[PREMIUM]","214","Section 214","11",4,"['5','6','7','8']","2026-08-11 00:00:00","sg_app","exchange",1,"[PREMIUM]","1,2,3,4"
"3q7fND4DaGk","2026-08-11 23:49:30.592","2026-08-24 22:40:57.644","3q7fND4DaGk","18016659","[PREMIUM]","[PREMIUM]","[PREMIUM]","312","Section 312","19",4,"['7','8','9','10']","2027-01-02 00:00:00","sg_app","exchange",1,"[PREMIUM]","2,4"
"3q7fNJAvLvz","2026-08-11 23:49:30.592","2026-08-24 22:40:57.644","3q7fNJAvLvz","18016659","[PREMIUM]","[PREMIUM]","[PREMIUM]","235","Section 235","10",3,"['3','4','5']","2026-08-11 00:00:00","sg_app","exchange",1,"[PREMIUM]","1,3"
"5EjuZ6Dr3xd","2026-08-11 23:49:30.592","2026-08-24 22:40:57.644","5EjuZ6Dr3xd","18016659","[PREMIUM]","[PREMIUM]","[PREMIUM]","113","Section 113","25",7,"['9','10','11','12','13','14','15']","2027-01-02 00:00:00","sg_app","exchange",3,"[PREMIUM]","1,2,3,4,5,7"
"6mOhkAGKo7b","2026-08-11 23:49:30.592","2026-08-24 22:40:57.644","6mOhkAGKo7b","18016659","[PREMIUM]","[PREMIUM]","[PREMIUM]","348","Section 348","15",4,"['9','10','11','12']","2026-08-11 00:00:00","sg_app","exchange",1,"[PREMIUM]","1,2,3,4"
"6mOhkAGKoXm","2026-08-11 23:49:30.592","2026-08-24 22:40:57.644","6mOhkAGKoXm","18016659","[PREMIUM]","[PREMIUM]","[PREMIUM]","317","Section 317","17",13,"['11','12','13','14','15','16','17','18','19','20','21','22','23']","2026-08-11 00:00:00","sg_app","exchange",0,"[PREMIUM]","1,2,3,4,5,6,7,8,9,10,11,12,13"
"8lKt6Yq3axD","2026-08-11 23:49:30.592","2026-08-24 22:40:57.644","8lKt6Yq3axD","18016659","[PREMIUM]","[PREMIUM]","[PREMIUM]","103","Section 103","40",13,"['3','4','5','6','7','8','9','10','11','12','13','14','15']","2026-08-11 00:00:00","sg_app","exchange",2,"[PREMIUM]","1,2,3,4,5,6,7,8,9,10,11,12,13"
"8lKt6Yq3aEV","2026-08-11 23:49:30.592","2026-08-24 22:40:57.644","8lKt6Yq3aEV","18016659","[PREMIUM]","[PREMIUM]","[PREMIUM]","235","Section 235","7",3,"['7','8','9']","2026-08-11 00:00:00","sg_app","exchange",1,"[PREMIUM]","1,3"
"A6rs27znKE8","2026-08-11 23:49:30.592","2026-08-24 22:40:57.644","A6rs27znKE8","18016659","[PREMIUM]","[PREMIUM]","[PREMIUM]","105","Section 105","10",3,"['1','2','3']","2026-08-11 00:00:00","sg_app","exchange",0,"[PREMIUM]","3"
"BALImXkBMK7","2026-08-11 23:49:30.592","2026-08-24 22:40:57.644","BALImXkBMK7","18016659","[PREMIUM]","[PREMIUM]","[PREMIUM]","208","Section 208","6",3,"['7','8','9']","2026-08-11 00:00:00","sg_app","exchange",1,"[PREMIUM]","1,3"
"DdwHkOezMz9","2026-08-11 23:49:30.592","2026-08-24 22:40:57.644","DdwHkOezMz9","18016659","[PREMIUM]","[PREMIUM]","[PREMIUM]","105","Section 105","23",3,"['18','19','20']","2026-08-11 00:00:00","sg_app","exchange",0,"[PREMIUM]","1,3"
"EroUXPxP8r3","2026-08-11 23:49:30.592","2026-08-24 22:40:57.644","EroUXPxP8r3","18016659","[PREMIUM]","[PREMIUM]","[PREMIUM]","311","Section 311","18",5,"['8','9','10','11','12']","2027-01-02 00:00:00","sg_app","exchange",0,"[PREMIUM]","1,2,3,5"
"EroUXned86G","2026-08-11 23:49:30.592","2026-08-24 22:40:57.644","EroUXned86G","18016659","[PREMIUM]","[PREMIUM]","[PREMIUM]","123","Section 123","11",4,"['4','5','6','7']","2027-01-02 00:00:00","sg_app","exchange",0,"[PREMIUM]","2,4"
"GAaI62Yn8OD","2026-08-11 23:49:30.592","2026-08-23 22:31:27.903","GAaI62Yn8OD","18016659","[PREMIUM]","[PREMIUM]","[PREMIUM]","112C","Club 112","20",2,"['13','14']","2027-01-03 00:00:00","sg_app","exchange",0,"[PREMIUM]","2"
"JABI39m5mxv","2026-08-11 23:49:30.592","2026-08-11 23:49:30.592","JABI39m5mxv","18016659","[PREMIUM]","[PREMIUM]","[PREMIUM]","134GA","134 GA Dirty Birds Nest","G08",5,"['37','38','39','40','41']","2026-08-11 00:00:00","sg_app","exchange",1,"[PREMIUM]","1,2,3,5"
"JABI39m5EPr","2026-08-11 23:49:30.592","2026-08-24 22:40:57.644","JABI39m5EPr","18016659","[PREMIUM]","[PREMIUM]","[PREMIUM]","306","Section 306","17",2,"['9','10']","2026-08-11 00:00:00","sg_app","exchange",0,"[PREMIUM]","2"
"JABI3jRjAag","2026-08-11 23:49:30.592","2026-08-24 22:40:57.644","JABI3jRjAag","18016659","[PREMIUM]","[PREMIUM]","[PREMIUM]","311","Section 311","20",2,"['4','5']","2027-01-02 00:00:00","sg_app","exchange",0,"[PREMIUM]","2"
"LbviLEVX8dZ","2026-08-11 23:49:30.592","2026-08-24 22:40:57.644","LbviLEVX8dZ","18016659","[PREMIUM]","[PREMIUM]","[PREMIUM]","101","Section 101","41",2,"['11','12']","2026-08-11 00:00:00","sg_app","exchange",1,"[PREMIUM]","1,2"
"MAeIPlnBvwm","2026-08-11 23:49:30.592","2026-08-11 23:49:30.592","MAeIPlnBvwm","18016659","[PREMIUM]","[PREMIUM]","[PREMIUM]","129C","Club 129","26",2,"['1','2']","2026-08-11 00:00:00","sg_app","exchange",2,"[PREMIUM]","2"
"MAeIPlnpPZw","2026-08-11 23:49:30.592","2026-08-11 23:49:30.592","MAeIPlnpPZw","18016659","[PREMIUM]","[PREMIUM]","[PREMIUM]","104","Section 104","25",2,"['8','9']","2026-08-11 00:00:00","sg_app","exchange",1,"[PREMIUM]","2"
"NrqUv4YGrJ8","2026-08-11 23:49:30.592","2026-08-24 22:40:57.644","NrqUv4YGrJ8","18016659","[PREMIUM]","[PREMIUM]","[PREMIUM]","127C","Club 127","30",2,"['3','4']","2027-01-03 00:00:00","sg_app","exchange",0,"[PREMIUM]","2"
"PX0sgL4O9L2","2026-08-11 23:49:30.592","2026-08-11 23:49:30.592","PX0sgL4O9L2","18016659","[PREMIUM]","[PREMIUM]","[PREMIUM]","307","Section 307","6",2,"['7','8']","2026-08-11 00:00:00","sg_app","exchange",2,"[PREMIUM]","2"
"PX0sgL4nVwb","2026-08-11 23:49:30.592","2026-08-24 22:40:57.644","PX0sgL4nVwb","18016659","[PREMIUM]","[PREMIUM]","[PREMIUM]","223","Section 223","1",2,"['7','8']","2026-08-11 00:00:00","sg_app","exchange",0,"[PREMIUM]","2"
"O7AhwrO4br0","2026-08-11 23:49:30.592","2026-08-24 22:40:57.644","O7AhwrO4br0","18016659","[PREMIUM]","[PREMIUM]","[PREMIUM]","339","Section 339","10",4,"['17','18','19','20']","2027-01-02 00:00:00","sg_app","exchange",4,"[PREMIUM]","4"
"O7AhwrbEA77","2026-08-11 23:49:30.592","2026-08-24 22:40:57.644","O7AhwrbEA77","18016659","[PREMIUM]","[PREMIUM]","[PREMIUM]","204","Section 204","1",3,"['8','9','10']","2026-08-11 00:00:00","sg_app","exchange",0,"[PREMIUM]","1,3"
"ROXHzwNZ2E0","2026-08-11 23:49:30.592","2026-08-24 22:40:57.644","ROXHzwNZ2E0","18016659","[PREMIUM]","[PREMIUM]","[PREMIUM]","129C","Club 129","1",2,"['17','18']","2026-08-11 00:00:00","sg_app","exchange",0,"[PREMIUM]","2"
"YgJtk6ZVpP2","2026-08-11 23:49:30.592","2026-08-11 23:49:30.592","YgJtk6ZVpP2","18016659","[PREMIUM]","[PREMIUM]","[PREMIUM]","303","Section 303","24",2,"['24','25']","2026-08-10 00:00:00","sg_app","exchange",1,"[PREMIUM]","2"
"dNgUg6nZpZK","2026-08-11 23:49:30.592","2026-08-24 22:40:57.644","dNgUg6nZpZK","18016659","[PREMIUM]","[PREMIUM]","[PREMIUM]","239","Section 239","11",3,"['5','6','7']","2026-08-11 00:00:00","sg_app","exchange",1,"[PREMIUM]","1,3"
"eeacK2o58kB","2026-08-11 23:49:30.592","2026-08-24 22:40:57.644","eeacK2o58kB","18016659","[PREMIUM]","[PREMIUM]","[PREMIUM]","324","Section 324","2",2,"['11','12']","2026-08-11 00:00:00","sg_app","exchange",2,"[PREMIUM]","2"
"eeacK2ovRVZ","2026-08-11 23:49:30.592","2026-08-24 22:40:57.644","eeacK2ovRVZ","18016659","[PREMIUM]","[PREMIUM]","[PREMIUM]","111C","Club 111","26",2,"['19','20']","2027-01-03 00:00:00","sg_app","exchange",0,"[PREMIUM]","2"
"g48Uro7rxpm","2026-08-11 23:49:30.592","2026-08-11 23:49:30.592","g48Uro7rxpm","18016659","[PREMIUM]","[PREMIUM]","[PREMIUM]","306","Section 306","20",2,"['1','2']","2026-08-11 00:00:00","sg_app","exchange",0,"[PREMIUM]","2"
"jDvsz7OEkE7","2026-08-11 23:49:30.592","2026-08-23 22:31:27.903","jDvsz7OEkE7","18016659","[PREMIUM]","[PREMIUM]","[PREMIUM]","128C","Club 128","7",3,"['1','2','3']","2026-08-11 00:00:00","sg_app","exchange",1,"[PREMIUM]","1,2,3"
"kYet94NLmEg","2026-08-11 23:49:30.592","2026-08-24 22:40:57.644","kYet94NLmEg","18016659","[PREMIUM]","[PREMIUM]","[PREMIUM]","305","Section 305","17",2,"['13','14']","2026-08-11 00:00:00","sg_app","exchange",0,"[PREMIUM]","1,2"
"kYet94NLmEM","2026-08-11 23:49:30.592","2026-08-24 22:40:57.644","kYet94NLmEM","18016659","[PREMIUM]","[PREMIUM]","[PREMIUM]","345","Section 345","14",2,"['11','12']","2026-08-11 00:00:00","sg_app","exchange",0,"[PREMIUM]","1,2"
"kYet94NLm9e","2026-08-11 23:49:30.592","2026-08-24 22:40:57.644","kYet94NLm9e","18016659","[PREMIUM]","[PREMIUM]","[PREMIUM]","306","Section 306","17",8,"['18','19','20','21','22','23','24','25']","2026-08-11 00:00:00","sg_app","exchange",0,"[PREMIUM]","1,2,3,4,5,6,7,8"
"kYet94eBDGM","2026-08-11 23:49:30.592","2026-08-24 22:40:57.644","kYet94eBDGM","18016659","[PREMIUM]","[PREMIUM]","[PREMIUM]","305","Section 305","19",2,"['1','2']","2027-01-01 00:00:00","sg_app","exchange",0,"[PREMIUM]","2"
"mxAs4Y2YDMp","2026-08-11 23:49:30.592","2026-08-11 23:49:30.592","mxAs4Y2YDMp","18016659","[PREMIUM]","[PREMIUM]","[PREMIUM]","114","Section 114","29",2,"['19','20']","2026-08-11 00:00:00","sg_app","exchange",3,"[PREMIUM]","2"
"mxAs4Y2Lxr5","2026-08-11 23:49:30.592","2026-08-16 22:20:20.024","mxAs4Y2Lxr5","18016659","[PREMIUM]","[PREMIUM]","[PREMIUM]","320","Section 320","17",5,"['16','17','18','19','20']","2026-08-11 00:00:00","sg_app","exchange",1,"[PREMIUM]","1,2,3,4,5"
"mxAs4Y5AlLV","2026-08-11 23:49:30.592","2026-08-11 23:49:30.592","mxAs4Y5AlLV","18016659","[PREMIUM]","[PREMIUM]","[PREMIUM]","307","Section 307","23",2,"['10','11']","2026-08-10 00:00:00","sg_app","exchange",0,"[PREMIUM]","2"
"oV7HbEJa6YD","2026-08-11 23:49:30.592","2026-08-24 22:40:57.644","oV7HbEJa6YD","18016659","[PREMIUM]","[PREMIUM]","[PREMIUM]","317","Section 317","17",2,"['1','2']","2026-08-11 00:00:00","sg_app","exchange",0,"[PREMIUM]","2"
"pVXHDEqm7n9","2026-08-11 23:49:30.592","2026-08-24 22:40:57.644","pVXHDEqm7n9","18016659","[PREMIUM]","[PREMIUM]","[PREMIUM]","208","Section 208","9",1,"['13']","2026-08-11 00:00:00","sg_app","exchange",0,"[PREMIUM]","1"
"qVjH2V67mqv","2026-08-11 23:49:30.592","2026-08-24 22:40:57.644","qVjH2V67mqv","18016659","[PREMIUM]","[PREMIUM]","[PREMIUM]","208","Section 208","10",6,"['10','11','12','13','14','15']","2026-08-11 00:00:00","sg_app","exchange",0,"[PREMIUM]","1,2,3,4,5,6"
"rVOHkREDxp6","2026-08-11 23:49:30.592","2026-08-11 23:49:30.592","rVOHkREDxp6","18016659","[PREMIUM]","[PREMIUM]","[PREMIUM]","104","Section 104","24",1,"['3']","2026-08-11 00:00:00","sg_app","exchange",1,"[PREMIUM]","1"
"w3Jsedkq8oA","2026-08-11 23:49:30.592","2026-08-24 22:40:57.644","w3Jsedkq8oA","18016659","[PREMIUM]","[PREMIUM]","[PREMIUM]","239","Section 239","12",3,"['7','8','9']","2026-08-11 00:00:00","sg_app","exchange",1,"[PREMIUM]","1,3"
"05VT8KzM5vX","2026-08-11 23:46:42.379","2026-08-24 22:41:21.237","05VT8KzM5vX","18016498","[PREMIUM]","[PREMIUM]","[PREMIUM]","317","Section 317","22",7,"['10','11','12','13','14','15','16']","2027-01-09 00:00:00","sg_app","exchange",1,"[PREMIUM]","1,2,3,4,5,6,7"
"2v0cz3OeLge","2026-08-11 23:46:42.379","2026-08-24 22:41:21.237","2v0cz3OeLge","18016498","[PREMIUM]","[PREMIUM]","[PREMIUM]","134","Section 134","6",3,"['18','19','20']","2027-01-10 00:00:00","sg_app","exchange",1,"[PREMIUM]","1,3"
"2v0cz3V3koo","2026-08-11 23:46:42.379","2026-08-24 22:41:21.237","2v0cz3V3koo","18016498","[PREMIUM]","[PREMIUM]","[PREMIUM]","317","Section 317","23",10,"['6','7','8','9','10','11','12','13','14','15']","2027-01-09 00:00:00","sg_app","exchange",2,"[PREMIUM]","1,2,3,4,5,6,7,8,9,10"
"2v0cz3Vpxr5","2026-08-11 23:46:42.379","2026-08-24 22:41:21.237","2v0cz3Vpxr5","18016498","[PREMIUM]","[PREMIUM]","[PREMIUM]","316","Section 316","7",8,"['15','16','17','18','19','20','21','22']","2027-01-09 00:00:00","sg_app","exchange",0,"[PREMIUM]","1,2,3,4,5,6,7,8"
"3q7fNJAK0AK","2026-08-11 23:46:42.379","2026-08-24 22:41:21.237","3q7fNJAK0AK","18016498","[PREMIUM]","[PREMIUM]","[PREMIUM]","319","Section 319","13",8,"['13','14','15','16','17','18','19','20']","2027-01-09 00:00:00","sg_app","exchange",1,"[PREMIUM]","1,2,3,4,5,6,7,8"
"3q7fNJm2rKz","2026-08-11 23:46:42.379","2026-08-24 22:41:21.237","3q7fNJm2rKz","18016498","[PREMIUM]","[PREMIUM]","[PREMIUM]","143","Section 143","7",2,"['11','12']","2027-01-10 00:00:00","sg_app","exchange",1,"[PREMIUM]","2"
"6mOhkAMZnVa","2026-08-11 23:46:42.379","2026-08-24 22:41:21.237","6mOhkAMZnVa","18016498","[PREMIUM]","[PREMIUM]","[PREMIUM]","309","Section 309","4",3,"['22','23','24']","2027-01-09 00:00:00","sg_app","exchange",2,"[PREMIUM]","1,3"
"8lKt65n4Kdo","2026-08-11 23:46:42.379","2026-08-24 22:41:21.237","8lKt65n4Kdo","18016498","[PREMIUM]","[PREMIUM]","[PREMIUM]","312","Section 312","14",8,"['12','13','14','15','16','17','18','19']","2027-01-08 00:00:00","sg_app","exchange",0,"[PREMIUM]","1,2,3,4,5,6,8"
"8lKt6YYg8Kj","2026-08-11 23:46:42.379","2026-08-24 22:41:21.237","8lKt6YYg8Kj","18016498","[PREMIUM]","[PREMIUM]","[PREMIUM]","312","Section 312","17",2,"['26','27']","2027-01-09 00:00:00","sg_app","exchange",0,"[PREMIUM]","2"
"9P2c5qXKdO9","2026-08-11 23:46:42.379","2026-08-24 22:41:21.237","9P2c5qXKdO9","18016498","[PREMIUM]","[PREMIUM]","[PREMIUM]","143","Section 143","15",6,"['22','23','24','25','26','27']","2027-01-10 00:00:00","sg_app","exchange",2,"[PREMIUM]","1,2,3,4,5,6"
"EroUXneoEGA","2026-08-11 23:46:42.379","2026-08-24 22:41:21.237","EroUXneoEGA","18016498","[PREMIUM]","[PREMIUM]","[PREMIUM]","133","Section 133","5",3,"['7','8','9']","2027-01-10 00:00:00","sg_app","exchange",1,"[PREMIUM]","1,3"
"EroUXnedGRk","2026-08-11 23:46:42.379","2026-08-24 22:41:21.237","EroUXnedGRk","18016498","[PREMIUM]","[PREMIUM]","[PREMIUM]","334","Section 334","15",2,"['13','14']","2027-01-09 00:00:00","sg_app","exchange",2,"[PREMIUM]","2"
"GAaI62VrxPe","2026-08-11 23:46:42.379","2026-08-24 22:41:21.237","GAaI62VrxPe","18016498","[PREMIUM]","[PREMIUM]","[PREMIUM]","139","Section 139","8",3,"['9','10','11']","2027-01-10 00:00:00","sg_app","exchange",0,"[PREMIUM]","1,3"
"GAaI62a3kRX","2026-08-11 23:46:42.379","2026-08-24 22:41:21.237","GAaI62a3kRX","18016498","[PREMIUM]","[PREMIUM]","[PREMIUM]","123","Section 123","8",4,"['15','16','17','18']","2027-01-09 00:00:00","sg_app","exchange",3,"[PREMIUM]","2,4"
"JABI39Aqqbp","2026-08-11 23:46:42.379","2026-08-24 22:41:21.237","JABI39Aqqbp","18016498","[PREMIUM]","[PREMIUM]","[PREMIUM]","106","Section 106","44",4,"['23','24','25','26']","2027-01-09 00:00:00","sg_app","exchange",0,"[PREMIUM]","2,4"
"JABI39m4rxK","2026-08-11 23:46:42.379","2026-08-19 09:07:12.202","JABI39m4rxK","18016498","[PREMIUM]","[PREMIUM]","[PREMIUM]","104","Section 104","26",2,"['25','26']","2026-05-14 00:00:00","sg_app","exchange",0,"[PREMIUM]","2"
"Kezcz64e7lL","2026-08-11 23:46:42.379","2026-08-24 22:41:21.237","Kezcz64e7lL","18016498","[PREMIUM]","[PREMIUM]","[PREMIUM]","117","Section 117","22",3,"['13','14','15']","2027-01-10 00:00:00","sg_app","exchange",2,"[PREMIUM]","1,3"
"Kezcz6aPgv5","2026-08-11 23:46:42.379","2026-08-22 22:35:55.472","Kezcz6aPgv5","18016498","[PREMIUM]","[PREMIUM]","[PREMIUM]","104","Section 104","38",4,"['5','6','7','8']","2026-05-14 00:00:00","sg_app","exchange",0,"[PREMIUM]","2,4"
"Kezcz6aDO62","2026-08-11 23:46:42.379","2026-08-24 22:41:21.237","Kezcz6aDO62","18016498","[PREMIUM]","[PREMIUM]","[PREMIUM]","317","Section 317","17",6,"['5','6','7','8','9','10']","2027-01-09 00:00:00","sg_app","exchange",1,"[PREMIUM]","1,2,3,4,5,6"
"MAeIPlm5V7k","2026-08-11 23:46:42.379","2026-08-24 22:41:21.237","MAeIPlm5V7k","18016498","[PREMIUM]","[PREMIUM]","[PREMIUM]","203A","Section 203 A","8",4,"['11','12','13','14']","2027-01-09 00:00:00","sg_app","exchange",3,"[PREMIUM]","2,4"
"NrqUv4jMLRA","2026-08-11 23:46:42.379","2026-08-24 22:41:21.237","NrqUv4jMLRA","18016498","[PREMIUM]","[PREMIUM]","[PREMIUM]","101","Section 101","43",8,"['5','6','7','8','9','10','11','12']","2027-01-09 00:00:00","sg_app","exchange",5,"[PREMIUM]","1,2,3,4,6,8"
"O7AhwrOR20z","2026-08-11 23:46:42.379","2026-08-24 22:41:21.237","O7AhwrOR20z","18016498","[PREMIUM]","[PREMIUM]","[PREMIUM]","307","Section 307","25",4,"['17','18','19','20']","2027-01-09 00:00:00","sg_app","exchange",3,"[PREMIUM]","2,4"
"O7AhwrOvPX0","2026-08-11 23:46:42.379","2026-08-24 22:41:21.237","O7AhwrOvPX0","18016498","[PREMIUM]","[PREMIUM]","[PREMIUM]","109","Section 109","8",2,"['7','8']","2027-01-10 00:00:00","sg_app","exchange",1,"[PREMIUM]","2"
"X03tKjm05r7","2026-08-11 23:46:42.379","2026-08-24 22:41:21.237","X03tKjm05r7","18016498","[PREMIUM]","[PREMIUM]","[PREMIUM]","337","Section 337","7",4,"['11','12','13','14']","2027-01-09 00:00:00","sg_app","exchange",4,"[PREMIUM]","2,4"
"YgJtk63gMnP","2026-08-11 23:46:42.379","2026-08-15 22:27:50.310","YgJtk63gMnP","18016498","[PREMIUM]","[PREMIUM]","[PREMIUM]","101","Section 101","32",2,"['25','26']","2026-05-14 00:00:00","sg_app","exchange",0,"[PREMIUM]","2"
"agktlDvm60a","2026-08-11 23:46:42.379","2026-08-24 22:41:21.237","agktlDvm60a","18016498","[PREMIUM]","[PREMIUM]","[PREMIUM]","320","Section 320","18",10,"['13','14','15','16','17','18','19','20','21','22']","2026-08-11 00:00:00","sg_app","exchange",0,"[PREMIUM]","1,2,3,4,5,6,7,8,10"
"dNgUg6nJXDP","2026-08-11 23:46:42.379","2026-08-24 22:41:21.237","dNgUg6nJXDP","18016498","[PREMIUM]","[PREMIUM]","[PREMIUM]","104","Section 104","15",4,"['17','18','19','20']","2026-08-11 00:00:00","sg_app","exchange",0,"[PREMIUM]","2,4"
"eeacK2oGa90","2026-08-11 23:46:42.379","2026-08-24 22:41:21.237","eeacK2oGa90","18016498","[PREMIUM]","[PREMIUM]","[PREMIUM]","348","Section 348","11",4,"['11','12','13','14']","2026-08-11 00:00:00","sg_app","exchange",0,"[PREMIUM]","2,4"
"lxVsdLPEpOJ","2026-08-11 23:46:42.379","2026-08-24 22:41:21.237","lxVsdLPEpOJ","18016498","[PREMIUM]","[PREMIUM]","[PREMIUM]","126","Section 126","20",4,"['3','4','5','6']","2027-01-09 00:00:00","sg_app","exchange",2,"[PREMIUM]","2,4"
"oV7HbELNpRw","2026-08-11 23:46:42.379","2026-08-24 22:41:21.237","oV7HbELNpRw","18016498","[PREMIUM]","[PREMIUM]","[PREMIUM]","133","Section 133","7",2,"['1','2']","2027-01-10 00:00:00","sg_app","exchange",1,"[PREMIUM]","2"
"oV7HbEJYkLl","2026-08-11 23:46:42.379","2026-08-24 22:41:21.237","oV7HbEJYkLl","18016498","[PREMIUM]","[PREMIUM]","[PREMIUM]","103","Section 103","34",4,"['9','10','11','12']","2026-05-14 00:00:00","sg_app","exchange",0,"[PREMIUM]","2,4"
"oV7HbEJwvz2","2026-08-11 23:46:42.379","2026-08-24 22:41:21.237","oV7HbEJwvz2","18016498","[PREMIUM]","[PREMIUM]","[PREMIUM]","140","Section 140","17",4,"['3','4','5','6']","2026-08-11 00:00:00","sg_app","exchange",0,"[PREMIUM]","2,4"
"rVOHkRxNO0a","2026-08-11 23:46:42.379","2026-08-24 22:41:21.237","rVOHkRxNO0a","18016498","[PREMIUM]","[PREMIUM]","[PREMIUM]","101","Section 101","13",8,"['3','4','5','6','7','8','9','10']","2027-01-10 00:00:00","sg_app","exchange",1,"[PREMIUM]","1,2,3,4,5,6,7,8"
"xb9imBwbnZx","2026-08-11 23:46:42.379","2026-08-20 22:36:18.836","xb9imBwbnZx","18016498","[PREMIUM]","[PREMIUM]","[PREMIUM]","349","Section 349","19",2,"['27','28']","2026-08-11 00:00:00","sg_app","exchange",0,"[PREMIUM]","2"
"xb9imBwBAbO","2026-08-11 23:46:42.379","2026-08-24 22:41:21.237","xb9imBwBAbO","18016498","[PREMIUM]","[PREMIUM]","[PREMIUM]","336","Section 336","13",14,"['11','12','13','14','15','16','17','18','19','20','21','22','23','24']","2027-01-09 00:00:00","sg_app","exchange",2,"[PREMIUM]","1,2,3,4,5,6,7,8,9,10,11,12,13,14"
"z3Es6qgZzVD","2026-08-11 23:46:42.379","2026-08-23 22:31:36.161","z3Es6qgZzVD","18016498","[PREMIUM]","[PREMIUM]","[PREMIUM]","347","Section 347","16",2,"['9','10']","2026-08-11 00:00:00","sg_app","exchange",0,"[PREMIUM]","2"
"z3Es6qgVRZ0","2026-08-11 23:46:42.379","2026-08-24 22:41:21.237","z3Es6qgVRZ0","18016498","[PREMIUM]","[PREMIUM]","[PREMIUM]","332","Section 332","10",6,"['1','2','3','4','5','6']","2027-01-09 00:00:00","sg_app","exchange",0,"[PREMIUM]","1,2,3,4,5,6"
"2v0cz3VzRb5","2026-08-11 23:46:35.105","2026-08-12 23:02:26.019","2v0cz3VzRb5","18142259","[PREMIUM]","[PREMIUM]","[PREMIUM]","126","Section 126","18",12,"['5','6','7','8','9','10','11','12','13','14','15','16']","2026-05-14 00:00:00","electronic","exchange",0,"[PREMIUM]","1,2,3,4,5,6,7,8,9,10,12"
"2v0cz3jxYdD","2026-08-11 23:46:35.105","2026-08-15 22:27:46.726","2v0cz3jxYdD","18142259","[PREMIUM]","[PREMIUM]","[PREMIUM]","228","Section 228","16",4,"['17','18','19','20']","2027-01-09 00:00:00","electronic","exchange",2,"[PREMIUM]","1,2,4"
"3q7fNJAN7lz","2026-08-11 23:46:35.105","2026-08-12 23:02:26.019","3q7fNJAN7lz","18142259","[PREMIUM]","[PREMIUM]","[PREMIUM]","138","Section 138","13",3,"['3','4','5']","2026-05-14 00:00:00","electronic","exchange",0,"[PREMIUM]","1,3"
"3q7fNJm72zL","2026-08-11 23:46:35.105","2026-08-23 22:31:42.074","3q7fNJm72zL","18142259","[PREMIUM]","[PREMIUM]","[PREMIUM]","221","Section 221","8",2,"['6','7']","2027-01-09 00:00:00","electronic","exchange",1,"[PREMIUM]","2"
"3q7fNJm64X3","2026-08-11 23:46:35.105","2026-08-21 22:23:44.209","3q7fNJm64X3","18142259","[PREMIUM]","[PREMIUM]","[PREMIUM]","229","Section 229","22",2,"['23','24']","2027-01-09 00:00:00","electronic","exchange",2,"[PREMIUM]","2"
"4vXcj9NjXk0","2026-08-11 23:46:35.105","2026-08-23 22:31:42.074","4vXcj9NjXk0","18142259","[PREMIUM]","[PREMIUM]","[PREMIUM]","134","Section 134","13",11,"['6','7','8','9','10','11','12','13','14','15','16']","2026-05-14 00:00:00","electronic","exchange",1,"[PREMIUM]","1,2,3,4,5,6,7,8,9,11"
"4vXcj9N4L8o","2026-08-11 23:46:35.105","2026-08-24 22:41:13.149","4vXcj9N4L8o","18142259","[PREMIUM]","[PREMIUM]","[PREMIUM]","219","Section 219","20",4,"['3','4','5','6']","2027-01-09 00:00:00","electronic","exchange",5,"[PREMIUM]","1,2,4"
"5EjuZ6DZjYM","2026-08-11 23:46:35.105","2026-08-12 23:02:26.019","5EjuZ6DZjYM","18142259","[PREMIUM]","[PREMIUM]","[PREMIUM]","117","Section 117","19",8,"['12','13','14','15','16','17','18','19']","2026-05-14 00:00:00","electronic","exchange",0,"[PREMIUM]","1,2,3,4,5,6,8"
"6mOhkAGkOp6","2026-08-11 23:46:35.105","2026-08-12 23:02:26.019","6mOhkAGkOp6","18142259","[PREMIUM]","[PREMIUM]","[PREMIUM]","106","Section 106","14",2,"['14','15']","2026-05-14 00:00:00","electronic","exchange",0,"[PREMIUM]","2"
"6mOhkAjlN4a","2026-08-11 23:46:35.105","2026-08-24 22:41:13.149","6mOhkAjlN4a","18142259","[PREMIUM]","[PREMIUM]","[PREMIUM]","222","Section 222","23",8,"['1','2','3','4','5','6','7','8']","2027-01-09 00:00:00","electronic","exchange",5,"[PREMIUM]","1,2,3,4,5,6,8"
"7KntAlBomkz","2026-08-11 23:46:35.105","2026-08-23 22:31:42.074","7KntAlBomkz","18142259","[PREMIUM]","[PREMIUM]","[PREMIUM]","216","Section 216","14",2,"['22','23']","2027-01-09 00:00:00","electronic","exchange",3,"[PREMIUM]","2"
"8lKt6YjdGrp","2026-08-11 23:46:35.105","2026-08-19 09:17:54.343","8lKt6YjdGrp","18142259","[PREMIUM]","[PREMIUM]","[PREMIUM]","219","Section 219","19",8,"['17','18','19','20','21','22','23','24']","2027-01-09 00:00:00","electronic","exchange",0,"[PREMIUM]","1,2,3,4,5,6,8"
"8lKt6Yq6DVV","2026-08-11 23:46:35.105","2026-08-12 23:02:26.019","8lKt6Yq6DVV","18142259","[PREMIUM]","[PREMIUM]","[PREMIUM]","138","Section 138","17",8,"['7','8','9','10','11','12','13','14']","2026-05-14 00:00:00","electronic","exchange",0,"[PREMIUM]","1,2,3,4,5,6,8"
"9P2c5qA52ed","2026-08-11 23:46:35.105","2026-08-15 22:27:46.726","9P2c5qA52ed","18142259","[PREMIUM]","[PREMIUM]","[PREMIUM]","138","Section 138","10",2,"['11','12']","2026-05-14 00:00:00","electronic","exchange",0,"[PREMIUM]","2"
"A6rs27zY895","2026-08-11 23:46:35.105","2026-08-11 23:46:35.105","A6rs27zY895","18142259","[PREMIUM]","[PREMIUM]","[PREMIUM]","132","Section 132","19",2,"['3','4']","2027-01-09 00:00:00","electronic","exchange",2,"[PREMIUM]","2"
"BALImXk4exO","2026-08-11 23:46:35.105","2026-08-24 22:41:13.149","BALImXk4exO","18142259","[PREMIUM]","[PREMIUM]","[PREMIUM]","227","Section 227","19",6,"['1','2','3','4','5','6']","2027-01-09 00:00:00","electronic","exchange",5,"[PREMIUM]","1,2,3,4,6"
"JABI39m3B6O","2026-08-11 23:46:35.105","2026-08-12 23:02:26.019","JABI39m3B6O","18142259","[PREMIUM]","[PREMIUM]","[PREMIUM]","138","Section 138","12",4,"['13','14','15','16']","2026-05-14 00:00:00","electronic","exchange",0,"[PREMIUM]","2,4"
"JABI39m3DgA","2026-08-11 23:46:35.105","2026-08-24 22:41:13.149","JABI39m3DgA","18142259","[PREMIUM]","[PREMIUM]","[PREMIUM]","115","Section 115","20",8,"['9','10','11','12','13','14','15','16']","2027-01-09 00:00:00","electronic","exchange",2,"[PREMIUM]","1,2,3,4,5,6,8"
"Kezcz6azbJ9","2026-08-11 23:46:35.105","2026-08-12 23:02:26.019","Kezcz6azbJ9","18142259","[PREMIUM]","[PREMIUM]","[PREMIUM]","126","Section 126","11",12,"['5','6','7','8','9','10','11','12','13','14','15','16']","2026-05-14 00:00:00","electronic","exchange",0,"[PREMIUM]","1,2,3,4,5,6,7,8,9,10,12"
"LbviLEVm3oX","2026-08-11 23:46:35.105","2026-08-19 09:17:54.343","LbviLEVm3oX","18142259","[PREMIUM]","[PREMIUM]","[PREMIUM]","437","Section 437","7",4,"['11','12','13','14']","2026-05-14 00:00:00","electronic","exchange",1,"[PREMIUM]","2,4"
"MAeIPlYNJRG","2026-08-11 23:46:35.105","2026-08-15 22:27:46.726","MAeIPlYNJRG","18142259","[PREMIUM]","[PREMIUM]","[PREMIUM]","228","Section 228","18",4,"['21','22','23','24']","2027-01-09 00:00:00","electronic","exchange",3,"[PREMIUM]","1,2,4"
"MAeIPlmdmql","2026-08-11 23:46:35.105","2026-08-24 22:41:13.149","MAeIPlmdmql","18142259","[PREMIUM]","[PREMIUM]","[PREMIUM]","225","Section 225","22",2,"['1','2']","2027-01-09 00:00:00","electronic","exchange",1,"[PREMIUM]","2"
"O7AhwrO7vZ2","2026-08-11 23:46:35.105","2026-08-20 22:36:13.721","O7AhwrO7vZ2","18142259","[PREMIUM]","[PREMIUM]","[PREMIUM]","230","Section 230","18",8,"['1','2','3','4','5','6','7','8']","2027-01-09 00:00:00","electronic","exchange",1,"[PREMIUM]","1,2,3,4,5,6,8"
"PX0sgL4g7Jn","2026-08-11 23:46:35.105","2026-08-14 23:53:29.459","PX0sgL4g7Jn","18142259","[PREMIUM]","[PREMIUM]","[PREMIUM]","427","Section 427","19",12,"['1','2','3','4','5','6','7','8','9','10','11','12']","2026-05-14 00:00:00","electronic","exchange",0,"[PREMIUM]","1,2,3,4,5,6,7,8,9,10,12"
"O7AhwrboNgz","2026-08-11 23:46:35.105","2026-08-24 22:41:13.149","O7AhwrboNgz","18142259","[PREMIUM]","[PREMIUM]","[PREMIUM]","111","Section 111","8",10,"['9','10','11','12','13','14','15','16','17','18']","2026-05-14 00:00:00","electronic","exchange",0,"[PREMIUM]","1,2,3,4,5,6,7,8,10"
"PX0sgmJxZ8z","2026-08-11 23:46:35.105","2026-08-20 22:36:13.721","PX0sgmJxZ8z","18142259","[PREMIUM]","[PREMIUM]","[PREMIUM]","140","Section 140","6",2,"['3','4']","2027-01-09 00:00:00","electronic","exchange",0,"[PREMIUM]","2"
"V4KU0MxzmBe","2026-08-11 23:46:35.105","2026-08-20 22:36:13.721","V4KU0MxzmBe","18142259","[PREMIUM]","[PREMIUM]","[PREMIUM]","215","Section 215","23",2,"['49','50']","2027-01-09 00:00:00","electronic","exchange",3,"[PREMIUM]","2"
"YgJtk6ZYVDZ","2026-08-11 23:46:35.105","2026-08-24 22:41:13.149","YgJtk6ZYVDZ","18142259","[PREMIUM]","[PREMIUM]","[PREMIUM]","229","Section 229","17",8,"['15','16','17','18','19','20','21','22']","2027-01-09 00:00:00","electronic","exchange",4,"[PREMIUM]","1,2,3,4,5,6,8"
"YgJtk6ZVP0a","2026-08-11 23:46:35.105","2026-08-24 22:41:13.149","YgJtk6ZVP0a","18142259","[PREMIUM]","[PREMIUM]","[PREMIUM]","226","Section 226","15",6,"['16','17','18','19','20','21']","2027-01-09 00:00:00","electronic","exchange",5,"[PREMIUM]","1,2,3,4,6"
"agktlDOeO0g","2026-08-11 23:46:35.105","2026-08-13 22:36:14.809","agktlDOeO0g","18142259","[PREMIUM]","[PREMIUM]","[PREMIUM]","216","Section 216","21",4,"['17','18','19','20']","2027-01-09 00:00:00","electronic","exchange",5,"[PREMIUM]","1,2,4"
"agktlDvw7z9","2026-08-11 23:46:35.105","2026-08-24 22:41:13.149","agktlDvw7z9","18142259","[PREMIUM]","[PREMIUM]","[PREMIUM]","229","Section 229","23",4,"['21','22','23','24']","2027-01-09 00:00:00","electronic","exchange",3,"[PREMIUM]","1,2,4"
"b4wUa4BXNzE","2026-08-11 23:46:35.105","2026-08-22 22:31:43.873","b4wUa4BXNzE","18142259","[PREMIUM]","[PREMIUM]","[PREMIUM]","131","Section 131","1",2,"['18','19']","2027-01-09 00:00:00","electronic","exchange",3,"[PREMIUM]","2"
"b4wUaGKNPoY","2026-08-11 23:46:35.105","2026-08-23 22:31:42.074","b4wUaGKNPoY","18142259","[PREMIUM]","[PREMIUM]","[PREMIUM]","228","Section 228","23",2,"['11','12']","2027-01-09 00:00:00","electronic","exchange",3,"[PREMIUM]","2"
"b4wUaGVnaPA","2026-08-11 23:46:35.105","2026-08-20 22:36:13.721","b4wUaGVnaPA","18142259","[PREMIUM]","[PREMIUM]","[PREMIUM]","133","Section 133","23",4,"['20','21','22','23']","2027-01-09 00:00:00","electronic","exchange",1,"[PREMIUM]","1,2,4"
"dNgUg6n9qZb","2026-08-11 23:46:35.105","2026-08-18 11:43:56.656","dNgUg6n9qZb","18142259","[PREMIUM]","[PREMIUM]","[PREMIUM]","220","Section 220","23",2,"['1','2']","2027-01-09 00:00:00","electronic","exchange",3,"[PREMIUM]","2"
"eeacK2op7xp","2026-08-11 23:46:35.105","2026-08-24 22:41:13.149","eeacK2op7xp","18142259","[PREMIUM]","[PREMIUM]","[PREMIUM]","220","Section 220","17",4,"['21','22','23','24']","2027-01-09 00:00:00","electronic","exchange",4,"[PREMIUM]","1,2,4"
"g48Urov4gZZ","2026-08-11 23:46:35.105","2026-08-24 22:41:13.149","g48Urov4gZZ","18142259","[PREMIUM]","[PREMIUM]","[PREMIUM]","229","Section 229","15",6,"['17','18','19','20','21','22']","2027-01-09 00:00:00","electronic","exchange",4,"[PREMIUM]","1,2,3,4,6"
"lxVsdLKdl6l","2026-08-11 23:46:35.105","2026-08-12 23:02:26.019","lxVsdLKdl6l","18142259","[PREMIUM]","[PREMIUM]","[PREMIUM]","228","Section 228","18",2,"['11','12']","2027-01-09 00:00:00","electronic","exchange",2,"[PREMIUM]","2"
"mxAs4Y2JD0q","2026-08-11 23:46:35.105","2026-08-21 22:23:44.209","mxAs4Y2JD0q","18142259","[PREMIUM]","[PREMIUM]","[PREMIUM]","220","Section 220","21",4,"['11','12','13','14']","2027-01-09 00:00:00","electronic","exchange",4,"[PREMIUM]","1,2,4"
"mxAs4XmdvDD","2026-08-11 23:46:35.105","2026-08-24 22:41:13.149","mxAs4XmdvDD","18142259","[PREMIUM]","[PREMIUM]","[PREMIUM]","133","Section 133","1",2,"['5','6']","2027-01-09 00:00:00","electronic","exchange",4,"[PREMIUM]","2"
"nx0srMJ5BRY","2026-08-11 23:46:35.105","2026-08-19 09:17:54.343","nx0srMJ5BRY","18142259","[PREMIUM]","[PREMIUM]","[PREMIUM]","224","Section 224","17",6,"['1','2','3','4','5','6']","2027-01-09 00:00:00","electronic","exchange",2,"[PREMIUM]","1,2,3,4,6"
"rVOHkREkLmg","2026-08-11 23:46:35.105","2026-08-12 23:02:26.019","rVOHkREkLmg","18142259","[PREMIUM]","[PREMIUM]","[PREMIUM]","114","Section 114","26",6,"['13','14','15','16','17','18']","2026-05-14 00:00:00","electronic","exchange",0,"[PREMIUM]","2,4,6"
"rVOHkRPjN7D","2026-08-11 23:46:35.105","2026-08-24 22:41:13.149","rVOHkRPjN7D","18142259","[PREMIUM]","[PREMIUM]","[PREMIUM]","215","Section 215","20",8,"['11','12','13','14','15','16','17','18']","2027-01-09 00:00:00","electronic","exchange",4,"[PREMIUM]","1,2,3,4,5,6,8"
"xb9imBVE33z","2026-08-11 23:46:35.105","2026-08-21 22:23:44.209","xb9imBVE33z","18142259","[PREMIUM]","[PREMIUM]","[PREMIUM]","225","Section 225","17",6,"['19','20','21','22','23','24']","2027-01-09 00:00:00","electronic","exchange",2,"[PREMIUM]","1,2,3,4,6"
"xb9imBwmMq8","2026-08-11 23:46:35.105","2026-08-12 23:02:26.019","xb9imBwmMq8","18142259","[PREMIUM]","[PREMIUM]","[PREMIUM]","117","Section 117","15",8,"['13','14','15','16','17','18','19','20']","2026-05-14 00:00:00","electronic","exchange",0,"[PREMIUM]","1,2,3,4,5,6,8"
"xzqr1ev","2026-08-11 23:46:35.105","2026-08-24 22:41:13.149","xzqr1ev","18142259","[PREMIUM]","[PREMIUM]","[PREMIUM]","224","Section 224","3",2,"['5','6']",,"electronic","open_marketplace",0,"[PREMIUM]","2"
"z3Es6qgPoX7","2026-08-11 23:46:35.105","2026-08-19 09:17:54.343","z3Es6qgPoX7","18142259","[PREMIUM]","[PREMIUM]","[PREMIUM]","222","Section 222","17",2,"['1','2']","2027-01-09 00:00:00","electronic","exchange",2,"[PREMIUM]","2"
"0n0mr6y","2026-08-11 23:43:37.015","2026-08-20 22:35:55.180","0n0mr6y","18168296","[PREMIUM]","[PREMIUM]","[PREMIUM]","423","Terrace 423","1",4,"['17','18','19','20']",,"electronic","open_marketplace",0,"[PREMIUM]","2,4"
"l_2xKR3D9Fmd6xAsbnQd59sW82lNeH368QbVf9G3LmyFMLjMYxHKew8j2cjGtwQFGG","2026-08-11 23:43:37.015","2026-08-23 22:31:37.742","l_2xKR3D9Fmd6xAsbnQd59sW82lNeH368QbVf9G3LmyFMLjMYxHKew8j2cjGtwQFGG","18168296","[PREMIUM]","[PREMIUM]","[PREMIUM]","126","Section 126","25",8,"['1','2','3','4','5','6','7','8']",,"sg_app","open",1,"[PREMIUM]","1,2,3,4,5,6,8"
"mox8o8j","2026-08-11 23:43:37.015","2026-08-24 22:40:57.911","mox8o8j","18168296","[PREMIUM]","[PREMIUM]","[PREMIUM]","134","Section 134","6",2,"['7','8']",,"electronic","open_marketplace",0,"[PREMIUM]","2"
"o2npq9e","2026-08-11 23:43:37.015","2026-08-16 22:20:17.947","o2npq9e","18168296","[PREMIUM]","[PREMIUM]","[PREMIUM]","434","Terrace 434","1",2,"['21','22']",,"electronic","open_marketplace",0,"[PREMIUM]","2"
"o2mv9n1","2026-08-11 23:43:37.015","2026-08-13 22:35:56.047","o2mv9n1","18168296","[PREMIUM]","[PREMIUM]","[PREMIUM]","239","Section 239","1",2,"['11','12']",,"electronic","open_marketplace",0,"[PREMIUM]","2"
"wzq8y0n","2026-08-11 23:43:37.015","2026-08-24 22:40:57.911","wzq8y0n","18168296","[PREMIUM]","[PREMIUM]","[PREMIUM]","118","Section 118","6",2,"['10','11']",,"electronic","open_marketplace",1,"[PREMIUM]","2"
"y4qdro2","2026-08-11 23:43:37.015","2026-08-24 22:40:57.911","y4qdro2","18168296","[PREMIUM]","[PREMIUM]","[PREMIUM]","118","Section 118","24",4,"['15','16','17','18']",,"electronic","open_marketplace",0,"[PREMIUM]","2,4"
"xzq1g4o","2026-08-11 23:43:37.015","2026-08-24 22:40:57.911","xzq1g4o","18168296","[PREMIUM]","[PREMIUM]","[PREMIUM]","114","Section 114","5",2,"['1','2']",,"electronic","open_marketplace",0,"[PREMIUM]","2"
"0n7dw9z","2026-08-11 23:41:28.213","2026-08-25 11:03:22.311","0n7dw9z","18116893","[PREMIUM]","[PREMIUM]","[PREMIUM]","228","Section 228","11",2,"['24','25']",,"electronic","open_marketplace",1,"[PREMIUM]","2"
"0n09xqo","2026-08-11 23:41:28.213","2026-08-25 11:03:22.311","0n09xqo","18116893","[PREMIUM]","[PREMIUM]","[PREMIUM]","C112","Section C 112","16",2,"['17','18']",,"electronic","open_marketplace",2,"[PREMIUM]","2"
"0n7o0ko","2026-08-11 23:41:28.213","2026-08-25 11:03:22.311","0n7o0ko","18116893","[PREMIUM]","[PREMIUM]","[PREMIUM]","203","Section 203","6",2,"['1','2']",,"electronic","open_marketplace",2,"[PREMIUM]","2"
"0nzq1pj","2026-08-11 23:41:28.213","2026-08-25 11:03:22.311","0nzq1pj","18116893","[PREMIUM]","[PREMIUM]","[PREMIUM]","439","Section 439","12",2,"['14','15']",,"electronic","open_marketplace",2,"[PREMIUM]","2"
"1rpm091","2026-08-11 23:41:28.213","2026-08-25 11:03:22.311","1rpm091","18116893","[PREMIUM]","[PREMIUM]","[PREMIUM]","C115","Section C 115","22",5,"['3','4','5','6','7']",,"electronic","open_marketplace",5,"[PREMIUM]","1,2,3,5"
"2k892q8","2026-08-11 23:41:28.213","2026-08-25 11:03:22.311","2k892q8","18116893","[PREMIUM]","[PREMIUM]","[PREMIUM]","150","Section 150","17",2,"['15','16']",,"electronic","open_marketplace",0,"[PREMIUM]","2"
"2k8p4vp","2026-08-11 23:41:28.213","2026-08-25 11:03:22.311","2k8p4vp","18116893","[PREMIUM]","[PREMIUM]","[PREMIUM]","C133","Section C 133","5",2,"['7','8']",,"electronic","open_marketplace",0,"[PREMIUM]","2"
"1rp8020","2026-08-11 23:41:28.213","2026-08-25 11:03:22.311","1rp8020","18116893","[PREMIUM]","[PREMIUM]","[PREMIUM]","119","Section 119","20",2,"['9','10']",,"electronic","open_marketplace",2,"[PREMIUM]","2"
"2v0cz3LxjzE","2026-08-11 23:41:28.213","2026-08-13 22:33:21.169","2v0cz3LxjzE","18116893","[PREMIUM]","[PREMIUM]","[PREMIUM]","SRO C","Standing Room Only","201",3,"['8','9','10']","2026-10-31 00:00:00","electronic","exchange",0,"[PREMIUM]","1,3"
"2v0cz3Org6P","2026-08-11 23:41:28.213","2026-08-15 22:24:15.549","2v0cz3Org6P","18116893","[PREMIUM]","[PREMIUM]","[PREMIUM]","SRO B","Standing Room Only","151",4,"['41','42','43','44']","2026-10-31 00:00:00","electronic","exchange",0,"[PREMIUM]","1,2,4"
"2v0cz3VERVA","2026-08-11 23:41:28.213","2026-08-11 23:41:28.213","2v0cz3VERVA","18116893","[PREMIUM]","[PREMIUM]","[PREMIUM]","SRO D","Standing Room Only","248",2,"['49','50']","2026-10-31 00:00:00","electronic","exchange",1,"[PREMIUM]","2"
"2v0cz3e9Nxm","2026-08-11 23:41:28.213","2026-08-11 23:41:28.213","2v0cz3e9Nxm","18116893","[PREMIUM]","[PREMIUM]","[PREMIUM]","SRO BB","Standing Room Only","328",4,"['33','34','35','36']","2026-10-31 00:00:00","electronic","exchange",0,"[PREMIUM]","1,2,4"
"4vXcj9rVemR","2026-08-11 23:41:28.213","2026-08-11 23:41:28.213","4vXcj9rVemR","18116893","[PREMIUM]","[PREMIUM]","[PREMIUM]","SRO DD","Standing Room Only","410",6,"['19','20','21','22','23','24']","2026-10-31 00:00:00","electronic","exchange",1,"[PREMIUM]","1,2,3,4,6"
"5EjuZ6JAqNA","2026-08-11 23:41:28.213","2026-08-11 23:41:28.213","5EjuZ6JAqNA","18116893","[PREMIUM]","[PREMIUM]","[PREMIUM]","SRO DD","Standing Room Only","424",6,"['3','4','5','6','7','8']","2026-10-31 00:00:00","electronic","exchange",0,"[PREMIUM]","1,2,3,4,6"
"6gerezr","2026-08-11 23:41:28.213","2026-08-25 11:03:22.311","6gerezr","18116893","[PREMIUM]","[PREMIUM]","[PREMIUM]","443","Section 443","12",2,"['16','17']",,"electronic","open_marketplace",0,"[PREMIUM]","2"
"6mOhkAMXArD","2026-08-11 23:41:28.213","2026-08-11 23:41:28.213","6mOhkAMXArD","18116893","[PREMIUM]","[PREMIUM]","[PREMIUM]","SRO BB","Standing Room Only","324",6,"['27','28','29','30','31','32']","2026-10-31 00:00:00","electronic","exchange",1,"[PREMIUM]","1,2,3,4,6"
"7KntAljKJE0","2026-08-11 23:41:28.213","2026-08-12 22:57:13.349","7KntAljKJE0","18116893","[PREMIUM]","[PREMIUM]","[PREMIUM]","SRO C","Standing Room Only","215",6,"['25','26','27','28','29','30']","2026-10-31 00:00:00","electronic","exchange",0,"[PREMIUM]","1,2,3,4,6"
"86xe9xd","2026-08-11 23:41:28.213","2026-08-13 22:33:21.169","86xe9xd","18116893","[PREMIUM]","[PREMIUM]","[PREMIUM]","145","Section 145","9",2,"['15','16']",,"electronic","open_marketplace",0,"[PREMIUM]","2"
"86xenkj","2026-08-11 23:41:28.213","2026-08-25 11:03:22.311","86xenkj","18116893","[PREMIUM]","[PREMIUM]","[PREMIUM]","329","Section 329","9",2,"['3','4']",,"electronic","open_marketplace",4,"[PREMIUM]","2"
"86x0w4e","2026-08-11 23:41:28.213","2026-08-25 11:03:22.311","86x0w4e","18116893","[PREMIUM]","[PREMIUM]","[PREMIUM]","413","Section 413","11",4,"['6','7','8','9']",,"electronic","open_marketplace",2,"[PREMIUM]","4"
"9P2c5qAoqr9","2026-08-11 23:41:28.213","2026-08-11 23:41:28.213","9P2c5qAoqr9","18116893","[PREMIUM]","[PREMIUM]","[PREMIUM]","SRO D","Standing Room Only","253",6,"['37','38','39','40','41','42']","2026-10-31 00:00:00","electronic","exchange",5,"[PREMIUM]","1,2,3,4,6"
"9P2c5qAjmPE","2026-08-11 23:41:28.213","2026-08-12 22:57:13.349","9P2c5qAjmPE","18116893","[PREMIUM]","[PREMIUM]","[PREMIUM]","SRO DD","Standing Room Only","402",4,"['3','4','5','6']","2026-10-31 00:00:00","electronic","exchange",3,"[PREMIUM]","1,2,4"
"9d279r9","2026-08-11 23:41:28.213","2026-08-12 22:57:13.349","9d279r9","18116893","[PREMIUM]","[PREMIUM]","[PREMIUM]","410","Section 410","1",2,"['15','16']",,"electronic","open_marketplace",0,"[PREMIUM]","2"
"A6rs27znX3e","2026-08-11 23:41:28.213","2026-08-21 13:38:46.580","A6rs27znX3e","18116893","[PREMIUM]","[PREMIUM]","[PREMIUM]","418","Section 418","23",2,"['9','10']","2026-10-31 00:00:00","electronic","exchange",0,"[PREMIUM]","2"
"BALImX4AR5L","2026-08-11 23:41:28.213","2026-08-25 11:03:22.311","BALImX4AR5L","18116893","[PREMIUM]","[PREMIUM]","[PREMIUM]","407","Section 407","19",4,"['18','19','20','21']","2026-10-31 00:00:00","electronic","exchange",5,"[PREMIUM]","1,2,4"
"DdwHkOeKrYq","2026-08-11 23:41:28.213","2026-08-14 23:44:32.232","DdwHkOeKrYq","18116893","[PREMIUM]","[PREMIUM]","[PREMIUM]","250","Section 250","2",4,"['5','6','7','8']","2026-10-31 00:00:00","electronic","exchange",0,"[PREMIUM]","1,2,4"
"DdwHkOpgMXX","2026-08-11 23:41:28.213","2026-08-18 11:27:16.676","DdwHkOpgMXX","18116893","[PREMIUM]","[PREMIUM]","[PREMIUM]","SRO AA","Standing Room Only","300",4,"['3','4','5','6']","2026-10-31 00:00:00","electronic","exchange",5,"[PREMIUM]","1,2,4"
"EroUXnA3qdP","2026-08-11 23:41:28.213","2026-08-20 22:33:34.939","EroUXnA3qdP","18116893","[PREMIUM]","[PREMIUM]","[PREMIUM]","403","Section 403","10",4,"['17','18','19','20']","2026-10-30 00:00:00","electronic","exchange",0,"[PREMIUM]","2,4"
"EroUXneMdvA","2026-08-11 23:41:28.213","2026-08-11 23:41:28.213","EroUXneMdvA","18116893","[PREMIUM]","[PREMIUM]","[PREMIUM]","SRO DD","Standing Room Only","426",2,"['1','2']","2026-10-31 00:00:00","electronic","exchange",0,"[PREMIUM]","2"
"EroUXneaMzj","2026-08-11 23:41:28.213","2026-08-12 22:57:13.349","EroUXneaMzj","18116893","[PREMIUM]","[PREMIUM]","[PREMIUM]","SRO C","Standing Room Only","221",8,"['23','24','25','26','27','28','29','30']","2026-10-31 00:00:00","electronic","exchange",0,"[PREMIUM]","1,2,3,4,5,6,8"
"JABI39A0jxA","2026-08-11 23:41:28.213","2026-08-25 11:03:22.311","JABI39A0jxA","18116893","[PREMIUM]","[PREMIUM]","[PREMIUM]","438","Section 438","25",2,"['17','18']","2026-10-31 00:00:00","electronic","exchange",5,"[PREMIUM]","2"
"JABI39m7920","2026-08-11 23:41:28.213","2026-08-11 23:41:28.213","JABI39m7920","18116893","[PREMIUM]","[PREMIUM]","[PREMIUM]","SRO BB","Standing Room Only","350",2,"['25','26']","2026-10-31 00:00:00","electronic","exchange",3,"[PREMIUM]","2"
"JABI39mvLo9","2026-08-11 23:41:28.213","2026-08-19 08:49:28.027","JABI39mvLo9","18116893","[PREMIUM]","[PREMIUM]","[PREMIUM]","SRO BB","Standing Room Only","349",4,"['41','42','43','44']","2026-10-31 00:00:00","electronic","exchange",0,"[PREMIUM]","1,2,4"
"LbviLEbD0w6","2026-08-11 23:41:28.213","2026-08-18 11:27:16.676","LbviLEbD0w6","18116893","[PREMIUM]","[PREMIUM]","[PREMIUM]","403","Section 403","20",5,"['9','10','11','12','13']","2026-10-30 00:00:00","electronic","exchange",1,"[PREMIUM]","1,2,3,5"
"LbviLEbD0wR","2026-08-11 23:41:28.213","2026-08-18 11:27:16.676","LbviLEbD0wR","18116893","[PREMIUM]","[PREMIUM]","[PREMIUM]","405","Section 405","21",6,"['1','2','3','4','5','6']","2026-10-30 00:00:00","electronic","exchange",0,"[PREMIUM]","2,4,6"
"LbviLEpr0mR","2026-08-11 23:41:28.213","2026-08-11 23:41:28.213","LbviLEpr0mR","18116893","[PREMIUM]","[PREMIUM]","[PREMIUM]","SRO BB","Standing Room Only","334",2,"['27','28']","2026-10-31 00:00:00","electronic","exchange",5,"[PREMIUM]","2"
"LbviLEk9np6","2026-08-11 23:41:28.213","2026-08-25 11:03:22.311","LbviLEk9np6","18116893","[PREMIUM]","[PREMIUM]","[PREMIUM]","440","Section 440","22",2,"['22','23']","2026-10-31 00:00:00","electronic","exchange",5,"[PREMIUM]","2"
"PX0sgL2bp8Z","2026-08-11 23:41:28.213","2026-08-25 11:03:22.311","PX0sgL2bp8Z","18116893","[PREMIUM]","[PREMIUM]","[PREMIUM]","C114","Section C 114","16",2,"['7','8']","2026-10-31 00:00:00","electronic","exchange",2,"[PREMIUM]","2"
"ROXHzwjL4Z8","2026-08-11 23:41:28.213","2026-08-12 22:57:13.349","ROXHzwjL4Z8","18116893","[PREMIUM]","[PREMIUM]","[PREMIUM]","SRO AA","Standing Room Only","303",6,"['35','36','37','38','39','40']","2026-10-31 00:00:00","electronic","exchange",0,"[PREMIUM]","1,2,3,4,6"
"ROXHzwmeXd8","2026-08-11 23:41:28.213","2026-08-15 22:24:15.549","ROXHzwmeXd8","18116893","[PREMIUM]","[PREMIUM]","[PREMIUM]","SRO BB","Standing Room Only","322",6,"['15','16','17','18','19','20']","2026-10-31 00:00:00","electronic","exchange",6,"[PREMIUM]","1,2,3,4,6"
"X03tKjJ8LjA","2026-08-11 23:41:28.213","2026-08-12 22:57:13.349","X03tKjJ8LjA","18116893","[PREMIUM]","[PREMIUM]","[PREMIUM]","SRO DD","Standing Room Only","399",2,"['1','2']","2026-10-31 00:00:00","electronic","exchange",3,"[PREMIUM]","2"
"X03tKj7Nkme","2026-08-11 23:41:28.213","2026-08-25 11:03:22.311","X03tKj7Nkme","18116893","[PREMIUM]","[PREMIUM]","[PREMIUM]","405","Section 405","21",2,"['11','12']","2026-10-31 00:00:00","electronic","exchange",5,"[PREMIUM]","2"
"X03tKjmNpKV","2026-08-11 23:41:28.213","2026-08-11 23:41:28.213","X03tKjmNpKV","18116893","[PREMIUM]","[PREMIUM]","[PREMIUM]","SRO BB","Standing Room Only","346",2,"['7','8']","2026-10-31 00:00:00","electronic","exchange",0,"[PREMIUM]","2"
"YgJtk6ZrB9g","2026-08-11 23:41:28.213","2026-08-11 23:41:28.213","YgJtk6ZrB9g","18116893","[PREMIUM]","[PREMIUM]","[PREMIUM]","SRO C","Standing Room Only","218",8,"['15','16','17','18','19','20','21','22']","2026-10-31 00:00:00","electronic","exchange",1,"[PREMIUM]","1,2,3,4,5,6,8"
"YgJtk6ZKqkJ","2026-08-11 23:41:28.213","2026-08-11 23:41:28.213","YgJtk6ZKqkJ","18116893","[PREMIUM]","[PREMIUM]","[PREMIUM]","SRO AA","Standing Room Only","301",8,"['7','8','9','10','11','12','13','14']","2026-10-31 00:00:00","electronic","exchange",0,"[PREMIUM]","1,2,3,4,5,6,8"
"YgJtk6n7O6P","2026-08-11 23:41:28.213","2026-08-12 22:57:13.349","YgJtk6n7O6P","18116893","[PREMIUM]","[PREMIUM]","[PREMIUM]","SRO CC","Standing Room Only","360",4,"['1','2','3','4']","2026-10-31 00:00:00","electronic","exchange",4,"[PREMIUM]","1,2,4"
"agktlDOApYV","2026-08-11 23:41:28.213","2026-08-11 23:41:28.213","agktlDOApYV","18116893","[PREMIUM]","[PREMIUM]","[PREMIUM]","SRO DD","Standing Room Only","431",6,"['39','40','41','42','43','44']","2026-10-31 00:00:00","electronic","exchange",0,"[PREMIUM]","1,2,3,4,6"
"agktlDOvkLD","2026-08-11 23:41:28.213","2026-08-12 22:57:13.349","agktlDOvkLD","18116893","[PREMIUM]","[PREMIUM]","[PREMIUM]","SRO B","Standing Room Only","166",4,"['43','44','45','46']","2026-10-31 00:00:00","electronic","exchange",0,"[PREMIUM]","1,2,4"
"agktlDvBJqq","2026-08-11 23:41:28.213","2026-08-25 11:03:22.311","agktlDvBJqq","18116893","[PREMIUM]","[PREMIUM]","[PREMIUM]","435","Section 435","11",10,"['11','12','13','14','15','16','17','18','19','20']","2026-07-31 00:00:00","electronic","exchange",3,"[PREMIUM]","1,2,3,4,5,6,7,8,10"
"dNgUg6lNDoV","2026-08-11 23:41:28.213","2026-08-25 11:03:22.311","dNgUg6lNDoV","18116893","[PREMIUM]","[PREMIUM]","[PREMIUM]","405","Section 405","17",2,"['6','7']","2026-10-31 00:00:00","electronic","exchange",5,"[PREMIUM]","2"
"dNgUg6lNDnV","2026-08-11 23:41:28.213","2026-08-25 11:03:22.311","dNgUg6lNDnV","18116893","[PREMIUM]","[PREMIUM]","[PREMIUM]","405","Section 405","23",3,"['9','10','11']","2026-10-31 00:00:00","electronic","exchange",5,"[PREMIUM]","3"
"dmrqprr","2026-08-11 23:41:28.213","2026-08-25 11:03:22.311","dmrqprr","18116893","[PREMIUM]","[PREMIUM]","[PREMIUM]","126","Section 126","2",2,"['14','15']",,"electronic","open_marketplace",1,"[PREMIUM]","2"
"dmrkrgr","2026-08-11 23:41:28.213","2026-08-25 11:03:22.311","dmrkrgr","18116893","[PREMIUM]","[PREMIUM]","[PREMIUM]","223","Section 223","8",2,"['17','18']",,"electronic","open_marketplace",1,"[PREMIUM]","2"
"dmr0yvk","2026-08-11 23:41:28.213","2026-08-25 11:03:22.311","dmr0yvk","18116893","[PREMIUM]","[PREMIUM]","[PREMIUM]","129","Section 129","8",6,"['1','2','3','4','5','6']",,"electronic","open_marketplace",3,"[PREMIUM]","6"
"dmr0y7k","2026-08-11 23:41:28.213","2026-08-25 11:03:22.311","dmr0y7k","18116893","[PREMIUM]","[PREMIUM]","[PREMIUM]","215","Section 215","6",2,"['1','2']",,"electronic","open_marketplace",3,"[PREMIUM]","2"
"g47qxr0","2026-08-11 23:41:28.213","2026-08-25 11:03:22.311","g47qxr0","18116893","[PREMIUM]","[PREMIUM]","[PREMIUM]","411","Section 411","15",2,"['13','14']",,"electronic","open_marketplace",0,"[PREMIUM]","2"
"ekdqwd0","2026-08-11 23:41:28.213","2026-08-25 11:03:22.311","ekdqwd0","18116893","[PREMIUM]","[PREMIUM]","[PREMIUM]","438","Section 438","19",4,"['3','4','5','6']",,"electronic","open_marketplace",0,"[PREMIUM]","2,4"
"ekdqw0e","2026-08-11 23:41:28.213","2026-08-25 11:03:22.311","ekdqw0e","18116893","[PREMIUM]","[PREMIUM]","[PREMIUM]","343","Section 343","17",2,"['27','28']",,"electronic","open_marketplace",3,"[PREMIUM]","2"
"g48UroVkxqO","2026-08-11 23:41:28.213","2026-08-12 22:57:13.349","g48UroVkxqO","18116893","[PREMIUM]","[PREMIUM]","[PREMIUM]","SRO D","Standing Room Only","229",6,"['31','32','33','34','35','36']","2026-10-31 00:00:00","electronic","exchange",0,"[PREMIUM]","1,2,3,4,6"
"jDvsz7Oq3OO","2026-08-11 23:41:28.213","2026-08-11 23:41:28.213","jDvsz7Oq3OO","18116893","[PREMIUM]","[PREMIUM]","[PREMIUM]","SRO BB","Standing Room Only","333",6,"['11','12','13','14','15','16']","2026-10-31 00:00:00","electronic","exchange",0,"[PREMIUM]","1,2,3,4,6"
"jp2q6qp","2026-08-11 23:41:28.213","2026-08-25 11:03:22.311","jp2q6qp","18116893","[PREMIUM]","[PREMIUM]","[PREMIUM]","408","Section 408","20",4,"['13','14','15','16']",,"electronic","open_marketplace",1,"[PREMIUM]","1,2,4"
"kYet94eNZqR","2026-08-11 23:41:28.213","2026-08-11 23:41:28.213","kYet94eNZqR","18116893","[PREMIUM]","[PREMIUM]","[PREMIUM]","SRO A","Standing Room Only","142",8,"['27','28','29','30','31','32','33','34']","2026-10-31 00:00:00","electronic","exchange",0,"[PREMIUM]","1,2,3,4,5,6,8"
"kpjoppy","2026-08-11 23:41:28.213","2026-08-25 11:03:22.311","kpjoppy","18116893","[PREMIUM]","[PREMIUM]","[PREMIUM]","439","Section 439","24",3,"['3','4','5']",,"electronic","open_marketplace",1,"[PREMIUM]","3"
"lxVsdL5gGEL","2026-08-11 23:41:28.213","2026-08-19 08:49:28.027","lxVsdL5gGEL","18116893","[PREMIUM]","[PREMIUM]","[PREMIUM]","403","Section 403","16",7,"['1','2','3','4','5','6','7']","2026-10-30 00:00:00","electronic","exchange",0,"[PREMIUM]","1,2,3,4,5,7"
"lxVsdLPB6lY","2026-08-11 23:41:28.213","2026-08-12 22:57:13.349","lxVsdLPB6lY","18116893","[PREMIUM]","[PREMIUM]","[PREMIUM]","SRO C","Standing Room Only","220",2,"['1','2']","2026-10-31 00:00:00","electronic","exchange",0,"[PREMIUM]","2"
"movdp0q","2026-08-11 23:41:28.213","2026-08-25 11:03:22.311","movdp0q","18116893","[PREMIUM]","[PREMIUM]","[PREMIUM]","318","Section 318","14",2,"['24','25']",,"electronic","open_marketplace",2,"[PREMIUM]","2"
"movd78j","2026-08-11 23:41:28.213","2026-08-13 22:33:21.169","movd78j","18116893","[PREMIUM]","[PREMIUM]","[PREMIUM]","439","Section 439","20",2,"['17','18']",,"electronic","open_marketplace",0,"[PREMIUM]","2"
"mxAs4Y2edmB","2026-08-11 23:41:28.213","2026-08-11 23:41:28.213","mxAs4Y2edmB","18116893","[PREMIUM]","[PREMIUM]","[PREMIUM]","SRO C","Standing Room Only","225",2,"['27','28']","2026-10-31 00:00:00","electronic","exchange",0,"[PREMIUM]","2"
"nx0srMNag7N","2026-08-11 23:41:28.213","2026-08-12 22:57:13.349","nx0srMNag7N","18116893","[PREMIUM]","[PREMIUM]","[PREMIUM]","SRO B","Standing Room Only","180",2,"['47','48']","2026-10-31 00:00:00","electronic","exchange",5,"[PREMIUM]","2"
"ny4evnd","2026-08-11 23:41:28.213","2026-08-25 11:03:22.311","ny4evnd","18116893","[PREMIUM]","[PREMIUM]","[PREMIUM]","319","Section 319","6",2,"['28','29']",,"electronic","open_marketplace",1,"[PREMIUM]","2"
"oV7HbE5oPvp","2026-08-11 23:41:28.213","2026-08-18 11:27:16.676","oV7HbE5oPvp","18116893","[PREMIUM]","[PREMIUM]","[PREMIUM]","423","Section 423","17",8,"['9','10','11','12','13','14','15','16']","2026-10-30 00:00:00","electronic","exchange",2,"[PREMIUM]","1,2,3,4,5,6,8"
"oV7HbELVe4V","2026-08-11 23:41:28.213","2026-08-19 08:49:28.027","oV7HbELVe4V","18116893","[PREMIUM]","[PREMIUM]","[PREMIUM]","SRO C","Standing Room Only","189",6,"['45','46','47','48','49','50']","2026-10-31 00:00:00","electronic","exchange",2,"[PREMIUM]","1,2,3,4,6"
"oV7HbELN2OX","2026-08-11 23:41:28.213","2026-08-11 23:41:28.213","oV7HbELN2OX","18116893","[PREMIUM]","[PREMIUM]","[PREMIUM]","SRO AA","Standing Room Only","279",6,"['37','38','39','40','41','42']","2026-10-31 00:00:00","electronic","exchange",0,"[PREMIUM]","1,2,3,4,6"
"p10xjx8","2026-08-11 23:41:28.213","2026-08-12 22:57:13.349","p10xjx8","18116893","[PREMIUM]","[PREMIUM]","[PREMIUM]","102","Section 102","22",2,"['5','6']",,"electronic","open_marketplace",0,"[PREMIUM]","2"
"p1mq7em","2026-08-11 23:41:28.213","2026-08-25 11:03:22.311","p1mq7em","18116893","[PREMIUM]","[PREMIUM]","[PREMIUM]","102","Section 102","15",2,"['10','11']",,"electronic","open_marketplace",1,"[PREMIUM]","2"
"pVXHDE0ZgVD","2026-08-11 23:41:28.213","2026-08-12 22:57:13.349","pVXHDE0ZgVD","18116893","[PREMIUM]","[PREMIUM]","[PREMIUM]","SRO DD","Standing Room Only","405",8,"['7','8','9','10','11','12','13','14']","2026-10-31 00:00:00","electronic","exchange",0,"[PREMIUM]","1,2,3,4,5,6,8"
"q9p29mv","2026-08-11 23:41:28.213","2026-08-23 11:03:10.284","q9p29mv","18116893","[PREMIUM]","[PREMIUM]","[PREMIUM]","302","Section 302","2",2,"['13','14']",,"electronic","open_marketplace",1,"[PREMIUM]","2"
"qVjH2V6V7aG","2026-08-11 23:41:28.213","2026-08-12 22:57:13.349","qVjH2V6V7aG","18116893","[PREMIUM]","[PREMIUM]","[PREMIUM]","SRO D","Standing Room Only","240",4,"['35','36','37','38']","2026-10-31 00:00:00","electronic","exchange",1,"[PREMIUM]","1,2,4"
"qVjH2V6gY3L","2026-08-11 23:41:28.213","2026-08-16 22:18:51.899","qVjH2V6gY3L","18116893","[PREMIUM]","[PREMIUM]","[PREMIUM]","442","Section 442","30",4,"['1','2','3','4']","2026-06-29 00:00:00","electronic","exchange",0,"[PREMIUM]","2,4"
"rVOHkR5oGdL","2026-08-11 23:41:28.213","2026-08-18 11:27:16.676","rVOHkR5oGdL","18116893","[PREMIUM]","[PREMIUM]","[PREMIUM]","434","Section 434","19",8,"['5','6','7','8','9','10','11','12']","2026-10-30 00:00:00","electronic","exchange",1,"[PREMIUM]","1,2,3,4,5,6,8"
"rVOHkRZ2PeD","2026-08-11 23:41:28.213","2026-08-11 23:41:28.213","rVOHkRZ2PeD","18116893","[PREMIUM]","[PREMIUM]","[PREMIUM]","SRO CC","Standing Room Only","381",6,"['3','4','5','6','7','8']","2026-10-31 00:00:00","electronic","exchange",3,"[PREMIUM]","1,2,3,4,6"
"rr0vqdy","2026-08-11 23:41:28.213","2026-08-20 22:33:34.939","rr0vqdy","18116893","[PREMIUM]","[PREMIUM]","[PREMIUM]","341","Section 341","16",4,"['10','11','12','13']",,"electronic","open_marketplace",0,"[PREMIUM]","2,4"
"rr8k4no","2026-08-11 23:41:28.213","2026-08-15 22:24:15.549","rr8k4no","18116893","[PREMIUM]","[PREMIUM]","[PREMIUM]","446","Section 446","18",2,"['17','18']",,"electronic","open_marketplace",0,"[PREMIUM]","2"
"v6qyee0","2026-08-11 23:41:28.213","2026-08-19 08:49:28.027","v6qyee0","18116893","[PREMIUM]","[PREMIUM]","[PREMIUM]","128","Section 128","5",2,"['9','10']",,"electronic","open_marketplace",0,"[PREMIUM]","2"
"rrmdnm7","2026-08-11 23:41:28.213","2026-08-25 11:03:22.311","rrmdnm7","18116893","[PREMIUM]","[PREMIUM]","[PREMIUM]","347","Section 347","1",3,"['15','16','17']",,"electronic","open_marketplace",5,"[PREMIUM]","1,3"
"rr8krd7","2026-08-11 23:41:28.213","2026-08-25 11:03:22.311","rr8krd7","18116893","[PREMIUM]","[PREMIUM]","[PREMIUM]","146","Section 146","20",2,"['27','28']",,"electronic","open_marketplace",2,"[PREMIUM]","2"
"rr8z42o","2026-08-11 23:41:28.213","2026-08-25 11:03:22.311","rr8z42o","18116893","[PREMIUM]","[PREMIUM]","[PREMIUM]","221","Section 221","2",2,"['15','16']",,"electronic","open_marketplace",0,"[PREMIUM]","2"
"wzymv6o","2026-08-11 23:41:28.213","2026-08-25 11:03:22.311","wzymv6o","18116893","[PREMIUM]","[PREMIUM]","[PREMIUM]","119","Section 119","17",4,"['3','4','5','6']",,"electronic","open_marketplace",2,"[PREMIUM]","1,2,4"
"xzqrken","2026-08-11 23:41:28.213","2026-08-25 11:03:22.311","xzqrken","18116893","[PREMIUM]","[PREMIUM]","[PREMIUM]","Standing Room Only","Standing Room Only",,1,"[]",,"electronic","open_marketplace",0,"[PREMIUM]","1"
"y4q1vnr","2026-08-11 23:41:28.213","2026-08-24 11:03:34.882","y4q1vnr","18116893","[PREMIUM]","[PREMIUM]","[PREMIUM]","441","Section 441","22",2,"['22','23']",,"electronic","open_marketplace",0,"[PREMIUM]","2"
"zpqe16j","2026-08-11 23:41:28.213","2026-08-25 11:03:22.311","zpqe16j","18116893","[PREMIUM]","[PREMIUM]","[PREMIUM]","322","Section 322","4",4,"['15','16','17','18']",,"electronic","open_marketplace",2,"[PREMIUM]","2,4"
"zpjo4z4","2026-08-11 23:41:28.213","2026-08-25 11:03:22.311","zpjo4z4","18116893","[PREMIUM]","[PREMIUM]","[PREMIUM]","444","Section 444","5",4,"['9','10','11','12']",,"electronic","open_marketplace",0,"[PREMIUM]","1,2,4"
"zpq8jgw","2026-08-11 23:41:28.213","2026-08-25 11:03:22.311","zpq8jgw","18116893","[PREMIUM]","[PREMIUM]","[PREMIUM]","349","Section 349","4",3,"['10','11','12']",,"electronic","open_marketplace",1,"[PREMIUM]","1,3"
"7KntAlxk79o","2026-08-11 23:41:16.121","2026-08-25 11:09:53.694","7KntAlxk79o","18014104","[PREMIUM]","[PREMIUM]","[PREMIUM]","36","Gallagher Club 36","a",2,"['15','16']","2026-11-28 00:00:00","sg_app","exchange",0,"[PREMIUM]","2"
"LbviLEVXVnK","2026-08-11 23:41:16.121","2026-08-25 11:09:53.694","LbviLEVXVnK","18014104","[PREMIUM]","[PREMIUM]","[PREMIUM]","125","Section 125","s",4,"['7','8','9','10']","2026-08-11 00:00:00","sg_app","exchange",0,"[PREMIUM]","1,2,3,4"
"NrqUv40J0r8","2026-08-11 23:41:16.121","2026-08-25 11:09:53.694","NrqUv40J0r8","18014104","[PREMIUM]","[PREMIUM]","[PREMIUM]","142","Section 142","b",2,"['13','14']","2026-08-11 00:00:00","sg_app","exchange",0,"[PREMIUM]","2"
"NrqUv4jx2La","2026-08-11 23:41:16.121","2026-08-12 13:58:48.574","NrqUv4jx2La","18014104","[PREMIUM]","[PREMIUM]","[PREMIUM]","241","Section 241","p",12,"['5','6','7','8','9','10','11','12','13','14','15','16']","2026-05-14 00:00:00","sg_app","exchange",2,"[PREMIUM]","1,2,3,4,5,6,7,8,9,10,12"
"O7Ahwrbkbpw","2026-08-11 23:41:16.121","2026-08-25 11:09:53.694","O7Ahwrbkbpw","18014104","[PREMIUM]","[PREMIUM]","[PREMIUM]","231","Section 231","r",4,"['1','2','3','4']","2026-08-11 00:00:00","sg_app","exchange",1,"[PREMIUM]","1,2,3,4"
"X03tKjX3g9V","2026-08-11 23:41:16.121","2026-08-12 13:58:48.574","X03tKjX3g9V","18014104","[PREMIUM]","[PREMIUM]","[PREMIUM]","124","Section 124","p",13,"['3','4','5','6','7','8','9','10','11','12','13','14','15']","2026-05-14 00:00:00","sg_app","exchange",1,"[PREMIUM]","1,2,3,4,5,6,7,8,9,10,11,13"
"YgJtk63Ja76","2026-08-11 23:41:16.121","2026-08-12 13:58:48.574","YgJtk63Ja76","18014104","[PREMIUM]","[PREMIUM]","[PREMIUM]","123","Section 123","y",12,"['4','5','6','7','8','9','10','11','12','13','14','15']","2026-05-14 00:00:00","sg_app","exchange",1,"[PREMIUM]","1,2,3,4,5,6,7,8,9,10,12"
"YgJtk63q3EL","2026-08-11 23:41:16.121","2026-08-25 11:09:53.694","YgJtk63q3EL","18014104","[PREMIUM]","[PREMIUM]","[PREMIUM]","131","Section 131","c",4,"['9','10','11','12']","2026-08-11 00:00:00","sg_app","exchange",0,"[PREMIUM]","1,2,3,4"
"Zm9hvwL6Lwm","2026-08-11 23:41:16.121","2026-08-25 11:09:53.694","Zm9hvwL6Lwm","18014104","[PREMIUM]","[PREMIUM]","[PREMIUM]","35","Gallagher Club 35","e",8,"['11','12','13','14','15','16','17','18']","2026-08-11 00:00:00","sg_app","exchange",2,"[PREMIUM]","1,2,3,4,5,6,7,8"
"b4wUaGKXg6x","2026-08-11 23:41:16.121","2026-08-12 13:58:48.574","b4wUaGKXg6x","18014104","[PREMIUM]","[PREMIUM]","[PREMIUM]","128","Section 128","cc",3,"['13','14','15']","2026-05-14 00:00:00","sg_app","exchange",2,"[PREMIUM]","1,3"
"kYet94kjd0x","2026-08-11 23:41:16.121","2026-08-25 11:09:53.694","kYet94kjd0x","18014104","[PREMIUM]","[PREMIUM]","[PREMIUM]","123","Section 123","w",2,"['4','5']","2026-11-28 00:00:00","sg_app","exchange",1,"[PREMIUM]","2"
"mxAs4Y2L2XG","2026-08-11 23:41:16.121","2026-08-25 11:09:53.694","mxAs4Y2L2XG","18014104","[PREMIUM]","[PREMIUM]","[PREMIUM]","132","Section 132","m",4,"['15','16','17','18']","2026-08-11 00:00:00","sg_app","exchange",5,"[PREMIUM]","1,2,3,4"
"nx0srMJBzxL","2026-08-11 23:41:16.121","2026-08-22 11:09:28.540","nx0srMJBzxL","18014104","[PREMIUM]","[PREMIUM]","[PREMIUM]","125","Section 125","ee",12,"['1','2','3','4','5','6','7','8','9','10','11','12']","2026-05-14 00:00:00","sg_app","exchange",0,"[PREMIUM]","1,2,3,4,5,6,7,8,9,10,12"
"2v0cz3V2pXJ","2026-08-11 23:40:32.484","2026-08-11 23:40:32.484","2v0cz3V2pXJ","18016685","[PREMIUM]","[PREMIUM]","[PREMIUM]","119","Section 119","s",10,"['3','4','5','6','7','8','9','10','11','12']","2026-08-11 00:00:00","sg_app","exchange",0,"[PREMIUM]","1,2,3,4,5,6,7,8,10"
"3q7fNJm24RG","2026-08-11 23:40:32.484","2026-08-23 22:30:49.598","3q7fNJm24RG","18016685","[PREMIUM]","[PREMIUM]","[PREMIUM]","129","Section 129","x",2,"['3','4']","2026-08-11 00:00:00","sg_app","exchange",0,"[PREMIUM]","2"
"5EjuZ6J7R4m","2026-08-11 23:40:32.484","2026-08-12 23:24:05.003","5EjuZ6J7R4m","18016685","[PREMIUM]","[PREMIUM]","[PREMIUM]","105","Section 105","h",4,"['7','8','9','10']","2026-08-11 00:00:00","sg_app","exchange",0,"[PREMIUM]","1,2,4"
"5EjuZ6Jd5e9","2026-08-11 23:40:32.484","2026-08-24 22:40:09.393","5EjuZ6Jd5e9","18016685","[PREMIUM]","[PREMIUM]","[PREMIUM]","CHR106","Section 106","m",2,"['13','14']","2026-08-14 00:00:00","sg_app","exchange",3,"[PREMIUM]","2"
"7KntAlBnb2r","2026-08-11 23:40:32.484","2026-08-24 22:40:09.393","7KntAlBnb2r","18016685","[PREMIUM]","[PREMIUM]","[PREMIUM]","324","Section 324","m",2,"['19','20']","2026-12-06 00:00:00","sg_app","exchange",0,"[PREMIUM]","2"
"8lKt6YqnzDM","2026-08-11 23:40:32.484","2026-08-24 22:40:09.393","8lKt6YqnzDM","18016685","[PREMIUM]","[PREMIUM]","[PREMIUM]","320","Section 320","t",1,"['9']","2026-08-14 00:00:00","sg_app","exchange",2,"[PREMIUM]","1"
"A6rs27zmanX","2026-08-11 23:40:32.484","2026-08-14 23:48:31.143","A6rs27zmanX","18016685","[PREMIUM]","[PREMIUM]","[PREMIUM]","113","Section 113","j",4,"['15','16','17','18']","2026-08-14 00:00:00","sg_app","exchange",0,"[PREMIUM]","1,2,4"
"DdwHkOeln5Z","2026-08-11 23:40:32.484","2026-08-18 11:41:48.926","DdwHkOeln5Z","18016685","[PREMIUM]","[PREMIUM]","[PREMIUM]","147","Section 147","nn",22,"['10','11','12','13','14','15','16','17','18','19','20','21','22','23','24','25','26','27','28','29','30','31']","2026-08-14 00:00:00","sg_app","exchange",1,"[PREMIUM]","1,2,3,4,5,6,7,8,9,10,11,12,13,14,15,16,17,18,19,20,22"
"DdwHkOew8LN","2026-08-11 23:40:32.484","2026-08-24 22:40:09.393","DdwHkOew8LN","18016685","[PREMIUM]","[PREMIUM]","[PREMIUM]","324","Section 324","p",1,"['21']","2026-12-06 00:00:00","sg_app","exchange",0,"[PREMIUM]","1"
"EroUXnNBk7x","2026-08-11 23:40:32.484","2026-08-11 23:40:32.484","EroUXnNBk7x","18016685","[PREMIUM]","[PREMIUM]","[PREMIUM]","118","Section 118","t",10,"['8','9','10','11','12','13','14','15','16','17']","2026-08-11 00:00:00","sg_app","exchange",0,"[PREMIUM]","1,2,3,4,5,6,7,8,10"
"jDvsz7O3xbw","2026-08-11 23:40:32.484","2026-08-24 22:40:09.393","jDvsz7O3xbw","18016685","[PREMIUM]","[PREMIUM]","[PREMIUM]","324","Section 324","n",3,"['19','20','21']","2026-12-06 00:00:00","sg_app","exchange",0,"[PREMIUM]","1,2,3"
"mxAs4Y2jzJe","2026-08-11 23:40:32.484","2026-08-15 22:26:33.189","mxAs4Y2jzJe","18016685","[PREMIUM]","[PREMIUM]","[PREMIUM]","116","Section 116","hh",2,"['19','20']","2026-08-14 00:00:00","sg_app","exchange",0,"[PREMIUM]","2"
"oV7HbEJqvdL","2026-08-11 23:40:32.484","2026-08-16 22:19:38.728","oV7HbEJqvdL","18016685","[PREMIUM]","[PREMIUM]","[PREMIUM]","147","Section 147","ll",7,"['22','23','24','25','26','27','28']","2026-08-14 00:00:00","sg_app","exchange",1,"[PREMIUM]","1,2,3,4,5,7"
"pVXHDEqkNwq","2026-08-11 23:40:32.484","2026-08-11 23:40:32.484","pVXHDEqkNwq","18016685","[PREMIUM]","[PREMIUM]","[PREMIUM]","116","Section 116","kk",2,"['19','20']","2026-08-11 00:00:00","sg_app","exchange",1,"[PREMIUM]","2"
"qVjH2V62dXw","2026-08-11 23:40:32.484","2026-08-11 23:40:32.484","qVjH2V62dXw","18016685","[PREMIUM]","[PREMIUM]","[PREMIUM]","140","Section 140","w",3,"['7','8','9']","2026-08-11 00:00:00","sg_app","exchange",1,"[PREMIUM]","1,3"
"pVXHDEq6N59","2026-08-11 23:40:32.484","2026-08-24 22:40:09.393","pVXHDEq6N59","18016685","[PREMIUM]","[PREMIUM]","[PREMIUM]","103","Section 103","w",4,"['2','3','4','5']","2026-12-07 00:00:00","sg_app","exchange",0,"[PREMIUM]","1,2,4"
"vb3iPeLeNJO","2026-08-11 23:40:32.484","2026-08-19 08:57:26.828","vb3iPeLeNJO","18016685","[PREMIUM]","[PREMIUM]","[PREMIUM]","309","Section 309","mm",9,"['17','18','19','20','21','22','23','24','25']","2026-08-14 00:00:00","sg_app","exchange",2,"[PREMIUM]","1,2,3,4,5,6,7,9"
"xb9imBVgEBp","2026-08-11 23:40:32.484","2026-08-24 22:40:09.393","xb9imBVgEBp","18016685","[PREMIUM]","[PREMIUM]","[PREMIUM]","117","Section 117","cc",3,"['5','6','7']","2026-08-14 00:00:00","sg_app","exchange",0,"[PREMIUM]","1,3"
"xzq16jg","2026-08-11 23:40:32.484","2026-08-24 22:40:09.393","xzq16jg","18016685","[PREMIUM]","[PREMIUM]","[PREMIUM]","334","Section 334","dd",2,"['17','18']",,"sg_app","marketplace",1,"[PREMIUM]","2"
"O7Ahwrbj85w","2026-08-11 23:40:05.538","2026-08-23 22:29:45.398","O7Ahwrbj85w","18240104","[PREMIUM]","[PREMIUM]","[PREMIUM]","110","Section 110","4",1,"[]","2026-10-17 00:00:00","electronic","exchange",3,"[PREMIUM]","1"
"eeacK2oJRJP","2026-08-11 23:40:05.538","2026-08-12 22:56:46.371","eeacK2oJRJP","18240104","[PREMIUM]","[PREMIUM]","[PREMIUM]","104","Section 104","6",2,"[]","2026-10-17 00:00:00","electronic","exchange",0,"[PREMIUM]","2"
"lxVsdLKRdJD","2026-08-11 23:40:05.538","2026-08-11 23:40:05.538","lxVsdLKRdJD","18240104","[PREMIUM]","[PREMIUM]","[PREMIUM]","106","Section 106","tbc",2,"['122','123']","2026-10-16 00:00:00","electronic","exchange",2,"[PREMIUM]","2"
"rVOHkREbpqK","2026-08-11 23:40:05.538","2026-08-24 22:39:01.588","rVOHkREbpqK","18240104","[PREMIUM]","[PREMIUM]","[PREMIUM]","542","Section 542","20",1,"[]","2026-10-17 00:00:00","electronic","exchange",5,"[PREMIUM]","1"
"z3Es6qOK9Xo","2026-08-11 23:40:05.538","2026-08-11 23:40:05.538","z3Es6qOK9Xo","18240104","[PREMIUM]","[PREMIUM]","[PREMIUM]","502","Section 502","29",4,"[]","2026-10-17 00:00:00","electronic","exchange",3,"[PREMIUM]","1,2,4"
"05VT8KzP9j5","2026-08-11 23:39:52.472","2026-08-24 22:40:01.851","05VT8KzP9j5","18014004","[PREMIUM]","[PREMIUM]","[PREMIUM]","117","Section 117","15",6,"['7','8','9','10','11','12']","2026-08-10 00:00:00","sg_app","exchange",0,"[PREMIUM]","1,2,3,4,6"
"05VT8KOZ2Jg","2026-08-11 23:39:52.472","2026-08-24 22:40:01.851","05VT8KOZ2Jg","18014004","[PREMIUM]","[PREMIUM]","[PREMIUM]","122","Section 122","13",8,"['1','2','3','4','5','6','7','8']","2026-11-28 00:00:00","sg_app","exchange",1,"[PREMIUM]","1,2,3,4,5,6,8"
"2k898z7","2026-08-11 23:39:52.472","2026-08-24 22:40:01.851","2k898z7","18014004","[PREMIUM]","[PREMIUM]","[PREMIUM]","121","Section 121","18",6,"['16','17','18','19','20','21']",,"sg_app","marketplace",1,"[PREMIUM]","6"
"7KntAl2mVVY","2026-08-11 23:39:52.472","2026-08-24 22:40:01.851","7KntAl2mVVY","18014004","[PREMIUM]","[PREMIUM]","[PREMIUM]","104","Section 104","9",2,"['21','22']","2026-11-28 00:00:00","sg_app","exchange",1,"[PREMIUM]","2"
"DdwHkO6bqmv","2026-08-11 23:39:52.472","2026-08-24 22:40:01.851","DdwHkO6bqmv","18014004","[PREMIUM]","[PREMIUM]","[PREMIUM]","210","Section 210","6",4,"['5','6','7','8']","2026-11-27 00:00:00","sg_app","exchange",1,"[PREMIUM]","2,4"
"GAaI62VlkNP","2026-08-11 23:39:52.472","2026-08-24 22:40:01.851","GAaI62VlkNP","18014004","[PREMIUM]","[PREMIUM]","[PREMIUM]","139","Section 139","13",10,"['3','4','5','6','7','8','9','10','11','12']","2026-08-10 00:00:00","sg_app","exchange",4,"[PREMIUM]","1,2,3,4,5,6,7,8,10"
"GAaI62YqagL","2026-08-11 23:39:52.472","2026-08-24 22:40:01.851","GAaI62YqagL","18014004","[PREMIUM]","[PREMIUM]","[PREMIUM]","132","Section 132","5",3,"['3','4','5']","2026-11-28 00:00:00","sg_app","exchange",1,"[PREMIUM]","3"
"JABI39mzogV","2026-08-11 23:39:52.472","2026-08-24 22:40:01.851","JABI39mzogV","18014004","[PREMIUM]","[PREMIUM]","[PREMIUM]","117","Section 117","12",4,"['15','16','17','18']","2026-08-10 00:00:00","sg_app","exchange",0,"[PREMIUM]","1,2,4"
"Kezcz6YlaZo","2026-08-11 23:39:52.472","2026-08-24 22:40:01.851","Kezcz6YlaZo","18014004","[PREMIUM]","[PREMIUM]","[PREMIUM]","132","Section 132","5",2,"['13','14']","2026-11-28 00:00:00","sg_app","exchange",1,"[PREMIUM]","2"
"LbviLE8xBZJ","2026-08-11 23:39:52.472","2026-08-24 22:40:01.851","LbviLE8xBZJ","18014004","[PREMIUM]","[PREMIUM]","[PREMIUM]","105","Section 105","15",4,"['11','12','13','14']","2026-11-29 00:00:00","sg_app","exchange",0,"[PREMIUM]","1,2,4"
"PX0sgLYKAlN","2026-08-11 23:39:52.472","2026-08-24 22:40:01.851","PX0sgLYKAlN","18014004","[PREMIUM]","[PREMIUM]","[PREMIUM]","132","Section 132","5",2,"['10','11']","2026-11-28 00:00:00","sg_app","exchange",1,"[PREMIUM]","2"
"V4KU0M8YkJb","2026-08-11 23:39:52.472","2026-08-24 22:40:01.851","V4KU0M8YkJb","18014004","[PREMIUM]","[PREMIUM]","[PREMIUM]","116","Section 116","31",8,"['17','18','19','20','21','22','23','24']","2026-08-10 00:00:00","sg_app","exchange",4,"[PREMIUM]","1,2,3,4,5,6,8"
"X03tKjrPzB8","2026-08-11 23:39:52.472","2026-08-24 22:40:01.851","X03tKjrPzB8","18014004","[PREMIUM]","[PREMIUM]","[PREMIUM]","110","Section 110","12",1,"['11']","2026-11-28 00:00:00","sg_app","exchange",0,"[PREMIUM]","1"
"nx0srMmO3A6","2026-08-11 23:39:52.472","2026-08-24 22:40:01.851","nx0srMmO3A6","18014004","[PREMIUM]","[PREMIUM]","[PREMIUM]","132","Section 132","6",4,"['19','20','21','22']","2026-11-28 00:00:00","sg_app","exchange",1,"[PREMIUM]","2,4"
"nx0srMgXxNM","2026-08-11 23:39:52.472","2026-08-24 22:40:01.851","nx0srMgXxNM","18014004","[PREMIUM]","[PREMIUM]","[PREMIUM]","135","Section 135","20",14,"['5','6','7','8','9','10','11','12','13','14','15','16','17','18']","2026-08-10 00:00:00","sg_app","exchange",5,"[PREMIUM]","1,2,3,4,5,6,7,8,9,10,11,12,14"
"oV7HbEeMOr7","2026-08-11 23:39:52.472","2026-08-24 22:40:01.851","oV7HbEeMOr7","18014004","[PREMIUM]","[PREMIUM]","[PREMIUM]","105","Section 105","5",2,"['21','22']","2026-11-28 00:00:00","sg_app","exchange",1,"[PREMIUM]","2"
"vb3iPeLM8kp","2026-08-11 23:39:52.472","2026-08-24 22:40:01.851","vb3iPeLM8kp","18014004","[PREMIUM]","[PREMIUM]","[PREMIUM]","117","Section 117","19",10,"['9','10','11','12','13','14','15','16','17','18']","2026-08-10 00:00:00","sg_app","exchange",2,"[PREMIUM]","1,2,3,4,5,6,7,8,10"
"y4qrqdr","2026-08-11 23:39:52.472","2026-08-24 22:40:01.851","y4qrqdr","18014004","[PREMIUM]","[PREMIUM]","[PREMIUM]","116","Section 116","34",2,"['5','6']",,"sg_app","marketplace",1,"[PREMIUM]","2"
"2v0cz3VEb5p","2026-08-11 23:39:31.351","2026-08-24 22:42:22.669","2v0cz3VEb5p","18237489","[PREMIUM]","[PREMIUM]","[PREMIUM]","102","Section 102","6",13,"['1','3','5','7','9','11','13','15','17','19','21','23','25']","2026-11-07 00:00:00","electronic","exchange",1,"[PREMIUM]","1,2,3,4,5,6,7,8,9,10,11,13"
"3q7fNJAknzJ","2026-08-11 23:39:31.351","2026-08-11 23:39:31.351","3q7fNJAknzJ","18237489","[PREMIUM]","[PREMIUM]","[PREMIUM]","538","Section 538","10",6,"['1','3','5','7','9','11']","2026-11-07 00:00:00","electronic","exchange",0,"[PREMIUM]","2,4,6"
"3q7fNJAEYdD","2026-08-11 23:39:31.351","2026-08-24 22:42:22.669","3q7fNJAEYdD","18237489","[PREMIUM]","[PREMIUM]","[PREMIUM]","116","Section 116","17",3,"['1','3','5']","2026-11-07 00:00:00","electronic","exchange",0,"[PREMIUM]","3"
"4vXcj9NjMp8","2026-08-11 23:39:31.351","2026-08-24 22:42:22.669","4vXcj9NjMp8","18237489","[PREMIUM]","[PREMIUM]","[PREMIUM]","313","Section 313","7",8,"['25','27','29','31','33','35','37','39']","2026-11-07 00:00:00","electronic","exchange",0,"[PREMIUM]","1,2,3,4,5,6,8"
"4vXcj9Nj5DM","2026-08-11 23:39:31.351","2026-08-24 22:42:22.669","4vXcj9Nj5DM","18237489","[PREMIUM]","[PREMIUM]","[PREMIUM]","321","Section 321","3",8,"['5','7','9','11','13','15','17','19']","2026-11-07 00:00:00","electronic","exchange",0,"[PREMIUM]","1,2,3,4,5,6,8"
"4vXcj9NYa8E","2026-08-11 23:39:31.351","2026-08-24 22:42:22.669","4vXcj9NYa8E","18237489","[PREMIUM]","[PREMIUM]","[PREMIUM]","116","Section 116","17",3,"[]","2026-11-07 00:00:00","electronic","exchange",0,"[PREMIUM]","1,3"
"4vXcj9N2Beg","2026-08-11 23:39:31.351","2026-08-24 22:42:22.669","4vXcj9N2Beg","18237489","[PREMIUM]","[PREMIUM]","[PREMIUM]","530","Section 530","4",2,"['6113','6114']","2026-11-07 00:00:00","electronic","exchange",1,"[PREMIUM]","2"
"5EjuZ6DqKL6","2026-08-11 23:39:31.351","2026-08-24 22:42:22.669","5EjuZ6DqKL6","18237489","[PREMIUM]","[PREMIUM]","[PREMIUM]","107","Section 107","11",7,"['14','16','18','20','22','24','26']","2026-11-07 00:00:00","electronic","exchange",0,"[PREMIUM]","1,2,3,4,5,7"
"6mOhkAMDlox","2026-08-11 23:39:31.351","2026-08-14 23:47:12.511","6mOhkAMDlox","18237489","[PREMIUM]","[PREMIUM]","[PREMIUM]","Category 2 206","Category 2 206","tbc",4,"[]","2026-11-08 00:00:00","electronic","exchange",7,"[PREMIUM]","2,4"
"6mOhkAGK2X9","2026-08-11 23:39:31.351","2026-08-24 22:42:22.669","6mOhkAGK2X9","18237489","[PREMIUM]","[PREMIUM]","[PREMIUM]","105","Section 105","9",3,"['21','23','25']","2026-11-07 00:00:00","electronic","exchange",0,"[PREMIUM]","3"
"7KntAljDnrR","2026-08-11 23:39:31.351","2026-08-12 22:59:14.163","7KntAljDnrR","18237489","[PREMIUM]","[PREMIUM]","[PREMIUM]","202","Section 202","8",3,"[]","2026-11-07 00:00:00","electronic","exchange",1,"[PREMIUM]","1,3"
"7KntAlBA6Ka","2026-08-11 23:39:31.351","2026-08-24 22:42:22.669","7KntAlBA6Ka","18237489","[PREMIUM]","[PREMIUM]","[PREMIUM]","313","Section 313","7",8,"[]","2026-11-07 00:00:00","electronic","exchange",1,"[PREMIUM]","2,4,6,8"
"7KntAlBe36w","2026-08-11 23:39:31.351","2026-08-24 22:42:22.669","7KntAlBe36w","18237489","[PREMIUM]","[PREMIUM]","[PREMIUM]","105","Section 105","9",6,"['1','3','5','7','9','11']","2026-11-07 00:00:00","electronic","exchange",0,"[PREMIUM]","2,4,6"
"9P2c5qAx9nv","2026-08-11 23:39:31.351","2026-08-24 22:42:22.669","9P2c5qAx9nv","18237489","[PREMIUM]","[PREMIUM]","[PREMIUM]","107","Section 107","7",4,"['29','31','33','35']","2026-11-07 00:00:00","electronic","exchange",0,"[PREMIUM]","2,4"
"BALImX5g4Mr","2026-08-11 23:39:31.351","2026-08-14 23:47:12.511","BALImX5g4Mr","18237489","[PREMIUM]","[PREMIUM]","[PREMIUM]","206","Section 206","TBC",4,"['6','7','8','9']","2026-11-06 00:00:00","electronic","exchange",0,"[PREMIUM]","1,2,4"
"BALImXkmnk5","2026-08-11 23:39:31.351","2026-08-12 22:59:14.163","BALImXkmnk5","18237489","[PREMIUM]","[PREMIUM]","[PREMIUM]","105","Section 105","9",2,"[]","2026-11-07 00:00:00","electronic","exchange",0,"[PREMIUM]","2"
"DdwHkOekdZw","2026-08-11 23:39:31.351","2026-08-24 22:42:22.669","DdwHkOekdZw","18237489","[PREMIUM]","[PREMIUM]","[PREMIUM]","323","Section 323","7",7,"['26','28','30','32','34','36','38']","2026-11-07 00:00:00","electronic","exchange",0,"[PREMIUM]","1,2,3,4,5,7"
"EroUXnN49BB","2026-08-11 23:39:31.351","2026-08-20 22:33:44.232","EroUXnN49BB","18237489","[PREMIUM]","[PREMIUM]","[PREMIUM]","610","Section 610","10",7,"['2','4','6','8','10','12','14']","2026-11-07 00:00:00","electronic","exchange",0,"[PREMIUM]","1,2,3,4,5,7"
"GAaI62eAgbg","2026-08-11 23:39:31.351","2026-08-24 22:42:22.669","GAaI62eAgbg","18237489","[PREMIUM]","[PREMIUM]","[PREMIUM]","603","Section 603","3",6,"['8','10','12','14','16','18']","2026-11-07 00:00:00","electronic","exchange",0,"[PREMIUM]","2,4,6"
"JABI39m5eOm","2026-08-11 23:39:31.351","2026-08-24 22:42:22.669","JABI39m5eOm","18237489","[PREMIUM]","[PREMIUM]","[PREMIUM]","105","Section 105","17",8,"['1','3','5','7','9','11','13','15']","2026-11-07 00:00:00","electronic","exchange",0,"[PREMIUM]","1,2,3,4,5,6,8"
"JABI39m5eR4","2026-08-11 23:39:31.351","2026-08-24 22:42:22.669","JABI39m5eR4","18237489","[PREMIUM]","[PREMIUM]","[PREMIUM]","107","Section 107","7",5,"['19','21','23','25','27']","2026-11-07 00:00:00","electronic","exchange",0,"[PREMIUM]","1,2,3,5"
"Kezcz6aZROZ","2026-08-11 23:39:31.351","2026-08-11 23:39:31.351","Kezcz6aZROZ","18237489","[PREMIUM]","[PREMIUM]","[PREMIUM]","540","Section 540","9",2,"['2','4']","2026-11-07 00:00:00","electronic","exchange",0,"[PREMIUM]","2"
"Kezcz6aMwdd","2026-08-11 23:39:31.351","2026-08-24 22:42:22.669","Kezcz6aMwdd","18237489","[PREMIUM]","[PREMIUM]","[PREMIUM]","106","Section 106","8",14,"['2','4','6','8','10','12','14','16','18','20','22','24','26','28']","2026-11-07 00:00:00","electronic","exchange",0,"[PREMIUM]","1,2,3,4,5,6,7,8,9,10,11,12,14"
"Kezcz6azjZG","2026-08-11 23:39:31.351","2026-08-24 22:42:22.669","Kezcz6azjZG","18237489","[PREMIUM]","[PREMIUM]","[PREMIUM]","327","Section 327","4",4,"['35','37','39','41']","2026-11-07 00:00:00","electronic","exchange",0,"[PREMIUM]","2,4"
"Kezcz6azn7b","2026-08-11 23:39:31.351","2026-08-24 22:42:22.669","Kezcz6azn7b","18237489","[PREMIUM]","[PREMIUM]","[PREMIUM]","311","Section 311","6",6,"[]","2026-11-07 00:00:00","electronic","exchange",1,"[PREMIUM]","2,4,6"
"Kezcz6azpBw","2026-08-11 23:39:31.351","2026-08-24 22:42:22.669","Kezcz6azpBw","18237489","[PREMIUM]","[PREMIUM]","[PREMIUM]","321","Section 321","8",4,"['10','12','14','16']","2026-11-07 00:00:00","electronic","exchange",0,"[PREMIUM]","2,4"
"LbviLEVL0ZB","2026-08-11 23:39:31.351","2026-08-22 22:31:09.797","LbviLEVL0ZB","18237489","[PREMIUM]","[PREMIUM]","[PREMIUM]","323","Section 323","1",7,"['26','28','30','32','34','36','38']","2026-11-07 00:00:00","electronic","exchange",0,"[PREMIUM]","1,2,3,4,5,7"
"LbviLEVdPEk","2026-08-11 23:39:31.351","2026-08-12 22:59:14.163","LbviLEVdPEk","18237489","[PREMIUM]","[PREMIUM]","[PREMIUM]","538","Section 538","10",6,"[]","2026-11-07 00:00:00","electronic","exchange",1,"[PREMIUM]","2,4,6"
"MAeIPlnB0xV","2026-08-11 23:39:31.351","2026-08-23 22:30:16.835","MAeIPlnB0xV","18237489","[PREMIUM]","[PREMIUM]","[PREMIUM]","129","Section 129","10",2,"['25','27']","2026-11-07 00:00:00","electronic","exchange",0,"[PREMIUM]","2"
"MAeIPlnPAnr","2026-08-11 23:39:31.351","2026-08-23 22:30:16.835","MAeIPlnPAnr","18237489","[PREMIUM]","[PREMIUM]","[PREMIUM]","129","Section 129","10",2,"[]","2026-11-07 00:00:00","electronic","exchange",0,"[PREMIUM]","2"
"NrqUv406wJR","2026-08-11 23:39:31.351","2026-08-13 22:35:53.554","NrqUv406wJR","18237489","[PREMIUM]","[PREMIUM]","[PREMIUM]","Category 2 230","Category 2 230","tbc",2,"[]","2026-11-08 00:00:00","electronic","exchange",7,"[PREMIUM]","2"
"O7AhwrORrzp","2026-08-11 23:39:31.351","2026-08-12 22:59:14.163","O7AhwrORrzp","18237489","[PREMIUM]","[PREMIUM]","[PREMIUM]","632","Section 632","7",4,"[]","2026-11-07 00:00:00","electronic","exchange",2,"[PREMIUM]","2,4"
"O7Ahwrb88kN","2026-08-11 23:39:31.351","2026-08-11 23:39:31.351","O7Ahwrb88kN","18237489","[PREMIUM]","[PREMIUM]","[PREMIUM]","540","Section 540","9",2,"[]","2026-11-07 00:00:00","electronic","exchange",1,"[PREMIUM]","2"
"PX0sgL4G4OL","2026-08-11 23:39:31.351","2026-08-24 22:42:22.669","PX0sgL4G4OL","18237489","[PREMIUM]","[PREMIUM]","[PREMIUM]","514","Section 514","6",4,"[]","2026-11-07 00:00:00","electronic","exchange",2,"[PREMIUM]","2,4"
"O7AhwrbkGZv","2026-08-11 23:39:31.351","2026-08-24 22:42:22.669","O7AhwrbkGZv","18237489","[PREMIUM]","[PREMIUM]","[PREMIUM]","129","Section 129","12",8,"['1','3','5','7','9','11','13','15']","2026-11-07 00:00:00","electronic","exchange",0,"[PREMIUM]","1,2,3,4,5,6,8"
"O7AhwrbanM2","2026-08-11 23:39:31.351","2026-08-24 22:42:22.669","O7AhwrbanM2","18237489","[PREMIUM]","[PREMIUM]","[PREMIUM]","444","Section 444","6",3,"['1','3','5']","2026-11-07 00:00:00","electronic","exchange",0,"[PREMIUM]","3"
"ROXHzwjkVNv","2026-08-11 23:39:31.351","2026-08-14 23:47:12.511","ROXHzwjkVNv","18237489","[PREMIUM]","[PREMIUM]","[PREMIUM]","615","Section 615","9",2,"[]","2026-11-07 00:00:00","electronic","exchange",2,"[PREMIUM]","2"
"X03tKjXKEB2","2026-08-11 23:39:31.351","2026-08-24 22:42:22.669","X03tKjXKEB2","18237489","[PREMIUM]","[PREMIUM]","[PREMIUM]","311","Section 311","6",6,"['30','32','34','36','38','40']","2026-11-07 00:00:00","electronic","exchange",0,"[PREMIUM]","2,4,6"
"V4KU0Ml09nr","2026-08-11 23:39:31.351","2026-08-24 22:42:22.669","V4KU0Ml09nr","18237489","[PREMIUM]","[PREMIUM]","[PREMIUM]","311","Section 311","0",10,"['2','4','6','8','10','12','14','16','18','20']","2026-11-07 00:00:00","electronic","exchange",0,"[PREMIUM]","1,2,3,4,5,6,7,8,10"
"X03tKjm0jD5","2026-08-11 23:39:31.351","2026-08-12 22:59:14.163","X03tKjm0jD5","18237489","[PREMIUM]","[PREMIUM]","[PREMIUM]","630","Section 630","9",3,"[]","2026-11-07 00:00:00","electronic","exchange",2,"[PREMIUM]","1,3"
"YgJtk630bg3","2026-08-11 23:39:31.351","2026-08-13 22:35:53.554","YgJtk630bg3","18237489","[PREMIUM]","[PREMIUM]","[PREMIUM]","230","Section 230","TBC",2,"['174','175']","2026-11-06 00:00:00","electronic","exchange",1,"[PREMIUM]","2"
"YgJtk63bMxV","2026-08-11 23:39:31.351","2026-08-24 22:42:22.669","YgJtk63bMxV","18237489","[PREMIUM]","[PREMIUM]","[PREMIUM]","435","Section 435","14",5,"[]","2026-11-07 00:00:00","electronic","exchange",1,"[PREMIUM]","1,2,3,5"
"agktlDvEjx9","2026-08-11 23:39:31.351","2026-08-24 22:42:22.669","agktlDvEjx9","18237489","[PREMIUM]","[PREMIUM]","[PREMIUM]","107","Section 107","9",8,"['21','23','25','27','29','31','33','35']","2026-11-07 00:00:00","electronic","exchange",0,"[PREMIUM]","1,2,3,4,5,6,8"
"agktlDvldZ0","2026-08-11 23:39:31.351","2026-08-24 22:42:22.669","agktlDvldZ0","18237489","[PREMIUM]","[PREMIUM]","[PREMIUM]","321","Section 321","5",4,"['23','25','27','29']","2026-11-07 00:00:00","electronic","exchange",0,"[PREMIUM]","2,4"
"b4wUaGVRbXv","2026-08-11 23:39:31.351","2026-08-24 22:42:22.669","b4wUaGVRbXv","18237489","[PREMIUM]","[PREMIUM]","[PREMIUM]","107","Section 107","9",7,"['14','16','18','20','22','24','26']","2026-11-07 00:00:00","electronic","exchange",0,"[PREMIUM]","1,2,3,4,5,7"
"b4wUaGVRb5g","2026-08-11 23:39:31.351","2026-08-21 22:21:46.752","b4wUaGVRb5g","18237489","[PREMIUM]","[PREMIUM]","[PREMIUM]","105","Section 105","9",2,"['27','29']","2026-11-07 00:00:00","electronic","exchange",0,"[PREMIUM]","2"
"dNgUg6ng2Vb","2026-08-11 23:39:31.351","2026-08-24 22:42:22.669","dNgUg6ng2Vb","18237489","[PREMIUM]","[PREMIUM]","[PREMIUM]","301","Section 301","3",2,"['21','23']","2026-11-07 00:00:00","electronic","exchange",1,"[PREMIUM]","2"
"jDvsz7Jo7dd","2026-08-11 23:39:31.351","2026-08-14 23:47:12.511","jDvsz7Jo7dd","18237489","[PREMIUM]","[PREMIUM]","[PREMIUM]","626","Section 626","11",6,"[]","2026-11-07 00:00:00","electronic","exchange",2,"[PREMIUM]","2,4,6"
"jDvsz7OEXax","2026-08-11 23:39:31.351","2026-08-24 22:42:22.669","jDvsz7OEXax","18237489","[PREMIUM]","[PREMIUM]","[PREMIUM]","129","Section 129","12",6,"['17','19','21','23','25','27']","2026-11-07 00:00:00","electronic","exchange",0,"[PREMIUM]","2,4,6"
"kYet94NDDNo","2026-08-11 23:39:31.351","2026-08-19 08:51:26.707","kYet94NDDNo","18237489","[PREMIUM]","[PREMIUM]","[PREMIUM]","621","Section 621","9",1,"[]","2026-11-07 00:00:00","electronic","exchange",1,"[PREMIUM]","1"
"kYet94N96VA","2026-08-11 23:39:31.351","2026-08-24 22:42:22.669","kYet94N96VA","18237489","[PREMIUM]","[PREMIUM]","[PREMIUM]","327","Section 327","4",4,"[]","2026-11-07 00:00:00","electronic","exchange",1,"[PREMIUM]","2,4"
"lxVsdLP8g0D","2026-08-11 23:39:31.351","2026-08-12 22:59:14.163","lxVsdLP8g0D","18237489","[PREMIUM]","[PREMIUM]","[PREMIUM]","630","Section 630","4",2,"['15','17']","2026-11-07 00:00:00","electronic","exchange",0,"[PREMIUM]","2"
"lxVsdLKdGDo","2026-08-11 23:39:31.351","2026-08-24 22:42:22.669","lxVsdLKdGDo","18237489","[PREMIUM]","[PREMIUM]","[PREMIUM]","323","Section 323","5",7,"['26','28','30','32','34','36','38']","2026-11-07 00:00:00","electronic","exchange",0,"[PREMIUM]","1,2,3,4,5,7"
"lxVsdLKqwAn","2026-08-11 23:39:31.351","2026-08-24 22:42:22.669","lxVsdLKqwAn","18237489","[PREMIUM]","[PREMIUM]","[PREMIUM]","129","Section 129","10",4,"['17','19','21','23']","2026-11-07 00:00:00","electronic","exchange",0,"[PREMIUM]","2,4"
"mxAs4Y2Z5zL","2026-08-11 23:39:31.351","2026-08-19 08:51:26.707","mxAs4Y2Z5zL","18237489","[PREMIUM]","[PREMIUM]","[PREMIUM]","610","Section 610","10",7,"[]","2026-11-07 00:00:00","electronic","exchange",1,"[PREMIUM]","1,2,3,4,5,7"
"mxAs4Y24JZ8","2026-08-11 23:39:31.351","2026-08-24 22:42:22.669","mxAs4Y24JZ8","18237489","[PREMIUM]","[PREMIUM]","[PREMIUM]","321","Section 321","8",4,"[]","2026-11-07 00:00:00","electronic","exchange",0,"[PREMIUM]","2,4"
"mxAs4Y2KEO8","2026-08-11 23:39:31.351","2026-08-24 22:42:22.669","mxAs4Y2KEO8","18237489","[PREMIUM]","[PREMIUM]","[PREMIUM]","108","Section 108","20",14,"['6','8','10','12','14','16','18','20','22','24','26','28','30','32']","2026-11-07 00:00:00","electronic","exchange",1,"[PREMIUM]","1,2,3,4,5,6,7,8,9,10,11,12,14"
"oV7HbEJalGb","2026-08-11 23:39:31.351","2026-08-22 22:31:09.797","oV7HbEJalGb","18237489","[PREMIUM]","[PREMIUM]","[PREMIUM]","105","Section 105","9",4,"['13','15','17','19']","2026-11-07 00:00:00","electronic","exchange",0,"[PREMIUM]","2,4"
"oV7HbELAN2A","2026-08-11 23:39:31.351","2026-08-14 23:47:12.511","oV7HbELAN2A","18237489","[PREMIUM]","[PREMIUM]","[PREMIUM]","615","Section 615","9",2,"['10','12']","2026-11-07 00:00:00","electronic","exchange",0,"[PREMIUM]","2"
"oV7HbEJoZr4","2026-08-11 23:39:31.351","2026-08-24 22:42:22.669","oV7HbEJoZr4","18237489","[PREMIUM]","[PREMIUM]","[PREMIUM]","609","Section 609","4",5,"['4729','4730','4731','4732','4733']","2026-11-07 00:00:00","electronic","exchange",1,"[PREMIUM]","1,2,3,4,5"
"pVXHDEqD32L","2026-08-11 23:39:31.351","2026-08-24 22:42:22.669","pVXHDEqD32L","18237489","[PREMIUM]","[PREMIUM]","[PREMIUM]","301","Section 301","3",2,"[]","2026-11-07 00:00:00","electronic","exchange",2,"[PREMIUM]","2"
"pVXHDEqDpAA","2026-08-11 23:39:31.351","2026-08-24 22:42:22.669","pVXHDEqDpAA","18237489","[PREMIUM]","[PREMIUM]","[PREMIUM]","321","Section 321","7",8,"['10','12','14','16','18','20','22','24']","2026-11-07 00:00:00","electronic","exchange",0,"[PREMIUM]","1,2,3,4,5,6,8"
"rVOHkRElP3G","2026-08-11 23:39:31.351","2026-08-23 22:30:16.835","rVOHkRElP3G","18237489","[PREMIUM]","[PREMIUM]","[PREMIUM]","418","Section 418","6",2,"[]","2026-11-07 00:00:00","electronic","exchange",1,"[PREMIUM]","2"
"w3JsedknBkm","2026-08-11 23:39:31.351","2026-08-13 22:35:53.554","w3JsedknBkm","18237489","[PREMIUM]","[PREMIUM]","[PREMIUM]","634","Section 634","10",2,"[]","2026-11-07 00:00:00","electronic","exchange",2,"[PREMIUM]","2"
"w3JsedkewOl","2026-08-11 23:39:31.351","2026-08-24 22:42:22.669","w3JsedkewOl","18237489","[PREMIUM]","[PREMIUM]","[PREMIUM]","313","Section 313","5",8,"['25','27','29','31','33','35','37','39']","2026-11-07 00:00:00","electronic","exchange",0,"[PREMIUM]","1,2,3,4,5,6,8"
"z3Es6qg602P","2026-08-11 23:39:31.351","2026-08-24 22:42:22.669","z3Es6qg602P","18237489","[PREMIUM]","[PREMIUM]","[PREMIUM]","323","Section 323","3",7,"['26','28','30','32','34','36','38']","2026-11-07 00:00:00","electronic","exchange",0,"[PREMIUM]","1,2,3,4,5,7"
"z3Es6qg6mgg","2026-08-11 23:39:31.351","2026-08-24 22:42:22.669","z3Es6qg6mgg","18237489","[PREMIUM]","[PREMIUM]","[PREMIUM]","107","Section 107","7",4,"[]","2026-11-07 00:00:00","electronic","exchange",1,"[PREMIUM]","2,4"
"z3Es6qgD3wn","2026-08-11 23:39:31.351","2026-08-24 22:42:22.669","z3Es6qgD3wn","18237489","[PREMIUM]","[PREMIUM]","[PREMIUM]","105","Section 105","17",7,"['17','19','21','23','25','27','29']","2026-11-07 00:00:00","electronic","exchange",0,"[PREMIUM]","1,2,3,4,5,7"
"2v0cz3OJ92N","2026-08-11 23:39:09.940","2026-08-15 22:25:25.937","2v0cz3OJ92N","18240105","[PREMIUM]","[PREMIUM]","[PREMIUM]","215","Section 215","9",4,"['1','2','3','4']","2026-11-14 00:00:00","electronic","exchange",2,"[PREMIUM]","1,2,4"
"2v0cz3V3xYp","2026-08-11 23:39:09.940","2026-08-13 22:33:37.822","2v0cz3V3xYp","18240105","[PREMIUM]","[PREMIUM]","[PREMIUM]","SECTION 133","Section 133","24",3,"['5','6','7']","2026-11-14 00:00:00","electronic","exchange",1,"[PREMIUM]","1,3"
"3q7fNJm0vYx","2026-08-11 23:39:09.940","2026-08-12 23:28:35.660","3q7fNJm0vYx","18240105","[PREMIUM]","[PREMIUM]","[PREMIUM]","219","Section 219","3",2,"['17','18']","2026-11-14 00:00:00","electronic","exchange",2,"[PREMIUM]","2"
"3q7fNJm968Y","2026-08-11 23:39:09.940","2026-08-11 23:39:09.940","3q7fNJm968Y","18240105","[PREMIUM]","[PREMIUM]","[PREMIUM]","215","Section 215","6",4,"['15','16','17','18']","2026-11-14 00:00:00","electronic","exchange",2,"[PREMIUM]","1,2,4"
"3q7fNJm968a","2026-08-11 23:39:09.940","2026-08-11 23:39:09.940","3q7fNJm968a","18240105","[PREMIUM]","[PREMIUM]","[PREMIUM]","224","Section 224","11",6,"['11','12','13','14','15','16']","2026-11-14 00:00:00","electronic","exchange",2,"[PREMIUM]","1,2,3,4,6"
"4vXcj9N5Ev6","2026-08-11 23:39:09.940","2026-08-12 23:28:35.660","4vXcj9N5Ev6","18240105","[PREMIUM]","[PREMIUM]","[PREMIUM]","345","Section 345","5",3,"[]","2026-11-13 00:00:00","electronic","exchange",0,"[PREMIUM]","1,3"
"4vXcj9rvEwX","2026-08-11 23:39:09.940","2026-08-11 23:39:09.940","4vXcj9rvEwX","18240105","[PREMIUM]","[PREMIUM]","[PREMIUM]","223","Section 223","2",2,"['4','5']","2026-11-14 00:00:00","electronic","exchange",2,"[PREMIUM]","2"
"4vXcj9rvEwP","2026-08-11 23:39:09.940","2026-08-15 22:25:25.937","4vXcj9rvEwP","18240105","[PREMIUM]","[PREMIUM]","[PREMIUM]","215","Section 215","9",2,"['9','10']","2026-11-14 00:00:00","electronic","exchange",2,"[PREMIUM]","2"
"5EjuZ6DZGxk","2026-08-11 23:39:09.940","2026-08-23 22:30:26.991","5EjuZ6DZGxk","18240105","[PREMIUM]","[PREMIUM]","[PREMIUM]","Category 4 129","Section 129","2",2,"[]","2026-11-15 00:00:00","electronic","exchange",3,"[PREMIUM]","2"
"8lKt6YqYj5A","2026-08-11 23:39:09.940","2026-08-19 08:55:39.533","8lKt6YqYj5A","18240105","[PREMIUM]","[PREMIUM]","[PREMIUM]","133","Section 133","24",3,"['5','6','7']","2026-11-14 00:00:00","electronic","exchange",0,"[PREMIUM]","3"
"9P2c5qXNarG","2026-08-11 23:39:09.940","2026-08-18 11:30:44.371","9P2c5qXNarG","18240105","[PREMIUM]","[PREMIUM]","[PREMIUM]","123","Section 123","25",2,"[]","2026-11-14 00:00:00","electronic","exchange",1,"[PREMIUM]","2"
"9P2c5qXNkVL","2026-08-11 23:39:09.940","2026-08-11 23:39:09.940","9P2c5qXNkVL","18240105","[PREMIUM]","[PREMIUM]","[PREMIUM]","225","Section 225","3",2,"['1','2']","2026-11-14 00:00:00","electronic","exchange",2,"[PREMIUM]","2"
"EroUXnezA6p","2026-08-11 23:39:09.940","2026-08-15 22:25:25.937","EroUXnezA6p","18240105","[PREMIUM]","[PREMIUM]","[PREMIUM]","224","Section 224","12",5,"['11','12','13','14','15']","2026-11-14 00:00:00","electronic","exchange",2,"[PREMIUM]","1,2,3,5"
"EroUXnezA6n","2026-08-11 23:39:09.940","2026-08-11 23:39:09.940","EroUXnezA6n","18240105","[PREMIUM]","[PREMIUM]","[PREMIUM]","224","Section 224","11",3,"['7','8','9']","2026-11-14 00:00:00","electronic","exchange",2,"[PREMIUM]","1,3"
"JABI39xkV44","2026-08-11 23:39:09.940","2026-08-11 23:39:09.940","JABI39xkV44","18240105","[PREMIUM]","[PREMIUM]","[PREMIUM]","215","Section 215","6",4,"['1','2','3','4']","2026-11-14 00:00:00","electronic","exchange",2,"[PREMIUM]","1,2,4"
"Kezcz6aq6Ow","2026-08-11 23:39:09.940","2026-08-11 23:39:09.940","Kezcz6aq6Ow","18240105","[PREMIUM]","[PREMIUM]","[PREMIUM]","128","Section 128","8",2,"['8','9']","2026-11-14 00:00:00","electronic","exchange",1,"[PREMIUM]","2"
"PX0sgL47joY","2026-08-11 23:39:09.940","2026-08-15 22:25:25.937","PX0sgL47joY","18240105","[PREMIUM]","[PREMIUM]","[PREMIUM]","306","Section 306","5",1,"[]","2026-11-14 00:00:00","electronic","exchange",1,"[PREMIUM]","1"
"PX0sgLAl3xP","2026-08-11 23:39:09.940","2026-08-22 22:33:02.315","PX0sgLAl3xP","18240105","[PREMIUM]","[PREMIUM]","[PREMIUM]","219","Section 219","3",2,"['17','18']","2026-11-14 00:00:00","electronic","exchange",1,"[PREMIUM]","2"
"ROXHzwNZvwA","2026-08-11 23:39:09.940","2026-08-16 22:19:08.667","ROXHzwNZvwA","18240105","[PREMIUM]","[PREMIUM]","[PREMIUM]","222","Section 222","1",2,"[]","2026-11-13 00:00:00","electronic","exchange",0,"[PREMIUM]","2"
"agktlDv0gdB","2026-08-11 23:39:09.940","2026-08-20 22:35:51.733","agktlDv0gdB","18240105","[PREMIUM]","[PREMIUM]","[PREMIUM]","238","Section 238","27",2,"['1','2']","2026-11-14 00:00:00","electronic","exchange",1,"[PREMIUM]","2"
"kYet94NmBGM","2026-08-11 23:39:09.940","2026-08-13 22:33:37.822","kYet94NmBGM","18240105","[PREMIUM]","[PREMIUM]","[PREMIUM]","SECTION 133","Section 133","24",3,"[]","2026-11-14 00:00:00","electronic","exchange",3,"[PREMIUM]","1,3"
"kYet94eX9Zb","2026-08-11 23:39:09.940","2026-08-14 23:48:03.972","kYet94eX9Zb","18240105","[PREMIUM]","[PREMIUM]","[PREMIUM]","305","Section 305","13",2,"[]","2026-11-14 00:00:00","electronic","exchange",1,"[PREMIUM]","2"
"lxVsdLKgV0L","2026-08-11 23:39:09.940","2026-08-16 22:19:08.667","lxVsdLKgV0L","18240105","[PREMIUM]","[PREMIUM]","[PREMIUM]","328","Section 328","14",2,"[]","2027-03-03 00:00:00","electronic","exchange",0,"[PREMIUM]","2"
"lxVsdLKoo0v","2026-08-11 23:39:09.940","2026-08-13 22:33:37.822","lxVsdLKoo0v","18240105","[PREMIUM]","[PREMIUM]","[PREMIUM]","SECTION 115","Section 115","3",2,"[]","2026-11-14 00:00:00","electronic","exchange",4,"[PREMIUM]","2"
"lxVsdLPr5oY","2026-08-11 23:39:09.940","2026-08-11 23:39:09.940","lxVsdLPr5oY","18240105","[PREMIUM]","[PREMIUM]","[PREMIUM]","224","Section 224","2",3,"['1','2','3']","2026-11-14 00:00:00","electronic","exchange",3,"[PREMIUM]","1,3"
"pVXHDE04PdJ","2026-08-11 23:39:09.940","2026-08-15 22:25:25.937","pVXHDE04PdJ","18240105","[PREMIUM]","[PREMIUM]","[PREMIUM]","117","Section 117","9",2,"[]","2026-11-14 00:00:00","electronic","exchange",2,"[PREMIUM]","2"
"qVjH2V62zkD","2026-08-11 23:39:09.940","2026-08-12 23:28:35.660","qVjH2V62zkD","18240105","[PREMIUM]","[PREMIUM]","[PREMIUM]","133","Section 133","18",2,"[]","2026-11-14 00:00:00","electronic","exchange",1,"[PREMIUM]","2"
"vb3iPeLKERq","2026-08-11 23:39:09.940","2026-08-15 22:25:25.937","vb3iPeLKERq","18240105","[PREMIUM]","[PREMIUM]","[PREMIUM]","331","Section 331","17",1,"[]","2026-11-14 00:00:00","electronic","exchange",0,"[PREMIUM]","1"
"05VT8KzZK2G","2026-08-11 23:39:06.632","2026-08-24 22:39:38.660","05VT8KzZK2G","18168297","[PREMIUM]","[PREMIUM]","[PREMIUM]","409","Terrace 409","19",6,"['13','14','15','16','17','18']","2026-05-15 00:00:00","electronic","exchange",0,"[PREMIUM]","2,4,6"
"0n4rory","2026-08-11 23:39:06.632","2026-08-24 22:39:38.660","0n4rory","18168297","[PREMIUM]","[PREMIUM]","[PREMIUM]","443","Terrace 443","1",2,"['3','4']",,"electronic","open_marketplace",1,"[PREMIUM]","2"
"1rn1m00","2026-08-11 23:39:06.632","2026-08-24 22:39:38.660","1rn1m00","18168297","[PREMIUM]","[PREMIUM]","[PREMIUM]","423","Terrace 423","1",4,"['17','18','19','20']",,"electronic","open_marketplace",0,"[PREMIUM]","1,2,4"
"1rv1mzn","2026-08-11 23:39:06.632","2026-08-24 22:39:38.660","1rv1mzn","18168297","[PREMIUM]","[PREMIUM]","[PREMIUM]","118","Section 118","6",2,"['10','11']",,"electronic","open_marketplace",5,"[PREMIUM]","2"
"2k89421","2026-08-11 23:39:06.632","2026-08-24 22:39:38.660","2k89421","18168297","[PREMIUM]","[PREMIUM]","[PREMIUM]","124","Section 124","19",2,"['18','19']",,"electronic","open_marketplace",4,"[PREMIUM]","2"
"41r9www","2026-08-11 23:39:06.632","2026-08-24 22:39:38.660","41r9www","18168297","[PREMIUM]","[PREMIUM]","[PREMIUM]","125","Section 125","5",2,"['23','24']",,"electronic","open_marketplace",0,"[PREMIUM]","2"
"9P2c5qA3qr8","2026-08-11 23:39:06.632","2026-08-23 22:30:23.517","9P2c5qA3qr8","18168297","[PREMIUM]","[PREMIUM]","[PREMIUM]","418","Terrace 418","13",12,"['1','2','3','4','5','6','7','8','9','10','11','12']","2026-05-15 00:00:00","electronic","exchange",1,"[PREMIUM]","1,2,3,4,5,6,7,8,9,10,12"
"9P2c5qKjxBn","2026-08-11 23:39:06.632","2026-08-24 22:39:38.660","9P2c5qKjxBn","18168297","[PREMIUM]","[PREMIUM]","[PREMIUM]","111","Section 111","6",6,"['9','10','11','12','13','14']","2026-11-14 00:00:00","electronic","exchange",3,"[PREMIUM]","2,4,6"
"9d27vjd","2026-08-11 23:39:06.632","2026-08-24 22:39:38.660","9d27vjd","18168297","[PREMIUM]","[PREMIUM]","[PREMIUM]","136","Section 136","3",2,"['5','6']",,"electronic","open_marketplace",1,"[PREMIUM]","2"
"9d2p8dp","2026-08-11 23:39:06.632","2026-08-24 22:39:38.660","9d2p8dp","18168297","[PREMIUM]","[PREMIUM]","[PREMIUM]","110","Section 110","19",4,"['13','14','15','16']",,"electronic","open_marketplace",1,"[PREMIUM]","2,4"
"9d2pk79","2026-08-11 23:39:06.632","2026-08-24 22:39:38.660","9d2pk79","18168297","[PREMIUM]","[PREMIUM]","[PREMIUM]","445","Terrace 445","3",2,"['1','2']",,"electronic","open_marketplace",0,"[PREMIUM]","2"
"GAaI62NVORL","2026-08-11 23:39:06.632","2026-08-24 22:39:38.660","GAaI62NVORL","18168297","[PREMIUM]","[PREMIUM]","[PREMIUM]","111","Section 111","4",2,"['17','18']","2026-11-14 00:00:00","electronic","exchange",0,"[PREMIUM]","2"
"JABI39NA5vo","2026-08-11 23:39:06.632","2026-08-12 22:57:57.036","JABI39NA5vo","18168297","[PREMIUM]","[PREMIUM]","[PREMIUM]","111","Section 111","5",3,"['12','13','14']","2026-11-14 00:00:00","electronic","exchange",1,"[PREMIUM]","3"
"JABI39mD9xE","2026-08-11 23:39:06.632","2026-08-24 22:39:38.660","JABI39mD9xE","18168297","[PREMIUM]","[PREMIUM]","[PREMIUM]","454","Terrace 454","13",12,"['6','7','8','9','10','11','12','13','14','15','16','17']","2026-05-15 00:00:00","electronic","exchange",1,"[PREMIUM]","1,2,3,4,5,6,7,8,9,10,12"
"LbviLEVmklL","2026-08-11 23:39:06.632","2026-08-20 22:33:56.482","LbviLEVmklL","18168297","[PREMIUM]","[PREMIUM]","[PREMIUM]","437","Terrace 437","15",4,"['19','20','21','22']","2026-05-15 00:00:00","electronic","exchange",0,"[PREMIUM]","2,4"
"NrqUv40E4jX","2026-08-11 23:39:06.632","2026-08-15 22:24:57.414","NrqUv40E4jX","18168297","[PREMIUM]","[PREMIUM]","[PREMIUM]","453","Terrace 453","15",3,"['25','26','27']","2026-05-15 00:00:00","electronic","exchange",1,"[PREMIUM]","1,3"
"PX0sgL4KLAg","2026-08-11 23:39:06.632","2026-08-12 22:57:57.036","PX0sgL4KLAg","18168297","[PREMIUM]","[PREMIUM]","[PREMIUM]","418","Terrace 418","19",7,"['13','14','15','16','17','18','19']","2026-05-15 00:00:00","electronic","exchange",0,"[PREMIUM]","1,2,3,4,5,7"
"ROXHzwN8wjd","2026-08-11 23:39:06.632","2026-08-24 22:39:38.660","ROXHzwN8wjd","18168297","[PREMIUM]","[PREMIUM]","[PREMIUM]","422","Terrace 422","18",12,"['13','14','15','16','17','18','19','20','21','22','23','24']","2026-05-15 00:00:00","electronic","exchange",1,"[PREMIUM]","1,2,3,4,5,6,7,8,9,10,12"
"eeacK2oe2Nq","2026-08-11 23:39:06.632","2026-08-24 22:39:38.660","eeacK2oe2Nq","18168297","[PREMIUM]","[PREMIUM]","[PREMIUM]","409","Terrace 409","16",7,"['3','4','5','6','7','8','9']","2026-05-15 00:00:00","electronic","exchange",0,"[PREMIUM]","1,2,3,4,5,7"
"jpgo4o2","2026-08-11 23:39:06.632","2026-08-24 22:39:38.660","jpgo4o2","18168297","[PREMIUM]","[PREMIUM]","[PREMIUM]","106","Section 106","6",2,"['11','12']",,"electronic","open_marketplace",1,"[PREMIUM]","2"
"kpj1wpy","2026-08-11 23:39:06.632","2026-08-24 22:39:38.660","kpj1wpy","18168297","[PREMIUM]","[PREMIUM]","[PREMIUM]","244","Section 244","5",2,"['17','18']",,"electronic","open_marketplace",4,"[PREMIUM]","2"
"l_6Lx4WRjuGKYLXS2NqQ5JIGZJKE8H2rrmLDckmqR1Ju92Z9VrsDYnxephxrtBYFY2","2026-08-11 23:39:06.632","2026-08-24 22:39:38.660","l_6Lx4WRjuGKYLXS2NqQ5JIGZJKE8H2rrmLDckmqR1Ju92Z9VrsDYnxephxrtBYFY2","18168297","[PREMIUM]","[PREMIUM]","[PREMIUM]","125","Section 125","28",3,"['26','27','28']",,"sg_app","open",1,"[PREMIUM]","1,3"
"l_gJrVpKLHr8m4KCKgyvALSA9q80msdyAZWgIXQrqXKIZ06ZGRFzx85KXF95tgQTmn","2026-08-11 23:39:06.632","2026-08-24 22:39:38.660","l_gJrVpKLHr8m4KCKgyvALSA9q80msdyAZWgIXQrqXKIZ06ZGRFzx85KXF95tgQTmn","18168297","[PREMIUM]","[PREMIUM]","[PREMIUM]","451","Terrace 451","5",2,"['7','8']",,"sg_app","open",1,"[PREMIUM]","2"
"l_lLNBWDRu81PMqiZdj0w5hze15lLhwBBRDcRygzqbCZe5Zk1F4VEkzDI2btBlhQ8","2026-08-11 23:39:06.632","2026-08-24 22:39:38.660","l_lLNBWDRu81PMqiZdj0w5hze15lLhwBBRDcRygzqbCZe5Zk1F4VEkzDI2btBlhQ8","18168297","[PREMIUM]","[PREMIUM]","[PREMIUM]","115","Section 115","17",6,"['7','8','9','10','11','12']",,"sg_app","open",2,"[PREMIUM]","1,2,3,4,6"
"lxVsdLwBKaG","2026-08-11 23:39:06.632","2026-08-24 22:39:38.660","lxVsdLwBKaG","18168297","[PREMIUM]","[PREMIUM]","[PREMIUM]","402","Terrace 402","13",6,"['21','22','23','24','25','26']","2026-05-15 00:00:00","electronic","exchange",0,"[PREMIUM]","2,4,6"
"ny4rpnm","2026-08-11 23:39:06.632","2026-08-24 22:39:38.660","ny4rpnm","18168297","[PREMIUM]","[PREMIUM]","[PREMIUM]","124","Section 124","7",4,"['1','2','3','4']",,"electronic","open_marketplace",0,"[PREMIUM]","4"
"ny4ezj6","2026-08-11 23:39:06.632","2026-08-24 22:39:38.660","ny4ezj6","18168297","[PREMIUM]","[PREMIUM]","[PREMIUM]","447","Ring Of Honor 447","a",3,"['12','13','14']",,"electronic","open_marketplace",1,"[PREMIUM]","1,3"
"ny4610g","2026-08-11 23:39:06.632","2026-08-24 22:39:38.660","ny4610g","18168297","[PREMIUM]","[PREMIUM]","[PREMIUM]","113","Section 113","21",2,"['1','2']",,"electronic","open_marketplace",1,"[PREMIUM]","2"
"pVXHDEqdE0o","2026-08-11 23:39:06.632","2026-08-11 23:39:06.632","pVXHDEqdE0o","18168297","[PREMIUM]","[PREMIUM]","[PREMIUM]","441","Terrace 441","12",5,"['1','2','3','4','5']","2026-05-15 00:00:00","electronic","exchange",0,"[PREMIUM]","1,2,3,5"
"q9p2p02","2026-08-11 23:39:06.632","2026-08-14 23:47:45.126","q9p2p02","18168297","[PREMIUM]","[PREMIUM]","[PREMIUM]","103","Section 103","34",2,"['17','18']",,"electronic","open_marketplace",0,"[PREMIUM]","2"
"v6m6rvn","2026-08-11 23:39:06.632","2026-08-24 22:39:38.660","v6m6rvn","18168297","[PREMIUM]","[PREMIUM]","[PREMIUM]","134","Section 134","6",2,"['7','8']",,"electronic","open_marketplace",1,"[PREMIUM]","2"
"wzqrxdn","2026-08-11 23:39:06.632","2026-08-24 22:39:38.660","wzqrxdn","18168297","[PREMIUM]","[PREMIUM]","[PREMIUM]","413","Terrace 413","7",2,"['4','5']",,"electronic","open_marketplace",2,"[PREMIUM]","2"
"xb9imBwYBVY","2026-08-11 23:39:06.632","2026-08-24 22:39:38.660","xb9imBwYBVY","18168297","[PREMIUM]","[PREMIUM]","[PREMIUM]","106","Section 106","34",12,"['1','2','3','4','5','6','7','8','9','10','11','12']","2026-05-15 00:00:00","electronic","exchange",1,"[PREMIUM]","1,2,3,4,5,6,7,8,9,10,12"
"y4knv4g","2026-08-11 23:39:06.632","2026-08-24 22:39:38.660","y4knv4g","18168297","[PREMIUM]","[PREMIUM]","[PREMIUM]","111","Section 111","9",5,"['5','6','7','8','9']",,"electronic","open_marketplace",6,"[PREMIUM]","5"
"zpmj12e","2026-08-11 23:39:06.632","2026-08-23 22:30:23.517","zpmj12e","18168297","[PREMIUM]","[PREMIUM]","[PREMIUM]","407","Terrace 407","5",2,"['13','14']",,"electronic","open_marketplace",0,"[PREMIUM]","2"
"zpm7red","2026-08-11 23:39:06.632","2026-08-24 22:39:38.660","zpm7red","18168297","[PREMIUM]","[PREMIUM]","[PREMIUM]","114","Section 114","5",2,"['1','2']",,"electronic","open_marketplace",0,"[PREMIUM]","2"
"05VT8K2X735","2026-08-11 23:38:39.969","2026-08-13 22:32:29.321","05VT8K2X735","18240102","[PREMIUM]","[PREMIUM]","[PREMIUM]","514","Section 514","19",3,"[]","2026-10-02 00:00:00","electronic","exchange",2,"[PREMIUM]","1,3"
"GAaI62eZ5d7","2026-08-11 23:38:39.969","2026-08-11 23:38:39.969","GAaI62eZ5d7","18240102","[PREMIUM]","[PREMIUM]","[PREMIUM]","Level 1 - 110","Level 1 110","tbc",6,"[]","2026-10-04 00:00:00","electronic","exchange",7,"[PREMIUM]","1,2,3,4,6"
"JABI39x2Aw3","2026-08-11 23:38:39.969","2026-08-12 22:58:39.924","JABI39x2Aw3","18240102","[PREMIUM]","[PREMIUM]","[PREMIUM]","529","Section 529","18",2,"[]","2026-10-03 00:00:00","electronic","exchange",2,"[PREMIUM]","2"
"LbviLEVj7vM","2026-08-11 23:38:39.969","2026-08-11 23:38:39.969","LbviLEVj7vM","18240102","[PREMIUM]","[PREMIUM]","[PREMIUM]","521","Section 521","23",4,"[]","2026-10-03 00:00:00","electronic","exchange",3,"[PREMIUM]","1,2,4"
"LbviLEVma8A","2026-08-11 23:38:39.969","2026-08-16 22:18:17.757","LbviLEVma8A","18240102","[PREMIUM]","[PREMIUM]","[PREMIUM]","325","Section 325","62",12,"[]","2026-10-03 00:00:00","electronic","exchange",0,"[PREMIUM]","1,2,3,4,5,6,7,8,9,10,12"
"eeacK2Annl3","2026-08-11 23:38:39.969","2026-08-11 23:38:39.969","eeacK2Annl3","18240102","[PREMIUM]","[PREMIUM]","[PREMIUM]","512","Section 512","16",3,"[]","2026-10-03 00:00:00","electronic","exchange",2,"[PREMIUM]","1,3"
"kYet94NK7KO","2026-08-11 23:38:39.969","2026-08-11 23:38:39.969","kYet94NK7KO","18240102","[PREMIUM]","[PREMIUM]","[PREMIUM]","516","Section 516","30",2,"['521','522']","2026-10-03 00:00:00","electronic","exchange",0,"[PREMIUM]","2"
"lxVsdLKD6Zl","2026-08-11 23:38:39.969","2026-08-11 23:38:39.969","lxVsdLKD6Zl","18240102","[PREMIUM]","[PREMIUM]","[PREMIUM]","110","Section 110","TBC",6,"['75','76','77','78','79','80']","2026-10-02 00:00:00","electronic","exchange",0,"[PREMIUM]","1,2,3,4,6"
"lxVsdLKYnoz","2026-08-11 23:38:39.969","2026-08-24 22:38:43.880","lxVsdLKYnoz","18240102","[PREMIUM]","[PREMIUM]","[PREMIUM]","516","Section 516","30",1,"['539']","2026-10-03 00:00:00","electronic","exchange",0,"[PREMIUM]","1"
"pVXHDEqoj2J","2026-08-11 23:38:39.969","2026-08-24 22:38:43.880","pVXHDEqoj2J","18240102","[PREMIUM]","[PREMIUM]","[PREMIUM]","516","Section 516","30",1,"[]","2026-10-03 00:00:00","electronic","exchange",4,"[PREMIUM]","1"
"5EjuZ6JeKm9","2026-08-11 23:36:08.954","2026-08-15 22:24:01.487","5EjuZ6JeKm9","18016687","[PREMIUM]","[PREMIUM]","[PREMIUM]","337","Section 337","qq",13,"['5','6','7','8','9','10','11','12','13','14','15','16','17']","2026-08-14 00:00:00","sg_app","exchange",0,"[PREMIUM]","1,2,3,4,5,6,7,8,9,10,11,13"
"6mOhkAGml7q","2026-08-11 23:36:08.954","2026-08-11 23:36:08.954","6mOhkAGml7q","18016687","[PREMIUM]","[PREMIUM]","[PREMIUM]","332","Section 332","qq",8,"['12','13','14','15','16','17','18','19']","2026-08-11 00:00:00","sg_app","exchange",1,"[PREMIUM]","1,2,3,4,5,6,8"
"7KntAlBnzxL","2026-08-11 23:36:08.954","2026-08-12 22:57:12.268","7KntAlBnzxL","18016687","[PREMIUM]","[PREMIUM]","[PREMIUM]","116","Section 116","pp",6,"['20','21','22','23','24','25']","2026-08-11 00:00:00","sg_app","exchange",1,"[PREMIUM]","1,2,3,4,6"
"7KntAljjkeP","2026-08-11 23:36:08.954","2026-08-11 23:36:08.954","7KntAljjkeP","18016687","[PREMIUM]","[PREMIUM]","[PREMIUM]","337","Section 337","pp",5,"['20','21','22','23','24']","2026-08-11 00:00:00","sg_app","exchange",0,"[PREMIUM]","1,2,3,5"
"A6rs27DwldK","2026-08-11 23:36:08.954","2026-08-14 23:44:23.980","A6rs27DwldK","18016687","[PREMIUM]","[PREMIUM]","[PREMIUM]","333","Section 333","qq",5,"['1','2','3','4','5']","2026-08-14 00:00:00","sg_app","exchange",0,"[PREMIUM]","1,2,3,5"
"GAaI62eKG3G","2026-08-11 23:36:08.954","2026-08-13 22:33:04.304","GAaI62eKG3G","18016687","[PREMIUM]","[PREMIUM]","[PREMIUM]","119","Section 119","g",2,"['5','6']","2026-08-13 00:00:00","sg_app","exchange",0,"[PREMIUM]","2"
"JABI39DwXVL","2026-08-11 23:36:08.954","2026-08-24 22:39:11.503","JABI39DwXVL","18016687","[PREMIUM]","[PREMIUM]","[PREMIUM]","147","Section 147","pp",8,"['15','16','17','18','19','20','21','22']","2026-10-24 00:00:00","sg_app","exchange",5,"[PREMIUM]","1,2,3,4,5,6,8"
"JABI39xeYvo","2026-08-11 23:36:08.954","2026-08-16 22:18:41.336","JABI39xeYvo","18016687","[PREMIUM]","[PREMIUM]","[PREMIUM]","310","Section 310","ss",4,"['9','10','11','12']","2026-08-14 00:00:00","sg_app","exchange",1,"[PREMIUM]","1,2,4"
"LbviLEVvvGp","2026-08-11 23:36:08.954","2026-08-11 23:36:08.954","LbviLEVvvGp","18016687","[PREMIUM]","[PREMIUM]","[PREMIUM]","324","Section 324","m",2,"['19','20']","2026-10-24 00:00:00","sg_app","exchange",1,"[PREMIUM]","2"
"MAeIPlmJb0b","2026-08-11 23:36:08.954","2026-08-11 23:36:08.954","MAeIPlmJb0b","18016687","[PREMIUM]","[PREMIUM]","[PREMIUM]","117","Section 117","ff",3,"['7','8','9']","2026-08-11 00:00:00","sg_app","exchange",1,"[PREMIUM]","1,3"
"NrqUv4jVgOj","2026-08-11 23:36:08.954","2026-08-16 22:18:41.336","NrqUv4jVgOj","18016687","[PREMIUM]","[PREMIUM]","[PREMIUM]","120","Section 120","y",3,"['5','6','7']","2026-08-14 00:00:00","sg_app","exchange",1,"[PREMIUM]","1,3"
"ROXHzwNVvkJ","2026-08-11 23:36:08.954","2026-08-13 22:33:04.304","ROXHzwNVvkJ","18016687","[PREMIUM]","[PREMIUM]","[PREMIUM]","309","Section 309","nn",2,"['17','18']","2026-08-13 00:00:00","sg_app","exchange",1,"[PREMIUM]","2"
"X03tKjX7xmY","2026-08-11 23:36:08.954","2026-08-15 22:24:01.487","X03tKjX7xmY","18016687","[PREMIUM]","[PREMIUM]","[PREMIUM]","309","Section 309","tt",5,"['4','5','6','7','8']","2026-08-14 00:00:00","sg_app","exchange",1,"[PREMIUM]","1,2,3,5"
"eeacK2o6zmN","2026-08-11 23:36:08.954","2026-08-12 22:57:12.268","eeacK2o6zmN","18016687","[PREMIUM]","[PREMIUM]","[PREMIUM]","324","Section 324","n",3,"['19','20','21']","2026-10-24 00:00:00","sg_app","exchange",1,"[PREMIUM]","1,2,3"
"jDvsz7JDab4","2026-08-11 23:36:08.954","2026-08-16 22:18:41.336","jDvsz7JDab4","18016687","[PREMIUM]","[PREMIUM]","[PREMIUM]","122","Section 122","l",2,"['7','8']","2026-08-14 00:00:00","sg_app","exchange",0,"[PREMIUM]","2"
"jDvsz7p7d93","2026-08-11 23:36:08.954","2026-08-24 22:39:11.503","jDvsz7p7d93","18016687","[PREMIUM]","[PREMIUM]","[PREMIUM]","309","Section 309","pp",5,"['15','16','17','18','19']","2026-10-24 00:00:00","sg_app","exchange",1,"[PREMIUM]","1,2,3,5"
"kYet94NBKrb","2026-08-11 23:36:08.954","2026-08-12 22:57:12.268","kYet94NBKrb","18016687","[PREMIUM]","[PREMIUM]","[PREMIUM]","123","Section 123","n",2,"['7','8']","2026-08-11 00:00:00","sg_app","exchange",0,"[PREMIUM]","2"
"lxVsdLKaaZ0","2026-08-11 23:36:08.954","2026-08-24 22:39:11.503","lxVsdLKaaZ0","18016687","[PREMIUM]","[PREMIUM]","[PREMIUM]","324","Section 324","p",1,"['21']","2026-10-24 00:00:00","sg_app","exchange",0,"[PREMIUM]","1"
"mxAs4Y5NdwV","2026-08-11 23:36:08.954","2026-08-11 23:36:08.954","mxAs4Y5NdwV","18016687","[PREMIUM]","[PREMIUM]","[PREMIUM]","118","Section 118","cc",2,"['10','11']","2026-08-11 00:00:00","sg_app","exchange",1,"[PREMIUM]","2"
"oV7HbEJmpzN","2026-08-11 23:36:08.954","2026-08-12 22:57:12.268","oV7HbEJmpzN","18016687","[PREMIUM]","[PREMIUM]","[PREMIUM]","117","Section 117","ii",4,"['3','4','5','6']","2026-08-11 00:00:00","sg_app","exchange",2,"[PREMIUM]","1,2,4"
"qVjH2V63JXE","2026-08-11 23:36:08.954","2026-08-16 22:18:41.336","qVjH2V63JXE","18016687","[PREMIUM]","[PREMIUM]","[PREMIUM]","312","Section 312","pp",15,"['1','2','3','4','5','6','7','8','9','10','11','12','13','14','15']","2026-08-14 00:00:00","sg_app","exchange",0,"[PREMIUM]","1,2,3,4,5,6,7,8,9,10,11,12,13,15"
"rVOHkRE4Xdx","2026-08-11 23:36:08.954","2026-08-24 22:39:11.503","rVOHkRE4Xdx","18016687","[PREMIUM]","[PREMIUM]","[PREMIUM]","204","Section 204","u",2,"['11','12']","2026-08-06 00:00:00","sg_app","exchange",2,"[PREMIUM]","2"
"rVOHkRxY8qw","2026-08-11 23:36:08.954","2026-08-15 22:24:01.487","rVOHkRxY8qw","18016687","[PREMIUM]","[PREMIUM]","[PREMIUM]","121","Section 121","u",2,"['9','10']","2026-08-14 00:00:00","sg_app","exchange",0,"[PREMIUM]","2"
"z3Es6qgPRqn","2026-08-11 23:36:08.954","2026-08-12 22:57:12.268","z3Es6qgPRqn","18016687","[PREMIUM]","[PREMIUM]","[PREMIUM]","333","Section 333","ss",9,"['18','19','20','21','22','23','24','25','26']","2026-08-11 00:00:00","sg_app","exchange",0,"[PREMIUM]","1,2,3,4,5,6,7,9"
"8lKt6YPzvz6","2026-08-11 23:34:48.757","2026-08-11 23:34:48.757","8lKt6YPzvz6","18240103","[PREMIUM]","[PREMIUM]","[PREMIUM]","256","Section 256","11",3,"['599','600','601']","2026-10-10 00:00:00","electronic","exchange",0,"[PREMIUM]","1,3"
"9P2c5qX0B7b","2026-08-11 23:34:48.757","2026-08-11 23:34:48.757","9P2c5qX0B7b","18240103","[PREMIUM]","[PREMIUM]","[PREMIUM]","417","Section 417","2",3,"[]","2026-10-10 00:00:00","electronic","exchange",4,"[PREMIUM]","1,3"
"A6rs27DAvl2","2026-08-11 23:34:48.757","2026-08-12 22:56:30.746","A6rs27DAvl2","18240103","[PREMIUM]","[PREMIUM]","[PREMIUM]","506","Section 506","21",3,"[]","2026-10-10 00:00:00","electronic","exchange",3,"[PREMIUM]","1,3"
"DdwHkOel0r0","2026-08-11 23:34:48.757","2026-08-11 23:34:48.757","DdwHkOel0r0","18240103","[PREMIUM]","[PREMIUM]","[PREMIUM]","122","Section 122","01",2,"[]","2026-10-10 00:00:00","electronic","exchange",1,"[PREMIUM]","2"
"JABI39x2dgb","2026-08-11 23:34:48.757","2026-08-12 22:56:30.746","JABI39x2dgb","18240103","[PREMIUM]","[PREMIUM]","[PREMIUM]","256","Section 256","11",3,"[]","2026-10-10 00:00:00","electronic","exchange",1,"[PREMIUM]","1,3"
"Kezcz64GAOn","2026-08-11 23:34:48.757","2026-08-11 23:34:48.757","Kezcz64GAOn","18240103","[PREMIUM]","[PREMIUM]","[PREMIUM]","453","Section 453","72",1,"[]","2026-10-10 00:00:00","electronic","exchange",1,"[PREMIUM]","1"
"agktlDvm4lB","2026-08-11 23:34:48.757","2026-08-24 22:38:53.098","agktlDvm4lB","18240103","[PREMIUM]","[PREMIUM]","[PREMIUM]","252","Section 252","12",2,"['175','176']","2026-10-09 00:00:00","electronic","exchange",1,"[PREMIUM]","2"
"oV7HbEJ8gZJ","2026-08-11 23:34:48.757","2026-08-13 22:36:07.926","oV7HbEJ8gZJ","18240103","[PREMIUM]","[PREMIUM]","[PREMIUM]","LEVEL 5 - 519","Level 5 519","9",2,"[]","2026-10-10 00:00:00","electronic","exchange",7,"[PREMIUM]","1,2"
"w3JsedzPvPD","2026-08-11 23:34:48.757","2026-08-18 11:25:04.601","w3JsedzPvPD","18240103","[PREMIUM]","[PREMIUM]","[PREMIUM]","113","Section 113","14",3,"[]","2026-10-10 00:00:00","electronic","exchange",2,"[PREMIUM]","1,3"
"LbviLEpmPv4","2026-08-11 23:31:39.244","2026-08-24 22:36:53.080","LbviLEpmPv4","18343517","[PREMIUM]","[PREMIUM]","[PREMIUM]","FIELD BOX MVP 2","Section 2 FD","s",4,"[]","2026-10-02 00:00:00","sg_app","exchange",2,"[PREMIUM]","2,4"
"rVOHkRxLYeV","2026-08-11 23:28:11.070","2026-08-24 22:36:51.203","rVOHkRxLYeV","18343516","[PREMIUM]","[PREMIUM]","[PREMIUM]","FIELD BOX MVP 2","Section 2 FD","s",4,"[]","2026-10-02 00:00:00","sg_app","exchange",2,"[PREMIUM]","2,4"
"kYet94eJXxn","2026-08-11 23:28:08.023","2026-08-24 22:36:35.472","kYet94eJXxn","18343512","[PREMIUM]","[PREMIUM]","[PREMIUM]","FIELD BOX MVP 2","Section 2 FD","s",4,"[]","2026-10-02 00:00:00","sg_app","exchange",2,"[PREMIUM]","2,4"
"6mOhkAMOaPG","2026-08-11 23:26:46.420","2026-08-24 22:36:42.610","6mOhkAMOaPG","18343513","[PREMIUM]","[PREMIUM]","[PREMIUM]","FIELD BOX MVP 2","Section 2 FD","s",4,"[]","2026-10-02 00:00:00","sg_app","exchange",2,"[PREMIUM]","2,4"
"X03tKjX5eJ2","2026-08-11 23:26:23.722","2026-08-24 22:36:37.768","X03tKjX5eJ2","18343287","[PREMIUM]","[PREMIUM]","[PREMIUM]","131","Section 131","17",2,"['7','8']","2026-10-25 00:00:00","sg_app","exchange",0,"[PREMIUM]","2"
"Zm9hvwLOVma","2026-08-11 23:26:23.722","2026-08-24 22:36:37.768","Zm9hvwLOVma","18343287","[PREMIUM]","[PREMIUM]","[PREMIUM]","129","Section 129","17",2,"['5','6']","2026-10-25 00:00:00","sg_app","exchange",0,"[PREMIUM]","2"
"lxVsdLP9rax","2026-08-11 23:24:43.925","2026-08-24 22:36:15.351","lxVsdLP9rax","18343504","[PREMIUM]","[PREMIUM]","[PREMIUM]","FIELD BOX MVP 2","Section 2 FD","s",4,"[]","2026-10-02 00:00:00","sg_app","exchange",1,"[PREMIUM]","2,4"
"8lKt6YPKj8Y","2026-08-11 23:24:11.415","2026-08-11 23:24:11.415","8lKt6YPKj8Y","17693581","[PREMIUM]","[PREMIUM]","[PREMIUM]","9","Home Plate Box 9","2",4,"[]","2026-09-26 00:00:00","sg_app","exchange",2,"[PREMIUM]","2,4"
"DdwHkOEogox","2026-08-11 23:24:11.415","2026-08-11 23:24:11.415","DdwHkOEogox","17693581","[PREMIUM]","[PREMIUM]","[PREMIUM]","8","Base Reserved 8","23",8,"[]","2026-09-26 00:00:00","sg_app","exchange",3,"[PREMIUM]","1,2,3,4,5,6,8"
"lxVsdLPx3lA","2026-08-11 23:24:11.415","2026-08-11 23:24:11.415","lxVsdLPx3lA","17693581","[PREMIUM]","[PREMIUM]","[PREMIUM]","10","Home Plate Box 10","25",2,"[]","2026-09-26 00:00:00","sg_app","exchange",2,"[PREMIUM]","2"
"4vXcj9rXvOv","2026-08-11 23:22:52.803","2026-08-24 22:36:31.976","4vXcj9rXvOv","18343510","[PREMIUM]","[PREMIUM]","[PREMIUM]","FIELD BOX MVP 2","Section 2 FD","s",4,"[]","2026-10-02 00:00:00","sg_app","exchange",2,"[PREMIUM]","2,4"
"2v0cz3ORrL9","2026-08-11 23:22:49.225","2026-08-25 11:10:09.141","2v0cz3ORrL9","18343498","[PREMIUM]","[PREMIUM]","[PREMIUM]","FIELD BOX MVP 2","Section 2 FD","s",4,"[]","2026-10-02 00:00:00","sg_app","exchange",0,"[PREMIUM]","2,4"
"kYet94eJ326","2026-08-11 23:22:49.225","2026-08-23 11:09:24.931","kYet94eJ326","18343498","[PREMIUM]","[PREMIUM]","[PREMIUM]","FIELD BOX MVP 2","Section 2 FD","s",4,"[]","2026-10-02 00:00:00","sg_app","exchange",1,"[PREMIUM]","2,4"
"EroUXneDzl7","2026-08-11 23:22:33.124","2026-08-24 22:36:24.202","EroUXneDzl7","18343508","[PREMIUM]","[PREMIUM]","[PREMIUM]","FIELD BOX MVP 2","Section 2 FD","s",4,"[]","2026-10-02 00:00:00","sg_app","exchange",2,"[PREMIUM]","2,4"
"5EjuZ6DE0kX","2026-08-11 23:22:26.665","2026-08-24 22:36:20.266","5EjuZ6DE0kX","18343284","[PREMIUM]","[PREMIUM]","[PREMIUM]","129","Section 129","17",2,"['5','6']","2026-10-17 00:00:00","sg_app","exchange",0,"[PREMIUM]","2"
"b4wUaGVEebq","2026-08-11 23:22:26.665","2026-08-24 22:36:20.266","b4wUaGVEebq","18343284","[PREMIUM]","[PREMIUM]","[PREMIUM]","131","Section 131","17",2,"['7','8']","2026-10-17 00:00:00","sg_app","exchange",0,"[PREMIUM]","2"
"w3JsedzaPqD","2026-08-11 23:22:19.405","2026-08-24 22:36:19.181","w3JsedzaPqD","18343505","[PREMIUM]","[PREMIUM]","[PREMIUM]","FIELD BOX MVP 2","Section 2 FD","s",4,"[]","2026-10-02 00:00:00","sg_app","exchange",2,"[PREMIUM]","2,4"
"dNgUg6n4KzE","2026-08-11 23:22:11.894","2026-08-24 22:36:07.037","dNgUg6n4KzE","18343280","[PREMIUM]","[PREMIUM]","[PREMIUM]","131","Section 131","17",2,"['7','8']","2026-10-13 00:00:00","sg_app","exchange",0,"[PREMIUM]","2"
"mxAs4Y2Oez8","2026-08-11 23:22:11.894","2026-08-24 22:36:07.037","mxAs4Y2Oez8","18343280","[PREMIUM]","[PREMIUM]","[PREMIUM]","129","Section 129","17",2,"['5','6']","2026-10-13 00:00:00","sg_app","exchange",0,"[PREMIUM]","2"
"3q7fNJm7o42","2026-08-11 23:21:55.522","2026-08-24 22:36:00.491","3q7fNJm7o42","18343501","[PREMIUM]","[PREMIUM]","[PREMIUM]","FIELD BOX MVP 2","Section 2 FD","s",4,"[]","2026-10-02 00:00:00","sg_app","exchange",1,"[PREMIUM]","2,4"
"w3JsedzavKK","2026-08-11 23:21:55.522","2026-08-24 22:36:00.491","w3JsedzavKK","18343501","[PREMIUM]","[PREMIUM]","[PREMIUM]","FIELD BOX MVP 2","Section 2 FD","s",4,"[]","2026-10-02 00:00:00","sg_app","exchange",1,"[PREMIUM]","2,4"
"4vXcj9rX03b","2026-08-11 23:21:54.781","2026-08-23 22:27:25.340","4vXcj9rX03b","18343499","[PREMIUM]","[PREMIUM]","[PREMIUM]","FIELD BOX MVP 2","Section 2 FD","s",4,"[]","2026-10-02 00:00:00","sg_app","exchange",0,"[PREMIUM]","2,4"
"JABI39xBYRY","2026-08-11 23:21:54.781","2026-08-24 22:38:43.987","JABI39xBYRY","18343499","[PREMIUM]","[PREMIUM]","[PREMIUM]","FIELD BOX MVP 2","Section 2 FD","s",4,"[]","2026-10-02 00:00:00","sg_app","exchange",0,"[PREMIUM]","2,4"
"DdwHkOe42pw","2026-08-11 23:21:54.493","2026-08-24 22:36:01.331","DdwHkOe42pw","18343277","[PREMIUM]","[PREMIUM]","[PREMIUM]","131","Section 131","17",2,"['7','8']","2026-10-05 00:00:00","sg_app","exchange",0,"[PREMIUM]","2"
"GAaI62ek95p","2026-08-11 23:21:54.493","2026-08-24 22:36:01.331","GAaI62ek95p","18343277","[PREMIUM]","[PREMIUM]","[PREMIUM]","129","Section 129","17",2,"['5','6']","2026-10-05 00:00:00","sg_app","exchange",0,"[PREMIUM]","2"
"w3JsedkR6Xl","2026-08-11 23:21:39.638","2026-08-24 22:35:54.649","w3JsedkR6Xl","18322767","[PREMIUM]","[PREMIUM]","[PREMIUM]","Reserved C","Section C","25",3,"[]","2026-10-03 00:00:00","electronic","exchange",1,"[PREMIUM]","1,3"
"05VT8KzMk7l","2026-08-11 23:21:29.580","2026-08-24 22:35:53.080","05VT8KzMk7l","18343276","[PREMIUM]","[PREMIUM]","[PREMIUM]","131","Section 131","17",2,"['7','8']","2026-10-04 00:00:00","sg_app","exchange",0,"[PREMIUM]","2"
"z3Es6qgjmar","2026-08-11 23:21:29.580","2026-08-24 22:35:53.080","z3Es6qgjmar","18343276","[PREMIUM]","[PREMIUM]","[PREMIUM]","129","Section 129","17",2,"['5','6']","2026-10-04 00:00:00","sg_app","exchange",1,"[PREMIUM]","2"
"4vXcj9N2Pn8","2026-08-11 23:21:23.482","2026-08-24 22:35:45.281","4vXcj9N2Pn8","18343273","[PREMIUM]","[PREMIUM]","[PREMIUM]","131","Section 131","17",2,"['7','8']","2026-10-03 00:00:00","sg_app","exchange",0,"[PREMIUM]","2"
"8lKt6Yq9mvP","2026-08-11 23:21:23.482","2026-08-24 22:35:45.281","8lKt6Yq9mvP","18343273","[PREMIUM]","[PREMIUM]","[PREMIUM]","129","Section 129","17",2,"['5','6']","2026-10-03 00:00:00","sg_app","exchange",1,"[PREMIUM]","2"
"1rp071p","2026-08-11 23:08:14.346","2026-08-24 22:34:32.595","1rp071p","17694088","[PREMIUM]","[PREMIUM]","[PREMIUM]","234","Section 234","8",2,"['11','12']",,"sg_app","marketplace",1,"[PREMIUM]","2"
"7KntAlBq7wj","2026-08-11 23:08:14.346","2026-08-14 23:10:53.828","7KntAlBq7wj","17694088","[PREMIUM]","[PREMIUM]","[PREMIUM]","427","Section 427","7",6,"['12','13','14','15','16','17']","2026-09-25 00:00:00","sg_app","exchange",1,"[PREMIUM]","2,4,6"
"7x7doq4","2026-08-11 23:08:14.346","2026-08-18 10:37:56.331","7x7doq4","17694088","[PREMIUM]","[PREMIUM]","[PREMIUM]","120","Section 120","26",4,"['12','13','14','15']",,"sg_app","marketplace",0,"[PREMIUM]","2,4"
"7x7d0gk","2026-08-11 23:08:14.346","2026-08-24 22:34:32.595","7x7d0gk","17694088","[PREMIUM]","[PREMIUM]","[PREMIUM]","109","Section 109","5",2,"['9','10']",,"sg_app","marketplace",1,"[PREMIUM]","2"
"86xeq2j","2026-08-11 23:08:14.346","2026-08-24 22:34:32.595","86xeq2j","17694088","[PREMIUM]","[PREMIUM]","[PREMIUM]","241","Section 241","6",4,"['5','6','7','8']",,"sg_app","marketplace",0,"[PREMIUM]","2,4"
"DdwHkOe9Y7Y","2026-08-11 23:08:14.346","2026-08-24 22:34:32.595","DdwHkOe9Y7Y","17694088","[PREMIUM]","[PREMIUM]","[PREMIUM]","209","Section 209","2",2,"['10','11']","2026-03-25 00:00:00","sg_app","exchange",1,"[PREMIUM]","2"
"GAaI62eLrPp","2026-08-11 23:08:14.346","2026-08-24 22:34:32.595","GAaI62eLrPp","17694088","[PREMIUM]","[PREMIUM]","[PREMIUM]","116","Section 116","9",4,"['5','6','7','8']","2026-03-25 00:00:00","sg_app","exchange",1,"[PREMIUM]","4"
"JABI39m4nP9","2026-08-11 23:08:14.346","2026-08-24 22:34:32.595","JABI39m4nP9","17694088","[PREMIUM]","[PREMIUM]","[PREMIUM]","134","Section 134","11",2,"['1','2']","2026-03-25 00:00:00","sg_app","exchange",0,"[PREMIUM]","2"
"PX0sgL4d5VX","2026-08-11 23:08:14.346","2026-08-24 22:34:32.595","PX0sgL4d5VX","17694088","[PREMIUM]","[PREMIUM]","[PREMIUM]","130","Section 130","12",4,"['11','12','13','14']","2026-03-25 00:00:00","sg_app","exchange",1,"[PREMIUM]","4"
"V4KU0MlOvPB","2026-08-11 23:08:14.346","2026-08-11 23:08:14.346","V4KU0MlOvPB","17694088","[PREMIUM]","[PREMIUM]","[PREMIUM]","131","Section 131","6",4,"['7','8','9','10']","2026-03-25 00:00:00","sg_app","exchange",0,"[PREMIUM]","4"
"dNgUg6nrmee","2026-08-11 23:08:14.346","2026-08-24 22:34:32.595","dNgUg6nrmee","17694088","[PREMIUM]","[PREMIUM]","[PREMIUM]","228","Section 228","2",6,"['3','4','5','6','7','8']","2026-03-25 00:00:00","sg_app","exchange",2,"[PREMIUM]","1,2,3,4,6"
"jpgqpw6","2026-08-11 23:08:14.346","2026-08-23 11:10:56.855","jpgqpw6","17694088","[PREMIUM]","[PREMIUM]","[PREMIUM]","113","Section 113","30",4,"['17','18','19','20']",,"sg_app","marketplace",0,"[PREMIUM]","2,4"
"p10xv40","2026-08-11 23:08:14.346","2026-08-24 22:34:32.595","p10xv40","17694088","[PREMIUM]","[PREMIUM]","[PREMIUM]","117","Section 117","24",2,"['5','6']",,"sg_app","marketplace",1,"[PREMIUM]","2"
"rVOHkRE8nY2","2026-08-11 23:08:14.346","2026-08-24 22:34:32.595","rVOHkRE8nY2","17694088","[PREMIUM]","[PREMIUM]","[PREMIUM]","216","Section 216","4",2,"[]","2026-09-25 00:00:00","electronic","exchange",0,"[PREMIUM]","2"
"v6qrz40","2026-08-11 23:08:14.346","2026-08-24 22:34:32.595","v6qrz40","17694088","[PREMIUM]","[PREMIUM]","[PREMIUM]","212","Section 212","3",2,"['11','12']",,"sg_app","marketplace",0,"[PREMIUM]","2"
"xzqr1qg","2026-08-11 23:08:14.346","2026-08-24 22:34:32.595","xzqr1qg","17694088","[PREMIUM]","[PREMIUM]","[PREMIUM]","413","Section 413","7",2,"['8','9']",,"sg_app","marketplace",0,"[PREMIUM]","2"
"z3Es6qgRb6Z","2026-08-11 23:08:14.346","2026-08-24 22:34:32.595","z3Es6qgRb6Z","17694088","[PREMIUM]","[PREMIUM]","[PREMIUM]","118","Section 118","3",2,"['1','2']","2026-09-27 00:00:00","sg_app","exchange",0,"[PREMIUM]","2"
"zpqr4mp","2026-08-11 23:08:14.346","2026-08-23 11:10:56.855","zpqr4mp","17694088","[PREMIUM]","[PREMIUM]","[PREMIUM]","243","Section 243","4",3,"['20','21','22']",,"sg_app","marketplace",0,"[PREMIUM]","3"
"05VT8Kzq0or","2026-08-11 23:06:24.706","2026-08-11 23:06:24.706","05VT8Kzq0or","17695459","[PREMIUM]","[PREMIUM]","[PREMIUM]","BOX116","Section 116","37",4,"[]","2026-09-24 00:00:00","sg_app","exchange",1,"[PREMIUM]","1,2,3,4"
"05VT8Kzq0d2","2026-08-11 23:06:24.706","2026-08-11 23:06:24.706","05VT8Kzq0d2","17695459","[PREMIUM]","[PREMIUM]","[PREMIUM]","SEC157","Section 157","10",5,"[]","2026-09-24 00:00:00","sg_app","exchange",1,"[PREMIUM]","1,2,3,4,5"
"05VT8Kzq09d","2026-08-11 23:06:24.706","2026-08-11 23:06:24.706","05VT8Kzq09d","17695459","[PREMIUM]","[PREMIUM]","[PREMIUM]","SEC554","Section 554","13",8,"[]","2026-09-24 00:00:00","sg_app","exchange",0,"[PREMIUM]","1,2,3,4,5,6,7,8"
"2v0cz3V20px","2026-08-11 23:06:24.706","2026-08-11 23:06:24.706","2v0cz3V20px","17695459","[PREMIUM]","[PREMIUM]","[PREMIUM]","SEC102","Section 102","8",8,"[]","2026-09-24 00:00:00","sg_app","exchange",1,"[PREMIUM]","1,2,3,4,5,6,7,8"
"2v0cz3V20Mx","2026-08-11 23:06:24.706","2026-08-11 23:06:24.706","2v0cz3V20Mx","17695459","[PREMIUM]","[PREMIUM]","[PREMIUM]","SEC508","Section 508","21",8,"[]","2026-09-24 00:00:00","sg_app","exchange",1,"[PREMIUM]","1,2,3,4,5,6,7,8"
"2v0cz3V20Kl","2026-08-11 23:06:24.706","2026-08-11 23:06:24.706","2v0cz3V20Kl","17695459","[PREMIUM]","[PREMIUM]","[PREMIUM]","BOX114","Section 114","37",4,"[]","2026-09-24 00:00:00","sg_app","exchange",1,"[PREMIUM]","1,2,3,4"
"2v0cz3V20El","2026-08-11 23:06:24.706","2026-08-11 23:06:24.706","2v0cz3V20El","17695459","[PREMIUM]","[PREMIUM]","[PREMIUM]","SEC546","Section 546","17",7,"[]","2026-09-24 00:00:00","sg_app","exchange",0,"[PREMIUM]","1,2,3,4,5,6,7"
"2v0cz3V205O","2026-08-11 23:06:24.706","2026-08-11 23:06:24.706","2v0cz3V205O","17695459","[PREMIUM]","[PREMIUM]","[PREMIUM]","SEC162","Section 162","28",8,"[]","2026-09-24 00:00:00","sg_app","exchange",1,"[PREMIUM]","1,2,3,4,5,6,7,8"
"2v0cz3VZpzZ","2026-08-11 23:06:24.706","2026-08-24 22:34:27.382","2v0cz3VZpzZ","17695459","[PREMIUM]","[PREMIUM]","[PREMIUM]","546","Section 546","8",6,"[]","2026-09-26 00:00:00","electronic","exchange",0,"[PREMIUM]","1,2,3,4,6"
"3q7fNJA8EAP","2026-08-11 23:06:24.706","2026-08-11 23:06:24.706","3q7fNJA8EAP","17695459","[PREMIUM]","[PREMIUM]","[PREMIUM]","BOX150","Section 150","37",4,"[]","2026-09-24 00:00:00","sg_app","exchange",1,"[PREMIUM]","1,2,3,4"
"3q7fNJA8EAq","2026-08-11 23:06:24.706","2026-08-11 23:06:24.706","3q7fNJA8EAq","17695459","[PREMIUM]","[PREMIUM]","[PREMIUM]","BOX118","Section 118","32",2,"[]","2026-09-24 00:00:00","sg_app","exchange",1,"[PREMIUM]","1,2"
"3q7fNJA8ERz","2026-08-11 23:06:24.706","2026-08-11 23:06:24.706","3q7fNJA8ERz","17695459","[PREMIUM]","[PREMIUM]","[PREMIUM]","BOX535","Section 535","5",4,"[]","2026-09-24 00:00:00","sg_app","exchange",1,"[PREMIUM]","1,2,3,4"
"3q7fNJA8Ea4","2026-08-11 23:06:24.706","2026-08-11 23:06:24.706","3q7fNJA8Ea4","17695459","[PREMIUM]","[PREMIUM]","[PREMIUM]","BOX528","Section 528","4",6,"[]","2026-09-24 00:00:00","sg_app","exchange",1,"[PREMIUM]","1,2,3,4,5,6"
"3q7fNJA8El9","2026-08-11 23:06:24.706","2026-08-11 23:06:24.706","3q7fNJA8El9","17695459","[PREMIUM]","[PREMIUM]","[PREMIUM]","SEC109","Section 109","17",7,"[]","2026-09-24 00:00:00","sg_app","exchange",1,"[PREMIUM]","1,2,3,4,5,6,7"
"3q7fNJA8Edl","2026-08-11 23:06:24.706","2026-08-11 23:06:24.706","3q7fNJA8Edl","17695459","[PREMIUM]","[PREMIUM]","[PREMIUM]","BOX527","Section 527","3",8,"[]","2026-09-24 00:00:00","sg_app","exchange",1,"[PREMIUM]","1,2,3,4,5,6,7,8"
"3q7fNJA8Eal","2026-08-11 23:06:24.706","2026-08-11 23:06:24.706","3q7fNJA8Eal","17695459","[PREMIUM]","[PREMIUM]","[PREMIUM]","SEC101","Section 101","23",5,"[]","2026-09-24 00:00:00","sg_app","exchange",1,"[PREMIUM]","1,2,3,4,5"
"3q7fNJmAm06","2026-08-11 23:06:24.706","2026-08-19 08:23:26.647","3q7fNJmAm06","17695459","[PREMIUM]","[PREMIUM]","[PREMIUM]","BOX129","Section 129","26",5,"[]","2026-09-25 00:00:00","sg_app","exchange",2,"[PREMIUM]","1,2,3,4,5"
"4vXcj9N5X3d","2026-08-11 23:06:24.706","2026-08-19 08:23:26.647","4vXcj9N5X3d","17695459","[PREMIUM]","[PREMIUM]","[PREMIUM]","SEC102","Section 102","11",7,"[]","2026-09-25 00:00:00","sg_app","exchange",3,"[PREMIUM]","1,2,3,4,5,6,7"
"4vXcj9Nwlzm","2026-08-11 23:06:24.706","2026-08-11 23:06:24.706","4vXcj9Nwlzm","17695459","[PREMIUM]","[PREMIUM]","[PREMIUM]","BOX535","Section 535","14",8,"[]","2026-09-24 00:00:00","sg_app","exchange",0,"[PREMIUM]","1,2,3,4,5,6,7,8"
"4vXcj9NwlNo","2026-08-11 23:06:24.706","2026-08-11 23:06:24.706","4vXcj9NwlNo","17695459","[PREMIUM]","[PREMIUM]","[PREMIUM]","SEC506","Section 506","20",6,"[]","2026-09-24 00:00:00","sg_app","exchange",1,"[PREMIUM]","1,2,3,4,5,6"
"4vXcj9NwlN8","2026-08-11 23:06:24.706","2026-08-11 23:06:24.706","4vXcj9NwlN8","17695459","[PREMIUM]","[PREMIUM]","[PREMIUM]","SEC160","Section 160","26",8,"[]","2026-09-24 00:00:00","sg_app","exchange",1,"[PREMIUM]","1,2,3,4,5,6,7,8"
"4vXcj9Nwl49","2026-08-11 23:06:24.706","2026-08-11 23:06:24.706","4vXcj9Nwl49","17695459","[PREMIUM]","[PREMIUM]","[PREMIUM]","SEC554","Section 554","14",8,"[]","2026-09-24 00:00:00","sg_app","exchange",0,"[PREMIUM]","1,2,3,4,5,6,7,8"
"41r9wg0","2026-08-11 23:06:24.706","2026-08-24 22:34:27.382","41r9wg0","17695459","[PREMIUM]","[PREMIUM]","[PREMIUM]","BOX526","Section 526","3",6,"['11','12','13','14','15','16']",,"sg_app","marketplace",1,"[PREMIUM]","2,4,6"
"4vXcj9NJMd3","2026-08-11 23:06:24.706","2026-08-24 22:34:27.382","4vXcj9NJMd3","17695459","[PREMIUM]","[PREMIUM]","[PREMIUM]","SEC159","Section 159","3",1,"['11']","2026-08-11 00:00:00","sg_app","exchange",2,"[PREMIUM]","1"
"5EjuZ6Dr4Rw","2026-08-11 23:06:24.706","2026-08-11 23:06:24.706","5EjuZ6Dr4Rw","17695459","[PREMIUM]","[PREMIUM]","[PREMIUM]","SEC512","Section 512","14",8,"[]","2026-09-24 00:00:00","sg_app","exchange",0,"[PREMIUM]","1,2,3,4,5,6,7,8"
"5EjuZ6Dr4Md","2026-08-11 23:06:24.706","2026-08-11 23:06:24.706","5EjuZ6Dr4Md","17695459","[PREMIUM]","[PREMIUM]","[PREMIUM]","BOX536","Section 536","14",8,"[]","2026-09-24 00:00:00","sg_app","exchange",1,"[PREMIUM]","1,2,3,4,5,6,7,8"
"5EjuZ6Dr4EL","2026-08-11 23:06:24.706","2026-08-11 23:06:24.706","5EjuZ6Dr4EL","17695459","[PREMIUM]","[PREMIUM]","[PREMIUM]","SEC514","Section 514","13",8,"[]","2026-09-24 00:00:00","sg_app","exchange",0,"[PREMIUM]","1,2,3,4,5,6,7,8"
"5EjuZ6Dr47a","2026-08-11 23:06:24.706","2026-08-11 23:06:24.706","5EjuZ6Dr47a","17695459","[PREMIUM]","[PREMIUM]","[PREMIUM]","BOX113","Section 113","10",6,"[]","2026-09-24 00:00:00","sg_app","exchange",1,"[PREMIUM]","1,2,3,4,5,6"
"5EjuZ6Dr42n","2026-08-11 23:06:24.706","2026-08-11 23:06:24.706","5EjuZ6Dr42n","17695459","[PREMIUM]","[PREMIUM]","[PREMIUM]","BOX149","Section 149","36",6,"[]","2026-09-24 00:00:00","sg_app","exchange",1,"[PREMIUM]","1,2,3,4,5,6"
"6mOhkAGBrOD","2026-08-11 23:06:24.706","2026-08-11 23:06:24.706","6mOhkAGBrOD","17695459","[PREMIUM]","[PREMIUM]","[PREMIUM]","SEC557","Section 557","14",8,"[]","2026-09-24 00:00:00","sg_app","exchange",1,"[PREMIUM]","1,2,3,4,5,6,7,8"
"6mOhkAGBrGd","2026-08-11 23:06:24.706","2026-08-11 23:06:24.706","6mOhkAGBrGd","17695459","[PREMIUM]","[PREMIUM]","[PREMIUM]","SEC518","Section 518","15",8,"[]","2026-09-24 00:00:00","sg_app","exchange",0,"[PREMIUM]","1,2,3,4,5,6,7,8"
"6mOhkAGBrq6","2026-08-11 23:06:24.706","2026-08-11 23:06:24.706","6mOhkAGBrq6","17695459","[PREMIUM]","[PREMIUM]","[PREMIUM]","BOX542","Section 542","4",3,"[]","2026-09-24 00:00:00","sg_app","exchange",0,"[PREMIUM]","1,2,3"
"6mOhkAGznve","2026-08-11 23:06:24.706","2026-08-19 08:23:26.647","6mOhkAGznve","17695459","[PREMIUM]","[PREMIUM]","[PREMIUM]","SEC518","Section 518","12",8,"[]","2026-09-25 00:00:00","sg_app","exchange",5,"[PREMIUM]","1,2,3,4,5,6,7,8"
"7KntAlBk0bP","2026-08-11 23:06:24.706","2026-08-11 23:06:24.706","7KntAlBk0bP","17695459","[PREMIUM]","[PREMIUM]","[PREMIUM]","SEC550","Section 550","14",8,"[]","2026-09-24 00:00:00","sg_app","exchange",0,"[PREMIUM]","1,2,3,4,5,6,7,8"
"7KntAlBk0P5","2026-08-11 23:06:24.706","2026-08-11 23:06:24.706","7KntAlBk0P5","17695459","[PREMIUM]","[PREMIUM]","[PREMIUM]","BOX116","Section 116","5",4,"[]","2026-09-24 00:00:00","sg_app","exchange",1,"[PREMIUM]","1,2,3,4"
"7KntAlBk0Np","2026-08-11 23:06:24.706","2026-08-11 23:06:24.706","7KntAlBk0Np","17695459","[PREMIUM]","[PREMIUM]","[PREMIUM]","SEC546","Section 546","9",3,"[]","2026-09-24 00:00:00","sg_app","exchange",0,"[PREMIUM]","1,2,3"
"7KntAlBk0GK","2026-08-11 23:06:24.706","2026-08-11 23:06:24.706","7KntAlBk0GK","17695459","[PREMIUM]","[PREMIUM]","[PREMIUM]","BOX118","Section 118","29",4,"[]","2026-09-24 00:00:00","sg_app","exchange",1,"[PREMIUM]","1,2,3,4"
"8lKt6Yql6qR","2026-08-11 23:06:24.706","2026-08-19 08:23:26.647","8lKt6Yql6qR","17695459","[PREMIUM]","[PREMIUM]","[PREMIUM]","BOX130","Section 130","19",8,"[]","2026-09-25 00:00:00","sg_app","exchange",2,"[PREMIUM]","1,2,3,4,5,6,7,8"
"8lKt6YqxoVm","2026-08-11 23:06:24.706","2026-08-11 23:06:24.706","8lKt6YqxoVm","17695459","[PREMIUM]","[PREMIUM]","[PREMIUM]","SEC558","Section 558","8",5,"[]","2026-09-24 00:00:00","sg_app","exchange",1,"[PREMIUM]","1,2,3,4,5"
"8lKt6YqxoZO","2026-08-11 23:06:24.706","2026-08-11 23:06:24.706","8lKt6YqxoZO","17695459","[PREMIUM]","[PREMIUM]","[PREMIUM]","SEC109","Section 109","35",8,"[]","2026-09-24 00:00:00","sg_app","exchange",1,"[PREMIUM]","1,2,3,4,5,6,7,8"
"8lKt6YqxoXA","2026-08-11 23:06:24.706","2026-08-11 23:06:24.706","8lKt6YqxoXA","17695459","[PREMIUM]","[PREMIUM]","[PREMIUM]","BOX524","Section 524","5",8,"[]","2026-09-24 00:00:00","sg_app","exchange",1,"[PREMIUM]","1,2,3,4,5,6,7,8"
"8lKt6YqxoPo","2026-08-11 23:06:24.706","2026-08-11 23:06:24.706","8lKt6YqxoPo","17695459","[PREMIUM]","[PREMIUM]","[PREMIUM]","BOX522","Section 522","14",8,"[]","2026-09-24 00:00:00","sg_app","exchange",1,"[PREMIUM]","1,2,3,4,5,6,7,8"
"9P2c5qAVEaO","2026-08-11 23:06:24.706","2026-08-11 23:06:24.706","9P2c5qAVEaO","17695459","[PREMIUM]","[PREMIUM]","[PREMIUM]","SEC555","Section 555","14",8,"[]","2026-09-24 00:00:00","sg_app","exchange",0,"[PREMIUM]","1,2,3,4,5,6,7,8"
"9P2c5qAMxDx","2026-08-11 23:06:24.706","2026-08-19 08:23:26.647","9P2c5qAMxDx","17695459","[PREMIUM]","[PREMIUM]","[PREMIUM]","BOX535","Section 535","4",8,"[]","2026-09-25 00:00:00","sg_app","exchange",3,"[PREMIUM]","1,2,3,4,5,6,7,8"
"9P2c5qAVE2Z","2026-08-11 23:06:24.706","2026-08-11 23:06:24.706","9P2c5qAVE2Z","17695459","[PREMIUM]","[PREMIUM]","[PREMIUM]","SEC158","Section 158","27",8,"[]","2026-09-24 00:00:00","sg_app","exchange",1,"[PREMIUM]","1,2,3,4,5,6,7,8"
"9P2c5qAVEK0","2026-08-11 23:06:24.706","2026-08-11 23:06:24.706","9P2c5qAVEK0","17695459","[PREMIUM]","[PREMIUM]","[PREMIUM]","SEC506","Section 506","21",7,"[]","2026-09-24 00:00:00","sg_app","exchange",1,"[PREMIUM]","1,2,3,4,5,6,7"
"9P2c5qAVEwd","2026-08-11 23:06:24.706","2026-08-11 23:06:24.706","9P2c5qAVEwd","17695459","[PREMIUM]","[PREMIUM]","[PREMIUM]","SEC516","Section 516","13",8,"[]","2026-09-24 00:00:00","sg_app","exchange",0,"[PREMIUM]","1,2,3,4,5,6,7,8"
"9P2c5qAVE86","2026-08-11 23:06:24.706","2026-08-11 23:06:24.706","9P2c5qAVE86","17695459","[PREMIUM]","[PREMIUM]","[PREMIUM]","BOX538","Section 538","14",8,"[]","2026-09-24 00:00:00","sg_app","exchange",1,"[PREMIUM]","1,2,3,4,5,6,7,8"
"A6rs27zpdlA","2026-08-11 23:06:24.706","2026-08-11 23:06:24.706","A6rs27zpdlA","17695459","[PREMIUM]","[PREMIUM]","[PREMIUM]","SEC110","Section 110","34",8,"[]","2026-09-24 00:00:00","sg_app","exchange",1,"[PREMIUM]","1,2,3,4,5,6,7,8"
"BALImXkK0xK","2026-08-11 23:06:24.706","2026-08-11 23:06:24.706","BALImXkK0xK","17695459","[PREMIUM]","[PREMIUM]","[PREMIUM]","BOX526","Section 526","3",6,"[]","2026-09-24 00:00:00","sg_app","exchange",1,"[PREMIUM]","1,2,3,4,5,6"
"BALImXkK02V","2026-08-11 23:06:24.706","2026-08-11 23:06:24.706","BALImXkK02V","17695459","[PREMIUM]","[PREMIUM]","[PREMIUM]","SEC552","Section 552","13",8,"[]","2026-09-24 00:00:00","sg_app","exchange",0,"[PREMIUM]","1,2,3,4,5,6,7,8"
"DdwHkOe9GJo","2026-08-11 23:06:24.706","2026-08-11 23:06:24.706","DdwHkOe9GJo","17695459","[PREMIUM]","[PREMIUM]","[PREMIUM]","BOX530","Section 530","14",8,"[]","2026-09-24 00:00:00","sg_app","exchange",0,"[PREMIUM]","1,2,3,4,5,6,7,8"
"EroUXnN6KPb","2026-08-11 23:06:24.706","2026-08-11 23:06:24.706","EroUXnN6KPb","17695459","[PREMIUM]","[PREMIUM]","[PREMIUM]","BOX114","Section 114","22",4,"[]","2026-09-24 00:00:00","sg_app","exchange",1,"[PREMIUM]","1,2,3,4"
"EroUXnNPG3M","2026-08-11 23:06:24.706","2026-08-19 08:23:26.647","EroUXnNPG3M","17695459","[PREMIUM]","[PREMIUM]","[PREMIUM]","SEC157","Section 157","13",8,"[]","2026-09-25 00:00:00","sg_app","exchange",5,"[PREMIUM]","1,2,3,4,5,6,7,8"
"GAaI62aNalp","2026-08-11 23:06:24.706","2026-08-19 08:23:26.647","GAaI62aNalp","17695459","[PREMIUM]","[PREMIUM]","[PREMIUM]","133S","Section 133 S","8",5,"[]","2026-09-25 00:00:00","sg_app","exchange",5,"[PREMIUM]","1,2,3,4,5"
"GAaI62eLJD3","2026-08-11 23:06:24.706","2026-08-11 23:06:24.706","GAaI62eLJD3","17695459","[PREMIUM]","[PREMIUM]","[PREMIUM]","SEC156","Section 156","28",1,"[]","2026-09-24 00:00:00","sg_app","exchange",1,"[PREMIUM]","1"
"JABI39m4GrO","2026-08-11 23:06:24.706","2026-08-11 23:06:24.706","JABI39m4GrO","17695459","[PREMIUM]","[PREMIUM]","[PREMIUM]","BOX150","Section 150","22",4,"[]","2026-09-24 00:00:00","sg_app","exchange",1,"[PREMIUM]","1,2,3,4"
"JABI39m4GVz","2026-08-11 23:06:24.706","2026-08-11 23:06:24.706","JABI39m4GVz","17695459","[PREMIUM]","[PREMIUM]","[PREMIUM]","BOX146","Section 146","24",2,"[]","2026-09-24 00:00:00","sg_app","exchange",0,"[PREMIUM]","1,2"
"JABI39m4GNz","2026-08-11 23:06:24.706","2026-08-11 23:06:24.706","JABI39m4GNz","17695459","[PREMIUM]","[PREMIUM]","[PREMIUM]","BOX149","Section 149","22",6,"[]","2026-09-24 00:00:00","sg_app","exchange",1,"[PREMIUM]","1,2,3,4,5,6"
"Kezcz6awZzp","2026-08-11 23:06:24.706","2026-08-24 22:34:27.382","Kezcz6awZzp","17695459","[PREMIUM]","[PREMIUM]","[PREMIUM]","110","Section 110","25",6,"[]","2026-09-26 00:00:00","electronic","exchange",0,"[PREMIUM]","2,4,6"
"LbviLEVrGam","2026-08-11 23:06:24.706","2026-08-11 23:06:24.706","LbviLEVrGam","17695459","[PREMIUM]","[PREMIUM]","[PREMIUM]","SEC544","Section 544","17",8,"[]","2026-09-24 00:00:00","sg_app","exchange",0,"[PREMIUM]","1,2,3,4,5,6,7,8"
"LbviLEVgZLa","2026-08-11 23:06:24.706","2026-08-24 22:34:27.382","LbviLEVgZLa","17695459","[PREMIUM]","[PREMIUM]","[PREMIUM]","516","Section 516","6",4,"[]","2026-09-26 00:00:00","electronic","exchange",0,"[PREMIUM]","1,2,4"
"LbviLEVqjpe","2026-08-11 23:06:24.706","2026-08-24 22:34:27.382","LbviLEVqjpe","17695459","[PREMIUM]","[PREMIUM]","[PREMIUM]","SEC159","Section 159","3",1,"['9']","2026-08-11 00:00:00","sg_app","exchange",2,"[PREMIUM]","1"
"MAeIPlnLGZ5","2026-08-11 23:06:24.706","2026-08-11 23:06:24.706","MAeIPlnLGZ5","17695459","[PREMIUM]","[PREMIUM]","[PREMIUM]","BOX151","Section 151","6",2,"[]","2026-09-24 00:00:00","sg_app","exchange",1,"[PREMIUM]","1,2"
"MAeIPln9qNo","2026-08-11 23:06:24.706","2026-08-12 22:42:03.928","MAeIPln9qNo","17695459","[PREMIUM]","[PREMIUM]","[PREMIUM]","SEC161","Section 161","8",8,"[]","2026-09-25 00:00:00","sg_app","exchange",2,"[PREMIUM]","1,2,3,4,5,6,7,8"
"NrqUv40gpG3","2026-08-11 23:06:24.706","2026-08-11 23:06:24.706","NrqUv40gpG3","17695459","[PREMIUM]","[PREMIUM]","[PREMIUM]","BOX151","Section 151","35",2,"[]","2026-09-24 00:00:00","sg_app","exchange",1,"[PREMIUM]","1,2"
"NrqUv40gpzl","2026-08-11 23:06:24.706","2026-08-11 23:06:24.706","NrqUv40gpzl","17695459","[PREMIUM]","[PREMIUM]","[PREMIUM]","BOX531","Section 531","4",2,"[]","2026-09-24 00:00:00","sg_app","exchange",0,"[PREMIUM]","1,2"
"O7AhwrO79er","2026-08-11 23:06:24.706","2026-08-12 22:42:03.928","O7AhwrO79er","17695459","[PREMIUM]","[PREMIUM]","[PREMIUM]","BOX137","Section 137","10",2,"[]","2026-09-25 00:00:00","sg_app","exchange",0,"[PREMIUM]","2"
"O7AhwrbeM7z","2026-08-11 23:06:24.706","2026-08-11 23:06:24.706","O7AhwrbeM7z","17695459","[PREMIUM]","[PREMIUM]","[PREMIUM]","BOX153","Section 153","35",4,"[]","2026-09-24 00:00:00","sg_app","exchange",1,"[PREMIUM]","1,2,3,4"
"O7AhwrbeM84","2026-08-11 23:06:24.706","2026-08-11 23:06:24.706","O7AhwrbeM84","17695459","[PREMIUM]","[PREMIUM]","[PREMIUM]","SEC516","Section 516","12",8,"[]","2026-09-24 00:00:00","sg_app","exchange",0,"[PREMIUM]","1,2,3,4,5,6,7,8"
"O7AhwrbeMZY","2026-08-11 23:06:24.706","2026-08-11 23:06:24.706","O7AhwrbeMZY","17695459","[PREMIUM]","[PREMIUM]","[PREMIUM]","BOX152","Section 152","6",4,"[]","2026-09-24 00:00:00","sg_app","exchange",1,"[PREMIUM]","1,2,3,4"
"O7AhwrbwD7Y","2026-08-11 23:06:24.706","2026-08-16 11:40:56.840","O7AhwrbwD7Y","17695459","[PREMIUM]","[PREMIUM]","[PREMIUM]","SEC161","Section 161","13",8,"[]","2026-09-25 00:00:00","sg_app","exchange",2,"[PREMIUM]","1,2,3,4,5,6,7,8"
"PX0sgL4dBOp","2026-08-11 23:06:24.706","2026-08-11 23:06:24.706","PX0sgL4dBOp","17695459","[PREMIUM]","[PREMIUM]","[PREMIUM]","BOX115","Section 115","5",3,"[]","2026-09-24 00:00:00","sg_app","exchange",1,"[PREMIUM]","1,2,3"
"PX0sgL4dBAZ","2026-08-11 23:06:24.706","2026-08-11 23:06:24.706","PX0sgL4dBAZ","17695459","[PREMIUM]","[PREMIUM]","[PREMIUM]","BOX112","Section 112","3",4,"[]","2026-09-24 00:00:00","sg_app","exchange",1,"[PREMIUM]","1,2,3,4"
"PX0sgL4BXrP","2026-08-11 23:06:24.706","2026-08-24 22:34:27.382","PX0sgL4BXrP","17695459","[PREMIUM]","[PREMIUM]","[PREMIUM]","BOX542","Section 542","4",2,"[]","2026-09-25 00:00:00","sg_app","exchange",0,"[PREMIUM]","2"
"ROXHzwNvMnM","2026-08-11 23:06:24.706","2026-08-11 23:06:24.706","ROXHzwNvMnM","17695459","[PREMIUM]","[PREMIUM]","[PREMIUM]","SEC507","Section 507","4",4,"[]","2026-09-24 00:00:00","sg_app","exchange",1,"[PREMIUM]","1,2,3,4"
"ROXHzwNvMGw","2026-08-11 23:06:24.706","2026-08-11 23:06:24.706","ROXHzwNvMGw","17695459","[PREMIUM]","[PREMIUM]","[PREMIUM]","SEC556","Section 556","14",8,"[]","2026-09-24 00:00:00","sg_app","exchange",1,"[PREMIUM]","1,2,3,4,5,6,7,8"
"V4KU0MlOZwE","2026-08-11 23:06:24.706","2026-08-11 23:06:24.706","V4KU0MlOZwE","17695459","[PREMIUM]","[PREMIUM]","[PREMIUM]","SEC552","Section 552","14",8,"[]","2026-09-24 00:00:00","sg_app","exchange",0,"[PREMIUM]","1,2,3,4,5,6,7,8"
"V4KU0MlOZrD","2026-08-11 23:06:24.706","2026-08-11 23:06:24.706","V4KU0MlOZrD","17695459","[PREMIUM]","[PREMIUM]","[PREMIUM]","SEC510","Section 510","14",8,"[]","2026-09-24 00:00:00","sg_app","exchange",0,"[PREMIUM]","1,2,3,4,5,6,7,8"
"V4KU0MlOZg8","2026-08-11 23:06:24.706","2026-08-11 23:06:24.706","V4KU0MlOZg8","17695459","[PREMIUM]","[PREMIUM]","[PREMIUM]","BOX152","Section 152","35",4,"[]","2026-09-24 00:00:00","sg_app","exchange",1,"[PREMIUM]","1,2,3,4"
"V4KU0MlOZVR","2026-08-11 23:06:24.706","2026-08-11 23:06:24.706","V4KU0MlOZVR","17695459","[PREMIUM]","[PREMIUM]","[PREMIUM]","BOX153","Section 153","4",6,"[]","2026-09-24 00:00:00","sg_app","exchange",1,"[PREMIUM]","1,2,3,4,5,6"
"V4KU0MlOZ5Z","2026-08-11 23:06:24.706","2026-08-11 23:06:24.706","V4KU0MlOZ5Z","17695459","[PREMIUM]","[PREMIUM]","[PREMIUM]","SEC548","Section 548","13",8,"[]","2026-09-24 00:00:00","sg_app","exchange",0,"[PREMIUM]","1,2,3,4,5,6,7,8"
"X03tKjXGpYV","2026-08-11 23:06:24.706","2026-08-11 23:06:24.706","X03tKjXGpYV","17695459","[PREMIUM]","[PREMIUM]","[PREMIUM]","BOX524","Section 524","14",8,"[]","2026-09-24 00:00:00","sg_app","exchange",1,"[PREMIUM]","1,2,3,4,5,6,7,8"
"X03tKjXGpqN","2026-08-11 23:06:24.706","2026-08-11 23:06:24.706","X03tKjXGpqN","17695459","[PREMIUM]","[PREMIUM]","[PREMIUM]","SEC509","Section 509","5",6,"[]","2026-09-24 00:00:00","sg_app","exchange",0,"[PREMIUM]","1,2,3,4,5,6"
"YgJtk63gAl3","2026-08-11 23:06:24.706","2026-08-11 23:06:24.706","YgJtk63gAl3","17695459","[PREMIUM]","[PREMIUM]","[PREMIUM]","BOX540","Section 540","14",8,"[]","2026-09-24 00:00:00","sg_app","exchange",1,"[PREMIUM]","1,2,3,4,5,6,7,8"
"YgJtk63bw47","2026-08-11 23:06:24.706","2026-08-19 08:23:26.647","YgJtk63bw47","17695459","[PREMIUM]","[PREMIUM]","[PREMIUM]","BOX142","Section 142","17",4,"[]","2026-09-25 00:00:00","sg_app","exchange",5,"[PREMIUM]","1,2,3,4"
"YgJtk6Zo8jw","2026-08-11 23:06:24.706","2026-08-19 08:23:26.647","YgJtk6Zo8jw","17695459","[PREMIUM]","[PREMIUM]","[PREMIUM]","BOX118","Section 118","31",4,"[]","2026-09-25 00:00:00","sg_app","exchange",5,"[PREMIUM]","1,2,3,4"
"Zm9hvwL30Nd","2026-08-11 23:06:24.706","2026-08-11 23:06:24.706","Zm9hvwL30Nd","17695459","[PREMIUM]","[PREMIUM]","[PREMIUM]","SEC164","Section 164","5",6,"[]","2026-09-24 00:00:00","sg_app","exchange",1,"[PREMIUM]","1,2,3,4,5,6"
"Zm9hvwL30r4","2026-08-11 23:06:24.706","2026-08-11 23:06:24.706","Zm9hvwL30r4","17695459","[PREMIUM]","[PREMIUM]","[PREMIUM]","BOX537","Section 537","4",8,"[]","2026-09-24 00:00:00","sg_app","exchange",1,"[PREMIUM]","1,2,3,4,5,6,7,8"
"agktlDvDb32","2026-08-11 23:06:24.706","2026-08-18 10:36:33.125","agktlDvDb32","17695459","[PREMIUM]","[PREMIUM]","[PREMIUM]","BOX148","Section 148","5",4,"[]","2026-09-25 00:00:00","sg_app","exchange",2,"[PREMIUM]","1,2,3,4"
"agktlDvwp6b","2026-08-11 23:06:24.706","2026-08-11 23:06:24.706","agktlDvwp6b","17695459","[PREMIUM]","[PREMIUM]","[PREMIUM]","SEC508","Section 508","4",4,"[]","2026-09-24 00:00:00","sg_app","exchange",0,"[PREMIUM]","1,2,3,4"
"b4wUaGVjp4O","2026-08-11 23:06:24.706","2026-08-11 23:06:24.706","b4wUaGVjp4O","17695459","[PREMIUM]","[PREMIUM]","[PREMIUM]","BOX527","Section 527","14",6,"[]","2026-09-24 00:00:00","sg_app","exchange",1,"[PREMIUM]","1,2,3,4,5,6"
"dNgUg6nrBOl","2026-08-11 23:06:24.706","2026-08-11 23:06:24.706","dNgUg6nrBOl","17695459","[PREMIUM]","[PREMIUM]","[PREMIUM]","SEC512","Section 512","3",3,"[]","2026-09-24 00:00:00","sg_app","exchange",1,"[PREMIUM]","1,2,3"
"dNgUg6nrBNB","2026-08-11 23:06:24.706","2026-08-11 23:06:24.706","dNgUg6nrBNB","17695459","[PREMIUM]","[PREMIUM]","[PREMIUM]","SEC155","Section 155","35",8,"[]","2026-09-24 00:00:00","sg_app","exchange",1,"[PREMIUM]","1,2,3,4,5,6,7,8"
"eeacK2oRdp0","2026-08-11 23:06:24.706","2026-08-11 23:06:24.706","eeacK2oRdp0","17695459","[PREMIUM]","[PREMIUM]","[PREMIUM]","SEC557","Section 557","13",8,"[]","2026-09-24 00:00:00","sg_app","exchange",1,"[PREMIUM]","1,2,3,4,5,6,7,8"
"eeacK2oRdaJ","2026-08-11 23:06:24.706","2026-08-11 23:06:24.706","eeacK2oRdaJ","17695459","[PREMIUM]","[PREMIUM]","[PREMIUM]","BOX147","Section 147","22",2,"[]","2026-09-24 00:00:00","sg_app","exchange",1,"[PREMIUM]","1,2"
"eeacK2oRd93","2026-08-11 23:06:24.706","2026-08-11 23:06:24.706","eeacK2oRd93","17695459","[PREMIUM]","[PREMIUM]","[PREMIUM]","SEC154","Section 154","34",8,"[]","2026-09-24 00:00:00","sg_app","exchange",1,"[PREMIUM]","1,2,3,4,5,6,7,8"
"g48Uro7KpvX","2026-08-11 23:06:24.706","2026-08-11 23:06:24.706","g48Uro7KpvX","17695459","[PREMIUM]","[PREMIUM]","[PREMIUM]","BOX528","Section 528","14",8,"[]","2026-09-24 00:00:00","sg_app","exchange",1,"[PREMIUM]","1,2,3,4,5,6,7,8"
"g48Uro7Kppm","2026-08-11 23:06:24.706","2026-08-11 23:06:24.706","g48Uro7Kppm","17695459","[PREMIUM]","[PREMIUM]","[PREMIUM]","SEC163","Section 163","4",6,"[]","2026-09-24 00:00:00","sg_app","exchange",1,"[PREMIUM]","1,2,3,4,5,6"
"g48Uro7Kpk5","2026-08-11 23:06:24.706","2026-08-11 23:06:24.706","g48Uro7Kpk5","17695459","[PREMIUM]","[PREMIUM]","[PREMIUM]","SEC518","Section 518","14",8,"[]","2026-09-24 00:00:00","sg_app","exchange",0,"[PREMIUM]","1,2,3,4,5,6,7,8"
"g48Uro7Kp7g","2026-08-11 23:06:24.706","2026-08-11 23:06:24.706","g48Uro7Kp7g","17695459","[PREMIUM]","[PREMIUM]","[PREMIUM]","BOX536","Section 536","4",2,"[]","2026-09-24 00:00:00","sg_app","exchange",1,"[PREMIUM]","1,2"
"g48Uro7Kp4L","2026-08-11 23:06:24.706","2026-08-11 23:06:24.706","g48Uro7Kp4L","17695459","[PREMIUM]","[PREMIUM]","[PREMIUM]","SEC159","Section 159","8",8,"[]","2026-09-24 00:00:00","sg_app","exchange",1,"[PREMIUM]","1,2,3,4,5,6,7,8"
"g48Uro7Kp3x","2026-08-11 23:06:24.706","2026-08-11 23:06:24.706","g48Uro7Kp3x","17695459","[PREMIUM]","[PREMIUM]","[PREMIUM]","SEC159","Section 159","28",8,"[]","2026-09-24 00:00:00","sg_app","exchange",1,"[PREMIUM]","1,2,3,4,5,6,7,8"
"g48UroVOlMo","2026-08-11 23:06:24.706","2026-08-19 08:23:26.647","g48UroVOlMo","17695459","[PREMIUM]","[PREMIUM]","[PREMIUM]","BOX114","Section 114","7",8,"[]","2026-09-25 00:00:00","sg_app","exchange",5,"[PREMIUM]","1,2,3,4,5,6,7,8"
"jDvsz7Jbzx8","2026-08-11 23:06:24.706","2026-08-12 22:42:03.928","jDvsz7Jbzx8","17695459","[PREMIUM]","[PREMIUM]","[PREMIUM]","SEC510","Section 510","6",8,"[]","2026-09-25 00:00:00","sg_app","exchange",5,"[PREMIUM]","1,2,3,4,5,6,7,8"
"jDvsz7OKj32","2026-08-11 23:06:24.706","2026-08-11 23:06:24.706","jDvsz7OKj32","17695459","[PREMIUM]","[PREMIUM]","[PREMIUM]","BOX540","Section 540","5",8,"[]","2026-09-24 00:00:00","sg_app","exchange",1,"[PREMIUM]","1,2,3,4,5,6,7,8"
"jDvsz7OKjBm","2026-08-11 23:06:24.706","2026-08-11 23:06:24.706","jDvsz7OKjBm","17695459","[PREMIUM]","[PREMIUM]","[PREMIUM]","SEC162","Section 162","7",8,"[]","2026-09-24 00:00:00","sg_app","exchange",1,"[PREMIUM]","1,2,3,4,5,6,7,8"
"kYet94NKXNd","2026-08-11 23:06:24.706","2026-08-19 08:23:26.647","kYet94NKXNd","17695459","[PREMIUM]","[PREMIUM]","[PREMIUM]","ML-SRA","ML Sra","g14",8,"[]","2026-09-25 00:00:00","sg_app","exchange",5,"[PREMIUM]","1,2,3,4,5,6,7,8"
"kYet94NEOq6","2026-08-11 23:06:24.706","2026-08-11 23:06:24.706","kYet94NEOq6","17695459","[PREMIUM]","[PREMIUM]","[PREMIUM]","BOX542","Section 542","14",8,"[]","2026-09-24 00:00:00","sg_app","exchange",1,"[PREMIUM]","1,2,3,4,5,6,7,8"
"kYet94NEO56","2026-08-11 23:06:24.706","2026-08-11 23:06:24.706","kYet94NEO56","17695459","[PREMIUM]","[PREMIUM]","[PREMIUM]","SEC555","Section 555","13",8,"[]","2026-09-24 00:00:00","sg_app","exchange",0,"[PREMIUM]","1,2,3,4,5,6,7,8"
"kYet94eN5kM","2026-08-11 23:06:24.706","2026-08-22 22:24:42.570","kYet94eN5kM","17695459","[PREMIUM]","[PREMIUM]","[PREMIUM]","BOX129","Section 129","29",8,"[]","2026-09-26 00:00:00","sg_app","exchange",1,"[PREMIUM]","1,2,3,4,5,6,7,8"
"lxVsdLKM98b","2026-08-11 23:06:24.706","2026-08-19 08:23:26.647","lxVsdLKM98b","17695459","[PREMIUM]","[PREMIUM]","[PREMIUM]","SEC161","Section 161","14",8,"[]","2026-09-25 00:00:00","sg_app","exchange",2,"[PREMIUM]","1,2,3,4,5,6,7,8"
"lxVsdLKoZpd","2026-08-11 23:06:24.706","2026-08-11 23:06:24.706","lxVsdLKoZpd","17695459","[PREMIUM]","[PREMIUM]","[PREMIUM]","SEC154","Section 154","18",8,"[]","2026-09-24 00:00:00","sg_app","exchange",0,"[PREMIUM]","1,2,3,4,5,6,7,8"
"lxVsdLKoZgx","2026-08-11 23:06:24.706","2026-08-11 23:06:24.706","lxVsdLKoZgx","17695459","[PREMIUM]","[PREMIUM]","[PREMIUM]","BOX117","Section 117","37",2,"[]","2026-09-24 00:00:00","sg_app","exchange",1,"[PREMIUM]","1,2"
"lxVsdLKoZRZ","2026-08-11 23:06:24.706","2026-08-11 23:06:24.706","lxVsdLKoZRZ","17695459","[PREMIUM]","[PREMIUM]","[PREMIUM]","SEC103","Section 103","6",4,"[]","2026-09-24 00:00:00","sg_app","exchange",1,"[PREMIUM]","1,2,3,4"
"lxVsdLKoZEa","2026-08-11 23:06:24.706","2026-08-11 23:06:24.706","lxVsdLKoZEa","17695459","[PREMIUM]","[PREMIUM]","[PREMIUM]","BOX522","Section 522","6",8,"[]","2026-09-24 00:00:00","sg_app","exchange",0,"[PREMIUM]","1,2,3,4,5,6,7,8"
"lxVsdLKoZBK","2026-08-11 23:06:24.706","2026-08-11 23:06:24.706","lxVsdLKoZBK","17695459","[PREMIUM]","[PREMIUM]","[PREMIUM]","BOX113","Section 113","35",4,"[]","2026-09-24 00:00:00","sg_app","exchange",1,"[PREMIUM]","1,2,3,4"
"mxAs4Y2rKn6","2026-08-11 23:06:24.706","2026-08-11 23:06:24.706","mxAs4Y2rKn6","17695459","[PREMIUM]","[PREMIUM]","[PREMIUM]","BOX534","Section 534","4",4,"[]","2026-09-24 00:00:00","sg_app","exchange",1,"[PREMIUM]","1,2,3,4"
"mxAs4Y2rKOg","2026-08-11 23:06:24.706","2026-08-11 23:06:24.706","mxAs4Y2rKOg","17695459","[PREMIUM]","[PREMIUM]","[PREMIUM]","BOX148","Section 148","23",2,"[]","2026-09-24 00:00:00","sg_app","exchange",1,"[PREMIUM]","1,2"
"mxAs4Y2rKNL","2026-08-11 23:06:24.706","2026-08-11 23:06:24.706","mxAs4Y2rKNL","17695459","[PREMIUM]","[PREMIUM]","[PREMIUM]","SEC155","Section 155","17",6,"[]","2026-09-24 00:00:00","sg_app","exchange",1,"[PREMIUM]","1,2,3,4,5,6"
"nx0srM3V2lr","2026-08-11 23:06:24.706","2026-08-11 23:06:24.706","nx0srM3V2lr","17695459","[PREMIUM]","[PREMIUM]","[PREMIUM]","BOX147","Section 147","36",2,"[]","2026-09-24 00:00:00","sg_app","exchange",1,"[PREMIUM]","1,2"
"nx0srM3V2eD","2026-08-11 23:06:24.706","2026-08-11 23:06:24.706","nx0srM3V2eD","17695459","[PREMIUM]","[PREMIUM]","[PREMIUM]","BOX526","Section 526","14",8,"[]","2026-09-24 00:00:00","sg_app","exchange",1,"[PREMIUM]","1,2,3,4,5,6,7,8"
"nx0srM3V2R5","2026-08-11 23:06:24.706","2026-08-11 23:06:24.706","nx0srM3V2R5","17695459","[PREMIUM]","[PREMIUM]","[PREMIUM]","SEC161","Section 161","26",8,"[]","2026-09-24 00:00:00","sg_app","exchange",1,"[PREMIUM]","1,2,3,4,5,6,7,8"
"nx0srM3V2D3","2026-08-11 23:06:24.706","2026-08-11 23:06:24.706","nx0srM3V2D3","17695459","[PREMIUM]","[PREMIUM]","[PREMIUM]","SEC507","Section 507","21",8,"[]","2026-09-24 00:00:00","sg_app","exchange",1,"[PREMIUM]","1,2,3,4,5,6,7,8"
"nx0srM3V252","2026-08-11 23:06:24.706","2026-08-11 23:06:24.706","nx0srM3V252","17695459","[PREMIUM]","[PREMIUM]","[PREMIUM]","BOX115","Section 115","36",6,"[]","2026-09-24 00:00:00","sg_app","exchange",1,"[PREMIUM]","1,2,3,4,5,6"
"oV7HbEJYq3w","2026-08-11 23:06:24.706","2026-08-11 23:06:24.706","oV7HbEJYq3w","17695459","[PREMIUM]","[PREMIUM]","[PREMIUM]","SEC514","Section 514","14",8,"[]","2026-09-24 00:00:00","sg_app","exchange",0,"[PREMIUM]","1,2,3,4,5,6,7,8"
"oV7HbEJYqkV","2026-08-11 23:06:24.706","2026-08-11 23:06:24.706","oV7HbEJYqkV","17695459","[PREMIUM]","[PREMIUM]","[PREMIUM]","BOX111","Section 111","35",2,"[]","2026-09-24 00:00:00","sg_app","exchange",1,"[PREMIUM]","1,2"
"oV7HbEJYqq2","2026-08-11 23:06:24.706","2026-08-11 23:06:24.706","oV7HbEJYqq2","17695459","[PREMIUM]","[PREMIUM]","[PREMIUM]","SEC558","Section 558","14",6,"[]","2026-09-24 00:00:00","sg_app","exchange",1,"[PREMIUM]","1,2,3,4,5,6"
"oV7HbEJYqrD","2026-08-11 23:06:24.706","2026-08-11 23:06:24.706","oV7HbEJYqrD","17695459","[PREMIUM]","[PREMIUM]","[PREMIUM]","SEC548","Section 548","14",8,"[]","2026-09-24 00:00:00","sg_app","exchange",0,"[PREMIUM]","1,2,3,4,5,6,7,8"
"oV7HbEJBoZg","2026-08-11 23:06:24.706","2026-08-24 22:34:27.382","oV7HbEJBoZg","17695459","[PREMIUM]","[PREMIUM]","[PREMIUM]","BOX316","Section 316","2",6,"[]","2026-09-25 00:00:00","sg_app","exchange",0,"[PREMIUM]","1,2,3,4,6"
