"_primaryKey","_firstSeenAt","_lastSeenAt","listingId","eventId","price","priceWithFees","fee","section","sectionFull","row","quantity","seats","inHandDate","deliveryType","marketplace","dealBucket","dealScore","splitType"
"5EjuZ6L4Xna","2026-08-02 23:59:27.049","2026-08-15 23:18:36.591","5EjuZ6L4Xna","18378585","[PREMIUM]","[PREMIUM]","[PREMIUM]","102","Section 102","18",2,"[]","2026-10-29 00:00:00","electronic","exchange",3,"[PREMIUM]","2"
"A6rs27ZmRXg","2026-08-02 23:59:27.049","2026-08-03 23:45:07.570","A6rs27ZmRXg","18378585","[PREMIUM]","[PREMIUM]","[PREMIUM]","107","Section 107","8",3,"[]","2026-10-30 00:00:00","electronic","exchange",1,"[PREMIUM]","1,2,3"
"MAeIPl2ZLN5","2026-08-02 23:59:27.049","2026-08-15 23:18:36.591","MAeIPl2ZLN5","18378585","[PREMIUM]","[PREMIUM]","[PREMIUM]","102","Section 102","18",2,"['1','2']","2026-10-28 00:00:00","electronic","exchange",3,"[PREMIUM]","2"
"MAeIPlO662Y","2026-08-02 23:59:27.049","2026-08-12 00:23:28.387","MAeIPlO662Y","18378585","[PREMIUM]","[PREMIUM]","[PREMIUM]","124","Section 124","1",3,"[]","2026-10-30 00:00:00","electronic","exchange",5,"[PREMIUM]","1,3"
"PX0sgLM8rKL","2026-08-02 23:59:27.049","2026-08-02 23:59:27.049","PX0sgLM8rKL","18378585","[PREMIUM]","[PREMIUM]","[PREMIUM]","203","Section 203","8",2,"[]","2026-10-30 00:00:00","electronic","exchange",2,"[PREMIUM]","2"
"V4KU0MLVA90","2026-08-02 23:59:27.049","2026-08-02 23:59:27.049","V4KU0MLVA90","18378585","[PREMIUM]","[PREMIUM]","[PREMIUM]","101","Section 101","13",3,"[]","2026-10-30 00:00:00","electronic","exchange",3,"[PREMIUM]","1,2,3"
"X03tKjnrkj2","2026-08-02 23:59:27.049","2026-08-02 23:59:27.049","X03tKjnrkj2","18378585","[PREMIUM]","[PREMIUM]","[PREMIUM]","112","Section 112","24",2,"[]","2026-10-30 00:00:00","electronic","exchange",5,"[PREMIUM]","2"
"Zm9hvwbqzrV","2026-08-02 23:59:27.049","2026-08-03 23:45:07.570","Zm9hvwbqzrV","18378585","[PREMIUM]","[PREMIUM]","[PREMIUM]","123","Section 123","11",2,"[]","2026-10-30 00:00:00","electronic","exchange",0,"[PREMIUM]","2"
"Zm9hvwbOjwK","2026-08-02 23:59:27.049","2026-08-09 23:57:10.685","Zm9hvwbOjwK","18378585","[PREMIUM]","[PREMIUM]","[PREMIUM]","123","Section 123","11",2,"[]","2026-10-30 00:00:00","electronic","exchange",0,"[PREMIUM]","2"
"kYet946aewo","2026-08-02 23:59:27.049","2026-08-04 22:44:06.335","kYet946aewo","18378585","[PREMIUM]","[PREMIUM]","[PREMIUM]","212","Section 212","12",1,"[]","2026-10-30 00:00:00","electronic","exchange",1,"[PREMIUM]","1"
"mxAs4YobE7E","2026-08-02 23:59:27.049","2026-08-12 00:23:28.387","mxAs4YobE7E","18378585","[PREMIUM]","[PREMIUM]","[PREMIUM]","206","Section 206","4",2,"[]","2026-10-30 00:00:00","electronic","exchange",5,"[PREMIUM]","2"
"mxAs4YoDjxD","2026-08-02 23:59:27.049","2026-08-02 23:59:27.049","mxAs4YoDjxD","18378585","[PREMIUM]","[PREMIUM]","[PREMIUM]","116","Section 116","3",3,"[]","2026-10-30 00:00:00","electronic","exchange",2,"[PREMIUM]","1,2,3"
"xb9imB9p072","2026-08-02 23:59:27.049","2026-08-09 23:57:10.685","xb9imB9p072","18378585","[PREMIUM]","[PREMIUM]","[PREMIUM]","104","Section 104","20",8,"[]","2026-10-30 00:00:00","electronic","exchange",5,"[PREMIUM]","1,2,3,4,5,6,8"
"z3Es6qwnaZD","2026-08-02 23:59:27.049","2026-08-02 23:59:27.049","z3Es6qwnaZD","18378585","[PREMIUM]","[PREMIUM]","[PREMIUM]","109","Section 109","13",3,"[]","2026-10-30 00:00:00","electronic","exchange",2,"[PREMIUM]","1,2,3"
"05VT8KER9rO","2026-08-02 23:59:23.030","2026-08-15 23:18:05.430","05VT8KER9rO","18376699","[PREMIUM]","[PREMIUM]","[PREMIUM]","304","Section 304","13",4,"[]","2026-10-30 00:00:00","electronic","exchange",1,"[PREMIUM]","2,4"
"3q7fNJzd3wx","2026-08-02 23:59:23.030","2026-08-13 23:59:23.547","3q7fNJzd3wx","18376699","[PREMIUM]","[PREMIUM]","[PREMIUM]","PR09","Premier 9","10",4,"['11','12','13','14']","2026-10-28 00:00:00","electronic","exchange",0,"[PREMIUM]","2,4"
"Kezcz6KOjg0","2026-08-02 23:59:23.030","2026-08-15 23:18:05.430","Kezcz6KOjg0","18376699","[PREMIUM]","[PREMIUM]","[PREMIUM]","PR06","Premier 6","7",4,"[]","2026-09-22 00:00:00","electronic","exchange",2,"[PREMIUM]","1,2,4"
"lxVsdLA4zX4","2026-08-02 23:59:23.030","2026-08-13 23:59:23.547","lxVsdLA4zX4","18376699","[PREMIUM]","[PREMIUM]","[PREMIUM]","PR09","Premier 9","9",8,"['7','8','9','10','11','12','13','14']","2026-10-28 00:00:00","electronic","exchange",1,"[PREMIUM]","1,2,3,4,5,6,8"
"rVOHkRO70xR","2026-08-02 23:59:23.030","2026-08-15 23:18:05.430","rVOHkRO70xR","18376699","[PREMIUM]","[PREMIUM]","[PREMIUM]","C44","Suite C 44","seat",6,"['1','2','3','4','5','6']","2026-10-28 00:00:00","electronic","exchange",0,"[PREMIUM]","2,4,6"
"3q7fNJrN24B","2026-08-02 23:59:16.486","2026-08-16 12:33:37.289","3q7fNJrN24B","18377853","[PREMIUM]","[PREMIUM]","[PREMIUM]","211","Section 211","22",9,"['3','4','5','6','7','8','9','10','11']","2026-10-28 00:00:00","electronic","exchange",0,"[PREMIUM]","1,2,3,4,5,6,7,9"
"05VT8KEjDpj","2026-08-02 23:58:38.238","2026-08-10 23:02:02.917","05VT8KEjDpj","18377761","[PREMIUM]","[PREMIUM]","[PREMIUM]","216","Section 216","4",2,"[]","2026-10-21 00:00:00","electronic","exchange",4,"[PREMIUM]","2"
"2v0cz3x4xmw","2026-08-02 23:58:38.238","2026-08-10 23:02:02.917","2v0cz3x4xmw","18377761","[PREMIUM]","[PREMIUM]","[PREMIUM]","210","Section 210","3",2,"[]","2026-10-21 00:00:00","electronic","exchange",2,"[PREMIUM]","2"
"2v0cz3x4xm3","2026-08-02 23:58:38.238","2026-08-10 23:02:02.917","2v0cz3x4xm3","18377761","[PREMIUM]","[PREMIUM]","[PREMIUM]","215","Section 215","3",4,"[]","2026-10-21 00:00:00","electronic","exchange",3,"[PREMIUM]","4"
"2v0cz3x4xbd","2026-08-02 23:58:38.238","2026-08-10 23:02:02.917","2v0cz3x4xbd","18377761","[PREMIUM]","[PREMIUM]","[PREMIUM]","116","Section 116","9",2,"[]","2026-10-21 00:00:00","electronic","exchange",2,"[PREMIUM]","2"
"2v0cz3x4xKj","2026-08-02 23:58:38.238","2026-08-09 00:08:49.932","2v0cz3x4xKj","18377761","[PREMIUM]","[PREMIUM]","[PREMIUM]","112","Section 112","2",3,"[]","2026-10-21 00:00:00","electronic","exchange",4,"[PREMIUM]","3"
"2v0cz3x4krV","2026-08-02 23:58:38.238","2026-08-10 23:02:02.917","2v0cz3x4krV","18377761","[PREMIUM]","[PREMIUM]","[PREMIUM]","PL10","Section PL 10","2",4,"[]","2026-10-21 00:00:00","electronic","exchange",5,"[PREMIUM]","4"
"3q7fNJrkzow","2026-08-02 23:58:38.238","2026-08-02 23:58:38.238","3q7fNJrkzow","18377761","[PREMIUM]","[PREMIUM]","[PREMIUM]","123","Section 123","8",2,"[]","2026-10-21 00:00:00","electronic","exchange",4,"[PREMIUM]","2"
"3q7fNJrkrOD","2026-08-02 23:58:38.238","2026-08-10 23:02:02.917","3q7fNJrkrOD","18377761","[PREMIUM]","[PREMIUM]","[PREMIUM]","115","Section 115","2",4,"[]","2026-10-21 00:00:00","electronic","exchange",3,"[PREMIUM]","4"
"3q7fNJrkr7n","2026-08-02 23:58:38.238","2026-08-10 23:02:02.917","3q7fNJrkr7n","18377761","[PREMIUM]","[PREMIUM]","[PREMIUM]","1","Section 1","9",2,"[]","2026-10-21 00:00:00","electronic","exchange",4,"[PREMIUM]","2"
"3q7fNJrkbge","2026-08-02 23:58:38.238","2026-08-10 23:02:02.917","3q7fNJrkbge","18377761","[PREMIUM]","[PREMIUM]","[PREMIUM]","212","Section 212","4",4,"[]","2026-10-21 00:00:00","electronic","exchange",3,"[PREMIUM]","4"
"3q7fNJrk3pr","2026-08-02 23:58:38.238","2026-08-10 23:02:02.917","3q7fNJrk3pr","18377761","[PREMIUM]","[PREMIUM]","[PREMIUM]","133","Section 133","7",4,"[]","2026-10-21 00:00:00","electronic","exchange",4,"[PREMIUM]","4"
"4vXcj9K8bxe","2026-08-02 23:58:38.238","2026-08-02 23:58:38.238","4vXcj9K8bxe","18377761","[PREMIUM]","[PREMIUM]","[PREMIUM]","14","Section 14","7",4,"[]","2026-10-21 00:00:00","electronic","exchange",5,"[PREMIUM]","4"
"4vXcj9K8Xxm","2026-08-02 23:58:38.238","2026-08-10 23:02:02.917","4vXcj9K8Xxm","18377761","[PREMIUM]","[PREMIUM]","[PREMIUM]","PL19","Section PL 19","3",2,"[]","2026-10-21 00:00:00","electronic","exchange",0,"[PREMIUM]","2"
"4vXcj9K8VlY","2026-08-02 23:58:38.238","2026-08-06 22:40:54.615","4vXcj9K8VlY","18377761","[PREMIUM]","[PREMIUM]","[PREMIUM]","121","Section 121","10",2,"[]","2026-10-21 00:00:00","electronic","exchange",3,"[PREMIUM]","2"
"5EjuZ6LXLbg","2026-08-02 23:58:38.238","2026-08-09 00:08:49.932","5EjuZ6LXLbg","18377761","[PREMIUM]","[PREMIUM]","[PREMIUM]","129","Section 129","2",4,"[]","2026-10-21 00:00:00","electronic","exchange",4,"[PREMIUM]","4"
"5EjuZ6LXedv","2026-08-02 23:58:38.238","2026-08-09 00:08:49.932","5EjuZ6LXedv","18377761","[PREMIUM]","[PREMIUM]","[PREMIUM]","232","Section 232","2",4,"[]","2026-10-21 00:00:00","electronic","exchange",3,"[PREMIUM]","4"
"6mOhkA50XnY","2026-08-02 23:58:38.238","2026-08-10 23:02:02.917","6mOhkA50XnY","18377761","[PREMIUM]","[PREMIUM]","[PREMIUM]","22","Section 22","9",2,"[]","2026-10-21 00:00:00","electronic","exchange",3,"[PREMIUM]","2"
"6mOhkA50DXK","2026-08-02 23:58:38.238","2026-08-02 23:58:38.238","6mOhkA50DXK","18377761","[PREMIUM]","[PREMIUM]","[PREMIUM]","213","Section 213","2",2,"[]","2026-10-21 00:00:00","electronic","exchange",2,"[PREMIUM]","2"
"6mOhkA506P5","2026-08-02 23:58:38.238","2026-08-09 00:08:49.932","6mOhkA506P5","18377761","[PREMIUM]","[PREMIUM]","[PREMIUM]","111","Section 111","3",4,"[]","2026-10-21 00:00:00","electronic","exchange",4,"[PREMIUM]","4"
"6mOhkA505aB","2026-08-02 23:58:38.238","2026-08-10 23:02:02.917","6mOhkA505aB","18377761","[PREMIUM]","[PREMIUM]","[PREMIUM]","107","Section 107","14",2,"[]","2026-10-21 00:00:00","electronic","exchange",2,"[PREMIUM]","2"
"6mOhkA5055X","2026-08-02 23:58:38.238","2026-08-10 23:02:02.917","6mOhkA5055X","18377761","[PREMIUM]","[PREMIUM]","[PREMIUM]","120","Section 120","2",2,"[]","2026-10-21 00:00:00","electronic","exchange",2,"[PREMIUM]","2"
"7KntAl64wVv","2026-08-02 23:58:38.238","2026-08-10 23:02:02.917","7KntAl64wVv","18377761","[PREMIUM]","[PREMIUM]","[PREMIUM]","12","Section 12","10",2,"[]","2026-10-21 00:00:00","electronic","exchange",4,"[PREMIUM]","2"
"7KntAl64w8z","2026-08-02 23:58:38.238","2026-08-10 23:02:02.917","7KntAl64w8z","18377761","[PREMIUM]","[PREMIUM]","[PREMIUM]","21","Section 21","7",2,"[]","2026-10-21 00:00:00","electronic","exchange",4,"[PREMIUM]","2"
"7KntAl64N2O","2026-08-02 23:58:38.238","2026-08-10 23:02:02.917","7KntAl64N2O","18377761","[PREMIUM]","[PREMIUM]","[PREMIUM]","21","Section 21","11",4,"[]","2026-10-21 00:00:00","electronic","exchange",4,"[PREMIUM]","4"
"7KntAl646JL","2026-08-02 23:58:38.238","2026-08-10 23:02:02.917","7KntAl646JL","18377761","[PREMIUM]","[PREMIUM]","[PREMIUM]","22","Section 22","8",2,"[]","2026-10-21 00:00:00","electronic","exchange",3,"[PREMIUM]","2"
"9P2c5qnLdrP","2026-08-02 23:58:38.238","2026-08-10 23:02:02.917","9P2c5qnLdrP","18377761","[PREMIUM]","[PREMIUM]","[PREMIUM]","106","Section 106","10",2,"[]","2026-10-21 00:00:00","electronic","exchange",2,"[PREMIUM]","2"
"9P2c5qnLdgB","2026-08-02 23:58:38.238","2026-08-10 23:02:02.917","9P2c5qnLdgB","18377761","[PREMIUM]","[PREMIUM]","[PREMIUM]","233","Section 233","9",4,"[]","2026-10-21 00:00:00","electronic","exchange",4,"[PREMIUM]","4"
"9P2c5qnLdKA","2026-08-02 23:58:38.238","2026-08-10 23:02:02.917","9P2c5qnLdKA","18377761","[PREMIUM]","[PREMIUM]","[PREMIUM]","5","Section 5","10",4,"[]","2026-10-21 00:00:00","electronic","exchange",3,"[PREMIUM]","4"
"9P2c5qnLG9a","2026-08-02 23:58:38.238","2026-08-06 22:40:54.615","9P2c5qnLG9a","18377761","[PREMIUM]","[PREMIUM]","[PREMIUM]","122","Section 122","11",3,"[]","2026-10-21 00:00:00","electronic","exchange",4,"[PREMIUM]","3"
"A6rs27ZRrn2","2026-08-02 23:58:38.238","2026-08-10 23:02:02.917","A6rs27ZRrn2","18377761","[PREMIUM]","[PREMIUM]","[PREMIUM]","4","Section 4","14",2,"[]","2026-10-21 00:00:00","electronic","exchange",2,"[PREMIUM]","2"
"A6rs27ZRl05","2026-08-02 23:58:38.238","2026-08-02 23:58:38.238","A6rs27ZRl05","18377761","[PREMIUM]","[PREMIUM]","[PREMIUM]","18","Section 18","12",4,"[]","2026-10-21 00:00:00","electronic","exchange",5,"[PREMIUM]","4"
"A6rs27ZRZOr","2026-08-02 23:58:38.238","2026-08-10 23:02:02.917","A6rs27ZRZOr","18377761","[PREMIUM]","[PREMIUM]","[PREMIUM]","13","Section 13","7",4,"[]","2026-10-21 00:00:00","electronic","exchange",5,"[PREMIUM]","4"
"A6rs27ZRZ70","2026-08-02 23:58:38.238","2026-08-02 23:58:38.238","A6rs27ZRZ70","18377761","[PREMIUM]","[PREMIUM]","[PREMIUM]","216","Section 216","4",3,"[]","2026-10-21 00:00:00","electronic","exchange",5,"[PREMIUM]","3"
"A6rs27ZRNvn","2026-08-02 23:58:38.238","2026-08-10 23:02:02.917","A6rs27ZRNvn","18377761","[PREMIUM]","[PREMIUM]","[PREMIUM]","106","Section 106","1",3,"[]","2026-10-21 00:00:00","electronic","exchange",2,"[PREMIUM]","3"
"BALImX3zDKD","2026-08-02 23:58:38.238","2026-08-02 23:58:38.238","BALImX3zDKD","18377761","[PREMIUM]","[PREMIUM]","[PREMIUM]","118","Section 118","9",2,"[]","2026-10-21 00:00:00","electronic","exchange",5,"[PREMIUM]","2"
"BALImX3z3kK","2026-08-02 23:58:38.238","2026-08-02 23:58:38.238","BALImX3z3kK","18377761","[PREMIUM]","[PREMIUM]","[PREMIUM]","103","Section 103","9",2,"[]","2026-10-21 00:00:00","electronic","exchange",4,"[PREMIUM]","2"
"DdwHkOxKwP7","2026-08-02 23:58:38.238","2026-08-10 23:02:02.917","DdwHkOxKwP7","18377761","[PREMIUM]","[PREMIUM]","[PREMIUM]","109","Section 109","5",2,"[]","2026-10-21 00:00:00","electronic","exchange",3,"[PREMIUM]","2"
"DdwHkOxKw9V","2026-08-02 23:58:38.238","2026-08-10 23:02:02.917","DdwHkOxKw9V","18377761","[PREMIUM]","[PREMIUM]","[PREMIUM]","131","Section 131","4",2,"[]","2026-10-21 00:00:00","electronic","exchange",2,"[PREMIUM]","2"
"DdwHkOxKw7V","2026-08-02 23:58:38.238","2026-08-09 00:08:49.932","DdwHkOxKw7V","18377761","[PREMIUM]","[PREMIUM]","[PREMIUM]","112","Section 112","3",4,"[]","2026-10-21 00:00:00","electronic","exchange",4,"[PREMIUM]","4"
"DdwHkOxKvaO","2026-08-02 23:58:38.238","2026-08-02 23:58:38.238","DdwHkOxKvaO","18377761","[PREMIUM]","[PREMIUM]","[PREMIUM]","130","Section 130","4",2,"[]","2026-10-21 00:00:00","electronic","exchange",4,"[PREMIUM]","2"
"DdwHkOxKv2v","2026-08-02 23:58:38.238","2026-08-10 23:02:02.917","DdwHkOxKv2v","18377761","[PREMIUM]","[PREMIUM]","[PREMIUM]","10","Section 10","6",2,"[]","2026-10-21 00:00:00","electronic","exchange",3,"[PREMIUM]","2"
"DdwHkOxKmL5","2026-08-02 23:58:38.238","2026-08-02 23:58:38.238","DdwHkOxKmL5","18377761","[PREMIUM]","[PREMIUM]","[PREMIUM]","6","Section 6","3",2,"[]","2026-10-21 00:00:00","electronic","exchange",4,"[PREMIUM]","2"
"DdwHkOxK84X","2026-08-02 23:58:38.238","2026-08-10 23:02:02.917","DdwHkOxK84X","18377761","[PREMIUM]","[PREMIUM]","[PREMIUM]","115","Section 115","3",4,"[]","2026-10-21 00:00:00","electronic","exchange",3,"[PREMIUM]","4"
"EroUXnELxor","2026-08-02 23:58:38.238","2026-08-10 23:02:02.917","EroUXnELxor","18377761","[PREMIUM]","[PREMIUM]","[PREMIUM]","12","Section 12","4",2,"[]","2026-10-21 00:00:00","electronic","exchange",5,"[PREMIUM]","2"
"EroUXnELxmq","2026-08-02 23:58:38.238","2026-08-10 23:02:02.917","EroUXnELxmq","18377761","[PREMIUM]","[PREMIUM]","[PREMIUM]","1","Section 1","14",2,"[]","2026-10-21 00:00:00","electronic","exchange",3,"[PREMIUM]","2"
"EroUXnELxgA","2026-08-02 23:58:38.238","2026-08-10 23:02:02.917","EroUXnELxgA","18377761","[PREMIUM]","[PREMIUM]","[PREMIUM]","9","Section 9","9",2,"[]","2026-10-21 00:00:00","electronic","exchange",3,"[PREMIUM]","2"
"EroUXnELx44","2026-08-02 23:58:38.238","2026-08-10 23:02:02.917","EroUXnELx44","18377761","[PREMIUM]","[PREMIUM]","[PREMIUM]","15","Section 15","10",4,"[]","2026-10-21 00:00:00","electronic","exchange",4,"[PREMIUM]","4"
"EroUXnELx34","2026-08-02 23:58:38.238","2026-08-10 23:02:02.917","EroUXnELx34","18377761","[PREMIUM]","[PREMIUM]","[PREMIUM]","127","Section 127","4",2,"[]","2026-10-21 00:00:00","electronic","exchange",2,"[PREMIUM]","2"
"EroUXnELwbx","2026-08-02 23:58:38.238","2026-08-02 23:58:38.238","EroUXnELwbx","18377761","[PREMIUM]","[PREMIUM]","[PREMIUM]","12","Section 12","8",4,"[]","2026-10-21 00:00:00","electronic","exchange",5,"[PREMIUM]","4"
"EroUXnELwPB","2026-08-02 23:58:38.238","2026-08-10 23:02:02.917","EroUXnELwPB","18377761","[PREMIUM]","[PREMIUM]","[PREMIUM]","15","Section 15","14",2,"[]","2026-10-21 00:00:00","electronic","exchange",3,"[PREMIUM]","2"
"EroUXnELwKo","2026-08-02 23:58:38.238","2026-08-10 23:02:02.917","EroUXnELwKo","18377761","[PREMIUM]","[PREMIUM]","[PREMIUM]","4","Section 4","18",2,"[]","2026-10-21 00:00:00","electronic","exchange",3,"[PREMIUM]","2"
"EroUXnELORa","2026-08-02 23:58:38.238","2026-08-10 23:02:02.917","EroUXnELORa","18377761","[PREMIUM]","[PREMIUM]","[PREMIUM]","3","Section 3","12",2,"[]","2026-10-21 00:00:00","electronic","exchange",4,"[PREMIUM]","2"
"EroUXnELOGx","2026-08-02 23:58:38.238","2026-08-10 23:02:02.917","EroUXnELOGx","18377761","[PREMIUM]","[PREMIUM]","[PREMIUM]","208","Section 208","7",2,"[]","2026-10-21 00:00:00","electronic","exchange",3,"[PREMIUM]","2"
"EroUXnELEM7","2026-08-02 23:58:38.238","2026-08-10 23:02:02.917","EroUXnELEM7","18377761","[PREMIUM]","[PREMIUM]","[PREMIUM]","103","Section 103","2",2,"[]","2026-10-21 00:00:00","electronic","exchange",4,"[PREMIUM]","2"
"EroUXnELEEw","2026-08-02 23:58:38.238","2026-08-02 23:58:38.238","EroUXnELEEw","18377761","[PREMIUM]","[PREMIUM]","[PREMIUM]","228","Section 228","4",2,"[]","2026-10-21 00:00:00","electronic","exchange",3,"[PREMIUM]","2"
"EroUXnELDMJ","2026-08-02 23:58:38.238","2026-08-10 23:02:02.917","EroUXnELDMJ","18377761","[PREMIUM]","[PREMIUM]","[PREMIUM]","7","Section 7","11",2,"[]","2026-10-21 00:00:00","electronic","exchange",4,"[PREMIUM]","2"
"GAaI627zwGM","2026-08-02 23:58:38.238","2026-08-10 23:02:02.917","GAaI627zwGM","18377761","[PREMIUM]","[PREMIUM]","[PREMIUM]","10","Section 10","6",4,"[]","2026-10-21 00:00:00","electronic","exchange",4,"[PREMIUM]","4"
"GAaI627z7DN","2026-08-02 23:58:38.238","2026-08-10 23:02:02.917","GAaI627z7DN","18377761","[PREMIUM]","[PREMIUM]","[PREMIUM]","110","Section 110","3",2,"[]","2026-10-21 00:00:00","electronic","exchange",3,"[PREMIUM]","2"
"JABI39OpRd5","2026-08-02 23:58:38.238","2026-08-02 23:58:38.238","JABI39OpRd5","18377761","[PREMIUM]","[PREMIUM]","[PREMIUM]","117","Section 117","11",3,"[]","2026-10-21 00:00:00","electronic","exchange",4,"[PREMIUM]","3"
"Kezcz6nXn8v","2026-08-02 23:58:38.238","2026-08-10 23:02:02.917","Kezcz6nXn8v","18377761","[PREMIUM]","[PREMIUM]","[PREMIUM]","3","Section 3","8",4,"[]","2026-10-21 00:00:00","electronic","exchange",5,"[PREMIUM]","4"
"Kezcz6nXbDK","2026-08-02 23:58:38.238","2026-08-10 23:02:02.917","Kezcz6nXbDK","18377761","[PREMIUM]","[PREMIUM]","[PREMIUM]","11","Section 11","19",2,"[]","2026-10-21 00:00:00","electronic","exchange",4,"[PREMIUM]","2"
"LbviLEKdxw7","2026-08-02 23:58:38.238","2026-08-02 23:58:38.238","LbviLEKdxw7","18377761","[PREMIUM]","[PREMIUM]","[PREMIUM]","117","Section 117","13",2,"[]","2026-10-21 00:00:00","electronic","exchange",4,"[PREMIUM]","2"
"LbviLEKdxNE","2026-08-02 23:58:38.238","2026-08-10 23:02:02.917","LbviLEKdxNE","18377761","[PREMIUM]","[PREMIUM]","[PREMIUM]","4","Section 4","9",4,"[]","2026-10-21 00:00:00","electronic","exchange",4,"[PREMIUM]","4"
"LbviLEKdmPA","2026-08-02 23:58:38.238","2026-08-10 23:02:02.917","LbviLEKdmPA","18377761","[PREMIUM]","[PREMIUM]","[PREMIUM]","126","Section 126","5",2,"[]","2026-10-21 00:00:00","electronic","exchange",3,"[PREMIUM]","2"
"LbviLEKdKqk","2026-08-02 23:58:38.238","2026-08-02 23:58:38.238","LbviLEKdKqk","18377761","[PREMIUM]","[PREMIUM]","[PREMIUM]","130","Section 130","4",4,"[]","2026-10-21 00:00:00","electronic","exchange",3,"[PREMIUM]","4"
"LbviLEKdK2n","2026-08-02 23:58:38.238","2026-08-10 23:02:02.917","LbviLEKdK2n","18377761","[PREMIUM]","[PREMIUM]","[PREMIUM]","108","Section 108","6",4,"[]","2026-10-21 00:00:00","electronic","exchange",3,"[PREMIUM]","4"
"LbviLEKd6XZ","2026-08-02 23:58:38.238","2026-08-02 23:58:38.238","LbviLEKd6XZ","18377761","[PREMIUM]","[PREMIUM]","[PREMIUM]","120","Section 120","3",2,"[]","2026-10-21 00:00:00","electronic","exchange",3,"[PREMIUM]","2"
"LbviLEKd5LX","2026-08-02 23:58:38.238","2026-08-02 23:58:38.238","LbviLEKd5LX","18377761","[PREMIUM]","[PREMIUM]","[PREMIUM]","129","Section 129","8",3,"[]","2026-10-21 00:00:00","electronic","exchange",4,"[PREMIUM]","3"
"MAeIPl2kE88","2026-08-02 23:58:38.238","2026-08-02 23:58:38.238","MAeIPl2kE88","18377761","[PREMIUM]","[PREMIUM]","[PREMIUM]","3","Section 3","16",2,"[]","2026-10-21 00:00:00","electronic","exchange",4,"[PREMIUM]","2"
"MAeIPl2k2vX","2026-08-02 23:58:38.238","2026-08-10 23:02:02.917","MAeIPl2k2vX","18377761","[PREMIUM]","[PREMIUM]","[PREMIUM]","PL7","Section PL 7","3",2,"[]","2026-10-21 00:00:00","electronic","exchange",4,"[PREMIUM]","2"
"MAeIPl2k2dZ","2026-08-02 23:58:38.238","2026-08-02 23:58:38.238","MAeIPl2k2dZ","18377761","[PREMIUM]","[PREMIUM]","[PREMIUM]","122","Section 122","9",2,"[]","2026-10-21 00:00:00","electronic","exchange",4,"[PREMIUM]","2"
"MAeIPl2k2M5","2026-08-02 23:58:38.238","2026-08-10 23:02:02.917","MAeIPl2k2M5","18377761","[PREMIUM]","[PREMIUM]","[PREMIUM]","133","Section 133","6",4,"[]","2026-10-21 00:00:00","electronic","exchange",4,"[PREMIUM]","4"
"MAeIPl2kxM9","2026-08-02 23:58:38.238","2026-08-09 00:08:49.932","MAeIPl2kxM9","18377761","[PREMIUM]","[PREMIUM]","[PREMIUM]","128","Section 128","4",2,"[]","2026-10-21 00:00:00","electronic","exchange",4,"[PREMIUM]","2"
"MAeIPl2kxZ6","2026-08-02 23:58:38.238","2026-08-10 23:02:02.917","MAeIPl2kxZ6","18377761","[PREMIUM]","[PREMIUM]","[PREMIUM]","21","Section 21","13",2,"[]","2026-10-21 00:00:00","electronic","exchange",4,"[PREMIUM]","2"
"NrqUv43OxX7","2026-08-02 23:58:38.238","2026-08-10 23:02:02.917","NrqUv43OxX7","18377761","[PREMIUM]","[PREMIUM]","[PREMIUM]","11","Section 11","15",2,"[]","2026-10-21 00:00:00","electronic","exchange",2,"[PREMIUM]","2"
"NrqUv43OxJY","2026-08-02 23:58:38.238","2026-08-02 23:58:38.238","NrqUv43OxJY","18377761","[PREMIUM]","[PREMIUM]","[PREMIUM]","227","Section 227","2",4,"[]","2026-10-21 00:00:00","electronic","exchange",2,"[PREMIUM]","4"
"NrqUv43O399","2026-08-02 23:58:38.238","2026-08-10 23:02:02.917","NrqUv43O399","18377761","[PREMIUM]","[PREMIUM]","[PREMIUM]","118","Section 118","7",2,"[]","2026-10-21 00:00:00","electronic","exchange",3,"[PREMIUM]","2"
"O7AhwrJ5xjN","2026-08-02 23:58:38.238","2026-08-10 23:02:02.917","O7AhwrJ5xjN","18377761","[PREMIUM]","[PREMIUM]","[PREMIUM]","214","Section 214","2",3,"[]","2026-10-21 00:00:00","electronic","exchange",2,"[PREMIUM]","3"
"O7AhwrJ5PEM","2026-08-02 23:58:38.238","2026-08-10 23:02:02.917","O7AhwrJ5PEM","18377761","[PREMIUM]","[PREMIUM]","[PREMIUM]","116","Section 116","5",2,"[]","2026-10-21 00:00:00","electronic","exchange",2,"[PREMIUM]","2"
"O7AhwrJ54BE","2026-08-02 23:58:38.238","2026-08-10 23:02:02.917","O7AhwrJ54BE","18377761","[PREMIUM]","[PREMIUM]","[PREMIUM]","114","Section 114","2",4,"[]","2026-10-21 00:00:00","electronic","exchange",3,"[PREMIUM]","4"
"PX0sgLpNqE0","2026-08-02 23:58:38.238","2026-08-02 23:58:38.238","PX0sgLpNqE0","18377761","[PREMIUM]","[PREMIUM]","[PREMIUM]","103","Section 103","10",2,"[]","2026-10-21 00:00:00","electronic","exchange",4,"[PREMIUM]","2"
"PX0sgLpNprE","2026-08-02 23:58:38.238","2026-08-02 23:58:38.238","PX0sgLpNprE","18377761","[PREMIUM]","[PREMIUM]","[PREMIUM]","226","Section 226","2",2,"[]","2026-10-21 00:00:00","electronic","exchange",4,"[PREMIUM]","2"
"PX0sgLpNpMN","2026-08-02 23:58:38.238","2026-08-02 23:58:38.238","PX0sgLpNpMN","18377761","[PREMIUM]","[PREMIUM]","[PREMIUM]","18","Section 18","17",2,"[]","2026-10-21 00:00:00","electronic","exchange",4,"[PREMIUM]","2"
"PX0sgLpNRod","2026-08-02 23:58:38.238","2026-08-10 23:02:02.917","PX0sgLpNRod","18377761","[PREMIUM]","[PREMIUM]","[PREMIUM]","22","Section 22","14",2,"[]","2026-10-21 00:00:00","electronic","exchange",2,"[PREMIUM]","2"
"ROXHzwEVkmn","2026-08-02 23:58:38.238","2026-08-10 23:02:02.917","ROXHzwEVkmn","18377761","[PREMIUM]","[PREMIUM]","[PREMIUM]","7","Section 7","10",2,"[]","2026-10-21 00:00:00","electronic","exchange",4,"[PREMIUM]","2"
"ROXHzwEVkOk","2026-08-02 23:58:38.238","2026-08-10 23:02:02.917","ROXHzwEVkOk","18377761","[PREMIUM]","[PREMIUM]","[PREMIUM]","232","Section 232","4",2,"[]","2026-10-21 00:00:00","electronic","exchange",2,"[PREMIUM]","2"
"V4KU0MLAq57","2026-08-02 23:58:38.238","2026-08-02 23:58:38.238","V4KU0MLAq57","18377761","[PREMIUM]","[PREMIUM]","[PREMIUM]","131","Section 131","4",4,"[]","2026-10-21 00:00:00","electronic","exchange",4,"[PREMIUM]","4"
"V4KU0MLApjp","2026-08-02 23:58:38.238","2026-08-02 23:58:38.238","V4KU0MLApjp","18377761","[PREMIUM]","[PREMIUM]","[PREMIUM]","20","Section 20","15",4,"[]","2026-10-21 00:00:00","electronic","exchange",4,"[PREMIUM]","4"
"V4KU0MLAe2r","2026-08-02 23:58:38.238","2026-08-02 23:58:38.238","V4KU0MLAe2r","18377761","[PREMIUM]","[PREMIUM]","[PREMIUM]","16","Section 16","10",4,"[]","2026-10-21 00:00:00","electronic","exchange",4,"[PREMIUM]","4"
"V4KU0MLALb2","2026-08-02 23:58:38.238","2026-08-04 22:47:00.179","V4KU0MLALb2","18377761","[PREMIUM]","[PREMIUM]","[PREMIUM]","14","Section 14","7",4,"[]","2026-10-21 00:00:00","electronic","exchange",4,"[PREMIUM]","4"
"V4KU0MLA68P","2026-08-02 23:58:38.238","2026-08-10 23:02:02.917","V4KU0MLA68P","18377761","[PREMIUM]","[PREMIUM]","[PREMIUM]","216","Section 216","6",2,"[]","2026-10-21 00:00:00","electronic","exchange",5,"[PREMIUM]","2"
"YgJtk6oRxm7","2026-08-02 23:58:38.238","2026-08-02 23:58:38.238","YgJtk6oRxm7","18377761","[PREMIUM]","[PREMIUM]","[PREMIUM]","212","Section 212","3",2,"[]","2026-10-21 00:00:00","electronic","exchange",4,"[PREMIUM]","2"
"YgJtk6oRnAb","2026-08-02 23:58:38.238","2026-08-02 23:58:38.238","YgJtk6oRnAb","18377761","[PREMIUM]","[PREMIUM]","[PREMIUM]","102","Section 102","3",3,"[]","2026-10-21 00:00:00","electronic","exchange",4,"[PREMIUM]","3"
"YgJtk6oRDkx","2026-08-02 23:58:38.238","2026-08-10 23:02:02.917","YgJtk6oRDkx","18377761","[PREMIUM]","[PREMIUM]","[PREMIUM]","213","Section 213","3",2,"[]","2026-10-21 00:00:00","electronic","exchange",2,"[PREMIUM]","2"
"Zm9hvwgZg2A","2026-08-02 23:58:38.238","2026-08-10 23:02:02.917","Zm9hvwgZg2A","18377761","[PREMIUM]","[PREMIUM]","[PREMIUM]","102","Section 102","3",2,"[]","2026-10-21 00:00:00","electronic","exchange",3,"[PREMIUM]","2"
"Zm9hvwgZbE2","2026-08-02 23:58:38.238","2026-08-10 23:02:02.917","Zm9hvwgZbE2","18377761","[PREMIUM]","[PREMIUM]","[PREMIUM]","128","Section 128","7",2,"[]","2026-10-21 00:00:00","electronic","exchange",3,"[PREMIUM]","2"
"agktlDPJxxj","2026-08-02 23:58:38.238","2026-08-02 23:58:38.238","agktlDPJxxj","18377761","[PREMIUM]","[PREMIUM]","[PREMIUM]","RST2","Restaurant Ledge 2","b",2,"[]","2026-10-21 00:00:00","electronic","exchange",3,"[PREMIUM]","2"
"agktlDPJPD5","2026-08-02 23:58:38.238","2026-08-10 23:02:02.917","agktlDPJPD5","18377761","[PREMIUM]","[PREMIUM]","[PREMIUM]","10","Section 10","4",2,"[]","2026-10-21 00:00:00","electronic","exchange",3,"[PREMIUM]","2"
"b4wUaG52qpn","2026-08-02 23:58:38.238","2026-08-02 23:58:38.238","b4wUaG52qpn","18377761","[PREMIUM]","[PREMIUM]","[PREMIUM]","211","Section 211","4",4,"[]","2026-10-21 00:00:00","electronic","exchange",4,"[PREMIUM]","4"
"b4wUaG52XoL","2026-08-02 23:58:38.238","2026-08-10 23:02:02.917","b4wUaG52XoL","18377761","[PREMIUM]","[PREMIUM]","[PREMIUM]","7","Section 7","10",4,"[]","2026-10-21 00:00:00","electronic","exchange",4,"[PREMIUM]","4"
"b4wUaG52Oq7","2026-08-02 23:58:38.238","2026-08-10 23:02:02.917","b4wUaG52Oq7","18377761","[PREMIUM]","[PREMIUM]","[PREMIUM]","124","Section 124","4",3,"[]","2026-10-21 00:00:00","electronic","exchange",3,"[PREMIUM]","3"
"dNgUg6v2v0G","2026-08-02 23:58:38.238","2026-08-02 23:58:38.238","dNgUg6v2v0G","18377761","[PREMIUM]","[PREMIUM]","[PREMIUM]","PL6","Section PL 6","2",3,"[]","2026-10-21 00:00:00","electronic","exchange",4,"[PREMIUM]","3"
"dNgUg6v2EpK","2026-08-02 23:58:38.238","2026-08-10 23:02:02.917","dNgUg6v2EpK","18377761","[PREMIUM]","[PREMIUM]","[PREMIUM]","212","Section 212","4",2,"[]","2026-10-21 00:00:00","electronic","exchange",4,"[PREMIUM]","2"
"eeacK2kLk69","2026-08-02 23:58:38.238","2026-08-02 23:58:38.238","eeacK2kLk69","18377761","[PREMIUM]","[PREMIUM]","[PREMIUM]","9","Section 9","6",2,"[]","2026-10-21 00:00:00","electronic","exchange",3,"[PREMIUM]","2"
"g48Uro4zkzN","2026-08-02 23:58:38.238","2026-08-10 23:02:02.917","g48Uro4zkzN","18377761","[PREMIUM]","[PREMIUM]","[PREMIUM]","13","Section 13","8",4,"[]","2026-10-21 00:00:00","electronic","exchange",5,"[PREMIUM]","4"
"g48Uro4zbdJ","2026-08-02 23:58:38.238","2026-08-02 23:58:38.238","g48Uro4zbdJ","18377761","[PREMIUM]","[PREMIUM]","[PREMIUM]","123","Section 123","11",2,"[]","2026-10-21 00:00:00","electronic","exchange",4,"[PREMIUM]","2"
"g48Uro4zO8g","2026-08-02 23:58:38.238","2026-08-02 23:58:38.238","g48Uro4zO8g","18377761","[PREMIUM]","[PREMIUM]","[PREMIUM]","PL19","Section PL 19","3",4,"[]","2026-10-21 00:00:00","electronic","exchange",1,"[PREMIUM]","4"
"g48Uro4z4qM","2026-08-02 23:58:38.238","2026-08-10 23:02:02.917","g48Uro4z4qM","18377761","[PREMIUM]","[PREMIUM]","[PREMIUM]","126","Section 126","3",2,"[]","2026-10-21 00:00:00","electronic","exchange",3,"[PREMIUM]","2"
"g48Uro4z4Ro","2026-08-02 23:58:38.238","2026-08-10 23:02:02.917","g48Uro4z4Ro","18377761","[PREMIUM]","[PREMIUM]","[PREMIUM]","6","Section 6","13",2,"[]","2026-10-21 00:00:00","electronic","exchange",5,"[PREMIUM]","2"
"jDvsz7aR9YL","2026-08-02 23:58:38.238","2026-08-02 23:58:38.238","jDvsz7aR9YL","18377761","[PREMIUM]","[PREMIUM]","[PREMIUM]","105","Section 105","2",4,"[]","2026-10-21 00:00:00","electronic","exchange",4,"[PREMIUM]","4"
"jDvsz7aR9p6","2026-08-02 23:58:38.238","2026-08-10 23:02:02.917","jDvsz7aR9p6","18377761","[PREMIUM]","[PREMIUM]","[PREMIUM]","118","Section 118","1",2,"[]","2026-10-21 00:00:00","electronic","exchange",2,"[PREMIUM]","2"
"jDvsz7aRaDz","2026-08-02 23:58:38.238","2026-08-10 23:02:02.917","jDvsz7aRaDz","18377761","[PREMIUM]","[PREMIUM]","[PREMIUM]","2","Section 2","7",4,"[]","2026-10-21 00:00:00","electronic","exchange",5,"[PREMIUM]","4"
"kYet946aVON","2026-08-02 23:58:38.238","2026-08-10 23:02:02.917","kYet946aVON","18377761","[PREMIUM]","[PREMIUM]","[PREMIUM]","127","Section 127","6",2,"[]","2026-10-21 00:00:00","electronic","exchange",2,"[PREMIUM]","2"
"kYet946a6B4","2026-08-02 23:58:38.238","2026-08-10 23:02:02.917","kYet946a6B4","18377761","[PREMIUM]","[PREMIUM]","[PREMIUM]","121","Section 121","7",4,"[]","2026-10-21 00:00:00","electronic","exchange",5,"[PREMIUM]","4"
"kYet946a28m","2026-08-02 23:58:38.238","2026-08-10 23:02:02.917","kYet946a28m","18377761","[PREMIUM]","[PREMIUM]","[PREMIUM]","110","Section 110","5",2,"[]","2026-10-21 00:00:00","electronic","exchange",2,"[PREMIUM]","2"
"kYet946a23P","2026-08-02 23:58:38.238","2026-08-02 23:58:38.238","kYet946a23P","18377761","[PREMIUM]","[PREMIUM]","[PREMIUM]","208","Section 208","8",4,"[]","2026-10-21 00:00:00","electronic","exchange",5,"[PREMIUM]","4"
"lxVsdL32eZM","2026-08-02 23:58:38.238","2026-08-02 23:58:38.238","lxVsdL32eZM","18377761","[PREMIUM]","[PREMIUM]","[PREMIUM]","11","Section 11","12",2,"[]","2026-10-21 00:00:00","electronic","exchange",4,"[PREMIUM]","2"
"lxVsdL32eMA","2026-08-02 23:58:38.238","2026-08-10 23:02:02.917","lxVsdL32eMA","18377761","[PREMIUM]","[PREMIUM]","[PREMIUM]","5","Section 5","14",3,"[]","2026-10-21 00:00:00","electronic","exchange",2,"[PREMIUM]","3"
"lxVsdL32e04","2026-08-02 23:58:38.238","2026-08-09 23:54:22.674","lxVsdL32e04","18377761","[PREMIUM]","[PREMIUM]","[PREMIUM]","120","Section 120","12",2,"[]","2026-10-21 00:00:00","electronic","exchange",4,"[PREMIUM]","2"
"lxVsdL328JD","2026-08-02 23:58:38.238","2026-08-10 23:02:02.917","lxVsdL328JD","18377761","[PREMIUM]","[PREMIUM]","[PREMIUM]","9","Section 9","7",4,"[]","2026-10-21 00:00:00","electronic","exchange",2,"[PREMIUM]","4"
"lxVsdL328G9","2026-08-02 23:58:38.238","2026-08-10 23:02:02.917","lxVsdL328G9","18377761","[PREMIUM]","[PREMIUM]","[PREMIUM]","PL5","Section PL 5","2",2,"[]","2026-10-21 00:00:00","electronic","exchange",5,"[PREMIUM]","2"
"lxVsdL3235G","2026-08-02 23:58:38.238","2026-08-10 23:02:02.917","lxVsdL3235G","18377761","[PREMIUM]","[PREMIUM]","[PREMIUM]","114","Section 114","1",4,"[]","2026-10-21 00:00:00","electronic","exchange",2,"[PREMIUM]","4"
"nx0srMoLoMb","2026-08-02 23:58:38.238","2026-08-10 23:02:02.917","nx0srMoLoMb","18377761","[PREMIUM]","[PREMIUM]","[PREMIUM]","116","Section 116","1",2,"[]","2026-10-21 00:00:00","electronic","exchange",2,"[PREMIUM]","2"
"nx0srMoLnJn","2026-08-02 23:58:38.238","2026-08-10 23:02:02.917","nx0srMoLnJn","18377761","[PREMIUM]","[PREMIUM]","[PREMIUM]","227","Section 227","2",2,"[]","2026-10-21 00:00:00","electronic","exchange",2,"[PREMIUM]","2"
"nx0srMoLn0G","2026-08-02 23:58:38.238","2026-08-10 23:02:02.917","nx0srMoLn0G","18377761","[PREMIUM]","[PREMIUM]","[PREMIUM]","110","Section 110","4",2,"[]","2026-10-21 00:00:00","electronic","exchange",3,"[PREMIUM]","2"
"nx0srMoLl0A","2026-08-02 23:58:38.238","2026-08-10 23:02:02.917","nx0srMoLl0A","18377761","[PREMIUM]","[PREMIUM]","[PREMIUM]","128","Section 128","8",2,"[]","2026-10-21 00:00:00","electronic","exchange",3,"[PREMIUM]","2"
"nx0srMoLYlO","2026-08-02 23:58:38.238","2026-08-09 00:08:49.932","nx0srMoLYlO","18377761","[PREMIUM]","[PREMIUM]","[PREMIUM]","128","Section 128","2",2,"[]","2026-10-21 00:00:00","electronic","exchange",4,"[PREMIUM]","2"
"oV7HbEpDwq6","2026-08-02 23:58:38.238","2026-08-10 23:02:02.917","oV7HbEpDwq6","18377761","[PREMIUM]","[PREMIUM]","[PREMIUM]","125","Section 125","4",2,"[]","2026-10-21 00:00:00","electronic","exchange",3,"[PREMIUM]","2"
"oV7HbEpDwnx","2026-08-02 23:58:38.238","2026-08-10 23:02:02.917","oV7HbEpDwnx","18377761","[PREMIUM]","[PREMIUM]","[PREMIUM]","103","Section 103","9",2,"[]","2026-10-21 00:00:00","electronic","exchange",3,"[PREMIUM]","2"
"oV7HbEpDpeN","2026-08-02 23:58:38.238","2026-08-02 23:58:38.238","oV7HbEpDpeN","18377761","[PREMIUM]","[PREMIUM]","[PREMIUM]","111","Section 111","3",4,"[]","2026-10-21 00:00:00","electronic","exchange",5,"[PREMIUM]","4"
"oV7HbEpDpNR","2026-08-02 23:58:38.238","2026-08-10 23:02:02.917","oV7HbEpDpNR","18377761","[PREMIUM]","[PREMIUM]","[PREMIUM]","231","Section 231","4",2,"[]","2026-10-21 00:00:00","electronic","exchange",2,"[PREMIUM]","2"
"oV7HbEpDpAA","2026-08-02 23:58:38.238","2026-08-02 23:58:38.238","oV7HbEpDpAA","18377761","[PREMIUM]","[PREMIUM]","[PREMIUM]","120","Section 120","4",2,"[]","2026-10-21 00:00:00","electronic","exchange",3,"[PREMIUM]","2"
"oV7HbEpDA4J","2026-08-02 23:58:38.238","2026-08-10 23:02:02.917","oV7HbEpDA4J","18377761","[PREMIUM]","[PREMIUM]","[PREMIUM]","233","Section 233","5",3,"[]","2026-10-21 00:00:00","electronic","exchange",3,"[PREMIUM]","3"
"oV7HbEpD0m8","2026-08-02 23:58:38.238","2026-08-10 23:02:02.917","oV7HbEpD0m8","18377761","[PREMIUM]","[PREMIUM]","[PREMIUM]","1","Section 1","10",3,"[]","2026-10-21 00:00:00","electronic","exchange",4,"[PREMIUM]","3"
"pVXHDEGk8Yb","2026-08-02 23:58:38.238","2026-08-02 23:58:38.238","pVXHDEGk8Yb","18377761","[PREMIUM]","[PREMIUM]","[PREMIUM]","101","Section 101","11",2,"[]","2026-10-21 00:00:00","electronic","exchange",4,"[PREMIUM]","2"
"qVjH2VpGrag","2026-08-02 23:58:38.238","2026-08-10 23:02:02.917","qVjH2VpGrag","18377761","[PREMIUM]","[PREMIUM]","[PREMIUM]","104","Section 104","2",4,"[]","2026-10-21 00:00:00","electronic","exchange",4,"[PREMIUM]","4"
"qVjH2VpGRA3","2026-08-02 23:58:38.238","2026-08-10 23:02:02.917","qVjH2VpGRA3","18377761","[PREMIUM]","[PREMIUM]","[PREMIUM]","6","Section 6","9",4,"[]","2026-10-21 00:00:00","electronic","exchange",4,"[PREMIUM]","4"
"rVOHkR2XZRg","2026-08-02 23:58:38.238","2026-08-02 23:58:38.238","rVOHkR2XZRg","18377761","[PREMIUM]","[PREMIUM]","[PREMIUM]","18","Section 18","11",2,"[]","2026-10-21 00:00:00","electronic","exchange",4,"[PREMIUM]","2"
"rVOHkR2XO0r","2026-08-02 23:58:38.238","2026-08-10 23:02:02.917","rVOHkR2XO0r","18377761","[PREMIUM]","[PREMIUM]","[PREMIUM]","104","Section 104","1",3,"[]","2026-10-21 00:00:00","electronic","exchange",2,"[PREMIUM]","3"
"rVOHkR2X2pX","2026-08-02 23:58:38.238","2026-08-10 23:02:02.917","rVOHkR2X2pX","18377761","[PREMIUM]","[PREMIUM]","[PREMIUM]","125","Section 125","2",4,"[]","2026-10-21 00:00:00","electronic","exchange",3,"[PREMIUM]","4"
"rVOHkR2X28R","2026-08-02 23:58:38.238","2026-08-10 23:02:02.917","rVOHkR2X28R","18377761","[PREMIUM]","[PREMIUM]","[PREMIUM]","16","Section 16","9",4,"[]","2026-10-21 00:00:00","electronic","exchange",4,"[PREMIUM]","4"
"rVOHkR2X25a","2026-08-02 23:58:38.238","2026-08-10 23:02:02.917","rVOHkR2X25a","18377761","[PREMIUM]","[PREMIUM]","[PREMIUM]","102","Section 102","2",2,"[]","2026-10-21 00:00:00","electronic","exchange",3,"[PREMIUM]","2"
"rVOHkR2X0XK","2026-08-02 23:58:38.238","2026-08-10 23:02:02.917","rVOHkR2X0XK","18377761","[PREMIUM]","[PREMIUM]","[PREMIUM]","229","Section 229","4",4,"[]","2026-10-21 00:00:00","electronic","exchange",3,"[PREMIUM]","4"
"vb3iPel7lx9","2026-08-02 23:58:38.238","2026-08-10 23:02:02.917","vb3iPel7lx9","18377761","[PREMIUM]","[PREMIUM]","[PREMIUM]","109","Section 109","3",4,"[]","2026-10-21 00:00:00","electronic","exchange",3,"[PREMIUM]","4"
"vb3iPel7l0M","2026-08-02 23:58:38.238","2026-08-04 22:47:00.179","vb3iPel7l0M","18377761","[PREMIUM]","[PREMIUM]","[PREMIUM]","17","Section 17","18",4,"[]","2026-10-21 00:00:00","electronic","exchange",3,"[PREMIUM]","4"
"w3Jsed02adn","2026-08-02 23:58:38.238","2026-08-09 00:08:49.932","w3Jsed02adn","18377761","[PREMIUM]","[PREMIUM]","[PREMIUM]","20","Section 20","17",2,"[]","2026-10-21 00:00:00","electronic","exchange",2,"[PREMIUM]","2"
"w3Jsed0203M","2026-08-02 23:58:38.238","2026-08-02 23:58:38.238","w3Jsed0203M","18377761","[PREMIUM]","[PREMIUM]","[PREMIUM]","229","Section 229","2",4,"[]","2026-10-21 00:00:00","electronic","exchange",3,"[PREMIUM]","4"
"xb9imB24b4J","2026-08-02 23:58:38.238","2026-08-02 23:58:38.238","xb9imB24b4J","18377761","[PREMIUM]","[PREMIUM]","[PREMIUM]","15","Section 15","10",2,"[]","2026-10-21 00:00:00","electronic","exchange",5,"[PREMIUM]","2"
"z3Es6qwawEz","2026-08-02 23:58:38.238","2026-08-03 23:35:11.610","z3Es6qwawEz","18377761","[PREMIUM]","[PREMIUM]","[PREMIUM]","211","Section 211","5",2,"[]","2026-10-21 00:00:00","electronic","exchange",2,"[PREMIUM]","2"
"z3Es6qwaZ7A","2026-08-02 23:58:38.238","2026-08-10 23:02:02.917","z3Es6qwaZ7A","18377761","[PREMIUM]","[PREMIUM]","[PREMIUM]","2","Section 2","8",4,"[]","2026-10-21 00:00:00","electronic","exchange",5,"[PREMIUM]","4"
"z3Es6qwaAK7","2026-08-02 23:58:38.238","2026-08-02 23:58:38.238","z3Es6qwaAK7","18377761","[PREMIUM]","[PREMIUM]","[PREMIUM]","124","Section 124","4",2,"[]","2026-10-21 00:00:00","electronic","exchange",3,"[PREMIUM]","2"
"8lKt6YMxk6X","2026-08-02 23:58:27.300","2026-08-02 23:58:27.300","8lKt6YMxk6X","18378419","[PREMIUM]","[PREMIUM]","[PREMIUM]","306","Section 306","j",4,"[]","2026-10-28 00:00:00","electronic","exchange",5,"[PREMIUM]","4"
"8lKt6YMxmvK","2026-08-02 23:58:27.300","2026-08-02 23:58:27.300","8lKt6YMxmvK","18378419","[PREMIUM]","[PREMIUM]","[PREMIUM]","334","Section 334","q",4,"[]","2026-10-28 00:00:00","electronic","exchange",5,"[PREMIUM]","4"
"LbviLEKrDrN","2026-08-02 23:58:27.300","2026-08-02 23:58:27.300","LbviLEKrDrN","18378419","[PREMIUM]","[PREMIUM]","[PREMIUM]","321","Section 321","l",4,"[]","2026-10-28 00:00:00","electronic","exchange",5,"[PREMIUM]","4"
"LbviLEKrBPK","2026-08-02 23:58:27.300","2026-08-02 23:58:27.300","LbviLEKrBPK","18378419","[PREMIUM]","[PREMIUM]","[PREMIUM]","326","Section 326","l",2,"[]","2026-10-28 00:00:00","electronic","exchange",5,"[PREMIUM]","2"
"Zm9hvwg3BnE","2026-08-02 23:58:27.300","2026-08-02 23:58:27.300","Zm9hvwg3BnE","18378419","[PREMIUM]","[PREMIUM]","[PREMIUM]","111","Section 111","ee",4,"[]","2026-10-28 00:00:00","electronic","exchange",5,"[PREMIUM]","4"
"dNgUg6vrOxv","2026-08-02 23:58:27.300","2026-08-02 23:58:27.300","dNgUg6vrOxv","18378419","[PREMIUM]","[PREMIUM]","[PREMIUM]","120","Section 120","p",2,"[]","2026-10-28 00:00:00","electronic","exchange",5,"[PREMIUM]","2"
"dNgUg6vrKRB","2026-08-02 23:58:27.300","2026-08-02 23:58:27.300","dNgUg6vrKRB","18378419","[PREMIUM]","[PREMIUM]","[PREMIUM]","107","Section 107","cc",2,"[]","2026-10-28 00:00:00","electronic","exchange",5,"[PREMIUM]","2"
"g48Uro4KJZ6","2026-08-02 23:58:27.300","2026-08-02 23:58:27.300","g48Uro4KJZ6","18378419","[PREMIUM]","[PREMIUM]","[PREMIUM]","327","Section 327","p",4,"[]","2026-10-28 00:00:00","electronic","exchange",5,"[PREMIUM]","4"
"g48Uro4K2AA","2026-08-02 23:58:27.300","2026-08-02 23:58:27.300","g48Uro4K2AA","18378419","[PREMIUM]","[PREMIUM]","[PREMIUM]","314","Section 314","n",4,"[]","2026-10-28 00:00:00","electronic","exchange",5,"[PREMIUM]","4"
"kYet946EpRa","2026-08-02 23:58:27.300","2026-08-02 23:58:27.300","kYet946EpRa","18378419","[PREMIUM]","[PREMIUM]","[PREMIUM]","312","Section 312","l",4,"[]","2026-10-28 00:00:00","electronic","exchange",5,"[PREMIUM]","4"
"kYet946EKJ0","2026-08-02 23:58:27.300","2026-08-02 23:58:27.300","kYet946EKJ0","18378419","[PREMIUM]","[PREMIUM]","[PREMIUM]","323","Section 323","n",2,"[]","2026-10-28 00:00:00","electronic","exchange",5,"[PREMIUM]","2"
"pVXHDEGnoJ2","2026-08-02 23:58:27.300","2026-08-02 23:58:27.300","pVXHDEGnoJ2","18378419","[PREMIUM]","[PREMIUM]","[PREMIUM]","107","Section 107","l",2,"[]","2026-10-28 00:00:00","electronic","exchange",5,"[PREMIUM]","2"
"rVOHkR2lqwq","2026-08-02 23:58:27.300","2026-08-02 23:58:27.300","rVOHkR2lqwq","18378419","[PREMIUM]","[PREMIUM]","[PREMIUM]","121","Section 121","gg",4,"[]","2026-10-28 00:00:00","electronic","exchange",4,"[PREMIUM]","4"
"xb9imB2kL69","2026-08-02 23:58:27.300","2026-08-02 23:58:27.300","xb9imB2kL69","18378419","[PREMIUM]","[PREMIUM]","[PREMIUM]","324","Section 324","p",4,"[]","2026-10-28 00:00:00","electronic","exchange",5,"[PREMIUM]","4"
"xb9imB2kj5A","2026-08-02 23:58:27.300","2026-08-02 23:58:27.300","xb9imB2kj5A","18378419","[PREMIUM]","[PREMIUM]","[PREMIUM]","330","Section 330","p",4,"[]","2026-10-28 00:00:00","electronic","exchange",5,"[PREMIUM]","4"
"2v0cz3xzke6","2026-08-02 23:57:43.873","2026-08-15 23:35:31.003","2v0cz3xzke6","18376866","[PREMIUM]","[PREMIUM]","[PREMIUM]","439","Section 439","d",1,"[]","2026-10-28 00:00:00","electronic","exchange",2,"[PREMIUM]","1"
"5EjuZ6REV8r","2026-08-02 23:57:43.873","2026-08-15 23:35:31.003","5EjuZ6REV8r","18376866","[PREMIUM]","[PREMIUM]","[PREMIUM]","224","Section 224","r",10,"['1','2','3','4','5','6','7','8','9','10']","2026-10-27 00:00:00","electronic","exchange",0,"[PREMIUM]","1,2,3,4,5,6,7,8,10"
"A6rs27ZjY0q","2026-08-02 23:57:43.873","2026-08-15 23:35:31.003","A6rs27ZjY0q","18376866","[PREMIUM]","[PREMIUM]","[PREMIUM]","207","Section 207","q",8,"['1','2','3','4','5','6','7','8']","2026-10-27 00:00:00","electronic","exchange",0,"[PREMIUM]","1,2,3,4,5,6,8"
"GAaI6275KGG","2026-08-02 23:57:43.873","2026-08-15 23:35:31.003","GAaI6275KGG","18376866","[PREMIUM]","[PREMIUM]","[PREMIUM]","221","Section 221","n",5,"['9','10','11','12','13']","2026-10-27 00:00:00","electronic","exchange",0,"[PREMIUM]","1,2,3,5"
"GAaI62nkdpr","2026-08-02 23:57:43.873","2026-08-15 23:35:31.003","GAaI62nkdpr","18376866","[PREMIUM]","[PREMIUM]","[PREMIUM]","224","Section 224","m",3,"['5','6','7']","2026-10-27 00:00:00","electronic","exchange",0,"[PREMIUM]","1,3"
"JABI39O5baY","2026-08-02 23:57:43.873","2026-08-15 23:35:31.003","JABI39O5baY","18376866","[PREMIUM]","[PREMIUM]","[PREMIUM]","439","Section 439","d",1,"['1']","2026-10-26 00:00:00","electronic","exchange",1,"[PREMIUM]","1"
"LbviLEJNlve","2026-08-02 23:57:43.873","2026-08-15 23:35:31.003","LbviLEJNlve","18376866","[PREMIUM]","[PREMIUM]","[PREMIUM]","226","Section 226","s",4,"['5','6','7','8']","2026-10-27 00:00:00","electronic","exchange",0,"[PREMIUM]","1,2,4"
"PX0sgLMxkBK","2026-08-02 23:57:43.873","2026-08-15 23:35:31.003","PX0sgLMxkBK","18376866","[PREMIUM]","[PREMIUM]","[PREMIUM]","412","Section 412","m",4,"[]","2026-10-28 00:00:00","electronic","exchange",2,"[PREMIUM]","4"
"agktlD3qnXY","2026-08-02 23:57:43.873","2026-08-15 23:35:31.003","agktlD3qnXY","18376866","[PREMIUM]","[PREMIUM]","[PREMIUM]","203","Section 203","r",6,"['5','6','7','8','9','10']","2026-10-27 00:00:00","electronic","exchange",0,"[PREMIUM]","1,2,3,4,6"
"jDvsz7g2464","2026-08-02 23:57:43.873","2026-08-15 23:35:31.003","jDvsz7g2464","18376866","[PREMIUM]","[PREMIUM]","[PREMIUM]","226","Section 226","p",5,"['5','6','7','8','9']","2026-10-27 00:00:00","electronic","exchange",0,"[PREMIUM]","1,2,3,5"
"kYet94j8rd2","2026-08-02 23:57:43.873","2026-08-15 23:35:31.003","kYet94j8rd2","18376866","[PREMIUM]","[PREMIUM]","[PREMIUM]","201","Section 201","m",8,"['3','4','5','6','7','8','9','10']","2026-10-27 00:00:00","electronic","exchange",0,"[PREMIUM]","1,2,3,4,5,6,8"
"pVXHDEX7Ol2","2026-08-02 23:57:43.873","2026-08-15 23:35:31.003","pVXHDEX7Ol2","18376866","[PREMIUM]","[PREMIUM]","[PREMIUM]","412","Section 412","m",4,"['1','2','3','4']","2026-10-26 00:00:00","electronic","exchange",2,"[PREMIUM]","2,4"
"xb9imB2vkAx","2026-08-02 23:57:43.873","2026-08-15 23:35:31.003","xb9imB2vkAx","18376866","[PREMIUM]","[PREMIUM]","[PREMIUM]","436","Section 436","a",2,"['5','6']","2026-10-26 00:00:00","electronic","exchange",4,"[PREMIUM]","2"
"z3Es6qEj8bg","2026-08-02 23:57:43.873","2026-08-15 23:35:31.003","z3Es6qEj8bg","18376866","[PREMIUM]","[PREMIUM]","[PREMIUM]","224","Section 224","l",4,"['6','7','8','9']","2026-10-27 00:00:00","electronic","exchange",0,"[PREMIUM]","1,2,4"
"ROXHzwEZXbN","2026-08-02 23:57:36.331","2026-08-15 23:18:32.589","ROXHzwEZXbN","18376698","[PREMIUM]","[PREMIUM]","[PREMIUM]","304","Section 304","13",4,"[]","2026-10-28 00:00:00","electronic","exchange",0,"[PREMIUM]","2,4"
"xb9imB9ZKkO","2026-08-02 23:57:36.331","2026-08-15 23:18:32.589","xb9imB9ZKkO","18376698","[PREMIUM]","[PREMIUM]","[PREMIUM]","PR06","Premier 6","7",4,"[]","2026-09-22 00:00:00","electronic","exchange",1,"[PREMIUM]","1,2,4"
"6mOhkADN34p","2026-08-02 23:57:25.513","2026-08-15 23:11:17.957","6mOhkADN34p","18378833","[PREMIUM]","[PREMIUM]","[PREMIUM]","214","Section 214","j",2,"[]","2026-10-26 00:00:00","electronic","exchange",0,"[PREMIUM]","2"
"nx0srMY4qmJ","2026-08-02 23:57:25.513","2026-08-15 00:56:15.825","nx0srMY4qmJ","18378833","[PREMIUM]","[PREMIUM]","[PREMIUM]","115","Section 115","f",3,"[]","2026-10-26 00:00:00","electronic","exchange",1,"[PREMIUM]","3"
"2v0cz3kxKMz","2026-08-02 23:57:19.666","2026-08-02 23:57:19.666","2v0cz3kxKMz","18378751","[PREMIUM]","[PREMIUM]","[PREMIUM]","212","Section 212","tt",2,"[]","2026-10-26 00:00:00","electronic","exchange",4,"[PREMIUM]","2"
"4vXcj9AKMlD","2026-08-02 23:57:19.666","2026-08-02 23:57:19.666","4vXcj9AKMlD","18378751","[PREMIUM]","[PREMIUM]","[PREMIUM]","216","Section 216","tt",2,"[]","2026-10-26 00:00:00","electronic","exchange",4,"[PREMIUM]","2"
"6mOhkADqEdX","2026-08-02 23:57:19.666","2026-08-04 22:43:21.356","6mOhkADqEdX","18378751","[PREMIUM]","[PREMIUM]","[PREMIUM]","226","Section 226","l",2,"[]","2026-10-23 00:00:00","electronic","exchange",0,"[PREMIUM]","2"
"b4wUaGO7x5r","2026-08-02 23:57:19.666","2026-08-04 22:43:21.356","b4wUaGO7x5r","18378751","[PREMIUM]","[PREMIUM]","[PREMIUM]","1","Section 1","q",4,"[]","2026-10-25 00:00:00","electronic","exchange",1,"[PREMIUM]","2,4"
"qVjH2VDlezz","2026-08-02 23:57:19.666","2026-08-04 22:43:21.356","qVjH2VDlezz","18378751","[PREMIUM]","[PREMIUM]","[PREMIUM]","213","Section 213","e",2,"[]","2026-10-25 00:00:00","electronic","exchange",2,"[PREMIUM]","2"
"DdwHkOxZDv8","2026-08-02 23:56:53.480","2026-08-02 23:56:53.480","DdwHkOxZDv8","18377119","[PREMIUM]","[PREMIUM]","[PREMIUM]","201","Section 201","2",4,"['3','4','5','6']","2026-10-27 00:00:00","electronic","exchange",1,"[PREMIUM]","2,4"
"2v0cz3koXAk","2026-08-02 23:56:46.030","2026-08-03 23:37:00.152","2v0cz3koXAk","18378581","[PREMIUM]","[PREMIUM]","[PREMIUM]","102","Section 102","4",9,"[]","2026-10-26 00:00:00","electronic","exchange",1,"[PREMIUM]","1,2,3,4,5,6,7,8,9"
"3q7fNJzVwwv","2026-08-02 23:56:46.030","2026-08-03 23:37:00.152","3q7fNJzVwwv","18378581","[PREMIUM]","[PREMIUM]","[PREMIUM]","102","Section 102","3",4,"[]","2026-10-26 00:00:00","electronic","exchange",5,"[PREMIUM]","1,2,3,4"
"3q7fNJzVwd3","2026-08-02 23:56:46.030","2026-08-02 23:56:46.030","3q7fNJzVwd3","18378581","[PREMIUM]","[PREMIUM]","[PREMIUM]","206","Section 206","4",6,"[]","2026-10-26 00:00:00","electronic","exchange",0,"[PREMIUM]","1,2,3,4,5,6"
"5EjuZ6R0ApZ","2026-08-02 23:56:46.030","2026-08-03 23:37:00.152","5EjuZ6R0ApZ","18378581","[PREMIUM]","[PREMIUM]","[PREMIUM]","112","Section 112","24",3,"[]","2026-10-26 00:00:00","electronic","exchange",1,"[PREMIUM]","1,2,3"
"5EjuZ6R0A6e","2026-08-02 23:56:46.030","2026-08-03 23:37:00.152","5EjuZ6R0A6e","18378581","[PREMIUM]","[PREMIUM]","[PREMIUM]","102","Section 102","10",4,"[]","2026-10-26 00:00:00","electronic","exchange",1,"[PREMIUM]","1,2,3,4"
"6mOhkADV0rY","2026-08-02 23:56:46.030","2026-08-03 23:37:00.152","6mOhkADV0rY","18378581","[PREMIUM]","[PREMIUM]","[PREMIUM]","214","Section 214","3",2,"[]","2026-10-26 00:00:00","electronic","exchange",5,"[PREMIUM]","2"
"6mOhkADVoYP","2026-08-02 23:56:46.030","2026-08-12 00:22:01.763","6mOhkADVoYP","18378581","[PREMIUM]","[PREMIUM]","[PREMIUM]","112","Section 112","18",4,"[]","2026-10-26 00:00:00","electronic","exchange",1,"[PREMIUM]","1,2,4"
"7KntAlGMzEg","2026-08-02 23:56:46.030","2026-08-02 23:56:46.030","7KntAlGMzEg","18378581","[PREMIUM]","[PREMIUM]","[PREMIUM]","213","Section 213","16",4,"[]","2026-10-26 00:00:00","electronic","exchange",1,"[PREMIUM]","1,2,3,4"
"8lKt6YemG4z","2026-08-02 23:56:46.030","2026-08-03 23:37:00.152","8lKt6YemG4z","18378581","[PREMIUM]","[PREMIUM]","[PREMIUM]","115","Section 115","20",3,"[]","2026-10-26 00:00:00","electronic","exchange",1,"[PREMIUM]","1,2,3"
"9P2c5qgRpR3","2026-08-02 23:56:46.030","2026-08-09 23:56:12.491","9P2c5qgRpR3","18378581","[PREMIUM]","[PREMIUM]","[PREMIUM]","209","Section 209","9",4,"[]","2026-10-26 00:00:00","electronic","exchange",5,"[PREMIUM]","1,2,4"
"A6rs27Z8pK6","2026-08-02 23:56:46.030","2026-08-15 23:10:45.982","A6rs27Z8pK6","18378581","[PREMIUM]","[PREMIUM]","[PREMIUM]","102","Section 102","18",2,"['1','2']","2026-10-24 00:00:00","electronic","exchange",5,"[PREMIUM]","2"
"Kezcz6Kv2Bj","2026-08-02 23:56:46.030","2026-08-03 23:37:00.152","Kezcz6Kv2Bj","18378581","[PREMIUM]","[PREMIUM]","[PREMIUM]","116","Section 116","3",2,"[]","2026-10-26 00:00:00","electronic","exchange",4,"[PREMIUM]","2"
"MAeIPlO7LDV","2026-08-02 23:56:46.030","2026-08-12 00:22:01.763","MAeIPlO7LDV","18378581","[PREMIUM]","[PREMIUM]","[PREMIUM]","104","Section 104","17",3,"[]","2026-10-26 00:00:00","electronic","exchange",1,"[PREMIUM]","1,3"
"O7AhwrZm6zd","2026-08-02 23:56:46.030","2026-08-02 23:56:46.030","O7AhwrZm6zd","18378581","[PREMIUM]","[PREMIUM]","[PREMIUM]","116","Section 116","19",5,"[]","2026-10-26 00:00:00","electronic","exchange",2,"[PREMIUM]","1,2,3,4,5"
"ROXHzw5Dagb","2026-08-02 23:56:46.030","2026-08-03 23:37:00.152","ROXHzw5Dagb","18378581","[PREMIUM]","[PREMIUM]","[PREMIUM]","114","Section 114","7",2,"[]","2026-10-26 00:00:00","electronic","exchange",1,"[PREMIUM]","2"
"X03tKjnegDb","2026-08-02 23:56:46.030","2026-08-02 23:56:46.030","X03tKjnegDb","18378581","[PREMIUM]","[PREMIUM]","[PREMIUM]","116","Section 116","11",3,"[]","2026-10-26 00:00:00","electronic","exchange",2,"[PREMIUM]","1,2,3"
"jDvsz7gPGgM","2026-08-02 23:56:46.030","2026-08-12 00:22:01.763","jDvsz7gPGgM","18378581","[PREMIUM]","[PREMIUM]","[PREMIUM]","116","Section 116","18",3,"[]","2026-10-26 00:00:00","electronic","exchange",3,"[PREMIUM]","1,3"
"jDvsz7gp5dM","2026-08-02 23:56:46.030","2026-08-03 23:37:00.152","jDvsz7gp5dM","18378581","[PREMIUM]","[PREMIUM]","[PREMIUM]","112","Section 112","9",2,"[]","2026-10-26 00:00:00","electronic","exchange",1,"[PREMIUM]","2"
"lxVsdLAbGk6","2026-08-02 23:56:46.030","2026-08-09 23:56:12.491","lxVsdLAbGk6","18378581","[PREMIUM]","[PREMIUM]","[PREMIUM]","114","Section 114","7",2,"[]","2026-10-26 00:00:00","electronic","exchange",1,"[PREMIUM]","2"
"lxVsdLAGMlv","2026-08-02 23:56:46.030","2026-08-15 23:10:45.982","lxVsdLAGMlv","18378581","[PREMIUM]","[PREMIUM]","[PREMIUM]","220","Section 220","2",2,"[]","2026-10-26 00:00:00","electronic","exchange",5,"[PREMIUM]","2"
"qVjH2VDM43V","2026-08-02 23:56:46.030","2026-08-02 23:56:46.030","qVjH2VDM43V","18378581","[PREMIUM]","[PREMIUM]","[PREMIUM]","213","Section 213","7",2,"[]","2026-10-26 00:00:00","electronic","exchange",1,"[PREMIUM]","2"
"rVOHkROGDNg","2026-08-02 23:56:46.030","2026-08-12 00:22:01.763","rVOHkROGDNg","18378581","[PREMIUM]","[PREMIUM]","[PREMIUM]","114","Section 114","17",2,"[]","2026-10-26 00:00:00","electronic","exchange",3,"[PREMIUM]","2"
"7KntAlG6bxP","2026-08-02 23:56:39.937","2026-08-15 23:10:36.565","7KntAlG6bxP","18378341","[PREMIUM]","[PREMIUM]","[PREMIUM]","123","Section 123","4",2,"[]","2026-10-25 00:00:00","electronic","exchange",1,"[PREMIUM]","2"
"YgJtk64ovlO","2026-08-02 23:56:39.937","2026-08-15 23:10:36.565","YgJtk64ovlO","18378341","[PREMIUM]","[PREMIUM]","[PREMIUM]","213","Section 213","9",2,"[]","2026-10-25 00:00:00","electronic","exchange",1,"[PREMIUM]","2"
"b4wUaGOG2op","2026-08-02 23:56:39.937","2026-08-15 23:10:36.565","b4wUaGOG2op","18378341","[PREMIUM]","[PREMIUM]","[PREMIUM]","207A","Section 207 A","5",2,"['19','20']","2026-10-24 00:00:00","electronic","exchange",5,"[PREMIUM]","2"
"qVjH2Vrvp2r","2026-08-02 23:56:39.937","2026-08-15 00:52:47.314","qVjH2Vrvp2r","18378341","[PREMIUM]","[PREMIUM]","[PREMIUM]","107","Section 107","2",2,"[]","2026-10-25 00:00:00","electronic","exchange",5,"[PREMIUM]","2"
"05VT8KEgERw","2026-08-02 23:56:15.614","2026-08-13 00:07:27.445","05VT8KEgERw","18377190","[PREMIUM]","[PREMIUM]","[PREMIUM]","314","Section 314","4",5,"['3','4','5','6','7']","2026-10-14 00:00:00","electronic","exchange",2,"[PREMIUM]","1,2,3,5"
"05VT8KEgE8w","2026-08-02 23:56:15.614","2026-08-15 22:48:42.477","05VT8KEgE8w","18377190","[PREMIUM]","[PREMIUM]","[PREMIUM]","211","Section 211","2",8,"['5','6','7','8','9','10','11','12']","2026-10-14 00:00:00","electronic","exchange",1,"[PREMIUM]","1,2,3,4,5,6,8"
"5EjuZ6LmLZw","2026-08-02 23:56:15.614","2026-08-02 23:56:15.614","5EjuZ6LmLZw","18377190","[PREMIUM]","[PREMIUM]","[PREMIUM]","120","Section 120","6",4,"['15','16','17','18']","2026-10-14 00:00:00","electronic","exchange",4,"[PREMIUM]","2,4"
"5EjuZ6LZRqj","2026-08-02 23:56:15.614","2026-08-15 22:48:42.477","5EjuZ6LZRqj","18377190","[PREMIUM]","[PREMIUM]","[PREMIUM]","102","Section 102","10",2,"[]","2026-10-13 00:00:00","electronic","exchange",2,"[PREMIUM]","2"
"7KntAl676AK","2026-08-02 23:56:15.614","2026-08-15 22:48:42.477","7KntAl676AK","18377190","[PREMIUM]","[PREMIUM]","[PREMIUM]","323","Section 323","10",6,"['3','4','5','6','7','8']","2026-10-14 00:00:00","electronic","exchange",2,"[PREMIUM]","2,4,6"
"7KntAlGjzMJ","2026-08-02 23:56:15.614","2026-08-15 22:48:42.477","7KntAlGjzMJ","18377190","[PREMIUM]","[PREMIUM]","[PREMIUM]","219","Section 219","2",2,"['15','16']","2026-10-12 00:00:00","electronic","exchange",5,"[PREMIUM]","2"
"8lKt6YMRM3O","2026-08-02 23:56:15.614","2026-08-13 00:07:27.445","8lKt6YMRM3O","18377190","[PREMIUM]","[PREMIUM]","[PREMIUM]","325","Section 325","9",4,"['5','6','7','8']","2026-10-14 00:00:00","electronic","exchange",2,"[PREMIUM]","2,4"
"A6rs27Zgk2Y","2026-08-02 23:56:15.614","2026-08-15 22:48:42.477","A6rs27Zgk2Y","18377190","[PREMIUM]","[PREMIUM]","[PREMIUM]","305","Section 305","10",2,"['19','20']","2026-10-14 00:00:00","electronic","exchange",1,"[PREMIUM]","2"
"DdwHkOxqxzG","2026-08-02 23:56:15.614","2026-08-02 23:56:15.614","DdwHkOxqxzG","18377190","[PREMIUM]","[PREMIUM]","[PREMIUM]","210","Section 210","2",4,"['5','6','7','8']","2026-10-14 00:00:00","electronic","exchange",2,"[PREMIUM]","2,4"
"EroUXnEjEbk","2026-08-02 23:56:15.614","2026-08-02 23:56:15.614","EroUXnEjEbk","18377190","[PREMIUM]","[PREMIUM]","[PREMIUM]","114","Section 114","14",4,"['1','2','3','4']","2026-10-14 00:00:00","electronic","exchange",1,"[PREMIUM]","2,4"
"MAeIPl2b2Pk","2026-08-02 23:56:15.614","2026-08-15 22:48:42.477","MAeIPl2b2Pk","18377190","[PREMIUM]","[PREMIUM]","[PREMIUM]","207","Section 207","2",4,"['1','2','3','4']","2026-10-14 00:00:00","electronic","exchange",0,"[PREMIUM]","2,4"
"MAeIPl2b2Bk","2026-08-02 23:56:15.614","2026-08-15 22:48:42.477","MAeIPl2b2Bk","18377190","[PREMIUM]","[PREMIUM]","[PREMIUM]","327","Section 327","9",4,"['1','2','3','4']","2026-10-14 00:00:00","electronic","exchange",2,"[PREMIUM]","2,4"
"PX0sgLp2pgw","2026-08-02 23:56:15.614","2026-08-15 22:48:42.477","PX0sgLp2pgw","18377190","[PREMIUM]","[PREMIUM]","[PREMIUM]","328","Section 328","9",4,"['13','14','15','16']","2026-10-14 00:00:00","electronic","exchange",2,"[PREMIUM]","2,4"
"ROXHzwEdEzD","2026-08-02 23:56:15.614","2026-08-15 22:48:42.477","ROXHzwEdEzD","18377190","[PREMIUM]","[PREMIUM]","[PREMIUM]","330","Section 330","9",4,"['13','14','15','16']","2026-10-14 00:00:00","electronic","exchange",3,"[PREMIUM]","2,4"
"V4KU0MLPL09","2026-08-02 23:56:15.614","2026-08-15 22:48:42.477","V4KU0MLPL09","18377190","[PREMIUM]","[PREMIUM]","[PREMIUM]","328","Section 328","8",4,"['3','4','5','6']","2026-10-14 00:00:00","electronic","exchange",2,"[PREMIUM]","2,4"
"YgJtk647YV6","2026-08-02 23:56:15.614","2026-08-15 22:48:42.477","YgJtk647YV6","18377190","[PREMIUM]","[PREMIUM]","[PREMIUM]","102","Section 102","10",2,"['19','20']","2026-10-12 00:00:00","electronic","exchange",4,"[PREMIUM]","2"
"Zm9hvwg4g6z","2026-08-02 23:56:15.614","2026-08-15 22:48:42.477","Zm9hvwg4g6z","18377190","[PREMIUM]","[PREMIUM]","[PREMIUM]","229","Section 229","2",4,"['3','4','5','6']","2026-10-14 00:00:00","electronic","exchange",1,"[PREMIUM]","2,4"
"dNgUg6vgbZ6","2026-08-02 23:56:15.614","2026-08-15 22:48:42.477","dNgUg6vgbZ6","18377190","[PREMIUM]","[PREMIUM]","[PREMIUM]","219","Section 219","2",2,"[]","2026-10-13 00:00:00","electronic","exchange",5,"[PREMIUM]","2"
"dNgUg6v9vgD","2026-08-02 23:56:15.614","2026-08-02 23:56:15.614","dNgUg6v9vgD","18377190","[PREMIUM]","[PREMIUM]","[PREMIUM]","224","Section 224","4",4,"['1','2','3','4']","2026-10-14 00:00:00","electronic","exchange",2,"[PREMIUM]","2,4"
"jDvsz7alazY","2026-08-02 23:56:15.614","2026-08-15 22:48:42.477","jDvsz7alazY","18377190","[PREMIUM]","[PREMIUM]","[PREMIUM]","120","Section 120","12",4,"['3','4','5','6']","2026-10-14 00:00:00","electronic","exchange",1,"[PREMIUM]","2,4"
"jDvsz7alaEY","2026-08-02 23:56:15.614","2026-08-02 23:56:15.614","jDvsz7alaEY","18377190","[PREMIUM]","[PREMIUM]","[PREMIUM]","309","Section 309","1",2,"['11','12']","2026-10-14 00:00:00","electronic","exchange",2,"[PREMIUM]","2"
"kYet946R69L","2026-08-02 23:56:15.614","2026-08-15 22:48:42.477","kYet946R69L","18377190","[PREMIUM]","[PREMIUM]","[PREMIUM]","209","Section 209","2",2,"['1','2']","2026-10-14 00:00:00","electronic","exchange",0,"[PREMIUM]","2"
"kYet94jmBwB","2026-08-02 23:56:15.614","2026-08-15 22:48:42.477","kYet94jmBwB","18377190","[PREMIUM]","[PREMIUM]","[PREMIUM]","105","Section 105","2",2,"[]","2026-10-13 00:00:00","electronic","exchange",5,"[PREMIUM]","2"
"lxVsdL3M3qJ","2026-08-02 23:56:15.614","2026-08-02 23:56:15.614","lxVsdL3M3qJ","18377190","[PREMIUM]","[PREMIUM]","[PREMIUM]","329","Section 329","9",4,"['13','14','15','16']","2026-10-14 00:00:00","electronic","exchange",3,"[PREMIUM]","2,4"
"mxAs4Ya8a4X","2026-08-02 23:56:15.614","2026-08-15 22:48:42.477","mxAs4Ya8a4X","18377190","[PREMIUM]","[PREMIUM]","[PREMIUM]","325","Section 325","8",4,"['1','2','3','4']","2026-10-14 00:00:00","electronic","exchange",2,"[PREMIUM]","2,4"
"oV7HbEpmpbm","2026-08-02 23:56:15.614","2026-08-13 00:07:27.445","oV7HbEpmpbm","18377190","[PREMIUM]","[PREMIUM]","[PREMIUM]","331","Section 331","3",6,"['3','4','5','6','7','8']","2026-10-14 00:00:00","electronic","exchange",2,"[PREMIUM]","2,4,6"
"qVjH2Vpw0zg","2026-08-02 23:56:15.614","2026-08-15 22:48:42.477","qVjH2Vpw0zg","18377190","[PREMIUM]","[PREMIUM]","[PREMIUM]","317","Section 317","2",2,"['3','4']","2026-10-12 00:00:00","electronic","exchange",5,"[PREMIUM]","2"
"qVjH2Vpdp2K","2026-08-02 23:56:15.614","2026-08-15 22:48:42.477","qVjH2Vpdp2K","18377190","[PREMIUM]","[PREMIUM]","[PREMIUM]","208","Section 208","2",4,"['5','6','7','8']","2026-10-14 00:00:00","electronic","exchange",1,"[PREMIUM]","2,4"
"rVOHkR242k3","2026-08-02 23:56:15.614","2026-08-02 23:56:15.614","rVOHkR242k3","18377190","[PREMIUM]","[PREMIUM]","[PREMIUM]","314","Section 314","2",2,"['9','10']","2026-10-14 00:00:00","electronic","exchange",3,"[PREMIUM]","2"
"vb3iPelvzYN","2026-08-02 23:56:15.614","2026-08-06 22:38:46.706","vb3iPelvzYN","18377190","[PREMIUM]","[PREMIUM]","[PREMIUM]","323","Section 323","17",2,"[]","2026-10-13 00:00:00","electronic","exchange",0,"[PREMIUM]","2"
"vb3iPelplYz","2026-08-02 23:56:15.614","2026-08-02 23:56:15.614","vb3iPelplYz","18377190","[PREMIUM]","[PREMIUM]","[PREMIUM]","329","Section 329","10",7,"['5','6','7','8','9','10','11']","2026-10-14 00:00:00","electronic","exchange",3,"[PREMIUM]","1,2,3,4,5,7"
"vb3iPelplPz","2026-08-02 23:56:15.614","2026-08-15 22:48:42.477","vb3iPelplPz","18377190","[PREMIUM]","[PREMIUM]","[PREMIUM]","114","Section 114","6",2,"['9','10']","2026-10-14 00:00:00","electronic","exchange",1,"[PREMIUM]","2"
"z3Es6qwdwDX","2026-08-02 23:56:15.614","2026-08-15 22:48:42.477","z3Es6qwdwDX","18377190","[PREMIUM]","[PREMIUM]","[PREMIUM]","205","Section 205","3",8,"['5','6','7','8','9','10','11','12']","2026-10-14 00:00:00","electronic","exchange",1,"[PREMIUM]","1,2,3,4,5,6,8"
"4vXcj9KjA0w","2026-08-02 23:56:12.246","2026-08-15 22:56:20.223","4vXcj9KjA0w","18376948","[PREMIUM]","[PREMIUM]","[PREMIUM]","305","Section 305","7",2,"[]","2026-10-20 00:00:00","electronic","exchange",5,"[PREMIUM]","2"
"5EjuZ6L8Ydq","2026-08-02 23:56:12.246","2026-08-15 22:56:20.223","5EjuZ6L8Ydq","18376948","[PREMIUM]","[PREMIUM]","[PREMIUM]","305","Section 305","7",2,"['7','8']","2026-10-18 00:00:00","electronic","exchange",5,"[PREMIUM]","2"
"7KntAlGwzwJ","2026-08-02 23:56:12.246","2026-08-15 22:56:20.223","7KntAlGwzwJ","18376948","[PREMIUM]","[PREMIUM]","[PREMIUM]","120","Section 120","10",1,"['16']","2026-10-18 00:00:00","electronic","exchange",0,"[PREMIUM]","1"
"9P2c5qgd3RL","2026-08-02 23:56:12.246","2026-08-15 22:56:20.223","9P2c5qgd3RL","18376948","[PREMIUM]","[PREMIUM]","[PREMIUM]","303","Section 303","2",2,"[]","2026-10-20 00:00:00","electronic","exchange",0,"[PREMIUM]","2"
"PX0sgLpzYED","2026-08-02 23:56:12.246","2026-08-10 23:21:24.977","PX0sgLpzYED","18376948","[PREMIUM]","[PREMIUM]","[PREMIUM]","322","Section 322","8",2,"[]","2026-10-20 00:00:00","electronic","exchange",1,"[PREMIUM]","2"
"kYet94j7vVY","2026-08-02 23:56:12.246","2026-08-15 22:56:20.223","kYet94j7vVY","18376948","[PREMIUM]","[PREMIUM]","[PREMIUM]","120","Section 120","10",1,"[]","2026-10-20 00:00:00","electronic","exchange",1,"[PREMIUM]","1"
"rVOHkR2JxOz","2026-08-02 23:56:12.246","2026-08-10 23:21:24.977","rVOHkR2JxOz","18376948","[PREMIUM]","[PREMIUM]","[PREMIUM]","322","Section 322","11",1,"[]","2026-10-20 00:00:00","electronic","exchange",0,"[PREMIUM]","1"
"9P2c5qn5g9x","2026-08-02 23:54:51.436","2026-08-15 23:22:55.481","9P2c5qn5g9x","18376864","[PREMIUM]","[PREMIUM]","[PREMIUM]","439","Section 439","d",1,"[]","2026-10-26 00:00:00","electronic","exchange",1,"[PREMIUM]","1"
"GAaI62nxKxL","2026-08-02 23:54:51.436","2026-08-15 23:22:55.481","GAaI62nxKxL","18376864","[PREMIUM]","[PREMIUM]","[PREMIUM]","412","Section 412","m",4,"['1','2','3','4']","2026-10-24 00:00:00","electronic","exchange",1,"[PREMIUM]","2,4"
"O7AhwrJ8eG6","2026-08-02 23:54:51.436","2026-08-02 23:54:51.436","O7AhwrJ8eG6","18376864","[PREMIUM]","[PREMIUM]","[PREMIUM]","436","Section 436","a",2,"['5','6']","2026-10-24 00:00:00","electronic","exchange",2,"[PREMIUM]","2"
"eeacK2ZqPjB","2026-08-02 23:54:51.436","2026-08-15 23:22:55.481","eeacK2ZqPjB","18376864","[PREMIUM]","[PREMIUM]","[PREMIUM]","412","Section 412","m",4,"[]","2026-10-26 00:00:00","electronic","exchange",1,"[PREMIUM]","4"
"vb3iPelYB56","2026-08-02 23:54:51.436","2026-08-15 23:22:55.481","vb3iPelYB56","18376864","[PREMIUM]","[PREMIUM]","[PREMIUM]","439","Section 439","d",1,"['1']","2026-10-24 00:00:00","electronic","exchange",1,"[PREMIUM]","1"
"05VT8KE60dm","2026-08-02 23:54:40.906","2026-08-05 22:40:07.072","05VT8KE60dm","18378420","[PREMIUM]","[PREMIUM]","[PREMIUM]","312","Section 312","l",4,"[]","2026-10-19 00:00:00","electronic","exchange",5,"[PREMIUM]","4"
"2v0cz3xKdVa","2026-08-02 23:54:40.906","2026-08-05 22:40:07.072","2v0cz3xKdVa","18378420","[PREMIUM]","[PREMIUM]","[PREMIUM]","308","Section 308","q",4,"[]","2026-10-19 00:00:00","electronic","exchange",5,"[PREMIUM]","4"
"2v0cz3xK002","2026-08-02 23:54:40.906","2026-08-05 22:40:07.072","2v0cz3xK002","18378420","[PREMIUM]","[PREMIUM]","[PREMIUM]","327","Section 327","p",4,"[]","2026-10-19 00:00:00","electronic","exchange",5,"[PREMIUM]","4"
"4vXcj9KMpYn","2026-08-02 23:54:40.906","2026-08-05 22:40:07.072","4vXcj9KMpYn","18378420","[PREMIUM]","[PREMIUM]","[PREMIUM]","324","Section 324","p",4,"[]","2026-10-19 00:00:00","electronic","exchange",5,"[PREMIUM]","4"
"4vXcj9KMpPA","2026-08-02 23:54:40.906","2026-08-05 22:40:07.072","4vXcj9KMpPA","18378420","[PREMIUM]","[PREMIUM]","[PREMIUM]","120","Section 120","p",2,"[]","2026-10-19 00:00:00","electronic","exchange",5,"[PREMIUM]","2"
"5EjuZ6LM4j8","2026-08-02 23:54:40.906","2026-08-05 22:40:07.072","5EjuZ6LM4j8","18378420","[PREMIUM]","[PREMIUM]","[PREMIUM]","120","Section 120","bb",2,"[]","2026-10-19 00:00:00","electronic","exchange",5,"[PREMIUM]","2"
"8lKt6YMNoLb","2026-08-02 23:54:40.906","2026-08-05 22:40:07.072","8lKt6YMNoLb","18378420","[PREMIUM]","[PREMIUM]","[PREMIUM]","304","Section 304","r",4,"[]","2026-10-19 00:00:00","electronic","exchange",5,"[PREMIUM]","4"
"9P2c5qnRYJX","2026-08-02 23:54:40.906","2026-08-05 22:40:07.072","9P2c5qnRYJX","18378420","[PREMIUM]","[PREMIUM]","[PREMIUM]","124","Section 124","kk",4,"[]","2026-10-19 00:00:00","electronic","exchange",5,"[PREMIUM]","4"
"A6rs27ZXoJ3","2026-08-02 23:54:40.906","2026-08-05 22:40:07.072","A6rs27ZXoJ3","18378420","[PREMIUM]","[PREMIUM]","[PREMIUM]","326","Section 326","l",2,"[]","2026-10-19 00:00:00","electronic","exchange",5,"[PREMIUM]","2"
"A6rs27ZXdBj","2026-08-02 23:54:40.906","2026-08-05 22:40:07.072","A6rs27ZXdBj","18378420","[PREMIUM]","[PREMIUM]","[PREMIUM]","316","Section 316","p",4,"[]","2026-10-19 00:00:00","electronic","exchange",5,"[PREMIUM]","4"
"Kezcz6nj0oY","2026-08-02 23:54:40.906","2026-08-05 22:40:07.072","Kezcz6nj0oY","18378420","[PREMIUM]","[PREMIUM]","[PREMIUM]","113","Section 113","p",4,"[]","2026-10-19 00:00:00","electronic","exchange",5,"[PREMIUM]","4"
"Kezcz6nj097","2026-08-02 23:54:40.906","2026-08-05 22:40:07.072","Kezcz6nj097","18378420","[PREMIUM]","[PREMIUM]","[PREMIUM]","125","Section 125","ff",4,"[]","2026-10-19 00:00:00","electronic","exchange",5,"[PREMIUM]","4"
"LbviLEK0ZNm","2026-08-02 23:54:40.906","2026-08-05 22:40:07.072","LbviLEK0ZNm","18378420","[PREMIUM]","[PREMIUM]","[PREMIUM]","107","Section 107","cc",2,"[]","2026-10-19 00:00:00","electronic","exchange",5,"[PREMIUM]","2"
"LbviLEK0GV0","2026-08-02 23:54:40.906","2026-08-05 22:40:07.072","LbviLEK0GV0","18378420","[PREMIUM]","[PREMIUM]","[PREMIUM]","121","Section 121","gg",4,"[]","2026-10-19 00:00:00","electronic","exchange",5,"[PREMIUM]","4"
"LbviLEK0lJB","2026-08-02 23:54:40.906","2026-08-05 22:40:07.072","LbviLEK0lJB","18378420","[PREMIUM]","[PREMIUM]","[PREMIUM]","112","Section 112","ff",3,"[]","2026-10-19 00:00:00","electronic","exchange",5,"[PREMIUM]","3"
"MAeIPl27Zp0","2026-08-02 23:54:40.906","2026-08-05 22:40:07.072","MAeIPl27Zp0","18378420","[PREMIUM]","[PREMIUM]","[PREMIUM]","320","Section 320","r",3,"[]","2026-10-19 00:00:00","electronic","exchange",5,"[PREMIUM]","3"
"NrqUv43XZRR","2026-08-02 23:54:40.906","2026-08-05 22:40:07.072","NrqUv43XZRR","18378420","[PREMIUM]","[PREMIUM]","[PREMIUM]","107","Section 107","l",2,"[]","2026-10-19 00:00:00","electronic","exchange",5,"[PREMIUM]","2"
"NrqUv43XAMb","2026-08-02 23:54:40.906","2026-08-05 22:40:07.072","NrqUv43XAMb","18378420","[PREMIUM]","[PREMIUM]","[PREMIUM]","306","Section 306","j",4,"[]","2026-10-19 00:00:00","electronic","exchange",5,"[PREMIUM]","4"
"PX0sgLpOzq5","2026-08-02 23:54:40.906","2026-08-05 22:40:07.072","PX0sgLpOzq5","18378420","[PREMIUM]","[PREMIUM]","[PREMIUM]","329","Section 329","n",4,"[]","2026-10-19 00:00:00","electronic","exchange",5,"[PREMIUM]","4"
"V4KU0ML9Zdo","2026-08-02 23:54:40.906","2026-08-05 22:40:07.072","V4KU0ML9Zdo","18378420","[PREMIUM]","[PREMIUM]","[PREMIUM]","325","Section 325","p",4,"[]","2026-10-19 00:00:00","electronic","exchange",5,"[PREMIUM]","4"
"X03tKjwEMOw","2026-08-02 23:54:40.906","2026-08-05 22:40:07.072","X03tKjwEMOw","18378420","[PREMIUM]","[PREMIUM]","[PREMIUM]","105","Section 105","n",2,"[]","2026-10-19 00:00:00","electronic","exchange",5,"[PREMIUM]","2"
"jDvsz7aPABj","2026-08-02 23:54:40.906","2026-08-05 22:40:07.072","jDvsz7aPABj","18378420","[PREMIUM]","[PREMIUM]","[PREMIUM]","117","Section 117","h",3,"[]","2026-10-19 00:00:00","electronic","exchange",5,"[PREMIUM]","3"
"kYet946Pz0z","2026-08-02 23:54:40.906","2026-08-05 22:40:07.072","kYet946Pz0z","18378420","[PREMIUM]","[PREMIUM]","[PREMIUM]","314","Section 314","n",4,"[]","2026-10-19 00:00:00","electronic","exchange",5,"[PREMIUM]","4"
"kYet946Prw5","2026-08-02 23:54:40.906","2026-08-05 22:40:07.072","kYet946Prw5","18378420","[PREMIUM]","[PREMIUM]","[PREMIUM]","111","Section 111","ee",4,"[]","2026-10-19 00:00:00","electronic","exchange",5,"[PREMIUM]","4"
"vb3iPelvrDY","2026-08-02 23:54:40.906","2026-08-05 22:40:07.072","vb3iPelvrDY","18378420","[PREMIUM]","[PREMIUM]","[PREMIUM]","106","Section 106","q",4,"[]","2026-10-19 00:00:00","electronic","exchange",5,"[PREMIUM]","4"
"2v0cz3k7pnb","2026-08-02 23:54:40.350","2026-08-10 23:09:29.891","2v0cz3k7pnb","18377927","[PREMIUM]","[PREMIUM]","[PREMIUM]","328","Section 328","p",2,"['14','15']","2026-10-22 00:00:00","electronic","exchange",4,"[PREMIUM]","2"
"O7AhwrJExl9","2026-08-02 23:54:40.350","2026-08-15 22:57:10.998","O7AhwrJExl9","18377927","[PREMIUM]","[PREMIUM]","[PREMIUM]","307","Section 307","m",4,"[]","2026-10-24 00:00:00","electronic","exchange",1,"[PREMIUM]","2,4"
"ROXHzwElxBE","2026-08-02 23:54:40.350","2026-08-15 22:57:10.998","ROXHzwElxBE","18377927","[PREMIUM]","[PREMIUM]","[PREMIUM]","324","Section 324","h",2,"['9','10']","2026-10-24 00:00:00","electronic","exchange",1,"[PREMIUM]","2"
"nx0srMo0q32","2026-08-02 23:54:40.350","2026-08-05 22:41:59.909","nx0srMo0q32","18377927","[PREMIUM]","[PREMIUM]","[PREMIUM]","124","Section 124","h",2,"[]","2026-10-23 00:00:00","electronic","exchange",1,"[PREMIUM]","2"
"2v0cz3xEqaP","2026-08-02 23:54:32.976","2026-08-15 23:01:35.497","2v0cz3xEqaP","18076651","[PREMIUM]","[PREMIUM]","[PREMIUM]","117","Section 117","1",5,"['9','10','11','12','13']","2026-10-23 00:00:00","electronic","exchange",0,"[PREMIUM]","1,2,3,5"
"3q7fNJrvn9B","2026-08-02 23:54:32.976","2026-08-02 23:54:32.976","3q7fNJrvn9B","18076651","[PREMIUM]","[PREMIUM]","[PREMIUM]","227","Section 227","12",2,"[]","2026-10-24 00:00:00","electronic","exchange",4,"[PREMIUM]","2"
"5EjuZ6Laokl","2026-08-02 23:54:32.976","2026-08-02 23:54:32.976","5EjuZ6Laokl","18076651","[PREMIUM]","[PREMIUM]","[PREMIUM]","123","Section 123","4",4,"[]","2026-10-24 00:00:00","electronic","exchange",4,"[PREMIUM]","4"
"5EjuZ6Rg75M","2026-08-02 23:54:32.976","2026-08-15 23:01:35.497","5EjuZ6Rg75M","18076651","[PREMIUM]","[PREMIUM]","[PREMIUM]","227","Section 227","12",2,"[]","2026-10-23 00:00:00","electronic","exchange",2,"[PREMIUM]","2"
"6mOhkA5BmmV","2026-08-02 23:54:32.976","2026-08-02 23:54:32.976","6mOhkA5BmmV","18076651","[PREMIUM]","[PREMIUM]","[PREMIUM]","129","Section 129","2",4,"[]","2026-10-24 00:00:00","electronic","exchange",2,"[PREMIUM]","4"
"6mOhkA5xoAk","2026-08-02 23:54:32.976","2026-08-04 22:43:07.869","6mOhkA5xoAk","18076651","[PREMIUM]","[PREMIUM]","[PREMIUM]","142","Section 142","3",4,"[]","2026-10-23 00:00:00","electronic","exchange",0,"[PREMIUM]","2,4"
"6mOhkA5rmZV","2026-08-02 23:54:32.976","2026-08-02 23:54:32.976","6mOhkA5rmZV","18076651","[PREMIUM]","[PREMIUM]","[PREMIUM]","117","Section 117","5",3,"[]","2026-10-24 00:00:00","electronic","exchange",5,"[PREMIUM]","3"
"8lKt6YM0LER","2026-08-02 23:54:32.976","2026-08-02 23:54:32.976","8lKt6YM0LER","18076651","[PREMIUM]","[PREMIUM]","[PREMIUM]","124","Section 124","6",3,"[]","2026-10-24 00:00:00","electronic","exchange",3,"[PREMIUM]","3"
"8lKt6YM0XB7","2026-08-02 23:54:32.976","2026-08-02 23:54:32.976","8lKt6YM0XB7","18076651","[PREMIUM]","[PREMIUM]","[PREMIUM]","136","Section 136","5",3,"[]","2026-10-24 00:00:00","electronic","exchange",3,"[PREMIUM]","3"
"8lKt6YM2aYw","2026-08-02 23:54:32.976","2026-08-04 22:43:07.869","8lKt6YM2aYw","18076651","[PREMIUM]","[PREMIUM]","[PREMIUM]","139","Section 139","3",3,"[]","2026-10-23 00:00:00","electronic","exchange",0,"[PREMIUM]","1,3"
"9P2c5qnPMqx","2026-08-02 23:54:32.976","2026-08-05 22:43:57.708","9P2c5qnPMqx","18076651","[PREMIUM]","[PREMIUM]","[PREMIUM]","119","Section 119","2",4,"['9','10','11','12']","2026-10-23 00:00:00","electronic","exchange",0,"[PREMIUM]","1,2,4"
"9P2c5qnPMDz","2026-08-02 23:54:32.976","2026-08-04 22:43:07.869","9P2c5qnPMDz","18076651","[PREMIUM]","[PREMIUM]","[PREMIUM]","139","Section 139","4",3,"[]","2026-10-23 00:00:00","electronic","exchange",0,"[PREMIUM]","1,3"
"EroUXnEBgnj","2026-08-02 23:54:32.976","2026-08-15 23:01:35.497","EroUXnEBgnj","18076651","[PREMIUM]","[PREMIUM]","[PREMIUM]","118","Section 118","1",5,"['13','14','15','16','17']","2026-10-23 00:00:00","electronic","exchange",0,"[PREMIUM]","1,2,3,5"
"EroUXnEBgPM","2026-08-02 23:54:32.976","2026-08-15 23:01:35.497","EroUXnEBgPM","18076651","[PREMIUM]","[PREMIUM]","[PREMIUM]","142","Section 142","3",4,"['4','5','6','7']","2026-10-23 00:00:00","electronic","exchange",0,"[PREMIUM]","1,2,4"
"GAaI627dRoX","2026-08-02 23:54:32.976","2026-08-02 23:54:32.976","GAaI627dRoX","18076651","[PREMIUM]","[PREMIUM]","[PREMIUM]","120","Section 120","3",3,"[]","2026-10-24 00:00:00","electronic","exchange",4,"[PREMIUM]","3"
"JABI39OPg30","2026-08-02 23:54:32.976","2026-08-15 23:01:35.497","JABI39OPg30","18076651","[PREMIUM]","[PREMIUM]","[PREMIUM]","102","Section 102","6",4,"[]","2026-10-23 00:00:00","electronic","exchange",0,"[PREMIUM]","2,4"
"JABI39OoEjN","2026-08-02 23:54:32.976","2026-08-04 22:43:07.869","JABI39OoEjN","18076651","[PREMIUM]","[PREMIUM]","[PREMIUM]","120","Section 120","4",4,"[]","2026-10-23 00:00:00","electronic","exchange",0,"[PREMIUM]","2,4"
"Kezcz6nMNoK","2026-08-02 23:54:32.976","2026-08-02 23:54:32.976","Kezcz6nMNoK","18076651","[PREMIUM]","[PREMIUM]","[PREMIUM]","119","Section 119","2",4,"[]","2026-10-24 00:00:00","electronic","exchange",4,"[PREMIUM]","4"
"LbviLEK05Ng","2026-08-02 23:54:32.976","2026-08-15 23:01:35.497","LbviLEK05Ng","18076651","[PREMIUM]","[PREMIUM]","[PREMIUM]","213","Section 213","6",2,"[]","2026-10-23 00:00:00","electronic","exchange",4,"[PREMIUM]","2"
"LbviLEKlarL","2026-08-02 23:54:32.976","2026-08-02 23:54:32.976","LbviLEKlarL","18076651","[PREMIUM]","[PREMIUM]","[PREMIUM]","142","Section 142","3",4,"[]","2026-10-24 00:00:00","electronic","exchange",4,"[PREMIUM]","4"
"LbviLEKgqLe","2026-08-02 23:54:32.976","2026-08-15 23:01:35.497","LbviLEKgqLe","18076651","[PREMIUM]","[PREMIUM]","[PREMIUM]","102","Section 102","5",3,"['9','10','11']","2026-10-23 00:00:00","electronic","exchange",0,"[PREMIUM]","1,3"
"MAeIPl2GG9q","2026-08-02 23:54:32.976","2026-08-02 23:54:32.976","MAeIPl2GG9q","18076651","[PREMIUM]","[PREMIUM]","[PREMIUM]","213","Section 213","6",2,"[]","2026-10-24 00:00:00","electronic","exchange",5,"[PREMIUM]","2"
"MAeIPl2D3lD","2026-08-02 23:54:32.976","2026-08-15 23:01:35.497","MAeIPl2D3lD","18076651","[PREMIUM]","[PREMIUM]","[PREMIUM]","117","Section 117","1",5,"[]","2026-10-23 00:00:00","electronic","exchange",1,"[PREMIUM]","1,2,3,5"
"MAeIPl2Baxo","2026-08-02 23:54:32.976","2026-08-02 23:54:32.976","MAeIPl2Baxo","18076651","[PREMIUM]","[PREMIUM]","[PREMIUM]","233","Section 233","12",2,"[]","2026-10-24 00:00:00","electronic","exchange",3,"[PREMIUM]","2"
"MAeIPl28ebG","2026-08-02 23:54:32.976","2026-08-15 23:01:35.497","MAeIPl28ebG","18076651","[PREMIUM]","[PREMIUM]","[PREMIUM]","114","Section 114","5",4,"[]","2026-10-23 00:00:00","electronic","exchange",1,"[PREMIUM]","2,4"
"PX0sgLpVdbr","2026-08-02 23:54:32.976","2026-08-15 23:01:35.497","PX0sgLpVdbr","18076651","[PREMIUM]","[PREMIUM]","[PREMIUM]","114","Section 114","3",8,"[]","2026-10-23 00:00:00","electronic","exchange",1,"[PREMIUM]","1,2,3,4,5,6,8"
"X03tKjwPzlq","2026-08-02 23:54:32.976","2026-08-02 23:54:32.976","X03tKjwPzlq","18076651","[PREMIUM]","[PREMIUM]","[PREMIUM]","102","Section 102","5",3,"[]","2026-10-24 00:00:00","electronic","exchange",4,"[PREMIUM]","3"
"YgJtk6ob9q0","2026-08-02 23:54:32.976","2026-08-15 23:01:35.497","YgJtk6ob9q0","18076651","[PREMIUM]","[PREMIUM]","[PREMIUM]","124","Section 124","6",3,"[]","2026-10-23 00:00:00","electronic","exchange",0,"[PREMIUM]","1,3"
"YgJtk6ob9GZ","2026-08-02 23:54:32.976","2026-08-15 23:01:35.497","YgJtk6ob9GZ","18076651","[PREMIUM]","[PREMIUM]","[PREMIUM]","123","Section 123","4",6,"[]","2026-10-23 00:00:00","electronic","exchange",1,"[PREMIUM]","1,2,3,4,6"
"b4wUaG5M92V","2026-08-02 23:54:32.976","2026-08-02 23:54:32.976","b4wUaG5M92V","18076651","[PREMIUM]","[PREMIUM]","[PREMIUM]","120","Section 120","4",4,"[]","2026-10-24 00:00:00","electronic","exchange",4,"[PREMIUM]","4"
"b4wUaG5JOVz","2026-08-02 23:54:32.976","2026-08-02 23:54:32.976","b4wUaG5JOVz","18076651","[PREMIUM]","[PREMIUM]","[PREMIUM]","102","Section 102","6",4,"[]","2026-10-24 00:00:00","electronic","exchange",4,"[PREMIUM]","4"
"dNgUg6veagR","2026-08-02 23:54:32.976","2026-08-15 23:01:35.497","dNgUg6veagR","18076651","[PREMIUM]","[PREMIUM]","[PREMIUM]","102","Section 102","5",3,"[]","2026-10-23 00:00:00","electronic","exchange",0,"[PREMIUM]","1,3"
"eeacK2ZaPzN","2026-08-02 23:54:32.976","2026-08-02 23:54:32.976","eeacK2ZaPzN","18076651","[PREMIUM]","[PREMIUM]","[PREMIUM]","233","Section 233","12",2,"[]","2026-10-24 00:00:00","electronic","exchange",3,"[PREMIUM]","2"
"g48Uro4K6D8","2026-08-02 23:54:32.976","2026-08-02 23:54:32.976","g48Uro4K6D8","18076651","[PREMIUM]","[PREMIUM]","[PREMIUM]","114","Section 114","5",4,"[]","2026-10-24 00:00:00","electronic","exchange",5,"[PREMIUM]","4"
"kYet946bmlX","2026-08-02 23:54:32.976","2026-08-05 22:43:57.708","kYet946bmlX","18076651","[PREMIUM]","[PREMIUM]","[PREMIUM]","120","Section 120","3",3,"[]","2026-10-23 00:00:00","electronic","exchange",0,"[PREMIUM]","1,3"
"kYet946MkLY","2026-08-02 23:54:32.976","2026-08-15 23:01:35.497","kYet946MkLY","18076651","[PREMIUM]","[PREMIUM]","[PREMIUM]","136","Section 136","5",5,"[]","2026-10-23 00:00:00","electronic","exchange",0,"[PREMIUM]","1,2,3,5"
"lxVsdL3bR7P","2026-08-02 23:54:32.976","2026-08-04 22:43:07.869","lxVsdL3bR7P","18076651","[PREMIUM]","[PREMIUM]","[PREMIUM]","117","Section 117","5",3,"[]","2026-10-23 00:00:00","electronic","exchange",1,"[PREMIUM]","1,3"
"oV7HbEpj6gr","2026-08-02 23:54:32.976","2026-08-04 22:43:07.869","oV7HbEpj6gr","18076651","[PREMIUM]","[PREMIUM]","[PREMIUM]","141","Section 141","4",4,"[]","2026-10-23 00:00:00","electronic","exchange",0,"[PREMIUM]","2,4"
"pVXHDEGaKDE","2026-08-02 23:54:32.976","2026-08-15 23:01:35.497","pVXHDEGaKDE","18076651","[PREMIUM]","[PREMIUM]","[PREMIUM]","136","Section 136","5",5,"['1','2','3','4','5']","2026-10-23 00:00:00","electronic","exchange",0,"[PREMIUM]","1,2,3,5"
"pVXHDEGJRxO","2026-08-02 23:54:32.976","2026-08-02 23:54:32.976","pVXHDEGJRxO","18076651","[PREMIUM]","[PREMIUM]","[PREMIUM]","114","Section 114","3",4,"[]","2026-10-24 00:00:00","electronic","exchange",5,"[PREMIUM]","4"
"rVOHkR2aBJn","2026-08-02 23:54:32.976","2026-08-02 23:54:32.976","rVOHkR2aBJn","18076651","[PREMIUM]","[PREMIUM]","[PREMIUM]","139","Section 139","3",3,"[]","2026-10-24 00:00:00","electronic","exchange",4,"[PREMIUM]","3"
"rVOHkR2M0bm","2026-08-02 23:54:32.976","2026-08-02 23:54:32.976","rVOHkR2M0bm","18076651","[PREMIUM]","[PREMIUM]","[PREMIUM]","101","Section 101","5",2,"[]","2026-10-24 00:00:00","electronic","exchange",4,"[PREMIUM]","2"
"rVOHkR2KpRX","2026-08-02 23:54:32.976","2026-08-04 22:43:07.869","rVOHkR2KpRX","18076651","[PREMIUM]","[PREMIUM]","[PREMIUM]","118","Section 118","1",5,"[]","2026-10-23 00:00:00","electronic","exchange",1,"[PREMIUM]","1,2,3,5"
"vb3iPeld8n8","2026-08-02 23:54:32.976","2026-08-02 23:54:32.976","vb3iPeld8n8","18076651","[PREMIUM]","[PREMIUM]","[PREMIUM]","141","Section 141","4",4,"[]","2026-10-24 00:00:00","electronic","exchange",4,"[PREMIUM]","4"
"w3Jsed068dg","2026-08-02 23:54:32.976","2026-08-05 22:43:57.708","w3Jsed068dg","18076651","[PREMIUM]","[PREMIUM]","[PREMIUM]","119","Section 119","2",4,"[]","2026-10-23 00:00:00","electronic","exchange",0,"[PREMIUM]","2,4"
"w3Jsed068n7","2026-08-02 23:54:32.976","2026-08-04 22:43:07.869","w3Jsed068n7","18076651","[PREMIUM]","[PREMIUM]","[PREMIUM]","139","Section 139","3",3,"['4','5','6']","2026-10-23 00:00:00","electronic","exchange",0,"[PREMIUM]","1,3"
"w3Jsed0x6bZ","2026-08-02 23:54:32.976","2026-08-02 23:54:32.976","w3Jsed0x6bZ","18076651","[PREMIUM]","[PREMIUM]","[PREMIUM]","139","Section 139","4",3,"[]","2026-10-24 00:00:00","electronic","exchange",4,"[PREMIUM]","3"
"z3Es6qw9R42","2026-08-02 23:54:32.976","2026-08-15 23:01:35.497","z3Es6qw9R42","18076651","[PREMIUM]","[PREMIUM]","[PREMIUM]","114","Section 114","3",8,"['1','2','3','4','5','6','7','8']","2026-10-23 00:00:00","electronic","exchange",0,"[PREMIUM]","1,2,3,4,5,6,8"
"4vXcj9K57Lk","2026-08-02 23:54:26.513","2026-08-15 22:57:04.798","4vXcj9K57Lk","18378501","[PREMIUM]","[PREMIUM]","[PREMIUM]","LOGE10","Section Loge 10","8",2,"['14','15']","2026-10-21 00:00:00","electronic","exchange",2,"[PREMIUM]","2"
"4vXcj9KjE5G","2026-08-02 23:54:26.513","2026-08-08 00:07:29.021","4vXcj9KjE5G","18378501","[PREMIUM]","[PREMIUM]","[PREMIUM]","LOGE16","Section Loge 16","26",7,"['13','14','15','16','17','18','19']","2026-07-24 00:00:00","electronic","exchange",1,"[PREMIUM]","1,2,3,4,5,7"
"JABI39Ow27m","2026-08-02 23:54:26.513","2026-08-15 22:57:04.798","JABI39Ow27m","18378501","[PREMIUM]","[PREMIUM]","[PREMIUM]","BAL328","Balcony 328","8",2,"['5','6']","2026-10-21 00:00:00","electronic","exchange",2,"[PREMIUM]","2"
"YgJtk64znVO","2026-08-02 23:54:26.513","2026-08-06 22:42:37.562","YgJtk64znVO","18378501","[PREMIUM]","[PREMIUM]","[PREMIUM]","BAL322","Balcony 322","8",2,"[]","2026-10-22 00:00:00","electronic","exchange",2,"[PREMIUM]","2"
"eeacK2kmKp3","2026-08-02 23:54:26.513","2026-08-15 22:57:04.798","eeacK2kmKp3","18378501","[PREMIUM]","[PREMIUM]","[PREMIUM]","LOGE18","Section Loge 18","13",2,"['23','24']","2026-10-21 00:00:00","electronic","exchange",3,"[PREMIUM]","2"
"g48Uro42qw3","2026-08-02 23:54:26.513","2026-08-03 23:35:16.300","g48Uro42qw3","18378501","[PREMIUM]","[PREMIUM]","[PREMIUM]","BAL328","Balcony 328","8",2,"[]","2026-10-22 00:00:00","electronic","exchange",1,"[PREMIUM]","2"
"g48UroDmKDd","2026-08-02 23:54:26.513","2026-08-08 00:07:29.021","g48UroDmKDd","18378501","[PREMIUM]","[PREMIUM]","[PREMIUM]","BAL315","Balcony 315","9",2,"['11','12']","2026-10-22 00:00:00","electronic","exchange",1,"[PREMIUM]","2"
"pVXHDEGak6j","2026-08-02 23:54:26.513","2026-08-04 22:43:06.040","pVXHDEGak6j","18378501","[PREMIUM]","[PREMIUM]","[PREMIUM]","BAL322","Balcony 322","11",4,"[]","2026-10-23 00:00:00","electronic","exchange",0,"[PREMIUM]","1,2,4"
"w3Jsed0gjv7","2026-08-02 23:54:26.513","2026-08-15 22:57:04.798","w3Jsed0gjv7","18378501","[PREMIUM]","[PREMIUM]","[PREMIUM]","LOGE10","Section Loge 10","8",2,"[]","2026-10-22 00:00:00","electronic","exchange",2,"[PREMIUM]","2"
"z3Es6qEx226","2026-08-02 23:54:26.513","2026-08-02 23:54:26.513","z3Es6qEx226","18378501","[PREMIUM]","[PREMIUM]","[PREMIUM]","BAL322","Balcony 322","8",2,"['20','21']","2026-10-21 00:00:00","electronic","exchange",2,"[PREMIUM]","2"
"z3Es6qwXzJp","2026-08-02 23:54:26.513","2026-08-15 22:57:04.798","z3Es6qwXzJp","18378501","[PREMIUM]","[PREMIUM]","[PREMIUM]","LOGE3","Section Loge 3","5",6,"['5','6','7','8','9','10']","2026-07-24 00:00:00","electronic","exchange",0,"[PREMIUM]","2,4,6"
"3q7fNJrE0j5","2026-08-02 23:54:23.110","2026-08-15 22:57:04.651","3q7fNJrE0j5","18378009","[PREMIUM]","[PREMIUM]","[PREMIUM]","116","Section 116","j",4,"['1','2','3','4']","2026-07-17 00:00:00","electronic","exchange",0,"[PREMIUM]","1,2,4"
"Zm9hvwgkMq3","2026-08-02 23:54:23.110","2026-08-15 22:57:04.651","Zm9hvwgkMq3","18378009","[PREMIUM]","[PREMIUM]","[PREMIUM]","116","Section 116","s",2,"['19','20']","2026-10-23 00:00:00","electronic","exchange",0,"[PREMIUM]","2"
"05VT8KEvg4j","2026-08-02 23:54:12.476","2026-08-02 23:54:12.476","05VT8KEvg4j","18378413","[PREMIUM]","[PREMIUM]","[PREMIUM]","318","Section 318","q",2,"[]","2026-10-23 00:00:00","electronic","exchange",5,"[PREMIUM]","2"
"05VT8KEveGX","2026-08-02 23:54:12.476","2026-08-02 23:54:12.476","05VT8KEveGX","18378413","[PREMIUM]","[PREMIUM]","[PREMIUM]","126","Section 126","p",3,"[]","2026-10-23 00:00:00","electronic","exchange",5,"[PREMIUM]","3"
"05VT8KEv8AL","2026-08-02 23:54:12.476","2026-08-02 23:54:12.476","05VT8KEv8AL","18378413","[PREMIUM]","[PREMIUM]","[PREMIUM]","310","Section 310","p",4,"[]","2026-10-23 00:00:00","electronic","exchange",5,"[PREMIUM]","4"
"2v0cz3x7l3a","2026-08-02 23:54:12.476","2026-08-02 23:54:12.476","2v0cz3x7l3a","18378413","[PREMIUM]","[PREMIUM]","[PREMIUM]","111","Section 111","jj",2,"[]","2026-10-23 00:00:00","electronic","exchange",5,"[PREMIUM]","2"
"2v0cz3x7YRR","2026-08-02 23:54:12.476","2026-08-02 23:54:12.476","2v0cz3x7YRR","18378413","[PREMIUM]","[PREMIUM]","[PREMIUM]","311","Section 311","h",4,"[]","2026-10-23 00:00:00","electronic","exchange",5,"[PREMIUM]","4"
"3q7fNJrZvdg","2026-08-02 23:54:12.476","2026-08-02 23:54:12.476","3q7fNJrZvdg","18378413","[PREMIUM]","[PREMIUM]","[PREMIUM]","109","Section 109","l",4,"[]","2026-10-23 00:00:00","electronic","exchange",5,"[PREMIUM]","4"
"3q7fNJrZnkg","2026-08-02 23:54:12.476","2026-08-02 23:54:12.476","3q7fNJrZnkg","18378413","[PREMIUM]","[PREMIUM]","[PREMIUM]","110","Section 110","m",3,"[]","2026-10-23 00:00:00","electronic","exchange",5,"[PREMIUM]","3"
"3q7fNJrZnRr","2026-08-02 23:54:12.476","2026-08-02 23:54:12.476","3q7fNJrZnRr","18378413","[PREMIUM]","[PREMIUM]","[PREMIUM]","121","Section 121","ff",4,"[]","2026-10-23 00:00:00","electronic","exchange",5,"[PREMIUM]","4"
"3q7fNJrVl9a","2026-08-02 23:54:12.476","2026-08-02 23:54:12.476","3q7fNJrVl9a","18378413","[PREMIUM]","[PREMIUM]","[PREMIUM]","113","Section 113","p",4,"[]","2026-10-23 00:00:00","electronic","exchange",5,"[PREMIUM]","4"
"4vXcj9KgOdw","2026-08-02 23:54:12.476","2026-08-02 23:54:12.476","4vXcj9KgOdw","18378413","[PREMIUM]","[PREMIUM]","[PREMIUM]","106","Section 106","h",4,"[]","2026-10-23 00:00:00","electronic","exchange",5,"[PREMIUM]","4"
"4vXcj9KPDrG","2026-08-02 23:54:12.476","2026-08-02 23:54:12.476","4vXcj9KPDrG","18378413","[PREMIUM]","[PREMIUM]","[PREMIUM]","120","Section 120","p",2,"[]","2026-10-23 00:00:00","electronic","exchange",5,"[PREMIUM]","2"
"5EjuZ6L9GJp","2026-08-02 23:54:12.476","2026-08-15 22:56:59.054","5EjuZ6L9GJp","18378413","[PREMIUM]","[PREMIUM]","[PREMIUM]","329","Section 329","n",4,"['1','2','3','4']","2026-10-22 00:00:00","electronic","exchange",0,"[PREMIUM]","2,4"
"7KntAl6PA00","2026-08-02 23:54:12.476","2026-08-02 23:54:12.476","7KntAl6PA00","18378413","[PREMIUM]","[PREMIUM]","[PREMIUM]","312","Section 312","l",4,"[]","2026-10-23 00:00:00","electronic","exchange",5,"[PREMIUM]","4"
"8lKt6YMm4Mo","2026-08-02 23:54:12.476","2026-08-02 23:54:12.476","8lKt6YMm4Mo","18378413","[PREMIUM]","[PREMIUM]","[PREMIUM]","126","Section 126","gg",3,"[]","2026-10-23 00:00:00","electronic","exchange",5,"[PREMIUM]","3"
"9P2c5qnBw8b","2026-08-02 23:54:12.476","2026-08-02 23:54:12.476","9P2c5qnBw8b","18378413","[PREMIUM]","[PREMIUM]","[PREMIUM]","312","Section 312","l",4,"[]","2026-10-23 00:00:00","electronic","exchange",5,"[PREMIUM]","4"
"9P2c5qnBrYX","2026-08-02 23:54:12.476","2026-08-02 23:54:12.476","9P2c5qnBrYX","18378413","[PREMIUM]","[PREMIUM]","[PREMIUM]","326","Section 326","l",2,"[]","2026-10-23 00:00:00","electronic","exchange",5,"[PREMIUM]","2"
"9P2c5qn75kn","2026-08-02 23:54:12.476","2026-08-02 23:54:12.476","9P2c5qn75kn","18378413","[PREMIUM]","[PREMIUM]","[PREMIUM]","108","Section 108","gg",4,"[]","2026-10-23 00:00:00","electronic","exchange",5,"[PREMIUM]","4"
"BALImX3nand","2026-08-02 23:54:12.476","2026-08-02 23:54:12.476","BALImX3nand","18378413","[PREMIUM]","[PREMIUM]","[PREMIUM]","323","Section 323","n",2,"[]","2026-10-23 00:00:00","electronic","exchange",5,"[PREMIUM]","2"
"EroUXnERjVa","2026-08-02 23:54:12.476","2026-08-02 23:54:12.476","EroUXnERjVa","18378413","[PREMIUM]","[PREMIUM]","[PREMIUM]","113","Section 113","j",4,"[]","2026-10-23 00:00:00","electronic","exchange",5,"[PREMIUM]","4"
"EroUXnE3VLX","2026-08-02 23:54:12.476","2026-08-02 23:54:12.476","EroUXnE3VLX","18378413","[PREMIUM]","[PREMIUM]","[PREMIUM]","107","Section 107","cc",2,"[]","2026-10-23 00:00:00","electronic","exchange",5,"[PREMIUM]","2"
"GAaI627RXGR","2026-08-02 23:54:12.476","2026-08-02 23:54:12.476","GAaI627RXGR","18378413","[PREMIUM]","[PREMIUM]","[PREMIUM]","124","Section 124","hh",2,"[]","2026-10-23 00:00:00","electronic","exchange",4,"[PREMIUM]","2"
"JABI39OblD4","2026-08-02 23:54:12.476","2026-08-02 23:54:12.476","JABI39OblD4","18378413","[PREMIUM]","[PREMIUM]","[PREMIUM]","105","Section 105","h",3,"[]","2026-10-23 00:00:00","electronic","exchange",5,"[PREMIUM]","3"
"JABI39Ov6R6","2026-08-02 23:54:12.476","2026-08-02 23:54:12.476","JABI39Ov6R6","18378413","[PREMIUM]","[PREMIUM]","[PREMIUM]","304","Section 304","r",4,"[]","2026-10-23 00:00:00","electronic","exchange",5,"[PREMIUM]","4"
"JABI39Ovrl9","2026-08-02 23:54:12.476","2026-08-02 23:54:12.476","JABI39Ovrl9","18378413","[PREMIUM]","[PREMIUM]","[PREMIUM]","314","Section 314","n",4,"[]","2026-10-23 00:00:00","electronic","exchange",5,"[PREMIUM]","4"
"Kezcz6nvJRq","2026-08-02 23:54:12.476","2026-08-02 23:54:12.476","Kezcz6nvJRq","18378413","[PREMIUM]","[PREMIUM]","[PREMIUM]","112","Section 112","ff",3,"[]","2026-10-23 00:00:00","electronic","exchange",5,"[PREMIUM]","3"
"LbviLEKRXXv","2026-08-02 23:54:12.476","2026-08-02 23:54:12.476","LbviLEKRXXv","18378413","[PREMIUM]","[PREMIUM]","[PREMIUM]","125","Section 125","ff",4,"[]","2026-10-23 00:00:00","electronic","exchange",5,"[PREMIUM]","4"
"MAeIPl2A4ro","2026-08-02 23:54:12.476","2026-08-02 23:54:12.476","MAeIPl2A4ro","18378413","[PREMIUM]","[PREMIUM]","[PREMIUM]","330","Section 330","p",4,"[]","2026-10-23 00:00:00","electronic","exchange",5,"[PREMIUM]","4"
"MAeIPl2pBPq","2026-08-02 23:54:12.476","2026-08-02 23:54:12.476","MAeIPl2pBPq","18378413","[PREMIUM]","[PREMIUM]","[PREMIUM]","114","Section 114","g",4,"[]","2026-10-23 00:00:00","electronic","exchange",5,"[PREMIUM]","4"
"MAeIPl2pj5A","2026-08-02 23:54:12.476","2026-08-02 23:54:12.476","MAeIPl2pj5A","18378413","[PREMIUM]","[PREMIUM]","[PREMIUM]","324","Section 324","h",4,"[]","2026-10-23 00:00:00","electronic","exchange",5,"[PREMIUM]","4"
"MAeIPl2pjDz","2026-08-02 23:54:12.476","2026-08-02 23:54:12.476","MAeIPl2pjDz","18378413","[PREMIUM]","[PREMIUM]","[PREMIUM]","315","Section 315","m",4,"[]","2026-10-23 00:00:00","electronic","exchange",5,"[PREMIUM]","4"
"NrqUv43RkgY","2026-08-02 23:54:12.476","2026-08-02 23:54:12.476","NrqUv43RkgY","18378413","[PREMIUM]","[PREMIUM]","[PREMIUM]","323","Section 323","n",4,"[]","2026-10-23 00:00:00","electronic","exchange",5,"[PREMIUM]","4"
"ROXHzwEqbBd","2026-08-02 23:54:12.476","2026-08-02 23:54:12.476","ROXHzwEqbBd","18378413","[PREMIUM]","[PREMIUM]","[PREMIUM]","105","Section 105","w",3,"[]","2026-10-23 00:00:00","electronic","exchange",5,"[PREMIUM]","3"
"ROXHzwErzeB","2026-08-02 23:54:12.476","2026-08-02 23:54:12.476","ROXHzwErzeB","18378413","[PREMIUM]","[PREMIUM]","[PREMIUM]","117","Section 117","f",4,"[]","2026-10-23 00:00:00","electronic","exchange",4,"[PREMIUM]","4"
"ROXHzwErRp2","2026-08-02 23:54:12.476","2026-08-02 23:54:12.476","ROXHzwErRp2","18378413","[PREMIUM]","[PREMIUM]","[PREMIUM]","303","Section 303","r",2,"[]","2026-10-23 00:00:00","electronic","exchange",5,"[PREMIUM]","2"
"X03tKjwr6LB","2026-08-02 23:54:12.476","2026-08-02 23:54:12.476","X03tKjwr6LB","18378413","[PREMIUM]","[PREMIUM]","[PREMIUM]","112","Section 112","j",4,"[]","2026-10-23 00:00:00","electronic","exchange",5,"[PREMIUM]","4"
"YgJtk6oz83p","2026-08-02 23:54:12.476","2026-08-02 23:54:12.476","YgJtk6oz83p","18378413","[PREMIUM]","[PREMIUM]","[PREMIUM]","116","Section 116","g",2,"[]","2026-10-23 00:00:00","electronic","exchange",4,"[PREMIUM]","2"
"YgJtk6omLp5","2026-08-02 23:54:12.476","2026-08-02 23:54:12.476","YgJtk6omLp5","18378413","[PREMIUM]","[PREMIUM]","[PREMIUM]","325","Section 325","p",4,"[]","2026-10-23 00:00:00","electronic","exchange",5,"[PREMIUM]","4"
"Zm9hvwbD6la","2026-08-02 23:54:12.476","2026-08-15 22:56:59.054","Zm9hvwbD6la","18378413","[PREMIUM]","[PREMIUM]","[PREMIUM]","311","Section 311","h",4,"['3','4','5','6']","2026-10-22 00:00:00","electronic","exchange",1,"[PREMIUM]","2,4"
"agktlDPrZll","2026-08-02 23:54:12.476","2026-08-02 23:54:12.476","agktlDPrZll","18378413","[PREMIUM]","[PREMIUM]","[PREMIUM]","321","Section 321","l",4,"[]","2026-10-23 00:00:00","electronic","exchange",5,"[PREMIUM]","4"
"agktlDPr6KN","2026-08-02 23:54:12.476","2026-08-02 23:54:12.476","agktlDPr6KN","18378413","[PREMIUM]","[PREMIUM]","[PREMIUM]","329","Section 329","m",2,"[]","2026-10-23 00:00:00","electronic","exchange",5,"[PREMIUM]","2"
"agktlDPBXDm","2026-08-02 23:54:12.476","2026-08-02 23:54:12.476","agktlDPBXDm","18378413","[PREMIUM]","[PREMIUM]","[PREMIUM]","327","Section 327","n",4,"[]","2026-10-23 00:00:00","electronic","exchange",5,"[PREMIUM]","4"
"b4wUaG5eBPB","2026-08-02 23:54:12.476","2026-08-02 23:54:12.476","b4wUaG5eBPB","18378413","[PREMIUM]","[PREMIUM]","[PREMIUM]","116T","116 Terrace","ff",4,"[]","2026-10-23 00:00:00","electronic","exchange",2,"[PREMIUM]","4"
"b4wUaG5LnlY","2026-08-02 23:54:12.476","2026-08-02 23:54:12.476","b4wUaG5LnlY","18378413","[PREMIUM]","[PREMIUM]","[PREMIUM]","309","Section 309","l",4,"[]","2026-10-23 00:00:00","electronic","exchange",5,"[PREMIUM]","4"
"eeacK2kgqqx","2026-08-02 23:54:12.476","2026-08-02 23:54:12.476","eeacK2kgqqx","18378413","[PREMIUM]","[PREMIUM]","[PREMIUM]","308","Section 308","q",4,"[]","2026-10-23 00:00:00","electronic","exchange",5,"[PREMIUM]","4"
"eeacK2kM64d","2026-08-02 23:54:12.476","2026-08-02 23:54:12.476","eeacK2kM64d","18378413","[PREMIUM]","[PREMIUM]","[PREMIUM]","325","Section 325","k",4,"[]","2026-10-23 00:00:00","electronic","exchange",5,"[PREMIUM]","4"
"g48Uro4p2DN","2026-08-02 23:54:12.476","2026-08-02 23:54:12.476","g48Uro4p2DN","18378413","[PREMIUM]","[PREMIUM]","[PREMIUM]","329","Section 329","q",2,"[]","2026-10-23 00:00:00","electronic","exchange",3,"[PREMIUM]","2"
"jDvsz7apmK5","2026-08-02 23:54:12.476","2026-08-02 23:54:12.476","jDvsz7apmK5","18378413","[PREMIUM]","[PREMIUM]","[PREMIUM]","120","Section 120","bb",2,"[]","2026-10-23 00:00:00","electronic","exchange",5,"[PREMIUM]","2"
"kYet946pYKl","2026-08-02 23:54:12.476","2026-08-02 23:54:12.476","kYet946pYKl","18378413","[PREMIUM]","[PREMIUM]","[PREMIUM]","111","Section 111","ee",4,"[]","2026-10-23 00:00:00","electronic","exchange",5,"[PREMIUM]","4"
"lxVsdL3gJDO","2026-08-02 23:54:12.476","2026-08-02 23:54:12.476","lxVsdL3gJDO","18378413","[PREMIUM]","[PREMIUM]","[PREMIUM]","316","Section 316","p",4,"[]","2026-10-23 00:00:00","electronic","exchange",5,"[PREMIUM]","4"
"lxVsdL3OmZL","2026-08-02 23:54:12.476","2026-08-02 23:54:12.476","lxVsdL3OmZL","18378413","[PREMIUM]","[PREMIUM]","[PREMIUM]","119T","119 Terrace","dd",4,"[]","2026-10-23 00:00:00","electronic","exchange",2,"[PREMIUM]","4"
"lxVsdL3Om6A","2026-08-02 23:54:12.476","2026-08-02 23:54:12.476","lxVsdL3Om6A","18378413","[PREMIUM]","[PREMIUM]","[PREMIUM]","308","Section 308","r",2,"[]","2026-10-23 00:00:00","electronic","exchange",5,"[PREMIUM]","2"
"lxVsdL3Oa56","2026-08-02 23:54:12.476","2026-08-02 23:54:12.476","lxVsdL3Oa56","18378413","[PREMIUM]","[PREMIUM]","[PREMIUM]","120","Section 120","j",4,"[]","2026-10-23 00:00:00","electronic","exchange",5,"[PREMIUM]","4"
"mxAs4Yanpgz","2026-08-02 23:54:12.476","2026-08-02 23:54:12.476","mxAs4Yanpgz","18378413","[PREMIUM]","[PREMIUM]","[PREMIUM]","107","Section 107","e",3,"[]","2026-10-23 00:00:00","electronic","exchange",5,"[PREMIUM]","3"
"nx0srMoqjKO","2026-08-02 23:54:12.476","2026-08-02 23:54:12.476","nx0srMoqjKO","18378413","[PREMIUM]","[PREMIUM]","[PREMIUM]","314","Section 314","j",4,"[]","2026-10-23 00:00:00","electronic","exchange",4,"[PREMIUM]","4"
"nx0srMoqdMD","2026-08-02 23:54:12.476","2026-08-02 23:54:12.476","nx0srMoqdMD","18378413","[PREMIUM]","[PREMIUM]","[PREMIUM]","308","Section 308","p",2,"[]","2026-10-23 00:00:00","electronic","exchange",5,"[PREMIUM]","2"
"oV7HbEpBm82","2026-08-02 23:54:12.476","2026-08-02 23:54:12.476","oV7HbEpBm82","18378413","[PREMIUM]","[PREMIUM]","[PREMIUM]","319","Section 319","n",4,"[]","2026-10-23 00:00:00","electronic","exchange",5,"[PREMIUM]","4"
"oV7HbEpovXM","2026-08-02 23:54:12.476","2026-08-02 23:54:12.476","oV7HbEpovXM","18378413","[PREMIUM]","[PREMIUM]","[PREMIUM]","327","Section 327","p",4,"[]","2026-10-23 00:00:00","electronic","exchange",5,"[PREMIUM]","4"
"pVXHDEGo9Md","2026-08-02 23:54:12.476","2026-08-02 23:54:12.476","pVXHDEGo9Md","18378413","[PREMIUM]","[PREMIUM]","[PREMIUM]","306","Section 306","j",4,"[]","2026-10-23 00:00:00","electronic","exchange",5,"[PREMIUM]","4"
"pVXHDEG3DPe","2026-08-02 23:54:12.476","2026-08-02 23:54:12.476","pVXHDEG3DPe","18378413","[PREMIUM]","[PREMIUM]","[PREMIUM]","329","Section 329","n",2,"[]","2026-10-23 00:00:00","electronic","exchange",5,"[PREMIUM]","2"
"pVXHDEG36La","2026-08-02 23:54:12.476","2026-08-02 23:54:12.476","pVXHDEG36La","18378413","[PREMIUM]","[PREMIUM]","[PREMIUM]","115","Section 115","e",4,"[]","2026-10-23 00:00:00","electronic","exchange",4,"[PREMIUM]","4"
"rVOHkR2B8VK","2026-08-02 23:54:12.476","2026-08-02 23:54:12.476","rVOHkR2B8VK","18378413","[PREMIUM]","[PREMIUM]","[PREMIUM]","307","Section 307","r",2,"[]","2026-10-23 00:00:00","electronic","exchange",4,"[PREMIUM]","2"
"rVOHkR2B39N","2026-08-02 23:54:12.476","2026-08-02 23:54:12.476","rVOHkR2B39N","18378413","[PREMIUM]","[PREMIUM]","[PREMIUM]","111","Section 111","ee",2,"[]","2026-10-23 00:00:00","electronic","exchange",5,"[PREMIUM]","2"
"rVOHkR2oVGM","2026-08-02 23:54:12.476","2026-08-02 23:54:12.476","rVOHkR2oVGM","18378413","[PREMIUM]","[PREMIUM]","[PREMIUM]","311","Section 311","n",4,"[]","2026-10-23 00:00:00","electronic","exchange",5,"[PREMIUM]","4"
"rVOHkR2oVNg","2026-08-02 23:54:12.476","2026-08-02 23:54:12.476","rVOHkR2oVNg","18378413","[PREMIUM]","[PREMIUM]","[PREMIUM]","107","Section 107","l",2,"[]","2026-10-23 00:00:00","electronic","exchange",5,"[PREMIUM]","2"
"rVOHkR2oVe2","2026-08-02 23:54:12.476","2026-08-02 23:54:12.476","rVOHkR2oVe2","18378413","[PREMIUM]","[PREMIUM]","[PREMIUM]","320","Section 320","r",4,"[]","2026-10-23 00:00:00","electronic","exchange",5,"[PREMIUM]","4"
"rVOHkR2od53","2026-08-02 23:54:12.476","2026-08-02 23:54:12.476","rVOHkR2od53","18378413","[PREMIUM]","[PREMIUM]","[PREMIUM]","324","Section 324","j",3,"[]","2026-10-23 00:00:00","electronic","exchange",5,"[PREMIUM]","3"
"vb3iPelBpq8","2026-08-02 23:54:12.476","2026-08-02 23:54:12.476","vb3iPelBpq8","18378413","[PREMIUM]","[PREMIUM]","[PREMIUM]","306","Section 306","h",2,"[]","2026-10-23 00:00:00","electronic","exchange",5,"[PREMIUM]","2"
"w3Jsed0movR","2026-08-02 23:54:12.476","2026-08-02 23:54:12.476","w3Jsed0movR","18378413","[PREMIUM]","[PREMIUM]","[PREMIUM]","320","Section 320","q",4,"[]","2026-10-23 00:00:00","electronic","exchange",5,"[PREMIUM]","4"
"w3Jsed0moZP","2026-08-02 23:54:12.476","2026-08-02 23:54:12.476","w3Jsed0moZP","18378413","[PREMIUM]","[PREMIUM]","[PREMIUM]","304","Section 304","e",4,"[]","2026-10-23 00:00:00","electronic","exchange",5,"[PREMIUM]","4"
"w3Jsed0meP5","2026-08-02 23:54:12.476","2026-08-02 23:54:12.476","w3Jsed0meP5","18378413","[PREMIUM]","[PREMIUM]","[PREMIUM]","326","Section 326","l",4,"[]","2026-10-23 00:00:00","electronic","exchange",5,"[PREMIUM]","4"
"w3Jsed0mDw6","2026-08-02 23:54:12.476","2026-08-02 23:54:12.476","w3Jsed0mDw6","18378413","[PREMIUM]","[PREMIUM]","[PREMIUM]","321","Section 321","l",4,"[]","2026-10-23 00:00:00","electronic","exchange",5,"[PREMIUM]","4"
"w3Jsed0lZZ0","2026-08-02 23:54:12.476","2026-08-02 23:54:12.476","w3Jsed0lZZ0","18378413","[PREMIUM]","[PREMIUM]","[PREMIUM]","106","Section 106","w",2,"[]","2026-10-23 00:00:00","electronic","exchange",5,"[PREMIUM]","2"
"xb9imB2KRnv","2026-08-02 23:54:12.476","2026-08-02 23:54:12.476","xb9imB2KRnv","18378413","[PREMIUM]","[PREMIUM]","[PREMIUM]","126C","126 Club","bb",4,"[]","2026-10-23 00:00:00","electronic","exchange",4,"[PREMIUM]","4"
"xb9imB2KRrk","2026-08-02 23:54:12.476","2026-08-02 23:54:12.476","xb9imB2KRrk","18378413","[PREMIUM]","[PREMIUM]","[PREMIUM]","334","Section 334","p",4,"[]","2026-10-23 00:00:00","electronic","exchange",5,"[PREMIUM]","4"
"z3Es6qwxDp6","2026-08-02 23:54:12.476","2026-08-02 23:54:12.476","z3Es6qwxDp6","18378413","[PREMIUM]","[PREMIUM]","[PREMIUM]","316","Section 316","n",4,"[]","2026-10-23 00:00:00","electronic","exchange",5,"[PREMIUM]","4"
"z3Es6qwxDGm","2026-08-02 23:54:12.476","2026-08-02 23:54:12.476","z3Es6qwxDGm","18378413","[PREMIUM]","[PREMIUM]","[PREMIUM]","330","Section 330","n",4,"[]","2026-10-23 00:00:00","electronic","exchange",5,"[PREMIUM]","4"
"z3Es6qwx6zJ","2026-08-02 23:54:12.476","2026-08-02 23:54:12.476","z3Es6qwx6zJ","18378413","[PREMIUM]","[PREMIUM]","[PREMIUM]","331","Section 331","k",4,"[]","2026-10-23 00:00:00","electronic","exchange",5,"[PREMIUM]","4"
"05VT8Km6lm3","2026-08-02 23:54:10.037","2026-08-02 23:54:10.037","05VT8Km6lm3","18377771","[PREMIUM]","[PREMIUM]","[PREMIUM]","112","Section 112","3",4,"[]","2026-10-23 00:00:00","electronic","exchange",5,"[PREMIUM]","4"
"2v0cz3xE8Gk","2026-08-02 23:54:10.037","2026-08-02 23:54:10.037","2v0cz3xE8Gk","18377771","[PREMIUM]","[PREMIUM]","[PREMIUM]","14","Section 14","15",4,"[]","2026-10-23 00:00:00","electronic","exchange",5,"[PREMIUM]","4"
"6mOhkADVdgN","2026-08-02 23:54:10.037","2026-08-02 23:54:10.037","6mOhkADVdgN","18377771","[PREMIUM]","[PREMIUM]","[PREMIUM]","RST2","Restaurant Ledge 2","b",2,"[]","2026-10-23 00:00:00","electronic","exchange",5,"[PREMIUM]","2"
"9P2c5qgRx86","2026-08-02 23:54:10.037","2026-08-02 23:54:10.037","9P2c5qgRx86","18377771","[PREMIUM]","[PREMIUM]","[PREMIUM]","7","Section 7","10",4,"[]","2026-10-23 00:00:00","electronic","exchange",5,"[PREMIUM]","4"
"LbviLEJ0nMA","2026-08-02 23:54:10.037","2026-08-02 23:54:10.037","LbviLEJ0nMA","18377771","[PREMIUM]","[PREMIUM]","[PREMIUM]","11","Section 11","19",2,"[]","2026-10-23 00:00:00","electronic","exchange",5,"[PREMIUM]","2"
"LbviLEKao58","2026-08-02 23:54:10.037","2026-08-15 22:56:57.477","LbviLEKao58","18377771","[PREMIUM]","[PREMIUM]","[PREMIUM]","13","Section 13","13",4,"['11','12','13','14']","2026-07-21 00:00:00","electronic","exchange",1,"[PREMIUM]","1,2,4"
"O7AhwrZj5pK","2026-08-02 23:54:10.037","2026-08-02 23:54:10.037","O7AhwrZj5pK","18377771","[PREMIUM]","[PREMIUM]","[PREMIUM]","121","Section 121","7",4,"[]","2026-10-23 00:00:00","electronic","exchange",5,"[PREMIUM]","4"
"PX0sgLMO28Y","2026-08-02 23:54:10.037","2026-08-02 23:54:10.037","PX0sgLMO28Y","18377771","[PREMIUM]","[PREMIUM]","[PREMIUM]","233","Section 233","9",2,"[]","2026-10-23 00:00:00","electronic","exchange",5,"[PREMIUM]","2"
"PX0sgLMO2BY","2026-08-02 23:54:10.037","2026-08-02 23:54:10.037","PX0sgLMO2BY","18377771","[PREMIUM]","[PREMIUM]","[PREMIUM]","20","Section 20","15",4,"[]","2026-10-23 00:00:00","electronic","exchange",5,"[PREMIUM]","4"
"ROXHzw5KAqO","2026-08-02 23:54:10.037","2026-08-02 23:54:10.037","ROXHzw5KAqO","18377771","[PREMIUM]","[PREMIUM]","[PREMIUM]","122","Section 122","9",2,"[]","2026-10-23 00:00:00","electronic","exchange",5,"[PREMIUM]","2"
"Zm9hvwbXl35","2026-08-02 23:54:10.037","2026-08-02 23:54:10.037","Zm9hvwbXl35","18377771","[PREMIUM]","[PREMIUM]","[PREMIUM]","109","Section 109","3",4,"[]","2026-10-23 00:00:00","electronic","exchange",5,"[PREMIUM]","4"
"eeacK2k7a4z","2026-08-02 23:54:10.037","2026-08-02 23:54:10.037","eeacK2k7a4z","18377771","[PREMIUM]","[PREMIUM]","[PREMIUM]","PL10","Section PL 10","gl1",3,"[]","2026-10-23 00:00:00","electronic","exchange",5,"[PREMIUM]","3"
"jDvsz7gP7Jj","2026-08-02 23:54:10.037","2026-08-02 23:54:10.037","jDvsz7gP7Jj","18377771","[PREMIUM]","[PREMIUM]","[PREMIUM]","18","Section 18","17",2,"[]","2026-10-23 00:00:00","electronic","exchange",5,"[PREMIUM]","2"
"kYet94jDXxM","2026-08-02 23:54:10.037","2026-08-02 23:54:10.037","kYet94jDXxM","18377771","[PREMIUM]","[PREMIUM]","[PREMIUM]","227","Section 227","2",4,"[]","2026-10-23 00:00:00","electronic","exchange",3,"[PREMIUM]","4"
"kYet94jPmqd","2026-08-02 23:54:10.037","2026-08-02 23:54:10.037","kYet94jPmqd","18377771","[PREMIUM]","[PREMIUM]","[PREMIUM]","128","Section 128","2",2,"[]","2026-10-23 00:00:00","electronic","exchange",5,"[PREMIUM]","2"
"lxVsdLAGR4o","2026-08-02 23:54:10.037","2026-08-02 23:54:10.037","lxVsdLAGR4o","18377771","[PREMIUM]","[PREMIUM]","[PREMIUM]","4","Section 4","9",4,"[]","2026-10-23 00:00:00","electronic","exchange",5,"[PREMIUM]","4"
"lxVsdLAGd4E","2026-08-02 23:54:10.037","2026-08-02 23:54:10.037","lxVsdLAGd4E","18377771","[PREMIUM]","[PREMIUM]","[PREMIUM]","233","Section 233","3",2,"[]","2026-10-23 00:00:00","electronic","exchange",3,"[PREMIUM]","2"
"mxAs4YobYPY","2026-08-02 23:54:10.037","2026-08-02 23:54:10.037","mxAs4YobYPY","18377771","[PREMIUM]","[PREMIUM]","[PREMIUM]","104","Section 104","1",3,"[]","2026-10-23 00:00:00","electronic","exchange",5,"[PREMIUM]","3"
"nx0srMYPO0P","2026-08-02 23:54:10.037","2026-08-02 23:54:10.037","nx0srMYPO0P","18377771","[PREMIUM]","[PREMIUM]","[PREMIUM]","6","Section 6","3",2,"[]","2026-10-23 00:00:00","electronic","exchange",4,"[PREMIUM]","2"
"nx0srMYPdqK","2026-08-02 23:54:10.037","2026-08-02 23:54:10.037","nx0srMYPdqK","18377771","[PREMIUM]","[PREMIUM]","[PREMIUM]","PL19","Section PL 19","3",4,"[]","2026-10-23 00:00:00","electronic","exchange",0,"[PREMIUM]","4"
"oV7HbE7PENY","2026-08-02 23:54:10.037","2026-08-02 23:54:10.037","oV7HbE7PENY","18377771","[PREMIUM]","[PREMIUM]","[PREMIUM]","126","Section 126","3",2,"[]","2026-10-23 00:00:00","electronic","exchange",5,"[PREMIUM]","2"
"8lKt6YMNkdK","2026-08-02 23:54:04.441","2026-08-15 22:56:55.010","8lKt6YMNkdK","18377032","[PREMIUM]","[PREMIUM]","[PREMIUM]","226","Section 226","3",2,"[]","2026-10-21 00:00:00","electronic","exchange",2,"[PREMIUM]","2"
"8lKt6YezPx3","2026-08-02 23:54:04.441","2026-08-15 22:56:55.010","8lKt6YezPx3","18377032","[PREMIUM]","[PREMIUM]","[PREMIUM]","120","Section 120","8",4,"['1','2','3','4']","2026-10-22 00:00:00","electronic","exchange",1,"[PREMIUM]","2,4"
"MAeIPlOD4q2","2026-08-02 23:54:04.441","2026-08-15 22:56:55.010","MAeIPlOD4q2","18377032","[PREMIUM]","[PREMIUM]","[PREMIUM]","148","Section 148","10",4,"[]","2026-10-21 00:00:00","electronic","exchange",5,"[PREMIUM]","2,4"
"dNgUg6bXYlX","2026-08-02 23:54:04.441","2026-08-15 22:56:55.010","dNgUg6bXYlX","18377032","[PREMIUM]","[PREMIUM]","[PREMIUM]","106","Section 106","8",4,"['5','6','7','8']","2026-10-22 00:00:00","electronic","exchange",1,"[PREMIUM]","2,4"
"eeacK2Zajl9","2026-08-02 23:54:04.441","2026-08-15 22:56:55.010","eeacK2Zajl9","18377032","[PREMIUM]","[PREMIUM]","[PREMIUM]","362","Section 362","12",2,"['19','20']","2026-10-22 00:00:00","electronic","exchange",0,"[PREMIUM]","2"
"jDvsz7goJ93","2026-08-02 23:54:04.441","2026-08-15 22:56:55.010","jDvsz7goJ93","18377032","[PREMIUM]","[PREMIUM]","[PREMIUM]","132","Section 132","15",4,"['1','2','3','4']","2026-10-22 00:00:00","electronic","exchange",1,"[PREMIUM]","2,4"
"lxVsdLALmmO","2026-08-02 23:54:04.441","2026-08-15 22:56:55.010","lxVsdLALmmO","18377032","[PREMIUM]","[PREMIUM]","[PREMIUM]","148","Section 148","10",4,"['7','8','9','10']","2026-10-20 00:00:00","electronic","exchange",5,"[PREMIUM]","2,4"
"nx0srMYDvX0","2026-08-02 23:54:04.441","2026-08-15 22:56:55.010","nx0srMYDvX0","18377032","[PREMIUM]","[PREMIUM]","[PREMIUM]","226","Section 226","3",2,"['5','6']","2026-10-20 00:00:00","electronic","exchange",3,"[PREMIUM]","2"
"4vXcj9KlL8O","2026-08-02 23:53:57.148","2026-08-15 22:56:33.529","4vXcj9KlL8O","18378010","[PREMIUM]","[PREMIUM]","[PREMIUM]","222","Section 222","d",6,"['13','14','15','16','17','18']","2026-07-17 00:00:00","electronic","exchange",0,"[PREMIUM]","1,2,3,4,6"
"DdwHkOx7jGa","2026-08-02 23:53:57.148","2026-08-15 22:56:33.529","DdwHkOx7jGa","18378010","[PREMIUM]","[PREMIUM]","[PREMIUM]","116","Section 116","s",2,"['19','20']","2026-10-21 00:00:00","electronic","exchange",0,"[PREMIUM]","2"
"NrqUv43z6aA","2026-08-02 23:53:57.148","2026-08-15 22:56:33.529","NrqUv43z6aA","18378010","[PREMIUM]","[PREMIUM]","[PREMIUM]","112","Section 112","l",4,"['5','6','7','8']","2026-07-17 00:00:00","electronic","exchange",0,"[PREMIUM]","1,2,4"
"xb9imB2pK66","2026-08-02 23:53:57.148","2026-08-15 22:56:33.529","xb9imB2pK66","18378010","[PREMIUM]","[PREMIUM]","[PREMIUM]","107","Section 107","k",2,"['9','10']","2026-07-17 00:00:00","electronic","exchange",0,"[PREMIUM]","2"
"Zm9hvwgmx5P","2026-08-02 23:53:52.727","2026-08-15 23:00:53.021","Zm9hvwgmx5P","18377928","[PREMIUM]","[PREMIUM]","[PREMIUM]","307","Section 307","m",4,"[]","2026-10-21 00:00:00","electronic","exchange",0,"[PREMIUM]","2,4"
"mxAs4YazdRd","2026-08-02 23:53:52.727","2026-08-15 23:00:53.021","mxAs4YazdRd","18377928","[PREMIUM]","[PREMIUM]","[PREMIUM]","324","Section 324","h",2,"[]","2026-10-21 00:00:00","electronic","exchange",0,"[PREMIUM]","2"
"05VT8KmMRwj","2026-08-02 23:53:45.489","2026-08-13 00:09:30.502","05VT8KmMRwj","18378253","[PREMIUM]","[PREMIUM]","[PREMIUM]","08","Section 8","c",2,"[]","2026-10-20 00:00:00","electronic","exchange",5,"[PREMIUM]","2"
"2v0cz3xop6p","2026-08-02 23:53:45.489","2026-08-15 23:28:18.877","2v0cz3xop6p","18378253","[PREMIUM]","[PREMIUM]","[PREMIUM]","202","Section 202","b",2,"[]","2026-10-21 00:00:00","electronic","exchange",1,"[PREMIUM]","2"
"5EjuZ6RMbXn","2026-08-02 23:53:45.489","2026-08-02 23:53:45.489","5EjuZ6RMbXn","18378253","[PREMIUM]","[PREMIUM]","[PREMIUM]","08","Section 8","c",2,"[]","2026-10-21 00:00:00","electronic","exchange",6,"[PREMIUM]","2"
"A6rs27ZV57l","2026-08-02 23:53:45.489","2026-08-08 00:05:39.332","A6rs27ZV57l","18378253","[PREMIUM]","[PREMIUM]","[PREMIUM]","112","Section 112","a",2,"[]","2026-10-20 00:00:00","electronic","exchange",2,"[PREMIUM]","2"
"BALImX3jvX7","2026-08-02 23:53:45.489","2026-08-15 23:28:18.877","BALImX3jvX7","18378253","[PREMIUM]","[PREMIUM]","[PREMIUM]","114","Section 114","b",2,"[]","2026-10-20 00:00:00","electronic","exchange",1,"[PREMIUM]","2"
"EroUXnE6r3r","2026-08-02 23:53:45.489","2026-08-02 23:53:45.489","EroUXnE6r3r","18378253","[PREMIUM]","[PREMIUM]","[PREMIUM]","102","Section 102","a",2,"[]","2026-10-21 00:00:00","electronic","exchange",2,"[PREMIUM]","2"
"Kezcz6nzJgn","2026-08-02 23:53:45.489","2026-08-02 23:53:45.489","Kezcz6nzJgn","18378253","[PREMIUM]","[PREMIUM]","[PREMIUM]","06","Section 6","d",3,"[]","2026-10-21 00:00:00","electronic","exchange",5,"[PREMIUM]","3"
"Kezcz6nMV3R","2026-08-02 23:53:45.489","2026-08-02 23:53:45.489","Kezcz6nMV3R","18378253","[PREMIUM]","[PREMIUM]","[PREMIUM]","203","Section 203","e",8,"[]","2026-10-21 00:00:00","electronic","exchange",0,"[PREMIUM]","1,2,3,4,5,6,7,8"
"LbviLEJaqE9","2026-08-02 23:53:45.489","2026-08-15 23:28:18.877","LbviLEJaqE9","18378253","[PREMIUM]","[PREMIUM]","[PREMIUM]","21","Section 21","c",2,"[]","2026-10-21 00:00:00","electronic","exchange",5,"[PREMIUM]","2"
"LbviLEKL4NB","2026-08-02 23:53:45.489","2026-08-02 23:53:45.489","LbviLEKL4NB","18378253","[PREMIUM]","[PREMIUM]","[PREMIUM]","112","Section 112","a",2,"[]","2026-10-21 00:00:00","electronic","exchange",5,"[PREMIUM]","2"
"NrqUv43OzMg","2026-08-02 23:53:45.489","2026-08-02 23:53:45.489","NrqUv43OzMg","18378253","[PREMIUM]","[PREMIUM]","[PREMIUM]","102","Section 102","c",2,"[]","2026-10-21 00:00:00","electronic","exchange",5,"[PREMIUM]","2"
"O7AhwrJm8Pq","2026-08-02 23:53:45.489","2026-08-15 23:28:18.877","O7AhwrJm8Pq","18378253","[PREMIUM]","[PREMIUM]","[PREMIUM]","112","Section 112","a",2,"[]","2026-10-21 00:00:00","electronic","exchange",5,"[PREMIUM]","2"
"O7AhwrJMmwv","2026-08-02 23:53:45.489","2026-08-02 23:53:45.489","O7AhwrJMmwv","18378253","[PREMIUM]","[PREMIUM]","[PREMIUM]","06","Section 6","k",2,"[]","2026-10-21 00:00:00","electronic","exchange",5,"[PREMIUM]","2"
"O7AhwrJ0PkB","2026-08-02 23:53:45.489","2026-08-15 23:28:18.877","O7AhwrJ0PkB","18378253","[PREMIUM]","[PREMIUM]","[PREMIUM]","214","Section 214","d",2,"['9','10']","2026-10-19 00:00:00","electronic","exchange",1,"[PREMIUM]","2"
"PX0sgLMDoYJ","2026-08-02 23:53:45.489","2026-08-03 23:35:44.249","PX0sgLMDoYJ","18378253","[PREMIUM]","[PREMIUM]","[PREMIUM]","101","Section 101","b",2,"[]","2026-10-20 00:00:00","electronic","exchange",0,"[PREMIUM]","2"
"ROXHzwEVvme","2026-08-02 23:53:45.489","2026-08-15 23:28:18.877","ROXHzwEVvme","18378253","[PREMIUM]","[PREMIUM]","[PREMIUM]","202","Section 202","b",2,"['1','2']","2026-10-19 00:00:00","electronic","exchange",0,"[PREMIUM]","2"
"YgJtk6ol5ZO","2026-08-02 23:53:45.489","2026-08-15 23:28:18.877","YgJtk6ol5ZO","18378253","[PREMIUM]","[PREMIUM]","[PREMIUM]","214","Section 214","d",2,"[]","2026-10-21 00:00:00","electronic","exchange",1,"[PREMIUM]","2"
"Zm9hvwbDZ2M","2026-08-02 23:53:45.489","2026-08-13 00:09:30.502","Zm9hvwbDZ2M","18378253","[PREMIUM]","[PREMIUM]","[PREMIUM]","08","Section 8","c",2,"['9','10']","2026-10-19 00:00:00","electronic","exchange",5,"[PREMIUM]","2"
"g48Uro4p7g0","2026-08-02 23:53:45.489","2026-08-02 23:53:45.489","g48Uro4p7g0","18378253","[PREMIUM]","[PREMIUM]","[PREMIUM]","02","Section 2","w",2,"[]","2026-10-21 00:00:00","electronic","exchange",2,"[PREMIUM]","2"
"g48Uro4JAve","2026-08-02 23:53:45.489","2026-08-02 23:53:45.489","g48Uro4JAve","18378253","[PREMIUM]","[PREMIUM]","[PREMIUM]","102","Section 102","a",2,"[]","2026-10-21 00:00:00","electronic","exchange",1,"[PREMIUM]","2"
"jDvsz7alwgq","2026-08-02 23:53:45.489","2026-08-15 23:28:18.877","jDvsz7alwgq","18378253","[PREMIUM]","[PREMIUM]","[PREMIUM]","112","Section 112","a",2,"['1','2']","2026-10-19 00:00:00","electronic","exchange",3,"[PREMIUM]","2"
"kYet946b54g","2026-08-02 23:53:45.489","2026-08-02 23:53:45.489","kYet946b54g","18378253","[PREMIUM]","[PREMIUM]","[PREMIUM]","102","Section 102","a",2,"[]","2026-10-20 00:00:00","electronic","exchange",0,"[PREMIUM]","2"
"nx0srMo2e0v","2026-08-02 23:53:45.489","2026-08-02 23:53:45.489","nx0srMo2e0v","18378253","[PREMIUM]","[PREMIUM]","[PREMIUM]","06","Section 6","x",4,"[]","2026-10-21 00:00:00","electronic","exchange",1,"[PREMIUM]","1,2,3,4"
"oV7HbEpDYea","2026-08-02 23:53:45.489","2026-08-02 23:53:45.489","oV7HbEpDYea","18378253","[PREMIUM]","[PREMIUM]","[PREMIUM]","102","Section 102","a",2,"['3','4']","2026-10-19 00:00:00","electronic","exchange",0,"[PREMIUM]","2"
"oV7HbEpm4wd","2026-08-02 23:53:45.489","2026-08-02 23:53:45.489","oV7HbEpm4wd","18378253","[PREMIUM]","[PREMIUM]","[PREMIUM]","06","Section 6","d",3,"['4','5','6']","2026-10-19 00:00:00","electronic","exchange",2,"[PREMIUM]","3"
"rVOHkR24v8k","2026-08-02 23:53:45.489","2026-08-02 23:53:45.489","rVOHkR24v8k","18378253","[PREMIUM]","[PREMIUM]","[PREMIUM]","06","Section 6","v",2,"[]","2026-10-21 00:00:00","electronic","exchange",5,"[PREMIUM]","2"
"3q7fNJzRGnL","2026-08-02 23:53:41.479","2026-08-04 22:42:39.249","3q7fNJzRGnL","18378744","[PREMIUM]","[PREMIUM]","[PREMIUM]","213","Section 213","e",2,"[]","2026-10-18 00:00:00","electronic","exchange",3,"[PREMIUM]","2"
"GAaI62n79zE","2026-08-02 23:53:41.479","2026-08-15 22:56:16.628","GAaI62n79zE","18378744","[PREMIUM]","[PREMIUM]","[PREMIUM]","216","Section 216","tt",2,"[]","2026-10-19 00:00:00","electronic","exchange",4,"[PREMIUM]","2"
"PX0sgLMpkNl","2026-08-02 23:53:41.479","2026-08-15 22:56:16.628","PX0sgLMpkNl","18378744","[PREMIUM]","[PREMIUM]","[PREMIUM]","212","Section 212","tt",2,"[]","2026-10-19 00:00:00","electronic","exchange",4,"[PREMIUM]","2"
"YgJtk64Lav0","2026-08-02 23:53:41.479","2026-08-04 22:42:39.249","YgJtk64Lav0","18378744","[PREMIUM]","[PREMIUM]","[PREMIUM]","226","Section 226","l",3,"[]","2026-10-16 00:00:00","electronic","exchange",0,"[PREMIUM]","1,3"
"jDvsz7gN55k","2026-08-02 23:53:41.479","2026-08-04 22:42:39.249","jDvsz7gN55k","18378744","[PREMIUM]","[PREMIUM]","[PREMIUM]","1","Section 1","q",4,"[]","2026-10-18 00:00:00","electronic","exchange",0,"[PREMIUM]","2,4"
"rVOHkR2r4NN","2026-08-02 23:53:37.307","2026-08-13 23:45:31.182","rVOHkR2r4NN","18378825","[PREMIUM]","[PREMIUM]","[PREMIUM]","118","Section 118","g",2,"['9','10']","2026-07-20 00:00:00","electronic","exchange",0,"[PREMIUM]","2"
"5EjuZ6RR3D6","2026-08-02 23:53:36.747","2026-08-03 23:20:24.544","5EjuZ6RR3D6","18378823","[PREMIUM]","[PREMIUM]","[PREMIUM]","413","Section 413","o",10,"['1','2','3','4','5','6','7','8','9','10']","2026-07-20 00:00:00","electronic","exchange",0,"[PREMIUM]","1,2,3,4,5,6,7,8,10"
"X03tKjnVXKx","2026-08-02 23:53:36.747","2026-08-15 22:43:09.001","X03tKjnVXKx","18378823","[PREMIUM]","[PREMIUM]","[PREMIUM]","214","Section 214","j",2,"[]","2026-10-12 00:00:00","electronic","exchange",0,"[PREMIUM]","2"
"YgJtk6ozgpO","2026-08-02 23:53:36.747","2026-08-15 22:43:09.001","YgJtk6ozgpO","18378823","[PREMIUM]","[PREMIUM]","[PREMIUM]","108","Section 108","d",4,"[]","2026-10-12 00:00:00","electronic","exchange",5,"[PREMIUM]","4"
"05VT8KE6wn6","2026-08-02 23:53:32.423","2026-08-02 23:53:32.423","05VT8KE6wn6","18377759","[PREMIUM]","[PREMIUM]","[PREMIUM]","117","Section 117","13",2,"[]","2026-10-19 00:00:00","electronic","exchange",4,"[PREMIUM]","2"
"05VT8Kmoz6w","2026-08-02 23:53:32.423","2026-08-02 23:53:32.423","05VT8Kmoz6w","18377759","[PREMIUM]","[PREMIUM]","[PREMIUM]","130","Section 130","4",2,"[]","2026-10-19 00:00:00","electronic","exchange",4,"[PREMIUM]","2"
"2v0cz3k6jZM","2026-08-02 23:53:32.423","2026-08-02 23:53:32.423","2v0cz3k6jZM","18377759","[PREMIUM]","[PREMIUM]","[PREMIUM]","110","Section 110","4",2,"[]","2026-10-19 00:00:00","electronic","exchange",4,"[PREMIUM]","2"
"2v0cz3k6VKO","2026-08-02 23:53:32.423","2026-08-02 23:53:32.423","2v0cz3k6VKO","18377759","[PREMIUM]","[PREMIUM]","[PREMIUM]","109","Section 109","3",4,"[]","2026-10-19 00:00:00","electronic","exchange",4,"[PREMIUM]","4"
"2v0cz3xKp7D","2026-08-02 23:53:32.423","2026-08-02 23:53:32.423","2v0cz3xKp7D","18377759","[PREMIUM]","[PREMIUM]","[PREMIUM]","7","Section 7","11",2,"[]","2026-10-19 00:00:00","electronic","exchange",5,"[PREMIUM]","2"
"3q7fNJrMxqB","2026-08-02 23:53:32.423","2026-08-02 23:53:32.423","3q7fNJrMxqB","18377759","[PREMIUM]","[PREMIUM]","[PREMIUM]","115","Section 115","3",4,"[]","2026-10-19 00:00:00","electronic","exchange",4,"[PREMIUM]","4"
"3q7fNJrMEvp","2026-08-02 23:53:32.423","2026-08-02 23:53:32.423","3q7fNJrMEvp","18377759","[PREMIUM]","[PREMIUM]","[PREMIUM]","15","Section 15","10",2,"[]","2026-10-19 00:00:00","electronic","exchange",5,"[PREMIUM]","2"
"3q7fNJrMEN3","2026-08-02 23:53:32.423","2026-08-02 23:53:32.423","3q7fNJrMEN3","18377759","[PREMIUM]","[PREMIUM]","[PREMIUM]","113","Section 113","4",2,"[]","2026-10-19 00:00:00","electronic","exchange",3,"[PREMIUM]","2"
"4vXcj9KMlBR","2026-08-02 23:53:32.423","2026-08-02 23:53:32.423","4vXcj9KMlBR","18377759","[PREMIUM]","[PREMIUM]","[PREMIUM]","123","Section 123","11",2,"[]","2026-10-19 00:00:00","electronic","exchange",4,"[PREMIUM]","2"
"5EjuZ6LM49D","2026-08-02 23:53:32.423","2026-08-02 23:53:32.423","5EjuZ6LM49D","18377759","[PREMIUM]","[PREMIUM]","[PREMIUM]","216","Section 216","4",2,"[]","2026-10-19 00:00:00","electronic","exchange",5,"[PREMIUM]","2"
"5EjuZ6LM4Z4","2026-08-02 23:53:32.423","2026-08-02 23:53:32.423","5EjuZ6LM4Z4","18377759","[PREMIUM]","[PREMIUM]","[PREMIUM]","103","Section 103","9",2,"[]","2026-10-19 00:00:00","electronic","exchange",5,"[PREMIUM]","2"
"5EjuZ6LMp6V","2026-08-02 23:53:32.423","2026-08-02 23:53:32.423","5EjuZ6LMp6V","18377759","[PREMIUM]","[PREMIUM]","[PREMIUM]","10","Section 10","6",4,"[]","2026-10-19 00:00:00","electronic","exchange",5,"[PREMIUM]","4"
"5EjuZ6LMpL2","2026-08-02 23:53:32.423","2026-08-02 23:53:32.423","5EjuZ6LMpL2","18377759","[PREMIUM]","[PREMIUM]","[PREMIUM]","104","Section 104","2",4,"[]","2026-10-19 00:00:00","electronic","exchange",5,"[PREMIUM]","4"
"5EjuZ6R7mBk","2026-08-02 23:53:32.423","2026-08-02 23:53:32.423","5EjuZ6R7mBk","18377759","[PREMIUM]","[PREMIUM]","[PREMIUM]","131","Section 131","4",4,"[]","2026-10-19 00:00:00","electronic","exchange",4,"[PREMIUM]","4"
"6mOhkA5Vr3q","2026-08-02 23:53:32.423","2026-08-02 23:53:32.423","6mOhkA5Vr3q","18377759","[PREMIUM]","[PREMIUM]","[PREMIUM]","112","Section 112","3",4,"[]","2026-10-19 00:00:00","electronic","exchange",5,"[PREMIUM]","4"
"7KntAl6xdw4","2026-08-02 23:53:32.423","2026-08-02 23:53:32.423","7KntAl6xdw4","18377759","[PREMIUM]","[PREMIUM]","[PREMIUM]","129","Section 129","8",2,"[]","2026-10-19 00:00:00","electronic","exchange",4,"[PREMIUM]","2"
"8lKt6YMNpZZ","2026-08-02 23:53:32.423","2026-08-02 23:53:32.423","8lKt6YMNpZZ","18377759","[PREMIUM]","[PREMIUM]","[PREMIUM]","17","Section 17","19",2,"[]","2026-10-19 00:00:00","electronic","exchange",5,"[PREMIUM]","2"
"9P2c5qnRY76","2026-08-02 23:53:32.423","2026-08-02 23:53:32.423","9P2c5qnRY76","18377759","[PREMIUM]","[PREMIUM]","[PREMIUM]","PL19","Section PL 19","3",2,"[]","2026-10-19 00:00:00","electronic","exchange",0,"[PREMIUM]","2"
"9P2c5qnRE3g","2026-08-02 23:53:32.423","2026-08-02 23:53:32.423","9P2c5qnRE3g","18377759","[PREMIUM]","[PREMIUM]","[PREMIUM]","128","Section 128","8",2,"[]","2026-10-19 00:00:00","electronic","exchange",5,"[PREMIUM]","2"
"DdwHkOxdZO6","2026-08-02 23:53:32.423","2026-08-02 23:53:32.423","DdwHkOxdZO6","18377759","[PREMIUM]","[PREMIUM]","[PREMIUM]","111","Section 111","3",4,"[]","2026-10-19 00:00:00","electronic","exchange",5,"[PREMIUM]","4"
"DdwHkOxdG3n","2026-08-02 23:53:32.423","2026-08-02 23:53:32.423","DdwHkOxdG3n","18377759","[PREMIUM]","[PREMIUM]","[PREMIUM]","127","Section 127","6",2,"[]","2026-10-19 00:00:00","electronic","exchange",4,"[PREMIUM]","2"
"GAaI627odm2","2026-08-02 23:53:32.423","2026-08-02 23:53:32.423","GAaI627odm2","18377759","[PREMIUM]","[PREMIUM]","[PREMIUM]","131","Section 131","4",2,"[]","2026-10-19 00:00:00","electronic","exchange",4,"[PREMIUM]","2"
"JABI39OqGK4","2026-08-02 23:53:32.423","2026-08-02 23:53:32.423","JABI39OqGK4","18377759","[PREMIUM]","[PREMIUM]","[PREMIUM]","126","Section 126","3",2,"[]","2026-10-19 00:00:00","electronic","exchange",4,"[PREMIUM]","2"
"LbviLEK0lEJ","2026-08-02 23:53:32.423","2026-08-02 23:53:32.423","LbviLEK0lEJ","18377759","[PREMIUM]","[PREMIUM]","[PREMIUM]","133","Section 133","7",4,"[]","2026-10-19 00:00:00","electronic","exchange",5,"[PREMIUM]","4"
"LbviLEK0Z8r","2026-08-02 23:53:32.423","2026-08-02 23:53:32.423","LbviLEK0Z8r","18377759","[PREMIUM]","[PREMIUM]","[PREMIUM]","4","Section 4","14",2,"[]","2026-10-19 00:00:00","electronic","exchange",4,"[PREMIUM]","2"
"MAeIPlOg0ak","2026-08-02 23:53:32.423","2026-08-02 23:53:32.423","MAeIPlOg0ak","18377759","[PREMIUM]","[PREMIUM]","[PREMIUM]","109","Section 109","3",2,"[]","2026-10-19 00:00:00","electronic","exchange",4,"[PREMIUM]","2"
"O7AhwrJjNNz","2026-08-02 23:53:32.423","2026-08-02 23:53:32.423","O7AhwrJjNNz","18377759","[PREMIUM]","[PREMIUM]","[PREMIUM]","122","Section 122","10",2,"[]","2026-10-19 00:00:00","electronic","exchange",4,"[PREMIUM]","2"
"O7AhwrJj8j8","2026-08-02 23:53:32.423","2026-08-02 23:53:32.423","O7AhwrJj8j8","18377759","[PREMIUM]","[PREMIUM]","[PREMIUM]","1","Section 1","10",3,"[]","2026-10-19 00:00:00","electronic","exchange",5,"[PREMIUM]","3"
"PX0sgLpOBRP","2026-08-02 23:53:32.423","2026-08-02 23:53:32.423","PX0sgLpOBRP","18377759","[PREMIUM]","[PREMIUM]","[PREMIUM]","102","Section 102","3",2,"[]","2026-10-19 00:00:00","electronic","exchange",5,"[PREMIUM]","2"
"ROXHzwEKOa7","2026-08-02 23:53:32.423","2026-08-02 23:53:32.423","ROXHzwEKOa7","18377759","[PREMIUM]","[PREMIUM]","[PREMIUM]","16","Section 16","10",4,"[]","2026-10-19 00:00:00","electronic","exchange",5,"[PREMIUM]","4"
"ROXHzwEKM2b","2026-08-02 23:53:32.423","2026-08-02 23:53:32.423","ROXHzwEKM2b","18377759","[PREMIUM]","[PREMIUM]","[PREMIUM]","7","Section 7","10",2,"[]","2026-10-19 00:00:00","electronic","exchange",5,"[PREMIUM]","2"
"V4KU0ML9nRL","2026-08-02 23:53:32.423","2026-08-02 23:53:32.423","V4KU0ML9nRL","18377759","[PREMIUM]","[PREMIUM]","[PREMIUM]","17","Section 17","17",2,"[]","2026-10-19 00:00:00","electronic","exchange",5,"[PREMIUM]","2"
"V4KU0ML9Zpn","2026-08-02 23:53:32.423","2026-08-02 23:53:32.423","V4KU0ML9Zpn","18377759","[PREMIUM]","[PREMIUM]","[PREMIUM]","121","Section 121","10",2,"[]","2026-10-19 00:00:00","electronic","exchange",4,"[PREMIUM]","2"
"V4KU0ML9XLE","2026-08-02 23:53:32.423","2026-08-02 23:53:32.423","V4KU0ML9XLE","18377759","[PREMIUM]","[PREMIUM]","[PREMIUM]","9","Section 9","9",4,"[]","2026-10-19 00:00:00","electronic","exchange",5,"[PREMIUM]","4"
"X03tKjwEpKb","2026-08-02 23:53:32.423","2026-08-02 23:53:32.423","X03tKjwEpKb","18377759","[PREMIUM]","[PREMIUM]","[PREMIUM]","6","Section 6","21",2,"[]","2026-10-19 00:00:00","electronic","exchange",5,"[PREMIUM]","2"
"X03tKjwEMem","2026-08-02 23:53:32.423","2026-08-02 23:53:32.423","X03tKjwEMem","18377759","[PREMIUM]","[PREMIUM]","[PREMIUM]","212","Section 212","4",4,"[]","2026-10-19 00:00:00","electronic","exchange",4,"[PREMIUM]","4"
"YgJtk6oleB6","2026-08-02 23:53:32.423","2026-08-02 23:53:32.423","YgJtk6oleB6","18377759","[PREMIUM]","[PREMIUM]","[PREMIUM]","21","Section 21","7",4,"[]","2026-10-19 00:00:00","electronic","exchange",4,"[PREMIUM]","4"
"Zm9hvwgXrXK","2026-08-02 23:53:32.423","2026-08-02 23:53:32.423","Zm9hvwgXrXK","18377759","[PREMIUM]","[PREMIUM]","[PREMIUM]","5","Section 5","13",4,"[]","2026-10-19 00:00:00","electronic","exchange",4,"[PREMIUM]","4"
"agktlDP5nZd","2026-08-02 23:53:32.423","2026-08-02 23:53:32.423","agktlDP5nZd","18377759","[PREMIUM]","[PREMIUM]","[PREMIUM]","6","Section 6","13",2,"[]","2026-10-19 00:00:00","electronic","exchange",5,"[PREMIUM]","2"
"agktlDP5Lr7","2026-08-02 23:53:32.423","2026-08-02 23:53:32.423","agktlDP5Lr7","18377759","[PREMIUM]","[PREMIUM]","[PREMIUM]","3","Section 3","16",2,"[]","2026-10-19 00:00:00","electronic","exchange",5,"[PREMIUM]","2"
"dNgUg6vPBeb","2026-08-02 23:53:32.423","2026-08-02 23:53:32.423","dNgUg6vPBeb","18377759","[PREMIUM]","[PREMIUM]","[PREMIUM]","20","Section 20","17",2,"[]","2026-10-19 00:00:00","electronic","exchange",5,"[PREMIUM]","2"
"dNgUg6vPBd3","2026-08-02 23:53:32.423","2026-08-02 23:53:32.423","dNgUg6vPBd3","18377759","[PREMIUM]","[PREMIUM]","[PREMIUM]","3","Section 3","12",2,"[]","2026-10-19 00:00:00","electronic","exchange",5,"[PREMIUM]","2"
"eeacK2kBb8b","2026-08-02 23:53:32.423","2026-08-02 23:53:32.423","eeacK2kBb8b","18377759","[PREMIUM]","[PREMIUM]","[PREMIUM]","118","Section 118","8",2,"[]","2026-10-19 00:00:00","electronic","exchange",5,"[PREMIUM]","2"
"g48Uro4PpE3","2026-08-02 23:53:32.423","2026-08-02 23:53:32.423","g48Uro4PpE3","18377759","[PREMIUM]","[PREMIUM]","[PREMIUM]","216","Section 216","7",2,"[]","2026-10-19 00:00:00","electronic","exchange",5,"[PREMIUM]","2"
"g48Uro4PAb6","2026-08-02 23:53:32.423","2026-08-02 23:53:32.423","g48Uro4PAb6","18377759","[PREMIUM]","[PREMIUM]","[PREMIUM]","233","Section 233","5",3,"[]","2026-10-19 00:00:00","electronic","exchange",4,"[PREMIUM]","3"
"jDvsz7aP4zm","2026-08-02 23:53:32.423","2026-08-02 23:53:32.423","jDvsz7aP4zm","18377759","[PREMIUM]","[PREMIUM]","[PREMIUM]","114","Section 114","2",4,"[]","2026-10-19 00:00:00","electronic","exchange",4,"[PREMIUM]","4"
"jDvsz7aPj4E","2026-08-02 23:53:32.423","2026-08-02 23:53:32.423","jDvsz7aPj4E","18377759","[PREMIUM]","[PREMIUM]","[PREMIUM]","15","Section 15","14",2,"[]","2026-10-19 00:00:00","electronic","exchange",5,"[PREMIUM]","2"
"kYet946PObO","2026-08-02 23:53:32.423","2026-08-02 23:53:32.423","kYet946PObO","18377759","[PREMIUM]","[PREMIUM]","[PREMIUM]","14","Section 14","23",2,"[]","2026-10-19 00:00:00","electronic","exchange",5,"[PREMIUM]","2"
"lxVsdL3GZ94","2026-08-02 23:53:32.423","2026-08-02 23:53:32.423","lxVsdL3GZ94","18377759","[PREMIUM]","[PREMIUM]","[PREMIUM]","2","Section 2","8",4,"[]","2026-10-19 00:00:00","electronic","exchange",5,"[PREMIUM]","4"
"mxAs4YabD7D","2026-08-02 23:53:32.423","2026-08-02 23:53:32.423","mxAs4YabD7D","18377759","[PREMIUM]","[PREMIUM]","[PREMIUM]","208","Section 208","7",2,"[]","2026-10-19 00:00:00","electronic","exchange",4,"[PREMIUM]","2"
"oV7HbEpPxE0","2026-08-02 23:53:32.423","2026-08-02 23:53:32.423","oV7HbEpPxE0","18377759","[PREMIUM]","[PREMIUM]","[PREMIUM]","11","Section 11","15",2,"[]","2026-10-19 00:00:00","electronic","exchange",4,"[PREMIUM]","2"
"oV7HbEpPdPN","2026-08-02 23:53:32.423","2026-08-02 23:53:32.423","oV7HbEpPdPN","18377759","[PREMIUM]","[PREMIUM]","[PREMIUM]","211","Section 211","4",4,"[]","2026-10-19 00:00:00","electronic","exchange",3,"[PREMIUM]","4"
"pVXHDEGPJev","2026-08-02 23:53:32.423","2026-08-02 23:53:32.423","pVXHDEGPJev","18377759","[PREMIUM]","[PREMIUM]","[PREMIUM]","120","Section 120","4",2,"[]","2026-10-19 00:00:00","electronic","exchange",4,"[PREMIUM]","2"
"qVjH2VpPko8","2026-08-02 23:53:32.423","2026-08-02 23:53:32.423","qVjH2VpPko8","18377759","[PREMIUM]","[PREMIUM]","[PREMIUM]","231","Section 231","4",2,"[]","2026-10-19 00:00:00","electronic","exchange",3,"[PREMIUM]","2"
"rVOHkR2G68L","2026-08-02 23:53:32.423","2026-08-02 23:53:32.423","rVOHkR2G68L","18377759","[PREMIUM]","[PREMIUM]","[PREMIUM]","13","Section 13","8",4,"[]","2026-10-19 00:00:00","electronic","exchange",5,"[PREMIUM]","4"
"vb3iPelvdJX","2026-08-02 23:53:32.423","2026-08-02 23:53:32.423","vb3iPelvdJX","18377759","[PREMIUM]","[PREMIUM]","[PREMIUM]","106","Section 106","10",2,"[]","2026-10-19 00:00:00","electronic","exchange",4,"[PREMIUM]","2"
"vb3iPelvrKj","2026-08-02 23:53:32.423","2026-08-02 23:53:32.423","vb3iPelvrKj","18377759","[PREMIUM]","[PREMIUM]","[PREMIUM]","117","Section 117","11",2,"[]","2026-10-19 00:00:00","electronic","exchange",5,"[PREMIUM]","2"
"vb3iPelvrld","2026-08-02 23:53:32.423","2026-08-02 23:53:32.423","vb3iPelvrld","18377759","[PREMIUM]","[PREMIUM]","[PREMIUM]","4","Section 4","18",2,"[]","2026-10-19 00:00:00","electronic","exchange",5,"[PREMIUM]","2"
"w3JsedJNoRe","2026-08-02 23:53:32.423","2026-08-02 23:53:32.423","w3JsedJNoRe","18377759","[PREMIUM]","[PREMIUM]","[PREMIUM]","130","Section 130","5",4,"[]","2026-10-19 00:00:00","electronic","exchange",4,"[PREMIUM]","4"
"w3JsedJpdMj","2026-08-02 23:53:32.423","2026-08-15 22:56:16.760","w3JsedJpdMj","18377759","[PREMIUM]","[PREMIUM]","[PREMIUM]","109","Section 109","3",6,"['13','14','15','16','17','18']","2026-07-21 00:00:00","electronic","exchange",0,"[PREMIUM]","1,2,3,4,6"
"xb9imB2px8G","2026-08-02 23:53:32.423","2026-08-02 23:53:32.423","xb9imB2px8G","18377759","[PREMIUM]","[PREMIUM]","[PREMIUM]","128","Section 128","4",2,"[]","2026-10-19 00:00:00","electronic","exchange",5,"[PREMIUM]","2"
"eeacK2kMR93","2026-08-02 23:53:12.252","2026-08-13 23:37:16.277","eeacK2kMR93","18378171","[PREMIUM]","[PREMIUM]","[PREMIUM]","301","Section 301","g",2,"[]","2026-10-11 00:00:00","electronic","exchange",0,"[PREMIUM]","2"
"05VT8KEMqGj","2026-08-02 23:52:46.217","2026-08-15 22:51:01.323","05VT8KEMqGj","18377278","[PREMIUM]","[PREMIUM]","[PREMIUM]","231","Section 231","2",2,"['7','8']","2026-07-21 00:00:00","electronic","exchange",1,"[PREMIUM]","2"
"oV7HbEpx3ll","2026-08-02 23:52:46.217","2026-08-15 22:51:01.323","oV7HbEpx3ll","18377278","[PREMIUM]","[PREMIUM]","[PREMIUM]","112","Section 112","14",3,"['8','9','10']","2026-07-21 00:00:00","electronic","exchange",1,"[PREMIUM]","1,3"
"3q7fNJrqRjw","2026-08-02 23:52:43.527","2026-08-03 23:22:28.829","3q7fNJrqRjw","18378332","[PREMIUM]","[PREMIUM]","[PREMIUM]","203","Section 203","10",17,"[]","2026-10-16 00:00:00","electronic","exchange",1,"[PREMIUM]","1,2,3,4,5,6,7,8,9,10,11,12,13,14,15,16,17"
"3q7fNJz0zV5","2026-08-02 23:52:43.527","2026-08-02 23:52:43.527","3q7fNJz0zV5","18378332","[PREMIUM]","[PREMIUM]","[PREMIUM]","217","Section 217","10",9,"[]","2026-10-16 00:00:00","electronic","exchange",1,"[PREMIUM]","2,3,4,5,6,7,8,9"
"3q7fNJzlXPe","2026-08-02 23:52:43.527","2026-08-02 23:52:43.527","3q7fNJzlXPe","18378332","[PREMIUM]","[PREMIUM]","[PREMIUM]","217","Section 217","10",9,"[]","2026-10-16 00:00:00","electronic","exchange",1,"[PREMIUM]","2,3,4,5,6,7,8,9"
"6mOhkA5Lner","2026-08-02 23:52:43.527","2026-08-15 22:50:55.607","6mOhkA5Lner","18378332","[PREMIUM]","[PREMIUM]","[PREMIUM]","203","Section 203","13",5,"[]","2026-10-16 00:00:00","electronic","exchange",0,"[PREMIUM]","1,2,3,5"
"7KntAl6JXJR","2026-08-02 23:52:43.527","2026-08-03 23:22:28.829","7KntAl6JXJR","18378332","[PREMIUM]","[PREMIUM]","[PREMIUM]","203","Section 203","10",8,"[]","2026-10-15 00:00:00","electronic","exchange",1,"[PREMIUM]","1,2,3,4,5,6,7,8"
"9P2c5qge36z","2026-08-02 23:52:43.527","2026-08-02 23:52:43.527","9P2c5qge36z","18378332","[PREMIUM]","[PREMIUM]","[PREMIUM]","217","Section 217","10",9,"[]","2026-10-16 00:00:00","electronic","exchange",1,"[PREMIUM]","1,2,3,4,5,6,7,8,9"
"EroUXn0BlPj","2026-08-02 23:52:43.527","2026-08-15 22:50:55.607","EroUXn0BlPj","18378332","[PREMIUM]","[PREMIUM]","[PREMIUM]","207A","Section 207 A","5",2,"['19','20']","2026-10-14 00:00:00","electronic","exchange",2,"[PREMIUM]","2"
"EroUXnE9GaZ","2026-08-02 23:52:43.527","2026-08-03 23:22:28.829","EroUXnE9GaZ","18378332","[PREMIUM]","[PREMIUM]","[PREMIUM]","203","Section 203","10",17,"[]","2026-10-16 00:00:00","electronic","exchange",0,"[PREMIUM]","2,3,4,5,6,7,8,9,10,11,12,13,14,15,16,17"
"Kezcz6n5B84","2026-08-02 23:52:43.527","2026-08-03 23:22:28.829","Kezcz6n5B84","18378332","[PREMIUM]","[PREMIUM]","[PREMIUM]","203","Section 203","14",11,"[]","2026-10-16 00:00:00","electronic","exchange",1,"[PREMIUM]","1,2,3,4,5,6,7,8,9,10,11"
"LbviLEJ4eR9","2026-08-02 23:52:43.527","2026-08-15 22:50:55.607","LbviLEJ4eR9","18378332","[PREMIUM]","[PREMIUM]","[PREMIUM]","217","Section 217","10",8,"[]","2026-10-15 00:00:00","electronic","exchange",1,"[PREMIUM]","1,2,3,4,5,6,7,8"
"MAeIPlO56eA","2026-08-02 23:52:43.527","2026-08-15 22:50:55.607","MAeIPlO56eA","18378332","[PREMIUM]","[PREMIUM]","[PREMIUM]","217","Section 217","10",9,"[]","2026-10-16 00:00:00","electronic","exchange",0,"[PREMIUM]","2,3,4,5,6,7,8,9"
"O7AhwrZ6360","2026-08-02 23:52:43.527","2026-08-15 22:50:55.607","O7AhwrZ6360","18378332","[PREMIUM]","[PREMIUM]","[PREMIUM]","123","Section 123","4",2,"[]","2026-10-15 00:00:00","electronic","exchange",0,"[PREMIUM]","2"
"ROXHzwERvxD","2026-08-02 23:52:43.527","2026-08-15 22:50:55.607","ROXHzwERvxD","18378332","[PREMIUM]","[PREMIUM]","[PREMIUM]","203","Section 203","13",5,"[]","2026-10-16 00:00:00","electronic","exchange",0,"[PREMIUM]","1,2,3,4,5"
"X03tKjnMZPp","2026-08-02 23:52:43.527","2026-08-03 23:22:28.829","X03tKjnMZPp","18378332","[PREMIUM]","[PREMIUM]","[PREMIUM]","201","Section 201","13",4,"[]","2026-10-16 00:00:00","electronic","exchange",2,"[PREMIUM]","1,2,3,4"
"X03tKjwrGZE","2026-08-02 23:52:43.527","2026-08-05 22:39:35.282","X03tKjwrGZE","18378332","[PREMIUM]","[PREMIUM]","[PREMIUM]","119","Section 119","22",2,"[]","2026-10-15 00:00:00","electronic","exchange",4,"[PREMIUM]","2"
"X03tKjwdb5D","2026-08-02 23:52:43.527","2026-08-15 22:50:55.607","X03tKjwdb5D","18378332","[PREMIUM]","[PREMIUM]","[PREMIUM]","203","Section 203","13",5,"[]","2026-10-16 00:00:00","electronic","exchange",0,"[PREMIUM]","1,2,3,5"
"dNgUg6vm0Zg","2026-08-02 23:52:43.527","2026-08-03 23:22:28.829","dNgUg6vm0Zg","18378332","[PREMIUM]","[PREMIUM]","[PREMIUM]","203","Section 203","10",8,"[]","2026-10-15 00:00:00","electronic","exchange",2,"[PREMIUM]","1,2,3,4,5,6,7,8"
"eeacK2keaZg","2026-08-02 23:52:43.527","2026-08-03 23:22:28.829","eeacK2keaZg","18378332","[PREMIUM]","[PREMIUM]","[PREMIUM]","212","Section 212","15",2,"[]","2026-10-16 00:00:00","electronic","exchange",2,"[PREMIUM]","2"
"eeacK2k7ek9","2026-08-02 23:52:43.527","2026-08-03 23:22:28.829","eeacK2k7ek9","18378332","[PREMIUM]","[PREMIUM]","[PREMIUM]","217","Section 217","10",9,"[]","2026-10-16 00:00:00","electronic","exchange",1,"[PREMIUM]","1,2,3,4,5,6,7,8,9"
"g48UroDdlgD","2026-08-02 23:52:43.527","2026-08-15 22:50:55.607","g48UroDdlgD","18378332","[PREMIUM]","[PREMIUM]","[PREMIUM]","201","Section 201","13",4,"[]","2026-10-16 00:00:00","electronic","exchange",1,"[PREMIUM]","1,2,3,4"
"jDvsz7aw32G","2026-08-02 23:52:43.527","2026-08-03 23:22:28.829","jDvsz7aw32G","18378332","[PREMIUM]","[PREMIUM]","[PREMIUM]","203","Section 203","10",17,"[]","2026-10-16 00:00:00","electronic","exchange",1,"[PREMIUM]","2,3,4,5,6,7,8,9,10,11,12,13,14,15,16,17"
"jDvsz7g8N7X","2026-08-02 23:52:43.527","2026-08-15 22:50:55.607","jDvsz7g8N7X","18378332","[PREMIUM]","[PREMIUM]","[PREMIUM]","212","Section 212","5",2,"[]","2026-10-15 00:00:00","electronic","exchange",1,"[PREMIUM]","2"
"mxAs4YaprdX","2026-08-02 23:52:43.527","2026-08-03 23:22:28.829","mxAs4YaprdX","18378332","[PREMIUM]","[PREMIUM]","[PREMIUM]","203","Section 203","10",17,"[]","2026-10-16 00:00:00","electronic","exchange",1,"[PREMIUM]","1,2,3,4,5,6,7,8,9,10,11,12,13,14,15,16,17"
"nx0srMoO83D","2026-08-02 23:52:43.527","2026-08-12 00:18:55.138","nx0srMoO83D","18378332","[PREMIUM]","[PREMIUM]","[PREMIUM]","202","Section 202","15",2,"[]","2026-10-16 00:00:00","electronic","exchange",2,"[PREMIUM]","2"
"nx0srMoGb7e","2026-08-02 23:52:43.527","2026-08-03 23:22:28.829","nx0srMoGb7e","18378332","[PREMIUM]","[PREMIUM]","[PREMIUM]","203","Section 203","14",2,"[]","2026-10-16 00:00:00","electronic","exchange",1,"[PREMIUM]","2"
"rVOHkROGXX3","2026-08-02 23:52:43.527","2026-08-15 22:50:55.607","rVOHkROGXX3","18378332","[PREMIUM]","[PREMIUM]","[PREMIUM]","207A","Section 207 A","5",2,"[]","2026-10-15 00:00:00","electronic","exchange",3,"[PREMIUM]","2"
"vb3iPelRLZ5","2026-08-02 23:52:43.527","2026-08-15 22:50:55.607","vb3iPelRLZ5","18378332","[PREMIUM]","[PREMIUM]","[PREMIUM]","204","Section 204","7",2,"[]","2026-10-16 00:00:00","electronic","exchange",0,"[PREMIUM]","2"
"w3Jsed0D3zo","2026-08-02 23:52:43.527","2026-08-03 23:22:28.829","w3Jsed0D3zo","18378332","[PREMIUM]","[PREMIUM]","[PREMIUM]","203","Section 203","10",17,"[]","2026-10-16 00:00:00","electronic","exchange",0,"[PREMIUM]","2,3,4,5,6,7,8,9,10,11,12,13,14,15,16,17"
"w3JsedJw3ER","2026-08-02 23:52:43.527","2026-08-02 23:52:43.527","w3JsedJw3ER","18378332","[PREMIUM]","[PREMIUM]","[PREMIUM]","201","Section 201","15",4,"[]","2026-10-16 00:00:00","electronic","exchange",1,"[PREMIUM]","1,2,3,4"
"z3Es6qwbnOm","2026-08-02 23:52:43.527","2026-08-15 22:50:55.607","z3Es6qwbnOm","18378332","[PREMIUM]","[PREMIUM]","[PREMIUM]","203","Section 203","13",5,"[]","2026-10-16 00:00:00","electronic","exchange",0,"[PREMIUM]","1,2,3,5"
"2v0cz3xmx8b","2026-08-02 23:52:40.427","2026-08-15 22:50:51.325","2v0cz3xmx8b","18378091","[PREMIUM]","[PREMIUM]","[PREMIUM]","106","Section 106","l",4,"[]","2026-10-17 00:00:00","electronic","exchange",1,"[PREMIUM]","1,2,4"
"PX0sgLpepnO","2026-08-02 23:52:40.427","2026-08-15 22:50:51.325","PX0sgLpepnO","18378091","[PREMIUM]","[PREMIUM]","[PREMIUM]","106","Section 106","l",4,"[]","2026-10-17 00:00:00","electronic","exchange",2,"[PREMIUM]","2,4"
"JABI39OGo8r","2026-08-02 23:52:29.997","2026-08-15 22:50:44.109","JABI39OGo8r","18378661","[PREMIUM]","[PREMIUM]","[PREMIUM]","122","Section 122","d",2,"[]","2026-09-14 00:00:00","electronic","exchange",0,"[PREMIUM]","2"
"3q7fNJrEPz9","2026-08-02 23:52:27.753","2026-08-15 22:50:24.301","3q7fNJrEPz9","18378657","[PREMIUM]","[PREMIUM]","[PREMIUM]","122","Section 122","d",2,"[]","2026-09-14 00:00:00","electronic","exchange",1,"[PREMIUM]","2"
"6mOhkAbbzJM","2026-08-02 23:52:12.689","2026-08-15 22:52:07.181","6mOhkAbbzJM","18378087","[PREMIUM]","[PREMIUM]","[PREMIUM]","112","Section 112","k",2,"[]","2026-10-14 00:00:00","electronic","exchange",2,"[PREMIUM]","2"
"7KntAl6X6Vj","2026-08-02 23:52:12.689","2026-08-15 22:52:07.181","7KntAl6X6Vj","18378087","[PREMIUM]","[PREMIUM]","[PREMIUM]","106","Section 106","l",4,"[]","2026-10-15 00:00:00","electronic","exchange",2,"[PREMIUM]","1,2,4"
"NrqUv437356","2026-08-02 23:52:12.689","2026-08-04 22:42:03.573","NrqUv437356","18378087","[PREMIUM]","[PREMIUM]","[PREMIUM]","106","Section 106","l",4,"[]","2026-10-15 00:00:00","electronic","exchange",1,"[PREMIUM]","2,4"
"BALImXg3ww5","2026-08-02 23:52:08.996","2026-08-15 22:46:49.120","BALImXg3ww5","18378741","[PREMIUM]","[PREMIUM]","[PREMIUM]","212","Section 212","tt",2,"[]","2026-10-14 00:00:00","electronic","exchange",2,"[PREMIUM]","2"
"EroUXn0dEkl","2026-08-02 23:52:08.996","2026-08-15 22:46:49.120","EroUXn0dEkl","18378741","[PREMIUM]","[PREMIUM]","[PREMIUM]","210","Section 210","k",2,"[]","2026-10-13 00:00:00","electronic","exchange",0,"[PREMIUM]","2"
"X03tKjnvggj","2026-08-02 23:52:08.996","2026-08-04 22:42:04.045","X03tKjnvggj","18378741","[PREMIUM]","[PREMIUM]","[PREMIUM]","1","Section 1","q",4,"[]","2026-10-13 00:00:00","electronic","exchange",4,"[PREMIUM]","2,4"
"qVjH2VDleBk","2026-08-02 23:52:08.996","2026-08-04 22:42:04.045","qVjH2VDleBk","18378741","[PREMIUM]","[PREMIUM]","[PREMIUM]","213","Section 213","e",2,"[]","2026-10-13 00:00:00","electronic","exchange",5,"[PREMIUM]","2"
"rVOHkRO2DDO","2026-08-02 23:52:08.996","2026-08-15 22:46:49.120","rVOHkRO2DDO","18378741","[PREMIUM]","[PREMIUM]","[PREMIUM]","216","Section 216","tt",2,"[]","2026-10-14 00:00:00","electronic","exchange",3,"[PREMIUM]","2"
"05VT8KmpVZo","2026-08-02 23:52:05.952","2026-08-02 23:52:05.952","05VT8KmpVZo","18377762","[PREMIUM]","[PREMIUM]","[PREMIUM]","12","Section 12","10",4,"[]","2026-10-14 00:00:00","electronic","exchange",5,"[PREMIUM]","4"
"05VT8KmpmB9","2026-08-02 23:52:05.952","2026-08-02 23:52:05.952","05VT8KmpmB9","18377762","[PREMIUM]","[PREMIUM]","[PREMIUM]","215","Section 215","3",4,"[]","2026-10-14 00:00:00","electronic","exchange",5,"[PREMIUM]","4"
"2v0cz3kp55B","2026-08-02 23:52:05.952","2026-08-02 23:52:05.952","2v0cz3kp55B","18377762","[PREMIUM]","[PREMIUM]","[PREMIUM]","123","Section 123","8",2,"[]","2026-10-14 00:00:00","electronic","exchange",5,"[PREMIUM]","2"
"2v0cz3kpxB5","2026-08-02 23:52:05.952","2026-08-02 23:52:05.952","2v0cz3kpxB5","18377762","[PREMIUM]","[PREMIUM]","[PREMIUM]","114","Section 114","1",4,"[]","2026-10-14 00:00:00","electronic","exchange",4,"[PREMIUM]","4"
"2v0cz3kpaqA","2026-08-02 23:52:05.952","2026-08-02 23:52:05.952","2v0cz3kpaqA","18377762","[PREMIUM]","[PREMIUM]","[PREMIUM]","11","Section 11","15",2,"[]","2026-10-14 00:00:00","electronic","exchange",5,"[PREMIUM]","2"
"2v0cz3kpaoD","2026-08-02 23:52:05.952","2026-08-02 23:52:05.952","2v0cz3kpaoD","18377762","[PREMIUM]","[PREMIUM]","[PREMIUM]","216","Section 216","4",3,"[]","2026-10-14 00:00:00","electronic","exchange",5,"[PREMIUM]","3"
"3q7fNJzpzvZ","2026-08-02 23:52:05.952","2026-08-02 23:52:05.952","3q7fNJzpzvZ","18377762","[PREMIUM]","[PREMIUM]","[PREMIUM]","118","Section 118","7",2,"[]","2026-10-14 00:00:00","electronic","exchange",5,"[PREMIUM]","2"
"3q7fNJzpJ4d","2026-08-02 23:52:05.952","2026-08-02 23:52:05.952","3q7fNJzpJ4d","18377762","[PREMIUM]","[PREMIUM]","[PREMIUM]","4","Section 4","21",2,"[]","2026-10-14 00:00:00","electronic","exchange",5,"[PREMIUM]","2"
"3q7fNJzp4Lk","2026-08-02 23:52:05.952","2026-08-02 23:52:05.952","3q7fNJzp4Lk","18377762","[PREMIUM]","[PREMIUM]","[PREMIUM]","21","Section 21","7",4,"[]","2026-10-14 00:00:00","electronic","exchange",5,"[PREMIUM]","4"
"4vXcj9ApKxm","2026-08-02 23:52:05.952","2026-08-02 23:52:05.952","4vXcj9ApKxm","18377762","[PREMIUM]","[PREMIUM]","[PREMIUM]","121","Section 121","10",2,"[]","2026-10-14 00:00:00","electronic","exchange",5,"[PREMIUM]","2"
"4vXcj9ApK08","2026-08-02 23:52:05.952","2026-08-02 23:52:05.952","4vXcj9ApK08","18377762","[PREMIUM]","[PREMIUM]","[PREMIUM]","7","Section 7","9",4,"[]","2026-10-14 00:00:00","electronic","exchange",5,"[PREMIUM]","4"
"4vXcj9ApKKb","2026-08-02 23:52:05.952","2026-08-02 23:52:05.952","4vXcj9ApKKb","18377762","[PREMIUM]","[PREMIUM]","[PREMIUM]","113","Section 113","4",2,"[]","2026-10-14 00:00:00","electronic","exchange",5,"[PREMIUM]","2"
"5EjuZ6RpnXY","2026-08-02 23:52:05.952","2026-08-02 23:52:05.952","5EjuZ6RpnXY","18377762","[PREMIUM]","[PREMIUM]","[PREMIUM]","116","Section 116","13",2,"[]","2026-10-14 00:00:00","electronic","exchange",5,"[PREMIUM]","2"
"5EjuZ6Rp5L5","2026-08-02 23:52:05.952","2026-08-02 23:52:05.952","5EjuZ6Rp5L5","18377762","[PREMIUM]","[PREMIUM]","[PREMIUM]","125","Section 125","4",2,"[]","2026-10-14 00:00:00","electronic","exchange",5,"[PREMIUM]","2"
"5EjuZ6RpR7K","2026-08-02 23:52:05.952","2026-08-02 23:52:05.952","5EjuZ6RpR7K","18377762","[PREMIUM]","[PREMIUM]","[PREMIUM]","3","Section 3","8",4,"[]","2026-10-14 00:00:00","electronic","exchange",5,"[PREMIUM]","4"
"5EjuZ6Rpnz7","2026-08-02 23:52:05.952","2026-08-02 23:52:05.952","5EjuZ6Rpnz7","18377762","[PREMIUM]","[PREMIUM]","[PREMIUM]","229","Section 229","4",4,"[]","2026-10-14 00:00:00","electronic","exchange",5,"[PREMIUM]","4"
"6mOhkADdwgL","2026-08-02 23:52:05.952","2026-08-02 23:52:05.952","6mOhkADdwgL","18377762","[PREMIUM]","[PREMIUM]","[PREMIUM]","6","Section 6","3",2,"[]","2026-10-14 00:00:00","electronic","exchange",4,"[PREMIUM]","2"
"6mOhkADdA6o","2026-08-02 23:52:05.952","2026-08-02 23:52:05.952","6mOhkADdA6o","18377762","[PREMIUM]","[PREMIUM]","[PREMIUM]","208","Section 208","7",2,"[]","2026-10-14 00:00:00","electronic","exchange",5,"[PREMIUM]","2"
"7KntAlGxrp9","2026-08-02 23:52:05.952","2026-08-02 23:52:05.952","7KntAlGxrp9","18377762","[PREMIUM]","[PREMIUM]","[PREMIUM]","212","Section 212","2",3,"[]","2026-10-14 00:00:00","electronic","exchange",4,"[PREMIUM]","3"
"7KntAlGpGBn","2026-08-02 23:52:05.952","2026-08-02 23:52:05.952","7KntAlGpGBn","18377762","[PREMIUM]","[PREMIUM]","[PREMIUM]","129","Section 129","2",4,"[]","2026-10-14 00:00:00","electronic","exchange",5,"[PREMIUM]","4"
"8lKt6YepY7J","2026-08-02 23:52:05.952","2026-08-02 23:52:05.952","8lKt6YepY7J","18377762","[PREMIUM]","[PREMIUM]","[PREMIUM]","14","Section 14","23",2,"[]","2026-10-14 00:00:00","electronic","exchange",5,"[PREMIUM]","2"
"8lKt6Yepgxe","2026-08-02 23:52:05.952","2026-08-02 23:52:05.952","8lKt6Yepgxe","18377762","[PREMIUM]","[PREMIUM]","[PREMIUM]","103","Section 103","9",2,"[]","2026-10-14 00:00:00","electronic","exchange",5,"[PREMIUM]","2"
"8lKt6Yep7Mp","2026-08-02 23:52:05.952","2026-08-02 23:52:05.952","8lKt6Yep7Mp","18377762","[PREMIUM]","[PREMIUM]","[PREMIUM]","226","Section 226","2",2,"[]","2026-10-14 00:00:00","electronic","exchange",4,"[PREMIUM]","2"
"8lKt6YepgdG","2026-08-02 23:52:05.952","2026-08-02 23:52:05.952","8lKt6YepgdG","18377762","[PREMIUM]","[PREMIUM]","[PREMIUM]","121","Section 121","13",2,"[]","2026-10-14 00:00:00","electronic","exchange",5,"[PREMIUM]","2"
"8lKt6YepdBG","2026-08-02 23:52:05.952","2026-08-02 23:52:05.952","8lKt6YepdBG","18377762","[PREMIUM]","[PREMIUM]","[PREMIUM]","130","Section 130","4",4,"[]","2026-10-14 00:00:00","electronic","exchange",5,"[PREMIUM]","4"
"9P2c5qgpMpn","2026-08-02 23:52:05.952","2026-08-02 23:52:05.952","9P2c5qgpMpn","18377762","[PREMIUM]","[PREMIUM]","[PREMIUM]","125","Section 125","6",3,"[]","2026-10-14 00:00:00","electronic","exchange",5,"[PREMIUM]","3"
"9P2c5qgpDmn","2026-08-02 23:52:05.952","2026-08-02 23:52:05.952","9P2c5qgpDmn","18377762","[PREMIUM]","[PREMIUM]","[PREMIUM]","118","Section 118","7",2,"[]","2026-10-14 00:00:00","electronic","exchange",5,"[PREMIUM]","2"
"9P2c5qgpDM6","2026-08-02 23:52:05.952","2026-08-02 23:52:05.952","9P2c5qgpDM6","18377762","[PREMIUM]","[PREMIUM]","[PREMIUM]","109","Section 109","5",4,"[]","2026-10-14 00:00:00","electronic","exchange",5,"[PREMIUM]","4"
"9P2c5qgpq8J","2026-08-02 23:52:05.952","2026-08-02 23:52:05.952","9P2c5qgpq8J","18377762","[PREMIUM]","[PREMIUM]","[PREMIUM]","212","Section 212","3",2,"[]","2026-10-14 00:00:00","electronic","exchange",5,"[PREMIUM]","2"
"9P2c5qgpqm2","2026-08-02 23:52:05.952","2026-08-02 23:52:05.952","9P2c5qgpqm2","18377762","[PREMIUM]","[PREMIUM]","[PREMIUM]","118","Section 118","8",2,"[]","2026-10-14 00:00:00","electronic","exchange",5,"[PREMIUM]","2"
"A6rs27N85Db","2026-08-02 23:52:05.952","2026-08-02 23:52:05.952","A6rs27N85Db","18377762","[PREMIUM]","[PREMIUM]","[PREMIUM]","16","Section 16","9",4,"[]","2026-10-14 00:00:00","electronic","exchange",5,"[PREMIUM]","4"
"BALImXgZJg6","2026-08-02 23:52:05.952","2026-08-02 23:52:05.952","BALImXgZJg6","18377762","[PREMIUM]","[PREMIUM]","[PREMIUM]","120","Section 120","2",2,"[]","2026-10-14 00:00:00","electronic","exchange",3,"[PREMIUM]","2"
"DdwHkOmZOqA","2026-08-02 23:52:05.952","2026-08-02 23:52:05.952","DdwHkOmZOqA","18377762","[PREMIUM]","[PREMIUM]","[PREMIUM]","PL10","Section PL 10","gl1",2,"[]","2026-10-14 00:00:00","electronic","exchange",5,"[PREMIUM]","2"
"DdwHkOmZOKP","2026-08-02 23:52:05.952","2026-08-02 23:52:05.952","DdwHkOmZOKP","18377762","[PREMIUM]","[PREMIUM]","[PREMIUM]","127","Section 127","6",2,"[]","2026-10-14 00:00:00","electronic","exchange",5,"[PREMIUM]","2"
"DdwHkOmZAzK","2026-08-02 23:52:05.952","2026-08-02 23:52:05.952","DdwHkOmZAzK","18377762","[PREMIUM]","[PREMIUM]","[PREMIUM]","108","Section 108","6",4,"[]","2026-10-14 00:00:00","electronic","exchange",5,"[PREMIUM]","4"
"DdwHkOmZvdO","2026-08-02 23:52:05.952","2026-08-02 23:52:05.952","DdwHkOmZvdO","18377762","[PREMIUM]","[PREMIUM]","[PREMIUM]","103","Section 103","10",2,"[]","2026-10-14 00:00:00","electronic","exchange",5,"[PREMIUM]","2"
"EroUXn0Zxz0","2026-08-02 23:52:05.952","2026-08-02 23:52:05.952","EroUXn0Zxz0","18377762","[PREMIUM]","[PREMIUM]","[PREMIUM]","17","Section 17","18",4,"[]","2026-10-14 00:00:00","electronic","exchange",5,"[PREMIUM]","4"
"EroUXn0Z0Z6","2026-08-02 23:52:05.952","2026-08-02 23:52:05.952","EroUXn0Z0Z6","18377762","[PREMIUM]","[PREMIUM]","[PREMIUM]","213","Section 213","2",2,"[]","2026-10-14 00:00:00","electronic","exchange",2,"[PREMIUM]","2"
"GAaI62ndOPz","2026-08-02 23:52:05.952","2026-08-02 23:52:05.952","GAaI62ndOPz","18377762","[PREMIUM]","[PREMIUM]","[PREMIUM]","112","Section 112","2",3,"[]","2026-10-14 00:00:00","electronic","exchange",5,"[PREMIUM]","3"
"GAaI62nZGpe","2026-08-02 23:52:05.952","2026-08-02 23:52:05.952","GAaI62nZGpe","18377762","[PREMIUM]","[PREMIUM]","[PREMIUM]","5","Section 5","15",4,"[]","2026-10-14 00:00:00","electronic","exchange",5,"[PREMIUM]","4"
"JABI398Z828","2026-08-02 23:52:05.952","2026-08-02 23:52:05.952","JABI398Z828","18377762","[PREMIUM]","[PREMIUM]","[PREMIUM]","PL6","Section PL 6","2",3,"[]","2026-10-14 00:00:00","electronic","exchange",5,"[PREMIUM]","3"
"JABI398ZR5E","2026-08-02 23:52:05.952","2026-08-02 23:52:05.952","JABI398ZR5E","18377762","[PREMIUM]","[PREMIUM]","[PREMIUM]","9","Section 9","9",2,"[]","2026-10-14 00:00:00","electronic","exchange",5,"[PREMIUM]","2"
"JABI398ZOG2","2026-08-02 23:52:05.952","2026-08-02 23:52:05.952","JABI398ZOG2","18377762","[PREMIUM]","[PREMIUM]","[PREMIUM]","9","Section 9","6",2,"[]","2026-10-14 00:00:00","electronic","exchange",4,"[PREMIUM]","2"
"JABI398ZEZ8","2026-08-02 23:52:05.952","2026-08-02 23:52:05.952","JABI398ZEZ8","18377762","[PREMIUM]","[PREMIUM]","[PREMIUM]","114","Section 114","2",4,"[]","2026-10-14 00:00:00","electronic","exchange",5,"[PREMIUM]","4"
"JABI398Z9Dx","2026-08-02 23:52:05.952","2026-08-02 23:52:05.952","JABI398Z9Dx","18377762","[PREMIUM]","[PREMIUM]","[PREMIUM]","4","Section 4","14",2,"[]","2026-10-14 00:00:00","electronic","exchange",5,"[PREMIUM]","2"
"JABI398Z8N4","2026-08-02 23:52:05.952","2026-08-02 23:52:05.952","JABI398Z8N4","18377762","[PREMIUM]","[PREMIUM]","[PREMIUM]","102","Section 102","3",3,"[]","2026-10-14 00:00:00","electronic","exchange",5,"[PREMIUM]","3"
"JABI398Zjez","2026-08-02 23:52:05.952","2026-08-02 23:52:05.952","JABI398Zjez","18377762","[PREMIUM]","[PREMIUM]","[PREMIUM]","117","Section 117","13",2,"[]","2026-10-14 00:00:00","electronic","exchange",5,"[PREMIUM]","2"
"Kezcz6KZeX3","2026-08-02 23:52:05.952","2026-08-02 23:52:05.952","Kezcz6KZeX3","18377762","[PREMIUM]","[PREMIUM]","[PREMIUM]","128","Section 128","7",2,"[]","2026-10-14 00:00:00","electronic","exchange",5,"[PREMIUM]","2"
"LbviLEJZzkO","2026-08-02 23:52:05.952","2026-08-02 23:52:05.952","LbviLEJZzkO","18377762","[PREMIUM]","[PREMIUM]","[PREMIUM]","208","Section 208","8",2,"[]","2026-10-14 00:00:00","electronic","exchange",5,"[PREMIUM]","2"
"LbviLEJZ2xZ","2026-08-02 23:52:05.952","2026-08-02 23:52:05.952","LbviLEJZ2xZ","18377762","[PREMIUM]","[PREMIUM]","[PREMIUM]","231","Section 231","4",2,"[]","2026-10-14 00:00:00","electronic","exchange",5,"[PREMIUM]","2"
"LbviLEJZzrg","2026-08-02 23:52:05.952","2026-08-02 23:52:05.952","LbviLEJZzrg","18377762","[PREMIUM]","[PREMIUM]","[PREMIUM]","15","Section 15","10",2,"[]","2026-10-14 00:00:00","electronic","exchange",5,"[PREMIUM]","2"
"LbviLEJZKOA","2026-08-02 23:52:05.952","2026-08-02 23:52:05.952","LbviLEJZKOA","18377762","[PREMIUM]","[PREMIUM]","[PREMIUM]","211","Section 211","4",4,"[]","2026-10-14 00:00:00","electronic","exchange",5,"[PREMIUM]","4"
"LbviLEJZELo","2026-08-02 23:52:05.952","2026-08-02 23:52:05.952","LbviLEJZELo","18377762","[PREMIUM]","[PREMIUM]","[PREMIUM]","128","Section 128","8",2,"[]","2026-10-14 00:00:00","electronic","exchange",5,"[PREMIUM]","2"
"MAeIPlOZ92o","2026-08-02 23:52:05.952","2026-08-02 23:52:05.952","MAeIPlOZ92o","18377762","[PREMIUM]","[PREMIUM]","[PREMIUM]","106","Section 106","1",3,"[]","2026-10-14 00:00:00","electronic","exchange",3,"[PREMIUM]","3"
"MAeIPlOZK3p","2026-08-02 23:52:05.952","2026-08-02 23:52:05.952","MAeIPlOZK3p","18377762","[PREMIUM]","[PREMIUM]","[PREMIUM]","112","Section 112","3",4,"[]","2026-10-14 00:00:00","electronic","exchange",5,"[PREMIUM]","4"
"MAeIPlOZK42","2026-08-02 23:52:05.952","2026-08-02 23:52:05.952","MAeIPlOZK42","18377762","[PREMIUM]","[PREMIUM]","[PREMIUM]","212","Section 212","4",2,"[]","2026-10-14 00:00:00","electronic","exchange",5,"[PREMIUM]","2"
"MAeIPlOZNGN","2026-08-02 23:52:05.952","2026-08-02 23:52:05.952","MAeIPlOZNGN","18377762","[PREMIUM]","[PREMIUM]","[PREMIUM]","14","Section 14","14",2,"[]","2026-10-14 00:00:00","electronic","exchange",5,"[PREMIUM]","2"
"MAeIPlOZlP3","2026-08-02 23:52:05.952","2026-08-02 23:52:05.952","MAeIPlOZlP3","18377762","[PREMIUM]","[PREMIUM]","[PREMIUM]","7","Section 7","10",4,"[]","2026-10-14 00:00:00","electronic","exchange",5,"[PREMIUM]","4"
"NrqUv4GXeNY","2026-08-02 23:52:05.952","2026-08-02 23:52:05.952","NrqUv4GXeNY","18377762","[PREMIUM]","[PREMIUM]","[PREMIUM]","112","Section 112","2",3,"[]","2026-10-14 00:00:00","electronic","exchange",5,"[PREMIUM]","3"
"NrqUv4GZ3eB","2026-08-02 23:52:05.952","2026-08-02 23:52:05.952","NrqUv4GZ3eB","18377762","[PREMIUM]","[PREMIUM]","[PREMIUM]","PL8","Section PL 8","4",2,"[]","2026-10-14 00:00:00","electronic","exchange",2,"[PREMIUM]","2"
"NrqUv4GZ6z4","2026-08-02 23:52:05.952","2026-08-02 23:52:05.952","NrqUv4GZ6z4","18377762","[PREMIUM]","[PREMIUM]","[PREMIUM]","22","Section 22","14",2,"[]","2026-10-14 00:00:00","electronic","exchange",5,"[PREMIUM]","2"
"NrqUv4GZ3KO","2026-08-02 23:52:05.952","2026-08-02 23:52:05.952","NrqUv4GZ3KO","18377762","[PREMIUM]","[PREMIUM]","[PREMIUM]","12","Section 12","8",4,"[]","2026-10-14 00:00:00","electronic","exchange",5,"[PREMIUM]","4"
"O7AhwrZ8DYV","2026-08-02 23:52:05.952","2026-08-02 23:52:05.952","O7AhwrZ8DYV","18377762","[PREMIUM]","[PREMIUM]","[PREMIUM]","103","Section 103","9",2,"[]","2026-10-14 00:00:00","electronic","exchange",5,"[PREMIUM]","2"
"O7AhwrZ8pd5","2026-08-02 23:52:05.952","2026-08-02 23:52:05.952","O7AhwrZ8pd5","18377762","[PREMIUM]","[PREMIUM]","[PREMIUM]","120","Section 120","4",2,"[]","2026-10-14 00:00:00","electronic","exchange",3,"[PREMIUM]","2"
"PX0sgLMOlNx","2026-08-02 23:52:05.952","2026-08-02 23:52:05.952","PX0sgLMOlNx","18377762","[PREMIUM]","[PREMIUM]","[PREMIUM]","122","Section 122","9",2,"[]","2026-10-14 00:00:00","electronic","exchange",5,"[PREMIUM]","2"
"ROXHzw575P4","2026-08-02 23:52:05.952","2026-08-02 23:52:05.952","ROXHzw575P4","18377762","[PREMIUM]","[PREMIUM]","[PREMIUM]","20","Section 20","15",4,"[]","2026-10-14 00:00:00","electronic","exchange",5,"[PREMIUM]","4"
"V4KU0MqnJXw","2026-08-02 23:52:05.952","2026-08-02 23:52:05.952","V4KU0MqnJXw","18377762","[PREMIUM]","[PREMIUM]","[PREMIUM]","118","Section 118","1",2,"[]","2026-10-14 00:00:00","electronic","exchange",3,"[PREMIUM]","2"
"V4KU0Mqngk7","2026-08-02 23:52:05.952","2026-08-02 23:52:05.952","V4KU0Mqngk7","18377762","[PREMIUM]","[PREMIUM]","[PREMIUM]","13","Section 13","8",4,"[]","2026-10-14 00:00:00","electronic","exchange",5,"[PREMIUM]","4"
"V4KU0MqnD4O","2026-08-02 23:52:05.952","2026-08-02 23:52:05.952","V4KU0MqnD4O","18377762","[PREMIUM]","[PREMIUM]","[PREMIUM]","PL10","Section PL 10","gl1",3,"[]","2026-10-14 00:00:00","electronic","exchange",5,"[PREMIUM]","3"
"X03tKjnBlEg","2026-08-02 23:52:05.952","2026-08-02 23:52:05.952","X03tKjnBlEg","18377762","[PREMIUM]","[PREMIUM]","[PREMIUM]","2","Section 2","8",4,"[]","2026-10-14 00:00:00","electronic","exchange",5,"[PREMIUM]","4"
"X03tKjnBVzK","2026-08-02 23:52:05.952","2026-08-02 23:52:05.952","X03tKjnBVzK","18377762","[PREMIUM]","[PREMIUM]","[PREMIUM]","128","Section 128","2",2,"[]","2026-10-14 00:00:00","electronic","exchange",5,"[PREMIUM]","2"
"X03tKjnBxvB","2026-08-02 23:52:05.952","2026-08-02 23:52:05.952","X03tKjnBxvB","18377762","[PREMIUM]","[PREMIUM]","[PREMIUM]","14","Section 14","7",2,"[]","2026-10-14 00:00:00","electronic","exchange",5,"[PREMIUM]","2"
"X03tKjnEqae","2026-08-02 23:52:05.952","2026-08-02 23:52:05.952","X03tKjnEqae","18377762","[PREMIUM]","[PREMIUM]","[PREMIUM]","2","Section 2","7",4,"[]","2026-10-14 00:00:00","electronic","exchange",5,"[PREMIUM]","4"
"X03tKjnBjRp","2026-08-02 23:52:05.952","2026-08-02 23:52:05.952","X03tKjnBjRp","18377762","[PREMIUM]","[PREMIUM]","[PREMIUM]","129","Section 129","8",3,"[]","2026-10-14 00:00:00","electronic","exchange",5,"[PREMIUM]","3"
"YgJtk645pqX","2026-08-02 23:52:05.952","2026-08-02 23:52:05.952","YgJtk645pqX","18377762","[PREMIUM]","[PREMIUM]","[PREMIUM]","230","Section 230","4",4,"[]","2026-10-14 00:00:00","electronic","exchange",4,"[PREMIUM]","4"
"YgJtk6454Zw","2026-08-02 23:52:05.952","2026-08-02 23:52:05.952","YgJtk6454Zw","18377762","[PREMIUM]","[PREMIUM]","[PREMIUM]","15","Section 15","19",2,"[]","2026-10-14 00:00:00","electronic","exchange",5,"[PREMIUM]","2"
"YgJtk645ERq","2026-08-02 23:52:05.952","2026-08-02 23:52:05.952","YgJtk645ERq","18377762","[PREMIUM]","[PREMIUM]","[PREMIUM]","227","Section 227","3",4,"[]","2026-10-14 00:00:00","electronic","exchange",4,"[PREMIUM]","4"
"YgJtk6454Xb","2026-08-02 23:52:05.952","2026-08-02 23:52:05.952","YgJtk6454Xb","18377762","[PREMIUM]","[PREMIUM]","[PREMIUM]","105","Section 105","2",4,"[]","2026-10-14 00:00:00","electronic","exchange",4,"[PREMIUM]","4"
"YgJtk645V4n","2026-08-02 23:52:05.952","2026-08-02 23:52:05.952","YgJtk645V4n","18377762","[PREMIUM]","[PREMIUM]","[PREMIUM]","18","Section 18","11",2,"[]","2026-10-14 00:00:00","electronic","exchange",4,"[PREMIUM]","2"
"agktlD3LgX5","2026-08-02 23:52:05.952","2026-08-02 23:52:05.952","agktlD3LgX5","18377762","[PREMIUM]","[PREMIUM]","[PREMIUM]","10","Section 10","6",4,"[]","2026-10-14 00:00:00","electronic","exchange",5,"[PREMIUM]","4"
"agktlD3L3km","2026-08-02 23:52:05.952","2026-08-02 23:52:05.952","agktlD3L3km","18377762","[PREMIUM]","[PREMIUM]","[PREMIUM]","133","Section 133","6",4,"[]","2026-10-14 00:00:00","electronic","exchange",5,"[PREMIUM]","4"
"agktlD3L4Pb","2026-08-02 23:52:05.952","2026-08-02 23:52:05.952","agktlD3L4Pb","18377762","[PREMIUM]","[PREMIUM]","[PREMIUM]","126","Section 126","1",2,"[]","2026-10-14 00:00:00","electronic","exchange",3,"[PREMIUM]","2"
"b4wUaGOzA0J","2026-08-02 23:52:05.952","2026-08-02 23:52:05.952","b4wUaGOzA0J","18377762","[PREMIUM]","[PREMIUM]","[PREMIUM]","131","Section 131","4",4,"[]","2026-10-14 00:00:00","electronic","exchange",5,"[PREMIUM]","4"
"b4wUaGOzo9P","2026-08-02 23:52:05.952","2026-08-02 23:52:05.952","b4wUaGOzo9P","18377762","[PREMIUM]","[PREMIUM]","[PREMIUM]","233","Section 233","9",4,"[]","2026-10-14 00:00:00","electronic","exchange",5,"[PREMIUM]","4"
"dNgUg6bRbo3","2026-08-02 23:52:05.952","2026-08-02 23:52:05.952","dNgUg6bRbo3","18377762","[PREMIUM]","[PREMIUM]","[PREMIUM]","PL14","Section PL 14","2",2,"[]","2026-10-14 00:00:00","electronic","exchange",5,"[PREMIUM]","2"
"dNgUg6bR5N5","2026-08-02 23:52:05.952","2026-08-02 23:52:05.952","dNgUg6bR5N5","18377762","[PREMIUM]","[PREMIUM]","[PREMIUM]","15","Section 15","14",4,"[]","2026-10-14 00:00:00","electronic","exchange",5,"[PREMIUM]","4"
"dNgUg6bRvXn","2026-08-02 23:52:05.952","2026-08-02 23:52:05.952","dNgUg6bRvXn","18377762","[PREMIUM]","[PREMIUM]","[PREMIUM]","110","Section 110","4",2,"[]","2026-10-14 00:00:00","electronic","exchange",5,"[PREMIUM]","2"
"dNgUg6bRjBZ","2026-08-02 23:52:05.952","2026-08-02 23:52:05.952","dNgUg6bRjBZ","18377762","[PREMIUM]","[PREMIUM]","[PREMIUM]","104","Section 104","1",3,"[]","2026-10-14 00:00:00","electronic","exchange",3,"[PREMIUM]","3"
"dNgUg6bRj02","2026-08-02 23:52:05.952","2026-08-02 23:52:05.952","dNgUg6bRj02","18377762","[PREMIUM]","[PREMIUM]","[PREMIUM]","115","Section 115","2",4,"[]","2026-10-14 00:00:00","electronic","exchange",5,"[PREMIUM]","4"
"eeacK2ZbvVp","2026-08-02 23:52:05.952","2026-08-02 23:52:05.952","eeacK2ZbvVp","18377762","[PREMIUM]","[PREMIUM]","[PREMIUM]","PL19","Section PL 19","3",2,"[]","2026-10-14 00:00:00","electronic","exchange",0,"[PREMIUM]","2"
"eeacK2ZbDrR","2026-08-02 23:52:05.952","2026-08-02 23:52:05.952","eeacK2ZbDrR","18377762","[PREMIUM]","[PREMIUM]","[PREMIUM]","120","Section 120","3",2,"[]","2026-10-14 00:00:00","electronic","exchange",3,"[PREMIUM]","2"
"eeacK2ZbDRn","2026-08-02 23:52:05.952","2026-08-02 23:52:05.952","eeacK2ZbDRn","18377762","[PREMIUM]","[PREMIUM]","[PREMIUM]","116","Section 116","3",4,"[]","2026-10-14 00:00:00","electronic","exchange",5,"[PREMIUM]","4"
"eeacK2ZbD0d","2026-08-02 23:52:05.952","2026-08-02 23:52:05.952","eeacK2ZbD0d","18377762","[PREMIUM]","[PREMIUM]","[PREMIUM]","22","Section 22","9",2,"[]","2026-10-14 00:00:00","electronic","exchange",5,"[PREMIUM]","2"
"eeacK2Zb2kz","2026-08-02 23:52:05.952","2026-08-02 23:52:05.952","eeacK2Zb2kz","18377762","[PREMIUM]","[PREMIUM]","[PREMIUM]","104","Section 104","2",4,"[]","2026-10-14 00:00:00","electronic","exchange",5,"[PREMIUM]","4"
"g48UroDA6rZ","2026-08-02 23:52:05.952","2026-08-02 23:52:05.952","g48UroDA6rZ","18377762","[PREMIUM]","[PREMIUM]","[PREMIUM]","128","Section 128","4",2,"[]","2026-10-14 00:00:00","electronic","exchange",5,"[PREMIUM]","2"
"g48UroDA4az","2026-08-02 23:52:05.952","2026-08-02 23:52:05.952","g48UroDA4az","18377762","[PREMIUM]","[PREMIUM]","[PREMIUM]","4","Section 4","9",4,"[]","2026-10-14 00:00:00","electronic","exchange",5,"[PREMIUM]","4"
"g48UroDANZR","2026-08-02 23:52:05.952","2026-08-02 23:52:05.952","g48UroDANZR","18377762","[PREMIUM]","[PREMIUM]","[PREMIUM]","216","Section 216","5",2,"[]","2026-10-14 00:00:00","electronic","exchange",5,"[PREMIUM]","2"
"g48UroDAOav","2026-08-02 23:52:05.952","2026-08-02 23:52:05.952","g48UroDAOav","18377762","[PREMIUM]","[PREMIUM]","[PREMIUM]","124","Section 124","4",2,"[]","2026-10-14 00:00:00","electronic","exchange",4,"[PREMIUM]","2"
"g48UroDAjKn","2026-08-02 23:52:05.952","2026-08-02 23:52:05.952","g48UroDAjKn","18377762","[PREMIUM]","[PREMIUM]","[PREMIUM]","16","Section 16","10",4,"[]","2026-10-14 00:00:00","electronic","exchange",5,"[PREMIUM]","4"
"jDvsz7gA7Ya","2026-08-02 23:52:05.952","2026-08-02 23:52:05.952","jDvsz7gA7Ya","18377762","[PREMIUM]","[PREMIUM]","[PREMIUM]","103","Section 103","12",2,"[]","2026-10-14 00:00:00","electronic","exchange",5,"[PREMIUM]","2"
"jDvsz7gA7xa","2026-08-02 23:52:05.952","2026-08-02 23:52:05.952","jDvsz7gA7xa","18377762","[PREMIUM]","[PREMIUM]","[PREMIUM]","126","Section 126","5",2,"[]","2026-10-14 00:00:00","electronic","exchange",5,"[PREMIUM]","2"
"kYet94jz6V7","2026-08-02 23:52:05.952","2026-08-02 23:52:05.952","kYet94jz6V7","18377762","[PREMIUM]","[PREMIUM]","[PREMIUM]","PL13","Section PL 13","2",2,"[]","2026-10-14 00:00:00","electronic","exchange",5,"[PREMIUM]","2"
"kYet94jz4Kd","2026-08-02 23:52:05.952","2026-08-02 23:52:05.952","kYet94jz4Kd","18377762","[PREMIUM]","[PREMIUM]","[PREMIUM]","111","Section 111","3",4,"[]","2026-10-14 00:00:00","electronic","exchange",5,"[PREMIUM]","4"
"kYet94jz6AK","2026-08-02 23:52:05.952","2026-08-02 23:52:05.952","kYet94jz6AK","18377762","[PREMIUM]","[PREMIUM]","[PREMIUM]","11","Section 11","15",2,"[]","2026-10-14 00:00:00","electronic","exchange",5,"[PREMIUM]","2"
"kYet94jPYxg","2026-08-02 23:52:05.952","2026-08-02 23:52:05.952","kYet94jPYxg","18377762","[PREMIUM]","[PREMIUM]","[PREMIUM]","6","Section 6","13",2,"[]","2026-10-14 00:00:00","electronic","exchange",5,"[PREMIUM]","2"
"lxVsdLAD3Bo","2026-08-02 23:52:05.952","2026-08-02 23:52:05.952","lxVsdLAD3Bo","18377762","[PREMIUM]","[PREMIUM]","[PREMIUM]","PL19","Section PL 19","3",4,"[]","2026-10-14 00:00:00","electronic","exchange",0,"[PREMIUM]","4"
"lxVsdLAD3kB","2026-08-02 23:52:05.952","2026-08-02 23:52:05.952","lxVsdLAD3kB","18377762","[PREMIUM]","[PREMIUM]","[PREMIUM]","111","Section 111","3",4,"[]","2026-10-14 00:00:00","electronic","exchange",5,"[PREMIUM]","4"
"lxVsdLAD3m5","2026-08-02 23:52:05.952","2026-08-02 23:52:05.952","lxVsdLAD3m5","18377762","[PREMIUM]","[PREMIUM]","[PREMIUM]","5","Section 5","10",4,"[]","2026-10-14 00:00:00","electronic","exchange",5,"[PREMIUM]","4"
"lxVsdLAD3qm","2026-08-02 23:52:05.952","2026-08-02 23:52:05.952","lxVsdLAD3qm","18377762","[PREMIUM]","[PREMIUM]","[PREMIUM]","232","Section 232","2",4,"[]","2026-10-14 00:00:00","electronic","exchange",4,"[PREMIUM]","4"
"lxVsdLAD4L2","2026-08-02 23:52:05.952","2026-08-02 23:52:05.952","lxVsdLAD4L2","18377762","[PREMIUM]","[PREMIUM]","[PREMIUM]","232","Section 232","4",2,"[]","2026-10-14 00:00:00","electronic","exchange",5,"[PREMIUM]","2"
"lxVsdLAD8OM","2026-08-02 23:52:05.952","2026-08-02 23:52:05.952","lxVsdLAD8OM","18377762","[PREMIUM]","[PREMIUM]","[PREMIUM]","10","Section 10","4",4,"[]","2026-10-14 00:00:00","electronic","exchange",5,"[PREMIUM]","4"
"lxVsdLAD8lw","2026-08-02 23:52:05.952","2026-08-02 23:52:05.952","lxVsdLAD8lw","18377762","[PREMIUM]","[PREMIUM]","[PREMIUM]","119","Section 119","13",4,"[]","2026-10-14 00:00:00","electronic","exchange",5,"[PREMIUM]","4"
"lxVsdLAD8mb","2026-08-02 23:52:05.952","2026-08-02 23:52:05.952","lxVsdLAD8mb","18377762","[PREMIUM]","[PREMIUM]","[PREMIUM]","212","Section 212","2",3,"[]","2026-10-14 00:00:00","electronic","exchange",4,"[PREMIUM]","3"
"lxVsdLADAp4","2026-08-02 23:52:05.952","2026-08-02 23:52:05.952","lxVsdLADAp4","18377762","[PREMIUM]","[PREMIUM]","[PREMIUM]","2","Section 2","7",4,"[]","2026-10-14 00:00:00","electronic","exchange",5,"[PREMIUM]","4"
"lxVsdLADLNX","2026-08-02 23:52:05.952","2026-08-02 23:52:05.952","lxVsdLADLNX","18377762","[PREMIUM]","[PREMIUM]","[PREMIUM]","133","Section 133","7",4,"[]","2026-10-14 00:00:00","electronic","exchange",5,"[PREMIUM]","4"
"mxAs4YaqPgm","2026-08-02 23:52:05.952","2026-08-15 22:50:11.318","mxAs4YaqPgm","18377762","[PREMIUM]","[PREMIUM]","[PREMIUM]","SUITE 109","Suite 109","GA",21,"[]","2026-09-15 00:00:00","electronic","exchange",1,"[PREMIUM]","1,2,3,4,5,6,7,8,9,10,11,12,13,14,15,16,17,18,19,20,21"
"mxAs4YoDYd4","2026-08-02 23:52:05.952","2026-08-02 23:52:05.952","mxAs4YoDYd4","18377762","[PREMIUM]","[PREMIUM]","[PREMIUM]","3","Section 3","15",4,"[]","2026-10-14 00:00:00","electronic","exchange",5,"[PREMIUM]","4"
"mxAs4YoDx4O","2026-08-02 23:52:05.952","2026-08-02 23:52:05.952","mxAs4YoDx4O","18377762","[PREMIUM]","[PREMIUM]","[PREMIUM]","122","Section 122","10",2,"[]","2026-10-14 00:00:00","electronic","exchange",5,"[PREMIUM]","2"
"mxAs4YoDYqv","2026-08-02 23:52:05.952","2026-08-02 23:52:05.952","mxAs4YoDYqv","18377762","[PREMIUM]","[PREMIUM]","[PREMIUM]","1","Section 1","14",4,"[]","2026-10-14 00:00:00","electronic","exchange",5,"[PREMIUM]","4"
"oV7HbE7d6qJ","2026-08-02 23:52:05.952","2026-08-02 23:52:05.952","oV7HbE7d6qJ","18377762","[PREMIUM]","[PREMIUM]","[PREMIUM]","131","Section 131","4",2,"[]","2026-10-14 00:00:00","electronic","exchange",5,"[PREMIUM]","2"
"oV7HbE7d5OK","2026-08-02 23:52:05.952","2026-08-02 23:52:05.952","oV7HbE7d5OK","18377762","[PREMIUM]","[PREMIUM]","[PREMIUM]","216","Section 216","2",2,"[]","2026-10-14 00:00:00","electronic","exchange",5,"[PREMIUM]","2"
"oV7HbE7dG3O","2026-08-02 23:52:05.952","2026-08-02 23:52:05.952","oV7HbE7dG3O","18377762","[PREMIUM]","[PREMIUM]","[PREMIUM]","RST2","Restaurant Ledge 2","b",2,"[]","2026-10-14 00:00:00","electronic","exchange",5,"[PREMIUM]","2"
"oV7HbE7d6ZO","2026-08-02 23:52:05.952","2026-08-02 23:52:05.952","oV7HbE7d6ZO","18377762","[PREMIUM]","[PREMIUM]","[PREMIUM]","18","Section 18","12",4,"[]","2026-10-14 00:00:00","electronic","exchange",4,"[PREMIUM]","4"
"oV7HbE7dgbJ","2026-08-02 23:52:05.952","2026-08-02 23:52:05.952","oV7HbE7dgbJ","18377762","[PREMIUM]","[PREMIUM]","[PREMIUM]","115","Section 115","3",2,"[]","2026-10-14 00:00:00","electronic","exchange",5,"[PREMIUM]","2"
"oV7HbE7dNYg","2026-08-02 23:52:05.952","2026-08-02 23:52:05.952","oV7HbE7dNYg","18377762","[PREMIUM]","[PREMIUM]","[PREMIUM]","109","Section 109","3",4,"[]","2026-10-14 00:00:00","electronic","exchange",5,"[PREMIUM]","4"
"pVXHDEXVmMn","2026-08-02 23:52:05.952","2026-08-02 23:52:05.952","pVXHDEXVmMn","18377762","[PREMIUM]","[PREMIUM]","[PREMIUM]","102","Section 102","3",3,"[]","2026-10-14 00:00:00","electronic","exchange",5,"[PREMIUM]","3"
"pVXHDEXz7Jm","2026-08-02 23:52:05.952","2026-08-02 23:52:05.952","pVXHDEXz7Jm","18377762","[PREMIUM]","[PREMIUM]","[PREMIUM]","21","Section 21","11",4,"[]","2026-10-14 00:00:00","electronic","exchange",5,"[PREMIUM]","4"
"pVXHDEXzXpO","2026-08-02 23:52:05.952","2026-08-02 23:52:05.952","pVXHDEXzXpO","18377762","[PREMIUM]","[PREMIUM]","[PREMIUM]","107","Section 107","14",2,"[]","2026-10-14 00:00:00","electronic","exchange",5,"[PREMIUM]","2"
"pVXHDEXz8eg","2026-08-02 23:52:05.952","2026-08-02 23:52:05.952","pVXHDEXz8eg","18377762","[PREMIUM]","[PREMIUM]","[PREMIUM]","18","Section 18","12",2,"[]","2026-10-14 00:00:00","electronic","exchange",5,"[PREMIUM]","2"
"qVjH2VDkwR2","2026-08-02 23:52:05.952","2026-08-02 23:52:05.952","qVjH2VDkwR2","18377762","[PREMIUM]","[PREMIUM]","[PREMIUM]","105","Section 105","2",4,"[]","2026-10-14 00:00:00","electronic","exchange",4,"[PREMIUM]","4"
"rVOHkROAOAR","2026-08-02 23:52:05.952","2026-08-02 23:52:05.952","rVOHkROAOAR","18377762","[PREMIUM]","[PREMIUM]","[PREMIUM]","233","Section 233","3",2,"[]","2026-10-14 00:00:00","electronic","exchange",5,"[PREMIUM]","2"
"rVOHkROA5ve","2026-08-02 23:52:05.952","2026-08-02 23:52:05.952","rVOHkROA5ve","18377762","[PREMIUM]","[PREMIUM]","[PREMIUM]","122","Section 122","9",2,"[]","2026-10-14 00:00:00","electronic","exchange",5,"[PREMIUM]","2"
"rVOHkROARlZ","2026-08-02 23:52:05.952","2026-08-02 23:52:05.952","rVOHkROARlZ","18377762","[PREMIUM]","[PREMIUM]","[PREMIUM]","123","Section 123","11",2,"[]","2026-10-14 00:00:00","electronic","exchange",5,"[PREMIUM]","2"
"rVOHkROANZ8","2026-08-02 23:52:05.952","2026-08-02 23:52:05.952","rVOHkROANZ8","18377762","[PREMIUM]","[PREMIUM]","[PREMIUM]","127","Section 127","4",2,"[]","2026-10-14 00:00:00","electronic","exchange",5,"[PREMIUM]","2"
"rVOHkROAZKl","2026-08-02 23:52:05.952","2026-08-02 23:52:05.952","rVOHkROAZKl","18377762","[PREMIUM]","[PREMIUM]","[PREMIUM]","22","Section 22","8",2,"[]","2026-10-14 00:00:00","electronic","exchange",5,"[PREMIUM]","2"
"rVOHkROANkP","2026-08-02 23:52:05.952","2026-08-02 23:52:05.952","rVOHkROANkP","18377762","[PREMIUM]","[PREMIUM]","[PREMIUM]","13","Section 13","7",4,"[]","2026-10-14 00:00:00","electronic","exchange",5,"[PREMIUM]","4"
"rVOHkROAb9J","2026-08-02 23:52:05.952","2026-08-02 23:52:05.952","rVOHkROAb9J","18377762","[PREMIUM]","[PREMIUM]","[PREMIUM]","20","Section 20","17",2,"[]","2026-10-14 00:00:00","electronic","exchange",5,"[PREMIUM]","2"
"vb3iPeDjNbA","2026-08-02 23:52:05.952","2026-08-02 23:52:05.952","vb3iPeDjNbA","18377762","[PREMIUM]","[PREMIUM]","[PREMIUM]","6","Section 6","13",2,"[]","2026-10-14 00:00:00","electronic","exchange",5,"[PREMIUM]","2"
"vb3iPeDjeqo","2026-08-02 23:52:05.952","2026-08-02 23:52:05.952","vb3iPeDjeqo","18377762","[PREMIUM]","[PREMIUM]","[PREMIUM]","9","Section 9","7",4,"[]","2026-10-14 00:00:00","electronic","exchange",4,"[PREMIUM]","4"
"vb3iPeD2O7Z","2026-08-02 23:52:05.952","2026-08-02 23:52:05.952","vb3iPeD2O7Z","18377762","[PREMIUM]","[PREMIUM]","[PREMIUM]","116","Section 116","5",2,"[]","2026-10-14 00:00:00","electronic","exchange",5,"[PREMIUM]","2"
"vb3iPeDjl00","2026-08-02 23:52:05.952","2026-08-02 23:52:05.952","vb3iPeDjl00","18377762","[PREMIUM]","[PREMIUM]","[PREMIUM]","PL7","Section PL 7","3",4,"[]","2026-10-14 00:00:00","electronic","exchange",2,"[PREMIUM]","4"
"vb3iPeDjwRx","2026-08-02 23:52:05.952","2026-08-02 23:52:05.952","vb3iPeDjwRx","18377762","[PREMIUM]","[PREMIUM]","[PREMIUM]","102","Section 102","3",2,"[]","2026-10-14 00:00:00","electronic","exchange",5,"[PREMIUM]","2"
"w3JsedJOdeA","2026-08-02 23:52:05.952","2026-08-02 23:52:05.952","w3JsedJOdeA","18377762","[PREMIUM]","[PREMIUM]","[PREMIUM]","106","Section 106","10",2,"[]","2026-10-14 00:00:00","electronic","exchange",5,"[PREMIUM]","2"
"w3JsedJO0Bl","2026-08-02 23:52:05.952","2026-08-02 23:52:05.952","w3JsedJO0Bl","18377762","[PREMIUM]","[PREMIUM]","[PREMIUM]","117","Section 117","11",3,"[]","2026-10-14 00:00:00","electronic","exchange",5,"[PREMIUM]","3"
"w3JsedJO05Z","2026-08-02 23:52:05.952","2026-08-02 23:52:05.952","w3JsedJO05Z","18377762","[PREMIUM]","[PREMIUM]","[PREMIUM]","112","Section 112","2",3,"[]","2026-10-14 00:00:00","electronic","exchange",5,"[PREMIUM]","3"
"xb9imB9pqOn","2026-08-02 23:52:05.952","2026-08-02 23:52:05.952","xb9imB9pqOn","18377762","[PREMIUM]","[PREMIUM]","[PREMIUM]","20","Section 20","15",4,"[]","2026-10-14 00:00:00","electronic","exchange",5,"[PREMIUM]","4"
"xb9imB9vBX4","2026-08-02 23:52:05.952","2026-08-02 23:52:05.952","xb9imB9vBX4","18377762","[PREMIUM]","[PREMIUM]","[PREMIUM]","211","Section 211","5",2,"[]","2026-10-14 00:00:00","electronic","exchange",5,"[PREMIUM]","2"
"xb9imB9vZMq","2026-08-02 23:52:05.952","2026-08-02 23:52:05.952","xb9imB9vZMq","18377762","[PREMIUM]","[PREMIUM]","[PREMIUM]","110","Section 110","5",4,"[]","2026-10-14 00:00:00","electronic","exchange",5,"[PREMIUM]","4"
"z3Es6qE2voe","2026-08-02 23:52:05.952","2026-08-02 23:52:05.952","z3Es6qE2voe","18377762","[PREMIUM]","[PREMIUM]","[PREMIUM]","120","Section 120","12",2,"[]","2026-10-14 00:00:00","electronic","exchange",5,"[PREMIUM]","2"
"z3Es6qE2va3","2026-08-02 23:52:05.952","2026-08-02 23:52:05.952","z3Es6qE2va3","18377762","[PREMIUM]","[PREMIUM]","[PREMIUM]","6","Section 6","9",4,"[]","2026-10-14 00:00:00","electronic","exchange",5,"[PREMIUM]","4"
"z3Es6qE2qwg","2026-08-02 23:52:05.952","2026-08-02 23:52:05.952","z3Es6qE2qwg","18377762","[PREMIUM]","[PREMIUM]","[PREMIUM]","130","Section 130","4",2,"[]","2026-10-14 00:00:00","electronic","exchange",5,"[PREMIUM]","2"
"z3Es6qE2NDo","2026-08-02 23:52:05.952","2026-08-02 23:52:05.952","z3Es6qE2NDo","18377762","[PREMIUM]","[PREMIUM]","[PREMIUM]","208","Section 208","6",2,"[]","2026-10-14 00:00:00","electronic","exchange",5,"[PREMIUM]","2"
"z3Es6qE2N4q","2026-08-02 23:52:05.952","2026-08-02 23:52:05.952","z3Es6qE2N4q","18377762","[PREMIUM]","[PREMIUM]","[PREMIUM]","227","Section 227","2",4,"[]","2026-10-14 00:00:00","electronic","exchange",2,"[PREMIUM]","4"
"z3Es6qE2EJo","2026-08-02 23:52:05.952","2026-08-02 23:52:05.952","z3Es6qE2EJo","18377762","[PREMIUM]","[PREMIUM]","[PREMIUM]","1","Section 1","10",3,"[]","2026-10-14 00:00:00","electronic","exchange",5,"[PREMIUM]","3"
"2v0cz3k3bm4","2026-08-02 23:50:21.658","2026-08-03 23:20:16.325","2v0cz3k3bm4","18378578","[PREMIUM]","[PREMIUM]","[PREMIUM]","116","Section 116","11",3,"[]","2026-10-12 00:00:00","electronic","exchange",2,"[PREMIUM]","1,2,3"
"2v0cz3xNP2w","2026-08-02 23:50:21.658","2026-08-15 11:36:19.293","2v0cz3xNP2w","18378578","[PREMIUM]","[PREMIUM]","[PREMIUM]","104","Section 104","23",4,"[]","2026-10-12 00:00:00","electronic","exchange",1,"[PREMIUM]","2,4"
"2v0cz3xzv5b","2026-08-02 23:50:21.658","2026-08-02 23:50:21.658","2v0cz3xzv5b","18378578","[PREMIUM]","[PREMIUM]","[PREMIUM]","113","Section 113","22",2,"[]","2026-10-12 00:00:00","electronic","exchange",5,"[PREMIUM]","2"
"3q7fNJreZrp","2026-08-02 23:50:21.658","2026-08-14 15:30:15.104","3q7fNJreZrp","18378578","[PREMIUM]","[PREMIUM]","[PREMIUM]","104","Section 104","23",4,"[]","2026-10-12 00:00:00","electronic","exchange",2,"[PREMIUM]","2,4"
"3q7fNJreExE","2026-08-02 23:50:21.658","2026-08-15 11:36:19.293","3q7fNJreExE","18378578","[PREMIUM]","[PREMIUM]","[PREMIUM]","104","Section 104","23",4,"[]","2026-10-12 00:00:00","electronic","exchange",1,"[PREMIUM]","2,4"
"3q7fNJzKkpP","2026-08-02 23:50:21.658","2026-08-15 11:36:19.293","3q7fNJzKkpP","18378578","[PREMIUM]","[PREMIUM]","[PREMIUM]","128","Section 128","1",4,"[]","2026-10-12 00:00:00","electronic","exchange",2,"[PREMIUM]","1,2,3,4"
"6mOhkADVL8Z","2026-08-02 23:50:21.658","2026-08-03 23:20:16.325","6mOhkADVL8Z","18378578","[PREMIUM]","[PREMIUM]","[PREMIUM]","117","Section 117","6",4,"[]","2026-10-12 00:00:00","electronic","exchange",5,"[PREMIUM]","1,2,4"
"6mOhkADnxPa","2026-08-02 23:50:21.658","2026-08-03 23:20:16.325","6mOhkADnxPa","18378578","[PREMIUM]","[PREMIUM]","[PREMIUM]","128","Section 128","2",4,"[]","2026-10-11 00:00:00","electronic","exchange",0,"[PREMIUM]","1,2,3,4"
"8lKt6YM6nXn","2026-08-02 23:50:21.658","2026-08-02 23:50:21.658","8lKt6YM6nXn","18378578","[PREMIUM]","[PREMIUM]","[PREMIUM]","103","Section 103","19",2,"[]","2026-10-12 00:00:00","electronic","exchange",5,"[PREMIUM]","2"
"9P2c5qgDdrK","2026-08-02 23:50:21.658","2026-08-09 23:50:29.485","9P2c5qgDdrK","18378578","[PREMIUM]","[PREMIUM]","[PREMIUM]","128","Section 128","1",4,"[]","2026-10-12 00:00:00","electronic","exchange",1,"[PREMIUM]","1,2,3,4"
"9P2c5qn4dkx","2026-08-02 23:50:21.658","2026-08-15 11:36:19.293","9P2c5qn4dkx","18378578","[PREMIUM]","[PREMIUM]","[PREMIUM]","104","Section 104","23",4,"[]","2026-10-12 00:00:00","electronic","exchange",1,"[PREMIUM]","2,4"
"A6rs27NJ6Jg","2026-08-02 23:50:21.658","2026-08-12 00:18:07.055","A6rs27NJ6Jg","18378578","[PREMIUM]","[PREMIUM]","[PREMIUM]","207","Section 207","2",2,"[]","2026-10-12 00:00:00","electronic","exchange",3,"[PREMIUM]","2"
"BALImX3lJgm","2026-08-02 23:50:21.658","2026-08-15 11:36:19.293","BALImX3lJgm","18378578","[PREMIUM]","[PREMIUM]","[PREMIUM]","107","Section 107","18",3,"['13','14','15']","2026-07-21 00:00:00","electronic","exchange",0,"[PREMIUM]","1,3"
"BALImX3ZK38","2026-08-02 23:50:21.658","2026-08-13 00:07:05.184","BALImX3ZK38","18378578","[PREMIUM]","[PREMIUM]","[PREMIUM]","102","Section 102","18",2,"['1','2']","2026-10-10 00:00:00","electronic","exchange",5,"[PREMIUM]","2"
"BALImX38R29","2026-08-02 23:50:21.658","2026-08-15 11:36:19.293","BALImX38R29","18378578","[PREMIUM]","[PREMIUM]","[PREMIUM]","203","Section 203","11",2,"['1','2']","2026-10-10 00:00:00","electronic","exchange",0,"[PREMIUM]","2"
"DdwHkOxqaPa","2026-08-02 23:50:21.658","2026-08-15 11:36:19.293","DdwHkOxqaPa","18378578","[PREMIUM]","[PREMIUM]","[PREMIUM]","104","Section 104","23",4,"[]","2026-10-11 00:00:00","electronic","exchange",3,"[PREMIUM]","1,2,3,4"
"EroUXn0G8v2","2026-08-02 23:50:21.658","2026-08-05 22:38:47.355","EroUXn0G8v2","18378578","[PREMIUM]","[PREMIUM]","[PREMIUM]","128","Section 128","2",4,"[]","2026-10-11 00:00:00","electronic","exchange",0,"[PREMIUM]","1,2,3,4"
"EroUXn0nV4R","2026-08-02 23:50:21.658","2026-08-03 23:20:16.325","EroUXn0nV4R","18378578","[PREMIUM]","[PREMIUM]","[PREMIUM]","116","Section 116","19",3,"[]","2026-10-12 00:00:00","electronic","exchange",2,"[PREMIUM]","1,2,3"
"GAaI627qOnL","2026-08-02 23:50:21.658","2026-08-03 23:20:16.325","GAaI627qOnL","18378578","[PREMIUM]","[PREMIUM]","[PREMIUM]","101","Section 101","9",4,"[]","2026-10-11 00:00:00","electronic","exchange",1,"[PREMIUM]","1,2,3,4"
"JABI39Owkbn","2026-08-02 23:50:21.658","2026-08-15 11:36:19.293","JABI39Owkbn","18378578","[PREMIUM]","[PREMIUM]","[PREMIUM]","104","Section 104","23",4,"[]","2026-10-12 00:00:00","electronic","exchange",1,"[PREMIUM]","1,2,3,4"
"LbviLEKve77","2026-08-02 23:50:21.658","2026-08-03 23:20:16.325","LbviLEKve77","18378578","[PREMIUM]","[PREMIUM]","[PREMIUM]","106","Section 106","14",2,"[]","2026-10-12 00:00:00","electronic","exchange",4,"[PREMIUM]","2"
"MAeIPl2a4q9","2026-08-02 23:50:21.658","2026-08-03 23:20:16.325","MAeIPl2a4q9","18378578","[PREMIUM]","[PREMIUM]","[PREMIUM]","112","Section 112","23",2,"[]","2026-10-12 00:00:00","electronic","exchange",1,"[PREMIUM]","2"
"O7AhwrZjKLl","2026-08-02 23:50:21.658","2026-08-12 00:18:07.055","O7AhwrZjKLl","18378578","[PREMIUM]","[PREMIUM]","[PREMIUM]","209","Section 209","9",4,"[]","2026-10-12 00:00:00","electronic","exchange",3,"[PREMIUM]","1,2,4"
"O7AhwrZzMgN","2026-08-02 23:50:21.658","2026-08-13 00:07:05.184","O7AhwrZzMgN","18378578","[PREMIUM]","[PREMIUM]","[PREMIUM]","128","Section 128","3",6,"[]","2026-10-11 00:00:00","electronic","exchange",0,"[PREMIUM]","1,2,3,4,5,6"
"PX0sgLp2A6Y","2026-08-02 23:50:21.658","2026-08-15 11:36:19.293","PX0sgLp2A6Y","18378578","[PREMIUM]","[PREMIUM]","[PREMIUM]","104","Section 104","23",4,"[]","2026-10-11 00:00:00","electronic","exchange",2,"[PREMIUM]","1,2,3,4"
"V4KU0Mqnw4J","2026-08-02 23:50:21.658","2026-08-14 15:30:15.104","V4KU0Mqnw4J","18378578","[PREMIUM]","[PREMIUM]","[PREMIUM]","128","Section 128","1",4,"[]","2026-10-12 00:00:00","electronic","exchange",2,"[PREMIUM]","2,4"
"X03tKjnELXo","2026-08-02 23:50:21.658","2026-08-12 00:18:07.055","X03tKjnELXo","18378578","[PREMIUM]","[PREMIUM]","[PREMIUM]","114","Section 114","17",3,"[]","2026-10-12 00:00:00","electronic","exchange",5,"[PREMIUM]","1,3"
"YgJtk64l0j2","2026-08-02 23:50:21.658","2026-08-12 00:18:07.055","YgJtk64l0j2","18378578","[PREMIUM]","[PREMIUM]","[PREMIUM]","205","Section 205","3",2,"[]","2026-10-12 00:00:00","electronic","exchange",5,"[PREMIUM]","2"
"Zm9hvwg6j8V","2026-08-02 23:50:21.658","2026-08-12 00:18:07.055","Zm9hvwg6j8V","18378578","[PREMIUM]","[PREMIUM]","[PREMIUM]","104","Section 104","20",4,"[]","2026-10-12 00:00:00","electronic","exchange",5,"[PREMIUM]","1,2,4"
"agktlD3DaLp","2026-08-02 23:50:21.658","2026-08-02 23:50:21.658","agktlD3DaLp","18378578","[PREMIUM]","[PREMIUM]","[PREMIUM]","115","Section 115","20",3,"[]","2026-10-12 00:00:00","electronic","exchange",1,"[PREMIUM]","1,2,3"
"g48UroDLAep","2026-08-02 23:50:21.658","2026-08-03 23:20:16.325","g48UroDLAep","18378578","[PREMIUM]","[PREMIUM]","[PREMIUM]","128","Section 128","1",4,"[]","2026-10-12 00:00:00","electronic","exchange",2,"[PREMIUM]","1,2,3,4"
"g48UroDoEAM","2026-08-02 23:50:21.658","2026-08-03 23:20:16.325","g48UroDoEAM","18378578","[PREMIUM]","[PREMIUM]","[PREMIUM]","116","Section 116","3",3,"[]","2026-10-12 00:00:00","electronic","exchange",4,"[PREMIUM]","1,2,3"
"g48UroD8D9l","2026-08-02 23:50:21.658","2026-08-13 23:36:43.366","g48UroD8D9l","18378578","[PREMIUM]","[PREMIUM]","[PREMIUM]","128","Section 128","3",6,"[]","2026-10-12 00:00:00","electronic","exchange",0,"[PREMIUM]","2,4,6"
"kYet946x7Gl","2026-08-02 23:50:21.658","2026-08-03 23:20:16.325","kYet946x7Gl","18378578","[PREMIUM]","[PREMIUM]","[PREMIUM]","101","Section 101","20",3,"[]","2026-10-12 00:00:00","electronic","exchange",1,"[PREMIUM]","1,2,3"
"kYet94jGOvO","2026-08-02 23:50:21.658","2026-08-13 23:36:43.366","kYet94jGOvO","18378578","[PREMIUM]","[PREMIUM]","[PREMIUM]","128","Section 128","3",6,"[]","2026-10-11 00:00:00","electronic","exchange",0,"[PREMIUM]","1,2,3,4,5,6"
"kYet94jGKMp","2026-08-02 23:50:21.658","2026-08-13 23:36:43.366","kYet94jGKMp","18378578","[PREMIUM]","[PREMIUM]","[PREMIUM]","128","Section 128","3",6,"[]","2026-10-12 00:00:00","electronic","exchange",0,"[PREMIUM]","1,2,3,4,5,6"
"nx0srMYPgAP","2026-08-02 23:50:21.658","2026-08-12 00:18:07.055","nx0srMYPgAP","18378578","[PREMIUM]","[PREMIUM]","[PREMIUM]","116","Section 116","18",3,"[]","2026-10-12 00:00:00","electronic","exchange",5,"[PREMIUM]","1,3"
"nx0srMoGeLZ","2026-08-02 23:50:21.658","2026-08-09 23:50:29.485","nx0srMoGeLZ","18378578","[PREMIUM]","[PREMIUM]","[PREMIUM]","104","Section 104","20",9,"[]","2026-10-12 00:00:00","electronic","exchange",0,"[PREMIUM]","1,2,3,4,5,6,7,8,9"
"oV7HbE7PMLD","2026-08-02 23:50:21.658","2026-08-12 00:18:07.055","oV7HbE7PMLD","18378578","[PREMIUM]","[PREMIUM]","[PREMIUM]","206","Section 206","2",2,"[]","2026-10-12 00:00:00","electronic","exchange",4,"[PREMIUM]","2"
"oV7HbEpZkz6","2026-08-02 23:50:21.658","2026-08-02 23:50:21.658","oV7HbEpZkz6","18378578","[PREMIUM]","[PREMIUM]","[PREMIUM]","104","Section 104","23",6,"[]","2026-10-12 00:00:00","electronic","exchange",1,"[PREMIUM]","1,2,3,4,5,6"
"pVXHDEX45pn","2026-08-02 23:50:21.658","2026-08-03 23:20:16.325","pVXHDEX45pn","18378578","[PREMIUM]","[PREMIUM]","[PREMIUM]","128","Section 128","17",2,"[]","2026-10-12 00:00:00","electronic","exchange",2,"[PREMIUM]","2"
"rVOHkR2eV7r","2026-08-02 23:50:21.658","2026-08-03 23:20:16.325","rVOHkR2eV7r","18378578","[PREMIUM]","[PREMIUM]","[PREMIUM]","115","Section 115","5",6,"[]","2026-10-12 00:00:00","electronic","exchange",0,"[PREMIUM]","1,2,3,4,5,6"
"rVOHkRORmB2","2026-08-02 23:50:21.658","2026-08-03 23:20:16.325","rVOHkRORmB2","18378578","[PREMIUM]","[PREMIUM]","[PREMIUM]","128","Section 128","17",2,"[]","2026-10-12 00:00:00","electronic","exchange",2,"[PREMIUM]","2"
"w3JsedJm7qv","2026-08-02 23:50:21.658","2026-08-03 23:20:16.325","w3JsedJm7qv","18378578","[PREMIUM]","[PREMIUM]","[PREMIUM]","106","Section 106","19",2,"[]","2026-10-12 00:00:00","electronic","exchange",5,"[PREMIUM]","2"
"xb9imB2v4jo","2026-08-02 23:50:02.062","2026-08-15 22:39:06.950","xb9imB2v4jo","18376780","[PREMIUM]","[PREMIUM]","[PREMIUM]","105","Section 105","24",2,"['7','8']","2026-10-07 00:00:00","electronic","exchange",4,"[PREMIUM]","2"
"3q7fNJz4gMY","2026-08-02 23:48:47.735","2026-08-12 00:19:27.154","3q7fNJz4gMY","18376944","[PREMIUM]","[PREMIUM]","[PREMIUM]","303","Section 303","2",2,"[]","2026-10-11 00:00:00","electronic","exchange",0,"[PREMIUM]","2"
"4vXcj9Ke5ba","2026-08-02 23:48:47.735","2026-08-13 15:00:29.816","4vXcj9Ke5ba","18376944","[PREMIUM]","[PREMIUM]","[PREMIUM]","101","Section 101","17",4,"[]","2026-10-11 00:00:00","electronic","exchange",1,"[PREMIUM]","1,2,4"
"DdwHkOxkmo7","2026-08-02 23:48:47.735","2026-08-15 22:39:15.563","DdwHkOxkmo7","18376944","[PREMIUM]","[PREMIUM]","[PREMIUM]","215","Section 215","4",2,"[]","2026-10-11 00:00:00","electronic","exchange",2,"[PREMIUM]","2"
"Kezcz6nP0bL","2026-08-02 23:48:47.735","2026-08-15 22:39:15.563","Kezcz6nP0bL","18376944","[PREMIUM]","[PREMIUM]","[PREMIUM]","302","Section 302","3",2,"['13','14']","2026-10-09 00:00:00","electronic","exchange",2,"[PREMIUM]","2"
"MAeIPl2pZbX","2026-08-02 23:48:47.735","2026-08-10 22:40:25.856","MAeIPl2pZbX","18376944","[PREMIUM]","[PREMIUM]","[PREMIUM]","323","Section 323","9",4,"[]","2026-10-10 00:00:00","electronic","exchange",2,"[PREMIUM]","1,2,3,4"
"Zm9hvwbMdje","2026-08-02 23:48:47.735","2026-08-15 22:39:15.563","Zm9hvwbMdje","18376944","[PREMIUM]","[PREMIUM]","[PREMIUM]","215","Section 215","4",2,"['11','12']","2026-10-09 00:00:00","electronic","exchange",2,"[PREMIUM]","2"
"kYet946KV3g","2026-08-02 23:48:47.735","2026-08-15 22:39:15.563","kYet946KV3g","18376944","[PREMIUM]","[PREMIUM]","[PREMIUM]","103","Section 103","1",2,"['13','14']","2026-10-09 00:00:00","electronic","exchange",5,"[PREMIUM]","2"
"oV7HbEp90Le","2026-08-02 23:48:47.735","2026-08-15 22:39:15.563","oV7HbEp90Le","18376944","[PREMIUM]","[PREMIUM]","[PREMIUM]","103","Section 103","1",2,"['11','12']","2026-10-09 00:00:00","electronic","exchange",5,"[PREMIUM]","2"
"3q7fNJrkbmR","2026-08-02 23:48:19.740","2026-08-13 00:07:55.310","3q7fNJrkbmR","18377923","[PREMIUM]","[PREMIUM]","[PREMIUM]","328","Section 328","h",3,"['15','16','17']","2026-10-09 00:00:00","electronic","exchange",0,"[PREMIUM]","3"
"4vXcj9AJ6pm","2026-08-02 23:48:19.740","2026-08-15 11:39:34.729","4vXcj9AJ6pm","18377923","[PREMIUM]","[PREMIUM]","[PREMIUM]","316","Section 316","a",2,"[]","2026-10-11 00:00:00","electronic","exchange",1,"[PREMIUM]","2"
"b4wUaGOgKEB","2026-08-02 23:48:19.740","2026-08-15 11:39:34.729","b4wUaGOgKEB","18377923","[PREMIUM]","[PREMIUM]","[PREMIUM]","FLAGSHIP SUITE 1156","Flagship Suite 1156","b",6,"['1','2','3','4','5','6']","2026-10-12 00:00:00","electronic","exchange",0,"[PREMIUM]","1,2,3,4,6"
"vb3iPeDbOXN","2026-08-02 23:48:19.740","2026-08-15 11:39:34.729","vb3iPeDbOXN","18377923","[PREMIUM]","[PREMIUM]","[PREMIUM]","FLAGSHIP SUITE 1156","Flagship Suite 1156","a",6,"['1','2','3','4','5','6']","2026-10-12 00:00:00","electronic","exchange",0,"[PREMIUM]","2,4,6"
"05VT8Km7rgz","2026-08-02 23:48:14.087","2026-08-02 23:48:14.087","05VT8Km7rgz","18377760","[PREMIUM]","[PREMIUM]","[PREMIUM]","102","Section 102","3",2,"[]","2026-10-11 00:00:00","electronic","exchange",4,"[PREMIUM]","2"
"2v0cz3kjAZE","2026-08-02 23:48:14.087","2026-08-02 23:48:14.087","2v0cz3kjAZE","18377760","[PREMIUM]","[PREMIUM]","[PREMIUM]","109","Section 109","3",4,"[]","2026-10-11 00:00:00","electronic","exchange",4,"[PREMIUM]","4"
"2v0cz3kjA2E","2026-08-02 23:48:14.087","2026-08-02 23:48:14.087","2v0cz3kjA2E","18377760","[PREMIUM]","[PREMIUM]","[PREMIUM]","227","Section 227","2",2,"[]","2026-10-11 00:00:00","electronic","exchange",2,"[PREMIUM]","2"
"2v0cz3kjAve","2026-08-02 23:48:14.087","2026-08-02 23:48:14.087","2v0cz3kjAve","18377760","[PREMIUM]","[PREMIUM]","[PREMIUM]","216","Section 216","4",3,"[]","2026-10-11 00:00:00","electronic","exchange",5,"[PREMIUM]","3"
"2v0cz3kjJA2","2026-08-02 23:48:14.087","2026-08-02 23:48:14.087","2v0cz3kjJA2","18377760","[PREMIUM]","[PREMIUM]","[PREMIUM]","226","Section 226","2",2,"[]","2026-10-11 00:00:00","electronic","exchange",3,"[PREMIUM]","2"
"2v0cz3kjJNM","2026-08-02 23:48:14.087","2026-08-02 23:48:14.087","2v0cz3kjJNM","18377760","[PREMIUM]","[PREMIUM]","[PREMIUM]","4","Section 4","21",2,"[]","2026-10-11 00:00:00","electronic","exchange",4,"[PREMIUM]","2"
"2v0cz3kjJZ9","2026-08-02 23:48:14.087","2026-08-02 23:48:14.087","2v0cz3kjJZ9","18377760","[PREMIUM]","[PREMIUM]","[PREMIUM]","103","Section 103","9",2,"[]","2026-10-11 00:00:00","electronic","exchange",5,"[PREMIUM]","2"
"3q7fNJzO9v8","2026-08-02 23:48:14.087","2026-08-02 23:48:14.087","3q7fNJzO9v8","18377760","[PREMIUM]","[PREMIUM]","[PREMIUM]","7","Section 7","11",2,"[]","2026-10-11 00:00:00","electronic","exchange",5,"[PREMIUM]","2"
"3q7fNJzOG3N","2026-08-02 23:48:14.087","2026-08-02 23:48:14.087","3q7fNJzOG3N","18377760","[PREMIUM]","[PREMIUM]","[PREMIUM]","10","Section 10","6",4,"[]","2026-10-11 00:00:00","electronic","exchange",5,"[PREMIUM]","4"
"4vXcj9AnvaB","2026-08-02 23:48:14.087","2026-08-02 23:48:14.087","4vXcj9AnvaB","18377760","[PREMIUM]","[PREMIUM]","[PREMIUM]","22","Section 22","9",2,"[]","2026-10-11 00:00:00","electronic","exchange",4,"[PREMIUM]","2"
"4vXcj9AnDM3","2026-08-02 23:48:14.087","2026-08-02 23:48:14.087","4vXcj9AnDM3","18377760","[PREMIUM]","[PREMIUM]","[PREMIUM]","122","Section 122","9",2,"[]","2026-10-11 00:00:00","electronic","exchange",4,"[PREMIUM]","2"
"4vXcj9AnvDM","2026-08-02 23:48:14.087","2026-08-02 23:48:14.087","4vXcj9AnvDM","18377760","[PREMIUM]","[PREMIUM]","[PREMIUM]","126","Section 126","5",2,"[]","2026-10-11 00:00:00","electronic","exchange",4,"[PREMIUM]","2"
"5EjuZ6RKOaN","2026-08-02 23:48:14.087","2026-08-02 23:48:14.087","5EjuZ6RKOaN","18377760","[PREMIUM]","[PREMIUM]","[PREMIUM]","129","Section 129","8",3,"[]","2026-10-11 00:00:00","electronic","exchange",5,"[PREMIUM]","3"
"5EjuZ6RKO8J","2026-08-02 23:48:14.087","2026-08-02 23:48:14.087","5EjuZ6RKO8J","18377760","[PREMIUM]","[PREMIUM]","[PREMIUM]","15","Section 15","14",2,"[]","2026-10-11 00:00:00","electronic","exchange",5,"[PREMIUM]","2"
"5EjuZ6RKGVx","2026-08-02 23:48:14.087","2026-08-02 23:48:14.087","5EjuZ6RKGVx","18377760","[PREMIUM]","[PREMIUM]","[PREMIUM]","110","Section 110","5",2,"[]","2026-10-11 00:00:00","electronic","exchange",4,"[PREMIUM]","2"
"5EjuZ6RKG8E","2026-08-02 23:48:14.087","2026-08-02 23:48:14.087","5EjuZ6RKG8E","18377760","[PREMIUM]","[PREMIUM]","[PREMIUM]","120","Section 120","2",2,"[]","2026-10-11 00:00:00","electronic","exchange",3,"[PREMIUM]","2"
"6mOhkAD2qkg","2026-08-02 23:48:14.087","2026-08-02 23:48:14.087","6mOhkAD2qkg","18377760","[PREMIUM]","[PREMIUM]","[PREMIUM]","PL5","Section PL 5","2",2,"[]","2026-10-11 00:00:00","electronic","exchange",5,"[PREMIUM]","2"
"6mOhkAD2aqm","2026-08-02 23:48:14.087","2026-08-02 23:48:14.087","6mOhkAD2aqm","18377760","[PREMIUM]","[PREMIUM]","[PREMIUM]","120","Section 120","4",2,"[]","2026-10-11 00:00:00","electronic","exchange",4,"[PREMIUM]","2"
"6mOhkAD2aK7","2026-08-02 23:48:14.087","2026-08-02 23:48:14.087","6mOhkAD2aK7","18377760","[PREMIUM]","[PREMIUM]","[PREMIUM]","111","Section 111","3",4,"[]","2026-10-11 00:00:00","electronic","exchange",5,"[PREMIUM]","4"
"7KntAlG359N","2026-08-02 23:48:14.087","2026-08-02 23:48:14.087","7KntAlG359N","18377760","[PREMIUM]","[PREMIUM]","[PREMIUM]","13","Section 13","8",4,"[]","2026-10-11 00:00:00","electronic","exchange",5,"[PREMIUM]","4"
"7KntAlG35X4","2026-08-02 23:48:14.087","2026-08-02 23:48:14.087","7KntAlG35X4","18377760","[PREMIUM]","[PREMIUM]","[PREMIUM]","211","Section 211","4",2,"[]","2026-10-11 00:00:00","electronic","exchange",3,"[PREMIUM]","2"
"7KntAlG3L2l","2026-08-02 23:48:14.087","2026-08-02 23:48:14.087","7KntAlG3L2l","18377760","[PREMIUM]","[PREMIUM]","[PREMIUM]","208","Section 208","7",2,"[]","2026-10-11 00:00:00","electronic","exchange",5,"[PREMIUM]","2"
"8lKt6YeJrrY","2026-08-02 23:48:14.087","2026-08-02 23:48:14.087","8lKt6YeJrrY","18377760","[PREMIUM]","[PREMIUM]","[PREMIUM]","133","Section 133","6",4,"[]","2026-10-11 00:00:00","electronic","exchange",5,"[PREMIUM]","4"
"8lKt6YeJrE5","2026-08-02 23:48:14.087","2026-08-02 23:48:14.087","8lKt6YeJrE5","18377760","[PREMIUM]","[PREMIUM]","[PREMIUM]","216","Section 216","4",2,"[]","2026-10-11 00:00:00","electronic","exchange",5,"[PREMIUM]","2"
"8lKt6YeJ43p","2026-08-02 23:48:14.087","2026-08-02 23:48:14.087","8lKt6YeJ43p","18377760","[PREMIUM]","[PREMIUM]","[PREMIUM]","212","Section 212","4",2,"[]","2026-10-11 00:00:00","electronic","exchange",4,"[PREMIUM]","2"
"8lKt6YeJr3A","2026-08-02 23:48:14.087","2026-08-02 23:48:14.087","8lKt6YeJr3A","18377760","[PREMIUM]","[PREMIUM]","[PREMIUM]","5","Section 5","15",4,"[]","2026-10-11 00:00:00","electronic","exchange",4,"[PREMIUM]","4"
"8lKt6YeJ4RX","2026-08-02 23:48:14.087","2026-08-02 23:48:14.087","8lKt6YeJ4RX","18377760","[PREMIUM]","[PREMIUM]","[PREMIUM]","228","Section 228","4",3,"[]","2026-10-11 00:00:00","electronic","exchange",3,"[PREMIUM]","3"
"8lKt6YeJK7l","2026-08-02 23:48:14.087","2026-08-02 23:48:14.087","8lKt6YeJK7l","18377760","[PREMIUM]","[PREMIUM]","[PREMIUM]","120","Section 120","3",2,"[]","2026-10-11 00:00:00","electronic","exchange",4,"[PREMIUM]","2"
"9P2c5qg9NN3","2026-08-02 23:48:14.087","2026-08-02 23:48:14.087","9P2c5qg9NN3","18377760","[PREMIUM]","[PREMIUM]","[PREMIUM]","114","Section 114","1",4,"[]","2026-10-11 00:00:00","electronic","exchange",3,"[PREMIUM]","4"
"9P2c5qg9Nw3","2026-08-02 23:48:14.087","2026-08-02 23:48:14.087","9P2c5qg9Nw3","18377760","[PREMIUM]","[PREMIUM]","[PREMIUM]","117","Section 117","11",3,"[]","2026-10-11 00:00:00","electronic","exchange",4,"[PREMIUM]","3"
"9P2c5qg9bbZ","2026-08-02 23:48:14.087","2026-08-02 23:48:14.087","9P2c5qg9bbZ","18377760","[PREMIUM]","[PREMIUM]","[PREMIUM]","213","Section 213","2",2,"[]","2026-10-11 00:00:00","electronic","exchange",2,"[PREMIUM]","2"
"9P2c5qg9w4p","2026-08-02 23:48:14.087","2026-08-02 23:48:14.087","9P2c5qg9w4p","18377760","[PREMIUM]","[PREMIUM]","[PREMIUM]","231","Section 231","2",2,"[]","2026-10-11 00:00:00","electronic","exchange",3,"[PREMIUM]","2"
"9P2c5qg9wR7","2026-08-02 23:48:14.087","2026-08-02 23:48:14.087","9P2c5qg9wR7","18377760","[PREMIUM]","[PREMIUM]","[PREMIUM]","9","Section 9","6",2,"[]","2026-10-11 00:00:00","electronic","exchange",4,"[PREMIUM]","2"
"9P2c5qg9wmp","2026-08-02 23:48:14.087","2026-08-02 23:48:14.087","9P2c5qg9wmp","18377760","[PREMIUM]","[PREMIUM]","[PREMIUM]","22","Section 22","8",2,"[]","2026-10-11 00:00:00","electronic","exchange",4,"[PREMIUM]","2"
"9P2c5qg9wx4","2026-08-02 23:48:14.087","2026-08-02 23:48:14.087","9P2c5qg9wx4","18377760","[PREMIUM]","[PREMIUM]","[PREMIUM]","233","Section 233","9",4,"[]","2026-10-11 00:00:00","electronic","exchange",5,"[PREMIUM]","4"
"9P2c5qnl6jl","2026-08-02 23:48:14.087","2026-08-02 23:48:14.087","9P2c5qnl6jl","18377760","[PREMIUM]","[PREMIUM]","[PREMIUM]","9","Section 9","11",4,"[]","2026-10-11 00:00:00","electronic","exchange",4,"[PREMIUM]","4"
"BALImXgorwq","2026-08-02 23:48:14.087","2026-08-02 23:48:14.087","BALImXgorwq","18377760","[PREMIUM]","[PREMIUM]","[PREMIUM]","21","Section 21","11",4,"[]","2026-10-11 00:00:00","electronic","exchange",5,"[PREMIUM]","4"
"BALImXgorKl","2026-08-02 23:48:14.087","2026-08-02 23:48:14.087","BALImXgorKl","18377760","[PREMIUM]","[PREMIUM]","[PREMIUM]","2","Section 2","8",4,"[]","2026-10-11 00:00:00","electronic","exchange",5,"[PREMIUM]","4"
"BALImXgodxE","2026-08-02 23:48:14.087","2026-08-02 23:48:14.087","BALImXgodxE","18377760","[PREMIUM]","[PREMIUM]","[PREMIUM]","12","Section 12","4",2,"[]","2026-10-11 00:00:00","electronic","exchange",5,"[PREMIUM]","2"
"DdwHkOmpaqj","2026-08-02 23:48:14.087","2026-08-02 23:48:14.087","DdwHkOmpaqj","18377760","[PREMIUM]","[PREMIUM]","[PREMIUM]","127","Section 127","4",2,"[]","2026-10-11 00:00:00","electronic","exchange",4,"[PREMIUM]","2"
"EroUXn0Mrw2","2026-08-02 23:48:14.087","2026-08-02 23:48:14.087","EroUXn0Mrw2","18377760","[PREMIUM]","[PREMIUM]","[PREMIUM]","16","Section 16","10",4,"[]","2026-10-11 00:00:00","electronic","exchange",5,"[PREMIUM]","4"
"EroUXn0Mzp8","2026-08-02 23:48:14.087","2026-08-02 23:48:14.087","EroUXn0Mzp8","18377760","[PREMIUM]","[PREMIUM]","[PREMIUM]","PL19","Section PL 19","3",2,"[]","2026-10-11 00:00:00","electronic","exchange",0,"[PREMIUM]","2"
"EroUXn0Mzz3","2026-08-02 23:48:14.087","2026-08-02 23:48:14.087","EroUXn0Mzz3","18377760","[PREMIUM]","[PREMIUM]","[PREMIUM]","128","Section 128","2",2,"[]","2026-10-11 00:00:00","electronic","exchange",4,"[PREMIUM]","2"
"EroUXn0MrNv","2026-08-02 23:48:14.087","2026-08-02 23:48:14.087","EroUXn0MrNv","18377760","[PREMIUM]","[PREMIUM]","[PREMIUM]","PL10","Section PL 10","gl1",3,"[]","2026-10-11 00:00:00","electronic","exchange",4,"[PREMIUM]","3"
"GAaI62nBlqj","2026-08-02 23:48:14.087","2026-08-02 23:48:14.087","GAaI62nBlqj","18377760","[PREMIUM]","[PREMIUM]","[PREMIUM]","125","Section 125","6",3,"[]","2026-10-11 00:00:00","electronic","exchange",5,"[PREMIUM]","3"
"GAaI62nBERM","2026-08-02 23:48:14.087","2026-08-02 23:48:14.087","GAaI62nBERM","18377760","[PREMIUM]","[PREMIUM]","[PREMIUM]","5","Section 5","10",4,"[]","2026-10-11 00:00:00","electronic","exchange",5,"[PREMIUM]","4"
"GAaI62nBlrw","2026-08-02 23:48:14.087","2026-08-02 23:48:14.087","GAaI62nBlrw","18377760","[PREMIUM]","[PREMIUM]","[PREMIUM]","109","Section 109","5",4,"[]","2026-10-11 00:00:00","electronic","exchange",4,"[PREMIUM]","4"
"JABI398ekPY","2026-08-02 23:48:14.087","2026-08-02 23:48:14.087","JABI398ekPY","18377760","[PREMIUM]","[PREMIUM]","[PREMIUM]","22","Section 22","14",2,"[]","2026-10-11 00:00:00","electronic","exchange",4,"[PREMIUM]","2"
"JABI398er4G","2026-08-02 23:48:14.087","2026-08-02 23:48:14.087","JABI398er4G","18377760","[PREMIUM]","[PREMIUM]","[PREMIUM]","115","Section 115","2",4,"[]","2026-10-11 00:00:00","electronic","exchange",5,"[PREMIUM]","4"
"JABI398ekag","2026-08-02 23:48:14.087","2026-08-02 23:48:14.087","JABI398ekag","18377760","[PREMIUM]","[PREMIUM]","[PREMIUM]","3","Section 3","8",4,"[]","2026-10-11 00:00:00","electronic","exchange",5,"[PREMIUM]","4"
"Kezcz6KVBmA","2026-08-02 23:48:14.087","2026-08-02 23:48:14.087","Kezcz6KVBmA","18377760","[PREMIUM]","[PREMIUM]","[PREMIUM]","123","Section 123","8",2,"[]","2026-10-11 00:00:00","electronic","exchange",4,"[PREMIUM]","2"
"Kezcz6KVg4o","2026-08-02 23:48:14.087","2026-08-02 23:48:14.087","Kezcz6KVg4o","18377760","[PREMIUM]","[PREMIUM]","[PREMIUM]","112","Section 112","3",4,"[]","2026-10-11 00:00:00","electronic","exchange",5,"[PREMIUM]","4"
"LbviLEJAPwK","2026-08-02 23:48:14.087","2026-08-02 23:48:14.087","LbviLEJAPwK","18377760","[PREMIUM]","[PREMIUM]","[PREMIUM]","PL10","Section PL 10","2",4,"[]","2026-10-11 00:00:00","electronic","exchange",5,"[PREMIUM]","4"
"LbviLEJAOOz","2026-08-02 23:48:14.087","2026-08-02 23:48:14.087","LbviLEJAOOz","18377760","[PREMIUM]","[PREMIUM]","[PREMIUM]","120","Section 120","12",2,"[]","2026-10-11 00:00:00","electronic","exchange",4,"[PREMIUM]","2"
"LbviLEJAPva","2026-08-02 23:48:14.087","2026-08-02 23:48:14.087","LbviLEJAPva","18377760","[PREMIUM]","[PREMIUM]","[PREMIUM]","104","Section 104","2",4,"[]","2026-10-11 00:00:00","electronic","exchange",5,"[PREMIUM]","4"
"MAeIPlO0RMr","2026-08-02 23:48:14.087","2026-08-02 23:48:14.087","MAeIPlO0RMr","18377760","[PREMIUM]","[PREMIUM]","[PREMIUM]","214","Section 214","2",3,"[]","2026-10-11 00:00:00","electronic","exchange",3,"[PREMIUM]","3"
"MAeIPlO0R8B","2026-08-02 23:48:14.087","2026-08-02 23:48:14.087","MAeIPlO0R8B","18377760","[PREMIUM]","[PREMIUM]","[PREMIUM]","14","Section 14","13",2,"[]","2026-10-11 00:00:00","electronic","exchange",5,"[PREMIUM]","2"
"MAeIPlO04bx","2026-08-02 23:48:14.087","2026-08-02 23:48:14.087","MAeIPlO04bx","18377760","[PREMIUM]","[PREMIUM]","[PREMIUM]","2","Section 2","7",4,"[]","2026-10-11 00:00:00","electronic","exchange",5,"[PREMIUM]","4"
"NrqUv4GDqb8","2026-08-02 23:48:14.087","2026-08-02 23:48:14.087","NrqUv4GDqb8","18377760","[PREMIUM]","[PREMIUM]","[PREMIUM]","118","Section 118","8",2,"[]","2026-10-11 00:00:00","electronic","exchange",5,"[PREMIUM]","2"
"NrqUv4GDbBO","2026-08-02 23:48:14.087","2026-08-02 23:48:14.087","NrqUv4GDbBO","18377760","[PREMIUM]","[PREMIUM]","[PREMIUM]","233","Section 233","5",3,"[]","2026-10-11 00:00:00","electronic","exchange",4,"[PREMIUM]","3"
"O7AhwrZGLq2","2026-08-02 23:48:14.087","2026-08-02 23:48:14.087","O7AhwrZGLq2","18377760","[PREMIUM]","[PREMIUM]","[PREMIUM]","6","Section 6","3",2,"[]","2026-10-11 00:00:00","electronic","exchange",4,"[PREMIUM]","2"
"PX0sgLMP3NK","2026-08-02 23:48:14.087","2026-08-02 23:48:14.087","PX0sgLMP3NK","18377760","[PREMIUM]","[PREMIUM]","[PREMIUM]","126","Section 126","1",2,"[]","2026-10-11 00:00:00","electronic","exchange",3,"[PREMIUM]","2"
"PX0sgLMP3KL","2026-08-02 23:48:14.087","2026-08-02 23:48:14.087","PX0sgLMP3KL","18377760","[PREMIUM]","[PREMIUM]","[PREMIUM]","10","Section 10","4",2,"[]","2026-10-11 00:00:00","electronic","exchange",4,"[PREMIUM]","2"
"ROXHzw5maP9","2026-08-02 23:48:14.087","2026-08-02 23:48:14.087","ROXHzw5maP9","18377760","[PREMIUM]","[PREMIUM]","[PREMIUM]","122","Section 122","10",2,"[]","2026-10-11 00:00:00","electronic","exchange",4,"[PREMIUM]","2"
"ROXHzw5mBYq","2026-08-02 23:48:14.087","2026-08-02 23:48:14.087","ROXHzw5mBYq","18377760","[PREMIUM]","[PREMIUM]","[PREMIUM]","4","Section 4","14",2,"[]","2026-10-11 00:00:00","electronic","exchange",5,"[PREMIUM]","2"
"V4KU0Mq2BAP","2026-08-02 23:48:14.087","2026-08-02 23:48:14.087","V4KU0Mq2BAP","18377760","[PREMIUM]","[PREMIUM]","[PREMIUM]","20","Section 20","15",4,"[]","2026-10-11 00:00:00","electronic","exchange",5,"[PREMIUM]","4"
"V4KU0Mq2Y7E","2026-08-02 23:48:14.087","2026-08-02 23:48:14.087","V4KU0Mq2Y7E","18377760","[PREMIUM]","[PREMIUM]","[PREMIUM]","128","Section 128","8",2,"[]","2026-10-11 00:00:00","electronic","exchange",5,"[PREMIUM]","2"
"V4KU0Mq2YGq","2026-08-02 23:48:14.087","2026-08-02 23:48:14.087","V4KU0Mq2YGq","18377760","[PREMIUM]","[PREMIUM]","[PREMIUM]","103","Section 103","2",4,"[]","2026-10-11 00:00:00","electronic","exchange",5,"[PREMIUM]","4"
"X03tKjnJvMB","2026-08-02 23:48:14.087","2026-08-02 23:48:14.087","X03tKjnJvMB","18377760","[PREMIUM]","[PREMIUM]","[PREMIUM]","112","Section 112","2",3,"[]","2026-10-11 00:00:00","electronic","exchange",5,"[PREMIUM]","3"
"X03tKjnJ9KE","2026-08-02 23:48:14.087","2026-08-02 23:48:14.087","X03tKjnJ9KE","18377760","[PREMIUM]","[PREMIUM]","[PREMIUM]","126","Section 126","3",2,"[]","2026-10-11 00:00:00","electronic","exchange",4,"[PREMIUM]","2"
"X03tKjnJ9eA","2026-08-02 23:48:14.087","2026-08-02 23:48:14.087","X03tKjnJ9eA","18377760","[PREMIUM]","[PREMIUM]","[PREMIUM]","3","Section 3","12",2,"[]","2026-10-11 00:00:00","electronic","exchange",5,"[PREMIUM]","2"
"X03tKjnJ9v6","2026-08-02 23:48:14.087","2026-08-02 23:48:14.087","X03tKjnJ9v6","18377760","[PREMIUM]","[PREMIUM]","[PREMIUM]","111","Section 111","3",4,"[]","2026-10-11 00:00:00","electronic","exchange",5,"[PREMIUM]","4"
"YgJtk64277L","2026-08-02 23:48:14.087","2026-08-02 23:48:14.087","YgJtk64277L","18377760","[PREMIUM]","[PREMIUM]","[PREMIUM]","102","Section 102","2",2,"[]","2026-10-11 00:00:00","electronic","exchange",5,"[PREMIUM]","2"
"YgJtk6427dG","2026-08-02 23:48:14.087","2026-08-02 23:48:14.087","YgJtk6427dG","18377760","[PREMIUM]","[PREMIUM]","[PREMIUM]","131","Section 131","4",2,"[]","2026-10-11 00:00:00","electronic","exchange",4,"[PREMIUM]","2"
"YgJtk642L80","2026-08-02 23:48:14.087","2026-08-02 23:48:14.087","YgJtk642L80","18377760","[PREMIUM]","[PREMIUM]","[PREMIUM]","121","Section 121","7",4,"[]","2026-10-11 00:00:00","electronic","exchange",5,"[PREMIUM]","4"
"YgJtk642Ldv","2026-08-02 23:48:14.087","2026-08-02 23:48:14.087","YgJtk642Ldv","18377760","[PREMIUM]","[PREMIUM]","[PREMIUM]","116","Section 116","3",4,"[]","2026-10-11 00:00:00","electronic","exchange",3,"[PREMIUM]","4"
"YgJtk646r3A","2026-08-02 23:48:14.087","2026-08-02 23:48:14.087","YgJtk646r3A","18377760","[PREMIUM]","[PREMIUM]","[PREMIUM]","21","Section 21","7",4,"[]","2026-10-11 00:00:00","electronic","exchange",5,"[PREMIUM]","4"
"Zm9hvwbEnKm","2026-08-02 23:48:14.087","2026-08-02 23:48:14.087","Zm9hvwbEnKm","18377760","[PREMIUM]","[PREMIUM]","[PREMIUM]","14","Section 14","7",4,"[]","2026-10-11 00:00:00","electronic","exchange",5,"[PREMIUM]","4"
"Zm9hvwbE5Ed","2026-08-02 23:48:14.087","2026-08-02 23:48:14.087","Zm9hvwbE5Ed","18377760","[PREMIUM]","[PREMIUM]","[PREMIUM]","117","Section 117","13",2,"[]","2026-10-11 00:00:00","electronic","exchange",4,"[PREMIUM]","2"
"agktlD3jZrM","2026-08-02 23:48:14.087","2026-08-02 23:48:14.087","agktlD3jZrM","18377760","[PREMIUM]","[PREMIUM]","[PREMIUM]","18","Section 18","12",2,"[]","2026-10-11 00:00:00","electronic","exchange",5,"[PREMIUM]","2"
"agktlD3jejr","2026-08-02 23:48:14.087","2026-08-02 23:48:14.087","agktlD3jejr","18377760","[PREMIUM]","[PREMIUM]","[PREMIUM]","121","Section 121","10",2,"[]","2026-10-11 00:00:00","electronic","exchange",4,"[PREMIUM]","2"
"agktlD3jeOr","2026-08-02 23:48:14.087","2026-08-02 23:48:14.087","agktlD3jeOr","18377760","[PREMIUM]","[PREMIUM]","[PREMIUM]","211","Section 211","9",2,"[]","2026-10-11 00:00:00","electronic","exchange",4,"[PREMIUM]","2"
"agktlD3jKR3","2026-08-02 23:48:14.087","2026-08-02 23:48:14.087","agktlD3jKR3","18377760","[PREMIUM]","[PREMIUM]","[PREMIUM]","15","Section 15","10",2,"[]","2026-10-11 00:00:00","electronic","exchange",5,"[PREMIUM]","2"
"agktlD3jZJZ","2026-08-02 23:48:14.087","2026-08-02 23:48:14.087","agktlD3jZJZ","18377760","[PREMIUM]","[PREMIUM]","[PREMIUM]","118","Section 118","1",2,"[]","2026-10-11 00:00:00","electronic","exchange",3,"[PREMIUM]","2"
"b4wUaGOb7ex","2026-08-02 23:48:14.087","2026-08-02 23:48:14.087","b4wUaGOb7ex","18377760","[PREMIUM]","[PREMIUM]","[PREMIUM]","208","Section 208","8",4,"[]","2026-10-11 00:00:00","electronic","exchange",5,"[PREMIUM]","4"
"b4wUaGOb7n6","2026-08-02 23:48:14.087","2026-08-02 23:48:14.087","b4wUaGOb7n6","18377760","[PREMIUM]","[PREMIUM]","[PREMIUM]","106","Section 106","1",3,"[]","2026-10-11 00:00:00","electronic","exchange",4,"[PREMIUM]","3"
"b4wUaGOb7jn","2026-08-02 23:48:14.087","2026-08-02 23:48:14.087","b4wUaGOb7jn","18377760","[PREMIUM]","[PREMIUM]","[PREMIUM]","215","Section 215","3",4,"[]","2026-10-11 00:00:00","electronic","exchange",4,"[PREMIUM]","4"
"b4wUaGOb7mN","2026-08-02 23:48:14.087","2026-08-02 23:48:14.087","b4wUaGOb7mN","18377760","[PREMIUM]","[PREMIUM]","[PREMIUM]","18","Section 18","11",2,"[]","2026-10-11 00:00:00","electronic","exchange",3,"[PREMIUM]","2"
"b4wUaGObZJz","2026-08-02 23:48:14.087","2026-08-02 23:48:14.087","b4wUaGObZJz","18377760","[PREMIUM]","[PREMIUM]","[PREMIUM]","213","Section 213","2",2,"[]","2026-10-11 00:00:00","electronic","exchange",2,"[PREMIUM]","2"
"b4wUaGOb73l","2026-08-02 23:48:14.087","2026-08-02 23:48:14.087","b4wUaGOb73l","18377760","[PREMIUM]","[PREMIUM]","[PREMIUM]","17","Section 17","6",4,"[]","2026-10-11 00:00:00","electronic","exchange",5,"[PREMIUM]","4"
"dNgUg6bzwjm","2026-08-02 23:48:14.087","2026-08-02 23:48:14.087","dNgUg6bzwjm","18377760","[PREMIUM]","[PREMIUM]","[PREMIUM]","133","Section 133","7",4,"[]","2026-10-11 00:00:00","electronic","exchange",5,"[PREMIUM]","4"
"dNgUg6bzwAm","2026-08-02 23:48:14.087","2026-08-02 23:48:14.087","dNgUg6bzwAm","18377760","[PREMIUM]","[PREMIUM]","[PREMIUM]","124","Section 124","4",2,"[]","2026-10-11 00:00:00","electronic","exchange",3,"[PREMIUM]","2"
"dNgUg6bzqmR","2026-08-02 23:48:14.087","2026-08-02 23:48:14.087","dNgUg6bzqmR","18377760","[PREMIUM]","[PREMIUM]","[PREMIUM]","105","Section 105","2",4,"[]","2026-10-11 00:00:00","electronic","exchange",5,"[PREMIUM]","4"
"dNgUg6bzq0J","2026-08-02 23:48:14.087","2026-08-02 23:48:14.087","dNgUg6bzq0J","18377760","[PREMIUM]","[PREMIUM]","[PREMIUM]","1","Section 1","10",3,"[]","2026-10-11 00:00:00","electronic","exchange",5,"[PREMIUM]","3"
"eeacK2ZNExY","2026-08-02 23:48:14.087","2026-08-02 23:48:14.087","eeacK2ZNExY","18377760","[PREMIUM]","[PREMIUM]","[PREMIUM]","106","Section 106","10",2,"[]","2026-10-11 00:00:00","electronic","exchange",4,"[PREMIUM]","2"
"eeacK2ZNqK9","2026-08-02 23:48:14.087","2026-08-02 23:48:14.087","eeacK2ZNqK9","18377760","[PREMIUM]","[PREMIUM]","[PREMIUM]","9","Section 9","9",2,"[]","2026-10-11 00:00:00","electronic","exchange",4,"[PREMIUM]","2"
"eeacK2ZNzza","2026-08-02 23:48:14.087","2026-08-02 23:48:14.087","eeacK2ZNzza","18377760","[PREMIUM]","[PREMIUM]","[PREMIUM]","18","Section 18","12",4,"[]","2026-10-11 00:00:00","electronic","exchange",4,"[PREMIUM]","4"
"g48UroD9YV2","2026-08-02 23:48:14.087","2026-08-02 23:48:14.087","g48UroD9YV2","18377760","[PREMIUM]","[PREMIUM]","[PREMIUM]","229","Section 229","4",4,"[]","2026-10-11 00:00:00","electronic","exchange",4,"[PREMIUM]","4"
"g48UroD9YOM","2026-08-02 23:48:14.087","2026-08-02 23:48:14.087","g48UroD9YOM","18377760","[PREMIUM]","[PREMIUM]","[PREMIUM]","130","Section 130","4",2,"[]","2026-10-11 00:00:00","electronic","exchange",4,"[PREMIUM]","2"
"jDvsz7gXepZ","2026-08-02 23:48:14.087","2026-08-02 23:48:14.087","jDvsz7gXepZ","18377760","[PREMIUM]","[PREMIUM]","[PREMIUM]","7","Section 7","10",2,"[]","2026-10-11 00:00:00","electronic","exchange",5,"[PREMIUM]","2"
"jDvsz7gXNK0","2026-08-02 23:48:14.087","2026-08-02 23:48:14.087","jDvsz7gXNK0","18377760","[PREMIUM]","[PREMIUM]","[PREMIUM]","7","Section 7","10",4,"[]","2026-10-11 00:00:00","electronic","exchange",5,"[PREMIUM]","4"
"jDvsz7gXNzN","2026-08-02 23:48:14.087","2026-08-02 23:48:14.087","jDvsz7gXNzN","18377760","[PREMIUM]","[PREMIUM]","[PREMIUM]","107","Section 107","14",2,"[]","2026-10-11 00:00:00","electronic","exchange",4,"[PREMIUM]","2"
"jDvsz7gXram","2026-08-02 23:48:14.087","2026-08-02 23:48:14.087","jDvsz7gXram","18377760","[PREMIUM]","[PREMIUM]","[PREMIUM]","110","Section 110","4",2,"[]","2026-10-11 00:00:00","electronic","exchange",4,"[PREMIUM]","2"
"jDvsz7gXeo4","2026-08-02 23:48:14.087","2026-08-02 23:48:14.087","jDvsz7gXeo4","18377760","[PREMIUM]","[PREMIUM]","[PREMIUM]","6","Section 6","13",2,"[]","2026-10-11 00:00:00","electronic","exchange",5,"[PREMIUM]","2"
"kYet94jAXn2","2026-08-02 23:48:14.087","2026-08-02 23:48:14.087","kYet94jAXn2","18377760","[PREMIUM]","[PREMIUM]","[PREMIUM]","PL19","Section PL 19","3",4,"[]","2026-10-11 00:00:00","electronic","exchange",0,"[PREMIUM]","4"
"kYet94jA7pE","2026-08-02 23:48:14.087","2026-08-02 23:48:14.087","kYet94jA7pE","18377760","[PREMIUM]","[PREMIUM]","[PREMIUM]","213","Section 213","3",4,"[]","2026-10-11 00:00:00","electronic","exchange",3,"[PREMIUM]","4"
"kYet94jAwAa","2026-08-02 23:48:14.087","2026-08-02 23:48:14.087","kYet94jAwAa","18377760","[PREMIUM]","[PREMIUM]","[PREMIUM]","11","Section 11","15",2,"[]","2026-10-11 00:00:00","electronic","exchange",4,"[PREMIUM]","2"
"kYet94jAXwO","2026-08-02 23:48:14.087","2026-08-02 23:48:14.087","kYet94jAXwO","18377760","[PREMIUM]","[PREMIUM]","[PREMIUM]","4","Section 4","9",4,"[]","2026-10-11 00:00:00","electronic","exchange",5,"[PREMIUM]","4"
"kYet94jAX72","2026-08-02 23:48:14.087","2026-08-02 23:48:14.087","kYet94jAX72","18377760","[PREMIUM]","[PREMIUM]","[PREMIUM]","131","Section 131","4",4,"[]","2026-10-11 00:00:00","electronic","exchange",4,"[PREMIUM]","4"
"lxVsdLALrM6","2026-08-02 23:48:14.087","2026-08-02 23:48:14.087","lxVsdLALrM6","18377760","[PREMIUM]","[PREMIUM]","[PREMIUM]","13","Section 13","7",4,"[]","2026-10-11 00:00:00","electronic","exchange",5,"[PREMIUM]","4"
"lxVsdLAwrXE","2026-08-02 23:48:14.087","2026-08-02 23:48:14.087","lxVsdLAwrXE","18377760","[PREMIUM]","[PREMIUM]","[PREMIUM]","12","Section 12","13",2,"[]","2026-10-11 00:00:00","electronic","exchange",5,"[PREMIUM]","2"
"lxVsdLAwnM4","2026-08-02 23:48:14.087","2026-08-02 23:48:14.087","lxVsdLAwnM4","18377760","[PREMIUM]","[PREMIUM]","[PREMIUM]","RST2","Restaurant Ledge 2","b",2,"[]","2026-10-11 00:00:00","electronic","exchange",4,"[PREMIUM]","2"
"lxVsdLAwnM2","2026-08-02 23:48:14.087","2026-08-02 23:48:14.087","lxVsdLAwnM2","18377760","[PREMIUM]","[PREMIUM]","[PREMIUM]","15","Section 15","10",4,"[]","2026-10-11 00:00:00","electronic","exchange",5,"[PREMIUM]","4"
"lxVsdLAwrag","2026-08-02 23:48:14.087","2026-08-02 23:48:14.087","lxVsdLAwrag","18377760","[PREMIUM]","[PREMIUM]","[PREMIUM]","17","Section 17","17",2,"[]","2026-10-11 00:00:00","electronic","exchange",5,"[PREMIUM]","2"
"lxVsdLAwroK","2026-08-02 23:48:14.087","2026-08-02 23:48:14.087","lxVsdLAwroK","18377760","[PREMIUM]","[PREMIUM]","[PREMIUM]","212","Section 212","4",4,"[]","2026-10-11 00:00:00","electronic","exchange",4,"[PREMIUM]","4"
"lxVsdLAwrqg","2026-08-02 23:48:14.087","2026-08-02 23:48:14.087","lxVsdLAwrqg","18377760","[PREMIUM]","[PREMIUM]","[PREMIUM]","14","Section 14","7",2,"[]","2026-10-11 00:00:00","electronic","exchange",5,"[PREMIUM]","2"
"lxVsdLAwxz6","2026-08-02 23:48:14.087","2026-08-02 23:48:14.087","lxVsdLAwxz6","18377760","[PREMIUM]","[PREMIUM]","[PREMIUM]","216","Section 216","6",2,"[]","2026-10-11 00:00:00","electronic","exchange",5,"[PREMIUM]","2"
"mxAs4YoVRd6","2026-08-02 23:48:14.087","2026-08-02 23:48:14.087","mxAs4YoVRd6","18377760","[PREMIUM]","[PREMIUM]","[PREMIUM]","127","Section 127","6",2,"[]","2026-10-11 00:00:00","electronic","exchange",4,"[PREMIUM]","2"
"mxAs4YoVkja","2026-08-02 23:48:14.087","2026-08-02 23:48:14.087","mxAs4YoVkja","18377760","[PREMIUM]","[PREMIUM]","[PREMIUM]","12","Section 12","8",4,"[]","2026-10-11 00:00:00","electronic","exchange",5,"[PREMIUM]","4"
"mxAs4YoVM9r","2026-08-02 23:48:14.087","2026-08-02 23:48:14.087","mxAs4YoVM9r","18377760","[PREMIUM]","[PREMIUM]","[PREMIUM]","108","Section 108","6",4,"[]","2026-10-11 00:00:00","electronic","exchange",5,"[PREMIUM]","4"
"nx0srMYeXVB","2026-08-02 23:48:14.087","2026-08-02 23:48:14.087","nx0srMYeXVB","18377760","[PREMIUM]","[PREMIUM]","[PREMIUM]","231","Section 231","4",2,"[]","2026-10-11 00:00:00","electronic","exchange",3,"[PREMIUM]","2"
"nx0srMYebLn","2026-08-02 23:48:14.087","2026-08-02 23:48:14.087","nx0srMYebLn","18377760","[PREMIUM]","[PREMIUM]","[PREMIUM]","104","Section 104","1",3,"[]","2026-10-11 00:00:00","electronic","exchange",4,"[PREMIUM]","3"
"nx0srMYe6Xz","2026-08-02 23:48:14.087","2026-08-02 23:48:14.087","nx0srMYe6Xz","18377760","[PREMIUM]","[PREMIUM]","[PREMIUM]","115","Section 115","3",4,"[]","2026-10-11 00:00:00","electronic","exchange",4,"[PREMIUM]","4"
"nx0srMYe6lj","2026-08-02 23:48:14.087","2026-08-02 23:48:14.087","nx0srMYe6lj","18377760","[PREMIUM]","[PREMIUM]","[PREMIUM]","128","Section 128","4",2,"[]","2026-10-11 00:00:00","electronic","exchange",5,"[PREMIUM]","2"
"oV7HbE7lkPO","2026-08-02 23:48:14.087","2026-08-02 23:48:14.087","oV7HbE7lkPO","18377760","[PREMIUM]","[PREMIUM]","[PREMIUM]","130","Section 130","4",4,"[]","2026-10-11 00:00:00","electronic","exchange",4,"[PREMIUM]","4"
"oV7HbE7l3O2","2026-08-02 23:48:14.087","2026-08-02 23:48:14.087","oV7HbE7l3O2","18377760","[PREMIUM]","[PREMIUM]","[PREMIUM]","232","Section 232","4",2,"[]","2026-10-11 00:00:00","electronic","exchange",4,"[PREMIUM]","2"
"oV7HbE7l30j","2026-08-02 23:48:14.087","2026-08-02 23:48:14.087","oV7HbE7l30j","18377760","[PREMIUM]","[PREMIUM]","[PREMIUM]","113","Section 113","4",2,"[]","2026-10-11 00:00:00","electronic","exchange",3,"[PREMIUM]","2"
"oV7HbE7l22K","2026-08-02 23:48:14.087","2026-08-02 23:48:14.087","oV7HbE7l22K","18377760","[PREMIUM]","[PREMIUM]","[PREMIUM]","11","Section 11","15",2,"[]","2026-10-11 00:00:00","electronic","exchange",4,"[PREMIUM]","2"
"oV7HbE7lkxO","2026-08-02 23:48:14.087","2026-08-02 23:48:14.087","oV7HbE7lkxO","18377760","[PREMIUM]","[PREMIUM]","[PREMIUM]","PL7","Section PL 7","3",4,"[]","2026-10-11 00:00:00","electronic","exchange",3,"[PREMIUM]","4"
"oV7HbE7lkbP","2026-08-02 23:48:14.087","2026-08-02 23:48:14.087","oV7HbE7lkbP","18377760","[PREMIUM]","[PREMIUM]","[PREMIUM]","124","Section 124","4",3,"[]","2026-10-11 00:00:00","electronic","exchange",4,"[PREMIUM]","3"
"oV7HbE7lkYX","2026-08-02 23:48:14.087","2026-08-02 23:48:14.087","oV7HbE7lkYX","18377760","[PREMIUM]","[PREMIUM]","[PREMIUM]","128","Section 128","7",2,"[]","2026-10-11 00:00:00","electronic","exchange",5,"[PREMIUM]","2"
"pVXHDEXrlDr","2026-08-02 23:48:14.087","2026-08-02 23:48:14.087","pVXHDEXrlDr","18377760","[PREMIUM]","[PREMIUM]","[PREMIUM]","125","Section 125","4",2,"[]","2026-10-11 00:00:00","electronic","exchange",4,"[PREMIUM]","2"
"pVXHDEXrb05","2026-08-02 23:48:14.087","2026-08-02 23:48:14.087","pVXHDEXrb05","18377760","[PREMIUM]","[PREMIUM]","[PREMIUM]","20","Section 20","17",2,"[]","2026-10-11 00:00:00","electronic","exchange",4,"[PREMIUM]","2"
"pVXHDEXrA6b","2026-08-02 23:48:14.087","2026-08-02 23:48:14.087","pVXHDEXrA6b","18377760","[PREMIUM]","[PREMIUM]","[PREMIUM]","123","Section 123","11",2,"[]","2026-10-11 00:00:00","electronic","exchange",4,"[PREMIUM]","2"
"qVjH2VDj8w0","2026-08-02 23:48:14.087","2026-08-02 23:48:14.087","qVjH2VDj8w0","18377760","[PREMIUM]","[PREMIUM]","[PREMIUM]","116","Section 116","9",2,"[]","2026-10-11 00:00:00","electronic","exchange",4,"[PREMIUM]","2"
"qVjH2VDjlG3","2026-08-02 23:48:14.087","2026-08-02 23:48:14.087","qVjH2VDjlG3","18377760","[PREMIUM]","[PREMIUM]","[PREMIUM]","PL6","Section PL 6","2",2,"[]","2026-10-11 00:00:00","electronic","exchange",4,"[PREMIUM]","2"
"qVjH2VDjlBn","2026-08-02 23:48:14.087","2026-08-02 23:48:14.087","qVjH2VDjlBn","18377760","[PREMIUM]","[PREMIUM]","[PREMIUM]","232","Section 232","2",4,"[]","2026-10-11 00:00:00","electronic","exchange",4,"[PREMIUM]","4"
"qVjH2VDj8Yr","2026-08-02 23:48:14.087","2026-08-02 23:48:14.087","qVjH2VDj8Yr","18377760","[PREMIUM]","[PREMIUM]","[PREMIUM]","118","Section 118","7",2,"[]","2026-10-11 00:00:00","electronic","exchange",4,"[PREMIUM]","2"
"rVOHkROPV3Y","2026-08-02 23:48:14.087","2026-08-02 23:48:14.087","rVOHkROPV3Y","18377760","[PREMIUM]","[PREMIUM]","[PREMIUM]","129","Section 129","2",4,"[]","2026-10-11 00:00:00","electronic","exchange",5,"[PREMIUM]","4"
"rVOHkROPVa0","2026-08-02 23:48:14.087","2026-08-02 23:48:14.087","rVOHkROPVa0","18377760","[PREMIUM]","[PREMIUM]","[PREMIUM]","13","Section 13","7",4,"[]","2026-10-11 00:00:00","electronic","exchange",5,"[PREMIUM]","4"
"rVOHkROPVkD","2026-08-02 23:48:14.087","2026-08-02 23:48:14.087","rVOHkROPVkD","18377760","[PREMIUM]","[PREMIUM]","[PREMIUM]","212","Section 212","3",2,"[]","2026-10-11 00:00:00","electronic","exchange",4,"[PREMIUM]","2"
"rVOHkROPY4w","2026-08-02 23:48:14.087","2026-08-02 23:48:14.087","rVOHkROPY4w","18377760","[PREMIUM]","[PREMIUM]","[PREMIUM]","103","Section 103","10",2,"[]","2026-10-11 00:00:00","electronic","exchange",4,"[PREMIUM]","2"
"rVOHkROPYwe","2026-08-02 23:48:14.087","2026-08-02 23:48:14.087","rVOHkROPYwe","18377760","[PREMIUM]","[PREMIUM]","[PREMIUM]","21","Section 21","7",4,"[]","2026-10-11 00:00:00","electronic","exchange",5,"[PREMIUM]","4"
"rVOHkROPwEJ","2026-08-02 23:48:14.087","2026-08-02 23:48:14.087","rVOHkROPwEJ","18377760","[PREMIUM]","[PREMIUM]","[PREMIUM]","102","Section 102","3",3,"[]","2026-10-11 00:00:00","electronic","exchange",5,"[PREMIUM]","3"
"rVOHkROPwEM","2026-08-02 23:48:14.087","2026-08-02 23:48:14.087","rVOHkROPwEM","18377760","[PREMIUM]","[PREMIUM]","[PREMIUM]","11","Section 11","19",2,"[]","2026-10-11 00:00:00","electronic","exchange",5,"[PREMIUM]","2"
"rVOHkROPwNp","2026-08-02 23:48:14.087","2026-08-02 23:48:14.087","rVOHkROPwNp","18377760","[PREMIUM]","[PREMIUM]","[PREMIUM]","114","Section 114","2",4,"[]","2026-10-11 00:00:00","electronic","exchange",4,"[PREMIUM]","4"
"vb3iPeDVmVr","2026-08-02 23:48:14.087","2026-08-02 23:48:14.087","vb3iPeDVmVr","18377760","[PREMIUM]","[PREMIUM]","[PREMIUM]","6","Section 6","9",4,"[]","2026-10-11 00:00:00","electronic","exchange",5,"[PREMIUM]","4"
"w3JsedJbPrp","2026-08-02 23:48:14.087","2026-08-02 23:48:14.087","w3JsedJbPrp","18377760","[PREMIUM]","[PREMIUM]","[PREMIUM]","110","Section 110","3",2,"[]","2026-10-11 00:00:00","electronic","exchange",4,"[PREMIUM]","2"
"w3JsedJbEPB","2026-08-02 23:48:14.087","2026-08-02 23:48:14.087","w3JsedJbEPB","18377760","[PREMIUM]","[PREMIUM]","[PREMIUM]","17","Section 17","19",2,"[]","2026-10-11 00:00:00","electronic","exchange",5,"[PREMIUM]","2"
"w3JsedJbPrr","2026-08-02 23:48:14.087","2026-08-02 23:48:14.087","w3JsedJbPrr","18377760","[PREMIUM]","[PREMIUM]","[PREMIUM]","101","Section 101","11",2,"[]","2026-10-11 00:00:00","electronic","exchange",4,"[PREMIUM]","2"
"w3JsedJbPoZ","2026-08-02 23:48:14.087","2026-08-02 23:48:14.087","w3JsedJbPoZ","18377760","[PREMIUM]","[PREMIUM]","[PREMIUM]","1","Section 1","14",4,"[]","2026-10-11 00:00:00","electronic","exchange",5,"[PREMIUM]","4"
"w3JsedJb7xv","2026-08-02 23:48:14.087","2026-08-02 23:48:14.087","w3JsedJb7xv","18377760","[PREMIUM]","[PREMIUM]","[PREMIUM]","211","Section 211","5",2,"[]","2026-10-11 00:00:00","electronic","exchange",3,"[PREMIUM]","2"
"w3JsedJbPEo","2026-08-02 23:48:14.087","2026-08-02 23:48:14.087","w3JsedJbPEo","18377760","[PREMIUM]","[PREMIUM]","[PREMIUM]","10","Section 10","6",2,"[]","2026-10-11 00:00:00","electronic","exchange",4,"[PREMIUM]","2"
"xb9imB9J5k0","2026-08-02 23:48:14.087","2026-08-02 23:48:14.087","xb9imB9J5k0","18377760","[PREMIUM]","[PREMIUM]","[PREMIUM]","3","Section 3","17",2,"[]","2026-10-11 00:00:00","electronic","exchange",5,"[PREMIUM]","2"
"z3Es6qE3K9N","2026-08-02 23:48:14.087","2026-08-02 23:48:14.087","z3Es6qE3K9N","18377760","[PREMIUM]","[PREMIUM]","[PREMIUM]","16","Section 16","9",4,"[]","2026-10-11 00:00:00","electronic","exchange",5,"[PREMIUM]","4"
"3q7fNJrvP4B","2026-08-02 23:47:30.340","2026-08-15 22:42:09.332","3q7fNJrvP4B","18376700","[PREMIUM]","[PREMIUM]","[PREMIUM]","304","Section 304","13",4,"[]","2026-10-12 00:00:00","electronic","exchange",1,"[PREMIUM]","2,4"
"BALImXgRVKG","2026-08-02 23:47:30.340","2026-08-15 22:42:09.332","BALImXgRVKG","18376700","[PREMIUM]","[PREMIUM]","[PREMIUM]","PR06","Premier 6","7",4,"[]","2026-09-22 00:00:00","electronic","exchange",2,"[PREMIUM]","1,2,4"
"4vXcj9AbNKr","2026-08-02 23:47:28.690","2026-08-15 22:36:56.573","4vXcj9AbNKr","18378167","[PREMIUM]","[PREMIUM]","[PREMIUM]","116","Section 116","e",4,"[]","2026-10-08 00:00:00","electronic","exchange",0,"[PREMIUM]","2,4"
"w3Jsed0OAKw","2026-08-02 23:46:24.948","2026-08-15 11:47:21.480","w3Jsed0OAKw","18376861","[PREMIUM]","[PREMIUM]","[PREMIUM]","436","Section 436","a",2,"['5','6']","2026-10-10 00:00:00","electronic","exchange",4,"[PREMIUM]","2"
"EroUXn0GK2e","2026-08-02 23:44:28.089","2026-08-04 22:39:30.761","EroUXn0GK2e","18378739","[PREMIUM]","[PREMIUM]","[PREMIUM]","215","Section 215","l",2,"[]","2026-10-01 00:00:00","electronic","exchange",1,"[PREMIUM]","2"
"PX0sgLM3EEK","2026-08-02 23:44:28.089","2026-08-04 22:39:30.761","PX0sgLM3EEK","18378739","[PREMIUM]","[PREMIUM]","[PREMIUM]","1","Section 1","q",2,"[]","2026-09-30 00:00:00","electronic","exchange",0,"[PREMIUM]","2"
"eeacK2ZqPa4","2026-08-02 23:44:28.089","2026-08-04 22:39:30.761","eeacK2ZqPa4","18378739","[PREMIUM]","[PREMIUM]","[PREMIUM]","213","Section 213","e",2,"[]","2026-09-30 00:00:00","electronic","exchange",0,"[PREMIUM]","2"
"jDvsz7g2jdg","2026-08-02 23:44:28.089","2026-08-04 22:39:30.761","jDvsz7g2jdg","18378739","[PREMIUM]","[PREMIUM]","[PREMIUM]","215","Section 215","l",2,"['1','2']","2026-10-01 00:00:00","electronic","exchange",1,"[PREMIUM]","2"
"kYet94j6k55","2026-08-02 23:44:28.089","2026-08-15 22:31:02.527","kYet94j6k55","18378739","[PREMIUM]","[PREMIUM]","[PREMIUM]","216","Section 216","tt",2,"[]","2026-10-01 00:00:00","electronic","exchange",2,"[PREMIUM]","2"
"w3JsedJ0G5N","2026-08-02 23:44:28.089","2026-08-15 22:31:02.527","w3JsedJ0G5N","18378739","[PREMIUM]","[PREMIUM]","[PREMIUM]","212","Section 212","tt",2,"[]","2026-10-01 00:00:00","electronic","exchange",2,"[PREMIUM]","2"
