"_primaryKey","_firstSeenAt","_lastSeenAt","listingId","eventId","price","priceWithFees","fee","section","sectionFull","row","quantity","seats","inHandDate","deliveryType","marketplace","dealBucket","dealScore","splitType"
"2v0cz3grM7E","2026-07-13 23:59:57.967","2026-08-04 14:20:07.178","2v0cz3grM7E","18257225","[PREMIUM]","[PREMIUM]","[PREMIUM]","325","Section 325","11",2,"[]","2026-09-29 00:00:00","electronic","exchange",1,"[PREMIUM]","2"
"6mOhkA9wrVg","2026-07-13 23:59:57.967","2026-08-04 14:20:07.178","6mOhkA9wrVg","18257225","[PREMIUM]","[PREMIUM]","[PREMIUM]","120","Section 120","10",2,"[]","2026-09-29 00:00:00","electronic","exchange",2,"[PREMIUM]","2"
"6mOhkA94EkR","2026-07-13 23:59:57.967","2026-08-04 14:20:07.178","6mOhkA94EkR","18257225","[PREMIUM]","[PREMIUM]","[PREMIUM]","118","Section 118","9",2,"['3','4']","2026-09-29 00:00:00","electronic","exchange",1,"[PREMIUM]","2"
"5EjuZ6kprNK","2026-07-13 23:59:57.967","2026-08-04 14:20:07.178","5EjuZ6kprNK","18257225","[PREMIUM]","[PREMIUM]","[PREMIUM]","119","Section 119","17",2,"['13','14']","2026-09-29 00:00:00","electronic","exchange",2,"[PREMIUM]","2"
"7KntAlOEnXl","2026-07-13 23:59:57.967","2026-07-13 23:59:57.967","7KntAlOEnXl","18257225","[PREMIUM]","[PREMIUM]","[PREMIUM]","403","Section 403","12",4,"[]","2026-10-07 00:00:00","electronic","exchange",3,"[PREMIUM]","1,2,3,4"
"7KntAlOEnMl","2026-07-13 23:59:57.967","2026-07-13 23:59:57.967","7KntAlOEnMl","18257225","[PREMIUM]","[PREMIUM]","[PREMIUM]","301","Section 301","6",2,"[]","2026-10-07 00:00:00","electronic","exchange",5,"[PREMIUM]","1,2"
"8lKt6YOgDNN","2026-07-13 23:59:57.967","2026-07-16 00:21:02.152","8lKt6YOgDNN","18257225","[PREMIUM]","[PREMIUM]","[PREMIUM]","403","Section 403","2",2,"[]","2026-10-07 00:00:00","electronic","exchange",2,"[PREMIUM]","1,2"
"9P2c5qO0VO3","2026-07-13 23:59:57.967","2026-08-04 14:20:07.178","9P2c5qO0VO3","18257225","[PREMIUM]","[PREMIUM]","[PREMIUM]","308","Section 308","15",2,"[]","2026-09-29 00:00:00","electronic","exchange",2,"[PREMIUM]","2"
"9P2c5qOKxq9","2026-07-13 23:59:57.967","2026-08-04 14:20:07.178","9P2c5qOKxq9","18257225","[PREMIUM]","[PREMIUM]","[PREMIUM]","118","Section 118","9",2,"[]","2026-09-29 00:00:00","electronic","exchange",1,"[PREMIUM]","2"
"DdwHkO6XwbD","2026-07-13 23:59:57.967","2026-07-13 23:59:57.967","DdwHkO6XwbD","18257225","[PREMIUM]","[PREMIUM]","[PREMIUM]","301","Section 301","5",2,"[]","2026-10-07 00:00:00","electronic","exchange",5,"[PREMIUM]","1,2"
"GAaI625YZBm","2026-07-13 23:59:57.967","2026-08-04 14:20:07.178","GAaI625YZBm","18257225","[PREMIUM]","[PREMIUM]","[PREMIUM]","325","Section 325","11",2,"['13','14']","2026-09-29 00:00:00","electronic","exchange",1,"[PREMIUM]","2"
"LbviLEq9glJ","2026-07-13 23:59:57.967","2026-08-04 14:20:07.178","LbviLEq9glJ","18257225","[PREMIUM]","[PREMIUM]","[PREMIUM]","308","Section 308","15",2,"['19','20']","2026-09-29 00:00:00","electronic","exchange",1,"[PREMIUM]","2"
"NrqUv45DbGN","2026-07-13 23:59:57.967","2026-07-13 23:59:57.967","NrqUv45DbGN","18257225","[PREMIUM]","[PREMIUM]","[PREMIUM]","318","Section 318","6",6,"[]","2026-10-07 00:00:00","electronic","exchange",5,"[PREMIUM]","1,2,3,4,5,6"
"Zm9hvwmEY8R","2026-07-13 23:59:57.967","2026-07-13 23:59:57.967","Zm9hvwmEY8R","18257225","[PREMIUM]","[PREMIUM]","[PREMIUM]","403","Section 403","1",6,"[]","2026-10-07 00:00:00","electronic","exchange",1,"[PREMIUM]","1,2,3,4,5,6"
"g48UroxNOaL","2026-07-13 23:59:57.967","2026-07-14 23:26:39.888","g48UroxNOaL","18257225","[PREMIUM]","[PREMIUM]","[PREMIUM]","301","Section 301","5",8,"[]","2026-10-07 00:00:00","electronic","exchange",5,"[PREMIUM]","1,2,3,4,5,6,7,8"
"lxVsdL649YB","2026-07-13 23:59:57.967","2026-07-13 23:59:57.967","lxVsdL649YB","18257225","[PREMIUM]","[PREMIUM]","[PREMIUM]","301","Section 301","6",6,"[]","2026-10-07 00:00:00","electronic","exchange",5,"[PREMIUM]","1,2,3,4,5,6"
"lxVsdL65xdr","2026-07-13 23:59:57.967","2026-08-04 14:20:07.178","lxVsdL65xdr","18257225","[PREMIUM]","[PREMIUM]","[PREMIUM]","118","Section 118","9",2,"['1','2']","2026-09-29 00:00:00","electronic","exchange",1,"[PREMIUM]","2"
"oV7HbEnNa64","2026-07-13 23:59:57.967","2026-08-04 14:20:07.178","oV7HbEnNa64","18257225","[PREMIUM]","[PREMIUM]","[PREMIUM]","118","Section 118","9",2,"[]","2026-09-29 00:00:00","electronic","exchange",1,"[PREMIUM]","2"
"qVjH2VZNvZE","2026-07-13 23:59:57.967","2026-08-04 14:20:07.178","qVjH2VZNvZE","18257225","[PREMIUM]","[PREMIUM]","[PREMIUM]","120","Section 120","10",2,"['1','2']","2026-09-29 00:00:00","electronic","exchange",1,"[PREMIUM]","2"
"rVOHkRz7LBM","2026-07-13 23:59:57.967","2026-07-13 23:59:57.967","rVOHkRz7LBM","18257225","[PREMIUM]","[PREMIUM]","[PREMIUM]","403","Section 403","2",2,"[]","2026-10-07 00:00:00","electronic","exchange",2,"[PREMIUM]","1,2"
"w3JsedGOAn0","2026-07-13 23:59:57.967","2026-08-04 14:20:07.178","w3JsedGOAn0","18257225","[PREMIUM]","[PREMIUM]","[PREMIUM]","119","Section 119","17",2,"[]","2026-09-29 00:00:00","electronic","exchange",2,"[PREMIUM]","2"
"05VT8K55l7K","2026-07-13 23:59:57.881","2026-07-13 23:59:57.881","05VT8K55l7K","18253141","[PREMIUM]","[PREMIUM]","[PREMIUM]","317","Section 317","4",8,"[]","2026-10-04 00:00:00","electronic","exchange",1,"[PREMIUM]","1,2,3,4,5,6,7,8"
"2v0cz3g8ba8","2026-07-13 23:59:57.881","2026-07-13 23:59:57.881","2v0cz3g8ba8","18253141","[PREMIUM]","[PREMIUM]","[PREMIUM]","311","Section 311","k",8,"[]","2026-10-04 00:00:00","electronic","exchange",4,"[PREMIUM]","1,2,3,4,5,6,7,8"
"2v0cz3gOnKe","2026-07-13 23:59:57.881","2026-07-16 00:21:02.894","2v0cz3gOnKe","18253141","[PREMIUM]","[PREMIUM]","[PREMIUM]","310","Section 310","f",8,"[]","2026-10-04 00:00:00","electronic","exchange",1,"[PREMIUM]","1,2,3,4,5,6,7,8"
"2v0cz3gmVMq","2026-07-13 23:59:57.881","2026-07-13 23:59:57.881","2v0cz3gmVMq","18253141","[PREMIUM]","[PREMIUM]","[PREMIUM]","317","Section 317","4",8,"[]","2026-10-05 00:00:00","electronic","exchange",0,"[PREMIUM]","1,2,3,4,5,6,7,8"
"2v0cz3gdMkj","2026-07-13 23:59:57.881","2026-07-13 23:59:57.881","2v0cz3gdMkj","18253141","[PREMIUM]","[PREMIUM]","[PREMIUM]","315","Section 315","h",8,"[]","2026-10-04 00:00:00","electronic","exchange",2,"[PREMIUM]","1,2,3,4,5,6,7,8"
"3q7fNJ55wR3","2026-07-13 23:59:57.881","2026-07-16 00:21:02.894","3q7fNJ55wR3","18253141","[PREMIUM]","[PREMIUM]","[PREMIUM]","308","Section 308","e",8,"[]","2026-10-04 00:00:00","electronic","exchange",3,"[PREMIUM]","1,2,3,4,5,6,7,8"
"3q7fNJ55GA6","2026-07-13 23:59:57.881","2026-07-16 00:21:02.894","3q7fNJ55GA6","18253141","[PREMIUM]","[PREMIUM]","[PREMIUM]","317","Section 317","4",8,"[]","2026-10-05 00:00:00","electronic","exchange",0,"[PREMIUM]","1,2,3,4,5,6,7,8"
"3q7fNJ5XAa7","2026-07-13 23:59:57.881","2026-07-13 23:59:57.881","3q7fNJ5XAa7","18253141","[PREMIUM]","[PREMIUM]","[PREMIUM]","302","Section 302","d",6,"[]","2026-10-05 00:00:00","electronic","exchange",1,"[PREMIUM]","1,2,3,4,5,6"
"4vXcj9eeGBK","2026-07-13 23:59:57.881","2026-07-20 02:52:22.242","4vXcj9eeGBK","18253141","[PREMIUM]","[PREMIUM]","[PREMIUM]","320","Section 320","m",2,"[]","2026-10-04 00:00:00","electronic","exchange",2,"[PREMIUM]","1,2"
"5EjuZ6kKMjb","2026-07-13 23:59:57.881","2026-07-13 23:59:57.881","5EjuZ6kKMjb","18253141","[PREMIUM]","[PREMIUM]","[PREMIUM]","312","Section 312","r",8,"[]","2026-10-05 00:00:00","electronic","exchange",1,"[PREMIUM]","1,2,3,4,5,6,7,8"
"6mOhkA95aoN","2026-07-13 23:59:57.881","2026-07-14 23:26:29.168","6mOhkA95aoN","18253141","[PREMIUM]","[PREMIUM]","[PREMIUM]","326","Section 326","n",6,"[]","2026-10-04 00:00:00","electronic","exchange",2,"[PREMIUM]","1,2,3,4,5,6"
"6mOhkA99Rqj","2026-07-13 23:59:57.881","2026-07-18 08:10:42.576","6mOhkA99Rqj","18253141","[PREMIUM]","[PREMIUM]","[PREMIUM]","302","Section 302","j",8,"[]","2026-10-04 00:00:00","electronic","exchange",2,"[PREMIUM]","1,2,3,4,5,6,7,8"
"6mOhkA9729G","2026-07-13 23:59:57.881","2026-07-13 23:59:57.881","6mOhkA9729G","18253141","[PREMIUM]","[PREMIUM]","[PREMIUM]","319","Section 319","m",8,"[]","2026-10-04 00:00:00","electronic","exchange",2,"[PREMIUM]","1,2,3,4,5,6,7,8"
"6mOhkA9xXnZ","2026-07-13 23:59:57.881","2026-07-16 00:21:02.894","6mOhkA9xXnZ","18253141","[PREMIUM]","[PREMIUM]","[PREMIUM]","116","Section 116","b",1,"[]","2026-10-05 00:00:00","electronic","exchange",0,"[PREMIUM]","1"
"6mOhkA9Og9J","2026-07-13 23:59:57.881","2026-07-13 23:59:57.881","6mOhkA9Og9J","18253141","[PREMIUM]","[PREMIUM]","[PREMIUM]","328","Section 328","l",8,"[]","2026-10-04 00:00:00","electronic","exchange",2,"[PREMIUM]","1,2,3,4,5,6,7,8"
"7KntAlO8MlD","2026-07-13 23:59:57.881","2026-07-16 00:21:02.894","7KntAlO8MlD","18253141","[PREMIUM]","[PREMIUM]","[PREMIUM]","304","Section 304","c",6,"[]","2026-10-05 00:00:00","electronic","exchange",1,"[PREMIUM]","1,2,3,4,5,6"
"7KntAlOwlPA","2026-07-13 23:59:57.881","2026-07-20 02:52:22.242","7KntAlOwlPA","18253141","[PREMIUM]","[PREMIUM]","[PREMIUM]","107","Section 107","j",1,"[]","2026-10-05 00:00:00","electronic","exchange",0,"[PREMIUM]","1"
"8lKt6YOJd9O","2026-07-13 23:59:57.881","2026-07-13 23:59:57.881","8lKt6YOJd9O","18253141","[PREMIUM]","[PREMIUM]","[PREMIUM]","104","Section 104","a",1,"[]","2026-10-05 00:00:00","electronic","exchange",0,"[PREMIUM]","1"
"9P2c5qOVebz","2026-07-13 23:59:57.881","2026-07-20 02:52:22.242","9P2c5qOVebz","18253141","[PREMIUM]","[PREMIUM]","[PREMIUM]","307","Section 307","g",2,"[]","2026-10-05 00:00:00","electronic","exchange",0,"[PREMIUM]","2"
"9P2c5qOOx62","2026-07-13 23:59:57.881","2026-07-14 23:26:29.168","9P2c5qOOx62","18253141","[PREMIUM]","[PREMIUM]","[PREMIUM]","328","Section 328","n",6,"[]","2026-10-04 00:00:00","electronic","exchange",3,"[PREMIUM]","1,2,3,4,5,6"
"9P2c5qO4r53","2026-07-13 23:59:57.881","2026-07-22 10:54:24.823","9P2c5qO4r53","18253141","[PREMIUM]","[PREMIUM]","[PREMIUM]","315","Section 315","k",8,"[]","2026-10-04 00:00:00","electronic","exchange",3,"[PREMIUM]","1,2,3,4,5,6,7,8"
"9P2c5qOoAjZ","2026-07-13 23:59:57.881","2026-07-13 23:59:57.881","9P2c5qOoAjZ","18253141","[PREMIUM]","[PREMIUM]","[PREMIUM]","314","Section 314","n",8,"[]","2026-10-05 00:00:00","electronic","exchange",1,"[PREMIUM]","1,2,3,4,5,6,7,8"
"9P2c5qOjwZd","2026-07-13 23:59:57.881","2026-07-13 23:59:57.881","9P2c5qOjwZd","18253141","[PREMIUM]","[PREMIUM]","[PREMIUM]","314","Section 314","n",8,"[]","2026-10-04 00:00:00","electronic","exchange",2,"[PREMIUM]","1,2,3,4,5,6,7,8"
"A6rs27jMEzY","2026-07-13 23:59:57.881","2026-07-13 23:59:57.881","A6rs27jMEzY","18253141","[PREMIUM]","[PREMIUM]","[PREMIUM]","313","Section 313","s",6,"[]","2026-10-05 00:00:00","electronic","exchange",1,"[PREMIUM]","1,2,3,4,5,6"
"BALImXb7bEk","2026-07-13 23:59:57.881","2026-07-14 23:26:29.168","BALImXb7bEk","18253141","[PREMIUM]","[PREMIUM]","[PREMIUM]","104","Section 104","w",1,"[]","2026-10-05 00:00:00","electronic","exchange",0,"[PREMIUM]","1"
"BALImXbbpMq","2026-07-13 23:59:57.881","2026-07-13 23:59:57.881","BALImXbbpMq","18253141","[PREMIUM]","[PREMIUM]","[PREMIUM]","302","Section 302","d",8,"[]","2026-10-04 00:00:00","electronic","exchange",2,"[PREMIUM]","1,2,3,4,5,6,7,8"
"EroUXn55YGY","2026-07-13 23:59:57.881","2026-07-22 10:54:24.823","EroUXn55YGY","18253141","[PREMIUM]","[PREMIUM]","[PREMIUM]","307","Section 307","g",2,"[]","2026-10-05 00:00:00","electronic","exchange",5,"[PREMIUM]","2"
"EroUXn554Xj","2026-07-13 23:59:57.881","2026-07-13 23:59:57.881","EroUXn554Xj","18253141","[PREMIUM]","[PREMIUM]","[PREMIUM]","311","Section 311","k",8,"[]","2026-10-05 00:00:00","electronic","exchange",2,"[PREMIUM]","1,2,3,4,5,6,7,8"
"EroUXn5Bx29","2026-07-13 23:59:57.881","2026-07-13 23:59:57.881","EroUXn5Bx29","18253141","[PREMIUM]","[PREMIUM]","[PREMIUM]","314","Section 314","n",8,"[]","2026-10-05 00:00:00","electronic","exchange",0,"[PREMIUM]","1,2,3,4,5,6,7,8"
"EroUXn50645","2026-07-13 23:59:57.881","2026-07-16 00:21:02.894","EroUXn50645","18253141","[PREMIUM]","[PREMIUM]","[PREMIUM]","107","Section 107","q",1,"[]","2026-10-05 00:00:00","electronic","exchange",0,"[PREMIUM]","1"
"EroUXn5vKoR","2026-07-13 23:59:57.881","2026-07-13 23:59:57.881","EroUXn5vKoR","18253141","[PREMIUM]","[PREMIUM]","[PREMIUM]","315","Section 315","h",8,"[]","2026-10-04 00:00:00","electronic","exchange",4,"[PREMIUM]","1,2,3,4,5,6,7,8"
"GAaI625MO7n","2026-07-13 23:59:57.881","2026-07-13 23:59:57.881","GAaI625MO7n","18253141","[PREMIUM]","[PREMIUM]","[PREMIUM]","312","Section 312","m",8,"[]","2026-10-04 00:00:00","electronic","exchange",2,"[PREMIUM]","1,2,3,4,5,6,7,8"
"GAaI625dOpV","2026-07-13 23:59:57.881","2026-07-13 23:59:57.881","GAaI625dOpV","18253141","[PREMIUM]","[PREMIUM]","[PREMIUM]","328","Section 328","p",4,"[]","2026-10-04 00:00:00","electronic","exchange",3,"[PREMIUM]","1,2,3,4"
"JABI39gNXz5","2026-07-13 23:59:57.881","2026-07-16 00:21:02.894","JABI39gNXz5","18253141","[PREMIUM]","[PREMIUM]","[PREMIUM]","326","Section 326","m",8,"[]","2026-10-04 00:00:00","electronic","exchange",2,"[PREMIUM]","1,2,3,4,5,6,7,8"
"JABI39g4wz2","2026-07-13 23:59:57.881","2026-08-04 02:25:24.051","JABI39g4wz2","18253141","[PREMIUM]","[PREMIUM]","[PREMIUM]","315","Section 315","k",8,"[]","2026-10-05 00:00:00","electronic","exchange",1,"[PREMIUM]","1,2,3,4,5,6,7,8"
"Kezcz63nkk2","2026-07-13 23:59:57.881","2026-07-14 23:26:29.168","Kezcz63nkk2","18253141","[PREMIUM]","[PREMIUM]","[PREMIUM]","326","Section 326","l",4,"[]","2026-10-05 00:00:00","electronic","exchange",0,"[PREMIUM]","1,2,3,4"
"Kezcz633qz4","2026-07-13 23:59:57.881","2026-07-13 23:59:57.881","Kezcz633qz4","18253141","[PREMIUM]","[PREMIUM]","[PREMIUM]","317","Section 317","4",8,"[]","2026-10-04 00:00:00","electronic","exchange",2,"[PREMIUM]","1,2,3,4,5,6,7,8"
"Kezcz63DOlr","2026-07-13 23:59:57.881","2026-07-22 10:54:24.823","Kezcz63DOlr","18253141","[PREMIUM]","[PREMIUM]","[PREMIUM]","310","Section 310","m",8,"[]","2026-10-04 00:00:00","electronic","exchange",3,"[PREMIUM]","1,2,3,4,5,6,7,8"
"LbviLEqZB5P","2026-07-13 23:59:57.881","2026-07-13 23:59:57.881","LbviLEqZB5P","18253141","[PREMIUM]","[PREMIUM]","[PREMIUM]","309","Section 309","b",2,"[]","2026-10-05 00:00:00","electronic","exchange",0,"[PREMIUM]","2"
"MAeIPleX8D9","2026-07-13 23:59:57.881","2026-07-13 23:59:57.881","MAeIPleX8D9","18253141","[PREMIUM]","[PREMIUM]","[PREMIUM]","328","Section 328","l",8,"[]","2026-10-04 00:00:00","electronic","exchange",4,"[PREMIUM]","1,2,3,4,5,6,7,8"
"MAeIPleNo6g","2026-07-13 23:59:57.881","2026-07-13 23:59:57.881","MAeIPleNo6g","18253141","[PREMIUM]","[PREMIUM]","[PREMIUM]","325","Section 325","g",5,"[]","2026-10-04 00:00:00","electronic","exchange",3,"[PREMIUM]","1,2,3,4,5"
"O7AhwrEBpXn","2026-07-13 23:59:57.881","2026-07-13 23:59:57.881","O7AhwrEBpXn","18253141","[PREMIUM]","[PREMIUM]","[PREMIUM]","301","Section 301","g",8,"[]","2026-10-04 00:00:00","electronic","exchange",5,"[PREMIUM]","1,2,3,4,5,6,7,8"
"O7AhwrE7Gkd","2026-07-13 23:59:57.881","2026-07-13 23:59:57.881","O7AhwrE7Gkd","18253141","[PREMIUM]","[PREMIUM]","[PREMIUM]","313","Section 313","p",2,"[]","2026-10-05 00:00:00","electronic","exchange",0,"[PREMIUM]","2"
"O7AhwrEqrAz","2026-07-13 23:59:57.881","2026-07-14 23:26:29.168","O7AhwrEqrAz","18253141","[PREMIUM]","[PREMIUM]","[PREMIUM]","322","Section 322","c",8,"[]","2026-10-04 00:00:00","electronic","exchange",4,"[PREMIUM]","1,2,3,4,5,6,7,8"
"PX0sgLnxKYj","2026-07-13 23:59:57.881","2026-07-13 23:59:57.881","PX0sgLnxKYj","18253141","[PREMIUM]","[PREMIUM]","[PREMIUM]","315","Section 315","h",6,"[]","2026-10-05 00:00:00","electronic","exchange",1,"[PREMIUM]","1,2,3,4,5,6"
"PX0sgLnrvzz","2026-07-13 23:59:57.881","2026-07-16 00:21:02.894","PX0sgLnrvzz","18253141","[PREMIUM]","[PREMIUM]","[PREMIUM]","326","Section 326","m",8,"[]","2026-10-05 00:00:00","electronic","exchange",1,"[PREMIUM]","1,2,3,4,5,6,7,8"
"ROXHzwlkLOM","2026-07-13 23:59:57.881","2026-07-14 23:26:29.168","ROXHzwlkLOM","18253141","[PREMIUM]","[PREMIUM]","[PREMIUM]","105","Section 105","a",1,"[]","2026-10-05 00:00:00","electronic","exchange",0,"[PREMIUM]","1"
"V4KU0M33vlg","2026-07-13 23:59:57.881","2026-07-14 23:26:29.168","V4KU0M33vlg","18253141","[PREMIUM]","[PREMIUM]","[PREMIUM]","328","Section 328","n",6,"[]","2026-10-04 00:00:00","electronic","exchange",4,"[PREMIUM]","1,2,3,4,5,6"
"V4KU0M3Ezle","2026-07-13 23:59:57.881","2026-07-13 23:59:57.881","V4KU0M3Ezle","18253141","[PREMIUM]","[PREMIUM]","[PREMIUM]","311","Section 311","k",6,"[]","2026-10-05 00:00:00","electronic","exchange",2,"[PREMIUM]","1,2,3,4,5,6"
"V4KU0M3OOa4","2026-07-13 23:59:57.881","2026-07-16 00:21:02.894","V4KU0M3OOa4","18253141","[PREMIUM]","[PREMIUM]","[PREMIUM]","318","Section 318","5",8,"[]","2026-10-04 00:00:00","electronic","exchange",3,"[PREMIUM]","1,2,3,4,5,6,7,8"
"V4KU0M33rpX","2026-07-13 23:59:57.881","2026-08-04 02:25:24.051","V4KU0M33rpX","18253141","[PREMIUM]","[PREMIUM]","[PREMIUM]","321","Section 321","t",2,"[]","2026-10-05 00:00:00","electronic","exchange",2,"[PREMIUM]","2"
"X03tKjAEwan","2026-07-13 23:59:57.881","2026-07-17 02:29:40.915","X03tKjAEwan","18253141","[PREMIUM]","[PREMIUM]","[PREMIUM]","320","Section 320","h",6,"[]","2026-10-04 00:00:00","electronic","exchange",2,"[PREMIUM]","1,2,3,4,5,6"
"X03tKjAeZXk","2026-07-13 23:59:57.881","2026-07-13 23:59:57.881","X03tKjAeZXk","18253141","[PREMIUM]","[PREMIUM]","[PREMIUM]","313","Section 313","k",1,"[]","2026-10-05 00:00:00","electronic","exchange",0,"[PREMIUM]","1"
"Zm9hvwmgnNp","2026-07-13 23:59:57.881","2026-07-14 23:26:29.168","Zm9hvwmgnNp","18253141","[PREMIUM]","[PREMIUM]","[PREMIUM]","326","Section 326","n",6,"[]","2026-10-04 00:00:00","electronic","exchange",3,"[PREMIUM]","1,2,3,4,5,6"
"b4wUaG3l5wo","2026-07-13 23:59:57.881","2026-07-17 02:29:40.915","b4wUaG3l5wo","18253141","[PREMIUM]","[PREMIUM]","[PREMIUM]","320","Section 320","h",6,"[]","2026-10-04 00:00:00","electronic","exchange",2,"[PREMIUM]","1,2,3,4,5,6"
"eeacK2llP8Y","2026-07-13 23:59:57.881","2026-07-16 00:21:02.894","eeacK2llP8Y","18253141","[PREMIUM]","[PREMIUM]","[PREMIUM]","308","Section 308","e",8,"[]","2026-10-04 00:00:00","electronic","exchange",4,"[PREMIUM]","1,2,3,4,5,6,7,8"
"eeacK2ll6or","2026-07-13 23:59:57.881","2026-07-14 23:26:29.168","eeacK2ll6or","18253141","[PREMIUM]","[PREMIUM]","[PREMIUM]","320","Section 320","m",2,"[]","2026-10-04 00:00:00","electronic","exchange",3,"[PREMIUM]","1,2"
"eeacK2lk8K7","2026-07-13 23:59:57.881","2026-08-04 02:25:24.051","eeacK2lk8K7","18253141","[PREMIUM]","[PREMIUM]","[PREMIUM]","327","Section 327","r",1,"[]","2026-10-05 00:00:00","electronic","exchange",1,"[PREMIUM]","1"
"g48UroxLmgY","2026-07-13 23:59:57.881","2026-07-16 00:21:02.894","g48UroxLmgY","18253141","[PREMIUM]","[PREMIUM]","[PREMIUM]","303","Section 303","g",8,"[]","2026-10-04 00:00:00","electronic","exchange",2,"[PREMIUM]","1,2,3,4,5,6,7,8"
"g48Uroxk3NP","2026-07-13 23:59:57.881","2026-07-14 23:26:29.168","g48Uroxk3NP","18253141","[PREMIUM]","[PREMIUM]","[PREMIUM]","326","Section 326","n",8,"[]","2026-10-05 00:00:00","electronic","exchange",1,"[PREMIUM]","1,2,3,4,5,6,7,8"
"jDvsz7vDVeb","2026-07-13 23:59:57.881","2026-07-16 00:21:02.894","jDvsz7vDVeb","18253141","[PREMIUM]","[PREMIUM]","[PREMIUM]","328","Section 328","k",4,"[]","2026-10-05 00:00:00","electronic","exchange",1,"[PREMIUM]","1,2,3,4"
"jDvsz7vpYO7","2026-07-13 23:59:57.881","2026-07-13 23:59:57.881","jDvsz7vpYO7","18253141","[PREMIUM]","[PREMIUM]","[PREMIUM]","116","Section 116","x",1,"[]","2026-10-05 00:00:00","electronic","exchange",0,"[PREMIUM]","1"
"kYet94kALPD","2026-07-13 23:59:57.881","2026-07-13 23:59:57.881","kYet94kALPD","18253141","[PREMIUM]","[PREMIUM]","[PREMIUM]","311","Section 311","k",8,"[]","2026-10-04 00:00:00","electronic","exchange",5,"[PREMIUM]","1,2,3,4,5,6,7,8"
"kYet94kkLd5","2026-07-13 23:59:57.881","2026-07-16 00:21:02.894","kYet94kkLd5","18253141","[PREMIUM]","[PREMIUM]","[PREMIUM]","305","Section 305","p",8,"[]","2026-10-04 00:00:00","electronic","exchange",2,"[PREMIUM]","1,2,3,4,5,6,7,8"
"lxVsdL60Dmd","2026-07-13 23:59:57.881","2026-07-14 23:26:29.168","lxVsdL60Dmd","18253141","[PREMIUM]","[PREMIUM]","[PREMIUM]","327","Section 327","r",2,"[]","2026-10-05 00:00:00","electronic","exchange",1,"[PREMIUM]","1,2"
"lxVsdL689aM","2026-07-13 23:59:57.881","2026-07-16 00:21:02.894","lxVsdL689aM","18253141","[PREMIUM]","[PREMIUM]","[PREMIUM]","303","Section 303","g",8,"[]","2026-10-05 00:00:00","electronic","exchange",2,"[PREMIUM]","1,2,3,4,5,6,7,8"
"lxVsdL6Nl6z","2026-07-13 23:59:57.881","2026-07-16 00:21:02.894","lxVsdL6Nl6z","18253141","[PREMIUM]","[PREMIUM]","[PREMIUM]","326","Section 326","m",8,"[]","2026-10-04 00:00:00","electronic","exchange",3,"[PREMIUM]","1,2,3,4,5,6,7,8"
"lxVsdL66Xnw","2026-07-13 23:59:57.881","2026-07-13 23:59:57.881","lxVsdL66Xnw","18253141","[PREMIUM]","[PREMIUM]","[PREMIUM]","302","Section 302","d",8,"[]","2026-10-04 00:00:00","electronic","exchange",1,"[PREMIUM]","1,2,3,4,5,6,7,8"
"mxAs4YzNzDl","2026-07-13 23:59:57.881","2026-07-13 23:59:57.881","mxAs4YzNzDl","18253141","[PREMIUM]","[PREMIUM]","[PREMIUM]","325","Section 325","g",5,"[]","2026-10-04 00:00:00","electronic","exchange",4,"[PREMIUM]","1,2,3,4,5"
"nx0srM08Mkz","2026-07-13 23:59:57.881","2026-07-13 23:59:57.881","nx0srM08Mkz","18253141","[PREMIUM]","[PREMIUM]","[PREMIUM]","308","Section 308","c",8,"[]","2026-10-04 00:00:00","electronic","exchange",3,"[PREMIUM]","1,2,3,4,5,6,7,8"
"nx0srM0Jxab","2026-07-13 23:59:57.881","2026-07-13 23:59:57.881","nx0srM0Jxab","18253141","[PREMIUM]","[PREMIUM]","[PREMIUM]","328","Section 328","l",6,"[]","2026-10-05 00:00:00","electronic","exchange",1,"[PREMIUM]","1,2,3,4,5,6"
"oV7HbEnlaPj","2026-07-13 23:59:57.881","2026-07-13 23:59:57.881","oV7HbEnlaPj","18253141","[PREMIUM]","[PREMIUM]","[PREMIUM]","313","Section 313","s",8,"[]","2026-10-04 00:00:00","electronic","exchange",3,"[PREMIUM]","1,2,3,4,5,6,7,8"
"oV7HbEnXVBd","2026-07-13 23:59:57.881","2026-08-04 02:25:24.051","oV7HbEnXVBd","18253141","[PREMIUM]","[PREMIUM]","[PREMIUM]","320","Section 320","2",1,"[]","2026-10-05 00:00:00","electronic","exchange",0,"[PREMIUM]","1"
"pVXHDEKpA3o","2026-07-13 23:59:57.881","2026-07-22 10:54:24.823","pVXHDEKpA3o","18253141","[PREMIUM]","[PREMIUM]","[PREMIUM]","315","Section 315","k",8,"[]","2026-10-04 00:00:00","electronic","exchange",4,"[PREMIUM]","1,2,3,4,5,6,7,8"
"qVjH2VZLBkP","2026-07-13 23:59:57.881","2026-08-04 02:25:24.051","qVjH2VZLBkP","18253141","[PREMIUM]","[PREMIUM]","[PREMIUM]","320","Section 320","f",1,"[]","2026-10-05 00:00:00","electronic","exchange",0,"[PREMIUM]","1"
"rVOHkRzAoP5","2026-07-13 23:59:57.881","2026-07-16 00:21:02.894","rVOHkRzAoP5","18253141","[PREMIUM]","[PREMIUM]","[PREMIUM]","308","Section 308","c",8,"[]","2026-10-05 00:00:00","electronic","exchange",2,"[PREMIUM]","1,2,3,4,5,6,7,8"
"rVOHkRzAD0w","2026-07-13 23:59:57.881","2026-07-13 23:59:57.881","rVOHkRzAD0w","18253141","[PREMIUM]","[PREMIUM]","[PREMIUM]","308","Section 308","b",4,"[]","2026-10-05 00:00:00","electronic","exchange",1,"[PREMIUM]","1,2,3,4"
"vb3iPekV7dK","2026-07-13 23:59:57.881","2026-07-13 23:59:57.881","vb3iPekV7dK","18253141","[PREMIUM]","[PREMIUM]","[PREMIUM]","310","Section 310","f",4,"[]","2026-10-05 00:00:00","electronic","exchange",1,"[PREMIUM]","1,2,3,4"
"vb3iPekkowN","2026-07-13 23:59:57.881","2026-07-18 08:10:42.576","vb3iPekkowN","18253141","[PREMIUM]","[PREMIUM]","[PREMIUM]","302","Section 302","j",8,"[]","2026-10-04 00:00:00","electronic","exchange",3,"[PREMIUM]","1,2,3,4,5,6,7,8"
"vb3iPekzvvw","2026-07-13 23:59:57.881","2026-07-22 10:54:24.823","vb3iPekzvvw","18253141","[PREMIUM]","[PREMIUM]","[PREMIUM]","103","Section 103","p",1,"[]","2026-10-05 00:00:00","electronic","exchange",0,"[PREMIUM]","1"
"w3JsedGBZnN","2026-07-13 23:59:57.881","2026-07-13 23:59:57.881","w3JsedGBZnN","18253141","[PREMIUM]","[PREMIUM]","[PREMIUM]","313","Section 313","s",8,"[]","2026-10-04 00:00:00","electronic","exchange",2,"[PREMIUM]","1,2,3,4,5,6,7,8"
"w3JsedGOENA","2026-07-13 23:59:57.881","2026-07-14 23:26:29.168","w3JsedGOENA","18253141","[PREMIUM]","[PREMIUM]","[PREMIUM]","320","Section 320","g",2,"[]","2026-10-05 00:00:00","electronic","exchange",5,"[PREMIUM]","2"
"w3JsedGnlD3","2026-07-13 23:59:57.881","2026-07-16 00:21:02.894","w3JsedGnlD3","18253141","[PREMIUM]","[PREMIUM]","[PREMIUM]","303","Section 303","g",8,"[]","2026-10-05 00:00:00","electronic","exchange",1,"[PREMIUM]","1,2,3,4,5,6,7,8"
"z3Es6qLL0JG","2026-07-13 23:59:57.881","2026-07-14 23:26:29.168","z3Es6qLL0JG","18253141","[PREMIUM]","[PREMIUM]","[PREMIUM]","320","Section 320","g",4,"[]","2026-10-05 00:00:00","electronic","exchange",1,"[PREMIUM]","1,2,3,4"
"z3Es6qLOPP9","2026-07-13 23:59:57.881","2026-07-16 00:21:02.894","z3Es6qLOPP9","18253141","[PREMIUM]","[PREMIUM]","[PREMIUM]","310","Section 310","f",8,"[]","2026-10-04 00:00:00","electronic","exchange",2,"[PREMIUM]","1,2,3,4,5,6,7,8"
"4vXcj9eKJBj","2026-07-13 23:59:57.213","2026-07-13 23:59:57.213","4vXcj9eKJBj","18140785","[PREMIUM]","[PREMIUM]","[PREMIUM]","244","Section 244","11",6,"[]","2027-02-20 00:00:00","sg_app","exchange",5,"[PREMIUM]","1,2,3,4,5,6"
"6mOhkA9oM9E","2026-07-13 23:59:57.213","2026-07-16 00:20:44.569","6mOhkA9oM9E","18140785","[PREMIUM]","[PREMIUM]","[PREMIUM]","C339","Section C 339","14",2,"[]","2027-02-20 00:00:00","sg_app","exchange",5,"[PREMIUM]","1,2"
"7KntAlOZD2x","2026-07-13 23:59:57.213","2026-08-04 01:25:56.974","7KntAlOZD2x","18140785","[PREMIUM]","[PREMIUM]","[PREMIUM]","145","Section 145","18",4,"[]","2027-02-20 00:00:00","electronic","exchange",5,"[PREMIUM]","1,2,3,4"
"8lKt6YOxB8A","2026-07-13 23:59:57.213","2026-07-16 00:20:44.569","8lKt6YOxB8A","18140785","[PREMIUM]","[PREMIUM]","[PREMIUM]","128","Section 128","20",2,"[]","2027-02-20 00:00:00","sg_app","exchange",5,"[PREMIUM]","1,2"
"9P2c5qOMLwJ","2026-07-13 23:59:57.213","2026-07-16 00:20:44.569","9P2c5qOMLwJ","18140785","[PREMIUM]","[PREMIUM]","[PREMIUM]","403","Section 403","22",6,"[]","2027-02-20 00:00:00","sg_app","exchange",5,"[PREMIUM]","1,2,3,4,5,6"
"BALImXbKwVo","2026-07-13 23:59:57.213","2026-07-13 23:59:57.213","BALImXbKwVo","18140785","[PREMIUM]","[PREMIUM]","[PREMIUM]","420","Section 420","25",3,"[]","2027-02-20 00:00:00","sg_app","exchange",5,"[PREMIUM]","1,2,3"
"BALImXblERG","2026-07-13 23:59:57.213","2026-07-14 23:25:40.225","BALImXblERG","18140785","[PREMIUM]","[PREMIUM]","[PREMIUM]","242","Section 242","8",3,"[]","2027-02-20 00:00:00","sg_app","exchange",5,"[PREMIUM]","1,2,3"
"EroUXn5EvgN","2026-07-13 23:59:57.213","2026-07-13 23:59:57.213","EroUXn5EvgN","18140785","[PREMIUM]","[PREMIUM]","[PREMIUM]","457","Section 457","2",2,"[]","2027-02-20 00:00:00","sg_app","exchange",5,"[PREMIUM]","1,2"
"EroUXn5gLkX","2026-07-13 23:59:57.213","2026-07-16 00:20:44.569","EroUXn5gLkX","18140785","[PREMIUM]","[PREMIUM]","[PREMIUM]","403","Section 403","22",5,"[]","2027-02-20 00:00:00","sg_app","exchange",5,"[PREMIUM]","1,2,3,4,5"
"JABI39ggVXK","2026-07-13 23:59:57.213","2026-07-13 23:59:57.213","JABI39ggVXK","18140785","[PREMIUM]","[PREMIUM]","[PREMIUM]","416","Section 416","24",3,"[]","2027-02-20 00:00:00","sg_app","exchange",1,"[PREMIUM]","1,2,3"
"JABI39gExgm","2026-07-13 23:59:57.213","2026-07-16 00:20:44.569","JABI39gExgm","18140785","[PREMIUM]","[PREMIUM]","[PREMIUM]","C339","Section C 339","14",1,"[]","2027-02-20 00:00:00","sg_app","exchange",5,"[PREMIUM]","1"
"JABI39ggVXJ","2026-07-13 23:59:57.213","2026-07-14 23:25:40.225","JABI39ggVXJ","18140785","[PREMIUM]","[PREMIUM]","[PREMIUM]","215","Section 215","12",1,"[]","2027-02-20 00:00:00","sg_app","exchange",5,"[PREMIUM]","1"
"JABI39gpdBN","2026-07-13 23:59:57.213","2026-08-04 01:25:56.974","JABI39gpdBN","18140785","[PREMIUM]","[PREMIUM]","[PREMIUM]","410","Section 410","6",3,"[]","2027-02-18 00:00:00","electronic","exchange",2,"[PREMIUM]","1,3"
"Kezcz63eGYD","2026-07-13 23:59:57.213","2026-07-16 00:20:44.569","Kezcz63eGYD","18140785","[PREMIUM]","[PREMIUM]","[PREMIUM]","225","Section 225","12",4,"[]","2027-02-20 00:00:00","sg_app","exchange",5,"[PREMIUM]","1,2,3,4"
"LbviLEq8dP3","2026-07-13 23:59:57.213","2026-07-13 23:59:57.213","LbviLEq8dP3","18140785","[PREMIUM]","[PREMIUM]","[PREMIUM]","407","Section 407","5",1,"[]","2027-02-20 00:00:00","sg_app","exchange",1,"[PREMIUM]","1"
"LbviLEqq5Dp","2026-07-13 23:59:57.213","2026-07-16 00:20:44.569","LbviLEqq5Dp","18140785","[PREMIUM]","[PREMIUM]","[PREMIUM]","147","Section 147","22",4,"[]","2027-02-20 00:00:00","sg_app","exchange",5,"[PREMIUM]","1,2,3,4"
"LbviLEqKl8e","2026-07-13 23:59:57.213","2026-07-13 23:59:57.213","LbviLEqKl8e","18140785","[PREMIUM]","[PREMIUM]","[PREMIUM]","457","Section 457","2",3,"[]","2027-02-20 00:00:00","sg_app","exchange",5,"[PREMIUM]","1,2,3"
"MAeIPle2w4E","2026-07-13 23:59:57.213","2026-07-13 23:59:57.213","MAeIPle2w4E","18140785","[PREMIUM]","[PREMIUM]","[PREMIUM]","434","Section 434","21",5,"[]","2027-02-20 00:00:00","sg_app","exchange",5,"[PREMIUM]","1,2,3,4,5"
"MAeIPleeg2a","2026-07-13 23:59:57.213","2026-07-27 03:55:27.134","MAeIPleeg2a","18140785","[PREMIUM]","[PREMIUM]","[PREMIUM]","C332","Section C 332","5",1,"[]","2027-02-20 00:00:00","sg_app","exchange",2,"[PREMIUM]","1"
"MAeIPleLvpY","2026-07-13 23:59:57.213","2026-07-16 00:20:44.569","MAeIPleLvpY","18140785","[PREMIUM]","[PREMIUM]","[PREMIUM]","128","Section 128","20",1,"[]","2027-02-20 00:00:00","sg_app","exchange",5,"[PREMIUM]","1"
"NrqUv45oMYz","2026-07-13 23:59:57.213","2026-08-04 01:25:56.974","NrqUv45oMYz","18140785","[PREMIUM]","[PREMIUM]","[PREMIUM]","145","Section 145","18",5,"[]","2027-02-20 00:00:00","electronic","exchange",5,"[PREMIUM]","1,2,3,4,5"
"V4KU0M3OR0K","2026-07-13 23:59:57.213","2026-07-13 23:59:57.213","V4KU0M3OR0K","18140785","[PREMIUM]","[PREMIUM]","[PREMIUM]","401","Section 401","6",5,"[]","2027-02-20 00:00:00","sg_app","exchange",5,"[PREMIUM]","1,2,3,4,5"
"agktlDGGoPX","2026-07-13 23:59:57.213","2026-07-27 03:55:27.134","agktlDGGoPX","18140785","[PREMIUM]","[PREMIUM]","[PREMIUM]","C332","Section C 332","5",2,"[]","2027-02-20 00:00:00","sg_app","exchange",2,"[PREMIUM]","1,2"
"eeacK2lRxKB","2026-07-13 23:59:57.213","2026-07-13 23:59:57.213","eeacK2lRxKB","18140785","[PREMIUM]","[PREMIUM]","[PREMIUM]","401","Section 401","6",4,"[]","2027-02-20 00:00:00","sg_app","exchange",5,"[PREMIUM]","1,2,3,4"
"g48Urox4LXR","2026-07-13 23:59:57.213","2026-07-13 23:59:57.213","g48Urox4LXR","18140785","[PREMIUM]","[PREMIUM]","[PREMIUM]","244","Section 244","11",7,"[]","2027-02-20 00:00:00","sg_app","exchange",5,"[PREMIUM]","1,2,3,4,5,6,7"
"g48Uroxx5pl","2026-07-13 23:59:57.213","2026-07-13 23:59:57.213","g48Uroxx5pl","18140785","[PREMIUM]","[PREMIUM]","[PREMIUM]","416","Section 416","24",4,"[]","2027-02-20 00:00:00","sg_app","exchange",1,"[PREMIUM]","1,2,3,4"
"g48Uroxz8n3","2026-07-13 23:59:57.213","2026-08-04 01:25:56.974","g48Uroxz8n3","18140785","[PREMIUM]","[PREMIUM]","[PREMIUM]","410","Section 410","6",4,"[]","2027-02-18 00:00:00","electronic","exchange",2,"[PREMIUM]","2,4"
"jDvsz7vYoD4","2026-07-13 23:59:57.213","2026-07-16 00:20:44.569","jDvsz7vYoD4","18140785","[PREMIUM]","[PREMIUM]","[PREMIUM]","225","Section 225","12",3,"[]","2027-02-20 00:00:00","sg_app","exchange",5,"[PREMIUM]","1,2,3"
"kYet94k6rmY","2026-07-13 23:59:57.213","2026-07-13 23:59:57.213","kYet94k6rmY","18140785","[PREMIUM]","[PREMIUM]","[PREMIUM]","412","Section 412","25",5,"[]","2027-02-20 00:00:00","sg_app","exchange",2,"[PREMIUM]","1,2,3,4,5"
"kYet94kkVpN","2026-07-13 23:59:57.213","2026-07-16 00:20:44.569","kYet94kkVpN","18140785","[PREMIUM]","[PREMIUM]","[PREMIUM]","147","Section 147","22",5,"[]","2027-02-20 00:00:00","sg_app","exchange",5,"[PREMIUM]","1,2,3,4,5"
"l_L2kjxAbTm4Rr4VFQNq6Bmh468geMUY2LnM5i6EgPNgie6nXMXHbEdQk5SWCdwHvm","2026-07-13 23:59:57.213","2026-08-03 01:39:47.007","l_L2kjxAbTm4Rr4VFQNq6Bmh468geMUY2LnM5i6EgPNgie6nXMXHbEdQk5SWCdwHvm","18140785","[PREMIUM]","[PREMIUM]","[PREMIUM]","434","Section 434","10",6,"['3','4','5','6','7','8']",,"sg_app","open",0,"[PREMIUM]","1,2,3,4,6"
"l_ZqVbxLvCwelLeJiBPQ1gVFRKn5LGTmWNvY0t2gL5JLceV46Q6HG2mKyxUJC4bh3e","2026-07-13 23:59:57.213","2026-08-04 01:25:56.974","l_ZqVbxLvCwelLeJiBPQ1gVFRKn5LGTmWNvY0t2gL5JLceV46Q6HG2mKyxUJC4bh3e","18140785","[PREMIUM]","[PREMIUM]","[PREMIUM]","436","Section 436","14",2,"['19','20']",,"sg_app","open",0,"[PREMIUM]","2"
"lxVsdL6DYYw","2026-07-13 23:59:57.213","2026-08-03 01:39:47.007","lxVsdL6DYYw","18140785","[PREMIUM]","[PREMIUM]","[PREMIUM]","c 313","Section C 313","12",2,"[]","2027-02-18 00:00:00","electronic","exchange",4,"[PREMIUM]","2"
"oV7HbEnpxA4","2026-07-13 23:59:57.213","2026-07-13 23:59:57.213","oV7HbEnpxA4","18140785","[PREMIUM]","[PREMIUM]","[PREMIUM]","412","Section 412","25",4,"[]","2027-02-20 00:00:00","sg_app","exchange",2,"[PREMIUM]","1,2,3,4"
"v67q7gz","2026-07-13 23:59:57.213","2026-08-04 01:25:56.974","v67q7gz","18140785","[PREMIUM]","[PREMIUM]","[PREMIUM]","C313","Section C 313","12",3,"['14','15','16']",,"electronic","open_marketplace",2,"[PREMIUM]","1,3"
"w3JsedG82PP","2026-07-13 23:59:57.213","2026-07-13 23:59:57.213","w3JsedG82PP","18140785","[PREMIUM]","[PREMIUM]","[PREMIUM]","407","Section 407","5",2,"[]","2027-02-20 00:00:00","sg_app","exchange",1,"[PREMIUM]","1,2"
"xb9imBeOn8b","2026-07-13 23:59:57.213","2026-08-03 01:39:47.007","xb9imBeOn8b","18140785","[PREMIUM]","[PREMIUM]","[PREMIUM]","c 309","Section C 309","15",1,"[]","2027-02-18 00:00:00","electronic","exchange",5,"[PREMIUM]","1"
"z3Es6qLRnxO","2026-07-13 23:59:57.213","2026-07-13 23:59:57.213","z3Es6qLRnxO","18140785","[PREMIUM]","[PREMIUM]","[PREMIUM]","420","Section 420","25",4,"[]","2027-02-20 00:00:00","sg_app","exchange",5,"[PREMIUM]","1,2,3,4"
"z3Es6qLd0Vo","2026-07-13 23:59:57.213","2026-07-14 23:25:40.225","z3Es6qLd0Vo","18140785","[PREMIUM]","[PREMIUM]","[PREMIUM]","242","Section 242","8",4,"[]","2027-02-20 00:00:00","sg_app","exchange",5,"[PREMIUM]","1,2,3,4"
"z3Es6qLwPKw","2026-07-13 23:59:57.213","2026-07-13 23:59:57.213","z3Es6qLwPKw","18140785","[PREMIUM]","[PREMIUM]","[PREMIUM]","434","Section 434","21",6,"[]","2027-02-20 00:00:00","sg_app","exchange",5,"[PREMIUM]","1,2,3,4,5,6"
"6mOhkA9Xv0r","2026-07-13 23:59:47.561","2026-07-13 23:59:47.561","6mOhkA9Xv0r","18127887","[PREMIUM]","[PREMIUM]","[PREMIUM]","GA","GA Seating","GA",2,"[]","2026-07-13 00:00:00","sg_app","exchange",0,"[PREMIUM]","2"
"JABI39gY3wZ","2026-07-13 23:59:47.561","2026-07-18 08:10:31.975","JABI39gY3wZ","18127887","[PREMIUM]","[PREMIUM]","[PREMIUM]","GENERAL ADMISSION","GA Seating","GA",20,"[]","2026-07-17 00:00:00","sg_app","exchange",2,"[PREMIUM]","1,2,3,4,5,6,7,8,9,10,11,12,13,14,15,16,17,18,19,20"
"MAeIPlewkrK","2026-07-13 23:59:47.561","2026-07-16 00:20:51.518","MAeIPlewkrK","18127887","[PREMIUM]","[PREMIUM]","[PREMIUM]","GA19","GA Seating","20",2,"['25','26']","2026-06-11 00:00:00","sg_app","exchange",0,"[PREMIUM]","2"
"O7AhwrEd3OK","2026-07-13 23:59:47.561","2026-07-16 00:20:51.518","O7AhwrEd3OK","18127887","[PREMIUM]","[PREMIUM]","[PREMIUM]","GA","GA Seating","GA",1,"[]","2026-07-16 00:00:00","sg_app","exchange",0,"[PREMIUM]","1"
"kpkjqvq","2026-07-13 23:59:47.561","2026-07-18 08:10:31.975","kpkjqvq","18127887","[PREMIUM]","[PREMIUM]","[PREMIUM]","GA:GA3","GA Seating","5",2,"['31','32']",,"sg_app","marketplace",0,"[PREMIUM]","2"
"z3Es6qL5rjw","2026-07-13 23:59:47.561","2026-07-13 23:59:47.561","z3Es6qL5rjw","18127887","[PREMIUM]","[PREMIUM]","[PREMIUM]","GA","GA Seating","GA",2,"[]","2026-07-13 00:00:00","sg_app","exchange",0,"[PREMIUM]","2"
"kYet94kgK5X","2026-07-13 23:59:47.460","2026-07-14 23:26:21.575","kYet94kgK5X","18127889","[PREMIUM]","[PREMIUM]","[PREMIUM]","107","Section 107","cc",4,"[]","2026-07-13 00:00:00","sg_app","exchange",3,"[PREMIUM]","2,4"
"rVOHkRzr3kZ","2026-07-13 23:59:47.460","2026-07-18 08:10:32.110","rVOHkRzr3kZ","18127889","[PREMIUM]","[PREMIUM]","[PREMIUM]","GA19","GA Seating","20",6,"['25','26','27','28','29','30']","2026-06-11 00:00:00","sg_app","exchange",0,"[PREMIUM]","2,4,6"
"2v0cz3gDGkk","2026-07-13 23:59:44.615","2026-07-20 00:36:47.425","2v0cz3gDGkk","18329186","[PREMIUM]","[PREMIUM]","[PREMIUM]","318","Section 318","8",8,"[]","2026-09-24 00:00:00","electronic","exchange",2,"[PREMIUM]","1,2,3,4,5,6,7,8"
"3q7fNJ5dbjx","2026-07-13 23:59:44.615","2026-07-20 00:36:47.425","3q7fNJ5dbjx","18329186","[PREMIUM]","[PREMIUM]","[PREMIUM]","112","Section 112","23",5,"[]","2026-09-24 00:00:00","electronic","exchange",2,"[PREMIUM]","1,2,3,4,5"
"4vXcj9eobqY","2026-07-13 23:59:44.615","2026-07-16 00:19:21.427","4vXcj9eobqY","18329186","[PREMIUM]","[PREMIUM]","[PREMIUM]","106","Section 106","23",6,"[]","2026-09-24 00:00:00","electronic","exchange",3,"[PREMIUM]","1,2,3,4,5,6"
"4vXcj9eobAz","2026-07-13 23:59:44.615","2026-07-20 00:36:47.425","4vXcj9eobAz","18329186","[PREMIUM]","[PREMIUM]","[PREMIUM]","317","Section 317","7",7,"[]","2026-09-24 00:00:00","electronic","exchange",2,"[PREMIUM]","1,2,3,4,5,6,7"
"6mOhkA9JbDl","2026-07-13 23:59:44.615","2026-07-20 00:36:47.425","6mOhkA9JbDl","18329186","[PREMIUM]","[PREMIUM]","[PREMIUM]","322","Section 322","9",8,"[]","2026-09-24 00:00:00","electronic","exchange",1,"[PREMIUM]","1,2,3,4,5,6,7,8"
"6mOhkA9JbD4","2026-07-13 23:59:44.615","2026-07-20 00:36:47.425","6mOhkA9JbD4","18329186","[PREMIUM]","[PREMIUM]","[PREMIUM]","317","Section 317","8",8,"[]","2026-09-24 00:00:00","electronic","exchange",2,"[PREMIUM]","1,2,3,4,5,6,7,8"
"6mOhkA9Jb8l","2026-07-13 23:59:44.615","2026-07-20 00:36:47.425","6mOhkA9Jb8l","18329186","[PREMIUM]","[PREMIUM]","[PREMIUM]","112","Section 112","18",4,"[]","2026-09-24 00:00:00","electronic","exchange",1,"[PREMIUM]","1,2,3,4"
"BALImXbP73G","2026-07-13 23:59:44.615","2026-07-20 00:36:47.425","BALImXbP73G","18329186","[PREMIUM]","[PREMIUM]","[PREMIUM]","308","Section 308","9",2,"[]","2026-09-24 00:00:00","electronic","exchange",2,"[PREMIUM]","1,2"
"GAaI6258KKv","2026-07-13 23:59:44.615","2026-07-20 00:36:47.425","GAaI6258KKv","18329186","[PREMIUM]","[PREMIUM]","[PREMIUM]","305","Section 305","8",8,"[]","2026-09-24 00:00:00","electronic","exchange",2,"[PREMIUM]","1,2,3,4,5,6,7,8"
"JABI39gzJMG","2026-07-13 23:59:44.615","2026-07-20 00:36:47.425","JABI39gzJMG","18329186","[PREMIUM]","[PREMIUM]","[PREMIUM]","112","Section 112","22",5,"[]","2026-09-24 00:00:00","electronic","exchange",2,"[PREMIUM]","1,2,3,4,5"
"JABI39gzJ8R","2026-07-13 23:59:44.615","2026-07-20 00:36:47.425","JABI39gzJ8R","18329186","[PREMIUM]","[PREMIUM]","[PREMIUM]","317","Section 317","9",2,"[]","2026-09-24 00:00:00","electronic","exchange",2,"[PREMIUM]","1,2"
"Kezcz63N98j","2026-07-13 23:59:44.615","2026-07-14 23:25:00.598","Kezcz63N98j","18329186","[PREMIUM]","[PREMIUM]","[PREMIUM]","118","Section 118","21",8,"[]","2026-09-24 00:00:00","electronic","exchange",2,"[PREMIUM]","1,2,3,4,5,6,7,8"
"LbviLEq76J8","2026-07-13 23:59:44.615","2026-07-20 00:36:47.425","LbviLEq76J8","18329186","[PREMIUM]","[PREMIUM]","[PREMIUM]","319","Section 319","8",4,"[]","2026-09-24 00:00:00","electronic","exchange",2,"[PREMIUM]","1,2,3,4"
"LbviLEq76Jp","2026-07-13 23:59:44.615","2026-07-20 00:36:47.425","LbviLEq76Jp","18329186","[PREMIUM]","[PREMIUM]","[PREMIUM]","310","Section 310","8",8,"[]","2026-09-24 00:00:00","electronic","exchange",1,"[PREMIUM]","1,2,3,4,5,6,7,8"
"MAeIPleqEOM","2026-07-13 23:59:44.615","2026-07-20 00:36:47.425","MAeIPleqEOM","18329186","[PREMIUM]","[PREMIUM]","[PREMIUM]","309","Section 309","8",6,"[]","2026-09-24 00:00:00","electronic","exchange",1,"[PREMIUM]","1,2,3,4,5,6"
"O7AhwrEz4dm","2026-07-13 23:59:44.615","2026-07-20 00:36:47.425","O7AhwrEz4dm","18329186","[PREMIUM]","[PREMIUM]","[PREMIUM]","118","Section 118","22",8,"[]","2026-09-24 00:00:00","electronic","exchange",2,"[PREMIUM]","1,2,3,4,5,6,7,8"
"X03tKjAD8Va","2026-07-13 23:59:44.615","2026-07-20 00:36:47.425","X03tKjAD8Va","18329186","[PREMIUM]","[PREMIUM]","[PREMIUM]","118","Section 118","23",4,"[]","2026-09-24 00:00:00","electronic","exchange",2,"[PREMIUM]","1,2,3,4"
"agktlDG0mmP","2026-07-13 23:59:44.615","2026-07-20 00:36:47.425","agktlDG0mmP","18329186","[PREMIUM]","[PREMIUM]","[PREMIUM]","308","Section 308","8",6,"[]","2026-09-24 00:00:00","electronic","exchange",2,"[PREMIUM]","1,2,3,4,5,6"
"agktlDG0m4P","2026-07-13 23:59:44.615","2026-07-20 00:36:47.425","agktlDG0m4P","18329186","[PREMIUM]","[PREMIUM]","[PREMIUM]","101","Section 101","21",8,"[]","2026-09-24 00:00:00","electronic","exchange",2,"[PREMIUM]","1,2,3,4,5,6,7,8"
"dNgUg6a5JJX","2026-07-13 23:59:44.615","2026-07-20 00:36:47.425","dNgUg6a5JJX","18329186","[PREMIUM]","[PREMIUM]","[PREMIUM]","305","Section 305","7",8,"[]","2026-09-24 00:00:00","electronic","exchange",2,"[PREMIUM]","1,2,3,4,5,6,7,8"
"eeacK2lvGGX","2026-07-13 23:59:44.615","2026-07-16 00:19:21.427","eeacK2lvGGX","18329186","[PREMIUM]","[PREMIUM]","[PREMIUM]","307","Section 307","7",8,"[]","2026-09-24 00:00:00","electronic","exchange",3,"[PREMIUM]","1,2,3,4,5,6,7,8"
"g48UroxjbDB","2026-07-13 23:59:44.615","2026-07-20 00:36:47.425","g48UroxjbDB","18329186","[PREMIUM]","[PREMIUM]","[PREMIUM]","309","Section 309","9",7,"[]","2026-09-24 00:00:00","electronic","exchange",1,"[PREMIUM]","1,2,3,4,5,6,7"
"kYet94kGZBJ","2026-07-13 23:59:44.615","2026-07-20 00:36:47.425","kYet94kGZBJ","18329186","[PREMIUM]","[PREMIUM]","[PREMIUM]","106","Section 106","20",5,"[]","2026-09-24 00:00:00","electronic","exchange",1,"[PREMIUM]","1,2,3,4,5"
"lxVsdL64eA4","2026-07-13 23:59:44.615","2026-07-20 00:36:47.425","lxVsdL64eA4","18329186","[PREMIUM]","[PREMIUM]","[PREMIUM]","320","Section 320","9",8,"[]","2026-09-24 00:00:00","electronic","exchange",2,"[PREMIUM]","1,2,3,4,5,6,7,8"
"lxVsdL64eV4","2026-07-13 23:59:44.615","2026-07-20 00:36:47.425","lxVsdL64eV4","18329186","[PREMIUM]","[PREMIUM]","[PREMIUM]","106","Section 106","27",5,"[]","2026-09-24 00:00:00","electronic","exchange",1,"[PREMIUM]","1,2,3,4,5"
"oV7HbEnzwXX","2026-07-13 23:59:44.615","2026-07-20 00:36:47.425","oV7HbEnzwXX","18329186","[PREMIUM]","[PREMIUM]","[PREMIUM]","101","Section 101","22",8,"[]","2026-09-24 00:00:00","electronic","exchange",2,"[PREMIUM]","1,2,3,4,5,6,7,8"
"oV7HbEnzwwX","2026-07-13 23:59:44.615","2026-07-20 00:36:47.425","oV7HbEnzwwX","18329186","[PREMIUM]","[PREMIUM]","[PREMIUM]","308","Section 308","8",8,"[]","2026-09-24 00:00:00","electronic","exchange",2,"[PREMIUM]","1,2,3,4,5,6,7,8"
"qVjH2VZ3nOG","2026-07-13 23:59:44.615","2026-07-13 23:59:44.615","qVjH2VZ3nOG","18329186","[PREMIUM]","[PREMIUM]","[PREMIUM]","119","Section 119","10",8,"[]","2026-09-24 00:00:00","electronic","exchange",0,"[PREMIUM]","1,2,3,4,5,6,7,8"
"rVOHkRz79nR","2026-07-13 23:59:44.615","2026-07-20 00:36:47.425","rVOHkRz79nR","18329186","[PREMIUM]","[PREMIUM]","[PREMIUM]","106","Section 106","21",4,"[]","2026-09-24 00:00:00","electronic","exchange",1,"[PREMIUM]","1,2,3,4"
"vb3iPekMGlY","2026-07-13 23:59:44.615","2026-07-20 00:36:47.425","vb3iPekMGlY","18329186","[PREMIUM]","[PREMIUM]","[PREMIUM]","308","Section 308","9",8,"[]","2026-09-24 00:00:00","electronic","exchange",2,"[PREMIUM]","1,2,3,4,5,6,7,8"
"w3JsedGMVJj","2026-07-13 23:59:44.615","2026-07-20 00:36:47.425","w3JsedGMVJj","18329186","[PREMIUM]","[PREMIUM]","[PREMIUM]","310","Section 310","7",8,"[]","2026-09-24 00:00:00","electronic","exchange",1,"[PREMIUM]","1,2,3,4,5,6,7,8"
"w3JsedGMVJV","2026-07-13 23:59:44.615","2026-07-20 00:36:47.425","w3JsedGMVJV","18329186","[PREMIUM]","[PREMIUM]","[PREMIUM]","319","Section 319","7",8,"[]","2026-09-24 00:00:00","electronic","exchange",2,"[PREMIUM]","1,2,3,4,5,6,7,8"
"xb9imBezb6a","2026-07-13 23:59:44.615","2026-07-20 00:36:47.425","xb9imBezb6a","18329186","[PREMIUM]","[PREMIUM]","[PREMIUM]","120","Section 120","11",8,"[]","2026-09-24 00:00:00","electronic","exchange",2,"[PREMIUM]","1,2,3,4,5,6,7,8"
"z3Es6qLJZZN","2026-07-13 23:59:44.615","2026-07-20 00:36:47.425","z3Es6qLJZZN","18329186","[PREMIUM]","[PREMIUM]","[PREMIUM]","307","Section 307","9",7,"[]","2026-09-24 00:00:00","electronic","exchange",2,"[PREMIUM]","1,2,3,4,5,6,7"
"05VT8K54ZXx","2026-07-13 23:59:38.213","2026-07-14 23:26:13.897","05VT8K54ZXx","18353912","[PREMIUM]","[PREMIUM]","[PREMIUM]","114","Section 114","4",6,"[]","2026-09-25 00:00:00","electronic","exchange",0,"[PREMIUM]","1,2,3,4,5,6"
"05VT8K5prmR","2026-07-13 23:59:38.213","2026-07-14 23:26:13.897","05VT8K5prmR","18353912","[PREMIUM]","[PREMIUM]","[PREMIUM]","118","Section 118","8",6,"[]","2026-09-25 00:00:00","electronic","exchange",1,"[PREMIUM]","1,2,3,4,5,6"
"6mOhkA9oMg8","2026-07-13 23:59:38.213","2026-07-23 07:58:40.953","6mOhkA9oMg8","18353912","[PREMIUM]","[PREMIUM]","[PREMIUM]","106","Section 106","1",3,"['5','6','7']","2026-09-23 00:00:00","electronic","exchange",5,"[PREMIUM]","1,3"
"8lKt6YOdVmk","2026-07-13 23:59:38.213","2026-07-13 23:59:38.213","8lKt6YOdVmk","18353912","[PREMIUM]","[PREMIUM]","[PREMIUM]","122","Section 122","16",4,"[]","2026-09-25 00:00:00","electronic","exchange",1,"[PREMIUM]","1,2,3,4"
"9P2c5qOVv6r","2026-07-13 23:59:38.213","2026-07-13 23:59:38.213","9P2c5qOVv6r","18353912","[PREMIUM]","[PREMIUM]","[PREMIUM]","216","Section 216","3",6,"[]","2026-09-25 00:00:00","electronic","exchange",1,"[PREMIUM]","1,2,3,4,5,6"
"DdwHkO6v823","2026-07-13 23:59:38.213","2026-07-17 00:11:53.155","DdwHkO6v823","18353912","[PREMIUM]","[PREMIUM]","[PREMIUM]","103","Section 103","6",6,"[]","2026-09-25 00:00:00","electronic","exchange",0,"[PREMIUM]","1,2,3,4,5,6"
"EroUXn5vKqz","2026-07-13 23:59:38.213","2026-07-14 23:26:13.897","EroUXn5vKqz","18353912","[PREMIUM]","[PREMIUM]","[PREMIUM]","111","Section 111","18",2,"[]","2026-09-25 00:00:00","electronic","exchange",1,"[PREMIUM]","1,2"
"MAeIPlewdde","2026-07-13 23:59:38.213","2026-07-14 23:26:13.897","MAeIPlewdde","18353912","[PREMIUM]","[PREMIUM]","[PREMIUM]","201","Section 201","8",6,"[]","2026-09-25 00:00:00","electronic","exchange",1,"[PREMIUM]","1,2,3,4,5,6"
"agktlDGJB67","2026-07-13 23:59:38.213","2026-07-23 07:58:40.953","agktlDGJB67","18353912","[PREMIUM]","[PREMIUM]","[PREMIUM]","104","Section 104","6",6,"[]","2026-09-25 00:00:00","electronic","exchange",0,"[PREMIUM]","1,2,3,4,5,6"
"eeacK2l3mX9","2026-07-13 23:59:38.213","2026-07-16 00:19:02.756","eeacK2l3mX9","18353912","[PREMIUM]","[PREMIUM]","[PREMIUM]","234","Section 234","5",6,"[]","2026-09-25 00:00:00","electronic","exchange",2,"[PREMIUM]","1,2,3,4,5,6"
"g48UroxARGj","2026-07-13 23:59:38.213","2026-07-16 00:19:02.756","g48UroxARGj","18353912","[PREMIUM]","[PREMIUM]","[PREMIUM]","102","Section 102","11",2,"[]","2026-09-24 00:00:00","electronic","exchange",0,"[PREMIUM]","2"
"g48UroxOn5A","2026-07-13 23:59:38.213","2026-07-23 07:58:40.953","g48UroxOn5A","18353912","[PREMIUM]","[PREMIUM]","[PREMIUM]","220","Section 220","2",6,"[]","2026-09-25 00:00:00","electronic","exchange",0,"[PREMIUM]","1,2,3,4,5,6"
"kYet94kqYpR","2026-07-13 23:59:38.213","2026-07-13 23:59:38.213","kYet94kqYpR","18353912","[PREMIUM]","[PREMIUM]","[PREMIUM]","112","Section 112","18",2,"[]","2026-09-25 00:00:00","electronic","exchange",0,"[PREMIUM]","1,2"
"lxVsdL67YOJ","2026-07-13 23:59:38.213","2026-07-16 00:19:02.756","lxVsdL67YOJ","18353912","[PREMIUM]","[PREMIUM]","[PREMIUM]","116","Section 116","10",8,"[]","2026-09-25 00:00:00","electronic","exchange",1,"[PREMIUM]","1,2,3,4,5,6,7,8"
"lxVsdL6kZGn","2026-07-13 23:59:38.213","2026-07-16 00:19:02.756","lxVsdL6kZGn","18353912","[PREMIUM]","[PREMIUM]","[PREMIUM]","202","Section 202","2",8,"[]","2026-09-25 00:00:00","electronic","exchange",1,"[PREMIUM]","1,2,3,4,5,6,7,8"
"oV7HbEnGKVB","2026-07-13 23:59:38.213","2026-07-13 23:59:38.213","oV7HbEnGKVB","18353912","[PREMIUM]","[PREMIUM]","[PREMIUM]","219","Section 219","5",4,"[]","2026-09-25 00:00:00","electronic","exchange",1,"[PREMIUM]","1,2,3,4"
"rVOHkRz0Mre","2026-07-13 23:59:38.213","2026-07-22 03:53:04.596","rVOHkRz0Mre","18353912","[PREMIUM]","[PREMIUM]","[PREMIUM]","108","Section 108","8",6,"[]","2026-09-25 00:00:00","electronic","exchange",0,"[PREMIUM]","1,2,3,4,5,6"
"w3JsedGngwe","2026-07-13 23:59:38.213","2026-07-19 00:35:13.946","w3JsedGngwe","18353912","[PREMIUM]","[PREMIUM]","[PREMIUM]","105","Section 105","6",6,"[]","2026-09-25 00:00:00","electronic","exchange",0,"[PREMIUM]","1,2,3,4,5,6"
"4vXcj9ebKEw","2026-07-13 23:59:37.419","2026-07-14 23:26:15.500","4vXcj9ebKEw","18127885","[PREMIUM]","[PREMIUM]","[PREMIUM]","106","Section 106","cc",2,"[]","2026-07-15 00:00:00","sg_app","exchange",0,"[PREMIUM]","2"
"EroUXn5P863","2026-07-13 23:59:37.419","2026-07-14 23:26:15.500","EroUXn5P863","18127885","[PREMIUM]","[PREMIUM]","[PREMIUM]","107","Section 107","dd",4,"[]","2026-07-15 00:00:00","sg_app","exchange",0,"[PREMIUM]","2,4"
"ROXHzwlY8Xo","2026-07-13 23:59:37.419","2026-07-14 23:26:15.500","ROXHzwlY8Xo","18127885","[PREMIUM]","[PREMIUM]","[PREMIUM]","GENERAL ADMISSION","GA Seating","GA",8,"[]","2026-07-13 00:00:00","sg_app","exchange",0,"[PREMIUM]","1,2,3,4,5,6,7,8"
"z3Es6qLMax2","2026-07-13 23:59:37.419","2026-07-16 00:20:52.629","z3Es6qLMax2","18127885","[PREMIUM]","[PREMIUM]","[PREMIUM]","GENERAL ADMISSION","GA Seating","GA",5,"['1','2','3','4','5']","2026-05-19 00:00:00","sg_app","exchange",0,"[PREMIUM]","1,2,3,4,5"
"6mOhkA97xww","2026-07-13 23:59:25.324","2026-07-14 23:25:49.800","6mOhkA97xww","18127881","[PREMIUM]","[PREMIUM]","[PREMIUM]","106","Section 106","gg",8,"['1','2','3','4','5','6','7','8']","2026-05-26 00:00:00","sg_app","exchange",1,"[PREMIUM]","1,2,3,4,5,6,8"
"A6rs27jvP5m","2026-07-13 23:59:25.324","2026-07-14 23:25:49.800","A6rs27jvP5m","18127881","[PREMIUM]","[PREMIUM]","[PREMIUM]","GA","GA Seating","GA",20,"[]","2026-07-14 00:00:00","sg_app","exchange",0,"[PREMIUM]","1,2,3,4,5,6,7,8,9,10,11,12,13,14,15,16,17,18,19,20"
"GAaI625ze84","2026-07-13 23:59:25.324","2026-07-13 23:59:25.324","GAaI625ze84","18127881","[PREMIUM]","[PREMIUM]","[PREMIUM]","106","Section 106","cc",14,"[]","2026-07-13 00:00:00","sg_app","exchange",1,"[PREMIUM]","1,2,3,4,5,6,7,8,9,10,11,12,14"
"ROXHzwl7PKY","2026-07-13 23:59:25.324","2026-07-14 23:25:49.800","ROXHzwl7PKY","18127881","[PREMIUM]","[PREMIUM]","[PREMIUM]","General Admission","GA Seating","2",14,"[]","2026-07-14 00:00:00","sg_app","exchange",5,"[PREMIUM]","1,2,3,4,5,6,7,8,9,10,11,12,13,14"
"dmgdzjj","2026-07-13 23:59:25.324","2026-07-13 23:59:25.324","dmgdzjj","18127881","[PREMIUM]","[PREMIUM]","[PREMIUM]","L:107","Section 107","bb",2,"['12','13']",,"sg_app","marketplace",0,"[PREMIUM]","2"
"mxAs4YzDBbG","2026-07-13 23:59:25.324","2026-07-14 23:25:49.800","mxAs4YzDBbG","18127881","[PREMIUM]","[PREMIUM]","[PREMIUM]","106","Section 106","gg",8,"[]","2026-07-14 00:00:00","sg_app","exchange",5,"[PREMIUM]","1,2,3,4,5,6,7,8"
"qVjH2VZqkwM","2026-07-13 23:59:25.324","2026-07-14 23:25:49.800","qVjH2VZqkwM","18127881","[PREMIUM]","[PREMIUM]","[PREMIUM]","106","Section 106","gg",8,"[]","2026-07-14 00:00:00","sg_app","exchange",1,"[PREMIUM]","1,2,3,4,5,6,8"
"rVOHkRzJwvr","2026-07-13 23:59:25.324","2026-07-14 23:25:49.800","rVOHkRzJwvr","18127881","[PREMIUM]","[PREMIUM]","[PREMIUM]","GA","GA Seating","GA",2,"[]","2026-07-13 00:00:00","sg_app","exchange",0,"[PREMIUM]","2"
"3q7fNJ5aXGj","2026-07-13 23:59:23.535","2026-07-13 23:59:23.535","3q7fNJ5aXGj","18127879","[PREMIUM]","[PREMIUM]","[PREMIUM]","106","Section 106","ff",8,"[]","2026-07-13 00:00:00","sg_app","exchange",0,"[PREMIUM]","1,2,3,4,5,6,8"
"GAaI625BkRE","2026-07-13 23:59:23.535","2026-07-13 23:59:23.535","GAaI625BkRE","18127879","[PREMIUM]","[PREMIUM]","[PREMIUM]","GENERAL ADMISSION","GA Seating","GA",10,"[]","2026-07-13 00:00:00","sg_app","exchange",2,"[PREMIUM]","1,2,3,4,5,6,7,8,9,10"
"LbviLEqA207","2026-07-13 23:59:23.535","2026-07-13 23:59:23.535","LbviLEqA207","18127879","[PREMIUM]","[PREMIUM]","[PREMIUM]","GA","GA Seating","GA",10,"[]","2026-07-13 00:00:00","sg_app","exchange",0,"[PREMIUM]","1,2,3,4,5,6,7,8,10"
"NrqUv45YdoE","2026-07-13 23:59:23.535","2026-07-13 23:59:23.535","NrqUv45YdoE","18127879","[PREMIUM]","[PREMIUM]","[PREMIUM]","105","Section 105","dd",2,"[]","2026-07-12 00:00:00","sg_app","exchange",1,"[PREMIUM]","2"
"O7AhwrEvRAO","2026-07-13 23:59:23.535","2026-07-13 23:59:23.535","O7AhwrEvRAO","18127879","[PREMIUM]","[PREMIUM]","[PREMIUM]","GA","GA Seating","GA",20,"[]","2026-07-13 00:00:00","sg_app","exchange",0,"[PREMIUM]","1,2,3,4,5,6,7,8,9,10,11,12,13,14,15,16,17,18,19,20"
"Zm9hvwmExkR","2026-07-13 23:59:23.535","2026-07-13 23:59:23.535","Zm9hvwmExkR","18127879","[PREMIUM]","[PREMIUM]","[PREMIUM]","GENERAL  ADMISSION","GA Seating","GA",3,"['1','2','3']","2026-07-13 00:00:00","sg_app","exchange",1,"[PREMIUM]","1,3"
"lxVsdL6jo7x","2026-07-13 23:59:23.535","2026-07-13 23:59:23.535","lxVsdL6jo7x","18127879","[PREMIUM]","[PREMIUM]","[PREMIUM]","106","Section 106","ff",8,"['9','10','11','12','13','14','15','16']","2026-05-26 00:00:00","sg_app","exchange",0,"[PREMIUM]","1,2,3,4,5,6,8"
"lxVsdL6zLOj","2026-07-13 23:59:23.535","2026-07-13 23:59:23.535","lxVsdL6zLOj","18127879","[PREMIUM]","[PREMIUM]","[PREMIUM]","108","Section 108","dd",2,"[]","2026-07-13 00:00:00","sg_app","exchange",3,"[PREMIUM]","1,2"
"qVjH2VZqqPE","2026-07-13 23:59:23.535","2026-07-13 23:59:23.535","qVjH2VZqqPE","18127879","[PREMIUM]","[PREMIUM]","[PREMIUM]","106","Section 106","ee",4,"[]","2026-07-13 00:00:00","sg_app","exchange",0,"[PREMIUM]","2,4"
"z3Es6qLq7lD","2026-07-13 23:59:23.535","2026-07-13 23:59:23.535","z3Es6qLq7lD","18127879","[PREMIUM]","[PREMIUM]","[PREMIUM]","GA1","GA Seating","5",13,"[]","2026-07-12 00:00:00","sg_app","exchange",0,"[PREMIUM]","1,2,3,4,5,6,7,8,9,10,11,13"
"2v0cz3gnabG","2026-07-13 23:59:14.642","2026-07-13 23:59:14.642","2v0cz3gnabG","18003884","[PREMIUM]","[PREMIUM]","[PREMIUM]","E42","Section 42","45",5,"[]","2026-12-29 00:00:00","electronic","exchange",1,"[PREMIUM]","1,3,5"
"3q7fNJ5OVv6","2026-07-13 23:59:14.642","2026-07-13 23:59:14.642","3q7fNJ5OVv6","18003884","[PREMIUM]","[PREMIUM]","[PREMIUM]","S4","Section 4","49",6,"[]","2026-12-30 00:00:00","electronic","exchange",2,"[PREMIUM]","2,4,6"
"3q7fNJ5Ka8q","2026-07-13 23:59:14.642","2026-07-13 23:59:14.642","3q7fNJ5Ka8q","18003884","[PREMIUM]","[PREMIUM]","[PREMIUM]","E36","Section 36","62",5,"[]","2026-12-29 00:00:00","electronic","exchange",1,"[PREMIUM]","1,3,5"
"4vXcj9eRb8A","2026-07-13 23:59:14.642","2026-07-17 11:37:19.138","4vXcj9eRb8A","18003884","[PREMIUM]","[PREMIUM]","[PREMIUM]","N22","Section 22","40",2,"[]","2026-12-30 00:00:00","electronic","exchange",2,"[PREMIUM]","2"
"4vXcj9eor68","2026-07-13 23:59:14.642","2026-07-13 23:59:14.642","4vXcj9eor68","18003884","[PREMIUM]","[PREMIUM]","[PREMIUM]","E32","Section 32","62",8,"[]","2026-12-29 00:00:00","electronic","exchange",0,"[PREMIUM]","1,2,3,4,6,8"
"4vXcj9eAoXe","2026-07-13 23:59:14.642","2026-08-04 00:44:36.260","4vXcj9eAoXe","18003884","[PREMIUM]","[PREMIUM]","[PREMIUM]","N28","Section 28","57",1,"[]","2026-12-30 00:00:00","electronic","exchange",0,"[PREMIUM]","1"
"5EjuZ6kR9ga","2026-07-13 23:59:14.642","2026-07-13 23:59:14.642","5EjuZ6kR9ga","18003884","[PREMIUM]","[PREMIUM]","[PREMIUM]","N19","Section 19","48",5,"[]","2026-12-30 00:00:00","electronic","exchange",1,"[PREMIUM]","1,2,3,5"
"6mOhkA9J2g9","2026-07-13 23:59:14.642","2026-07-13 23:59:14.642","6mOhkA9J2g9","18003884","[PREMIUM]","[PREMIUM]","[PREMIUM]","E36","Section 36","32",3,"[]","2026-12-29 00:00:00","electronic","exchange",2,"[PREMIUM]","1,3"
"6mOhkA9nJM0","2026-07-13 23:59:14.642","2026-07-13 23:59:14.642","6mOhkA9nJM0","18003884","[PREMIUM]","[PREMIUM]","[PREMIUM]","W08","Section 8","23",4,"[]","2026-12-29 00:00:00","electronic","exchange",0,"[PREMIUM]","2,4"
"6mOhkA9ob0O","2026-07-13 23:59:14.642","2026-07-13 23:59:14.642","6mOhkA9ob0O","18003884","[PREMIUM]","[PREMIUM]","[PREMIUM]","S46","Section 46","39",2,"[]","2026-12-30 00:00:00","electronic","exchange",2,"[PREMIUM]","2"
"7KntAlO74mY","2026-07-13 23:59:14.642","2026-07-13 23:59:14.642","7KntAlO74mY","18003884","[PREMIUM]","[PREMIUM]","[PREMIUM]","E33","Section 33","9",3,"[]","2026-12-30 00:00:00","electronic","exchange",3,"[PREMIUM]","1,3"
"7KntAlOEBEM","2026-07-13 23:59:14.642","2026-07-13 23:59:14.642","7KntAlOEBEM","18003884","[PREMIUM]","[PREMIUM]","[PREMIUM]","S51","Section 51","1",8,"[]","2026-12-29 00:00:00","electronic","exchange",1,"[PREMIUM]","1,2,3,4,6,8"
"9P2c5qOMGLM","2026-07-13 23:59:14.642","2026-07-13 23:59:14.642","9P2c5qOMGLM","18003884","[PREMIUM]","[PREMIUM]","[PREMIUM]","S45","Section 45","45",2,"[]","2026-12-30 00:00:00","electronic","exchange",4,"[PREMIUM]","2"
"9P2c5qO8q0E","2026-07-13 23:59:14.642","2026-07-13 23:59:14.642","9P2c5qO8q0E","18003884","[PREMIUM]","[PREMIUM]","[PREMIUM]","S51","Section 51","8",8,"[]","2026-12-29 00:00:00","electronic","exchange",2,"[PREMIUM]","1,2,3,4,6,8"
"A6rs27j93DK","2026-07-13 23:59:14.642","2026-07-13 23:59:14.642","A6rs27j93DK","18003884","[PREMIUM]","[PREMIUM]","[PREMIUM]","E33","Section 33","59",8,"[]","2026-12-29 00:00:00","electronic","exchange",1,"[PREMIUM]","1,2,3,4,6,8"
"BALImXbbOOX","2026-07-13 23:59:14.642","2026-08-04 00:44:36.260","BALImXbbOOX","18003884","[PREMIUM]","[PREMIUM]","[PREMIUM]","W15","Section 15","41",8,"[]","2026-12-30 00:00:00","electronic","exchange",0,"[PREMIUM]","1,2,3,4,5,6,7,8"
"BALImXbwKo6","2026-07-13 23:59:14.642","2026-08-04 00:44:36.260","BALImXbwKo6","18003884","[PREMIUM]","[PREMIUM]","[PREMIUM]","E37","Section 37","11",4,"[]","2026-12-30 00:00:00","electronic","exchange",1,"[PREMIUM]","1,2,3,4"
"EroUXn5M3bM","2026-07-13 23:59:14.642","2026-07-13 23:59:14.642","EroUXn5M3bM","18003884","[PREMIUM]","[PREMIUM]","[PREMIUM]","N28","Section 28","49",4,"[]","2026-12-30 00:00:00","electronic","exchange",1,"[PREMIUM]","2,4"
"EroUXn5gOLO","2026-07-13 23:59:14.642","2026-07-13 23:59:14.642","EroUXn5gOLO","18003884","[PREMIUM]","[PREMIUM]","[PREMIUM]","S46","Section 46","39",2,"[]","2026-12-30 00:00:00","electronic","exchange",2,"[PREMIUM]","2"
"GAaI625A2N7","2026-07-13 23:59:14.642","2026-07-17 11:37:19.138","GAaI625A2N7","18003884","[PREMIUM]","[PREMIUM]","[PREMIUM]","E39","Section 39","34",13,"[]","2026-12-30 00:00:00","electronic","exchange",2,"[PREMIUM]","1,2,3,4,5,6,7,8,9,10,11,13"
"GAaI625kYe2","2026-07-13 23:59:14.642","2026-07-13 23:59:14.642","GAaI625kYe2","18003884","[PREMIUM]","[PREMIUM]","[PREMIUM]","S47","Section 47","1",8,"[]","2026-12-29 00:00:00","electronic","exchange",1,"[PREMIUM]","1,2,3,4,6,8"
"GAaI625nAg3","2026-07-13 23:59:14.642","2026-07-13 23:59:14.642","GAaI625nAg3","18003884","[PREMIUM]","[PREMIUM]","[PREMIUM]","W18","Section 18","49",3,"[]","2026-12-30 00:00:00","electronic","exchange",1,"[PREMIUM]","1,3"
"JABI39gdMjo","2026-07-13 23:59:14.642","2026-07-13 23:59:14.642","JABI39gdMjo","18003884","[PREMIUM]","[PREMIUM]","[PREMIUM]","S44","Section 44","46",8,"[]","2026-12-29 00:00:00","electronic","exchange",1,"[PREMIUM]","1,2,3,4,6,8"
"Kezcz63Vvrx","2026-07-13 23:59:14.642","2026-07-14 23:25:22.393","Kezcz63Vvrx","18003884","[PREMIUM]","[PREMIUM]","[PREMIUM]","W06","Section 6","49",3,"[]","2026-12-30 00:00:00","electronic","exchange",1,"[PREMIUM]","1,3"
"LbviLEq99Xg","2026-07-13 23:59:14.642","2026-07-20 01:41:32.648","LbviLEq99Xg","18003884","[PREMIUM]","[PREMIUM]","[PREMIUM]","N28","Section 28","49",2,"['7','8']","2026-12-29 00:00:00","electronic","exchange",0,"[PREMIUM]","2"
"LbviLEqNA7j","2026-07-13 23:59:14.642","2026-07-13 23:59:14.642","LbviLEqNA7j","18003884","[PREMIUM]","[PREMIUM]","[PREMIUM]","E39","Section 39","60",8,"[]","2026-12-29 00:00:00","electronic","exchange",1,"[PREMIUM]","1,2,3,4,6,8"
"LbviLEqNA9L","2026-07-13 23:59:14.642","2026-07-13 23:59:14.642","LbviLEqNA9L","18003884","[PREMIUM]","[PREMIUM]","[PREMIUM]","S48","Section 48","9",8,"[]","2026-12-29 00:00:00","electronic","exchange",2,"[PREMIUM]","1,2,3,4,6,8"
"NrqUv455ZrY","2026-07-13 23:59:14.642","2026-07-17 11:37:19.138","NrqUv455ZrY","18003884","[PREMIUM]","[PREMIUM]","[PREMIUM]","W15","Section 15","41",10,"[]","2026-12-30 00:00:00","electronic","exchange",1,"[PREMIUM]","1,2,3,4,5,6,7,8,10"
"PX0sgLnD30G","2026-07-13 23:59:14.642","2026-07-13 23:59:14.642","PX0sgLnD30G","18003884","[PREMIUM]","[PREMIUM]","[PREMIUM]","W08","Section 8","62",8,"[]","2026-12-29 00:00:00","electronic","exchange",0,"[PREMIUM]","1,2,3,4,6,8"
"PX0sgLnDDeP","2026-07-13 23:59:14.642","2026-07-13 23:59:14.642","PX0sgLnDDeP","18003884","[PREMIUM]","[PREMIUM]","[PREMIUM]","W15","Section 15","17",8,"[]","2026-12-29 00:00:00","electronic","exchange",1,"[PREMIUM]","1,2,3,4,6,8"
"PX0sgLnmPwm","2026-07-13 23:59:14.642","2026-07-13 23:59:14.642","PX0sgLnmPwm","18003884","[PREMIUM]","[PREMIUM]","[PREMIUM]","E30","Section 30","44",2,"[]","2026-12-29 00:00:00","electronic","exchange",1,"[PREMIUM]","2"
"ROXHzwlDNA2","2026-07-13 23:59:14.642","2026-07-13 23:59:14.642","ROXHzwlDNA2","18003884","[PREMIUM]","[PREMIUM]","[PREMIUM]","E40","Section 40","59",8,"[]","2026-12-29 00:00:00","electronic","exchange",0,"[PREMIUM]","1,2,3,4,6,8"
"X03tKjADmBp","2026-07-13 23:59:14.642","2026-07-13 23:59:14.642","X03tKjADmBp","18003884","[PREMIUM]","[PREMIUM]","[PREMIUM]","E40","Section 40","22",8,"[]","2026-12-29 00:00:00","electronic","exchange",1,"[PREMIUM]","1,2,3,4,6,8"
"X03tKjAAOB5","2026-07-13 23:59:14.642","2026-07-16 00:20:43.900","X03tKjAAOB5","18003884","[PREMIUM]","[PREMIUM]","[PREMIUM]","E38","Section 38","51",4,"[]","2026-12-30 00:00:00","electronic","exchange",3,"[PREMIUM]","2,4"
"X03tKjAGk0L","2026-07-13 23:59:14.642","2026-08-04 00:44:36.260","X03tKjAGk0L","18003884","[PREMIUM]","[PREMIUM]","[PREMIUM]","E38","Section 38","63",2,"[]","2026-12-30 00:00:00","electronic","exchange",0,"[PREMIUM]","2"
"YgJtk69XjNE","2026-07-13 23:59:14.642","2026-07-13 23:59:14.642","YgJtk69XjNE","18003884","[PREMIUM]","[PREMIUM]","[PREMIUM]","N25","Section 25","21",2,"[]","2026-12-30 00:00:00","electronic","exchange",1,"[PREMIUM]","2"
"YgJtk69jZZB","2026-07-13 23:59:14.642","2026-07-13 23:59:14.642","YgJtk69jZZB","18003884","[PREMIUM]","[PREMIUM]","[PREMIUM]","E42","Section 42","58",3,"[]","2026-12-29 00:00:00","electronic","exchange",1,"[PREMIUM]","1,3"
"Zm9hvwmO0Xk","2026-07-13 23:59:14.642","2026-07-13 23:59:14.642","Zm9hvwmO0Xk","18003884","[PREMIUM]","[PREMIUM]","[PREMIUM]","W16","Section 16","63",8,"[]","2026-12-29 00:00:00","electronic","exchange",0,"[PREMIUM]","1,2,3,4,6,8"
"Zm9hvwmE3gb","2026-07-13 23:59:14.642","2026-07-13 23:59:14.642","Zm9hvwmE3gb","18003884","[PREMIUM]","[PREMIUM]","[PREMIUM]","E30","Section 30","49",5,"[]","2026-12-30 00:00:00","electronic","exchange",2,"[PREMIUM]","1,2,3,5"
"agktlDG0jKw","2026-07-13 23:59:14.642","2026-07-13 23:59:14.642","agktlDG0jKw","18003884","[PREMIUM]","[PREMIUM]","[PREMIUM]","E33","Section 33","14",7,"[]","2026-12-29 00:00:00","electronic","exchange",2,"[PREMIUM]","1,2,3,5,7"
"dNgUg6a92ao","2026-07-13 23:59:14.642","2026-07-13 23:59:14.642","dNgUg6a92ao","18003884","[PREMIUM]","[PREMIUM]","[PREMIUM]","W09","Section 9","9",4,"[]","2026-12-30 00:00:00","electronic","exchange",2,"[PREMIUM]","2,4"
"jDvsz7v2m0n","2026-07-13 23:59:14.642","2026-07-13 23:59:14.642","jDvsz7v2m0n","18003884","[PREMIUM]","[PREMIUM]","[PREMIUM]","N21","Section 21","40",6,"[]","2026-12-29 00:00:00","electronic","exchange",0,"[PREMIUM]","1,2,4,6"
"jDvsz7vlRZz","2026-07-13 23:59:14.642","2026-07-13 23:59:14.642","jDvsz7vlRZz","18003884","[PREMIUM]","[PREMIUM]","[PREMIUM]","E33","Section 33","9",4,"[]","2026-12-30 00:00:00","electronic","exchange",3,"[PREMIUM]","2,4"
"jDvsz7vdbxN","2026-07-13 23:59:14.642","2026-07-13 23:59:14.642","jDvsz7vdbxN","18003884","[PREMIUM]","[PREMIUM]","[PREMIUM]","E39","Section 39","23",3,"[]","2026-12-29 00:00:00","electronic","exchange",4,"[PREMIUM]","1,3"
"jDvsz7vdOKk","2026-07-13 23:59:14.642","2026-07-13 23:59:14.642","jDvsz7vdOKk","18003884","[PREMIUM]","[PREMIUM]","[PREMIUM]","W16","Section 16","22",5,"[]","2026-12-29 00:00:00","electronic","exchange",0,"[PREMIUM]","1,3,5"
"kYet94kGe4P","2026-07-13 23:59:14.642","2026-07-13 23:59:14.642","kYet94kGe4P","18003884","[PREMIUM]","[PREMIUM]","[PREMIUM]","N27","Section 27","20",4,"[]","2026-12-29 00:00:00","electronic","exchange",1,"[PREMIUM]","2,4"
"lxVsdL6Re2V","2026-07-13 23:59:14.642","2026-07-13 23:59:14.642","lxVsdL6Re2V","18003884","[PREMIUM]","[PREMIUM]","[PREMIUM]","S45","Section 45","37",6,"[]","2026-12-30 00:00:00","electronic","exchange",2,"[PREMIUM]","2,4,6"
"lxVsdL6wgqP","2026-07-13 23:59:14.642","2026-07-13 23:59:14.642","lxVsdL6wgqP","18003884","[PREMIUM]","[PREMIUM]","[PREMIUM]","N28","Section 28","49",6,"[]","2026-12-30 00:00:00","electronic","exchange",1,"[PREMIUM]","2,4,6"
"mxAs4Yz8jzV","2026-07-13 23:59:14.642","2026-07-13 23:59:14.642","mxAs4Yz8jzV","18003884","[PREMIUM]","[PREMIUM]","[PREMIUM]","W14","Section 14","9",2,"[]","2026-12-30 00:00:00","electronic","exchange",0,"[PREMIUM]","2"
"nx0srM0kw45","2026-07-13 23:59:14.642","2026-07-17 09:08:34.879","nx0srM0kw45","18003884","[PREMIUM]","[PREMIUM]","[PREMIUM]","E38","Section 38","63",11,"[]","2026-12-30 00:00:00","electronic","exchange",1,"[PREMIUM]","1,2,3,4,5,6,7,8,9,11"
"nx0srM0ZpN9","2026-07-13 23:59:14.642","2026-07-13 23:59:14.642","nx0srM0ZpN9","18003884","[PREMIUM]","[PREMIUM]","[PREMIUM]","E37","Section 37","63",8,"[]","2026-12-29 00:00:00","electronic","exchange",0,"[PREMIUM]","1,2,3,4,6,8"
"oV7HbEnRLa7","2026-07-13 23:59:14.642","2026-07-13 23:59:14.642","oV7HbEnRLa7","18003884","[PREMIUM]","[PREMIUM]","[PREMIUM]","E35","Section 35","21",2,"[]","2026-12-29 00:00:00","electronic","exchange",1,"[PREMIUM]","2"
"oV7HbEnzlEN","2026-07-13 23:59:14.642","2026-07-13 23:59:14.642","oV7HbEnzlEN","18003884","[PREMIUM]","[PREMIUM]","[PREMIUM]","N21","Section 21","47",2,"[]","2026-12-29 00:00:00","electronic","exchange",0,"[PREMIUM]","2"
"pVXHDEKpkKl","2026-07-13 23:59:14.642","2026-07-13 23:59:14.642","pVXHDEKpkKl","18003884","[PREMIUM]","[PREMIUM]","[PREMIUM]","E38","Section 38","9",3,"[]","2026-12-30 00:00:00","electronic","exchange",2,"[PREMIUM]","1,3"
"qVjH2VZDvoM","2026-07-13 23:59:14.642","2026-07-13 23:59:14.642","qVjH2VZDvoM","18003884","[PREMIUM]","[PREMIUM]","[PREMIUM]","S3","Section 3","45",2,"[]","2026-12-30 00:00:00","electronic","exchange",3,"[PREMIUM]","2"
"rVOHkRz7Pp2","2026-07-13 23:59:14.642","2026-07-13 23:59:14.642","rVOHkRz7Pp2","18003884","[PREMIUM]","[PREMIUM]","[PREMIUM]","S44","Section 44","39",3,"[]","2026-12-29 00:00:00","electronic","exchange",0,"[PREMIUM]","1,3"
"rVOHkRzzA7M","2026-07-13 23:59:14.642","2026-07-17 11:37:19.138","rVOHkRzzA7M","18003884","[PREMIUM]","[PREMIUM]","[PREMIUM]","E37","Section 37","11",4,"[]","2026-12-30 00:00:00","electronic","exchange",2,"[PREMIUM]","1,2,4"
"rVOHkRzPo8j","2026-07-13 23:59:14.642","2026-07-13 23:59:14.642","rVOHkRzPo8j","18003884","[PREMIUM]","[PREMIUM]","[PREMIUM]","N19","Section 19","49",4,"[]","2026-12-30 00:00:00","electronic","exchange",1,"[PREMIUM]","2,4"
"rVOHkRzp9X2","2026-07-13 23:59:14.642","2026-07-17 11:37:19.138","rVOHkRzp9X2","18003884","[PREMIUM]","[PREMIUM]","[PREMIUM]","N25","Section 25","39",4,"[]","2026-12-30 00:00:00","electronic","exchange",2,"[PREMIUM]","2,4"
"rVOHkRzr5M7","2026-07-13 23:59:14.642","2026-07-13 23:59:14.642","rVOHkRzr5M7","18003884","[PREMIUM]","[PREMIUM]","[PREMIUM]","N29","Section 29","47",2,"[]","2026-12-29 00:00:00","electronic","exchange",1,"[PREMIUM]","2"
"rVOHkRzrVVY","2026-07-13 23:59:14.642","2026-07-13 23:59:14.642","rVOHkRzrVVY","18003884","[PREMIUM]","[PREMIUM]","[PREMIUM]","S48","Section 48","3",8,"[]","2026-12-29 00:00:00","electronic","exchange",2,"[PREMIUM]","1,2,3,4,6,8"
"vb3iPekKZxv","2026-07-13 23:59:14.642","2026-07-17 11:37:19.138","vb3iPekKZxv","18003884","[PREMIUM]","[PREMIUM]","[PREMIUM]","N19","Section 19","36",2,"[]","2026-12-30 00:00:00","electronic","exchange",0,"[PREMIUM]","2"
"w3JsedGROxz","2026-07-13 23:59:14.642","2026-07-13 23:59:14.642","w3JsedGROxz","18003884","[PREMIUM]","[PREMIUM]","[PREMIUM]","E35","Section 35","61",8,"[]","2026-12-29 00:00:00","electronic","exchange",0,"[PREMIUM]","1,2,3,4,6,8"
"w3JsedGRRmM","2026-07-13 23:59:14.642","2026-07-13 23:59:14.642","w3JsedGRRmM","18003884","[PREMIUM]","[PREMIUM]","[PREMIUM]","E37","Section 37","11",2,"[]","2026-12-29 00:00:00","electronic","exchange",1,"[PREMIUM]","2"
"w3JsedGMeVE","2026-07-13 23:59:14.642","2026-07-13 23:59:14.642","w3JsedGMeVE","18003884","[PREMIUM]","[PREMIUM]","[PREMIUM]","W15","Section 15","45",7,"[]","2026-12-29 00:00:00","electronic","exchange",0,"[PREMIUM]","1,2,3,5,7"
"w3JsedGMzLR","2026-07-13 23:59:14.642","2026-07-13 23:59:14.642","w3JsedGMzLR","18003884","[PREMIUM]","[PREMIUM]","[PREMIUM]","E32","Section 32","37",7,"[]","2026-12-29 00:00:00","electronic","exchange",0,"[PREMIUM]","1,2,3,5,7"
"xb9imBe98nk","2026-07-13 23:59:14.642","2026-07-13 23:59:14.642","xb9imBe98nk","18003884","[PREMIUM]","[PREMIUM]","[PREMIUM]","E31","Section 31","49",2,"[]","2026-12-30 00:00:00","electronic","exchange",1,"[PREMIUM]","2"
"z3Es6qLJgRo","2026-07-13 23:59:14.642","2026-07-13 23:59:14.642","z3Es6qLJgRo","18003884","[PREMIUM]","[PREMIUM]","[PREMIUM]","N27","Section 27","43",3,"[]","2026-12-29 00:00:00","electronic","exchange",0,"[PREMIUM]","1,3"
"z3Es6qLJ3KX","2026-07-13 23:59:14.642","2026-07-13 23:59:14.642","z3Es6qLJ3KX","18003884","[PREMIUM]","[PREMIUM]","[PREMIUM]","S47","Section 47","8",8,"[]","2026-12-29 00:00:00","electronic","exchange",2,"[PREMIUM]","1,2,3,4,6,8"
"05VT8K5aX7w","2026-07-13 23:58:36.355","2026-07-14 23:26:21.420","05VT8K5aX7w","18076651","[PREMIUM]","[PREMIUM]","[PREMIUM]","103","Section 103","4",4,"[]","2026-10-24 00:00:00","electronic","exchange",2,"[PREMIUM]","4"
"2v0cz3gxeb9","2026-07-13 23:58:36.355","2026-07-16 00:20:32.262","2v0cz3gxeb9","18076651","[PREMIUM]","[PREMIUM]","[PREMIUM]","235","Section 235","24",4,"['7','8','9','10']","2026-03-25 00:00:00","electronic","exchange",0,"[PREMIUM]","1,2,4"
"2v0cz3gxPDN","2026-07-13 23:58:36.355","2026-07-17 00:32:58.258","2v0cz3gxPDN","18076651","[PREMIUM]","[PREMIUM]","[PREMIUM]","203","Section 203","26",3,"[]","2026-03-25 00:00:00","electronic","exchange",0,"[PREMIUM]","1,3"
"2v0cz3gxeJM","2026-07-13 23:58:36.355","2026-07-20 00:46:05.106","2v0cz3gxeJM","18076651","[PREMIUM]","[PREMIUM]","[PREMIUM]","214","Section 214","24",4,"['7','8','9','10']","2026-03-25 00:00:00","electronic","exchange",0,"[PREMIUM]","1,2,4"
"3q7fNJ5Dgam","2026-07-13 23:58:36.355","2026-07-13 23:58:36.355","3q7fNJ5Dgam","18076651","[PREMIUM]","[PREMIUM]","[PREMIUM]","134","Section 134","21",8,"[]","2026-10-23 00:00:00","electronic","exchange",2,"[PREMIUM]","1,2,3,4,6,8"
"3q7fNJ5OXZZ","2026-07-13 23:58:36.355","2026-07-17 00:32:58.258","3q7fNJ5OXZZ","18076651","[PREMIUM]","[PREMIUM]","[PREMIUM]","110","Section 110","2",8,"[]","2026-10-23 00:00:00","electronic","exchange",0,"[PREMIUM]","1,2,3,4,5,6,8"
"3q7fNJ5r0dY","2026-07-13 23:58:36.355","2026-07-17 00:32:58.258","3q7fNJ5r0dY","18076651","[PREMIUM]","[PREMIUM]","[PREMIUM]","214","Section 214","23",3,"[]","2026-03-25 00:00:00","electronic","exchange",0,"[PREMIUM]","1,3"
"4vXcj9eK0gK","2026-07-13 23:58:36.355","2026-07-17 00:32:58.258","4vXcj9eK0gK","18076651","[PREMIUM]","[PREMIUM]","[PREMIUM]","214","Section 214","23",3,"[]","2026-07-13 00:00:00","electronic","exchange",0,"[PREMIUM]","1,3"
"5EjuZ6kKvBN","2026-07-13 23:58:36.355","2026-07-14 23:26:21.420","5EjuZ6kKvBN","18076651","[PREMIUM]","[PREMIUM]","[PREMIUM]","105","Section 105","3",4,"[]","2026-10-24 00:00:00","electronic","exchange",2,"[PREMIUM]","4"
"6mOhkA95waA","2026-07-13 23:58:36.355","2026-07-16 00:20:32.262","6mOhkA95waA","18076651","[PREMIUM]","[PREMIUM]","[PREMIUM]","235","Section 235","25",2,"[]","2026-07-13 00:00:00","electronic","exchange",0,"[PREMIUM]","2"
"6mOhkA95wE7","2026-07-13 23:58:36.355","2026-07-20 00:46:05.106","6mOhkA95wE7","18076651","[PREMIUM]","[PREMIUM]","[PREMIUM]","202","Section 202","26",6,"['1','2','3','4','5','6']","2026-03-25 00:00:00","electronic","exchange",0,"[PREMIUM]","1,2,3,4,6"
"6mOhkA95ZJ9","2026-07-13 23:58:36.355","2026-07-20 00:46:05.106","6mOhkA95ZJ9","18076651","[PREMIUM]","[PREMIUM]","[PREMIUM]","214","Section 214","25",5,"[]","2026-03-25 00:00:00","electronic","exchange",0,"[PREMIUM]","1,2,3,5"
"6mOhkA95j3b","2026-07-13 23:58:36.355","2026-07-17 00:32:58.258","6mOhkA95j3b","18076651","[PREMIUM]","[PREMIUM]","[PREMIUM]","203","Section 203","26",3,"[]","2026-07-13 00:00:00","electronic","exchange",0,"[PREMIUM]","1,3"
"6mOhkA95ZnE","2026-07-13 23:58:36.355","2026-07-17 00:32:58.258","6mOhkA95ZnE","18076651","[PREMIUM]","[PREMIUM]","[PREMIUM]","225","Section 225","25",6,"[]","2026-03-25 00:00:00","electronic","exchange",0,"[PREMIUM]","1,2,3,4,6"
"6mOhkA9ev98","2026-07-13 23:58:36.355","2026-07-21 03:14:29.928","6mOhkA9ev98","18076651","[PREMIUM]","[PREMIUM]","[PREMIUM]","111","Section 111","2",2,"[]","2026-10-23 00:00:00","electronic","exchange",0,"[PREMIUM]","2"
"7KntAlOVMOA","2026-07-13 23:58:36.355","2026-07-16 00:20:32.262","7KntAlOVMOA","18076651","[PREMIUM]","[PREMIUM]","[PREMIUM]","126","Section 126","1",4,"[]","2026-10-23 00:00:00","electronic","exchange",0,"[PREMIUM]","2,4"
"7KntAlO6ZrP","2026-07-13 23:58:36.355","2026-07-20 00:46:05.106","7KntAlO6ZrP","18076651","[PREMIUM]","[PREMIUM]","[PREMIUM]","214","Section 214","25",5,"[]","2026-07-13 00:00:00","electronic","exchange",0,"[PREMIUM]","1,2,3,5"
"7KntAlO3XP9","2026-07-13 23:58:36.355","2026-08-03 23:35:22.569","7KntAlO3XP9","18076651","[PREMIUM]","[PREMIUM]","[PREMIUM]","105","Section 105","4",4,"[]","2026-10-23 00:00:00","electronic","exchange",0,"[PREMIUM]","2,4"
"8lKt6YOAGx2","2026-07-13 23:58:36.355","2026-07-14 23:26:21.420","8lKt6YOAGx2","18076651","[PREMIUM]","[PREMIUM]","[PREMIUM]","112","Section 112","2",4,"[]","2026-10-24 00:00:00","electronic","exchange",2,"[PREMIUM]","4"
"8lKt6YOMj8q","2026-07-13 23:58:36.355","2026-07-16 00:20:32.262","8lKt6YOMj8q","18076651","[PREMIUM]","[PREMIUM]","[PREMIUM]","235","Section 235","24",4,"[]","2026-07-13 00:00:00","electronic","exchange",0,"[PREMIUM]","2,4"
"9P2c5qO2NOa","2026-07-13 23:58:36.355","2026-07-14 23:26:21.420","9P2c5qO2NOa","18076651","[PREMIUM]","[PREMIUM]","[PREMIUM]","119","Section 119","2",4,"[]","2026-10-24 00:00:00","electronic","exchange",4,"[PREMIUM]","4"
"9P2c5qO0BO7","2026-07-13 23:58:36.355","2026-07-16 00:20:32.262","9P2c5qO0BO7","18076651","[PREMIUM]","[PREMIUM]","[PREMIUM]","134","Section 134","5",2,"[]","2026-10-23 00:00:00","electronic","exchange",0,"[PREMIUM]","2"
"9P2c5qO0w2M","2026-07-13 23:58:36.355","2026-07-14 23:26:21.420","9P2c5qO0w2M","18076651","[PREMIUM]","[PREMIUM]","[PREMIUM]","111","Section 111","2",2,"[]","2026-10-24 00:00:00","electronic","exchange",2,"[PREMIUM]","2"
"9P2c5qOnKbO","2026-07-13 23:58:36.355","2026-07-17 00:32:58.258","9P2c5qOnKbO","18076651","[PREMIUM]","[PREMIUM]","[PREMIUM]","225","Section 225","26",3,"[]","2026-07-13 00:00:00","electronic","exchange",0,"[PREMIUM]","1,3"
"9P2c5qOnr8v","2026-07-13 23:58:36.355","2026-07-16 00:20:32.262","9P2c5qOnr8v","18076651","[PREMIUM]","[PREMIUM]","[PREMIUM]","201","Section 201","26",6,"[]","2026-03-25 00:00:00","electronic","exchange",0,"[PREMIUM]","1,2,3,4,6"
"9P2c5qOnrlL","2026-07-13 23:58:36.355","2026-07-17 00:32:58.258","9P2c5qOnrlL","18076651","[PREMIUM]","[PREMIUM]","[PREMIUM]","225","Section 225","26",3,"[]","2026-03-25 00:00:00","electronic","exchange",0,"[PREMIUM]","1,3"
"A6rs27jMmeP","2026-07-13 23:58:36.355","2026-07-21 03:14:29.928","A6rs27jMmeP","18076651","[PREMIUM]","[PREMIUM]","[PREMIUM]","134","Section 134","3",2,"[]","2026-10-23 00:00:00","electronic","exchange",0,"[PREMIUM]","2"
"A6rs27j9Loa","2026-07-13 23:58:36.355","2026-07-13 23:58:36.355","A6rs27j9Loa","18076651","[PREMIUM]","[PREMIUM]","[PREMIUM]","101","Section 101","21",2,"[]","2026-10-23 00:00:00","electronic","exchange",2,"[PREMIUM]","2"
"BALImXboz9P","2026-07-13 23:58:36.355","2026-07-14 23:26:21.420","BALImXboz9P","18076651","[PREMIUM]","[PREMIUM]","[PREMIUM]","126","Section 126","3",2,"[]","2026-10-24 00:00:00","electronic","exchange",5,"[PREMIUM]","2"
"BALImXbvgrd","2026-07-13 23:58:36.355","2026-08-03 23:35:22.569","BALImXbvgrd","18076651","[PREMIUM]","[PREMIUM]","[PREMIUM]","235","Section 235","2",3,"[]","2026-10-23 00:00:00","electronic","exchange",2,"[PREMIUM]","3"
"DdwHkO6R2Nz","2026-07-13 23:58:36.355","2026-07-16 00:20:32.262","DdwHkO6R2Nz","18076651","[PREMIUM]","[PREMIUM]","[PREMIUM]","133","Section 133","2",4,"[]","2026-10-23 00:00:00","electronic","exchange",0,"[PREMIUM]","2,4"
"DdwHkO6pe8N","2026-07-13 23:58:36.355","2026-07-14 23:26:21.420","DdwHkO6pe8N","18076651","[PREMIUM]","[PREMIUM]","[PREMIUM]","110","Section 110","2",4,"[]","2026-10-24 00:00:00","electronic","exchange",2,"[PREMIUM]","4"
"DdwHkO6R2K0","2026-07-13 23:58:36.355","2026-07-21 03:14:29.928","DdwHkO6R2K0","18076651","[PREMIUM]","[PREMIUM]","[PREMIUM]","103","Section 103","5",6,"[]","2026-10-23 00:00:00","electronic","exchange",0,"[PREMIUM]","1,2,3,4,6"
"EroUXn5Eor4","2026-07-13 23:58:36.355","2026-07-26 01:02:07.033","EroUXn5Eor4","18076651","[PREMIUM]","[PREMIUM]","[PREMIUM]","225","Section 225","25",6,"['1','2','3','4','5','6']","2026-03-25 00:00:00","electronic","exchange",0,"[PREMIUM]","1,2,3,4,6"
"EroUXn5Ed2p","2026-07-13 23:58:36.355","2026-07-16 00:20:32.262","EroUXn5Ed2p","18076651","[PREMIUM]","[PREMIUM]","[PREMIUM]","202","Section 202","26",6,"[]","2026-03-25 00:00:00","electronic","exchange",0,"[PREMIUM]","1,2,3,4,6"
"EroUXn5aoKO","2026-07-13 23:58:36.355","2026-07-14 23:26:21.420","EroUXn5aoKO","18076651","[PREMIUM]","[PREMIUM]","[PREMIUM]","235","Section 235","2",3,"[]","2026-10-24 00:00:00","electronic","exchange",3,"[PREMIUM]","3"
"GAaI625M9zM","2026-07-13 23:58:36.355","2026-07-16 00:20:32.262","GAaI625M9zM","18076651","[PREMIUM]","[PREMIUM]","[PREMIUM]","126","Section 126","1",4,"['1','2','3','4']","2026-10-23 00:00:00","electronic","exchange",0,"[PREMIUM]","1,2,4"
"JABI39g0vgv","2026-07-13 23:58:36.355","2026-07-21 03:14:29.928","JABI39g0vgv","18076651","[PREMIUM]","[PREMIUM]","[PREMIUM]","134","Section 134","4",4,"[]","2026-10-23 00:00:00","electronic","exchange",0,"[PREMIUM]","2,4"
"JABI39gONkp","2026-07-13 23:58:36.355","2026-07-17 00:32:58.258","JABI39gONkp","18076651","[PREMIUM]","[PREMIUM]","[PREMIUM]","214","Section 214","23",3,"['20','21','22']","2026-03-25 00:00:00","electronic","exchange",0,"[PREMIUM]","1,3"
"JABI39gB9xb","2026-07-13 23:58:36.355","2026-07-17 00:32:58.258","JABI39gB9xb","18076651","[PREMIUM]","[PREMIUM]","[PREMIUM]","225","Section 225","25",5,"[]","2026-07-16 00:00:00","electronic","exchange",0,"[PREMIUM]","1,2,3,5"
"JABI39gO2z4","2026-07-13 23:58:36.355","2026-07-16 00:20:32.262","JABI39gO2z4","18076651","[PREMIUM]","[PREMIUM]","[PREMIUM]","237","Section 237","26",2,"[]","2026-03-25 00:00:00","electronic","exchange",0,"[PREMIUM]","2"
"JABI39gO2dm","2026-07-13 23:58:36.355","2026-07-17 00:32:58.258","JABI39gO2dm","18076651","[PREMIUM]","[PREMIUM]","[PREMIUM]","214","Section 214","24",4,"[]","2026-03-25 00:00:00","electronic","exchange",0,"[PREMIUM]","2,4"
"Kezcz63VlBN","2026-07-13 23:58:36.355","2026-07-17 00:32:58.258","Kezcz63VlBN","18076651","[PREMIUM]","[PREMIUM]","[PREMIUM]","110","Section 110","3",2,"[]","2026-10-23 00:00:00","electronic","exchange",0,"[PREMIUM]","2"
"Kezcz63Ev33","2026-07-13 23:58:36.355","2026-07-16 00:20:32.262","Kezcz63Ev33","18076651","[PREMIUM]","[PREMIUM]","[PREMIUM]","134","Section 134","2",3,"[]","2026-10-23 00:00:00","electronic","exchange",0,"[PREMIUM]","1,3"
"Kezcz63e9Mw","2026-07-13 23:58:36.355","2026-07-13 23:58:36.355","Kezcz63e9Mw","18076651","[PREMIUM]","[PREMIUM]","[PREMIUM]","215","Section 215","27",4,"[]","2026-10-24 00:00:00","electronic","exchange",5,"[PREMIUM]","4"
"Kezcz63negp","2026-07-13 23:58:36.355","2026-07-16 00:20:32.262","Kezcz63negp","18076651","[PREMIUM]","[PREMIUM]","[PREMIUM]","214","Section 214","25",2,"[]","2026-07-13 00:00:00","electronic","exchange",0,"[PREMIUM]","2"
"LbviLEqKw7j","2026-07-13 23:58:36.355","2026-07-16 00:20:32.262","LbviLEqKw7j","18076651","[PREMIUM]","[PREMIUM]","[PREMIUM]","214","Section 214","25",2,"[]","2026-03-25 00:00:00","electronic","exchange",0,"[PREMIUM]","2"
"LbviLEqKYR5","2026-07-13 23:58:36.355","2026-07-16 00:20:32.262","LbviLEqKYR5","18076651","[PREMIUM]","[PREMIUM]","[PREMIUM]","225","Section 225","24",4,"[]","2026-07-13 00:00:00","electronic","exchange",0,"[PREMIUM]","2,4"
"NrqUv45mraZ","2026-07-13 23:58:36.355","2026-08-03 23:35:22.569","NrqUv45mraZ","18076651","[PREMIUM]","[PREMIUM]","[PREMIUM]","235","Section 235","25",2,"['20','21']","2026-03-25 00:00:00","electronic","exchange",0,"[PREMIUM]","2"
"O7AhwrE2DAX","2026-07-13 23:58:36.355","2026-07-13 23:58:36.355","O7AhwrE2DAX","18076651","[PREMIUM]","[PREMIUM]","[PREMIUM]","134","Section 134","9",4,"[]","2026-10-23 00:00:00","electronic","exchange",2,"[PREMIUM]","2,4"
"V4KU0M3EVA6","2026-07-13 23:58:36.355","2026-07-21 03:14:29.928","V4KU0M3EVA6","18076651","[PREMIUM]","[PREMIUM]","[PREMIUM]","103","Section 103","4",6,"[]","2026-10-23 00:00:00","electronic","exchange",0,"[PREMIUM]","1,2,3,4,6"
"V4KU0M3EV3N","2026-07-13 23:58:36.355","2026-07-21 03:14:29.928","V4KU0M3EV3N","18076651","[PREMIUM]","[PREMIUM]","[PREMIUM]","134","Section 134","3",5,"[]","2026-10-23 00:00:00","electronic","exchange",0,"[PREMIUM]","1,2,3,5"
"X03tKjAJ4rG","2026-07-13 23:58:36.355","2026-07-17 00:32:58.258","X03tKjAJ4rG","18076651","[PREMIUM]","[PREMIUM]","[PREMIUM]","110","Section 110","2",8,"['9','10','11','12','13','14','15','16']","2026-10-23 00:00:00","electronic","exchange",0,"[PREMIUM]","1,2,3,4,5,6,8"
"YgJtk69KmRN","2026-07-13 23:58:36.355","2026-07-21 03:14:29.928","YgJtk69KmRN","18076651","[PREMIUM]","[PREMIUM]","[PREMIUM]","112","Section 112","3",2,"[]","2026-10-23 00:00:00","electronic","exchange",0,"[PREMIUM]","2"
"YgJtk69AgqY","2026-07-13 23:58:36.355","2026-08-03 23:35:22.569","YgJtk69AgqY","18076651","[PREMIUM]","[PREMIUM]","[PREMIUM]","205","Section 205","17",2,"[]","2026-10-23 00:00:00","electronic","exchange",2,"[PREMIUM]","2"
"YgJtk692dzq","2026-07-13 23:58:36.355","2026-08-03 23:35:22.569","YgJtk692dzq","18076651","[PREMIUM]","[PREMIUM]","[PREMIUM]","105","Section 105","4",4,"['1','2','3','4']","2026-10-23 00:00:00","electronic","exchange",0,"[PREMIUM]","1,2,4"
"agktlDGgGAJ","2026-07-13 23:58:36.355","2026-07-13 23:58:36.355","agktlDGgGAJ","18076651","[PREMIUM]","[PREMIUM]","[PREMIUM]","101","Section 101","24",2,"[]","2026-10-23 00:00:00","electronic","exchange",2,"[PREMIUM]","2"
"agktlDGgJkO","2026-07-13 23:58:36.355","2026-07-13 23:58:36.355","agktlDGgJkO","18076651","[PREMIUM]","[PREMIUM]","[PREMIUM]","136","Section 136","20",2,"[]","2026-10-23 00:00:00","electronic","exchange",1,"[PREMIUM]","2"
"agktlDGPYBj","2026-07-13 23:58:36.355","2026-07-16 00:20:32.262","agktlDGPYBj","18076651","[PREMIUM]","[PREMIUM]","[PREMIUM]","237","Section 237","26",2,"[]","2026-07-13 00:00:00","electronic","exchange",0,"[PREMIUM]","2"
"agktlDG7rGO","2026-07-13 23:58:36.355","2026-07-21 03:14:29.928","agktlDG7rGO","18076651","[PREMIUM]","[PREMIUM]","[PREMIUM]","125","Section 125","4",6,"[]","2026-10-23 00:00:00","electronic","exchange",0,"[PREMIUM]","1,2,3,4,6"
"b4wUaG3bvvb","2026-07-13 23:58:36.355","2026-07-14 23:26:21.420","b4wUaG3bvvb","18076651","[PREMIUM]","[PREMIUM]","[PREMIUM]","110","Section 110","3",2,"[]","2026-10-24 00:00:00","electronic","exchange",2,"[PREMIUM]","2"
"b4wUaG3zgpD","2026-07-13 23:58:36.355","2026-07-20 00:46:05.106","b4wUaG3zgpD","18076651","[PREMIUM]","[PREMIUM]","[PREMIUM]","205","Section 205","17",2,"['9001','9002']","2026-10-24 00:00:00","electronic","exchange",1,"[PREMIUM]","2"
"b4wUaG3ve2x","2026-07-13 23:58:36.355","2026-07-21 03:14:29.928","b4wUaG3ve2x","18076651","[PREMIUM]","[PREMIUM]","[PREMIUM]","112","Section 112","5",5,"[]","2026-10-23 00:00:00","electronic","exchange",0,"[PREMIUM]","1,2,3,5"
"dNgUg6avjwN","2026-07-13 23:58:36.355","2026-07-17 00:32:58.258","dNgUg6avjwN","18076651","[PREMIUM]","[PREMIUM]","[PREMIUM]","225","Section 225","25",6,"[]","2026-07-13 00:00:00","electronic","exchange",0,"[PREMIUM]","1,2,3,4,6"
"g48Urox4wev","2026-07-13 23:58:36.355","2026-07-17 00:32:58.258","g48Urox4wev","18076651","[PREMIUM]","[PREMIUM]","[PREMIUM]","235","Section 235","25",4,"[]","2026-07-13 00:00:00","electronic","exchange",0,"[PREMIUM]","2,4"
"jDvsz7vbpRn","2026-07-13 23:58:36.355","2026-07-16 00:20:32.262","jDvsz7vbpRn","18076651","[PREMIUM]","[PREMIUM]","[PREMIUM]","112","Section 112","6",3,"[]","2026-10-23 00:00:00","electronic","exchange",0,"[PREMIUM]","1,3"
"kYet94k6nGx","2026-07-13 23:58:36.355","2026-07-16 00:20:32.262","kYet94k6nGx","18076651","[PREMIUM]","[PREMIUM]","[PREMIUM]","235","Section 235","24",4,"[]","2026-03-25 00:00:00","electronic","exchange",0,"[PREMIUM]","2,4"
"kYet94kopkq","2026-07-13 23:58:36.355","2026-07-16 00:20:32.262","kYet94kopkq","18076651","[PREMIUM]","[PREMIUM]","[PREMIUM]","125","Section 125","2",5,"[]","2026-10-23 00:00:00","electronic","exchange",0,"[PREMIUM]","1,2,3,5"
"lxVsdL63Nn9","2026-07-13 23:58:36.355","2026-07-16 00:20:32.262","lxVsdL63Nn9","18076651","[PREMIUM]","[PREMIUM]","[PREMIUM]","201","Section 201","26",6,"[]","2026-07-13 00:00:00","electronic","exchange",0,"[PREMIUM]","1,2,3,4,6"
"lxVsdL6BJM9","2026-07-13 23:58:36.355","2026-07-14 23:26:21.420","lxVsdL6BJM9","18076651","[PREMIUM]","[PREMIUM]","[PREMIUM]","103","Section 103","2",4,"[]","2026-10-24 00:00:00","electronic","exchange",2,"[PREMIUM]","4"
"lxVsdL676Kz","2026-07-13 23:58:36.355","2026-07-13 23:58:36.355","lxVsdL676Kz","18076651","[PREMIUM]","[PREMIUM]","[PREMIUM]","232","Section 232","24",4,"[]","2026-10-23 00:00:00","electronic","exchange",1,"[PREMIUM]","2,4"
"lxVsdL63Nxg","2026-07-13 23:58:36.355","2026-08-03 23:35:22.569","lxVsdL63Nxg","18076651","[PREMIUM]","[PREMIUM]","[PREMIUM]","201","Section 201","26",6,"['1','2','3','4','5','6']","2026-03-25 00:00:00","electronic","exchange",0,"[PREMIUM]","1,2,3,4,6"
"mxAs4YzAXB3","2026-07-13 23:58:36.355","2026-08-03 23:35:22.569","mxAs4YzAXB3","18076651","[PREMIUM]","[PREMIUM]","[PREMIUM]","214","Section 214","25",5,"['7','8','9','10','11']","2026-03-25 00:00:00","electronic","exchange",0,"[PREMIUM]","1,2,3,5"
"nx0srM0pX0x","2026-07-13 23:58:36.355","2026-07-14 23:26:21.420","nx0srM0pX0x","18076651","[PREMIUM]","[PREMIUM]","[PREMIUM]","134","Section 134","2",3,"[]","2026-10-24 00:00:00","electronic","exchange",2,"[PREMIUM]","3"
"nx0srM0NPDl","2026-07-13 23:58:36.355","2026-07-14 23:26:21.420","nx0srM0NPDl","18076651","[PREMIUM]","[PREMIUM]","[PREMIUM]","118","Section 118","6",2,"[]","2026-10-24 00:00:00","electronic","exchange",5,"[PREMIUM]","2"
"oV7HbEnAEG7","2026-07-13 23:58:36.355","2026-07-16 00:20:32.262","oV7HbEnAEG7","18076651","[PREMIUM]","[PREMIUM]","[PREMIUM]","134","Section 134","2",3,"['16','17','18']","2026-10-23 00:00:00","electronic","exchange",0,"[PREMIUM]","1,3"
"oV7HbEnO2pK","2026-07-13 23:58:36.355","2026-07-14 23:26:21.420","oV7HbEnO2pK","18076651","[PREMIUM]","[PREMIUM]","[PREMIUM]","133","Section 133","2",4,"[]","2026-10-24 00:00:00","electronic","exchange",1,"[PREMIUM]","4"
"oV7HbEnwZX7","2026-07-13 23:58:36.355","2026-07-14 23:26:21.420","oV7HbEnwZX7","18076651","[PREMIUM]","[PREMIUM]","[PREMIUM]","134","Section 134","4",4,"[]","2026-10-24 00:00:00","electronic","exchange",2,"[PREMIUM]","4"
"oV7HbEnpvzb","2026-07-13 23:58:36.355","2026-07-17 00:32:58.258","oV7HbEnpvzb","18076651","[PREMIUM]","[PREMIUM]","[PREMIUM]","235","Section 235","25",4,"[]","2026-03-25 00:00:00","electronic","exchange",0,"[PREMIUM]","2,4"
"pVXHDEKRxr3","2026-07-13 23:58:36.355","2026-07-13 23:58:36.355","pVXHDEKRxr3","18076651","[PREMIUM]","[PREMIUM]","[PREMIUM]","210","Section 210","26",5,"[]","2026-10-23 00:00:00","electronic","exchange",1,"[PREMIUM]","1,3,5"
"pVXHDEKZone","2026-07-13 23:58:36.355","2026-07-21 03:14:29.928","pVXHDEKZone","18076651","[PREMIUM]","[PREMIUM]","[PREMIUM]","103","Section 103","5",3,"[]","2026-10-23 00:00:00","electronic","exchange",0,"[PREMIUM]","1,3"
"pVXHDEK4v6V","2026-07-13 23:58:36.355","2026-07-27 02:26:39.122","pVXHDEK4v6V","18076651","[PREMIUM]","[PREMIUM]","[PREMIUM]","235","Section 235","25",4,"['7','8','9','10']","2026-03-25 00:00:00","electronic","exchange",0,"[PREMIUM]","1,2,4"
"pVXHDEK4E0B","2026-07-13 23:58:36.355","2026-07-17 00:32:58.258","pVXHDEK4E0B","18076651","[PREMIUM]","[PREMIUM]","[PREMIUM]","214","Section 214","25",2,"[]","2026-07-13 00:00:00","electronic","exchange",0,"[PREMIUM]","2"
"pVXHDEKNPP8","2026-07-13 23:58:36.355","2026-07-14 23:26:21.420","pVXHDEKNPP8","18076651","[PREMIUM]","[PREMIUM]","[PREMIUM]","224","Section 224","2",2,"[]","2026-10-24 00:00:00","electronic","exchange",4,"[PREMIUM]","2"
"pVXHDEKrY36","2026-07-13 23:58:36.355","2026-07-17 00:32:58.258","pVXHDEKrY36","18076651","[PREMIUM]","[PREMIUM]","[PREMIUM]","110","Section 110","3",2,"['17','18']","2026-10-23 00:00:00","electronic","exchange",0,"[PREMIUM]","2"
"qVjH2VZjdaB","2026-07-13 23:58:36.355","2026-07-14 23:26:21.420","qVjH2VZjdaB","18076651","[PREMIUM]","[PREMIUM]","[PREMIUM]","125","Section 125","7",2,"[]","2026-10-24 00:00:00","electronic","exchange",4,"[PREMIUM]","2"
"rVOHkRz2drd","2026-07-13 23:58:36.355","2026-07-16 00:20:32.262","rVOHkRz2drd","18076651","[PREMIUM]","[PREMIUM]","[PREMIUM]","235","Section 235","25",2,"[]","2026-03-25 00:00:00","electronic","exchange",0,"[PREMIUM]","2"
"rVOHkRz2NwG","2026-07-13 23:58:36.355","2026-07-16 00:20:32.262","rVOHkRz2NwG","18076651","[PREMIUM]","[PREMIUM]","[PREMIUM]","202","Section 202","26",6,"[]","2026-07-13 00:00:00","electronic","exchange",0,"[PREMIUM]","1,2,3,4,6"
"rVOHkRzgVm5","2026-07-13 23:58:36.355","2026-07-14 23:26:21.420","rVOHkRzgVm5","18076651","[PREMIUM]","[PREMIUM]","[PREMIUM]","126","Section 126","1",4,"[]","2026-10-24 00:00:00","electronic","exchange",2,"[PREMIUM]","4"
"rVOHkRzgozA","2026-07-13 23:58:36.355","2026-07-21 03:14:29.928","rVOHkRzgozA","18076651","[PREMIUM]","[PREMIUM]","[PREMIUM]","134","Section 134","5",5,"[]","2026-10-23 00:00:00","electronic","exchange",0,"[PREMIUM]","1,2,3,5"
"rVOHkRzgmlw","2026-07-13 23:58:36.355","2026-07-14 23:26:21.420","rVOHkRzgmlw","18076651","[PREMIUM]","[PREMIUM]","[PREMIUM]","112","Section 112","3",2,"[]","2026-10-24 00:00:00","electronic","exchange",2,"[PREMIUM]","2"
"rVOHkRzgoXA","2026-07-13 23:58:36.355","2026-08-03 23:35:22.569","rVOHkRzgoXA","18076651","[PREMIUM]","[PREMIUM]","[PREMIUM]","103","Section 103","2",9,"[]","2026-10-23 00:00:00","electronic","exchange",0,"[PREMIUM]","1,2,3,4,5,6,7,9"
"w3JsedG0vmN","2026-07-13 23:58:36.355","2026-07-17 00:32:58.258","w3JsedG0vmN","18076651","[PREMIUM]","[PREMIUM]","[PREMIUM]","214","Section 214","24",4,"[]","2026-07-13 00:00:00","electronic","exchange",0,"[PREMIUM]","2,4"
"w3JsedG0rMq","2026-07-13 23:58:36.355","2026-07-16 00:20:32.262","w3JsedG0rMq","18076651","[PREMIUM]","[PREMIUM]","[PREMIUM]","225","Section 225","24",4,"[]","2026-03-25 00:00:00","electronic","exchange",0,"[PREMIUM]","2,4"
"w3JsedGBNpn","2026-07-13 23:58:36.355","2026-07-14 23:26:21.420","w3JsedGBNpn","18076651","[PREMIUM]","[PREMIUM]","[PREMIUM]","125","Section 125","4",4,"[]","2026-10-24 00:00:00","electronic","exchange",2,"[PREMIUM]","4"
"xb9imBe0zPY","2026-07-13 23:58:36.355","2026-07-13 23:58:36.355","xb9imBe0zPY","18076651","[PREMIUM]","[PREMIUM]","[PREMIUM]","117","Section 117","21",8,"[]","2026-10-23 00:00:00","electronic","exchange",2,"[PREMIUM]","1,2,3,4,6,8"
"xb9imBeMzop","2026-07-13 23:58:36.355","2026-07-16 00:20:32.262","xb9imBeMzop","18076651","[PREMIUM]","[PREMIUM]","[PREMIUM]","225","Section 225","24",4,"['7','8','9','10']","2026-03-25 00:00:00","electronic","exchange",0,"[PREMIUM]","1,2,4"
"z3Es6qLBJbz","2026-07-13 23:58:36.355","2026-08-03 23:35:22.569","z3Es6qLBJbz","18076651","[PREMIUM]","[PREMIUM]","[PREMIUM]","214","Section 214","25",2,"['23','24']","2026-03-25 00:00:00","electronic","exchange",0,"[PREMIUM]","2"
"4vXcj9eZNbb","2026-07-13 23:58:28.197","2026-07-16 00:19:12.309","4vXcj9eZNbb","18327262","[PREMIUM]","[PREMIUM]","[PREMIUM]","104","Section 104","p",2,"[]","2026-09-25 00:00:00","electronic","exchange",0,"[PREMIUM]","2"
"DdwHkO6ne53","2026-07-13 23:58:28.197","2026-07-14 23:24:37.303","DdwHkO6ne53","18327262","[PREMIUM]","[PREMIUM]","[PREMIUM]","104","Section 104","p",4,"[]","2026-09-25 00:00:00","electronic","exchange",1,"[PREMIUM]","2,4"
"05VT8K5PbKk","2026-07-13 23:58:15.903","2026-07-20 00:36:05.695","05VT8K5PbKk","18332931","[PREMIUM]","[PREMIUM]","[PREMIUM]","310","Section 310","7",8,"[]","2026-09-23 00:00:00","electronic","exchange",3,"[PREMIUM]","1,2,3,4,5,6,7,8"
"3q7fNJ5dbbv","2026-07-13 23:58:15.903","2026-07-20 00:36:05.695","3q7fNJ5dbbv","18332931","[PREMIUM]","[PREMIUM]","[PREMIUM]","112","Section 112","18",4,"[]","2026-09-23 00:00:00","electronic","exchange",2,"[PREMIUM]","1,2,3,4"
"3q7fNJ5db7v","2026-07-13 23:58:15.903","2026-07-17 00:06:37.306","3q7fNJ5db7v","18332931","[PREMIUM]","[PREMIUM]","[PREMIUM]","320","Section 320","9",8,"[]","2026-09-23 00:00:00","electronic","exchange",1,"[PREMIUM]","1,2,3,4,5,6,7,8"
"6mOhkA9Jbbg","2026-07-13 23:58:15.903","2026-07-20 00:36:05.695","6mOhkA9Jbbg","18332931","[PREMIUM]","[PREMIUM]","[PREMIUM]","106","Section 106","23",6,"[]","2026-09-23 00:00:00","electronic","exchange",3,"[PREMIUM]","1,2,3,4,5,6"
"7KntAlOENlR","2026-07-13 23:58:15.903","2026-07-16 00:18:21.603","7KntAlOENlR","18332931","[PREMIUM]","[PREMIUM]","[PREMIUM]","307","Section 307","9",7,"[]","2026-09-23 00:00:00","electronic","exchange",2,"[PREMIUM]","1,2,3,4,5,6,7"
"8lKt6YOgbYR","2026-07-13 23:58:15.903","2026-07-20 00:36:05.695","8lKt6YOgbYR","18332931","[PREMIUM]","[PREMIUM]","[PREMIUM]","317","Section 317","7",7,"[]","2026-09-23 00:00:00","electronic","exchange",2,"[PREMIUM]","1,2,3,4,5,6,7"
"9P2c5qOlGGp","2026-07-13 23:58:15.903","2026-07-18 03:19:07.531","9P2c5qOlGGp","18332931","[PREMIUM]","[PREMIUM]","[PREMIUM]","101","Section 101","22",8,"[]","2026-09-23 00:00:00","electronic","exchange",2,"[PREMIUM]","1,2,3,4,5,6,7,8"
"9P2c5qOlGG4","2026-07-13 23:58:15.903","2026-07-20 00:36:05.695","9P2c5qOlGG4","18332931","[PREMIUM]","[PREMIUM]","[PREMIUM]","106","Section 106","27",5,"[]","2026-09-23 00:00:00","electronic","exchange",4,"[PREMIUM]","1,2,3,4,5"
"BALImXbP7D4","2026-07-13 23:58:15.903","2026-07-20 00:36:05.695","BALImXbP7D4","18332931","[PREMIUM]","[PREMIUM]","[PREMIUM]","305","Section 305","8",8,"[]","2026-09-23 00:00:00","electronic","exchange",4,"[PREMIUM]","1,2,3,4,5,6,7,8"
"JABI39gxmbV","2026-07-13 23:58:15.903","2026-07-13 23:58:15.903","JABI39gxmbV","18332931","[PREMIUM]","[PREMIUM]","[PREMIUM]","120","Section 120","11",8,"[]","2026-09-23 00:00:00","electronic","exchange",2,"[PREMIUM]","1,2,3,4,5,6,7,8"
"Kezcz63N96A","2026-07-13 23:58:15.903","2026-07-20 00:36:05.695","Kezcz63N96A","18332931","[PREMIUM]","[PREMIUM]","[PREMIUM]","307","Section 307","7",6,"[]","2026-09-23 00:00:00","electronic","exchange",3,"[PREMIUM]","1,2,3,4,5,6"
"Kezcz63N9bm","2026-07-13 23:58:15.903","2026-07-17 00:06:37.306","Kezcz63N9bm","18332931","[PREMIUM]","[PREMIUM]","[PREMIUM]","322","Section 322","9",8,"[]","2026-09-23 00:00:00","electronic","exchange",2,"[PREMIUM]","1,2,3,4,5,6,7,8"
"LbviLEq592E","2026-07-13 23:58:15.903","2026-07-13 23:58:15.903","LbviLEq592E","18332931","[PREMIUM]","[PREMIUM]","[PREMIUM]","121","Section 121","9",8,"[]","2026-09-23 00:00:00","electronic","exchange",1,"[PREMIUM]","1,2,3,4,5,6,7,8"
"LbviLEq766M","2026-07-13 23:58:15.903","2026-07-20 00:36:05.695","LbviLEq766M","18332931","[PREMIUM]","[PREMIUM]","[PREMIUM]","106","Section 106","21",4,"[]","2026-09-23 00:00:00","electronic","exchange",2,"[PREMIUM]","1,2,3,4"
"LbviLEqYn0x","2026-07-13 23:58:15.903","2026-07-20 00:36:05.695","LbviLEqYn0x","18332931","[PREMIUM]","[PREMIUM]","[PREMIUM]","319","Section 319","7",8,"[]","2026-09-23 00:00:00","electronic","exchange",3,"[PREMIUM]","1,2,3,4,5,6,7,8"
"NrqUv45rl4m","2026-07-13 23:58:15.903","2026-07-17 00:06:37.306","NrqUv45rl4m","18332931","[PREMIUM]","[PREMIUM]","[PREMIUM]","308","Section 308","8",6,"[]","2026-09-23 00:00:00","electronic","exchange",1,"[PREMIUM]","1,2,3,4,5,6"
"O7AhwrEz479","2026-07-13 23:58:15.903","2026-07-20 00:36:05.695","O7AhwrEz479","18332931","[PREMIUM]","[PREMIUM]","[PREMIUM]","112","Section 112","22",5,"[]","2026-09-23 00:00:00","electronic","exchange",3,"[PREMIUM]","1,2,3,4,5"
"X03tKjAD8b9","2026-07-13 23:58:15.903","2026-07-20 00:36:05.695","X03tKjAD8b9","18332931","[PREMIUM]","[PREMIUM]","[PREMIUM]","112","Section 112","23",5,"[]","2026-09-23 00:00:00","electronic","exchange",2,"[PREMIUM]","1,2,3,4,5"
"YgJtk69EBDZ","2026-07-13 23:58:15.903","2026-07-20 00:36:05.695","YgJtk69EBDZ","18332931","[PREMIUM]","[PREMIUM]","[PREMIUM]","118","Section 118","21",8,"[]","2026-09-23 00:00:00","electronic","exchange",3,"[PREMIUM]","1,2,3,4,5,6,7,8"
"Zm9hvwmNzlP","2026-07-13 23:58:15.903","2026-07-16 00:18:21.603","Zm9hvwmNzlP","18332931","[PREMIUM]","[PREMIUM]","[PREMIUM]","118","Section 118","22",8,"[]","2026-09-23 00:00:00","electronic","exchange",5,"[PREMIUM]","1,2,3,4,5,6,7,8"
"agktlDG0mDE","2026-07-13 23:58:15.903","2026-07-20 00:36:05.695","agktlDG0mDE","18332931","[PREMIUM]","[PREMIUM]","[PREMIUM]","317","Section 317","8",8,"[]","2026-09-23 00:00:00","electronic","exchange",2,"[PREMIUM]","1,2,3,4,5,6,7,8"
"b4wUaG34DG6","2026-07-13 23:58:15.903","2026-07-20 00:36:05.695","b4wUaG34DG6","18332931","[PREMIUM]","[PREMIUM]","[PREMIUM]","308","Section 308","9",8,"[]","2026-09-23 00:00:00","electronic","exchange",4,"[PREMIUM]","1,2,3,4,5,6,7,8"
"b4wUaG3Ar9R","2026-07-13 23:58:15.903","2026-07-17 00:06:37.306","b4wUaG3Ar9R","18332931","[PREMIUM]","[PREMIUM]","[PREMIUM]","119","Section 119","10",8,"[]","2026-09-23 00:00:00","electronic","exchange",0,"[PREMIUM]","1,2,3,4,5,6,7,8"
"dNgUg6a5J6R","2026-07-13 23:58:15.903","2026-07-20 00:36:05.695","dNgUg6a5J6R","18332931","[PREMIUM]","[PREMIUM]","[PREMIUM]","308","Section 308","9",2,"[]","2026-09-23 00:00:00","electronic","exchange",4,"[PREMIUM]","1,2"
"dNgUg6a5Jx8","2026-07-13 23:58:15.903","2026-07-14 23:23:48.611","dNgUg6a5Jx8","18332931","[PREMIUM]","[PREMIUM]","[PREMIUM]","118","Section 118","23",6,"[]","2026-09-23 00:00:00","electronic","exchange",2,"[PREMIUM]","1,2,3,4,5,6"
"kYet94kGZJp","2026-07-13 23:58:15.903","2026-07-20 00:36:05.695","kYet94kGZJp","18332931","[PREMIUM]","[PREMIUM]","[PREMIUM]","318","Section 318","8",8,"[]","2026-09-23 00:00:00","electronic","exchange",2,"[PREMIUM]","1,2,3,4,5,6,7,8"
"lxVsdL64e92","2026-07-13 23:58:15.903","2026-07-20 00:36:05.695","lxVsdL64e92","18332931","[PREMIUM]","[PREMIUM]","[PREMIUM]","319","Section 319","8",8,"[]","2026-09-23 00:00:00","electronic","exchange",3,"[PREMIUM]","1,2,3,4,5,6,7,8"
"oV7HbEnzwE4","2026-07-13 23:58:15.903","2026-07-20 00:36:05.695","oV7HbEnzwE4","18332931","[PREMIUM]","[PREMIUM]","[PREMIUM]","317","Section 317","9",3,"[]","2026-09-23 00:00:00","electronic","exchange",3,"[PREMIUM]","1,2,3"
"vb3iPekDpxE","2026-07-13 23:58:15.903","2026-07-16 00:18:21.603","vb3iPekDpxE","18332931","[PREMIUM]","[PREMIUM]","[PREMIUM]","101","Section 101","21",8,"[]","2026-09-23 00:00:00","electronic","exchange",3,"[PREMIUM]","1,2,3,4,5,6,7,8"
"vb3iPekMGgM","2026-07-13 23:58:15.903","2026-07-14 23:23:48.611","vb3iPekMGgM","18332931","[PREMIUM]","[PREMIUM]","[PREMIUM]","305","Section 305","7",8,"[]","2026-09-23 00:00:00","electronic","exchange",1,"[PREMIUM]","1,2,3,4,5,6,7,8"
"w3JsedGMVVm","2026-07-13 23:58:15.903","2026-07-20 00:36:05.695","w3JsedGMVVm","18332931","[PREMIUM]","[PREMIUM]","[PREMIUM]","106","Section 106","20",5,"[]","2026-09-23 00:00:00","electronic","exchange",2,"[PREMIUM]","1,2,3,4,5"
"xb9imBezbBz","2026-07-13 23:58:15.903","2026-07-20 00:36:05.695","xb9imBezbBz","18332931","[PREMIUM]","[PREMIUM]","[PREMIUM]","308","Section 308","8",8,"[]","2026-09-23 00:00:00","electronic","exchange",3,"[PREMIUM]","1,2,3,4,5,6,7,8"
"z3Es6qLJZqR","2026-07-13 23:58:15.903","2026-07-20 00:36:05.695","z3Es6qLJZqR","18332931","[PREMIUM]","[PREMIUM]","[PREMIUM]","310","Section 310","8",8,"[]","2026-09-23 00:00:00","electronic","exchange",3,"[PREMIUM]","1,2,3,4,5,6,7,8"
"2v0cz3geKJn","2026-07-13 23:57:30.536","2026-07-13 23:57:30.536","2v0cz3geKJn","18341711","[PREMIUM]","[PREMIUM]","[PREMIUM]","305","Section 305","h",3,"['8','9','10']","2026-09-24 00:00:00","electronic","exchange",0,"[PREMIUM]","1,3"
"9P2c5qO25jp","2026-07-13 23:57:30.536","2026-07-13 23:57:30.536","9P2c5qO25jp","18341711","[PREMIUM]","[PREMIUM]","[PREMIUM]","106","Section 106","j",3,"[]","2026-09-24 00:00:00","electronic","exchange",1,"[PREMIUM]","1,3"
"BALImXb9VOa","2026-07-13 23:57:30.536","2026-07-17 00:08:21.553","BALImXb9VOa","18341711","[PREMIUM]","[PREMIUM]","[PREMIUM]","305","Section 305","h",2,"[]","2026-09-24 00:00:00","electronic","exchange",2,"[PREMIUM]","2"
"Kezcz63ejoD","2026-07-13 23:57:30.536","2026-07-17 00:08:21.553","Kezcz63ejoD","18341711","[PREMIUM]","[PREMIUM]","[PREMIUM]","305","Section 305","h",2,"['14','15']","2026-09-24 00:00:00","electronic","exchange",0,"[PREMIUM]","2"
"LbviLEqmLk8","2026-07-13 23:57:30.536","2026-07-13 23:57:30.536","LbviLEqmLk8","18341711","[PREMIUM]","[PREMIUM]","[PREMIUM]","106","Section 106","j",3,"['7','8','9']","2026-09-24 00:00:00","electronic","exchange",0,"[PREMIUM]","1,3"
"NrqUv4568bo","2026-07-13 23:57:30.536","2026-07-17 00:08:21.553","NrqUv4568bo","18341711","[PREMIUM]","[PREMIUM]","[PREMIUM]","303","Section 303","m",2,"['13','14']","2026-09-24 00:00:00","electronic","exchange",0,"[PREMIUM]","2"
"jDvsz7vYBjG","2026-07-13 23:57:30.536","2026-07-13 23:57:30.536","jDvsz7vYBjG","18341711","[PREMIUM]","[PREMIUM]","[PREMIUM]","305","Section 305","h",3,"[]","2026-09-24 00:00:00","electronic","exchange",1,"[PREMIUM]","1,3"
"rVOHkRzpdkd","2026-07-13 23:57:30.536","2026-07-17 00:08:21.553","rVOHkRzpdkd","18341711","[PREMIUM]","[PREMIUM]","[PREMIUM]","303","Section 303","m",2,"[]","2026-09-24 00:00:00","electronic","exchange",0,"[PREMIUM]","2"
"4vXcj9eJ77d","2026-07-13 23:57:21.909","2026-07-13 23:57:21.909","4vXcj9eJ77d","18353918","[PREMIUM]","[PREMIUM]","[PREMIUM]","310","Section 310","l",6,"[]","2026-09-23 00:00:00","electronic","exchange",1,"[PREMIUM]","1,2,3,4,6"
"9P2c5qOjrrB","2026-07-13 23:57:21.909","2026-08-03 23:07:09.897","9P2c5qOjrrB","18353918","[PREMIUM]","[PREMIUM]","[PREMIUM]","310","Section 310","l",2,"[]","2026-09-23 00:00:00","electronic","exchange",0,"[PREMIUM]","2"
"PX0sgLnzzmx","2026-07-13 23:57:21.909","2026-07-13 23:57:21.909","PX0sgLnzzmx","18353918","[PREMIUM]","[PREMIUM]","[PREMIUM]","310","Section 310","m",3,"[]","2026-09-23 00:00:00","electronic","exchange",0,"[PREMIUM]","1,3"
"ROXHzwlDR4j","2026-07-13 23:57:21.909","2026-07-18 03:14:14.778","ROXHzwlDR4j","18353918","[PREMIUM]","[PREMIUM]","[PREMIUM]","104","Section 104","t",4,"[]","2026-09-23 00:00:00","electronic","exchange",1,"[PREMIUM]","2,4"
"Zm9hvwmqP5Z","2026-07-13 23:57:21.909","2026-07-18 03:14:14.778","Zm9hvwmqP5Z","18353918","[PREMIUM]","[PREMIUM]","[PREMIUM]","330","Section 330","l",2,"[]","2026-09-22 00:00:00","electronic","exchange",0,"[PREMIUM]","2"
"z3Es6qLjbGE","2026-07-13 23:57:21.909","2026-08-03 23:07:09.897","z3Es6qLjbGE","18353918","[PREMIUM]","[PREMIUM]","[PREMIUM]","104","Section 104","t",4,"[]","2026-09-23 00:00:00","electronic","exchange",1,"[PREMIUM]","1,2,4"
"Zm9hvwmgRJJ","2026-07-13 23:56:23.556","2026-08-04 15:13:57.028","Zm9hvwmgRJJ","18319833","[PREMIUM]","[PREMIUM]","[PREMIUM]","101","Section 101","2",2,"['3','4']","2026-09-19 00:00:00","electronic","exchange",1,"[PREMIUM]","2"
"dNgUg6avX45","2026-07-13 23:56:23.556","2026-08-04 15:13:57.028","dNgUg6avX45","18319833","[PREMIUM]","[PREMIUM]","[PREMIUM]","101","Section 101","2",2,"[]","2026-09-19 00:00:00","electronic","exchange",3,"[PREMIUM]","2"
"eeacK2lx3B2","2026-07-13 23:56:23.556","2026-07-17 00:00:31.291","eeacK2lx3B2","18319833","[PREMIUM]","[PREMIUM]","[PREMIUM]","219","Section 219","23",2,"[]","2026-09-19 00:00:00","electronic","exchange",5,"[PREMIUM]","2"
"9P2c5qOl6pa","2026-07-13 23:56:11.797","2026-07-14 23:23:44.672","9P2c5qOl6pa","18329180","[PREMIUM]","[PREMIUM]","[PREMIUM]","102","Section 102","13",3,"[]","2026-09-23 00:00:00","electronic","exchange",1,"[PREMIUM]","1,3"
"05VT8K5o97D","2026-07-13 23:55:27.562","2026-07-16 00:16:13.515","05VT8K5o97D","18327234","[PREMIUM]","[PREMIUM]","[PREMIUM]","LOGE19","Section Loge 19","10",4,"[]","2026-09-21 00:00:00","electronic","exchange",5,"[PREMIUM]","2,4"
"JABI39gLXlv","2026-07-13 23:55:27.562","2026-07-16 00:16:13.515","JABI39gLXlv","18327234","[PREMIUM]","[PREMIUM]","[PREMIUM]","LOGE17","Section Loge 17","18",4,"[]","2026-09-21 00:00:00","electronic","exchange",5,"[PREMIUM]","2,4"
"eeacK2lDlbG","2026-07-13 23:55:27.562","2026-07-16 00:16:13.515","eeacK2lDlbG","18327234","[PREMIUM]","[PREMIUM]","[PREMIUM]","BAL305","Balcony 305","14",4,"[]","2026-09-21 00:00:00","electronic","exchange",2,"[PREMIUM]","2,4"
"oV7HbEn0jOP","2026-07-13 23:55:27.562","2026-07-16 00:16:13.515","oV7HbEn0jOP","18327234","[PREMIUM]","[PREMIUM]","[PREMIUM]","LOGE19","Section Loge 19","22",3,"[]","2026-09-21 00:00:00","electronic","exchange",5,"[PREMIUM]","1,3"
"vb3iPekNkjg","2026-07-13 23:55:27.562","2026-07-16 00:16:13.515","vb3iPekNkjg","18327234","[PREMIUM]","[PREMIUM]","[PREMIUM]","BAL305","Balcony 305","14",4,"[]","2026-09-21 00:00:00","electronic","exchange",3,"[PREMIUM]","2,4"
"05VT8K5xzbr","2026-07-13 23:55:11.097","2026-07-23 07:58:31.778","05VT8K5xzbr","18327259","[PREMIUM]","[PREMIUM]","[PREMIUM]","104","Section 104","p",4,"[]","2026-09-23 00:00:00","electronic","exchange",1,"[PREMIUM]","2,4"
"rVOHkRzqE9n","2026-07-13 23:55:11.097","2026-07-23 07:58:31.778","rVOHkRzqE9n","18327259","[PREMIUM]","[PREMIUM]","[PREMIUM]","104","Section 104","p",4,"[]","2026-09-23 00:00:00","electronic","exchange",1,"[PREMIUM]","2,4"
"6mOhkA9BpMz","2026-07-13 23:54:55.145","2026-07-13 23:54:55.145","6mOhkA9BpMz","18333010","[PREMIUM]","[PREMIUM]","[PREMIUM]","220","Section 220","bbb",2,"[]","2026-09-23 00:00:00","electronic","exchange",0,"[PREMIUM]","2"
"pVXHDEKn9Vd","2026-07-13 23:54:55.145","2026-07-13 23:54:55.145","pVXHDEKn9Vd","18333010","[PREMIUM]","[PREMIUM]","[PREMIUM]","220","Section 220","bbb",2,"[]","2026-09-23 00:00:00","electronic","exchange",0,"[PREMIUM]","2"
"A6rs27jLarP","2026-07-13 23:52:47.278","2026-07-14 23:20:04.511","A6rs27jLarP","18318487","[PREMIUM]","[PREMIUM]","[PREMIUM]","121","Section 121","4",4,"[]","2026-09-21 00:00:00","electronic","exchange",3,"[PREMIUM]","1,2,4"
"3q7fNJ5DlYN","2026-07-13 23:50:28.963","2026-08-03 23:08:19.474","3q7fNJ5DlYN","18327230","[PREMIUM]","[PREMIUM]","[PREMIUM]","209","Section 209","r",2,"[]","2026-09-22 00:00:00","electronic","exchange",2,"[PREMIUM]","2"
"7KntAlOZMJ2","2026-07-13 23:48:30.330","2026-08-04 15:09:08.602","7KntAlOZMJ2","18319835","[PREMIUM]","[PREMIUM]","[PREMIUM]","110","Section 110","6",2,"[]","2026-09-20 00:00:00","electronic","exchange",2,"[PREMIUM]","2"
"b4wUaG35Po4","2026-07-13 23:48:30.330","2026-08-04 15:09:08.602","b4wUaG35Po4","18319835","[PREMIUM]","[PREMIUM]","[PREMIUM]","101","Section 101","2",2,"['3','4']","2026-09-21 00:00:00","electronic","exchange",2,"[PREMIUM]","2"
"pVXHDEKGeRg","2026-07-13 23:48:30.330","2026-08-04 15:09:08.602","pVXHDEKGeRg","18319835","[PREMIUM]","[PREMIUM]","[PREMIUM]","101","Section 101","2",2,"[]","2026-09-21 00:00:00","electronic","exchange",4,"[PREMIUM]","2"
"lxVsdL67n73","2026-07-13 23:48:19.972","2026-07-14 23:19:44.633","lxVsdL67n73","18329178","[PREMIUM]","[PREMIUM]","[PREMIUM]","109","Section 109","18",2,"[]","2026-09-21 00:00:00","electronic","exchange",0,"[PREMIUM]","2"
"nx0srM0e7jx","2026-07-13 23:48:19.972","2026-07-17 00:02:19.621","nx0srM0e7jx","18329178","[PREMIUM]","[PREMIUM]","[PREMIUM]","222","Section 222","20",2,"[]","2026-09-21 00:00:00","electronic","exchange",1,"[PREMIUM]","1,2"
"rrp9160","2026-07-13 23:47:32.319","2026-08-03 22:48:46.409","rrp9160","18168292","[PREMIUM]","[PREMIUM]","[PREMIUM]","131","Section 131","25",2,"['1','2']",,"electronic","open_marketplace",2,"[PREMIUM]","2"
"xz2x6xn","2026-07-13 23:47:32.319","2026-08-03 22:48:46.409","xz2x6xn","18168292","[PREMIUM]","[PREMIUM]","[PREMIUM]","420","Terrace 420","2",2,"['3','4']",,"electronic","open_marketplace",3,"[PREMIUM]","2"
"xz2x6wg","2026-07-13 23:47:32.319","2026-08-03 22:48:46.409","xz2x6wg","18168292","[PREMIUM]","[PREMIUM]","[PREMIUM]","131","Section 131","30",2,"['1','2']",,"electronic","open_marketplace",3,"[PREMIUM]","2"
"05VT8K5BPEb","2026-07-13 23:46:36.638","2026-07-23 07:50:42.183","05VT8K5BPEb","18324170","[PREMIUM]","[PREMIUM]","[PREMIUM]","113","Section 113","b",6,"[]","2026-09-20 00:00:00","electronic","exchange",1,"[PREMIUM]","1,2,3,4,5,6"
"05VT8K5VKM5","2026-07-13 23:46:36.638","2026-07-23 07:50:42.183","05VT8K5VKM5","18324170","[PREMIUM]","[PREMIUM]","[PREMIUM]","225","Section 225","c",18,"[]","2026-09-20 00:00:00","electronic","exchange",0,"[PREMIUM]","1,2,3,4,5,6,7,8,9,10,11,12,13,14,15,16,17,18"
"05VT8K5VwJD","2026-07-13 23:46:36.638","2026-07-16 00:15:54.430","05VT8K5VwJD","18324170","[PREMIUM]","[PREMIUM]","[PREMIUM]","105","Section 105","q",6,"[]","2026-09-20 00:00:00","electronic","exchange",0,"[PREMIUM]","1,2,3,4,5,6"
"05VT8K5pVjx","2026-07-13 23:46:36.638","2026-07-21 01:48:00.729","05VT8K5pVjx","18324170","[PREMIUM]","[PREMIUM]","[PREMIUM]","208","Section 208","a",8,"[]","2026-09-19 00:00:00","electronic","exchange",2,"[PREMIUM]","1,2,3,4,5,6,7,8"
"05VT8K5qao2","2026-07-13 23:46:36.638","2026-07-16 00:15:54.430","05VT8K5qao2","18324170","[PREMIUM]","[PREMIUM]","[PREMIUM]","114","Section 114","p",4,"[]","2026-09-19 00:00:00","electronic","exchange",2,"[PREMIUM]","1,2,3,4"
"05VT8K5pna9","2026-07-13 23:46:36.638","2026-08-01 00:05:26.729","05VT8K5pna9","18324170","[PREMIUM]","[PREMIUM]","[PREMIUM]","218","Section 218","a",12,"[]","2026-09-20 00:00:00","electronic","exchange",1,"[PREMIUM]","1,2,3,4,5,6,7,8,9,10,11,12"
"05VT8K5wY7K","2026-07-13 23:46:36.638","2026-08-03 22:58:40.519","05VT8K5wY7K","18324170","[PREMIUM]","[PREMIUM]","[PREMIUM]","106","Section 106","e",4,"[]","2026-09-20 00:00:00","electronic","exchange",1,"[PREMIUM]","1,2,3,4"
"2v0cz3gMO5m","2026-07-13 23:46:36.638","2026-07-23 07:50:42.183","2v0cz3gMO5m","18324170","[PREMIUM]","[PREMIUM]","[PREMIUM]","221","Section 221","a",8,"[]","2026-09-20 00:00:00","electronic","exchange",0,"[PREMIUM]","1,2,3,4,5,6,7,8"
"2v0cz3g59Yl","2026-07-13 23:46:36.638","2026-07-23 07:50:42.183","2v0cz3g59Yl","18324170","[PREMIUM]","[PREMIUM]","[PREMIUM]","125","Section 125","m",3,"[]","2026-09-20 00:00:00","electronic","exchange",0,"[PREMIUM]","1,2,3"
"2v0cz3g8Rlg","2026-07-13 23:46:36.638","2026-07-14 23:19:31.736","2v0cz3g8Rlg","18324170","[PREMIUM]","[PREMIUM]","[PREMIUM]","113","Section 113","g",2,"[]","2026-09-20 00:00:00","electronic","exchange",5,"[PREMIUM]","2"
"2v0cz3gdNJp","2026-07-13 23:46:36.638","2026-07-14 23:19:31.736","2v0cz3gdNJp","18324170","[PREMIUM]","[PREMIUM]","[PREMIUM]","109","Section 109","e",2,"[]","2026-09-20 00:00:00","electronic","exchange",0,"[PREMIUM]","2"
"2v0cz3ga3nL","2026-07-13 23:46:36.638","2026-07-17 00:00:44.192","2v0cz3ga3nL","18324170","[PREMIUM]","[PREMIUM]","[PREMIUM]","202","Section 202","b",11,"[]","2026-09-20 00:00:00","electronic","exchange",0,"[PREMIUM]","1,2,3,4,5,6,7,8,9,10,11"
"2v0cz3ga3kV","2026-07-13 23:46:36.638","2026-07-16 00:15:54.430","2v0cz3ga3kV","18324170","[PREMIUM]","[PREMIUM]","[PREMIUM]","217","Section 217","a",8,"[]","2026-09-20 00:00:00","electronic","exchange",5,"[PREMIUM]","1,2,3,4,5,6,7,8"
"2v0cz3gdNJN","2026-07-13 23:46:36.638","2026-07-23 07:50:42.183","2v0cz3gdNJN","18324170","[PREMIUM]","[PREMIUM]","[PREMIUM]","108","Section 108","c",4,"[]","2026-09-20 00:00:00","electronic","exchange",1,"[PREMIUM]","1,2,3,4"
"2v0cz3ga35R","2026-07-13 23:46:36.638","2026-07-16 00:15:54.430","2v0cz3ga35R","18324170","[PREMIUM]","[PREMIUM]","[PREMIUM]","115","Section 115","u",8,"[]","2026-09-20 00:00:00","electronic","exchange",2,"[PREMIUM]","1,2,3,4,5,6,7,8"
"2v0cz3ga0ZJ","2026-07-13 23:46:36.638","2026-07-16 00:15:54.430","2v0cz3ga0ZJ","18324170","[PREMIUM]","[PREMIUM]","[PREMIUM]","226","Section 226","e",7,"[]","2026-09-20 00:00:00","electronic","exchange",2,"[PREMIUM]","1,2,3,4,5,6,7"
"2v0cz3ga0Yv","2026-07-13 23:46:36.638","2026-07-16 00:15:54.430","2v0cz3ga0Yv","18324170","[PREMIUM]","[PREMIUM]","[PREMIUM]","205","Section 205","c",14,"[]","2026-09-20 00:00:00","electronic","exchange",0,"[PREMIUM]","1,2,3,4,5,6,7,8,9,10,11,12,13,14"
"2v0cz3gdGgv","2026-07-13 23:46:36.638","2026-07-14 23:19:31.736","2v0cz3gdGgv","18324170","[PREMIUM]","[PREMIUM]","[PREMIUM]","107C","Section 107 C","c",2,"[]","2026-09-20 00:00:00","electronic","exchange",1,"[PREMIUM]","2"
"2v0cz3gpJrj","2026-07-13 23:46:36.638","2026-07-16 00:15:54.430","2v0cz3gpJrj","18324170","[PREMIUM]","[PREMIUM]","[PREMIUM]","221","Section 221","c",13,"[]","2026-09-20 00:00:00","electronic","exchange",1,"[PREMIUM]","1,2,3,4,5,6,7,8,9,10,11,12,13"
"2v0cz3gadAe","2026-07-13 23:46:36.638","2026-07-16 00:15:54.430","2v0cz3gadAe","18324170","[PREMIUM]","[PREMIUM]","[PREMIUM]","113","Section 113","j",5,"[]","2026-09-20 00:00:00","electronic","exchange",1,"[PREMIUM]","1,2,3,4,5"
"2v0cz3gadJe","2026-07-13 23:46:36.638","2026-07-16 00:15:54.430","2v0cz3gadJe","18324170","[PREMIUM]","[PREMIUM]","[PREMIUM]","101","Section 101","l",4,"[]","2026-09-20 00:00:00","electronic","exchange",1,"[PREMIUM]","1,2,3,4"
"3q7fNJ58GKg","2026-07-13 23:46:36.638","2026-07-14 23:19:31.736","3q7fNJ58GKg","18324170","[PREMIUM]","[PREMIUM]","[PREMIUM]","124","Section 124","p",9,"[]","2026-09-20 00:00:00","electronic","exchange",2,"[PREMIUM]","1,2,3,4,5,6,7,8,9"
"3q7fNJ5Kn5e","2026-07-13 23:46:36.638","2026-07-14 23:19:31.736","3q7fNJ5Kn5e","18324170","[PREMIUM]","[PREMIUM]","[PREMIUM]","111","Section 111","d",4,"[]","2026-09-20 00:00:00","electronic","exchange",0,"[PREMIUM]","2,4"
"3q7fNJ5DE8R","2026-07-13 23:46:36.638","2026-07-16 00:15:54.430","3q7fNJ5DE8R","18324170","[PREMIUM]","[PREMIUM]","[PREMIUM]","210","Section 210","h",5,"[]","2026-09-20 00:00:00","electronic","exchange",1,"[PREMIUM]","1,2,3,4,5"
"3q7fNJ5aA8g","2026-07-13 23:46:36.638","2026-07-14 23:19:31.736","3q7fNJ5aA8g","18324170","[PREMIUM]","[PREMIUM]","[PREMIUM]","109","Section 109","f",2,"[]","2026-09-20 00:00:00","electronic","exchange",1,"[PREMIUM]","2"
"3q7fNJ5DEZm","2026-07-13 23:46:36.638","2026-07-17 00:00:44.192","3q7fNJ5DEZm","18324170","[PREMIUM]","[PREMIUM]","[PREMIUM]","201","Section 201","a",11,"[]","2026-09-20 00:00:00","electronic","exchange",3,"[PREMIUM]","1,2,3,4,5,6,7,8,9,10,11"
"3q7fNJ5p9om","2026-07-13 23:46:36.638","2026-08-01 00:05:26.729","3q7fNJ5p9om","18324170","[PREMIUM]","[PREMIUM]","[PREMIUM]","221","Section 221","b",11,"[]","2026-09-20 00:00:00","electronic","exchange",0,"[PREMIUM]","1,2,3,4,5,6,7,8,9,10,11"
"3q7fNJ5DEnx","2026-07-13 23:46:36.638","2026-07-17 00:00:44.192","3q7fNJ5DEnx","18324170","[PREMIUM]","[PREMIUM]","[PREMIUM]","210","Section 210","a",12,"[]","2026-09-20 00:00:00","electronic","exchange",3,"[PREMIUM]","1,2,3,4,5,6,7,8,9,10,11,12"
"3q7fNJ5LjP0","2026-07-13 23:46:36.638","2026-07-23 07:50:42.183","3q7fNJ5LjP0","18324170","[PREMIUM]","[PREMIUM]","[PREMIUM]","219","Section 219","a",5,"[]","2026-09-20 00:00:00","electronic","exchange",0,"[PREMIUM]","1,2,3,4,5"
"3q7fNJ5Dxlv","2026-07-13 23:46:36.638","2026-07-16 00:15:54.430","3q7fNJ5Dxlv","18324170","[PREMIUM]","[PREMIUM]","[PREMIUM]","112","Section 112","g",5,"[]","2026-09-20 00:00:00","electronic","exchange",0,"[PREMIUM]","1,2,3,4,5"
"3q7fNJ5DJbZ","2026-07-13 23:46:36.638","2026-07-13 23:46:36.638","3q7fNJ5DJbZ","18324170","[PREMIUM]","[PREMIUM]","[PREMIUM]","113","Section 113","r",10,"[]","2026-09-20 00:00:00","electronic","exchange",1,"[PREMIUM]","1,2,3,4,5,6,7,8,9,10"
"3q7fNJ5Dx0v","2026-07-13 23:46:36.638","2026-07-16 00:15:54.430","3q7fNJ5Dx0v","18324170","[PREMIUM]","[PREMIUM]","[PREMIUM]","101","Section 101","p",5,"[]","2026-09-20 00:00:00","electronic","exchange",1,"[PREMIUM]","1,2,3,4,5"
"3q7fNJ5BjqK","2026-07-13 23:46:36.638","2026-07-13 23:46:36.638","3q7fNJ5BjqK","18324170","[PREMIUM]","[PREMIUM]","[PREMIUM]","205","Section 205","e",4,"[]","2026-09-20 00:00:00","electronic","exchange",1,"[PREMIUM]","1,2,3,4"
"3q7fNJ5DJap","2026-07-13 23:46:36.638","2026-07-16 00:15:54.430","3q7fNJ5DJap","18324170","[PREMIUM]","[PREMIUM]","[PREMIUM]","124","Section 124","g",7,"[]","2026-09-20 00:00:00","electronic","exchange",0,"[PREMIUM]","1,2,3,4,5,6,7"
"3q7fNJ5Kx7V","2026-07-13 23:46:36.638","2026-07-19 00:29:20.848","3q7fNJ5Kx7V","18324170","[PREMIUM]","[PREMIUM]","[PREMIUM]","207","Section 207","c",16,"[]","2026-09-20 00:00:00","electronic","exchange",0,"[PREMIUM]","1,2,3,4,5,6,7,8,9,10,11,12,13,14,15,16"
"3q7fNJ5xe9a","2026-07-13 23:46:36.638","2026-07-21 01:48:00.729","3q7fNJ5xe9a","18324170","[PREMIUM]","[PREMIUM]","[PREMIUM]","109","Section 109","d",3,"[]","2026-09-20 00:00:00","electronic","exchange",0,"[PREMIUM]","1,2,3"
"3q7fNJ5xe9Y","2026-07-13 23:46:36.638","2026-07-14 23:19:31.736","3q7fNJ5xe9Y","18324170","[PREMIUM]","[PREMIUM]","[PREMIUM]","119","Section 119","e",3,"[]","2026-09-20 00:00:00","electronic","exchange",0,"[PREMIUM]","1,2,3"
"3q7fNJ5xJAo","2026-07-13 23:46:36.638","2026-07-14 23:19:31.736","3q7fNJ5xJAo","18324170","[PREMIUM]","[PREMIUM]","[PREMIUM]","107C","Section 107 C","d",3,"[]","2026-09-20 00:00:00","electronic","exchange",1,"[PREMIUM]","1,3"
"3q7fNJ5xJ9v","2026-07-13 23:46:36.638","2026-07-14 23:19:31.736","3q7fNJ5xJ9v","18324170","[PREMIUM]","[PREMIUM]","[PREMIUM]","106","Section 106","b",2,"[]","2026-09-20 00:00:00","electronic","exchange",5,"[PREMIUM]","2"
"3q7fNJ5xJ5g","2026-07-13 23:46:36.638","2026-07-14 23:19:31.736","3q7fNJ5xJ5g","18324170","[PREMIUM]","[PREMIUM]","[PREMIUM]","105","Section 105","a",2,"[]","2026-09-20 00:00:00","electronic","exchange",5,"[PREMIUM]","2"
"3q7fNJ5x7eA","2026-07-13 23:46:36.638","2026-07-14 23:19:31.736","3q7fNJ5x7eA","18324170","[PREMIUM]","[PREMIUM]","[PREMIUM]","105","Section 105","b",2,"[]","2026-09-20 00:00:00","electronic","exchange",5,"[PREMIUM]","2"
"4vXcj9e8PvE","2026-07-13 23:46:36.638","2026-08-01 00:05:26.729","4vXcj9e8PvE","18324170","[PREMIUM]","[PREMIUM]","[PREMIUM]","204","Section 204","c",8,"[]","2026-09-19 00:00:00","electronic","exchange",0,"[PREMIUM]","1,2,3,4,5,6,7,8"
"4vXcj9eYl6j","2026-07-13 23:46:36.638","2026-07-16 00:15:54.430","4vXcj9eYl6j","18324170","[PREMIUM]","[PREMIUM]","[PREMIUM]","124","Section 124","k",7,"[]","2026-09-20 00:00:00","electronic","exchange",1,"[PREMIUM]","1,2,3,4,5,6,7"
"4vXcj9ep6eo","2026-07-13 23:46:36.638","2026-07-21 01:48:00.729","4vXcj9ep6eo","18324170","[PREMIUM]","[PREMIUM]","[PREMIUM]","118","Section 118","e",3,"[]","2026-09-20 00:00:00","electronic","exchange",0,"[PREMIUM]","1,2,3"
"4vXcj9eRb5O","2026-07-13 23:46:36.638","2026-07-20 00:33:55.878","4vXcj9eRb5O","18324170","[PREMIUM]","[PREMIUM]","[PREMIUM]","219","Section 219","c",8,"[]","2026-09-20 00:00:00","electronic","exchange",4,"[PREMIUM]","1,2,3,4,5,6,8"
"4vXcj9ed5vP","2026-07-13 23:46:36.638","2026-07-16 00:15:54.430","4vXcj9ed5vP","18324170","[PREMIUM]","[PREMIUM]","[PREMIUM]","105","Section 105","d",2,"[]","2026-09-20 00:00:00","electronic","exchange",0,"[PREMIUM]","2"
"4vXcj9eRbJ5","2026-07-13 23:46:36.638","2026-07-20 00:33:55.878","4vXcj9eRbJ5","18324170","[PREMIUM]","[PREMIUM]","[PREMIUM]","126","Section 126","e",8,"[]","2026-09-20 00:00:00","electronic","exchange",5,"[PREMIUM]","1,2,3,4,5,6,8"
"4vXcj9epv0k","2026-07-13 23:46:36.638","2026-07-14 23:19:31.736","4vXcj9epv0k","18324170","[PREMIUM]","[PREMIUM]","[PREMIUM]","101","Section 101","b",4,"[]","2026-09-20 00:00:00","electronic","exchange",1,"[PREMIUM]","1,2,3,4"
"4vXcj9eY9or","2026-07-13 23:46:36.638","2026-07-14 23:19:31.736","4vXcj9eY9or","18324170","[PREMIUM]","[PREMIUM]","[PREMIUM]","123","Section 123","p",8,"[]","2026-09-20 00:00:00","electronic","exchange",1,"[PREMIUM]","1,2,3,4,5,6,7,8"
"4vXcj9eYlGz","2026-07-13 23:46:36.638","2026-07-16 00:15:54.430","4vXcj9eYlGz","18324170","[PREMIUM]","[PREMIUM]","[PREMIUM]","124","Section 124","h",7,"[]","2026-09-20 00:00:00","electronic","exchange",0,"[PREMIUM]","1,2,3,4,5,6,7"
"4vXcj9eYl8j","2026-07-13 23:46:36.638","2026-07-13 23:46:36.638","4vXcj9eYl8j","18324170","[PREMIUM]","[PREMIUM]","[PREMIUM]","113","Section 113","h",10,"[]","2026-09-20 00:00:00","electronic","exchange",1,"[PREMIUM]","1,2,3,4,5,6,7,8,9,10"
"4vXcj9edbJ3","2026-07-13 23:46:36.638","2026-07-14 23:19:31.736","4vXcj9edbJ3","18324170","[PREMIUM]","[PREMIUM]","[PREMIUM]","122","Section 122","d",4,"[]","2026-09-20 00:00:00","electronic","exchange",5,"[PREMIUM]","1,2,4"
"4vXcj9edVl2","2026-07-13 23:46:36.638","2026-07-14 23:19:31.736","4vXcj9edVl2","18324170","[PREMIUM]","[PREMIUM]","[PREMIUM]","106","Section 106","e",4,"[]","2026-09-19 00:00:00","electronic","exchange",1,"[PREMIUM]","1,2,3,4"
"4vXcj9eYdaq","2026-07-13 23:46:36.638","2026-07-16 00:15:54.430","4vXcj9eYdaq","18324170","[PREMIUM]","[PREMIUM]","[PREMIUM]","114","Section 114","b",4,"[]","2026-09-20 00:00:00","electronic","exchange",3,"[PREMIUM]","1,2,3,4"
"4vXcj9epdNx","2026-07-13 23:46:36.638","2026-07-22 03:43:21.479","4vXcj9epdNx","18324170","[PREMIUM]","[PREMIUM]","[PREMIUM]","126","Section 126","c",4,"[]","2026-09-19 00:00:00","electronic","exchange",2,"[PREMIUM]","1,2,3,4"
"4vXcj9ed5vX","2026-07-13 23:46:36.638","2026-07-28 14:36:21.104","4vXcj9ed5vX","18324170","[PREMIUM]","[PREMIUM]","[PREMIUM]","108","Section 108","d",2,"[]","2026-09-20 00:00:00","electronic","exchange",0,"[PREMIUM]","2"
"5EjuZ6ke59Y","2026-07-13 23:46:36.638","2026-07-18 03:12:13.655","5EjuZ6ke59Y","18324170","[PREMIUM]","[PREMIUM]","[PREMIUM]","220","Section 220","b",2,"[]","2026-09-20 00:00:00","electronic","exchange",0,"[PREMIUM]","1,2"
"5EjuZ6kenLd","2026-07-13 23:46:36.638","2026-07-23 07:50:42.183","5EjuZ6kenLd","18324170","[PREMIUM]","[PREMIUM]","[PREMIUM]","121","Section 121","e",4,"[]","2026-09-20 00:00:00","electronic","exchange",0,"[PREMIUM]","1,2,3,4"
"5EjuZ6kVn6r","2026-07-13 23:46:36.638","2026-07-14 23:19:31.736","5EjuZ6kVn6r","18324170","[PREMIUM]","[PREMIUM]","[PREMIUM]","108","Section 108","a",2,"[]","2026-09-20 00:00:00","electronic","exchange",5,"[PREMIUM]","2"
"5EjuZ6kzVGE","2026-07-13 23:46:36.638","2026-07-23 07:50:42.183","5EjuZ6kzVGE","18324170","[PREMIUM]","[PREMIUM]","[PREMIUM]","122","Section 122","v",5,"[]","2026-09-20 00:00:00","electronic","exchange",1,"[PREMIUM]","1,2,3,4,5"
"5EjuZ6kwL4k","2026-07-13 23:46:36.638","2026-07-17 00:00:44.192","5EjuZ6kwL4k","18324170","[PREMIUM]","[PREMIUM]","[PREMIUM]","108C","Section 108 C","a",2,"[]","2026-09-20 00:00:00","electronic","exchange",4,"[PREMIUM]","2"
"5EjuZ6kz4rR","2026-07-13 23:46:36.638","2026-07-16 00:15:54.430","5EjuZ6kz4rR","18324170","[PREMIUM]","[PREMIUM]","[PREMIUM]","202","Section 202","f",8,"[]","2026-09-20 00:00:00","electronic","exchange",2,"[PREMIUM]","1,2,3,4,5,6,7,8"
"5EjuZ6kz4aR","2026-07-13 23:46:36.638","2026-07-16 00:15:54.430","5EjuZ6kz4aR","18324170","[PREMIUM]","[PREMIUM]","[PREMIUM]","113","Section 113","s",6,"[]","2026-09-20 00:00:00","electronic","exchange",1,"[PREMIUM]","1,2,3,4,5,6"
"5EjuZ6kpOv6","2026-07-13 23:46:36.638","2026-08-03 22:58:40.519","5EjuZ6kpOv6","18324170","[PREMIUM]","[PREMIUM]","[PREMIUM]","206","Section 206","c",6,"[]","2026-09-20 00:00:00","electronic","exchange",0,"[PREMIUM]","1,2,3,4,5,6"
"6mOhkA90va5","2026-07-13 23:46:36.638","2026-08-01 00:05:26.729","6mOhkA90va5","18324170","[PREMIUM]","[PREMIUM]","[PREMIUM]","204","Section 204","d",6,"[]","2026-09-19 00:00:00","electronic","exchange",0,"[PREMIUM]","1,2,3,4,5,6"
"6mOhkA9dNGX","2026-07-13 23:46:36.638","2026-07-30 06:41:32.918","6mOhkA9dNGX","18324170","[PREMIUM]","[PREMIUM]","[PREMIUM]","205","Section 205","a",8,"[]","2026-09-19 00:00:00","electronic","exchange",1,"[PREMIUM]","1,2,3,4,5,6,7,8"
"6mOhkA9oXwO","2026-07-13 23:46:36.638","2026-07-17 00:00:44.192","6mOhkA9oXwO","18324170","[PREMIUM]","[PREMIUM]","[PREMIUM]","126","Section 126","d",6,"[]","2026-09-20 00:00:00","electronic","exchange",4,"[PREMIUM]","1,2,3,4,6"
"6mOhkA9dajE","2026-07-13 23:46:36.638","2026-07-17 00:00:44.192","6mOhkA9dajE","18324170","[PREMIUM]","[PREMIUM]","[PREMIUM]","101","Section 101","e",8,"[]","2026-09-20 00:00:00","electronic","exchange",0,"[PREMIUM]","1,2,3,4,5,6,7,8"
"6mOhkA9dlaY","2026-07-13 23:46:36.638","2026-07-16 00:15:54.430","6mOhkA9dlaY","18324170","[PREMIUM]","[PREMIUM]","[PREMIUM]","105","Section 105","a",4,"[]","2026-09-20 00:00:00","electronic","exchange",5,"[PREMIUM]","1,2,3,4"
"6mOhkA9nNOx","2026-07-13 23:46:36.638","2026-07-16 00:15:54.430","6mOhkA9nNOx","18324170","[PREMIUM]","[PREMIUM]","[PREMIUM]","206","Section 206","c",8,"[]","2026-09-20 00:00:00","electronic","exchange",1,"[PREMIUM]","1,2,3,4,5,6,7,8"
"6mOhkA9Ndm7","2026-07-13 23:46:36.638","2026-07-14 23:19:31.736","6mOhkA9Ndm7","18324170","[PREMIUM]","[PREMIUM]","[PREMIUM]","122","Section 122","e",2,"[]","2026-09-20 00:00:00","electronic","exchange",5,"[PREMIUM]","2"
"6mOhkA9N6rr","2026-07-13 23:46:36.638","2026-07-28 14:36:21.104","6mOhkA9N6rr","18324170","[PREMIUM]","[PREMIUM]","[PREMIUM]","119","Section 119","n",7,"[]","2026-09-19 00:00:00","electronic","exchange",5,"[PREMIUM]","1,2,3,4,5,6,7"
"6mOhkA9NYaz","2026-07-13 23:46:36.638","2026-07-28 14:36:21.104","6mOhkA9NYaz","18324170","[PREMIUM]","[PREMIUM]","[PREMIUM]","105","Section 105","n",2,"[]","2026-09-20 00:00:00","electronic","exchange",2,"[PREMIUM]","2"
"6mOhkA9NYa9","2026-07-13 23:46:36.638","2026-07-16 00:15:54.430","6mOhkA9NYa9","18324170","[PREMIUM]","[PREMIUM]","[PREMIUM]","121","Section 121","m",5,"[]","2026-09-20 00:00:00","electronic","exchange",1,"[PREMIUM]","1,2,3,4,5"
"6mOhkA9lM8x","2026-07-13 23:46:36.638","2026-07-18 03:12:13.655","6mOhkA9lM8x","18324170","[PREMIUM]","[PREMIUM]","[PREMIUM]","220","Section 220","b",4,"[]","2026-09-20 00:00:00","electronic","exchange",0,"[PREMIUM]","1,2,3,4"
"6mOhkA9dwKO","2026-07-13 23:46:36.638","2026-07-17 00:00:44.192","6mOhkA9dwKO","18324170","[PREMIUM]","[PREMIUM]","[PREMIUM]","205","Section 205","a",16,"[]","2026-09-20 00:00:00","electronic","exchange",2,"[PREMIUM]","1,2,3,4,5,6,7,8,9,10,11,12,13,14,15,16"
"6mOhkA9lMbx","2026-07-13 23:46:36.638","2026-07-19 00:29:20.848","6mOhkA9lMbx","18324170","[PREMIUM]","[PREMIUM]","[PREMIUM]","207","Section 207","c",8,"[]","2026-09-20 00:00:00","electronic","exchange",0,"[PREMIUM]","1,2,3,4,5,6,7,8"
"6mOhkA9zAlj","2026-07-13 23:46:36.638","2026-07-23 07:50:42.183","6mOhkA9zAlj","18324170","[PREMIUM]","[PREMIUM]","[PREMIUM]","112","Section 112","h",9,"[]","2026-09-20 00:00:00","electronic","exchange",0,"[PREMIUM]","1,2,3,4,5,6,7,8,9"
"6mOhkA9zrgL","2026-07-13 23:46:36.638","2026-07-16 00:15:54.430","6mOhkA9zrgL","18324170","[PREMIUM]","[PREMIUM]","[PREMIUM]","125","Section 125","l",7,"[]","2026-09-20 00:00:00","electronic","exchange",1,"[PREMIUM]","1,2,3,4,5,6,7"
"6mOhkA9zAlJ","2026-07-13 23:46:36.638","2026-07-16 00:15:54.430","6mOhkA9zAlJ","18324170","[PREMIUM]","[PREMIUM]","[PREMIUM]","125","Section 125","q",8,"[]","2026-09-20 00:00:00","electronic","exchange",2,"[PREMIUM]","1,2,3,4,5,6,7,8"
"6mOhkA9zrLg","2026-07-13 23:46:36.638","2026-07-17 00:00:44.192","6mOhkA9zrLg","18324170","[PREMIUM]","[PREMIUM]","[PREMIUM]","205","Section 205","b",10,"[]","2026-09-20 00:00:00","electronic","exchange",0,"[PREMIUM]","1,2,3,4,5,6,7,8,9,10"
"6mOhkA9zrBL","2026-07-13 23:46:36.638","2026-07-16 00:15:54.430","6mOhkA9zrBL","18324170","[PREMIUM]","[PREMIUM]","[PREMIUM]","224","Section 224","e",6,"[]","2026-09-20 00:00:00","electronic","exchange",2,"[PREMIUM]","1,2,3,4,5,6"
"6mOhkA9zNpg","2026-07-13 23:46:36.638","2026-07-23 07:50:42.183","6mOhkA9zNpg","18324170","[PREMIUM]","[PREMIUM]","[PREMIUM]","112","Section 112","j",10,"[]","2026-09-20 00:00:00","electronic","exchange",0,"[PREMIUM]","1,2,3,4,5,6,7,8,9,10"
"6mOhkA9zNqM","2026-07-13 23:46:36.638","2026-07-16 00:15:54.430","6mOhkA9zNqM","18324170","[PREMIUM]","[PREMIUM]","[PREMIUM]","114","Section 114","h",8,"[]","2026-09-20 00:00:00","electronic","exchange",1,"[PREMIUM]","1,2,3,4,5,6,7,8"
"6mOhkA9zNEM","2026-07-13 23:46:36.638","2026-07-16 00:15:54.430","6mOhkA9zNEM","18324170","[PREMIUM]","[PREMIUM]","[PREMIUM]","114","Section 114","c",4,"[]","2026-09-20 00:00:00","electronic","exchange",2,"[PREMIUM]","1,2,3,4"
"6mOhkA9JkmX","2026-07-13 23:46:36.638","2026-08-03 22:58:40.519","6mOhkA9JkmX","18324170","[PREMIUM]","[PREMIUM]","[PREMIUM]","122","Section 122","a",2,"[]","2026-09-20 00:00:00","electronic","exchange",0,"[PREMIUM]","2"
"7KntAlO4XdM","2026-07-13 23:46:36.638","2026-08-01 00:05:26.729","7KntAlO4XdM","18324170","[PREMIUM]","[PREMIUM]","[PREMIUM]","204","Section 204","c",12,"[]","2026-09-20 00:00:00","electronic","exchange",0,"[PREMIUM]","1,2,3,4,5,6,7,8,9,10,11,12"
"7KntAlOqeBa","2026-07-13 23:46:36.638","2026-07-23 07:50:42.183","7KntAlOqeBa","18324170","[PREMIUM]","[PREMIUM]","[PREMIUM]","206","Section 206","a",7,"[]","2026-09-20 00:00:00","electronic","exchange",0,"[PREMIUM]","1,2,3,4,5,6,7"
"7KntAlOadn7","2026-07-13 23:46:36.638","2026-07-17 00:00:44.192","7KntAlOadn7","18324170","[PREMIUM]","[PREMIUM]","[PREMIUM]","221","Section 221","b",11,"[]","2026-09-20 00:00:00","electronic","exchange",0,"[PREMIUM]","1,2,3,4,5,6,7,8,9,10,11"
"7KntAlOd7Lr","2026-07-13 23:46:36.638","2026-07-14 23:19:31.736","7KntAlOd7Lr","18324170","[PREMIUM]","[PREMIUM]","[PREMIUM]","109","Section 109","b",2,"[]","2026-09-20 00:00:00","electronic","exchange",3,"[PREMIUM]","2"
"7KntAlOp5Vw","2026-07-13 23:46:36.638","2026-07-14 23:19:31.736","7KntAlOp5Vw","18324170","[PREMIUM]","[PREMIUM]","[PREMIUM]","126","Section 126","d",10,"[]","2026-09-20 00:00:00","electronic","exchange",0,"[PREMIUM]","1,2,3,4,5,6,7,8,9,10"
"7KntAlOq09V","2026-07-13 23:46:36.638","2026-07-16 00:15:54.430","7KntAlOq09V","18324170","[PREMIUM]","[PREMIUM]","[PREMIUM]","112","Section 112","r",4,"[]","2026-09-20 00:00:00","electronic","exchange",1,"[PREMIUM]","1,2,3,4"
"7KntAlOq0M0","2026-07-13 23:46:36.638","2026-07-16 00:15:54.430","7KntAlOq0M0","18324170","[PREMIUM]","[PREMIUM]","[PREMIUM]","123","Section 123","s",5,"[]","2026-09-20 00:00:00","electronic","exchange",2,"[PREMIUM]","1,2,3,4,5"
"7KntAlOqdvR","2026-07-13 23:46:36.638","2026-07-14 23:19:31.736","7KntAlOqdvR","18324170","[PREMIUM]","[PREMIUM]","[PREMIUM]","203","Section 203","d",6,"[]","2026-09-20 00:00:00","electronic","exchange",1,"[PREMIUM]","1,2,3,4,5,6"
"7KntAlOqd5R","2026-07-13 23:46:36.638","2026-07-16 00:15:54.430","7KntAlOqd5R","18324170","[PREMIUM]","[PREMIUM]","[PREMIUM]","103","Section 103","k",5,"[]","2026-09-20 00:00:00","electronic","exchange",1,"[PREMIUM]","1,2,3,4,5"
"7KntAlOqdDL","2026-07-13 23:46:36.638","2026-07-16 00:15:54.430","7KntAlOqdDL","18324170","[PREMIUM]","[PREMIUM]","[PREMIUM]","114","Section 114","j",8,"[]","2026-09-20 00:00:00","electronic","exchange",1,"[PREMIUM]","1,2,3,4,5,6,7,8"
"7KntAlOqlag","2026-07-13 23:46:36.638","2026-08-03 22:58:40.519","7KntAlOqlag","18324170","[PREMIUM]","[PREMIUM]","[PREMIUM]","204","Section 204","c",4,"[]","2026-09-20 00:00:00","electronic","exchange",0,"[PREMIUM]","1,2,3,4"
"7KntAlO7kYX","2026-07-13 23:46:36.638","2026-08-03 22:58:40.519","7KntAlO7kYX","18324170","[PREMIUM]","[PREMIUM]","[PREMIUM]","110","Section 110","k",5,"[]","2026-09-20 00:00:00","electronic","exchange",0,"[PREMIUM]","1,2,3,4,5"
"8lKt6YO5o08","2026-07-13 23:46:36.638","2026-07-16 00:15:54.430","8lKt6YO5o08","18324170","[PREMIUM]","[PREMIUM]","[PREMIUM]","122","Section 122","t",5,"[]","2026-09-20 00:00:00","electronic","exchange",1,"[PREMIUM]","1,2,3,4,5"
"8lKt6YO5YZr","2026-07-13 23:46:36.638","2026-07-23 07:50:42.183","8lKt6YO5YZr","18324170","[PREMIUM]","[PREMIUM]","[PREMIUM]","225","Section 225","g",12,"[]","2026-09-20 00:00:00","electronic","exchange",1,"[PREMIUM]","1,2,3,4,5,6,7,8,9,10,11,12"
"8lKt6YO5w4R","2026-07-13 23:46:36.638","2026-07-21 01:48:00.729","8lKt6YO5w4R","18324170","[PREMIUM]","[PREMIUM]","[PREMIUM]","125","Section 125","p",13,"[]","2026-09-20 00:00:00","electronic","exchange",1,"[PREMIUM]","1,2,3,4,5,6,7,8,9,10,11,12,13"
"8lKt6YO5wVp","2026-07-13 23:46:36.638","2026-07-28 14:36:21.104","8lKt6YO5wVp","18324170","[PREMIUM]","[PREMIUM]","[PREMIUM]","104","Section 104","u",13,"[]","2026-09-20 00:00:00","electronic","exchange",1,"[PREMIUM]","1,2,3,4,5,6,7,8,9,10,11,12,13"
"8lKt6YO5wrR","2026-07-13 23:46:36.638","2026-07-17 00:00:44.192","8lKt6YO5wrR","18324170","[PREMIUM]","[PREMIUM]","[PREMIUM]","216","Section 216","a",16,"[]","2026-09-20 00:00:00","electronic","exchange",5,"[PREMIUM]","1,2,3,4,5,6,7,8,9,10,11,12,13,14,15,16"
"8lKt6YO5wzp","2026-07-13 23:46:36.638","2026-07-16 00:15:54.430","8lKt6YO5wzp","18324170","[PREMIUM]","[PREMIUM]","[PREMIUM]","112","Section 112","n",6,"[]","2026-09-20 00:00:00","electronic","exchange",0,"[PREMIUM]","1,2,3,4,5,6"
"8lKt6YO5Y9E","2026-07-13 23:46:36.638","2026-07-16 00:15:54.430","8lKt6YO5Y9E","18324170","[PREMIUM]","[PREMIUM]","[PREMIUM]","102","Section 102","m",6,"[]","2026-09-20 00:00:00","electronic","exchange",1,"[PREMIUM]","1,2,3,4,5,6"
"8lKt6YOprAv","2026-07-13 23:46:36.638","2026-08-01 00:05:26.729","8lKt6YOprAv","18324170","[PREMIUM]","[PREMIUM]","[PREMIUM]","221","Section 221","a",9,"[]","2026-09-20 00:00:00","electronic","exchange",1,"[PREMIUM]","1,2,3,4,5,6,7,8,9"
"8lKt6YOpLGM","2026-07-13 23:46:36.638","2026-08-01 00:05:26.729","8lKt6YOpLGM","18324170","[PREMIUM]","[PREMIUM]","[PREMIUM]","219","Section 219","c",14,"[]","2026-09-20 00:00:00","electronic","exchange",1,"[PREMIUM]","1,2,3,4,5,6,7,8,9,10,11,12,13,14"
"8lKt6YOwlJw","2026-07-13 23:46:36.638","2026-07-14 23:19:31.736","8lKt6YOwlJw","18324170","[PREMIUM]","[PREMIUM]","[PREMIUM]","120","Section 120","n",5,"[]","2026-09-20 00:00:00","electronic","exchange",1,"[PREMIUM]","1,2,3,4,5"
"8lKt6YOlPbZ","2026-07-13 23:46:36.638","2026-07-23 07:50:42.183","8lKt6YOlPbZ","18324170","[PREMIUM]","[PREMIUM]","[PREMIUM]","126","Section 126","e",8,"[]","2026-09-20 00:00:00","electronic","exchange",0,"[PREMIUM]","1,2,3,4,5,6,7,8"
"8lKt6YOZXzl","2026-07-13 23:46:36.638","2026-07-23 07:50:42.183","8lKt6YOZXzl","18324170","[PREMIUM]","[PREMIUM]","[PREMIUM]","122","Section 122","w",2,"[]","2026-09-20 00:00:00","electronic","exchange",0,"[PREMIUM]","2"
"9P2c5qOYaEY","2026-07-13 23:46:36.638","2026-07-14 23:19:31.736","9P2c5qOYaEY","18324170","[PREMIUM]","[PREMIUM]","[PREMIUM]","120","Section 120","n",5,"[]","2026-09-19 00:00:00","electronic","exchange",2,"[PREMIUM]","1,2,3,4,5"
"9P2c5qOYjJg","2026-07-13 23:46:36.638","2026-07-14 23:19:31.736","9P2c5qOYjJg","18324170","[PREMIUM]","[PREMIUM]","[PREMIUM]","105","Section 105","n",2,"[]","2026-09-20 00:00:00","electronic","exchange",5,"[PREMIUM]","2"
"9P2c5qOVb8B","2026-07-13 23:46:36.638","2026-07-16 00:15:54.430","9P2c5qOVb8B","18324170","[PREMIUM]","[PREMIUM]","[PREMIUM]","114","Section 114","p",4,"[]","2026-09-20 00:00:00","electronic","exchange",1,"[PREMIUM]","1,2,3,4"
"9P2c5qOY4NL","2026-07-13 23:46:36.638","2026-07-14 23:19:31.736","9P2c5qOY4NL","18324170","[PREMIUM]","[PREMIUM]","[PREMIUM]","120","Section 120","n",5,"[]","2026-09-20 00:00:00","electronic","exchange",1,"[PREMIUM]","1,2,3,4,5"
"9P2c5qO8Y2R","2026-07-13 23:46:36.638","2026-07-17 00:00:44.192","9P2c5qO8Y2R","18324170","[PREMIUM]","[PREMIUM]","[PREMIUM]","206","Section 206","b",9,"[]","2026-09-20 00:00:00","electronic","exchange",0,"[PREMIUM]","1,2,3,4,5,6,7,8,9"
"9P2c5qOY4Nl","2026-07-13 23:46:36.638","2026-07-18 03:12:13.655","9P2c5qOY4Nl","18324170","[PREMIUM]","[PREMIUM]","[PREMIUM]","120","Section 120","c",2,"[]","2026-09-20 00:00:00","electronic","exchange",0,"[PREMIUM]","2"
"9P2c5qODE6p","2026-07-13 23:46:36.638","2026-07-23 07:50:42.183","9P2c5qODE6p","18324170","[PREMIUM]","[PREMIUM]","[PREMIUM]","210","Section 210","h",12,"[]","2026-09-20 00:00:00","electronic","exchange",0,"[PREMIUM]","1,2,3,4,5,6,7,8,9,10,11,12"
"9P2c5qODYbq","2026-07-13 23:46:36.638","2026-07-16 00:15:54.430","9P2c5qODYbq","18324170","[PREMIUM]","[PREMIUM]","[PREMIUM]","118","Section 118","c",5,"[]","2026-09-20 00:00:00","electronic","exchange",3,"[PREMIUM]","1,2,3,4,5"
"9P2c5qODYe4","2026-07-13 23:46:36.638","2026-07-16 00:15:54.430","9P2c5qODYe4","18324170","[PREMIUM]","[PREMIUM]","[PREMIUM]","211","Section 211","e",4,"[]","2026-09-20 00:00:00","electronic","exchange",1,"[PREMIUM]","1,2,3,4"
"9P2c5qODq8K","2026-07-13 23:46:36.638","2026-07-17 00:00:44.192","9P2c5qODq8K","18324170","[PREMIUM]","[PREMIUM]","[PREMIUM]","203","Section 203","c",18,"[]","2026-09-20 00:00:00","electronic","exchange",0,"[PREMIUM]","1,2,3,4,5,6,7,8,9,10,11,12,13,14,15,16,17,18"
"9P2c5qODqj8","2026-07-13 23:46:36.638","2026-08-01 00:05:26.729","9P2c5qODqj8","18324170","[PREMIUM]","[PREMIUM]","[PREMIUM]","123","Section 123","k",9,"[]","2026-09-20 00:00:00","electronic","exchange",0,"[PREMIUM]","1,2,3,4,5,6,7,8,9"
"9P2c5qOgrEq","2026-07-13 23:46:36.638","2026-07-27 01:56:26.447","9P2c5qOgrEq","18324170","[PREMIUM]","[PREMIUM]","[PREMIUM]","119","Section 119","c",4,"[]","2026-09-20 00:00:00","electronic","exchange",1,"[PREMIUM]","1,2,3,4"
"9P2c5qOjXZR","2026-07-13 23:46:36.638","2026-07-23 07:50:42.183","9P2c5qOjXZR","18324170","[PREMIUM]","[PREMIUM]","[PREMIUM]","221","Section 221","b",8,"[]","2026-09-20 00:00:00","electronic","exchange",0,"[PREMIUM]","1,2,3,4,5,6,7,8"
"9P2c5qOmJ0G","2026-07-13 23:46:36.638","2026-07-28 14:36:21.104","9P2c5qOmJ0G","18324170","[PREMIUM]","[PREMIUM]","[PREMIUM]","110","Section 110","k",5,"[]","2026-09-20 00:00:00","electronic","exchange",0,"[PREMIUM]","1,2,3,4,5"
"9P2c5qOjXGR","2026-07-13 23:46:36.638","2026-07-17 00:00:44.192","9P2c5qOjXGR","18324170","[PREMIUM]","[PREMIUM]","[PREMIUM]","126","Section 126","d",6,"[]","2026-09-20 00:00:00","electronic","exchange",0,"[PREMIUM]","1,2,3,4,5,6"
"9P2c5qOpNzv","2026-07-13 23:46:36.638","2026-07-17 00:00:44.192","9P2c5qOpNzv","18324170","[PREMIUM]","[PREMIUM]","[PREMIUM]","105","Section 105","n",2,"[]","2026-09-20 00:00:00","electronic","exchange",2,"[PREMIUM]","2"
"9P2c5qOpjN5","2026-07-13 23:46:36.638","2026-07-14 23:19:31.736","9P2c5qOpjN5","18324170","[PREMIUM]","[PREMIUM]","[PREMIUM]","106","Section 106","b",4,"[]","2026-09-20 00:00:00","electronic","exchange",1,"[PREMIUM]","1,2,3,4"
"A6rs27j0ob4","2026-07-13 23:46:36.638","2026-07-23 07:50:42.183","A6rs27j0ob4","18324170","[PREMIUM]","[PREMIUM]","[PREMIUM]","122","Section 122","u",12,"[]","2026-09-20 00:00:00","electronic","exchange",1,"[PREMIUM]","1,2,3,4,5,6,7,8,9,10,11,12"
"A6rs27j0oA4","2026-07-13 23:46:36.638","2026-07-13 23:46:36.638","A6rs27j0oA4","18324170","[PREMIUM]","[PREMIUM]","[PREMIUM]","202","Section 202","a",5,"[]","2026-09-20 00:00:00","electronic","exchange",4,"[PREMIUM]","1,2,3,4,5"
"A6rs27j0dpq","2026-07-13 23:46:36.638","2026-07-16 00:15:54.430","A6rs27j0dpq","18324170","[PREMIUM]","[PREMIUM]","[PREMIUM]","202","Section 202","f",5,"[]","2026-09-20 00:00:00","electronic","exchange",2,"[PREMIUM]","1,2,3,4,5"
"A6rs27j0dEq","2026-07-13 23:46:36.638","2026-07-23 07:50:42.183","A6rs27j0dEq","18324170","[PREMIUM]","[PREMIUM]","[PREMIUM]","207","Section 207","f",12,"[]","2026-09-20 00:00:00","electronic","exchange",1,"[PREMIUM]","1,2,3,4,5,6,7,8,9,10,11,12"
"A6rs27j8AMX","2026-07-13 23:46:36.638","2026-07-28 14:36:21.104","A6rs27j8AMX","18324170","[PREMIUM]","[PREMIUM]","[PREMIUM]","219","Section 219","a",5,"[]","2026-09-20 00:00:00","electronic","exchange",1,"[PREMIUM]","1,2,3,4,5"
"A6rs27j80Re","2026-07-13 23:46:36.638","2026-08-01 00:05:26.729","A6rs27j80Re","18324170","[PREMIUM]","[PREMIUM]","[PREMIUM]","208","Section 208","b",8,"[]","2026-09-19 00:00:00","electronic","exchange",1,"[PREMIUM]","1,2,3,4,5,6,7,8"
"A6rs27joqw0","2026-07-13 23:46:36.638","2026-07-13 23:46:36.638","A6rs27joqw0","18324170","[PREMIUM]","[PREMIUM]","[PREMIUM]","109","Section 109","m",4,"[]","2026-09-20 00:00:00","electronic","exchange",0,"[PREMIUM]","1,2,3,4"
"A6rs27joY4D","2026-07-13 23:46:36.638","2026-07-14 23:19:31.736","A6rs27joY4D","18324170","[PREMIUM]","[PREMIUM]","[PREMIUM]","121","Section 121","m",4,"[]","2026-09-20 00:00:00","electronic","exchange",5,"[PREMIUM]","1,2,4"
"A6rs27jo8jV","2026-07-13 23:46:36.638","2026-07-14 23:19:31.736","A6rs27jo8jV","18324170","[PREMIUM]","[PREMIUM]","[PREMIUM]","108","Section 108","e",3,"[]","2026-09-20 00:00:00","electronic","exchange",5,"[PREMIUM]","1,3"
"A6rs27j9oK3","2026-07-13 23:46:36.638","2026-07-17 00:00:44.192","A6rs27j9oK3","18324170","[PREMIUM]","[PREMIUM]","[PREMIUM]","208","Section 208","a",16,"[]","2026-09-20 00:00:00","electronic","exchange",1,"[PREMIUM]","1,2,3,4,5,6,7,8,9,10,11,12,13,14,15,16"
"A6rs27jGxZr","2026-07-13 23:46:36.638","2026-07-23 07:50:42.183","A6rs27jGxZr","18324170","[PREMIUM]","[PREMIUM]","[PREMIUM]","210","Section 210","a",8,"[]","2026-09-20 00:00:00","electronic","exchange",1,"[PREMIUM]","1,2,3,4,5,6,7,8"
"BALImXbD6xB","2026-07-13 23:46:36.638","2026-08-01 00:05:26.729","BALImXbD6xB","18324170","[PREMIUM]","[PREMIUM]","[PREMIUM]","124","Section 124","r",2,"[]","2026-09-19 00:00:00","electronic","exchange",1,"[PREMIUM]","1,2"
"BALImXbZRzl","2026-07-13 23:46:36.638","2026-08-01 00:05:26.729","BALImXbZRzl","18324170","[PREMIUM]","[PREMIUM]","[PREMIUM]","219","Section 219","c",8,"[]","2026-09-19 00:00:00","electronic","exchange",1,"[PREMIUM]","1,2,3,4,5,6,7,8"
"BALImXbRXNd","2026-07-13 23:46:36.638","2026-07-23 07:50:42.183","BALImXbRXNd","18324170","[PREMIUM]","[PREMIUM]","[PREMIUM]","222","Section 222","e",9,"[]","2026-09-20 00:00:00","electronic","exchange",0,"[PREMIUM]","1,2,3,4,5,6,7,8,9"
"BALImXbRX3x","2026-07-13 23:46:36.638","2026-07-17 00:00:44.192","BALImXbRX3x","18324170","[PREMIUM]","[PREMIUM]","[PREMIUM]","223","Section 223","a",11,"[]","2026-09-20 00:00:00","electronic","exchange",3,"[PREMIUM]","1,2,3,4,5,6,7,8,9,10,11"
"BALImXbRO24","2026-07-13 23:46:36.638","2026-07-16 00:15:54.430","BALImXbRO24","18324170","[PREMIUM]","[PREMIUM]","[PREMIUM]","112","Section 112","q",5,"[]","2026-09-20 00:00:00","electronic","exchange",1,"[PREMIUM]","1,2,3,4,5"
"BALImXbR0Gv","2026-07-13 23:46:36.638","2026-07-16 00:15:54.430","BALImXbR0Gv","18324170","[PREMIUM]","[PREMIUM]","[PREMIUM]","117","Section 117","t",6,"[]","2026-09-20 00:00:00","electronic","exchange",1,"[PREMIUM]","1,2,3,4,5,6"
"BALImXbZ4rZ","2026-07-13 23:46:36.638","2026-07-13 23:46:36.638","BALImXbZ4rZ","18324170","[PREMIUM]","[PREMIUM]","[PREMIUM]","109","Section 109","n",4,"[]","2026-09-20 00:00:00","electronic","exchange",0,"[PREMIUM]","1,2,3,4"
"BALImXbZrAb","2026-07-13 23:46:36.638","2026-07-16 00:15:54.430","BALImXbZrAb","18324170","[PREMIUM]","[PREMIUM]","[PREMIUM]","220","Section 220","c",6,"[]","2026-09-20 00:00:00","electronic","exchange",1,"[PREMIUM]","1,2,3,4,5,6"
"BALImXbO4o0","2026-07-13 23:46:36.638","2026-07-14 23:19:31.736","BALImXbO4o0","18324170","[PREMIUM]","[PREMIUM]","[PREMIUM]","120","Section 120","f",4,"[]","2026-09-20 00:00:00","electronic","exchange",0,"[PREMIUM]","1,2,3,4"
"BALImXbZvpJ","2026-07-13 23:46:36.638","2026-08-03 22:58:40.519","BALImXbZvpJ","18324170","[PREMIUM]","[PREMIUM]","[PREMIUM]","221","Section 221","c",2,"[]","2026-09-20 00:00:00","electronic","exchange",1,"[PREMIUM]","2"
"DdwHkO64BMR","2026-07-13 23:46:36.638","2026-07-17 00:00:44.192","DdwHkO64BMR","18324170","[PREMIUM]","[PREMIUM]","[PREMIUM]","206","Section 206","a",7,"[]","2026-09-20 00:00:00","electronic","exchange",1,"[PREMIUM]","1,2,3,4,5,6,7"
"DdwHkO6lE5R","2026-07-13 23:46:36.638","2026-07-23 07:50:42.183","DdwHkO6lE5R","18324170","[PREMIUM]","[PREMIUM]","[PREMIUM]","208","Section 208","b",8,"[]","2026-09-20 00:00:00","electronic","exchange",0,"[PREMIUM]","1,2,3,4,5,6,7,8"
"DdwHkO6DOmq","2026-07-13 23:46:36.638","2026-07-16 00:15:54.430","DdwHkO6DOmq","18324170","[PREMIUM]","[PREMIUM]","[PREMIUM]","217","Section 217","e",4,"[]","2026-09-20 00:00:00","electronic","exchange",0,"[PREMIUM]","1,2,3,4"
"DdwHkO6ZrRB","2026-07-13 23:46:36.638","2026-07-13 23:46:36.638","DdwHkO6ZrRB","18324170","[PREMIUM]","[PREMIUM]","[PREMIUM]","209","Section 209","a",10,"[]","2026-09-20 00:00:00","electronic","exchange",2,"[PREMIUM]","1,2,3,4,5,6,7,8,9,10"
"DdwHkO6ZDK2","2026-07-13 23:46:36.638","2026-07-19 00:29:20.848","DdwHkO6ZDK2","18324170","[PREMIUM]","[PREMIUM]","[PREMIUM]","207","Section 207","c",8,"[]","2026-09-19 00:00:00","electronic","exchange",1,"[PREMIUM]","1,2,3,4,5,6,7,8"
"DdwHkO6vXxg","2026-07-13 23:46:36.638","2026-07-13 23:46:36.638","DdwHkO6vXxg","18324170","[PREMIUM]","[PREMIUM]","[PREMIUM]","122","Section 122","d",2,"[]","2026-09-20 00:00:00","electronic","exchange",0,"[PREMIUM]","1,2"
"DdwHkO6BlpM","2026-07-13 23:46:36.638","2026-07-14 23:19:31.736","DdwHkO6BlpM","18324170","[PREMIUM]","[PREMIUM]","[PREMIUM]","106","Section 106","b",4,"[]","2026-09-20 00:00:00","electronic","exchange",1,"[PREMIUM]","1,2,3,4"
"DdwHkO6DOwp","2026-07-13 23:46:36.638","2026-07-16 00:15:54.430","DdwHkO6DOwp","18324170","[PREMIUM]","[PREMIUM]","[PREMIUM]","101","Section 101","k",4,"[]","2026-09-20 00:00:00","electronic","exchange",1,"[PREMIUM]","1,2,3,4"
"DdwHkO6DBab","2026-07-13 23:46:36.638","2026-07-16 00:15:54.430","DdwHkO6DBab","18324170","[PREMIUM]","[PREMIUM]","[PREMIUM]","204","Section 204","d",8,"[]","2026-09-20 00:00:00","electronic","exchange",1,"[PREMIUM]","1,2,3,4,5,6,7,8"
"DdwHkO6DBrb","2026-07-13 23:46:36.638","2026-07-16 00:15:54.430","DdwHkO6DBrb","18324170","[PREMIUM]","[PREMIUM]","[PREMIUM]","125","Section 125","g",4,"[]","2026-09-20 00:00:00","electronic","exchange",0,"[PREMIUM]","1,2,3,4"
"DdwHkO6vgJp","2026-07-13 23:46:36.638","2026-07-23 07:50:42.183","DdwHkO6vgJp","18324170","[PREMIUM]","[PREMIUM]","[PREMIUM]","218","Section 218","a",8,"[]","2026-09-20 00:00:00","electronic","exchange",1,"[PREMIUM]","1,2,3,4,5,6,7,8"
"DdwHkO6DO4N","2026-07-13 23:46:36.638","2026-07-16 00:15:54.430","DdwHkO6DO4N","18324170","[PREMIUM]","[PREMIUM]","[PREMIUM]","126","Section 126","t",7,"[]","2026-09-20 00:00:00","electronic","exchange",2,"[PREMIUM]","1,2,3,4,5,6,7"
"DdwHkO6Gj6O","2026-07-13 23:46:36.638","2026-07-14 23:19:31.736","DdwHkO6Gj6O","18324170","[PREMIUM]","[PREMIUM]","[PREMIUM]","109","Section 109","m",2,"[]","2026-09-20 00:00:00","electronic","exchange",5,"[PREMIUM]","2"
"EroUXn5PvkN","2026-07-13 23:46:36.638","2026-07-16 00:15:54.430","EroUXn5PvkN","18324170","[PREMIUM]","[PREMIUM]","[PREMIUM]","201","Section 201","e",6,"[]","2026-09-20 00:00:00","electronic","exchange",2,"[PREMIUM]","1,2,3,4,5,6"
"EroUXn5PK96","2026-07-13 23:46:36.638","2026-07-16 00:15:54.430","EroUXn5PK96","18324170","[PREMIUM]","[PREMIUM]","[PREMIUM]","222","Section 222","b",4,"[]","2026-09-20 00:00:00","electronic","exchange",0,"[PREMIUM]","1,2,3,4"
"EroUXn5ZvNw","2026-07-13 23:46:36.638","2026-08-01 00:05:26.729","EroUXn5ZvNw","18324170","[PREMIUM]","[PREMIUM]","[PREMIUM]","126","Section 126","e",8,"[]","2026-09-19 00:00:00","electronic","exchange",0,"[PREMIUM]","1,2,3,4,5,6,7,8"
"EroUXn5ZzYz","2026-07-13 23:46:36.638","2026-07-25 12:11:16.743","EroUXn5ZzYz","18324170","[PREMIUM]","[PREMIUM]","[PREMIUM]","101","Section 101","c",2,"[]","2026-09-20 00:00:00","electronic","exchange",0,"[PREMIUM]","2"
"EroUXn58emv","2026-07-13 23:46:36.638","2026-07-16 00:15:54.430","EroUXn58emv","18324170","[PREMIUM]","[PREMIUM]","[PREMIUM]","220","Section 220","c",6,"[]","2026-09-20 00:00:00","electronic","exchange",0,"[PREMIUM]","1,2,3,4,5,6"
"EroUXn5vjzn","2026-07-13 23:46:36.638","2026-07-25 12:11:16.743","EroUXn5vjzn","18324170","[PREMIUM]","[PREMIUM]","[PREMIUM]","120","Section 120","d",2,"[]","2026-09-20 00:00:00","electronic","exchange",0,"[PREMIUM]","2"
"EroUXn5vjzp","2026-07-13 23:46:36.638","2026-07-17 00:00:44.192","EroUXn5vjzp","18324170","[PREMIUM]","[PREMIUM]","[PREMIUM]","120","Section 120","m",2,"[]","2026-09-20 00:00:00","electronic","exchange",1,"[PREMIUM]","2"
"EroUXn5xMzG","2026-07-13 23:46:36.638","2026-07-23 07:50:42.183","EroUXn5xMzG","18324170","[PREMIUM]","[PREMIUM]","[PREMIUM]","115","Section 115","h",4,"[]","2026-09-20 00:00:00","electronic","exchange",0,"[PREMIUM]","1,2,3,4"
"GAaI625GJPG","2026-07-13 23:46:36.638","2026-07-16 00:15:54.430","GAaI625GJPG","18324170","[PREMIUM]","[PREMIUM]","[PREMIUM]","116","Section 116","s",5,"[]","2026-09-20 00:00:00","electronic","exchange",1,"[PREMIUM]","1,2,3,4,5"
"GAaI625Gdg4","2026-07-13 23:46:36.638","2026-07-16 00:15:54.430","GAaI625Gdg4","18324170","[PREMIUM]","[PREMIUM]","[PREMIUM]","103","Section 103","n",6,"[]","2026-09-20 00:00:00","electronic","exchange",1,"[PREMIUM]","1,2,3,4,5,6"
"GAaI625Gdlo","2026-07-13 23:46:36.638","2026-07-16 00:15:54.430","GAaI625Gdlo","18324170","[PREMIUM]","[PREMIUM]","[PREMIUM]","124","Section 124","f",6,"[]","2026-09-20 00:00:00","electronic","exchange",0,"[PREMIUM]","1,2,3,4,5,6"
"GAaI625J0dA","2026-07-13 23:46:36.638","2026-07-16 00:15:54.430","GAaI625J0dA","18324170","[PREMIUM]","[PREMIUM]","[PREMIUM]","109","Section 109","n",4,"[]","2026-09-20 00:00:00","electronic","exchange",5,"[PREMIUM]","1,2,4"
"GAaI625x4Aa","2026-07-13 23:46:36.638","2026-07-13 23:46:36.638","GAaI625x4Aa","18324170","[PREMIUM]","[PREMIUM]","[PREMIUM]","209","Section 209","a",6,"[]","2026-09-20 00:00:00","electronic","exchange",1,"[PREMIUM]","1,2,3,4,5,6"
"GAaI625dVBb","2026-07-13 23:46:36.638","2026-07-17 00:00:44.192","GAaI625dVBb","18324170","[PREMIUM]","[PREMIUM]","[PREMIUM]","105","Section 105","m",7,"[]","2026-09-20 00:00:00","electronic","exchange",2,"[PREMIUM]","1,2,3,4,5,6,7"
"GAaI625dXvx","2026-07-13 23:46:36.638","2026-07-28 14:36:21.104","GAaI625dXvx","18324170","[PREMIUM]","[PREMIUM]","[PREMIUM]","109","Section 109","a",2,"[]","2026-09-20 00:00:00","electronic","exchange",2,"[PREMIUM]","2"
"GAaI625x87n","2026-07-13 23:46:36.638","2026-07-13 23:46:36.638","GAaI625x87n","18324170","[PREMIUM]","[PREMIUM]","[PREMIUM]","109","Section 109","m",2,"[]","2026-09-20 00:00:00","electronic","exchange",0,"[PREMIUM]","1,2"
"GAaI625ZGzR","2026-07-13 23:46:36.638","2026-07-16 00:15:54.430","GAaI625ZGzR","18324170","[PREMIUM]","[PREMIUM]","[PREMIUM]","207","Section 207","b",8,"[]","2026-09-19 00:00:00","electronic","exchange",1,"[PREMIUM]","1,2,3,4,5,6,7,8"
"GAaI625ZlMJ","2026-07-13 23:46:36.638","2026-08-01 00:05:26.729","GAaI625ZlMJ","18324170","[PREMIUM]","[PREMIUM]","[PREMIUM]","208","Section 208","c",10,"[]","2026-09-20 00:00:00","electronic","exchange",1,"[PREMIUM]","1,2,3,4,5,6,7,8,9,10"
"GAaI625Gd34","2026-07-13 23:46:36.638","2026-08-03 22:58:40.519","GAaI625Gd34","18324170","[PREMIUM]","[PREMIUM]","[PREMIUM]","226","Section 226","c",12,"[]","2026-09-20 00:00:00","electronic","exchange",0,"[PREMIUM]","1,2,3,4,5,6,7,8,9,10,11,12"
"JABI39g4ad7","2026-07-13 23:46:36.638","2026-07-14 23:19:31.736","JABI39g4ad7","18324170","[PREMIUM]","[PREMIUM]","[PREMIUM]","114","Section 114","v",4,"[]","2026-09-20 00:00:00","electronic","exchange",2,"[PREMIUM]","1,2,3,4"
"JABI39gjX63","2026-07-13 23:46:36.638","2026-07-16 00:15:54.430","JABI39gjX63","18324170","[PREMIUM]","[PREMIUM]","[PREMIUM]","111","Section 111","j",8,"[]","2026-09-20 00:00:00","electronic","exchange",1,"[PREMIUM]","1,2,3,4,5,6,7,8"
"JABI39gjX23","2026-07-13 23:46:36.638","2026-07-23 07:50:42.183","JABI39gjX23","18324170","[PREMIUM]","[PREMIUM]","[PREMIUM]","208","Section 208","d",20,"[]","2026-09-20 00:00:00","electronic","exchange",1,"[PREMIUM]","1,2,3,4,5,6,7,8,9,10,11,12,13,14,15,16,17,18,19,20"
"JABI39gjXa0","2026-07-13 23:46:36.638","2026-07-16 00:15:54.430","JABI39gjXa0","18324170","[PREMIUM]","[PREMIUM]","[PREMIUM]","112","Section 112","c",6,"[]","2026-09-20 00:00:00","electronic","exchange",2,"[PREMIUM]","1,2,3,4,5,6"
"JABI39gjXk0","2026-07-13 23:46:36.638","2026-07-16 00:15:54.430","JABI39gjXk0","18324170","[PREMIUM]","[PREMIUM]","[PREMIUM]","102","Section 102","h",6,"[]","2026-09-20 00:00:00","electronic","exchange",0,"[PREMIUM]","1,2,3,4,5,6"
"JABI39gjXr0","2026-07-13 23:46:36.638","2026-07-16 00:15:54.430","JABI39gjXr0","18324170","[PREMIUM]","[PREMIUM]","[PREMIUM]","202","Section 202","e",8,"[]","2026-09-20 00:00:00","electronic","exchange",2,"[PREMIUM]","1,2,3,4,5,6,7,8"
"JABI39gY9JM","2026-07-13 23:46:36.638","2026-07-27 01:56:26.447","JABI39gY9JM","18324170","[PREMIUM]","[PREMIUM]","[PREMIUM]","102","Section 102","n",9,"[]","2026-09-20 00:00:00","electronic","exchange",0,"[PREMIUM]","1,2,3,4,5,6,7,8,9"
"JABI39gdABP","2026-07-13 23:46:36.638","2026-07-14 23:19:31.736","JABI39gdABP","18324170","[PREMIUM]","[PREMIUM]","[PREMIUM]","117","Section 117","d",4,"[]","2026-09-20 00:00:00","electronic","exchange",1,"[PREMIUM]","2,4"
"JABI39gjGn3","2026-07-13 23:46:36.638","2026-07-16 00:15:54.430","JABI39gjGn3","18324170","[PREMIUM]","[PREMIUM]","[PREMIUM]","223","Section 223","b",7,"[]","2026-09-20 00:00:00","electronic","exchange",0,"[PREMIUM]","1,2,3,4,5,6,7"
"JABI39gj9AV","2026-07-13 23:46:36.638","2026-07-16 00:15:54.430","JABI39gj9AV","18324170","[PREMIUM]","[PREMIUM]","[PREMIUM]","111","Section 111","h",5,"[]","2026-09-20 00:00:00","electronic","exchange",0,"[PREMIUM]","1,2,3,4,5"
"JABI39gAxMb","2026-07-13 23:46:36.638","2026-07-23 07:50:42.183","JABI39gAxMb","18324170","[PREMIUM]","[PREMIUM]","[PREMIUM]","219","Section 219","b",8,"[]","2026-09-20 00:00:00","electronic","exchange",0,"[PREMIUM]","1,2,3,4,5,6,7,8"
"JABI39gZkYm","2026-07-13 23:46:36.638","2026-07-14 23:19:31.736","JABI39gZkYm","18324170","[PREMIUM]","[PREMIUM]","[PREMIUM]","105","Section 105","n",12,"[]","2026-09-20 00:00:00","electronic","exchange",0,"[PREMIUM]","1,2,3,4,5,6,7,8,9,10,11,12"
"JABI39gAxJb","2026-07-13 23:46:36.638","2026-07-13 23:46:36.638","JABI39gAxJb","18324170","[PREMIUM]","[PREMIUM]","[PREMIUM]","126","Section 126","c",6,"[]","2026-09-20 00:00:00","electronic","exchange",0,"[PREMIUM]","1,2,3,4,5,6"
"JABI39gXwkd","2026-07-13 23:46:36.638","2026-07-28 14:36:21.104","JABI39gXwkd","18324170","[PREMIUM]","[PREMIUM]","[PREMIUM]","107C","Section 107 C","d",3,"[]","2026-09-20 00:00:00","electronic","exchange",0,"[PREMIUM]","1,2,3"
"JABI39gXwk4","2026-07-13 23:46:36.638","2026-07-28 14:36:21.104","JABI39gXwk4","18324170","[PREMIUM]","[PREMIUM]","[PREMIUM]","121","Section 121","d",2,"[]","2026-09-20 00:00:00","electronic","exchange",0,"[PREMIUM]","2"
"Kezcz630ZBB","2026-07-13 23:46:36.638","2026-07-14 23:19:31.736","Kezcz630ZBB","18324170","[PREMIUM]","[PREMIUM]","[PREMIUM]","109","Section 109","e",2,"[]","2026-09-20 00:00:00","electronic","exchange",5,"[PREMIUM]","2"
"Kezcz63OM33","2026-07-13 23:46:36.638","2026-07-16 00:15:54.430","Kezcz63OM33","18324170","[PREMIUM]","[PREMIUM]","[PREMIUM]","204","Section 204","e",8,"[]","2026-09-20 00:00:00","electronic","exchange",2,"[PREMIUM]","1,2,3,4,5,6,7,8"
"Kezcz6308PL","2026-07-13 23:46:36.638","2026-07-14 23:19:31.736","Kezcz6308PL","18324170","[PREMIUM]","[PREMIUM]","[PREMIUM]","109","Section 109","d",3,"[]","2026-09-20 00:00:00","electronic","exchange",5,"[PREMIUM]","1,3"
"Kezcz63d0bl","2026-07-13 23:46:36.638","2026-07-16 00:15:54.430","Kezcz63d0bl","18324170","[PREMIUM]","[PREMIUM]","[PREMIUM]","206","Section 206","c",6,"[]","2026-09-20 00:00:00","electronic","exchange",1,"[PREMIUM]","1,2,3,4,5,6"
"Kezcz63Xk0M","2026-07-13 23:46:36.638","2026-07-13 23:46:36.638","Kezcz63Xk0M","18324170","[PREMIUM]","[PREMIUM]","[PREMIUM]","122","Section 122","k",2,"[]","2026-09-20 00:00:00","electronic","exchange",0,"[PREMIUM]","2"
"Kezcz638Am5","2026-07-13 23:46:36.638","2026-07-23 07:50:42.183","Kezcz638Am5","18324170","[PREMIUM]","[PREMIUM]","[PREMIUM]","126","Section 126","s",3,"[]","2026-09-20 00:00:00","electronic","exchange",0,"[PREMIUM]","1,2,3"
"Kezcz63O0BA","2026-07-13 23:46:36.638","2026-07-23 07:50:42.183","Kezcz63O0BA","18324170","[PREMIUM]","[PREMIUM]","[PREMIUM]","203","Section 203","e",15,"[]","2026-09-20 00:00:00","electronic","exchange",1,"[PREMIUM]","1,2,3,4,5,6,7,8,9,10,11,12,13,14,15"
"Kezcz630poz","2026-07-13 23:46:36.638","2026-07-23 07:50:42.183","Kezcz630poz","18324170","[PREMIUM]","[PREMIUM]","[PREMIUM]","121","Section 121","e",7,"[]","2026-09-20 00:00:00","electronic","exchange",0,"[PREMIUM]","1,2,3,4,5,6,7"
"Kezcz63O0Gm","2026-07-13 23:46:36.638","2026-07-16 00:15:54.430","Kezcz63O0Gm","18324170","[PREMIUM]","[PREMIUM]","[PREMIUM]","101","Section 101","q",5,"[]","2026-09-20 00:00:00","electronic","exchange",1,"[PREMIUM]","1,2,3,4,5"
"Kezcz63D48l","2026-07-13 23:46:36.638","2026-07-23 07:50:42.183","Kezcz63D48l","18324170","[PREMIUM]","[PREMIUM]","[PREMIUM]","205","Section 205","a",8,"[]","2026-09-20 00:00:00","electronic","exchange",1,"[PREMIUM]","1,2,3,4,5,6,7,8"
"Kezcz63O0gD","2026-07-13 23:46:36.638","2026-07-16 00:15:54.430","Kezcz63O0gD","18324170","[PREMIUM]","[PREMIUM]","[PREMIUM]","121","Section 121","b",4,"[]","2026-09-20 00:00:00","electronic","exchange",1,"[PREMIUM]","1,2,3,4"
"Kezcz63O68q","2026-07-13 23:46:36.638","2026-07-23 07:50:42.183","Kezcz63O68q","18324170","[PREMIUM]","[PREMIUM]","[PREMIUM]","210","Section 210","g",10,"[]","2026-09-20 00:00:00","electronic","exchange",0,"[PREMIUM]","1,2,3,4,5,6,7,8,9,10"
"LbviLEq5Vwb","2026-07-13 23:46:36.638","2026-07-22 03:43:21.479","LbviLEq5Vwb","18324170","[PREMIUM]","[PREMIUM]","[PREMIUM]","126","Section 126","c",4,"[]","2026-09-20 00:00:00","electronic","exchange",5,"[PREMIUM]","1,2,4"
"LbviLEqloP2","2026-07-13 23:46:36.638","2026-07-28 14:36:21.104","LbviLEqloP2","18324170","[PREMIUM]","[PREMIUM]","[PREMIUM]","107C","Section 107 C","c",2,"[]","2026-09-20 00:00:00","electronic","exchange",0,"[PREMIUM]","2"
"LbviLEqnlOe","2026-07-13 23:46:36.638","2026-07-17 00:00:44.192","LbviLEqnlOe","18324170","[PREMIUM]","[PREMIUM]","[PREMIUM]","224","Section 224","a",16,"[]","2026-09-20 00:00:00","electronic","exchange",3,"[PREMIUM]","1,2,3,4,5,6,7,8,9,10,11,12,13,14,15,16"
"LbviLEqZgqE","2026-07-13 23:46:36.638","2026-07-23 07:50:42.183","LbviLEqZgqE","18324170","[PREMIUM]","[PREMIUM]","[PREMIUM]","120","Section 120","f",2,"[]","2026-09-20 00:00:00","electronic","exchange",0,"[PREMIUM]","2"
"LbviLEqnE2Y","2026-07-13 23:46:36.638","2026-07-16 00:15:54.430","LbviLEqnE2Y","18324170","[PREMIUM]","[PREMIUM]","[PREMIUM]","103","Section 103","s",7,"[]","2026-09-20 00:00:00","electronic","exchange",2,"[PREMIUM]","1,2,3,4,5,6,7"
"LbviLEqnEk6","2026-07-13 23:46:36.638","2026-07-16 00:15:54.430","LbviLEqnEk6","18324170","[PREMIUM]","[PREMIUM]","[PREMIUM]","115","Section 115","f",4,"[]","2026-09-20 00:00:00","electronic","exchange",0,"[PREMIUM]","1,2,3,4"
"LbviLEqnEN3","2026-07-13 23:46:36.638","2026-08-01 00:05:26.729","LbviLEqnEN3","18324170","[PREMIUM]","[PREMIUM]","[PREMIUM]","216","Section 216","g",11,"[]","2026-09-20 00:00:00","electronic","exchange",0,"[PREMIUM]","1,2,3,4,5,6,7,8,9,10,11"
"LbviLEqnEKX","2026-07-13 23:46:36.638","2026-07-16 00:15:54.430","LbviLEqnEKX","18324170","[PREMIUM]","[PREMIUM]","[PREMIUM]","204","Section 204","b",6,"[]","2026-09-20 00:00:00","electronic","exchange",0,"[PREMIUM]","1,2,3,4,5,6"
"LbviLEqnGX8","2026-07-13 23:46:36.638","2026-08-01 00:05:26.729","LbviLEqnGX8","18324170","[PREMIUM]","[PREMIUM]","[PREMIUM]","211","Section 211","f",12,"[]","2026-09-20 00:00:00","electronic","exchange",0,"[PREMIUM]","1,2,3,4,5,6,7,8,9,10,11,12"
"LbviLEqloP0","2026-07-13 23:46:36.638","2026-07-18 03:12:13.655","LbviLEqloP0","18324170","[PREMIUM]","[PREMIUM]","[PREMIUM]","119","Section 119","m",2,"[]","2026-09-20 00:00:00","electronic","exchange",0,"[PREMIUM]","2"
"LbviLEqZlV9","2026-07-13 23:46:36.638","2026-08-01 00:05:26.729","LbviLEqZlV9","18324170","[PREMIUM]","[PREMIUM]","[PREMIUM]","101","Section 101","h",4,"[]","2026-09-19 00:00:00","electronic","exchange",1,"[PREMIUM]","1,2,3,4"
"LbviLEqnGdg","2026-07-13 23:46:36.638","2026-08-03 22:58:40.519","LbviLEqnGdg","18324170","[PREMIUM]","[PREMIUM]","[PREMIUM]","115","Section 115","q",4,"[]","2026-09-20 00:00:00","electronic","exchange",0,"[PREMIUM]","1,2,3,4"
"MAeIPleKGpL","2026-07-13 23:46:36.638","2026-07-16 00:15:54.430","MAeIPleKGpL","18324170","[PREMIUM]","[PREMIUM]","[PREMIUM]","114","Section 114","p",4,"[]","2026-09-20 00:00:00","electronic","exchange",1,"[PREMIUM]","1,2,3,4"
"MAeIPleKlVj","2026-07-13 23:46:36.638","2026-07-16 00:15:54.430","MAeIPleKlVj","18324170","[PREMIUM]","[PREMIUM]","[PREMIUM]","226","Section 226","e",4,"[]","2026-09-20 00:00:00","electronic","exchange",2,"[PREMIUM]","1,2,3,4"
"MAeIPle9g5Z","2026-07-13 23:46:36.638","2026-07-13 23:46:36.638","MAeIPle9g5Z","18324170","[PREMIUM]","[PREMIUM]","[PREMIUM]","113","Section 113","h",8,"[]","2026-09-20 00:00:00","electronic","exchange",0,"[PREMIUM]","1,2,3,4,5,6,7,8"
"MAeIPleK6MG","2026-07-13 23:46:36.638","2026-07-16 00:15:54.430","MAeIPleK6MG","18324170","[PREMIUM]","[PREMIUM]","[PREMIUM]","110","Section 110","g",4,"[]","2026-09-20 00:00:00","electronic","exchange",0,"[PREMIUM]","1,2,3,4"
"MAeIPleV63E","2026-07-13 23:46:36.638","2026-07-17 00:00:44.192","MAeIPleV63E","18324170","[PREMIUM]","[PREMIUM]","[PREMIUM]","221","Section 221","a",9,"[]","2026-09-20 00:00:00","electronic","exchange",1,"[PREMIUM]","1,2,3,4,5,6,7,8,9"
"MAeIPleZwR6","2026-07-13 23:46:36.638","2026-07-14 23:19:31.736","MAeIPleZwR6","18324170","[PREMIUM]","[PREMIUM]","[PREMIUM]","120","Section 120","f",4,"[]","2026-09-20 00:00:00","electronic","exchange",0,"[PREMIUM]","1,2,3,4"
"MAeIPleZzJO","2026-07-13 23:46:36.638","2026-07-13 23:46:36.638","MAeIPleZzJO","18324170","[PREMIUM]","[PREMIUM]","[PREMIUM]","126","Section 126","c",6,"[]","2026-09-20 00:00:00","electronic","exchange",1,"[PREMIUM]","1,2,3,4,5,6"
"NrqUv452pag","2026-07-13 23:46:36.638","2026-07-16 00:15:54.430","NrqUv452pag","18324170","[PREMIUM]","[PREMIUM]","[PREMIUM]","125","Section 125","k",6,"[]","2026-09-20 00:00:00","electronic","exchange",1,"[PREMIUM]","1,2,3,4,5,6"
"NrqUv45LAmJ","2026-07-13 23:46:36.638","2026-07-16 00:15:54.430","NrqUv45LAmJ","18324170","[PREMIUM]","[PREMIUM]","[PREMIUM]","220","Section 220","c",6,"[]","2026-09-20 00:00:00","electronic","exchange",1,"[PREMIUM]","1,2,3,4,5,6"
"NrqUv45ZBbk","2026-07-13 23:46:36.638","2026-07-16 00:15:54.430","NrqUv45ZBbk","18324170","[PREMIUM]","[PREMIUM]","[PREMIUM]","220","Section 220","b",4,"[]","2026-09-20 00:00:00","electronic","exchange",0,"[PREMIUM]","1,2,3,4"
"NrqUv452AM0","2026-07-13 23:46:36.638","2026-07-23 07:50:42.183","NrqUv452AM0","18324170","[PREMIUM]","[PREMIUM]","[PREMIUM]","224","Section 224","d",16,"[]","2026-09-20 00:00:00","electronic","exchange",1,"[PREMIUM]","1,2,3,4,5,6,7,8,9,10,11,12,13,14,15,16"
"NrqUv452Aem","2026-07-13 23:46:36.638","2026-07-16 00:15:54.430","NrqUv452Aem","18324170","[PREMIUM]","[PREMIUM]","[PREMIUM]","122","Section 122","q",5,"[]","2026-09-20 00:00:00","electronic","exchange",1,"[PREMIUM]","1,2,3,4,5"
"NrqUv452Aqm","2026-07-13 23:46:36.638","2026-07-16 00:15:54.430","NrqUv452Aqm","18324170","[PREMIUM]","[PREMIUM]","[PREMIUM]","103","Section 103","j",5,"[]","2026-09-20 00:00:00","electronic","exchange",0,"[PREMIUM]","1,2,3,4,5"
"NrqUv45njJ6","2026-07-13 23:46:36.638","2026-07-23 07:50:42.183","NrqUv45njJ6","18324170","[PREMIUM]","[PREMIUM]","[PREMIUM]","124","Section 124","r",11,"[]","2026-09-20 00:00:00","electronic","exchange",1,"[PREMIUM]","1,2,3,4,5,6,7,8,9,10,11"
"NrqUv45ZqdG","2026-07-13 23:46:36.638","2026-07-30 06:41:32.918","NrqUv45ZqdG","18324170","[PREMIUM]","[PREMIUM]","[PREMIUM]","205","Section 205","a",16,"[]","2026-09-20 00:00:00","electronic","exchange",1,"[PREMIUM]","1,2,3,4,5,6,7,8,9,10,11,12,13,14,15,16"
"NrqUv45n8BJ","2026-07-13 23:46:36.638","2026-07-16 00:15:54.430","NrqUv45n8BJ","18324170","[PREMIUM]","[PREMIUM]","[PREMIUM]","118","Section 118","n",7,"[]","2026-09-20 00:00:00","electronic","exchange",0,"[PREMIUM]","1,2,3,4,5,6,7"
"NrqUv45Akbq","2026-07-13 23:46:36.638","2026-07-28 14:36:21.104","NrqUv45Akbq","18324170","[PREMIUM]","[PREMIUM]","[PREMIUM]","122","Section 122","b",3,"[]","2026-09-20 00:00:00","electronic","exchange",2,"[PREMIUM]","1,2,3"
"NrqUv45xnAv","2026-07-13 23:46:36.638","2026-07-23 07:50:42.183","NrqUv45xnAv","18324170","[PREMIUM]","[PREMIUM]","[PREMIUM]","222","Section 222","a",8,"[]","2026-09-20 00:00:00","electronic","exchange",1,"[PREMIUM]","1,2,3,4,5,6,7,8"
"O7AhwrEBOd5","2026-07-13 23:46:36.638","2026-07-23 07:50:42.183","O7AhwrEBOd5","18324170","[PREMIUM]","[PREMIUM]","[PREMIUM]","218","Section 218","a",8,"[]","2026-09-20 00:00:00","electronic","exchange",1,"[PREMIUM]","1,2,3,4,5,6,7,8"
"O7AhwrE2N75","2026-07-13 23:46:36.638","2026-07-17 00:00:44.192","O7AhwrE2N75","18324170","[PREMIUM]","[PREMIUM]","[PREMIUM]","208","Section 208","b",14,"[]","2026-09-20 00:00:00","electronic","exchange",0,"[PREMIUM]","1,2,3,4,5,6,7,8,9,10,11,12,13,14"
"O7AhwrEpMAb","2026-07-13 23:46:36.638","2026-07-23 07:50:42.183","O7AhwrEpMAb","18324170","[PREMIUM]","[PREMIUM]","[PREMIUM]","226","Section 226","f",18,"[]","2026-09-20 00:00:00","electronic","exchange",1,"[PREMIUM]","1,2,3,4,5,6,7,8,9,10,11,12,13,14,15,16,17,18"
"O7AhwrEprBj","2026-07-13 23:46:36.638","2026-07-16 00:15:54.430","O7AhwrEprBj","18324170","[PREMIUM]","[PREMIUM]","[PREMIUM]","125","Section 125","h",5,"[]","2026-09-20 00:00:00","electronic","exchange",0,"[PREMIUM]","1,2,3,4,5"
"O7AhwrEpNR9","2026-07-13 23:46:36.638","2026-07-16 00:15:54.430","O7AhwrEpNR9","18324170","[PREMIUM]","[PREMIUM]","[PREMIUM]","111","Section 111","s",4,"[]","2026-09-20 00:00:00","electronic","exchange",1,"[PREMIUM]","1,2,3,4"
"O7AhwrENo3g","2026-07-13 23:46:36.638","2026-07-21 01:48:00.729","O7AhwrENo3g","18324170","[PREMIUM]","[PREMIUM]","[PREMIUM]","118","Section 118","c",5,"[]","2026-09-20 00:00:00","electronic","exchange",2,"[PREMIUM]","1,2,3,4,5"
"O7AhwrEpNLx","2026-07-13 23:46:36.638","2026-07-16 00:15:54.430","O7AhwrEpNLx","18324170","[PREMIUM]","[PREMIUM]","[PREMIUM]","122","Section 122","r",4,"[]","2026-09-20 00:00:00","electronic","exchange",1,"[PREMIUM]","1,2,3,4"
"O7AhwrEdqKZ","2026-07-13 23:46:36.638","2026-08-01 00:05:26.729","O7AhwrEdqKZ","18324170","[PREMIUM]","[PREMIUM]","[PREMIUM]","115","Section 115","j",5,"[]","2026-09-19 00:00:00","electronic","exchange",1,"[PREMIUM]","1,2,3,4,5"
"O7AhwrEpMeb","2026-07-13 23:46:36.638","2026-07-16 00:15:54.430","O7AhwrEpMeb","18324170","[PREMIUM]","[PREMIUM]","[PREMIUM]","211","Section 211","e",8,"[]","2026-09-20 00:00:00","electronic","exchange",1,"[PREMIUM]","1,2,3,4,5,6,7,8"
"O7AhwrEpr2d","2026-07-13 23:46:36.638","2026-08-03 22:58:40.519","O7AhwrEpr2d","18324170","[PREMIUM]","[PREMIUM]","[PREMIUM]","202","Section 202","c",2,"[]","2026-09-20 00:00:00","electronic","exchange",0,"[PREMIUM]","2"
"PX0sgLnGzlM","2026-07-13 23:46:36.638","2026-08-01 00:05:26.729","PX0sgLnGzlM","18324170","[PREMIUM]","[PREMIUM]","[PREMIUM]","102","Section 102","n",7,"[]","2026-09-20 00:00:00","electronic","exchange",0,"[PREMIUM]","1,2,3,4,5,6,7"
"PX0sgLn8GNO","2026-07-13 23:46:36.638","2026-08-01 00:05:26.729","PX0sgLn8GNO","18324170","[PREMIUM]","[PREMIUM]","[PREMIUM]","206","Section 206","c",5,"[]","2026-09-19 00:00:00","electronic","exchange",1,"[PREMIUM]","1,2,3,4,5"
"PX0sgLn8968","2026-07-13 23:46:36.638","2026-08-01 00:05:26.729","PX0sgLn8968","18324170","[PREMIUM]","[PREMIUM]","[PREMIUM]","208","Section 208","b",14,"[]","2026-09-20 00:00:00","electronic","exchange",0,"[PREMIUM]","1,2,3,4,5,6,7,8,9,10,11,12,13,14"
"PX0sgLnGLDk","2026-07-13 23:46:36.638","2026-07-23 07:50:42.183","PX0sgLnGLDk","18324170","[PREMIUM]","[PREMIUM]","[PREMIUM]","223","Section 223","d",12,"[]","2026-09-20 00:00:00","electronic","exchange",0,"[PREMIUM]","1,2,3,4,5,6,7,8,9,10,11,12"
"PX0sgLnGLG7","2026-07-13 23:46:36.638","2026-07-16 00:15:54.430","PX0sgLnGLG7","18324170","[PREMIUM]","[PREMIUM]","[PREMIUM]","104","Section 104","t",6,"[]","2026-09-20 00:00:00","electronic","exchange",2,"[PREMIUM]","1,2,3,4,5,6"
"PX0sgLn6lLB","2026-07-13 23:46:36.638","2026-08-01 00:05:26.729","PX0sgLn6lLB","18324170","[PREMIUM]","[PREMIUM]","[PREMIUM]","102","Section 102","p",8,"[]","2026-09-19 00:00:00","electronic","exchange",1,"[PREMIUM]","1,2,3,4,5,6,7,8"
"PX0sgLnzwPr","2026-07-13 23:46:36.638","2026-07-17 00:00:44.192","PX0sgLnzwPr","18324170","[PREMIUM]","[PREMIUM]","[PREMIUM]","105","Section 105","a",2,"[]","2026-09-20 00:00:00","electronic","exchange",4,"[PREMIUM]","2"
"PX0sgLnzm3R","2026-07-13 23:46:36.638","2026-07-14 23:19:31.736","PX0sgLnzm3R","18324170","[PREMIUM]","[PREMIUM]","[PREMIUM]","108","Section 108","d",2,"[]","2026-09-20 00:00:00","electronic","exchange",5,"[PREMIUM]","2"
"PX0sgLnxZb4","2026-07-13 23:46:36.638","2026-07-16 00:15:54.430","PX0sgLnxZb4","18324170","[PREMIUM]","[PREMIUM]","[PREMIUM]","207","Section 207","b",8,"[]","2026-09-20 00:00:00","electronic","exchange",0,"[PREMIUM]","1,2,3,4,5,6,7,8"
"PX0sgLnqRzO","2026-07-13 23:46:36.638","2026-07-17 00:00:44.192","PX0sgLnqRzO","18324170","[PREMIUM]","[PREMIUM]","[PREMIUM]","208","Section 208","a",8,"[]","2026-09-20 00:00:00","electronic","exchange",5,"[PREMIUM]","1,2,3,4,5,6,8"
"ROXHzwl7aJg","2026-07-13 23:46:36.638","2026-07-21 01:48:00.729","ROXHzwl7aJg","18324170","[PREMIUM]","[PREMIUM]","[PREMIUM]","208","Section 208","a",16,"[]","2026-09-20 00:00:00","electronic","exchange",1,"[PREMIUM]","1,2,3,4,5,6,7,8,9,10,11,12,13,14,15,16"
"ROXHzwl76VX","2026-07-13 23:46:36.638","2026-08-01 00:05:26.729","ROXHzwl76VX","18324170","[PREMIUM]","[PREMIUM]","[PREMIUM]","206","Section 206","c",6,"[]","2026-09-19 00:00:00","electronic","exchange",1,"[PREMIUM]","1,2,3,4,5,6"
"ROXHzwl6w5V","2026-07-13 23:46:36.638","2026-07-14 23:19:31.736","ROXHzwl6w5V","18324170","[PREMIUM]","[PREMIUM]","[PREMIUM]","217","Section 217","c",6,"[]","2026-09-20 00:00:00","electronic","exchange",0,"[PREMIUM]","1,2,3,4,5,6"
"ROXHzwl6Mdn","2026-07-13 23:46:36.638","2026-07-16 00:15:54.430","ROXHzwl6Mdn","18324170","[PREMIUM]","[PREMIUM]","[PREMIUM]","123","Section 123","t",7,"[]","2026-09-20 00:00:00","electronic","exchange",2,"[PREMIUM]","1,2,3,4,5,6,7"
"ROXHzwlx3X4","2026-07-13 23:46:36.638","2026-07-23 07:50:42.183","ROXHzwlx3X4","18324170","[PREMIUM]","[PREMIUM]","[PREMIUM]","208","Section 208","a",8,"[]","2026-09-20 00:00:00","electronic","exchange",0,"[PREMIUM]","1,2,3,4,5,6,7,8"
"ROXHzwlj6EE","2026-07-13 23:46:36.638","2026-07-16 00:15:54.430","ROXHzwlj6EE","18324170","[PREMIUM]","[PREMIUM]","[PREMIUM]","202","Section 202","f",4,"[]","2026-09-20 00:00:00","electronic","exchange",2,"[PREMIUM]","1,2,3,4"
"ROXHzwlOgm3","2026-07-13 23:46:36.638","2026-07-17 00:00:44.192","ROXHzwlOgm3","18324170","[PREMIUM]","[PREMIUM]","[PREMIUM]","105","Section 105","a",4,"[]","2026-09-20 00:00:00","electronic","exchange",4,"[PREMIUM]","1,2,3,4"
"ROXHzwlOdBL","2026-07-13 23:46:36.638","2026-07-16 00:15:54.430","ROXHzwlOdBL","18324170","[PREMIUM]","[PREMIUM]","[PREMIUM]","121","Section 121","a",2,"[]","2026-09-20 00:00:00","electronic","exchange",2,"[PREMIUM]","2"
"ROXHzwlx0Ex","2026-07-13 23:46:36.638","2026-07-16 00:15:54.430","ROXHzwlx0Ex","18324170","[PREMIUM]","[PREMIUM]","[PREMIUM]","108","Section 108","c",2,"[]","2026-09-20 00:00:00","electronic","exchange",1,"[PREMIUM]","1,2"
"V4KU0M3OE6E","2026-07-13 23:46:36.638","2026-08-01 00:05:26.729","V4KU0M3OE6E","18324170","[PREMIUM]","[PREMIUM]","[PREMIUM]","124","Section 124","p",8,"[]","2026-09-19 00:00:00","electronic","exchange",1,"[PREMIUM]","1,2,3,4,5,6,7,8"
"V4KU0M3XgnK","2026-07-13 23:46:36.638","2026-07-14 23:19:31.736","V4KU0M3XgnK","18324170","[PREMIUM]","[PREMIUM]","[PREMIUM]","121","Section 121","d",2,"[]","2026-09-20 00:00:00","electronic","exchange",4,"[PREMIUM]","2"
"V4KU0M3rMkO","2026-07-13 23:46:36.638","2026-07-16 00:15:54.430","V4KU0M3rMkO","18324170","[PREMIUM]","[PREMIUM]","[PREMIUM]","112","Section 112","m",7,"[]","2026-09-20 00:00:00","electronic","exchange",0,"[PREMIUM]","1,2,3,4,5,6,7"
"V4KU0M3kX4D","2026-07-13 23:46:36.638","2026-07-14 23:19:31.736","V4KU0M3kX4D","18324170","[PREMIUM]","[PREMIUM]","[PREMIUM]","126","Section 126","d",10,"[]","2026-09-20 00:00:00","electronic","exchange",0,"[PREMIUM]","1,2,3,4,5,6,7,8,9,10"
"V4KU0M3n8Yr","2026-07-13 23:46:36.638","2026-07-16 00:15:54.430","V4KU0M3n8Yr","18324170","[PREMIUM]","[PREMIUM]","[PREMIUM]","118","Section 118","n",7,"[]","2026-09-20 00:00:00","electronic","exchange",0,"[PREMIUM]","1,2,3,4,5,6,7"
"V4KU0M3nrA3","2026-07-13 23:46:36.638","2026-08-01 00:05:26.729","V4KU0M3nrA3","18324170","[PREMIUM]","[PREMIUM]","[PREMIUM]","208","Section 208","c",8,"[]","2026-09-19 00:00:00","electronic","exchange",1,"[PREMIUM]","1,2,3,4,5,6,7,8"
"V4KU0M3nYEo","2026-07-13 23:46:36.638","2026-08-01 00:05:26.729","V4KU0M3nYEo","18324170","[PREMIUM]","[PREMIUM]","[PREMIUM]","219","Section 219","b",15,"[]","2026-09-20 00:00:00","electronic","exchange",0,"[PREMIUM]","1,2,3,4,5,6,7,8,9,10,11,12,13,14,15"
"V4KU0M3pZBe","2026-07-13 23:46:36.638","2026-07-16 00:15:54.430","V4KU0M3pZBe","18324170","[PREMIUM]","[PREMIUM]","[PREMIUM]","119","Section 119","c",4,"[]","2026-09-20 00:00:00","electronic","exchange",1,"[PREMIUM]","1,2,3,4"
"V4KU0M3X82g","2026-07-13 23:46:36.638","2026-07-16 00:15:54.430","V4KU0M3X82g","18324170","[PREMIUM]","[PREMIUM]","[PREMIUM]","109","Section 109","n",4,"[]","2026-09-20 00:00:00","electronic","exchange",0,"[PREMIUM]","1,2,3,4"
"X03tKjAMjg9","2026-07-13 23:46:36.638","2026-07-14 23:19:31.736","X03tKjAMjg9","18324170","[PREMIUM]","[PREMIUM]","[PREMIUM]","121","Section 121","a",2,"[]","2026-09-20 00:00:00","electronic","exchange",5,"[PREMIUM]","2"
"X03tKjA5MbP","2026-07-13 23:46:36.638","2026-07-17 00:00:44.192","X03tKjA5MbP","18324170","[PREMIUM]","[PREMIUM]","[PREMIUM]","219","Section 219","b",15,"[]","2026-09-20 00:00:00","electronic","exchange",0,"[PREMIUM]","1,2,3,4,5,6,7,8,9,10,11,12,13,14,15"
"X03tKjAPvwP","2026-07-13 23:46:36.638","2026-07-23 07:50:42.183","X03tKjAPvwP","18324170","[PREMIUM]","[PREMIUM]","[PREMIUM]","117","Section 117","h",2,"[]","2026-09-20 00:00:00","electronic","exchange",0,"[PREMIUM]","1,2"
"X03tKjAB9Nz","2026-07-13 23:46:36.638","2026-07-13 23:46:36.638","X03tKjAB9Nz","18324170","[PREMIUM]","[PREMIUM]","[PREMIUM]","122","Section 122","c",3,"[]","2026-09-20 00:00:00","electronic","exchange",0,"[PREMIUM]","1,2,3"
"X03tKjAM8JD","2026-07-13 23:46:36.638","2026-07-14 23:19:31.736","X03tKjAM8JD","18324170","[PREMIUM]","[PREMIUM]","[PREMIUM]","120","Section 120","c",2,"[]","2026-09-20 00:00:00","electronic","exchange",1,"[PREMIUM]","2"
"X03tKjAML20","2026-07-13 23:46:36.638","2026-07-14 23:19:31.736","X03tKjAML20","18324170","[PREMIUM]","[PREMIUM]","[PREMIUM]","106","Section 106","b",4,"[]","2026-09-20 00:00:00","electronic","exchange",1,"[PREMIUM]","1,2,3,4"
"X03tKjA7mVP","2026-07-13 23:46:36.638","2026-07-16 00:15:54.430","X03tKjA7mVP","18324170","[PREMIUM]","[PREMIUM]","[PREMIUM]","207","Section 207","b",8,"[]","2026-09-20 00:00:00","electronic","exchange",0,"[PREMIUM]","1,2,3,4,5,6,7,8"
"X03tKjAlwBx","2026-07-13 23:46:36.638","2026-07-17 00:00:44.192","X03tKjAlwBx","18324170","[PREMIUM]","[PREMIUM]","[PREMIUM]","118","Section 118","e",3,"[]","2026-09-20 00:00:00","electronic","exchange",5,"[PREMIUM]","1,3"
"X03tKjAkpOa","2026-07-13 23:46:36.638","2026-07-14 23:19:31.736","X03tKjAkpOa","18324170","[PREMIUM]","[PREMIUM]","[PREMIUM]","216","Section 216","f",10,"[]","2026-09-20 00:00:00","electronic","exchange",1,"[PREMIUM]","1,2,3,4,5,6,7,8,9,10"
"X03tKjAkj7e","2026-07-13 23:46:36.638","2026-07-17 00:00:44.192","X03tKjAkj7e","18324170","[PREMIUM]","[PREMIUM]","[PREMIUM]","203","Section 203","a",16,"[]","2026-09-20 00:00:00","electronic","exchange",3,"[PREMIUM]","1,2,3,4,5,6,7,8,9,10,11,12,13,14,15,16"
"X03tKjAkMq9","2026-07-13 23:46:36.638","2026-07-16 00:15:54.430","X03tKjAkMq9","18324170","[PREMIUM]","[PREMIUM]","[PREMIUM]","101","Section 101","r",8,"[]","2026-09-20 00:00:00","electronic","exchange",2,"[PREMIUM]","1,2,3,4,5,6,7,8"
"X03tKjAR4Mr","2026-07-13 23:46:36.638","2026-08-03 22:58:40.519","X03tKjAR4Mr","18324170","[PREMIUM]","[PREMIUM]","[PREMIUM]","204","Section 204","b",6,"[]","2026-09-20 00:00:00","electronic","exchange",0,"[PREMIUM]","1,2,3,4,5,6"
"YgJtk690vrA","2026-07-13 23:46:36.638","2026-07-17 00:00:44.192","YgJtk690vrA","18324170","[PREMIUM]","[PREMIUM]","[PREMIUM]","119","Section 119","c",3,"[]","2026-09-20 00:00:00","electronic","exchange",5,"[PREMIUM]","1,3"
"YgJtk69w6XR","2026-07-13 23:46:36.638","2026-07-17 00:00:44.192","YgJtk69w6XR","18324170","[PREMIUM]","[PREMIUM]","[PREMIUM]","225","Section 225","a",16,"[]","2026-09-20 00:00:00","electronic","exchange",3,"[PREMIUM]","1,2,3,4,5,6,7,8,9,10,11,12,13,14,15,16"
"YgJtk69XZV8","2026-07-13 23:46:36.638","2026-07-23 07:50:42.183","YgJtk69XZV8","18324170","[PREMIUM]","[PREMIUM]","[PREMIUM]","101","Section 101","e",4,"[]","2026-09-20 00:00:00","electronic","exchange",0,"[PREMIUM]","1,2,3,4"
"YgJtk69eBwV","2026-07-13 23:46:36.638","2026-07-14 23:19:31.736","YgJtk69eBwV","18324170","[PREMIUM]","[PREMIUM]","[PREMIUM]","106","Section 106","d",3,"[]","2026-09-20 00:00:00","electronic","exchange",5,"[PREMIUM]","1,3"
"YgJtk69xVeq","2026-07-13 23:46:36.638","2026-07-23 07:50:42.183","YgJtk69xVeq","18324170","[PREMIUM]","[PREMIUM]","[PREMIUM]","205","Section 205","a",8,"[]","2026-09-20 00:00:00","electronic","exchange",1,"[PREMIUM]","1,2,3,4,5,6,7,8"
"YgJtk69eDG4","2026-07-13 23:46:36.638","2026-07-14 23:19:31.736","YgJtk69eDG4","18324170","[PREMIUM]","[PREMIUM]","[PREMIUM]","105","Section 105","m",5,"[]","2026-09-20 00:00:00","electronic","exchange",5,"[PREMIUM]","1,2,3,5"
"YgJtk69eGrr","2026-07-13 23:46:36.638","2026-07-16 00:15:54.430","YgJtk69eGrr","18324170","[PREMIUM]","[PREMIUM]","[PREMIUM]","121","Section 121","b",4,"[]","2026-09-20 00:00:00","electronic","exchange",1,"[PREMIUM]","1,2,3,4"
"YgJtk69weMZ","2026-07-13 23:46:36.638","2026-08-01 00:05:26.729","YgJtk69weMZ","18324170","[PREMIUM]","[PREMIUM]","[PREMIUM]","223","Section 223","c",12,"[]","2026-09-20 00:00:00","electronic","exchange",0,"[PREMIUM]","1,2,3,4,5,6,7,8,9,10,11,12"
"YgJtk69weL0","2026-07-13 23:46:36.638","2026-08-02 23:07:05.723","YgJtk69weL0","18324170","[PREMIUM]","[PREMIUM]","[PREMIUM]","202","Section 202","d",2,"[]","2026-09-20 00:00:00","electronic","exchange",0,"[PREMIUM]","2"
"YgJtk69Rde9","2026-07-13 23:46:36.638","2026-08-01 00:05:26.729","YgJtk69Rde9","18324170","[PREMIUM]","[PREMIUM]","[PREMIUM]","204","Section 204","d",6,"[]","2026-09-20 00:00:00","electronic","exchange",0,"[PREMIUM]","1,2,3,4,5,6"
"YgJtk69w6oo","2026-07-13 23:46:36.638","2026-07-16 00:15:54.430","YgJtk69w6oo","18324170","[PREMIUM]","[PREMIUM]","[PREMIUM]","115","Section 115","t",5,"[]","2026-09-20 00:00:00","electronic","exchange",2,"[PREMIUM]","1,2,3,4,5"
"YgJtk69w6jE","2026-07-13 23:46:36.638","2026-07-25 12:11:16.743","YgJtk69w6jE","18324170","[PREMIUM]","[PREMIUM]","[PREMIUM]","222","Section 222","d",11,"[]","2026-09-20 00:00:00","electronic","exchange",0,"[PREMIUM]","1,2,3,4,5,6,7,8,9,10,11"
"YgJtk69wA8b","2026-07-13 23:46:36.638","2026-08-03 22:58:40.519","YgJtk69wA8b","18324170","[PREMIUM]","[PREMIUM]","[PREMIUM]","217","Section 217","d",8,"[]","2026-09-20 00:00:00","electronic","exchange",0,"[PREMIUM]","1,2,3,4,5,6,7,8"
"YgJtk69Gg8R","2026-07-13 23:46:36.638","2026-08-03 22:58:40.519","YgJtk69Gg8R","18324170","[PREMIUM]","[PREMIUM]","[PREMIUM]","117","Section 117","k",5,"[]","2026-09-20 00:00:00","electronic","exchange",0,"[PREMIUM]","1,2,3,4,5"
"Zm9hvwmx2re","2026-07-13 23:46:36.638","2026-07-14 23:19:31.736","Zm9hvwmx2re","18324170","[PREMIUM]","[PREMIUM]","[PREMIUM]","126","Section 126","d",6,"[]","2026-09-20 00:00:00","electronic","exchange",0,"[PREMIUM]","1,2,3,4,5,6"
"Zm9hvwmqnPl","2026-07-13 23:46:36.638","2026-07-21 01:48:00.729","Zm9hvwmqnPl","18324170","[PREMIUM]","[PREMIUM]","[PREMIUM]","206","Section 206","b",4,"[]","2026-09-20 00:00:00","electronic","exchange",0,"[PREMIUM]","1,2,3,4"
"Zm9hvwmJp62","2026-07-13 23:46:36.638","2026-07-17 00:00:44.192","Zm9hvwmJp62","18324170","[PREMIUM]","[PREMIUM]","[PREMIUM]","219","Section 219","b",8,"[]","2026-09-20 00:00:00","electronic","exchange",5,"[PREMIUM]","1,2,3,4,5,6,8"
"Zm9hvwmvnVM","2026-07-13 23:46:36.638","2026-07-17 00:00:44.192","Zm9hvwmvnVM","18324170","[PREMIUM]","[PREMIUM]","[PREMIUM]","114","Section 114","g",6,"[]","2026-09-20 00:00:00","electronic","exchange",5,"[PREMIUM]","1,2,3,4,6"
"Zm9hvwmo03x","2026-07-13 23:46:36.638","2026-07-13 23:46:36.638","Zm9hvwmo03x","18324170","[PREMIUM]","[PREMIUM]","[PREMIUM]","114","Section 114","u",7,"[]","2026-09-20 00:00:00","electronic","exchange",2,"[PREMIUM]","1,2,3,4,5,6,7"
"Zm9hvwmj7zK","2026-07-13 23:46:36.638","2026-07-23 07:50:42.183","Zm9hvwmj7zK","18324170","[PREMIUM]","[PREMIUM]","[PREMIUM]","208","Section 208","c",8,"[]","2026-09-20 00:00:00","electronic","exchange",0,"[PREMIUM]","1,2,3,4,5,6,7,8"
"Zm9hvwmorGo","2026-07-13 23:46:36.638","2026-07-16 00:15:54.430","Zm9hvwmorGo","18324170","[PREMIUM]","[PREMIUM]","[PREMIUM]","122","Section 122","s",7,"[]","2026-09-20 00:00:00","electronic","exchange",1,"[PREMIUM]","1,2,3,4,5,6,7"
"Zm9hvwmorKP","2026-07-13 23:46:36.638","2026-07-17 00:00:44.192","Zm9hvwmorKP","18324170","[PREMIUM]","[PREMIUM]","[PREMIUM]","224","Section 224","c",18,"[]","2026-09-20 00:00:00","electronic","exchange",1,"[PREMIUM]","1,2,3,4,5,6,7,8,9,10,11,12,13,14,15,16,17,18"
"agktlDGgpzR","2026-07-13 23:46:36.638","2026-07-16 00:15:54.430","agktlDGgpzR","18324170","[PREMIUM]","[PREMIUM]","[PREMIUM]","123","Section 123","u",4,"[]","2026-09-20 00:00:00","electronic","exchange",3,"[PREMIUM]","1,2,3,4"
"agktlDG9Om8","2026-07-13 23:46:36.638","2026-07-23 07:50:42.183","agktlDG9Om8","18324170","[PREMIUM]","[PREMIUM]","[PREMIUM]","101","Section 101","d",2,"[]","2026-09-20 00:00:00","electronic","exchange",0,"[PREMIUM]","2"
"agktlDGgpXP","2026-07-13 23:46:36.638","2026-07-16 00:15:54.430","agktlDGgpXP","18324170","[PREMIUM]","[PREMIUM]","[PREMIUM]","123","Section 123","q",7,"[]","2026-09-20 00:00:00","electronic","exchange",1,"[PREMIUM]","1,2,3,4,5,6,7"
"agktlDGgnZE","2026-07-13 23:46:36.638","2026-07-17 00:00:44.192","agktlDGgnZE","18324170","[PREMIUM]","[PREMIUM]","[PREMIUM]","126","Section 126","p",9,"[]","2026-09-20 00:00:00","electronic","exchange",1,"[PREMIUM]","1,2,3,4,5,6,7,8,9"
"agktlDGLgGk","2026-07-13 23:46:36.638","2026-07-18 03:12:13.655","agktlDGLgGk","18324170","[PREMIUM]","[PREMIUM]","[PREMIUM]","220","Section 220","c",6,"[]","2026-09-19 00:00:00","electronic","exchange",1,"[PREMIUM]","1,2,3,4,5,6"
"agktlDGgD96","2026-07-13 23:46:36.638","2026-07-16 00:15:54.430","agktlDGgD96","18324170","[PREMIUM]","[PREMIUM]","[PREMIUM]","102","Section 102","q",8,"[]","2026-09-20 00:00:00","electronic","exchange",2,"[PREMIUM]","1,2,3,4,5,6,7,8"
"agktlDGgD4A","2026-07-13 23:46:36.638","2026-07-16 00:15:54.430","agktlDGgD4A","18324170","[PREMIUM]","[PREMIUM]","[PREMIUM]","206","Section 206","e",6,"[]","2026-09-20 00:00:00","electronic","exchange",2,"[PREMIUM]","1,2,3,4,5,6"
"b4wUaG3X45r","2026-07-13 23:46:36.638","2026-07-23 07:50:42.183","b4wUaG3X45r","18324170","[PREMIUM]","[PREMIUM]","[PREMIUM]","225","Section 225","a",8,"[]","2026-09-20 00:00:00","electronic","exchange",1,"[PREMIUM]","1,2,3,4,5,6,7,8"
"b4wUaG3Mdxv","2026-07-13 23:46:36.638","2026-07-22 03:43:21.479","b4wUaG3Mdxv","18324170","[PREMIUM]","[PREMIUM]","[PREMIUM]","106","Section 106","a",2,"[]","2026-09-20 00:00:00","electronic","exchange",1,"[PREMIUM]","2"
"b4wUaG3NqBr","2026-07-13 23:46:36.638","2026-07-23 07:50:42.183","b4wUaG3NqBr","18324170","[PREMIUM]","[PREMIUM]","[PREMIUM]","101","Section 101","u",3,"[]","2026-09-20 00:00:00","electronic","exchange",1,"[PREMIUM]","1,2,3"
"b4wUaG3XN97","2026-07-13 23:46:36.638","2026-07-23 07:50:42.183","b4wUaG3XN97","18324170","[PREMIUM]","[PREMIUM]","[PREMIUM]","221","Section 221","a",6,"[]","2026-09-20 00:00:00","electronic","exchange",0,"[PREMIUM]","1,2,3,4,5,6"
"b4wUaG3Mz28","2026-07-13 23:46:36.638","2026-07-14 23:19:31.736","b4wUaG3Mz28","18324170","[PREMIUM]","[PREMIUM]","[PREMIUM]","120","Section 120","n",2,"[]","2026-09-20 00:00:00","electronic","exchange",5,"[PREMIUM]","2"
"b4wUaG3EMoZ","2026-07-13 23:46:36.638","2026-07-16 00:15:54.430","b4wUaG3EMoZ","18324170","[PREMIUM]","[PREMIUM]","[PREMIUM]","101","Section 101","e",8,"[]","2026-09-20 00:00:00","electronic","exchange",0,"[PREMIUM]","1,2,3,4,5,6,7,8"
"b4wUaG3gMBA","2026-07-13 23:46:36.638","2026-07-16 00:15:54.430","b4wUaG3gMBA","18324170","[PREMIUM]","[PREMIUM]","[PREMIUM]","112","Section 112","k",8,"[]","2026-09-20 00:00:00","electronic","exchange",1,"[PREMIUM]","1,2,3,4,5,6,7,8"
"b4wUaG3gpJN","2026-07-13 23:46:36.638","2026-07-16 00:15:54.430","b4wUaG3gpJN","18324170","[PREMIUM]","[PREMIUM]","[PREMIUM]","226","Section 226","b",8,"[]","2026-09-20 00:00:00","electronic","exchange",0,"[PREMIUM]","1,2,3,4,5,6,7,8"
"b4wUaG3gMZ6","2026-07-13 23:46:36.638","2026-07-16 00:15:54.430","b4wUaG3gMZ6","18324170","[PREMIUM]","[PREMIUM]","[PREMIUM]","126","Section 126","f",4,"[]","2026-09-20 00:00:00","electronic","exchange",0,"[PREMIUM]","1,2,3,4"
"b4wUaG3gpm3","2026-07-13 23:46:36.638","2026-07-16 00:15:54.430","b4wUaG3gpm3","18324170","[PREMIUM]","[PREMIUM]","[PREMIUM]","111","Section 111","g",7,"[]","2026-09-20 00:00:00","electronic","exchange",0,"[PREMIUM]","1,2,3,4,5,6,7"
"b4wUaG3zg2z","2026-07-13 23:46:36.638","2026-07-16 00:15:54.430","b4wUaG3zg2z","18324170","[PREMIUM]","[PREMIUM]","[PREMIUM]","206","Section 206","a",8,"[]","2026-09-19 00:00:00","electronic","exchange",3,"[PREMIUM]","1,2,3,4,5,6,7,8"
"b4wUaG3rgzp","2026-07-13 23:46:36.638","2026-07-16 00:15:54.430","b4wUaG3rgzp","18324170","[PREMIUM]","[PREMIUM]","[PREMIUM]","124","Section 124","q",2,"[]","2026-09-20 00:00:00","electronic","exchange",2,"[PREMIUM]","2"
"b4wUaG3gM76","2026-07-13 23:46:36.638","2026-07-16 00:15:54.430","b4wUaG3gM76","18324170","[PREMIUM]","[PREMIUM]","[PREMIUM]","122","Section 122","w",4,"[]","2026-09-20 00:00:00","electronic","exchange",2,"[PREMIUM]","1,2,3,4"
"b4wUaG3zZvg","2026-07-13 23:46:36.638","2026-08-01 00:05:26.729","b4wUaG3zZvg","18324170","[PREMIUM]","[PREMIUM]","[PREMIUM]","206","Section 206","c",5,"[]","2026-09-20 00:00:00","electronic","exchange",1,"[PREMIUM]","1,2,3,4,5"
"b4wUaG3gGG5","2026-07-13 23:46:36.638","2026-07-16 00:15:54.430","b4wUaG3gGG5","18324170","[PREMIUM]","[PREMIUM]","[PREMIUM]","121","Section 121","m",5,"[]","2026-09-20 00:00:00","electronic","exchange",2,"[PREMIUM]","1,2,3,4,5"
"b4wUaG3gMPA","2026-07-13 23:46:36.638","2026-07-16 00:15:54.430","b4wUaG3gMPA","18324170","[PREMIUM]","[PREMIUM]","[PREMIUM]","103","Section 103","q",7,"[]","2026-09-20 00:00:00","electronic","exchange",1,"[PREMIUM]","1,2,3,4,5,6,7"
"b4wUaG3gG6R","2026-07-13 23:46:36.638","2026-07-14 23:19:31.736","b4wUaG3gG6R","18324170","[PREMIUM]","[PREMIUM]","[PREMIUM]","113","Section 113","b",11,"[]","2026-09-20 00:00:00","electronic","exchange",2,"[PREMIUM]","1,2,3,4,5,6,7,8,9,10,11"
"dNgUg6ak8XA","2026-07-13 23:46:36.638","2026-07-23 07:50:42.183","dNgUg6ak8XA","18324170","[PREMIUM]","[PREMIUM]","[PREMIUM]","103","Section 103","t",2,"[]","2026-09-20 00:00:00","electronic","exchange",0,"[PREMIUM]","2"
"dNgUg6aRLN5","2026-07-13 23:46:36.638","2026-07-16 00:15:54.430","dNgUg6aRLN5","18324170","[PREMIUM]","[PREMIUM]","[PREMIUM]","207","Section 207","b",13,"[]","2026-09-20 00:00:00","electronic","exchange",0,"[PREMIUM]","1,2,3,4,5,6,7,8,9,10,11,12,13"
"dNgUg6aE5vA","2026-07-13 23:46:36.638","2026-07-14 23:19:31.736","dNgUg6aE5vA","18324170","[PREMIUM]","[PREMIUM]","[PREMIUM]","106","Section 106","b",2,"[]","2026-09-20 00:00:00","electronic","exchange",1,"[PREMIUM]","1,2"
"dNgUg6aEk7L","2026-07-13 23:46:36.638","2026-07-23 07:50:42.183","dNgUg6aEk7L","18324170","[PREMIUM]","[PREMIUM]","[PREMIUM]","219","Section 219","a",2,"[]","2026-09-20 00:00:00","electronic","exchange",0,"[PREMIUM]","1,2"
"dNgUg6aRD2B","2026-07-13 23:46:36.638","2026-07-21 01:48:00.729","dNgUg6aRD2B","18324170","[PREMIUM]","[PREMIUM]","[PREMIUM]","206","Section 206","b",4,"[]","2026-09-19 00:00:00","electronic","exchange",1,"[PREMIUM]","1,2,3,4"
"dNgUg6aD3X8","2026-07-13 23:46:36.638","2026-07-23 07:50:42.183","dNgUg6aD3X8","18324170","[PREMIUM]","[PREMIUM]","[PREMIUM]","226","Section 226","d",10,"[]","2026-09-20 00:00:00","electronic","exchange",1,"[PREMIUM]","1,2,3,4,5,6,7,8,9,10"
"dNgUg6aD6E6","2026-07-13 23:46:36.638","2026-07-14 23:19:31.736","dNgUg6aD6E6","18324170","[PREMIUM]","[PREMIUM]","[PREMIUM]","114","Section 114","l",12,"[]","2026-09-20 00:00:00","electronic","exchange",2,"[PREMIUM]","1,2,3,4,5,6,7,8,9,10,11,12"
"dNgUg6aD647","2026-07-13 23:46:36.638","2026-07-16 00:15:54.430","dNgUg6aD647","18324170","[PREMIUM]","[PREMIUM]","[PREMIUM]","224","Section 224","b",7,"[]","2026-09-20 00:00:00","electronic","exchange",0,"[PREMIUM]","1,2,3,4,5,6,7"
"eeacK2l9Jql","2026-07-13 23:46:36.638","2026-07-16 00:15:54.430","eeacK2l9Jql","18324170","[PREMIUM]","[PREMIUM]","[PREMIUM]","124","Section 124","q",8,"[]","2026-09-20 00:00:00","electronic","exchange",2,"[PREMIUM]","1,2,3,4,5,6,7,8"
"eeacK2l92rV","2026-07-13 23:46:36.638","2026-07-16 00:15:54.430","eeacK2l92rV","18324170","[PREMIUM]","[PREMIUM]","[PREMIUM]","206","Section 206","e",4,"[]","2026-09-20 00:00:00","electronic","exchange",2,"[PREMIUM]","1,2,3,4"
"eeacK2lbEXg","2026-07-13 23:46:36.638","2026-08-01 00:05:26.729","eeacK2lbEXg","18324170","[PREMIUM]","[PREMIUM]","[PREMIUM]","219","Section 219","c",2,"[]","2026-09-20 00:00:00","electronic","exchange",1,"[PREMIUM]","2"
"eeacK2lb9LL","2026-07-13 23:46:36.638","2026-07-13 23:46:36.638","eeacK2lb9LL","18324170","[PREMIUM]","[PREMIUM]","[PREMIUM]","209","Section 209","a",8,"[]","2026-09-19 00:00:00","electronic","exchange",3,"[PREMIUM]","1,2,3,4,5,6,7,8"
"eeacK2lOVll","2026-07-13 23:46:36.638","2026-07-14 23:19:31.736","eeacK2lOVll","18324170","[PREMIUM]","[PREMIUM]","[PREMIUM]","110","Section 110","t",2,"[]","2026-09-20 00:00:00","electronic","exchange",0,"[PREMIUM]","2"
"eeacK2lw3a2","2026-07-13 23:46:36.638","2026-07-21 01:48:00.729","eeacK2lw3a2","18324170","[PREMIUM]","[PREMIUM]","[PREMIUM]","117","Section 117","j",3,"[]","2026-09-20 00:00:00","electronic","exchange",0,"[PREMIUM]","1,2,3"
"g48Urox0plR","2026-07-13 23:46:36.638","2026-07-16 00:15:54.430","g48Urox0plR","18324170","[PREMIUM]","[PREMIUM]","[PREMIUM]","115","Section 115","h",6,"[]","2026-09-20 00:00:00","electronic","exchange",1,"[PREMIUM]","1,2,3,4,5,6"
"g48UroxA0xX","2026-07-13 23:46:36.638","2026-08-01 00:05:26.729","g48UroxA0xX","18324170","[PREMIUM]","[PREMIUM]","[PREMIUM]","221","Section 221","a",8,"[]","2026-09-19 00:00:00","electronic","exchange",1,"[PREMIUM]","1,2,3,4,5,6,7,8"
"g48Urox0Mma","2026-07-13 23:46:36.638","2026-07-16 00:15:54.430","g48Urox0Mma","18324170","[PREMIUM]","[PREMIUM]","[PREMIUM]","126","Section 126","q",7,"[]","2026-09-20 00:00:00","electronic","exchange",2,"[PREMIUM]","1,2,3,4,5,6,7"
"g48Urox8M66","2026-07-13 23:46:36.638","2026-07-17 00:00:44.192","g48Urox8M66","18324170","[PREMIUM]","[PREMIUM]","[PREMIUM]","218","Section 218","a",12,"[]","2026-09-20 00:00:00","electronic","exchange",2,"[PREMIUM]","1,2,3,4,5,6,7,8,9,10,11,12"
"g48UroxALBP","2026-07-13 23:46:36.638","2026-07-14 23:19:31.736","g48UroxALBP","18324170","[PREMIUM]","[PREMIUM]","[PREMIUM]","106","Section 106","e",4,"[]","2026-09-20 00:00:00","electronic","exchange",1,"[PREMIUM]","1,2,3,4"
"g48UroxbOmr","2026-07-13 23:46:36.638","2026-07-13 23:46:36.638","g48UroxbOmr","18324170","[PREMIUM]","[PREMIUM]","[PREMIUM]","115","Section 115","l",8,"[]","2026-09-20 00:00:00","electronic","exchange",1,"[PREMIUM]","1,2,3,4,5,6,7,8"
"g48UroxZ3XK","2026-07-13 23:46:36.638","2026-07-23 07:50:42.183","g48UroxZ3XK","18324170","[PREMIUM]","[PREMIUM]","[PREMIUM]","121","Section 121","e",7,"[]","2026-09-19 00:00:00","electronic","exchange",1,"[PREMIUM]","1,2,3,4,5,6,7"
"jDvsz7v4M3w","2026-07-13 23:46:36.638","2026-07-14 23:19:31.736","jDvsz7v4M3w","18324170","[PREMIUM]","[PREMIUM]","[PREMIUM]","109","Section 109","a",2,"[]","2026-09-20 00:00:00","electronic","exchange",5,"[PREMIUM]","2"
"jDvsz7vG4oN","2026-07-13 23:46:36.638","2026-07-17 00:00:44.192","jDvsz7vG4oN","18324170","[PREMIUM]","[PREMIUM]","[PREMIUM]","225","Section 225","b",17,"[]","2026-09-20 00:00:00","electronic","exchange",0,"[PREMIUM]","1,2,3,4,5,6,7,8,9,10,11,12,13,14,15,16,17"
"jDvsz7vAeLn","2026-07-13 23:46:36.638","2026-07-20 00:33:55.878","jDvsz7vAeLn","18324170","[PREMIUM]","[PREMIUM]","[PREMIUM]","126","Section 126","c",6,"[]","2026-09-20 00:00:00","electronic","exchange",1,"[PREMIUM]","1,2,3,4,5,6"
"jDvsz7v8Lom","2026-07-13 23:46:36.638","2026-07-23 07:50:42.183","jDvsz7v8Lom","18324170","[PREMIUM]","[PREMIUM]","[PREMIUM]","103","Section 103","q",7,"[]","2026-09-20 00:00:00","electronic","exchange",0,"[PREMIUM]","1,2,3,4,5,6,7"
"jDvsz7vY4al","2026-07-13 23:46:36.638","2026-07-14 23:19:31.736","jDvsz7vY4al","18324170","[PREMIUM]","[PREMIUM]","[PREMIUM]","205","Section 205","e",6,"[]","2026-09-20 00:00:00","electronic","exchange",1,"[PREMIUM]","1,2,3,4,5,6"
"jDvsz7vG4ea","2026-07-13 23:46:36.638","2026-07-16 00:15:54.430","jDvsz7vG4ea","18324170","[PREMIUM]","[PREMIUM]","[PREMIUM]","102","Section 102","k",5,"[]","2026-09-20 00:00:00","electronic","exchange",1,"[PREMIUM]","1,2,3,4,5"
"kYet94kAK3E","2026-07-13 23:46:36.638","2026-07-23 07:50:42.183","kYet94kAK3E","18324170","[PREMIUM]","[PREMIUM]","[PREMIUM]","207","Section 207","g",2,"[]","2026-09-20 00:00:00","electronic","exchange",1,"[PREMIUM]","2"
"kYet94kB5dD","2026-07-13 23:46:36.638","2026-07-14 23:19:31.736","kYet94kB5dD","18324170","[PREMIUM]","[PREMIUM]","[PREMIUM]","111","Section 111","m",2,"[]","2026-09-20 00:00:00","electronic","exchange",0,"[PREMIUM]","2"
"kYet94k44vb","2026-07-13 23:46:36.638","2026-07-16 00:15:54.430","kYet94k44vb","18324170","[PREMIUM]","[PREMIUM]","[PREMIUM]","219","Section 219","a",5,"[]","2026-09-20 00:00:00","electronic","exchange",1,"[PREMIUM]","1,2,3,4,5"
"kYet94klrnp","2026-07-13 23:46:36.638","2026-07-16 00:15:54.430","kYet94klrnp","18324170","[PREMIUM]","[PREMIUM]","[PREMIUM]","115","Section 115","p",5,"[]","2026-09-20 00:00:00","electronic","exchange",1,"[PREMIUM]","1,2,3,4,5"
"kYet94kzla7","2026-07-13 23:46:36.638","2026-07-18 03:12:13.655","kYet94kzla7","18324170","[PREMIUM]","[PREMIUM]","[PREMIUM]","222","Section 222","a",8,"[]","2026-09-19 00:00:00","electronic","exchange",2,"[PREMIUM]","1,2,3,4,5,6,7,8"
"kYet94kzrNA","2026-07-13 23:46:36.638","2026-07-17 00:00:44.192","kYet94kzrNA","18324170","[PREMIUM]","[PREMIUM]","[PREMIUM]","101","Section 101","e",8,"[]","2026-09-19 00:00:00","electronic","exchange",0,"[PREMIUM]","1,2,3,4,5,6,7,8"
"kYet94kl4gw","2026-07-13 23:46:36.638","2026-07-16 00:15:54.430","kYet94kl4gw","18324170","[PREMIUM]","[PREMIUM]","[PREMIUM]","105","Section 105","s",4,"[]","2026-09-20 00:00:00","electronic","exchange",1,"[PREMIUM]","1,2,3,4"
"kYet94klOLN","2026-07-13 23:46:36.638","2026-07-16 00:15:54.430","kYet94klOLN","18324170","[PREMIUM]","[PREMIUM]","[PREMIUM]","116","Section 116","h",7,"[]","2026-09-20 00:00:00","electronic","exchange",1,"[PREMIUM]","1,2,3,4,5,6,7"
"kYet94klOk8","2026-07-13 23:46:36.638","2026-07-16 00:15:54.430","kYet94klOk8","18324170","[PREMIUM]","[PREMIUM]","[PREMIUM]","114","Section 114","k",5,"[]","2026-09-20 00:00:00","electronic","exchange",1,"[PREMIUM]","1,2,3,4,5"
"kYet94klrw2","2026-07-13 23:46:36.638","2026-07-14 23:19:31.736","kYet94klrw2","18324170","[PREMIUM]","[PREMIUM]","[PREMIUM]","113","Section 113","c",6,"[]","2026-09-20 00:00:00","electronic","exchange",2,"[PREMIUM]","1,2,3,4,5,6"
"kYet94kzMkm","2026-07-13 23:46:36.638","2026-07-16 00:15:54.430","kYet94kzMkm","18324170","[PREMIUM]","[PREMIUM]","[PREMIUM]","109","Section 109","n",4,"[]","2026-09-20 00:00:00","electronic","exchange",0,"[PREMIUM]","1,2,3,4"
"kYet94kzM0m","2026-07-13 23:46:36.638","2026-07-19 00:29:20.848","kYet94kzM0m","18324170","[PREMIUM]","[PREMIUM]","[PREMIUM]","118","Section 118","n",3,"[]","2026-09-20 00:00:00","electronic","exchange",0,"[PREMIUM]","1,2,3"
"kYet94krRXj","2026-07-13 23:46:36.638","2026-07-16 00:15:54.430","kYet94krRXj","18324170","[PREMIUM]","[PREMIUM]","[PREMIUM]","108","Section 108","n",2,"[]","2026-09-20 00:00:00","electronic","exchange",2,"[PREMIUM]","2"
"kYet94krRXb","2026-07-13 23:46:36.638","2026-07-28 14:36:21.104","kYet94krRXb","18324170","[PREMIUM]","[PREMIUM]","[PREMIUM]","119","Section 119","n",7,"[]","2026-09-20 00:00:00","electronic","exchange",3,"[PREMIUM]","1,2,3,4,5,6,7"
"kYet94klrYp","2026-07-13 23:46:36.638","2026-07-16 00:15:54.430","kYet94klrYp","18324170","[PREMIUM]","[PREMIUM]","[PREMIUM]","110","Section 110","k",5,"[]","2026-09-20 00:00:00","electronic","exchange",0,"[PREMIUM]","1,2,3,4,5"
"kYet94kk9n7","2026-07-13 23:46:36.638","2026-08-03 22:58:40.519","kYet94kk9n7","18324170","[PREMIUM]","[PREMIUM]","[PREMIUM]","121","Section 121","p",2,"[]","2026-09-20 00:00:00","electronic","exchange",0,"[PREMIUM]","2"
"lxVsdL6DkK5","2026-07-13 23:46:36.638","2026-07-14 23:19:31.736","lxVsdL6DkK5","18324170","[PREMIUM]","[PREMIUM]","[PREMIUM]","126","Section 126","d",8,"[]","2026-09-19 00:00:00","electronic","exchange",0,"[PREMIUM]","1,2,3,4,5,6,7,8"
"lxVsdL6V5m6","2026-07-13 23:46:36.638","2026-07-23 07:50:42.183","lxVsdL6V5m6","18324170","[PREMIUM]","[PREMIUM]","[PREMIUM]","104","Section 104","t",6,"[]","2026-09-20 00:00:00","electronic","exchange",0,"[PREMIUM]","1,2,3,4,5,6"
"lxVsdL67Lpw","2026-07-13 23:46:36.638","2026-07-16 00:15:54.430","lxVsdL67Lpw","18324170","[PREMIUM]","[PREMIUM]","[PREMIUM]","201","Section 201","d",6,"[]","2026-09-20 00:00:00","electronic","exchange",1,"[PREMIUM]","1,2,3,4,5,6"
"lxVsdL6Dr0n","2026-07-13 23:46:36.638","2026-07-25 12:11:16.743","lxVsdL6Dr0n","18324170","[PREMIUM]","[PREMIUM]","[PREMIUM]","101","Section 101","c",2,"[]","2026-09-20 00:00:00","electronic","exchange",0,"[PREMIUM]","2"
"lxVsdL67kE2","2026-07-13 23:46:36.638","2026-07-16 00:15:54.430","lxVsdL67kE2","18324170","[PREMIUM]","[PREMIUM]","[PREMIUM]","207","Section 207","e",8,"[]","2026-09-20 00:00:00","electronic","exchange",2,"[PREMIUM]","1,2,3,4,5,6,7,8"
"lxVsdL6Dv6p","2026-07-13 23:46:36.638","2026-07-17 00:00:44.192","lxVsdL6Dv6p","18324170","[PREMIUM]","[PREMIUM]","[PREMIUM]","108C","Section 108 C","a",2,"[]","2026-09-20 00:00:00","electronic","exchange",1,"[PREMIUM]","2"
"lxVsdL67knX","2026-07-13 23:46:36.638","2026-07-17 00:00:44.192","lxVsdL67knX","18324170","[PREMIUM]","[PREMIUM]","[PREMIUM]","116","Section 116","j",9,"[]","2026-09-20 00:00:00","electronic","exchange",1,"[PREMIUM]","1,2,3,4,5,6,7,8,9"
"lxVsdL67krX","2026-07-13 23:46:36.638","2026-07-17 00:00:44.192","lxVsdL67krX","18324170","[PREMIUM]","[PREMIUM]","[PREMIUM]","125","Section 125","n",9,"[]","2026-09-20 00:00:00","electronic","exchange",1,"[PREMIUM]","1,2,3,4,5,6,7,8,9"
"lxVsdL6MoaL","2026-07-13 23:46:36.638","2026-07-23 07:50:42.183","lxVsdL6MoaL","18324170","[PREMIUM]","[PREMIUM]","[PREMIUM]","121","Section 121","e",7,"[]","2026-09-20 00:00:00","electronic","exchange",1,"[PREMIUM]","1,2,3,4,5,6,7"
"lxVsdL6ZXxn","2026-07-13 23:46:36.638","2026-07-19 00:29:20.848","lxVsdL6ZXxn","18324170","[PREMIUM]","[PREMIUM]","[PREMIUM]","118","Section 118","n",3,"[]","2026-09-20 00:00:00","electronic","exchange",4,"[PREMIUM]","1,3"
"lxVsdL6pk9Z","2026-07-13 23:46:36.638","2026-07-16 00:15:54.430","lxVsdL6pk9Z","18324170","[PREMIUM]","[PREMIUM]","[PREMIUM]","206","Section 206","b",4,"[]","2026-09-20 00:00:00","electronic","exchange",0,"[PREMIUM]","1,2,3,4"
"lxVsdL6wdee","2026-07-13 23:46:36.638","2026-08-01 00:05:26.729","lxVsdL6wdee","18324170","[PREMIUM]","[PREMIUM]","[PREMIUM]","102","Section 102","p",8,"[]","2026-09-20 00:00:00","electronic","exchange",0,"[PREMIUM]","1,2,3,4,5,6,7,8"
"lxVsdL6kMrR","2026-07-13 23:46:36.638","2026-07-21 01:48:00.729","lxVsdL6kMrR","18324170","[PREMIUM]","[PREMIUM]","[PREMIUM]","108","Section 108","e",3,"[]","2026-09-20 00:00:00","electronic","exchange",1,"[PREMIUM]","1,2,3"
"lxVsdL6kMrY","2026-07-13 23:46:36.638","2026-07-27 01:56:26.447","lxVsdL6kMrY","18324170","[PREMIUM]","[PREMIUM]","[PREMIUM]","122","Section 122","d",4,"[]","2026-09-20 00:00:00","electronic","exchange",0,"[PREMIUM]","1,2,3,4"
"lxVsdL6jPeZ","2026-07-13 23:46:36.638","2026-07-13 23:46:36.638","lxVsdL6jPeZ","18324170","[PREMIUM]","[PREMIUM]","[PREMIUM]","209","Section 209","a",8,"[]","2026-09-20 00:00:00","electronic","exchange",1,"[PREMIUM]","1,2,3,4,5,6,7,8"
"lxVsdL6jPVZ","2026-07-13 23:46:36.638","2026-07-23 07:50:42.183","lxVsdL6jPVZ","18324170","[PREMIUM]","[PREMIUM]","[PREMIUM]","221","Section 221","c",8,"[]","2026-09-20 00:00:00","electronic","exchange",0,"[PREMIUM]","1,2,3,4,5,6,7,8"
"lxVsdL6k9og","2026-07-13 23:46:36.638","2026-07-14 23:19:31.736","lxVsdL6k9og","18324170","[PREMIUM]","[PREMIUM]","[PREMIUM]","120","Section 120","m",2,"[]","2026-09-20 00:00:00","electronic","exchange",5,"[PREMIUM]","2"
"lxVsdL6kzZj","2026-07-13 23:46:36.638","2026-07-13 23:46:36.638","lxVsdL6kzZj","18324170","[PREMIUM]","[PREMIUM]","[PREMIUM]","109","Section 109","n",4,"[]","2026-09-19 00:00:00","electronic","exchange",1,"[PREMIUM]","1,2,3,4"
"mxAs4Yz9YRd","2026-07-13 23:46:36.638","2026-07-14 23:19:31.736","mxAs4Yz9YRd","18324170","[PREMIUM]","[PREMIUM]","[PREMIUM]","105","Section 105","d",2,"[]","2026-09-20 00:00:00","electronic","exchange",5,"[PREMIUM]","2"
"mxAs4YzZKEA","2026-07-13 23:46:36.638","2026-07-23 07:50:42.183","mxAs4YzZKEA","18324170","[PREMIUM]","[PREMIUM]","[PREMIUM]","115","Section 115","r",11,"[]","2026-09-20 00:00:00","electronic","exchange",0,"[PREMIUM]","1,2,3,4,5,6,7,8,9,10,11"
"mxAs4YzZKrA","2026-07-13 23:46:36.638","2026-07-16 00:15:54.430","mxAs4YzZKrA","18324170","[PREMIUM]","[PREMIUM]","[PREMIUM]","203","Section 203","d",4,"[]","2026-09-20 00:00:00","electronic","exchange",1,"[PREMIUM]","1,2,3,4"
"mxAs4YzZYoz","2026-07-13 23:46:36.638","2026-07-23 07:50:42.183","mxAs4YzZYoz","18324170","[PREMIUM]","[PREMIUM]","[PREMIUM]","211","Section 211","g",15,"[]","2026-09-20 00:00:00","electronic","exchange",0,"[PREMIUM]","1,2,3,4,5,6,7,8,9,10,11,12,13,14,15"
"mxAs4Yz98RN","2026-07-13 23:46:36.638","2026-07-28 14:36:21.104","mxAs4Yz98RN","18324170","[PREMIUM]","[PREMIUM]","[PREMIUM]","122","Section 122","a",2,"[]","2026-09-20 00:00:00","electronic","exchange",2,"[PREMIUM]","2"
"mxAs4YzDZj9","2026-07-13 23:46:36.638","2026-08-01 00:05:26.729","mxAs4YzDZj9","18324170","[PREMIUM]","[PREMIUM]","[PREMIUM]","206","Section 206","b",8,"[]","2026-09-19 00:00:00","electronic","exchange",1,"[PREMIUM]","1,2,3,4,5,6,7,8"
"mxAs4YzDkGO","2026-07-13 23:46:36.638","2026-07-19 00:29:20.848","mxAs4YzDkGO","18324170","[PREMIUM]","[PREMIUM]","[PREMIUM]","207","Section 207","c",11,"[]","2026-09-20 00:00:00","electronic","exchange",0,"[PREMIUM]","1,2,3,4,5,6,7,8,9,10,11"
"mxAs4Yzdv7R","2026-07-13 23:46:36.638","2026-07-16 00:15:54.430","mxAs4Yzdv7R","18324170","[PREMIUM]","[PREMIUM]","[PREMIUM]","206","Section 206","a",6,"[]","2026-09-20 00:00:00","electronic","exchange",1,"[PREMIUM]","1,2,3,4,5,6"
"mxAs4YzO9x0","2026-07-13 23:46:36.638","2026-07-13 23:46:36.638","mxAs4YzO9x0","18324170","[PREMIUM]","[PREMIUM]","[PREMIUM]","209","Section 209","a",10,"[]","2026-09-20 00:00:00","electronic","exchange",2,"[PREMIUM]","1,2,3,4,5,6,7,8,9,10"
"nx0srM04dXw","2026-07-13 23:46:36.638","2026-07-17 00:00:44.192","nx0srM04dXw","18324170","[PREMIUM]","[PREMIUM]","[PREMIUM]","106","Section 106","c",2,"[]","2026-09-20 00:00:00","electronic","exchange",1,"[PREMIUM]","2"
"nx0srM0z4bl","2026-07-13 23:46:36.638","2026-07-16 00:15:54.430","nx0srM0z4bl","18324170","[PREMIUM]","[PREMIUM]","[PREMIUM]","117","Section 117","l",6,"[]","2026-09-20 00:00:00","electronic","exchange",1,"[PREMIUM]","1,2,3,4,5,6"
"nx0srM0LR44","2026-07-13 23:46:36.638","2026-07-13 23:46:36.638","nx0srM0LR44","18324170","[PREMIUM]","[PREMIUM]","[PREMIUM]","122","Section 122","k",3,"[]","2026-09-20 00:00:00","electronic","exchange",0,"[PREMIUM]","1,2,3"
"nx0srM0gJ70","2026-07-13 23:46:36.638","2026-07-23 07:50:42.183","nx0srM0gJ70","18324170","[PREMIUM]","[PREMIUM]","[PREMIUM]","220","Section 220","a",2,"[]","2026-09-20 00:00:00","electronic","exchange",0,"[PREMIUM]","2"
"nx0srM0z499","2026-07-13 23:46:36.638","2026-07-23 07:50:42.183","nx0srM0z499","18324170","[PREMIUM]","[PREMIUM]","[PREMIUM]","223","Section 223","e",12,"[]","2026-09-20 00:00:00","electronic","exchange",1,"[PREMIUM]","1,2,3,4,5,6,7,8,9,10,11,12"
"oV7HbEnX0vj","2026-07-13 23:46:36.638","2026-07-23 07:50:42.183","oV7HbEnX0vj","18324170","[PREMIUM]","[PREMIUM]","[PREMIUM]","125","Section 125","t",2,"[]","2026-09-20 00:00:00","electronic","exchange",1,"[PREMIUM]","2"
"oV7HbEngEXL","2026-07-13 23:46:36.638","2026-07-14 23:19:31.736","oV7HbEngEXL","18324170","[PREMIUM]","[PREMIUM]","[PREMIUM]","124","Section 124","p",9,"[]","2026-09-20 00:00:00","electronic","exchange",2,"[PREMIUM]","1,2,3,4,5,6,7,8,9"
"oV7HbEnd8Mw","2026-07-13 23:46:36.638","2026-07-14 23:19:31.736","oV7HbEnd8Mw","18324170","[PREMIUM]","[PREMIUM]","[PREMIUM]","120","Section 120","e",2,"[]","2026-09-20 00:00:00","electronic","exchange",0,"[PREMIUM]","2"
"oV7HbEn8kpE","2026-07-13 23:46:36.638","2026-07-23 07:50:42.183","oV7HbEn8kpE","18324170","[PREMIUM]","[PREMIUM]","[PREMIUM]","201","Section 201","a",6,"[]","2026-09-20 00:00:00","electronic","exchange",1,"[PREMIUM]","1,2,3,4,5,6"
"oV7HbEndK2B","2026-07-13 23:46:36.638","2026-07-16 00:15:54.430","oV7HbEndK2B","18324170","[PREMIUM]","[PREMIUM]","[PREMIUM]","119","Section 119","n",7,"[]","2026-09-20 00:00:00","electronic","exchange",2,"[PREMIUM]","1,2,3,4,5,6,7"
"oV7HbEnX54j","2026-07-13 23:46:36.638","2026-07-16 00:15:54.430","oV7HbEnX54j","18324170","[PREMIUM]","[PREMIUM]","[PREMIUM]","114","Section 114","m",2,"[]","2026-09-20 00:00:00","electronic","exchange",0,"[PREMIUM]","2"
"oV7HbEndgDv","2026-07-13 23:46:36.638","2026-08-01 00:05:26.729","oV7HbEndgDv","18324170","[PREMIUM]","[PREMIUM]","[PREMIUM]","221","Section 221","b",8,"[]","2026-09-19 00:00:00","electronic","exchange",1,"[PREMIUM]","1,2,3,4,5,6,7,8"
"oV7HbEngERk","2026-07-13 23:46:36.638","2026-07-17 00:00:44.192","oV7HbEngERk","18324170","[PREMIUM]","[PREMIUM]","[PREMIUM]","210","Section 210","f",18,"[]","2026-09-20 00:00:00","electronic","exchange",0,"[PREMIUM]","1,2,3,4,5,6,7,8,9,10,11,12,13,14,15,16,17,18"
"oV7HbEnzw4a","2026-07-13 23:46:36.638","2026-07-14 23:19:31.736","oV7HbEnzw4a","18324170","[PREMIUM]","[PREMIUM]","[PREMIUM]","111","Section 111","s",9,"[]","2026-09-20 00:00:00","electronic","exchange",1,"[PREMIUM]","1,2,3,4,5,6,7,8,9"
"oV7HbEnxm2G","2026-07-13 23:46:36.638","2026-07-28 14:36:21.104","oV7HbEnxm2G","18324170","[PREMIUM]","[PREMIUM]","[PREMIUM]","106","Section 106","n",2,"[]","2026-09-20 00:00:00","electronic","exchange",4,"[PREMIUM]","2"
"oV7HbEnglp0","2026-07-13 23:46:36.638","2026-07-22 03:43:21.479","oV7HbEnglp0","18324170","[PREMIUM]","[PREMIUM]","[PREMIUM]","206","Section 206","a",3,"[]","2026-09-20 00:00:00","electronic","exchange",1,"[PREMIUM]","1,2,3"
"oV7HbEngq8n","2026-07-13 23:46:36.638","2026-07-16 00:15:54.430","oV7HbEngq8n","18324170","[PREMIUM]","[PREMIUM]","[PREMIUM]","124","Section 124","n",5,"[]","2026-09-20 00:00:00","electronic","exchange",1,"[PREMIUM]","1,2,3,4,5"
"oV7HbEnxm2q","2026-07-13 23:46:36.638","2026-07-28 14:36:21.104","oV7HbEnxm2q","18324170","[PREMIUM]","[PREMIUM]","[PREMIUM]","121","Section 121","n",2,"[]","2026-09-20 00:00:00","electronic","exchange",3,"[PREMIUM]","2"
"oV7HbEngqZX","2026-07-13 23:46:36.638","2026-07-16 00:15:54.430","oV7HbEngqZX","18324170","[PREMIUM]","[PREMIUM]","[PREMIUM]","105","Section 105","r",5,"[]","2026-09-20 00:00:00","electronic","exchange",1,"[PREMIUM]","1,2,3,4,5"
"oV7HbEngqa3","2026-07-13 23:46:36.638","2026-07-16 00:15:54.430","oV7HbEngqa3","18324170","[PREMIUM]","[PREMIUM]","[PREMIUM]","116","Section 116","l",7,"[]","2026-09-20 00:00:00","electronic","exchange",2,"[PREMIUM]","1,2,3,4,5,6,7"
"oV7HbEngxvP","2026-07-13 23:46:36.638","2026-07-16 00:15:54.430","oV7HbEngxvP","18324170","[PREMIUM]","[PREMIUM]","[PREMIUM]","114","Section 114","r",7,"[]","2026-09-20 00:00:00","electronic","exchange",1,"[PREMIUM]","1,2,3,4,5,6,7"
"oV7HbEngxr4","2026-07-13 23:46:36.638","2026-07-16 00:15:54.430","oV7HbEngxr4","18324170","[PREMIUM]","[PREMIUM]","[PREMIUM]","201","Section 201","b",8,"[]","2026-09-20 00:00:00","electronic","exchange",0,"[PREMIUM]","1,2,3,4,5,6,7,8"
"pVXHDEK8jV6","2026-07-13 23:46:36.638","2026-07-14 23:19:31.736","pVXHDEK8jV6","18324170","[PREMIUM]","[PREMIUM]","[PREMIUM]","105","Section 105","n",8,"[]","2026-09-20 00:00:00","electronic","exchange",0,"[PREMIUM]","1,2,3,4,5,6,7,8"
"pVXHDEKVpbw","2026-07-13 23:46:36.638","2026-07-28 14:36:21.104","pVXHDEKVpbw","18324170","[PREMIUM]","[PREMIUM]","[PREMIUM]","105","Section 105","b",2,"[]","2026-09-20 00:00:00","electronic","exchange",2,"[PREMIUM]","2"
"pVXHDEK2JDz","2026-07-13 23:46:36.638","2026-07-16 00:15:54.430","pVXHDEK2JDz","18324170","[PREMIUM]","[PREMIUM]","[PREMIUM]","113","Section 113","g",5,"[]","2026-09-20 00:00:00","electronic","exchange",0,"[PREMIUM]","1,2,3,4,5"
"pVXHDEK2Jax","2026-07-13 23:46:36.638","2026-07-16 00:15:54.430","pVXHDEK2Jax","18324170","[PREMIUM]","[PREMIUM]","[PREMIUM]","113","Section 113","q",5,"[]","2026-09-20 00:00:00","electronic","exchange",1,"[PREMIUM]","1,2,3,4,5"
"pVXHDEK2Jnx","2026-07-13 23:46:36.638","2026-07-16 00:15:54.430","pVXHDEK2Jnx","18324170","[PREMIUM]","[PREMIUM]","[PREMIUM]","201","Section 201","e",7,"[]","2026-09-20 00:00:00","electronic","exchange",2,"[PREMIUM]","1,2,3,4,5,6,7"
"pVXHDEK2VlE","2026-07-13 23:46:36.638","2026-08-01 00:05:26.729","pVXHDEK2VlE","18324170","[PREMIUM]","[PREMIUM]","[PREMIUM]","116","Section 116","k",9,"[]","2026-09-20 00:00:00","electronic","exchange",1,"[PREMIUM]","1,2,3,4,5,6,7,8,9"
"pVXHDEKzAZg","2026-07-13 23:46:36.638","2026-07-16 00:15:54.430","pVXHDEKzAZg","18324170","[PREMIUM]","[PREMIUM]","[PREMIUM]","206","Section 206","a",9,"[]","2026-09-20 00:00:00","electronic","exchange",2,"[PREMIUM]","1,2,3,4,5,6,7,8,9"
"pVXHDEKRV4B","2026-07-13 23:46:36.638","2026-08-03 22:58:40.519","pVXHDEKRV4B","18324170","[PREMIUM]","[PREMIUM]","[PREMIUM]","208","Section 208","c",2,"[]","2026-09-20 00:00:00","electronic","exchange",0,"[PREMIUM]","2"
"qVjH2VZkdel","2026-07-13 23:46:36.638","2026-07-17 00:00:44.192","qVjH2VZkdel","18324170","[PREMIUM]","[PREMIUM]","[PREMIUM]","108","Section 108","a",2,"[]","2026-09-20 00:00:00","electronic","exchange",2,"[PREMIUM]","2"
"qVjH2VZORoe","2026-07-13 23:46:36.638","2026-07-21 01:48:00.729","qVjH2VZORoe","18324170","[PREMIUM]","[PREMIUM]","[PREMIUM]","101","Section 101","m",2,"[]","2026-09-20 00:00:00","electronic","exchange",0,"[PREMIUM]","2"
"qVjH2VZA8zp","2026-07-13 23:46:36.638","2026-08-01 00:05:26.729","qVjH2VZA8zp","18324170","[PREMIUM]","[PREMIUM]","[PREMIUM]","126","Section 126","e",10,"[]","2026-09-20 00:00:00","electronic","exchange",0,"[PREMIUM]","1,2,3,4,5,6,7,8,9,10"
"qVjH2VZknLG","2026-07-13 23:46:36.638","2026-07-14 23:19:31.736","qVjH2VZknLG","18324170","[PREMIUM]","[PREMIUM]","[PREMIUM]","109","Section 109","b",2,"[]","2026-09-20 00:00:00","electronic","exchange",5,"[PREMIUM]","2"
"qVjH2VZg9bE","2026-07-13 23:46:36.638","2026-07-23 07:50:42.183","qVjH2VZg9bE","18324170","[PREMIUM]","[PREMIUM]","[PREMIUM]","201","Section 201","f",14,"[]","2026-09-20 00:00:00","electronic","exchange",1,"[PREMIUM]","1,2,3,4,5,6,7,8,9,10,11,12,13,14"
"qVjH2VZgVaq","2026-07-13 23:46:36.638","2026-07-17 00:00:44.192","qVjH2VZgVaq","18324170","[PREMIUM]","[PREMIUM]","[PREMIUM]","204","Section 204","a",16,"[]","2026-09-20 00:00:00","electronic","exchange",2,"[PREMIUM]","1,2,3,4,5,6,7,8,9,10,11,12,13,14,15,16"
"qVjH2VZknpm","2026-07-13 23:46:36.638","2026-07-14 23:19:31.736","qVjH2VZknpm","18324170","[PREMIUM]","[PREMIUM]","[PREMIUM]","119","Section 119","m",2,"[]","2026-09-20 00:00:00","electronic","exchange",5,"[PREMIUM]","2"
"qVjH2VZgk04","2026-07-13 23:46:36.638","2026-07-16 00:15:54.430","qVjH2VZgk04","18324170","[PREMIUM]","[PREMIUM]","[PREMIUM]","102","Section 102","p",8,"[]","2026-09-20 00:00:00","electronic","exchange",1,"[PREMIUM]","1,2,3,4,5,6,7,8"
"rVOHkRzJxnJ","2026-07-13 23:46:36.638","2026-07-23 07:50:42.183","rVOHkRzJxnJ","18324170","[PREMIUM]","[PREMIUM]","[PREMIUM]","219","Section 219","c",8,"[]","2026-09-20 00:00:00","electronic","exchange",0,"[PREMIUM]","1,2,3,4,5,6,7,8"
"rVOHkRzAJYz","2026-07-13 23:46:36.638","2026-07-14 23:19:31.736","rVOHkRzAJYz","18324170","[PREMIUM]","[PREMIUM]","[PREMIUM]","120","Section 120","n",5,"[]","2026-09-20 00:00:00","electronic","exchange",1,"[PREMIUM]","1,2,3,4,5"
"rVOHkRzAMzb","2026-07-13 23:46:36.638","2026-07-28 14:36:21.104","rVOHkRzAMzb","18324170","[PREMIUM]","[PREMIUM]","[PREMIUM]","106","Section 106","e",4,"[]","2026-09-20 00:00:00","electronic","exchange",1,"[PREMIUM]","1,2,3,4"
"rVOHkRzAaEv","2026-07-13 23:46:36.638","2026-07-14 23:19:31.736","rVOHkRzAaEv","18324170","[PREMIUM]","[PREMIUM]","[PREMIUM]","105","Section 105","n",8,"[]","2026-09-19 00:00:00","electronic","exchange",1,"[PREMIUM]","1,2,3,4,5,6,7,8"
"rVOHkRzbaVY","2026-07-13 23:46:36.638","2026-07-16 00:15:54.430","rVOHkRzbaVY","18324170","[PREMIUM]","[PREMIUM]","[PREMIUM]","216","Section 216","h",13,"[]","2026-09-20 00:00:00","electronic","exchange",2,"[PREMIUM]","1,2,3,4,5,6,7,8,9,10,11,12,13"
"rVOHkRzb6l4","2026-07-13 23:46:36.638","2026-07-23 07:50:42.183","rVOHkRzb6l4","18324170","[PREMIUM]","[PREMIUM]","[PREMIUM]","205","Section 205","d",13,"[]","2026-09-20 00:00:00","electronic","exchange",0,"[PREMIUM]","1,2,3,4,5,6,7,8,9,10,11,12,13"
"rVOHkRzb63D","2026-07-13 23:46:36.638","2026-07-16 00:15:54.430","rVOHkRzb63D","18324170","[PREMIUM]","[PREMIUM]","[PREMIUM]","101","Section 101","h",4,"[]","2026-09-20 00:00:00","electronic","exchange",0,"[PREMIUM]","1,2,3,4"
"rVOHkRza4Y9","2026-07-13 23:46:36.638","2026-07-28 14:36:21.104","rVOHkRza4Y9","18324170","[PREMIUM]","[PREMIUM]","[PREMIUM]","106","Section 106","d",3,"[]","2026-09-20 00:00:00","electronic","exchange",0,"[PREMIUM]","1,2,3"
"rVOHkRza067","2026-07-13 23:46:36.638","2026-07-17 00:00:44.192","rVOHkRza067","18324170","[PREMIUM]","[PREMIUM]","[PREMIUM]","105","Section 105","m",7,"[]","2026-09-19 00:00:00","electronic","exchange",2,"[PREMIUM]","1,2,3,4,5,6,7"
"rVOHkRzbR9N","2026-07-13 23:46:36.638","2026-07-14 23:19:31.736","rVOHkRzbR9N","18324170","[PREMIUM]","[PREMIUM]","[PREMIUM]","114","Section 114","v",5,"[]","2026-09-20 00:00:00","electronic","exchange",2,"[PREMIUM]","1,2,3,4,5"
"rVOHkRza4YB","2026-07-13 23:46:36.638","2026-07-28 14:36:21.104","rVOHkRza4YB","18324170","[PREMIUM]","[PREMIUM]","[PREMIUM]","122","Section 122","e",2,"[]","2026-09-20 00:00:00","electronic","exchange",0,"[PREMIUM]","2"
"rVOHkRzbRJE","2026-07-13 23:46:36.638","2026-07-17 00:00:44.192","rVOHkRzbRJE","18324170","[PREMIUM]","[PREMIUM]","[PREMIUM]","103","Section 103","r",9,"[]","2026-09-20 00:00:00","electronic","exchange",1,"[PREMIUM]","1,2,3,4,5,6,7,8,9"
"rVOHkRzbawY","2026-07-13 23:46:36.638","2026-07-16 00:15:54.430","rVOHkRzbawY","18324170","[PREMIUM]","[PREMIUM]","[PREMIUM]","122","Section 122","d",4,"[]","2026-09-20 00:00:00","electronic","exchange",0,"[PREMIUM]","1,2,3,4"
"rVOHkRzbawO","2026-07-13 23:46:36.638","2026-07-16 00:15:54.430","rVOHkRzbawO","18324170","[PREMIUM]","[PREMIUM]","[PREMIUM]","126","Section 126","c",4,"[]","2026-09-20 00:00:00","electronic","exchange",1,"[PREMIUM]","1,2,3,4"
"rVOHkRzbamD","2026-07-13 23:46:36.638","2026-07-23 07:50:42.183","rVOHkRzbamD","18324170","[PREMIUM]","[PREMIUM]","[PREMIUM]","111","Section 111","k",11,"[]","2026-09-20 00:00:00","electronic","exchange",0,"[PREMIUM]","1,2,3,4,5,6,7,8,9,10,11"
"rVOHkRzbadD","2026-07-13 23:46:36.638","2026-07-23 07:50:42.183","rVOHkRzbadD","18324170","[PREMIUM]","[PREMIUM]","[PREMIUM]","206","Section 206","d",17,"[]","2026-09-20 00:00:00","electronic","exchange",0,"[PREMIUM]","1,2,3,4,5,6,7,8,9,10,11,12,13,14,15,16,17"
"rVOHkRzbaYY","2026-07-13 23:46:36.638","2026-07-16 00:15:54.430","rVOHkRzbaYY","18324170","[PREMIUM]","[PREMIUM]","[PREMIUM]","126","Section 126","r",6,"[]","2026-09-20 00:00:00","electronic","exchange",2,"[PREMIUM]","1,2,3,4,5,6"
"rVOHkRzXoYN","2026-07-13 23:46:36.638","2026-08-03 22:58:40.519","rVOHkRzXoYN","18324170","[PREMIUM]","[PREMIUM]","[PREMIUM]","204","Section 204","b",6,"[]","2026-09-19 00:00:00","electronic","exchange",0,"[PREMIUM]","1,2,3,4,5,6"
"vb3iPekAOGq","2026-07-13 23:46:36.638","2026-07-14 23:19:31.736","vb3iPekAOGq","18324170","[PREMIUM]","[PREMIUM]","[PREMIUM]","105","Section 105","n",8,"[]","2026-09-20 00:00:00","electronic","exchange",0,"[PREMIUM]","1,2,3,4,5,6,7,8"
"vb3iPekDpoO","2026-07-13 23:46:36.638","2026-07-16 00:15:54.430","vb3iPekDpoO","18324170","[PREMIUM]","[PREMIUM]","[PREMIUM]","118","Section 118","n",7,"[]","2026-09-19 00:00:00","electronic","exchange",1,"[PREMIUM]","1,2,3,4,5,6,7"
"vb3iPekXdwq","2026-07-13 23:46:36.638","2026-07-22 03:43:21.479","vb3iPekXdwq","18324170","[PREMIUM]","[PREMIUM]","[PREMIUM]","126","Section 126","e",10,"[]","2026-09-20 00:00:00","electronic","exchange",0,"[PREMIUM]","1,2,3,4,5,6,7,8,9,10"
"vb3iPekjb7K","2026-07-13 23:46:36.638","2026-08-01 00:05:26.729","vb3iPekjb7K","18324170","[PREMIUM]","[PREMIUM]","[PREMIUM]","218","Section 218","a",8,"[]","2026-09-19 00:00:00","electronic","exchange",1,"[PREMIUM]","1,2,3,4,5,6,7,8"
"vb3iPek5Ek7","2026-07-13 23:46:36.638","2026-07-16 00:15:54.430","vb3iPek5Ek7","18324170","[PREMIUM]","[PREMIUM]","[PREMIUM]","119","Section 119","c",4,"[]","2026-09-20 00:00:00","electronic","exchange",0,"[PREMIUM]","1,2,3,4"
"vb3iPekdJar","2026-07-13 23:46:36.638","2026-07-14 23:19:31.736","vb3iPekdJar","18324170","[PREMIUM]","[PREMIUM]","[PREMIUM]","118","Section 118","c",5,"[]","2026-09-20 00:00:00","electronic","exchange",5,"[PREMIUM]","1,2,3,5"
"vb3iPekjA3X","2026-07-13 23:46:36.638","2026-07-13 23:46:36.638","vb3iPekjA3X","18324170","[PREMIUM]","[PREMIUM]","[PREMIUM]","109","Section 109","m",4,"[]","2026-09-20 00:00:00","electronic","exchange",0,"[PREMIUM]","1,2,3,4"
"vb3iPekbdnM","2026-07-13 23:46:36.638","2026-07-16 00:15:54.430","vb3iPekbdnM","18324170","[PREMIUM]","[PREMIUM]","[PREMIUM]","113","Section 113","n",5,"[]","2026-09-20 00:00:00","electronic","exchange",1,"[PREMIUM]","1,2,3,4,5"
"vb3iPekbeGn","2026-07-13 23:46:36.638","2026-07-16 00:15:54.430","vb3iPekbeGn","18324170","[PREMIUM]","[PREMIUM]","[PREMIUM]","117","Section 117","k",5,"[]","2026-09-20 00:00:00","electronic","exchange",1,"[PREMIUM]","1,2,3,4,5"
"vb3iPekj394","2026-07-13 23:46:36.638","2026-08-01 00:05:26.729","vb3iPekj394","18324170","[PREMIUM]","[PREMIUM]","[PREMIUM]","219","Section 219","c",7,"[]","2026-09-20 00:00:00","electronic","exchange",1,"[PREMIUM]","1,2,3,4,5,6,7"
"vb3iPekbrEd","2026-07-13 23:46:36.638","2026-07-16 00:15:54.430","vb3iPekbrEd","18324170","[PREMIUM]","[PREMIUM]","[PREMIUM]","102","Section 102","s",5,"[]","2026-09-20 00:00:00","electronic","exchange",2,"[PREMIUM]","1,2,3,4,5"
"vb3iPekbrKd","2026-07-13 23:46:36.638","2026-07-16 00:15:54.430","vb3iPekbrKd","18324170","[PREMIUM]","[PREMIUM]","[PREMIUM]","204","Section 204","d",6,"[]","2026-09-20 00:00:00","electronic","exchange",1,"[PREMIUM]","1,2,3,4,5,6"
"w3JsedGOPvv","2026-07-13 23:46:36.638","2026-07-18 03:12:13.655","w3JsedGOPvv","18324170","[PREMIUM]","[PREMIUM]","[PREMIUM]","222","Section 222","a",14,"[]","2026-09-20 00:00:00","electronic","exchange",1,"[PREMIUM]","1,2,3,4,5,6,7,8,9,10,11,12,13,14"
"w3JsedGOX3a","2026-07-13 23:46:36.638","2026-07-14 23:19:31.736","w3JsedGOX3a","18324170","[PREMIUM]","[PREMIUM]","[PREMIUM]","109","Section 109","m",2,"[]","2026-09-20 00:00:00","electronic","exchange",0,"[PREMIUM]","2"
"w3JsedGOXGa","2026-07-13 23:46:36.638","2026-07-28 14:36:21.104","w3JsedGOXGa","18324170","[PREMIUM]","[PREMIUM]","[PREMIUM]","105","Section 105","a",3,"[]","2026-09-20 00:00:00","electronic","exchange",2,"[PREMIUM]","1,2,3"
"w3JsedGOn2Z","2026-07-13 23:46:36.638","2026-07-16 00:15:54.430","w3JsedGOn2Z","18324170","[PREMIUM]","[PREMIUM]","[PREMIUM]","221","Section 221","c",8,"[]","2026-09-19 00:00:00","electronic","exchange",2,"[PREMIUM]","1,2,3,4,5,6,7,8"
"w3JsedGRx8n","2026-07-13 23:46:36.638","2026-07-14 23:19:31.736","w3JsedGRx8n","18324170","[PREMIUM]","[PREMIUM]","[PREMIUM]","101","Section 101","b",4,"[]","2026-09-20 00:00:00","electronic","exchange",1,"[PREMIUM]","1,2,3,4"
"w3JsedG8Vww","2026-07-13 23:46:36.638","2026-07-20 00:33:55.878","w3JsedG8Vww","18324170","[PREMIUM]","[PREMIUM]","[PREMIUM]","106","Section 106","e",4,"[]","2026-09-20 00:00:00","electronic","exchange",5,"[PREMIUM]","1,2,4"
"w3JsedG9lAN","2026-07-13 23:46:36.638","2026-07-13 23:46:36.638","w3JsedG9lAN","18324170","[PREMIUM]","[PREMIUM]","[PREMIUM]","115","Section 115","l",8,"[]","2026-09-20 00:00:00","electronic","exchange",1,"[PREMIUM]","1,2,3,4,5,6,7,8"
"w3JsedG0n6B","2026-07-13 23:46:36.638","2026-07-16 00:15:54.430","w3JsedG0n6B","18324170","[PREMIUM]","[PREMIUM]","[PREMIUM]","115","Section 115","j",5,"[]","2026-09-20 00:00:00","electronic","exchange",1,"[PREMIUM]","1,2,3,4,5"
"w3JsedGxMVm","2026-07-13 23:46:36.638","2026-07-14 23:19:31.736","w3JsedGxMVm","18324170","[PREMIUM]","[PREMIUM]","[PREMIUM]","106","Section 106","m",2,"[]","2026-09-20 00:00:00","electronic","exchange",5,"[PREMIUM]","2"
"w3JsedGnLA2","2026-07-13 23:46:36.638","2026-07-16 00:15:54.430","w3JsedGnLA2","18324170","[PREMIUM]","[PREMIUM]","[PREMIUM]","204","Section 204","e",4,"[]","2026-09-20 00:00:00","electronic","exchange",2,"[PREMIUM]","1,2,3,4"
"w3JsedGnLX2","2026-07-13 23:46:36.638","2026-07-23 07:50:42.183","w3JsedGnLX2","18324170","[PREMIUM]","[PREMIUM]","[PREMIUM]","125","Section 125","r",9,"[]","2026-09-20 00:00:00","electronic","exchange",1,"[PREMIUM]","1,2,3,4,5,6,7,8,9"
"w3JsedGnLqV","2026-07-13 23:46:36.638","2026-07-16 00:15:54.430","w3JsedGnLqV","18324170","[PREMIUM]","[PREMIUM]","[PREMIUM]","117","Section 117","h",6,"[]","2026-09-20 00:00:00","electronic","exchange",0,"[PREMIUM]","1,2,3,4,5,6"
"w3JsedGnd4J","2026-07-13 23:46:36.638","2026-07-16 00:15:54.430","w3JsedGnd4J","18324170","[PREMIUM]","[PREMIUM]","[PREMIUM]","114","Section 114","g",6,"[]","2026-09-20 00:00:00","electronic","exchange",1,"[PREMIUM]","1,2,3,4,5,6"
"w3JsedGxoP0","2026-07-13 23:46:36.638","2026-07-27 01:56:26.447","w3JsedGxoP0","18324170","[PREMIUM]","[PREMIUM]","[PREMIUM]","106","Section 106","m",2,"[]","2026-09-20 00:00:00","electronic","exchange",4,"[PREMIUM]","2"
"w3JsedGxoPx","2026-07-13 23:46:36.638","2026-07-21 01:48:00.729","w3JsedGxoPx","18324170","[PREMIUM]","[PREMIUM]","[PREMIUM]","105","Section 105","m",4,"[]","2026-09-20 00:00:00","electronic","exchange",1,"[PREMIUM]","1,2,3,4"
"w3JsedGnxEr","2026-07-13 23:46:36.638","2026-07-17 00:00:44.192","w3JsedGnxEr","18324170","[PREMIUM]","[PREMIUM]","[PREMIUM]","226","Section 226","a",14,"[]","2026-09-20 00:00:00","electronic","exchange",3,"[PREMIUM]","1,2,3,4,5,6,7,8,9,10,11,12,13,14"
"xb9imBe0Olq","2026-07-13 23:46:36.638","2026-07-14 23:19:31.736","xb9imBe0Olq","18324170","[PREMIUM]","[PREMIUM]","[PREMIUM]","105","Section 105","n",12,"[]","2026-09-20 00:00:00","electronic","exchange",0,"[PREMIUM]","1,2,3,4,5,6,7,8,9,10,11,12"
"xb9imBeE68n","2026-07-13 23:46:36.638","2026-07-17 00:00:44.192","xb9imBeE68n","18324170","[PREMIUM]","[PREMIUM]","[PREMIUM]","101","Section 101","e",6,"[]","2026-09-20 00:00:00","electronic","exchange",0,"[PREMIUM]","1,2,3,4,5,6"
"xb9imBeEz2A","2026-07-13 23:46:36.638","2026-07-14 23:19:31.736","xb9imBeEz2A","18324170","[PREMIUM]","[PREMIUM]","[PREMIUM]","120","Section 120","f",2,"[]","2026-09-20 00:00:00","electronic","exchange",0,"[PREMIUM]","1,2"
"xb9imBeZOng","2026-07-13 23:46:36.638","2026-07-16 00:15:54.430","xb9imBeZOng","18324170","[PREMIUM]","[PREMIUM]","[PREMIUM]","105","Section 105","m",7,"[]","2026-09-20 00:00:00","electronic","exchange",2,"[PREMIUM]","1,2,3,4,5,6,7"
"xb9imBev5Al","2026-07-13 23:46:36.638","2026-08-01 00:05:26.729","xb9imBev5Al","18324170","[PREMIUM]","[PREMIUM]","[PREMIUM]","206","Section 206","b",9,"[]","2026-09-20 00:00:00","electronic","exchange",0,"[PREMIUM]","1,2,3,4,5,6,7,8,9"
"xb9imBeOv8k","2026-07-13 23:46:36.638","2026-07-14 23:19:31.736","xb9imBeOv8k","18324170","[PREMIUM]","[PREMIUM]","[PREMIUM]","119","Section 119","n",2,"[]","2026-09-20 00:00:00","electronic","exchange",5,"[PREMIUM]","2"
"xb9imBeZOdz","2026-07-13 23:46:36.638","2026-07-23 07:50:42.183","xb9imBeZOdz","18324170","[PREMIUM]","[PREMIUM]","[PREMIUM]","123","Section 123","r",13,"[]","2026-09-20 00:00:00","electronic","exchange",1,"[PREMIUM]","1,2,3,4,5,6,7,8,9,10,11,12,13"
"xb9imBeZO5z","2026-07-13 23:46:36.638","2026-07-16 00:15:54.430","xb9imBeZO5z","18324170","[PREMIUM]","[PREMIUM]","[PREMIUM]","123","Section 123","j",8,"[]","2026-09-20 00:00:00","electronic","exchange",1,"[PREMIUM]","1,2,3,4,5,6,7,8"
"xb9imBeZOqg","2026-07-13 23:46:36.638","2026-07-23 07:50:42.183","xb9imBeZOqg","18324170","[PREMIUM]","[PREMIUM]","[PREMIUM]","102","Section 102","r",8,"[]","2026-09-20 00:00:00","electronic","exchange",1,"[PREMIUM]","1,2,3,4,5,6,7,8"
"xb9imBeZx4d","2026-07-13 23:46:36.638","2026-07-13 23:46:36.638","xb9imBeZx4d","18324170","[PREMIUM]","[PREMIUM]","[PREMIUM]","211","Section 211","d",6,"[]","2026-09-20 00:00:00","electronic","exchange",0,"[PREMIUM]","1,2,3,4,5,6"
"xb9imBeZBrR","2026-07-13 23:46:36.638","2026-07-16 00:15:54.430","xb9imBeZBrR","18324170","[PREMIUM]","[PREMIUM]","[PREMIUM]","121","Section 121","e",7,"[]","2026-09-20 00:00:00","electronic","exchange",1,"[PREMIUM]","1,2,3,4,5,6,7"
"xb9imBeZB0v","2026-07-13 23:46:36.638","2026-07-16 00:15:54.430","xb9imBeZB0v","18324170","[PREMIUM]","[PREMIUM]","[PREMIUM]","223","Section 223","b",4,"[]","2026-09-20 00:00:00","electronic","exchange",0,"[PREMIUM]","1,2,3,4"
"xb9imBerVbq","2026-07-13 23:46:36.638","2026-07-23 07:50:42.183","xb9imBerVbq","18324170","[PREMIUM]","[PREMIUM]","[PREMIUM]","208","Section 208","a",8,"[]","2026-09-20 00:00:00","electronic","exchange",0,"[PREMIUM]","1,2,3,4,5,6,7,8"
"xb9imBeZx32","2026-07-13 23:46:36.638","2026-08-01 00:05:26.729","xb9imBeZx32","18324170","[PREMIUM]","[PREMIUM]","[PREMIUM]","201","Section 201","c",13,"[]","2026-09-20 00:00:00","electronic","exchange",0,"[PREMIUM]","1,2,3,4,5,6,7,8,9,10,11,12,13"
"z3Es6qL2eYn","2026-07-13 23:46:36.638","2026-07-18 03:12:13.655","z3Es6qL2eYn","18324170","[PREMIUM]","[PREMIUM]","[PREMIUM]","220","Section 220","b",4,"[]","2026-09-20 00:00:00","electronic","exchange",0,"[PREMIUM]","1,2,3,4"
"z3Es6qL2Va9","2026-07-13 23:46:36.638","2026-08-01 00:05:26.729","z3Es6qL2Va9","18324170","[PREMIUM]","[PREMIUM]","[PREMIUM]","219","Section 219","b",8,"[]","2026-09-19 00:00:00","electronic","exchange",1,"[PREMIUM]","1,2,3,4,5,6,7,8"
"z3Es6qL25rp","2026-07-13 23:46:36.638","2026-07-16 00:15:54.430","z3Es6qL25rp","18324170","[PREMIUM]","[PREMIUM]","[PREMIUM]","207","Section 207","b",13,"[]","2026-09-20 00:00:00","electronic","exchange",0,"[PREMIUM]","1,2,3,4,5,6,7,8,9,10,11,12,13"
"z3Es6qLV8kj","2026-07-13 23:46:36.638","2026-07-16 00:15:54.430","z3Es6qLV8kj","18324170","[PREMIUM]","[PREMIUM]","[PREMIUM]","105","Section 105","t",7,"[]","2026-09-20 00:00:00","electronic","exchange",1,"[PREMIUM]","1,2,3,4,5,6,7"
"z3Es6qLPOZw","2026-07-13 23:46:36.638","2026-07-23 07:50:42.183","z3Es6qLPOZw","18324170","[PREMIUM]","[PREMIUM]","[PREMIUM]","207","Section 207","a",3,"[]","2026-09-20 00:00:00","electronic","exchange",0,"[PREMIUM]","1,2,3"
"z3Es6qLVqj6","2026-07-13 23:46:36.638","2026-07-16 00:15:54.430","z3Es6qLVqj6","18324170","[PREMIUM]","[PREMIUM]","[PREMIUM]","111","Section 111","q",4,"[]","2026-09-20 00:00:00","electronic","exchange",1,"[PREMIUM]","1,2,3,4"
"z3Es6qLV8eR","2026-07-13 23:46:36.638","2026-07-17 00:00:44.192","z3Es6qLV8eR","18324170","[PREMIUM]","[PREMIUM]","[PREMIUM]","211","Section 211","a",15,"[]","2026-09-20 00:00:00","electronic","exchange",4,"[PREMIUM]","1,2,3,4,5,6,7,8,9,10,11,12,13,14,15"
"z3Es6qL8P32","2026-07-13 23:46:36.638","2026-07-28 14:36:21.104","z3Es6qL8P32","18324170","[PREMIUM]","[PREMIUM]","[PREMIUM]","119","Section 119","n",7,"[]","2026-09-20 00:00:00","electronic","exchange",4,"[PREMIUM]","1,2,3,4,5,6,7"
"z3Es6qLlpzJ","2026-07-13 23:46:36.638","2026-07-28 14:36:21.104","z3Es6qLlpzJ","18324170","[PREMIUM]","[PREMIUM]","[PREMIUM]","115","Section 115","h",6,"[]","2026-09-20 00:00:00","electronic","exchange",0,"[PREMIUM]","1,2,3,4,5,6"
"z3Es6qLl7ep","2026-07-13 23:46:36.638","2026-08-03 22:58:40.519","z3Es6qLl7ep","18324170","[PREMIUM]","[PREMIUM]","[PREMIUM]","115","Section 115","j",5,"[]","2026-09-20 00:00:00","electronic","exchange",0,"[PREMIUM]","1,2,3,4,5"
"z3Es6qLVqBA","2026-07-13 23:46:36.638","2026-08-03 22:58:40.519","z3Es6qLVqBA","18324170","[PREMIUM]","[PREMIUM]","[PREMIUM]","207","Section 207","d",2,"[]","2026-09-20 00:00:00","electronic","exchange",0,"[PREMIUM]","2"
"DdwHkO6xr4O","2026-07-13 23:46:26.971","2026-07-13 23:46:26.971","DdwHkO6xr4O","18076602","[PREMIUM]","[PREMIUM]","[PREMIUM]","303","Upper 303","t",10,"['1','2','3','4','5','6','7','8','9','10']","2026-06-29 00:00:00","sg_app","exchange",2,"[PREMIUM]","1,2,3,4,5,6,7,8,10"
"eeacK2lZl5P","2026-07-13 23:46:26.971","2026-08-03 22:47:39.663","eeacK2lZl5P","18076602","[PREMIUM]","[PREMIUM]","[PREMIUM]","303","Upper 303","u",2,"['11','12']","2026-06-29 00:00:00","electronic","exchange",1,"[PREMIUM]","2"
"l_R2MzMwLHL0e5qLSDBR5lzUXRxn5guqxx4LXHJx1RyxTMLqR5QfKwAvNJh6jflbURp","2026-07-13 23:46:26.971","2026-07-16 23:56:00.895","l_R2MzMwLHL0e5qLSDBR5lzUXRxn5guqxx4LXHJx1RyxTMLqR5QfKwAvNJh6jflbURp","18076602","[PREMIUM]","[PREMIUM]","[PREMIUM]","305","Upper 305","n",7,"['5','6','7','8','9','10','11']",,"sg_app","open",2,"[PREMIUM]","1,2,3,4,5,7"
"l_45030Z1hzWA96zCwpqj6McbwmJkETbjrjbXfX4gQJYCQmXZy6cJY26bzIDgfzRFVY","2026-07-13 23:46:26.971","2026-08-03 22:47:39.663","l_45030Z1hzWA96zCwpqj6McbwmJkETbjrjbXfX4gQJYCQmXZy6cJY26bzIDgfzRFVY","18076602","[PREMIUM]","[PREMIUM]","[PREMIUM]","123","Section 123","q",3,"['7','8','9']",,"sg_app","open",5,"[PREMIUM]","1,3"
"l_w8z4zYei6KpVq6u4MYBJNh1GyDNJhWjy9GwsrR83yLcz0r0MdSNrwDWATgVhmeij8","2026-07-13 23:46:26.971","2026-07-23 07:45:10.825","l_w8z4zYei6KpVq6u4MYBJNh1GyDNJhWjy9GwsrR83yLcz0r0MdSNrwDWATgVhmeij8","18076602","[PREMIUM]","[PREMIUM]","[PREMIUM]","329","Upper 329","y",4,"['1','2','3','4']",,"sg_app","open",1,"[PREMIUM]","1,2,4"
"mowvr42","2026-07-13 23:46:26.971","2026-08-01 23:12:44.874","mowvr42","18076602","[PREMIUM]","[PREMIUM]","[PREMIUM]","138","Section 138","s",2,"['15','16']",,"electronic","open_marketplace",0,"[PREMIUM]","2"
"nx0srM0Ozjw","2026-07-13 23:46:26.971","2026-07-14 23:18:20.552","nx0srM0Ozjw","18076602","[PREMIUM]","[PREMIUM]","[PREMIUM]","321","Upper 321","y",3,"['9','10','11']","2026-12-18 00:00:00","sg_app","exchange",0,"[PREMIUM]","3"
"o24npy9","2026-07-13 23:46:26.971","2026-08-03 22:47:39.663","o24npy9","18076602","[PREMIUM]","[PREMIUM]","[PREMIUM]","135","Section 135","b",4,"['10','11','12','13']",,"electronic","open_marketplace",0,"[PREMIUM]","1,2,4"
"wzxqjmv","2026-07-13 23:46:26.971","2026-08-03 22:47:39.663","wzxqjmv","18076602","[PREMIUM]","[PREMIUM]","[PREMIUM]","327","Upper 327","l",2,"['3','4']",,"electronic","open_marketplace",2,"[PREMIUM]","2"
"xb9imBeM0mn","2026-07-13 23:46:26.971","2026-07-16 00:11:46.506","xb9imBeM0mn","18076602","[PREMIUM]","[PREMIUM]","[PREMIUM]","313","Upper 313","l",2,"['7','8']","2026-06-29 00:00:00","sg_app","exchange",1,"[PREMIUM]","2"
"05VT8K5xz5b","2026-07-13 23:46:26.652","2026-07-16 00:14:24.309","05VT8K5xz5b","18327228","[PREMIUM]","[PREMIUM]","[PREMIUM]","205","Section 205","n",2,"[]","2026-09-18 00:00:00","electronic","exchange",1,"[PREMIUM]","2"
"mxAs4YzngD9","2026-07-13 23:46:26.652","2026-07-16 23:59:49.371","mxAs4YzngD9","18327228","[PREMIUM]","[PREMIUM]","[PREMIUM]","402","Section 402","u",2,"[]","2026-09-19 00:00:00","electronic","exchange",1,"[PREMIUM]","2"
"oV7HbEno5Z6","2026-07-13 23:46:26.652","2026-07-16 23:59:49.371","oV7HbEno5Z6","18327228","[PREMIUM]","[PREMIUM]","[PREMIUM]","443","Section 443","u",2,"[]","2026-09-19 00:00:00","electronic","exchange",2,"[PREMIUM]","2"
"qVjH2VZMRED","2026-07-13 23:46:26.652","2026-07-16 23:59:49.371","qVjH2VZMRED","18327228","[PREMIUM]","[PREMIUM]","[PREMIUM]","443","Section 443","u",2,"[]","2026-09-19 00:00:00","electronic","exchange",2,"[PREMIUM]","2"
"z3Es6qLxZLK","2026-07-13 23:46:26.652","2026-07-16 23:59:49.371","z3Es6qLxZLK","18327228","[PREMIUM]","[PREMIUM]","[PREMIUM]","402","Section 402","u",2,"[]","2026-09-19 00:00:00","electronic","exchange",1,"[PREMIUM]","2"
"7x4j81x","2026-07-13 23:45:53.224","2026-08-03 22:48:39.441","7x4j81x","18168296","[PREMIUM]","[PREMIUM]","[PREMIUM]","131","Section 131","30",2,"['1','2']",,"electronic","open_marketplace",2,"[PREMIUM]","2"
"9d0vk40","2026-07-13 23:45:53.224","2026-08-03 22:48:39.441","9d0vk40","18168296","[PREMIUM]","[PREMIUM]","[PREMIUM]","131","Section 131","25",2,"['1','2']",,"electronic","open_marketplace",3,"[PREMIUM]","2"
"l_RYRk3bnHMvDZ8sDBRm2LiWRwY0BHk865prTvEAnYPc2VQ2WnsVGb08NHldtV4TAr","2026-07-13 23:45:53.224","2026-08-03 22:48:39.441","l_RYRk3bnHMvDZ8sDBRm2LiWRwY0BHk865prTvEAnYPc2VQ2WnsVGb08NHldtV4TAr","18168296","[PREMIUM]","[PREMIUM]","[PREMIUM]","434","Terrace 434","3",6,"['13','14','15','16','17','18']",,"sg_app","open",5,"[PREMIUM]","1,2,3,4,6"
"l_mMW3jEps8YmXeiNRGpKWs30K6EVTe8dNzZsP4NygJTGeKGDLsk4prjyhDWt1AHx5","2026-07-13 23:45:53.224","2026-08-03 22:48:39.441","l_mMW3jEps8YmXeiNRGpKWs30K6EVTe8dNzZsP4NygJTGeKGDLsk4prjyhDWt1AHx5","18168296","[PREMIUM]","[PREMIUM]","[PREMIUM]","131","Section 131","14",2,"['13','14']",,"sg_app","open",0,"[PREMIUM]","2"
"l_z39R5gpIBqL4kHKNj0WAiR6248LIVR6Gy4IZDJ842H2A02qpsxjPEq1iWytZpHmm","2026-07-13 23:45:53.224","2026-08-03 22:48:39.441","l_z39R5gpIBqL4kHKNj0WAiR6248LIVR6Gy4IZDJ842H2A02qpsxjPEq1iWytZpHmm","18168296","[PREMIUM]","[PREMIUM]","[PREMIUM]","126","Section 126","25",6,"['1','2','3','4','5','6']",,"sg_app","open",1,"[PREMIUM]","1,2,3,4,6"
"6mOhkA96xeg","2026-07-13 23:44:46.825","2026-07-16 00:17:42.803","6mOhkA96xeg","18327232","[PREMIUM]","[PREMIUM]","[PREMIUM]","LOGE17","Section Loge 17","17",4,"[]","2026-09-19 00:00:00","electronic","exchange",5,"[PREMIUM]","2,4"
