"_primaryKey","_firstSeenAt","_lastSeenAt","listingId","eventId","price","priceWithFees","fee","section","sectionFull","row","quantity","seats","inHandDate","deliveryType","marketplace","dealBucket","dealScore","splitType"
"3q7fNJow720","2026-08-08 23:59:56.593","2026-08-13 00:05:05.872","3q7fNJow720","18377273","[PREMIUM]","[PREMIUM]","[PREMIUM]","115","Section 115","21",4,"[]","2026-10-07 00:00:00","electronic","exchange",1,"[PREMIUM]","4"
"3q7fNJow74p","2026-08-08 23:59:56.593","2026-08-13 00:05:05.872","3q7fNJow74p","18377273","[PREMIUM]","[PREMIUM]","[PREMIUM]","211","Section 211","12",3,"[]","2026-10-07 00:00:00","electronic","exchange",2,"[PREMIUM]","3"
"4vXcj90mXxr","2026-08-08 23:59:56.593","2026-08-13 00:05:05.872","4vXcj90mXxr","18377273","[PREMIUM]","[PREMIUM]","[PREMIUM]","105","Section 105","20",3,"[]","2026-10-07 00:00:00","electronic","exchange",1,"[PREMIUM]","3"
"4vXcj90qkNd","2026-08-08 23:59:56.593","2026-08-13 00:05:05.872","4vXcj90qkNd","18377273","[PREMIUM]","[PREMIUM]","[PREMIUM]","118","Section 118","21",2,"[]","2026-10-08 00:00:00","electronic","exchange",2,"[PREMIUM]","2"
"6mOhkAeBrnk","2026-08-08 23:59:56.593","2026-08-13 00:05:05.872","6mOhkAeBrnk","18377273","[PREMIUM]","[PREMIUM]","[PREMIUM]","M4","Mezzanine 4","2",2,"[]","2026-10-07 00:00:00","electronic","exchange",5,"[PREMIUM]","2"
"6mOhkAexNRv","2026-08-08 23:59:56.593","2026-08-19 09:58:19.802","6mOhkAexNRv","18377273","[PREMIUM]","[PREMIUM]","[PREMIUM]","226","Section 226","12",8,"[]","2026-10-08 00:00:00","electronic","exchange",3,"[PREMIUM]","1,2,3,4,5,6,7,8"
"6mOhkAeYlxb","2026-08-08 23:59:56.593","2026-08-08 23:59:56.593","6mOhkAeYlxb","18377273","[PREMIUM]","[PREMIUM]","[PREMIUM]","104","Section 104","15",9,"[]","2026-10-08 00:00:00","electronic","exchange",3,"[PREMIUM]","1,2,3,4,5,6,7,8,9"
"6mOhkAjxOvA","2026-08-08 23:59:56.593","2026-08-19 09:58:19.802","6mOhkAjxOvA","18377273","[PREMIUM]","[PREMIUM]","[PREMIUM]","215","Section 215","3",2,"[]","2026-10-08 00:00:00","electronic","exchange",5,"[PREMIUM]","2"
"7KntAl2znwX","2026-08-08 23:59:56.593","2026-08-13 00:05:05.872","7KntAl2znwX","18377273","[PREMIUM]","[PREMIUM]","[PREMIUM]","208","Section 208","9",4,"[]","2026-10-07 00:00:00","electronic","exchange",4,"[PREMIUM]","4"
"8lKt6YARpjZ","2026-08-08 23:59:56.593","2026-08-13 00:05:05.872","8lKt6YARpjZ","18377273","[PREMIUM]","[PREMIUM]","[PREMIUM]","101","Section 101","23",16,"[]","2026-10-08 00:00:00","electronic","exchange",4,"[PREMIUM]","1,2,3,4,5,6,7,8,9,10,11,12,13,14,15,16"
"9P2c5q0mVg8","2026-08-08 23:59:56.593","2026-08-19 09:58:19.802","9P2c5q0mVg8","18377273","[PREMIUM]","[PREMIUM]","[PREMIUM]","101","Section 101","23",8,"[]","2026-10-07 00:00:00","electronic","exchange",5,"[PREMIUM]","1,2,3,4,5,6,7,8"
"9P2c5qzZwRp","2026-08-08 23:59:56.593","2026-08-19 09:58:19.802","9P2c5qzZwRp","18377273","[PREMIUM]","[PREMIUM]","[PREMIUM]","118","Section 118","21",2,"[]","2026-10-08 00:00:00","electronic","exchange",2,"[PREMIUM]","2"
"9P2c5qzv2KK","2026-08-08 23:59:56.593","2026-08-09 23:44:50.829","9P2c5qzv2KK","18377273","[PREMIUM]","[PREMIUM]","[PREMIUM]","224","Section 224","10",2,"[]","2026-10-07 00:00:00","electronic","exchange",3,"[PREMIUM]","2"
"A6rs27vOrZO","2026-08-08 23:59:56.593","2026-08-13 00:05:05.872","A6rs27vOrZO","18377273","[PREMIUM]","[PREMIUM]","[PREMIUM]","211","Section 211","9",2,"[]","2026-10-07 00:00:00","electronic","exchange",3,"[PREMIUM]","2"
"DdwHkO0jwxr","2026-08-08 23:59:56.593","2026-08-13 00:05:05.872","DdwHkO0jwxr","18377273","[PREMIUM]","[PREMIUM]","[PREMIUM]","M18","Mezzanine 18","3",2,"[]","2026-10-07 00:00:00","electronic","exchange",4,"[PREMIUM]","2"
"DdwHkORJGeJ","2026-08-08 23:59:56.593","2026-08-13 00:05:05.872","DdwHkORJGeJ","18377273","[PREMIUM]","[PREMIUM]","[PREMIUM]","226","Section 226","12",2,"[]","2026-10-08 00:00:00","electronic","exchange",3,"[PREMIUM]","2"
"EroUXnY0Kbn","2026-08-08 23:59:56.593","2026-08-19 09:58:19.802","EroUXnY0Kbn","18377273","[PREMIUM]","[PREMIUM]","[PREMIUM]","103","Section 103","20",8,"[]","2026-10-07 00:00:00","electronic","exchange",3,"[PREMIUM]","1,2,3,4,5,6,7,8"
"EroUXnY7DxP","2026-08-08 23:59:56.593","2026-08-13 00:05:05.872","EroUXnY7DxP","18377273","[PREMIUM]","[PREMIUM]","[PREMIUM]","106","Section 106","12",4,"[]","2026-10-07 00:00:00","electronic","exchange",2,"[PREMIUM]","4"
"GAaI62Mk7la","2026-08-08 23:59:56.593","2026-08-08 23:59:56.593","GAaI62Mk7la","18377273","[PREMIUM]","[PREMIUM]","[PREMIUM]","103","Section 103","18",2,"[]","2026-10-08 00:00:00","electronic","exchange",2,"[PREMIUM]","2"
"JABI390P54n","2026-08-08 23:59:56.593","2026-08-08 23:59:56.593","JABI390P54n","18377273","[PREMIUM]","[PREMIUM]","[PREMIUM]","101","Section 101","24",4,"[]","2026-10-07 00:00:00","electronic","exchange",5,"[PREMIUM]","1,2,3,4"
"JABI390P48A","2026-08-08 23:59:56.593","2026-08-19 09:58:19.802","JABI390P48A","18377273","[PREMIUM]","[PREMIUM]","[PREMIUM]","101","Section 101","24",4,"[]","2026-10-07 00:00:00","electronic","exchange",5,"[PREMIUM]","1,2,3,4"
"JABI3904X8M","2026-08-08 23:59:56.593","2026-08-22 11:18:15.895","JABI3904X8M","18377273","[PREMIUM]","[PREMIUM]","[PREMIUM]","213","Section 213","10",4,"['17','18','19','20']","2026-10-08 00:00:00","electronic","exchange",1,"[PREMIUM]","2,4"
"LbviLEYamDJ","2026-08-08 23:59:56.593","2026-08-19 09:58:19.802","LbviLEYamDJ","18377273","[PREMIUM]","[PREMIUM]","[PREMIUM]","215","Section 215","1",3,"[]","2026-10-08 00:00:00","electronic","exchange",3,"[PREMIUM]","1,2,3"
"MAeIPlYJXxz","2026-08-08 23:59:56.593","2026-08-13 00:05:05.872","MAeIPlYJXxz","18377273","[PREMIUM]","[PREMIUM]","[PREMIUM]","M12","Mezzanine 12","4",4,"[]","2026-10-07 00:00:00","electronic","exchange",1,"[PREMIUM]","4"
"MAeIPlrbZYE","2026-08-08 23:59:56.593","2026-08-13 00:05:05.872","MAeIPlrbZYE","18377273","[PREMIUM]","[PREMIUM]","[PREMIUM]","101","Section 101","24",4,"[]","2026-10-08 00:00:00","electronic","exchange",4,"[PREMIUM]","1,2,3,4"
"NrqUv4Y9mx5","2026-08-08 23:59:56.593","2026-08-13 00:05:05.872","NrqUv4Y9mx5","18377273","[PREMIUM]","[PREMIUM]","[PREMIUM]","210","Section 210","10",4,"[]","2026-10-07 00:00:00","electronic","exchange",2,"[PREMIUM]","4"
"O7AhwrY67Pj","2026-08-08 23:59:56.593","2026-08-13 00:05:05.872","O7AhwrY67Pj","18377273","[PREMIUM]","[PREMIUM]","[PREMIUM]","223","Section 223","11",2,"[]","2026-10-07 00:00:00","electronic","exchange",3,"[PREMIUM]","2"
"PX0sgLYpEvr","2026-08-08 23:59:56.593","2026-08-22 11:18:15.895","PX0sgLYpEvr","18377273","[PREMIUM]","[PREMIUM]","[PREMIUM]","118","Section 118","21",2,"[]","2026-10-08 00:00:00","electronic","exchange",1,"[PREMIUM]","2"
"ROXHzwY4Axp","2026-08-08 23:59:56.593","2026-08-13 00:05:05.872","ROXHzwY4Axp","18377273","[PREMIUM]","[PREMIUM]","[PREMIUM]","103","Section 103","22",4,"[]","2026-10-07 00:00:00","electronic","exchange",1,"[PREMIUM]","4"
"X03tKjNK52g","2026-08-08 23:59:56.593","2026-08-19 09:58:19.802","X03tKjNK52g","18377273","[PREMIUM]","[PREMIUM]","[PREMIUM]","M28","Mezzanine 28","3",5,"[]","2026-10-07 00:00:00","electronic","exchange",4,"[PREMIUM]","1,2,3,4,5"
"X03tKjYpAZ0","2026-08-08 23:59:56.593","2026-08-22 11:18:15.895","X03tKjYpAZ0","18377273","[PREMIUM]","[PREMIUM]","[PREMIUM]","215","Section 215","1",3,"[]","2026-10-08 00:00:00","electronic","exchange",2,"[PREMIUM]","1,2,3"
"YgJtk6Kk0LZ","2026-08-08 23:59:56.593","2026-08-19 09:58:19.802","YgJtk6Kk0LZ","18377273","[PREMIUM]","[PREMIUM]","[PREMIUM]","M28","Mezzanine 28","3",5,"[]","2026-10-07 00:00:00","electronic","exchange",4,"[PREMIUM]","1,2,3,4,5"
"b4wUaGY0kqR","2026-08-08 23:59:56.593","2026-08-13 00:05:05.872","b4wUaGY0kqR","18377273","[PREMIUM]","[PREMIUM]","[PREMIUM]","M7","Mezzanine 7","4",2,"[]","2026-10-07 00:00:00","electronic","exchange",1,"[PREMIUM]","2"
"lxVsdL0VJKb","2026-08-08 23:59:56.593","2026-08-13 00:05:05.872","lxVsdL0VJKb","18377273","[PREMIUM]","[PREMIUM]","[PREMIUM]","118","Section 118","21",2,"[]","2026-10-08 00:00:00","electronic","exchange",2,"[PREMIUM]","2"
"lxVsdL0X9Nw","2026-08-08 23:59:56.593","2026-08-13 00:05:05.872","lxVsdL0X9Nw","18377273","[PREMIUM]","[PREMIUM]","[PREMIUM]","M11","Mezzanine 11","4",3,"[]","2026-10-07 00:00:00","electronic","exchange",1,"[PREMIUM]","3"
"lxVsdL0X98L","2026-08-08 23:59:56.593","2026-08-13 00:05:05.872","lxVsdL0X98L","18377273","[PREMIUM]","[PREMIUM]","[PREMIUM]","117","Section 117","20",2,"[]","2026-10-07 00:00:00","electronic","exchange",1,"[PREMIUM]","2"
"mxAs4YGL2eM","2026-08-08 23:59:56.593","2026-08-19 09:58:19.802","mxAs4YGL2eM","18377273","[PREMIUM]","[PREMIUM]","[PREMIUM]","M28","Mezzanine 28","2",5,"[]","2026-10-08 00:00:00","electronic","exchange",1,"[PREMIUM]","1,2,3,4,5"
"oV7HbEOqLzw","2026-08-08 23:59:56.593","2026-08-08 23:59:56.593","oV7HbEOqLzw","18377273","[PREMIUM]","[PREMIUM]","[PREMIUM]","226","Section 226","12",2,"[]","2026-10-08 00:00:00","electronic","exchange",3,"[PREMIUM]","2"
"qVjH2VE4rKq","2026-08-08 23:59:56.593","2026-08-13 00:05:05.872","qVjH2VE4rKq","18377273","[PREMIUM]","[PREMIUM]","[PREMIUM]","M33","Mezzanine 33","4",4,"[]","2026-10-07 00:00:00","electronic","exchange",2,"[PREMIUM]","4"
"qVjH2Vz9A2L","2026-08-08 23:59:56.593","2026-08-19 09:58:19.802","qVjH2Vz9A2L","18377273","[PREMIUM]","[PREMIUM]","[PREMIUM]","103","Section 103","20",8,"[]","2026-10-07 00:00:00","electronic","exchange",3,"[PREMIUM]","1,2,3,4,5,6,7,8"
"rVOHkRvKLon","2026-08-08 23:59:56.593","2026-08-19 09:58:19.802","rVOHkRvKLon","18377273","[PREMIUM]","[PREMIUM]","[PREMIUM]","215","Section 215","2",2,"[]","2026-10-08 00:00:00","electronic","exchange",4,"[PREMIUM]","2"
"rVOHkRvjLZL","2026-08-08 23:59:56.593","2026-08-13 00:05:05.872","rVOHkRvjLZL","18377273","[PREMIUM]","[PREMIUM]","[PREMIUM]","217","Section 217","9",4,"[]","2026-10-07 00:00:00","electronic","exchange",4,"[PREMIUM]","4"
"rVOHkRvjLNE","2026-08-08 23:59:56.593","2026-08-13 00:05:05.872","rVOHkRvjLNE","18377273","[PREMIUM]","[PREMIUM]","[PREMIUM]","101","Section 101","24",2,"[]","2026-10-07 00:00:00","electronic","exchange",2,"[PREMIUM]","2"
"rVOHkRgkV0Z","2026-08-08 23:59:56.593","2026-08-22 11:18:15.895","rVOHkRgkV0Z","18377273","[PREMIUM]","[PREMIUM]","[PREMIUM]","M28","Mezzanine 28","2",5,"[]","2026-10-08 00:00:00","electronic","exchange",1,"[PREMIUM]","1,2,3,4,5"
"w3JsedvJ4z9","2026-08-08 23:59:56.593","2026-08-13 00:05:05.872","w3JsedvJ4z9","18377273","[PREMIUM]","[PREMIUM]","[PREMIUM]","103","Section 103","20",14,"[]","2026-10-08 00:00:00","electronic","exchange",2,"[PREMIUM]","1,2,3,4,5,6,7,8,9,10,11,12,13,14"
"xb9imBg2dzx","2026-08-08 23:59:56.593","2026-08-19 09:58:19.802","xb9imBg2dzx","18377273","[PREMIUM]","[PREMIUM]","[PREMIUM]","103","Section 103","20",14,"[]","2026-10-08 00:00:00","electronic","exchange",2,"[PREMIUM]","1,2,3,4,5,6,7,8,9,10,11,12,13,14"
"xb9imBgGMER","2026-08-08 23:59:56.593","2026-08-13 00:05:05.872","xb9imBgGMER","18377273","[PREMIUM]","[PREMIUM]","[PREMIUM]","226","Section 226","11",4,"[]","2026-10-07 00:00:00","electronic","exchange",3,"[PREMIUM]","4"
"z3Es6qYRnEz","2026-08-08 23:59:56.593","2026-08-22 11:18:15.895","z3Es6qYRnEz","18377273","[PREMIUM]","[PREMIUM]","[PREMIUM]","103","Section 103","14",4,"[]","2026-10-08 00:00:00","electronic","exchange",2,"[PREMIUM]","1,2,3,4"
"JABI390gLRP","2026-08-08 23:59:49.626","2026-08-10 22:34:55.636","JABI390gLRP","18376779","[PREMIUM]","[PREMIUM]","[PREMIUM]","102","Section 102","13",4,"[]","2026-10-06 00:00:00","electronic","exchange",2,"[PREMIUM]","4"
"YgJtk6K8jKY","2026-08-08 23:59:49.626","2026-08-21 22:26:21.847","YgJtk6K8jKY","18376779","[PREMIUM]","[PREMIUM]","[PREMIUM]","102","Section 102","13",4,"['19','20','21','22']","2026-10-05 00:00:00","electronic","exchange",1,"[PREMIUM]","4"
"kYet94o09R9","2026-08-08 23:59:48.672","2026-08-21 22:26:15.843","kYet94o09R9","18378905","[PREMIUM]","[PREMIUM]","[PREMIUM]","106","Section 106","z",6,"['5','6','7','8','9','10']","2026-10-07 00:00:00","electronic","exchange",1,"[PREMIUM]","1,2,3,4,6"
"2v0cz3rAb9N","2026-08-08 23:59:44.309","2026-08-15 00:10:48.337","2v0cz3rAb9N","18378742","[PREMIUM]","[PREMIUM]","[PREMIUM]","223","Section 223","m",2,"[]","2026-10-07 00:00:00","electronic","exchange",1,"[PREMIUM]","1,2"
"2v0cz3rAbk3","2026-08-08 23:59:44.309","2026-08-21 22:26:13.489","2v0cz3rAbk3","18378742","[PREMIUM]","[PREMIUM]","[PREMIUM]","2","Section 2","v",3,"[]","2026-10-07 00:00:00","electronic","exchange",5,"[PREMIUM]","1,2,3"
"2v0cz3rAb53","2026-08-08 23:59:44.309","2026-08-21 22:26:13.489","2v0cz3rAb53","18378742","[PREMIUM]","[PREMIUM]","[PREMIUM]","206","Section 206","m",4,"[]","2026-10-07 00:00:00","electronic","exchange",5,"[PREMIUM]","1,2,3,4"
"4vXcj90Dkv2","2026-08-08 23:59:44.309","2026-08-10 22:34:31.053","4vXcj90Dkv2","18378742","[PREMIUM]","[PREMIUM]","[PREMIUM]","201","Section 201","h",4,"[]","2026-10-07 00:00:00","electronic","exchange",5,"[PREMIUM]","1,2,3,4"
"5EjuZ6dGgea","2026-08-08 23:59:44.309","2026-08-10 22:34:31.053","5EjuZ6dGgea","18378742","[PREMIUM]","[PREMIUM]","[PREMIUM]","2","Section 2","z",2,"[]","2026-10-07 00:00:00","electronic","exchange",1,"[PREMIUM]","1,2"
"5EjuZ6vmOzn","2026-08-08 23:59:44.309","2026-08-08 23:59:44.309","5EjuZ6vmOzn","18378742","[PREMIUM]","[PREMIUM]","[PREMIUM]","225","Section 225","m",2,"[]","2026-10-07 00:00:00","electronic","exchange",2,"[PREMIUM]","1,2"
"A6rs27vb6Dj","2026-08-08 23:59:44.309","2026-08-21 22:26:13.489","A6rs27vb6Dj","18378742","[PREMIUM]","[PREMIUM]","[PREMIUM]","205","Section 205","i",2,"[]","2026-10-07 00:00:00","electronic","exchange",5,"[PREMIUM]","1,2"
"A6rs27vb6LP","2026-08-08 23:59:44.309","2026-08-21 22:26:13.489","A6rs27vb6LP","18378742","[PREMIUM]","[PREMIUM]","[PREMIUM]","222","Section 222","e",2,"[]","2026-10-07 00:00:00","electronic","exchange",3,"[PREMIUM]","1,2"
"EroUXnYkVDB","2026-08-08 23:59:44.309","2026-08-21 22:26:13.489","EroUXnYkVDB","18378742","[PREMIUM]","[PREMIUM]","[PREMIUM]","19","Section 19","x",2,"[]","2026-10-07 00:00:00","electronic","exchange",5,"[PREMIUM]","1,2"
"EroUXnYkd67","2026-08-08 23:59:44.309","2026-08-10 22:34:31.053","EroUXnYkd67","18378742","[PREMIUM]","[PREMIUM]","[PREMIUM]","222","Section 222","e",2,"[]","2026-10-07 00:00:00","electronic","exchange",3,"[PREMIUM]","1,2"
"EroUXnYkVzZ","2026-08-08 23:59:44.309","2026-08-10 22:34:31.053","EroUXnYkVzZ","18378742","[PREMIUM]","[PREMIUM]","[PREMIUM]","205","Section 205","m",4,"[]","2026-10-07 00:00:00","electronic","exchange",4,"[PREMIUM]","1,2,3,4"
"GAaI62YEgle","2026-08-08 23:59:44.309","2026-08-10 22:34:31.053","GAaI62YEgle","18378742","[PREMIUM]","[PREMIUM]","[PREMIUM]","206","Section 206","m",4,"[]","2026-10-07 00:00:00","electronic","exchange",5,"[PREMIUM]","1,2,3,4"
"GAaI62YE3rk","2026-08-08 23:59:44.309","2026-08-10 22:34:31.053","GAaI62YE3rk","18378742","[PREMIUM]","[PREMIUM]","[PREMIUM]","19","Section 19","x",4,"[]","2026-10-07 00:00:00","electronic","exchange",1,"[PREMIUM]","1,2,3,4"
"GAaI62YE3Lp","2026-08-08 23:59:44.309","2026-08-08 23:59:44.309","GAaI62YE3Lp","18378742","[PREMIUM]","[PREMIUM]","[PREMIUM]","223","Section 223","m",2,"[]","2026-10-07 00:00:00","electronic","exchange",2,"[PREMIUM]","1,2"
"NrqUv4Ye8D4","2026-08-08 23:59:44.309","2026-08-21 22:26:13.489","NrqUv4Ye8D4","18378742","[PREMIUM]","[PREMIUM]","[PREMIUM]","2","Section 2","z",2,"[]","2026-10-07 00:00:00","electronic","exchange",2,"[PREMIUM]","1,2"
"ROXHzwYbp95","2026-08-08 23:59:44.309","2026-08-10 22:34:31.053","ROXHzwYbp95","18378742","[PREMIUM]","[PREMIUM]","[PREMIUM]","205","Section 205","i",2,"[]","2026-10-07 00:00:00","electronic","exchange",5,"[PREMIUM]","1,2"
"YgJtk6YaM3r","2026-08-08 23:59:44.309","2026-08-21 22:26:13.489","YgJtk6YaM3r","18378742","[PREMIUM]","[PREMIUM]","[PREMIUM]","211","Section 211","m",3,"[]","2026-10-06 00:00:00","electronic","exchange",4,"[PREMIUM]","3"
"agktlDYZaZe","2026-08-08 23:59:44.309","2026-08-10 22:34:31.053","agktlDYZaZe","18378742","[PREMIUM]","[PREMIUM]","[PREMIUM]","2","Section 2","v",3,"[]","2026-10-07 00:00:00","electronic","exchange",5,"[PREMIUM]","1,2,3"
"eeacK2Yq4G4","2026-08-08 23:59:44.309","2026-08-21 22:26:13.489","eeacK2Yq4G4","18378742","[PREMIUM]","[PREMIUM]","[PREMIUM]","201","Section 201","h",4,"[]","2026-10-07 00:00:00","electronic","exchange",5,"[PREMIUM]","1,2,3,4"
"g48UrowmEv3","2026-08-08 23:59:44.309","2026-08-21 22:26:13.489","g48UrowmEv3","18378742","[PREMIUM]","[PREMIUM]","[PREMIUM]","206","Section 206","r",2,"[]","2026-10-07 00:00:00","electronic","exchange",4,"[PREMIUM]","1,2"
"mxAs4YlMwx2","2026-08-08 23:59:44.309","2026-08-21 22:26:13.489","mxAs4YlMwx2","18378742","[PREMIUM]","[PREMIUM]","[PREMIUM]","225","Section 225","m",2,"[]","2026-10-07 00:00:00","electronic","exchange",5,"[PREMIUM]","1,2"
"oV7HbEekreG","2026-08-08 23:59:44.309","2026-08-21 22:26:13.489","oV7HbEekreG","18378742","[PREMIUM]","[PREMIUM]","[PREMIUM]","224","Section 224","m",2,"[]","2026-10-07 00:00:00","electronic","exchange",4,"[PREMIUM]","1,2"
"rVOHkRvVd2n","2026-08-08 23:59:44.309","2026-08-08 23:59:44.309","rVOHkRvVd2n","18378742","[PREMIUM]","[PREMIUM]","[PREMIUM]","206","Section 206","r",2,"[]","2026-10-07 00:00:00","electronic","exchange",1,"[PREMIUM]","1,2"
"vb3iPeZx6Gx","2026-08-08 23:59:44.309","2026-08-21 22:26:13.489","vb3iPeZx6Gx","18378742","[PREMIUM]","[PREMIUM]","[PREMIUM]","205","Section 205","m",4,"[]","2026-10-07 00:00:00","electronic","exchange",5,"[PREMIUM]","1,2,3,4"
"w3Jsedv7rJK","2026-08-08 23:59:44.309","2026-08-08 23:59:44.309","w3Jsedv7rJK","18378742","[PREMIUM]","[PREMIUM]","[PREMIUM]","224","Section 224","m",2,"[]","2026-10-07 00:00:00","electronic","exchange",2,"[PREMIUM]","1,2"
"Kezcz6Y2q4K","2026-08-08 23:59:43.051","2026-08-21 22:26:17.089","Kezcz6Y2q4K","18378658","[PREMIUM]","[PREMIUM]","[PREMIUM]","CLUB14","The Mark Club 14","a",2,"[]","2026-10-06 00:00:00","electronic","exchange",1,"[PREMIUM]","2"
"YgJtk6Ke8wK","2026-08-08 23:59:43.051","2026-08-21 22:26:17.089","YgJtk6Ke8wK","18378658","[PREMIUM]","[PREMIUM]","[PREMIUM]","118","Section 118","e",2,"['1','2']","2026-10-05 00:00:00","electronic","exchange",3,"[PREMIUM]","2"
"kYet94o9qok","2026-08-08 23:59:43.051","2026-08-21 22:26:17.089","kYet94o9qok","18378658","[PREMIUM]","[PREMIUM]","[PREMIUM]","320","Section 320","b",2,"['11','12']","2026-10-05 00:00:00","electronic","exchange",2,"[PREMIUM]","2"
"pVXHDEZJNqx","2026-08-08 23:59:43.051","2026-08-21 22:26:17.089","pVXHDEZJNqx","18378658","[PREMIUM]","[PREMIUM]","[PREMIUM]","118","Section 118","e",2,"[]","2026-10-06 00:00:00","electronic","exchange",1,"[PREMIUM]","2"
"rVOHkRgr8nq","2026-08-08 23:59:43.051","2026-08-21 22:26:17.089","rVOHkRgr8nq","18378658","[PREMIUM]","[PREMIUM]","[PREMIUM]","103","Section 103","b",2,"['6','7']","2026-10-05 00:00:00","electronic","exchange",5,"[PREMIUM]","2"
"rVOHkRgJmmE","2026-08-08 23:59:43.051","2026-08-21 22:26:17.089","rVOHkRgJmmE","18378658","[PREMIUM]","[PREMIUM]","[PREMIUM]","201","Section 201","h",3,"[]","2026-10-07 00:00:00","electronic","exchange",2,"[PREMIUM]","1,3"
"xb9imBAr60N","2026-08-08 23:59:43.051","2026-08-21 22:26:17.089","xb9imBAr60N","18378658","[PREMIUM]","[PREMIUM]","[PREMIUM]","103","Section 103","b",2,"[]","2026-10-06 00:00:00","electronic","exchange",4,"[PREMIUM]","2"
"05VT8Ka63RN","2026-08-08 23:59:41.029","2026-08-21 22:26:11.691","05VT8Ka63RN","18376946","[PREMIUM]","[PREMIUM]","[PREMIUM]","115","Section 115","21",2,"['25','26']","2026-10-05 00:00:00","electronic","exchange",4,"[PREMIUM]","2"
"3q7fNJBevwo","2026-08-08 23:59:41.029","2026-08-21 22:26:11.691","3q7fNJBevwo","18376946","[PREMIUM]","[PREMIUM]","[PREMIUM]","318","Section 318","8",2,"['15','16']","2026-10-05 00:00:00","electronic","exchange",1,"[PREMIUM]","2"
"8lKt6YAmzV8","2026-08-08 23:59:41.029","2026-08-21 22:26:11.691","8lKt6YAmzV8","18376946","[PREMIUM]","[PREMIUM]","[PREMIUM]","107","Section 107","2",2,"[]","2026-07-28 00:00:00","electronic","exchange",0,"[PREMIUM]","2"
"NrqUv4YjKJd","2026-08-08 23:59:41.029","2026-08-21 22:26:11.691","NrqUv4YjKJd","18376946","[PREMIUM]","[PREMIUM]","[PREMIUM]","104","Section 104","9",2,"[]","2026-10-06 00:00:00","electronic","exchange",1,"[PREMIUM]","2"
"eeacK2YENvp","2026-08-08 23:59:41.029","2026-08-21 22:26:11.691","eeacK2YENvp","18376946","[PREMIUM]","[PREMIUM]","[PREMIUM]","101","Section 101","17",2,"['23','24']","2026-10-05 00:00:00","electronic","exchange",4,"[PREMIUM]","2"
"g48Urovpb48","2026-08-08 23:59:41.029","2026-08-13 10:03:49.888","g48Urovpb48","18376946","[PREMIUM]","[PREMIUM]","[PREMIUM]","311","Section 311","9",2,"[]","2026-10-07 00:00:00","electronic","exchange",1,"[PREMIUM]","2"
"g48UrowVd9A","2026-08-08 23:59:41.029","2026-08-21 22:26:11.691","g48UrowVd9A","18376946","[PREMIUM]","[PREMIUM]","[PREMIUM]","105","Section 105","7",3,"['3','4','5']","2026-07-21 00:00:00","electronic","exchange",1,"[PREMIUM]","1,3"
"oV7HbEOBZm0","2026-08-08 23:59:41.029","2026-08-21 22:26:11.691","oV7HbEOBZm0","18376946","[PREMIUM]","[PREMIUM]","[PREMIUM]","107","Section 107","2",2,"[]","2026-08-08 00:00:00","electronic","exchange",1,"[PREMIUM]","2"
"qVjH2VzvxrP","2026-08-08 23:59:41.029","2026-08-10 22:34:50.912","qVjH2VzvxrP","18376946","[PREMIUM]","[PREMIUM]","[PREMIUM]","103","Section 103","9",3,"[]","2026-10-07 00:00:00","electronic","exchange",1,"[PREMIUM]","1,2,3"
"rVOHkRgA2oX","2026-08-08 23:59:41.029","2026-08-21 22:26:11.691","rVOHkRgA2oX","18376946","[PREMIUM]","[PREMIUM]","[PREMIUM]","306","Section 306","10",2,"['23','24']","2026-10-05 00:00:00","electronic","exchange",1,"[PREMIUM]","2"
"vb3iPe9BE89","2026-08-08 23:59:41.029","2026-08-13 10:03:49.888","vb3iPe9BE89","18376946","[PREMIUM]","[PREMIUM]","[PREMIUM]","309","Section 309","12",3,"[]","2026-10-07 00:00:00","electronic","exchange",0,"[PREMIUM]","1,2,3"
"2v0cz38wwp5","2026-08-08 23:59:40.072","2026-08-21 22:26:22.608","2v0cz38wwp5","18378494","[PREMIUM]","[PREMIUM]","[PREMIUM]","LOGE14","Section Loge 14","14",5,"[]","2026-10-07 00:00:00","electronic","exchange",1,"[PREMIUM]","5"
"2v0cz3rAk0m","2026-08-08 23:59:40.072","2026-08-21 22:26:22.608","2v0cz3rAk0m","18378494","[PREMIUM]","[PREMIUM]","[PREMIUM]","LOGE5","Section Loge 5","24",2,"[]","2026-10-07 00:00:00","electronic","exchange",1,"[PREMIUM]","1,2"
"3q7fNJoRzEV","2026-08-08 23:59:40.072","2026-08-21 22:26:22.608","3q7fNJoRzEV","18378494","[PREMIUM]","[PREMIUM]","[PREMIUM]","LOGE17","Section Loge 17","10",2,"[]","2026-10-07 00:00:00","electronic","exchange",0,"[PREMIUM]","1,2"
"4vXcj90Dq74","2026-08-08 23:59:40.072","2026-08-21 22:26:22.608","4vXcj90Dq74","18378494","[PREMIUM]","[PREMIUM]","[PREMIUM]","LOGE16","Section Loge 16","21",2,"[]","2026-10-07 00:00:00","electronic","exchange",1,"[PREMIUM]","1,2"
"4vXcj90DAd5","2026-08-08 23:59:40.072","2026-08-21 22:26:22.608","4vXcj90DAd5","18378494","[PREMIUM]","[PREMIUM]","[PREMIUM]","BAL301","Balcony 301","13",1,"[]","2026-10-07 00:00:00","electronic","exchange",0,"[PREMIUM]","1"
"4vXcj90DAXg","2026-08-08 23:59:40.072","2026-08-21 22:26:22.608","4vXcj90DAXg","18378494","[PREMIUM]","[PREMIUM]","[PREMIUM]","LOGE6","Section Loge 6","25",2,"[]","2026-10-07 00:00:00","electronic","exchange",0,"[PREMIUM]","1,2"
"4vXcj90DAXb","2026-08-08 23:59:40.072","2026-08-21 22:26:22.608","4vXcj90DAXb","18378494","[PREMIUM]","[PREMIUM]","[PREMIUM]","BAL306","Balcony 306","12",2,"[]","2026-10-07 00:00:00","electronic","exchange",0,"[PREMIUM]","1,2"
"5EjuZ6dGRel","2026-08-08 23:59:40.072","2026-08-21 22:26:22.608","5EjuZ6dGRel","18378494","[PREMIUM]","[PREMIUM]","[PREMIUM]","LOGE7","Section Loge 7","21",3,"[]","2026-10-07 00:00:00","electronic","exchange",1,"[PREMIUM]","1,2,3"
"6mOhkAjqDab","2026-08-08 23:59:40.072","2026-08-21 22:26:22.608","6mOhkAjqDab","18378494","[PREMIUM]","[PREMIUM]","[PREMIUM]","LOGE4","Section Loge 4","24",1,"[]","2026-10-07 00:00:00","electronic","exchange",1,"[PREMIUM]","1"
"8lKt6Yj4eXo","2026-08-08 23:59:40.072","2026-08-21 22:26:22.608","8lKt6Yj4eXo","18378494","[PREMIUM]","[PREMIUM]","[PREMIUM]","LOGE16","Section Loge 16","20",2,"[]","2026-10-07 00:00:00","electronic","exchange",0,"[PREMIUM]","1,2"
"9P2c5qzwgzd","2026-08-08 23:59:40.072","2026-08-21 22:26:22.608","9P2c5qzwgzd","18378494","[PREMIUM]","[PREMIUM]","[PREMIUM]","LOGE17","Section Loge 17","21",1,"[]","2026-10-07 00:00:00","electronic","exchange",1,"[PREMIUM]","1"
"9P2c5qzwgvB","2026-08-08 23:59:40.072","2026-08-21 22:26:22.608","9P2c5qzwgvB","18378494","[PREMIUM]","[PREMIUM]","[PREMIUM]","LOGE7","Section Loge 7","24",4,"[]","2026-10-07 00:00:00","electronic","exchange",1,"[PREMIUM]","1,2,3,4"
"9P2c5qzwgLm","2026-08-08 23:59:40.072","2026-08-21 22:26:22.608","9P2c5qzwgLm","18378494","[PREMIUM]","[PREMIUM]","[PREMIUM]","LOGE17","Section Loge 17","11",3,"[]","2026-10-07 00:00:00","electronic","exchange",0,"[PREMIUM]","1,2,3"
"BALImXA0Olk","2026-08-08 23:59:40.072","2026-08-08 23:59:40.072","BALImXA0Olk","18378494","[PREMIUM]","[PREMIUM]","[PREMIUM]","LOGE12","Section Loge 12","16",3,"[]","2026-10-06 00:00:00","electronic","exchange",1,"[PREMIUM]","3"
"BALImXLdgb9","2026-08-08 23:59:40.072","2026-08-21 22:26:22.608","BALImXLdgb9","18378494","[PREMIUM]","[PREMIUM]","[PREMIUM]","LOGE7","Section Loge 7","26",4,"[]","2026-10-07 00:00:00","electronic","exchange",1,"[PREMIUM]","1,2,3,4"
"BALImXLdg5V","2026-08-08 23:59:40.072","2026-08-21 22:26:22.608","BALImXLdg5V","18378494","[PREMIUM]","[PREMIUM]","[PREMIUM]","LOGE15","Section Loge 15","13",2,"[]","2026-10-07 00:00:00","electronic","exchange",0,"[PREMIUM]","1,2"
"DdwHkO0amp9","2026-08-08 23:59:40.072","2026-08-16 22:23:44.119","DdwHkO0amp9","18378494","[PREMIUM]","[PREMIUM]","[PREMIUM]","LOGE16","Section Loge 16","25",2,"[]","2026-10-07 00:00:00","electronic","exchange",1,"[PREMIUM]","1,2"
"DdwHkO0axkr","2026-08-08 23:59:40.072","2026-08-21 22:26:22.608","DdwHkO0axkr","18378494","[PREMIUM]","[PREMIUM]","[PREMIUM]","BAL327","Balcony 327","7",4,"[]","2026-10-07 00:00:00","electronic","exchange",1,"[PREMIUM]","1,2,3,4"
"DdwHkORKBG8","2026-08-08 23:59:40.072","2026-08-21 22:26:22.608","DdwHkORKBG8","18378494","[PREMIUM]","[PREMIUM]","[PREMIUM]","CLB139","Club 139","c",2,"[]","2026-10-07 00:00:00","electronic","exchange",1,"[PREMIUM]","2"
"EroUXnYkEjP","2026-08-08 23:59:40.072","2026-08-21 22:26:22.608","EroUXnYkEjP","18378494","[PREMIUM]","[PREMIUM]","[PREMIUM]","LOGE19","Section Loge 19","25",2,"[]","2026-10-07 00:00:00","electronic","exchange",1,"[PREMIUM]","1,2"
"JABI39YrO7n","2026-08-08 23:59:40.072","2026-08-21 22:26:22.608","JABI39YrO7n","18378494","[PREMIUM]","[PREMIUM]","[PREMIUM]","LOGE3","Section Loge 3","26",1,"[]","2026-10-07 00:00:00","electronic","exchange",0,"[PREMIUM]","1"
"JABI39Yr89p","2026-08-08 23:59:40.072","2026-08-21 22:26:22.608","JABI39Yr89p","18378494","[PREMIUM]","[PREMIUM]","[PREMIUM]","LOGE7","Section Loge 7","25",2,"[]","2026-10-07 00:00:00","electronic","exchange",0,"[PREMIUM]","1,2"
"Kezcz6YBKoX","2026-08-08 23:59:40.072","2026-08-21 22:26:22.608","Kezcz6YBKoX","18378494","[PREMIUM]","[PREMIUM]","[PREMIUM]","LOGE3","Section Loge 3","27",2,"[]","2026-10-07 00:00:00","electronic","exchange",1,"[PREMIUM]","1,2"
"Kezcz6YB8Ja","2026-08-08 23:59:40.072","2026-08-21 22:26:22.608","Kezcz6YB8Ja","18378494","[PREMIUM]","[PREMIUM]","[PREMIUM]","BAL310","Balcony 310","10",4,"[]","2026-10-07 00:00:00","electronic","exchange",0,"[PREMIUM]","1,2,3,4"
"MAeIPlY4Ono","2026-08-08 23:59:40.072","2026-08-21 22:26:22.608","MAeIPlY4Ono","18378494","[PREMIUM]","[PREMIUM]","[PREMIUM]","LOGE19","Section Loge 19","11",3,"[]","2026-10-07 00:00:00","electronic","exchange",0,"[PREMIUM]","1,2,3"
"MAeIPlY42Pz","2026-08-08 23:59:40.072","2026-08-21 22:26:22.608","MAeIPlY42Pz","18378494","[PREMIUM]","[PREMIUM]","[PREMIUM]","LOGE 19","Section Loge 19","23",4,"[]","2026-10-07 00:00:00","electronic","exchange",1,"[PREMIUM]","1,2,3,4"
"MAeIPlY42bz","2026-08-08 23:59:40.072","2026-08-21 22:26:22.608","MAeIPlY42bz","18378494","[PREMIUM]","[PREMIUM]","[PREMIUM]","LOGE5","Section Loge 5","25",2,"[]","2026-10-07 00:00:00","electronic","exchange",1,"[PREMIUM]","1,2"
"NrqUv4YeG8X","2026-08-08 23:59:40.072","2026-08-21 22:26:22.608","NrqUv4YeG8X","18378494","[PREMIUM]","[PREMIUM]","[PREMIUM]","LOGE17","Section Loge 17","12",3,"[]","2026-10-07 00:00:00","electronic","exchange",0,"[PREMIUM]","1,2,3"
"O7AhwrYLZLB","2026-08-08 23:59:40.072","2026-08-21 22:26:22.608","O7AhwrYLZLB","18378494","[PREMIUM]","[PREMIUM]","[PREMIUM]","LOGE16","Section Loge 16","14",3,"[]","2026-10-07 00:00:00","electronic","exchange",1,"[PREMIUM]","1,2,3"
"PX0sgL6NzBa","2026-08-08 23:59:40.072","2026-08-21 22:26:22.608","PX0sgL6NzBa","18378494","[PREMIUM]","[PREMIUM]","[PREMIUM]","CLB143","Club 143","d",2,"[]","2026-10-07 00:00:00","electronic","exchange",1,"[PREMIUM]","2"
"PX0sgLY3ZJY","2026-08-08 23:59:40.072","2026-08-21 22:26:22.608","PX0sgLY3ZJY","18378494","[PREMIUM]","[PREMIUM]","[PREMIUM]","LOGE18","Section Loge 18","21",2,"[]","2026-10-07 00:00:00","electronic","exchange",1,"[PREMIUM]","1,2"
"V4KU0MxjNOO","2026-08-08 23:59:40.072","2026-08-21 22:26:22.608","V4KU0MxjNOO","18378494","[PREMIUM]","[PREMIUM]","[PREMIUM]","BAL318","Balcony 318","15",2,"[]","2026-10-06 00:00:00","electronic","exchange",1,"[PREMIUM]","2"
"X03tKjYvn8E","2026-08-08 23:59:40.072","2026-08-21 22:26:22.608","X03tKjYvn8E","18378494","[PREMIUM]","[PREMIUM]","[PREMIUM]","LOGE4","Section Loge 4","20",2,"[]","2026-10-07 00:00:00","electronic","exchange",1,"[PREMIUM]","1,2"
"agktlDYZ3Jp","2026-08-08 23:59:40.072","2026-08-21 22:26:22.608","agktlDYZ3Jp","18378494","[PREMIUM]","[PREMIUM]","[PREMIUM]","BAL311","Balcony 311","11",4,"[]","2026-10-07 00:00:00","electronic","exchange",1,"[PREMIUM]","1,2,3,4"
"b4wUaGY7OAB","2026-08-08 23:59:40.072","2026-08-21 22:26:22.608","b4wUaGY7OAB","18378494","[PREMIUM]","[PREMIUM]","[PREMIUM]","LOGE19","Section Loge 19","25",2,"[]","2026-10-07 00:00:00","electronic","exchange",1,"[PREMIUM]","1,2"
"b4wUaGvzdko","2026-08-08 23:59:40.072","2026-08-21 22:26:22.608","b4wUaGvzdko","18378494","[PREMIUM]","[PREMIUM]","[PREMIUM]","LOGE21","Section Loge 21","11",2,"[]","2026-10-07 00:00:00","electronic","exchange",0,"[PREMIUM]","2"
"eeacK2XdJVE","2026-08-08 23:59:40.072","2026-08-13 23:16:37.833","eeacK2XdJVE","18378494","[PREMIUM]","[PREMIUM]","[PREMIUM]","LOGE11","Section Loge 11","8",4,"[]","2026-10-06 00:00:00","electronic","exchange",0,"[PREMIUM]","4"
"eeacK2YqZJ3","2026-08-08 23:59:40.072","2026-08-21 22:26:22.608","eeacK2YqZJ3","18378494","[PREMIUM]","[PREMIUM]","[PREMIUM]","LOGE 18","Section Loge 18","18",4,"[]","2026-10-07 00:00:00","electronic","exchange",1,"[PREMIUM]","1,2,3,4"
"eeacK2YqZpa","2026-08-08 23:59:40.072","2026-08-21 22:26:22.608","eeacK2YqZpa","18378494","[PREMIUM]","[PREMIUM]","[PREMIUM]","LOGE 6","Section Loge 6","26",2,"[]","2026-10-07 00:00:00","electronic","exchange",0,"[PREMIUM]","1,2"
"jDvsz7DNgoL","2026-08-08 23:59:40.072","2026-08-21 22:26:22.608","jDvsz7DNgoL","18378494","[PREMIUM]","[PREMIUM]","[PREMIUM]","LOGE18","Section Loge 18","21",3,"[]","2026-10-07 00:00:00","electronic","exchange",1,"[PREMIUM]","1,2,3"
"jDvsz7DNgLe","2026-08-08 23:59:40.072","2026-08-21 22:26:22.608","jDvsz7DNgLe","18378494","[PREMIUM]","[PREMIUM]","[PREMIUM]","BAL318","Balcony 318","6",3,"[]","2026-10-07 00:00:00","electronic","exchange",5,"[PREMIUM]","1,2,3"
"nx0srMmbYrg","2026-08-08 23:59:40.072","2026-08-21 22:26:22.608","nx0srMmbYrg","18378494","[PREMIUM]","[PREMIUM]","[PREMIUM]","BAL318","Balcony 318","6",1,"[]","2026-10-07 00:00:00","electronic","exchange",0,"[PREMIUM]","1"
"rVOHkRvVO5z","2026-08-08 23:59:40.072","2026-08-21 22:26:22.608","rVOHkRvVO5z","18378494","[PREMIUM]","[PREMIUM]","[PREMIUM]","LOGE18","Section Loge 18","21",2,"[]","2026-10-07 00:00:00","electronic","exchange",1,"[PREMIUM]","1,2"
"xb9imBgd9ae","2026-08-08 23:59:40.072","2026-08-21 22:26:22.608","xb9imBgd9ae","18378494","[PREMIUM]","[PREMIUM]","[PREMIUM]","BAL306","Balcony 306","15",1,"[]","2026-10-07 00:00:00","electronic","exchange",0,"[PREMIUM]","1"
"z3Es6qYLlZR","2026-08-08 23:59:40.072","2026-08-21 22:26:22.608","z3Es6qYLlZR","18378494","[PREMIUM]","[PREMIUM]","[PREMIUM]","LOGE15","Section Loge 15","19",7,"['14','15','16','17','18','19','20']","2026-07-20 00:00:00","electronic","exchange",0,"[PREMIUM]","1,2,3,4,5,7"
"6mOhkAjj5R0","2026-08-08 23:59:34.889","2026-08-13 10:01:15.761","6mOhkAjj5R0","18372871","[PREMIUM]","[PREMIUM]","[PREMIUM]","120","Section 120","ee",2,"[]","2026-10-06 00:00:00","electronic","exchange",3,"[PREMIUM]","2"
"BALImXLL3kP","2026-08-08 23:59:34.889","2026-08-13 14:33:23.238","BALImXLL3kP","18372871","[PREMIUM]","[PREMIUM]","[PREMIUM]","324","Section 324","q",4,"[]","2026-10-06 00:00:00","electronic","exchange",5,"[PREMIUM]","4"
"ROXHzwYYENe","2026-08-08 23:59:34.889","2026-08-19 09:56:57.065","ROXHzwYYENe","18372871","[PREMIUM]","[PREMIUM]","[PREMIUM]","308","Section 308","q",2,"[]","2026-10-06 00:00:00","electronic","exchange",4,"[PREMIUM]","2"
"dNgUg6N3n2j","2026-08-08 23:59:34.889","2026-08-21 22:26:10.976","dNgUg6N3n2j","18372871","[PREMIUM]","[PREMIUM]","[PREMIUM]","327","Section 327","q",5,"['11','12','13','14','15']","2026-10-06 00:00:00","electronic","exchange",1,"[PREMIUM]","1,2,3,5"
"lxVsdL003Xl","2026-08-08 23:59:34.889","2026-08-21 22:26:10.976","lxVsdL003Xl","18372871","[PREMIUM]","[PREMIUM]","[PREMIUM]","329","Section 329","q",3,"[]","2026-10-06 00:00:00","electronic","exchange",2,"[PREMIUM]","3"
"oV7HbEOjAJo","2026-08-08 23:59:34.889","2026-08-18 12:39:17.740","oV7HbEOjAJo","18372871","[PREMIUM]","[PREMIUM]","[PREMIUM]","307","Section 307","q",2,"[]","2026-10-06 00:00:00","electronic","exchange",0,"[PREMIUM]","2"
"05VT8KOzDxj","2026-08-08 23:59:31.814","2026-08-21 22:26:07.129","05VT8KOzDxj","18372875","[PREMIUM]","[PREMIUM]","[PREMIUM]","229","Section 229","h",2,"[]","2026-10-05 00:00:00","electronic","exchange",1,"[PREMIUM]","2"
"4vXcj90NXen","2026-08-08 23:59:31.814","2026-08-21 22:26:07.129","4vXcj90NXen","18372875","[PREMIUM]","[PREMIUM]","[PREMIUM]","201","Section 201","h",4,"[]","2026-10-05 00:00:00","electronic","exchange",1,"[PREMIUM]","4"
"6mOhkAjGOVP","2026-08-08 23:59:31.814","2026-08-18 12:34:34.897","6mOhkAjGOVP","18372875","[PREMIUM]","[PREMIUM]","[PREMIUM]","101","Section 101","q",2,"[]","2026-10-05 00:00:00","electronic","exchange",1,"[PREMIUM]","2"
"A6rs27vzrJ9","2026-08-08 23:59:31.814","2026-08-13 23:16:30.867","A6rs27vzrJ9","18372875","[PREMIUM]","[PREMIUM]","[PREMIUM]","416","Section 416","h",4,"[]","2026-10-05 00:00:00","electronic","exchange",1,"[PREMIUM]","4"
"LbviLE9X6ox","2026-08-08 23:59:31.814","2026-08-08 23:59:31.814","LbviLE9X6ox","18372875","[PREMIUM]","[PREMIUM]","[PREMIUM]","408","Section 408","f",2,"[]","2026-10-05 00:00:00","electronic","exchange",1,"[PREMIUM]","2"
"NrqUv4Y0mKJ","2026-08-08 23:59:31.814","2026-08-21 22:26:07.129","NrqUv4Y0mKJ","18372875","[PREMIUM]","[PREMIUM]","[PREMIUM]","118","Section 118","z",4,"[]","2026-10-05 00:00:00","electronic","exchange",2,"[PREMIUM]","4"
"ROXHzwYNArA","2026-08-08 23:59:31.814","2026-08-12 14:05:51.170","ROXHzwYNArA","18372875","[PREMIUM]","[PREMIUM]","[PREMIUM]","423","Section 423","p",4,"[]","2026-10-05 00:00:00","electronic","exchange",3,"[PREMIUM]","4"
"V4KU0Mxleo8","2026-08-08 23:59:31.814","2026-08-13 23:16:30.867","V4KU0Mxleo8","18372875","[PREMIUM]","[PREMIUM]","[PREMIUM]","407","Section 407","j",2,"[]","2026-10-05 00:00:00","electronic","exchange",2,"[PREMIUM]","2"
"YgJtk6Kje79","2026-08-08 23:59:31.814","2026-08-21 22:26:07.129","YgJtk6Kje79","18372875","[PREMIUM]","[PREMIUM]","[PREMIUM]","215","Section 215","f",7,"['1','2','3','4','5','6','7']","2026-10-06 00:00:00","electronic","exchange",0,"[PREMIUM]","1,2,3,4,5,7"
"Zm9hvwYLlBq","2026-08-08 23:59:31.814","2026-08-20 22:44:07.501","Zm9hvwYLlBq","18372875","[PREMIUM]","[PREMIUM]","[PREMIUM]","401","Section 401","j",2,"[]","2026-10-05 00:00:00","electronic","exchange",1,"[PREMIUM]","2"
"b4wUaGveX44","2026-08-08 23:59:31.814","2026-08-10 22:34:22.104","b4wUaGveX44","18372875","[PREMIUM]","[PREMIUM]","[PREMIUM]","107","Section 107","w",2,"[]","2026-07-27 00:00:00","electronic","exchange",0,"[PREMIUM]","2"
"eeacK2YojB3","2026-08-08 23:59:31.814","2026-08-13 23:16:30.867","eeacK2YojB3","18372875","[PREMIUM]","[PREMIUM]","[PREMIUM]","105","Section 105","x",2,"[]","2026-10-05 00:00:00","electronic","exchange",1,"[PREMIUM]","2"
"g48Urow7nd6","2026-08-08 23:59:31.814","2026-08-20 22:44:07.501","g48Urow7nd6","18372875","[PREMIUM]","[PREMIUM]","[PREMIUM]","420","Section 420","h",4,"[]","2026-10-05 00:00:00","electronic","exchange",2,"[PREMIUM]","4"
"jDvsz7DO3BO","2026-08-08 23:59:31.814","2026-08-21 22:26:07.129","jDvsz7DO3BO","18372875","[PREMIUM]","[PREMIUM]","[PREMIUM]","117","Section 117","x",2,"[]","2026-10-05 00:00:00","electronic","exchange",2,"[PREMIUM]","2"
"kYet943NJPG","2026-08-08 23:59:31.814","2026-08-15 00:10:40.556","kYet943NJPG","18372875","[PREMIUM]","[PREMIUM]","[PREMIUM]","118","Section 118","y",3,"[]","2026-10-05 00:00:00","electronic","exchange",2,"[PREMIUM]","3"
"kYet94oarpo","2026-08-08 23:59:31.814","2026-08-21 22:26:07.129","kYet94oarpo","18372875","[PREMIUM]","[PREMIUM]","[PREMIUM]","116","Section 116","w",2,"['7','8']","2026-10-04 00:00:00","electronic","exchange",5,"[PREMIUM]","2"
"nx0srMprNEN","2026-08-08 23:59:31.814","2026-08-12 14:05:51.170","nx0srMprNEN","18372875","[PREMIUM]","[PREMIUM]","[PREMIUM]","426","Section 426","a",2,"['3','4']","2026-10-04 00:00:00","electronic","exchange",2,"[PREMIUM]","2"
"oV7HbEOoG59","2026-08-08 23:59:31.814","2026-08-10 22:34:22.104","oV7HbEOoG59","18372875","[PREMIUM]","[PREMIUM]","[PREMIUM]","107","Section 107","w",2,"[]","2026-08-08 00:00:00","electronic","exchange",0,"[PREMIUM]","2"
"oV7HbEeJAn2","2026-08-08 23:59:31.814","2026-08-19 09:56:45.894","oV7HbEeJAn2","18372875","[PREMIUM]","[PREMIUM]","[PREMIUM]","110","Section 110","n",4,"[]","2026-10-05 00:00:00","electronic","exchange",1,"[PREMIUM]","4"
"qVjH2VE6rJz","2026-08-08 23:59:31.814","2026-08-21 22:26:07.129","qVjH2VE6rJz","18372875","[PREMIUM]","[PREMIUM]","[PREMIUM]","414","Section 414","j",2,"[]","2026-10-05 00:00:00","electronic","exchange",1,"[PREMIUM]","2"
"vb3iPeZLg8q","2026-08-08 23:59:31.814","2026-08-21 22:26:07.129","vb3iPeZLg8q","18372875","[PREMIUM]","[PREMIUM]","[PREMIUM]","225","Section 225","j",3,"[]","2026-10-05 00:00:00","electronic","exchange",2,"[PREMIUM]","3"
"xb9imBA0O53","2026-08-08 23:59:31.814","2026-08-08 23:59:31.814","xb9imBA0O53","18372875","[PREMIUM]","[PREMIUM]","[PREMIUM]","200","Section 200","e",2,"[]","2026-10-06 00:00:00","electronic","exchange",0,"[PREMIUM]","2"
"z3Es6qMgBx8","2026-08-08 23:59:31.814","2026-08-21 22:26:07.129","z3Es6qMgBx8","18372875","[PREMIUM]","[PREMIUM]","[PREMIUM]","106","Section 106","x",2,"[]","2026-10-05 00:00:00","electronic","exchange",2,"[PREMIUM]","2"
"EroUXnYo2ol","2026-08-08 23:59:30.132","2026-08-08 23:59:30.132","EroUXnYo2ol","18376863","[PREMIUM]","[PREMIUM]","[PREMIUM]","222","Section 222","h",4,"[]","2026-10-05 00:00:00","electronic","exchange",0,"[PREMIUM]","4"
"NrqUv4d5XwK","2026-08-08 23:59:30.132","2026-08-21 22:26:04.010","NrqUv4d5XwK","18376863","[PREMIUM]","[PREMIUM]","[PREMIUM]","217","Section 217","l",2,"['3','4']","2026-10-04 00:00:00","electronic","exchange",3,"[PREMIUM]","2"
"YgJtk6YanmK","2026-08-08 23:59:30.132","2026-08-12 14:15:38.016","YgJtk6YanmK","18376863","[PREMIUM]","[PREMIUM]","[PREMIUM]","320","Section 320","d",2,"[]","2026-10-05 00:00:00","electronic","exchange",0,"[PREMIUM]","2"
"nx0srMpvzeP","2026-08-08 23:59:30.132","2026-08-21 22:26:04.010","nx0srMpvzeP","18376863","[PREMIUM]","[PREMIUM]","[PREMIUM]","217","Section 217","l",2,"[]","2026-10-06 00:00:00","electronic","exchange",2,"[PREMIUM]","2"
"nx0srMpwNYD","2026-08-08 23:59:30.132","2026-08-21 22:26:04.010","nx0srMpwNYD","18376863","[PREMIUM]","[PREMIUM]","[PREMIUM]","417","Section 417","t",12,"['1','2','3','4','5','6','7','8','9','10','11','12']","2026-10-05 00:00:00","electronic","exchange",0,"[PREMIUM]","1,2,3,4,5,6,7,8,9,10,12"
"rVOHkRg82dR","2026-08-08 23:59:30.132","2026-08-21 22:26:04.010","rVOHkRg82dR","18376863","[PREMIUM]","[PREMIUM]","[PREMIUM]","428","Section 428","t",9,"[]","2026-10-05 00:00:00","electronic","exchange",0,"[PREMIUM]","1,2,3,4,5,6,7,9"
"rVOHkRvmn3P","2026-08-08 23:59:30.132","2026-08-21 22:26:04.010","rVOHkRvmn3P","18376863","[PREMIUM]","[PREMIUM]","[PREMIUM]","411","Section 411","k",2,"[]","2026-10-05 00:00:00","electronic","exchange",0,"[PREMIUM]","2"
"xb9imBgALmr","2026-08-08 23:59:30.132","2026-08-12 14:15:38.016","xb9imBgALmr","18376863","[PREMIUM]","[PREMIUM]","[PREMIUM]","320","Section 320","d",2,"[]","2026-10-05 00:00:00","electronic","exchange",0,"[PREMIUM]","2"
"05VT8KODJJd","2026-08-08 23:59:27.154","2026-08-22 11:18:54.627","05VT8KODJJd","18376943","[PREMIUM]","[PREMIUM]","[PREMIUM]","324","Section 324","3",4,"['3','4','5','6']","2026-10-05 00:00:00","electronic","exchange",0,"[PREMIUM]","2,4"
"05VT8KagRzk","2026-08-08 23:59:27.154","2026-08-22 11:18:54.627","05VT8KagRzk","18376943","[PREMIUM]","[PREMIUM]","[PREMIUM]","318","Section 318","8",2,"['15','16']","2026-10-03 00:00:00","electronic","exchange",2,"[PREMIUM]","2"
"2v0cz3reMX7","2026-08-08 23:59:27.154","2026-08-19 09:56:47.226","2v0cz3reMX7","18376943","[PREMIUM]","[PREMIUM]","[PREMIUM]","104","Section 104","6",2,"[]","2026-10-05 00:00:00","electronic","exchange",1,"[PREMIUM]","1,2"
"2v0cz3reMBG","2026-08-08 23:59:27.154","2026-08-19 09:56:47.226","2v0cz3reMBG","18376943","[PREMIUM]","[PREMIUM]","[PREMIUM]","311","Section 311","8",4,"[]","2026-10-05 00:00:00","electronic","exchange",1,"[PREMIUM]","1,2,3,4"
"2v0cz3reMr6","2026-08-08 23:59:27.154","2026-08-19 09:56:47.226","2v0cz3reMr6","18376943","[PREMIUM]","[PREMIUM]","[PREMIUM]","322","Section 322","7",6,"[]","2026-10-05 00:00:00","electronic","exchange",2,"[PREMIUM]","1,2,3,4,5,6"
"3q7fNJo2aBn","2026-08-08 23:59:27.154","2026-08-19 09:56:47.226","3q7fNJo2aBn","18376943","[PREMIUM]","[PREMIUM]","[PREMIUM]","312","Section 312","10",4,"[]","2026-10-05 00:00:00","electronic","exchange",2,"[PREMIUM]","1,2,3,4"
"3q7fNJo2ao6","2026-08-08 23:59:27.154","2026-08-09 23:39:39.610","3q7fNJo2ao6","18376943","[PREMIUM]","[PREMIUM]","[PREMIUM]","116","Section 116","15",3,"[]","2026-10-05 00:00:00","electronic","exchange",1,"[PREMIUM]","1,3"
"3q7fNJo2awM","2026-08-08 23:59:27.154","2026-08-19 09:56:47.226","3q7fNJo2awM","18376943","[PREMIUM]","[PREMIUM]","[PREMIUM]","312","Section 312","9",4,"[]","2026-10-05 00:00:00","electronic","exchange",2,"[PREMIUM]","1,2,3,4"
"4vXcj90xJ0N","2026-08-08 23:59:27.154","2026-08-19 09:56:47.226","4vXcj90xJ0N","18376943","[PREMIUM]","[PREMIUM]","[PREMIUM]","117","Section 117","9",3,"[]","2026-10-05 00:00:00","electronic","exchange",1,"[PREMIUM]","1,3"
"5EjuZ6d7Ndp","2026-08-08 23:59:27.154","2026-08-19 09:56:47.226","5EjuZ6d7Ndp","18376943","[PREMIUM]","[PREMIUM]","[PREMIUM]","104","Section 104","8",3,"[]","2026-10-05 00:00:00","electronic","exchange",1,"[PREMIUM]","1,3"
"6mOhkAe3gxn","2026-08-08 23:59:27.154","2026-08-08 23:59:27.154","6mOhkAe3gxn","18376943","[PREMIUM]","[PREMIUM]","[PREMIUM]","322","Section 322","8",2,"[]","2026-10-05 00:00:00","electronic","exchange",2,"[PREMIUM]","2"
"6mOhkAjwlje","2026-08-08 23:59:27.154","2026-08-10 22:34:17.152","6mOhkAjwlje","18376943","[PREMIUM]","[PREMIUM]","[PREMIUM]","311","Section 311","11",6,"[]","2026-10-05 00:00:00","electronic","exchange",0,"[PREMIUM]","1,2,3,4,5,6"
"6mOhkAjRwxE","2026-08-08 23:59:27.154","2026-08-22 11:18:54.627","6mOhkAjRwxE","18376943","[PREMIUM]","[PREMIUM]","[PREMIUM]","115","Section 115","17",2,"['29','30']","2026-10-03 00:00:00","electronic","exchange",3,"[PREMIUM]","2"
"6mOhkAjOggm","2026-08-08 23:59:27.154","2026-08-22 11:18:54.627","6mOhkAjOggm","18376943","[PREMIUM]","[PREMIUM]","[PREMIUM]","306","Section 306","1",2,"['5','6']","2026-10-03 00:00:00","electronic","exchange",2,"[PREMIUM]","2"
"7KntAl23D83","2026-08-08 23:59:27.154","2026-08-09 23:39:39.610","7KntAl23D83","18376943","[PREMIUM]","[PREMIUM]","[PREMIUM]","210","Section 210","1",2,"[]","2026-10-05 00:00:00","electronic","exchange",5,"[PREMIUM]","2"
"7KntAl2Z8zk","2026-08-08 23:59:27.154","2026-08-19 09:56:47.226","7KntAl2Z8zk","18376943","[PREMIUM]","[PREMIUM]","[PREMIUM]","101","Section 101","12",6,"[]","2026-10-05 00:00:00","electronic","exchange",1,"[PREMIUM]","1,2,3,4,5,6"
"8lKt6YjDVVL","2026-08-08 23:59:27.154","2026-08-22 11:18:54.627","8lKt6YjDVVL","18376943","[PREMIUM]","[PREMIUM]","[PREMIUM]","117","Section 117","11",4,"['7','8','9','10']","2026-10-05 00:00:00","electronic","exchange",0,"[PREMIUM]","2,4"
"9P2c5qzKjzz","2026-08-08 23:59:27.154","2026-08-19 09:56:47.226","9P2c5qzKjzz","18376943","[PREMIUM]","[PREMIUM]","[PREMIUM]","310","Section 310","10",6,"[]","2026-10-05 00:00:00","electronic","exchange",1,"[PREMIUM]","1,2,3,4,5,6"
"9P2c5qzKjvY","2026-08-08 23:59:27.154","2026-08-19 09:56:47.226","9P2c5qzKjvY","18376943","[PREMIUM]","[PREMIUM]","[PREMIUM]","119","Section 119","5",2,"[]","2026-10-05 00:00:00","electronic","exchange",2,"[PREMIUM]","1,2"
"9P2c5qzYA7k","2026-08-08 23:59:27.154","2026-08-22 11:18:54.627","9P2c5qzYA7k","18376943","[PREMIUM]","[PREMIUM]","[PREMIUM]","106","Section 106","16",2,"['11','12']","2026-10-03 00:00:00","electronic","exchange",5,"[PREMIUM]","2"
"A6rs27v3qvj","2026-08-08 23:59:27.154","2026-08-19 09:56:47.226","A6rs27v3qvj","18376943","[PREMIUM]","[PREMIUM]","[PREMIUM]","313","Section 313","12",4,"[]","2026-10-05 00:00:00","electronic","exchange",1,"[PREMIUM]","1,2,4"
"A6rs27vr66z","2026-08-08 23:59:27.154","2026-08-22 11:18:54.627","A6rs27vr66z","18376943","[PREMIUM]","[PREMIUM]","[PREMIUM]","314","Section 314","2",4,"['14','15','16','17']","2026-10-05 00:00:00","electronic","exchange",0,"[PREMIUM]","2,4"
"BALImXLp6Jw","2026-08-08 23:59:27.154","2026-08-16 22:22:20.238","BALImXLp6Jw","18376943","[PREMIUM]","[PREMIUM]","[PREMIUM]","200","Section 200","2",2,"[]","2026-10-05 00:00:00","electronic","exchange",5,"[PREMIUM]","2"
"DdwHkO0Al0n","2026-08-08 23:59:27.154","2026-08-13 23:13:37.903","DdwHkO0Al0n","18376943","[PREMIUM]","[PREMIUM]","[PREMIUM]","317","Section 317","13",4,"[]","2026-10-05 00:00:00","electronic","exchange",0,"[PREMIUM]","1,2,4"
"DdwHkO0w33o","2026-08-08 23:59:27.154","2026-08-22 11:18:54.627","DdwHkO0w33o","18376943","[PREMIUM]","[PREMIUM]","[PREMIUM]","323","Section 323","5",4,"['7','8','9','10']","2026-10-05 00:00:00","electronic","exchange",0,"[PREMIUM]","2,4"
"DdwHkORb7Jo","2026-08-08 23:59:27.154","2026-08-08 23:59:27.154","DdwHkORb7Jo","18376943","[PREMIUM]","[PREMIUM]","[PREMIUM]","310","Section 310","9",8,"[]","2026-10-05 00:00:00","electronic","exchange",1,"[PREMIUM]","1,2,3,4,5,6,7,8"
"DdwHkORNNl4","2026-08-08 23:59:27.154","2026-08-18 12:43:11.756","DdwHkORNNl4","18376943","[PREMIUM]","[PREMIUM]","[PREMIUM]","216","Section 216","4",2,"[]","2026-10-05 00:00:00","electronic","exchange",0,"[PREMIUM]","2"
"EroUXnYAx6g","2026-08-08 23:59:27.154","2026-08-09 23:39:39.610","EroUXnYAx6g","18376943","[PREMIUM]","[PREMIUM]","[PREMIUM]","318","Section 318","9",2,"[]","2026-10-05 00:00:00","electronic","exchange",5,"[PREMIUM]","2"
"EroUXnYo8rw","2026-08-08 23:59:27.154","2026-08-13 00:04:29.629","EroUXnYo8rw","18376943","[PREMIUM]","[PREMIUM]","[PREMIUM]","303","Section 303","9",4,"[]","2026-10-05 00:00:00","electronic","exchange",1,"[PREMIUM]","1,2,3,4"
"EroUXnYo8YM","2026-08-08 23:59:27.154","2026-08-19 09:56:47.226","EroUXnYo8YM","18376943","[PREMIUM]","[PREMIUM]","[PREMIUM]","301","Section 301","9",6,"[]","2026-10-05 00:00:00","electronic","exchange",1,"[PREMIUM]","1,2,3,4,5,6"
"EroUXnYo8aj","2026-08-08 23:59:27.154","2026-08-19 09:56:47.226","EroUXnYo8aj","18376943","[PREMIUM]","[PREMIUM]","[PREMIUM]","118","Section 118","9",3,"[]","2026-10-05 00:00:00","electronic","exchange",1,"[PREMIUM]","1,3"
"EroUXnalZPX","2026-08-08 23:59:27.154","2026-08-22 11:18:54.627","EroUXnalZPX","18376943","[PREMIUM]","[PREMIUM]","[PREMIUM]","115","Section 115","17",2,"[]","2026-10-05 00:00:00","electronic","exchange",2,"[PREMIUM]","2"
"GAaI62YNVvL","2026-08-08 23:59:27.154","2026-08-19 09:56:47.226","GAaI62YNVvL","18376943","[PREMIUM]","[PREMIUM]","[PREMIUM]","316","Section 316","5",2,"[]","2026-10-05 00:00:00","electronic","exchange",2,"[PREMIUM]","1,2"
"JABI390P40q","2026-08-08 23:59:27.154","2026-08-22 11:18:54.627","JABI390P40q","18376943","[PREMIUM]","[PREMIUM]","[PREMIUM]","122","Section 122","8",2,"[]","2026-10-05 00:00:00","electronic","exchange",1,"[PREMIUM]","2"
"JABI390w5Ng","2026-08-08 23:59:27.154","2026-08-22 11:18:54.627","JABI390w5Ng","18376943","[PREMIUM]","[PREMIUM]","[PREMIUM]","122","Section 122","8",2,"['21','22']","2026-10-03 00:00:00","electronic","exchange",1,"[PREMIUM]","2"
"JABI39YNA0l","2026-08-08 23:59:27.154","2026-08-19 09:56:47.226","JABI39YNA0l","18376943","[PREMIUM]","[PREMIUM]","[PREMIUM]","301","Section 301","10",6,"[]","2026-10-05 00:00:00","electronic","exchange",1,"[PREMIUM]","1,2,3,4,5,6"
"JABI39YNAK8","2026-08-08 23:59:27.154","2026-08-19 09:56:47.226","JABI39YNAK8","18376943","[PREMIUM]","[PREMIUM]","[PREMIUM]","321","Section 321","10",6,"[]","2026-10-05 00:00:00","electronic","exchange",2,"[PREMIUM]","1,2,3,4,5,6"
"JABI39YNAKo","2026-08-08 23:59:27.154","2026-08-19 09:56:47.226","JABI39YNAKo","18376943","[PREMIUM]","[PREMIUM]","[PREMIUM]","113","Section 113","19",2,"[]","2026-10-05 00:00:00","electronic","exchange",1,"[PREMIUM]","1,2"
"JABI39YNAYN","2026-08-08 23:59:27.154","2026-08-19 09:56:47.226","JABI39YNAYN","18376943","[PREMIUM]","[PREMIUM]","[PREMIUM]","313","Section 313","13",4,"[]","2026-10-05 00:00:00","electronic","exchange",1,"[PREMIUM]","1,2,3,4"
"Kezcz6YeD2v","2026-08-08 23:59:27.154","2026-08-19 09:56:47.226","Kezcz6YeD2v","18376943","[PREMIUM]","[PREMIUM]","[PREMIUM]","310","Section 310","9",6,"[]","2026-10-05 00:00:00","electronic","exchange",1,"[PREMIUM]","1,2,3,4,5,6"
"Kezcz6YeDYx","2026-08-08 23:59:27.154","2026-08-19 09:56:47.226","Kezcz6YeDYx","18376943","[PREMIUM]","[PREMIUM]","[PREMIUM]","310","Section 310","8",2,"[]","2026-10-05 00:00:00","electronic","exchange",1,"[PREMIUM]","1,2"
"LbviLEYzkYO","2026-08-08 23:59:27.154","2026-08-10 22:34:17.152","LbviLEYzkYO","18376943","[PREMIUM]","[PREMIUM]","[PREMIUM]","325","Section 325","4",2,"[]","2026-10-05 00:00:00","electronic","exchange",1,"[PREMIUM]","1,2"
"LbviLEYzk39","2026-08-08 23:59:27.154","2026-08-19 09:56:47.226","LbviLEYzk39","18376943","[PREMIUM]","[PREMIUM]","[PREMIUM]","322","Section 322","6",4,"[]","2026-10-05 00:00:00","electronic","exchange",1,"[PREMIUM]","1,2,4"
"MAeIPlYXMMg","2026-08-08 23:59:27.154","2026-08-22 11:18:54.627","MAeIPlYXMMg","18376943","[PREMIUM]","[PREMIUM]","[PREMIUM]","105","Section 105","6",4,"['19','20','21','22']","2026-10-05 00:00:00","electronic","exchange",0,"[PREMIUM]","2,4"
"NrqUv4YoNY4","2026-08-08 23:59:27.154","2026-08-19 09:56:47.226","NrqUv4YoNY4","18376943","[PREMIUM]","[PREMIUM]","[PREMIUM]","118","Section 118","7",3,"[]","2026-10-05 00:00:00","electronic","exchange",1,"[PREMIUM]","1,3"
"O7AhwrYvBlr","2026-08-08 23:59:27.154","2026-08-15 22:32:47.230","O7AhwrYvBlr","18376943","[PREMIUM]","[PREMIUM]","[PREMIUM]","304","Section 304","8",3,"[]","2026-10-05 00:00:00","electronic","exchange",2,"[PREMIUM]","1,2,3"
"PX0sgLYawjN","2026-08-08 23:59:27.154","2026-08-19 09:56:47.226","PX0sgLYawjN","18376943","[PREMIUM]","[PREMIUM]","[PREMIUM]","305","Section 305","10",4,"[]","2026-10-05 00:00:00","electronic","exchange",2,"[PREMIUM]","1,2,4"
"PX0sgLY7l33","2026-08-08 23:59:27.154","2026-08-22 11:18:54.627","PX0sgLY7l33","18376943","[PREMIUM]","[PREMIUM]","[PREMIUM]","100","Section 100","10",4,"['3','4','5','6']","2026-10-05 00:00:00","electronic","exchange",0,"[PREMIUM]","2,4"
"V4KU0Mxe5Bd","2026-08-08 23:59:27.154","2026-08-22 11:18:54.627","V4KU0Mxe5Bd","18376943","[PREMIUM]","[PREMIUM]","[PREMIUM]","103","Section 103","13",4,"['19','20','21','22']","2026-10-05 00:00:00","electronic","exchange",0,"[PREMIUM]","2,4"
"X03tKjN5Bz3","2026-08-08 23:59:27.154","2026-08-21 22:26:05.224","X03tKjN5Bz3","18376943","[PREMIUM]","[PREMIUM]","[PREMIUM]","122","Section 122","8",2,"[]","2026-10-04 00:00:00","electronic","exchange",1,"[PREMIUM]","2"
"X03tKjYZ7Y8","2026-08-08 23:59:27.154","2026-08-10 22:34:17.152","X03tKjYZ7Y8","18376943","[PREMIUM]","[PREMIUM]","[PREMIUM]","325","Section 325","3",2,"[]","2026-10-05 00:00:00","electronic","exchange",1,"[PREMIUM]","1,2"
"X03tKjYZ5el","2026-08-08 23:59:27.154","2026-08-22 11:18:54.627","X03tKjYZ5el","18376943","[PREMIUM]","[PREMIUM]","[PREMIUM]","327","Section 327","6",6,"['3','4','5','6','7','8']","2026-07-21 00:00:00","electronic","exchange",0,"[PREMIUM]","1,2,3,4,6"
"YgJtk6YV0Rl","2026-08-08 23:59:27.154","2026-08-16 22:22:20.238","YgJtk6YV0Rl","18376943","[PREMIUM]","[PREMIUM]","[PREMIUM]","311","Section 311","12",2,"[]","2026-10-05 00:00:00","electronic","exchange",1,"[PREMIUM]","2"
"YgJtk6YpXak","2026-08-08 23:59:27.154","2026-08-19 09:56:47.226","YgJtk6YpXak","18376943","[PREMIUM]","[PREMIUM]","[PREMIUM]","323","Section 323","8",2,"[]","2026-10-05 00:00:00","electronic","exchange",1,"[PREMIUM]","1,2"
"YgJtk6YpXYw","2026-08-08 23:59:27.154","2026-08-19 09:56:47.226","YgJtk6YpXYw","18376943","[PREMIUM]","[PREMIUM]","[PREMIUM]","300","Section 300","9",4,"[]","2026-10-05 00:00:00","electronic","exchange",1,"[PREMIUM]","1,2,3,4"
"YgJtk6YZqOn","2026-08-08 23:59:27.154","2026-08-21 22:26:05.224","YgJtk6YZqOn","18376943","[PREMIUM]","[PREMIUM]","[PREMIUM]","104","Section 104","9",2,"[]","2026-10-04 00:00:00","electronic","exchange",1,"[PREMIUM]","2"
"Zm9hvwPVRrw","2026-08-08 23:59:27.154","2026-08-22 11:18:54.627","Zm9hvwPVRrw","18376943","[PREMIUM]","[PREMIUM]","[PREMIUM]","107","Section 107","2",2,"[]","2026-07-26 00:00:00","electronic","exchange",1,"[PREMIUM]","2"
"Zm9hvwY8jYO","2026-08-08 23:59:27.154","2026-08-19 09:56:47.226","Zm9hvwY8jYO","18376943","[PREMIUM]","[PREMIUM]","[PREMIUM]","311","Section 311","9",4,"[]","2026-10-05 00:00:00","electronic","exchange",1,"[PREMIUM]","1,2,4"
"agktlDY8aax","2026-08-08 23:59:27.154","2026-08-16 22:22:20.238","agktlDY8aax","18376943","[PREMIUM]","[PREMIUM]","[PREMIUM]","105","Section 105","18",2,"['7','8']","2026-10-05 00:00:00","electronic","exchange",0,"[PREMIUM]","2"
"agktlDYV9Ae","2026-08-08 23:59:27.154","2026-08-19 09:56:47.226","agktlDYV9Ae","18376943","[PREMIUM]","[PREMIUM]","[PREMIUM]","300","Section 300","7",2,"[]","2026-10-05 00:00:00","electronic","exchange",1,"[PREMIUM]","1,2"
"Zm9hvwYlRR4","2026-08-08 23:59:27.154","2026-08-22 11:18:54.627","Zm9hvwYlRR4","18376943","[PREMIUM]","[PREMIUM]","[PREMIUM]","103","Section 103","2",2,"['11','12']","2026-10-05 00:00:00","electronic","exchange",1,"[PREMIUM]","2"
"b4wUaGYr6Yp","2026-08-08 23:59:27.154","2026-08-18 12:43:11.756","b4wUaGYr6Yp","18376943","[PREMIUM]","[PREMIUM]","[PREMIUM]","309","Section 309","12",6,"[]","2026-10-05 00:00:00","electronic","exchange",0,"[PREMIUM]","1,2,3,4,5,6"
"b4wUaGYX8d8","2026-08-08 23:59:27.154","2026-08-22 11:18:54.627","b4wUaGYX8d8","18376943","[PREMIUM]","[PREMIUM]","[PREMIUM]","318","Section 318","9",2,"['21','22']","2026-10-03 00:00:00","electronic","exchange",5,"[PREMIUM]","2"
"dNgUg6YjlwO","2026-08-08 23:59:27.154","2026-08-19 09:56:47.226","dNgUg6YjlwO","18376943","[PREMIUM]","[PREMIUM]","[PREMIUM]","118","Section 118","4",2,"[]","2026-10-05 00:00:00","electronic","exchange",2,"[PREMIUM]","1,2"
"dNgUg6YjlY3","2026-08-08 23:59:27.154","2026-08-19 09:56:47.226","dNgUg6YjlY3","18376943","[PREMIUM]","[PREMIUM]","[PREMIUM]","323","Section 323","10",4,"[]","2026-10-05 00:00:00","electronic","exchange",1,"[PREMIUM]","1,2,3,4"
"eeacK2Yj44N","2026-08-08 23:59:27.154","2026-08-22 11:18:54.627","eeacK2Yj44N","18376943","[PREMIUM]","[PREMIUM]","[PREMIUM]","316","Section 316","2",4,"['9','10','11','12']","2026-10-05 00:00:00","electronic","exchange",0,"[PREMIUM]","2,4"
"g48UrownEE4","2026-08-08 23:59:27.154","2026-08-22 11:18:54.627","g48UrownEE4","18376943","[PREMIUM]","[PREMIUM]","[PREMIUM]","104","Section 104","2",2,"['5','6']","2026-10-05 00:00:00","electronic","exchange",1,"[PREMIUM]","2"
"g48UrowB9LE","2026-08-08 23:59:27.154","2026-08-22 11:18:54.627","g48UrowB9LE","18376943","[PREMIUM]","[PREMIUM]","[PREMIUM]","101","Section 101","17",2,"['23','24']","2026-10-03 00:00:00","electronic","exchange",5,"[PREMIUM]","2"
"jDvsz7DYVD8","2026-08-08 23:59:27.154","2026-08-19 09:56:47.226","jDvsz7DYVD8","18376943","[PREMIUM]","[PREMIUM]","[PREMIUM]","103","Section 103","9",3,"[]","2026-10-05 00:00:00","electronic","exchange",1,"[PREMIUM]","1,3"
"jDvsz7bR8Go","2026-08-08 23:59:27.154","2026-08-18 12:43:11.756","jDvsz7bR8Go","18376943","[PREMIUM]","[PREMIUM]","[PREMIUM]","216","Section 216","4",2,"['13','14']","2026-10-03 00:00:00","electronic","exchange",0,"[PREMIUM]","2"
"kYet943qgv4","2026-08-08 23:59:27.154","2026-08-19 09:56:47.226","kYet943qgv4","18376943","[PREMIUM]","[PREMIUM]","[PREMIUM]","120","Section 120","10",2,"[]","2026-10-05 00:00:00","electronic","exchange",1,"[PREMIUM]","1,2"
"kYet943qg3X","2026-08-08 23:59:27.154","2026-08-19 09:56:47.226","kYet943qg3X","18376943","[PREMIUM]","[PREMIUM]","[PREMIUM]","302","Section 302","9",2,"[]","2026-10-05 00:00:00","electronic","exchange",1,"[PREMIUM]","1,2"
"kYet943qgvA","2026-08-08 23:59:27.154","2026-08-19 09:56:47.226","kYet943qgvA","18376943","[PREMIUM]","[PREMIUM]","[PREMIUM]","116","Section 116","10",2,"[]","2026-10-05 00:00:00","electronic","exchange",1,"[PREMIUM]","1,2"
"lxVsdL0XvgV","2026-08-08 23:59:27.154","2026-08-16 22:22:20.238","lxVsdL0XvgV","18376943","[PREMIUM]","[PREMIUM]","[PREMIUM]","314","Section 314","1",2,"[]","2026-10-05 00:00:00","electronic","exchange",5,"[PREMIUM]","2"
"lxVsdL0Nj0P","2026-08-08 23:59:27.154","2026-08-19 09:56:47.226","lxVsdL0Nj0P","18376943","[PREMIUM]","[PREMIUM]","[PREMIUM]","300","Section 300","8",5,"[]","2026-10-05 00:00:00","electronic","exchange",1,"[PREMIUM]","1,2,3,5"
"lxVsdL0NjX5","2026-08-08 23:59:27.154","2026-08-18 12:43:11.756","lxVsdL0NjX5","18376943","[PREMIUM]","[PREMIUM]","[PREMIUM]","325","Section 325","1",4,"[]","2026-10-05 00:00:00","electronic","exchange",3,"[PREMIUM]","1,2,3,4"
"lxVsdL0NjBv","2026-08-08 23:59:27.154","2026-08-19 09:56:47.226","lxVsdL0NjBv","18376943","[PREMIUM]","[PREMIUM]","[PREMIUM]","313","Section 313","11",2,"[]","2026-10-05 00:00:00","electronic","exchange",1,"[PREMIUM]","1,2"
"lxVsdLBgEva","2026-08-08 23:59:27.154","2026-08-22 11:18:54.627","lxVsdLBgEva","18376943","[PREMIUM]","[PREMIUM]","[PREMIUM]","107","Section 107","2",2,"[]","2026-08-08 00:00:00","electronic","exchange",1,"[PREMIUM]","2"
"mxAs4YlNql7","2026-08-08 23:59:27.154","2026-08-18 12:43:11.756","mxAs4YlNql7","18376943","[PREMIUM]","[PREMIUM]","[PREMIUM]","323","Section 323","9",4,"[]","2026-10-05 00:00:00","electronic","exchange",1,"[PREMIUM]","1,2,4"
"nx0srMmNgaR","2026-08-08 23:59:27.154","2026-08-10 22:34:17.152","nx0srMmNgaR","18376943","[PREMIUM]","[PREMIUM]","[PREMIUM]","111","Section 111","22",2,"[]","2026-10-05 00:00:00","electronic","exchange",1,"[PREMIUM]","1,2"
"oV7HbEeArr7","2026-08-08 23:59:27.154","2026-08-22 11:18:54.627","oV7HbEeArr7","18376943","[PREMIUM]","[PREMIUM]","[PREMIUM]","104","Section 104","2",4,"['7','8','9','10']","2026-10-05 00:00:00","electronic","exchange",1,"[PREMIUM]","2,4"
"pVXHDELNMwm","2026-08-08 23:59:27.154","2026-08-19 09:56:47.226","pVXHDELNMwm","18376943","[PREMIUM]","[PREMIUM]","[PREMIUM]","301","Section 301","8",6,"[]","2026-10-05 00:00:00","electronic","exchange",1,"[PREMIUM]","1,2,3,4,5,6"
"pVXHDELNMLv","2026-08-08 23:59:27.154","2026-08-15 22:32:47.230","pVXHDELNMLv","18376943","[PREMIUM]","[PREMIUM]","[PREMIUM]","113","Section 113","29",3,"[]","2026-10-05 00:00:00","electronic","exchange",1,"[PREMIUM]","1,3"
"pVXHDELNMbV","2026-08-08 23:59:27.154","2026-08-19 09:56:47.226","pVXHDELNMbV","18376943","[PREMIUM]","[PREMIUM]","[PREMIUM]","317","Section 317","12",2,"[]","2026-10-05 00:00:00","electronic","exchange",0,"[PREMIUM]","1,2"
"pVXHDEZmx28","2026-08-08 23:59:27.154","2026-08-21 22:26:05.224","pVXHDEZmx28","18376943","[PREMIUM]","[PREMIUM]","[PREMIUM]","306","Section 306","1",2,"[]","2026-10-04 00:00:00","electronic","exchange",1,"[PREMIUM]","2"
"pVXHDEZanr6","2026-08-08 23:59:27.154","2026-08-22 11:18:54.627","pVXHDEZanr6","18376943","[PREMIUM]","[PREMIUM]","[PREMIUM]","318","Section 318","8",2,"[]","2026-10-05 00:00:00","electronic","exchange",3,"[PREMIUM]","2"
"qVjH2VENaEm","2026-08-08 23:59:27.154","2026-08-19 09:56:47.226","qVjH2VENaEm","18376943","[PREMIUM]","[PREMIUM]","[PREMIUM]","113","Section 113","22",4,"[]","2026-10-05 00:00:00","electronic","exchange",2,"[PREMIUM]","1,2,4"
"rVOHkRvNJj7","2026-08-08 23:59:27.154","2026-08-19 09:56:47.226","rVOHkRvNJj7","18376943","[PREMIUM]","[PREMIUM]","[PREMIUM]","110","Section 110","19",2,"[]","2026-10-05 00:00:00","electronic","exchange",2,"[PREMIUM]","1,2"
"rVOHkRvnYwl","2026-08-08 23:59:27.154","2026-08-16 22:22:20.238","rVOHkRvnYwl","18376943","[PREMIUM]","[PREMIUM]","[PREMIUM]","306","Section 306","1",2,"[]","2026-10-05 00:00:00","electronic","exchange",4,"[PREMIUM]","2"
"vb3iPeZg669","2026-08-08 23:59:27.154","2026-08-22 11:18:54.627","vb3iPeZg669","18376943","[PREMIUM]","[PREMIUM]","[PREMIUM]","304","Section 304","10",6,"['7','8','9','10','11','12']","2026-10-05 00:00:00","electronic","exchange",0,"[PREMIUM]","2,4,6"
"w3JsedvN4jz","2026-08-08 23:59:27.154","2026-08-19 09:56:47.226","w3JsedvN4jz","18376943","[PREMIUM]","[PREMIUM]","[PREMIUM]","326","Section 326","10",6,"[]","2026-10-05 00:00:00","electronic","exchange",1,"[PREMIUM]","1,2,3,4,5,6"
"w3JsedvN4v7","2026-08-08 23:59:27.154","2026-08-19 09:56:47.226","w3JsedvN4v7","18376943","[PREMIUM]","[PREMIUM]","[PREMIUM]","303","Section 303","10",4,"[]","2026-10-05 00:00:00","electronic","exchange",1,"[PREMIUM]","1,2,3,4"
"w3JsedvjXl5","2026-08-08 23:59:27.154","2026-08-09 23:39:39.610","w3JsedvjXl5","18376943","[PREMIUM]","[PREMIUM]","[PREMIUM]","311","Section 311","13",2,"[]","2026-10-05 00:00:00","electronic","exchange",5,"[PREMIUM]","2"
"xb9imBgNrgr","2026-08-08 23:59:27.154","2026-08-19 09:56:47.226","xb9imBgNrgr","18376943","[PREMIUM]","[PREMIUM]","[PREMIUM]","322","Section 322","11",3,"[]","2026-10-05 00:00:00","electronic","exchange",0,"[PREMIUM]","1,3"
"xb9imBgJnrE","2026-08-08 23:59:27.154","2026-08-22 11:18:54.627","xb9imBgJnrE","18376943","[PREMIUM]","[PREMIUM]","[PREMIUM]","123","Section 123","3",2,"[]","2026-10-05 00:00:00","electronic","exchange",5,"[PREMIUM]","2"
"z3Es6qMBkkM","2026-08-08 23:59:27.154","2026-08-22 11:18:54.627","z3Es6qMBkkM","18376943","[PREMIUM]","[PREMIUM]","[PREMIUM]","300","Section 300","4",4,"['9','10','11','12']","2026-10-05 00:00:00","electronic","exchange",0,"[PREMIUM]","2,4"
"2v0cz3rJ4O0","2026-08-08 23:59:19.760","2026-08-13 14:53:07.918","2v0cz3rJ4O0","18377764","[PREMIUM]","[PREMIUM]","[PREMIUM]","120","Section 120","13",2,"[]","2026-10-04 00:00:00","electronic","exchange",1,"[PREMIUM]","2"
"3q7fNJo3wvj","2026-08-08 23:59:19.760","2026-08-21 22:25:57.456","3q7fNJo3wvj","18377764","[PREMIUM]","[PREMIUM]","[PREMIUM]","18","Section 18","21",3,"[]","2026-10-04 00:00:00","electronic","exchange",1,"[PREMIUM]","3"
"4vXcj90rYlY","2026-08-08 23:59:19.760","2026-08-21 22:25:57.456","4vXcj90rYlY","18377764","[PREMIUM]","[PREMIUM]","[PREMIUM]","208","Section 208","7",2,"[]","2026-10-04 00:00:00","electronic","exchange",1,"[PREMIUM]","2"
"A6rs27vlOk2","2026-08-08 23:59:19.760","2026-08-21 22:25:57.456","A6rs27vlOk2","18377764","[PREMIUM]","[PREMIUM]","[PREMIUM]","12","Section 12","24",2,"[]","2026-10-04 00:00:00","electronic","exchange",1,"[PREMIUM]","2"
"A6rs27vD0oD","2026-08-08 23:59:19.760","2026-08-21 22:25:57.456","A6rs27vD0oD","18377764","[PREMIUM]","[PREMIUM]","[PREMIUM]","12","Section 12","22",4,"[]","2026-10-04 00:00:00","electronic","exchange",1,"[PREMIUM]","4"
"DdwHkO08jnd","2026-08-08 23:59:19.760","2026-08-08 23:59:19.760","DdwHkO08jnd","18377764","[PREMIUM]","[PREMIUM]","[PREMIUM]","18","Section 18","19",4,"[]","2026-10-04 00:00:00","electronic","exchange",1,"[PREMIUM]","4"
"EroUXnYePKG","2026-08-08 23:59:19.760","2026-08-21 22:25:57.456","EroUXnYePKG","18377764","[PREMIUM]","[PREMIUM]","[PREMIUM]","216","Section 216","9",4,"[]","2026-10-04 00:00:00","electronic","exchange",1,"[PREMIUM]","4"
"GAaI62MVwkp","2026-08-08 23:59:19.760","2026-08-09 23:36:34.941","GAaI62MVwkp","18377764","[PREMIUM]","[PREMIUM]","[PREMIUM]","C8","Section C 8","6",4,"[]","2026-10-05 00:00:00","electronic","exchange",0,"[PREMIUM]","4"
"GAaI62YaGJv","2026-08-08 23:59:19.760","2026-08-21 22:25:57.456","GAaI62YaGJv","18377764","[PREMIUM]","[PREMIUM]","[PREMIUM]","13","Section 13","21",3,"[]","2026-10-04 00:00:00","electronic","exchange",1,"[PREMIUM]","3"
"JABI39YxjPa","2026-08-08 23:59:19.760","2026-08-21 22:25:57.456","JABI39YxjPa","18377764","[PREMIUM]","[PREMIUM]","[PREMIUM]","4","Section 4","23",4,"[]","2026-10-04 00:00:00","electronic","exchange",1,"[PREMIUM]","4"
"JABI39YLKJK","2026-08-08 23:59:19.760","2026-08-21 22:25:57.456","JABI39YLKJK","18377764","[PREMIUM]","[PREMIUM]","[PREMIUM]","109","Section 109","6",4,"[]","2026-10-04 00:00:00","electronic","exchange",1,"[PREMIUM]","4"
"Kezcz6Y4OMj","2026-08-08 23:59:19.760","2026-08-21 22:25:57.456","Kezcz6Y4OMj","18377764","[PREMIUM]","[PREMIUM]","[PREMIUM]","211","Section 211","7",2,"[]","2026-10-04 00:00:00","electronic","exchange",1,"[PREMIUM]","2"
"MAeIPlYmKGx","2026-08-08 23:59:19.760","2026-08-21 22:25:57.456","MAeIPlYmKGx","18377764","[PREMIUM]","[PREMIUM]","[PREMIUM]","233","Section 233","7",3,"[]","2026-10-04 00:00:00","electronic","exchange",1,"[PREMIUM]","3"
"PX0sgLYAGB9","2026-08-08 23:59:19.760","2026-08-21 22:25:57.456","PX0sgLYAGB9","18377764","[PREMIUM]","[PREMIUM]","[PREMIUM]","212","Section 212","8",4,"[]","2026-10-04 00:00:00","electronic","exchange",1,"[PREMIUM]","4"
"ROXHzwYj6Mb","2026-08-08 23:59:19.760","2026-08-21 22:25:57.456","ROXHzwYj6Mb","18377764","[PREMIUM]","[PREMIUM]","[PREMIUM]","120","Section 120","13",3,"[]","2026-10-04 00:00:00","electronic","exchange",1,"[PREMIUM]","3"
"Zm9hvwYdMgM","2026-08-08 23:59:19.760","2026-08-21 22:25:57.456","Zm9hvwYdMgM","18377764","[PREMIUM]","[PREMIUM]","[PREMIUM]","128","Section 128","8",2,"[]","2026-10-04 00:00:00","electronic","exchange",1,"[PREMIUM]","2"
"b4wUaGv95gM","2026-08-08 23:59:19.760","2026-08-21 22:25:57.456","b4wUaGv95gM","18377764","[PREMIUM]","[PREMIUM]","[PREMIUM]","17","Section 17","17",2,"['5','6']","2026-07-21 00:00:00","electronic","exchange",1,"[PREMIUM]","2"
"jDvsz7DJGj0","2026-08-08 23:59:19.760","2026-08-21 22:25:57.456","jDvsz7DJGj0","18377764","[PREMIUM]","[PREMIUM]","[PREMIUM]","18","Section 18","22",2,"[]","2026-10-04 00:00:00","electronic","exchange",1,"[PREMIUM]","2"
"kYet943VvGa","2026-08-08 23:59:19.760","2026-08-21 22:25:57.456","kYet943VvGa","18377764","[PREMIUM]","[PREMIUM]","[PREMIUM]","11","Section 11","16",2,"[]","2026-10-04 00:00:00","electronic","exchange",1,"[PREMIUM]","2"
"lxVsdL0zXRZ","2026-08-08 23:59:19.760","2026-08-21 22:25:57.456","lxVsdL0zXRZ","18377764","[PREMIUM]","[PREMIUM]","[PREMIUM]","130","Section 130","8",3,"[]","2026-10-04 00:00:00","electronic","exchange",1,"[PREMIUM]","3"
"nx0srMmJzke","2026-08-08 23:59:19.760","2026-08-21 22:25:57.456","nx0srMmJzke","18377764","[PREMIUM]","[PREMIUM]","[PREMIUM]","121","Section 121","8",4,"[]","2026-10-04 00:00:00","electronic","exchange",1,"[PREMIUM]","4"
"pVXHDELqOkz","2026-08-08 23:59:19.760","2026-08-21 22:25:57.456","pVXHDELqOkz","18377764","[PREMIUM]","[PREMIUM]","[PREMIUM]","8","Section C 8","10",4,"[]","2026-10-04 00:00:00","electronic","exchange",0,"[PREMIUM]","4"
"w3Jsedvpj8B","2026-08-08 23:59:19.760","2026-08-21 22:25:57.456","w3Jsedvpj8B","18377764","[PREMIUM]","[PREMIUM]","[PREMIUM]","114","Section 114","6",2,"[]","2026-10-04 00:00:00","electronic","exchange",1,"[PREMIUM]","2"
"2v0cz38lLlJ","2026-08-08 23:59:19.094","2026-08-12 00:13:04.973","2v0cz38lLlJ","18372807","[PREMIUM]","[PREMIUM]","[PREMIUM]","110","Section 110","8",2,"['19','20']","2026-10-05 00:00:00","electronic","exchange",0,"[PREMIUM]","2"
"EroUXnabObR","2026-08-08 23:59:19.094","2026-08-09 23:39:56.505","EroUXnabObR","18372807","[PREMIUM]","[PREMIUM]","[PREMIUM]","109","Section 109","3",2,"[]","2026-10-05 00:00:00","electronic","exchange",0,"[PREMIUM]","2"
"EroUXna5dm2","2026-08-08 23:59:16.332","2026-08-16 22:21:46.667","EroUXna5dm2","18378903","[PREMIUM]","[PREMIUM]","[PREMIUM]","106","Section 106","z",4,"[]","2026-10-01 00:00:00","electronic","exchange",1,"[PREMIUM]","1,2,4"
"9P2c5qzZYM8","2026-08-08 23:59:15.186","2026-08-13 00:04:01.441","9P2c5qzZYM8","18377597","[PREMIUM]","[PREMIUM]","[PREMIUM]","225","Section 225","23",6,"[]","2026-10-05 00:00:00","electronic","exchange",1,"[PREMIUM]","1,2,3,4,6"
"05VT8KOd7mr","2026-08-08 23:59:03.309","2026-08-13 23:13:28.903","05VT8KOd7mr","18378249","[PREMIUM]","[PREMIUM]","[PREMIUM]","21","Section 21","g",2,"[]","2026-10-05 00:00:00","electronic","exchange",1,"[PREMIUM]","2"
"05VT8KOd36Y","2026-08-08 23:59:03.309","2026-08-08 23:59:03.309","05VT8KOd36Y","18378249","[PREMIUM]","[PREMIUM]","[PREMIUM]","22","Section 22","u",2,"[]","2026-10-05 00:00:00","electronic","exchange",2,"[PREMIUM]","2"
"05VT8KOOd3M","2026-08-08 23:59:03.309","2026-08-13 23:13:28.903","05VT8KOOd3M","18378249","[PREMIUM]","[PREMIUM]","[PREMIUM]","204","Section 204","b",6,"[]","2026-10-05 00:00:00","electronic","exchange",1,"[PREMIUM]","1,2,3,4,5,6"
"2v0cz3rrXLJ","2026-08-08 23:59:03.309","2026-08-19 09:50:53.737","2v0cz3rrXLJ","18378249","[PREMIUM]","[PREMIUM]","[PREMIUM]","203","Section 203","h",5,"[]","2026-10-05 00:00:00","electronic","exchange",2,"[PREMIUM]","1,2,3,5"
"2v0cz3rrX6J","2026-08-08 23:59:03.309","2026-08-15 22:32:17.396","2v0cz3rrX6J","18378249","[PREMIUM]","[PREMIUM]","[PREMIUM]","04","Section 4","s",3,"[]","2026-10-05 00:00:00","electronic","exchange",1,"[PREMIUM]","1,3"
"3q7fNJBMl9k","2026-08-08 23:59:03.309","2026-08-09 23:36:32.107","3q7fNJBMl9k","18378249","[PREMIUM]","[PREMIUM]","[PREMIUM]","11","Section 11","v",2,"[]","2026-10-05 00:00:00","electronic","exchange",1,"[PREMIUM]","2"
"3q7fNJoow4R","2026-08-08 23:59:03.309","2026-08-18 12:31:01.222","3q7fNJoow4R","18378249","[PREMIUM]","[PREMIUM]","[PREMIUM]","25","Section 25","j",5,"[]","2026-10-05 00:00:00","electronic","exchange",0,"[PREMIUM]","1,2,3,5"
"3q7fNJoBPB3","2026-08-08 23:59:03.309","2026-08-21 22:25:52.111","3q7fNJoBPB3","18378249","[PREMIUM]","[PREMIUM]","[PREMIUM]","211","Section 211","a",6,"['9','10','11','12','13','14']","2026-09-29 00:00:00","electronic","exchange",0,"[PREMIUM]","1,2,3,4,6"
"4vXcj900mVj","2026-08-08 23:59:03.309","2026-08-19 09:50:53.737","4vXcj900mVj","18378249","[PREMIUM]","[PREMIUM]","[PREMIUM]","207","Section 207","a",2,"[]","2026-10-05 00:00:00","electronic","exchange",3,"[PREMIUM]","1,2"
"4vXcj900mEj","2026-08-08 23:59:03.309","2026-08-10 22:34:01.018","4vXcj900mEj","18378249","[PREMIUM]","[PREMIUM]","[PREMIUM]","107","Section 107","f",4,"[]","2026-10-05 00:00:00","electronic","exchange",1,"[PREMIUM]","1,2,3,4"
"4vXcj90VvoA","2026-08-08 23:59:03.309","2026-08-17 11:24:45.295","4vXcj90VvoA","18378249","[PREMIUM]","[PREMIUM]","[PREMIUM]","118","Section 118","t",3,"[]","2026-10-04 00:00:00","electronic","exchange",0,"[PREMIUM]","3"
"5EjuZ6ddAlR","2026-08-08 23:59:03.309","2026-08-19 09:50:53.737","5EjuZ6ddAlR","18378249","[PREMIUM]","[PREMIUM]","[PREMIUM]","224","Section 224","a",6,"[]","2026-10-05 00:00:00","electronic","exchange",2,"[PREMIUM]","1,2,3,4,5,6"
"5EjuZ6ddAoR","2026-08-08 23:59:03.309","2026-08-19 09:50:53.737","5EjuZ6ddAoR","18378249","[PREMIUM]","[PREMIUM]","[PREMIUM]","21","Section 21","v",4,"[]","2026-10-05 00:00:00","electronic","exchange",1,"[PREMIUM]","1,2,4"
"6mOhkAj6aOG","2026-08-08 23:59:03.309","2026-08-17 11:24:45.295","6mOhkAj6aOG","18378249","[PREMIUM]","[PREMIUM]","[PREMIUM]","214","Section 214","k",4,"[]","2026-10-04 00:00:00","electronic","exchange",0,"[PREMIUM]","4"
"6mOhkAjjR4L","2026-08-08 23:59:03.309","2026-08-19 09:50:53.737","6mOhkAjjR4L","18378249","[PREMIUM]","[PREMIUM]","[PREMIUM]","118","Section 118","g",2,"[]","2026-10-05 00:00:00","electronic","exchange",1,"[PREMIUM]","1,2"
"6mOhkAjjR6L","2026-08-08 23:59:03.309","2026-08-19 09:50:53.737","6mOhkAjjR6L","18378249","[PREMIUM]","[PREMIUM]","[PREMIUM]","24","Section 24","v",4,"[]","2026-10-05 00:00:00","electronic","exchange",1,"[PREMIUM]","1,2,3,4"
"6mOhkAervam","2026-08-08 23:59:03.309","2026-08-21 22:25:52.111","6mOhkAervam","18378249","[PREMIUM]","[PREMIUM]","[PREMIUM]","01","Section 1","m",2,"[]","2026-10-05 00:00:00","electronic","exchange",1,"[PREMIUM]","2"
"7KntAl22zbV","2026-08-08 23:59:03.309","2026-08-10 22:34:01.018","7KntAl22zbV","18378249","[PREMIUM]","[PREMIUM]","[PREMIUM]","212","Section 212","c",2,"[]","2026-10-05 00:00:00","electronic","exchange",1,"[PREMIUM]","1,2"
"7KntAlV4gVN","2026-08-08 23:59:03.309","2026-08-21 22:25:52.111","7KntAlV4gVN","18378249","[PREMIUM]","[PREMIUM]","[PREMIUM]","03","Section 3","v",4,"['3','4','5','6']","2026-09-29 00:00:00","electronic","exchange",0,"[PREMIUM]","1,2,4"
"8lKt6YjjGX8","2026-08-08 23:59:03.309","2026-08-19 09:50:53.737","8lKt6YjjGX8","18378249","[PREMIUM]","[PREMIUM]","[PREMIUM]","06","Section 6","x",2,"[]","2026-10-05 00:00:00","electronic","exchange",1,"[PREMIUM]","1,2"
"8lKt6YjjGL8","2026-08-08 23:59:03.309","2026-08-13 23:13:28.903","8lKt6YjjGL8","18378249","[PREMIUM]","[PREMIUM]","[PREMIUM]","119","Section 119","k",8,"[]","2026-10-05 00:00:00","electronic","exchange",1,"[PREMIUM]","1,2,3,4,5,6,7,8"
"9P2c5qzaNnj","2026-08-08 23:59:03.309","2026-08-21 22:25:52.111","9P2c5qzaNnj","18378249","[PREMIUM]","[PREMIUM]","[PREMIUM]","103","Section 103","e",2,"[]","2026-10-04 00:00:00","electronic","exchange",0,"[PREMIUM]","2"
"9P2c5qzzvdr","2026-08-08 23:59:03.309","2026-08-13 23:13:28.903","9P2c5qzzvdr","18378249","[PREMIUM]","[PREMIUM]","[PREMIUM]","216","Section 216","g",4,"[]","2026-10-05 00:00:00","electronic","exchange",1,"[PREMIUM]","1,2,4"
"A6rs27vvOlq","2026-08-08 23:59:03.309","2026-08-13 23:13:28.903","A6rs27vvOlq","18378249","[PREMIUM]","[PREMIUM]","[PREMIUM]","217","Section 217","h",4,"[]","2026-10-05 00:00:00","electronic","exchange",2,"[PREMIUM]","1,2,4"
"A6rs27vvO5q","2026-08-08 23:59:03.309","2026-08-13 23:13:28.903","A6rs27vvO5q","18378249","[PREMIUM]","[PREMIUM]","[PREMIUM]","225","Section 225","h",8,"[]","2026-10-05 00:00:00","electronic","exchange",2,"[PREMIUM]","1,2,3,4,5,6,7,8"
"BALImXLLpqE","2026-08-08 23:59:03.309","2026-08-13 23:13:28.903","BALImXLLpqE","18378249","[PREMIUM]","[PREMIUM]","[PREMIUM]","11","Section 11","u",4,"[]","2026-10-05 00:00:00","electronic","exchange",1,"[PREMIUM]","1,2,3,4"
"BALImXLLpvE","2026-08-08 23:59:03.309","2026-08-13 23:13:28.903","BALImXLLpvE","18378249","[PREMIUM]","[PREMIUM]","[PREMIUM]","211","Section 211","h",2,"[]","2026-10-05 00:00:00","electronic","exchange",2,"[PREMIUM]","1,2"
"DdwHkO00jVX","2026-08-08 23:59:03.309","2026-08-13 23:13:28.903","DdwHkO00jVX","18378249","[PREMIUM]","[PREMIUM]","[PREMIUM]","123","Section 123","k",2,"[]","2026-10-05 00:00:00","electronic","exchange",2,"[PREMIUM]","1,2"
"DdwHkO08rwd","2026-08-08 23:59:03.309","2026-08-15 22:32:17.396","DdwHkO08rwd","18378249","[PREMIUM]","[PREMIUM]","[PREMIUM]","226","Section 226","h",2,"[]","2026-10-04 00:00:00","electronic","exchange",0,"[PREMIUM]","2"
"EroUXnYY7ol","2026-08-08 23:59:03.309","2026-08-13 23:13:28.903","EroUXnYY7ol","18378249","[PREMIUM]","[PREMIUM]","[PREMIUM]","20","Section 20","h",6,"[]","2026-10-05 00:00:00","electronic","exchange",1,"[PREMIUM]","1,2,3,4,5,6"
"EroUXnYY7Al","2026-08-08 23:59:03.309","2026-08-13 23:13:28.903","EroUXnYY7Al","18378249","[PREMIUM]","[PREMIUM]","[PREMIUM]","19","Section 19","v",6,"[]","2026-10-05 00:00:00","electronic","exchange",1,"[PREMIUM]","1,2,3,4,5,6"
"GAaI62YYjwG","2026-08-08 23:59:03.309","2026-08-13 23:13:28.903","GAaI62YYjwG","18378249","[PREMIUM]","[PREMIUM]","[PREMIUM]","217","Section 217","g",4,"[]","2026-10-05 00:00:00","electronic","exchange",2,"[PREMIUM]","1,2,3,4"
"GAaI62YYjDG","2026-08-08 23:59:03.309","2026-08-13 23:13:28.903","GAaI62YYjDG","18378249","[PREMIUM]","[PREMIUM]","[PREMIUM]","19","Section 19","q",2,"[]","2026-10-05 00:00:00","electronic","exchange",0,"[PREMIUM]","1,2"
"JABI390Gvkg","2026-08-08 23:59:03.309","2026-08-10 22:34:01.018","JABI390Gvkg","18378249","[PREMIUM]","[PREMIUM]","[PREMIUM]","105","Section 105","g",2,"[]","2026-10-05 00:00:00","electronic","exchange",1,"[PREMIUM]","2"
"JABI39YYKL6","2026-08-08 23:59:03.309","2026-08-13 23:13:28.903","JABI39YYKL6","18378249","[PREMIUM]","[PREMIUM]","[PREMIUM]","17","Section 17","v",6,"[]","2026-10-05 00:00:00","electronic","exchange",1,"[PREMIUM]","1,2,3,4,5,6"
"JABI39YYKR6","2026-08-08 23:59:03.309","2026-08-09 23:36:32.107","JABI39YYKR6","18378249","[PREMIUM]","[PREMIUM]","[PREMIUM]","09","Section 9","r",4,"[]","2026-10-05 00:00:00","electronic","exchange",0,"[PREMIUM]","1,2,4"
"Kezcz6YY27g","2026-08-08 23:59:03.309","2026-08-19 09:50:53.737","Kezcz6YY27g","18378249","[PREMIUM]","[PREMIUM]","[PREMIUM]","24","Section 24","l",4,"[]","2026-10-05 00:00:00","electronic","exchange",0,"[PREMIUM]","1,2,4"
"LbviLEYY35g","2026-08-08 23:59:03.309","2026-08-19 09:50:53.737","LbviLEYY35g","18378249","[PREMIUM]","[PREMIUM]","[PREMIUM]","06","Section 6","z",4,"[]","2026-10-05 00:00:00","electronic","exchange",1,"[PREMIUM]","1,2,4"
"LbviLEYY3bg","2026-08-08 23:59:03.309","2026-08-13 23:13:28.903","LbviLEYY3bg","18378249","[PREMIUM]","[PREMIUM]","[PREMIUM]","122","Section 122","p",4,"[]","2026-10-05 00:00:00","electronic","exchange",1,"[PREMIUM]","1,2,3,4"
"MAeIPlYYJzA","2026-08-08 23:59:03.309","2026-08-13 23:13:28.903","MAeIPlYYJzA","18378249","[PREMIUM]","[PREMIUM]","[PREMIUM]","121","Section 121","k",8,"[]","2026-10-05 00:00:00","electronic","exchange",1,"[PREMIUM]","1,2,3,4,5,6,7,8"
"MAeIPlYYJgA","2026-08-08 23:59:03.309","2026-08-13 23:13:28.903","MAeIPlYYJgA","18378249","[PREMIUM]","[PREMIUM]","[PREMIUM]","108","Section 108","g",4,"[]","2026-10-05 00:00:00","electronic","exchange",1,"[PREMIUM]","1,2,4"
"MAeIPlr7Mme","2026-08-08 23:59:03.309","2026-08-13 00:02:31.143","MAeIPlr7Mme","18378249","[PREMIUM]","[PREMIUM]","[PREMIUM]","01","Section 1","m",2,"[]","2026-10-05 00:00:00","electronic","exchange",2,"[PREMIUM]","2"
"NrqUv4YBzlx","2026-08-08 23:59:03.309","2026-08-21 22:25:52.111","NrqUv4YBzlx","18378249","[PREMIUM]","[PREMIUM]","[PREMIUM]","04","Section 4","g",2,"['9','10']","2026-09-29 00:00:00","electronic","exchange",0,"[PREMIUM]","2"
"NrqUv4YdDV8","2026-08-08 23:59:03.309","2026-08-21 22:25:52.111","NrqUv4YdDV8","18378249","[PREMIUM]","[PREMIUM]","[PREMIUM]","214","Section 214","d",2,"[]","2026-10-05 00:00:00","electronic","exchange",5,"[PREMIUM]","2"
"NrqUv4YY9Bo","2026-08-08 23:59:03.309","2026-08-09 23:36:32.107","NrqUv4YY9Bo","18378249","[PREMIUM]","[PREMIUM]","[PREMIUM]","206","Section 206","bar",2,"[]","2026-10-05 00:00:00","electronic","exchange",4,"[PREMIUM]","1,2"
"NrqUv4dO6d6","2026-08-08 23:59:03.309","2026-08-21 22:25:52.111","NrqUv4dO6d6","18378249","[PREMIUM]","[PREMIUM]","[PREMIUM]","25","Section 25","y",4,"['11','12','13','14']","2026-09-29 00:00:00","electronic","exchange",0,"[PREMIUM]","1,2,4"
"O7AhwrYY6Pb","2026-08-08 23:59:03.309","2026-08-19 09:50:53.737","O7AhwrYY6Pb","18378249","[PREMIUM]","[PREMIUM]","[PREMIUM]","07","Section 7","x",4,"[]","2026-10-05 00:00:00","electronic","exchange",1,"[PREMIUM]","1,2,3,4"
"PX0sgLYYERL","2026-08-08 23:59:03.309","2026-08-13 23:13:28.903","PX0sgLYYERL","18378249","[PREMIUM]","[PREMIUM]","[PREMIUM]","122","Section 122","j",2,"[]","2026-10-05 00:00:00","electronic","exchange",1,"[PREMIUM]","1,2"
"PX0sgLYYEvL","2026-08-08 23:59:03.309","2026-08-10 22:34:01.018","PX0sgLYYEvL","18378249","[PREMIUM]","[PREMIUM]","[PREMIUM]","208","Section 208","a",2,"[]","2026-10-05 00:00:00","electronic","exchange",2,"[PREMIUM]","1,2"
"ROXHzwYY4e2","2026-08-08 23:59:03.309","2026-08-13 23:13:28.903","ROXHzwYY4e2","18378249","[PREMIUM]","[PREMIUM]","[PREMIUM]","11","Section 11","q",3,"[]","2026-10-05 00:00:00","electronic","exchange",0,"[PREMIUM]","1,3"
"ROXHzwYY4L2","2026-08-08 23:59:03.309","2026-08-13 23:13:28.903","ROXHzwYY4L2","18378249","[PREMIUM]","[PREMIUM]","[PREMIUM]","109","Section 109","g",2,"[]","2026-10-05 00:00:00","electronic","exchange",1,"[PREMIUM]","1,2"
"V4KU0Mx6Ya4","2026-08-08 23:59:03.309","2026-08-17 11:24:45.295","V4KU0Mx6Ya4","18378249","[PREMIUM]","[PREMIUM]","[PREMIUM]","118","Section 118","s",4,"[]","2026-10-04 00:00:00","electronic","exchange",0,"[PREMIUM]","4"
"V4KU0Mxxw6n","2026-08-08 23:59:03.309","2026-08-13 23:13:28.903","V4KU0Mxxw6n","18378249","[PREMIUM]","[PREMIUM]","[PREMIUM]","118","Section 118","m",6,"[]","2026-10-05 00:00:00","electronic","exchange",1,"[PREMIUM]","1,2,3,4,5,6"
"V4KU0MxxwDn","2026-08-08 23:59:03.309","2026-08-13 23:13:28.903","V4KU0MxxwDn","18378249","[PREMIUM]","[PREMIUM]","[PREMIUM]","216","Section 216","c",2,"[]","2026-10-05 00:00:00","electronic","exchange",1,"[PREMIUM]","1,2"
"X03tKjN5Aoj","2026-08-08 23:59:03.309","2026-08-21 22:25:52.111","X03tKjN5Aoj","18378249","[PREMIUM]","[PREMIUM]","[PREMIUM]","112W","Section 112 W","c",2,"['5','6']","2026-10-03 00:00:00","electronic","exchange",1,"[PREMIUM]","2"
"X03tKjYYgoJ","2026-08-08 23:59:03.309","2026-08-13 23:13:28.903","X03tKjYYgoJ","18378249","[PREMIUM]","[PREMIUM]","[PREMIUM]","118","Section 118","j",8,"[]","2026-10-05 00:00:00","electronic","exchange",1,"[PREMIUM]","1,2,3,4,5,6,7,8"
"X03tKjYYgzJ","2026-08-08 23:59:03.309","2026-08-19 09:50:53.737","X03tKjYYgzJ","18378249","[PREMIUM]","[PREMIUM]","[PREMIUM]","04","Section 4","u",6,"[]","2026-10-05 00:00:00","electronic","exchange",1,"[PREMIUM]","1,2,3,4,5,6"
"X03tKjYz98v","2026-08-08 23:59:03.309","2026-08-21 22:25:52.111","X03tKjYz98v","18378249","[PREMIUM]","[PREMIUM]","[PREMIUM]","26","Section 26","z",4,"[]","2026-10-04 00:00:00","electronic","exchange",1,"[PREMIUM]","4"
"YgJtk6KRoKa","2026-08-08 23:59:03.309","2026-08-21 22:25:52.111","YgJtk6KRoKa","18378249","[PREMIUM]","[PREMIUM]","[PREMIUM]","13","Section 13","n",4,"['13','14','15','16']","2026-09-29 00:00:00","electronic","exchange",0,"[PREMIUM]","1,2,4"
"YgJtk6YYavv","2026-08-08 23:59:03.309","2026-08-13 23:13:28.903","YgJtk6YYavv","18378249","[PREMIUM]","[PREMIUM]","[PREMIUM]","116","Section 116","bar",3,"[]","2026-10-05 00:00:00","electronic","exchange",2,"[PREMIUM]","1,2,3"
"YgJtk6YYanv","2026-08-08 23:59:03.309","2026-08-10 22:34:01.018","YgJtk6YYanv","18378249","[PREMIUM]","[PREMIUM]","[PREMIUM]","208","Section 208","bar",4,"[]","2026-10-05 00:00:00","electronic","exchange",4,"[PREMIUM]","1,2,4"
"YgJtk6YK2nL","2026-08-08 23:59:03.309","2026-08-21 22:25:52.111","YgJtk6YK2nL","18378249","[PREMIUM]","[PREMIUM]","[PREMIUM]","112","Section 112","a",2,"[]","2026-10-05 00:00:00","electronic","exchange",5,"[PREMIUM]","2"
"Zm9hvwYYMpx","2026-08-08 23:59:03.309","2026-08-13 23:13:28.903","Zm9hvwYYMpx","18378249","[PREMIUM]","[PREMIUM]","[PREMIUM]","203","Section 203","d",2,"[]","2026-10-05 00:00:00","electronic","exchange",1,"[PREMIUM]","1,2"
"Zm9hvwYYMdx","2026-08-08 23:59:03.309","2026-08-13 23:13:28.903","Zm9hvwYYMdx","18378249","[PREMIUM]","[PREMIUM]","[PREMIUM]","108","Section 108","e",2,"[]","2026-10-05 00:00:00","electronic","exchange",1,"[PREMIUM]","1,2"
"Zm9hvwYPEd5","2026-08-08 23:59:03.309","2026-08-21 22:25:52.111","Zm9hvwYPEd5","18378249","[PREMIUM]","[PREMIUM]","[PREMIUM]","114","Section 114","a",2,"[]","2026-10-05 00:00:00","electronic","exchange",5,"[PREMIUM]","2"
"agktlDYYAoR","2026-08-08 23:59:03.309","2026-08-19 09:50:53.737","agktlDYYAoR","18378249","[PREMIUM]","[PREMIUM]","[PREMIUM]","207","Section 207","bar",2,"[]","2026-10-05 00:00:00","electronic","exchange",4,"[PREMIUM]","1,2"
"b4wUaGY0AlD","2026-08-08 23:59:03.309","2026-08-08 23:59:03.309","b4wUaGY0AlD","18378249","[PREMIUM]","[PREMIUM]","[PREMIUM]","19","Section 19","w",2,"[]","2026-10-05 00:00:00","electronic","exchange",2,"[PREMIUM]","2"
"b4wUaGYY0qN","2026-08-08 23:59:03.309","2026-08-18 12:31:01.222","b4wUaGYY0qN","18378249","[PREMIUM]","[PREMIUM]","[PREMIUM]","15","Section 15","r",2,"[]","2026-10-05 00:00:00","electronic","exchange",2,"[PREMIUM]","1,2"
"b4wUaGYY0AN","2026-08-08 23:59:03.309","2026-08-13 23:13:28.903","b4wUaGYY0AN","18378249","[PREMIUM]","[PREMIUM]","[PREMIUM]","122","Section 122","k",8,"[]","2026-10-05 00:00:00","electronic","exchange",1,"[PREMIUM]","1,2,3,4,5,6,7,8"
"b4wUaGv2ovz","2026-08-08 23:59:03.309","2026-08-12 00:12:56.220","b4wUaGv2ovz","18378249","[PREMIUM]","[PREMIUM]","[PREMIUM]","16","Section 16","z",4,"['1','2','3','4']","2026-09-29 00:00:00","electronic","exchange",0,"[PREMIUM]","1,2,4"
"dNgUg6YYGAJ","2026-08-08 23:59:03.309","2026-08-10 22:34:01.018","dNgUg6YYGAJ","18378249","[PREMIUM]","[PREMIUM]","[PREMIUM]","107","Section 107","e",2,"[]","2026-10-05 00:00:00","electronic","exchange",1,"[PREMIUM]","1,2"
"dNgUg6YYG8J","2026-08-08 23:59:03.309","2026-08-19 09:50:53.737","dNgUg6YYG8J","18378249","[PREMIUM]","[PREMIUM]","[PREMIUM]","02","Section 2","v",3,"[]","2026-10-05 00:00:00","electronic","exchange",2,"[PREMIUM]","1,3"
"dNgUg6YGAPx","2026-08-08 23:59:03.309","2026-08-08 23:59:03.309","dNgUg6YGAPx","18378249","[PREMIUM]","[PREMIUM]","[PREMIUM]","21","Section 21","v",6,"[]","2026-10-05 00:00:00","electronic","exchange",1,"[PREMIUM]","1,2,3,4,5,6"
"eeacK2Y3Eje","2026-08-08 23:59:03.309","2026-08-19 09:50:53.737","eeacK2Y3Eje","18378249","[PREMIUM]","[PREMIUM]","[PREMIUM]","8","Section 8","p",3,"[]","2026-10-04 00:00:00","electronic","exchange",0,"[PREMIUM]","3"
"eeacK2YYPOd","2026-08-08 23:59:03.309","2026-08-19 09:50:53.737","eeacK2YYPOd","18378249","[PREMIUM]","[PREMIUM]","[PREMIUM]","04","Section 4","h",2,"[]","2026-10-05 00:00:00","electronic","exchange",1,"[PREMIUM]","1,2"
"eeacK2YYP3d","2026-08-08 23:59:03.309","2026-08-13 23:13:28.903","eeacK2YYP3d","18378249","[PREMIUM]","[PREMIUM]","[PREMIUM]","119","Section 119","q",4,"[]","2026-10-05 00:00:00","electronic","exchange",2,"[PREMIUM]","1,2,3,4"
"g48UrowwqkR","2026-08-08 23:59:03.309","2026-08-13 23:13:28.903","g48UrowwqkR","18378249","[PREMIUM]","[PREMIUM]","[PREMIUM]","123","Section 123","m",6,"[]","2026-10-05 00:00:00","electronic","exchange",1,"[PREMIUM]","1,2,3,4,5,6"
"g48Urowwq5R","2026-08-08 23:59:03.309","2026-08-19 09:50:53.737","g48Urowwq5R","18378249","[PREMIUM]","[PREMIUM]","[PREMIUM]","16","Section 16","u",6,"[]","2026-10-05 00:00:00","electronic","exchange",1,"[PREMIUM]","1,2,3,4,5,6"
"jDvsz7DD5LJ","2026-08-08 23:59:03.309","2026-08-13 23:13:28.903","jDvsz7DD5LJ","18378249","[PREMIUM]","[PREMIUM]","[PREMIUM]","203","Section 203","g",4,"[]","2026-10-05 00:00:00","electronic","exchange",1,"[PREMIUM]","1,2,4"
"jDvsz7DLeMm","2026-08-08 23:59:03.309","2026-08-21 22:25:52.111","jDvsz7DLeMm","18378249","[PREMIUM]","[PREMIUM]","[PREMIUM]","3","Section 3","x",4,"[]","2026-10-04 00:00:00","electronic","exchange",1,"[PREMIUM]","4"
"kYet9433v5E","2026-08-08 23:59:03.309","2026-08-19 09:50:53.737","kYet9433v5E","18378249","[PREMIUM]","[PREMIUM]","[PREMIUM]","25","Section 25","n",3,"[]","2026-10-05 00:00:00","electronic","exchange",1,"[PREMIUM]","1,3"
"kYet9433vVE","2026-08-08 23:59:03.309","2026-08-19 09:50:53.737","kYet9433vVE","18378249","[PREMIUM]","[PREMIUM]","[PREMIUM]","21","Section 21","q",3,"[]","2026-10-05 00:00:00","electronic","exchange",0,"[PREMIUM]","1,3"
"kYet943VXGz","2026-08-08 23:59:03.309","2026-08-21 22:25:52.111","kYet943VXGz","18378249","[PREMIUM]","[PREMIUM]","[PREMIUM]","20","Section 20","w",3,"[]","2026-10-04 00:00:00","electronic","exchange",0,"[PREMIUM]","3"
"lxVsdL00X5q","2026-08-08 23:59:03.309","2026-08-19 09:50:53.737","lxVsdL00X5q","18378249","[PREMIUM]","[PREMIUM]","[PREMIUM]","02","Section 2","u",2,"[]","2026-10-05 00:00:00","electronic","exchange",2,"[PREMIUM]","1,2"
"lxVsdL00Xzq","2026-08-08 23:59:03.309","2026-08-13 23:13:28.903","lxVsdL00Xzq","18378249","[PREMIUM]","[PREMIUM]","[PREMIUM]","20","Section 20","w",4,"[]","2026-10-05 00:00:00","electronic","exchange",1,"[PREMIUM]","1,2,4"
"lxVsdL0ra0Y","2026-08-08 23:59:03.309","2026-08-13 23:13:28.903","lxVsdL0ra0Y","18378249","[PREMIUM]","[PREMIUM]","[PREMIUM]","21","Section 21","g",2,"[]","2026-10-05 00:00:00","electronic","exchange",1,"[PREMIUM]","2"
"lxVsdL0zr7V","2026-08-08 23:59:03.309","2026-08-21 22:25:52.111","lxVsdL0zr7V","18378249","[PREMIUM]","[PREMIUM]","[PREMIUM]","24","Section 24","x",4,"[]","2026-10-04 00:00:00","electronic","exchange",0,"[PREMIUM]","4"
"mxAs4Yl6kv6","2026-08-08 23:59:03.309","2026-08-21 22:25:52.111","mxAs4Yl6kv6","18378249","[PREMIUM]","[PREMIUM]","[PREMIUM]","4","Section 4","q",2,"[]","2026-10-04 00:00:00","electronic","exchange",0,"[PREMIUM]","2"
"mxAs4Yll0PA","2026-08-08 23:59:03.309","2026-08-13 23:13:28.903","mxAs4Yll0PA","18378249","[PREMIUM]","[PREMIUM]","[PREMIUM]","217","Section 217","b",8,"[]","2026-10-05 00:00:00","electronic","exchange",1,"[PREMIUM]","1,2,3,4,5,6,7,8"
"mxAs4Yll06A","2026-08-08 23:59:03.309","2026-08-13 23:13:28.903","mxAs4Yll06A","18378249","[PREMIUM]","[PREMIUM]","[PREMIUM]","107","Section 107","g",4,"[]","2026-10-05 00:00:00","electronic","exchange",1,"[PREMIUM]","1,2,3,4"
"nx0srMmaeo2","2026-08-08 23:59:03.309","2026-08-13 23:13:28.903","nx0srMmaeo2","18378249","[PREMIUM]","[PREMIUM]","[PREMIUM]","21","Section 21","g",2,"[]","2026-10-05 00:00:00","electronic","exchange",1,"[PREMIUM]","2"
"nx0srMmXLE3","2026-08-08 23:59:03.309","2026-08-13 00:02:31.143","nx0srMmXLE3","18378249","[PREMIUM]","[PREMIUM]","[PREMIUM]","21","Section 21","g",2,"[]","2026-10-05 00:00:00","electronic","exchange",1,"[PREMIUM]","2"
"nx0srMmmala","2026-08-08 23:59:03.309","2026-08-19 09:50:53.737","nx0srMmmala","18378249","[PREMIUM]","[PREMIUM]","[PREMIUM]","22","Section 22","s",4,"[]","2026-10-05 00:00:00","electronic","exchange",1,"[PREMIUM]","1,2,3,4"
"oV7HbEe026Z","2026-08-08 23:59:03.309","2026-08-17 11:24:45.295","oV7HbEe026Z","18378249","[PREMIUM]","[PREMIUM]","[PREMIUM]","115","Section 115","e",3,"[]","2026-10-04 00:00:00","electronic","exchange",0,"[PREMIUM]","3"
"oV7HbEeeVG3","2026-08-08 23:59:03.309","2026-08-13 23:13:28.903","oV7HbEeeVG3","18378249","[PREMIUM]","[PREMIUM]","[PREMIUM]","119","Section 119","l",4,"[]","2026-10-05 00:00:00","electronic","exchange",1,"[PREMIUM]","1,2,3,4"
"oV7HbEeeV5n","2026-08-08 23:59:03.309","2026-08-19 09:50:53.737","oV7HbEeeV5n","18378249","[PREMIUM]","[PREMIUM]","[PREMIUM]","07","Section 7","v",4,"[]","2026-10-05 00:00:00","electronic","exchange",1,"[PREMIUM]","1,2,4"
"pVXHDELLwxx","2026-08-08 23:59:03.309","2026-08-13 23:13:28.903","pVXHDELLwxx","18378249","[PREMIUM]","[PREMIUM]","[PREMIUM]","07","Section 7","q",3,"[]","2026-10-05 00:00:00","electronic","exchange",0,"[PREMIUM]","1,3"
"pVXHDELZrxA","2026-08-08 23:59:03.309","2026-08-17 08:58:35.104","pVXHDELZrxA","18378249","[PREMIUM]","[PREMIUM]","[PREMIUM]","108","Section 108","e",2,"[]","2026-10-05 00:00:00","electronic","exchange",5,"[PREMIUM]","2"
"qVjH2VEE45E","2026-08-08 23:59:03.309","2026-08-13 23:13:28.903","qVjH2VEE45E","18378249","[PREMIUM]","[PREMIUM]","[PREMIUM]","16","Section 16","s",5,"[]","2026-10-05 00:00:00","electronic","exchange",1,"[PREMIUM]","1,2,3,5"
"qVjH2VEE4RE","2026-08-08 23:59:03.309","2026-08-13 23:13:28.903","qVjH2VEE4RE","18378249","[PREMIUM]","[PREMIUM]","[PREMIUM]","21","Section 21","u",4,"[]","2026-10-05 00:00:00","electronic","exchange",0,"[PREMIUM]","1,2,4"
"rVOHkRvvj54","2026-08-08 23:59:03.309","2026-08-13 23:13:28.903","rVOHkRvvj54","18378249","[PREMIUM]","[PREMIUM]","[PREMIUM]","20","Section 20","y",4,"[]","2026-10-05 00:00:00","electronic","exchange",1,"[PREMIUM]","1,2,4"
"rVOHkRvvjN4","2026-08-08 23:59:03.309","2026-08-19 09:50:53.737","rVOHkRvvjN4","18378249","[PREMIUM]","[PREMIUM]","[PREMIUM]","115","Section 115","bar",8,"[]","2026-10-05 00:00:00","electronic","exchange",1,"[PREMIUM]","1,2,3,4,5,6,7,8"
"rVOHkRvvj04","2026-08-08 23:59:03.309","2026-08-13 23:13:28.903","rVOHkRvvj04","18378249","[PREMIUM]","[PREMIUM]","[PREMIUM]","16","Section 16","t",6,"[]","2026-10-05 00:00:00","electronic","exchange",1,"[PREMIUM]","1,2,3,4,5,6"
"rVOHkRv0YLV","2026-08-08 23:59:03.309","2026-08-21 22:25:52.111","rVOHkRv0YLV","18378249","[PREMIUM]","[PREMIUM]","[PREMIUM]","13","Section 13","l",2,"[]","2026-10-04 00:00:00","electronic","exchange",1,"[PREMIUM]","2"
"vb3iPeZZo2d","2026-08-08 23:59:03.309","2026-08-13 23:13:28.903","vb3iPeZZo2d","18378249","[PREMIUM]","[PREMIUM]","[PREMIUM]","123","Section 123","n",4,"[]","2026-10-05 00:00:00","electronic","exchange",1,"[PREMIUM]","1,2,4"
"vb3iPeZZo5d","2026-08-08 23:59:03.309","2026-08-18 12:31:01.222","vb3iPeZZo5d","18378249","[PREMIUM]","[PREMIUM]","[PREMIUM]","25","Section 25","h",2,"[]","2026-10-05 00:00:00","electronic","exchange",0,"[PREMIUM]","1,2"
"vb3iPeZ23Gb","2026-08-08 23:59:03.309","2026-08-21 22:25:52.111","vb3iPeZ23Gb","18378249","[PREMIUM]","[PREMIUM]","[PREMIUM]","118","Section 118","t",2,"[]","2026-10-04 00:00:00","electronic","exchange",0,"[PREMIUM]","2"
"w3Jsedvvjp2","2026-08-08 23:59:03.309","2026-08-13 23:13:28.903","w3Jsedvvjp2","18378249","[PREMIUM]","[PREMIUM]","[PREMIUM]","17","Section 17","q",6,"[]","2026-10-05 00:00:00","electronic","exchange",0,"[PREMIUM]","1,2,3,4,5,6"
"w3Jsedvvj52","2026-08-08 23:59:03.309","2026-08-18 12:31:01.222","w3Jsedvvj52","18378249","[PREMIUM]","[PREMIUM]","[PREMIUM]","15","Section 15","x",4,"[]","2026-10-05 00:00:00","electronic","exchange",2,"[PREMIUM]","1,2,4"
"w3JsedvvjKj","2026-08-08 23:59:03.309","2026-08-13 23:13:28.903","w3JsedvvjKj","18378249","[PREMIUM]","[PREMIUM]","[PREMIUM]","109","Section 109","h",4,"[]","2026-10-05 00:00:00","electronic","exchange",1,"[PREMIUM]","1,2,4"
"xb9imBgAJXG","2026-08-08 23:59:03.309","2026-08-13 00:02:31.143","xb9imBgAJXG","18378249","[PREMIUM]","[PREMIUM]","[PREMIUM]","226","Section 226","b",2,"[]","2026-10-05 00:00:00","electronic","exchange",4,"[PREMIUM]","2"
"xb9imBggGX2","2026-08-08 23:59:03.309","2026-08-13 23:13:28.903","xb9imBggGX2","18378249","[PREMIUM]","[PREMIUM]","[PREMIUM]","17","Section 17","k",3,"[]","2026-10-05 00:00:00","electronic","exchange",0,"[PREMIUM]","1,3"
"z3Es6qMMrp4","2026-08-08 23:59:03.309","2026-08-13 23:13:28.903","z3Es6qMMrp4","18378249","[PREMIUM]","[PREMIUM]","[PREMIUM]","19","Section 19","t",5,"[]","2026-10-05 00:00:00","electronic","exchange",1,"[PREMIUM]","1,2,3,5"
"z3Es6qMMr54","2026-08-08 23:59:03.309","2026-08-13 23:13:28.903","z3Es6qMMr54","18378249","[PREMIUM]","[PREMIUM]","[PREMIUM]","24","Section 24","u",6,"[]","2026-10-05 00:00:00","electronic","exchange",1,"[PREMIUM]","1,2,3,4,5,6"
"05VT8KOrmDr","2026-08-08 23:58:57.039","2026-08-21 22:25:48.519","05VT8KOrmDr","18378493","[PREMIUM]","[PREMIUM]","[PREMIUM]","LOGE19","Section Loge 19","25",2,"[]","2026-10-04 00:00:00","electronic","exchange",1,"[PREMIUM]","1,2"
"05VT8KOrmA3","2026-08-08 23:58:57.039","2026-08-21 22:25:48.519","05VT8KOrmA3","18378493","[PREMIUM]","[PREMIUM]","[PREMIUM]","LOGE16","Section Loge 16","25",4,"[]","2026-10-04 00:00:00","electronic","exchange",1,"[PREMIUM]","1,2,3,4"
"2v0cz3rAkRM","2026-08-08 23:58:57.039","2026-08-21 22:25:48.519","2v0cz3rAkRM","18378493","[PREMIUM]","[PREMIUM]","[PREMIUM]","LOGE18","Section Loge 18","21",3,"[]","2026-10-04 00:00:00","electronic","exchange",1,"[PREMIUM]","1,2,3"
"2v0cz3rA5V7","2026-08-08 23:58:57.039","2026-08-21 22:25:48.519","2v0cz3rA5V7","18378493","[PREMIUM]","[PREMIUM]","[PREMIUM]","BAL327","Balcony 327","7",4,"[]","2026-10-04 00:00:00","electronic","exchange",2,"[PREMIUM]","1,2,3,4"
"3q7fNJoRzNB","2026-08-08 23:58:57.039","2026-08-21 22:25:48.519","3q7fNJoRzNB","18378493","[PREMIUM]","[PREMIUM]","[PREMIUM]","LOGE7","Section Loge 7","24",4,"[]","2026-10-04 00:00:00","electronic","exchange",1,"[PREMIUM]","1,2,3,4"
"4vXcj90DAjA","2026-08-08 23:58:57.039","2026-08-21 22:25:48.519","4vXcj90DAjA","18378493","[PREMIUM]","[PREMIUM]","[PREMIUM]","LOGE4","Section Loge 4","24",1,"[]","2026-10-04 00:00:00","electronic","exchange",1,"[PREMIUM]","1"
"4vXcj90DAOA","2026-08-08 23:58:57.039","2026-08-21 22:25:48.519","4vXcj90DAOA","18378493","[PREMIUM]","[PREMIUM]","[PREMIUM]","LOGE16","Section Loge 16","25",4,"[]","2026-10-04 00:00:00","electronic","exchange",1,"[PREMIUM]","1,2,3,4"
"4vXcj9ze5N7","2026-08-08 23:58:57.039","2026-08-12 14:04:59.531","4vXcj9ze5N7","18378493","[PREMIUM]","[PREMIUM]","[PREMIUM]","LOGE4","Section Loge 4","13",2,"[]","2026-10-04 00:00:00","electronic","exchange",5,"[PREMIUM]","2"
"5EjuZ6dGRmn","2026-08-08 23:58:57.039","2026-08-21 22:25:48.519","5EjuZ6dGRmn","18378493","[PREMIUM]","[PREMIUM]","[PREMIUM]","BAL308","Balcony 308","15",4,"[]","2026-10-04 00:00:00","electronic","exchange",0,"[PREMIUM]","1,2,3,4"
"6mOhkAjqDnD","2026-08-08 23:58:57.039","2026-08-21 22:25:48.519","6mOhkAjqDnD","18378493","[PREMIUM]","[PREMIUM]","[PREMIUM]","BAL306","Balcony 306","15",1,"[]","2026-10-04 00:00:00","electronic","exchange",0,"[PREMIUM]","1"
"6mOhkAjqD3w","2026-08-08 23:58:57.039","2026-08-21 22:25:48.519","6mOhkAjqD3w","18378493","[PREMIUM]","[PREMIUM]","[PREMIUM]","BAL301","Balcony 301","13",1,"[]","2026-10-04 00:00:00","electronic","exchange",1,"[PREMIUM]","1"
"8lKt6Yj4ZK4","2026-08-08 23:58:57.039","2026-08-21 22:25:48.519","8lKt6Yj4ZK4","18378493","[PREMIUM]","[PREMIUM]","[PREMIUM]","LOGE16","Section Loge 16","14",3,"[]","2026-10-04 00:00:00","electronic","exchange",1,"[PREMIUM]","1,2,3"
"A6rs27vbNEm","2026-08-08 23:58:57.039","2026-08-21 22:25:48.519","A6rs27vbNEm","18378493","[PREMIUM]","[PREMIUM]","[PREMIUM]","LOGE4","Section Loge 4","20",2,"[]","2026-10-04 00:00:00","electronic","exchange",1,"[PREMIUM]","1,2"
"A6rs27vbNrA","2026-08-08 23:58:57.039","2026-08-21 22:25:48.519","A6rs27vbNrA","18378493","[PREMIUM]","[PREMIUM]","[PREMIUM]","LOGE 19","Section Loge 19","23",4,"[]","2026-10-04 00:00:00","electronic","exchange",1,"[PREMIUM]","1,2,3,4"
"EroUXna3Y8v","2026-08-08 23:58:57.039","2026-08-21 22:25:48.519","EroUXna3Y8v","18378493","[PREMIUM]","[PREMIUM]","[PREMIUM]","BAL309","Balcony 309","13",2,"['17','18']","2026-10-04 00:00:00","electronic","exchange",0,"[PREMIUM]","2"
"EroUXnYkmzd","2026-08-08 23:58:57.039","2026-08-21 22:25:48.519","EroUXnYkmzd","18378493","[PREMIUM]","[PREMIUM]","[PREMIUM]","BAL318","Balcony 318","6",1,"[]","2026-10-04 00:00:00","electronic","exchange",0,"[PREMIUM]","1"
"EroUXnaRgBj","2026-08-08 23:58:57.039","2026-08-18 12:30:56.762","EroUXnaRgBj","18378493","[PREMIUM]","[PREMIUM]","[PREMIUM]","LOGE11","Section Loge 11","17",2,"[]","2026-10-04 00:00:00","electronic","exchange",2,"[PREMIUM]","1,2"
"EroUXnYkmdR","2026-08-08 23:58:57.039","2026-08-15 11:18:06.972","EroUXnYkmdR","18378493","[PREMIUM]","[PREMIUM]","[PREMIUM]","LOGE17","Section Loge 17","12",3,"[]","2026-10-04 00:00:00","electronic","exchange",0,"[PREMIUM]","1,2,3"
"EroUXnappG9","2026-08-08 23:58:57.039","2026-08-10 22:33:53.158","EroUXnappG9","18378493","[PREMIUM]","[PREMIUM]","[PREMIUM]","LOGE18","Section Loge 18","8",3,"[]","2026-10-04 00:00:00","electronic","exchange",1,"[PREMIUM]","3"
"GAaI62YEnK3","2026-08-08 23:58:57.039","2026-08-21 22:25:48.519","GAaI62YEnK3","18378493","[PREMIUM]","[PREMIUM]","[PREMIUM]","LOGE16","Section Loge 16","21",2,"[]","2026-10-04 00:00:00","electronic","exchange",1,"[PREMIUM]","1,2"
"JABI39Yr8L5","2026-08-08 23:58:57.039","2026-08-12 00:18:07.093","JABI39Yr8L5","18378493","[PREMIUM]","[PREMIUM]","[PREMIUM]","LOGE6","Section Loge 6","25",2,"[]","2026-10-04 00:00:00","electronic","exchange",0,"[PREMIUM]","1,2"
"Kezcz6YB8ob","2026-08-08 23:58:57.039","2026-08-21 22:25:48.519","Kezcz6YB8ob","18378493","[PREMIUM]","[PREMIUM]","[PREMIUM]","BAL318","Balcony 318","6",3,"[]","2026-10-04 00:00:00","electronic","exchange",5,"[PREMIUM]","1,2,3"
"LbviLEYe2eL","2026-08-08 23:58:57.039","2026-08-21 22:25:48.519","LbviLEYe2eL","18378493","[PREMIUM]","[PREMIUM]","[PREMIUM]","LOGE7","Section Loge 7","25",2,"[]","2026-10-04 00:00:00","electronic","exchange",0,"[PREMIUM]","1,2"
"NrqUv4YeGVj","2026-08-08 23:58:57.039","2026-08-21 22:25:48.519","NrqUv4YeGVj","18378493","[PREMIUM]","[PREMIUM]","[PREMIUM]","LOGE18","Section Loge 18","21",2,"[]","2026-10-04 00:00:00","electronic","exchange",1,"[PREMIUM]","1,2"
"O7AhwrVXXMK","2026-08-08 23:58:57.039","2026-08-09 23:36:28.305","O7AhwrVXXMK","18378493","[PREMIUM]","[PREMIUM]","[PREMIUM]","LOGE15","Section Loge 15","12",4,"[]","2026-10-04 00:00:00","electronic","exchange",1,"[PREMIUM]","4"
"O7AhwrYLJAj","2026-08-08 23:58:57.039","2026-08-19 09:50:50.267","O7AhwrYLJAj","18378493","[PREMIUM]","[PREMIUM]","[PREMIUM]","LOGE7","Section Loge 7","24",2,"[]","2026-10-04 00:00:00","electronic","exchange",0,"[PREMIUM]","1,2"
"O7AhwrYLZq6","2026-08-08 23:58:57.039","2026-08-21 22:25:48.519","O7AhwrYLZq6","18378493","[PREMIUM]","[PREMIUM]","[PREMIUM]","LOGE7","Section Loge 7","21",3,"[]","2026-10-04 00:00:00","electronic","exchange",1,"[PREMIUM]","1,2,3"
"ROXHzwYb5vx","2026-08-08 23:58:57.039","2026-08-21 22:25:48.519","ROXHzwYb5vx","18378493","[PREMIUM]","[PREMIUM]","[PREMIUM]","LOGE3","Section Loge 3","26",1,"[]","2026-10-04 00:00:00","electronic","exchange",1,"[PREMIUM]","1"
"ROXHzwYb5EX","2026-08-08 23:58:57.039","2026-08-21 22:25:48.519","ROXHzwYb5EX","18378493","[PREMIUM]","[PREMIUM]","[PREMIUM]","LOGE 6","Section Loge 6","26",2,"[]","2026-10-04 00:00:00","electronic","exchange",0,"[PREMIUM]","1,2"
"V4KU0MEARA0","2026-08-08 23:58:57.039","2026-08-19 09:50:50.267","V4KU0MEARA0","18378493","[PREMIUM]","[PREMIUM]","[PREMIUM]","CLB109","Club 109","h",4,"[]","2026-10-04 00:00:00","electronic","exchange",0,"[PREMIUM]","2,4"
"X03tKjYvnVE","2026-08-08 23:58:57.039","2026-08-16 11:32:44.382","X03tKjYvnVE","18378493","[PREMIUM]","[PREMIUM]","[PREMIUM]","LOGE16","Section Loge 16","20",2,"[]","2026-10-04 00:00:00","electronic","exchange",0,"[PREMIUM]","1,2"
"YgJtk6YL425","2026-08-08 23:58:57.039","2026-08-21 22:25:48.519","YgJtk6YL425","18378493","[PREMIUM]","[PREMIUM]","[PREMIUM]","BAL306","Balcony 306","12",2,"[]","2026-10-04 00:00:00","electronic","exchange",0,"[PREMIUM]","1,2"
"YgJtk6YL4XJ","2026-08-08 23:58:57.039","2026-08-21 22:25:48.519","YgJtk6YL4XJ","18378493","[PREMIUM]","[PREMIUM]","[PREMIUM]","LOGE 18","Section Loge 18","18",4,"[]","2026-10-04 00:00:00","electronic","exchange",1,"[PREMIUM]","1,2,3,4"
"g48UrowmD4X","2026-08-08 23:58:57.039","2026-08-21 22:25:48.519","g48UrowmD4X","18378493","[PREMIUM]","[PREMIUM]","[PREMIUM]","LOGE15","Section Loge 15","15",3,"[]","2026-10-04 00:00:00","electronic","exchange",1,"[PREMIUM]","1,2,3"
"g48UrowmDaw","2026-08-08 23:58:57.039","2026-08-21 22:25:48.519","g48UrowmDaw","18378493","[PREMIUM]","[PREMIUM]","[PREMIUM]","LOGE15","Section Loge 15","13",2,"[]","2026-10-04 00:00:00","electronic","exchange",0,"[PREMIUM]","1,2"
"jDvsz7DN8rG","2026-08-08 23:58:57.039","2026-08-21 22:25:48.519","jDvsz7DN8rG","18378493","[PREMIUM]","[PREMIUM]","[PREMIUM]","LOGE18","Section Loge 18","21",2,"[]","2026-10-04 00:00:00","electronic","exchange",1,"[PREMIUM]","1,2"
"kYet9437jxz","2026-08-08 23:58:57.039","2026-08-21 22:25:48.519","kYet9437jxz","18378493","[PREMIUM]","[PREMIUM]","[PREMIUM]","LOGE17","Section Loge 17","21",1,"[]","2026-10-04 00:00:00","electronic","exchange",1,"[PREMIUM]","1"
"kYet9437jB6","2026-08-08 23:58:57.039","2026-08-21 22:25:48.519","kYet9437jB6","18378493","[PREMIUM]","[PREMIUM]","[PREMIUM]","LOGE7","Section Loge 7","26",4,"[]","2026-10-04 00:00:00","electronic","exchange",1,"[PREMIUM]","1,2,3,4"
"kYet9437j5m","2026-08-08 23:58:57.039","2026-08-21 22:25:48.519","kYet9437j5m","18378493","[PREMIUM]","[PREMIUM]","[PREMIUM]","BAL319","Balcony 319","13",4,"[]","2026-10-04 00:00:00","electronic","exchange",1,"[PREMIUM]","1,2,3,4"
"mxAs4YlMoj6","2026-08-08 23:58:57.039","2026-08-21 22:25:48.519","mxAs4YlMoj6","18378493","[PREMIUM]","[PREMIUM]","[PREMIUM]","LOGE16","Section Loge 16","25",2,"[]","2026-10-04 00:00:00","electronic","exchange",1,"[PREMIUM]","1,2"
"oV7HbEOD6Ov","2026-08-08 23:58:57.039","2026-08-20 22:38:42.457","oV7HbEOD6Ov","18378493","[PREMIUM]","[PREMIUM]","[PREMIUM]","LOGE18","Section Loge 18","8",3,"['5','6','7']","2026-07-20 00:00:00","electronic","exchange",0,"[PREMIUM]","1,3"
"oV7HbEek7Yj","2026-08-08 23:58:57.039","2026-08-21 22:25:48.519","oV7HbEek7Yj","18378493","[PREMIUM]","[PREMIUM]","[PREMIUM]","LOGE5","Section Loge 5","25",2,"[]","2026-10-04 00:00:00","electronic","exchange",0,"[PREMIUM]","1,2"
"pVXHDELlXgK","2026-08-08 23:58:57.039","2026-08-21 22:25:48.519","pVXHDELlXgK","18378493","[PREMIUM]","[PREMIUM]","[PREMIUM]","BAL322","Balcony 322","14",2,"[]","2026-10-04 00:00:00","electronic","exchange",1,"[PREMIUM]","1,2"
"qVjH2VElDlv","2026-08-08 23:58:57.039","2026-08-21 22:25:48.519","qVjH2VElDlv","18378493","[PREMIUM]","[PREMIUM]","[PREMIUM]","LOGE5","Section Loge 5","24",2,"[]","2026-10-04 00:00:00","electronic","exchange",1,"[PREMIUM]","1,2"
"rVOHkRvvVPp","2026-08-08 23:58:57.039","2026-08-21 22:25:48.519","rVOHkRvvVPp","18378493","[PREMIUM]","[PREMIUM]","[PREMIUM]","LOGE6","Section Loge 6","6",2,"['12','13']","2026-10-02 00:00:00","electronic","exchange",3,"[PREMIUM]","2"
"rVOHkRvPzbX","2026-08-08 23:58:57.039","2026-08-21 22:25:48.519","rVOHkRvPzbX","18378493","[PREMIUM]","[PREMIUM]","[PREMIUM]","LOGE6","Section Loge 6","6",2,"[]","2026-10-03 00:00:00","electronic","exchange",2,"[PREMIUM]","2"
"05VT8KOzjjD","2026-08-08 23:58:52.823","2026-08-22 11:21:43.973","05VT8KOzjjD","18378005","[PREMIUM]","[PREMIUM]","[PREMIUM]","117","Section 117","dd",4,"[]","2026-10-03 00:00:00","electronic","exchange",1,"[PREMIUM]","4"
"2v0cz38ngM2","2026-08-08 23:58:52.823","2026-08-22 11:21:43.973","2v0cz38ngM2","18378005","[PREMIUM]","[PREMIUM]","[PREMIUM]","102","Section 102","c",1,"[]","2026-10-03 00:00:00","electronic","exchange",0,"[PREMIUM]","1"
"2v0cz3r0qq9","2026-08-08 23:58:52.823","2026-08-13 23:17:29.888","2v0cz3r0qq9","18378005","[PREMIUM]","[PREMIUM]","[PREMIUM]","104","Section 104","v",4,"[]","2026-10-04 00:00:00","electronic","exchange",1,"[PREMIUM]","1,2,3,4"
"3q7fNJBEpN6","2026-08-08 23:58:52.823","2026-08-19 09:50:46.628","3q7fNJBEpN6","18378005","[PREMIUM]","[PREMIUM]","[PREMIUM]","110","Section 110","g",4,"[]","2026-10-03 00:00:00","electronic","exchange",2,"[PREMIUM]","1,2,3,4"
"3q7fNJBZB3a","2026-08-08 23:58:52.823","2026-08-22 11:21:43.973","3q7fNJBZB3a","18378005","[PREMIUM]","[PREMIUM]","[PREMIUM]","102","Section 102","c",2,"['7','8']","2026-10-02 00:00:00","electronic","exchange",0,"[PREMIUM]","2"
"3q7fNJor8aY","2026-08-08 23:58:52.823","2026-08-19 09:50:46.628","3q7fNJor8aY","18378005","[PREMIUM]","[PREMIUM]","[PREMIUM]","110","Section 110","g",4,"[]","2026-10-03 00:00:00","electronic","exchange",2,"[PREMIUM]","1,2,3,4"
"4vXcj90N85a","2026-08-08 23:58:52.823","2026-08-22 11:21:43.973","4vXcj90N85a","18378005","[PREMIUM]","[PREMIUM]","[PREMIUM]","222","Section 222","j",3,"[]","2026-10-03 00:00:00","electronic","exchange",1,"[PREMIUM]","3"
"5EjuZ6v8EM3","2026-08-08 23:58:52.823","2026-08-22 11:21:43.973","5EjuZ6v8EM3","18378005","[PREMIUM]","[PREMIUM]","[PREMIUM]","112","Section 112","t",2,"[]","2026-10-03 00:00:00","electronic","exchange",3,"[PREMIUM]","2"
"6mOhkAjroo2","2026-08-08 23:58:52.823","2026-08-19 09:50:46.628","6mOhkAjroo2","18378005","[PREMIUM]","[PREMIUM]","[PREMIUM]","104","Section 104","s",4,"[]","2026-10-04 00:00:00","electronic","exchange",1,"[PREMIUM]","1,2,3,4"
"6mOhkAjbpeD","2026-08-08 23:58:52.823","2026-08-19 09:50:46.628","6mOhkAjbpeD","18378005","[PREMIUM]","[PREMIUM]","[PREMIUM]","221","Section 221","h",8,"[]","2026-10-03 00:00:00","electronic","exchange",2,"[PREMIUM]","1,2,3,4,5,6,7,8"
"6mOhkAjG0Ko","2026-08-08 23:58:52.823","2026-08-22 11:21:43.973","6mOhkAjG0Ko","18378005","[PREMIUM]","[PREMIUM]","[PREMIUM]","231","Section 231","m",2,"[]","2026-10-03 00:00:00","electronic","exchange",3,"[PREMIUM]","2"
"7KntAl2GrL8","2026-08-08 23:58:52.823","2026-08-19 09:50:46.628","7KntAl2GrL8","18378005","[PREMIUM]","[PREMIUM]","[PREMIUM]","110","Section 110","j",2,"[]","2026-10-04 00:00:00","electronic","exchange",1,"[PREMIUM]","2"
"8lKt6YAm0Xl","2026-08-08 23:58:52.823","2026-08-08 23:58:52.823","8lKt6YAm0Xl","18378005","[PREMIUM]","[PREMIUM]","[PREMIUM]","221","Section 221","d",2,"[]","2026-10-04 00:00:00","electronic","exchange",1,"[PREMIUM]","2"
"9P2c5qzAL5q","2026-08-08 23:58:52.823","2026-08-22 11:21:43.973","9P2c5qzAL5q","18378005","[PREMIUM]","[PREMIUM]","[PREMIUM]","209","Section 209","l",4,"[]","2026-10-03 00:00:00","electronic","exchange",2,"[PREMIUM]","4"
"EroUXnYNLbD","2026-08-08 23:58:52.823","2026-08-22 11:21:43.973","EroUXnYNLbD","18378005","[PREMIUM]","[PREMIUM]","[PREMIUM]","121","Section 121","n",2,"[]","2026-10-03 00:00:00","electronic","exchange",1,"[PREMIUM]","2"
"GAaI62YezPo","2026-08-08 23:58:52.823","2026-08-22 11:21:43.973","GAaI62YezPo","18378005","[PREMIUM]","[PREMIUM]","[PREMIUM]","113","Section 113","x",4,"[]","2026-10-03 00:00:00","electronic","exchange",5,"[PREMIUM]","4"
"JABI39YmpP0","2026-08-08 23:58:52.823","2026-08-22 11:21:43.973","JABI39YmpP0","18378005","[PREMIUM]","[PREMIUM]","[PREMIUM]","110","Section 110","q",3,"[]","2026-10-03 00:00:00","electronic","exchange",2,"[PREMIUM]","3"
"JABI39YLNGA","2026-08-08 23:58:52.823","2026-08-22 11:21:43.973","JABI39YLNGA","18378005","[PREMIUM]","[PREMIUM]","[PREMIUM]","114","Section 114","p",2,"[]","2026-10-03 00:00:00","electronic","exchange",1,"[PREMIUM]","2"
"JABI39Yo9nY","2026-08-08 23:58:52.823","2026-08-19 09:50:46.628","JABI39Yo9nY","18378005","[PREMIUM]","[PREMIUM]","[PREMIUM]","104","Section 104","s",4,"[]","2026-10-03 00:00:00","electronic","exchange",2,"[PREMIUM]","1,2,3,4"
"LbviLE9Nqkl","2026-08-08 23:58:52.823","2026-08-18 12:30:47.938","LbviLE9Nqkl","18378005","[PREMIUM]","[PREMIUM]","[PREMIUM]","102","Section 102","c",4,"[]","2026-10-03 00:00:00","electronic","exchange",3,"[PREMIUM]","4"
"MAeIPlrA8Ob","2026-08-08 23:58:52.823","2026-08-09 23:36:23.419","MAeIPlrA8Ob","18378005","[PREMIUM]","[PREMIUM]","[PREMIUM]","221","Section 221","b",2,"[]","2026-10-04 00:00:00","electronic","exchange",2,"[PREMIUM]","2"
"MAeIPlYnkkG","2026-08-08 23:58:52.823","2026-08-22 11:21:43.973","MAeIPlYnkkG","18378005","[PREMIUM]","[PREMIUM]","[PREMIUM]","120","Section 120","r",2,"[]","2026-10-03 00:00:00","electronic","exchange",1,"[PREMIUM]","2"
"O7AhwrYb5Ax","2026-08-08 23:58:52.823","2026-08-22 11:21:43.973","O7AhwrYb5Ax","18378005","[PREMIUM]","[PREMIUM]","[PREMIUM]","102","Section 102","k",2,"[]","2026-10-03 00:00:00","electronic","exchange",1,"[PREMIUM]","2"
"ROXHzwJqo3z","2026-08-08 23:58:52.823","2026-08-08 23:58:52.823","ROXHzwJqo3z","18378005","[PREMIUM]","[PREMIUM]","[PREMIUM]","218","Section 218","b",10,"[]","2026-10-04 00:00:00","electronic","exchange",2,"[PREMIUM]","1,2,3,4,5,6,7,8,9,10"
"ROXHzwJPJpN","2026-08-08 23:58:52.823","2026-08-09 23:36:23.419","ROXHzwJPJpN","18378005","[PREMIUM]","[PREMIUM]","[PREMIUM]","113","Section 113","g",2,"[]","2026-10-04 00:00:00","electronic","exchange",2,"[PREMIUM]","2"
"ROXHzwYNVVE","2026-08-08 23:58:52.823","2026-08-22 11:21:43.973","ROXHzwYNVVE","18378005","[PREMIUM]","[PREMIUM]","[PREMIUM]","103","Section 103","r",4,"[]","2026-10-03 00:00:00","electronic","exchange",2,"[PREMIUM]","4"
"ROXHzwYXVBA","2026-08-08 23:58:52.823","2026-08-19 09:50:46.628","ROXHzwYXVBA","18378005","[PREMIUM]","[PREMIUM]","[PREMIUM]","104","Section 104","s",4,"[]","2026-10-04 00:00:00","electronic","exchange",1,"[PREMIUM]","1,2,3,4"
"V4KU0Mxqqz2","2026-08-08 23:58:52.823","2026-08-22 11:21:43.973","V4KU0Mxqqz2","18378005","[PREMIUM]","[PREMIUM]","[PREMIUM]","110","Section 110","g",4,"[]","2026-10-04 00:00:00","electronic","exchange",0,"[PREMIUM]","1,2,3,4"
"X03tKjYMlz7","2026-08-08 23:58:52.823","2026-08-19 09:50:46.628","X03tKjYMlz7","18378005","[PREMIUM]","[PREMIUM]","[PREMIUM]","122","Section 122","u",5,"[]","2026-10-04 00:00:00","electronic","exchange",2,"[PREMIUM]","1,2,3,4,5"
"X03tKjY0XJw","2026-08-08 23:58:52.823","2026-08-13 23:17:29.888","X03tKjY0XJw","18378005","[PREMIUM]","[PREMIUM]","[PREMIUM]","102","Section 102","p",2,"[]","2026-10-04 00:00:00","electronic","exchange",1,"[PREMIUM]","2"
"X03tKjYnq25","2026-08-08 23:58:52.823","2026-08-19 09:50:46.628","X03tKjYnq25","18378005","[PREMIUM]","[PREMIUM]","[PREMIUM]","110","Section 110","g",4,"[]","2026-10-04 00:00:00","electronic","exchange",1,"[PREMIUM]","1,2,3,4"
"YgJtk6KqX9P","2026-08-08 23:58:52.823","2026-08-19 09:50:46.628","YgJtk6KqX9P","18378005","[PREMIUM]","[PREMIUM]","[PREMIUM]","106","Section 106","l",2,"[]","2026-10-04 00:00:00","electronic","exchange",2,"[PREMIUM]","2"
"dNgUg6NKeke","2026-08-08 23:58:52.823","2026-08-09 23:36:23.419","dNgUg6NKeke","18378005","[PREMIUM]","[PREMIUM]","[PREMIUM]","110","Section 110","f",3,"[]","2026-10-04 00:00:00","electronic","exchange",1,"[PREMIUM]","1,2,3"
"g48Urow7zzd","2026-08-08 23:58:52.823","2026-08-22 11:21:43.973","g48Urow7zzd","18378005","[PREMIUM]","[PREMIUM]","[PREMIUM]","117","Section 117","dd",3,"[]","2026-10-03 00:00:00","electronic","exchange",2,"[PREMIUM]","3"
"g48Urow7zGN","2026-08-08 23:58:52.823","2026-08-22 11:21:43.973","g48Urow7zGN","18378005","[PREMIUM]","[PREMIUM]","[PREMIUM]","110","Section 110","v",4,"[]","2026-10-03 00:00:00","electronic","exchange",1,"[PREMIUM]","4"
"g48Urow7zZa","2026-08-08 23:58:52.823","2026-08-22 11:21:43.973","g48Urow7zZa","18378005","[PREMIUM]","[PREMIUM]","[PREMIUM]","217","Section 217","p",4,"[]","2026-10-03 00:00:00","electronic","exchange",1,"[PREMIUM]","4"
"jDvsz7DqGa3","2026-08-08 23:58:52.823","2026-08-19 09:50:46.628","jDvsz7DqGa3","18378005","[PREMIUM]","[PREMIUM]","[PREMIUM]","104","Section 104","s",4,"[]","2026-10-03 00:00:00","electronic","exchange",2,"[PREMIUM]","1,2,3,4"
"lxVsdL0K2o2","2026-08-08 23:58:52.823","2026-08-22 11:21:43.973","lxVsdL0K2o2","18378005","[PREMIUM]","[PREMIUM]","[PREMIUM]","110","Section 110","m",2,"[]","2026-10-03 00:00:00","electronic","exchange",1,"[PREMIUM]","2"
"mxAs4YGLqzV","2026-08-08 23:58:52.823","2026-08-19 09:50:46.628","mxAs4YGLqzV","18378005","[PREMIUM]","[PREMIUM]","[PREMIUM]","106","Section 106","r",2,"[]","2026-10-04 00:00:00","electronic","exchange",0,"[PREMIUM]","2"
"oV7HbEO9OZ0","2026-08-08 23:58:52.823","2026-08-13 23:17:29.888","oV7HbEO9OZ0","18378005","[PREMIUM]","[PREMIUM]","[PREMIUM]","101","Section 101","k",2,"[]","2026-10-04 00:00:00","electronic","exchange",1,"[PREMIUM]","2"
"pVXHDELqkaE","2026-08-08 23:58:52.823","2026-08-22 11:21:43.973","pVXHDELqkaE","18378005","[PREMIUM]","[PREMIUM]","[PREMIUM]","114","Section 114","m",4,"[]","2026-10-03 00:00:00","electronic","exchange",1,"[PREMIUM]","4"
"qVjH2VzJOeq","2026-08-08 23:58:52.823","2026-08-09 23:36:23.419","qVjH2VzJOeq","18378005","[PREMIUM]","[PREMIUM]","[PREMIUM]","221","Section 221","j",2,"[]","2026-10-04 00:00:00","electronic","exchange",1,"[PREMIUM]","2"
"w3Jsedvk2qp","2026-08-08 23:58:52.823","2026-08-22 11:21:43.973","w3Jsedvk2qp","18378005","[PREMIUM]","[PREMIUM]","[PREMIUM]","203","Section 203","n",4,"[]","2026-10-03 00:00:00","electronic","exchange",1,"[PREMIUM]","4"
"z3Es6qMZkYK","2026-08-08 23:58:52.823","2026-08-19 09:50:46.628","z3Es6qMZkYK","18378005","[PREMIUM]","[PREMIUM]","[PREMIUM]","221","Section 221","j",8,"[]","2026-10-03 00:00:00","electronic","exchange",2,"[PREMIUM]","1,2,3,4,5,6,7,8"
"z3Es6qMNLp6","2026-08-08 23:58:52.823","2026-08-22 11:21:43.973","z3Es6qMNLp6","18378005","[PREMIUM]","[PREMIUM]","[PREMIUM]","102","Section 102","c",4,"['17','18','19','20']","2026-10-02 00:00:00","electronic","exchange",2,"[PREMIUM]","4"
"5EjuZ6vX4Gl","2026-08-08 23:58:49.288","2026-08-10 22:33:45.408","5EjuZ6vX4Gl","18378659","[PREMIUM]","[PREMIUM]","[PREMIUM]","103","Section 103","w",2,"[]","2026-10-03 00:00:00","electronic","exchange",1,"[PREMIUM]","2"
"X03tKjNaozv","2026-08-08 23:58:49.288","2026-08-16 22:22:07.167","X03tKjNaozv","18378659","[PREMIUM]","[PREMIUM]","[PREMIUM]","319","Section 319","j",2,"['21','22']","2026-10-04 00:00:00","electronic","exchange",0,"[PREMIUM]","2"
"b4wUaGv2p7q","2026-08-08 23:58:49.288","2026-08-10 22:33:45.408","b4wUaGv2p7q","18378659","[PREMIUM]","[PREMIUM]","[PREMIUM]","103","Section 103","w",2,"['11','12']","2026-10-03 00:00:00","electronic","exchange",1,"[PREMIUM]","2"
"eeacK2XMXz7","2026-08-08 23:58:49.288","2026-08-21 22:25:47.751","eeacK2XMXz7","18378659","[PREMIUM]","[PREMIUM]","[PREMIUM]","104","Section 104","n",2,"['1','2']","2026-10-02 00:00:00","electronic","exchange",4,"[PREMIUM]","2"
"lxVsdLBdNVl","2026-08-08 23:58:49.288","2026-08-21 22:25:47.751","lxVsdLBdNVl","18378659","[PREMIUM]","[PREMIUM]","[PREMIUM]","320","Section 320","b",2,"['11','12']","2026-10-02 00:00:00","electronic","exchange",2,"[PREMIUM]","2"
"lxVsdLBjJm6","2026-08-08 23:58:49.288","2026-08-21 22:25:47.751","lxVsdLBjJm6","18378659","[PREMIUM]","[PREMIUM]","[PREMIUM]","201","Section 201","h",3,"[]","2026-10-04 00:00:00","electronic","exchange",2,"[PREMIUM]","1,3"
"05VT8KOnXnG","2026-08-08 23:58:45.911","2026-08-21 22:25:45.566","05VT8KOnXnG","18377924","[PREMIUM]","[PREMIUM]","[PREMIUM]","312","Section 312","k",2,"[]","2026-10-03 00:00:00","electronic","exchange",1,"[PREMIUM]","2"
"2v0cz3rJeBa","2026-08-08 23:58:45.911","2026-08-21 22:25:45.566","2v0cz3rJeBa","18377924","[PREMIUM]","[PREMIUM]","[PREMIUM]","105","Section 105","r",4,"[]","2026-10-03 00:00:00","electronic","exchange",1,"[PREMIUM]","4"
"3q7fNJBZabY","2026-08-08 23:58:45.911","2026-08-21 22:25:45.566","3q7fNJBZabY","18377924","[PREMIUM]","[PREMIUM]","[PREMIUM]","101","Section 101","g",2,"[]","2026-10-03 00:00:00","electronic","exchange",2,"[PREMIUM]","2"
"3q7fNJoOq5R","2026-08-08 23:58:45.911","2026-08-21 22:25:45.566","3q7fNJoOq5R","18377924","[PREMIUM]","[PREMIUM]","[PREMIUM]","115","Section 115","j",3,"[]","2026-10-03 00:00:00","electronic","exchange",1,"[PREMIUM]","3"
"9P2c5qz9JOr","2026-08-08 23:58:45.911","2026-08-19 09:54:18.149","9P2c5qz9JOr","18377924","[PREMIUM]","[PREMIUM]","[PREMIUM]","121","Section 121","j",2,"[]","2026-10-03 00:00:00","electronic","exchange",0,"[PREMIUM]","2"
"9P2c5qz9J54","2026-08-08 23:58:45.911","2026-08-21 22:25:45.566","9P2c5qz9J54","18377924","[PREMIUM]","[PREMIUM]","[PREMIUM]","119","Section 119","l",2,"[]","2026-10-03 00:00:00","electronic","exchange",1,"[PREMIUM]","2"
"DdwHkO0rAjA","2026-08-08 23:58:45.911","2026-08-21 22:25:45.566","DdwHkO0rAjA","18377924","[PREMIUM]","[PREMIUM]","[PREMIUM]","328","Section 328","j",3,"[]","2026-10-03 00:00:00","electronic","exchange",2,"[PREMIUM]","3"
"MAeIPlY0aeA","2026-08-08 23:58:45.911","2026-08-18 12:29:00.081","MAeIPlY0aeA","18377924","[PREMIUM]","[PREMIUM]","[PREMIUM]","327","Section 327","r",2,"[]","2026-10-03 00:00:00","electronic","exchange",1,"[PREMIUM]","2"
"NrqUv4YqobP","2026-08-08 23:58:45.911","2026-08-19 09:54:18.149","NrqUv4YqobP","18377924","[PREMIUM]","[PREMIUM]","[PREMIUM]","105","Section 105","p",2,"[]","2026-10-03 00:00:00","electronic","exchange",0,"[PREMIUM]","2"
"PX0sgL6DdOM","2026-08-08 23:58:45.911","2026-08-21 22:25:45.566","PX0sgL6DdOM","18377924","[PREMIUM]","[PREMIUM]","[PREMIUM]","109","Section 109","l",4,"[]","2026-10-03 00:00:00","electronic","exchange",1,"[PREMIUM]","4"
"PX0sgLYPog9","2026-08-08 23:58:45.911","2026-08-09 23:36:18.237","PX0sgLYPog9","18377924","[PREMIUM]","[PREMIUM]","[PREMIUM]","110","Section 110","p",2,"[]","2026-10-03 00:00:00","electronic","exchange",0,"[PREMIUM]","2"
"PX0sgLY9a9g","2026-08-08 23:58:45.911","2026-08-21 22:25:45.566","PX0sgLY9a9g","18377924","[PREMIUM]","[PREMIUM]","[PREMIUM]","327","Section 327","k",3,"[]","2026-10-03 00:00:00","electronic","exchange",1,"[PREMIUM]","3"
"ROXHzwJrljY","2026-08-08 23:58:45.911","2026-08-21 22:25:45.566","ROXHzwJrljY","18377924","[PREMIUM]","[PREMIUM]","[PREMIUM]","109","Section 109","l",4,"['3','4','5','6']","2026-10-02 00:00:00","electronic","exchange",2,"[PREMIUM]","4"
"V4KU0MxYJwp","2026-08-08 23:58:45.911","2026-08-21 22:25:45.566","V4KU0MxYJwp","18377924","[PREMIUM]","[PREMIUM]","[PREMIUM]","322","Section 322","j",2,"[]","2026-10-03 00:00:00","electronic","exchange",1,"[PREMIUM]","2"
"Zm9hvwYEAmx","2026-08-08 23:58:45.911","2026-08-21 22:25:45.566","Zm9hvwYEAmx","18377924","[PREMIUM]","[PREMIUM]","[PREMIUM]","101","Section 101","r",4,"[]","2026-10-03 00:00:00","electronic","exchange",0,"[PREMIUM]","4"
"b4wUaGv34x8","2026-08-08 23:58:45.911","2026-08-21 22:25:45.566","b4wUaGv34x8","18377924","[PREMIUM]","[PREMIUM]","[PREMIUM]","322","Section 322","b",2,"['13','14']","2026-10-02 00:00:00","electronic","exchange",3,"[PREMIUM]","2"
"dNgUg6N05Zo","2026-08-08 23:58:45.911","2026-08-21 22:25:45.566","dNgUg6N05Zo","18377924","[PREMIUM]","[PREMIUM]","[PREMIUM]","312","Section 312","m",2,"[]","2026-10-03 00:00:00","electronic","exchange",0,"[PREMIUM]","2"
"kYet943Xqwg","2026-08-08 23:58:45.911","2026-08-21 22:25:45.566","kYet943Xqwg","18377924","[PREMIUM]","[PREMIUM]","[PREMIUM]","328","Section 328","k",4,"[]","2026-10-03 00:00:00","electronic","exchange",2,"[PREMIUM]","4"
"lxVsdL0rNxb","2026-08-08 23:58:45.911","2026-08-16 22:22:07.003","lxVsdL0rNxb","18377924","[PREMIUM]","[PREMIUM]","[PREMIUM]","116","Section 116","t",2,"[]","2026-10-03 00:00:00","electronic","exchange",2,"[PREMIUM]","2"
"lxVsdLBgprK","2026-08-08 23:58:45.911","2026-08-13 10:03:28.158","lxVsdLBgprK","18377924","[PREMIUM]","[PREMIUM]","[PREMIUM]","315","Section 315","j",4,"[]","2026-10-03 00:00:00","electronic","exchange",1,"[PREMIUM]","4"
"lxVsdLBgzKV","2026-08-08 23:58:45.911","2026-08-21 22:25:45.566","lxVsdLBgzKV","18377924","[PREMIUM]","[PREMIUM]","[PREMIUM]","109","Section 109","l",4,"[]","2026-10-03 00:00:00","electronic","exchange",1,"[PREMIUM]","4"
"oV7HbEOB3oG","2026-08-08 23:58:45.911","2026-08-21 22:25:45.566","oV7HbEOB3oG","18377924","[PREMIUM]","[PREMIUM]","[PREMIUM]","101","Section 101","g",2,"['1','2']","2026-10-02 00:00:00","electronic","exchange",2,"[PREMIUM]","2"
"vb3iPeZ3Nm3","2026-08-08 23:58:45.911","2026-08-21 22:25:45.566","vb3iPeZ3Nm3","18377924","[PREMIUM]","[PREMIUM]","[PREMIUM]","215","Section 215","f",4,"[]","2026-10-03 00:00:00","electronic","exchange",0,"[PREMIUM]","4"
"w3JsedvbYqm","2026-08-08 23:58:45.911","2026-08-21 22:25:45.566","w3JsedvbYqm","18377924","[PREMIUM]","[PREMIUM]","[PREMIUM]","327","Section 327","r",4,"[]","2026-10-03 00:00:00","electronic","exchange",1,"[PREMIUM]","4"
"xb9imBgJo4O","2026-08-08 23:58:45.911","2026-08-21 22:25:45.566","xb9imBgJo4O","18377924","[PREMIUM]","[PREMIUM]","[PREMIUM]","116","Section 116","h",3,"[]","2026-10-03 00:00:00","electronic","exchange",1,"[PREMIUM]","3"
"05VT8KOmoZv","2026-08-08 23:58:39.350","2026-08-18 12:30:52.924","05VT8KOmoZv","18377596","[PREMIUM]","[PREMIUM]","[PREMIUM]","222","Section 222","22",2,"[]","2026-10-02 00:00:00","electronic","exchange",0,"[PREMIUM]","2"
"qVjH2VzYn8L","2026-08-08 23:58:39.350","2026-08-09 23:44:30.239","qVjH2VzYn8L","18377596","[PREMIUM]","[PREMIUM]","[PREMIUM]","222","Section 222","23",2,"[]","2026-10-03 00:00:00","electronic","exchange",0,"[PREMIUM]","2"
"05VT8KaR6rO","2026-08-08 23:58:34.027","2026-08-15 00:09:39.671","05VT8KaR6rO","18372869","[PREMIUM]","[PREMIUM]","[PREMIUM]","103","Section 103","a",2,"[]","2026-10-03 00:00:00","electronic","exchange",1,"[PREMIUM]","2"
"2v0cz3r8AoD","2026-08-08 23:58:34.027","2026-08-13 23:09:22.256","2v0cz3r8AoD","18372869","[PREMIUM]","[PREMIUM]","[PREMIUM]","118","Section 118","m",6,"[]","2026-10-03 00:00:00","electronic","exchange",1,"[PREMIUM]","1,2,3,4,5,6"
"3q7fNJBnKAg","2026-08-08 23:58:34.027","2026-08-13 23:09:22.256","3q7fNJBnKAg","18372869","[PREMIUM]","[PREMIUM]","[PREMIUM]","211","Section 211","b",4,"[]","2026-10-03 00:00:00","electronic","exchange",0,"[PREMIUM]","1,2,3,4"
"3q7fNJo3OKm","2026-08-08 23:58:34.027","2026-08-12 14:15:45.187","3q7fNJo3OKm","18372869","[PREMIUM]","[PREMIUM]","[PREMIUM]","119","Section 119","q",2,"[]","2026-10-03 00:00:00","electronic","exchange",2,"[PREMIUM]","2"
"3q7fNJoBRVD","2026-08-08 23:58:34.027","2026-08-10 22:33:42.706","3q7fNJoBRVD","18372869","[PREMIUM]","[PREMIUM]","[PREMIUM]","225","Section 225","j",8,"[]","2026-10-03 00:00:00","electronic","exchange",1,"[PREMIUM]","1,2,3,4,5,6,7,8"
"4vXcj9z4jwZ","2026-08-08 23:58:34.027","2026-08-13 23:09:22.256","4vXcj9z4jwZ","18372869","[PREMIUM]","[PREMIUM]","[PREMIUM]","109","Section 109","j",2,"[]","2026-10-03 00:00:00","electronic","exchange",1,"[PREMIUM]","2"
"5EjuZ6vNA5j","2026-08-08 23:58:34.027","2026-08-08 23:58:34.027","5EjuZ6vNA5j","18372869","[PREMIUM]","[PREMIUM]","[PREMIUM]","206","Section 206","bar",4,"[]","2026-10-03 00:00:00","electronic","exchange",4,"[PREMIUM]","1,2,3,4"
"6mOhkAedo6k","2026-08-08 23:58:34.027","2026-08-08 23:58:34.027","6mOhkAedo6k","18372869","[PREMIUM]","[PREMIUM]","[PREMIUM]","24","Section 24","s",4,"[]","2026-10-03 00:00:00","electronic","exchange",1,"[PREMIUM]","1,2,3,4"
"6mOhkAegjgv","2026-08-08 23:58:34.027","2026-08-21 22:25:42.529","6mOhkAegjgv","18372869","[PREMIUM]","[PREMIUM]","[PREMIUM]","103","Section 103","a",2,"[]","2026-10-03 00:00:00","electronic","exchange",1,"[PREMIUM]","2"
"7KntAl2K3aw","2026-08-08 23:58:34.027","2026-08-12 14:15:45.187","7KntAl2K3aw","18372869","[PREMIUM]","[PREMIUM]","[PREMIUM]","110","Section 110","f",2,"[]","2026-10-03 00:00:00","electronic","exchange",1,"[PREMIUM]","2"
"7KntAl2K39L","2026-08-08 23:58:34.027","2026-08-21 22:25:42.529","7KntAl2K39L","18372869","[PREMIUM]","[PREMIUM]","[PREMIUM]","120","Section 120","k",4,"[]","2026-10-02 00:00:00","electronic","exchange",0,"[PREMIUM]","4"
"7KntAl2bMNb","2026-08-08 23:58:34.027","2026-08-21 22:25:42.529","7KntAl2bMNb","18372869","[PREMIUM]","[PREMIUM]","[PREMIUM]","04","Section 4","g",2,"['9','10']","2026-09-27 00:00:00","electronic","exchange",0,"[PREMIUM]","2"
"8lKt6YAlg9p","2026-08-08 23:58:34.027","2026-08-10 22:33:42.706","8lKt6YAlg9p","18372869","[PREMIUM]","[PREMIUM]","[PREMIUM]","13","Section 13","q",2,"[]","2026-10-03 00:00:00","electronic","exchange",4,"[PREMIUM]","2"
"9P2c5q08BKX","2026-08-08 23:58:34.027","2026-08-09 23:45:39.216","9P2c5q08BKX","18372869","[PREMIUM]","[PREMIUM]","[PREMIUM]","20","Section 20","r",8,"[]","2026-10-03 00:00:00","electronic","exchange",1,"[PREMIUM]","1,2,3,4,5,6,7,8"
"9P2c5q06mjj","2026-08-08 23:58:34.027","2026-08-21 22:25:42.529","9P2c5q06mjj","18372869","[PREMIUM]","[PREMIUM]","[PREMIUM]","4","Section 4","j",2,"[]","2026-10-02 00:00:00","electronic","exchange",0,"[PREMIUM]","2"
"9P2c5qzK7vE","2026-08-08 23:58:34.027","2026-08-12 14:15:45.187","9P2c5qzK7vE","18372869","[PREMIUM]","[PREMIUM]","[PREMIUM]","110","Section 110","f",4,"[]","2026-10-03 00:00:00","electronic","exchange",1,"[PREMIUM]","1,2,3,4"
"BALImXABBqo","2026-08-08 23:58:34.027","2026-08-12 14:15:45.187","BALImXABBqo","18372869","[PREMIUM]","[PREMIUM]","[PREMIUM]","103","Section 103","a",2,"[]","2026-10-03 00:00:00","electronic","exchange",1,"[PREMIUM]","2"
"BALImXLdqjP","2026-08-08 23:58:34.027","2026-08-13 23:09:22.256","BALImXLdqjP","18372869","[PREMIUM]","[PREMIUM]","[PREMIUM]","211","Section 211","b",6,"[]","2026-10-03 00:00:00","electronic","exchange",1,"[PREMIUM]","1,2,3,4,5,6"
"DdwHkO00nZP","2026-08-08 23:58:34.027","2026-08-09 23:45:39.216","DdwHkO00nZP","18372869","[PREMIUM]","[PREMIUM]","[PREMIUM]","110","Section 110","j",2,"[]","2026-10-03 00:00:00","electronic","exchange",5,"[PREMIUM]","2"
"DdwHkORbzMa","2026-08-08 23:58:34.027","2026-08-08 23:58:34.027","DdwHkORbzMa","18372869","[PREMIUM]","[PREMIUM]","[PREMIUM]","226","Section 226","j",2,"[]","2026-10-02 00:00:00","electronic","exchange",0,"[PREMIUM]","2"
"EroUXna806V","2026-08-08 23:58:34.027","2026-08-10 22:33:42.706","EroUXna806V","18372869","[PREMIUM]","[PREMIUM]","[PREMIUM]","226","Section 226","c",2,"[]","2026-10-03 00:00:00","electronic","exchange",3,"[PREMIUM]","2"
"GAaI62MPgPe","2026-08-08 23:58:34.027","2026-08-08 23:58:34.027","GAaI62MPgPe","18372869","[PREMIUM]","[PREMIUM]","[PREMIUM]","213","Section 213","h",2,"[]","2026-10-03 00:00:00","electronic","exchange",5,"[PREMIUM]","2"
"JABI39YNbkO","2026-08-08 23:58:34.027","2026-08-10 22:33:42.706","JABI39YNbkO","18372869","[PREMIUM]","[PREMIUM]","[PREMIUM]","118","Section 118","m",8,"[]","2026-10-03 00:00:00","electronic","exchange",1,"[PREMIUM]","1,2,3,4,5,6,7,8"
"JABI39YLe43","2026-08-08 23:58:34.027","2026-08-10 22:33:42.706","JABI39YLe43","18372869","[PREMIUM]","[PREMIUM]","[PREMIUM]","26","Section 26","s",2,"[]","2026-10-02 00:00:00","electronic","exchange",0,"[PREMIUM]","2"
"Kezcz6YEBvd","2026-08-08 23:58:34.027","2026-08-08 23:58:34.027","Kezcz6YEBvd","18372869","[PREMIUM]","[PREMIUM]","[PREMIUM]","206","Section 206","bar",2,"[]","2026-10-03 00:00:00","electronic","exchange",3,"[PREMIUM]","2"
"LbviLE9aq0p","2026-08-08 23:58:34.027","2026-08-10 22:33:42.706","LbviLE9aq0p","18372869","[PREMIUM]","[PREMIUM]","[PREMIUM]","03","Section 3","w",2,"[]","2026-10-03 00:00:00","electronic","exchange",4,"[PREMIUM]","2"
"MAeIPlYg0bG","2026-08-08 23:58:34.027","2026-08-21 22:25:42.529","MAeIPlYg0bG","18372869","[PREMIUM]","[PREMIUM]","[PREMIUM]","26","Section 26","w",4,"[]","2026-10-02 00:00:00","electronic","exchange",0,"[PREMIUM]","4"
"NrqUv4dNGJv","2026-08-08 23:58:34.027","2026-08-09 23:45:39.216","NrqUv4dNGJv","18372869","[PREMIUM]","[PREMIUM]","[PREMIUM]","202","Section 202","e",2,"[]","2026-10-03 00:00:00","electronic","exchange",4,"[PREMIUM]","2"
"O7AhwrVBzol","2026-08-08 23:58:34.027","2026-08-09 23:45:39.216","O7AhwrVBzol","18372869","[PREMIUM]","[PREMIUM]","[PREMIUM]","202","Section 202","d",2,"[]","2026-10-03 00:00:00","electronic","exchange",4,"[PREMIUM]","2"
"PX0sgL6bneM","2026-08-08 23:58:34.027","2026-08-09 23:45:39.216","PX0sgL6bneM","18372869","[PREMIUM]","[PREMIUM]","[PREMIUM]","109","Section 109","j",2,"[]","2026-10-03 00:00:00","electronic","exchange",5,"[PREMIUM]","2"
"PX0sgLYvGK2","2026-08-08 23:58:34.027","2026-08-21 22:25:42.529","PX0sgLYvGK2","18372869","[PREMIUM]","[PREMIUM]","[PREMIUM]","24","Section 24","y",2,"[]","2026-10-02 00:00:00","electronic","exchange",1,"[PREMIUM]","2"
"ROXHzwJZKbN","2026-08-08 23:58:34.027","2026-08-15 00:09:39.671","ROXHzwJZKbN","18372869","[PREMIUM]","[PREMIUM]","[PREMIUM]","103","Section 103","a",2,"[]","2026-10-03 00:00:00","electronic","exchange",1,"[PREMIUM]","2"
"ROXHzwYb6eE","2026-08-08 23:58:34.027","2026-08-12 14:15:45.187","ROXHzwYb6eE","18372869","[PREMIUM]","[PREMIUM]","[PREMIUM]","211","Section 211","b",6,"[]","2026-10-03 00:00:00","electronic","exchange",1,"[PREMIUM]","1,2,3,4,5,6"
"V4KU0ME8L3R","2026-08-08 23:58:34.027","2026-08-10 22:33:42.706","V4KU0ME8L3R","18372869","[PREMIUM]","[PREMIUM]","[PREMIUM]","13","Section 13","w",2,"[]","2026-10-03 00:00:00","electronic","exchange",4,"[PREMIUM]","2"
"V4KU0MxJpJM","2026-08-08 23:58:34.027","2026-08-10 22:33:42.706","V4KU0MxJpJM","18372869","[PREMIUM]","[PREMIUM]","[PREMIUM]","225","Section 225","j",9,"[]","2026-10-03 00:00:00","electronic","exchange",1,"[PREMIUM]","1,2,3,4,5,6,7,8,9"
"V4KU0MxxVRN","2026-08-08 23:58:34.027","2026-08-09 23:45:39.216","V4KU0MxxVRN","18372869","[PREMIUM]","[PREMIUM]","[PREMIUM]","203","Section 203","k",2,"[]","2026-10-03 00:00:00","electronic","exchange",5,"[PREMIUM]","2"
"X03tKjNRwNq","2026-08-08 23:58:34.027","2026-08-21 22:25:42.529","X03tKjNRwNq","18372869","[PREMIUM]","[PREMIUM]","[PREMIUM]","13","Section 13","n",3,"['13','14','15']","2026-09-27 00:00:00","electronic","exchange",0,"[PREMIUM]","1,3"
"YgJtk6KlZLm","2026-08-08 23:58:34.027","2026-08-08 23:58:34.027","YgJtk6KlZLm","18372869","[PREMIUM]","[PREMIUM]","[PREMIUM]","24","Section 24","n",2,"[]","2026-10-03 00:00:00","electronic","exchange",0,"[PREMIUM]","1,2"
"YgJtk6KXaVo","2026-08-08 23:58:34.027","2026-08-10 22:33:42.706","YgJtk6KXaVo","18372869","[PREMIUM]","[PREMIUM]","[PREMIUM]","107","Section 107","g",3,"[]","2026-10-03 00:00:00","electronic","exchange",1,"[PREMIUM]","1,2,3"
"YgJtk6Yn2bZ","2026-08-08 23:58:34.027","2026-08-19 09:48:17.408","YgJtk6Yn2bZ","18372869","[PREMIUM]","[PREMIUM]","[PREMIUM]","8","Section 8","q",3,"[]","2026-10-02 00:00:00","electronic","exchange",1,"[PREMIUM]","3"
"Zm9hvwPZJPN","2026-08-08 23:58:34.027","2026-08-21 22:25:42.529","Zm9hvwPZJPN","18372869","[PREMIUM]","[PREMIUM]","[PREMIUM]","16","Section 16","z",4,"['1','2','3','4']","2026-09-27 00:00:00","electronic","exchange",0,"[PREMIUM]","1,2,4"
"b4wUaGv6XmM","2026-08-08 23:58:34.027","2026-08-19 09:48:17.408","b4wUaGv6XmM","18372869","[PREMIUM]","[PREMIUM]","[PREMIUM]","02","Section 2","w",2,"[]","2026-10-03 00:00:00","electronic","exchange",2,"[PREMIUM]","1,2"
"dNgUg6NBpZV","2026-08-08 23:58:34.027","2026-08-13 23:09:22.256","dNgUg6NBpZV","18372869","[PREMIUM]","[PREMIUM]","[PREMIUM]","24","Section 24","n",5,"[]","2026-10-03 00:00:00","electronic","exchange",0,"[PREMIUM]","1,2,3,4,5"
"dNgUg6N2pNB","2026-08-08 23:58:34.027","2026-08-21 22:25:42.529","dNgUg6N2pNB","18372869","[PREMIUM]","[PREMIUM]","[PREMIUM]","25","Section 25","y",4,"['11','12','13','14']","2026-09-27 00:00:00","electronic","exchange",0,"[PREMIUM]","1,2,4"
"eeacK2YYx8A","2026-08-08 23:58:34.027","2026-08-09 23:45:39.216","eeacK2YYx8A","18372869","[PREMIUM]","[PREMIUM]","[PREMIUM]","225","Section 225","k",2,"[]","2026-10-03 00:00:00","electronic","exchange",5,"[PREMIUM]","2"
"g48UrovdxPB","2026-08-08 23:58:34.027","2026-08-09 23:45:39.216","g48UrovdxPB","18372869","[PREMIUM]","[PREMIUM]","[PREMIUM]","13","Section 13","n",2,"[]","2026-10-03 00:00:00","electronic","exchange",4,"[PREMIUM]","2"
"g48UrowwZeR","2026-08-08 23:58:34.027","2026-08-10 22:33:42.706","g48UrowwZeR","18372869","[PREMIUM]","[PREMIUM]","[PREMIUM]","225","Section 225","j",8,"[]","2026-10-02 00:00:00","electronic","exchange",2,"[PREMIUM]","1,2,3,4,5,6,7,8"
"jDvsz7DLX2x","2026-08-08 23:58:34.027","2026-08-12 14:15:45.187","jDvsz7DLX2x","18372869","[PREMIUM]","[PREMIUM]","[PREMIUM]","110","Section 110","f",2,"[]","2026-10-03 00:00:00","electronic","exchange",1,"[PREMIUM]","2"
"kYet9433E9k","2026-08-08 23:58:34.027","2026-08-10 22:33:42.706","kYet9433E9k","18372869","[PREMIUM]","[PREMIUM]","[PREMIUM]","225","Section 225","j",8,"[]","2026-10-02 00:00:00","electronic","exchange",2,"[PREMIUM]","1,2,3,4,5,6,7,8"
"lxVsdL0zwv2","2026-08-08 23:58:34.027","2026-08-21 22:25:42.529","lxVsdL0zwv2","18372869","[PREMIUM]","[PREMIUM]","[PREMIUM]","16","Section 16","z",4,"[]","2026-10-02 00:00:00","electronic","exchange",0,"[PREMIUM]","4"
"lxVsdLBb2KM","2026-08-08 23:58:34.027","2026-08-09 23:45:39.216","lxVsdLBb2KM","18372869","[PREMIUM]","[PREMIUM]","[PREMIUM]","03","Section 3","v",4,"[]","2026-10-03 00:00:00","electronic","exchange",5,"[PREMIUM]","4"
"mxAs4YllJKE","2026-08-08 23:58:34.027","2026-08-09 23:45:39.216","mxAs4YllJKE","18372869","[PREMIUM]","[PREMIUM]","[PREMIUM]","26","Section 26","z",2,"[]","2026-10-03 00:00:00","electronic","exchange",5,"[PREMIUM]","2"
"nx0srMp8Kvr","2026-08-08 23:58:34.027","2026-08-10 22:33:42.706","nx0srMp8Kvr","18372869","[PREMIUM]","[PREMIUM]","[PREMIUM]","22","Section 22","n",2,"[]","2026-10-03 00:00:00","electronic","exchange",1,"[PREMIUM]","2"
"oV7HbEee9NL","2026-08-08 23:58:34.027","2026-08-09 23:45:39.216","oV7HbEee9NL","18372869","[PREMIUM]","[PREMIUM]","[PREMIUM]","04","Section 4","g",2,"[]","2026-10-03 00:00:00","electronic","exchange",4,"[PREMIUM]","2"
"oV7HbEe0lmP","2026-08-08 23:58:34.027","2026-08-21 22:25:42.529","oV7HbEe0lmP","18372869","[PREMIUM]","[PREMIUM]","[PREMIUM]","3","Section 3","y",4,"[]","2026-10-02 00:00:00","electronic","exchange",0,"[PREMIUM]","4"
"pVXHDEZa9Bv","2026-08-08 23:58:34.027","2026-08-08 23:58:34.027","pVXHDEZa9Bv","18372869","[PREMIUM]","[PREMIUM]","[PREMIUM]","123","Section 123","q",4,"[]","2026-10-03 00:00:00","electronic","exchange",5,"[PREMIUM]","4"
"pVXHDEZMwjX","2026-08-08 23:58:34.027","2026-08-10 22:33:42.706","pVXHDEZMwjX","18372869","[PREMIUM]","[PREMIUM]","[PREMIUM]","107","Section 107","g",2,"[]","2026-10-03 00:00:00","electronic","exchange",1,"[PREMIUM]","2"
"qVjH2VzY0vP","2026-08-08 23:58:34.027","2026-08-08 23:58:34.027","qVjH2VzY0vP","18372869","[PREMIUM]","[PREMIUM]","[PREMIUM]","13","Section 13","k",2,"[]","2026-10-03 00:00:00","electronic","exchange",5,"[PREMIUM]","2"
"qVjH2VzGmzr","2026-08-08 23:58:34.027","2026-08-21 22:25:42.529","qVjH2VzGmzr","18372869","[PREMIUM]","[PREMIUM]","[PREMIUM]","03","Section 3","v",4,"['3','4','5','6']","2026-09-27 00:00:00","electronic","exchange",0,"[PREMIUM]","1,2,4"
"vb3iPe98k77","2026-08-08 23:58:34.027","2026-08-09 23:45:39.216","vb3iPe98k77","18372869","[PREMIUM]","[PREMIUM]","[PREMIUM]","16","Section 16","z",4,"[]","2026-10-03 00:00:00","electronic","exchange",5,"[PREMIUM]","4"
"vb3iPeZ2VEM","2026-08-08 23:58:34.027","2026-08-12 10:01:55.495","vb3iPeZ2VEM","18372869","[PREMIUM]","[PREMIUM]","[PREMIUM]","213","Section 213","j",4,"[]","2026-10-02 00:00:00","electronic","exchange",0,"[PREMIUM]","4"
"vb3iPeZ989p","2026-08-08 23:58:34.027","2026-08-21 22:25:42.529","vb3iPeZ989p","18372869","[PREMIUM]","[PREMIUM]","[PREMIUM]","211","Section 211","a",6,"['9','10','11','12','13','14']","2026-09-27 00:00:00","electronic","exchange",0,"[PREMIUM]","1,2,3,4,6"
"xb9imBA3JoV","2026-08-08 23:58:34.027","2026-08-09 23:45:39.216","xb9imBA3JoV","18372869","[PREMIUM]","[PREMIUM]","[PREMIUM]","211","Section 211","h",2,"[]","2026-10-03 00:00:00","electronic","exchange",5,"[PREMIUM]","2"
"z3Es6qMNXaw","2026-08-08 23:58:34.027","2026-08-13 23:09:22.256","z3Es6qMNXaw","18372869","[PREMIUM]","[PREMIUM]","[PREMIUM]","119","Section 119","q",2,"[]","2026-10-03 00:00:00","electronic","exchange",1,"[PREMIUM]","2"
"3q7fNJBkJDx","2026-08-08 23:58:29.486","2026-08-16 22:22:03.183","3q7fNJBkJDx","18372893","[PREMIUM]","[PREMIUM]","[PREMIUM]","415","Section 415","k",2,"[]","2026-10-03 00:00:00","electronic","exchange",5,"[PREMIUM]","2"
"5EjuZ6d4g5X","2026-08-08 23:58:29.486","2026-08-22 11:13:00.708","5EjuZ6d4g5X","18372893","[PREMIUM]","[PREMIUM]","[PREMIUM]","407","Section 407","n",4,"['8','9','10','11']","2026-10-03 00:00:00","electronic","exchange",0,"[PREMIUM]","1,2,4"
"5EjuZ6vVBX3","2026-08-08 23:58:29.486","2026-08-08 23:58:29.486","5EjuZ6vVBX3","18372893","[PREMIUM]","[PREMIUM]","[PREMIUM]","425","Section 425","j",2,"[]","2026-10-02 00:00:00","electronic","exchange",0,"[PREMIUM]","2"
"6mOhkAeg3Jv","2026-08-08 23:58:29.486","2026-08-22 11:13:00.708","6mOhkAeg3Jv","18372893","[PREMIUM]","[PREMIUM]","[PREMIUM]","441","Section 441","k",2,"[]","2026-10-02 00:00:00","electronic","exchange",0,"[PREMIUM]","2"
"BALImXAKbO7","2026-08-08 23:58:29.486","2026-08-22 11:13:00.708","BALImXAKbO7","18372893","[PREMIUM]","[PREMIUM]","[PREMIUM]","415","Section 415","k",2,"['5','6']","2026-10-01 00:00:00","electronic","exchange",5,"[PREMIUM]","2"
"NrqUv4dXgpg","2026-08-08 23:58:29.486","2026-08-19 09:48:15.796","NrqUv4dXgpg","18372893","[PREMIUM]","[PREMIUM]","[PREMIUM]","419","Section 419","j",2,"[]","2026-10-02 00:00:00","electronic","exchange",0,"[PREMIUM]","2"
"O7AhwrYvMBq","2026-08-08 23:58:29.486","2026-08-12 00:12:18.679","O7AhwrYvMBq","18372893","[PREMIUM]","[PREMIUM]","[PREMIUM]","439","Section 439","l",2,"[]","2026-10-02 00:00:00","electronic","exchange",0,"[PREMIUM]","2"
"ROXHzwe4egj","2026-08-08 23:58:29.486","2026-08-08 23:58:29.486","ROXHzwe4egj","18372893","[PREMIUM]","[PREMIUM]","[PREMIUM]","226","Section 226","q",4,"[]","2026-10-02 00:00:00","electronic","exchange",0,"[PREMIUM]","2,4"
"lxVsdL0NZ7v","2026-08-08 23:58:29.486","2026-08-21 22:25:40.849","lxVsdL0NZ7v","18372893","[PREMIUM]","[PREMIUM]","[PREMIUM]","203","Section 203","s",3,"[]","2026-10-02 00:00:00","electronic","exchange",1,"[PREMIUM]","3"
"oV7HbEeNqEo","2026-08-08 23:58:29.486","2026-08-22 11:13:00.708","oV7HbEeNqEo","18372893","[PREMIUM]","[PREMIUM]","[PREMIUM]","405","Section 405","j",3,"[]","2026-10-02 00:00:00","electronic","exchange",1,"[PREMIUM]","3"
"pVXHDELgdjz","2026-08-08 23:58:29.486","2026-08-15 22:32:01.912","pVXHDELgdjz","18372893","[PREMIUM]","[PREMIUM]","[PREMIUM]","320","Section 320","a",4,"['15','16','17','18']","2026-10-03 00:00:00","electronic","exchange",3,"[PREMIUM]","2,4"
"xb9imBgNx6p","2026-08-08 23:58:29.486","2026-08-15 22:32:01.912","xb9imBgNx6p","18372893","[PREMIUM]","[PREMIUM]","[PREMIUM]","437","Section 437","k",3,"[]","2026-10-02 00:00:00","electronic","exchange",0,"[PREMIUM]","3"
"3q7fNJBVJxz","2026-08-08 23:58:25.170","2026-08-09 23:32:21.805","3q7fNJBVJxz","18377268","[PREMIUM]","[PREMIUM]","[PREMIUM]","226","Section 226","12",9,"[]","2026-10-03 00:00:00","electronic","exchange",2,"[PREMIUM]","1,2,3,4,5,6,7,8,9"
"4vXcj9zloXd","2026-08-08 23:58:25.170","2026-08-21 22:27:01.205","4vXcj9zloXd","18377268","[PREMIUM]","[PREMIUM]","[PREMIUM]","210","Section 210","1",2,"[]","2026-10-02 00:00:00","electronic","exchange",0,"[PREMIUM]","2"
"JABI390v9XO","2026-08-08 23:58:25.170","2026-08-09 23:32:21.805","JABI390v9XO","18377268","[PREMIUM]","[PREMIUM]","[PREMIUM]","209","Section 209","10",5,"[]","2026-10-03 00:00:00","electronic","exchange",2,"[PREMIUM]","1,2,3,4,5"
"YgJtk6Y34ZZ","2026-08-08 23:58:25.170","2026-08-09 23:32:21.805","YgJtk6Y34ZZ","18377268","[PREMIUM]","[PREMIUM]","[PREMIUM]","126","Section 126","19",2,"[]","2026-10-03 00:00:00","electronic","exchange",2,"[PREMIUM]","2"
"Zm9hvwPDwoe","2026-08-08 23:58:25.170","2026-08-09 23:32:21.805","Zm9hvwPDwoe","18377268","[PREMIUM]","[PREMIUM]","[PREMIUM]","209","Section 209","10",5,"[]","2026-10-03 00:00:00","electronic","exchange",2,"[PREMIUM]","1,2,3,4,5"
"rVOHkRvEBgM","2026-08-08 23:58:25.170","2026-08-13 00:02:05.773","rVOHkRvEBgM","18377268","[PREMIUM]","[PREMIUM]","[PREMIUM]","112","Section 112","11",1,"[]","2026-10-03 00:00:00","electronic","exchange",2,"[PREMIUM]","1"
"rVOHkRv5P3d","2026-08-08 23:58:25.170","2026-08-13 00:02:05.773","rVOHkRv5P3d","18377268","[PREMIUM]","[PREMIUM]","[PREMIUM]","M21","Mezzanine 21","3",4,"[]","2026-10-02 00:00:00","electronic","exchange",1,"[PREMIUM]","4"
"xb9imBAk8re","2026-08-08 23:58:25.170","2026-08-21 22:27:01.205","xb9imBAk8re","18377268","[PREMIUM]","[PREMIUM]","[PREMIUM]","213","Section 213","10",4,"['17','18','19','20']","2026-10-03 00:00:00","electronic","exchange",0,"[PREMIUM]","2,4"
"05VT8KaqBBD","2026-08-08 23:58:20.077","2026-08-16 22:22:01.580","05VT8KaqBBD","18372841","[PREMIUM]","[PREMIUM]","[PREMIUM]","112","Section 112","23",2,"[]","2026-10-02 00:00:00","electronic","exchange",2,"[PREMIUM]","1,2"
"05VT8KaxXAM","2026-08-08 23:58:17.579","2026-08-08 23:58:17.579","05VT8KaxXAM","18372867","[PREMIUM]","[PREMIUM]","[PREMIUM]","104","Section 104","b",2,"[]","2026-10-01 00:00:00","electronic","exchange",1,"[PREMIUM]","2"
"05VT8KaRb8o","2026-08-08 23:58:17.579","2026-08-13 00:01:26.871","05VT8KaRb8o","18372867","[PREMIUM]","[PREMIUM]","[PREMIUM]","217","Section 217","p",4,"[]","2026-10-01 00:00:00","electronic","exchange",0,"[PREMIUM]","4"
"2v0cz38wDX5","2026-08-08 23:58:17.579","2026-08-08 23:58:17.579","2v0cz38wDX5","18372867","[PREMIUM]","[PREMIUM]","[PREMIUM]","113","Section 113","e",8,"[]","2026-10-01 00:00:00","electronic","exchange",1,"[PREMIUM]","1,2,3,4,5,6,7,8"
"2v0cz38762P","2026-08-08 23:58:17.579","2026-08-19 09:47:48.685","2v0cz38762P","18372867","[PREMIUM]","[PREMIUM]","[PREMIUM]","210","Section 210","l",3,"[]","2026-10-02 00:00:00","electronic","exchange",1,"[PREMIUM]","1,2,3"
"3q7fNJBgDmX","2026-08-08 23:58:17.579","2026-08-08 23:58:17.579","3q7fNJBgDmX","18372867","[PREMIUM]","[PREMIUM]","[PREMIUM]","113","Section 113","e",8,"[]","2026-10-01 00:00:00","electronic","exchange",0,"[PREMIUM]","1,2,3,4,5,6,7,8"
"4vXcj90NMbR","2026-08-08 23:58:17.579","2026-08-18 12:32:50.111","4vXcj90NMbR","18372867","[PREMIUM]","[PREMIUM]","[PREMIUM]","231","Section 231","l",6,"[]","2026-10-02 00:00:00","electronic","exchange",1,"[PREMIUM]","1,2,3,4,5,6"
"4vXcj9zP6bA","2026-08-08 23:58:17.579","2026-08-09 23:39:05.241","4vXcj9zP6bA","18372867","[PREMIUM]","[PREMIUM]","[PREMIUM]","104","Section 104","r",2,"[]","2026-10-02 00:00:00","electronic","exchange",0,"[PREMIUM]","2"
"7KntAl236z0","2026-08-08 23:58:17.579","2026-08-08 23:58:17.579","7KntAl236z0","18372867","[PREMIUM]","[PREMIUM]","[PREMIUM]","121","Section 121","p",6,"[]","2026-10-01 00:00:00","electronic","exchange",0,"[PREMIUM]","1,2,4,6"
"A6rs27MnYer","2026-08-08 23:58:17.579","2026-08-21 22:25:30.670","A6rs27MnYer","18372867","[PREMIUM]","[PREMIUM]","[PREMIUM]","117","Section 117","s",3,"[]","2026-10-01 00:00:00","electronic","exchange",0,"[PREMIUM]","3"
"BALImXAB7n9","2026-08-08 23:58:17.579","2026-08-16 22:22:00.842","BALImXAB7n9","18372867","[PREMIUM]","[PREMIUM]","[PREMIUM]","112","Section 112","m",2,"[]","2026-10-01 00:00:00","electronic","exchange",1,"[PREMIUM]","2"
"BALImXAB76k","2026-08-08 23:58:17.579","2026-08-21 22:25:30.670","BALImXAB76k","18372867","[PREMIUM]","[PREMIUM]","[PREMIUM]","113","Section 113","x",4,"[]","2026-10-01 00:00:00","electronic","exchange",1,"[PREMIUM]","4"
"DdwHkORz52o","2026-08-08 23:58:17.579","2026-08-12 00:11:36.267","DdwHkORz52o","18372867","[PREMIUM]","[PREMIUM]","[PREMIUM]","225","Section 225","k",4,"[]","2026-10-01 00:00:00","electronic","exchange",4,"[PREMIUM]","4"
"DdwHkORdOAx","2026-08-08 23:58:17.579","2026-08-08 23:58:17.579","DdwHkORdOAx","18372867","[PREMIUM]","[PREMIUM]","[PREMIUM]","114","Section 114","m",2,"[]","2026-10-02 00:00:00","electronic","exchange",0,"[PREMIUM]","2"
"EroUXnabOjO","2026-08-08 23:58:17.579","2026-08-21 22:25:30.670","EroUXnabOjO","18372867","[PREMIUM]","[PREMIUM]","[PREMIUM]","201","Section 201","j",2,"[]","2026-10-01 00:00:00","electronic","exchange",0,"[PREMIUM]","2"
"GAaI62MOK5A","2026-08-08 23:58:17.579","2026-08-08 23:58:17.579","GAaI62MOK5A","18372867","[PREMIUM]","[PREMIUM]","[PREMIUM]","102","Section 102","t",4,"[]","2026-10-01 00:00:00","electronic","exchange",2,"[PREMIUM]","4"
"GAaI62M9NPV","2026-08-08 23:58:17.579","2026-08-09 23:39:05.241","GAaI62M9NPV","18372867","[PREMIUM]","[PREMIUM]","[PREMIUM]","116","Section 116","u",17,"[]","2026-10-02 00:00:00","electronic","exchange",0,"[PREMIUM]","1,2,3,4,5,6,7,8,9,10,11,12,13,14,15,16,17"
"GAaI62Y3mzN","2026-08-08 23:58:17.579","2026-08-12 00:11:36.267","GAaI62Y3mzN","18372867","[PREMIUM]","[PREMIUM]","[PREMIUM]","231","Section 231","m",2,"[]","2026-10-01 00:00:00","electronic","exchange",2,"[PREMIUM]","2"
"JABI3905Jw9","2026-08-08 23:58:17.579","2026-08-21 22:25:30.670","JABI3905Jw9","18372867","[PREMIUM]","[PREMIUM]","[PREMIUM]","203","Section 203","p",4,"[]","2026-10-01 00:00:00","electronic","exchange",0,"[PREMIUM]","4"
"Kezcz6EM0a9","2026-08-08 23:58:17.579","2026-08-08 23:58:17.579","Kezcz6EM0a9","18372867","[PREMIUM]","[PREMIUM]","[PREMIUM]","221","Section 221","d",2,"[]","2026-10-02 00:00:00","electronic","exchange",1,"[PREMIUM]","2"
"Kezcz6ElGwe","2026-08-08 23:58:17.579","2026-08-19 09:47:48.685","Kezcz6ElGwe","18372867","[PREMIUM]","[PREMIUM]","[PREMIUM]","119","Section 119","dd",3,"[]","2026-10-02 00:00:00","electronic","exchange",1,"[PREMIUM]","1,2,3"
"Kezcz6YE7Jk","2026-08-08 23:58:17.579","2026-08-09 23:39:05.241","Kezcz6YE7Jk","18372867","[PREMIUM]","[PREMIUM]","[PREMIUM]","113","Section 113","l",7,"[]","2026-10-02 00:00:00","electronic","exchange",0,"[PREMIUM]","1,2,3,4,5,6,7"
"LbviLE9B2ap","2026-08-08 23:58:17.579","2026-08-08 23:58:17.579","LbviLE9B2ap","18372867","[PREMIUM]","[PREMIUM]","[PREMIUM]","119","Section 119","cc",3,"[]","2026-10-01 00:00:00","electronic","exchange",0,"[PREMIUM]","1,3"
"LbviLE9gBdY","2026-08-08 23:58:17.579","2026-08-08 23:58:17.579","LbviLE9gBdY","18372867","[PREMIUM]","[PREMIUM]","[PREMIUM]","211","Section 211","d",3,"[]","2026-10-01 00:00:00","electronic","exchange",0,"[PREMIUM]","1,3"
"MAeIPlrv5P0","2026-08-08 23:58:17.579","2026-08-13 10:03:04.386","MAeIPlrv5P0","18372867","[PREMIUM]","[PREMIUM]","[PREMIUM]","119","Section 119","cc",5,"[]","2026-10-02 00:00:00","electronic","exchange",0,"[PREMIUM]","1,2,3,4,5"
"O7AhwrVm4Vv","2026-08-08 23:58:17.579","2026-08-08 23:58:17.579","O7AhwrVm4Vv","18372867","[PREMIUM]","[PREMIUM]","[PREMIUM]","104","Section 104","r",4,"[]","2026-10-01 00:00:00","electronic","exchange",1,"[PREMIUM]","1,2,3,4"
"O7AhwrVmNmk","2026-08-08 23:58:17.579","2026-08-08 23:58:17.579","O7AhwrVmNmk","18372867","[PREMIUM]","[PREMIUM]","[PREMIUM]","221","Section 221","d",2,"[]","2026-10-02 00:00:00","electronic","exchange",1,"[PREMIUM]","2"
"O7AhwrVmm7w","2026-08-08 23:58:17.579","2026-08-19 09:47:48.685","O7AhwrVmm7w","18372867","[PREMIUM]","[PREMIUM]","[PREMIUM]","215","Section 215","g",5,"[]","2026-10-01 00:00:00","electronic","exchange",2,"[PREMIUM]","1,2,3,4,5"
"PX0sgLYPVGa","2026-08-08 23:58:17.579","2026-08-12 00:11:36.267","PX0sgLYPVGa","18372867","[PREMIUM]","[PREMIUM]","[PREMIUM]","113","Section 113","l",7,"[]","2026-10-01 00:00:00","electronic","exchange",1,"[PREMIUM]","1,2,3,4,5,6,7"
"V4KU0ME38q9","2026-08-08 23:58:17.579","2026-08-21 22:25:30.670","V4KU0ME38q9","18372867","[PREMIUM]","[PREMIUM]","[PREMIUM]","118","Section 118","t",4,"[]","2026-10-01 00:00:00","electronic","exchange",0,"[PREMIUM]","4"
"X03tKjY04AO","2026-08-08 23:58:17.579","2026-08-21 22:25:30.670","X03tKjY04AO","18372867","[PREMIUM]","[PREMIUM]","[PREMIUM]","114","Section 114","p",2,"[]","2026-10-01 00:00:00","electronic","exchange",0,"[PREMIUM]","2"
"YgJtk6KlL8l","2026-08-08 23:58:17.579","2026-08-18 12:32:50.111","YgJtk6KlL8l","18372867","[PREMIUM]","[PREMIUM]","[PREMIUM]","119","Section 119","ee",2,"[]","2026-10-02 00:00:00","electronic","exchange",1,"[PREMIUM]","2"
"YgJtk6YKPxd","2026-08-08 23:58:17.579","2026-08-12 00:11:36.267","YgJtk6YKPxd","18372867","[PREMIUM]","[PREMIUM]","[PREMIUM]","113","Section 113","l",7,"[]","2026-10-02 00:00:00","electronic","exchange",0,"[PREMIUM]","1,2,3,4,5,6,7"
"Zm9hvwPDaw8","2026-08-08 23:58:17.579","2026-08-09 23:39:05.241","Zm9hvwPDaw8","18372867","[PREMIUM]","[PREMIUM]","[PREMIUM]","116","Section 116","u",17,"[]","2026-10-02 00:00:00","electronic","exchange",0,"[PREMIUM]","1,2,3,4,5,6,7,8,9,10,11,12,13,14,15,16,17"
"agktlD7NE73","2026-08-08 23:58:17.579","2026-08-08 23:58:17.579","agktlD7NE73","18372867","[PREMIUM]","[PREMIUM]","[PREMIUM]","233","Section 233","k",8,"[]","2026-10-01 00:00:00","electronic","exchange",1,"[PREMIUM]","1,2,3,4,5,6,7,8"
"dNgUg6NZJZo","2026-08-08 23:58:17.579","2026-08-21 22:25:30.670","dNgUg6NZJZo","18372867","[PREMIUM]","[PREMIUM]","[PREMIUM]","104","Section 104","p",2,"[]","2026-10-01 00:00:00","electronic","exchange",0,"[PREMIUM]","2"
"dNgUg6YjPgr","2026-08-08 23:58:17.579","2026-08-13 10:03:04.386","dNgUg6YjPgr","18372867","[PREMIUM]","[PREMIUM]","[PREMIUM]","216","Section 216","c",2,"[]","2026-10-02 00:00:00","electronic","exchange",1,"[PREMIUM]","2"
"eeacK2X5Gx2","2026-08-08 23:58:17.579","2026-08-21 22:25:30.670","eeacK2X5Gx2","18372867","[PREMIUM]","[PREMIUM]","[PREMIUM]","114","Section 114","j",3,"[]","2026-10-01 00:00:00","electronic","exchange",0,"[PREMIUM]","3"
"g48UrovloOp","2026-08-08 23:58:17.579","2026-08-15 00:08:53.328","g48UrovloOp","18372867","[PREMIUM]","[PREMIUM]","[PREMIUM]","211","Section 211","d",5,"[]","2026-10-02 00:00:00","electronic","exchange",0,"[PREMIUM]","1,2,3,4,5"
"g48UrovxLOL","2026-08-08 23:58:17.579","2026-08-20 22:37:39.327","g48UrovxLOL","18372867","[PREMIUM]","[PREMIUM]","[PREMIUM]","103","Section 103","x",4,"[]","2026-10-01 00:00:00","electronic","exchange",1,"[PREMIUM]","4"
"kYet943e2Ve","2026-08-08 23:58:17.579","2026-08-08 23:58:17.579","kYet943e2Ve","18372867","[PREMIUM]","[PREMIUM]","[PREMIUM]","121","Section 121","n",2,"[]","2026-10-02 00:00:00","electronic","exchange",0,"[PREMIUM]","2"
"kYet94oDnOY","2026-08-08 23:58:17.579","2026-08-08 23:58:17.579","kYet94oDnOY","18372867","[PREMIUM]","[PREMIUM]","[PREMIUM]","215","Section 215","e",8,"[]","2026-10-01 00:00:00","electronic","exchange",0,"[PREMIUM]","1,2,3,4,6,8"
"lxVsdLB6vGb","2026-08-08 23:58:17.579","2026-08-08 23:58:17.579","lxVsdLB6vGb","18372867","[PREMIUM]","[PREMIUM]","[PREMIUM]","117","Section 117","s",6,"[]","2026-10-01 00:00:00","electronic","exchange",0,"[PREMIUM]","1,2,3,4,5,6"
"mxAs4YGrNaY","2026-08-08 23:58:17.579","2026-08-13 10:03:04.386","mxAs4YGrNaY","18372867","[PREMIUM]","[PREMIUM]","[PREMIUM]","211","Section 211","d",5,"[]","2026-10-02 00:00:00","electronic","exchange",0,"[PREMIUM]","1,2,3,4,5"
"nx0srMmJ5xP","2026-08-08 23:58:17.579","2026-08-08 23:58:17.579","nx0srMmJ5xP","18372867","[PREMIUM]","[PREMIUM]","[PREMIUM]","231","Section 231","l",4,"[]","2026-10-01 00:00:00","electronic","exchange",0,"[PREMIUM]","2,4"
"oV7HbEeNOD8","2026-08-08 23:58:17.579","2026-08-21 22:25:30.670","oV7HbEeNOD8","18372867","[PREMIUM]","[PREMIUM]","[PREMIUM]","110","Section 110","u",4,"[]","2026-10-01 00:00:00","electronic","exchange",1,"[PREMIUM]","4"
"pVXHDEZkqD0","2026-08-08 23:58:17.579","2026-08-10 22:33:15.632","pVXHDEZkqD0","18372867","[PREMIUM]","[PREMIUM]","[PREMIUM]","113","Section 113","d",2,"[]","2026-10-02 00:00:00","electronic","exchange",0,"[PREMIUM]","2"
"qVjH2Vz9k6X","2026-08-08 23:58:17.579","2026-08-08 23:58:17.579","qVjH2Vz9k6X","18372867","[PREMIUM]","[PREMIUM]","[PREMIUM]","221","Section 221","b",2,"[]","2026-10-02 00:00:00","electronic","exchange",1,"[PREMIUM]","2"
"rVOHkRgDoDM","2026-08-08 23:58:17.579","2026-08-08 23:58:17.579","rVOHkRgDoDM","18372867","[PREMIUM]","[PREMIUM]","[PREMIUM]","113","Section 113","e",11,"[]","2026-10-02 00:00:00","electronic","exchange",0,"[PREMIUM]","1,2,3,4,5,6,7,8,9,10,11"
"rVOHkRg8988","2026-08-08 23:58:17.579","2026-08-12 00:11:36.267","rVOHkRg8988","18372867","[PREMIUM]","[PREMIUM]","[PREMIUM]","116","Section 116","m",2,"[]","2026-10-01 00:00:00","electronic","exchange",1,"[PREMIUM]","2"
"rVOHkRvE2Np","2026-08-08 23:58:17.579","2026-08-08 23:58:17.579","rVOHkRvE2Np","18372867","[PREMIUM]","[PREMIUM]","[PREMIUM]","121","Section 121","n",2,"[]","2026-10-02 00:00:00","electronic","exchange",0,"[PREMIUM]","2"
"vb3iPe94ZVq","2026-08-08 23:58:17.579","2026-08-08 23:58:17.579","vb3iPe94ZVq","18372867","[PREMIUM]","[PREMIUM]","[PREMIUM]","104","Section 104","r",2,"[]","2026-10-01 00:00:00","electronic","exchange",0,"[PREMIUM]","2"
"vb3iPeZZr56","2026-08-08 23:58:17.579","2026-08-16 22:22:00.842","vb3iPeZZr56","18372867","[PREMIUM]","[PREMIUM]","[PREMIUM]","116","Section 116","x",2,"[]","2026-10-02 00:00:00","electronic","exchange",0,"[PREMIUM]","2"
"w3Jsedvrgx9","2026-08-08 23:58:17.579","2026-08-08 23:58:17.579","w3Jsedvrgx9","18372867","[PREMIUM]","[PREMIUM]","[PREMIUM]","116","Section 116","k",4,"[]","2026-10-01 00:00:00","electronic","exchange",1,"[PREMIUM]","4"
"w3JsedvzKpk","2026-08-08 23:58:17.579","2026-08-08 23:58:17.579","w3JsedvzKpk","18372867","[PREMIUM]","[PREMIUM]","[PREMIUM]","121","Section 121","n",2,"[]","2026-10-02 00:00:00","electronic","exchange",0,"[PREMIUM]","2"
"w3Jsedvrg35","2026-08-08 23:58:17.579","2026-08-21 22:25:30.670","w3Jsedvrg35","18372867","[PREMIUM]","[PREMIUM]","[PREMIUM]","117","Section 117","v",2,"[]","2026-10-01 00:00:00","electronic","exchange",0,"[PREMIUM]","2"
"xb9imBAerXw","2026-08-08 23:58:17.579","2026-08-13 10:03:04.386","xb9imBAerXw","18372867","[PREMIUM]","[PREMIUM]","[PREMIUM]","234","Section 234","k",2,"[]","2026-10-01 00:00:00","electronic","exchange",1,"[PREMIUM]","2"
"z3Es6qYmwDn","2026-08-08 23:58:17.579","2026-08-08 23:58:17.579","z3Es6qYmwDn","18372867","[PREMIUM]","[PREMIUM]","[PREMIUM]","104","Section 104","r",4,"[]","2026-10-01 00:00:00","electronic","exchange",1,"[PREMIUM]","1,2,3,4"
"7KntAl2vAjB","2026-08-08 23:58:14.118","2026-08-21 22:25:34.047","7KntAl2vAjB","18372873","[PREMIUM]","[PREMIUM]","[PREMIUM]","313","Section 313","s",2,"['10','11']","2026-10-02 00:00:00","electronic","exchange",0,"[PREMIUM]","2"
"EroUXna8V9L","2026-08-08 23:58:14.118","2026-08-21 22:25:34.047","EroUXna8V9L","18372873","[PREMIUM]","[PREMIUM]","[PREMIUM]","201","Section 201","h",3,"[]","2026-10-02 00:00:00","electronic","exchange",2,"[PREMIUM]","1,3"
"JABI39Y2RRV","2026-08-08 23:58:14.118","2026-08-21 22:25:34.047","JABI39Y2RRV","18372873","[PREMIUM]","[PREMIUM]","[PREMIUM]","126","Section 126","k",2,"[]","2026-10-01 00:00:00","electronic","exchange",0,"[PREMIUM]","2"
"O7AhwrVMpMb","2026-08-08 23:58:14.118","2026-08-08 23:58:14.118","O7AhwrVMpMb","18372873","[PREMIUM]","[PREMIUM]","[PREMIUM]","325","Section 325","m",4,"[]","2026-10-01 00:00:00","electronic","exchange",5,"[PREMIUM]","4"
"YgJtk6Ke8mV","2026-08-08 23:58:14.118","2026-08-10 22:35:40.246","YgJtk6Ke8mV","18372873","[PREMIUM]","[PREMIUM]","[PREMIUM]","330","Section 330","a",2,"['4','5']","2026-09-30 00:00:00","electronic","exchange",2,"[PREMIUM]","2"
"agktlD75Zlz","2026-08-08 23:58:14.118","2026-08-08 23:58:14.118","agktlD75Zlz","18372873","[PREMIUM]","[PREMIUM]","[PREMIUM]","314","Section 314","b",2,"['3','4']","2026-09-30 00:00:00","electronic","exchange",0,"[PREMIUM]","2"
"jDvsz7Do99M","2026-08-08 23:58:14.118","2026-08-13 23:04:33.408","jDvsz7Do99M","18372873","[PREMIUM]","[PREMIUM]","[PREMIUM]","118","Section 118","k",2,"[]","2026-10-01 00:00:00","electronic","exchange",2,"[PREMIUM]","2"
"jDvsz7DV3PG","2026-08-08 23:58:14.118","2026-08-12 00:11:54.528","jDvsz7DV3PG","18372873","[PREMIUM]","[PREMIUM]","[PREMIUM]","109","Section 109","e",2,"[]","2026-10-01 00:00:00","electronic","exchange",2,"[PREMIUM]","2"
"nx0srMm9BBY","2026-08-08 23:58:14.118","2026-08-21 22:25:34.047","nx0srMm9BBY","18372873","[PREMIUM]","[PREMIUM]","[PREMIUM]","112","Section 112","h",2,"[]","2026-10-01 00:00:00","electronic","exchange",1,"[PREMIUM]","2"
"pVXHDENwl44","2026-08-08 23:58:14.118","2026-08-21 22:25:34.047","pVXHDENwl44","18372873","[PREMIUM]","[PREMIUM]","[PREMIUM]","110","Section 110","p",4,"[]","2026-10-01 00:00:00","electronic","exchange",3,"[PREMIUM]","4"
"2v0cz3rAJqP","2026-08-08 23:58:08.624","2026-08-12 14:27:16.629","2v0cz3rAJqP","18377025","[PREMIUM]","[PREMIUM]","[PREMIUM]","338","Section 338","10",4,"[]","2026-10-01 00:00:00","electronic","exchange",4,"[PREMIUM]","4"
"3q7fNJBg8pB","2026-08-08 23:58:08.624","2026-08-21 22:25:36.233","3q7fNJBg8pB","18377025","[PREMIUM]","[PREMIUM]","[PREMIUM]","302","Section 302","9",3,"[]","2026-10-02 00:00:00","electronic","exchange",0,"[PREMIUM]","1,3"
"3q7fNJoll7j","2026-08-08 23:58:08.624","2026-08-13 23:12:18.572","3q7fNJoll7j","18377025","[PREMIUM]","[PREMIUM]","[PREMIUM]","118","Section 118","23",2,"[]","2026-10-01 00:00:00","electronic","exchange",1,"[PREMIUM]","2"
"7KntAl25boO","2026-08-08 23:58:08.624","2026-08-12 10:03:21.608","7KntAl25boO","18377025","[PREMIUM]","[PREMIUM]","[PREMIUM]","312","Section 312","10",2,"[]","2026-10-01 00:00:00","electronic","exchange",5,"[PREMIUM]","2"
"BALImXL5oEN","2026-08-08 23:58:08.624","2026-08-08 23:58:08.624","BALImXL5oEN","18377025","[PREMIUM]","[PREMIUM]","[PREMIUM]","342","Section 342","11",2,"[]","2026-10-01 00:00:00","electronic","exchange",4,"[PREMIUM]","2"
"DdwHkO0rVbj","2026-08-08 23:58:08.624","2026-08-10 22:33:27.358","DdwHkO0rVbj","18377025","[PREMIUM]","[PREMIUM]","[PREMIUM]","362","Section 362","14",2,"[]","2026-10-01 00:00:00","electronic","exchange",2,"[PREMIUM]","2"
"Kezcz6EXpJ5","2026-08-08 23:58:08.624","2026-08-09 23:32:19.287","Kezcz6EXpJ5","18377025","[PREMIUM]","[PREMIUM]","[PREMIUM]","114","Section 114","11",4,"[]","2026-10-01 00:00:00","electronic","exchange",0,"[PREMIUM]","4"
"LbviLEYPwEx","2026-08-08 23:58:08.624","2026-08-21 22:25:36.233","LbviLEYPwEx","18377025","[PREMIUM]","[PREMIUM]","[PREMIUM]","124","Section 124","8",4,"[]","2026-09-28 00:00:00","electronic","exchange",1,"[PREMIUM]","2,4"
"MAeIPlYM6e0","2026-08-08 23:58:08.624","2026-08-12 14:27:16.629","MAeIPlYM6e0","18377025","[PREMIUM]","[PREMIUM]","[PREMIUM]","334","Section 334","11",4,"[]","2026-10-01 00:00:00","electronic","exchange",4,"[PREMIUM]","4"
"MAeIPlYRz7x","2026-08-08 23:58:08.624","2026-08-12 14:27:16.629","MAeIPlYRz7x","18377025","[PREMIUM]","[PREMIUM]","[PREMIUM]","106","Section 106","16",4,"[]","2026-10-01 00:00:00","electronic","exchange",4,"[PREMIUM]","4"
"NrqUv4YjDAK","2026-08-08 23:58:08.624","2026-08-12 14:27:16.629","NrqUv4YjDAK","18377025","[PREMIUM]","[PREMIUM]","[PREMIUM]","138","Section 138","18",3,"[]","2026-10-01 00:00:00","electronic","exchange",2,"[PREMIUM]","3"
"NrqUv4dO2dX","2026-08-08 23:58:08.624","2026-08-13 23:12:18.572","NrqUv4dO2dX","18377025","[PREMIUM]","[PREMIUM]","[PREMIUM]","104","Section 104","10",2,"[]","2026-10-01 00:00:00","electronic","exchange",3,"[PREMIUM]","2"
"PX0sgL6bNAk","2026-08-08 23:58:08.624","2026-08-18 12:25:40.003","PX0sgL6bNAk","18377025","[PREMIUM]","[PREMIUM]","[PREMIUM]","138","Section 138","20",2,"[]","2026-10-01 00:00:00","electronic","exchange",4,"[PREMIUM]","2"
"ROXHzwYjmMo","2026-08-08 23:58:08.624","2026-08-12 14:27:16.629","ROXHzwYjmMo","18377025","[PREMIUM]","[PREMIUM]","[PREMIUM]","302","Section 302","10",2,"[]","2026-10-01 00:00:00","electronic","exchange",2,"[PREMIUM]","2"
"X03tKjNR8X7","2026-08-08 23:58:08.624","2026-08-21 22:25:36.233","X03tKjNR8X7","18377025","[PREMIUM]","[PREMIUM]","[PREMIUM]","334","Section 334","8",7,"['9','10','11','12','13','14','15']","2026-10-03 00:00:00","electronic","exchange",1,"[PREMIUM]","1,2,3,4,5,7"
"X03tKjYmJEL","2026-08-08 23:58:08.624","2026-08-12 14:27:16.629","X03tKjYmJEL","18377025","[PREMIUM]","[PREMIUM]","[PREMIUM]","318","Section 318","12",2,"[]","2026-10-01 00:00:00","electronic","exchange",3,"[PREMIUM]","2"
"YgJtk6YZ2lN","2026-08-08 23:58:08.624","2026-08-12 14:27:16.629","YgJtk6YZ2lN","18377025","[PREMIUM]","[PREMIUM]","[PREMIUM]","340","Section 340","9",4,"[]","2026-10-01 00:00:00","electronic","exchange",2,"[PREMIUM]","4"
"Zm9hvwPDP59","2026-08-08 23:58:08.624","2026-08-21 22:25:36.233","Zm9hvwPDP59","18377025","[PREMIUM]","[PREMIUM]","[PREMIUM]","138","Section 138","20",2,"['3','4']","2026-09-30 00:00:00","electronic","exchange",5,"[PREMIUM]","2"
"Zm9hvwYRark","2026-08-08 23:58:08.624","2026-08-13 23:12:18.572","Zm9hvwYRark","18377025","[PREMIUM]","[PREMIUM]","[PREMIUM]","118","Section 118","21",2,"[]","2026-10-02 00:00:00","electronic","exchange",0,"[PREMIUM]","1,2"
"Zm9hvwYRrma","2026-08-08 23:58:08.624","2026-08-21 22:25:36.233","Zm9hvwYRrma","18377025","[PREMIUM]","[PREMIUM]","[PREMIUM]","124","Section 124","10",4,"[]","2026-10-01 00:00:00","electronic","exchange",1,"[PREMIUM]","4"
"dNgUg6Yd3ae","2026-08-08 23:58:08.624","2026-08-12 14:27:16.629","dNgUg6Yd3ae","18377025","[PREMIUM]","[PREMIUM]","[PREMIUM]","336","Section 336","11",3,"[]","2026-10-01 00:00:00","electronic","exchange",4,"[PREMIUM]","3"
"jDvsz7Dm4vj","2026-08-08 23:58:08.624","2026-08-12 14:27:16.629","jDvsz7Dm4vj","18377025","[PREMIUM]","[PREMIUM]","[PREMIUM]","104","Section 104","17",2,"[]","2026-10-01 00:00:00","electronic","exchange",5,"[PREMIUM]","2"
"nx0srMpqpJR","2026-08-08 23:58:08.624","2026-08-20 22:37:54.045","nx0srMpqpJR","18377025","[PREMIUM]","[PREMIUM]","[PREMIUM]","353","Section 353","3",3,"['3','4','5']","2026-09-30 00:00:00","electronic","exchange",5,"[PREMIUM]","3"
"rVOHkRvY5KR","2026-08-08 23:58:08.624","2026-08-12 14:27:16.629","rVOHkRvY5KR","18377025","[PREMIUM]","[PREMIUM]","[PREMIUM]","362","Section 362","12",4,"[]","2026-10-01 00:00:00","electronic","exchange",2,"[PREMIUM]","4"
"vb3iPeZOV8x","2026-08-08 23:58:08.624","2026-08-12 14:27:16.629","vb3iPeZOV8x","18377025","[PREMIUM]","[PREMIUM]","[PREMIUM]","302","Section 302","11",3,"[]","2026-10-01 00:00:00","electronic","exchange",2,"[PREMIUM]","3"
"z3Es6qMO38e","2026-08-08 23:58:08.624","2026-08-12 14:27:16.629","z3Es6qMO38e","18377025","[PREMIUM]","[PREMIUM]","[PREMIUM]","332","Section 332","13",3,"[]","2026-10-01 00:00:00","electronic","exchange",2,"[PREMIUM]","3"
"2v0cz38gYR5","2026-08-08 23:58:06.656","2026-08-15 00:08:25.085","2v0cz38gYR5","18372837","[PREMIUM]","[PREMIUM]","[PREMIUM]","310","Section 310","j",3,"[]","2026-09-30 00:00:00","electronic","exchange",1,"[PREMIUM]","3"
"2v0cz3r9Dnz","2026-08-08 23:58:06.656","2026-08-19 09:44:32.637","2v0cz3r9Dnz","18372837","[PREMIUM]","[PREMIUM]","[PREMIUM]","120","Section 120","r",2,"[]","2026-09-30 00:00:00","electronic","exchange",1,"[PREMIUM]","2"
"2v0cz3r9DMz","2026-08-08 23:58:06.656","2026-08-19 09:44:32.637","2v0cz3r9DMz","18372837","[PREMIUM]","[PREMIUM]","[PREMIUM]","105","Section 105","u",4,"[]","2026-09-30 00:00:00","electronic","exchange",1,"[PREMIUM]","4"
"3q7fNJo6dKe","2026-08-08 23:58:06.656","2026-08-12 14:06:21.340","3q7fNJo6dKe","18372837","[PREMIUM]","[PREMIUM]","[PREMIUM]","101","Section 101","p",3,"[]","2026-09-30 00:00:00","electronic","exchange",1,"[PREMIUM]","3"
"6mOhkAe0pM5","2026-08-08 23:58:06.656","2026-08-10 22:33:10.003","6mOhkAe0pM5","18372837","[PREMIUM]","[PREMIUM]","[PREMIUM]","115","Section 115","w",2,"[]","2026-09-30 00:00:00","electronic","exchange",0,"[PREMIUM]","2"
"6mOhkAj4JdR","2026-08-08 23:58:06.656","2026-08-13 23:04:20.704","6mOhkAj4JdR","18372837","[PREMIUM]","[PREMIUM]","[PREMIUM]","101","Section 101","r",2,"[]","2026-09-30 00:00:00","electronic","exchange",0,"[PREMIUM]","2"
"9P2c5q0RPlO","2026-08-08 23:58:06.656","2026-08-21 22:25:25.841","9P2c5q0RPlO","18372837","[PREMIUM]","[PREMIUM]","[PREMIUM]","109","Section 109","l",4,"[]","2026-10-01 00:00:00","electronic","exchange",1,"[PREMIUM]","4"
"A6rs27MjxNr","2026-08-08 23:58:06.656","2026-08-16 22:21:50.258","A6rs27MjxNr","18372837","[PREMIUM]","[PREMIUM]","[PREMIUM]","118","Section 118","n",2,"[]","2026-09-30 00:00:00","electronic","exchange",4,"[PREMIUM]","2"
"DdwHkO0VXlm","2026-08-08 23:58:06.656","2026-08-15 00:08:25.085","DdwHkO0VXlm","18372837","[PREMIUM]","[PREMIUM]","[PREMIUM]","101","Section 101","p",4,"[]","2026-09-30 00:00:00","electronic","exchange",0,"[PREMIUM]","4"
"DdwHkORPZDO","2026-08-08 23:58:06.656","2026-08-21 22:25:25.841","DdwHkORPZDO","18372837","[PREMIUM]","[PREMIUM]","[PREMIUM]","220","Section 220","b",2,"[]","2026-10-01 00:00:00","electronic","exchange",2,"[PREMIUM]","2"
"EroUXnaLVoK","2026-08-08 23:58:06.656","2026-08-10 22:33:10.003","EroUXnaLVoK","18372837","[PREMIUM]","[PREMIUM]","[PREMIUM]","322","Section 322","b",2,"['13','14']","2026-08-08 00:00:00","electronic","exchange",0,"[PREMIUM]","1,2"
"GAaI62MrKJ6","2026-08-08 23:58:06.656","2026-08-21 22:25:25.841","GAaI62MrKJ6","18372837","[PREMIUM]","[PREMIUM]","[PREMIUM]","306","Section 306","d",2,"[]","2026-09-30 00:00:00","electronic","exchange",1,"[PREMIUM]","2"
"JABI390bgVM","2026-08-08 23:58:06.656","2026-08-21 22:25:25.841","JABI390bgVM","18372837","[PREMIUM]","[PREMIUM]","[PREMIUM]","109","Section 109","l",4,"['3','4','5','6']","2026-09-29 00:00:00","electronic","exchange",2,"[PREMIUM]","4"
"Kezcz6YANdr","2026-08-08 23:58:06.656","2026-08-12 14:06:21.340","Kezcz6YANdr","18372837","[PREMIUM]","[PREMIUM]","[PREMIUM]","312","Section 312","j",3,"[]","2026-09-30 00:00:00","electronic","exchange",0,"[PREMIUM]","3"
"LbviLEYb7Zw","2026-08-08 23:58:06.656","2026-08-12 14:06:21.340","LbviLEYb7Zw","18372837","[PREMIUM]","[PREMIUM]","[PREMIUM]","121","Section 121","p",3,"[]","2026-09-30 00:00:00","electronic","exchange",1,"[PREMIUM]","3"
"NrqUv4YBrZn","2026-08-08 23:58:06.656","2026-08-13 23:04:20.704","NrqUv4YBrZn","18372837","[PREMIUM]","[PREMIUM]","[PREMIUM]","116","Section 116","s",2,"[]","2026-09-30 00:00:00","electronic","exchange",1,"[PREMIUM]","2"
"NrqUv4Yo6va","2026-08-08 23:58:06.656","2026-08-21 22:25:25.841","NrqUv4Yo6va","18372837","[PREMIUM]","[PREMIUM]","[PREMIUM]","323","Section 323","j",4,"[]","2026-09-30 00:00:00","electronic","exchange",1,"[PREMIUM]","4"
"PX0sgLYvmwx","2026-08-08 23:58:06.656","2026-08-21 22:25:25.841","PX0sgLYvmwx","18372837","[PREMIUM]","[PREMIUM]","[PREMIUM]","327","Section 327","h",4,"[]","2026-09-30 00:00:00","electronic","exchange",1,"[PREMIUM]","4"
"X03tKjYXen6","2026-08-08 23:58:06.656","2026-08-21 22:25:25.841","X03tKjYXen6","18372837","[PREMIUM]","[PREMIUM]","[PREMIUM]","220","Section 220","b",2,"[]","2026-09-30 00:00:00","electronic","exchange",1,"[PREMIUM]","2"
"YgJtk6KmXBZ","2026-08-08 23:58:06.656","2026-08-21 22:25:25.841","YgJtk6KmXBZ","18372837","[PREMIUM]","[PREMIUM]","[PREMIUM]","120","Section 120","w",4,"[]","2026-09-30 00:00:00","electronic","exchange",1,"[PREMIUM]","4"
"YgJtk6YvE5B","2026-08-08 23:58:06.656","2026-08-13 23:04:20.704","YgJtk6YvE5B","18372837","[PREMIUM]","[PREMIUM]","[PREMIUM]","220","Section 220","f",2,"[]","2026-09-30 00:00:00","electronic","exchange",0,"[PREMIUM]","2"
"b4wUaGYA46Y","2026-08-08 23:58:06.656","2026-08-12 14:06:21.340","b4wUaGYA46Y","18372837","[PREMIUM]","[PREMIUM]","[PREMIUM]","215","Section 215","g",4,"[]","2026-09-30 00:00:00","electronic","exchange",1,"[PREMIUM]","4"
"eeacK2Xr5er","2026-08-08 23:58:06.656","2026-08-21 22:25:25.841","eeacK2Xr5er","18372837","[PREMIUM]","[PREMIUM]","[PREMIUM]","109","Section 109","l",4,"[]","2026-09-30 00:00:00","electronic","exchange",1,"[PREMIUM]","4"
"kYet9435Ggd","2026-08-08 23:58:06.656","2026-08-12 14:06:21.340","kYet9435Ggd","18372837","[PREMIUM]","[PREMIUM]","[PREMIUM]","328","Section 328","s",4,"[]","2026-09-30 00:00:00","electronic","exchange",1,"[PREMIUM]","4"
"lxVsdL054Dr","2026-08-08 23:58:06.656","2026-08-21 22:25:25.841","lxVsdL054Dr","18372837","[PREMIUM]","[PREMIUM]","[PREMIUM]","119","Section 119","m",4,"[]","2026-09-30 00:00:00","electronic","exchange",1,"[PREMIUM]","4"
"mxAs4YGpgKr","2026-08-08 23:58:06.656","2026-08-21 22:25:25.841","mxAs4YGpgKr","18372837","[PREMIUM]","[PREMIUM]","[PREMIUM]","220","Section 220","b",2,"[]","2026-09-30 00:00:00","electronic","exchange",1,"[PREMIUM]","2"
"qVjH2VE53AD","2026-08-08 23:58:06.656","2026-08-08 23:58:06.656","qVjH2VE53AD","18372837","[PREMIUM]","[PREMIUM]","[PREMIUM]","326","Section 326","p",2,"[]","2026-09-30 00:00:00","electronic","exchange",1,"[PREMIUM]","2"
"vb3iPe90Gdx","2026-08-08 23:58:06.656","2026-08-21 22:25:25.841","vb3iPe90Gdx","18372837","[PREMIUM]","[PREMIUM]","[PREMIUM]","106","Section 106","u",2,"[]","2026-09-30 00:00:00","electronic","exchange",3,"[PREMIUM]","2"
"vb3iPeZ5MAe","2026-08-08 23:58:06.656","2026-08-21 22:25:25.841","vb3iPeZ5MAe","18372837","[PREMIUM]","[PREMIUM]","[PREMIUM]","120","Section 120","o",2,"[]","2026-09-30 00:00:00","electronic","exchange",1,"[PREMIUM]","2"
"w3Jsedv5MR6","2026-08-08 23:58:06.656","2026-08-10 22:33:10.003","w3Jsedv5MR6","18372837","[PREMIUM]","[PREMIUM]","[PREMIUM]","333","Section 333","e",4,"[]","2026-09-30 00:00:00","electronic","exchange",2,"[PREMIUM]","4"
"xb9imBgPEkk","2026-08-08 23:58:06.656","2026-08-21 22:25:25.841","xb9imBgPEkk","18372837","[PREMIUM]","[PREMIUM]","[PREMIUM]","306","Section 306","d",2,"[]","2026-10-01 00:00:00","electronic","exchange",3,"[PREMIUM]","2"
"z3Es6qMO08X","2026-08-08 23:58:06.656","2026-08-21 22:25:25.841","z3Es6qMO08X","18372837","[PREMIUM]","[PREMIUM]","[PREMIUM]","220","Section 220","b",2,"['11','12']","2026-09-29 00:00:00","electronic","exchange",2,"[PREMIUM]","2"
"z3Es6qM5JPV","2026-08-08 23:58:06.656","2026-08-21 22:25:25.841","z3Es6qM5JPV","18372837","[PREMIUM]","[PREMIUM]","[PREMIUM]","119","Section 119","j",2,"[]","2026-09-30 00:00:00","electronic","exchange",1,"[PREMIUM]","2"
"5EjuZ6dlNZz","2026-08-08 23:58:06.495","2026-08-15 00:09:23.994","5EjuZ6dlNZz","18378329","[PREMIUM]","[PREMIUM]","[PREMIUM]","123","Section 123","17",4,"[]","2026-10-01 00:00:00","electronic","exchange",0,"[PREMIUM]","4"
"A6rs27v5qkB","2026-08-08 23:58:06.495","2026-08-18 12:24:16.884","A6rs27v5qkB","18378329","[PREMIUM]","[PREMIUM]","[PREMIUM]","112","Section 112","12",2,"[]","2026-10-01 00:00:00","electronic","exchange",0,"[PREMIUM]","2"
"b4wUaGYYndP","2026-08-08 23:58:06.495","2026-08-19 09:45:01.598","b4wUaGYYndP","18378329","[PREMIUM]","[PREMIUM]","[PREMIUM]","107","Section 107","14",7,"[]","2026-10-01 00:00:00","electronic","exchange",1,"[PREMIUM]","1,2,3,4,5,6,7"
"dNgUg6YAl94","2026-08-08 23:58:06.495","2026-08-21 22:25:36.729","dNgUg6YAl94","18378329","[PREMIUM]","[PREMIUM]","[PREMIUM]","111","Section 111","23",2,"[]","2026-10-01 00:00:00","electronic","exchange",0,"[PREMIUM]","2"
"lxVsdL05j6L","2026-08-08 23:58:06.495","2026-08-21 22:25:36.729","lxVsdL05j6L","18378329","[PREMIUM]","[PREMIUM]","[PREMIUM]","212","Section 212","11",3,"[]","2026-10-01 00:00:00","electronic","exchange",0,"[PREMIUM]","3"
"nx0srMp2AD2","2026-08-08 23:58:06.495","2026-08-15 22:31:44.367","nx0srMp2AD2","18378329","[PREMIUM]","[PREMIUM]","[PREMIUM]","207","Section 207","12",3,"[]","2026-08-06 00:00:00","electronic","exchange",0,"[PREMIUM]","3"
"oV7HbEOM6Be","2026-08-08 23:58:06.495","2026-08-19 09:45:01.598","oV7HbEOM6Be","18378329","[PREMIUM]","[PREMIUM]","[PREMIUM]","205A","Section 205 A","8",8,"[]","2026-10-01 00:00:00","electronic","exchange",1,"[PREMIUM]","1,2,3,4,5,6,7,8"
"3q7fNJBV9lO","2026-08-08 23:58:04.186","2026-08-21 22:25:38.441","3q7fNJBV9lO","18372803","[PREMIUM]","[PREMIUM]","[PREMIUM]","107","Section 107","2",2,"[]","2026-07-23 00:00:00","electronic","exchange",0,"[PREMIUM]","2"
"4vXcj9z6wz6","2026-08-08 23:58:04.186","2026-08-21 22:25:38.441","4vXcj9z6wz6","18372803","[PREMIUM]","[PREMIUM]","[PREMIUM]","103","Section 103","8",2,"[]","2026-10-02 00:00:00","electronic","exchange",0,"[PREMIUM]","2"
"6mOhkAjOE3j","2026-08-08 23:58:04.186","2026-08-21 22:25:38.441","6mOhkAjOE3j","18372803","[PREMIUM]","[PREMIUM]","[PREMIUM]","104","Section 104","1",4,"['9','10','11','12']","2026-10-02 00:00:00","electronic","exchange",0,"[PREMIUM]","4"
"LbviLEYmOR6","2026-08-08 23:58:04.186","2026-08-16 22:21:53.412","LbviLEYmOR6","18372803","[PREMIUM]","[PREMIUM]","[PREMIUM]","104","Section 104","1",2,"['3','4']","2026-10-02 00:00:00","electronic","exchange",0,"[PREMIUM]","2"
"ROXHzwJqGXz","2026-08-08 23:58:04.186","2026-08-21 22:25:38.441","ROXHzwJqGXz","18372803","[PREMIUM]","[PREMIUM]","[PREMIUM]","107","Section 107","2",2,"[]","2026-08-08 00:00:00","electronic","exchange",0,"[PREMIUM]","2"
"eeacK2XeepJ","2026-08-08 23:58:04.186","2026-08-21 22:25:38.441","eeacK2XeepJ","18372803","[PREMIUM]","[PREMIUM]","[PREMIUM]","312","Section 312","8",2,"[]","2026-10-02 00:00:00","electronic","exchange",1,"[PREMIUM]","2"
"jDvsz7DbbY2","2026-08-08 23:58:04.186","2026-08-13 00:01:32.364","jDvsz7DbbY2","18372803","[PREMIUM]","[PREMIUM]","[PREMIUM]","324","Section 324","1",2,"[]","2026-10-02 00:00:00","electronic","exchange",4,"[PREMIUM]","2"
"kYet94o0O72","2026-08-08 23:58:04.186","2026-08-21 22:25:38.441","kYet94o0O72","18372803","[PREMIUM]","[PREMIUM]","[PREMIUM]","312","Section 312","8",2,"['5','6']","2026-09-30 00:00:00","electronic","exchange",2,"[PREMIUM]","2"
"rVOHkRv5ZMG","2026-08-08 23:58:04.186","2026-08-09 23:32:16.255","rVOHkRv5ZMG","18372803","[PREMIUM]","[PREMIUM]","[PREMIUM]","306","Section 306","1",2,"[]","2026-10-02 00:00:00","electronic","exchange",1,"[PREMIUM]","2"
"w3JsedBLMJN","2026-08-08 23:58:04.186","2026-08-09 23:32:16.255","w3JsedBLMJN","18372803","[PREMIUM]","[PREMIUM]","[PREMIUM]","311","Section 311","12",2,"['21','22']","2026-09-30 00:00:00","electronic","exchange",2,"[PREMIUM]","2"
"3q7fNJojn35","2026-08-08 23:58:00.451","2026-08-10 22:32:38.865","3q7fNJojn35","18372789","[PREMIUM]","[PREMIUM]","[PREMIUM]","110","Section 110","y",2,"[]","2026-09-27 00:00:00","electronic","exchange",1,"[PREMIUM]","2"
"O7AhwrV064p","2026-08-08 23:58:00.451","2026-08-10 22:32:38.865","O7AhwrV064p","18372789","[PREMIUM]","[PREMIUM]","[PREMIUM]","305","Section 305","l",4,"[]","2026-09-27 00:00:00","electronic","exchange",1,"[PREMIUM]","2,4"
"kYet94o8d7e","2026-08-08 23:58:00.451","2026-08-10 22:32:38.865","kYet94o8d7e","18372789","[PREMIUM]","[PREMIUM]","[PREMIUM]","312","Section 312","n",3,"[]","2026-09-27 00:00:00","electronic","exchange",1,"[PREMIUM]","1,3"
"9P2c5q0jp5b","2026-08-08 23:58:00.260","2026-08-21 22:25:37.679","9P2c5q0jp5b","18378089","[PREMIUM]","[PREMIUM]","[PREMIUM]","309","Section 309","a",4,"[]","2026-10-02 00:00:00","electronic","exchange",0,"[PREMIUM]","1,2,4"
"BALImXLL7jJ","2026-08-08 23:58:00.260","2026-08-20 22:37:42.157","BALImXLL7jJ","18378089","[PREMIUM]","[PREMIUM]","[PREMIUM]","304","Section 304","q",3,"['11','12','13']","2026-10-01 00:00:00","electronic","exchange",0,"[PREMIUM]","3"
"agktlDYYPzr","2026-08-08 23:58:00.260","2026-08-20 22:37:42.157","agktlDYYPzr","18378089","[PREMIUM]","[PREMIUM]","[PREMIUM]","304","Section 304","q",3,"[]","2026-10-01 00:00:00","electronic","exchange",0,"[PREMIUM]","1,3"
"eeacK2XprL0","2026-08-08 23:58:00.260","2026-08-21 22:25:37.679","eeacK2XprL0","18378089","[PREMIUM]","[PREMIUM]","[PREMIUM]","309","Section 309","a",4,"[]","2026-10-02 00:00:00","electronic","exchange",0,"[PREMIUM]","2,4"
"lxVsdL050aj","2026-08-08 23:58:00.260","2026-08-08 23:58:00.260","lxVsdL050aj","18378089","[PREMIUM]","[PREMIUM]","[PREMIUM]","329","Section 329","l",4,"['16','17','18','19']","2026-10-02 00:00:00","electronic","exchange",0,"[PREMIUM]","2,4"
"lxVsdLBMalj","2026-08-08 23:58:00.260","2026-08-21 22:25:37.679","lxVsdLBMalj","18378089","[PREMIUM]","[PREMIUM]","[PREMIUM]","105","Section 105","cc",2,"[]","2026-10-02 00:00:00","electronic","exchange",2,"[PREMIUM]","2"
"rVOHkRv5E7j","2026-08-08 23:58:00.260","2026-08-21 22:25:37.679","rVOHkRv5E7j","18378089","[PREMIUM]","[PREMIUM]","[PREMIUM]","333","Section 333","s",2,"['7','8']","2026-10-02 00:00:00","electronic","exchange",0,"[PREMIUM]","2"
"05VT8KO39Pn","2026-08-08 23:57:51.811","2026-08-09 23:32:32.691","05VT8KO39Pn","18378575","[PREMIUM]","[PREMIUM]","[PREMIUM]","123","Section 123","16",4,"[]","2026-10-02 00:00:00","electronic","exchange",1,"[PREMIUM]","1,2,3,4"
"05VT8KOrAnJ","2026-08-08 23:57:51.811","2026-08-09 23:32:32.691","05VT8KOrAnJ","18378575","[PREMIUM]","[PREMIUM]","[PREMIUM]","215","Section 215","12",6,"[]","2026-10-02 00:00:00","electronic","exchange",1,"[PREMIUM]","1,2,3,4,5,6"
"05VT8Ka5ElV","2026-08-08 23:57:51.811","2026-08-08 23:57:51.811","05VT8Ka5ElV","18378575","[PREMIUM]","[PREMIUM]","[PREMIUM]","101","Section 101","12",4,"[]","2026-10-02 00:00:00","electronic","exchange",2,"[PREMIUM]","1,2,3,4"
"2v0cz384dJp","2026-08-08 23:57:51.811","2026-08-09 23:32:32.691","2v0cz384dJp","18378575","[PREMIUM]","[PREMIUM]","[PREMIUM]","216","Section 216","11",2,"[]","2026-10-02 00:00:00","electronic","exchange",0,"[PREMIUM]","2"
"2v0cz3rAAYd","2026-08-08 23:57:51.811","2026-08-09 23:32:32.691","2v0cz3rAAYd","18378575","[PREMIUM]","[PREMIUM]","[PREMIUM]","115","Section 115","20",5,"[]","2026-10-02 00:00:00","electronic","exchange",1,"[PREMIUM]","1,2,3,4,5"
"3q7fNJBkx9a","2026-08-08 23:57:51.811","2026-08-09 23:32:32.691","3q7fNJBkx9a","18378575","[PREMIUM]","[PREMIUM]","[PREMIUM]","216","Section 216","3",2,"[]","2026-10-02 00:00:00","electronic","exchange",0,"[PREMIUM]","2"
"3q7fNJB5rd3","2026-08-08 23:57:51.811","2026-08-08 23:57:51.811","3q7fNJB5rd3","18378575","[PREMIUM]","[PREMIUM]","[PREMIUM]","104","Section 104","12",9,"[]","2026-10-02 00:00:00","electronic","exchange",2,"[PREMIUM]","1,2,3,4,5,6,7,8,9"
"3q7fNJB5rbZ","2026-08-08 23:57:51.811","2026-08-08 23:57:51.811","3q7fNJB5rbZ","18378575","[PREMIUM]","[PREMIUM]","[PREMIUM]","205","Section 205","4",2,"[]","2026-10-02 00:00:00","electronic","exchange",1,"[PREMIUM]","2"
"3q7fNJBgwZM","2026-08-08 23:57:51.811","2026-08-21 22:25:29.408","3q7fNJBgwZM","18378575","[PREMIUM]","[PREMIUM]","[PREMIUM]","124","Section 124","3",4,"['4','5','6','7']","2026-10-02 00:00:00","electronic","exchange",0,"[PREMIUM]","2,4"
"4vXcj90ELdM","2026-08-08 23:57:51.811","2026-08-13 14:41:51.861","4vXcj90ELdM","18378575","[PREMIUM]","[PREMIUM]","[PREMIUM]","121","Section 121","15",3,"[]","2026-10-02 00:00:00","electronic","exchange",1,"[PREMIUM]","3"
"4vXcj9z8dvX","2026-08-08 23:57:51.811","2026-08-09 23:32:32.691","4vXcj9z8dvX","18378575","[PREMIUM]","[PREMIUM]","[PREMIUM]","213","Section 213","14",2,"[]","2026-10-02 00:00:00","electronic","exchange",0,"[PREMIUM]","2"
"5EjuZ6dOOE7","2026-08-08 23:57:51.811","2026-08-09 23:32:32.691","5EjuZ6dOOE7","18378575","[PREMIUM]","[PREMIUM]","[PREMIUM]","104","Section 104","20",9,"[]","2026-10-02 00:00:00","electronic","exchange",1,"[PREMIUM]","1,2,3,4,5,6,7,8,9"
"6mOhkAe0Naz","2026-08-08 23:57:51.811","2026-08-08 23:57:51.811","6mOhkAe0Naz","18378575","[PREMIUM]","[PREMIUM]","[PREMIUM]","217","Section 217","2",2,"[]","2026-10-02 00:00:00","electronic","exchange",4,"[PREMIUM]","2"
"6mOhkAel8aj","2026-08-08 23:57:51.811","2026-08-13 14:41:51.861","6mOhkAel8aj","18378575","[PREMIUM]","[PREMIUM]","[PREMIUM]","215","Section 215","11",4,"[]","2026-10-02 00:00:00","electronic","exchange",2,"[PREMIUM]","2,4"
"6mOhkAerBBw","2026-08-08 23:57:51.811","2026-08-08 23:57:51.811","6mOhkAerBBw","18378575","[PREMIUM]","[PREMIUM]","[PREMIUM]","101","Section 101","17",2,"[]","2026-10-01 00:00:00","electronic","exchange",0,"[PREMIUM]","2"
"9P2c5q0LYNl","2026-08-08 23:57:51.811","2026-08-09 23:32:32.691","9P2c5q0LYNl","18378575","[PREMIUM]","[PREMIUM]","[PREMIUM]","214","Section 214","6",2,"[]","2026-10-02 00:00:00","electronic","exchange",0,"[PREMIUM]","2"
"A6rs27v5xn7","2026-08-08 23:57:51.811","2026-08-13 14:41:51.861","A6rs27v5xn7","18378575","[PREMIUM]","[PREMIUM]","[PREMIUM]","121","Section 121","15",3,"[]","2026-10-02 00:00:00","electronic","exchange",1,"[PREMIUM]","1,2,3"
"A6rs27vbaAb","2026-08-08 23:57:51.811","2026-08-09 23:32:32.691","A6rs27vbaAb","18378575","[PREMIUM]","[PREMIUM]","[PREMIUM]","104","Section 104","20",9,"[]","2026-10-02 00:00:00","electronic","exchange",0,"[PREMIUM]","1,2,3,4,5,6,7,8,9"
"BALImXLdrd8","2026-08-08 23:57:51.811","2026-08-08 23:57:51.811","BALImXLdrd8","18378575","[PREMIUM]","[PREMIUM]","[PREMIUM]","225","Section 225","9",3,"[]","2026-10-02 00:00:00","electronic","exchange",1,"[PREMIUM]","1,2,3"
"EroUXnaLvzn","2026-08-08 23:57:51.811","2026-08-09 23:32:32.691","EroUXnaLvzn","18378575","[PREMIUM]","[PREMIUM]","[PREMIUM]","228","Section 228","9",2,"[]","2026-10-02 00:00:00","electronic","exchange",1,"[PREMIUM]","2"
"EroUXna5E2a","2026-08-08 23:57:51.811","2026-08-08 23:57:51.811","EroUXna5E2a","18378575","[PREMIUM]","[PREMIUM]","[PREMIUM]","203","Section 203","6",13,"[]","2026-10-02 00:00:00","electronic","exchange",1,"[PREMIUM]","1,2,3,4,5,6,7,8,9,10,11,12,13"
"GAaI62MRMxg","2026-08-08 23:57:51.811","2026-08-08 23:57:51.811","GAaI62MRMxg","18378575","[PREMIUM]","[PREMIUM]","[PREMIUM]","101","Section 101","17",2,"['14','15']","2026-09-30 00:00:00","electronic","exchange",0,"[PREMIUM]","2"
"GAaI62M5MYw","2026-08-08 23:57:51.811","2026-08-08 23:57:51.811","GAaI62M5MYw","18378575","[PREMIUM]","[PREMIUM]","[PREMIUM]","104","Section 104","23",3,"[]","2026-10-02 00:00:00","electronic","exchange",1,"[PREMIUM]","1,2,3"
"JABI390pXkd","2026-08-08 23:57:51.811","2026-08-09 23:32:32.691","JABI390pXkd","18378575","[PREMIUM]","[PREMIUM]","[PREMIUM]","218","Section 218","3",2,"[]","2026-10-02 00:00:00","electronic","exchange",0,"[PREMIUM]","2"
"Kezcz6YBBmL","2026-08-08 23:57:51.811","2026-08-08 23:57:51.811","Kezcz6YBBmL","18378575","[PREMIUM]","[PREMIUM]","[PREMIUM]","114","Section 114","3",2,"[]","2026-10-02 00:00:00","electronic","exchange",5,"[PREMIUM]","2"
"LbviLE9dlP2","2026-08-08 23:57:51.811","2026-08-09 23:32:32.691","LbviLE9dlP2","18378575","[PREMIUM]","[PREMIUM]","[PREMIUM]","227","Section 227","5",2,"[]","2026-10-02 00:00:00","electronic","exchange",0,"[PREMIUM]","2"
"PX0sgL6npq7","2026-08-08 23:57:51.811","2026-08-08 23:57:51.811","PX0sgL6npq7","18378575","[PREMIUM]","[PREMIUM]","[PREMIUM]","206","Section 206","14",10,"[]","2026-10-02 00:00:00","electronic","exchange",2,"[PREMIUM]","1,2,3,4,5,6,7,8,9,10"
"PX0sgL6npGk","2026-08-08 23:57:51.811","2026-08-08 23:57:51.811","PX0sgL6npGk","18378575","[PREMIUM]","[PREMIUM]","[PREMIUM]","109","Section 109","11",3,"[]","2026-10-02 00:00:00","electronic","exchange",2,"[PREMIUM]","1,2,3"
"PX0sgL6Obq5","2026-08-08 23:57:51.811","2026-08-08 23:57:51.811","PX0sgL6Obq5","18378575","[PREMIUM]","[PREMIUM]","[PREMIUM]","101","Section 101","17",2,"[]","2026-10-02 00:00:00","electronic","exchange",0,"[PREMIUM]","2"
"PX0sgLYaRK0","2026-08-08 23:57:51.811","2026-08-09 23:32:32.691","PX0sgLYaRK0","18378575","[PREMIUM]","[PREMIUM]","[PREMIUM]","222","Section 222","17",4,"[]","2026-10-01 00:00:00","electronic","exchange",0,"[PREMIUM]","4"
"V4KU0MEPk5z","2026-08-08 23:57:51.811","2026-08-21 22:25:29.408","V4KU0MEPk5z","18378575","[PREMIUM]","[PREMIUM]","[PREMIUM]","123","Section 123","3",2,"[]","2026-10-01 00:00:00","electronic","exchange",1,"[PREMIUM]","2"
"X03tKjYJZAE","2026-08-08 23:57:51.811","2026-08-21 22:25:29.408","X03tKjYJZAE","18378575","[PREMIUM]","[PREMIUM]","[PREMIUM]","121","Section 121","1",4,"['5','6','7','8']","2026-10-02 00:00:00","electronic","exchange",1,"[PREMIUM]","2,4"
"YgJtk6Ypn99","2026-08-08 23:57:51.811","2026-08-12 00:11:48.968","YgJtk6Ypn99","18378575","[PREMIUM]","[PREMIUM]","[PREMIUM]","221","Section 221","16",2,"[]","2026-10-01 00:00:00","electronic","exchange",0,"[PREMIUM]","2"
"YgJtk6YP6an","2026-08-08 23:57:51.811","2026-08-21 22:25:29.408","YgJtk6YP6an","18378575","[PREMIUM]","[PREMIUM]","[PREMIUM]","123","Section 123","3",2,"['5','6']","2026-09-30 00:00:00","electronic","exchange",2,"[PREMIUM]","2"
"agktlD7qnE6","2026-08-08 23:57:51.811","2026-08-15 00:09:02.903","agktlD7qnE6","18378575","[PREMIUM]","[PREMIUM]","[PREMIUM]","201","Section 201","10",7,"[]","2026-10-02 00:00:00","electronic","exchange",1,"[PREMIUM]","2,3,4,5,6,7"
"agktlD79A3J","2026-08-08 23:57:51.811","2026-08-15 00:09:02.903","agktlD79A3J","18378575","[PREMIUM]","[PREMIUM]","[PREMIUM]","201","Section 201","10",7,"[]","2026-10-02 00:00:00","electronic","exchange",2,"[PREMIUM]","1,2,3,4,5,6,7"
"agktlD7dqZa","2026-08-08 23:57:51.811","2026-08-21 22:25:29.408","agktlD7dqZa","18378575","[PREMIUM]","[PREMIUM]","[PREMIUM]","123","Section 123","5",2,"[]","2026-10-01 00:00:00","electronic","exchange",1,"[PREMIUM]","2"
"g48UrovLqDK","2026-08-08 23:57:51.811","2026-08-18 12:24:24.048","g48UrovLqDK","18378575","[PREMIUM]","[PREMIUM]","[PREMIUM]","215","Section 215","11",4,"[]","2026-10-02 00:00:00","electronic","exchange",2,"[PREMIUM]","1,2,3,4"
"g48Urow5nd6","2026-08-08 23:57:51.811","2026-08-13 14:41:51.861","g48Urow5nd6","18378575","[PREMIUM]","[PREMIUM]","[PREMIUM]","121","Section 121","15",3,"[]","2026-10-02 00:00:00","electronic","exchange",0,"[PREMIUM]","3"
"jDvsz7D9zdk","2026-08-08 23:57:51.811","2026-08-20 22:37:41.694","jDvsz7D9zdk","18378575","[PREMIUM]","[PREMIUM]","[PREMIUM]","116","Section 116","19",2,"[]","2026-10-01 00:00:00","electronic","exchange",0,"[PREMIUM]","2"
"kYet9437X7D","2026-08-08 23:57:51.811","2026-08-08 23:57:51.811","kYet9437X7D","18378575","[PREMIUM]","[PREMIUM]","[PREMIUM]","208","Section 208","14",5,"[]","2026-10-02 00:00:00","electronic","exchange",1,"[PREMIUM]","1,2,3,4,5"
"kYet9435mMO","2026-08-08 23:57:51.811","2026-08-13 14:41:51.861","kYet9435mMO","18378575","[PREMIUM]","[PREMIUM]","[PREMIUM]","121","Section 121","15",3,"[]","2026-10-02 00:00:00","electronic","exchange",0,"[PREMIUM]","3"
"kYet9433L3Z","2026-08-08 23:57:51.811","2026-08-13 14:41:51.861","kYet9433L3Z","18378575","[PREMIUM]","[PREMIUM]","[PREMIUM]","121","Section 121","14",7,"[]","2026-10-02 00:00:00","electronic","exchange",1,"[PREMIUM]","1,2,3,4,5,6,7"
"kYet943e8Gj","2026-08-08 23:57:51.811","2026-08-09 23:32:32.691","kYet943e8Gj","18378575","[PREMIUM]","[PREMIUM]","[PREMIUM]","118","Section 118","24",2,"[]","2026-10-02 00:00:00","electronic","exchange",0,"[PREMIUM]","2"
"kYet94ok6Gw","2026-08-08 23:57:51.811","2026-08-08 23:57:51.811","kYet94ok6Gw","18378575","[PREMIUM]","[PREMIUM]","[PREMIUM]","222","Section 222","9",2,"[]","2026-10-02 00:00:00","electronic","exchange",1,"[PREMIUM]","2"
"lxVsdL0nmlN","2026-08-08 23:57:51.811","2026-08-09 23:32:32.691","lxVsdL0nmlN","18378575","[PREMIUM]","[PREMIUM]","[PREMIUM]","104","Section 104","20",8,"[]","2026-10-02 00:00:00","electronic","exchange",1,"[PREMIUM]","1,2,3,4,5,6,8"
"lxVsdLB634w","2026-08-08 23:57:51.811","2026-08-08 23:57:51.811","lxVsdLB634w","18378575","[PREMIUM]","[PREMIUM]","[PREMIUM]","203","Section 203","16",2,"[]","2026-10-02 00:00:00","electronic","exchange",1,"[PREMIUM]","2"
"nx0srMmNl04","2026-08-08 23:57:51.811","2026-08-16 22:21:57.526","nx0srMmNl04","18378575","[PREMIUM]","[PREMIUM]","[PREMIUM]","215","Section 215","12",2,"[]","2026-10-01 00:00:00","electronic","exchange",0,"[PREMIUM]","2"
"oV7HbEORxak","2026-08-08 23:57:51.811","2026-08-18 12:24:24.048","oV7HbEORxak","18378575","[PREMIUM]","[PREMIUM]","[PREMIUM]","215","Section 215","11",4,"[]","2026-10-02 00:00:00","electronic","exchange",1,"[PREMIUM]","2,4"
"rVOHkRvN0lB","2026-08-08 23:57:51.811","2026-08-15 00:09:02.903","rVOHkRvN0lB","18378575","[PREMIUM]","[PREMIUM]","[PREMIUM]","222","Section 222","9",4,"[]","2026-10-01 00:00:00","electronic","exchange",0,"[PREMIUM]","4"
"rVOHkRvVYVq","2026-08-08 23:57:51.811","2026-08-10 22:33:19.999","rVOHkRvVYVq","18378575","[PREMIUM]","[PREMIUM]","[PREMIUM]","216","Section 216","4",4,"[]","2026-10-02 00:00:00","electronic","exchange",2,"[PREMIUM]","1,2,3,4"
"w3JsedvPr27","2026-08-08 23:57:51.811","2026-08-09 23:32:32.691","w3JsedvPr27","18378575","[PREMIUM]","[PREMIUM]","[PREMIUM]","104","Section 104","20",9,"[]","2026-10-02 00:00:00","electronic","exchange",1,"[PREMIUM]","1,2,3,4,5,6,7,8,9"
"w3JsedvZdzk","2026-08-08 23:57:51.811","2026-08-21 22:25:29.408","w3JsedvZdzk","18378575","[PREMIUM]","[PREMIUM]","[PREMIUM]","123","Section 123","5",2,"['5','6']","2026-09-30 00:00:00","electronic","exchange",2,"[PREMIUM]","2"
"xb9imBArdV7","2026-08-08 23:57:51.811","2026-08-13 14:41:51.861","xb9imBArdV7","18378575","[PREMIUM]","[PREMIUM]","[PREMIUM]","201","Section 201","10",7,"[]","2026-10-02 00:00:00","electronic","exchange",2,"[PREMIUM]","1,2,3,4,5,7"
"z3Es6qYj6kR","2026-08-08 23:57:51.811","2026-08-15 00:09:02.903","z3Es6qYj6kR","18378575","[PREMIUM]","[PREMIUM]","[PREMIUM]","201","Section 201","10",7,"[]","2026-10-02 00:00:00","electronic","exchange",1,"[PREMIUM]","2,3,4,5,6,7"
"2v0cz3648EM","2026-08-08 23:57:48.325","2026-08-21 22:25:26.248","2v0cz3648EM","18377107","[PREMIUM]","[PREMIUM]","[PREMIUM]","209","Section 209","4",2,"[]","2026-10-02 00:00:00","electronic","exchange",0,"[PREMIUM]","2"
"5EjuZ6oXJpG","2026-08-08 23:57:48.325","2026-08-21 22:25:26.248","5EjuZ6oXJpG","18377107","[PREMIUM]","[PREMIUM]","[PREMIUM]","232","Section 232","9",2,"[]","2026-10-02 00:00:00","electronic","exchange",0,"[PREMIUM]","2"
"8lKt6YXvjLk","2026-08-08 23:57:48.325","2026-08-21 22:25:26.248","8lKt6YXvjLk","18377107","[PREMIUM]","[PREMIUM]","[PREMIUM]","201","Section 201","2",4,"[]","2026-10-02 00:00:00","electronic","exchange",1,"[PREMIUM]","2,4"
"EroUXnwLabb","2026-08-08 23:57:48.325","2026-08-21 22:25:26.248","EroUXnwLabb","18377107","[PREMIUM]","[PREMIUM]","[PREMIUM]","207","Section 207","3",2,"[]","2026-10-02 00:00:00","electronic","exchange",0,"[PREMIUM]","2"
"GAaI62wzMK8","2026-08-08 23:57:48.325","2026-08-21 22:25:26.248","GAaI62wzMK8","18377107","[PREMIUM]","[PREMIUM]","[PREMIUM]","212","Section 212","3",2,"[]","2026-10-02 00:00:00","electronic","exchange",0,"[PREMIUM]","2"
"g48UrowNk0j","2026-08-08 23:57:48.325","2026-08-21 22:25:26.248","g48UrowNk0j","18377107","[PREMIUM]","[PREMIUM]","[PREMIUM]","212","Section 212","3",2,"['5','6']","2026-10-02 00:00:00","electronic","exchange",0,"[PREMIUM]","2"
"kYet943qVlz","2026-08-08 23:57:48.325","2026-08-21 22:25:26.248","kYet943qVlz","18377107","[PREMIUM]","[PREMIUM]","[PREMIUM]","109","Section 109","5",2,"['5','6']","2026-10-02 00:00:00","electronic","exchange",0,"[PREMIUM]","2"
"oV7HbEeN0gR","2026-08-08 23:57:48.325","2026-08-21 22:25:26.248","oV7HbEeN0gR","18377107","[PREMIUM]","[PREMIUM]","[PREMIUM]","207","Section 207","10",2,"['17','18']","2026-10-02 00:00:00","electronic","exchange",0,"[PREMIUM]","2"
"w3JsedvNpn4","2026-08-08 23:57:48.325","2026-08-21 22:25:26.248","w3JsedvNpn4","18377107","[PREMIUM]","[PREMIUM]","[PREMIUM]","130","Section 130","6",3,"['5','6','7']","2026-10-02 00:00:00","electronic","exchange",0,"[PREMIUM]","1,3"
"5EjuZ6ddbAG","2026-08-08 23:57:43.752","2026-08-21 22:25:22.863","5EjuZ6ddbAG","18372877","[PREMIUM]","[PREMIUM]","[PREMIUM]","Jets Signature","Jets Signature","package",4,"['21','22','23','24']","2026-09-28 00:00:00","shipped","exchange",7,"[PREMIUM]","1,2,3,4"
"8lKt6YjGDxA","2026-08-08 23:57:43.752","2026-08-10 22:33:09.339","8lKt6YjGDxA","18372877","[PREMIUM]","[PREMIUM]","[PREMIUM]","306","Section 306","5",2,"['14','15']","2026-08-10 00:00:00","electronic","exchange",1,"[PREMIUM]","2"
"NrqUv4YYlbJ","2026-08-08 23:57:43.752","2026-08-21 22:25:22.863","NrqUv4YYlbJ","18372877","[PREMIUM]","[PREMIUM]","[PREMIUM]","Upper Level","Upper Level","package",6,"['21','22','23','24','25','26']","2026-09-28 00:00:00","electronic","exchange",7,"[PREMIUM]","1,2,3,4,5,6"
"YgJtk6YYBr8","2026-08-08 23:57:43.752","2026-08-21 22:25:22.863","YgJtk6YYBr8","18372877","[PREMIUM]","[PREMIUM]","[PREMIUM]","Lower Level","Lower Level","package",6,"['21','22','23','24','25','26']","2026-09-28 00:00:00","electronic","exchange",7,"[PREMIUM]","1,2,3,4,5,6"
"Zm9hvwYYzMK","2026-08-08 23:57:43.752","2026-08-21 22:25:22.863","Zm9hvwYYzMK","18372877","[PREMIUM]","[PREMIUM]","[PREMIUM]","Jets Fan","Jets Fan","package",6,"['21','22','23','24','25','26']","2026-09-28 00:00:00","shipped","exchange",7,"[PREMIUM]","1,2,3,4,5,6"
"agktlDYY3q9","2026-08-08 23:57:43.752","2026-08-10 22:33:09.339","agktlDYY3q9","18372877","[PREMIUM]","[PREMIUM]","[PREMIUM]","Lower Premium","Lower Premium","package",4,"[]","2026-09-28 00:00:00","electronic","exchange",7,"[PREMIUM]","1,2,3,4"
"b4wUaGYYD0Z","2026-08-08 23:57:43.752","2026-08-21 22:25:22.863","b4wUaGYYD0Z","18372877","[PREMIUM]","[PREMIUM]","[PREMIUM]","Deluxe Hotel","Deluxe Hotel","package",4,"['21','22','23','24']","2026-09-25 00:00:00","electronic","exchange",7,"[PREMIUM]","2,4"
"oV7HbEee7Rq","2026-08-08 23:57:43.752","2026-08-10 22:33:09.339","oV7HbEee7Rq","18372877","[PREMIUM]","[PREMIUM]","[PREMIUM]","Lower Level","Lower Level","package",6,"[]","2026-09-28 00:00:00","electronic","exchange",7,"[PREMIUM]","1,2,3,4,5,6"
"pVXHDELLgbB","2026-08-08 23:57:43.752","2026-08-21 22:25:22.863","pVXHDELLgbB","18372877","[PREMIUM]","[PREMIUM]","[PREMIUM]","Lower Premium","Lower Premium","package",4,"['21','22','23','24']","2026-09-28 00:00:00","electronic","exchange",7,"[PREMIUM]","1,2,3,4"
"w3JsedvvJRx","2026-08-08 23:57:43.752","2026-08-10 22:33:09.339","w3JsedvvJRx","18372877","[PREMIUM]","[PREMIUM]","[PREMIUM]","Upper Level","Upper Level","package",6,"[]","2026-09-28 00:00:00","electronic","exchange",7,"[PREMIUM]","1,2,3,4,5,6"
"xb9imBggbGq","2026-08-08 23:57:43.752","2026-08-21 22:25:22.863","xb9imBggbGq","18372877","[PREMIUM]","[PREMIUM]","[PREMIUM]","Visitors Fan","Visitors Fan","package",6,"['21','22','23','24','25','26']","2026-09-28 00:00:00","shipped","exchange",7,"[PREMIUM]","1,2,3,4,5,6"
"86xjekj","2026-08-08 23:57:34.535","2026-08-18 12:20:41.964","86xjekj","18242271","[PREMIUM]","[PREMIUM]","[PREMIUM]","17","Section 17","5",2,"['7','8']",,"electronic","open_marketplace",0,"[PREMIUM]","2"
"GAaI62MRv2k","2026-08-08 23:57:34.535","2026-08-21 22:25:17.125","GAaI62MRv2k","18242271","[PREMIUM]","[PREMIUM]","[PREMIUM]","16","Section 16","21",2,"['12','13']","2026-07-16 00:00:00","electronic","exchange",1,"[PREMIUM]","2"
"PX0sgL60jLm","2026-08-08 23:57:34.535","2026-08-10 22:32:55.062","PX0sgL60jLm","18242271","[PREMIUM]","[PREMIUM]","[PREMIUM]","128","Section 128","15",2,"['1','2']","2026-07-16 00:00:00","electronic","exchange",0,"[PREMIUM]","2"
"ROXHzwJrBw6","2026-08-08 23:57:34.535","2026-08-10 22:32:55.062","ROXHzwJrBw6","18242271","[PREMIUM]","[PREMIUM]","[PREMIUM]","128","Section 128","19",6,"['6','7','8','9','10','11']","2026-07-16 00:00:00","electronic","exchange",0,"[PREMIUM]","2,4,6"
"Zm9hvwPD5wb","2026-08-08 23:57:34.535","2026-08-08 23:57:34.535","Zm9hvwPD5wb","18242271","[PREMIUM]","[PREMIUM]","[PREMIUM]","14","Section 14","13",2,"['1','2']","2026-07-16 00:00:00","electronic","exchange",0,"[PREMIUM]","2"
"o2ngve2","2026-08-08 23:57:34.535","2026-08-08 23:57:34.535","o2ngve2","18242271","[PREMIUM]","[PREMIUM]","[PREMIUM]","16","Section 16","17",2,"['3','4']",,"electronic","open_marketplace",2,"[PREMIUM]","2"
"pVXHDEZ3bEG","2026-08-08 23:57:34.535","2026-08-21 22:25:17.125","pVXHDEZ3bEG","18242271","[PREMIUM]","[PREMIUM]","[PREMIUM]","112","Section 112","9",2,"['1','2']","2026-07-16 00:00:00","electronic","exchange",0,"[PREMIUM]","2"
"3q7fNJojRMx","2026-08-08 23:57:28.327","2026-08-08 23:57:28.327","3q7fNJojRMx","18372901","[PREMIUM]","[PREMIUM]","[PREMIUM]","226","Section 226","12",9,"[]","2026-10-01 00:00:00","electronic","exchange",2,"[PREMIUM]","1,2,3,4,5,6,7,8,9"
"5EjuZ6ddO33","2026-08-08 23:57:28.327","2026-08-22 11:16:13.439","5EjuZ6ddO33","18372901","[PREMIUM]","[PREMIUM]","[PREMIUM]","223","Section 223","10",4,"['5','6','7','8']","2026-10-01 00:00:00","electronic","exchange",0,"[PREMIUM]","1,2,4"
"6mOhkAerv8j","2026-08-08 23:57:28.327","2026-08-15 22:30:53.013","6mOhkAerv8j","18372901","[PREMIUM]","[PREMIUM]","[PREMIUM]","224","Section 224","4",8,"[]","2026-09-30 00:00:00","electronic","exchange",4,"[PREMIUM]","1,2,3,4,5,6,7,8"
"6mOhkAe0jXq","2026-08-08 23:57:28.327","2026-08-22 11:16:13.439","6mOhkAe0jXq","18372901","[PREMIUM]","[PREMIUM]","[PREMIUM]","125","Section 125","7",4,"[]","2026-09-30 00:00:00","electronic","exchange",0,"[PREMIUM]","2,4"
"7KntAl237m5","2026-08-08 23:57:28.327","2026-08-12 23:59:51.265","7KntAl237m5","18372901","[PREMIUM]","[PREMIUM]","[PREMIUM]","224","Section 224","11",2,"[]","2026-09-30 00:00:00","electronic","exchange",1,"[PREMIUM]","2"
"8lKt6YjJR8L","2026-08-08 23:57:28.327","2026-08-12 23:59:51.265","8lKt6YjJR8L","18372901","[PREMIUM]","[PREMIUM]","[PREMIUM]","102","Section 102","19",3,"[]","2026-09-30 00:00:00","electronic","exchange",1,"[PREMIUM]","3"
"9P2c5q0mVRE","2026-08-08 23:57:28.327","2026-08-19 09:43:44.847","9P2c5q0mVRE","18372901","[PREMIUM]","[PREMIUM]","[PREMIUM]","202","Section 202","6",4,"[]","2026-10-01 00:00:00","electronic","exchange",5,"[PREMIUM]","1,2,3,4"
"9P2c5q0Jknp","2026-08-08 23:57:28.327","2026-08-22 11:16:13.439","9P2c5q0Jknp","18372901","[PREMIUM]","[PREMIUM]","[PREMIUM]","101","Section 101","27",8,"[]","2026-10-01 00:00:00","electronic","exchange",2,"[PREMIUM]","1,2,3,4,5,6,7,8"
"DdwHkO0pqbo","2026-08-08 23:57:28.327","2026-08-12 23:59:51.265","DdwHkO0pqbo","18372901","[PREMIUM]","[PREMIUM]","[PREMIUM]","101","Section 101","23",2,"[]","2026-09-30 00:00:00","electronic","exchange",1,"[PREMIUM]","2"
"EroUXnYMjR2","2026-08-08 23:57:28.327","2026-08-12 23:59:51.265","EroUXnYMjR2","18372901","[PREMIUM]","[PREMIUM]","[PREMIUM]","M16","Mezzanine 16","3",2,"[]","2026-09-30 00:00:00","electronic","exchange",1,"[PREMIUM]","2"
"EroUXnavrgP","2026-08-08 23:57:28.327","2026-08-22 11:16:13.439","EroUXnavrgP","18372901","[PREMIUM]","[PREMIUM]","[PREMIUM]","224","Section 224","4",8,"[]","2026-10-01 00:00:00","electronic","exchange",2,"[PREMIUM]","1,2,3,4,5,6,7,8"
"JABI390pzb6","2026-08-08 23:57:28.327","2026-08-09 23:30:10.719","JABI390pzb6","18372901","[PREMIUM]","[PREMIUM]","[PREMIUM]","117","Section 117","21",4,"[]","2026-09-30 00:00:00","electronic","exchange",3,"[PREMIUM]","1,2,3,4"
"NrqUv4YYqPw","2026-08-08 23:57:28.327","2026-08-10 22:33:07.369","NrqUv4YYqPw","18372901","[PREMIUM]","[PREMIUM]","[PREMIUM]","212","Section 212","8",2,"['1','2']","2026-10-01 00:00:00","electronic","exchange",0,"[PREMIUM]","2"
"O7AhwrYGoXR","2026-08-08 23:57:28.327","2026-08-10 22:33:07.369","O7AhwrYGoXR","18372901","[PREMIUM]","[PREMIUM]","[PREMIUM]","210","Section 210","10",4,"[]","2026-09-30 00:00:00","electronic","exchange",2,"[PREMIUM]","4"
"PX0sgL6wdKl","2026-08-08 23:57:28.327","2026-08-19 09:43:44.847","PX0sgL6wdKl","18372901","[PREMIUM]","[PREMIUM]","[PREMIUM]","224","Section 224","4",11,"[]","2026-10-01 00:00:00","electronic","exchange",4,"[PREMIUM]","1,2,3,4,5,6,7,8,9,10,11"
"PX0sgLYP2ep","2026-08-08 23:57:28.327","2026-08-12 23:59:51.265","PX0sgLYP2ep","18372901","[PREMIUM]","[PREMIUM]","[PREMIUM]","M12","Mezzanine 12","4",2,"[]","2026-09-30 00:00:00","electronic","exchange",1,"[PREMIUM]","2"
"PX0sgLYYjJj","2026-08-08 23:57:28.327","2026-08-22 11:16:13.439","PX0sgLYYjJj","18372901","[PREMIUM]","[PREMIUM]","[PREMIUM]","107","Section 107","17",3,"['5','6','7']","2026-10-01 00:00:00","electronic","exchange",0,"[PREMIUM]","1,3"
"ROXHzwYYBpa","2026-08-08 23:57:28.327","2026-08-22 11:16:13.439","ROXHzwYYBpa","18372901","[PREMIUM]","[PREMIUM]","[PREMIUM]","112","Section 112","9",2,"['9','10']","2026-10-01 00:00:00","electronic","exchange",3,"[PREMIUM]","2"
"ROXHzwYmd8x","2026-08-08 23:57:28.327","2026-08-12 23:59:51.265","ROXHzwYmd8x","18372901","[PREMIUM]","[PREMIUM]","[PREMIUM]","M7","Mezzanine 7","4",2,"[]","2026-09-30 00:00:00","electronic","exchange",1,"[PREMIUM]","2"
"V4KU0Mx2Pod","2026-08-08 23:57:28.327","2026-08-12 23:59:51.265","V4KU0Mx2Pod","18372901","[PREMIUM]","[PREMIUM]","[PREMIUM]","M33","Mezzanine 33","4",4,"[]","2026-09-30 00:00:00","electronic","exchange",1,"[PREMIUM]","4"
"V4KU0Mx2P74","2026-08-08 23:57:28.327","2026-08-12 23:59:51.265","V4KU0Mx2P74","18372901","[PREMIUM]","[PREMIUM]","[PREMIUM]","223","Section 223","11",2,"[]","2026-09-30 00:00:00","electronic","exchange",1,"[PREMIUM]","2"
"V4KU0MxaJ6N","2026-08-08 23:57:28.327","2026-08-19 09:43:44.847","V4KU0MxaJ6N","18372901","[PREMIUM]","[PREMIUM]","[PREMIUM]","112","Section 112","21",6,"[]","2026-10-01 00:00:00","electronic","exchange",4,"[PREMIUM]","1,2,3,4,5,6"
"YgJtk6Y2GO3","2026-08-08 23:57:28.327","2026-08-12 23:59:51.265","YgJtk6Y2GO3","18372901","[PREMIUM]","[PREMIUM]","[PREMIUM]","103","Section 103","23",4,"[]","2026-09-30 00:00:00","electronic","exchange",1,"[PREMIUM]","4"
"YgJtk6YY7NG","2026-08-08 23:57:28.327","2026-08-22 11:16:13.439","YgJtk6YY7NG","18372901","[PREMIUM]","[PREMIUM]","[PREMIUM]","223","Section 223","10",5,"['15','16','17','18','19']","2026-10-01 00:00:00","electronic","exchange",0,"[PREMIUM]","1,2,3,5"
"Zm9hvwPZk5k","2026-08-08 23:57:28.327","2026-08-10 22:33:07.369","Zm9hvwPZk5k","18372901","[PREMIUM]","[PREMIUM]","[PREMIUM]","117","Section 117","21",4,"[]","2026-10-01 00:00:00","electronic","exchange",2,"[PREMIUM]","1,2,3,4"
"Zm9hvwYE4aE","2026-08-08 23:57:28.327","2026-08-12 23:59:51.265","Zm9hvwYE4aE","18372901","[PREMIUM]","[PREMIUM]","[PREMIUM]","226","Section 226","10",4,"[]","2026-09-30 00:00:00","electronic","exchange",0,"[PREMIUM]","4"
"b4wUaGYYxBB","2026-08-08 23:57:28.327","2026-08-22 11:16:13.439","b4wUaGYYxBB","18372901","[PREMIUM]","[PREMIUM]","[PREMIUM]","211","Section 211","9",4,"['15','16','17','18']","2026-10-01 00:00:00","electronic","exchange",0,"[PREMIUM]","1,2,4"
"dNgUg6YYwXd","2026-08-08 23:57:28.327","2026-08-22 11:16:13.439","dNgUg6YYwXd","18372901","[PREMIUM]","[PREMIUM]","[PREMIUM]","117","Section 117","9",2,"['4','5']","2026-10-01 00:00:00","electronic","exchange",0,"[PREMIUM]","2"
"g48Urovzjb3","2026-08-08 23:57:28.327","2026-08-09 23:30:10.719","g48Urovzjb3","18372901","[PREMIUM]","[PREMIUM]","[PREMIUM]","117","Section 117","21",4,"[]","2026-09-30 00:00:00","electronic","exchange",2,"[PREMIUM]","1,2,3,4"
"kYet943ARDZ","2026-08-08 23:57:28.327","2026-08-12 23:59:51.265","kYet943ARDZ","18372901","[PREMIUM]","[PREMIUM]","[PREMIUM]","211","Section 211","9",2,"[]","2026-09-30 00:00:00","electronic","exchange",1,"[PREMIUM]","2"
"kYet94okKKl","2026-08-08 23:57:28.327","2026-08-10 22:33:07.369","kYet94okKKl","18372901","[PREMIUM]","[PREMIUM]","[PREMIUM]","117","Section 117","21",4,"[]","2026-10-01 00:00:00","electronic","exchange",2,"[PREMIUM]","1,2,3,4"
"mxAs4YllRmM","2026-08-08 23:57:28.327","2026-08-22 11:16:13.439","mxAs4YllRmM","18372901","[PREMIUM]","[PREMIUM]","[PREMIUM]","119","Section 119","17",4,"['3','4','5','6']","2026-10-01 00:00:00","electronic","exchange",0,"[PREMIUM]","1,2,4"
"pVXHDELLABD","2026-08-08 23:57:28.327","2026-08-12 00:13:52.435","pVXHDELLABD","18372901","[PREMIUM]","[PREMIUM]","[PREMIUM]","223","Section 223","11",4,"['7','8','9','10']","2026-10-01 00:00:00","electronic","exchange",0,"[PREMIUM]","1,2,4"
"qVjH2VzAVEj","2026-08-08 23:57:28.327","2026-08-15 22:30:53.013","qVjH2VzAVEj","18372901","[PREMIUM]","[PREMIUM]","[PREMIUM]","224","Section 224","4",15,"[]","2026-10-01 00:00:00","electronic","exchange",3,"[PREMIUM]","1,2,3,4,5,6,7,8,9,10,11,12,13,14,15"
"rVOHkRgKk3Z","2026-08-08 23:57:28.327","2026-08-19 09:43:44.847","rVOHkRgKk3Z","18372901","[PREMIUM]","[PREMIUM]","[PREMIUM]","112","Section 112","21",6,"[]","2026-09-30 00:00:00","electronic","exchange",5,"[PREMIUM]","1,2,3,4,5,6"
"rVOHkRvP4Bp","2026-08-08 23:57:28.327","2026-08-12 23:59:51.265","rVOHkRvP4Bp","18372901","[PREMIUM]","[PREMIUM]","[PREMIUM]","103","Section 103","20",2,"[]","2026-09-30 00:00:00","electronic","exchange",1,"[PREMIUM]","2"
"w3JsedvVzBb","2026-08-08 23:57:28.327","2026-08-19 09:43:44.847","w3JsedvVzBb","18372901","[PREMIUM]","[PREMIUM]","[PREMIUM]","112","Section 112","21",6,"[]","2026-09-30 00:00:00","electronic","exchange",5,"[PREMIUM]","1,2,3,4,5,6"
"w3Jsedvbom9","2026-08-08 23:57:28.327","2026-08-12 23:59:51.265","w3Jsedvbom9","18372901","[PREMIUM]","[PREMIUM]","[PREMIUM]","217","Section 217","10",4,"[]","2026-09-30 00:00:00","electronic","exchange",1,"[PREMIUM]","4"
"z3Es6qYPR9L","2026-08-08 23:57:28.327","2026-08-08 23:57:28.327","z3Es6qYPR9L","18372901","[PREMIUM]","[PREMIUM]","[PREMIUM]","106","Section 106","12",10,"[]","2026-10-01 00:00:00","electronic","exchange",3,"[PREMIUM]","1,2,3,4,5,6,7,8,9,10"
"05VT8Kawvoe","2026-08-08 23:55:07.752","2026-08-12 00:09:44.830","05VT8Kawvoe","18372966","[PREMIUM]","[PREMIUM]","[PREMIUM]","114","Section 114","5",3,"[]","2026-09-30 00:00:00","electronic","exchange",1,"[PREMIUM]","1,2,3"
"2v0cz38nwb9","2026-08-08 23:55:07.752","2026-08-21 22:25:13.318","2v0cz38nwb9","18372966","[PREMIUM]","[PREMIUM]","[PREMIUM]","101","Section 101","17",2,"[]","2026-09-29 00:00:00","electronic","exchange",1,"[PREMIUM]","2"
"4vXcj9zZ5ER","2026-08-08 23:55:07.752","2026-08-19 09:41:45.496","4vXcj9zZ5ER","18372966","[PREMIUM]","[PREMIUM]","[PREMIUM]","101","Section 101","24",7,"[]","2026-09-30 00:00:00","electronic","exchange",2,"[PREMIUM]","2,3,4,5,6,7"
"6mOhkAeNvpJ","2026-08-08 23:55:07.752","2026-08-09 09:57:42.427","6mOhkAeNvpJ","18372966","[PREMIUM]","[PREMIUM]","[PREMIUM]","109","Section 109","3",2,"[]","2026-09-30 00:00:00","electronic","exchange",3,"[PREMIUM]","2"
"6mOhkAjp6LJ","2026-08-08 23:55:07.752","2026-08-10 22:32:56.607","6mOhkAjp6LJ","18372966","[PREMIUM]","[PREMIUM]","[PREMIUM]","116","Section 116","3",2,"[]","2026-09-30 00:00:00","electronic","exchange",2,"[PREMIUM]","2"
"7KntAlVdxPG","2026-08-08 23:55:07.752","2026-08-12 23:57:33.758","7KntAlVdxPG","18372966","[PREMIUM]","[PREMIUM]","[PREMIUM]","115","Section 115","7",7,"[]","2026-09-30 00:00:00","electronic","exchange",0,"[PREMIUM]","1,2,3,4,5,6,7"
"7KntAlVdXjZ","2026-08-08 23:55:07.752","2026-08-13 23:01:06.896","7KntAlVdXjZ","18372966","[PREMIUM]","[PREMIUM]","[PREMIUM]","123","Section 123","5",2,"[]","2026-09-30 00:00:00","electronic","exchange",1,"[PREMIUM]","2"
"8lKt6YA93O3","2026-08-08 23:55:07.752","2026-08-21 22:25:13.318","8lKt6YA93O3","18372966","[PREMIUM]","[PREMIUM]","[PREMIUM]","204","Section 204","4",2,"['11','12']","2026-09-28 00:00:00","electronic","exchange",5,"[PREMIUM]","2"
"9P2c5q0YBdd","2026-08-08 23:55:07.752","2026-08-10 22:32:56.607","9P2c5q0YBdd","18372966","[PREMIUM]","[PREMIUM]","[PREMIUM]","120","Section 120","20",3,"[]","2026-09-30 00:00:00","electronic","exchange",2,"[PREMIUM]","1,2,3"
"9P2c5q0Y7wx","2026-08-08 23:55:07.752","2026-08-18 12:26:36.765","9P2c5q0Y7wx","18372966","[PREMIUM]","[PREMIUM]","[PREMIUM]","107","Section 107","23",2,"[]","2026-09-30 00:00:00","electronic","exchange",1,"[PREMIUM]","2"
"9P2c5q0Y7ON","2026-08-08 23:55:07.752","2026-08-09 09:57:42.427","9P2c5q0Y7ON","18372966","[PREMIUM]","[PREMIUM]","[PREMIUM]","103","Section 103","7",4,"[]","2026-09-30 00:00:00","electronic","exchange",0,"[PREMIUM]","1,2,3,4"
"A6rs27MeKPe","2026-08-08 23:55:07.752","2026-08-12 23:57:33.758","A6rs27MeKPe","18372966","[PREMIUM]","[PREMIUM]","[PREMIUM]","109","Section 109","15",6,"[]","2026-09-30 00:00:00","electronic","exchange",2,"[PREMIUM]","1,2,3,4,5,6"
"A6rs27MomwB","2026-08-08 23:55:07.752","2026-08-12 23:57:33.758","A6rs27MomwB","18372966","[PREMIUM]","[PREMIUM]","[PREMIUM]","128","Section 128","5",7,"[]","2026-09-30 00:00:00","electronic","exchange",0,"[PREMIUM]","1,2,3,4,5,6,7"
"A6rs27vw3RA","2026-08-08 23:55:07.752","2026-08-21 22:25:13.318","A6rs27vw3RA","18372966","[PREMIUM]","[PREMIUM]","[PREMIUM]","121","Section 121","1",2,"['7','8']","2026-09-30 00:00:00","electronic","exchange",1,"[PREMIUM]","2"
"EroUXnavRw0","2026-08-08 23:55:07.752","2026-08-18 12:26:36.765","EroUXnavRw0","18372966","[PREMIUM]","[PREMIUM]","[PREMIUM]","116","Section 116","7",4,"[]","2026-09-30 00:00:00","electronic","exchange",1,"[PREMIUM]","1,2,3,4"
"EroUXnav4ad","2026-08-08 23:55:07.752","2026-08-18 12:26:36.765","EroUXnav4ad","18372966","[PREMIUM]","[PREMIUM]","[PREMIUM]","123","Section 123","17",2,"[]","2026-09-30 00:00:00","electronic","exchange",1,"[PREMIUM]","2"
"EroUXnav47R","2026-08-08 23:55:07.752","2026-08-13 23:01:06.896","EroUXnav47R","18372966","[PREMIUM]","[PREMIUM]","[PREMIUM]","104","Section 104","15",5,"[]","2026-09-30 00:00:00","electronic","exchange",1,"[PREMIUM]","1,2,3,4,5"
"GAaI62MdmjN","2026-08-08 23:55:07.752","2026-08-16 22:21:42.446","GAaI62MdmjN","18372966","[PREMIUM]","[PREMIUM]","[PREMIUM]","117","Section 117","12",2,"[]","2026-09-30 00:00:00","electronic","exchange",1,"[PREMIUM]","2"
"JABI3907GNR","2026-08-08 23:55:07.752","2026-08-09 09:57:42.427","JABI3907GNR","18372966","[PREMIUM]","[PREMIUM]","[PREMIUM]","109","Section 109","23",2,"[]","2026-09-30 00:00:00","electronic","exchange",5,"[PREMIUM]","2"
"JABI390Xb9G","2026-08-08 23:55:07.752","2026-08-09 09:57:42.427","JABI390Xb9G","18372966","[PREMIUM]","[PREMIUM]","[PREMIUM]","102","Section 102","3",2,"[]","2026-09-30 00:00:00","electronic","exchange",2,"[PREMIUM]","2"
"Kezcz6EjLDV","2026-08-08 23:55:07.752","2026-08-12 23:57:33.758","Kezcz6EjLDV","18372966","[PREMIUM]","[PREMIUM]","[PREMIUM]","101","Section 101","17",2,"[]","2026-09-30 00:00:00","electronic","exchange",1,"[PREMIUM]","2"
"LbviLEY5A9L","2026-08-08 23:55:07.752","2026-08-12 23:57:33.758","LbviLEY5A9L","18372966","[PREMIUM]","[PREMIUM]","[PREMIUM]","123","Section 123","17",2,"[]","2026-09-30 00:00:00","electronic","exchange",2,"[PREMIUM]","2"
"MAeIPlr6o9a","2026-08-08 23:55:07.752","2026-08-15 00:08:11.774","MAeIPlr6o9a","18372966","[PREMIUM]","[PREMIUM]","[PREMIUM]","121","Section 121","4",2,"[]","2026-09-30 00:00:00","electronic","exchange",1,"[PREMIUM]","2"
"NrqUv4dAzXA","2026-08-08 23:55:07.752","2026-08-12 23:57:33.758","NrqUv4dAzXA","18372966","[PREMIUM]","[PREMIUM]","[PREMIUM]","118","Section 118","19",3,"[]","2026-09-30 00:00:00","electronic","exchange",0,"[PREMIUM]","1,2,3"
"O7AhwrVNXZn","2026-08-08 23:55:07.752","2026-08-18 12:26:36.765","O7AhwrVNXZn","18372966","[PREMIUM]","[PREMIUM]","[PREMIUM]","124","Section 124","5",3,"[]","2026-09-30 00:00:00","electronic","exchange",1,"[PREMIUM]","1,2,3"
"ROXHzwJOrPr","2026-08-08 23:55:07.752","2026-08-16 22:21:42.446","ROXHzwJOrPr","18372966","[PREMIUM]","[PREMIUM]","[PREMIUM]","127","Section 127","9",2,"[]","2026-09-30 00:00:00","electronic","exchange",1,"[PREMIUM]","2"
"V4KU0MEXXZm","2026-08-08 23:55:07.752","2026-08-13 23:01:06.896","V4KU0MEXXZm","18372966","[PREMIUM]","[PREMIUM]","[PREMIUM]","102","Section 102","8",4,"[]","2026-09-30 00:00:00","electronic","exchange",1,"[PREMIUM]","1,2,3,4"
"X03tKjNMpMK","2026-08-08 23:55:07.752","2026-08-12 23:57:33.758","X03tKjNMpMK","18372966","[PREMIUM]","[PREMIUM]","[PREMIUM]","107","Section 107","15",5,"[]","2026-09-30 00:00:00","electronic","exchange",2,"[PREMIUM]","1,2,3,4,5"
"YgJtk6Kel8k","2026-08-08 23:55:07.752","2026-08-09 09:57:42.427","YgJtk6Kel8k","18372966","[PREMIUM]","[PREMIUM]","[PREMIUM]","115","Section 115","22",5,"[]","2026-09-30 00:00:00","electronic","exchange",1,"[PREMIUM]","1,2,3,4,5"
"Zm9hvwPDPx3","2026-08-08 23:55:07.752","2026-08-21 22:25:13.318","Zm9hvwPDPx3","18372966","[PREMIUM]","[PREMIUM]","[PREMIUM]","101","Section 101","17",2,"['14','15']","2026-09-28 00:00:00","electronic","exchange",1,"[PREMIUM]","2"
"b4wUaGvMMbZ","2026-08-08 23:55:07.752","2026-08-18 12:26:36.765","b4wUaGvMMbZ","18372966","[PREMIUM]","[PREMIUM]","[PREMIUM]","101","Section 101","11",6,"[]","2026-09-30 00:00:00","electronic","exchange",1,"[PREMIUM]","1,2,3,4,5,6"
"dNgUg6N37p6","2026-08-08 23:55:07.752","2026-08-12 00:09:44.830","dNgUg6N37p6","18372966","[PREMIUM]","[PREMIUM]","[PREMIUM]","202","Section 202","16",4,"[]","2026-09-30 00:00:00","electronic","exchange",2,"[PREMIUM]","1,2,3,4"
"eeacK2XJg3J","2026-08-08 23:55:07.752","2026-08-16 22:21:42.446","eeacK2XJg3J","18372966","[PREMIUM]","[PREMIUM]","[PREMIUM]","126","Section 126","13",2,"[]","2026-09-30 00:00:00","electronic","exchange",1,"[PREMIUM]","2"
"g48UrovMpkn","2026-08-08 23:55:07.752","2026-08-18 12:26:36.765","g48UrovMpkn","18372966","[PREMIUM]","[PREMIUM]","[PREMIUM]","101","Section 101","24",7,"[]","2026-09-30 00:00:00","electronic","exchange",2,"[PREMIUM]","1,2,3,4,5,6,7"
"g48UrovMpAv","2026-08-08 23:55:07.752","2026-08-16 22:21:42.446","g48UrovMpAv","18372966","[PREMIUM]","[PREMIUM]","[PREMIUM]","110","Section 110","12",4,"[]","2026-09-30 00:00:00","electronic","exchange",0,"[PREMIUM]","1,2,3,4"
"jDvsz7DxPP7","2026-08-08 23:55:07.752","2026-08-09 09:57:42.427","jDvsz7DxPP7","18372966","[PREMIUM]","[PREMIUM]","[PREMIUM]","115","Section 115","22",4,"[]","2026-09-30 00:00:00","electronic","exchange",1,"[PREMIUM]","1,2,3,4"
"kYet94o0jX5","2026-08-08 23:55:07.752","2026-08-13 23:01:06.896","kYet94o0jX5","18372966","[PREMIUM]","[PREMIUM]","[PREMIUM]","101","Section 101","24",7,"[]","2026-09-30 00:00:00","electronic","exchange",2,"[PREMIUM]","1,2,3,4,5,7"
"lxVsdLBl4A9","2026-08-08 23:55:07.752","2026-08-19 09:41:45.496","lxVsdLBl4A9","18372966","[PREMIUM]","[PREMIUM]","[PREMIUM]","101","Section 101","24",7,"[]","2026-09-30 00:00:00","electronic","exchange",3,"[PREMIUM]","1,2,3,4,5,6,7"
"lxVsdLBkOXP","2026-08-08 23:55:07.752","2026-08-18 12:26:36.765","lxVsdLBkOXP","18372966","[PREMIUM]","[PREMIUM]","[PREMIUM]","116","Section 116","3",2,"[]","2026-09-30 00:00:00","electronic","exchange",1,"[PREMIUM]","2"
"mxAs4YG9eN5","2026-08-08 23:55:07.752","2026-08-18 12:26:36.765","mxAs4YG9eN5","18372966","[PREMIUM]","[PREMIUM]","[PREMIUM]","121","Section 121","14",3,"[]","2026-09-30 00:00:00","electronic","exchange",1,"[PREMIUM]","1,2,3"
"oV7HbEOxBKP","2026-08-08 23:55:07.752","2026-08-13 23:01:06.896","oV7HbEOxBKP","18372966","[PREMIUM]","[PREMIUM]","[PREMIUM]","106","Section 106","11",8,"[]","2026-09-30 00:00:00","electronic","exchange",1,"[PREMIUM]","1,2,3,4,5,6,7,8"
"oV7HbEOM227","2026-08-08 23:55:07.752","2026-08-19 09:41:45.496","oV7HbEOM227","18372966","[PREMIUM]","[PREMIUM]","[PREMIUM]","101","Section 101","24",7,"[]","2026-09-29 00:00:00","electronic","exchange",4,"[PREMIUM]","1,2,3,4,5,6,7"
"pVXHDEZVoPP","2026-08-08 23:55:07.752","2026-08-09 09:57:42.427","pVXHDEZVoPP","18372966","[PREMIUM]","[PREMIUM]","[PREMIUM]","116","Section 116","1",2,"[]","2026-09-30 00:00:00","electronic","exchange",1,"[PREMIUM]","2"
"pVXHDEZVo0o","2026-08-08 23:55:07.752","2026-08-13 23:01:06.896","pVXHDEZVo0o","18372966","[PREMIUM]","[PREMIUM]","[PREMIUM]","128","Section 128","25",2,"[]","2026-09-30 00:00:00","electronic","exchange",1,"[PREMIUM]","2"
"rVOHkRv0Pg8","2026-08-08 23:55:07.752","2026-08-09 09:57:42.427","rVOHkRv0Pg8","18372966","[PREMIUM]","[PREMIUM]","[PREMIUM]","123","Section 123","18",2,"[]","2026-09-30 00:00:00","electronic","exchange",2,"[PREMIUM]","2"
"w3JsedBxLvb","2026-08-08 23:55:07.752","2026-08-18 12:26:36.765","w3JsedBxLvb","18372966","[PREMIUM]","[PREMIUM]","[PREMIUM]","120","Section 120","5",3,"[]","2026-09-30 00:00:00","electronic","exchange",1,"[PREMIUM]","1,2,3"
"w3JsedBx3pJ","2026-08-08 23:55:07.752","2026-08-16 22:21:42.446","w3JsedBx3pJ","18372966","[PREMIUM]","[PREMIUM]","[PREMIUM]","109","Section 109","16",4,"[]","2026-09-30 00:00:00","electronic","exchange",1,"[PREMIUM]","1,2,3,4"
"w3JsedvP4g4","2026-08-08 23:55:07.752","2026-08-16 22:21:42.446","w3JsedvP4g4","18372966","[PREMIUM]","[PREMIUM]","[PREMIUM]","101","Section 101","16",3,"[]","2026-09-29 00:00:00","electronic","exchange",0,"[PREMIUM]","3"
"xb9imBALR5O","2026-08-08 23:55:07.752","2026-08-10 22:32:56.607","xb9imBALR5O","18372966","[PREMIUM]","[PREMIUM]","[PREMIUM]","227","Section 227","9",2,"['1','2']","2026-09-30 00:00:00","electronic","exchange",0,"[PREMIUM]","2"
"05VT8KOX0Ng","2026-08-08 23:54:34.853","2026-08-22 11:13:33.426","05VT8KOX0Ng","18372899","[PREMIUM]","[PREMIUM]","[PREMIUM]","102","Section 102","q",2,"[]","2026-09-29 00:00:00","electronic","exchange",1,"[PREMIUM]","2"
"2v0cz3rRmE6","2026-08-08 23:54:34.853","2026-08-13 23:01:02.745","2v0cz3rRmE6","18372899","[PREMIUM]","[PREMIUM]","[PREMIUM]","105","Section 105","p",7,"[]","2026-09-30 00:00:00","electronic","exchange",3,"[PREMIUM]","1,2,3,4,5,6,7"
"3q7fNJoPEGB","2026-08-08 23:54:34.853","2026-08-12 23:59:52.524","3q7fNJoPEGB","18372899","[PREMIUM]","[PREMIUM]","[PREMIUM]","119","Section 119","jj",5,"['3','4','5','6','7']","2026-09-29 00:00:00","electronic","exchange",0,"[PREMIUM]","1,2,3,5"
"3q7fNJoobdG","2026-08-08 23:54:34.853","2026-08-22 11:13:33.426","3q7fNJoobdG","18372899","[PREMIUM]","[PREMIUM]","[PREMIUM]","203","Section 203","d",2,"['7','8']","2026-09-29 00:00:00","electronic","exchange",0,"[PREMIUM]","2"
"3q7fNJoPElN","2026-08-08 23:54:34.853","2026-08-22 11:13:33.426","3q7fNJoPElN","18372899","[PREMIUM]","[PREMIUM]","[PREMIUM]","112","Section 112","s",4,"['4','5','6','7']","2026-09-29 00:00:00","electronic","exchange",0,"[PREMIUM]","2,4"
"3q7fNJo2EDn","2026-08-08 23:54:34.853","2026-08-22 11:13:33.426","3q7fNJo2EDn","18372899","[PREMIUM]","[PREMIUM]","[PREMIUM]","103","Section 103","t",3,"[]","2026-09-29 00:00:00","electronic","exchange",1,"[PREMIUM]","3"
"4vXcj90qpbG","2026-08-08 23:54:34.853","2026-08-08 23:54:34.853","4vXcj90qpbG","18372899","[PREMIUM]","[PREMIUM]","[PREMIUM]","106","Section 106","h",3,"[]","2026-09-30 00:00:00","electronic","exchange",2,"[PREMIUM]","1,2,3"
"4vXcj904lk9","2026-08-08 23:54:34.853","2026-08-22 11:13:33.426","4vXcj904lk9","18372899","[PREMIUM]","[PREMIUM]","[PREMIUM]","101","Section 101","m",4,"['3','4','5','6']","2026-09-29 00:00:00","electronic","exchange",0,"[PREMIUM]","2,4"
"5EjuZ6d7936","2026-08-08 23:54:34.853","2026-08-13 23:01:02.745","5EjuZ6d7936","18372899","[PREMIUM]","[PREMIUM]","[PREMIUM]","101","Section 101","nn",3,"[]","2026-09-30 00:00:00","electronic","exchange",2,"[PREMIUM]","1,2,3"
"5EjuZ6d94gq","2026-08-08 23:54:34.853","2026-08-22 11:13:33.426","5EjuZ6d94gq","18372899","[PREMIUM]","[PREMIUM]","[PREMIUM]","101","Section 101","r",4,"['23','24','25','26']","2026-09-29 00:00:00","electronic","exchange",0,"[PREMIUM]","2,4"
"5EjuZ6d94An","2026-08-08 23:54:34.853","2026-08-22 11:13:33.426","5EjuZ6d94An","18372899","[PREMIUM]","[PREMIUM]","[PREMIUM]","117","Section 117","e",4,"['8','9','10','11']","2026-09-29 00:00:00","electronic","exchange",0,"[PREMIUM]","2,4"
"5EjuZ6vaxX0","2026-08-08 23:54:34.853","2026-08-10 22:33:01.108","5EjuZ6vaxX0","18372899","[PREMIUM]","[PREMIUM]","[PREMIUM]","222","Section 222","c",1,"[]","2026-09-30 00:00:00","electronic","exchange",3,"[PREMIUM]","1"
"6mOhkAjxnxw","2026-08-08 23:54:34.853","2026-08-09 23:29:58.791","6mOhkAjxnxw","18372899","[PREMIUM]","[PREMIUM]","[PREMIUM]","121","Section 121","hh",4,"[]","2026-09-29 00:00:00","electronic","exchange",0,"[PREMIUM]","2,4"
"7KntAl2Z0Ga","2026-08-08 23:54:34.853","2026-08-12 00:09:48.772","7KntAl2Z0Ga","18372899","[PREMIUM]","[PREMIUM]","[PREMIUM]","110","Section 110","n",2,"[]","2026-09-29 00:00:00","electronic","exchange",1,"[PREMIUM]","2"
"7KntAl2oadl","2026-08-08 23:54:34.853","2026-08-22 11:13:33.426","7KntAl2oadl","18372899","[PREMIUM]","[PREMIUM]","[PREMIUM]","105","Section 105","h",2,"[]","2026-09-29 00:00:00","electronic","exchange",0,"[PREMIUM]","2"
"8lKt6YjDgdq","2026-08-08 23:54:34.853","2026-08-08 23:54:34.853","8lKt6YjDgdq","18372899","[PREMIUM]","[PREMIUM]","[PREMIUM]","106","Section 106","h",3,"[]","2026-09-30 00:00:00","electronic","exchange",2,"[PREMIUM]","1,2,3"
"8lKt6Yjdo5w","2026-08-08 23:54:34.853","2026-08-12 23:59:52.524","8lKt6Yjdo5w","18372899","[PREMIUM]","[PREMIUM]","[PREMIUM]","115","Section 115","u",2,"[]","2026-09-29 00:00:00","electronic","exchange",0,"[PREMIUM]","2"
"8lKt6Yj2oK0","2026-08-08 23:54:34.853","2026-08-20 22:37:24.256","8lKt6Yj2oK0","18372899","[PREMIUM]","[PREMIUM]","[PREMIUM]","104","Section 104","u",4,"['15','16','17','18']","2026-09-29 00:00:00","electronic","exchange",0,"[PREMIUM]","2,4"
"8lKt6Yj2p3n","2026-08-08 23:54:34.853","2026-08-22 11:13:33.426","8lKt6Yj2p3n","18372899","[PREMIUM]","[PREMIUM]","[PREMIUM]","120","Section 120","t",4,"['14','15','16','17']","2026-09-29 00:00:00","electronic","exchange",0,"[PREMIUM]","2,4"
"8lKt6Yj29v0","2026-08-08 23:54:34.853","2026-08-22 11:13:33.426","8lKt6Yj29v0","18372899","[PREMIUM]","[PREMIUM]","[PREMIUM]","216","Section 216","k",4,"[]","2026-09-29 00:00:00","electronic","exchange",0,"[PREMIUM]","2,4"
"9P2c5qzPEem","2026-08-08 23:54:34.853","2026-08-22 11:13:33.426","9P2c5qzPEem","18372899","[PREMIUM]","[PREMIUM]","[PREMIUM]","121","Section 121","q",4,"['10','11','12','13']","2026-09-29 00:00:00","electronic","exchange",0,"[PREMIUM]","2,4"
"9P2c5qzPEej","2026-08-08 23:54:34.853","2026-08-22 11:13:33.426","9P2c5qzPEej","18372899","[PREMIUM]","[PREMIUM]","[PREMIUM]","117","Section 117","l",2,"['5','6']","2026-09-29 00:00:00","electronic","exchange",0,"[PREMIUM]","2"
"9P2c5qzP8Jw","2026-08-08 23:54:34.853","2026-08-22 11:13:33.426","9P2c5qzP8Jw","18372899","[PREMIUM]","[PREMIUM]","[PREMIUM]","222","Section 222","b",4,"[]","2026-09-29 00:00:00","electronic","exchange",1,"[PREMIUM]","2,4"
"9P2c5qzP85o","2026-08-08 23:54:34.853","2026-08-22 11:13:33.426","9P2c5qzP85o","18372899","[PREMIUM]","[PREMIUM]","[PREMIUM]","219","Section 219","g",4,"[]","2026-09-29 00:00:00","electronic","exchange",0,"[PREMIUM]","2,4"
"9P2c5qzKEZn","2026-08-08 23:54:34.853","2026-08-22 11:13:33.426","9P2c5qzKEZn","18372899","[PREMIUM]","[PREMIUM]","[PREMIUM]","119","Section 119","kk",4,"[]","2026-09-29 00:00:00","electronic","exchange",1,"[PREMIUM]","4"
"A6rs27vV8np","2026-08-08 23:54:34.853","2026-08-16 22:21:43.316","A6rs27vV8np","18372899","[PREMIUM]","[PREMIUM]","[PREMIUM]","201","Section 201","c",4,"['16','17','18','19']","2026-09-29 00:00:00","electronic","exchange",0,"[PREMIUM]","2,4"
"A6rs27vloGV","2026-08-08 23:54:34.853","2026-08-19 09:42:16.543","A6rs27vloGV","18372899","[PREMIUM]","[PREMIUM]","[PREMIUM]","101","Section 101","nn",3,"[]","2026-09-30 00:00:00","electronic","exchange",2,"[PREMIUM]","1,3"
"A6rs27vVdbr","2026-08-08 23:54:34.853","2026-08-22 11:13:33.426","A6rs27vVdbr","18372899","[PREMIUM]","[PREMIUM]","[PREMIUM]","105","Section 105","h",2,"['17','18']","2026-09-29 00:00:00","electronic","exchange",0,"[PREMIUM]","2"
"BALImXLj8BD","2026-08-08 23:54:34.853","2026-08-22 11:13:33.426","BALImXLj8BD","18372899","[PREMIUM]","[PREMIUM]","[PREMIUM]","208","Section 208","l",2,"[]","2026-09-29 00:00:00","electronic","exchange",1,"[PREMIUM]","2"
"BALImXLjZBe","2026-08-08 23:54:34.853","2026-08-22 11:13:33.426","BALImXLjZBe","18372899","[PREMIUM]","[PREMIUM]","[PREMIUM]","222","Section 222","b",4,"['6','7','8','9']","2026-09-29 00:00:00","electronic","exchange",1,"[PREMIUM]","2,4"
"EroUXnYBKzL","2026-08-08 23:54:34.853","2026-08-22 11:13:33.426","EroUXnYBKzL","18372899","[PREMIUM]","[PREMIUM]","[PREMIUM]","102","Section 102","s",4,"['13','14','15','16']","2026-09-29 00:00:00","electronic","exchange",0,"[PREMIUM]","2,4"
"EroUXnYBK77","2026-08-08 23:54:34.853","2026-08-22 11:13:33.426","EroUXnYBK77","18372899","[PREMIUM]","[PREMIUM]","[PREMIUM]","119","Section 119","m",3,"['5','6','7']","2026-09-29 00:00:00","electronic","exchange",0,"[PREMIUM]","3"
"EroUXnYBGvY","2026-08-08 23:54:34.853","2026-08-22 11:13:33.426","EroUXnYBGvY","18372899","[PREMIUM]","[PREMIUM]","[PREMIUM]","112","Section 112","s",4,"[]","2026-09-29 00:00:00","electronic","exchange",0,"[PREMIUM]","2,4"
"EroUXnYBGXR","2026-08-08 23:54:34.853","2026-08-22 11:13:33.426","EroUXnYBGXR","18372899","[PREMIUM]","[PREMIUM]","[PREMIUM]","102","Section 102","t",6,"[]","2026-09-29 00:00:00","electronic","exchange",1,"[PREMIUM]","1,2,3,4,6"
"EroUXnYBG4L","2026-08-08 23:54:34.853","2026-08-22 11:13:33.426","EroUXnYBG4L","18372899","[PREMIUM]","[PREMIUM]","[PREMIUM]","101","Section 101","f",4,"[]","2026-09-29 00:00:00","electronic","exchange",0,"[PREMIUM]","2,4"
"GAaI62YAZOq","2026-08-08 23:54:34.853","2026-08-19 09:42:16.543","GAaI62YAZOq","18372899","[PREMIUM]","[PREMIUM]","[PREMIUM]","112","Section 112","p",3,"['9','10','11']","2026-09-29 00:00:00","electronic","exchange",0,"[PREMIUM]","3"
"GAaI62YAkqn","2026-08-08 23:54:34.853","2026-08-22 11:13:33.426","GAaI62YAkqn","18372899","[PREMIUM]","[PREMIUM]","[PREMIUM]","101","Section 101","m",4,"[]","2026-09-29 00:00:00","electronic","exchange",1,"[PREMIUM]","2,4"
"JABI3904OZ2","2026-08-08 23:54:34.853","2026-08-22 11:13:33.426","JABI3904OZ2","18372899","[PREMIUM]","[PREMIUM]","[PREMIUM]","121","Section 121","b",4,"['7','8','9','10']","2026-09-28 00:00:00","electronic","exchange",5,"[PREMIUM]","4"
"JABI39Yodpe","2026-08-08 23:54:34.853","2026-08-22 11:13:33.426","JABI39Yodpe","18372899","[PREMIUM]","[PREMIUM]","[PREMIUM]","205","Section 205","h",2,"[]","2026-09-29 00:00:00","electronic","exchange",1,"[PREMIUM]","2"
"JABI39Yod7w","2026-08-08 23:54:34.853","2026-08-22 11:13:33.426","JABI39Yod7w","18372899","[PREMIUM]","[PREMIUM]","[PREMIUM]","215","Section 215","e",4,"[]","2026-09-29 00:00:00","electronic","exchange",0,"[PREMIUM]","2,4"
"JABI39YoGKe","2026-08-08 23:54:34.853","2026-08-20 22:37:24.256","JABI39YoGKe","18372899","[PREMIUM]","[PREMIUM]","[PREMIUM]","117","Section 117","m",4,"['17','18','19','20']","2026-09-29 00:00:00","electronic","exchange",0,"[PREMIUM]","2,4"
"JABI39YNGLD","2026-08-08 23:54:34.853","2026-08-20 22:37:24.256","JABI39YNGLD","18372899","[PREMIUM]","[PREMIUM]","[PREMIUM]","211","Section 211","q",3,"[]","2026-09-29 00:00:00","electronic","exchange",1,"[PREMIUM]","3"
"JABI39YodwD","2026-08-08 23:54:34.853","2026-08-15 22:33:13.561","JABI39YodwD","18372899","[PREMIUM]","[PREMIUM]","[PREMIUM]","116","Section 116","r",4,"[]","2026-09-29 00:00:00","electronic","exchange",1,"[PREMIUM]","2,4"
"Kezcz6Emde9","2026-08-08 23:54:34.853","2026-08-10 22:33:01.108","Kezcz6Emde9","18372899","[PREMIUM]","[PREMIUM]","[PREMIUM]","205","Section 205","j",2,"[]","2026-09-29 00:00:00","electronic","exchange",2,"[PREMIUM]","2"
"LbviLE9jN3Z","2026-08-08 23:54:34.853","2026-08-15 22:33:13.561","LbviLE9jN3Z","18372899","[PREMIUM]","[PREMIUM]","[PREMIUM]","116","Section 116","t",4,"[]","2026-09-29 00:00:00","electronic","exchange",1,"[PREMIUM]","4"
"LbviLEYaNMD","2026-08-08 23:54:34.853","2026-08-12 23:59:52.524","LbviLEYaNMD","18372899","[PREMIUM]","[PREMIUM]","[PREMIUM]","119","Section 119","jj",5,"[]","2026-09-29 00:00:00","electronic","exchange",0,"[PREMIUM]","1,2,3,5"
"LbviLEYaGO4","2026-08-08 23:54:34.853","2026-08-22 11:13:33.426","LbviLEYaGO4","18372899","[PREMIUM]","[PREMIUM]","[PREMIUM]","215","Section 215","e",4,"['11','12','13','14']","2026-09-29 00:00:00","electronic","exchange",0,"[PREMIUM]","2,4"
"MAeIPlNO0AV","2026-08-08 23:54:34.853","2026-08-22 11:13:33.426","MAeIPlNO0AV","18372899","[PREMIUM]","[PREMIUM]","[PREMIUM]","117","Section 117","m",6,"[]","2026-09-30 00:00:00","electronic","exchange",4,"[PREMIUM]","1,2,3,4,6"
"NrqUv4YKpMO","2026-08-08 23:54:34.853","2026-08-22 11:13:33.426","NrqUv4YKpMO","18372899","[PREMIUM]","[PREMIUM]","[PREMIUM]","103","Section 103","r",4,"['15','16','17','18']","2026-09-29 00:00:00","electronic","exchange",0,"[PREMIUM]","2,4"
"MAeIPlYYOZL","2026-08-08 23:54:34.853","2026-08-22 11:13:33.426","MAeIPlYYOZL","18372899","[PREMIUM]","[PREMIUM]","[PREMIUM]","203","Section 203","d",2,"[]","2026-09-29 00:00:00","electronic","exchange",0,"[PREMIUM]","2"
"NrqUv4YmjYP","2026-08-08 23:54:34.853","2026-08-16 22:21:43.316","NrqUv4YmjYP","18372899","[PREMIUM]","[PREMIUM]","[PREMIUM]","105","Section 105","p",3,"[]","2026-09-30 00:00:00","electronic","exchange",2,"[PREMIUM]","1,2,3"
"NrqUv4dPLoN","2026-08-08 23:54:34.853","2026-08-09 23:29:58.791","NrqUv4dPLoN","18372899","[PREMIUM]","[PREMIUM]","[PREMIUM]","121","Section 121","kk",4,"[]","2026-09-29 00:00:00","electronic","exchange",1,"[PREMIUM]","4"
"O7AhwrVn26A","2026-08-08 23:54:34.853","2026-08-22 11:13:33.426","O7AhwrVn26A","18372899","[PREMIUM]","[PREMIUM]","[PREMIUM]","103","Section 103","s",4,"[]","2026-09-29 00:00:00","electronic","exchange",0,"[PREMIUM]","4"
"O7AhwrV5agL","2026-08-08 23:54:34.853","2026-08-22 11:13:33.426","O7AhwrV5agL","18372899","[PREMIUM]","[PREMIUM]","[PREMIUM]","121","Section 121","b",4,"[]","2026-09-29 00:00:00","electronic","exchange",5,"[PREMIUM]","4"
"ROXHzwY9M63","2026-08-08 23:54:34.853","2026-08-13 23:01:02.745","ROXHzwY9M63","18372899","[PREMIUM]","[PREMIUM]","[PREMIUM]","119","Section 119","ff",2,"[]","2026-09-29 00:00:00","electronic","exchange",1,"[PREMIUM]","2"
