"_primaryKey","_firstSeenAt","_lastSeenAt","listingId","eventId","price","priceWithFees","fee","section","sectionFull","row","quantity","seats","inHandDate","deliveryType","marketplace","dealBucket","dealScore","splitType"
"GAaI603Jp6O","2026-09-12 23:58:05.979","2026-09-25 23:16:46.015","GAaI603Jp6O","18014236","[PREMIUM]","[PREMIUM]","[PREMIUM]","124","Section 124","5",4,"['5','6','7','8']","2026-12-24 00:00:00","seatgeek_app","exchange",1,"[PREMIUM]","4"
"3q7fNL0Nzkw","2026-09-12 23:57:20.774","2026-09-13 15:13:25.360","3q7fNL0Nzkw","18016627","[PREMIUM]","[PREMIUM]","[PREMIUM]","550","Section 550","17",2,"['22','23']","2026-08-06 00:00:00","sg_app","exchange",0,"[PREMIUM]","2"
"7KntAgDo5pK","2026-09-12 23:57:20.774","2026-09-25 23:16:07.820","7KntAgDo5pK","18016627","[PREMIUM]","[PREMIUM]","[PREMIUM]","512","Section 512","33",12,"['16','17','18','19','20','21','22','23','24','25','26','27']","2026-05-14 00:00:00","seatgeek_app","exchange",0,"[PREMIUM]","1,2,3,4,5,6,7,8,9,10,12"
"BALImM2mgzx","2026-09-12 23:57:20.774","2026-09-17 11:08:42.360","BALImM2mgzx","18016627","[PREMIUM]","[PREMIUM]","[PREMIUM]","511","Section 511","33",12,"['13','14','15','16','17','18','19','20','21','22','23','24']","2026-05-15 00:00:00","sg_app","exchange",1,"[PREMIUM]","1,2,3,4,5,6,7,8,9,10,12"
"JABI3E2okAp","2026-09-12 23:57:20.774","2026-09-25 23:16:07.820","JABI3E2okAp","18016627","[PREMIUM]","[PREMIUM]","[PREMIUM]","512","Section 512","29",4,"['17','18','19','20']","2026-05-14 00:00:00","seatgeek_app","exchange",0,"[PREMIUM]","2,4"
"KezczqGLoZV","2026-09-12 23:57:20.774","2026-09-17 11:08:42.360","KezczqGLoZV","18016627","[PREMIUM]","[PREMIUM]","[PREMIUM]","517","Section 517","29",2,"['20','21']","2026-05-14 00:00:00","sg_app","exchange",0,"[PREMIUM]","2"
"KezczqGzKzk","2026-09-12 23:57:20.774","2026-09-20 11:07:18.613","KezczqGzKzk","18016627","[PREMIUM]","[PREMIUM]","[PREMIUM]","510","Section 510","26",4,"['19','20','21','22']","2026-05-14 00:00:00","sg_app","exchange",1,"[PREMIUM]","2,4"
"LbviL8wLJL7","2026-09-12 23:57:20.774","2026-09-13 15:13:25.360","LbviL8wLJL7","18016627","[PREMIUM]","[PREMIUM]","[PREMIUM]","550","Section 550","10",2,"['3','4']","2026-05-14 00:00:00","sg_app","exchange",0,"[PREMIUM]","2"
"MAeIP35POke","2026-09-12 23:57:20.774","2026-09-17 11:08:42.360","MAeIP35POke","18016627","[PREMIUM]","[PREMIUM]","[PREMIUM]","518","Section 518","33",12,"['13','14','15','16','17','18','19','20','21','22','23','24']","2026-05-15 00:00:00","sg_app","exchange",1,"[PREMIUM]","1,2,3,4,5,6,7,8,9,10,12"
"O7AhwKRwZwE","2026-09-12 23:57:20.774","2026-09-13 15:13:25.360","O7AhwKRwZwE","18016627","[PREMIUM]","[PREMIUM]","[PREMIUM]","544","Section 544","29",6,"['11','12','13','14','15','16']","2026-05-14 00:00:00","sg_app","exchange",0,"[PREMIUM]","2,4,6"
"YgJtk0Mj27g","2026-09-12 23:57:20.774","2026-09-25 23:16:07.820","YgJtk0Mj27g","18016627","[PREMIUM]","[PREMIUM]","[PREMIUM]","506","Section 506","1a",2,"['9','10']","2026-12-19 00:00:00","seatgeek_app","exchange",1,"[PREMIUM]","2"
"kYet9mn9ja9","2026-09-12 23:57:20.774","2026-09-17 11:08:42.360","kYet9mn9ja9","18016627","[PREMIUM]","[PREMIUM]","[PREMIUM]","518","Section 518","34",2,"['25','26']","2026-05-15 00:00:00","sg_app","exchange",0,"[PREMIUM]","2"
"nx0srK9rYVe","2026-09-12 23:57:20.774","2026-09-13 15:13:25.360","nx0srK9rYVe","18016627","[PREMIUM]","[PREMIUM]","[PREMIUM]","510","Section 510","31",12,"['1','2','3','4','5','6','7','8','9','10','11','12']","2026-05-14 00:00:00","sg_app","exchange",1,"[PREMIUM]","1,2,3,4,5,6,7,8,9,10,12"
"oV7Hb6vj2Km","2026-09-12 23:57:20.774","2026-09-25 23:16:07.820","oV7Hb6vj2Km","18016627","[PREMIUM]","[PREMIUM]","[PREMIUM]","512","Section 512","30",6,"['1','2','3','4','5','6']","2026-05-14 00:00:00","seatgeek_app","exchange",0,"[PREMIUM]","2,4,6"
"rVOHkpdkOkN","2026-09-12 23:57:20.774","2026-09-25 23:16:07.820","rVOHkpdkOkN","18016627","[PREMIUM]","[PREMIUM]","[PREMIUM]","519","Section 519","34",9,"['10','11','12','13','14','15','16','17','18']","2026-05-14 00:00:00","seatgeek_app","exchange",0,"[PREMIUM]","1,2,3,4,5,6,7,9"
"5EjuZwgN92Z","2026-09-12 23:56:30.111","2026-09-18 11:12:34.146","5EjuZwgN92Z","18016633","[PREMIUM]","[PREMIUM]","[PREMIUM]","515","Section 515","27",4,"['21','22','23','24']","2026-08-06 00:00:00","sg_app","exchange",0,"[PREMIUM]","2,4"
"LbviL8w6Gr3","2026-09-12 23:56:30.111","2026-09-25 23:19:22.465","LbviL8w6Gr3","18016633","[PREMIUM]","[PREMIUM]","[PREMIUM]","513","Section 513","32",9,"['12','13','14','15','16','17','18','19','20']","2026-05-14 00:00:00","seatgeek_app","exchange",0,"[PREMIUM]","1,2,3,4,5,6,7,9"
"O7AhwKR4Med","2026-09-12 23:56:30.111","2026-09-25 23:19:22.465","O7AhwKR4Med","18016633","[PREMIUM]","[PREMIUM]","[PREMIUM]","513","Section 513","28",4,"['21','22','23','24']","2026-07-08 00:00:00","seatgeek_app","exchange",0,"[PREMIUM]","2,4"
"jDvszkoMjKM","2026-09-12 23:56:30.111","2026-09-25 23:19:22.465","jDvszkoMjKM","18016633","[PREMIUM]","[PREMIUM]","[PREMIUM]","516","Section 516","24",2,"['13','14']","2026-05-14 00:00:00","seatgeek_app","exchange",0,"[PREMIUM]","2"
"A6rs2KB0L23","2026-09-12 23:56:06.114","2026-09-25 23:20:16.057","A6rs2KB0L23","18014234","[PREMIUM]","[PREMIUM]","[PREMIUM]","114","Section 114","12",2,"['1','2']","2027-01-09 00:00:00","seatgeek_app","exchange",2,"[PREMIUM]","2"
"oV7Hb6vwRMb","2026-09-12 23:56:06.114","2026-09-25 23:20:16.057","oV7Hb6vwRMb","18014234","[PREMIUM]","[PREMIUM]","[PREMIUM]","122","Section 122","13",1,"['7']","2027-01-10 00:00:00","seatgeek_app","exchange",0,"[PREMIUM]","1"
"4vXcjR7pB7J","2026-09-12 23:56:01.041","2026-09-25 23:18:59.627","4vXcjR7pB7J","18016504","[PREMIUM]","[PREMIUM]","[PREMIUM]","235","Section 235","4",3,"['3','4','5']","2026-05-15 00:00:00","seatgeek_app","exchange",0,"[PREMIUM]","1,3"
"A6rs2KB5rRG","2026-09-12 23:56:01.041","2026-09-25 23:18:59.627","A6rs2KB5rRG","18016504","[PREMIUM]","[PREMIUM]","[PREMIUM]","306","Section 306","24",2,"['11','12']","2026-05-15 00:00:00","seatgeek_app","exchange",0,"[PREMIUM]","2"
"PX0sgqJqlp9","2026-09-12 23:55:59.465","2026-09-25 23:23:09.823","PX0sgqJqlp9","18013984","[PREMIUM]","[PREMIUM]","[PREMIUM]","140","Section 140","20",6,"['9','10','11','12','13','14']","2026-10-03 00:00:00","seatgeek_app","exchange",0,"[PREMIUM]","1,2,3,4,6"
"kYet9mnrgkJ","2026-09-12 23:55:59.465","2026-09-25 08:37:32.211","kYet9mnrgkJ","18013984","[PREMIUM]","[PREMIUM]","[PREMIUM]","141","Section 141","11",2,"['7','8']","2027-01-09 00:00:00","sg_app","exchange",0,"[PREMIUM]","2"
"2v0czqP0veE","2026-09-12 23:55:46.598","2026-09-20 11:13:10.955","2v0czqP0veE","18013958","[PREMIUM]","[PREMIUM]","[PREMIUM]","339","Section 339","10",3,"['17','18','19']","2027-01-08 00:00:00","sg_app","exchange",0,"[PREMIUM]","3"
"3q7fNL0Eq6x","2026-09-12 23:55:46.598","2026-09-14 22:38:44.443","3q7fNL0Eq6x","18013958","[PREMIUM]","[PREMIUM]","[PREMIUM]","315","Section 315","9",4,"['1','2','3','4']","2027-01-08 00:00:00","sg_app","exchange",0,"[PREMIUM]","2,4"
"3q7fNL0Eq2x","2026-09-12 23:55:46.598","2026-09-14 22:38:44.443","3q7fNL0Eq2x","18013958","[PREMIUM]","[PREMIUM]","[PREMIUM]","302","Section 302","9",3,"['17','18','19']","2027-01-08 00:00:00","sg_app","exchange",0,"[PREMIUM]","3"
"4vXcjR7lOxY","2026-09-12 23:55:46.598","2026-09-25 23:20:25.531","4vXcjR7lOxY","18013958","[PREMIUM]","[PREMIUM]","[PREMIUM]","316","Section 316","13",3,"['1','2','3']","2027-01-08 00:00:00","seatgeek_app","exchange",1,"[PREMIUM]","3"
"6mOhkoZrPwl","2026-09-12 23:55:46.598","2026-09-25 23:20:25.531","6mOhkoZrPwl","18013958","[PREMIUM]","[PREMIUM]","[PREMIUM]","336","Section 336","9",3,"['16','17','18']","2027-01-08 00:00:00","seatgeek_app","exchange",1,"[PREMIUM]","3"
"7KntAgD0YZO","2026-09-12 23:55:46.598","2026-09-20 11:13:10.955","7KntAgD0YZO","18013958","[PREMIUM]","[PREMIUM]","[PREMIUM]","324","Section 324","12",8,"['7','8','9','10','11','12','13','14']","2027-01-08 00:00:00","sg_app","exchange",2,"[PREMIUM]","1,2,3,4,5,6,8"
"8lKt6azoE7p","2026-09-12 23:55:46.598","2026-09-20 11:13:10.955","8lKt6azoE7p","18013958","[PREMIUM]","[PREMIUM]","[PREMIUM]","327","Section 327","10",2,"['1','2']","2027-01-08 00:00:00","sg_app","exchange",0,"[PREMIUM]","2"
"BALImM20eJ4","2026-09-12 23:55:46.598","2026-09-13 20:17:53.011","BALImM20eJ4","18013958","[PREMIUM]","[PREMIUM]","[PREMIUM]","336","Section 336","3",3,"['9','10','11']","2027-01-08 00:00:00","sg_app","exchange",1,"[PREMIUM]","3"
"BALImM20e9v","2026-09-12 23:55:46.598","2026-09-13 20:17:53.011","BALImM20e9v","18013958","[PREMIUM]","[PREMIUM]","[PREMIUM]","318","Section 318","8",7,"['1','2','3','4','5','6','7']","2027-01-08 00:00:00","sg_app","exchange",1,"[PREMIUM]","1,2,3,4,5,7"
"DdwHkMLGP85","2026-09-12 23:55:46.598","2026-09-20 11:13:10.955","DdwHkMLGP85","18013958","[PREMIUM]","[PREMIUM]","[PREMIUM]","336","Section 336","10",2,"['1','2']","2027-01-08 00:00:00","sg_app","exchange",0,"[PREMIUM]","2"
"EroUXgdKlAG","2026-09-12 23:55:46.598","2026-09-14 22:38:44.443","EroUXgdKlAG","18013958","[PREMIUM]","[PREMIUM]","[PREMIUM]","303","Section 303","8",4,"['12','13','14','15']","2027-01-08 00:00:00","sg_app","exchange",1,"[PREMIUM]","2,4"
"EroUXgdKlw6","2026-09-12 23:55:46.598","2026-09-25 23:20:25.531","EroUXgdKlw6","18013958","[PREMIUM]","[PREMIUM]","[PREMIUM]","303","Section 303","9",3,"['17','18','19']","2027-01-08 00:00:00","seatgeek_app","exchange",1,"[PREMIUM]","3"
"GAaI603Jpx4","2026-09-12 23:55:46.598","2026-09-20 11:13:10.955","GAaI603Jpx4","18013958","[PREMIUM]","[PREMIUM]","[PREMIUM]","340","Section 340","10",3,"['9','10','11']","2027-01-08 00:00:00","sg_app","exchange",2,"[PREMIUM]","3"
"JABI3E2GlV3","2026-09-12 23:55:46.598","2026-09-25 23:20:25.531","JABI3E2GlV3","18013958","[PREMIUM]","[PREMIUM]","[PREMIUM]","305","Section 305","9",4,"['7','8','9','10']","2027-01-08 00:00:00","seatgeek_app","exchange",1,"[PREMIUM]","2,4"
"LbviL8wGvb8","2026-09-12 23:55:46.598","2026-09-14 22:38:44.443","LbviL8wGvb8","18013958","[PREMIUM]","[PREMIUM]","[PREMIUM]","318","Section 318","9",6,"['6','7','8','9','10','11']","2027-01-08 00:00:00","sg_app","exchange",2,"[PREMIUM]","2,4,6"
"NrqUv6Mwem3","2026-09-12 23:55:46.598","2026-09-25 23:20:25.531","NrqUv6Mwem3","18013958","[PREMIUM]","[PREMIUM]","[PREMIUM]","323","Section 323","26",9,"['7','8','9','10','11','12','13','14','15']","2027-01-08 00:00:00","seatgeek_app","exchange",2,"[PREMIUM]","1,2,3,4,5,6,7,9"
"NrqUv6MpaV0","2026-09-12 23:55:46.598","2026-09-20 11:13:10.955","NrqUv6MpaV0","18013958","[PREMIUM]","[PREMIUM]","[PREMIUM]","324","Section 324","11",3,"['14','15','16']","2027-01-08 00:00:00","sg_app","exchange",1,"[PREMIUM]","3"
"PX0sgqJBov9","2026-09-12 23:55:46.598","2026-09-25 23:20:25.531","PX0sgqJBov9","18013958","[PREMIUM]","[PREMIUM]","[PREMIUM]","337","Section 337","9",2,"['1','2']","2027-01-08 00:00:00","seatgeek_app","exchange",0,"[PREMIUM]","2"
"PX0sgqJBoa9","2026-09-12 23:55:46.598","2026-09-25 23:20:25.531","PX0sgqJBoa9","18013958","[PREMIUM]","[PREMIUM]","[PREMIUM]","323","Section 323","13",3,"['5','6','7']","2027-01-08 00:00:00","seatgeek_app","exchange",1,"[PREMIUM]","3"
"ROXHz2pMPLb","2026-09-12 23:55:46.598","2026-09-13 20:17:53.011","ROXHz2pMPLb","18013958","[PREMIUM]","[PREMIUM]","[PREMIUM]","327","Section 327","2",3,"['15','16','17']","2027-01-08 00:00:00","sg_app","exchange",1,"[PREMIUM]","3"
"V4KU04NZbpM","2026-09-12 23:55:46.598","2026-09-20 11:13:10.955","V4KU04NZbpM","18013958","[PREMIUM]","[PREMIUM]","[PREMIUM]","324","Section 324","10",2,"['18','19']","2027-01-08 00:00:00","sg_app","exchange",0,"[PREMIUM]","2"
"X03tKl0p6Za","2026-09-12 23:55:46.598","2026-09-14 22:38:44.443","X03tKl0p6Za","18013958","[PREMIUM]","[PREMIUM]","[PREMIUM]","326","Section 326","8",2,"['13','14']","2027-01-08 00:00:00","sg_app","exchange",0,"[PREMIUM]","2"
"YgJtk0MA8nZ","2026-09-12 23:55:46.598","2026-09-25 23:20:25.531","YgJtk0MA8nZ","18013958","[PREMIUM]","[PREMIUM]","[PREMIUM]","303","Section 303","9",4,"['1','2','3','4']","2027-01-08 00:00:00","seatgeek_app","exchange",1,"[PREMIUM]","2,4"
"agktlM6pkVP","2026-09-12 23:55:46.598","2026-09-14 22:38:44.443","agktlM6pkVP","18013958","[PREMIUM]","[PREMIUM]","[PREMIUM]","340","Section 340","8",4,"['1','2','3','4']","2027-01-08 00:00:00","sg_app","exchange",0,"[PREMIUM]","2,4"
"b4wUaoBpwqA","2026-09-12 23:55:46.598","2026-09-13 20:17:53.011","b4wUaoBpwqA","18013958","[PREMIUM]","[PREMIUM]","[PREMIUM]","316","Section 316","6",3,"['15','16','17']","2027-01-08 00:00:00","sg_app","exchange",1,"[PREMIUM]","3"
"eeacK8ad7n9","2026-09-12 23:55:46.598","2026-09-20 11:13:10.955","eeacK8ad7n9","18013958","[PREMIUM]","[PREMIUM]","[PREMIUM]","305","Section 305","10",3,"['9','10','11']","2027-01-08 00:00:00","sg_app","exchange",1,"[PREMIUM]","3"
"g48Ur63paND","2026-09-12 23:55:46.598","2026-09-14 22:38:44.443","g48Ur63paND","18013958","[PREMIUM]","[PREMIUM]","[PREMIUM]","305","Section 305","8",4,"['1','2','3','4']","2027-01-08 00:00:00","sg_app","exchange",0,"[PREMIUM]","2,4"
"jDvszkoj6Y0","2026-09-12 23:55:46.598","2026-09-25 23:20:25.531","jDvszkoj6Y0","18013958","[PREMIUM]","[PREMIUM]","[PREMIUM]","304","Section 304","9",3,"['19','20','21']","2027-01-08 00:00:00","seatgeek_app","exchange",0,"[PREMIUM]","3"
"jDvszkoj6LN","2026-09-12 23:55:46.598","2026-09-20 11:13:10.955","jDvszkoj6LN","18013958","[PREMIUM]","[PREMIUM]","[PREMIUM]","325","Section 325","10",6,"['14','15','16','17','18','19']","2027-01-08 00:00:00","sg_app","exchange",1,"[PREMIUM]","2,4,6"
"kYet9mnOxVp","2026-09-12 23:55:46.598","2026-09-25 23:20:25.531","kYet9mnOxVp","18013958","[PREMIUM]","[PREMIUM]","[PREMIUM]","302","Section 302","10",4,"['1','2','3','4']","2027-01-08 00:00:00","seatgeek_app","exchange",1,"[PREMIUM]","2,4"
"kYet9mnOx5p","2026-09-12 23:55:46.598","2026-09-25 23:20:25.531","kYet9mnOx5p","18013958","[PREMIUM]","[PREMIUM]","[PREMIUM]","337","Section 337","9",3,"['19','20','21']","2027-01-08 00:00:00","seatgeek_app","exchange",0,"[PREMIUM]","3"
"lxVsdREZaz2","2026-09-12 23:55:46.598","2026-09-14 22:38:44.443","lxVsdREZaz2","18013958","[PREMIUM]","[PREMIUM]","[PREMIUM]","340","Section 340","9",4,"['1','2','3','4']","2027-01-08 00:00:00","sg_app","exchange",1,"[PREMIUM]","2,4"
"nx0srK92GB9","2026-09-12 23:55:46.598","2026-09-14 22:38:44.443","nx0srK92GB9","18013958","[PREMIUM]","[PREMIUM]","[PREMIUM]","301","Section 301","9",2,"['7','8']","2027-01-08 00:00:00","sg_app","exchange",1,"[PREMIUM]","2"
"oV7Hb6vqZNX","2026-09-12 23:55:46.598","2026-09-20 11:13:10.955","oV7Hb6vqZNX","18013958","[PREMIUM]","[PREMIUM]","[PREMIUM]","303","Section 303","10",4,"['1','2','3','4']","2027-01-08 00:00:00","sg_app","exchange",1,"[PREMIUM]","2,4"
"oV7Hb6vqZ5X","2026-09-12 23:55:46.598","2026-09-20 11:13:10.955","oV7Hb6vqZ5X","18013958","[PREMIUM]","[PREMIUM]","[PREMIUM]","314","Section 314","10",7,"['17','18','19','20','21','22','23']","2027-01-08 00:00:00","sg_app","exchange",0,"[PREMIUM]","1,2,3,4,5,7"
"oV7Hb6vqZ0P","2026-09-12 23:55:46.598","2026-09-25 23:20:25.531","oV7Hb6vqZ0P","18013958","[PREMIUM]","[PREMIUM]","[PREMIUM]","323","Section 323","12",2,"['7','8']","2027-01-08 00:00:00","seatgeek_app","exchange",1,"[PREMIUM]","2"
"pVXHD7eJ6Np","2026-09-12 23:55:46.598","2026-09-14 22:38:44.443","pVXHD7eJ6Np","18013958","[PREMIUM]","[PREMIUM]","[PREMIUM]","337","Section 337","8",4,"['1','2','3','4']","2027-01-08 00:00:00","sg_app","exchange",0,"[PREMIUM]","2,4"
"pVXHD7eJ68r","2026-09-12 23:55:46.598","2026-09-14 22:38:44.443","pVXHD7eJ68r","18013958","[PREMIUM]","[PREMIUM]","[PREMIUM]","318","Section 318","8",2,"['10','11']","2027-01-08 00:00:00","sg_app","exchange",1,"[PREMIUM]","2"
"rVOHkpd6eNR","2026-09-12 23:55:46.598","2026-09-20 11:13:10.955","rVOHkpd6eNR","18013958","[PREMIUM]","[PREMIUM]","[PREMIUM]","326","Section 326","10",2,"['20','21']","2027-01-08 00:00:00","sg_app","exchange",0,"[PREMIUM]","2"
"rVOHkpd6e5R","2026-09-12 23:55:46.598","2026-09-25 23:20:25.531","rVOHkpd6e5R","18013958","[PREMIUM]","[PREMIUM]","[PREMIUM]","302","Section 302","10",2,"['18','19']","2027-01-08 00:00:00","seatgeek_app","exchange",0,"[PREMIUM]","2"
"vb3iPwnrRNZ","2026-09-12 23:55:46.598","2026-09-14 22:38:44.443","vb3iPwnrRNZ","18013958","[PREMIUM]","[PREMIUM]","[PREMIUM]","315","Section 315","8",3,"['18','19','20']","2027-01-08 00:00:00","sg_app","exchange",0,"[PREMIUM]","3"
"w3Jse8rLYpm","2026-09-12 23:55:46.598","2026-09-14 22:38:44.443","w3Jse8rLYpm","18013958","[PREMIUM]","[PREMIUM]","[PREMIUM]","339","Section 339","8",8,"['1','2','3','4','5','6','7','8']","2027-01-08 00:00:00","sg_app","exchange",0,"[PREMIUM]","1,2,3,4,5,6,8"
"w3Jse8rLY5m","2026-09-12 23:55:46.598","2026-09-25 23:20:25.531","w3Jse8rLY5m","18013958","[PREMIUM]","[PREMIUM]","[PREMIUM]","316","Section 316","9",4,"['11','12','13','14']","2027-01-08 00:00:00","seatgeek_app","exchange",1,"[PREMIUM]","2,4"
"vb3iPwnrR5Z","2026-09-12 23:55:46.598","2026-09-25 23:20:25.531","vb3iPwnrR5Z","18013958","[PREMIUM]","[PREMIUM]","[PREMIUM]","339","Section 339","9",2,"['17','18']","2027-01-08 00:00:00","seatgeek_app","exchange",0,"[PREMIUM]","2"
"xb9imlnxoEg","2026-09-12 23:55:46.598","2026-09-14 22:38:44.443","xb9imlnxoEg","18013958","[PREMIUM]","[PREMIUM]","[PREMIUM]","317","Section 317","9",4,"['16','17','18','19']","2027-01-08 00:00:00","sg_app","exchange",0,"[PREMIUM]","2,4"
"2v0czqPqBzm","2026-09-12 23:55:42.903","2026-09-25 23:20:23.933","2v0czqPqBzm","18016498","[PREMIUM]","[PREMIUM]","[PREMIUM]","339","Section 339","9",2,"['13','14']","2026-05-26 00:00:00","seatgeek_app","exchange",0,"[PREMIUM]","2"
"3q7fNL0LGNV","2026-09-12 23:55:42.903","2026-09-17 22:20:07.336","3q7fNL0LGNV","18016498","[PREMIUM]","[PREMIUM]","[PREMIUM]","313","Section 313","19",4,"['3','4','5','6']","2026-05-26 00:00:00","sg_app","exchange",0,"[PREMIUM]","2,4"
"4vXcjR7Raj5","2026-09-12 23:55:42.903","2026-09-17 22:20:07.336","4vXcjR7Raj5","18016498","[PREMIUM]","[PREMIUM]","[PREMIUM]","313","Section 313","17",4,"['12','13','14','15']","2026-05-26 00:00:00","sg_app","exchange",0,"[PREMIUM]","2,4"
"5EjuZwGO7kw","2026-09-12 23:55:42.903","2026-09-25 23:20:23.933","5EjuZwGO7kw","18016498","[PREMIUM]","[PREMIUM]","[PREMIUM]","302","Section 302","20",6,"['7','8','9','10','11','12']","2026-05-15 00:00:00","seatgeek_app","exchange",0,"[PREMIUM]","1,2,3,4,6"
"5EjuZwg4dK7","2026-09-12 23:55:42.903","2026-09-13 18:13:19.161","5EjuZwg4dK7","18016498","[PREMIUM]","[PREMIUM]","[PREMIUM]","128","Section 128","43",2,"['17','18']","2026-09-12 00:00:00","sg_app","exchange",0,"[PREMIUM]","2"
"6mOhkoZoEkx","2026-09-12 23:55:42.903","2026-09-17 22:20:07.336","6mOhkoZoEkx","18016498","[PREMIUM]","[PREMIUM]","[PREMIUM]","339","Section 339","21",2,"['27','28']","2026-05-26 00:00:00","sg_app","exchange",0,"[PREMIUM]","2"
"6mOhkoZoEkP","2026-09-12 23:55:42.903","2026-09-17 22:20:07.336","6mOhkoZoEkP","18016498","[PREMIUM]","[PREMIUM]","[PREMIUM]","338","Section 338","19",2,"['9','10']","2026-05-26 00:00:00","sg_app","exchange",0,"[PREMIUM]","2"
"8lKt6a4lzb9","2026-09-12 23:55:42.903","2026-09-13 20:20:57.166","8lKt6a4lzb9","18016498","[PREMIUM]","[PREMIUM]","[PREMIUM]","128","Section 128","25",2,"['20','21']","2026-05-21 00:00:00","sg_app","exchange",0,"[PREMIUM]","2"
"9P2c5MrMb5R","2026-09-12 23:55:42.903","2026-09-14 12:03:49.145","9P2c5MrMb5R","18016498","[PREMIUM]","[PREMIUM]","[PREMIUM]","314","Section 314","10",4,"['13','14','15','16']","2026-05-26 00:00:00","sg_app","exchange",0,"[PREMIUM]","2,4"
"9P2c5MrMb56","2026-09-12 23:55:42.903","2026-09-17 22:20:07.336","9P2c5MrMb56","18016498","[PREMIUM]","[PREMIUM]","[PREMIUM]","314","Section 314","25",2,"['12','13']","2026-05-26 00:00:00","sg_app","exchange",0,"[PREMIUM]","2"
"BALImM2MYmg","2026-09-12 23:55:42.903","2026-09-19 22:18:59.233","BALImM2MYmg","18016498","[PREMIUM]","[PREMIUM]","[PREMIUM]","339","Section 339","15",4,"['14','15','16','17']","2026-05-26 00:00:00","sg_app","exchange",0,"[PREMIUM]","2,4"
"EroUXgdgrXb","2026-09-12 23:55:42.903","2026-09-17 22:20:07.336","EroUXgdgrXb","18016498","[PREMIUM]","[PREMIUM]","[PREMIUM]","314","Section 314","17",3,"['8','9','10']","2026-05-26 00:00:00","sg_app","exchange",0,"[PREMIUM]","3"
"JABI3E2Ea52","2026-09-12 23:55:42.903","2026-09-12 23:55:42.903","JABI3E2Ea52","18016498","[PREMIUM]","[PREMIUM]","[PREMIUM]","338","Section 338","22",4,"['25','26','27','28']","2026-05-26 00:00:00","sg_app","exchange",0,"[PREMIUM]","2,4"
"LbviL8w8OLr","2026-09-12 23:55:42.903","2026-09-17 22:20:07.336","LbviL8w8OLr","18016498","[PREMIUM]","[PREMIUM]","[PREMIUM]","339","Section 339","24",4,"['18','19','20','21']","2026-05-26 00:00:00","sg_app","exchange",0,"[PREMIUM]","2,4"
"LbviL8ee3Nm","2026-09-12 23:55:42.903","2026-09-25 23:20:23.933","LbviL8ee3Nm","18016498","[PREMIUM]","[PREMIUM]","[PREMIUM]","340","Section 340","4",2,"['11','12']","2027-01-09 00:00:00","seatgeek_app","exchange",1,"[PREMIUM]","1,2"
"PX0sgq3vr60","2026-09-12 23:55:42.903","2026-09-25 23:20:23.933","PX0sgq3vr60","18016498","[PREMIUM]","[PREMIUM]","[PREMIUM]","320","Section 320","10",4,"['5','6','7','8']","2027-01-08 00:00:00","seatgeek_app","exchange",2,"[PREMIUM]","1,2,4"
"YgJtk0LZJ3x","2026-09-12 23:55:42.903","2026-09-14 22:38:38.203","YgJtk0LZJ3x","18016498","[PREMIUM]","[PREMIUM]","[PREMIUM]","118","Section 118","21",2,"['7','8']","2027-01-09 00:00:00","sg_app","exchange",0,"[PREMIUM]","2"
"eeacK8a8zK3","2026-09-12 23:55:42.903","2026-09-25 23:20:23.933","eeacK8a8zK3","18016498","[PREMIUM]","[PREMIUM]","[PREMIUM]","338","Section 338","8",4,"['15','16','17','18']","2026-05-26 00:00:00","seatgeek_app","exchange",0,"[PREMIUM]","2,4"
"g48Ur636Yr6","2026-09-12 23:55:42.903","2026-09-25 23:20:23.933","g48Ur636Yr6","18016498","[PREMIUM]","[PREMIUM]","[PREMIUM]","314","Section 314","12",6,"['17','18','19','20','21','22']","2026-05-26 00:00:00","seatgeek_app","exchange",0,"[PREMIUM]","2,4,6"
"kYet9mnmw9a","2026-09-12 23:55:42.903","2026-09-19 22:18:59.233","kYet9mnmw9a","18016498","[PREMIUM]","[PREMIUM]","[PREMIUM]","339","Section 339","17",2,"['22','23']","2026-05-26 00:00:00","sg_app","exchange",0,"[PREMIUM]","2"
"lxVsdREZVla","2026-09-12 23:55:42.903","2026-09-25 23:20:23.933","lxVsdREZVla","18016498","[PREMIUM]","[PREMIUM]","[PREMIUM]","325","Section 325","22",4,"['22','23','24','25']","2026-05-15 00:00:00","seatgeek_app","exchange",0,"[PREMIUM]","1,2,4"
"nx0srK9K6Vz","2026-09-12 23:55:42.903","2026-09-25 23:20:23.933","nx0srK9K6Vz","18016498","[PREMIUM]","[PREMIUM]","[PREMIUM]","313","Section 313","13",2,"['9','10']","2026-05-26 00:00:00","seatgeek_app","exchange",0,"[PREMIUM]","2"
"oV7Hb6v63bE","2026-09-12 23:55:42.903","2026-09-19 22:18:59.233","oV7Hb6v63bE","18016498","[PREMIUM]","[PREMIUM]","[PREMIUM]","339","Section 339","16",5,"['17','18','19','20','21']","2026-05-26 00:00:00","sg_app","exchange",0,"[PREMIUM]","1,2,3,5"
"oV7Hb6rPo3m","2026-09-12 23:55:42.903","2026-09-25 23:20:23.933","oV7Hb6rPo3m","18016498","[PREMIUM]","[PREMIUM]","[PREMIUM]","311","Section 311","21",4,"['3','4','5','6']","2026-09-01 00:00:00","seatgeek_app","exchange",0,"[PREMIUM]","2,4"
"pVXHD7l0OqG","2026-09-12 23:55:42.903","2026-09-19 22:18:59.233","pVXHD7l0OqG","18016498","[PREMIUM]","[PREMIUM]","[PREMIUM]","118","Section 118","22",2,"['5','6']","2027-01-09 00:00:00","sg_app","exchange",0,"[PREMIUM]","2"
"rVOHkpdpwkJ","2026-09-12 23:55:42.903","2026-09-25 23:20:23.933","rVOHkpdpwkJ","18016498","[PREMIUM]","[PREMIUM]","[PREMIUM]","338","Section 338","13",2,"['3','4']","2026-05-26 00:00:00","seatgeek_app","exchange",0,"[PREMIUM]","2"
"vb3iPwnwmPq","2026-09-12 23:55:42.903","2026-09-17 22:20:07.336","vb3iPwnwmPq","18016498","[PREMIUM]","[PREMIUM]","[PREMIUM]","313","Section 313","17",3,"['6','7','8']","2026-05-26 00:00:00","sg_app","exchange",0,"[PREMIUM]","3"
"w3Jse8r8EeG","2026-09-12 23:55:42.903","2026-09-17 22:20:07.336","w3Jse8r8EeG","18016498","[PREMIUM]","[PREMIUM]","[PREMIUM]","339","Section 339","18",2,"['1','2']","2026-05-26 00:00:00","sg_app","exchange",0,"[PREMIUM]","2"
"w3Jse8r8Een","2026-09-12 23:55:42.903","2026-09-17 22:20:07.336","w3Jse8r8Een","18016498","[PREMIUM]","[PREMIUM]","[PREMIUM]","314","Section 314","20",5,"['18','19','20','21','22']","2026-05-26 00:00:00","sg_app","exchange",0,"[PREMIUM]","1,2,3,5"
"z3Es6VvK2wZ","2026-09-12 23:55:42.903","2026-09-25 23:20:23.933","z3Es6VvK2wZ","18016498","[PREMIUM]","[PREMIUM]","[PREMIUM]","224A","Section 224 A","9",2,"['5','6']","2027-01-09 00:00:00","seatgeek_app","exchange",3,"[PREMIUM]","2"
"z3Es6vzvG6w","2026-09-12 23:55:42.903","2026-09-19 22:18:59.233","z3Es6vzvG6w","18016498","[PREMIUM]","[PREMIUM]","[PREMIUM]","313","Section 313","16",4,"['19','20','21','22']","2026-05-26 00:00:00","sg_app","exchange",0,"[PREMIUM]","2,4"
"agktlM6okB2","2026-09-12 23:55:30.785","2026-09-25 23:20:29.910","agktlM6okB2","18014210","[PREMIUM]","[PREMIUM]","[PREMIUM]","643","Section 643","14",2,"['23','24']","2026-09-12 00:00:00","seatgeek_app","exchange",2,"[PREMIUM]","2"
"lxVsdRE93KR","2026-09-12 23:55:30.785","2026-09-22 11:12:53.821","lxVsdRE93KR","18014210","[PREMIUM]","[PREMIUM]","[PREMIUM]","145","Section 145","24n",7,"['7','8','9','10','11','12','13']","2026-09-12 00:00:00","sg_app","exchange",3,"[PREMIUM]","1,2,3,4,5,7"
"2kwe71p","2026-09-12 23:55:18.111","2026-09-25 23:20:40.967","2kwe71p","18168292","[PREMIUM]","[PREMIUM]","[PREMIUM]","403","Terrace 403","1",2,"['1','2']",,"seatgeek_app","open_marketplace",1,"[PREMIUM]","2"
"JABI3E6Y44Z","2026-09-12 23:55:18.111","2026-09-25 23:20:40.967","JABI3E6Y44Z","18168292","[PREMIUM]","[PREMIUM]","[PREMIUM]","446","Terrace 446","9",12,"['5','6','7','8','9','10','11','12','13','14','15','16']","2026-05-15 00:00:00","seatgeek_app","exchange",0,"[PREMIUM]","1,2,3,4,5,6,7,8,9,10,12"
"l_AMV0zqKuvkqxmTyQ3Jk8Hyz8Q0wFDq0ABkSJ6dv8Nu6zj6w1SAmLVylcLJtr6hp2","2026-09-12 23:55:18.111","2026-09-22 22:15:36.325","l_AMV0zqKuvkqxmTyQ3Jk8Hyz8Q0wFDq0ABkSJ6dv8Nu6zj6w1SAmLVylcLJtr6hp2","18168292","[PREMIUM]","[PREMIUM]","[PREMIUM]","133","Section 133","34",6,"['4','5','6','7','8','9']",,"sg_app","open",2,"[PREMIUM]","1,2,3,4,6"
"l_QVXre2WsG9jEdSdqywnWhKpQ8nlT6eD8PlIK9jQpyS3953mlCmNK2WMtk0tlNI1L","2026-09-12 23:55:18.111","2026-09-12 23:55:18.111","l_QVXre2WsG9jEdSdqywnWhKpQ8nlT6eD8PlIK9jQpyS3953mlCmNK2WMtk0tlNI1L","18168292","[PREMIUM]","[PREMIUM]","[PREMIUM]","126","Section 126","12",4,"['9','10','11','12']",,"sg_app","open",3,"[PREMIUM]","1,2,4"
"l_Ygdr2Zni1EJZwSBlbR5VhBEK6VkU0Kg4vkF1QErmkiK9WKjlfAq8weRc0Wtv5cZD","2026-09-12 23:55:18.111","2026-09-24 22:16:36.301","l_Ygdr2Zni1EJZwSBlbR5VhBEK6VkU0Kg4vkF1QErmkiK9WKjlfAq8weRc0Wtv5cZD","18168292","[PREMIUM]","[PREMIUM]","[PREMIUM]","133","Section 133","8",4,"['9','10','11','12']",,"sg_app","open",0,"[PREMIUM]","1,2,4"
"l_qKr3QJXu0ARy2UE2RZbltE3DpVMuKDQj4rf5ZQlR9SyzNydLC53WNM0C8Zt0ZF2n","2026-09-12 23:55:18.111","2026-09-23 22:35:18.903","l_qKr3QJXu0ARy2UE2RZbltE3DpVMuKDQj4rf5ZQlR9SyzNydLC53WNM0C8Zt0ZF2n","18168292","[PREMIUM]","[PREMIUM]","[PREMIUM]","136","Section 136","23",2,"['7','8']",,"sg_app","open",1,"[PREMIUM]","2"
"l_wzP084XF8RXgji4MYWRxcz48jLPIJMVd5Es60VgdQhwPzwvrhVAEXvRHePtx9SDw","2026-09-12 23:55:18.111","2026-09-24 22:16:36.301","l_wzP084XF8RXgji4MYWRxcz48jLPIJMVd5Es60VgdQhwPzwvrhVAEXvRHePtx9SDw","18168292","[PREMIUM]","[PREMIUM]","[PREMIUM]","133","Section 133","34",5,"['14','15','16','17','18']",,"sg_app","open",1,"[PREMIUM]","1,2,3,5"
"l_e9rZQdXs8kXz4iQRpDGdI9enQdlsrwEYd0URVWLEjCp3ApjRHVMJxzmHrnt9dhmq","2026-09-12 23:55:18.111","2026-09-25 23:20:40.967","l_e9rZQdXs8kXz4iQRpDGdI9enQdlsrwEYd0URVWLEjCp3ApjRHVMJxzmHrnt9dhmq","18168292","[PREMIUM]","[PREMIUM]","[PREMIUM]","103","Section 103","35",5,"['11','12','13','14','15']",,"seatgeek_app","open",2,"[PREMIUM]","1,2,3,5"
"mopev12","2026-09-12 23:55:18.111","2026-09-25 23:20:40.967","mopev12","18168292","[PREMIUM]","[PREMIUM]","[PREMIUM]","107","Section 107","26",4,"['3','4','5','6']",,"seatgeek_app","open_marketplace",0,"[PREMIUM]","4"
"v6xxg00","2026-09-12 23:55:18.111","2026-09-25 23:20:40.967","v6xxg00","18168292","[PREMIUM]","[PREMIUM]","[PREMIUM]","108","Section 108","26",2,"['3','4']",,"seatgeek_app","open_marketplace",2,"[PREMIUM]","2"
"wz2706o","2026-09-12 23:55:18.111","2026-09-25 23:20:40.967","wz2706o","18168292","[PREMIUM]","[PREMIUM]","[PREMIUM]","402","Terrace 402","1",3,"['1','2','3']",,"seatgeek_app","open_marketplace",1,"[PREMIUM]","1,3"
"xb9imlqLAqD","2026-09-12 23:55:18.111","2026-09-16 22:27:39.900","xb9imlqLAqD","18168292","[PREMIUM]","[PREMIUM]","[PREMIUM]","454","Terrace 454","13",12,"['6','7','8','9','10','11','12','13','14','15','16','17']","2026-05-15 00:00:00","electronic","exchange",1,"[PREMIUM]","1,2,3,4,5,6,7,8,9,10,12"
"y4jjo4y","2026-09-12 23:55:18.111","2026-09-20 22:19:34.140","y4jjo4y","18168292","[PREMIUM]","[PREMIUM]","[PREMIUM]","433","Ring Of Honor 433","a",2,"['11','12']",,"electronic","open_marketplace",0,"[PREMIUM]","2"
"z3Es6vzvX4g","2026-09-12 23:55:13.401","2026-09-25 23:20:37.278","z3Es6vzvX4g","18014124","[PREMIUM]","[PREMIUM]","[PREMIUM]","106","Section 106","z",2,"['7','8']","2027-01-09 00:00:00","seatgeek_app","exchange",1,"[PREMIUM]","2"
"3q7fNL0Y4gm","2026-09-12 23:55:07.103","2026-09-23 22:33:34.079","3q7fNL0Y4gm","18142259","[PREMIUM]","[PREMIUM]","[PREMIUM]","403","Section 403","19",4,"['11','12','13','14']","2027-01-09 00:00:00","electronic","exchange",0,"[PREMIUM]","1,2,4"
"868wrjw","2026-09-12 23:55:07.103","2026-09-25 23:20:37.411","868wrjw","18142259","[PREMIUM]","[PREMIUM]","[PREMIUM]","121","Section 121","4",2,"['14','15']",,"seatgeek_app","open_marketplace",2,"[PREMIUM]","2"
"JABI3ErYanD","2026-09-12 23:55:07.103","2026-09-25 23:20:37.411","JABI3ErYanD","18142259","[PREMIUM]","[PREMIUM]","[PREMIUM]","226","Section 226","22",2,"['17','18']","2027-01-09 00:00:00","seatgeek_app","exchange",5,"[PREMIUM]","2"
"LbviL8wjKKp","2026-09-12 23:55:07.103","2026-09-21 22:34:37.221","LbviL8wjKKp","18142259","[PREMIUM]","[PREMIUM]","[PREMIUM]","221","Section 221","20",2,"['1','2']","2027-01-09 00:00:00","electronic","exchange",3,"[PREMIUM]","2"
"PX0sgqx633d","2026-09-12 23:55:07.103","2026-09-25 23:20:37.411","PX0sgqx633d","18142259","[PREMIUM]","[PREMIUM]","[PREMIUM]","229","Section 229","19",4,"['15','16','17','18']","2027-01-09 00:00:00","seatgeek_app","exchange",5,"[PREMIUM]","1,2,4"
"b4wUaoPNDld","2026-09-12 23:55:07.103","2026-09-20 22:19:31.309","b4wUaoPNDld","18142259","[PREMIUM]","[PREMIUM]","[PREMIUM]","216","Section 216","19",6,"['29','30','31','32','33','34']","2027-01-09 00:00:00","electronic","exchange",2,"[PREMIUM]","1,2,3,4,6"
"jDvszkonOKg","2026-09-12 23:55:07.103","2026-09-17 22:20:18.048","jDvszkonOKg","18142259","[PREMIUM]","[PREMIUM]","[PREMIUM]","111","Section 111","24",4,"['1','2','3','4']","2026-05-14 00:00:00","electronic","exchange",0,"[PREMIUM]","2,4"
"l_ZK4rd5ksbym4V8HBPQ424snVYJdgfw6pZwkfQmxv1ei4kD4vjsQRV38Ki99iRBUvz","2026-09-12 23:55:07.103","2026-09-24 22:17:51.254","l_ZK4rd5ksbym4V8HBPQ424snVYJdgfw6pZwkfQmxv1ei4kD4vjsQRV38Ki99iRBUvz","18142259","[PREMIUM]","[PREMIUM]","[PREMIUM]","124","Section 124","27",2,"['5','6']",,"sg_app","open",2,"[PREMIUM]","2"
"lxVsdRJ6MPo","2026-09-12 23:55:07.103","2026-09-17 22:20:18.048","lxVsdRJ6MPo","18142259","[PREMIUM]","[PREMIUM]","[PREMIUM]","218","Section 218","19",4,"['13','14','15','16']","2027-01-09 00:00:00","electronic","exchange",2,"[PREMIUM]","1,2,4"
"nx0srKb9AY3","2026-09-12 23:55:07.103","2026-09-19 22:19:06.191","nx0srKb9AY3","18142259","[PREMIUM]","[PREMIUM]","[PREMIUM]","215","Section 215","18",8,"['17','18','19','20','21','22','23','24']","2027-01-09 00:00:00","electronic","exchange",2,"[PREMIUM]","1,2,3,4,5,6,8"
"nygn4ry","2026-09-12 23:55:07.103","2026-09-14 22:36:24.196","nygn4ry","18142259","[PREMIUM]","[PREMIUM]","[PREMIUM]","402","Section 402","12",2,"['1','2']",,"electronic","open_marketplace",1,"[PREMIUM]","2"
"qVjH2m0OnPM","2026-09-12 23:55:07.103","2026-09-17 22:20:18.048","qVjH2m0OnPM","18142259","[PREMIUM]","[PREMIUM]","[PREMIUM]","223","Section 223","23",2,"['7','8']","2027-01-09 00:00:00","electronic","exchange",5,"[PREMIUM]","2"
"qVjH2m0bvkg","2026-09-12 23:55:07.103","2026-09-25 23:20:37.411","qVjH2m0bvkg","18142259","[PREMIUM]","[PREMIUM]","[PREMIUM]","403","Section 403","21",11,"['16','17','18','19','20','21','22','23','24','25','26']","2026-05-14 00:00:00","seatgeek_app","exchange",1,"[PREMIUM]","1,2,3,4,5,6,7,8,9,11"
"rVOHkpmbVen","2026-09-12 23:55:07.103","2026-09-20 22:19:31.309","rVOHkpmbVen","18142259","[PREMIUM]","[PREMIUM]","[PREMIUM]","223","Section 223","20",6,"['9','10','11','12','13','14']","2027-01-09 00:00:00","electronic","exchange",5,"[PREMIUM]","1,2,3,4,6"
"eeacK8aMaV2","2026-09-12 23:55:03.831","2026-09-25 23:20:30.259","eeacK8aMaV2","18014272","[PREMIUM]","[PREMIUM]","[PREMIUM]","334","Section 334","14",3,"['1','2','3']","2026-05-26 00:00:00","seatgeek_app","exchange",1,"[PREMIUM]","3"
"BALImM26b0E","2026-09-12 23:54:58.263","2026-09-25 23:19:46.011","BALImM26b0E","18016568","[PREMIUM]","[PREMIUM]","[PREMIUM]","641S","Section 641 S","7",4,"['1','2','3','4']","2026-09-12 00:00:00","seatgeek_app","exchange",0,"[PREMIUM]","1,2,4"
"KezczqGLp52","2026-09-12 23:54:58.263","2026-09-25 23:19:46.011","KezczqGLp52","18016568","[PREMIUM]","[PREMIUM]","[PREMIUM]","114","Section 114","18",2,"['19','20']","2026-09-12 00:00:00","seatgeek_app","exchange",0,"[PREMIUM]","2"
"eeacK8awoaa","2026-09-12 23:54:58.263","2026-09-13 18:11:54.389","eeacK8awoaa","18016568","[PREMIUM]","[PREMIUM]","[PREMIUM]","102","Section 102","27",2,"['19','20']","2026-09-12 00:00:00","sg_app","exchange",0,"[PREMIUM]","2"
"1rgyeq0","2026-09-12 23:54:47.820","2026-09-25 23:19:52.631","1rgyeq0","18165421","[PREMIUM]","[PREMIUM]","[PREMIUM]","119","Section 119","3",2,"['7','8']",,"seatgeek_app","open_marketplace",0,"[PREMIUM]","2"
"1rvmqe6","2026-09-12 23:54:47.820","2026-09-25 23:19:52.631","1rvmqe6","18165421","[PREMIUM]","[PREMIUM]","[PREMIUM]","152","Section 152","21",2,"['4','5']",,"seatgeek_app","open_marketplace",0,"[PREMIUM]","2"
"2kw8v90","2026-09-12 23:54:47.820","2026-09-25 23:19:52.631","2kw8v90","18165421","[PREMIUM]","[PREMIUM]","[PREMIUM]","153","Section 153","38",2,"['14','15']",,"seatgeek_app","open_marketplace",2,"[PREMIUM]","2"
"2v0czqbRj7M","2026-09-12 23:54:47.820","2026-09-20 22:19:32.639","2v0czqbRj7M","18165421","[PREMIUM]","[PREMIUM]","[PREMIUM]","505","Section 505","24",2,"['10','11']","2027-01-09 00:00:00","electronic","exchange",1,"[PREMIUM]","2"
"3q7fNLlRjkV","2026-09-12 23:54:47.820","2026-09-13 22:12:31.843","3q7fNLlRjkV","18165421","[PREMIUM]","[PREMIUM]","[PREMIUM]","549","Section 549","27",8,"['9','10','11','12','13','14','15','16']","2027-01-09 00:00:00","electronic","exchange",2,"[PREMIUM]","1,2,3,4,5,6,8"
"4vXcjRDoAqP","2026-09-12 23:54:47.820","2026-09-25 23:19:52.631","4vXcjRDoAqP","18165421","[PREMIUM]","[PREMIUM]","[PREMIUM]","151","Section 151","41",2,"['3','4']","2026-06-29 00:00:00","seatgeek_app","exchange",0,"[PREMIUM]","2"
"4vXcjRDEJgq","2026-09-12 23:54:47.820","2026-09-25 23:19:52.631","4vXcjRDEJgq","18165421","[PREMIUM]","[PREMIUM]","[PREMIUM]","106","Section 106","36",2,"['13','14']","2027-01-08 00:00:00","seatgeek_app","exchange",1,"[PREMIUM]","2"
"4vXcjRkDq8p","2026-09-12 23:54:47.820","2026-09-22 22:15:33.236","4vXcjRkDq8p","18165421","[PREMIUM]","[PREMIUM]","[PREMIUM]","553","Section 553","27",8,"['9','10','11','12','13','14','15','16']","2027-01-09 00:00:00","electronic","exchange",1,"[PREMIUM]","1,2,3,4,5,6,8"
"6mOhkoqOvoj","2026-09-12 23:54:47.820","2026-09-25 23:19:52.631","6mOhkoqOvoj","18165421","[PREMIUM]","[PREMIUM]","[PREMIUM]","515","Section 515","20",8,"['14','15','16','17','18','19','20','21']","2027-01-09 00:00:00","seatgeek_app","exchange",1,"[PREMIUM]","1,2,3,4,5,6,8"
"8lKt6a4Dnaz","2026-09-12 23:54:47.820","2026-09-24 22:15:52.424","8lKt6a4Dnaz","18165421","[PREMIUM]","[PREMIUM]","[PREMIUM]","553","Section 553","30",2,"['10','11']","2027-01-09 00:00:00","electronic","exchange",1,"[PREMIUM]","2"
"9P2c5Mrg3lx","2026-09-12 23:54:47.820","2026-09-23 22:33:30.723","9P2c5Mrg3lx","18165421","[PREMIUM]","[PREMIUM]","[PREMIUM]","524","Section 524","31",8,"['7','8','9','10','11','12','13','14']","2027-01-09 00:00:00","electronic","exchange",1,"[PREMIUM]","1,2,3,4,5,6,8"
"9P2c5Mr5RZ4","2026-09-12 23:54:47.820","2026-09-23 22:33:30.723","9P2c5Mr5RZ4","18165421","[PREMIUM]","[PREMIUM]","[PREMIUM]","504","Section 504","25",6,"['7','8','9','10','11','12']","2027-01-09 00:00:00","electronic","exchange",1,"[PREMIUM]","1,2,3,4,6"
"9P2c5MwvN45","2026-09-12 23:54:47.820","2026-09-25 23:19:52.631","9P2c5MwvN45","18165421","[PREMIUM]","[PREMIUM]","[PREMIUM]","553","Section 553","21",2,"['19','20']","2026-06-29 00:00:00","seatgeek_app","exchange",0,"[PREMIUM]","2"
"9d991nd","2026-09-12 23:54:47.820","2026-09-25 23:19:52.631","9d991nd","18165421","[PREMIUM]","[PREMIUM]","[PREMIUM]","515","Section 515","2",2,"['15','16']",,"seatgeek_app","open_marketplace",0,"[PREMIUM]","2"
"9d94rjn","2026-09-12 23:54:47.820","2026-09-25 23:19:52.631","9d94rjn","18165421","[PREMIUM]","[PREMIUM]","[PREMIUM]","514","Section 514","20",2,"['18','19']",,"seatgeek_app","open_marketplace",3,"[PREMIUM]","2"
"9P2c5MewZLR","2026-09-12 23:54:47.820","2026-09-25 23:19:52.631","9P2c5MewZLR","18165421","[PREMIUM]","[PREMIUM]","[PREMIUM]","544","Section 544","21",6,"['18','19','20','21','22','23']","2027-01-09 00:00:00","seatgeek_app","exchange",2,"[PREMIUM]","1,2,3,4,6"
"EroUXgVp0bv","2026-09-12 23:54:47.820","2026-09-13 18:39:02.479","EroUXgVp0bv","18165421","[PREMIUM]","[PREMIUM]","[PREMIUM]","539","Section 539","25",3,"['24','25','26']","2027-01-09 00:00:00","electronic","exchange",2,"[PREMIUM]","1,3"
"EroUXgkwaMN","2026-09-12 23:54:47.820","2026-09-25 23:19:52.631","EroUXgkwaMN","18165421","[PREMIUM]","[PREMIUM]","[PREMIUM]","523","Section 523","27",2,"['9','10']","2027-01-09 00:00:00","seatgeek_app","exchange",0,"[PREMIUM]","2"
"JABI3ErVAaN","2026-09-12 23:54:47.820","2026-09-25 23:19:52.631","JABI3ErVAaN","18165421","[PREMIUM]","[PREMIUM]","[PREMIUM]","111","Section 111","42",4,"['7','8','9','10']","2027-01-08 00:00:00","seatgeek_app","exchange",1,"[PREMIUM]","1,2,4"
"KezczqB2owR","2026-09-12 23:54:47.820","2026-09-14 22:41:34.227","KezczqB2owR","18165421","[PREMIUM]","[PREMIUM]","[PREMIUM]","527","Section 527","22",2,"['4','5']","2026-06-29 00:00:00","electronic","exchange",0,"[PREMIUM]","2"
"LbviL84lMer","2026-09-12 23:54:47.820","2026-09-16 22:27:31.407","LbviL84lMer","18165421","[PREMIUM]","[PREMIUM]","[PREMIUM]","525","Section 525","22",2,"['3','4']","2027-01-09 00:00:00","electronic","exchange",1,"[PREMIUM]","2"
"KezczqBdzJ2","2026-09-12 23:54:47.820","2026-09-24 22:15:52.424","KezczqBdzJ2","18165421","[PREMIUM]","[PREMIUM]","[PREMIUM]","532","Section 532","26",2,"['1','2']","2027-01-09 00:00:00","electronic","exchange",0,"[PREMIUM]","2"
"KezczqB2o57","2026-09-12 23:54:47.820","2026-09-25 23:19:52.631","KezczqB2o57","18165421","[PREMIUM]","[PREMIUM]","[PREMIUM]","526","Section 526","25",2,"['15','16']","2026-06-29 00:00:00","seatgeek_app","exchange",0,"[PREMIUM]","2"
"MAeIP34Xj3M","2026-09-12 23:54:47.820","2026-09-25 23:19:52.631","MAeIP34Xj3M","18165421","[PREMIUM]","[PREMIUM]","[PREMIUM]","514","Section 514","20",3,"['7','8','9']","2027-01-09 00:00:00","seatgeek_app","exchange",1,"[PREMIUM]","1,3"
"NrqUv6MxMlr","2026-09-12 23:54:47.820","2026-09-13 11:32:35.765","NrqUv6MxMlr","18165421","[PREMIUM]","[PREMIUM]","[PREMIUM]","530","Section 530","25",2,"['22','23']","2027-01-09 00:00:00","electronic","exchange",1,"[PREMIUM]","2"
"ROXHz2bLgBK","2026-09-12 23:54:47.820","2026-09-25 23:19:52.631","ROXHz2bLgBK","18165421","[PREMIUM]","[PREMIUM]","[PREMIUM]","108","Section 108","28",4,"['4','5','6','7']","2027-01-08 00:00:00","seatgeek_app","exchange",3,"[PREMIUM]","1,2,4"
"ROXHz2pM3Dp","2026-09-12 23:54:47.820","2026-09-23 22:33:30.723","ROXHz2pM3Dp","18165421","[PREMIUM]","[PREMIUM]","[PREMIUM]","511","Section 511","26",4,"['11','12','13','14']","2027-01-09 00:00:00","electronic","exchange",0,"[PREMIUM]","1,2,4"
"YgJtk0MDd9X","2026-09-12 23:54:47.820","2026-09-24 22:15:52.424","YgJtk0MDd9X","18165421","[PREMIUM]","[PREMIUM]","[PREMIUM]","505","Section 505","25",3,"['15','16','17']","2027-01-09 00:00:00","electronic","exchange",2,"[PREMIUM]","1,3"
"agktlMZ8XMZ","2026-09-12 23:54:47.820","2026-09-25 23:19:52.631","agktlMZ8XMZ","18165421","[PREMIUM]","[PREMIUM]","[PREMIUM]","513","Section 513","16",2,"['9','10']","2027-01-09 00:00:00","seatgeek_app","exchange",0,"[PREMIUM]","2"
"b4wUao7A6xp","2026-09-12 23:54:47.820","2026-09-25 23:19:52.631","b4wUao7A6xp","18165421","[PREMIUM]","[PREMIUM]","[PREMIUM]","105","Section 105","6",3,"['8','9','10']","2027-01-08 00:00:00","seatgeek_app","exchange",4,"[PREMIUM]","1,3"
"dNgUgpqGLgE","2026-09-12 23:54:47.820","2026-09-25 23:19:52.631","dNgUgpqGLgE","18165421","[PREMIUM]","[PREMIUM]","[PREMIUM]","500","Section 500","22",2,"['20','21']","2026-06-29 00:00:00","seatgeek_app","exchange",0,"[PREMIUM]","2"
"jDvszkN5eze","2026-09-12 23:54:47.820","2026-09-16 22:27:31.407","jDvszkN5eze","18165421","[PREMIUM]","[PREMIUM]","[PREMIUM]","553","Section 553","22",4,"['17','18','19','20']","2026-06-29 00:00:00","electronic","exchange",0,"[PREMIUM]","2,4"
"jp49wpr","2026-09-12 23:54:47.820","2026-09-25 23:19:52.631","jp49wpr","18165421","[PREMIUM]","[PREMIUM]","[PREMIUM]","501","Section 501","27",2,"['18','19']",,"seatgeek_app","open_marketplace",0,"[PREMIUM]","2"
"jDvszk4egq5","2026-09-12 23:54:47.820","2026-09-25 23:19:52.631","jDvszk4egq5","18165421","[PREMIUM]","[PREMIUM]","[PREMIUM]","139","Section 139","35",4,"['11','12','13','14']","2026-09-19 00:00:00","seatgeek_app","exchange",1,"[PREMIUM]","1,2,4"
"jp4znxr","2026-09-12 23:54:47.820","2026-09-25 23:19:52.631","jp4znxr","18165421","[PREMIUM]","[PREMIUM]","[PREMIUM]","253","Section 253","12",4,"['7','8','9','10']",,"seatgeek_app","open_marketplace",1,"[PREMIUM]","2,4"
"kYet9m7JdmN","2026-09-12 23:54:47.820","2026-09-16 22:27:31.407","kYet9m7JdmN","18165421","[PREMIUM]","[PREMIUM]","[PREMIUM]","550","Section 550","20",3,"['9','10','11']","2027-01-09 00:00:00","electronic","exchange",1,"[PREMIUM]","1,3"
"kYet9mnl7P8","2026-09-12 23:54:47.820","2026-09-25 23:19:52.631","kYet9mnl7P8","18165421","[PREMIUM]","[PREMIUM]","[PREMIUM]","502","Section 502","24",5,"['15','16','17','18','19']","2027-01-09 00:00:00","seatgeek_app","exchange",2,"[PREMIUM]","1,2,3,5"
"mxAs4xM0k8M","2026-09-12 23:54:47.820","2026-09-25 23:19:52.631","mxAs4xM0k8M","18165421","[PREMIUM]","[PREMIUM]","[PREMIUM]","526","Section 526","21",4,"['1','2','3','4']","2026-06-29 00:00:00","seatgeek_app","exchange",0,"[PREMIUM]","2,4"
"nx0srKDpl6g","2026-09-12 23:54:47.820","2026-09-25 23:19:52.631","nx0srKDpl6g","18165421","[PREMIUM]","[PREMIUM]","[PREMIUM]","550","Section 550","25",2,"['14','15']","2027-01-09 00:00:00","seatgeek_app","exchange",2,"[PREMIUM]","2"
"o29xq4p","2026-09-12 23:54:47.820","2026-09-25 23:19:52.631","o29xq4p","18165421","[PREMIUM]","[PREMIUM]","[PREMIUM]","102","Section 102","24",5,"['1','2','3','4','5']",,"seatgeek_app","open_marketplace",1,"[PREMIUM]","1,2,3,5"
"nx0srKb5EG6","2026-09-12 23:54:47.820","2026-09-25 23:19:52.631","nx0srKb5EG6","18165421","[PREMIUM]","[PREMIUM]","[PREMIUM]","127","Section 127","30",2,"['22','23']","2027-01-08 00:00:00","seatgeek_app","exchange",3,"[PREMIUM]","2"
"nyg7gdy","2026-09-12 23:54:47.820","2026-09-25 23:19:52.631","nyg7gdy","18165421","[PREMIUM]","[PREMIUM]","[PREMIUM]","121","Section 121","39",2,"['19','20']",,"seatgeek_app","open_marketplace",1,"[PREMIUM]","2"
"oV7Hb6rgjj5","2026-09-12 23:54:47.820","2026-09-12 23:54:47.820","oV7Hb6rgjj5","18165421","[PREMIUM]","[PREMIUM]","[PREMIUM]","509","Section 509","24",4,"['3','4','5','6']","2027-01-09 00:00:00","electronic","exchange",1,"[PREMIUM]","1,2,4"
"p1rpj00","2026-09-12 23:54:47.820","2026-09-25 23:19:52.631","p1rpj00","18165421","[PREMIUM]","[PREMIUM]","[PREMIUM]","109","Section 109","40",4,"['9','10','11','12']",,"seatgeek_app","open_marketplace",1,"[PREMIUM]","1,2,4"
"rVOHkpVjYkz","2026-09-12 23:54:47.820","2026-09-25 23:19:52.631","rVOHkpVjYkz","18165421","[PREMIUM]","[PREMIUM]","[PREMIUM]","500","Section 500","21",2,"['3','4']","2026-06-29 00:00:00","seatgeek_app","exchange",0,"[PREMIUM]","2"
"rVOHkpV5JBO","2026-09-12 23:54:47.820","2026-09-25 23:19:52.631","rVOHkpV5JBO","18165421","[PREMIUM]","[PREMIUM]","[PREMIUM]","534","Section 534","16",4,"['4','5','6','7']","2027-01-08 00:00:00","seatgeek_app","exchange",2,"[PREMIUM]","1,2,4"
"rr99ono","2026-09-12 23:54:47.820","2026-09-25 23:19:52.631","rr99ono","18165421","[PREMIUM]","[PREMIUM]","[PREMIUM]","524","Section 524","13",2,"['7','8']",,"seatgeek_app","open_marketplace",0,"[PREMIUM]","2"
"vb3iPwnrJXV","2026-09-12 23:54:47.820","2026-09-16 22:27:31.407","vb3iPwnrJXV","18165421","[PREMIUM]","[PREMIUM]","[PREMIUM]","504","Section 504","24",4,"['20','21','22','23']","2027-01-09 00:00:00","electronic","exchange",1,"[PREMIUM]","1,2,4"
"w3Jse8rew9m","2026-09-12 23:54:47.820","2026-09-24 22:15:52.424","w3Jse8rew9m","18165421","[PREMIUM]","[PREMIUM]","[PREMIUM]","525","Section 525","28",6,"['17','18','19','20','21','22']","2027-01-09 00:00:00","electronic","exchange",0,"[PREMIUM]","1,2,3,4,6"
"wz277jo","2026-09-12 23:54:47.820","2026-09-25 23:19:52.631","wz277jo","18165421","[PREMIUM]","[PREMIUM]","[PREMIUM]","136","Section 136","6",3,"['9','10','11']",,"seatgeek_app","open_marketplace",3,"[PREMIUM]","1,3"
"y4j26e7","2026-09-12 23:54:47.820","2026-09-25 23:19:52.631","y4j26e7","18165421","[PREMIUM]","[PREMIUM]","[PREMIUM]","147","Section 147","34",2,"['1','2']",,"seatgeek_app","open_marketplace",3,"[PREMIUM]","2"
"z3Es6vKreDP","2026-09-12 23:54:47.820","2026-09-25 23:19:52.631","z3Es6vKreDP","18165421","[PREMIUM]","[PREMIUM]","[PREMIUM]","500","Section 500","21",2,"['8','9']","2026-06-29 00:00:00","seatgeek_app","exchange",0,"[PREMIUM]","2"
"6mOhkoZA69w","2026-09-12 23:54:37.249","2026-09-13 20:10:33.213","6mOhkoZA69w","18014000","[PREMIUM]","[PREMIUM]","[PREMIUM]","106","Section 106","12",4,"['19','20','21','22']","2027-01-02 00:00:00","sg_app","exchange",0,"[PREMIUM]","2,4"
"NrqUv6MXrZw","2026-09-12 23:54:37.249","2026-09-25 23:19:36.525","NrqUv6MXrZw","18014000","[PREMIUM]","[PREMIUM]","[PREMIUM]","150","Section 150","13",3,"['7','8','9']","2026-09-12 00:00:00","seatgeek_app","exchange",1,"[PREMIUM]","1,2,3"
"8lKt6azlaxm","2026-09-12 23:53:14.595","2026-09-13 22:12:20.732","8lKt6azlaxm","18016777","[PREMIUM]","[PREMIUM]","[PREMIUM]","124","Section 124","13",2,"['14','15']","2026-09-12 00:00:00","sg_app","exchange",0,"[PREMIUM]","2"
"YgJtk0MvOOR","2026-09-12 23:53:14.595","2026-09-25 23:19:49.092","YgJtk0MvOOR","18016777","[PREMIUM]","[PREMIUM]","[PREMIUM]","C219","Section C 219","10",2,"['17','18']","2026-09-25 00:00:00","seatgeek_app","exchange",0,"[PREMIUM]","2"
"g48Ur63b2Om","2026-09-12 23:53:14.595","2026-09-13 22:12:20.732","g48Ur63b2Om","18016777","[PREMIUM]","[PREMIUM]","[PREMIUM]","103","Section 103","14",2,"['12','13']","2026-09-12 00:00:00","sg_app","exchange",0,"[PREMIUM]","2"
"nx0srK9l5N6","2026-09-12 23:53:14.595","2026-09-13 22:12:20.732","nx0srK9l5N6","18016777","[PREMIUM]","[PREMIUM]","[PREMIUM]","119","Section 119","17",2,"['5','6']","2026-09-12 00:00:00","sg_app","exchange",0,"[PREMIUM]","2"
"z3Es6vzpqxr","2026-09-12 23:53:14.595","2026-09-13 13:53:00.262","z3Es6vzpqxr","18016777","[PREMIUM]","[PREMIUM]","[PREMIUM]","C212","Section C 212","10",2,"['5','6']","2026-09-12 00:00:00","sg_app","exchange",0,"[PREMIUM]","2"
"05VT8lLD0ex","2026-09-12 23:52:57.150","2026-09-25 23:19:42.689","05VT8lLD0ex","18016516","[PREMIUM]","[PREMIUM]","[PREMIUM]","134","Section 134","10",3,"['7','8','9']","2027-01-02 00:00:00","seatgeek_app","exchange",1,"[PREMIUM]","3"
"05VT8lLD0ZY","2026-09-12 23:52:57.150","2026-09-25 23:19:42.689","05VT8lLD0ZY","18016516","[PREMIUM]","[PREMIUM]","[PREMIUM]","220","Section 220","13",4,"['1','2','3','4']","2027-01-02 00:00:00","seatgeek_app","exchange",1,"[PREMIUM]","2,4"
"2v0czqPR0NK","2026-09-12 23:52:57.150","2026-09-25 23:19:42.689","2v0czqPR0NK","18016516","[PREMIUM]","[PREMIUM]","[PREMIUM]","113","Section 113","4",4,"['9','10','11','12']","2027-01-02 00:00:00","seatgeek_app","exchange",1,"[PREMIUM]","2,4"
"2v0czqPR0wB","2026-09-12 23:52:57.150","2026-09-25 23:19:42.689","2v0czqPR0wB","18016516","[PREMIUM]","[PREMIUM]","[PREMIUM]","223","Section 223","10",2,"['3','4']","2027-01-02 00:00:00","seatgeek_app","exchange",1,"[PREMIUM]","2"
"2v0czqPR0NY","2026-09-12 23:52:57.150","2026-09-25 23:19:42.689","2v0czqPR0NY","18016516","[PREMIUM]","[PREMIUM]","[PREMIUM]","206","206 Club","11",5,"['7','8','9','10','11']","2027-01-02 00:00:00","seatgeek_app","exchange",4,"[PREMIUM]","1,2,3,5"
"3q7fNL07EDp","2026-09-12 23:52:57.150","2026-09-25 23:19:42.689","3q7fNL07EDp","18016516","[PREMIUM]","[PREMIUM]","[PREMIUM]","206","206 Club","3",4,"['1','2','3','4']","2027-01-02 00:00:00","seatgeek_app","exchange",1,"[PREMIUM]","2,4"
"4vXcjR7XloZ","2026-09-12 23:52:57.150","2026-09-25 23:19:42.689","4vXcjR7XloZ","18016516","[PREMIUM]","[PREMIUM]","[PREMIUM]","226","Section 226","21",4,"['9','10','11','12']","2027-01-02 00:00:00","seatgeek_app","exchange",0,"[PREMIUM]","2,4"
"6mOhkoZOrJ0","2026-09-12 23:52:57.150","2026-09-25 23:19:42.689","6mOhkoZOrJ0","18016516","[PREMIUM]","[PREMIUM]","[PREMIUM]","143","Section 143","3",3,"['1','2','3']","2027-01-02 00:00:00","seatgeek_app","exchange",0,"[PREMIUM]","3"
"6mOhkoZOrB6","2026-09-12 23:52:57.150","2026-09-25 23:19:42.689","6mOhkoZOrB6","18016516","[PREMIUM]","[PREMIUM]","[PREMIUM]","223","Section 223","17",4,"['14','15','16','17']","2027-01-02 00:00:00","seatgeek_app","exchange",1,"[PREMIUM]","2,4"
"6mOhkoZOr7Z","2026-09-12 23:52:57.150","2026-09-25 23:19:42.689","6mOhkoZOr7Z","18016516","[PREMIUM]","[PREMIUM]","[PREMIUM]","115","Section 115","15",2,"['18','19']","2027-01-02 00:00:00","seatgeek_app","exchange",2,"[PREMIUM]","2"
"7KntAgDn094","2026-09-12 23:52:57.150","2026-09-25 23:19:42.689","7KntAgDn094","18016516","[PREMIUM]","[PREMIUM]","[PREMIUM]","107","Section 107","6",2,"['5','6']","2027-01-02 00:00:00","seatgeek_app","exchange",2,"[PREMIUM]","2"
"8lKt6azDo3o","2026-09-12 23:52:57.150","2026-09-25 23:19:42.689","8lKt6azDo3o","18016516","[PREMIUM]","[PREMIUM]","[PREMIUM]","226","Section 226","4",2,"['7','8']","2027-01-02 00:00:00","seatgeek_app","exchange",0,"[PREMIUM]","2"
"8lKt6azDoBm","2026-09-12 23:52:57.150","2026-09-25 23:19:42.689","8lKt6azDoBm","18016516","[PREMIUM]","[PREMIUM]","[PREMIUM]","209","209 Club","8",4,"['9','10','11','12']","2027-01-02 00:00:00","seatgeek_app","exchange",2,"[PREMIUM]","2,4"
"8lKt6azDogd","2026-09-12 23:52:57.150","2026-09-25 23:19:42.689","8lKt6azDogd","18016516","[PREMIUM]","[PREMIUM]","[PREMIUM]","108","Section 108","7",5,"['15','16','17','18','19']","2027-01-02 00:00:00","seatgeek_app","exchange",1,"[PREMIUM]","1,2,3,5"
"9P2c5Mr2ELd","2026-09-12 23:52:57.150","2026-09-25 23:19:42.689","9P2c5Mr2ELd","18016516","[PREMIUM]","[PREMIUM]","[PREMIUM]","230","Section 230","1",4,"['17','18','19','20']","2027-01-02 00:00:00","seatgeek_app","exchange",0,"[PREMIUM]","2,4"
"9P2c5Mr2EJ0","2026-09-12 23:52:57.150","2026-09-25 23:19:42.689","9P2c5Mr2EJ0","18016516","[PREMIUM]","[PREMIUM]","[PREMIUM]","142","Section 142","5",3,"['5','6','7']","2027-01-02 00:00:00","seatgeek_app","exchange",0,"[PREMIUM]","3"
"9P2c5Mr2E45","2026-09-12 23:52:57.150","2026-09-25 23:19:42.689","9P2c5Mr2E45","18016516","[PREMIUM]","[PREMIUM]","[PREMIUM]","304","304 Club","3",2,"['13','14']","2027-01-02 00:00:00","seatgeek_app","exchange",0,"[PREMIUM]","2"
"A6rs2KBGKV7","2026-09-12 23:52:57.150","2026-09-16 22:28:54.835","A6rs2KBGKV7","18016516","[PREMIUM]","[PREMIUM]","[PREMIUM]","141","Section 141","11",2,"['16','17']","2026-09-11 00:00:00","sg_app","exchange",0,"[PREMIUM]","2"
"A6rs2KBrd48","2026-09-12 23:52:57.150","2026-09-25 23:19:42.689","A6rs2KBrd48","18016516","[PREMIUM]","[PREMIUM]","[PREMIUM]","219","Section 219","19",4,"['7','8','9','10']","2027-01-02 00:00:00","seatgeek_app","exchange",1,"[PREMIUM]","2,4"
"BALImM2D0xV","2026-09-12 23:52:57.150","2026-09-25 23:19:42.689","BALImM2D0xV","18016516","[PREMIUM]","[PREMIUM]","[PREMIUM]","111","Section 111","4",4,"['14','15','16','17']","2027-01-02 00:00:00","seatgeek_app","exchange",1,"[PREMIUM]","2,4"
"DdwHkMLwGzw","2026-09-12 23:52:57.150","2026-09-25 23:19:42.689","DdwHkMLwGzw","18016516","[PREMIUM]","[PREMIUM]","[PREMIUM]","117","Section 117","1",3,"['10','11','12']","2027-01-02 00:00:00","seatgeek_app","exchange",2,"[PREMIUM]","3"
"EroUXgdDK49","2026-09-12 23:52:57.150","2026-09-25 23:19:42.689","EroUXgdDK49","18016516","[PREMIUM]","[PREMIUM]","[PREMIUM]","114","Section 114","6",3,"['15','16','17']","2027-01-02 00:00:00","seatgeek_app","exchange",1,"[PREMIUM]","3"
"GAaI603bJm8","2026-09-12 23:52:57.150","2026-09-25 23:19:42.689","GAaI603bJm8","18016516","[PREMIUM]","[PREMIUM]","[PREMIUM]","242","Section 242","2",4,"['5','6','7','8']","2027-01-02 00:00:00","seatgeek_app","exchange",1,"[PREMIUM]","2,4"
"GAaI603bJq8","2026-09-12 23:52:57.150","2026-09-25 23:19:42.689","GAaI603bJq8","18016516","[PREMIUM]","[PREMIUM]","[PREMIUM]","220","Section 220","5",4,"['5','6','7','8']","2027-01-02 00:00:00","seatgeek_app","exchange",1,"[PREMIUM]","2,4"
"JABI3E2BGwX","2026-09-12 23:52:57.150","2026-09-25 23:19:42.689","JABI3E2BGwX","18016516","[PREMIUM]","[PREMIUM]","[PREMIUM]","136","Section 136","15",4,"['9','10','11','12']","2027-01-02 00:00:00","seatgeek_app","exchange",2,"[PREMIUM]","2,4"
"KezczqGbMrG","2026-09-12 23:52:57.150","2026-09-25 23:19:42.689","KezczqGbMrG","18016516","[PREMIUM]","[PREMIUM]","[PREMIUM]","143","Section 143","2",1,"['1']","2027-01-02 00:00:00","seatgeek_app","exchange",0,"[PREMIUM]","1"
"LbviL8wmGLB","2026-09-12 23:52:57.150","2026-09-25 23:19:42.689","LbviL8wmGLB","18016516","[PREMIUM]","[PREMIUM]","[PREMIUM]","111","Section 111","3",4,"['14','15','16','17']","2027-01-02 00:00:00","seatgeek_app","exchange",0,"[PREMIUM]","2,4"
"MAeIP35XGvo","2026-09-12 23:52:57.150","2026-09-25 23:19:42.689","MAeIP35XGvo","18016516","[PREMIUM]","[PREMIUM]","[PREMIUM]","250","Section 250","3",4,"['1','2','3','4']","2027-01-02 00:00:00","seatgeek_app","exchange",0,"[PREMIUM]","2,4"
"NrqUv6Mmpww","2026-09-12 23:52:57.150","2026-09-25 23:19:42.689","NrqUv6Mmpww","18016516","[PREMIUM]","[PREMIUM]","[PREMIUM]","110","Section 110","6",4,"['5','6','7','8']","2027-01-02 00:00:00","seatgeek_app","exchange",1,"[PREMIUM]","2,4"
"O7AhwKR7MAa","2026-09-12 23:52:57.150","2026-09-25 23:19:42.689","O7AhwKR7MAa","18016516","[PREMIUM]","[PREMIUM]","[PREMIUM]","336","Section 336","3",4,"['5','6','7','8']","2027-01-02 00:00:00","seatgeek_app","exchange",1,"[PREMIUM]","2,4"
"ROXHz2pAM0p","2026-09-12 23:52:57.150","2026-09-25 23:19:42.689","ROXHz2pAM0p","18016516","[PREMIUM]","[PREMIUM]","[PREMIUM]","225","Section 225","2",2,"['8','9']","2027-01-02 00:00:00","seatgeek_app","exchange",0,"[PREMIUM]","2"
"PX0sgqJ7Bnn","2026-09-12 23:52:57.150","2026-09-25 23:19:42.689","PX0sgqJ7Bnn","18016516","[PREMIUM]","[PREMIUM]","[PREMIUM]","113","Section 113","12",4,"['14','15','16','17']","2027-01-02 00:00:00","seatgeek_app","exchange",1,"[PREMIUM]","2,4"
"PX0sgqJ7Bml","2026-09-12 23:52:57.150","2026-09-25 23:19:42.689","PX0sgqJ7Bml","18016516","[PREMIUM]","[PREMIUM]","[PREMIUM]","136","Section 136","5",4,"['10','11','12','13']","2027-01-02 00:00:00","seatgeek_app","exchange",1,"[PREMIUM]","2,4"
"V4KU04NeZb3","2026-09-12 23:52:57.150","2026-09-25 23:19:42.689","V4KU04NeZb3","18016516","[PREMIUM]","[PREMIUM]","[PREMIUM]","106","Section 106","2",2,"['1','2']","2027-01-02 00:00:00","seatgeek_app","exchange",1,"[PREMIUM]","2"
"V4KU04NeZRZ","2026-09-12 23:52:57.150","2026-09-25 23:19:42.689","V4KU04NeZRZ","18016516","[PREMIUM]","[PREMIUM]","[PREMIUM]","254","Section 254","12",4,"['5','6','7','8']","2027-01-02 00:00:00","seatgeek_app","exchange",1,"[PREMIUM]","2,4"
"YgJtk0MDAk2","2026-09-12 23:52:57.150","2026-09-25 23:19:42.689","YgJtk0MDAk2","18016516","[PREMIUM]","[PREMIUM]","[PREMIUM]","106","Section 106","8",4,"['7','8','9','10']","2027-01-02 00:00:00","seatgeek_app","exchange",1,"[PREMIUM]","2,4"
"YgJtk0MDA86","2026-09-12 23:52:57.150","2026-09-25 23:19:42.689","YgJtk0MDA86","18016516","[PREMIUM]","[PREMIUM]","[PREMIUM]","251","Section 251","21",8,"['1','2','3','4','5','6','7','8']","2027-01-02 00:00:00","seatgeek_app","exchange",1,"[PREMIUM]","1,2,3,4,5,6,8"
"X03tKl0bpRk","2026-09-12 23:52:57.150","2026-09-25 23:19:42.689","X03tKl0bpRk","18016516","[PREMIUM]","[PREMIUM]","[PREMIUM]","309","309 Club","6",4,"['16','17','18','19']","2027-01-02 00:00:00","seatgeek_app","exchange",2,"[PREMIUM]","2,4"
"X03tKl0bpPA","2026-09-12 23:52:57.150","2026-09-25 23:19:42.689","X03tKl0bpPA","18016516","[PREMIUM]","[PREMIUM]","[PREMIUM]","134","Section 134","9",7,"['3','4','5','6','7','8','9']","2027-01-02 00:00:00","seatgeek_app","exchange",1,"[PREMIUM]","1,2,3,4,5,7"
"X03tKl0bpGA","2026-09-12 23:52:57.150","2026-09-25 23:19:42.689","X03tKl0bpGA","18016516","[PREMIUM]","[PREMIUM]","[PREMIUM]","132","Section 132","1",4,"['7','8','9','10']","2027-01-02 00:00:00","seatgeek_app","exchange",2,"[PREMIUM]","2,4"
"Zm9hvJKl06Y","2026-09-12 23:52:57.150","2026-09-25 23:19:42.689","Zm9hvJKl06Y","18016516","[PREMIUM]","[PREMIUM]","[PREMIUM]","106","Section 106","12",4,"['7','8','9','10']","2027-01-02 00:00:00","seatgeek_app","exchange",2,"[PREMIUM]","2,4"
"Zm9hvJKl0AN","2026-09-12 23:52:57.150","2026-09-25 23:19:42.689","Zm9hvJKl0AN","18016516","[PREMIUM]","[PREMIUM]","[PREMIUM]","254","Section 254","24",6,"['1','2','3','4','5','6']","2027-01-02 00:00:00","seatgeek_app","exchange",1,"[PREMIUM]","2,4,6"
"agktlM68plN","2026-09-12 23:52:57.150","2026-09-25 23:19:42.689","agktlM68plN","18016516","[PREMIUM]","[PREMIUM]","[PREMIUM]","233","Section 233","4",1,"['9']","2027-01-02 00:00:00","seatgeek_app","exchange",0,"[PREMIUM]","1"
"b4wUaoBkpRq","2026-09-12 23:52:57.150","2026-09-25 23:19:42.689","b4wUaoBkpRq","18016516","[PREMIUM]","[PREMIUM]","[PREMIUM]","138","Section 138","4",2,"['16','17']","2027-01-02 00:00:00","seatgeek_app","exchange",0,"[PREMIUM]","2"
"b4wUaoBkp2L","2026-09-12 23:52:57.150","2026-09-25 23:19:42.689","b4wUaoBkp2L","18016516","[PREMIUM]","[PREMIUM]","[PREMIUM]","223","Section 223","12",3,"['13','14','15']","2027-01-02 00:00:00","seatgeek_app","exchange",1,"[PREMIUM]","3"
"dNgUgpXxBed","2026-09-12 23:52:57.150","2026-09-25 23:19:42.689","dNgUgpXxBed","18016516","[PREMIUM]","[PREMIUM]","[PREMIUM]","252","Section 252","22",4,"['17','18','19','20']","2027-01-02 00:00:00","seatgeek_app","exchange",0,"[PREMIUM]","2,4"
"dNgUgpXxBaK","2026-09-12 23:52:57.150","2026-09-25 23:19:42.689","dNgUgpXxBaK","18016516","[PREMIUM]","[PREMIUM]","[PREMIUM]","250","Section 250","3",6,"['13','14','15','16','17','18']","2027-01-02 00:00:00","seatgeek_app","exchange",0,"[PREMIUM]","2,4,6"
"dNgUgpXxB9d","2026-09-12 23:52:57.150","2026-09-25 23:19:42.689","dNgUgpXxB9d","18016516","[PREMIUM]","[PREMIUM]","[PREMIUM]","304","304 Club","7",4,"['9','10','11','12']","2027-01-02 00:00:00","seatgeek_app","exchange",1,"[PREMIUM]","2,4"
"eeacK8ajd5v","2026-09-12 23:52:57.150","2026-09-25 23:19:42.689","eeacK8ajd5v","18016516","[PREMIUM]","[PREMIUM]","[PREMIUM]","110","Section 110","13",2,"['5','6']","2027-01-02 00:00:00","seatgeek_app","exchange",1,"[PREMIUM]","2"
"eeacK8ajdKv","2026-09-12 23:52:57.150","2026-09-25 23:19:42.689","eeacK8ajdKv","18016516","[PREMIUM]","[PREMIUM]","[PREMIUM]","254","Section 254","3",6,"['1','2','3','4','5','6']","2027-01-02 00:00:00","seatgeek_app","exchange",1,"[PREMIUM]","2,4,6"
"g48Ur63npjO","2026-09-12 23:52:57.150","2026-09-15 11:10:05.430","g48Ur63npjO","18016516","[PREMIUM]","[PREMIUM]","[PREMIUM]","110","Section 110","10",8,"['1','2','3','4','5','6','7','8']","2027-01-02 00:00:00","sg_app","exchange",4,"[PREMIUM]","1,2,3,4,5,6,8"
"g48Ur63nprP","2026-09-12 23:52:57.150","2026-09-25 23:19:42.689","g48Ur63nprP","18016516","[PREMIUM]","[PREMIUM]","[PREMIUM]","115","Section 115","4",2,"['9','10']","2027-01-02 00:00:00","seatgeek_app","exchange",2,"[PREMIUM]","2"
"jDvszkoVlE9","2026-09-12 23:52:57.150","2026-09-12 23:52:57.150","jDvszkoVlE9","18016516","[PREMIUM]","[PREMIUM]","[PREMIUM]","431","Section 431","13",2,"['5','6']","2026-09-12 00:00:00","sg_app","exchange",0,"[PREMIUM]","2"
"jDvszko3jEe","2026-09-12 23:52:57.150","2026-09-25 23:19:42.689","jDvszko3jEe","18016516","[PREMIUM]","[PREMIUM]","[PREMIUM]","212","212 Club","11",4,"['3','4','5','6']","2027-01-02 00:00:00","seatgeek_app","exchange",2,"[PREMIUM]","2,4"
"kYet9mnJORK","2026-09-12 23:52:57.150","2026-09-25 23:19:42.689","kYet9mnJORK","18016516","[PREMIUM]","[PREMIUM]","[PREMIUM]","341","Section 341","1",2,"['9','10']","2027-01-02 00:00:00","seatgeek_app","exchange",0,"[PREMIUM]","2"
"lxVsdRE9Z2N","2026-09-12 23:52:57.150","2026-09-25 23:19:42.689","lxVsdRE9Z2N","18016516","[PREMIUM]","[PREMIUM]","[PREMIUM]","241","Section 241","4",4,"['5','6','7','8']","2027-01-02 00:00:00","seatgeek_app","exchange",1,"[PREMIUM]","2,4"
"mxAs4xmAK3x","2026-09-12 23:52:57.150","2026-09-13 18:11:41.422","mxAs4xmAK3x","18016516","[PREMIUM]","[PREMIUM]","[PREMIUM]","331","Section 331","12",2,"['1','2']","2027-01-02 00:00:00","sg_app","exchange",0,"[PREMIUM]","2"
"nx0srK9E2Vv","2026-09-12 23:52:57.150","2026-09-25 23:19:42.689","nx0srK9E2Vv","18016516","[PREMIUM]","[PREMIUM]","[PREMIUM]","133","Section 133","3",2,"['14','15']","2027-01-02 00:00:00","seatgeek_app","exchange",1,"[PREMIUM]","2"
"oV7Hb6vAqmw","2026-09-12 23:52:57.150","2026-09-25 23:19:42.689","oV7Hb6vAqmw","18016516","[PREMIUM]","[PREMIUM]","[PREMIUM]","112","Section 112","13",2,"['3','4']","2027-01-02 00:00:00","seatgeek_app","exchange",1,"[PREMIUM]","2"
"pVXHD7e4Jd8","2026-09-12 23:52:57.150","2026-09-25 23:19:42.689","pVXHD7e4Jd8","18016516","[PREMIUM]","[PREMIUM]","[PREMIUM]","110","Section 110","8",4,"['1','2','3','4']","2027-01-02 00:00:00","seatgeek_app","exchange",1,"[PREMIUM]","2,4"
"qVjH2mor9Vq","2026-09-12 23:52:57.150","2026-09-25 23:19:42.689","qVjH2mor9Vq","18016516","[PREMIUM]","[PREMIUM]","[PREMIUM]","204","204 Club","9",4,"['4','5','6','7']","2027-01-02 00:00:00","seatgeek_app","exchange",2,"[PREMIUM]","2,4"
"qVjH2mor976","2026-09-12 23:52:57.150","2026-09-25 23:19:42.689","qVjH2mor976","18016516","[PREMIUM]","[PREMIUM]","[PREMIUM]","114","Section 114","15",2,"['13','14']","2027-01-02 00:00:00","seatgeek_app","exchange",3,"[PREMIUM]","2"
"qVjH2mor926","2026-09-12 23:52:57.150","2026-09-25 23:19:42.689","qVjH2mor926","18016516","[PREMIUM]","[PREMIUM]","[PREMIUM]","133","Section 133","13",5,"['7','8','9','10','11']","2027-01-02 00:00:00","seatgeek_app","exchange",1,"[PREMIUM]","1,2,3,5"
"rVOHkpdL6ew","2026-09-12 23:52:57.150","2026-09-25 23:19:42.689","rVOHkpdL6ew","18016516","[PREMIUM]","[PREMIUM]","[PREMIUM]","304","304 Club","1",3,"['5','6','7']","2027-01-02 00:00:00","seatgeek_app","exchange",1,"[PREMIUM]","3"
"rVOHkpdL67o","2026-09-12 23:52:57.150","2026-09-25 23:19:42.689","rVOHkpdL67o","18016516","[PREMIUM]","[PREMIUM]","[PREMIUM]","133","Section 133","6",4,"['8','9','10','11']","2027-01-02 00:00:00","seatgeek_app","exchange",2,"[PREMIUM]","2,4"
"rVOHkpdL67L","2026-09-12 23:52:57.150","2026-09-25 23:19:42.689","rVOHkpdL67L","18016516","[PREMIUM]","[PREMIUM]","[PREMIUM]","240","Section 240","3",4,"['9','10','11','12']","2027-01-02 00:00:00","seatgeek_app","exchange",0,"[PREMIUM]","2,4"
"w3Jse8raLGk","2026-09-12 23:52:57.150","2026-09-13 18:11:41.422","w3Jse8raLGk","18016516","[PREMIUM]","[PREMIUM]","[PREMIUM]","223","Section 223","13",3,"['13','14','15']","2027-01-02 00:00:00","sg_app","exchange",1,"[PREMIUM]","3"
"w3Jse8raLM6","2026-09-12 23:52:57.150","2026-09-25 23:19:42.689","w3Jse8raLM6","18016516","[PREMIUM]","[PREMIUM]","[PREMIUM]","112","Section 112","6",4,"['1','2','3','4']","2027-01-02 00:00:00","seatgeek_app","exchange",0,"[PREMIUM]","2,4"
"w3Jse8raL3A","2026-09-12 23:52:57.150","2026-09-25 23:19:42.689","w3Jse8raL3A","18016516","[PREMIUM]","[PREMIUM]","[PREMIUM]","218","Section 218","20",6,"['1','2','3','4','5','6']","2027-01-02 00:00:00","seatgeek_app","exchange",1,"[PREMIUM]","2,4,6"
"w3Jse8raL2k","2026-09-12 23:52:57.150","2026-09-25 23:19:42.689","w3Jse8raL2k","18016516","[PREMIUM]","[PREMIUM]","[PREMIUM]","233","Section 233","3",1,"['9']","2027-01-02 00:00:00","seatgeek_app","exchange",0,"[PREMIUM]","1"
"vb3iPwngr48","2026-09-12 23:52:57.150","2026-09-25 23:19:42.689","vb3iPwngr48","18016516","[PREMIUM]","[PREMIUM]","[PREMIUM]","250","Section 250","23",4,"['5','6','7','8']","2027-01-02 00:00:00","seatgeek_app","exchange",1,"[PREMIUM]","2,4"
"xb9imlnMxo0","2026-09-12 23:52:57.150","2026-09-25 23:19:42.689","xb9imlnMxo0","18016516","[PREMIUM]","[PREMIUM]","[PREMIUM]","212","212 Club","1",2,"['14','15']","2027-01-02 00:00:00","seatgeek_app","exchange",1,"[PREMIUM]","2"
"z3Es6vzB7Lb","2026-09-12 23:52:57.150","2026-09-25 23:19:42.689","z3Es6vzB7Lb","18016516","[PREMIUM]","[PREMIUM]","[PREMIUM]","128","Section 128","8",3,"['10','11','12']","2027-01-02 00:00:00","seatgeek_app","exchange",2,"[PREMIUM]","3"
"z3Es6vzB7DP","2026-09-12 23:52:57.150","2026-09-25 23:19:42.689","z3Es6vzB7DP","18016516","[PREMIUM]","[PREMIUM]","[PREMIUM]","304","304 Club","2",3,"['5','6','7']","2027-01-02 00:00:00","seatgeek_app","exchange",1,"[PREMIUM]","3"
"1rge4yn","2026-09-12 23:52:55.171","2026-09-25 23:19:41.211","1rge4yn","18168296","[PREMIUM]","[PREMIUM]","[PREMIUM]","103","Section 103","3",4,"['12','13','14','15']",,"seatgeek_app","open_marketplace",4,"[PREMIUM]","2,4"
"2v0czq5kPoJ","2026-09-12 23:52:55.171","2026-09-13 18:12:19.421","2v0czq5kPoJ","18168296","[PREMIUM]","[PREMIUM]","[PREMIUM]","135","Section 135","37",3,"['9','10','11']","2026-05-15 00:00:00","electronic","exchange",1,"[PREMIUM]","1,3"
"414xymq","2026-09-12 23:52:55.171","2026-09-25 23:19:41.211","414xymq","18168296","[PREMIUM]","[PREMIUM]","[PREMIUM]","402","Terrace 402","1",3,"['1','2','3']",,"seatgeek_app","open_marketplace",2,"[PREMIUM]","1,3"
"9P2c5MwzLdd","2026-09-12 23:52:55.171","2026-09-20 22:19:23.760","9P2c5MwzLdd","18168296","[PREMIUM]","[PREMIUM]","[PREMIUM]","433","Terrace 433","13",2,"['19','20']","2026-05-15 00:00:00","electronic","exchange",1,"[PREMIUM]","2"
"A6rs2KB0qdP","2026-09-12 23:52:55.171","2026-09-25 23:19:41.211","A6rs2KB0qdP","18168296","[PREMIUM]","[PREMIUM]","[PREMIUM]","454","Terrace 454","17",6,"['13','14','15','16','17','18']","2026-05-15 00:00:00","seatgeek_app","exchange",1,"[PREMIUM]","2,4,6"
"Kezcz6vY45A","2026-09-12 23:52:55.171","2026-09-21 22:34:15.194","Kezcz6vY45A","18168296","[PREMIUM]","[PREMIUM]","[PREMIUM]","450","Terrace 450","4",2,"[]","2027-01-01 00:00:00","electronic","exchange",0,"[PREMIUM]","2"
"PX0sgqlpZA5","2026-09-12 23:52:55.171","2026-09-17 22:20:03.621","PX0sgqlpZA5","18168296","[PREMIUM]","[PREMIUM]","[PREMIUM]","435","Terrace 435","16",3,"['25','26','27']","2026-05-15 00:00:00","electronic","exchange",0,"[PREMIUM]","1,3"
"Zm9hvJKNLw9","2026-09-12 23:52:55.171","2026-09-25 23:19:41.211","Zm9hvJKNLw9","18168296","[PREMIUM]","[PREMIUM]","[PREMIUM]","444","Terrace 444","17",1,"['14']","2027-01-02 00:00:00","seatgeek_app","exchange",0,"[PREMIUM]","1"
"l_D5DqjXnTMApK9szrKlxqsvkwWyxTxznxATPvgk0YTeNMezPhkjpErGhbjtnysrr","2026-09-12 23:52:55.171","2026-09-24 22:15:48.128","l_D5DqjXnTMApK9szrKlxqsvkwWyxTxznxATPvgk0YTeNMezPhkjpErGhbjtnysrr","18168296","[PREMIUM]","[PREMIUM]","[PREMIUM]","116","Section 116","36",5,"['9','10','11','12','13']",,"sg_app","open",2,"[PREMIUM]","1,2,3,5"
"l_RYRk3bnHMvDZ8sDBRm2LiWRwY0BHdL0dgSvEAnVDI2VQ2WnsVGb08NHldtYJhNZ","2026-09-12 23:52:55.171","2026-09-25 23:19:41.211","l_RYRk3bnHMvDZ8sDBRm2LiWRwY0BHdL0dgSvEAnVDI2VQ2WnsVGb08NHldtYJhNZ","18168296","[PREMIUM]","[PREMIUM]","[PREMIUM]","116","Section 116","37",2,"['7','8']",,"seatgeek_app","open",1,"[PREMIUM]","2"
"mopej40","2026-09-12 23:52:55.171","2026-09-25 23:19:41.211","mopej40","18168296","[PREMIUM]","[PREMIUM]","[PREMIUM]","107","Section 107","26",4,"['3','4','5','6']",,"seatgeek_app","open_marketplace",0,"[PREMIUM]","4"
"nyggd8y","2026-09-12 23:52:55.171","2026-09-25 23:19:41.211","nyggd8y","18168296","[PREMIUM]","[PREMIUM]","[PREMIUM]","108","Section 108","26",2,"['3','4']",,"seatgeek_app","open_marketplace",1,"[PREMIUM]","2"
"p148y76","2026-09-12 23:52:55.171","2026-09-14 22:39:07.893","p148y76","18168296","[PREMIUM]","[PREMIUM]","[PREMIUM]","134","Section 134","14",2,"['1','2']",,"electronic","open_marketplace",0,"[PREMIUM]","2"
"rVOHkpVvX0g","2026-09-12 23:52:55.171","2026-09-14 07:43:02.855","rVOHkpVvX0g","18168296","[PREMIUM]","[PREMIUM]","[PREMIUM]","112","Section 112","15",8,"['3','4','5','6','7','8','9','10']","2026-05-15 00:00:00","electronic","exchange",1,"[PREMIUM]","1,2,3,4,5,6,8"
"wz27g9g","2026-09-12 23:52:55.171","2026-09-25 23:19:41.211","wz27g9g","18168296","[PREMIUM]","[PREMIUM]","[PREMIUM]","403","Terrace 403","1",2,"['1','2']",,"seatgeek_app","open_marketplace",1,"[PREMIUM]","2"
"z3Es6vkR07j","2026-09-12 23:52:55.171","2026-09-24 22:15:48.128","z3Es6vkR07j","18168296","[PREMIUM]","[PREMIUM]","[PREMIUM]","449","Terrace 449","18",12,"['1','2','3','4','5','6','7','8','9','10','11','12']","2026-05-15 00:00:00","electronic","exchange",0,"[PREMIUM]","1,2,3,4,5,6,7,8,9,10,12"
"2v0czqPdXOE","2026-09-12 23:52:50.295","2026-09-25 11:11:37.893","2v0czqPdXOE","18142263","[PREMIUM]","[PREMIUM]","[PREMIUM]","215","Section 215","18",5,"['35','36','37','38','39']","2026-12-19 00:00:00","electronic","exchange",4,"[PREMIUM]","1,2,3,5"
"2v0czqedpBx","2026-09-12 23:52:50.295","2026-09-25 23:16:09.614","2v0czqedpBx","18142263","[PREMIUM]","[PREMIUM]","[PREMIUM]","214","Section 214","23",8,"['18','19','20','21','22','23','24','25']","2026-12-19 00:00:00","seatgeek_app","exchange",3,"[PREMIUM]","1,2,3,4,5,6,8"
"3q7fNL0aPYO","2026-09-12 23:52:50.295","2026-09-25 23:16:09.614","3q7fNL0aPYO","18142263","[PREMIUM]","[PREMIUM]","[PREMIUM]","224","Section 224","21",8,"['5','6','7','8','9','10','11','12']","2026-12-19 00:00:00","seatgeek_app","exchange",2,"[PREMIUM]","1,2,3,4,5,6,8"
"4vXcjR7OL6K","2026-09-12 23:52:50.295","2026-09-25 23:16:09.614","4vXcjR7OL6K","18142263","[PREMIUM]","[PREMIUM]","[PREMIUM]","112","Section 112","8",4,"['14','15','16','17']","2026-05-14 00:00:00","seatgeek_app","exchange",0,"[PREMIUM]","2,4"
"A6rs2KBP66d","2026-09-12 23:52:50.295","2026-09-25 23:16:09.614","A6rs2KBP66d","18142263","[PREMIUM]","[PREMIUM]","[PREMIUM]","320","Section 320","17",9,"['13','14','15','16','17','18','19','20','21']","2026-09-03 00:00:00","seatgeek_app","exchange",1,"[PREMIUM]","1,2,3,4,5,6,7,9"
"BALImMajlqo","2026-09-12 23:52:50.295","2026-09-24 11:10:42.206","BALImMajlqo","18142263","[PREMIUM]","[PREMIUM]","[PREMIUM]","223","Section 223","15",3,"['14','15','16']","2026-12-19 00:00:00","electronic","exchange",5,"[PREMIUM]","1,3"
"LbviL83Z3Kn","2026-09-12 23:52:50.295","2026-09-20 11:11:19.713","LbviL83Z3Kn","18142263","[PREMIUM]","[PREMIUM]","[PREMIUM]","218","Section 218","20",6,"['11','12','13','14','15','16']","2026-12-19 00:00:00","electronic","exchange",4,"[PREMIUM]","1,2,3,4,6"
"MAeIP357vgP","2026-09-12 23:52:50.295","2026-09-20 11:11:19.713","MAeIP357vgP","18142263","[PREMIUM]","[PREMIUM]","[PREMIUM]","133","Section 133","22",6,"['18','19','20','21','22','23']","2026-05-14 00:00:00","electronic","exchange",0,"[PREMIUM]","2,4,6"
"PX0sgqJpVE7","2026-09-12 23:52:50.295","2026-09-24 11:10:42.206","PX0sgqJpVE7","18142263","[PREMIUM]","[PREMIUM]","[PREMIUM]","226","Section 226","15",3,"['22','23','24']","2026-12-19 00:00:00","electronic","exchange",2,"[PREMIUM]","1,3"
"ROXHz2GGqNG","2026-09-12 23:52:50.295","2026-09-22 11:08:16.270","ROXHz2GGqNG","18142263","[PREMIUM]","[PREMIUM]","[PREMIUM]","218","Section 218","14",3,"['5','6','7']","2026-12-19 00:00:00","electronic","exchange",2,"[PREMIUM]","1,3"
"ROXHz2pEo4k","2026-09-12 23:52:50.295","2026-09-21 11:07:12.996","ROXHz2pEo4k","18142263","[PREMIUM]","[PREMIUM]","[PREMIUM]","224","Section 224","19",2,"['23','24']","2026-12-19 00:00:00","electronic","exchange",0,"[PREMIUM]","2"
"V4KU04JEe5p","2026-09-12 23:52:50.295","2026-09-24 11:10:42.206","V4KU04JEe5p","18142263","[PREMIUM]","[PREMIUM]","[PREMIUM]","220","Section 220","20",6,"['15','16','17','18','19','20']","2026-12-19 00:00:00","electronic","exchange",5,"[PREMIUM]","1,2,3,4,6"
"X03tKlqKz2z","2026-09-12 23:52:50.295","2026-09-24 11:10:42.206","X03tKlqKz2z","18142263","[PREMIUM]","[PREMIUM]","[PREMIUM]","213","Section 213","23",2,"['30','31']","2026-12-19 00:00:00","electronic","exchange",2,"[PREMIUM]","2"
"kYet9mnJzvD","2026-09-12 23:52:50.295","2026-09-14 22:34:07.822","kYet9mnJzvD","18142263","[PREMIUM]","[PREMIUM]","[PREMIUM]","219","Section 219","18",4,"['21','22','23','24']","2026-12-19 00:00:00","electronic","exchange",0,"[PREMIUM]","1,2,4"
"nygz8em","2026-09-12 23:52:50.295","2026-09-25 23:16:09.614","nygz8em","18142263","[PREMIUM]","[PREMIUM]","[PREMIUM]","124","Section 124","26",2,"['21','22']",,"seatgeek_app","open_marketplace",2,"[PREMIUM]","2"
"rVOHkpdeDMZ","2026-09-12 23:52:50.295","2026-09-14 22:34:07.822","rVOHkpdeDMZ","18142263","[PREMIUM]","[PREMIUM]","[PREMIUM]","113","Section 113","22",2,"['14','15']","2026-05-14 00:00:00","electronic","exchange",0,"[PREMIUM]","2"
"vb3iPwn066v","2026-09-12 23:52:50.295","2026-09-25 23:16:09.614","vb3iPwn066v","18142263","[PREMIUM]","[PREMIUM]","[PREMIUM]","220","Section 220","10",2,"['15','16']","2026-05-14 00:00:00","seatgeek_app","exchange",5,"[PREMIUM]","2"
"2v0czqPzep6","2026-09-12 23:52:37.615","2026-09-13 11:29:31.595","2v0czqPzep6","18014092","[PREMIUM]","[PREMIUM]","[PREMIUM]","146","Section 146","5",4,"['13','14','15','16']","2027-01-02 00:00:00","sg_app","exchange",0,"[PREMIUM]","2,4"
"b4wUaoBGJAY","2026-09-12 23:52:37.615","2026-09-15 11:13:46.047","b4wUaoBGJAY","18014092","[PREMIUM]","[PREMIUM]","[PREMIUM]","525","Section 525","17",8,"['7','8','9','10','11','12','13','14']","2027-01-01 00:00:00","sg_app","exchange",3,"[PREMIUM]","1,2,3,4,5,6,8"
"g4j00n0","2026-09-12 23:52:37.615","2026-09-25 23:19:24.637","g4j00n0","18014092","[PREMIUM]","[PREMIUM]","[PREMIUM]","109","Section 109","14",2,"['1','2']",,"seatgeek_app","marketplace",5,"[PREMIUM]","2"
"4vXcjRk704B","2026-09-12 23:52:31.539","2026-09-25 23:19:31.446","4vXcjRk704B","18014034","[PREMIUM]","[PREMIUM]","[PREMIUM]","143","Section 143","4",4,"['11','12','13','14']","2027-01-01 00:00:00","seatgeek_app","exchange",2,"[PREMIUM]","2,4"
"6mOhkoZdp5g","2026-09-12 23:52:31.539","2026-09-25 23:19:31.446","6mOhkoZdp5g","18014034","[PREMIUM]","[PREMIUM]","[PREMIUM]","342","Section 342","6",4,"['7','8','9','10']","2026-05-14 00:00:00","seatgeek_app","exchange",0,"[PREMIUM]","2,4"
"9P2c5Merz7N","2026-09-12 23:52:31.539","2026-09-25 23:19:31.446","9P2c5Merz7N","18014034","[PREMIUM]","[PREMIUM]","[PREMIUM]","142","Section 142","16",2,"['15','16']","2027-01-01 00:00:00","seatgeek_app","exchange",3,"[PREMIUM]","2"
"9P2c5MrdOJq","2026-09-12 23:52:31.539","2026-09-25 23:19:31.446","9P2c5MrdOJq","18014034","[PREMIUM]","[PREMIUM]","[PREMIUM]","335","Section 335","10",4,"['9','10','11','12']","2026-05-14 00:00:00","seatgeek_app","exchange",0,"[PREMIUM]","2,4"
"A6rs2K6BvXo","2026-09-12 23:52:31.539","2026-09-25 23:19:31.446","A6rs2K6BvXo","18014034","[PREMIUM]","[PREMIUM]","[PREMIUM]","109","Section 109","10",2,"['19','20']","2027-01-01 00:00:00","seatgeek_app","exchange",4,"[PREMIUM]","2"
"EroUXgdBGlj","2026-09-12 23:52:31.539","2026-09-25 23:19:31.446","EroUXgdBGlj","18014034","[PREMIUM]","[PREMIUM]","[PREMIUM]","104","Section 104","8",2,"['3','4']","2026-08-04 00:00:00","seatgeek_app","exchange",0,"[PREMIUM]","2"
"JABI3E2Z6O3","2026-09-12 23:52:31.539","2026-09-25 23:19:31.446","JABI3E2Z6O3","18014034","[PREMIUM]","[PREMIUM]","[PREMIUM]","342","Section 342","5",2,"['17','18']","2026-07-28 00:00:00","seatgeek_app","exchange",0,"[PREMIUM]","2"
"V4KU045NxKq","2026-09-12 23:52:31.539","2026-09-25 23:19:31.446","V4KU045NxKq","18014034","[PREMIUM]","[PREMIUM]","[PREMIUM]","104","Section 104","3",2,"['19','20']","2027-01-01 00:00:00","seatgeek_app","exchange",5,"[PREMIUM]","2"
"X03tKl0j7ol","2026-09-12 23:52:31.539","2026-09-13 22:12:01.222","X03tKl0j7ol","18014034","[PREMIUM]","[PREMIUM]","[PREMIUM]","146","Section 146","17",4,"['16','17','18','19']","2026-08-04 00:00:00","sg_app","exchange",0,"[PREMIUM]","2,4"
"X03tKlq0YEZ","2026-09-12 23:52:31.539","2026-09-25 23:19:31.446","X03tKlq0YEZ","18014034","[PREMIUM]","[PREMIUM]","[PREMIUM]","143","Section 143","5",2,"['25','26']","2027-01-01 00:00:00","seatgeek_app","exchange",2,"[PREMIUM]","2"
"dNgUgpXAkOv","2026-09-12 23:52:31.539","2026-09-20 11:11:49.892","dNgUgpXAkOv","18014034","[PREMIUM]","[PREMIUM]","[PREMIUM]","146","Section 146","19",3,"['17','18','19']","2026-05-14 00:00:00","sg_app","exchange",0,"[PREMIUM]","1,3"
"jDvszko7Vx3","2026-09-12 23:52:31.539","2026-09-16 22:27:08.281","jDvszko7Vx3","18014034","[PREMIUM]","[PREMIUM]","[PREMIUM]","146","Section 146","25",6,"['13','14','15','16','17','18']","2026-05-14 00:00:00","sg_app","exchange",0,"[PREMIUM]","2,4,6"
"kYet9mYn3bO","2026-09-12 23:52:31.539","2026-09-25 23:19:31.446","kYet9mYn3bO","18014034","[PREMIUM]","[PREMIUM]","[PREMIUM]","148","Section 148","5",2,"['19','20']","2027-01-01 00:00:00","seatgeek_app","exchange",3,"[PREMIUM]","2"
"mxAs4xmPvJo","2026-09-12 23:52:31.539","2026-09-18 11:12:54.188","mxAs4xmPvJo","18014034","[PREMIUM]","[PREMIUM]","[PREMIUM]","146","Section 146","13",2,"['1','2']","2026-08-04 00:00:00","sg_app","exchange",0,"[PREMIUM]","2"
"oV7Hb6rveP8","2026-09-12 23:52:31.539","2026-09-25 23:19:31.446","oV7Hb6rveP8","18014034","[PREMIUM]","[PREMIUM]","[PREMIUM]","135","Section 135","16",2,"['15','16']","2027-01-01 00:00:00","seatgeek_app","exchange",2,"[PREMIUM]","2"
"05VT8lJ46mJ","2026-09-12 23:52:28.558","2026-09-22 22:15:25.294","05VT8lJ46mJ","18016659","[PREMIUM]","[PREMIUM]","[PREMIUM]","309","Section 309","17",2,"['3','4']","2026-09-11 00:00:00","sg_app","exchange",0,"[PREMIUM]","2"
"2v0czqAG6x4","2026-09-12 23:52:28.558","2026-09-14 22:35:38.847","2v0czqAG6x4","18016659","[PREMIUM]","[PREMIUM]","[PREMIUM]","121","Section 121","15",2,"['17','18']","2027-01-02 00:00:00","sg_app","exchange",0,"[PREMIUM]","2"
"2v0czqbKgLj","2026-09-12 23:52:28.558","2026-09-25 23:19:31.429","2v0czqbKgLj","18016659","[PREMIUM]","[PREMIUM]","[PREMIUM]","312","Section 312","11",2,"['15','16']","2027-01-02 00:00:00","seatgeek_app","exchange",0,"[PREMIUM]","2"
"4vXcjRk2nYr","2026-09-12 23:52:28.558","2026-09-25 23:19:31.429","4vXcjRk2nYr","18016659","[PREMIUM]","[PREMIUM]","[PREMIUM]","123","Section 123","28",2,"['1','2']","2026-07-08 00:00:00","seatgeek_app","exchange",0,"[PREMIUM]","2"
"7KntAgvRbn8","2026-09-12 23:52:28.558","2026-09-22 22:15:25.294","7KntAgvRbn8","18016659","[PREMIUM]","[PREMIUM]","[PREMIUM]","334","Section 334","20",3,"['2','3','4']","2026-09-11 00:00:00","sg_app","exchange",0,"[PREMIUM]","1,3"
"9P2c5Mw9MK4","2026-09-12 23:52:28.558","2026-09-16 22:26:58.572","9P2c5Mw9MK4","18016659","[PREMIUM]","[PREMIUM]","[PREMIUM]","305","Section 305","24",4,"['15','16','17','18']","2026-09-11 00:00:00","sg_app","exchange",0,"[PREMIUM]","1,2,4"
"A6rs2KB8kkn","2026-09-12 23:52:28.558","2026-09-14 22:35:38.847","A6rs2KB8kkn","18016659","[PREMIUM]","[PREMIUM]","[PREMIUM]","133","Section 133","3",2,"['11','12']","2026-08-01 00:00:00","sg_app","exchange",0,"[PREMIUM]","2"
"BALImM2PzxN","2026-09-12 23:52:28.558","2026-09-25 23:19:31.429","BALImM2PzxN","18016659","[PREMIUM]","[PREMIUM]","[PREMIUM]","325","Section 325","1",3,"['17','18','19']","2026-05-26 00:00:00","seatgeek_app","exchange",2,"[PREMIUM]","3"
"JABI3E2dgYY","2026-09-12 23:52:28.558","2026-09-22 22:15:25.294","JABI3E2dgYY","18016659","[PREMIUM]","[PREMIUM]","[PREMIUM]","335","Section 335","7",5,"['2','3','4','5','6']","2026-09-12 00:00:00","sg_app","exchange",2,"[PREMIUM]","1,2,3,5"
"LbviL84PJvo","2026-09-12 23:52:28.558","2026-09-22 22:15:25.294","LbviL84PJvo","18016659","[PREMIUM]","[PREMIUM]","[PREMIUM]","317","Section 317","7",2,"['3','4']","2026-09-12 00:00:00","sg_app","exchange",1,"[PREMIUM]","2"
"KezczqJ6Bln","2026-09-12 23:52:28.558","2026-09-25 23:19:31.429","KezczqJ6Bln","18016659","[PREMIUM]","[PREMIUM]","[PREMIUM]","224","Section 224","10",2,"['11','12']","2027-01-02 00:00:00","seatgeek_app","exchange",5,"[PREMIUM]","2"
"NrqUv68kdBz","2026-09-12 23:52:28.558","2026-09-25 23:19:31.429","NrqUv68kdBz","18016659","[PREMIUM]","[PREMIUM]","[PREMIUM]","306","Section 306","13",2,"['22','23']","2027-01-01 00:00:00","seatgeek_app","exchange",0,"[PREMIUM]","2"
"PX0sgqJGwPm","2026-09-12 23:52:28.558","2026-09-14 22:35:38.847","PX0sgqJGwPm","18016659","[PREMIUM]","[PREMIUM]","[PREMIUM]","310","Section 310","23",2,"['23','24']","2026-09-12 00:00:00","sg_app","exchange",0,"[PREMIUM]","2"
"PX0sgql243z","2026-09-12 23:52:28.558","2026-09-22 22:15:25.294","PX0sgql243z","18016659","[PREMIUM]","[PREMIUM]","[PREMIUM]","317","Section 317","20",2,"['20','21']","2026-09-11 00:00:00","sg_app","exchange",0,"[PREMIUM]","2"
"ROXHz2GXopg","2026-09-12 23:52:28.558","2026-09-22 22:15:25.294","ROXHz2GXopg","18016659","[PREMIUM]","[PREMIUM]","[PREMIUM]","341","Section 341","3",2,"['15','16']","2026-09-11 00:00:00","sg_app","exchange",1,"[PREMIUM]","2"
"X03tKl0DqJV","2026-09-12 23:52:28.558","2026-09-22 22:15:25.294","X03tKl0DqJV","18016659","[PREMIUM]","[PREMIUM]","[PREMIUM]","129C","Club 129","28",4,"['5','6','7','8']","2026-09-12 00:00:00","sg_app","exchange",3,"[PREMIUM]","1,2,4"
"Zm9hvJGEPwg","2026-09-12 23:52:28.558","2026-09-22 22:15:25.294","Zm9hvJGEPwg","18016659","[PREMIUM]","[PREMIUM]","[PREMIUM]","105","Section 105","37",1,"['13']","2026-09-11 00:00:00","sg_app","exchange",1,"[PREMIUM]","1"
"Zm9hvJRkaGa","2026-09-12 23:52:28.558","2026-09-22 22:15:25.294","Zm9hvJRkaGa","18016659","[PREMIUM]","[PREMIUM]","[PREMIUM]","303","Section 303","14",2,"['13','14']","2026-09-11 00:00:00","sg_app","exchange",2,"[PREMIUM]","2"
"agktlMZ7evB","2026-09-12 23:52:28.558","2026-09-22 22:15:25.294","agktlMZ7evB","18016659","[PREMIUM]","[PREMIUM]","[PREMIUM]","329","Section 329","17",4,"['1','2','3','4']","2026-09-11 00:00:00","sg_app","exchange",2,"[PREMIUM]","1,2,4"
"b4wUao7rVB0","2026-09-12 23:52:28.558","2026-09-25 23:19:31.429","b4wUao7rVB0","18016659","[PREMIUM]","[PREMIUM]","[PREMIUM]","136","Section 136","23",4,"['16','17','18','19']","2027-01-02 00:00:00","seatgeek_app","exchange",0,"[PREMIUM]","2,4"
"kYet9mYXOJq","2026-09-12 23:52:28.558","2026-09-22 22:15:25.294","kYet9mYXOJq","18016659","[PREMIUM]","[PREMIUM]","[PREMIUM]","317","Section 317","6",2,"['13','14']","2026-09-12 00:00:00","sg_app","exchange",1,"[PREMIUM]","2"
"vb3iPwnjgV5","2026-09-12 23:52:28.558","2026-09-14 22:35:38.847","vb3iPwnjgV5","18016659","[PREMIUM]","[PREMIUM]","[PREMIUM]","133","Section 133","34",3,"['21','22','23']","2026-09-12 00:00:00","sg_app","exchange",0,"[PREMIUM]","1,2,3"
"w3Jse8Zxl0Y","2026-09-12 23:52:28.558","2026-09-14 22:35:38.847","w3Jse8Zxl0Y","18016659","[PREMIUM]","[PREMIUM]","[PREMIUM]","136","Section 136","15",2,"['13','14']","2027-01-02 00:00:00","sg_app","exchange",0,"[PREMIUM]","2"
"0nkypro","2026-09-12 23:52:23.140","2026-09-15 11:06:03.847","0nkypro","18076606","[PREMIUM]","[PREMIUM]","[PREMIUM]","131","Section 131","e",3,"['4','5','6']",,"electronic","open_marketplace",0,"[PREMIUM]","1,3"
"l_B4m1NAgsvp0gzvSAxXvqMUWX8q4MILAvnqgTvXKwmZUr55n2LUgpx0V3IPqCGKcrx","2026-09-12 23:52:23.140","2026-09-14 22:35:23.652","l_B4m1NAgsvp0gzvSAxXvqMUWX8q4MILAvnqgTvXKwmZUr55n2LUgpx0V3IPqCGKcrx","18076606","[PREMIUM]","[PREMIUM]","[PREMIUM]","108","Section 108","v",2,"['5','6']",,"sg_app","open",0,"[PREMIUM]","2"
"l_yZNpXJEFvPG2mvSwbDY9eu2538GdHMJxPpKh9ggV5jCJnPWv9h6YXqMh4RCN5FWX","2026-09-12 23:52:23.140","2026-09-22 11:05:06.915","l_yZNpXJEFvPG2mvSwbDY9eu2538GdHMJxPpKh9ggV5jCJnPWv9h6YXqMh4RCN5FWX","18076606","[PREMIUM]","[PREMIUM]","[PREMIUM]","144","Section 144","t",2,"['12','13']",,"sg_app","open",0,"[PREMIUM]","2"
"zpwgvxe","2026-09-12 23:52:23.140","2026-09-25 23:19:16.919","zpwgvxe","18076606","[PREMIUM]","[PREMIUM]","[PREMIUM]","132","Section 132","b",2,"['23','24']",,"seatgeek_app","open_marketplace",0,"[PREMIUM]","2"
"2kwyoy0","2026-09-12 23:52:19.974","2026-09-25 23:19:09.202","2kwyoy0","18116892","[PREMIUM]","[PREMIUM]","[PREMIUM]","302","Section 302","15",2,"['30','31']",,"seatgeek_app","open_marketplace",3,"[PREMIUM]","2"
"3q7fNL0xwmx","2026-09-12 23:52:19.974","2026-09-13 20:09:54.138","3q7fNL0xwmx","18116892","[PREMIUM]","[PREMIUM]","[PREMIUM]","SRO DD","Standing Room Only","427",6,"['1','2','3','4','5','6']","2027-01-02 00:00:00","electronic","exchange",5,"[PREMIUM]","1,2,3,4,6"
"3q7fNLoo9kK","2026-09-12 23:52:19.974","2026-09-12 23:52:19.974","3q7fNLoo9kK","18116892","[PREMIUM]","[PREMIUM]","[PREMIUM]","SRO CC","Standing Room Only","359",2,"['35','36']","2027-01-02 00:00:00","electronic","exchange",1,"[PREMIUM]","2"
"GAaI6037wBY","2026-09-12 23:52:19.974","2026-09-12 23:52:19.974","GAaI6037wBY","18116892","[PREMIUM]","[PREMIUM]","[PREMIUM]","SRO D","Standing Room Only","237",4,"['37','38','39','40']","2027-01-02 00:00:00","electronic","exchange",2,"[PREMIUM]","1,2,4"
"LbviL8wEVY5","2026-09-12 23:52:19.974","2026-09-25 23:19:09.202","LbviL8wEVY5","18116892","[PREMIUM]","[PREMIUM]","[PREMIUM]","407","Section 407","14",2,"['5','6']","2026-08-26 00:00:00","seatgeek_app","exchange",0,"[PREMIUM]","2"
"YgJtk0Mozk7","2026-09-12 23:52:19.974","2026-09-25 23:19:09.202","YgJtk0Mozk7","18116892","[PREMIUM]","[PREMIUM]","[PREMIUM]","150","Section 150","14",2,"['15','16']","2027-01-02 00:00:00","seatgeek_app","exchange",1,"[PREMIUM]","2"
"dmxv89j","2026-09-12 23:52:19.974","2026-09-25 23:19:09.202","dmxv89j","18116892","[PREMIUM]","[PREMIUM]","[PREMIUM]","342","Section 342","14",4,"['1','2','3','4']",,"seatgeek_app","open_marketplace",1,"[PREMIUM]","2,4"
"jp49ovr","2026-09-12 23:52:19.974","2026-09-25 23:19:09.202","jp49ovr","18116892","[PREMIUM]","[PREMIUM]","[PREMIUM]","228","Section 228","11",4,"['14','15','16','17']",,"seatgeek_app","open_marketplace",0,"[PREMIUM]","2,4"
"kYet9mnrvep","2026-09-12 23:52:19.974","2026-09-12 23:52:19.974","kYet9mnrvep","18116892","[PREMIUM]","[PREMIUM]","[PREMIUM]","SRO B","Standing Room Only","184",2,"['1','2']","2027-01-02 00:00:00","electronic","exchange",5,"[PREMIUM]","2"
"kYet9mnmEZR","2026-09-12 23:52:19.974","2026-09-13 18:09:57.884","kYet9mnmEZR","18116892","[PREMIUM]","[PREMIUM]","[PREMIUM]","SRO B","Standing Room Only","181",4,"['39','40','41','42']","2027-01-02 00:00:00","electronic","exchange",1,"[PREMIUM]","1,2,4"
"l_8zkY2b3tmgVr6mferD4VkfYeXm8ytP2J5bqIdjm1q2tljYm9mSpXL61qSzCJ8sRY","2026-09-12 23:52:19.974","2026-09-25 23:19:09.202","l_8zkY2b3tmgVr6mferD4VkfYeXm8ytP2J5bqIdjm1q2tljYm9mSpXL61qSzCJ8sRY","18116892","[PREMIUM]","[PREMIUM]","[PREMIUM]","327","Section 327","9",2,"['4','5']",,"seatgeek_app","open",0,"[PREMIUM]","2"
"kpnr79q","2026-09-12 23:52:19.974","2026-09-25 23:19:09.202","kpnr79q","18116892","[PREMIUM]","[PREMIUM]","[PREMIUM]","C133","Section C 133","7",2,"['5','6']",,"seatgeek_app","open_marketplace",0,"[PREMIUM]","2"
"lxVsdRE72J9","2026-09-12 23:52:19.974","2026-09-13 20:09:54.138","lxVsdRE72J9","18116892","[PREMIUM]","[PREMIUM]","[PREMIUM]","SRO A","Standing Room Only","141",6,"['23','24','25','26','27','28']","2027-01-02 00:00:00","electronic","exchange",0,"[PREMIUM]","1,2,3,4,6"
"lxVsdRE3zwb","2026-09-12 23:52:19.974","2026-09-13 15:18:26.499","lxVsdRE3zwb","18116892","[PREMIUM]","[PREMIUM]","[PREMIUM]","SRO AA","Standing Room Only","285",8,"['7','8','9','10','11','12','13','14']","2027-01-02 00:00:00","electronic","exchange",0,"[PREMIUM]","1,2,3,4,5,6,8"
"mxAs4xmqeP5","2026-09-12 23:52:19.974","2026-09-25 23:19:09.202","mxAs4xmqeP5","18116892","[PREMIUM]","[PREMIUM]","[PREMIUM]","327","Section 327","9",2,"['2','3']","2027-01-02 00:00:00","seatgeek_app","exchange",1,"[PREMIUM]","2"
"nx0srK9jXLa","2026-09-12 23:52:19.974","2026-09-12 23:52:19.974","nx0srK9jXLa","18116892","[PREMIUM]","[PREMIUM]","[PREMIUM]","SRO B","Standing Room Only","157",2,"['33','34']","2027-01-02 00:00:00","electronic","exchange",2,"[PREMIUM]","2"
"o29xdgp","2026-09-12 23:52:19.974","2026-09-25 23:19:09.202","o29xdgp","18116892","[PREMIUM]","[PREMIUM]","[PREMIUM]","443","Section 443","9",2,"['10','11']",,"seatgeek_app","open_marketplace",5,"[PREMIUM]","2"
"nygz0wv","2026-09-12 23:52:19.974","2026-09-25 23:19:09.202","nygz0wv","18116892","[PREMIUM]","[PREMIUM]","[PREMIUM]","410","Section 410","11",4,"['18','19','20','21']",,"seatgeek_app","open_marketplace",1,"[PREMIUM]","2,4"
"q96kq98","2026-09-12 23:52:19.974","2026-09-25 23:19:09.202","q96kq98","18116892","[PREMIUM]","[PREMIUM]","[PREMIUM]","C212","Section C 212","7",2,"['20','21']",,"seatgeek_app","open_marketplace",0,"[PREMIUM]","2"
"q967ym2","2026-09-12 23:52:19.974","2026-09-25 23:19:09.202","q967ym2","18116892","[PREMIUM]","[PREMIUM]","[PREMIUM]","406","Section 406","16",4,"['15','16','17','18']",,"seatgeek_app","open_marketplace",1,"[PREMIUM]","2,4"
"rrqxwny","2026-09-12 23:52:19.974","2026-09-25 23:19:09.202","rrqxwny","18116892","[PREMIUM]","[PREMIUM]","[PREMIUM]","230","Section 230","1",5,"['5','6','7','8','9']",,"seatgeek_app","open_marketplace",3,"[PREMIUM]","5"
"w3Jse8rxjzm","2026-09-12 23:52:19.974","2026-09-13 20:09:54.138","w3Jse8rxjzm","18116892","[PREMIUM]","[PREMIUM]","[PREMIUM]","SRO CC","Standing Room Only","373",6,"['11','12','13','14','15','16']","2027-01-02 00:00:00","electronic","exchange",0,"[PREMIUM]","1,2,3,4,6"
"xzkp497","2026-09-12 23:52:19.974","2026-09-25 23:19:09.202","xzkp497","18116892","[PREMIUM]","[PREMIUM]","[PREMIUM]","318","Section 318","16",2,"['30','31']",,"seatgeek_app","open_marketplace",5,"[PREMIUM]","2"
"oV7Hb6rkN0R","2026-09-12 23:52:14.530","2026-09-25 23:18:20.019","oV7Hb6rkN0R","18014114","[PREMIUM]","[PREMIUM]","[PREMIUM]","125","Section 125","r",6,"['3','4','5','6','7','8']","2026-05-14 00:00:00","seatgeek_app","exchange",0,"[PREMIUM]","2,4,6"
"6mOhkoZ6jLg","2026-09-12 23:52:10.642","2026-09-25 23:18:24.763","6mOhkoZ6jLg","18014252","[PREMIUM]","[PREMIUM]","[PREMIUM]","330","Section 330","7",2,"['5','6']","2026-09-24 00:00:00","seatgeek_app","exchange",5,"[PREMIUM]","2"
"9P2c5MrZg7J","2026-09-12 23:52:10.642","2026-09-25 23:18:24.763","9P2c5MrZg7J","18014252","[PREMIUM]","[PREMIUM]","[PREMIUM]","212","Section 212","15",2,"['9','10']","2026-08-04 00:00:00","seatgeek_app","exchange",1,"[PREMIUM]","2"
"ROXHz2pApBd","2026-09-12 23:52:10.642","2026-09-14 22:35:12.874","ROXHz2pApBd","18014252","[PREMIUM]","[PREMIUM]","[PREMIUM]","418","Section 418","5",4,"['16','17','18','19']","2026-12-27 00:00:00","sg_app","exchange",0,"[PREMIUM]","2,4"
"kYet9mnZRkK","2026-09-12 23:52:10.642","2026-09-12 23:52:10.642","kYet9mnZRkK","18014252","[PREMIUM]","[PREMIUM]","[PREMIUM]","440","Section 440","3",7,"['9','10','11','12','13','14','15']","2026-12-27 00:00:00","sg_app","exchange",0,"[PREMIUM]","1,2,3,4,5,7"
"4vXcjR7Vog5","2026-09-12 23:52:03.307","2026-09-15 11:02:52.630","4vXcjR7Vog5","18014060","[PREMIUM]","[PREMIUM]","[PREMIUM]","307","Section 307","32",5,"['12','13','14','15','16']","2026-12-30 00:00:00","sg_app","exchange",0,"[PREMIUM]","1,2,3,5"
"8lKt6azXg8N","2026-09-12 23:52:03.307","2026-09-15 11:02:52.630","8lKt6azXg8N","18014060","[PREMIUM]","[PREMIUM]","[PREMIUM]","337","Section 337","25",4,"['14','15','16','17']","2026-12-30 00:00:00","sg_app","exchange",1,"[PREMIUM]","2,4"
"A6rs2KBlxJ9","2026-09-12 23:52:03.307","2026-09-15 11:02:52.630","A6rs2KBlxJ9","18014060","[PREMIUM]","[PREMIUM]","[PREMIUM]","307","Section 307","33",6,"['3','4','5','6','7','8']","2026-12-30 00:00:00","sg_app","exchange",0,"[PREMIUM]","2,4,6"
"BALImM2qPVj","2026-09-12 23:52:03.307","2026-09-15 11:02:52.630","BALImM2qPVj","18014060","[PREMIUM]","[PREMIUM]","[PREMIUM]","337","Section 337","16",2,"['13','14']","2026-12-30 00:00:00","sg_app","exchange",0,"[PREMIUM]","2"
"EroUXgdw2Rb","2026-09-12 23:52:03.307","2026-09-15 11:02:52.630","EroUXgdw2Rb","18014060","[PREMIUM]","[PREMIUM]","[PREMIUM]","338","Section 338","27",8,"['3','4','5','6','7','8','9','10']","2026-12-30 00:00:00","sg_app","exchange",1,"[PREMIUM]","1,2,3,4,5,6,8"
"LbviL8w57Rr","2026-09-12 23:52:03.307","2026-09-15 11:02:52.630","LbviL8w57Rr","18014060","[PREMIUM]","[PREMIUM]","[PREMIUM]","338","Section 338","32",4,"['16','17','18','19']","2026-12-30 00:00:00","sg_app","exchange",1,"[PREMIUM]","2,4"
"MAeIP35gqpp","2026-09-12 23:52:03.307","2026-09-15 11:02:52.630","MAeIP35gqpp","18014060","[PREMIUM]","[PREMIUM]","[PREMIUM]","342","Section 342","31",2,"['19','20']","2026-12-30 00:00:00","sg_app","exchange",0,"[PREMIUM]","2"
"V4KU04N6go8","2026-09-12 23:52:03.307","2026-09-15 11:02:52.630","V4KU04N6go8","18014060","[PREMIUM]","[PREMIUM]","[PREMIUM]","338","Section 338","31",4,"['17','18','19','20']","2026-12-30 00:00:00","sg_app","exchange",1,"[PREMIUM]","2,4"
"agktlM6o0Br","2026-09-12 23:52:03.307","2026-09-15 11:02:52.630","agktlM6o0Br","18014060","[PREMIUM]","[PREMIUM]","[PREMIUM]","337","Section 337","25",4,"['6','7','8','9']","2026-12-30 00:00:00","sg_app","exchange",1,"[PREMIUM]","2,4"
"b4wUaoPgJYp","2026-09-12 23:52:03.307","2026-09-25 23:20:21.090","b4wUaoPgJYp","18014060","[PREMIUM]","[PREMIUM]","[PREMIUM]","226","Section 226","28",2,"['15','16']","2026-09-12 00:00:00","seatgeek_app","exchange",0,"[PREMIUM]","2"
"eeacK8a3vMb","2026-09-12 23:52:03.307","2026-09-15 11:02:52.630","eeacK8a3vMb","18014060","[PREMIUM]","[PREMIUM]","[PREMIUM]","343","Section 343","18",10,"['6','7','8','9','10','11','12','13','14','15']","2026-12-30 00:00:00","sg_app","exchange",1,"[PREMIUM]","1,2,3,4,5,6,7,8,10"
"g48Ur63kje2","2026-09-12 23:52:03.307","2026-09-15 11:02:52.630","g48Ur63kje2","18014060","[PREMIUM]","[PREMIUM]","[PREMIUM]","342","Section 342","30",6,"['3','4','5','6','7','8']","2026-12-30 00:00:00","sg_app","exchange",1,"[PREMIUM]","2,4,6"
"kYet9mnVGDa","2026-09-12 23:52:03.307","2026-09-15 11:02:52.630","kYet9mnVGDa","18014060","[PREMIUM]","[PREMIUM]","[PREMIUM]","313","Section 313","29",7,"['11','12','13','14','15','16','17']","2026-12-30 00:00:00","sg_app","exchange",1,"[PREMIUM]","1,2,3,4,5,7"
"lxVsdREz4Od","2026-09-12 23:52:03.307","2026-09-15 11:02:52.630","lxVsdREz4Od","18014060","[PREMIUM]","[PREMIUM]","[PREMIUM]","338","Section 338","26",7,"['6','7','8','9','10','11','12']","2026-12-30 00:00:00","sg_app","exchange",1,"[PREMIUM]","1,2,3,4,5,7"
"rVOHkpd07BM","2026-09-12 23:52:03.307","2026-09-15 11:02:52.630","rVOHkpd07BM","18014060","[PREMIUM]","[PREMIUM]","[PREMIUM]","338","Section 338","21",2,"['9','10']","2026-12-30 00:00:00","sg_app","exchange",0,"[PREMIUM]","2"
"vb3iPwn2MBr","2026-09-12 23:52:03.307","2026-09-15 11:02:52.630","vb3iPwn2MBr","18014060","[PREMIUM]","[PREMIUM]","[PREMIUM]","342","Section 342","25",8,"['17','18','19','20','21','22','23','24']","2026-12-30 00:00:00","sg_app","exchange",1,"[PREMIUM]","1,2,3,4,5,6,8"
"w3Jse8rpMmG","2026-09-12 23:52:03.307","2026-09-15 11:02:52.630","w3Jse8rpMmG","18014060","[PREMIUM]","[PREMIUM]","[PREMIUM]","338","Section 338","21",2,"['13','14']","2026-12-30 00:00:00","sg_app","exchange",0,"[PREMIUM]","2"
"z3Es6vzpJx8","2026-09-12 23:52:03.307","2026-09-15 11:02:52.630","z3Es6vzpJx8","18014060","[PREMIUM]","[PREMIUM]","[PREMIUM]","338","Section 338","20",8,"['7','8','9','10','11','12','13','14']","2026-12-30 00:00:00","sg_app","exchange",1,"[PREMIUM]","1,2,3,4,5,6,8"
"4vXcjR7pM0n","2026-09-12 23:52:03.214","2026-09-16 11:09:15.212","4vXcjR7pM0n","18016649","[PREMIUM]","[PREMIUM]","[PREMIUM]","228","Section 228","w",6,"['15','16','17','18','19','20']","2026-05-14 00:00:00","sg_app","exchange",1,"[PREMIUM]","2,4,6"
"5EjuZwgpMdV","2026-09-12 23:52:03.214","2026-09-13 16:58:04.516","5EjuZwgpMdV","18016649","[PREMIUM]","[PREMIUM]","[PREMIUM]","124","Section 124","w",4,"['9','10','11','12']","2026-05-14 00:00:00","sg_app","exchange",1,"[PREMIUM]","2,4"
"6mOhkoZdV2P","2026-09-12 23:52:03.214","2026-09-24 08:37:12.095","6mOhkoZdV2P","18016649","[PREMIUM]","[PREMIUM]","[PREMIUM]","304","Section 304","r",12,"['6','7','8','9','10','11','12','13','14','15','16','17']","2026-05-14 00:00:00","sg_app","exchange",1,"[PREMIUM]","1,2,3,4,5,6,7,8,9,10,12"
"9P2c5MrpR96","2026-09-12 23:52:03.214","2026-09-21 11:07:16.584","9P2c5MrpR96","18016649","[PREMIUM]","[PREMIUM]","[PREMIUM]","303","Section 303","r",12,"['7','8','9','10','11','12','13','14','15','16','17','18']","2026-05-14 00:00:00","sg_app","exchange",2,"[PREMIUM]","1,2,3,4,5,6,7,8,9,10,12"
"DdwHkMLZd06","2026-09-12 23:52:03.214","2026-09-13 13:51:34.623","DdwHkMLZd06","18016649","[PREMIUM]","[PREMIUM]","[PREMIUM]","147","Section 147","z",2,"['13','14']","2026-05-14 00:00:00","sg_app","exchange",1,"[PREMIUM]","2"
"GAaI60ajoxM","2026-09-12 23:52:03.214","2026-09-24 08:37:12.095","GAaI60ajoxM","18016649","[PREMIUM]","[PREMIUM]","[PREMIUM]","125","Section 125","bb",4,"['1','2','3','4']","2026-05-14 00:00:00","sg_app","exchange",1,"[PREMIUM]","2,4"
"MAeIP35Z7Y5","2026-09-12 23:52:03.214","2026-09-12 23:52:03.214","MAeIP35Z7Y5","18016649","[PREMIUM]","[PREMIUM]","[PREMIUM]","312","Section 312","dd",2,"['10','11']","2026-05-14 00:00:00","sg_app","exchange",1,"[PREMIUM]","2"
"NrqUv60JXVr","2026-09-12 23:52:03.214","2026-09-24 08:37:12.095","NrqUv60JXVr","18016649","[PREMIUM]","[PREMIUM]","[PREMIUM]","338","Section 338","v",8,"['3','4','5','6','7','8','9','10']","2026-05-14 00:00:00","sg_app","exchange",1,"[PREMIUM]","1,2,3,4,5,6,8"
"V4KU04Nn928","2026-09-12 23:52:03.214","2026-09-25 23:20:13.245","V4KU04Nn928","18016649","[PREMIUM]","[PREMIUM]","[PREMIUM]","317","Section 317","t",4,"['33','34','35','36']","2026-05-14 00:00:00","seatgeek_app","exchange",1,"[PREMIUM]","2,4"
"X03tKl0BENl","2026-09-12 23:52:03.214","2026-09-24 08:37:12.095","X03tKl0BENl","18016649","[PREMIUM]","[PREMIUM]","[PREMIUM]","338","Section 338","x",6,"['13','14','15','16','17','18']","2026-05-14 00:00:00","sg_app","exchange",1,"[PREMIUM]","2,4,6"
"oV7Hb6vdPlM","2026-09-12 23:52:03.214","2026-09-12 23:52:03.214","oV7Hb6vdPlM","18016649","[PREMIUM]","[PREMIUM]","[PREMIUM]","303","Section 303","dd",7,"['4','5','6','7','8','9','10']","2026-05-14 00:00:00","sg_app","exchange",2,"[PREMIUM]","1,2,3,4,5,7"
"pVXHD7ezPZM","2026-09-12 23:52:03.214","2026-09-20 11:11:16.543","pVXHD7ezPZM","18016649","[PREMIUM]","[PREMIUM]","[PREMIUM]","307","Section 307","w",7,"['13','14','15','16','17','18','19']","2026-05-14 00:00:00","sg_app","exchange",0,"[PREMIUM]","1,2,3,4,5,7"
"rVOHkpdAGvx","2026-09-12 23:52:03.214","2026-09-13 20:17:01.406","rVOHkpdAGvx","18016649","[PREMIUM]","[PREMIUM]","[PREMIUM]","310","Section 310","z",2,"['13','14']","2026-05-14 00:00:00","sg_app","exchange",1,"[PREMIUM]","2"
"w3Jse8rOwbG","2026-09-12 23:52:03.214","2026-09-12 23:52:03.214","w3Jse8rOwbG","18016649","[PREMIUM]","[PREMIUM]","[PREMIUM]","303","Section 303","z",12,"['1','2','3','4','5','6','7','8','9','10','11','12']","2026-05-14 00:00:00","sg_app","exchange",1,"[PREMIUM]","1,2,3,4,5,6,7,8,9,10,12"
"05VT8lABPz0","2026-09-12 23:51:57.667","2026-09-22 11:12:07.764","05VT8lABPz0","18016607","[PREMIUM]","[PREMIUM]","[PREMIUM]","134","Section 134","21",13,"['3','4','5','6','7','8','9','10','11','12','13','14','15']","2026-05-14 00:00:00","sg_app","exchange",1,"[PREMIUM]","1,2,3,4,5,6,7,8,9,10,11,13"
"3q7fNL0p0nY","2026-09-12 23:51:57.667","2026-09-15 11:13:46.304","3q7fNL0p0nY","18016607","[PREMIUM]","[PREMIUM]","[PREMIUM]","321","Section 321","11",6,"['9','10','11','12','13','14']","2026-09-12 00:00:00","sg_app","exchange",0,"[PREMIUM]","1,2,3,4,6"
"JABI3E2LYY9","2026-09-12 23:51:57.667","2026-09-22 11:12:07.764","JABI3E2LYY9","18016607","[PREMIUM]","[PREMIUM]","[PREMIUM]","108","Section 108","5",3,"['10','11','12']","2026-09-12 00:00:00","sg_app","exchange",0,"[PREMIUM]","1,3"
"NrqUv6Mxqw8","2026-09-12 23:51:57.667","2026-09-14 11:55:15.366","NrqUv6Mxqw8","18016607","[PREMIUM]","[PREMIUM]","[PREMIUM]","319","Section 319","4",12,"['1','2','3','4','5','6','7','8','9','10','11','12']","2026-05-14 00:00:00","sg_app","exchange",1,"[PREMIUM]","1,2,3,4,5,6,7,8,9,10,12"
"g48Ur63O8ba","2026-09-12 23:51:57.667","2026-09-14 03:01:22.415","g48Ur63O8ba","18016607","[PREMIUM]","[PREMIUM]","[PREMIUM]","137","Section 137","25",3,"['12','13','14']","2026-09-12 00:00:00","sg_app","exchange",1,"[PREMIUM]","1,3"
"kYet9m5xbLp","2026-09-12 23:51:57.667","2026-09-20 11:13:29.030","kYet9m5xbLp","18016607","[PREMIUM]","[PREMIUM]","[PREMIUM]","110","Section 110","32",12,"['3','4','5','6','7','8','9','10','11','12','13','14']","2026-05-14 00:00:00","sg_app","exchange",2,"[PREMIUM]","1,2,3,4,5,6,7,8,9,10,12"
"kYet9mn2dvk","2026-09-12 23:51:57.667","2026-09-22 11:12:07.764","kYet9mn2dvk","18016607","[PREMIUM]","[PREMIUM]","[PREMIUM]","205C","Club 205","6",2,"['1','2']","2026-09-12 00:00:00","sg_app","exchange",0,"[PREMIUM]","2"
"qVjH2mo9YGK","2026-09-12 23:51:57.667","2026-09-25 23:18:06.853","qVjH2mo9YGK","18016607","[PREMIUM]","[PREMIUM]","[PREMIUM]","117","Section 117","32",12,"['1','2','3','4','5','6','7','8','9','10','11','12']","2026-05-14 00:00:00","seatgeek_app","exchange",1,"[PREMIUM]","1,2,3,4,5,6,7,8,9,10,12"
"qVjH2moK8Yo","2026-09-12 23:51:57.667","2026-09-25 23:18:06.853","qVjH2moK8Yo","18016607","[PREMIUM]","[PREMIUM]","[PREMIUM]","122","Section 122","28",2,"['5','6']","2026-05-14 00:00:00","seatgeek_app","exchange",0,"[PREMIUM]","2"
"0nkd4gj","2026-09-12 23:51:57.109","2026-09-14 07:42:13.681","0nkd4gj","18116898","[PREMIUM]","[PREMIUM]","[PREMIUM]","341","Section 341","15",5,"['1','2','3','4','5']",,"electronic","open_marketplace",5,"[PREMIUM]","1,2,3,5"
"1rgywq1","2026-09-12 23:51:57.109","2026-09-25 23:18:01.365","1rgywq1","18116898","[PREMIUM]","[PREMIUM]","[PREMIUM]","144","Section 144","4",2,"['5','6']",,"seatgeek_app","open_marketplace",2,"[PREMIUM]","2"
"2kwymgp","2026-09-12 23:51:57.109","2026-09-25 23:18:01.365","2kwymgp","18116898","[PREMIUM]","[PREMIUM]","[PREMIUM]","230","Section 230","1",5,"['5','6','7','8','9']",,"seatgeek_app","open_marketplace",2,"[PREMIUM]","5"
"2kwymdp","2026-09-12 23:51:57.109","2026-09-25 23:18:01.365","2kwymdp","18116898","[PREMIUM]","[PREMIUM]","[PREMIUM]","144","Section 144","4",2,"['13','14']",,"seatgeek_app","open_marketplace",1,"[PREMIUM]","2"
"3q7fNL0xA7l","2026-09-12 23:51:57.109","2026-09-12 23:51:57.109","3q7fNL0xA7l","18116898","[PREMIUM]","[PREMIUM]","[PREMIUM]","SRO CC","Standing Room Only","390",8,"['1','2','3','4','5','6','7','8']","2026-12-26 00:00:00","electronic","exchange",0,"[PREMIUM]","1,2,3,4,5,6,8"
"3q7fNL0jdOv","2026-09-12 23:51:57.109","2026-09-12 23:51:57.109","3q7fNL0jdOv","18116898","[PREMIUM]","[PREMIUM]","[PREMIUM]","SRO BB","Standing Room Only","351",8,"['9','10','11','12','13','14','15','16']","2026-12-26 00:00:00","electronic","exchange",0,"[PREMIUM]","1,2,3,4,5,6,8"
"3q7fNL0XpP3","2026-09-12 23:51:57.109","2026-09-13 11:35:15.160","3q7fNL0XpP3","18116898","[PREMIUM]","[PREMIUM]","[PREMIUM]","422","Section 422","19",2,"['21','22']","2026-12-26 00:00:00","electronic","exchange",0,"[PREMIUM]","2"
"414ydeq","2026-09-12 23:51:57.109","2026-09-25 23:18:01.365","414ydeq","18116898","[PREMIUM]","[PREMIUM]","[PREMIUM]","413","Section 413","12",2,"['22','23']",,"seatgeek_app","open_marketplace",4,"[PREMIUM]","2"
"4vXcjR7X7rd","2026-09-12 23:51:57.109","2026-09-12 23:51:57.109","4vXcjR7X7rd","18116898","[PREMIUM]","[PREMIUM]","[PREMIUM]","SRO D","Standing Room Only","228",2,"['11','12']","2026-12-26 00:00:00","electronic","exchange",0,"[PREMIUM]","2"
"4vXcjR7oxax","2026-09-12 23:51:57.109","2026-09-12 23:51:57.109","4vXcjR7oxax","18116898","[PREMIUM]","[PREMIUM]","[PREMIUM]","SRO D","Standing Room Only","230",8,"['11','12','13','14','15','16','17','18']","2026-12-26 00:00:00","electronic","exchange",0,"[PREMIUM]","1,2,3,4,5,6,8"
"6mOhkoZXoPx","2026-09-12 23:51:57.109","2026-09-12 23:51:57.109","6mOhkoZXoPx","18116898","[PREMIUM]","[PREMIUM]","[PREMIUM]","SRO AA","Standing Room Only","275",6,"['31','32','33','34','35','36']","2026-12-26 00:00:00","electronic","exchange",0,"[PREMIUM]","1,2,3,4,6"
"6mOhkoZX0n3","2026-09-12 23:51:57.109","2026-09-13 18:09:22.609","6mOhkoZX0n3","18116898","[PREMIUM]","[PREMIUM]","[PREMIUM]","SRO D","Standing Room Only","251",8,"['35','36','37','38','39','40','41','42']","2026-12-26 00:00:00","electronic","exchange",5,"[PREMIUM]","1,2,3,4,5,6,8"
"7KntAgDwv6N","2026-09-12 23:51:57.109","2026-09-12 23:51:57.109","7KntAgDwv6N","18116898","[PREMIUM]","[PREMIUM]","[PREMIUM]","SRO C","Standing Room Only","204",2,"['49','50']","2026-12-26 00:00:00","electronic","exchange",0,"[PREMIUM]","2"
"7xpwerp","2026-09-12 23:51:57.109","2026-09-25 23:18:01.365","7xpwerp","18116898","[PREMIUM]","[PREMIUM]","[PREMIUM]","443","Section 443","9",2,"['10','11']",,"seatgeek_app","open_marketplace",5,"[PREMIUM]","2"
"8lKt6aKlAdG","2026-09-12 23:51:57.109","2026-09-12 23:51:57.109","8lKt6aKlAdG","18116898","[PREMIUM]","[PREMIUM]","[PREMIUM]","SRO D","Standing Room Only","265",6,"['27','28','29','30','31','32']","2026-12-26 00:00:00","electronic","exchange",0,"[PREMIUM]","1,2,3,4,6"
"9P2c5Mr4KmY","2026-09-12 23:51:57.109","2026-09-13 22:12:45.894","9P2c5Mr4KmY","18116898","[PREMIUM]","[PREMIUM]","[PREMIUM]","424","Section 424","10",4,"['3','4','5','6']","2026-12-26 00:00:00","electronic","exchange",0,"[PREMIUM]","1,2,4"
"9P2c5Mrn0gX","2026-09-12 23:51:57.109","2026-09-12 23:51:57.109","9P2c5Mrn0gX","18116898","[PREMIUM]","[PREMIUM]","[PREMIUM]","SRO AA","Standing Room Only","294",2,"['41','42']","2026-12-26 00:00:00","electronic","exchange",1,"[PREMIUM]","2"
"9P2c5MrkZnj","2026-09-12 23:51:57.109","2026-09-12 23:51:57.109","9P2c5MrkZnj","18116898","[PREMIUM]","[PREMIUM]","[PREMIUM]","SRO D","Standing Room Only","265",2,"['41','42']","2026-12-26 00:00:00","electronic","exchange",0,"[PREMIUM]","2"
"9P2c5MraaXa","2026-09-12 23:51:57.109","2026-09-12 23:51:57.109","9P2c5MraaXa","18116898","[PREMIUM]","[PREMIUM]","[PREMIUM]","SRO B","Standing Room Only","171",8,"['43','44','45','46','47','48','49','50']","2026-12-26 00:00:00","electronic","exchange",0,"[PREMIUM]","1,2,3,4,5,6,8"
"BALImM2ljdz","2026-09-12 23:51:57.109","2026-09-12 23:51:57.109","BALImM2ljdz","18116898","[PREMIUM]","[PREMIUM]","[PREMIUM]","SRO AA","Standing Room Only","284",7,"['27','28','29','30','31','32','33']","2026-12-26 00:00:00","electronic","exchange",0,"[PREMIUM]","1,2,3,4,5,7"
"GAaI602dYpr","2026-09-12 23:51:57.109","2026-09-12 23:51:57.109","GAaI602dYpr","18116898","[PREMIUM]","[PREMIUM]","[PREMIUM]","SRO BB","Standing Room Only","325",2,"['15','16']","2026-12-26 00:00:00","electronic","exchange",0,"[PREMIUM]","2"
"JABI3E2VMOZ","2026-09-12 23:51:57.109","2026-09-14 03:01:22.745","JABI3E2VMOZ","18116898","[PREMIUM]","[PREMIUM]","[PREMIUM]","SRO AA","Standing Room Only","283",6,"['3','4','5','6','7','8']","2026-12-26 00:00:00","electronic","exchange",5,"[PREMIUM]","1,2,3,4,6"
"JABI3E27ZoV","2026-09-12 23:51:57.109","2026-09-14 19:27:08.741","JABI3E27ZoV","18116898","[PREMIUM]","[PREMIUM]","[PREMIUM]","411","Section 411","25",2,"['24','25']","2026-12-26 00:00:00","electronic","exchange",0,"[PREMIUM]","2"
"NrqUv68l4el","2026-09-12 23:51:57.109","2026-09-12 23:51:57.109","NrqUv68l4el","18116898","[PREMIUM]","[PREMIUM]","[PREMIUM]","SRO BB","Standing Room Only","311",4,"['43','44','45','46']","2026-12-26 00:00:00","electronic","exchange",0,"[PREMIUM]","1,2,4"
"dmxpwdk","2026-09-12 23:51:57.109","2026-09-14 07:42:13.681","dmxpwdk","18116898","[PREMIUM]","[PREMIUM]","[PREMIUM]","C113","Section C 113","3",5,"['13','14','15','16','17']",,"electronic","open_marketplace",3,"[PREMIUM]","1,2,3,5"
"eeacK8A9YJA","2026-09-12 23:51:57.109","2026-09-12 23:51:57.109","eeacK8A9YJA","18116898","[PREMIUM]","[PREMIUM]","[PREMIUM]","SRO D","Standing Room Only","228",4,"['23','24','25','26']","2026-12-26 00:00:00","electronic","exchange",0,"[PREMIUM]","1,2,4"
"eeacK8aOmko","2026-09-12 23:51:57.109","2026-09-12 23:51:57.109","eeacK8aOmko","18116898","[PREMIUM]","[PREMIUM]","[PREMIUM]","SRO DD","Standing Room Only","430",2,"['3','4']","2026-12-26 00:00:00","electronic","exchange",0,"[PREMIUM]","2"
"eeacK8nw6xe","2026-09-12 23:51:57.109","2026-09-13 13:51:33.354","eeacK8nw6xe","18116898","[PREMIUM]","[PREMIUM]","[PREMIUM]","SRO BB","Standing Room Only","315",4,"['47','48','49','50']","2026-12-26 00:00:00","electronic","exchange",4,"[PREMIUM]","1,2,4"
"ek28mgg","2026-09-12 23:51:57.109","2026-09-25 23:18:01.365","ek28mgg","18116898","[PREMIUM]","[PREMIUM]","[PREMIUM]","C212","Section C 212","7",2,"['20','21']",,"seatgeek_app","open_marketplace",0,"[PREMIUM]","2"
"ek247px","2026-09-12 23:51:57.109","2026-09-25 23:18:01.365","ek247px","18116898","[PREMIUM]","[PREMIUM]","[PREMIUM]","422","Section 422","9",4,"['9','10','11','12']",,"seatgeek_app","open_marketplace",3,"[PREMIUM]","2,4"
"kYet9mon56O","2026-09-12 23:51:57.109","2026-09-12 23:51:57.109","kYet9mon56O","18116898","[PREMIUM]","[PREMIUM]","[PREMIUM]","SRO B","Standing Room Only","174",6,"['37','38','39','40','41','42']","2026-12-26 00:00:00","electronic","exchange",1,"[PREMIUM]","1,2,3,4,6"
"kpnr9ge","2026-09-12 23:51:57.109","2026-09-25 23:18:01.365","kpnr9ge","18116898","[PREMIUM]","[PREMIUM]","[PREMIUM]","302","Section 302","15",2,"['30','31']",,"seatgeek_app","open_marketplace",2,"[PREMIUM]","2"
"l_nrWBn1ACgjEb11HPw11VysMxmJvLtbepBydI3bAXzeSDwbZyZHwNBeGYtpCBVu5G","2026-09-12 23:51:57.109","2026-09-17 11:05:59.511","l_nrWBn1ACgjEb11HPw11VysMxmJvLtbepBydI3bAXzeSDwbZyZHwNBeGYtpCBVu5G","18116898","[PREMIUM]","[PREMIUM]","[PREMIUM]","303","Section 303","9",2,"['19','20']",,"sg_app","open",0,"[PREMIUM]","2"
"mopqm20","2026-09-12 23:51:57.109","2026-09-25 23:18:01.365","mopqm20","18116898","[PREMIUM]","[PREMIUM]","[PREMIUM]","446","Section 446","9",3,"['13','14','15']",,"seatgeek_app","open_marketplace",2,"[PREMIUM]","3"
"mxAs4xVOBA7","2026-09-12 23:51:57.109","2026-09-12 23:51:57.109","mxAs4xVOBA7","18116898","[PREMIUM]","[PREMIUM]","[PREMIUM]","SRO C","Standing Room Only","189",6,"['33','34','35','36','37','38']","2026-12-26 00:00:00","electronic","exchange",5,"[PREMIUM]","1,2,3,4,6"
"mxAs4xmagjk","2026-09-12 23:51:57.109","2026-09-12 23:51:57.109","mxAs4xmagjk","18116898","[PREMIUM]","[PREMIUM]","[PREMIUM]","SRO CC","Standing Room Only","386",4,"['39','40','41','42']","2026-12-26 00:00:00","electronic","exchange",0,"[PREMIUM]","1,2,4"
"o29dj72","2026-09-12 23:51:57.109","2026-09-25 23:18:01.365","o29dj72","18116898","[PREMIUM]","[PREMIUM]","[PREMIUM]","C133","Section C 133","7",2,"['5','6']",,"seatgeek_app","open_marketplace",0,"[PREMIUM]","2"
"oV7Hb6v0r4K","2026-09-12 23:51:57.109","2026-09-12 23:51:57.109","oV7Hb6v0r4K","18116898","[PREMIUM]","[PREMIUM]","[PREMIUM]","SRO DD","Standing Room Only","405",6,"['13','14','15','16','17','18']","2026-12-26 00:00:00","electronic","exchange",0,"[PREMIUM]","1,2,3,4,6"
"oV7Hb6vGDRz","2026-09-12 23:51:57.109","2026-09-12 23:51:57.109","oV7Hb6vGDRz","18116898","[PREMIUM]","[PREMIUM]","[PREMIUM]","SRO C","Standing Room Only","209",4,"['3','4','5','6']","2026-12-26 00:00:00","electronic","exchange",0,"[PREMIUM]","1,2,4"
"rVOHkpRzmw4","2026-09-12 23:51:57.109","2026-09-12 23:51:57.109","rVOHkpRzmw4","18116898","[PREMIUM]","[PREMIUM]","[PREMIUM]","SRO AA","Standing Room Only","274",2,"['35','36']","2026-12-26 00:00:00","electronic","exchange",0,"[PREMIUM]","2"
"vb3iPwnj6bo","2026-09-12 23:51:57.109","2026-09-22 11:04:11.795","vb3iPwnj6bo","18116898","[PREMIUM]","[PREMIUM]","[PREMIUM]","102","Section 102","21",4,"['19','20','21','22']","2026-12-26 00:00:00","electronic","exchange",0,"[PREMIUM]","1,2,4"
"w3Jse8rK7JZ","2026-09-12 23:51:57.109","2026-09-12 23:51:57.109","w3Jse8rK7JZ","18116898","[PREMIUM]","[PREMIUM]","[PREMIUM]","SRO D","Standing Room Only","246",4,"['47','48','49','50']","2026-12-26 00:00:00","electronic","exchange",0,"[PREMIUM]","1,2,4"
"wz2g41o","2026-09-12 23:51:57.109","2026-09-25 23:18:01.365","wz2g41o","18116898","[PREMIUM]","[PREMIUM]","[PREMIUM]","C108","Section C 108","1",2,"['10','11']",,"seatgeek_app","open_marketplace",2,"[PREMIUM]","2"
"y4j8xk7","2026-09-12 23:51:57.109","2026-09-25 23:18:01.365","y4j8xk7","18116898","[PREMIUM]","[PREMIUM]","[PREMIUM]","149","Section 149","21",2,"['15','16']",,"seatgeek_app","open_marketplace",0,"[PREMIUM]","2"
"y4j8no2","2026-09-12 23:51:57.109","2026-09-25 23:18:01.365","y4j8no2","18116898","[PREMIUM]","[PREMIUM]","[PREMIUM]","318","Section 318","16",2,"['30','31']",,"seatgeek_app","open_marketplace",5,"[PREMIUM]","2"
"z3Es6vz54w3","2026-09-12 23:51:57.109","2026-09-12 23:51:57.109","z3Es6vz54w3","18116898","[PREMIUM]","[PREMIUM]","[PREMIUM]","SRO C","Standing Room Only","186",6,"['9','10','11','12','13','14']","2026-12-26 00:00:00","electronic","exchange",0,"[PREMIUM]","1,2,3,4,6"
"zpw0m0p","2026-09-12 23:51:57.109","2026-09-25 23:18:01.365","zpw0m0p","18116898","[PREMIUM]","[PREMIUM]","[PREMIUM]","410","Section 410","11",4,"['18','19','20','21']",,"seatgeek_app","open_marketplace",3,"[PREMIUM]","2,4"
"LbviL8wZr2G","2026-09-12 23:51:54.154","2026-09-25 23:17:55.371","LbviL8wZr2G","18014286","[PREMIUM]","[PREMIUM]","[PREMIUM]","128","Section 128","11",4,"['1','2','3','4']","2026-05-26 00:00:00","seatgeek_app","exchange",0,"[PREMIUM]","2,4"
"Zm9hvJRKYxx","2026-09-12 23:51:54.154","2026-09-25 23:17:55.371","Zm9hvJRKYxx","18014286","[PREMIUM]","[PREMIUM]","[PREMIUM]","317","Section 317","1",2,"['12','13']","2026-05-26 00:00:00","seatgeek_app","exchange",0,"[PREMIUM]","2"
"qVjH2momw6Y","2026-09-12 23:51:54.154","2026-09-25 23:17:55.371","qVjH2momw6Y","18014286","[PREMIUM]","[PREMIUM]","[PREMIUM]","306","Section 306","30",6,"['3','4','5','6','7','8']","2026-05-26 00:00:00","seatgeek_app","exchange",2,"[PREMIUM]","2,4,6"
"xb9imlnbexx","2026-09-12 23:51:54.154","2026-09-25 23:17:55.371","xb9imlnbexx","18014286","[PREMIUM]","[PREMIUM]","[PREMIUM]","128","Section 128","12",2,"['7','8']","2026-05-26 00:00:00","seatgeek_app","exchange",0,"[PREMIUM]","2"
"JABI3E2Ek5M","2026-09-12 23:51:50.609","2026-09-25 23:17:36.672","JABI3E2Ek5M","18014306","[PREMIUM]","[PREMIUM]","[PREMIUM]","117","Section 117","23",2,"['13','14']","2026-12-26 00:00:00","seatgeek_app","exchange",1,"[PREMIUM]","2"
"LbviL8wZOx5","2026-09-12 23:51:50.609","2026-09-12 23:51:50.609","LbviL8wZOx5","18014306","[PREMIUM]","[PREMIUM]","[PREMIUM]","142","Section 142","22",4,"['5','6','7','8']","2026-12-26 00:00:00","sg_app","exchange",0,"[PREMIUM]","1,2,4"
"xb9imlnlOP6","2026-09-12 23:51:50.609","2026-09-20 08:34:49.255","xb9imlnlOP6","18014306","[PREMIUM]","[PREMIUM]","[PREMIUM]","141","Section 141","24",2,"['18','19']","2026-12-26 00:00:00","sg_app","exchange",5,"[PREMIUM]","2"
"xzk471n","2026-09-12 23:51:50.609","2026-09-20 11:05:14.126","xzk471n","18014306","[PREMIUM]","[PREMIUM]","[PREMIUM]","203","Section 203","13",2,"['18','19']",,"sg_app","marketplace",0,"[PREMIUM]","2"
"2v0czqPGOzq","2026-09-12 23:51:48.720","2026-09-15 11:12:57.403","2v0czqPGOzq","18016661","[PREMIUM]","[PREMIUM]","[PREMIUM]","107","Section 107","29",2,"['20','21']","2026-07-08 00:00:00","sg_app","exchange",1,"[PREMIUM]","2"
"3q7fNL0bmN7","2026-09-12 23:51:48.720","2026-09-18 11:15:30.195","3q7fNL0bmN7","18016661","[PREMIUM]","[PREMIUM]","[PREMIUM]","121","Section 121","17",2,"['1','2']","2026-07-08 00:00:00","sg_app","exchange",0,"[PREMIUM]","2"
"4vXcjR7brjV","2026-09-12 23:51:48.720","2026-09-16 11:11:29.109","4vXcjR7brjV","18016661","[PREMIUM]","[PREMIUM]","[PREMIUM]","234","Section 234","8",2,"['20','21']","2026-07-08 00:00:00","sg_app","exchange",1,"[PREMIUM]","2"
"5EjuZwgbJ8G","2026-09-12 23:51:48.720","2026-09-15 11:12:57.403","5EjuZwgbJ8G","18016661","[PREMIUM]","[PREMIUM]","[PREMIUM]","122","Section 122","17",2,"['20','21']","2026-07-08 00:00:00","sg_app","exchange",0,"[PREMIUM]","2"
"KezczqG94z6","2026-09-12 23:51:48.720","2026-09-25 23:17:29.772","KezczqG94z6","18016661","[PREMIUM]","[PREMIUM]","[PREMIUM]","341","Section 341","12",6,"['19','20','21','22','23','24']","2026-05-14 00:00:00","seatgeek_app","exchange",0,"[PREMIUM]","2,4,6"
"b4wUaoBDKwZ","2026-09-12 23:51:48.720","2026-09-13 16:54:29.877","b4wUaoBDKwZ","18016661","[PREMIUM]","[PREMIUM]","[PREMIUM]","103","Section 103","21",2,"['20','21']","2026-07-08 00:00:00","sg_app","exchange",0,"[PREMIUM]","2"
"nx0srKDMbOY","2026-09-12 23:51:48.720","2026-09-25 23:17:29.772","nx0srKDMbOY","18016661","[PREMIUM]","[PREMIUM]","[PREMIUM]","224","Section 224","10",2,"['11','12']","2026-12-26 00:00:00","seatgeek_app","exchange",5,"[PREMIUM]","2"
"pVXHD7eg0mB","2026-09-12 23:51:48.720","2026-09-21 11:08:15.090","pVXHD7eg0mB","18016661","[PREMIUM]","[PREMIUM]","[PREMIUM]","222","Section 222","10",4,"['9','10','11','12']","2026-05-14 00:00:00","sg_app","exchange",1,"[PREMIUM]","2,4"
"rVOHkpd9xk5","2026-09-12 23:51:48.720","2026-09-15 11:12:57.403","rVOHkpd9xk5","18016661","[PREMIUM]","[PREMIUM]","[PREMIUM]","123","Section 123","16",2,"['11','12']","2026-07-08 00:00:00","sg_app","exchange",0,"[PREMIUM]","2"
"xb9imlnbVoq","2026-09-12 23:51:48.720","2026-09-25 23:17:29.772","xb9imlnbVoq","18016661","[PREMIUM]","[PREMIUM]","[PREMIUM]","341","Section 341","9",12,"['5','6','7','8','9','10','11','12','13','14','15','16']","2026-05-14 00:00:00","seatgeek_app","exchange",1,"[PREMIUM]","1,2,3,4,5,6,7,8,9,10,12"
"8lKt6az7VZX","2026-09-12 23:51:46.470","2026-09-13 20:00:15.932","8lKt6az7VZX","18014014","[PREMIUM]","[PREMIUM]","[PREMIUM]","106","Section 106","12",2,"['19','20']","2026-12-26 00:00:00","sg_app","exchange",0,"[PREMIUM]","2"
"9P2c5Mro7eN","2026-09-12 23:51:46.470","2026-09-25 23:17:05.256","9P2c5Mro7eN","18014014","[PREMIUM]","[PREMIUM]","[PREMIUM]","115","Section 115","24",8,"['17','18','19','20','21','22','23','24']","2026-12-27 00:00:00","seatgeek_app","exchange",4,"[PREMIUM]","1,2,3,4,5,6,8"
"EroUXgdqE9N","2026-09-12 23:51:46.470","2026-09-25 23:17:05.256","EroUXgdqE9N","18014014","[PREMIUM]","[PREMIUM]","[PREMIUM]","150","Section 150","13",3,"['7','8','9']","2026-09-12 00:00:00","seatgeek_app","exchange",1,"[PREMIUM]","1,2,3"
"NrqUv6M7ZZd","2026-09-12 23:51:46.470","2026-09-25 23:17:05.256","NrqUv6M7ZZd","18014014","[PREMIUM]","[PREMIUM]","[PREMIUM]","121","Section 121","21",6,"['5','6','7','8','9','10']","2026-12-27 00:00:00","seatgeek_app","exchange",5,"[PREMIUM]","1,2,3,4,6"
"agktlM6xa4P","2026-09-12 23:51:46.470","2026-09-13 20:00:15.932","agktlM6xa4P","18014014","[PREMIUM]","[PREMIUM]","[PREMIUM]","106","Section 106","17",2,"['1','2']","2026-12-26 00:00:00","sg_app","exchange",0,"[PREMIUM]","2"
"kYet9mnKb0a","2026-09-12 23:51:46.470","2026-09-16 11:09:57.586","kYet9mnKb0a","18014014","[PREMIUM]","[PREMIUM]","[PREMIUM]","115","Section 115","25",4,"['21','22','23','24']","2026-12-27 00:00:00","sg_app","exchange",2,"[PREMIUM]","1,2,4"
"0nky4nr","2026-09-12 23:51:42.047","2026-09-25 23:18:43.351","0nky4nr","18165418","[PREMIUM]","[PREMIUM]","[PREMIUM]","501","Section 501","27",2,"['18','19']",,"seatgeek_app","open_marketplace",0,"[PREMIUM]","2"
"0nkdkgr","2026-09-12 23:51:42.047","2026-09-25 23:18:43.351","0nkdkgr","18165418","[PREMIUM]","[PREMIUM]","[PREMIUM]","121","Section 121","39",2,"['19','20']",,"seatgeek_app","open_marketplace",1,"[PREMIUM]","2"
"3q7fNL0aGmd","2026-09-12 23:51:42.047","2026-09-25 23:18:43.351","3q7fNL0aGmd","18165418","[PREMIUM]","[PREMIUM]","[PREMIUM]","537","Section 537","20",2,"['5','6']","2026-12-26 00:00:00","seatgeek_app","exchange",1,"[PREMIUM]","2"
"5EjuZwgpEVY","2026-09-12 23:51:42.047","2026-09-25 11:09:16.181","5EjuZwgpEVY","18165418","[PREMIUM]","[PREMIUM]","[PREMIUM]","548","Section 548","26",2,"['3','4']","2026-12-26 00:00:00","electronic","exchange",1,"[PREMIUM]","2"
"6g0dgwx","2026-09-12 23:51:42.047","2026-09-25 23:18:43.351","6g0dgwx","18165418","[PREMIUM]","[PREMIUM]","[PREMIUM]","108","Section 108","25",2,"['3','4']",,"seatgeek_app","open_marketplace",0,"[PREMIUM]","2"
"6mOhkoZodYq","2026-09-12 23:51:42.047","2026-09-25 23:18:43.351","6mOhkoZodYq","18165418","[PREMIUM]","[PREMIUM]","[PREMIUM]","501","Section 501","32",2,"['26','27']","2026-12-26 00:00:00","seatgeek_app","exchange",1,"[PREMIUM]","2"
"7xpwk1p","2026-09-12 23:51:42.047","2026-09-25 23:18:43.351","7xpwk1p","18165418","[PREMIUM]","[PREMIUM]","[PREMIUM]","127","Section 127","4",4,"['16','17','18','19']",,"seatgeek_app","open_marketplace",0,"[PREMIUM]","2,4"
"8lKt6ajlrER","2026-09-12 23:51:42.047","2026-09-25 11:09:16.181","8lKt6ajlrER","18165418","[PREMIUM]","[PREMIUM]","[PREMIUM]","550","Section 550","24",2,"['18','19']","2026-12-26 00:00:00","electronic","exchange",1,"[PREMIUM]","2"
"8lKt6azeAN8","2026-09-12 23:51:42.047","2026-09-20 11:12:13.620","8lKt6azeAN8","18165418","[PREMIUM]","[PREMIUM]","[PREMIUM]","513","Section 513","24",4,"['1','2','3','4']","2026-12-26 00:00:00","electronic","exchange",0,"[PREMIUM]","1,2,4"
"8lKt6azvPVe","2026-09-12 23:51:42.047","2026-09-24 11:11:02.016","8lKt6azvPVe","18165418","[PREMIUM]","[PREMIUM]","[PREMIUM]","529","Section 529","31",4,"['1','2','3','4']","2026-12-26 00:00:00","electronic","exchange",0,"[PREMIUM]","1,2,4"
"8lKt6az07Rb","2026-09-12 23:51:42.047","2026-09-25 23:18:43.351","8lKt6az07Rb","18165418","[PREMIUM]","[PREMIUM]","[PREMIUM]","130","Section 130","1",2,"['20','21']","2026-06-29 00:00:00","seatgeek_app","exchange",0,"[PREMIUM]","2"
"BALImM2z5a3","2026-09-12 23:51:42.047","2026-09-13 18:08:57.787","BALImM2z5a3","18165418","[PREMIUM]","[PREMIUM]","[PREMIUM]","549","Section 549","26",6,"['5','6','7','8','9','10']","2026-12-26 00:00:00","electronic","exchange",1,"[PREMIUM]","1,2,3,4,6"
"GAaI603Zkda","2026-09-12 23:51:42.047","2026-09-24 11:11:02.016","GAaI603Zkda","18165418","[PREMIUM]","[PREMIUM]","[PREMIUM]","540","Section 540","20",2,"['19','20']","2026-12-26 00:00:00","electronic","exchange",1,"[PREMIUM]","2"
"JABI3E2Aaxj","2026-09-12 23:51:42.047","2026-09-24 11:11:02.016","JABI3E2Aaxj","18165418","[PREMIUM]","[PREMIUM]","[PREMIUM]","539","Section 539","26",2,"['22','23']","2026-12-26 00:00:00","electronic","exchange",1,"[PREMIUM]","2"
"KezczqG9rr2","2026-09-12 23:51:42.047","2026-09-13 13:51:21.017","KezczqG9rr2","18165418","[PREMIUM]","[PREMIUM]","[PREMIUM]","543","Section 543","22",3,"['11','12','13']","2026-12-26 00:00:00","electronic","exchange",1,"[PREMIUM]","1,3"
"MAeIP3JP0Mm","2026-09-12 23:51:42.047","2026-09-13 20:00:11.250","MAeIP3JP0Mm","18165418","[PREMIUM]","[PREMIUM]","[PREMIUM]","500","Section 500","31",6,"['5','6','7','8','9','10']","2026-12-26 00:00:00","electronic","exchange",1,"[PREMIUM]","1,2,3,4,6"
"agktlM6mElb","2026-09-12 23:51:42.047","2026-09-20 11:12:13.620","agktlM6mElb","18165418","[PREMIUM]","[PREMIUM]","[PREMIUM]","504","Section 504","28",4,"['20','21','22','23']","2026-12-26 00:00:00","electronic","exchange",1,"[PREMIUM]","1,2,4"
"eeacK8a9oXP","2026-09-12 23:51:42.047","2026-09-25 23:18:43.351","eeacK8a9oXP","18165418","[PREMIUM]","[PREMIUM]","[PREMIUM]","501","Section 501","24",7,"['17','18','19','20','21','22','23']","2026-12-26 00:00:00","seatgeek_app","exchange",1,"[PREMIUM]","1,2,3,4,5,7"
"o29xq94","2026-09-12 23:51:42.047","2026-09-25 23:18:43.351","o29xq94","18165418","[PREMIUM]","[PREMIUM]","[PREMIUM]","253","Section 253","12",4,"['7','8','9','10']",,"seatgeek_app","open_marketplace",5,"[PREMIUM]","2,4"
"p1red42","2026-09-12 23:51:42.047","2026-09-25 23:18:43.351","p1red42","18165418","[PREMIUM]","[PREMIUM]","[PREMIUM]","147","Section 147","29",2,"['17','18']",,"seatgeek_app","open_marketplace",0,"[PREMIUM]","2"
"p1ppov6","2026-09-12 23:51:42.047","2026-09-25 23:18:43.351","p1ppov6","18165418","[PREMIUM]","[PREMIUM]","[PREMIUM]","524","Section 524","13",2,"['7','8']",,"seatgeek_app","open_marketplace",0,"[PREMIUM]","2"
"rVOHkpdZ2AE","2026-09-12 23:51:42.047","2026-09-22 11:11:09.952","rVOHkpdZ2AE","18165418","[PREMIUM]","[PREMIUM]","[PREMIUM]","550","Section 550","20",3,"['9','10','11']","2026-12-26 00:00:00","electronic","exchange",1,"[PREMIUM]","1,3"
"w3Jse8rYkoo","2026-09-12 23:51:42.047","2026-09-17 11:12:04.438","w3Jse8rYkoo","18165418","[PREMIUM]","[PREMIUM]","[PREMIUM]","551","Section 551","32",2,"['17','18']","2026-12-26 00:00:00","electronic","exchange",1,"[PREMIUM]","2"
"y4j8dy6","2026-09-12 23:51:42.047","2026-09-25 23:18:43.351","y4j8dy6","18165418","[PREMIUM]","[PREMIUM]","[PREMIUM]","146","Section 146","29",2,"['6','7']",,"seatgeek_app","open_marketplace",1,"[PREMIUM]","2"
"3q7fNL07dJ8","2026-09-12 23:51:34.142","2026-09-13 15:17:23.919","3q7fNL07dJ8","18014024","[PREMIUM]","[PREMIUM]","[PREMIUM]","239","Section 239","7",2,"['9','10']","2026-05-14 00:00:00","sg_app","exchange",0,"[PREMIUM]","2"
"4vXcjR79P63","2026-09-12 23:51:34.142","2026-09-25 23:17:08.625","4vXcjR79P63","18014024","[PREMIUM]","[PREMIUM]","[PREMIUM]","143","Section 143","6",4,"['5','6','7','8']","2026-05-26 00:00:00","seatgeek_app","exchange",0,"[PREMIUM]","2,4"
"6mOhkoZldqn","2026-09-12 23:51:34.142","2026-09-15 11:10:12.627","6mOhkoZldqn","18014024","[PREMIUM]","[PREMIUM]","[PREMIUM]","344","Section 344","7",2,"['15','16']","2026-08-04 00:00:00","sg_app","exchange",0,"[PREMIUM]","2"
"6mOhkopZo53","2026-09-12 23:51:34.142","2026-09-25 23:17:08.625","6mOhkopZo53","18014024","[PREMIUM]","[PREMIUM]","[PREMIUM]","135","Section 135","16",2,"['15','16']","2026-12-25 00:00:00","seatgeek_app","exchange",1,"[PREMIUM]","2"
"BALImMawJp7","2026-09-12 23:51:34.142","2026-09-12 23:51:34.142","BALImMawJp7","18014024","[PREMIUM]","[PREMIUM]","[PREMIUM]","301","Section 301","10",7,"['1','2','3','4','5','6','7']","2026-05-14 00:00:00","sg_app","exchange",1,"[PREMIUM]","1,2,3,4,5,7"
"EroUXgVdgJv","2026-09-12 23:51:34.142","2026-09-25 23:17:08.625","EroUXgVdgJv","18014024","[PREMIUM]","[PREMIUM]","[PREMIUM]","143","Section 143","5",2,"['25','26']","2026-12-25 00:00:00","seatgeek_app","exchange",1,"[PREMIUM]","2"
"JABI3E2RKrL","2026-09-12 23:51:34.142","2026-09-20 11:09:06.323","JABI3E2RKrL","18014024","[PREMIUM]","[PREMIUM]","[PREMIUM]","320","Section 320","8",4,"['9','10','11','12']","2026-07-28 00:00:00","sg_app","exchange",1,"[PREMIUM]","2,4"
"JABI3E2RplK","2026-09-12 23:51:34.142","2026-09-25 23:17:08.625","JABI3E2RplK","18014024","[PREMIUM]","[PREMIUM]","[PREMIUM]","110","Section 110","37",2,"['11','12']","2026-08-04 00:00:00","seatgeek_app","exchange",1,"[PREMIUM]","2"
"JABI3E62EPb","2026-09-12 23:51:34.142","2026-09-25 23:17:08.625","JABI3E62EPb","18014024","[PREMIUM]","[PREMIUM]","[PREMIUM]","142","Section 142","16",2,"['15','16']","2026-12-25 00:00:00","seatgeek_app","exchange",2,"[PREMIUM]","2"
"LbviL8wx3em","2026-09-12 23:51:34.142","2026-09-25 23:17:08.625","LbviL8wx3em","18014024","[PREMIUM]","[PREMIUM]","[PREMIUM]","118","Section 118","5",4,"['9','10','11','12']","2026-08-04 00:00:00","seatgeek_app","exchange",0,"[PREMIUM]","2,4"
"O7AhwK9RKA5","2026-09-12 23:51:34.142","2026-09-25 23:17:08.625","O7AhwK9RKA5","18014024","[PREMIUM]","[PREMIUM]","[PREMIUM]","148","Section 148","5",2,"['19','20']","2026-12-25 00:00:00","seatgeek_app","exchange",2,"[PREMIUM]","2"
"V4KU045BEJA","2026-09-12 23:51:34.142","2026-09-25 23:17:08.625","V4KU045BEJA","18014024","[PREMIUM]","[PREMIUM]","[PREMIUM]","143","Section 143","9",2,"['3','4']","2026-08-04 00:00:00","seatgeek_app","exchange",0,"[PREMIUM]","2"
"agktlMa6MPD","2026-09-12 23:51:34.142","2026-09-25 23:17:08.625","agktlMa6MPD","18014024","[PREMIUM]","[PREMIUM]","[PREMIUM]","109","Section 109","10",2,"['19','20']","2026-12-25 00:00:00","seatgeek_app","exchange",2,"[PREMIUM]","2"
"b4wUaoBkVqn","2026-09-12 23:51:34.142","2026-09-25 23:17:08.625","b4wUaoBkVqn","18014024","[PREMIUM]","[PREMIUM]","[PREMIUM]","146","Section 146","31",3,"['7','8','9']","2026-08-04 00:00:00","seatgeek_app","exchange",0,"[PREMIUM]","1,3"
"eeacK84qXDR","2026-09-12 23:51:34.142","2026-09-16 08:36:46.363","eeacK84qXDR","18014024","[PREMIUM]","[PREMIUM]","[PREMIUM]","143","Section 143","33",4,"['15','16','17','18']","2026-08-03 00:00:00","sg_app","exchange",1,"[PREMIUM]","2,4"
"jDvszkmoknK","2026-09-12 23:51:34.142","2026-09-25 23:17:08.625","jDvszkmoknK","18014024","[PREMIUM]","[PREMIUM]","[PREMIUM]","104","Section 104","3",2,"['19','20']","2026-12-25 00:00:00","seatgeek_app","exchange",5,"[PREMIUM]","2"
"nx0srKD9Kk0","2026-09-12 23:51:34.142","2026-09-25 23:17:08.625","nx0srKD9Kk0","18014024","[PREMIUM]","[PREMIUM]","[PREMIUM]","143","Section 143","4",4,"['11','12','13','14']","2026-12-25 00:00:00","seatgeek_app","exchange",1,"[PREMIUM]","2,4"
"qVjH2moKGB9","2026-09-12 23:51:34.142","2026-09-15 11:10:12.627","qVjH2moKGB9","18014024","[PREMIUM]","[PREMIUM]","[PREMIUM]","327","Section 327","16",2,"['20','21']","2026-05-14 00:00:00","sg_app","exchange",2,"[PREMIUM]","2"
"w3Jse8ZrvE0","2026-09-12 23:51:34.142","2026-09-25 23:17:08.625","w3Jse8ZrvE0","18014024","[PREMIUM]","[PREMIUM]","[PREMIUM]","224A","Section 224 A","8",6,"['17','18','19','20','21','22']","2026-05-14 00:00:00","seatgeek_app","exchange",1,"[PREMIUM]","2,4,6"
"0nkdw7z","2026-09-12 23:51:29.906","2026-09-25 23:17:01.238","0nkdw7z","18165205","[PREMIUM]","[PREMIUM]","[PREMIUM]","144","Section 144","7",3,"['7','8','9']",,"seatgeek_app","open_marketplace",0,"[PREMIUM]","1,3"
"2v0czqPLArK","2026-09-12 23:51:29.906","2026-09-13 16:55:18.296","2v0czqPLArK","18165205","[PREMIUM]","[PREMIUM]","[PREMIUM]","644","Section 644","17",3,"['9','10','11']","2026-05-14 00:00:00","electronic","exchange",0,"[PREMIUM]","1,3"
"5EjuZwveNVZ","2026-09-12 23:51:29.906","2026-09-25 11:11:53.595","5EjuZwveNVZ","18165205","[PREMIUM]","[PREMIUM]","[PREMIUM]","140","Section 140","27",6,"['9','10','11','12','13','14']","2026-05-14 00:00:00","electronic","exchange",1,"[PREMIUM]","2,4,6"
"8lKt6azl3v5","2026-09-12 23:51:29.906","2026-09-20 11:13:33.156","8lKt6azl3v5","18165205","[PREMIUM]","[PREMIUM]","[PREMIUM]","616","Section 616","25",2,"['11','12']","2026-05-14 00:00:00","electronic","exchange",0,"[PREMIUM]","2"
"DdwHkMLDkxA","2026-09-12 23:51:29.906","2026-09-25 23:17:01.238","DdwHkMLDkxA","18165205","[PREMIUM]","[PREMIUM]","[PREMIUM]","618","Section 618","38",3,"['1','2','3']","2026-05-14 00:00:00","seatgeek_app","exchange",0,"[PREMIUM]","1,3"
"KezczqGxBYR","2026-09-12 23:51:29.906","2026-09-23 11:10:46.842","KezczqGxBYR","18165205","[PREMIUM]","[PREMIUM]","[PREMIUM]","111","Section 111","19",4,"['17','18','19','20']","2026-05-14 00:00:00","electronic","exchange",0,"[PREMIUM]","2,4"
"dNgUgpXxBq8","2026-09-12 23:51:29.906","2026-09-25 11:11:53.595","dNgUgpXxBq8","18165205","[PREMIUM]","[PREMIUM]","[PREMIUM]","648","Section 648","13",4,"['15','16','17','18']","2026-05-14 00:00:00","electronic","exchange",1,"[PREMIUM]","2,4"
"ek28vv0","2026-09-12 23:51:29.906","2026-09-25 23:17:01.238","ek28vv0","18165205","[PREMIUM]","[PREMIUM]","[PREMIUM]","117","Section 117","8",4,"['16','17','18','19']",,"seatgeek_app","open_marketplace",5,"[PREMIUM]","2,4"
"ek24djx","2026-09-12 23:51:29.906","2026-09-25 23:17:01.238","ek24djx","18165205","[PREMIUM]","[PREMIUM]","[PREMIUM]","145","Section 145","25",2,"['10','11']",,"seatgeek_app","open_marketplace",0,"[PREMIUM]","2"
"mope6dq","2026-09-12 23:51:29.906","2026-09-25 23:17:01.238","mope6dq","18165205","[PREMIUM]","[PREMIUM]","[PREMIUM]","145","Section 145","8",2,"['17','18']",,"seatgeek_app","open_marketplace",0,"[PREMIUM]","2"
"q96k89v","2026-09-12 23:51:29.906","2026-09-23 11:10:46.842","q96k89v","18165205","[PREMIUM]","[PREMIUM]","[PREMIUM]","141","Section 141","15",2,"['11','12']",,"electronic","open_marketplace",0,"[PREMIUM]","2"
"q96k29w","2026-09-12 23:51:29.906","2026-09-23 11:10:46.842","q96k29w","18165205","[PREMIUM]","[PREMIUM]","[PREMIUM]","328C","Section 328 C","14",2,"['19','20']",,"electronic","open_marketplace",0,"[PREMIUM]","2"
"y4jnz16","2026-09-12 23:51:29.906","2026-09-15 08:38:21.914","y4jnz16","18165205","[PREMIUM]","[PREMIUM]","[PREMIUM]","111","Section 111","3",4,"['13','14','15','16']",,"electronic","open_marketplace",0,"[PREMIUM]","4"
"xzk4kg7","2026-09-12 23:51:29.906","2026-09-25 23:17:01.238","xzk4kg7","18165205","[PREMIUM]","[PREMIUM]","[PREMIUM]","604","Section 604","5",1,"['3']",,"seatgeek_app","open_marketplace",5,"[PREMIUM]","1"
"z3Es6vzPDav","2026-09-12 23:51:29.906","2026-09-13 16:55:18.296","z3Es6vzPDav","18165205","[PREMIUM]","[PREMIUM]","[PREMIUM]","644","Section 644","20",4,"['16','17','18','19']","2026-05-14 00:00:00","electronic","exchange",0,"[PREMIUM]","2,4"
"2v0czqPlwP7","2026-09-12 23:51:23.759","2026-09-20 11:12:05.240","2v0czqPlwP7","18014048","[PREMIUM]","[PREMIUM]","[PREMIUM]","227","Section 227","n",2,"['7','8']","2026-09-12 00:00:00","sg_app","exchange",0,"[PREMIUM]","2"
"PX0sgqJmxZ7","2026-09-12 23:51:23.759","2026-09-18 11:14:25.972","PX0sgqJmxZ7","18014048","[PREMIUM]","[PREMIUM]","[PREMIUM]","523","Section 523","v",2,"['9','10']","2026-09-12 00:00:00","sg_app","exchange",0,"[PREMIUM]","2"
"EroUXgdDx5O","2026-09-12 23:51:19.659","2026-09-25 23:16:53.104","EroUXgdDx5O","18016593","[PREMIUM]","[PREMIUM]","[PREMIUM]","112","Section 112","12",3,"['18','19','20']","2026-12-19 00:00:00","seatgeek_app","exchange",0,"[PREMIUM]","1,3"
"EroUXgdJPXe","2026-09-12 23:51:14.917","2026-09-25 23:16:27.613","EroUXgdJPXe","18016579","[PREMIUM]","[PREMIUM]","[PREMIUM]","312","Section 312","6",2,"['25','26']","2026-05-26 00:00:00","seatgeek_app","exchange",1,"[PREMIUM]","2"
"pVXHD7exwjM","2026-09-12 23:51:14.917","2026-09-13 18:08:21.544","pVXHD7exwjM","18016579","[PREMIUM]","[PREMIUM]","[PREMIUM]","323","Section 323","12",2,"['3','4']","2026-12-19 00:00:00","sg_app","exchange",0,"[PREMIUM]","2"
"w3Jse8rxj72","2026-09-12 23:51:14.917","2026-09-13 18:08:21.544","w3Jse8rxj72","18016579","[PREMIUM]","[PREMIUM]","[PREMIUM]","307","Section 307","16",2,"['12','13']","2026-12-19 00:00:00","sg_app","exchange",0,"[PREMIUM]","2"
"4vXcjR7Akb0","2026-09-12 23:51:12.529","2026-09-25 23:16:55.644","4vXcjR7Akb0","18014218","[PREMIUM]","[PREMIUM]","[PREMIUM]","631","Section 631","15n",7,"['4','5','6','7','8','9','10']","2026-07-14 00:00:00","seatgeek_app","exchange",2,"[PREMIUM]","1,2,3,4,5,7"
"6mOhkoZO5Gz","2026-09-12 23:51:12.529","2026-09-25 23:16:55.644","6mOhkoZO5Gz","18014218","[PREMIUM]","[PREMIUM]","[PREMIUM]","609","Section 609","16",3,"['17','18','19']","2026-09-12 00:00:00","seatgeek_app","exchange",0,"[PREMIUM]","1,3"
"BALImM20DzL","2026-09-12 23:51:12.529","2026-09-24 11:07:11.209","BALImM20DzL","18014218","[PREMIUM]","[PREMIUM]","[PREMIUM]","533","Section 533","4n",2,"['12','13']","2026-09-12 00:00:00","sg_app","exchange",0,"[PREMIUM]","2"
"EroUXgd0VOA","2026-09-12 23:51:12.529","2026-09-13 15:18:06.778","EroUXgd0VOA","18014218","[PREMIUM]","[PREMIUM]","[PREMIUM]","633","Section 633","11",2,"['13','14']","2026-05-14 00:00:00","sg_app","exchange",1,"[PREMIUM]","2"
"oV7Hb6vKR5G","2026-09-12 23:51:12.529","2026-09-14 22:34:35.232","oV7Hb6vKR5G","18014218","[PREMIUM]","[PREMIUM]","[PREMIUM]","347","Section 347","4n",16,"['5','6','7','8','9','10','11','12','13','14','15','16','17','18','19','20']","2026-09-12 00:00:00","sg_app","exchange",2,"[PREMIUM]","1,2,3,4,5,6,7,8,9,10,11,12,13,14,16"
"qVjH2moAgkv","2026-09-12 23:51:12.529","2026-09-22 11:06:09.423","qVjH2moAgkv","18014218","[PREMIUM]","[PREMIUM]","[PREMIUM]","616","Section 616","17",6,"['15','16','17','18','19','20']","2026-09-12 00:00:00","sg_app","exchange",0,"[PREMIUM]","1,2,3,4,6"
"vb3iPwnD6gR","2026-09-12 23:51:12.529","2026-09-22 11:06:09.423","vb3iPwnD6gR","18014218","[PREMIUM]","[PREMIUM]","[PREMIUM]","640","Section 640","20",4,"['21','22','23','24']","2026-05-14 00:00:00","sg_app","exchange",1,"[PREMIUM]","2,4"
"z3Es6vzEkBb","2026-09-12 23:51:12.529","2026-09-22 11:06:09.423","z3Es6vzEkBb","18014218","[PREMIUM]","[PREMIUM]","[PREMIUM]","610","Section 610","12",9,"['7','8','9','10','11','12','13','14','15']","2026-05-14 00:00:00","sg_app","exchange",1,"[PREMIUM]","1,2,3,4,5,6,7,9"
"9P2c5Mrp4ND","2026-09-12 23:51:09.443","2026-09-14 22:34:34.083","9P2c5Mrp4ND","18016679","[PREMIUM]","[PREMIUM]","[PREMIUM]","147","Section 147","mm",5,"['17','18','19','20','21']","2026-09-12 00:00:00","sg_app","exchange",1,"[PREMIUM]","1,2,3,5"
"A6rs2KBZEYB","2026-09-12 23:51:09.443","2026-09-12 23:51:09.443","A6rs2KBZEYB","18016679","[PREMIUM]","[PREMIUM]","[PREMIUM]","307","Section 307","rr",8,"['10','11','12','13','14','15','16','17']","2026-09-12 00:00:00","sg_app","exchange",1,"[PREMIUM]","1,2,3,4,5,6,8"
"DdwHkMLYOVR","2026-09-12 23:51:09.443","2026-09-13 16:54:10.260","DdwHkMLYOVR","18016679","[PREMIUM]","[PREMIUM]","[PREMIUM]","338","Section 338","pp",4,"['20','21','22','23']","2026-09-12 00:00:00","sg_app","exchange",0,"[PREMIUM]","1,2,4"
"EroUXgdgXmG","2026-09-12 23:51:09.443","2026-09-12 23:51:09.443","EroUXgdgXmG","18016679","[PREMIUM]","[PREMIUM]","[PREMIUM]","333","Section 333","ss",6,"['18','19','20','21','22','23']","2026-09-12 00:00:00","sg_app","exchange",0,"[PREMIUM]","1,2,3,4,6"
"NrqUv6MBmpO","2026-09-12 23:51:09.443","2026-09-12 23:51:09.443","NrqUv6MBmpO","18016679","[PREMIUM]","[PREMIUM]","[PREMIUM]","311","Section 311","qq",9,"['12','13','14','15','16','17','18','19','20']","2026-09-12 00:00:00","sg_app","exchange",1,"[PREMIUM]","1,2,3,4,5,6,7,9"
"dNgUgpXmlJK","2026-09-12 23:51:09.443","2026-09-13 18:08:35.904","dNgUgpXmlJK","18016679","[PREMIUM]","[PREMIUM]","[PREMIUM]","331","Section 331","nn",2,"['15','16']","2026-09-12 00:00:00","sg_app","exchange",0,"[PREMIUM]","2"
"rVOHkpdA7q7","2026-09-12 23:51:09.443","2026-09-12 23:51:09.443","rVOHkpdA7q7","18016679","[PREMIUM]","[PREMIUM]","[PREMIUM]","119","Section 119","j",2,"['8','9']","2026-09-12 00:00:00","sg_app","exchange",0,"[PREMIUM]","2"
"05VT8lLD0xY","2026-09-12 23:51:05.972","2026-09-25 23:16:48.602","05VT8lLD0xY","18016518","[PREMIUM]","[PREMIUM]","[PREMIUM]","136","Section 136","5",4,"['10','11','12','13']","2026-12-24 00:00:00","seatgeek_app","exchange",0,"[PREMIUM]","2,4"
"2v0czqPR0a0","2026-09-12 23:51:05.972","2026-09-25 23:16:48.602","2v0czqPR0a0","18016518","[PREMIUM]","[PREMIUM]","[PREMIUM]","110","Section 110","6",4,"['5','6','7','8']","2026-12-24 00:00:00","seatgeek_app","exchange",0,"[PREMIUM]","2,4"
"3q7fNL07Eeq","2026-09-12 23:51:05.972","2026-09-20 11:03:54.265","3q7fNL07Eeq","18016518","[PREMIUM]","[PREMIUM]","[PREMIUM]","111","Section 111","3",2,"['14','15']","2026-12-24 00:00:00","sg_app","exchange",0,"[PREMIUM]","2"
"3q7fNL07EJ3","2026-09-12 23:51:05.972","2026-09-20 11:03:54.265","3q7fNL07EJ3","18016518","[PREMIUM]","[PREMIUM]","[PREMIUM]","111","Section 111","4",4,"['14','15','16','17']","2026-12-24 00:00:00","sg_app","exchange",0,"[PREMIUM]","2,4"
"3q7fNL07Edp","2026-09-12 23:51:05.972","2026-09-25 23:16:48.602","3q7fNL07Edp","18016518","[PREMIUM]","[PREMIUM]","[PREMIUM]","226","Section 226","4",4,"['7','8','9','10']","2026-12-24 00:00:00","seatgeek_app","exchange",0,"[PREMIUM]","2,4"
"3q7fNL07Eg9","2026-09-12 23:51:05.972","2026-09-25 23:16:48.602","3q7fNL07Eg9","18016518","[PREMIUM]","[PREMIUM]","[PREMIUM]","304","304 Club","7",4,"['9','10','11','12']","2026-12-24 00:00:00","seatgeek_app","exchange",1,"[PREMIUM]","2,4"
"4vXcjR7XlZG","2026-09-12 23:51:05.972","2026-09-25 23:16:48.602","4vXcjR7XlZG","18016518","[PREMIUM]","[PREMIUM]","[PREMIUM]","209","209 Club","8",4,"['9','10','11','12']","2026-12-24 00:00:00","seatgeek_app","exchange",1,"[PREMIUM]","2,4"
"5EjuZwgj4r3","2026-09-12 23:51:05.972","2026-09-25 23:16:48.602","5EjuZwgj4r3","18016518","[PREMIUM]","[PREMIUM]","[PREMIUM]","113","Section 113","4",4,"['9','10','11','12']","2026-12-24 00:00:00","seatgeek_app","exchange",0,"[PREMIUM]","2,4"
"6mOhkoZOrYY","2026-09-12 23:51:05.972","2026-09-25 23:16:48.602","6mOhkoZOrYY","18016518","[PREMIUM]","[PREMIUM]","[PREMIUM]","110","Section 110","10",8,"['1','2','3','4','5','6','7','8']","2026-12-24 00:00:00","seatgeek_app","exchange",1,"[PREMIUM]","1,2,3,4,5,6,8"
"6mOhkoZOrAJ","2026-09-12 23:51:05.972","2026-09-25 23:16:48.602","6mOhkoZOrAJ","18016518","[PREMIUM]","[PREMIUM]","[PREMIUM]","110","Section 110","8",4,"['1','2','3','4']","2026-12-24 00:00:00","seatgeek_app","exchange",0,"[PREMIUM]","2,4"
"7KntAgDn0OE","2026-09-12 23:51:05.972","2026-09-13 15:23:08.261","7KntAgDn0OE","18016518","[PREMIUM]","[PREMIUM]","[PREMIUM]","128","Section 128","8",3,"['10','11','12']","2026-12-24 00:00:00","sg_app","exchange",1,"[PREMIUM]","3"
"7KntAgDn04E","2026-09-12 23:51:05.972","2026-09-25 23:16:48.602","7KntAgDn04E","18016518","[PREMIUM]","[PREMIUM]","[PREMIUM]","220","Section 220","5",4,"['5','6','7','8']","2026-12-24 00:00:00","seatgeek_app","exchange",1,"[PREMIUM]","2,4"
"7KntAgDn0k4","2026-09-12 23:51:05.972","2026-09-25 23:16:48.602","7KntAgDn0k4","18016518","[PREMIUM]","[PREMIUM]","[PREMIUM]","107","Section 107","6",2,"['5','6']","2026-12-24 00:00:00","seatgeek_app","exchange",0,"[PREMIUM]","2"
"BALImM2D0PL","2026-09-12 23:51:05.972","2026-09-24 11:03:55.887","BALImM2D0PL","18016518","[PREMIUM]","[PREMIUM]","[PREMIUM]","204","204 Club","9",4,"['4','5','6','7']","2026-12-24 00:00:00","sg_app","exchange",1,"[PREMIUM]","2,4"
"DdwHkMLwG7e","2026-09-12 23:51:05.972","2026-09-25 23:16:48.602","DdwHkMLwG7e","18016518","[PREMIUM]","[PREMIUM]","[PREMIUM]","113","Section 113","12",4,"['14','15','16','17']","2026-12-24 00:00:00","seatgeek_app","exchange",0,"[PREMIUM]","2,4"
"EroUXgdDKLA","2026-09-12 23:51:05.972","2026-09-25 23:16:48.602","EroUXgdDKLA","18016518","[PREMIUM]","[PREMIUM]","[PREMIUM]","230","Section 230","1",4,"['17','18','19','20']","2026-12-24 00:00:00","seatgeek_app","exchange",0,"[PREMIUM]","2,4"
"EroUXgdDK2P","2026-09-12 23:51:05.972","2026-09-25 23:16:48.602","EroUXgdDK2P","18016518","[PREMIUM]","[PREMIUM]","[PREMIUM]","309","309 Club","6",4,"['16','17','18','19']","2026-12-24 00:00:00","seatgeek_app","exchange",0,"[PREMIUM]","2,4"
"MAeIP35XGb2","2026-09-12 23:51:05.972","2026-09-25 23:16:48.602","MAeIP35XGb2","18016518","[PREMIUM]","[PREMIUM]","[PREMIUM]","219","Section 219","19",4,"['7','8','9','10']","2026-12-24 00:00:00","seatgeek_app","exchange",2,"[PREMIUM]","2,4"
"MAeIP35XGB6","2026-09-12 23:51:05.972","2026-09-25 23:16:48.602","MAeIP35XGB6","18016518","[PREMIUM]","[PREMIUM]","[PREMIUM]","223","Section 223","12",3,"['13','14','15']","2026-12-24 00:00:00","seatgeek_app","exchange",1,"[PREMIUM]","3"
"ROXHz2pAMz5","2026-09-12 23:51:05.972","2026-09-25 23:16:48.602","ROXHz2pAMz5","18016518","[PREMIUM]","[PREMIUM]","[PREMIUM]","138","Section 138","4",4,"['16','17','18','19']","2026-12-24 00:00:00","seatgeek_app","exchange",0,"[PREMIUM]","2,4"
"ROXHz2pAMV8","2026-09-12 23:51:05.972","2026-09-25 23:16:48.602","ROXHz2pAMV8","18016518","[PREMIUM]","[PREMIUM]","[PREMIUM]","132","Section 132","1",2,"['7','8']","2026-12-24 00:00:00","seatgeek_app","exchange",0,"[PREMIUM]","2"
"PX0sgqJ7BVj","2026-09-12 23:51:05.972","2026-09-25 23:16:48.602","PX0sgqJ7BVj","18016518","[PREMIUM]","[PREMIUM]","[PREMIUM]","218","Section 218","20",6,"['1','2','3','4','5','6']","2026-12-24 00:00:00","seatgeek_app","exchange",2,"[PREMIUM]","2,4,6"
"PX0sgqJ7B2j","2026-09-12 23:51:05.972","2026-09-25 23:16:48.602","PX0sgqJ7B2j","18016518","[PREMIUM]","[PREMIUM]","[PREMIUM]","112","Section 112","13",2,"['3','4']","2026-12-24 00:00:00","seatgeek_app","exchange",0,"[PREMIUM]","2"
"V4KU04NeZ30","2026-09-12 23:51:05.972","2026-09-25 23:16:48.602","V4KU04NeZ30","18016518","[PREMIUM]","[PREMIUM]","[PREMIUM]","304","304 Club","3",2,"['13','14']","2026-12-24 00:00:00","seatgeek_app","exchange",0,"[PREMIUM]","2"
"V4KU04NeZgl","2026-09-12 23:51:05.972","2026-09-25 23:16:48.602","V4KU04NeZgl","18016518","[PREMIUM]","[PREMIUM]","[PREMIUM]","223","Section 223","17",4,"['14','15','16','17']","2026-12-24 00:00:00","seatgeek_app","exchange",1,"[PREMIUM]","2,4"
"X03tKl0bpAk","2026-09-12 23:51:05.972","2026-09-25 23:16:48.602","X03tKl0bpAk","18016518","[PREMIUM]","[PREMIUM]","[PREMIUM]","250","Section 250","3",6,"['13','14','15','16','17','18']","2026-12-24 00:00:00","seatgeek_app","exchange",1,"[PREMIUM]","2,4,6"
"Zm9hvJKl0mr","2026-09-12 23:51:05.972","2026-09-25 23:16:48.602","Zm9hvJKl0mr","18016518","[PREMIUM]","[PREMIUM]","[PREMIUM]","250","Section 250","23",4,"['5','6','7','8']","2026-12-24 00:00:00","seatgeek_app","exchange",1,"[PREMIUM]","2,4"
"Zm9hvJKl0k6","2026-09-12 23:51:05.972","2026-09-25 23:16:48.602","Zm9hvJKl0k6","18016518","[PREMIUM]","[PREMIUM]","[PREMIUM]","115","Section 115","4",2,"['9','10']","2026-12-24 00:00:00","seatgeek_app","exchange",1,"[PREMIUM]","2"
"b4wUaoBkpgR","2026-09-12 23:51:05.972","2026-09-25 23:16:48.602","b4wUaoBkpgR","18016518","[PREMIUM]","[PREMIUM]","[PREMIUM]","106","Section 106","6",6,"['8','9','10','11','12','13']","2026-12-24 00:00:00","seatgeek_app","exchange",1,"[PREMIUM]","2,4,6"
"dmxv9vr","2026-09-12 23:51:05.972","2026-09-25 23:16:48.602","dmxv9vr","18016518","[PREMIUM]","[PREMIUM]","[PREMIUM]","255","Section 255","14",2,"['3','4']",,"seatgeek_app","marketplace",1,"[PREMIUM]","2"
"eeacK8ajd7L","2026-09-12 23:51:05.972","2026-09-13 16:54:04.338","eeacK8ajd7L","18016518","[PREMIUM]","[PREMIUM]","[PREMIUM]","241","Section 241","1",2,"['17','18']","2026-12-24 00:00:00","sg_app","exchange",0,"[PREMIUM]","2"
"eeacK8ajdvA","2026-09-12 23:51:05.972","2026-09-25 23:16:48.602","eeacK8ajdvA","18016518","[PREMIUM]","[PREMIUM]","[PREMIUM]","242","Section 242","2",2,"['5','6']","2026-12-24 00:00:00","seatgeek_app","exchange",0,"[PREMIUM]","2"
"g48Ur63npRx","2026-09-12 23:51:05.972","2026-09-25 23:16:48.602","g48Ur63npRx","18016518","[PREMIUM]","[PREMIUM]","[PREMIUM]","225","Section 225","2",2,"['8','9']","2026-12-24 00:00:00","seatgeek_app","exchange",0,"[PREMIUM]","2"
"jDvszko3j2o","2026-09-12 23:51:05.972","2026-09-25 23:16:48.602","jDvszko3j2o","18016518","[PREMIUM]","[PREMIUM]","[PREMIUM]","115","Section 115","15",2,"['18','19']","2026-12-24 00:00:00","seatgeek_app","exchange",1,"[PREMIUM]","2"
"jDvszko3jze","2026-09-12 23:51:05.972","2026-09-25 23:16:48.602","jDvszko3jze","18016518","[PREMIUM]","[PREMIUM]","[PREMIUM]","106","Section 106","12",4,"['7','8','9','10']","2026-12-24 00:00:00","seatgeek_app","exchange",1,"[PREMIUM]","2,4"
"kYet9mnJOx7","2026-09-12 23:51:05.972","2026-09-25 23:16:48.602","kYet9mnJOx7","18016518","[PREMIUM]","[PREMIUM]","[PREMIUM]","256","Section 256","25",2,"['20','21']","2026-12-24 00:00:00","seatgeek_app","exchange",1,"[PREMIUM]","2"
"kYet9mnJO4w","2026-09-12 23:51:05.972","2026-09-25 23:16:48.602","kYet9mnJO4w","18016518","[PREMIUM]","[PREMIUM]","[PREMIUM]","106","Section 106","2",2,"['1','2']","2026-12-24 00:00:00","seatgeek_app","exchange",0,"[PREMIUM]","2"
"kYet9mRbVNr","2026-09-12 23:51:05.972","2026-09-25 23:16:48.602","kYet9mRbVNr","18016518","[PREMIUM]","[PREMIUM]","[PREMIUM]","444","Section 444","3",4,"['1','2','3','4']","2026-12-21 00:00:00","seatgeek_app","exchange",0,"[PREMIUM]","2,4"
"lxVsdRE9ZMo","2026-09-12 23:51:05.972","2026-09-25 23:16:48.602","lxVsdRE9ZMo","18016518","[PREMIUM]","[PREMIUM]","[PREMIUM]","220","Section 220","13",4,"['1','2','3','4']","2026-12-24 00:00:00","seatgeek_app","exchange",1,"[PREMIUM]","2,4"
"nx0srK9E2ZG","2026-09-12 23:51:05.972","2026-09-25 23:16:48.602","nx0srK9E2ZG","18016518","[PREMIUM]","[PREMIUM]","[PREMIUM]","252","Section 252","22",4,"['17','18','19','20']","2026-12-24 00:00:00","seatgeek_app","exchange",0,"[PREMIUM]","2,4"
"oV7Hb6vAqMD","2026-09-12 23:51:05.972","2026-09-25 23:16:48.602","oV7Hb6vAqMD","18016518","[PREMIUM]","[PREMIUM]","[PREMIUM]","114","Section 114","15",2,"['13','14']","2026-12-24 00:00:00","seatgeek_app","exchange",1,"[PREMIUM]","2"
"oV7Hb6vAqgp","2026-09-12 23:51:05.972","2026-09-25 23:16:48.602","oV7Hb6vAqgp","18016518","[PREMIUM]","[PREMIUM]","[PREMIUM]","112","Section 112","6",4,"['1','2','3','4']","2026-12-24 00:00:00","seatgeek_app","exchange",0,"[PREMIUM]","2,4"
"vb3iPwnqdd4","2026-09-12 23:51:05.972","2026-09-18 11:05:24.079","vb3iPwnqdd4","18016518","[PREMIUM]","[PREMIUM]","[PREMIUM]","141","Section 141","11",2,"['16','17']","2026-09-11 00:00:00","sg_app","exchange",0,"[PREMIUM]","2"
"xb9imlnewDO","2026-09-12 23:51:05.972","2026-09-19 11:04:19.646","xb9imlnewDO","18016518","[PREMIUM]","[PREMIUM]","[PREMIUM]","150","Section 150","16",4,"['1','2','3','4']","2026-09-12 00:00:00","sg_app","exchange",0,"[PREMIUM]","1,2,3,4"
"xb9imln3JNz","2026-09-12 23:51:05.972","2026-09-25 23:16:48.602","xb9imln3JNz","18016518","[PREMIUM]","[PREMIUM]","[PREMIUM]","432","Section 432","2",4,"['17','18','19','20']","2026-08-25 00:00:00","seatgeek_app","exchange",0,"[PREMIUM]","4"
"xb9imlnMx3o","2026-09-12 23:51:05.972","2026-09-25 23:16:48.602","xb9imlnMx3o","18016518","[PREMIUM]","[PREMIUM]","[PREMIUM]","254","Section 254","12",4,"['5','6','7','8']","2026-12-24 00:00:00","seatgeek_app","exchange",1,"[PREMIUM]","2,4"
"xb9imlnMx48","2026-09-12 23:51:05.972","2026-09-25 23:16:48.602","xb9imlnMx48","18016518","[PREMIUM]","[PREMIUM]","[PREMIUM]","241","Section 241","4",2,"['5','6']","2026-12-24 00:00:00","seatgeek_app","exchange",0,"[PREMIUM]","2"
"z3Es6vd4DKJ","2026-09-12 23:51:05.972","2026-09-25 23:16:48.602","z3Es6vd4DKJ","18016518","[PREMIUM]","[PREMIUM]","[PREMIUM]","241","Section 241","3",2,"['12','13']","2026-12-21 00:00:00","seatgeek_app","exchange",0,"[PREMIUM]","2"
"868vexd","2026-09-12 23:51:00.735","2026-09-25 23:16:37.111","868vexd","18016484","[PREMIUM]","[PREMIUM]","[PREMIUM]","209","Section 209","15",1,"['3']",,"seatgeek_app","marketplace",3,"[PREMIUM]","1"
"A6rs2KBnZbV","2026-09-12 23:51:00.735","2026-09-17 11:08:51.827","A6rs2KBnZbV","18016484","[PREMIUM]","[PREMIUM]","[PREMIUM]","107","Section 107","42",2,"['1','2']","2026-12-23 00:00:00","sg_app","exchange",0,"[PREMIUM]","2"
"Zm9hvJKX7Zz","2026-09-12 23:51:00.735","2026-09-13 19:55:56.936","Zm9hvJKX7Zz","18016484","[PREMIUM]","[PREMIUM]","[PREMIUM]","243","Section 243","1",2,"['11','12']","2026-09-13 00:00:00","sg_app","exchange",0,"[PREMIUM]","2"
"Zm9hvJKAz5v","2026-09-12 23:51:00.735","2026-09-19 11:08:33.928","Zm9hvJKAz5v","18016484","[PREMIUM]","[PREMIUM]","[PREMIUM]","C1","Section C 1","12",2,"['7','8']","2026-09-12 00:00:00","sg_app","exchange",0,"[PREMIUM]","2"
"agktlM68zaX","2026-09-12 23:51:00.735","2026-09-20 11:05:12.050","agktlM68zaX","18016484","[PREMIUM]","[PREMIUM]","[PREMIUM]","115","Section 115","33",3,"['19','20','21']","2026-12-23 00:00:00","sg_app","exchange",1,"[PREMIUM]","1,2,3"
"g4jrq7y","2026-09-12 23:51:00.735","2026-09-25 23:16:37.111","g4jrq7y","18016484","[PREMIUM]","[PREMIUM]","[PREMIUM]","207","Section 207","15",1,"['15']",,"seatgeek_app","marketplace",2,"[PREMIUM]","1"
"mxAs4xmxpjX","2026-09-12 23:51:00.735","2026-09-25 23:16:37.111","mxAs4xmxpjX","18016484","[PREMIUM]","[PREMIUM]","[PREMIUM]","225","Section 225","14",5,"['1','2','3','4','5']","2026-12-23 00:00:00","seatgeek_app","exchange",1,"[PREMIUM]","1,2,3,5"
"qVjH2monYME","2026-09-12 23:51:00.735","2026-09-25 23:16:37.111","qVjH2monYME","18016484","[PREMIUM]","[PREMIUM]","[PREMIUM]","126","Section 126","33",2,"['11','12']","2026-12-23 00:00:00","seatgeek_app","exchange",0,"[PREMIUM]","2"
"2v0czqP3mML","2026-09-12 23:50:58.078","2026-09-14 19:25:58.512","2v0czqP3mML","18168295","[PREMIUM]","[PREMIUM]","[PREMIUM]","133","Section 133","18",2,"['1','2']","2026-05-15 00:00:00","electronic","exchange",1,"[PREMIUM]","2"
"6g0dw71","2026-09-12 23:50:58.078","2026-09-25 23:16:22.645","6g0dw71","18168295","[PREMIUM]","[PREMIUM]","[PREMIUM]","212","Section 212","4",2,"['7','8']",,"seatgeek_app","open_marketplace",0,"[PREMIUM]","2"
"DdwHkMLOnlN","2026-09-12 23:50:58.078","2026-09-13 15:13:51.784","DdwHkMLOnlN","18168295","[PREMIUM]","[PREMIUM]","[PREMIUM]","123","Section 123","13",8,"['10','11','12','13','14','15','16','17']","2026-05-15 00:00:00","electronic","exchange",1,"[PREMIUM]","1,2,3,4,5,6,8"
"g4jrx7o","2026-09-12 23:50:58.078","2026-09-25 23:16:22.645","g4jrx7o","18168295","[PREMIUM]","[PREMIUM]","[PREMIUM]","113","Section 113","10",4,"['12','13','14','15']",,"seatgeek_app","open_marketplace",2,"[PREMIUM]","1,2,4"
"g4jrdry","2026-09-12 23:50:58.078","2026-09-25 23:16:22.645","g4jrdry","18168295","[PREMIUM]","[PREMIUM]","[PREMIUM]","107","Section 107","26",4,"['3','4','5','6']",,"seatgeek_app","open_marketplace",0,"[PREMIUM]","4"
"jp4zgd7","2026-09-12 23:50:58.078","2026-09-25 23:16:22.645","jp4zgd7","18168295","[PREMIUM]","[PREMIUM]","[PREMIUM]","134","Section 134","14",2,"['1','2']",,"seatgeek_app","open_marketplace",0,"[PREMIUM]","2"
"l_XMM5n11F0WMJ5UmzGyzgCb3mEA3T8P6DR6f6QvG6JHbPnb80uXGerV0hA6t1EIBx","2026-09-12 23:50:58.078","2026-09-13 22:09:15.364","l_XMM5n11F0WMJ5UmzGyzgCb3mEA3T8P6DR6f6QvG6JHbPnb80uXGerV0hA6t1EIBx","18168295","[PREMIUM]","[PREMIUM]","[PREMIUM]","448","Terrace 448","10",13,"['1','2','3','4','5','6','7','8','9','10','11','12','13']",,"sg_app","open",2,"[PREMIUM]","1,2,3,4,5,6,7,8,9,10,11,13"
"nygzgxm","2026-09-12 23:50:58.078","2026-09-25 23:16:22.645","nygzgxm","18168295","[PREMIUM]","[PREMIUM]","[PREMIUM]","426","Ring Of Honor 426","a",2,"['7','8']",,"seatgeek_app","open_marketplace",0,"[PREMIUM]","2"
"q967zxw","2026-09-12 23:50:58.078","2026-09-25 23:16:22.645","q967zxw","18168295","[PREMIUM]","[PREMIUM]","[PREMIUM]","122","Section 122","11",2,"['3','4']",,"seatgeek_app","open_marketplace",1,"[PREMIUM]","2"
"y4j87zg","2026-09-12 23:50:58.078","2026-09-25 23:16:22.645","y4j87zg","18168295","[PREMIUM]","[PREMIUM]","[PREMIUM]","433","Terrace 433","2",2,"['17','18']",,"seatgeek_app","open_marketplace",0,"[PREMIUM]","2"
"y4jmw2g","2026-09-12 23:50:58.078","2026-09-25 23:16:22.645","y4jmw2g","18168295","[PREMIUM]","[PREMIUM]","[PREMIUM]","WC415","Ring Of Honor WC 415","c",2,"['3','4']",,"seatgeek_app","open_marketplace",0,"[PREMIUM]","2"
"zpwgn0e","2026-09-12 23:50:58.078","2026-09-25 23:16:22.645","zpwgn0e","18168295","[PREMIUM]","[PREMIUM]","[PREMIUM]","103","Section 103","3",4,"['12','13','14','15']",,"seatgeek_app","open_marketplace",0,"[PREMIUM]","2,4"
"X03tKlqvlJl","2026-09-12 23:50:57.857","2026-09-16 11:09:48.604","X03tKlqvlJl","18014282","[PREMIUM]","[PREMIUM]","[PREMIUM]","338","Section 338","14",7,"['1','2','3','4','5','6','7']","2026-05-26 00:00:00","sg_app","exchange",1,"[PREMIUM]","1,2,3,4,5,7"
"jDvszkoLeeO","2026-09-12 23:50:57.857","2026-09-14 19:26:04.322","jDvszkoLeeO","18014282","[PREMIUM]","[PREMIUM]","[PREMIUM]","326","Section 326","34",5,"['10','11','12','13','14']","2026-05-26 00:00:00","sg_app","exchange",0,"[PREMIUM]","1,2,3,5"
"05VT8lLKRDb","2026-09-12 23:50:53.911","2026-09-21 11:07:01.500","05VT8lLKRDb","18014082","[PREMIUM]","[PREMIUM]","[PREMIUM]","526","Section 526","11",3,"['13','14','15']","2026-05-14 00:00:00","sg_app","exchange",1,"[PREMIUM]","1,3"
"05VT8lLDO4q","2026-09-12 23:50:53.911","2026-09-25 23:14:43.911","05VT8lLDO4q","18014082","[PREMIUM]","[PREMIUM]","[PREMIUM]","110","Section 110","1",3,"['8','9','10']","2026-12-05 00:00:00","seatgeek_app","exchange",1,"[PREMIUM]","1,3"
"2v0czqP3lRl","2026-09-12 23:50:53.911","2026-09-17 11:10:08.978","2v0czqP3lRl","18014082","[PREMIUM]","[PREMIUM]","[PREMIUM]","536","Section 536","32",4,"['21','22','23','24']","2026-12-05 00:00:00","sg_app","exchange",0,"[PREMIUM]","2,4"
"2v0czqP3lGl","2026-09-12 23:50:53.911","2026-09-14 22:32:41.055","2v0czqP3lGl","18014082","[PREMIUM]","[PREMIUM]","[PREMIUM]","528","Section 528","20",6,"['11','12','13','14','15','16']","2026-05-14 00:00:00","sg_app","exchange",0,"[PREMIUM]","2,4,6"
"3q7fNL0JvbN","2026-09-12 23:50:53.911","2026-09-13 22:07:52.489","3q7fNL0JvbN","18014082","[PREMIUM]","[PREMIUM]","[PREMIUM]","529","Section 529","30",4,"['24','25','26','27']","2026-05-14 00:00:00","sg_app","exchange",0,"[PREMIUM]","2,4"
"3q7fNL0JvbE","2026-09-12 23:50:53.911","2026-09-25 23:14:43.911","3q7fNL0JvbE","18014082","[PREMIUM]","[PREMIUM]","[PREMIUM]","506","Section 506","31",7,"['21','22','23','24','25','26','27']","2026-12-05 00:00:00","seatgeek_app","exchange",0,"[PREMIUM]","1,2,3,4,5,7"
"4vXcjR79GbL","2026-09-12 23:50:53.911","2026-09-13 15:13:19.438","4vXcjR79GbL","18014082","[PREMIUM]","[PREMIUM]","[PREMIUM]","506","Section 506","30",8,"['9','10','11','12','13','14','15','16']","2026-12-05 00:00:00","sg_app","exchange",0,"[PREMIUM]","1,2,3,4,5,6,8"
"7KntAgDleg5","2026-09-12 23:50:53.911","2026-09-14 22:32:41.055","7KntAgDleg5","18014082","[PREMIUM]","[PREMIUM]","[PREMIUM]","542","Section 542","28",3,"['7','8','9']","2026-05-14 00:00:00","sg_app","exchange",1,"[PREMIUM]","1,3"
"DdwHkMLOzwg","2026-09-12 23:50:53.911","2026-09-25 23:14:43.911","DdwHkMLOzwg","18014082","[PREMIUM]","[PREMIUM]","[PREMIUM]","526","Section 526","2",2,"['14','15']","2026-05-14 00:00:00","seatgeek_app","exchange",0,"[PREMIUM]","2"
"KezczqGMvPO","2026-09-12 23:50:53.911","2026-09-25 23:14:43.911","KezczqGMvPO","18014082","[PREMIUM]","[PREMIUM]","[PREMIUM]","119","Section 119","23",4,"['10','11','12','13']","2026-12-06 00:00:00","seatgeek_app","exchange",1,"[PREMIUM]","1,2,4"
"KezczqG6r95","2026-09-12 23:50:53.911","2026-09-25 23:14:43.911","KezczqG6r95","18014082","[PREMIUM]","[PREMIUM]","[PREMIUM]","525","Section 525","18",2,"['1','2']","2026-05-14 00:00:00","seatgeek_app","exchange",1,"[PREMIUM]","2"
"O7AhwKRrkKR","2026-09-12 23:50:53.911","2026-09-15 11:12:48.418","O7AhwKRrkKR","18014082","[PREMIUM]","[PREMIUM]","[PREMIUM]","542","Section 542","19",11,"['11','12','13','14','15','16','17','18','19','20','21']","2026-05-14 00:00:00","sg_app","exchange",0,"[PREMIUM]","1,2,3,4,5,6,7,8,9,11"
"O7AhwKRrk7R","2026-09-12 23:50:53.911","2026-09-22 11:07:21.351","O7AhwKRrk7R","18014082","[PREMIUM]","[PREMIUM]","[PREMIUM]","525","Section 525","31",4,"['18','19','20','21']","2026-05-14 00:00:00","sg_app","exchange",1,"[PREMIUM]","2,4"
"V4KU04NMme4","2026-09-12 23:50:53.911","2026-09-19 11:11:12.344","V4KU04NMme4","18014082","[PREMIUM]","[PREMIUM]","[PREMIUM]","511","Section 511","27",12,"['5','6','7','8','9','10','11','12','13','14','15','16']","2026-05-14 00:00:00","sg_app","exchange",0,"[PREMIUM]","1,2,3,4,5,6,7,8,9,10,12"
"X03tKl0jOlv","2026-09-12 23:50:53.911","2026-09-14 22:32:41.055","X03tKl0jOlv","18014082","[PREMIUM]","[PREMIUM]","[PREMIUM]","542","Section 542","30",8,"['15','16','17','18','19','20','21','22']","2026-05-14 00:00:00","sg_app","exchange",1,"[PREMIUM]","1,2,3,4,5,6,8"
"YgJtk0M6q03","2026-09-12 23:50:53.911","2026-09-20 11:11:04.472","YgJtk0M6q03","18014082","[PREMIUM]","[PREMIUM]","[PREMIUM]","542","Section 542","32",2,"['19','20']","2026-05-14 00:00:00","sg_app","exchange",1,"[PREMIUM]","2"
"Zm9hvJKw6JE","2026-09-12 23:50:53.911","2026-09-17 11:10:08.978","Zm9hvJKw6JE","18014082","[PREMIUM]","[PREMIUM]","[PREMIUM]","536","Section 536","22",10,"['9','10','11','12','13','14','15','16','17','18']","2026-05-14 00:00:00","sg_app","exchange",0,"[PREMIUM]","1,2,3,4,5,6,7,8,10"
"b4wUaoBGRor","2026-09-12 23:50:53.911","2026-09-25 23:14:43.911","b4wUaoBGRor","18014082","[PREMIUM]","[PREMIUM]","[PREMIUM]","319","Section 319","12",4,"['7','8','9','10']","2026-05-14 00:00:00","seatgeek_app","exchange",0,"[PREMIUM]","2,4"
"dNgUgpX8LRv","2026-09-12 23:50:53.911","2026-09-14 22:32:41.055","dNgUgpX8LRv","18014082","[PREMIUM]","[PREMIUM]","[PREMIUM]","540","Section 540","25",5,"['17','18','19','20','21']","2026-05-14 00:00:00","sg_app","exchange",0,"[PREMIUM]","1,2,3,5"
"eeacK8a25j2","2026-09-12 23:50:53.911","2026-09-17 11:10:08.978","eeacK8a25j2","18014082","[PREMIUM]","[PREMIUM]","[PREMIUM]","349","Section 349","26",2,"['5','6']","2026-05-14 00:00:00","sg_app","exchange",1,"[PREMIUM]","2"
"g48Ur63oGnM","2026-09-12 23:50:53.911","2026-09-13 15:13:19.438","g48Ur63oGnM","18014082","[PREMIUM]","[PREMIUM]","[PREMIUM]","101","Section 101","12",2,"['19','20']","2026-08-24 00:00:00","sg_app","exchange",0,"[PREMIUM]","2"
"jDvszko7E3m","2026-09-12 23:50:53.911","2026-09-13 22:07:52.489","jDvszko7E3m","18014082","[PREMIUM]","[PREMIUM]","[PREMIUM]","529","Section 529","26",7,"['16','17','18','19','20','21','22']","2026-05-14 00:00:00","sg_app","exchange",0,"[PREMIUM]","1,2,3,4,5,7"
"jDvszko7Ekm","2026-09-12 23:50:53.911","2026-09-14 22:32:41.055","jDvszko7Ekm","18014082","[PREMIUM]","[PREMIUM]","[PREMIUM]","542","Section 542","31",4,"['17','18','19','20']","2026-05-14 00:00:00","sg_app","exchange",1,"[PREMIUM]","2,4"
"lxVsdRELqe6","2026-09-12 23:50:53.911","2026-09-14 22:32:41.055","lxVsdRELqe6","18014082","[PREMIUM]","[PREMIUM]","[PREMIUM]","502","Section 502","26",6,"['17','18','19','20','21','22']","2026-12-05 00:00:00","sg_app","exchange",0,"[PREMIUM]","2,4,6"
"lxVsdREM8zR","2026-09-12 23:50:53.911","2026-09-25 23:14:43.911","lxVsdREM8zR","18014082","[PREMIUM]","[PREMIUM]","[PREMIUM]","530","Section 530","22",4,"['23','24','25','26']","2026-09-01 00:00:00","seatgeek_app","exchange",0,"[PREMIUM]","2,4"
"mxAs4xmYLx6","2026-09-12 23:50:53.911","2026-09-24 11:07:27.868","mxAs4xmYLx6","18014082","[PREMIUM]","[PREMIUM]","[PREMIUM]","320","Section 320","13",5,"['14','15','16','17','18']","2026-05-14 00:00:00","sg_app","exchange",1,"[PREMIUM]","1,2,3,5"
"nx0srK9MwEj","2026-09-12 23:50:53.911","2026-09-17 11:10:08.978","nx0srK9MwEj","18014082","[PREMIUM]","[PREMIUM]","[PREMIUM]","536","Section 536","28",12,"['1','2','3','4','5','6','7','8','9','10','11','12']","2026-05-14 00:00:00","sg_app","exchange",0,"[PREMIUM]","1,2,3,4,5,6,7,8,9,10,12"
"nx0srK9Mwnj","2026-09-12 23:50:53.911","2026-09-22 11:07:21.351","nx0srK9Mwnj","18014082","[PREMIUM]","[PREMIUM]","[PREMIUM]","525","Section 525","30",6,"['9','10','11','12','13','14']","2026-05-14 00:00:00","sg_app","exchange",1,"[PREMIUM]","2,4,6"
"pVXHD7eEm70","2026-09-12 23:50:53.911","2026-09-19 11:11:12.344","pVXHD7eEm70","18014082","[PREMIUM]","[PREMIUM]","[PREMIUM]","535","Section 535","25",2,"['14','15']","2026-05-14 00:00:00","sg_app","exchange",0,"[PREMIUM]","2"
"w3Jse8r4dEK","2026-09-12 23:50:53.911","2026-09-25 23:14:43.911","w3Jse8r4dEK","18014082","[PREMIUM]","[PREMIUM]","[PREMIUM]","133","Section 133","15",2,"['13','14']","2026-12-04 00:00:00","seatgeek_app","exchange",5,"[PREMIUM]","2"
"y4jnnry","2026-09-12 23:50:53.911","2026-09-25 23:14:43.911","y4jnnry","18014082","[PREMIUM]","[PREMIUM]","[PREMIUM]","109","Section 109","14",2,"['1','2']",,"seatgeek_app","marketplace",2,"[PREMIUM]","2"
"z3Es6vzVzv4","2026-09-12 23:50:53.911","2026-09-15 11:12:48.418","z3Es6vzVzv4","18014082","[PREMIUM]","[PREMIUM]","[PREMIUM]","133","Section 133","15",4,"['15','16','17','18']","2026-12-04 00:00:00","sg_app","exchange",5,"[PREMIUM]","1,2,4"
"z3Es6vzqDBJ","2026-09-12 23:50:53.911","2026-09-25 11:06:39.525","z3Es6vzqDBJ","18014082","[PREMIUM]","[PREMIUM]","[PREMIUM]","538","Section 538","20",2,"['25','26']","2026-12-05 00:00:00","sg_app","exchange",0,"[PREMIUM]","2"
"0nkdydz","2026-09-12 23:50:50.238","2026-09-25 23:16:13.488","0nkdydz","18016751","[PREMIUM]","[PREMIUM]","[PREMIUM]","105","Section 105","12",2,"['17','18']",,"seatgeek_app","marketplace",1,"[PREMIUM]","2"
"8lKt6Yp8pMe","2026-09-12 23:50:50.238","2026-09-25 23:16:13.488","8lKt6Yp8pMe","18016751","[PREMIUM]","[PREMIUM]","[PREMIUM]","104","Section 104","14",2,"['14','15']","2026-12-19 00:00:00","seatgeek_app","exchange",2,"[PREMIUM]","2"
"5EjuZwgwVlb","2026-09-12 23:50:49.850","2026-09-25 23:16:17.647","5EjuZwgwVlb","18014292","[PREMIUM]","[PREMIUM]","[PREMIUM]","141","Section 141","24",2,"['18','19']","2026-12-19 00:00:00","seatgeek_app","exchange",2,"[PREMIUM]","2"
"9d9xz7p","2026-09-12 23:50:49.850","2026-09-22 11:04:00.981","9d9xz7p","18014292","[PREMIUM]","[PREMIUM]","[PREMIUM]","203","Section 203","13",2,"['18','19']",,"sg_app","marketplace",0,"[PREMIUM]","2"
"Zm9hvJKlv3o","2026-09-12 23:50:49.850","2026-09-12 23:50:49.850","Zm9hvJKlv3o","18014292","[PREMIUM]","[PREMIUM]","[PREMIUM]","101","Section 101","36",2,"['11','12']","2026-09-12 00:00:00","sg_app","exchange",0,"[PREMIUM]","2"
"lxVsdREZrpz","2026-09-12 23:50:49.850","2026-09-20 11:04:47.261","lxVsdREZrpz","18014292","[PREMIUM]","[PREMIUM]","[PREMIUM]","C110","Club 110","31",2,"['17','18']","2026-07-30 00:00:00","sg_app","exchange",1,"[PREMIUM]","2"
"9P2c5Mwgar8","2026-09-12 23:50:46.415","2026-09-19 11:14:25.233","9P2c5Mwgar8","18016641","[PREMIUM]","[PREMIUM]","[PREMIUM]","140","Section 140","u",7,"['1','2','3','4','5','6','7']","2026-05-14 00:00:00","sg_app","exchange",0,"[PREMIUM]","1,2,3,4,5,7"
"BALImM2Zkw2","2026-09-12 23:50:46.415","2026-09-25 23:16:02.969","BALImM2Zkw2","18016641","[PREMIUM]","[PREMIUM]","[PREMIUM]","128","Section 128","n",7,"['5','6','7','8','9','10','11']","2026-05-14 00:00:00","seatgeek_app","exchange",1,"[PREMIUM]","1,2,3,4,5,7"
"JABI3E2XnLZ","2026-09-12 23:50:46.415","2026-09-25 23:16:02.969","JABI3E2XnLZ","18016641","[PREMIUM]","[PREMIUM]","[PREMIUM]","332","Section 332","j",4,"['21','22','23','24']","2026-05-14 00:00:00","seatgeek_app","exchange",0,"[PREMIUM]","2,4"
"YgJtk0MeNx3","2026-09-12 23:50:46.415","2026-09-21 11:08:08.734","YgJtk0MeNx3","18016641","[PREMIUM]","[PREMIUM]","[PREMIUM]","335","Section 335","u",7,"['9','10','11','12','13','14','15']","2026-05-14 00:00:00","sg_app","exchange",0,"[PREMIUM]","1,2,3,4,5,7"
"b4wUaoVnqeV","2026-09-12 23:50:46.415","2026-09-13 08:40:48.930","b4wUaoVnqeV","18016641","[PREMIUM]","[PREMIUM]","[PREMIUM]","233","Section 233","p",12,"['1','2','3','4','5','6','7','8','9','10','11','12']","2026-05-14 00:00:00","sg_app","exchange",0,"[PREMIUM]","1,2,3,4,5,6,7,8,9,10,12"
"eeacK8aJ6ON","2026-09-12 23:50:46.415","2026-09-15 11:12:30.644","eeacK8aJ6ON","18016641","[PREMIUM]","[PREMIUM]","[PREMIUM]","123","Section 123","x",4,"['7','8','9','10']","2026-05-14 00:00:00","sg_app","exchange",1,"[PREMIUM]","2,4"
"eeacK8abox5","2026-09-12 23:50:46.415","2026-09-22 11:08:09.725","eeacK8abox5","18016641","[PREMIUM]","[PREMIUM]","[PREMIUM]","127","Section 127","t",3,"['9','10','11']","2026-05-14 00:00:00","sg_app","exchange",1,"[PREMIUM]","1,3"
"lxVsdREzMpg","2026-09-12 23:50:46.415","2026-09-25 23:16:02.969","lxVsdREzMpg","18016641","[PREMIUM]","[PREMIUM]","[PREMIUM]","227","Section 227","c",3,"['1','2','3']","2026-05-14 00:00:00","seatgeek_app","exchange",0,"[PREMIUM]","1,3"
"lxVsdREkm36","2026-09-12 23:50:46.415","2026-09-25 23:16:02.969","lxVsdREkm36","18016641","[PREMIUM]","[PREMIUM]","[PREMIUM]","150","Section 150","cc",5,"['9','10','11','12','13']","2026-05-14 00:00:00","seatgeek_app","exchange",1,"[PREMIUM]","1,2,3,5"
"mxAs4xmob0N","2026-09-12 23:50:46.415","2026-09-22 11:08:09.725","mxAs4xmob0N","18016641","[PREMIUM]","[PREMIUM]","[PREMIUM]","145","Section 145","z",2,"['10','11']","2026-05-14 00:00:00","sg_app","exchange",1,"[PREMIUM]","2"
"oV7Hb6vx4O2","2026-09-12 23:50:46.415","2026-09-23 11:07:39.766","oV7Hb6vx4O2","18016641","[PREMIUM]","[PREMIUM]","[PREMIUM]","121","Section 121","t",4,"['8','9','10','11']","2026-05-14 00:00:00","sg_app","exchange",0,"[PREMIUM]","2,4"
"qVjH2mokBNZ","2026-09-12 23:50:46.415","2026-09-14 11:51:46.543","qVjH2mokBNZ","18016641","[PREMIUM]","[PREMIUM]","[PREMIUM]","228","Section 228","e",10,"['5','6','7','8','9','10','11','12','13','14']","2026-05-14 00:00:00","sg_app","exchange",0,"[PREMIUM]","1,2,3,4,5,6,7,8,10"
"z3Es6vz2gXb","2026-09-12 23:50:46.415","2026-09-25 23:16:02.969","z3Es6vz2gXb","18016641","[PREMIUM]","[PREMIUM]","[PREMIUM]","127","Section 127","j",4,"['13','14','15','16']","2026-05-14 00:00:00","seatgeek_app","exchange",0,"[PREMIUM]","2,4"
"4vXcjR7KeZE","2026-09-12 23:50:42.896","2026-09-16 11:05:20.789","4vXcjR7KeZE","18014040","[PREMIUM]","[PREMIUM]","[PREMIUM]","537","Section 537","gg",2,"['3','4']","2026-09-12 00:00:00","sg_app","exchange",0,"[PREMIUM]","2"
"6mOhkoZzJMz","2026-09-12 23:50:42.896","2026-09-13 11:24:54.664","6mOhkoZzJMz","18014040","[PREMIUM]","[PREMIUM]","[PREMIUM]","523","Section 523","v",2,"['9','10']","2026-12-19 00:00:00","sg_app","exchange",0,"[PREMIUM]","2"
"X03tKl0EJwY","2026-09-12 23:50:42.896","2026-09-13 22:09:05.293","X03tKl0EJwY","18014040","[PREMIUM]","[PREMIUM]","[PREMIUM]","524","Section 524","y",2,"['7','8']","2026-09-12 00:00:00","sg_app","exchange",0,"[PREMIUM]","2"
"Zm9hvJK0z7z","2026-09-12 23:50:42.896","2026-09-22 11:04:25.299","Zm9hvJK0z7z","18014040","[PREMIUM]","[PREMIUM]","[PREMIUM]","112","Section 112","aa",3,"['5','6','7']","2026-09-11 00:00:00","sg_app","exchange",1,"[PREMIUM]","1,3"
"oV7Hb6v4zwm","2026-09-12 23:50:42.896","2026-09-25 23:16:03.142","oV7Hb6v4zwm","18014040","[PREMIUM]","[PREMIUM]","[PREMIUM]","131","Section 131","u",2,"['19','20']","2026-12-19 00:00:00","seatgeek_app","exchange",2,"[PREMIUM]","2"
"rVOHkpdZX35","2026-09-12 23:50:42.896","2026-09-25 23:16:03.142","rVOHkpdZX35","18014040","[PREMIUM]","[PREMIUM]","[PREMIUM]","526","Section 526","hh",4,"['17','18','19','20']","2026-12-19 00:00:00","seatgeek_app","exchange",1,"[PREMIUM]","1,2,4"
"05VT8lLKREj","2026-09-12 23:50:42.661","2026-09-15 11:13:38.824","05VT8lLKREj","18014086","[PREMIUM]","[PREMIUM]","[PREMIUM]","133","Section 133","15",4,"['15','16','17','18']","2026-12-12 00:00:00","sg_app","exchange",5,"[PREMIUM]","1,2,4"
"05VT8lL66P2","2026-09-12 23:50:42.661","2026-09-25 23:15:15.203","05VT8lL66P2","18014086","[PREMIUM]","[PREMIUM]","[PREMIUM]","514","Section 514","31",2,"['1','2']","2026-05-14 00:00:00","seatgeek_app","exchange",0,"[PREMIUM]","2"
"2v0czqPpwKq","2026-09-12 23:50:42.661","2026-09-15 08:37:57.462","2v0czqPpwKq","18014086","[PREMIUM]","[PREMIUM]","[PREMIUM]","111","Section 111","10",2,"['14','15']","2026-05-26 00:00:00","sg_app","exchange",1,"[PREMIUM]","2"
"4vXcjR7pLMV","2026-09-12 23:50:42.661","2026-09-19 11:12:21.529","4vXcjR7pLMV","18014086","[PREMIUM]","[PREMIUM]","[PREMIUM]","131","Section 131","11",2,"['12','13']","2026-05-26 00:00:00","sg_app","exchange",1,"[PREMIUM]","2"
"4vXcjR7MM28","2026-09-12 23:50:42.661","2026-09-25 23:15:15.203","4vXcjR7MM28","18014086","[PREMIUM]","[PREMIUM]","[PREMIUM]","536","Section 536","29",4,"['24','25','26','27']","2026-05-14 00:00:00","seatgeek_app","exchange",0,"[PREMIUM]","2,4"
"6mOhkoZd7VD","2026-09-12 23:50:42.661","2026-09-19 11:12:21.529","6mOhkoZd7VD","18014086","[PREMIUM]","[PREMIUM]","[PREMIUM]","106","Section 106","22",2,"['1','2']","2026-05-26 00:00:00","sg_app","exchange",0,"[PREMIUM]","2"
"7KntAgDxx8z","2026-09-12 23:50:42.661","2026-09-25 23:15:15.203","7KntAgDxx8z","18014086","[PREMIUM]","[PREMIUM]","[PREMIUM]","532","Section 532","25",12,"['1','2','3','4','5','6','7','8','9','10','11','12']","2026-05-14 00:00:00","seatgeek_app","exchange",0,"[PREMIUM]","1,2,3,4,5,6,7,8,9,10,12"
"9P2c5Mrp3RZ","2026-09-12 23:50:42.661","2026-09-15 08:37:57.462","9P2c5Mrp3RZ","18014086","[PREMIUM]","[PREMIUM]","[PREMIUM]","106","Section 106","6",4,"['14','15','16','17']","2026-05-26 00:00:00","sg_app","exchange",1,"[PREMIUM]","2,4"
"9P2c5MrRR85","2026-09-12 23:50:42.661","2026-09-24 11:11:39.485","9P2c5MrRR85","18014086","[PREMIUM]","[PREMIUM]","[PREMIUM]","536","Section 536","30",13,"['1','2','3','4','5','6','7','8','9','10','11','12','13']","2026-05-14 00:00:00","sg_app","exchange",0,"[PREMIUM]","1,2,3,4,5,6,7,8,9,10,11,13"
"A6rs2KBXX97","2026-09-12 23:50:42.661","2026-09-25 23:15:15.203","A6rs2KBXX97","18014086","[PREMIUM]","[PREMIUM]","[PREMIUM]","530","Section 530","25",4,"['7','8','9','10']","2026-05-14 00:00:00","seatgeek_app","exchange",0,"[PREMIUM]","2,4"
"DdwHkMLdd4w","2026-09-12 23:50:42.661","2026-09-25 23:15:15.203","DdwHkMLdd4w","18014086","[PREMIUM]","[PREMIUM]","[PREMIUM]","536","Section 536","26",6,"['3','4','5','6','7','8']","2026-05-14 00:00:00","seatgeek_app","exchange",0,"[PREMIUM]","2,4,6"
"JABI3E2qqz5","2026-09-12 23:50:42.661","2026-09-19 11:12:21.529","JABI3E2qqz5","18014086","[PREMIUM]","[PREMIUM]","[PREMIUM]","502","Section 502","22",8,"['11','12','13','14','15','16','17','18']","2026-12-12 00:00:00","sg_app","exchange",1,"[PREMIUM]","1,2,3,4,5,6,8"
"JABI3E2qqXY","2026-09-12 23:50:42.661","2026-09-15 11:13:38.824","JABI3E2qqXY","18014086","[PREMIUM]","[PREMIUM]","[PREMIUM]","542","Section 542","30",9,"['3','4','5','6','7','8','9','10','11']","2026-05-14 00:00:00","sg_app","exchange",1,"[PREMIUM]","1,2,3,4,5,6,7,9"
"JABI3E2ZDqJ","2026-09-12 23:50:42.661","2026-09-19 11:12:21.529","JABI3E2ZDqJ","18014086","[PREMIUM]","[PREMIUM]","[PREMIUM]","111","Section 111","15",2,"['9','10']","2026-05-26 00:00:00","sg_app","exchange",1,"[PREMIUM]","2"
"JABI3E2qqzX","2026-09-12 23:50:42.661","2026-09-25 23:15:15.203","JABI3E2qqzX","18014086","[PREMIUM]","[PREMIUM]","[PREMIUM]","512","Section 512","25",8,"['17','18','19','20','21','22','23','24']","2026-12-12 00:00:00","seatgeek_app","exchange",0,"[PREMIUM]","1,2,3,4,5,6,8"
"KezczqGjjdG","2026-09-12 23:50:42.661","2026-09-25 23:15:15.203","KezczqGjjdG","18014086","[PREMIUM]","[PREMIUM]","[PREMIUM]","504","Section 504","17",9,"['17','18','19','20','21','22','23','24','25']","2026-05-14 00:00:00","seatgeek_app","exchange",0,"[PREMIUM]","1,2,3,4,5,6,7,9"
"KezczqGjjM7","2026-09-12 23:50:42.661","2026-09-25 23:15:15.203","KezczqGjjM7","18014086","[PREMIUM]","[PREMIUM]","[PREMIUM]","513","Section 513","15",6,"['1','2','3','4','5','6']","2026-12-12 00:00:00","seatgeek_app","exchange",0,"[PREMIUM]","2,4,6"
"LbviL8wlGzD","2026-09-12 23:50:42.661","2026-09-25 23:15:15.203","LbviL8wlGzD","18014086","[PREMIUM]","[PREMIUM]","[PREMIUM]","119","Section 119","23",4,"['10','11','12','13']","2026-09-12 00:00:00","seatgeek_app","exchange",0,"[PREMIUM]","1,2,3,4"
"PX0sgqJOODZ","2026-09-12 23:50:42.661","2026-09-15 11:13:38.824","PX0sgqJOODZ","18014086","[PREMIUM]","[PREMIUM]","[PREMIUM]","525","Section 525","16",7,"['3','4','5','6','7','8','9']","2026-05-14 00:00:00","sg_app","exchange",1,"[PREMIUM]","1,2,3,4,5,7"
"V4KU04N99gE","2026-09-12 23:50:42.661","2026-09-15 11:13:38.824","V4KU04N99gE","18014086","[PREMIUM]","[PREMIUM]","[PREMIUM]","525","Section 525","23",6,"['1','2','3','4','5','6']","2026-05-14 00:00:00","sg_app","exchange",1,"[PREMIUM]","2,4,6"
"Zm9hvJKXXjY","2026-09-12 23:50:42.661","2026-09-25 23:15:15.203","Zm9hvJKXXjY","18014086","[PREMIUM]","[PREMIUM]","[PREMIUM]","532","Section 532","29",3,"['9','10','11']","2026-05-14 00:00:00","seatgeek_app","exchange",1,"[PREMIUM]","1,3"
"b4wUaoBllpz","2026-09-12 23:50:42.661","2026-09-25 23:15:15.203","b4wUaoBllpz","18014086","[PREMIUM]","[PREMIUM]","[PREMIUM]","505","Section 505","32",8,"['11','12','13','14','15','16','17','18']","2026-12-12 00:00:00","seatgeek_app","exchange",0,"[PREMIUM]","1,2,3,4,5,6,8"
"dNgUgpXPP4E","2026-09-12 23:50:42.661","2026-09-24 11:11:39.485","dNgUgpXPP4E","18014086","[PREMIUM]","[PREMIUM]","[PREMIUM]","529","Section 529","24",6,"['11','12','13','14','15','16']","2026-05-14 00:00:00","sg_app","exchange",1,"[PREMIUM]","2,4,6"
"ek244ox","2026-09-12 23:50:42.661","2026-09-25 23:15:15.203","ek244ox","18014086","[PREMIUM]","[PREMIUM]","[PREMIUM]","109","Section 109","14",2,"['1','2']",,"seatgeek_app","marketplace",4,"[PREMIUM]","2"
"kYet9mnPPGK","2026-09-12 23:50:42.661","2026-09-24 11:11:39.485","kYet9mnPPGK","18014086","[PREMIUM]","[PREMIUM]","[PREMIUM]","531","Section 531","25",6,"['11','12','13','14','15','16']","2026-12-12 00:00:00","sg_app","exchange",0,"[PREMIUM]","2,4,6"
"kYet9mng4w6","2026-09-12 23:50:42.661","2026-09-25 23:15:15.203","kYet9mng4w6","18014086","[PREMIUM]","[PREMIUM]","[PREMIUM]","133","Section 133","15",2,"['13','14']","2026-12-11 00:00:00","seatgeek_app","exchange",5,"[PREMIUM]","2"
"kYet9mnPPr6","2026-09-12 23:50:42.661","2026-09-25 23:15:15.203","kYet9mnPPr6","18014086","[PREMIUM]","[PREMIUM]","[PREMIUM]","348","Section 348","22",3,"['16','17','18']","2026-05-14 00:00:00","seatgeek_app","exchange",1,"[PREMIUM]","1,3"
"mxAs4xmbbqa","2026-09-12 23:50:42.661","2026-09-25 23:15:15.203","mxAs4xmbbqa","18014086","[PREMIUM]","[PREMIUM]","[PREMIUM]","535","Section 535","22",2,"['5','6']","2026-05-14 00:00:00","seatgeek_app","exchange",1,"[PREMIUM]","2"
"oV7Hb6vdMPE","2026-09-12 23:50:42.661","2026-09-19 11:12:21.529","oV7Hb6vdMPE","18014086","[PREMIUM]","[PREMIUM]","[PREMIUM]","131","Section 131","4",2,"['5','6']","2026-05-26 00:00:00","sg_app","exchange",0,"[PREMIUM]","2"
"oV7Hb6vPPgw","2026-09-12 23:50:42.661","2026-09-24 11:11:39.485","oV7Hb6vPPgw","18014086","[PREMIUM]","[PREMIUM]","[PREMIUM]","507","Section 507","18",10,"['3','4','5','6','7','8','9','10','11','12']","2026-05-14 00:00:00","sg_app","exchange",1,"[PREMIUM]","1,2,3,4,5,6,7,8,10"
"oV7Hb6vPPx0","2026-09-12 23:50:42.661","2026-09-25 23:15:15.203","oV7Hb6vPPx0","18014086","[PREMIUM]","[PREMIUM]","[PREMIUM]","541","Section 541","26",5,"['13','14','15','16','17']","2026-05-14 00:00:00","seatgeek_app","exchange",1,"[PREMIUM]","1,2,3,5"
"oV7Hb6vPPxv","2026-09-12 23:50:42.661","2026-09-25 23:15:15.203","oV7Hb6vPPxv","18014086","[PREMIUM]","[PREMIUM]","[PREMIUM]","534","Section 534","22",5,"['16','17','18','19','20']","2026-05-14 00:00:00","seatgeek_app","exchange",1,"[PREMIUM]","1,2,3,5"
"qVjH2moPPa6","2026-09-12 23:50:42.661","2026-09-25 23:15:15.203","qVjH2moPPa6","18014086","[PREMIUM]","[PREMIUM]","[PREMIUM]","534","Section 534","23",8,"['19','20','21','22','23','24','25','26']","2026-05-14 00:00:00","seatgeek_app","exchange",0,"[PREMIUM]","1,2,3,4,5,6,8"
"rVOHkpdGG7z","2026-09-12 23:50:42.661","2026-09-19 11:12:21.529","rVOHkpdGG7z","18014086","[PREMIUM]","[PREMIUM]","[PREMIUM]","502","Section 502","31",6,"['8','9','10','11','12','13']","2026-05-14 00:00:00","sg_app","exchange",1,"[PREMIUM]","2,4,6"
"rVOHkpdGGbb","2026-09-12 23:50:42.661","2026-09-25 23:15:15.203","rVOHkpdGGbb","18014086","[PREMIUM]","[PREMIUM]","[PREMIUM]","532","Section 532","28",6,"['1','2','3','4','5','6']","2026-05-14 00:00:00","seatgeek_app","exchange",0,"[PREMIUM]","2,4,6"
"w3Jse8rwwxZ","2026-09-12 23:50:42.661","2026-09-13 11:21:45.290","w3Jse8rwwxZ","18014086","[PREMIUM]","[PREMIUM]","[PREMIUM]","541","Section 541","17",12,"['1','2','3','4','5','6','7','8','9','10','11','12']","2026-05-14 00:00:00","sg_app","exchange",1,"[PREMIUM]","1,2,3,4,5,6,7,8,9,10,12"
"w3Jse8rO3wn","2026-09-12 23:50:42.661","2026-09-15 08:37:57.462","w3Jse8rO3wn","18014086","[PREMIUM]","[PREMIUM]","[PREMIUM]","111","Section 111","4",2,"['14','15']","2026-05-26 00:00:00","sg_app","exchange",1,"[PREMIUM]","2"
"w3Jse8rwwxK","2026-09-12 23:50:42.661","2026-09-25 23:15:15.203","w3Jse8rwwxK","18014086","[PREMIUM]","[PREMIUM]","[PREMIUM]","348","Section 348","16",4,"['17','18','19','20']","2026-05-14 00:00:00","seatgeek_app","exchange",1,"[PREMIUM]","2,4"
"z3Es6vz00jP","2026-09-12 23:50:42.661","2026-09-25 23:15:15.203","z3Es6vz00jP","18014086","[PREMIUM]","[PREMIUM]","[PREMIUM]","531","Section 531","32",10,"['21','22','23','24','25','26','27','28','29','30']","2026-05-14 00:00:00","seatgeek_app","exchange",0,"[PREMIUM]","1,2,3,4,5,6,7,8,10"
"3q7fNL04L88","2026-09-12 23:50:38.187","2026-09-13 22:06:56.199","3q7fNL04L88","18014070","[PREMIUM]","[PREMIUM]","[PREMIUM]","312","Section 312","29",2,"['4','5']","2026-11-28 00:00:00","sg_app","exchange",0,"[PREMIUM]","2"
"6mOhkoZbAl7","2026-09-12 23:50:38.187","2026-09-17 08:37:16.058","6mOhkoZbAl7","18014070","[PREMIUM]","[PREMIUM]","[PREMIUM]","338","Section 338","20",8,"['7','8','9','10','11','12','13','14']","2026-11-28 00:00:00","sg_app","exchange",2,"[PREMIUM]","1,2,3,4,5,6,8"
"EroUXgdOnZ4","2026-09-12 23:50:38.187","2026-09-24 08:35:06.824","EroUXgdOnZ4","18014070","[PREMIUM]","[PREMIUM]","[PREMIUM]","308","Section 308","35",4,"['21','22','23','24']","2026-11-28 00:00:00","sg_app","exchange",1,"[PREMIUM]","2,4"
"eeacK8aG2bG","2026-09-12 23:50:38.187","2026-09-17 08:37:16.058","eeacK8aG2bG","18014070","[PREMIUM]","[PREMIUM]","[PREMIUM]","343","Section 343","18",10,"['6','7','8','9','10','11','12','13','14','15']","2026-11-28 00:00:00","sg_app","exchange",2,"[PREMIUM]","1,2,3,4,5,6,7,8,10"
"oV7Hb6vG6Ym","2026-09-12 23:50:38.187","2026-09-13 22:06:56.199","oV7Hb6vG6Ym","18014070","[PREMIUM]","[PREMIUM]","[PREMIUM]","342","Section 342","31",2,"['21','22']","2026-11-28 00:00:00","sg_app","exchange",1,"[PREMIUM]","2"
"oV7Hb6vG6Yd","2026-09-12 23:50:38.187","2026-09-13 22:06:56.199","oV7Hb6vG6Yd","18014070","[PREMIUM]","[PREMIUM]","[PREMIUM]","338","Section 338","29",6,"['7','8','9','10','11','12']","2026-11-28 00:00:00","sg_app","exchange",1,"[PREMIUM]","2,4,6"
"pVXHD7e87nb","2026-09-12 23:50:38.187","2026-09-13 22:06:56.199","pVXHD7e87nb","18014070","[PREMIUM]","[PREMIUM]","[PREMIUM]","338","Section 338","27",8,"['3','4','5','6','7','8','9','10']","2026-11-28 00:00:00","sg_app","exchange",2,"[PREMIUM]","1,2,3,4,5,6,8"
"2v0czqPMEq2","2026-09-12 23:50:13.928","2026-09-14 22:33:17.474","2v0czqPMEq2","18016685","[PREMIUM]","[PREMIUM]","[PREMIUM]","147","Section 147","nn",1,"['28']","2026-09-12 00:00:00","sg_app","exchange",1,"[PREMIUM]","1"
"6mOhkoZ6j0L","2026-09-12 23:50:13.928","2026-09-14 22:33:17.474","6mOhkoZ6j0L","18016685","[PREMIUM]","[PREMIUM]","[PREMIUM]","300","Section 300","w",1,"['10']","2026-09-12 00:00:00","sg_app","exchange",0,"[PREMIUM]","1"
"6mOhkoqDJor","2026-09-12 23:50:13.928","2026-09-13 18:04:12.209","6mOhkoqDJor","18016685","[PREMIUM]","[PREMIUM]","[PREMIUM]","CHR107","Section 107","t",6,"['1','2','3','4','5','6']","2026-09-02 00:00:00","sg_app","exchange",1,"[PREMIUM]","1,2,3,4,5,6"
"9P2c5Me498n","2026-09-12 23:50:13.928","2026-09-14 22:33:17.474","9P2c5Me498n","18016685","[PREMIUM]","[PREMIUM]","[PREMIUM]","316","Section 316","b",1,"['7']","2026-09-11 00:00:00","sg_app","exchange",0,"[PREMIUM]","1"
"EroUXgdZ23Z","2026-09-12 23:50:13.928","2026-09-14 22:33:17.474","EroUXgdZ23Z","18016685","[PREMIUM]","[PREMIUM]","[PREMIUM]","336","Section 336","rr",4,"['14','15','16','17']","2026-09-12 00:00:00","sg_app","exchange",0,"[PREMIUM]","1,2,4"
"eeacK84BgzG","2026-09-12 23:50:13.928","2026-09-13 22:08:16.156","eeacK84BgzG","18016685","[PREMIUM]","[PREMIUM]","[PREMIUM]","337","Section 337","rr",22,"['3','4','5','6','7','8','9','10','11','12','13','14','15','16','17','18','19','20','21','22','23','24']","2026-09-11 00:00:00","sg_app","exchange",0,"[PREMIUM]","1,2,3,4,5,6,7,8,9,10,11,12,13,14,15,16,17,18,19,20,22"
"g48Ur6m5dpb","2026-09-12 23:50:13.928","2026-09-25 23:15:00.558","g48Ur6m5dpb","18016685","[PREMIUM]","[PREMIUM]","[PREMIUM]","308","Section 308","gg",6,"['17','18','19','20','21','22']","2026-12-07 00:00:00","seatgeek_app","exchange",5,"[PREMIUM]","1,2,4,6"
"lxVsdRJMw4m","2026-09-12 23:50:13.928","2026-09-13 19:48:25.747","lxVsdRJMw4m","18016685","[PREMIUM]","[PREMIUM]","[PREMIUM]","334","Section 334","ss",2,"['1','2']","2026-09-11 00:00:00","sg_app","exchange",0,"[PREMIUM]","2"
"w3Jse8rK0Yk","2026-09-12 23:50:13.928","2026-09-14 22:33:17.474","w3Jse8rK0Yk","18016685","[PREMIUM]","[PREMIUM]","[PREMIUM]","CHR309","Section 309","b",1,"['21']","2026-09-12 00:00:00","sg_app","exchange",5,"[PREMIUM]","1"
"z3Es6vk0mGv","2026-09-12 23:50:13.928","2026-09-13 22:08:16.156","z3Es6vk0mGv","18016685","[PREMIUM]","[PREMIUM]","[PREMIUM]","337","Section 337","qq",18,"['6','7','8','9','10','11','12','13','14','15','16','17','18','19','20','21','22','23']","2026-09-11 00:00:00","sg_app","exchange",0,"[PREMIUM]","1,2,3,4,5,6,7,8,9,10,11,12,13,14,15,16,18"
"0nkdnrz","2026-09-12 23:50:07.472","2026-09-14 19:23:28.152","0nkdnrz","18165207","[PREMIUM]","[PREMIUM]","[PREMIUM]","631","Section 631","15",2,"['19','20']",,"electronic","open_marketplace",1,"[PREMIUM]","2"
"7xpepy4","2026-09-12 23:50:07.472","2026-09-25 23:14:30.581","7xpepy4","18165207","[PREMIUM]","[PREMIUM]","[PREMIUM]","604","Section 604","5",1,"['3']",,"seatgeek_app","open_marketplace",5,"[PREMIUM]","1"
"868v7ke","2026-09-12 23:50:07.472","2026-09-25 23:14:30.581","868v7ke","18165207","[PREMIUM]","[PREMIUM]","[PREMIUM]","507","Section 507","5",2,"['1','2']",,"seatgeek_app","open_marketplace",0,"[PREMIUM]","2"
"8lKt6azawdk","2026-09-12 23:50:07.472","2026-09-17 11:04:42.054","8lKt6azawdk","18165207","[PREMIUM]","[PREMIUM]","[PREMIUM]","127","Section 127","17",5,"['19','20','21','22','23']","2026-05-14 00:00:00","electronic","exchange",0,"[PREMIUM]","1,2,3,5"
"BALImM2MO9n","2026-09-12 23:50:07.472","2026-09-25 23:14:30.581","BALImM2MO9n","18165207","[PREMIUM]","[PREMIUM]","[PREMIUM]","127","Section 127","20",6,"['6','7','8','9','10','11']","2026-05-14 00:00:00","seatgeek_app","exchange",1,"[PREMIUM]","2,4,6"
"O7AhwKRJwmA","2026-09-12 23:50:07.472","2026-09-25 23:14:30.581","O7AhwKRJwmA","18165207","[PREMIUM]","[PREMIUM]","[PREMIUM]","634","Section 634","25",10,"['1','2','3','4','5','6','7','8','9','10']","2026-05-14 00:00:00","seatgeek_app","exchange",1,"[PREMIUM]","1,2,3,4,5,6,7,8,10"
"Zm9hvJKoEAw","2026-09-12 23:50:07.472","2026-09-21 11:03:51.773","Zm9hvJKoEAw","18165207","[PREMIUM]","[PREMIUM]","[PREMIUM]","140","Section 140","31",6,"['15','16','17','18','19','20']","2026-05-14 00:00:00","electronic","exchange",0,"[PREMIUM]","2,4,6"
"Zm9hvJYVMlL","2026-09-12 23:50:07.472","2026-09-15 11:04:00.661","Zm9hvJYVMlL","18165207","[PREMIUM]","[PREMIUM]","[PREMIUM]","643","Section 643","31",10,"['5','6','7','8','9','10','11','12','13','14']","2026-05-14 00:00:00","electronic","exchange",1,"[PREMIUM]","1,2,3,4,5,6,7,8,10"
"eeacK8aKYzp","2026-09-12 23:50:07.472","2026-09-22 11:03:28.189","eeacK8aKYzp","18165207","[PREMIUM]","[PREMIUM]","[PREMIUM]","637","Section 637","15",3,"['8','9','10']","2026-05-14 00:00:00","electronic","exchange",0,"[PREMIUM]","1,3"
"ek28kkg","2026-09-12 23:50:07.472","2026-09-25 23:14:30.581","ek28kkg","18165207","[PREMIUM]","[PREMIUM]","[PREMIUM]","141","Section 141","23",3,"['20','21','22']",,"seatgeek_app","open_marketplace",0,"[PREMIUM]","1,3"
"g4j0ox0","2026-09-12 23:50:07.472","2026-09-25 23:14:30.581","g4j0ox0","18165207","[PREMIUM]","[PREMIUM]","[PREMIUM]","549","Section 549","2",2,"['5','6']",,"seatgeek_app","open_marketplace",5,"[PREMIUM]","2"
"jDvszkoazpl","2026-09-12 23:50:07.472","2026-09-18 08:33:58.219","jDvszkoazpl","18165207","[PREMIUM]","[PREMIUM]","[PREMIUM]","613","Section 613","24",2,"['6','7']","2026-05-14 00:00:00","electronic","exchange",1,"[PREMIUM]","2"
"kpnmev8","2026-09-12 23:50:07.472","2026-09-25 23:14:30.581","kpnmev8","18165207","[PREMIUM]","[PREMIUM]","[PREMIUM]","117","Section 117","8",4,"['16','17','18','19']",,"seatgeek_app","open_marketplace",5,"[PREMIUM]","2,4"
"lxVsdREd0nD","2026-09-12 23:50:07.472","2026-09-15 11:04:00.661","lxVsdREd0nD","18165207","[PREMIUM]","[PREMIUM]","[PREMIUM]","625","Section 625","15",10,"['3','4','5','6','7','8','9','10','11','12']","2026-05-14 00:00:00","electronic","exchange",2,"[PREMIUM]","1,2,3,4,5,6,7,8,10"
"nyg7d8d","2026-09-12 23:50:07.472","2026-09-25 23:14:30.581","nyg7d8d","18165207","[PREMIUM]","[PREMIUM]","[PREMIUM]","623","Section 623","10",2,"['14','15']",,"seatgeek_app","open_marketplace",5,"[PREMIUM]","2"
"oV7Hb6v5j85","2026-09-12 23:50:07.472","2026-09-16 11:03:58.055","oV7Hb6v5j85","18165207","[PREMIUM]","[PREMIUM]","[PREMIUM]","615","Section 615","20",2,"['1','2']","2026-05-14 00:00:00","electronic","exchange",0,"[PREMIUM]","2"
"p1r24z8","2026-09-12 23:50:07.472","2026-09-25 23:14:30.581","p1r24z8","18165207","[PREMIUM]","[PREMIUM]","[PREMIUM]","129","Section 129","13",2,"['12','13']",,"seatgeek_app","open_marketplace",3,"[PREMIUM]","2"
"y4j8r42","2026-09-12 23:50:07.472","2026-09-13 22:07:38.136","y4j8r42","18165207","[PREMIUM]","[PREMIUM]","[PREMIUM]","328C","Section 328 C","14",2,"['19','20']",,"electronic","open_marketplace",0,"[PREMIUM]","2"
"zpwge8w","2026-09-12 23:50:07.472","2026-09-25 23:14:30.581","zpwge8w","18165207","[PREMIUM]","[PREMIUM]","[PREMIUM]","145","Section 145","8",2,"['17','18']",,"seatgeek_app","open_marketplace",0,"[PREMIUM]","2"
"BALImM2jlm7","2026-09-12 23:49:54.527","2026-09-25 23:15:51.204","BALImM2jlm7","18016570","[PREMIUM]","[PREMIUM]","[PREMIUM]","114","Section 114","18",2,"['19','20']","2026-09-12 00:00:00","seatgeek_app","exchange",1,"[PREMIUM]","2"
"kYet9l5lKLo","2026-09-12 23:49:54.527","2026-09-25 23:15:51.204","kYet9l5lKLo","18016570","[PREMIUM]","[PREMIUM]","[PREMIUM]","632S","Section 632 S","8",6,"['7','8','9','10','11','12']","2026-12-19 00:00:00","seatgeek_app","exchange",4,"[PREMIUM]","2,4,6"
"1rgpdge","2026-09-12 23:49:51.713","2026-09-25 23:15:54.722","1rgpdge","18076602","[PREMIUM]","[PREMIUM]","[PREMIUM]","310","Upper 310","n",2,"['7','8']",,"seatgeek_app","open_marketplace",0,"[PREMIUM]","2"
"1rgkpd0","2026-09-12 23:49:51.713","2026-09-25 23:15:54.722","1rgkpd0","18076602","[PREMIUM]","[PREMIUM]","[PREMIUM]","139","Section 139","x",6,"['7','8','9','10','11','12']",,"seatgeek_app","open_marketplace",0,"[PREMIUM]","2,4,6"
"868x4xj","2026-09-12 23:49:51.713","2026-09-25 23:15:54.722","868x4xj","18076602","[PREMIUM]","[PREMIUM]","[PREMIUM]","244","Section 244","p",2,"['1','2']",,"seatgeek_app","open_marketplace",1,"[PREMIUM]","2"
"8688znm","2026-09-12 23:49:51.713","2026-09-25 23:15:54.722","8688znm","18076602","[PREMIUM]","[PREMIUM]","[PREMIUM]","132","Section 132","b",2,"['15','16']",,"seatgeek_app","open_marketplace",0,"[PREMIUM]","2"
"868vq2m","2026-09-12 23:49:51.713","2026-09-25 23:15:54.722","868vq2m","18076602","[PREMIUM]","[PREMIUM]","[PREMIUM]","113","Section 113","e",4,"['13','14','15','16']",,"seatgeek_app","open_marketplace",1,"[PREMIUM]","2,4"
"9d9xr4w","2026-09-12 23:49:51.713","2026-09-25 23:15:54.722","9d9xr4w","18076602","[PREMIUM]","[PREMIUM]","[PREMIUM]","104","Section 104","l",2,"['9','10']",,"seatgeek_app","open_marketplace",2,"[PREMIUM]","2"
"DdwHkMaodgE","2026-09-12 23:49:51.713","2026-09-25 23:15:54.722","DdwHkMaodgE","18076602","[PREMIUM]","[PREMIUM]","[PREMIUM]","107","Section 107","f",2,"['7','8']","2026-12-19 00:00:00","seatgeek_app","exchange",0,"[PREMIUM]","2"
"agktlMZKr5a","2026-09-12 23:49:51.713","2026-09-25 23:15:54.722","agktlMZKr5a","18076602","[PREMIUM]","[PREMIUM]","[PREMIUM]","129","Section 129","k",4,"['5','6','7','8']","2026-12-19 00:00:00","seatgeek_app","exchange",0,"[PREMIUM]","2,4"
"dmxpw19","2026-09-12 23:49:51.713","2026-09-13 22:08:53.731","dmxpw19","18076602","[PREMIUM]","[PREMIUM]","[PREMIUM]","107","Section 107","k",2,"['1','2']",,"electronic","open_marketplace",0,"[PREMIUM]","2"
"dmx8rdr","2026-09-12 23:49:51.713","2026-09-25 23:15:54.722","dmx8rdr","18076602","[PREMIUM]","[PREMIUM]","[PREMIUM]","139","Section 139","y",4,"['7','8','9','10']",,"seatgeek_app","open_marketplace",0,"[PREMIUM]","2,4"
"kYet9m7VmvX","2026-09-12 23:49:51.713","2026-09-21 22:33:42.515","kYet9m7VmvX","18076602","[PREMIUM]","[PREMIUM]","[PREMIUM]","115","Section 115","r",2,"['5','6']","2026-12-19 00:00:00","electronic","exchange",0,"[PREMIUM]","2"
"l_qQKJKv4c3jLdD3IE2R1zmC48Rnlvh8xbeXjcDz6EebT2xwn8yUJyBnkmibVhjViZ3","2026-09-12 23:49:51.713","2026-09-25 23:15:54.722","l_qQKJKv4c3jLdD3IE2R1zmC48Rnlvh8xbeXjcDz6EebT2xwn8yUJyBnkmibVhjViZ3","18076602","[PREMIUM]","[PREMIUM]","[PREMIUM]","231","Section 231","g",2,"['3','4']",,"seatgeek_app","open",1,"[PREMIUM]","2"
"mopq162","2026-09-12 23:49:51.713","2026-09-25 23:15:54.722","mopq162","18076602","[PREMIUM]","[PREMIUM]","[PREMIUM]","342","Upper 342","u",2,"['5','6']",,"seatgeek_app","open_marketplace",5,"[PREMIUM]","2"
"ny2zkeg","2026-09-12 23:49:51.713","2026-09-25 23:15:54.722","ny2zkeg","18076602","[PREMIUM]","[PREMIUM]","[PREMIUM]","130","Section 130","jj",2,"['21','22']",,"seatgeek_app","open_marketplace",4,"[PREMIUM]","2"
"o299mxe","2026-09-12 23:49:51.713","2026-09-25 23:15:54.722","o299mxe","18076602","[PREMIUM]","[PREMIUM]","[PREMIUM]","310","Section Loge 310","e",2,"['13','14']",,"seatgeek_app","open_marketplace",0,"[PREMIUM]","2"
"pVXHD7eoaJq","2026-09-12 23:49:51.713","2026-09-16 22:26:59.714","pVXHD7eoaJq","18076602","[PREMIUM]","[PREMIUM]","[PREMIUM]","124","Section 124","e",2,"['7','8']","2026-06-29 00:00:00","electronic","exchange",1,"[PREMIUM]","2"
"v6xwe4n","2026-09-12 23:49:51.713","2026-09-21 22:33:42.515","v6xwe4n","18076602","[PREMIUM]","[PREMIUM]","[PREMIUM]","122","Section 122","m",4,"['12','13','14','15']",,"electronic","open_marketplace",0,"[PREMIUM]","2,4"
"vb3iPwnw48o","2026-09-12 23:49:39.550","2026-09-25 23:15:57.349","vb3iPwnw48o","18014122","[PREMIUM]","[PREMIUM]","[PREMIUM]","106","Section 106","z",2,"['7','8']","2026-12-19 00:00:00","seatgeek_app","exchange",1,"[PREMIUM]","2"
"qVjH2moKpGv","2026-09-12 23:49:35.550","2026-09-25 23:15:48.068","qVjH2moKpGv","18013988","[PREMIUM]","[PREMIUM]","[PREMIUM]","133","Section 133","24",4,"['5','6','7','8']","2026-12-18 00:00:00","seatgeek_app","exchange",1,"[PREMIUM]","1,2,4"
"w3Jse8rx4GV","2026-09-12 23:49:35.550","2026-09-25 08:35:25.106","w3Jse8rx4GV","18013988","[PREMIUM]","[PREMIUM]","[PREMIUM]","141","Section 141","11",2,"['7','8']","2026-12-18 00:00:00","sg_app","exchange",0,"[PREMIUM]","2"
"0nkd9wy","2026-09-12 23:49:32.766","2026-09-25 23:15:44.604","0nkd9wy","18016492","[PREMIUM]","[PREMIUM]","[PREMIUM]","209","Section 209","15",1,"['3']",,"seatgeek_app","marketplace",5,"[PREMIUM]","1"
"05VT8lL87a4","2026-09-12 23:49:32.766","2026-09-25 23:15:44.604","05VT8lL87a4","18016492","[PREMIUM]","[PREMIUM]","[PREMIUM]","121","Section 121","26",4,"['11','12','13','14']","2026-12-18 00:00:00","seatgeek_app","exchange",1,"[PREMIUM]","1,2,4"
"PX0sgqJq5Nw","2026-09-12 23:49:32.766","2026-09-17 11:06:23.532","PX0sgqJq5Nw","18016492","[PREMIUM]","[PREMIUM]","[PREMIUM]","225","Section 225","14",5,"['1','2','3','4','5']","2026-12-18 00:00:00","sg_app","exchange",1,"[PREMIUM]","1,2,3,5"
"ek28q70","2026-09-12 23:49:32.766","2026-09-25 23:15:44.604","ek28q70","18016492","[PREMIUM]","[PREMIUM]","[PREMIUM]","207","Section 207","15",1,"['15']",,"seatgeek_app","marketplace",3,"[PREMIUM]","1"
"4vXcjR7dad2","2026-09-12 23:49:26.689","2026-09-21 11:01:59.947","4vXcjR7dad2","18014264","[PREMIUM]","[PREMIUM]","[PREMIUM]","305","Section 305","15",2,"['21','22']","2026-09-08 00:00:00","sg_app","exchange",0,"[PREMIUM]","2"
"4vXcjRrdNK0","2026-09-12 23:49:26.689","2026-09-25 11:01:34.163","4vXcjRrdNK0","18014264","[PREMIUM]","[PREMIUM]","[PREMIUM]","232","Section 232","20",2,"['22','23']","2026-09-08 00:00:00","sg_app","exchange",0,"[PREMIUM]","2"
"4vXcjRzXxLe","2026-09-12 23:49:26.689","2026-09-12 23:49:26.689","4vXcjRzXxLe","18014264","[PREMIUM]","[PREMIUM]","[PREMIUM]","C114","Club 114","12",2,"['22','23']","2026-05-14 00:00:00","sg_app","exchange",2,"[PREMIUM]","2"
"5EjuZwgVBVg","2026-09-12 23:49:26.689","2026-09-21 11:01:59.947","5EjuZwgVBVg","18014264","[PREMIUM]","[PREMIUM]","[PREMIUM]","535","Section 535","14",2,"['13','14']","2026-09-08 00:00:00","sg_app","exchange",0,"[PREMIUM]","2"
"7KntAgDpawL","2026-09-12 23:49:26.689","2026-09-25 23:15:43.836","7KntAgDpawL","18014264","[PREMIUM]","[PREMIUM]","[PREMIUM]","547","Section 547","4",4,"['10','11','12','13']","2026-09-08 00:00:00","seatgeek_app","exchange",0,"[PREMIUM]","2,4"
"9P2c5Mrnx3Y","2026-09-12 23:49:26.689","2026-09-21 11:01:59.947","9P2c5Mrnx3Y","18014264","[PREMIUM]","[PREMIUM]","[PREMIUM]","C135","Club 135","10",4,"['1','2','3','4']","2026-09-12 00:00:00","sg_app","exchange",1,"[PREMIUM]","1,2,4"
"GAaI60l0waz","2026-09-12 23:49:26.689","2026-09-25 11:01:34.163","GAaI60l0waz","18014264","[PREMIUM]","[PREMIUM]","[PREMIUM]","509","Section 509","17",2,"['21','22']","2026-09-08 00:00:00","sg_app","exchange",0,"[PREMIUM]","2"
"JABI3E2XaXo","2026-09-12 23:49:26.689","2026-09-24 11:01:48.735","JABI3E2XaXo","18014264","[PREMIUM]","[PREMIUM]","[PREMIUM]","211","Section 211","16",2,"['5','6']","2026-05-14 00:00:00","sg_app","exchange",1,"[PREMIUM]","2"
"MAeIP356dGO","2026-09-12 23:49:26.689","2026-09-25 23:15:43.836","MAeIP356dGO","18014264","[PREMIUM]","[PREMIUM]","[PREMIUM]","506","Section 506","12",4,"['17','18','19','20']","2026-09-08 00:00:00","seatgeek_app","exchange",0,"[PREMIUM]","2,4"
"agktlM68KB9","2026-09-12 23:49:26.689","2026-09-23 11:02:23.826","agktlM68KB9","18014264","[PREMIUM]","[PREMIUM]","[PREMIUM]","418","Section 418","5",4,"['16','17','18','19']","2026-12-10 00:00:00","sg_app","exchange",1,"[PREMIUM]","2,4"
"kYet9mnOZgV","2026-09-12 23:49:26.689","2026-09-12 23:49:26.689","kYet9mnOZgV","18014264","[PREMIUM]","[PREMIUM]","[PREMIUM]","523","Section 523","2",2,"['6','7']","2026-09-12 00:00:00","sg_app","exchange",2,"[PREMIUM]","2"
"kYet9mnrwO4","2026-09-12 23:49:26.689","2026-09-25 23:15:43.836","kYet9mnrwO4","18014264","[PREMIUM]","[PREMIUM]","[PREMIUM]","506","Section 506","15",4,"['15','16','17','18']","2026-09-08 00:00:00","seatgeek_app","exchange",1,"[PREMIUM]","2,4"
"mxAs4xwkNPN","2026-09-12 23:49:26.689","2026-09-25 23:15:43.836","mxAs4xwkNPN","18014264","[PREMIUM]","[PREMIUM]","[PREMIUM]","352","Section 352","1",3,"['15','16','17']","2026-12-16 00:00:00","seatgeek_app","exchange",1,"[PREMIUM]","3"
"oV7Hb6vA2Oj","2026-09-12 23:49:26.689","2026-09-13 19:54:24.843","oV7Hb6vA2Oj","18014264","[PREMIUM]","[PREMIUM]","[PREMIUM]","445","Section 445","5",2,"['3','4']","2026-12-10 00:00:00","sg_app","exchange",0,"[PREMIUM]","2"
"oV7Hb6vA2Bq","2026-09-12 23:49:26.689","2026-09-13 22:08:45.611","oV7Hb6vA2Bq","18014264","[PREMIUM]","[PREMIUM]","[PREMIUM]","440","Section 440","2",2,"['15','16']","2026-12-10 00:00:00","sg_app","exchange",0,"[PREMIUM]","2"
"oV7Hb6vd0l6","2026-09-12 23:49:26.689","2026-09-15 11:02:10.013","oV7Hb6vd0l6","18014264","[PREMIUM]","[PREMIUM]","[PREMIUM]","229","Section 229","19",4,"['1','2','3','4']","2026-09-08 00:00:00","sg_app","exchange",0,"[PREMIUM]","2,4"
"qVjH2m447lx","2026-09-12 23:49:26.689","2026-09-18 11:02:51.178","qVjH2m447lx","18014264","[PREMIUM]","[PREMIUM]","[PREMIUM]","314","Section 314","8",2,"['5','6']","2026-08-04 00:00:00","sg_app","exchange",1,"[PREMIUM]","2"
"qVjH2moAXK4","2026-09-12 23:49:26.689","2026-09-25 23:15:43.836","qVjH2moAXK4","18014264","[PREMIUM]","[PREMIUM]","[PREMIUM]","547","Section 547","10",6,"['1','2','3','4','5','6']","2026-09-08 00:00:00","seatgeek_app","exchange",0,"[PREMIUM]","2,4,6"
"rVOHkpxOz8o","2026-09-12 23:49:26.689","2026-09-24 11:01:48.735","rVOHkpxOz8o","18014264","[PREMIUM]","[PREMIUM]","[PREMIUM]","310","Section 310","13",2,"['7','8']","2026-09-08 00:00:00","sg_app","exchange",0,"[PREMIUM]","2"
"w3Jse8raPBw","2026-09-12 23:49:26.689","2026-09-25 23:15:43.836","w3Jse8raPBw","18014264","[PREMIUM]","[PREMIUM]","[PREMIUM]","440","Section 440","3",4,"['9','10','11','12']","2026-12-10 00:00:00","seatgeek_app","exchange",2,"[PREMIUM]","2,4"
"xb9imlVOwg5","2026-09-12 23:49:26.689","2026-09-25 11:01:34.163","xb9imlVOwg5","18014264","[PREMIUM]","[PREMIUM]","[PREMIUM]","536","Section 536","13",4,"['1','2','3','4']","2026-09-08 00:00:00","sg_app","exchange",0,"[PREMIUM]","2,4"
"zpw0ej4","2026-09-12 23:49:26.689","2026-09-25 23:15:43.836","zpw0ej4","18014264","[PREMIUM]","[PREMIUM]","[PREMIUM]","230","Section 230","17",2,"['8','9']",,"seatgeek_app","marketplace",3,"[PREMIUM]","2"
"9P2c5MrYXMp","2026-09-12 23:49:22.109","2026-09-25 23:15:40.241","9P2c5MrYXMp","18014112","[PREMIUM]","[PREMIUM]","[PREMIUM]","143","Section 143","m",2,"['5','6']","2026-12-13 00:00:00","seatgeek_app","exchange",1,"[PREMIUM]","2"
"agktlDPXrNV","2026-09-12 23:49:22.109","2026-09-25 23:15:40.241","agktlDPXrNV","18014112","[PREMIUM]","[PREMIUM]","[PREMIUM]","123","Section 123","d",4,"['13','14','15','16']","2026-12-12 00:00:00","seatgeek_app","exchange",0,"[PREMIUM]","2,4"
"dNgUgpXpbJk","2026-09-12 23:49:22.109","2026-09-17 11:10:02.440","dNgUgpXpbJk","18014112","[PREMIUM]","[PREMIUM]","[PREMIUM]","123","Section 123","y",7,"['4','5','6','7','8','9','10']","2026-05-14 00:00:00","sg_app","exchange",1,"[PREMIUM]","1,2,3,4,5,7"
"nyg7746","2026-09-12 23:49:19.003","2026-09-21 11:02:49.494","nyg7746","18016562","[PREMIUM]","[PREMIUM]","[PREMIUM]","431","Section 431","12",2,"['13','14']",,"sg_app","marketplace",2,"[PREMIUM]","2"
"oV7Hbg5g9aL","2026-09-12 23:49:19.003","2026-09-25 23:18:16.567","oV7Hbg5g9aL","18016562","[PREMIUM]","[PREMIUM]","[PREMIUM]","632S","Section 632 S","8",6,"['7','8','9','10','11','12']","2026-12-12 00:00:00","seatgeek_app","exchange",4,"[PREMIUM]","2,4,6"
"3q7fNL0J8Yk","2026-09-12 23:49:15.580","2026-09-16 11:04:45.686","3q7fNL0J8Yk","18014068","[PREMIUM]","[PREMIUM]","[PREMIUM]","342","Section 342","22",6,"['7','8','9','10','11','12']","2026-12-12 00:00:00","sg_app","exchange",0,"[PREMIUM]","2,4,6"
"6mOhkoZABgm","2026-09-12 23:49:15.580","2026-09-16 11:04:45.686","6mOhkoZABgm","18014068","[PREMIUM]","[PREMIUM]","[PREMIUM]","337","Section 337","25",4,"['10','11','12','13']","2026-12-12 00:00:00","sg_app","exchange",0,"[PREMIUM]","2,4"
"9P2c5MrqVm3","2026-09-12 23:49:15.580","2026-09-16 11:04:45.686","9P2c5MrqVm3","18014068","[PREMIUM]","[PREMIUM]","[PREMIUM]","342","Section 342","29",2,"['19','20']","2026-12-12 00:00:00","sg_app","exchange",0,"[PREMIUM]","2"
"JABI3E294Pg","2026-09-12 23:49:15.580","2026-09-14 22:33:42.790","JABI3E294Pg","18014068","[PREMIUM]","[PREMIUM]","[PREMIUM]","338","Section 338","20",8,"['7','8','9','10','11','12','13','14']","2026-12-12 00:00:00","sg_app","exchange",1,"[PREMIUM]","1,2,3,4,5,6,8"
"KezczqG6Pww","2026-09-12 23:49:15.580","2026-09-14 22:33:42.790","KezczqG6Pww","18014068","[PREMIUM]","[PREMIUM]","[PREMIUM]","338","Section 338","21",2,"['9','10']","2026-12-12 00:00:00","sg_app","exchange",0,"[PREMIUM]","2"
"O7AhwKRreAw","2026-09-12 23:49:15.580","2026-09-16 11:04:45.686","O7AhwKRreAw","18014068","[PREMIUM]","[PREMIUM]","[PREMIUM]","338","Section 338","26",3,"['3','4','5']","2026-12-12 00:00:00","sg_app","exchange",0,"[PREMIUM]","3"
"X03tKl0jGP6","2026-09-12 23:49:15.580","2026-09-16 11:04:45.686","X03tKl0jGP6","18014068","[PREMIUM]","[PREMIUM]","[PREMIUM]","338","Section 338","29",6,"['7','8','9','10','11','12']","2026-12-12 00:00:00","sg_app","exchange",1,"[PREMIUM]","2,4,6"
"jDvszko7KnE","2026-09-12 23:49:15.580","2026-09-14 22:33:42.790","jDvszko7KnE","18014068","[PREMIUM]","[PREMIUM]","[PREMIUM]","343","Section 343","18",10,"['6','7','8','9','10','11','12','13','14','15']","2026-12-12 00:00:00","sg_app","exchange",1,"[PREMIUM]","1,2,3,4,5,6,7,8,10"
"kYet9mn4EMO","2026-09-12 23:49:15.580","2026-09-16 11:04:45.686","kYet9mn4EMO","18014068","[PREMIUM]","[PREMIUM]","[PREMIUM]","337","Section 337","25",4,"['18','19','20','21']","2026-12-12 00:00:00","sg_app","exchange",0,"[PREMIUM]","2,4"
"lxVsdRELovO","2026-09-12 23:49:15.580","2026-09-16 11:04:45.686","lxVsdRELovO","18014068","[PREMIUM]","[PREMIUM]","[PREMIUM]","313","Section 313","27",6,"['7','8','9','10','11','12']","2026-12-12 00:00:00","sg_app","exchange",0,"[PREMIUM]","2,4,6"
"nx0srK9MVkd","2026-09-12 23:49:15.580","2026-09-14 09:12:51.045","nx0srK9MVkd","18014068","[PREMIUM]","[PREMIUM]","[PREMIUM]","337","Section 337","16",4,"['13','14','15','16']","2026-12-12 00:00:00","sg_app","exchange",1,"[PREMIUM]","2,4"
"rVOHkpdRlMK","2026-09-12 23:49:15.580","2026-09-14 22:33:42.790","rVOHkpdRlMK","18014068","[PREMIUM]","[PREMIUM]","[PREMIUM]","338","Section 338","21",2,"['13','14']","2026-12-12 00:00:00","sg_app","exchange",0,"[PREMIUM]","2"
"8lKt6azpPxj","2026-09-12 23:49:11.036","2026-09-15 11:10:12.399","8lKt6azpPxj","18016693","[PREMIUM]","[PREMIUM]","[PREMIUM]","333","Section 333","qq",15,"['5','6','7','8','9','10','11','12','13','14','15','16','17','18','19']","2026-09-12 00:00:00","sg_app","exchange",1,"[PREMIUM]","1,2,3,4,5,6,7,8,9,10,11,12,13,15"
"nx0srK9qMzj","2026-09-12 23:49:11.036","2026-09-21 11:06:39.152","nx0srK9qMzj","18016693","[PREMIUM]","[PREMIUM]","[PREMIUM]","147","Section 147","v",1,"['11']","2026-09-12 00:00:00","sg_app","exchange",0,"[PREMIUM]","1"
"pVXHD7e5PE8","2026-09-12 23:49:11.036","2026-09-21 11:06:39.152","pVXHD7e5PE8","18016693","[PREMIUM]","[PREMIUM]","[PREMIUM]","116","Section 116","hh",2,"['19','20']","2026-09-12 00:00:00","sg_app","exchange",0,"[PREMIUM]","2"
"w3Jse8r4qRk","2026-09-12 23:49:11.036","2026-09-20 11:09:26.189","w3Jse8r4qRk","18016693","[PREMIUM]","[PREMIUM]","[PREMIUM]","115","Section 115","x",5,"['7','8','9','10','11']","2026-09-12 00:00:00","sg_app","exchange",0,"[PREMIUM]","1,2,3,5"
"05VT8lLN7zr","2026-09-12 23:49:05.810","2026-09-17 11:07:23.225","05VT8lLN7zr","18016765","[PREMIUM]","[PREMIUM]","[PREMIUM]","C217","Section C 217","5",2,"['5','6']","2026-09-16 00:00:00","sg_app","exchange",0,"[PREMIUM]","2"
"6mOhkoZ335V","2026-09-12 23:49:05.810","2026-09-25 23:20:49.827","6mOhkoZ335V","18016765","[PREMIUM]","[PREMIUM]","[PREMIUM]","312","Section 312","1",2,"['18','19']","2026-12-11 00:00:00","seatgeek_app","exchange",1,"[PREMIUM]","2"
"MAeIP35Eox5","2026-09-12 23:49:05.810","2026-09-19 11:05:46.389","MAeIP35Eox5","18016765","[PREMIUM]","[PREMIUM]","[PREMIUM]","128","Section 128","24",3,"['14','15','16']","2026-09-18 00:00:00","sg_app","exchange",0,"[PREMIUM]","1,3"
"ROXHz2p2762","2026-09-12 23:49:05.810","2026-09-15 11:05:31.694","ROXHz2p2762","18016765","[PREMIUM]","[PREMIUM]","[PREMIUM]","209","Section 209","18",5,"['13','14','15','16','17']","2026-09-14 00:00:00","sg_app","exchange",0,"[PREMIUM]","1,2,3,5"
"V4KU04Ne6wn","2026-09-12 23:49:05.810","2026-09-19 11:05:46.389","V4KU04Ne6wn","18016765","[PREMIUM]","[PREMIUM]","[PREMIUM]","102","Section 102","22",2,"['21','22']","2026-09-18 00:00:00","sg_app","exchange",0,"[PREMIUM]","2"
"V4KU04NZ8jR","2026-09-12 23:49:05.810","2026-09-25 23:20:49.827","V4KU04NZ8jR","18016765","[PREMIUM]","[PREMIUM]","[PREMIUM]","111","Section 111","31",2,"['1','2']","2026-09-25 00:00:00","seatgeek_app","exchange",1,"[PREMIUM]","2"
"eeacK84E04d","2026-09-12 23:49:05.810","2026-09-16 22:24:52.451","eeacK84E04d","18016765","[PREMIUM]","[PREMIUM]","[PREMIUM]","118","Section 118","22",3,"['3','4','5']","2026-12-12 00:00:00","sg_app","exchange",1,"[PREMIUM]","3"
"pVXHD7ezRXE","2026-09-12 23:49:05.810","2026-09-20 11:06:19.072","pVXHD7ezRXE","18016765","[PREMIUM]","[PREMIUM]","[PREMIUM]","230","Section 230","8",7,"['19','20','21','22','23','24','25']","2026-09-18 00:00:00","sg_app","exchange",0,"[PREMIUM]","1,2,3,4,5,7"
"qVjH2momv4o","2026-09-12 23:49:05.810","2026-09-12 23:49:05.810","qVjH2momv4o","18016765","[PREMIUM]","[PREMIUM]","[PREMIUM]","403","Section 403","8",2,"['21','22']","2026-09-12 00:00:00","sg_app","exchange",1,"[PREMIUM]","2"
"w3Jse8rLaoY","2026-09-12 23:49:05.810","2026-09-25 23:20:49.827","w3Jse8rLaoY","18016765","[PREMIUM]","[PREMIUM]","[PREMIUM]","111","Section 111","32",2,"['1','2']","2026-09-25 00:00:00","seatgeek_app","exchange",1,"[PREMIUM]","2"
"xb9imlnv09z","2026-09-12 23:49:05.810","2026-09-16 11:05:31.450","xb9imlnv09z","18016765","[PREMIUM]","[PREMIUM]","[PREMIUM]","230","Section 230","7",4,"['10','11','12','13']","2026-09-14 00:00:00","sg_app","exchange",0,"[PREMIUM]","1,2,4"
"05VT8lLl9V6","2026-09-12 23:48:58.956","2026-09-25 23:15:25.958","05VT8lLl9V6","18014296","[PREMIUM]","[PREMIUM]","[PREMIUM]","141","Section 141","24",2,"['18','19']","2026-12-12 00:00:00","seatgeek_app","exchange",3,"[PREMIUM]","2"
"2v0czqPRzOX","2026-09-12 23:48:58.956","2026-09-14 22:33:35.943","2v0czqPRzOX","18014296","[PREMIUM]","[PREMIUM]","[PREMIUM]","101","Section 101","36",2,"['11','12']","2026-09-12 00:00:00","sg_app","exchange",0,"[PREMIUM]","2"
"ek241yx","2026-09-12 23:48:58.956","2026-09-25 23:15:25.958","ek241yx","18014296","[PREMIUM]","[PREMIUM]","[PREMIUM]","203","Section 203","13",2,"['18','19']",,"seatgeek_app","marketplace",0,"[PREMIUM]","2"
"kYet9mnzNmP","2026-09-12 23:48:58.956","2026-09-25 23:15:25.958","kYet9mnzNmP","18014296","[PREMIUM]","[PREMIUM]","[PREMIUM]","142","Section 142","22",4,"['5','6','7','8']","2026-12-12 00:00:00","seatgeek_app","exchange",1,"[PREMIUM]","1,2,4"
"2v0czqP6boE","2026-09-12 23:48:50.174","2026-09-20 11:11:16.377","2v0czqP6boE","18142265","[PREMIUM]","[PREMIUM]","[PREMIUM]","225","Section 225","15",4,"['1','2','3','4']","2026-12-12 00:00:00","electronic","exchange",2,"[PREMIUM]","1,2,4"
"2v0czqPGllB","2026-09-12 23:48:50.174","2026-09-24 11:10:04.982","2v0czqPGllB","18142265","[PREMIUM]","[PREMIUM]","[PREMIUM]","224","Section 224","20",2,"['23','24']","2026-12-12 00:00:00","electronic","exchange",1,"[PREMIUM]","2"
"6mOhkoZdz96","2026-09-12 23:48:50.174","2026-09-23 11:07:53.535","6mOhkoZdz96","18142265","[PREMIUM]","[PREMIUM]","[PREMIUM]","218","Section 218","18",6,"['11','12','13','14','15','16']","2026-12-12 00:00:00","electronic","exchange",3,"[PREMIUM]","1,2,3,4,6"
"LbviL8wNZrn","2026-09-12 23:48:50.174","2026-09-25 23:15:09.322","LbviL8wNZrn","18142265","[PREMIUM]","[PREMIUM]","[PREMIUM]","226","Section 226","20",6,"['1','2','3','4','5','6']","2026-12-12 00:00:00","seatgeek_app","exchange",5,"[PREMIUM]","1,2,3,4,6"
"O7AhwKRgJZZ","2026-09-12 23:48:50.174","2026-09-24 11:10:04.982","O7AhwKRgJZZ","18142265","[PREMIUM]","[PREMIUM]","[PREMIUM]","227","Section 227","18",2,"['35','36']","2026-12-12 00:00:00","electronic","exchange",2,"[PREMIUM]","2"
"X03tKl0BqeX","2026-09-12 23:48:50.174","2026-09-15 11:11:11.507","X03tKl0BqeX","18142265","[PREMIUM]","[PREMIUM]","[PREMIUM]","226","Section 226","19",2,"['17','18']","2026-12-12 00:00:00","electronic","exchange",4,"[PREMIUM]","2"
"X03tKl0wmoD","2026-09-12 23:48:50.174","2026-09-15 08:37:11.686","X03tKl0wmoD","18142265","[PREMIUM]","[PREMIUM]","[PREMIUM]","229","Section 229","18",8,"['17','18','19','20','21','22','23','24']","2026-12-12 00:00:00","electronic","exchange",5,"[PREMIUM]","1,2,3,4,5,6,8"
"YgJtk0MeAJw","2026-09-12 23:48:50.174","2026-09-25 11:07:29.405","YgJtk0MeAJw","18142265","[PREMIUM]","[PREMIUM]","[PREMIUM]","431","Section 431","11",3,"['23','24','25']","2026-12-12 00:00:00","electronic","exchange",4,"[PREMIUM]","1,3"
"l_PXLRXGVsB6qNQYF8jYMWAhRxjMmNsZB1pqf2z895rSJEXqKkHb83VNdcBBtxZSBE","2026-09-12 23:48:50.174","2026-09-25 23:15:09.322","l_PXLRXGVsB6qNQYF8jYMWAhRxjMmNsZB1pqf2z895rSJEXqKkHb83VNdcBBtxZSBE","18142265","[PREMIUM]","[PREMIUM]","[PREMIUM]","218","Section 218","11",2,"['1','2']",,"seatgeek_app","open",2,"[PREMIUM]","2"
"l_lyd8ypXtqlNxrvtZdLNgWfdz80K1uP6jgA9h6AZ3MNhw5W0BjIwYQpP6cxxcpxflG","2026-09-12 23:48:50.174","2026-09-25 23:15:09.322","l_lyd8ypXtqlNxrvtZdLNgWfdz80K1uP6jgA9h6AZ3MNhw5W0BjIwYQpP6cxxcpxflG","18142265","[PREMIUM]","[PREMIUM]","[PREMIUM]","429","Section 429","5",3,"['14','15','16']",,"seatgeek_app","open",0,"[PREMIUM]","1,3"
"4vXcjR7pE3w","2026-09-12 23:48:17.200","2026-09-20 11:12:54.842","4vXcjR7pE3w","18165452","[PREMIUM]","[PREMIUM]","[PREMIUM]","511","Section 511","24",2,"['15','16']","2026-12-12 00:00:00","electronic","exchange",1,"[PREMIUM]","2"
"7xpwr7r","2026-09-12 23:48:17.200","2026-09-25 23:15:07.179","7xpwr7r","18165452","[PREMIUM]","[PREMIUM]","[PREMIUM]","146","Section 146","29",2,"['6','7']",,"seatgeek_app","open_marketplace",1,"[PREMIUM]","2"
"EroUXgdw8KJ","2026-09-12 23:48:17.200","2026-09-25 23:15:07.179","EroUXgdw8KJ","18165452","[PREMIUM]","[PREMIUM]","[PREMIUM]","551","Section 551","32",4,"['18','19','20','21']","2026-12-12 00:00:00","seatgeek_app","exchange",1,"[PREMIUM]","1,2,4"
"JABI3E2E278","2026-09-12 23:48:17.200","2026-09-24 11:07:03.428","JABI3E2E278","18165452","[PREMIUM]","[PREMIUM]","[PREMIUM]","526","Section 526","32",4,"['1','2','3','4']","2026-12-12 00:00:00","electronic","exchange",1,"[PREMIUM]","1,2,4"
"MAeIP3RjmwD","2026-09-12 23:48:17.200","2026-09-25 11:06:16.508","MAeIP3RjmwD","18165452","[PREMIUM]","[PREMIUM]","[PREMIUM]","523","Section 523","25",2,"['16','17']","2026-12-12 00:00:00","electronic","exchange",0,"[PREMIUM]","2"
"NrqUv6MKk0L","2026-09-12 23:48:17.200","2026-09-25 11:06:16.508","NrqUv6MKk0L","18165452","[PREMIUM]","[PREMIUM]","[PREMIUM]","552","Section 552","31",5,"['4','5','6','7','8']","2026-12-12 00:00:00","electronic","exchange",1,"[PREMIUM]","1,2,3,5"
"O7AhwKR45nl","2026-09-12 23:48:17.200","2026-09-25 23:15:07.179","O7AhwKR45nl","18165452","[PREMIUM]","[PREMIUM]","[PREMIUM]","103","Section 103","1",2,"['16','17']","2026-06-29 00:00:00","seatgeek_app","exchange",2,"[PREMIUM]","2"
"O7AhwKRMazd","2026-09-12 23:48:17.200","2026-09-25 23:15:07.179","O7AhwKRMazd","18165452","[PREMIUM]","[PREMIUM]","[PREMIUM]","523","Section 523","18",2,"['4','5']","2026-12-12 00:00:00","seatgeek_app","exchange",0,"[PREMIUM]","2"
"X03tKl0j8N7","2026-09-12 23:48:17.200","2026-09-13 19:50:16.872","X03tKl0j8N7","18165452","[PREMIUM]","[PREMIUM]","[PREMIUM]","542","Section 542","26",6,"['1','2','3','4','5','6']","2026-12-12 00:00:00","electronic","exchange",1,"[PREMIUM]","1,2,3,4,6"
"b4wUaoYg6Ex","2026-09-12 23:48:17.200","2026-09-13 19:50:16.872","b4wUaoYg6Ex","18165452","[PREMIUM]","[PREMIUM]","[PREMIUM]","513","Section 513","24",4,"['1','2','3','4']","2026-12-12 00:00:00","electronic","exchange",0,"[PREMIUM]","1,2,4"
"b4wUaoBGDv8","2026-09-12 23:48:17.200","2026-09-25 08:36:40.028","b4wUaoBGDv8","18165452","[PREMIUM]","[PREMIUM]","[PREMIUM]","530","Section 530","32",2,"['14','15']","2026-12-12 00:00:00","electronic","exchange",0,"[PREMIUM]","2"
"dmxvejr","2026-09-12 23:48:17.200","2026-09-25 23:15:07.179","dmxvejr","18165452","[PREMIUM]","[PREMIUM]","[PREMIUM]","501","Section 501","27",2,"['18','19']",,"seatgeek_app","open_marketplace",0,"[PREMIUM]","2"
"g4jr6k9","2026-09-12 23:48:17.200","2026-09-25 23:15:07.179","g4jr6k9","18165452","[PREMIUM]","[PREMIUM]","[PREMIUM]","105","Section 105","41",2,"['1','2']",,"seatgeek_app","open_marketplace",5,"[PREMIUM]","2"
"g4jrjoy","2026-09-12 23:48:17.200","2026-09-25 23:15:07.179","g4jrjoy","18165452","[PREMIUM]","[PREMIUM]","[PREMIUM]","531","Section 531","11",2,"['6','7']",,"seatgeek_app","open_marketplace",2,"[PREMIUM]","2"
"nx0srK9KvNr","2026-09-12 23:48:17.200","2026-09-25 23:15:07.179","nx0srK9KvNr","18165452","[PREMIUM]","[PREMIUM]","[PREMIUM]","153","Section 153","9",2,"['1','2']","2026-06-29 00:00:00","seatgeek_app","exchange",0,"[PREMIUM]","2"
"oV7Hb6vpGgb","2026-09-12 23:48:17.200","2026-09-25 23:15:07.179","oV7Hb6vpGgb","18165452","[PREMIUM]","[PREMIUM]","[PREMIUM]","539","Section 539","26",6,"['1','2','3','4','5','6']","2026-12-12 00:00:00","seatgeek_app","exchange",1,"[PREMIUM]","1,2,3,4,6"
"wz2021v","2026-09-12 23:48:17.200","2026-09-23 11:07:12.430","wz2021v","18165452","[PREMIUM]","[PREMIUM]","[PREMIUM]","121","Section 121","39",2,"['19','20']",,"electronic","open_marketplace",1,"[PREMIUM]","2"
"2v0czqbPOR4","2026-09-12 23:48:09.509","2026-09-14 11:29:25.110","2v0czqbPOR4","18014090","[PREMIUM]","[PREMIUM]","[PREMIUM]","509","Section 509","23",2,"['22','23']","2026-05-14 00:00:00","sg_app","exchange",0,"[PREMIUM]","2"
"2v0czqbPORD","2026-09-12 23:48:09.509","2026-09-15 11:11:37.246","2v0czqbPORD","18014090","[PREMIUM]","[PREMIUM]","[PREMIUM]","511","Section 511","22",6,"['9','10','11','12','13','14']","2026-08-25 00:00:00","sg_app","exchange",0,"[PREMIUM]","2,4,6"
"2v0czqPM3BM","2026-09-12 23:48:09.509","2026-09-25 23:09:04.088","2v0czqPM3BM","18014090","[PREMIUM]","[PREMIUM]","[PREMIUM]","133","Section 133","15",2,"['13','14']","2026-11-13 00:00:00","seatgeek_app","exchange",5,"[PREMIUM]","2"
"3q7fNLl0m75","2026-09-12 23:48:09.509","2026-09-24 11:10:11.050","3q7fNLl0m75","18014090","[PREMIUM]","[PREMIUM]","[PREMIUM]","507","Section 507","23",12,"['1','2','3','4','5','6','7','8','9','10','11','12']","2026-05-14 00:00:00","sg_app","exchange",0,"[PREMIUM]","1,2,3,4,5,6,7,8,9,10,12"
"4vXcjRk7rX4","2026-09-12 23:48:09.509","2026-09-25 11:10:17.176","4vXcjRk7rX4","18014090","[PREMIUM]","[PREMIUM]","[PREMIUM]","507","Section 507","24",7,"['13','14','15','16','17','18','19']","2026-05-14 00:00:00","sg_app","exchange",0,"[PREMIUM]","1,2,3,4,5,7"
"6mOhkopZMOv","2026-09-12 23:48:09.509","2026-09-13 13:38:15.739","6mOhkopZMOv","18014090","[PREMIUM]","[PREMIUM]","[PREMIUM]","504","Section 504","4",4,"['1','2','3','4']","2026-08-24 00:00:00","sg_app","exchange",0,"[PREMIUM]","2,4"
"7KntAgrDjnY","2026-09-12 23:48:09.509","2026-09-13 13:38:15.739","7KntAgrDjnY","18014090","[PREMIUM]","[PREMIUM]","[PREMIUM]","147B","Section 147 B","27",5,"['15','16','17','18','19']","2026-08-24 00:00:00","sg_app","exchange",0,"[PREMIUM]","1,2,3,5"
"9P2c5MerX2o","2026-09-12 23:48:09.509","2026-09-15 11:11:37.246","9P2c5MerX2o","18014090","[PREMIUM]","[PREMIUM]","[PREMIUM]","511","Section 511","28",12,"['11','12','13','14','15','16','17','18','19','20','21','22']","2026-05-14 00:00:00","sg_app","exchange",0,"[PREMIUM]","1,2,3,4,5,6,7,8,9,10,12"
"9P2c5MerX2M","2026-09-12 23:48:09.509","2026-09-13 13:38:15.739","9P2c5MerX2M","18014090","[PREMIUM]","[PREMIUM]","[PREMIUM]","542","Section 542","25",8,"['13','14','15','16','17','18','19','20']","2026-05-14 00:00:00","sg_app","exchange",1,"[PREMIUM]","1,2,3,4,5,6,8"
"EroUXgVdeDR","2026-09-12 23:48:09.509","2026-09-13 13:38:15.739","EroUXgVdeDR","18014090","[PREMIUM]","[PREMIUM]","[PREMIUM]","147B","Section 147 B","33",3,"['7','8','9']","2026-08-24 00:00:00","sg_app","exchange",0,"[PREMIUM]","1,3"
"JABI3E62xBD","2026-09-12 23:48:09.509","2026-09-25 11:10:17.176","JABI3E62xBD","18014090","[PREMIUM]","[PREMIUM]","[PREMIUM]","511","Section 511","31",3,"['19','20','21']","2026-05-14 00:00:00","sg_app","exchange",0,"[PREMIUM]","1,3"
"KezczqJG4bP","2026-09-12 23:48:09.509","2026-09-13 13:38:15.739","KezczqJG4bP","18014090","[PREMIUM]","[PREMIUM]","[PREMIUM]","510","Section 510","23",8,"['5','6','7','8','9','10','11','12']","2026-05-14 00:00:00","sg_app","exchange",0,"[PREMIUM]","1,2,3,4,5,6,8"
"LbviL8w5jnd","2026-09-12 23:48:09.509","2026-09-12 23:48:09.509","LbviL8w5jnd","18014090","[PREMIUM]","[PREMIUM]","[PREMIUM]","534","Section 534","30",12,"['11','12','13','14','15','16','17','18','19','20','21','22']","2026-05-14 00:00:00","sg_app","exchange",1,"[PREMIUM]","1,2,3,4,5,6,7,8,9,10,12"
"O7AhwK9RO7o","2026-09-12 23:48:09.509","2026-09-17 11:10:56.507","O7AhwK9RO7o","18014090","[PREMIUM]","[PREMIUM]","[PREMIUM]","533","Section 533","22",5,"['19','20','21','22','23']","2026-05-14 00:00:00","sg_app","exchange",1,"[PREMIUM]","1,2,3,5"
"YgJtk0PMZ0P","2026-09-12 23:48:09.509","2026-09-25 23:09:04.088","YgJtk0PMZ0P","18014090","[PREMIUM]","[PREMIUM]","[PREMIUM]","124","Section 124","25",6,"['3','4','5','6','7','8']","2026-08-24 00:00:00","seatgeek_app","exchange",1,"[PREMIUM]","2,4,6"
"b4wUaoPBKoV","2026-09-12 23:48:09.509","2026-09-15 11:11:37.246","b4wUaoPBKoV","18014090","[PREMIUM]","[PREMIUM]","[PREMIUM]","121A","Section 121 A","40",6,"['9','10','11','12','13','14']","2026-05-14 00:00:00","sg_app","exchange",0,"[PREMIUM]","2,4,6"
"jDvszkmoJ3z","2026-09-12 23:48:09.509","2026-09-23 11:08:01.647","jDvszkmoJ3z","18014090","[PREMIUM]","[PREMIUM]","[PREMIUM]","535","Section 535","30",12,"['10','11','12','13','14','15','16','17','18','19','20','21']","2026-05-14 00:00:00","sg_app","exchange",1,"[PREMIUM]","1,2,3,4,5,6,7,8,9,10,12"
"lxVsdRJEP9G","2026-09-12 23:48:09.509","2026-09-13 13:38:15.739","lxVsdRJEP9G","18014090","[PREMIUM]","[PREMIUM]","[PREMIUM]","147B","Section 147 B","30",2,"['7','8']","2026-08-24 00:00:00","sg_app","exchange",0,"[PREMIUM]","2"
"oV7Hb6rvLAR","2026-09-12 23:48:09.509","2026-09-15 11:11:37.246","oV7Hb6rvLAR","18014090","[PREMIUM]","[PREMIUM]","[PREMIUM]","511","Section 511","27",4,"['1','2','3','4']","2026-08-25 00:00:00","sg_app","exchange",0,"[PREMIUM]","2,4"
"q9677gw","2026-09-12 23:48:09.509","2026-09-25 23:09:04.088","q9677gw","18014090","[PREMIUM]","[PREMIUM]","[PREMIUM]","109","Section 109","14",2,"['1','2']",,"seatgeek_app","marketplace",5,"[PREMIUM]","2"
"qVjH2m0oxrB","2026-09-12 23:48:09.509","2026-09-21 11:07:22.481","qVjH2m0oxrB","18014090","[PREMIUM]","[PREMIUM]","[PREMIUM]","117","Section 117","33",3,"['8','9','10']","2026-05-14 00:00:00","sg_app","exchange",2,"[PREMIUM]","1,3"
"rVOHkpmdxLa","2026-09-12 23:48:09.509","2026-09-22 11:11:33.129","rVOHkpmdxLa","18014090","[PREMIUM]","[PREMIUM]","[PREMIUM]","506","Section 506","22",12,"['1','2','3','4','5','6','7','8','9','10','11','12']","2026-05-14 00:00:00","sg_app","exchange",0,"[PREMIUM]","1,2,3,4,5,6,7,8,9,10,12"
"w3Jse8Zrza4","2026-09-12 23:48:09.509","2026-09-13 13:38:15.739","w3Jse8Zrza4","18014090","[PREMIUM]","[PREMIUM]","[PREMIUM]","542","Section 542","31",8,"['1','2','3','4','5','6','7','8']","2026-05-14 00:00:00","sg_app","exchange",1,"[PREMIUM]","1,2,3,4,5,6,8"
"xb9imlqnVl7","2026-09-12 23:48:09.509","2026-09-25 23:09:04.088","xb9imlqnVl7","18014090","[PREMIUM]","[PREMIUM]","[PREMIUM]","118A","Section 118 A","32",4,"['11','12','13','14']","2026-05-14 00:00:00","seatgeek_app","exchange",0,"[PREMIUM]","2,4"
"2v0czqPLYbo","2026-09-12 23:48:01.320","2026-09-25 23:15:11.676","2v0czqPLYbo","18016619","[PREMIUM]","[PREMIUM]","[PREMIUM]","522","Section 522","28",12,"['13','14','15','16','17','18','19','20','21','22','23','24']","2026-05-15 00:00:00","seatgeek_app","exchange",0,"[PREMIUM]","1,2,3,4,5,6,7,8,9,10,12"
"4vXcjR73BkJ","2026-09-12 23:48:01.320","2026-09-25 23:15:11.676","4vXcjR73BkJ","18016619","[PREMIUM]","[PREMIUM]","[PREMIUM]","522","Section 522","34",8,"['1','2','3','4','5','6','7','8']","2026-05-15 00:00:00","seatgeek_app","exchange",0,"[PREMIUM]","1,2,3,4,5,6,8"
"A6rs2KB9waz","2026-09-12 23:48:01.320","2026-09-25 23:15:11.676","A6rs2KB9waz","18016619","[PREMIUM]","[PREMIUM]","[PREMIUM]","506","Section 506","1a",2,"['9','10']","2026-12-12 00:00:00","seatgeek_app","exchange",1,"[PREMIUM]","2"
"DdwHkML4poo","2026-09-12 23:48:01.320","2026-09-20 11:10:59.441","DdwHkML4poo","18016619","[PREMIUM]","[PREMIUM]","[PREMIUM]","522","Section 522","1",2,"['4','5']","2026-12-12 00:00:00","sg_app","exchange",0,"[PREMIUM]","2"
"JABI3E2Rnrq","2026-09-12 23:48:01.320","2026-09-25 23:15:11.676","JABI3E2Rnrq","18016619","[PREMIUM]","[PREMIUM]","[PREMIUM]","522","Section 522","8",2,"['18','19']","2026-05-14 00:00:00","seatgeek_app","exchange",0,"[PREMIUM]","2"
"LbviL8wZvVq","2026-09-12 23:48:01.320","2026-09-13 18:09:37.809","LbviL8wZvVq","18016619","[PREMIUM]","[PREMIUM]","[PREMIUM]","534","Section 534","2",4,"['7','8','9','10']","2026-08-02 00:00:00","sg_app","exchange",0,"[PREMIUM]","4"
"Zm9hvJKxeRe","2026-09-12 23:48:01.320","2026-09-23 11:07:11.561","Zm9hvJKxeRe","18016619","[PREMIUM]","[PREMIUM]","[PREMIUM]","548","Section 548","11",2,"['19','20']","2026-05-15 00:00:00","sg_app","exchange",0,"[PREMIUM]","2"
"Zm9hvJKxeGe","2026-09-12 23:48:01.320","2026-09-21 11:07:00.217","Zm9hvJKxeGe","18016619","[PREMIUM]","[PREMIUM]","[PREMIUM]","522","Section 522","6",4,"['7','8','9','10']","2026-05-14 00:00:00","sg_app","exchange",0,"[PREMIUM]","2,4"
"dNgUgpXEmLL","2026-09-12 23:48:01.320","2026-09-25 23:15:11.676","dNgUgpXEmLL","18016619","[PREMIUM]","[PREMIUM]","[PREMIUM]","515","Section 515","27",4,"['21','22','23','24']","2026-08-06 00:00:00","seatgeek_app","exchange",0,"[PREMIUM]","2,4"
"g48Ur63OXmn","2026-09-12 23:48:01.320","2026-09-13 11:17:41.705","g48Ur63OXmn","18016619","[PREMIUM]","[PREMIUM]","[PREMIUM]","546","Section 546","33",12,"['13','14','15','16','17','18','19','20','21','22','23','24']","2026-05-15 00:00:00","sg_app","exchange",0,"[PREMIUM]","1,2,3,4,5,6,7,8,9,10,12"
"kYet9mn2d7l","2026-09-12 23:48:01.320","2026-09-14 16:18:56.699","kYet9mn2d7l","18016619","[PREMIUM]","[PREMIUM]","[PREMIUM]","549","Section 549","17",2,"['1','2']","2026-05-14 00:00:00","sg_app","exchange",0,"[PREMIUM]","2"
"nx0srK9BjDO","2026-09-12 23:48:01.320","2026-09-23 11:07:11.561","nx0srK9BjDO","18016619","[PREMIUM]","[PREMIUM]","[PREMIUM]","511","Section 511","32",12,"['13','14','15','16','17','18','19','20','21','22','23','24']","2026-05-15 00:00:00","sg_app","exchange",0,"[PREMIUM]","1,2,3,4,5,6,7,8,9,10,12"
"pVXHD7e8B96","2026-09-12 23:48:01.320","2026-09-23 11:07:11.561","pVXHD7e8B96","18016619","[PREMIUM]","[PREMIUM]","[PREMIUM]","518","Section 518","30",10,"['13','14','15','16','17','18','19','20','21','22']","2026-05-14 00:00:00","sg_app","exchange",0,"[PREMIUM]","1,2,3,4,5,6,7,8,10"
"qVjH2moKBld","2026-09-12 23:48:01.320","2026-09-22 08:35:32.608","qVjH2moKBld","18016619","[PREMIUM]","[PREMIUM]","[PREMIUM]","545","Section 545","28",4,"['15','16','17','18']","2026-05-14 00:00:00","sg_app","exchange",0,"[PREMIUM]","2,4"
"6mOhkoZ6jjv","2026-09-12 23:47:56.798","2026-09-25 23:15:19.751","6mOhkoZ6jjv","18016613","[PREMIUM]","[PREMIUM]","[PREMIUM]","137","Section 137","31",6,"['13','14','15','16','17','18']","2026-05-14 00:00:00","seatgeek_app","exchange",1,"[PREMIUM]","2,4,6"
"A6rs2KBlq08","2026-09-12 23:47:56.798","2026-09-25 23:15:19.751","A6rs2KBlq08","18016613","[PREMIUM]","[PREMIUM]","[PREMIUM]","138","Section 138","28",10,"['3','4','5','6','7','8','9','10','11','12']","2026-05-14 00:00:00","seatgeek_app","exchange",1,"[PREMIUM]","1,2,3,4,5,6,7,8,10"
"DdwHkMLv45b","2026-09-12 23:47:56.798","2026-09-13 11:17:13.941","DdwHkMLv45b","18016613","[PREMIUM]","[PREMIUM]","[PREMIUM]","108","Section 108","1",4,"['5','6','7','8']","2026-09-12 00:00:00","sg_app","exchange",0,"[PREMIUM]","1,2,4"
"ROXHz2pLz8R","2026-09-12 23:47:56.798","2026-09-14 22:33:26.410","ROXHz2pLz8R","18016613","[PREMIUM]","[PREMIUM]","[PREMIUM]","117","Section 117","30",4,"['7','8','9','10']","2026-09-12 00:00:00","sg_app","exchange",0,"[PREMIUM]","1,2,4"
"X03tKlq0Yg0","2026-09-12 23:47:56.798","2026-09-25 11:06:42.304","X03tKlq0Yg0","18016613","[PREMIUM]","[PREMIUM]","[PREMIUM]","107","Section 107","36",2,"['1','2']","2026-05-14 00:00:00","sg_app","exchange",1,"[PREMIUM]","2"
"YgJtk0MDv6m","2026-09-12 23:47:56.798","2026-09-25 23:15:19.751","YgJtk0MDv6m","18016613","[PREMIUM]","[PREMIUM]","[PREMIUM]","101","Section 101","8",3,"['10','11','12']","2026-05-14 00:00:00","seatgeek_app","exchange",0,"[PREMIUM]","1,3"
"jDvszkmoDrw","2026-09-12 23:47:56.798","2026-09-25 23:15:19.751","jDvszkmoDrw","18016613","[PREMIUM]","[PREMIUM]","[PREMIUM]","126","Section 126","32",4,"['14','15','16','17']","2026-05-14 00:00:00","seatgeek_app","exchange",1,"[PREMIUM]","2,4"
"nx0srK9zZLM","2026-09-12 23:47:56.798","2026-09-13 11:17:13.941","nx0srK9zZLM","18016613","[PREMIUM]","[PREMIUM]","[PREMIUM]","109","Section 109","5",3,"['16','17','18']","2026-09-12 00:00:00","sg_app","exchange",0,"[PREMIUM]","1,3"
"pVXHD7ezBbR","2026-09-12 23:47:56.798","2026-09-13 16:49:17.028","pVXHD7ezBbR","18016613","[PREMIUM]","[PREMIUM]","[PREMIUM]","342","Section 342","11",4,"['19','20','21','22']","2026-09-12 00:00:00","sg_app","exchange",0,"[PREMIUM]","1,2,4"
"2v0czqPZOq4","2026-09-12 23:47:53.305","2026-09-25 23:15:24.841","2v0czqPZOq4","18014028","[PREMIUM]","[PREMIUM]","[PREMIUM]","101","Section 101","26",2,"['5','6']","2026-05-26 00:00:00","seatgeek_app","exchange",0,"[PREMIUM]","2"
"5EjuZwYO9Z8","2026-09-12 23:47:53.305","2026-09-25 23:15:24.841","5EjuZwYO9Z8","18014028","[PREMIUM]","[PREMIUM]","[PREMIUM]","103","Section 103","17",4,"['11','12','13','14']","2026-09-01 00:00:00","seatgeek_app","exchange",3,"[PREMIUM]","2,4"
"BALImM265Mk","2026-09-12 23:47:53.305","2026-09-25 23:15:24.841","BALImM265Mk","18014028","[PREMIUM]","[PREMIUM]","[PREMIUM]","149","Section 149","24",2,"['7','8']","2026-05-26 00:00:00","seatgeek_app","exchange",0,"[PREMIUM]","2"
"EroUXgVVR0r","2026-09-12 23:47:53.305","2026-09-25 23:15:24.841","EroUXgVVR0r","18014028","[PREMIUM]","[PREMIUM]","[PREMIUM]","109","Section 109","10",2,"['19','20']","2026-12-11 00:00:00","seatgeek_app","exchange",2,"[PREMIUM]","2"
"EroUXgdJegO","2026-09-12 23:47:53.305","2026-09-25 23:15:24.841","EroUXgdJegO","18014028","[PREMIUM]","[PREMIUM]","[PREMIUM]","104","Section 104","26",4,"['5','6','7','8']","2026-05-26 00:00:00","seatgeek_app","exchange",0,"[PREMIUM]","2,4"
"JABI3E66b8x","2026-09-12 23:47:53.305","2026-09-25 23:15:24.841","JABI3E66b8x","18014028","[PREMIUM]","[PREMIUM]","[PREMIUM]","135","Section 135","16",2,"['15','16']","2026-12-11 00:00:00","seatgeek_app","exchange",1,"[PREMIUM]","2"
"MAeIP35Z443","2026-09-12 23:47:53.305","2026-09-15 11:05:42.789","MAeIP35Z443","18014028","[PREMIUM]","[PREMIUM]","[PREMIUM]","143","Section 143","18",4,"['25','26','27','28']","2026-12-11 00:00:00","sg_app","exchange",0,"[PREMIUM]","2,4"
"ROXHz2pojwJ","2026-09-12 23:47:53.305","2026-09-12 23:47:53.305","ROXHz2pojwJ","18014028","[PREMIUM]","[PREMIUM]","[PREMIUM]","106","Section 106","23",2,"['5','6']","2026-05-26 00:00:00","sg_app","exchange",0,"[PREMIUM]","2"
"YgJtk0MbZ6P","2026-09-12 23:47:53.305","2026-09-13 22:08:35.625","YgJtk0MbZ6P","18014028","[PREMIUM]","[PREMIUM]","[PREMIUM]","134","Section 134","8",2,"['16','17']","2026-05-26 00:00:00","sg_app","exchange",0,"[PREMIUM]","2"
"YgJtk0xjK90","2026-09-12 23:47:53.305","2026-09-12 23:47:53.305","YgJtk0xjK90","18014028","[PREMIUM]","[PREMIUM]","[PREMIUM]","143","Section 143","14",2,"['4','5']","2026-08-04 00:00:00","sg_app","exchange",0,"[PREMIUM]","2"
"agktlM6L9YN","2026-09-12 23:47:53.305","2026-09-25 23:15:24.841","agktlM6L9YN","18014028","[PREMIUM]","[PREMIUM]","[PREMIUM]","248","Section 248","1",2,"['5','6']","2026-05-26 00:00:00","seatgeek_app","exchange",0,"[PREMIUM]","2"
"b4wUaoBzmj7","2026-09-12 23:47:53.305","2026-09-25 23:15:24.841","b4wUaoBzmj7","18014028","[PREMIUM]","[PREMIUM]","[PREMIUM]","142","Section 142","8",2,"['17','18']","2026-07-20 00:00:00","seatgeek_app","exchange",0,"[PREMIUM]","2"
"oV7Hb6rrBpa","2026-09-12 23:47:53.305","2026-09-25 23:15:24.841","oV7Hb6rrBpa","18014028","[PREMIUM]","[PREMIUM]","[PREMIUM]","148","Section 148","5",2,"['19','20']","2026-12-11 00:00:00","seatgeek_app","exchange",1,"[PREMIUM]","2"
"oV7Hb6v8L6N","2026-09-12 23:47:53.305","2026-09-25 23:15:24.841","oV7Hb6v8L6N","18014028","[PREMIUM]","[PREMIUM]","[PREMIUM]","103","Section 103","27",2,"['13','14']","2026-05-26 00:00:00","seatgeek_app","exchange",0,"[PREMIUM]","2"
"rVOHkpmmBOm","2026-09-12 23:47:53.305","2026-09-25 23:15:24.841","rVOHkpmmBOm","18014028","[PREMIUM]","[PREMIUM]","[PREMIUM]","143","Section 143","5",2,"['25','26']","2026-12-11 00:00:00","seatgeek_app","exchange",1,"[PREMIUM]","2"
"w3Jse8ZZmJN","2026-09-12 23:47:53.305","2026-09-25 23:15:24.841","w3Jse8ZZmJN","18014028","[PREMIUM]","[PREMIUM]","[PREMIUM]","142","Section 142","16",2,"['15','16']","2026-12-11 00:00:00","seatgeek_app","exchange",1,"[PREMIUM]","2"
"w3Jse8ZZm0Y","2026-09-12 23:47:53.305","2026-09-25 23:15:24.841","w3Jse8ZZm0Y","18014028","[PREMIUM]","[PREMIUM]","[PREMIUM]","143","Section 143","4",4,"['11','12','13','14']","2026-12-11 00:00:00","seatgeek_app","exchange",1,"[PREMIUM]","2,4"
"xb9imln3VMe","2026-09-12 23:47:53.305","2026-09-25 23:15:24.841","xb9imln3VMe","18014028","[PREMIUM]","[PREMIUM]","[PREMIUM]","117","Section 117","10",2,"['17','18']","2026-05-26 00:00:00","seatgeek_app","exchange",0,"[PREMIUM]","2"
"MAeIP35l276","2026-09-12 23:47:47.693","2026-09-13 22:08:23.378","MAeIP35l276","18016486","[PREMIUM]","[PREMIUM]","[PREMIUM]","206","Section 206","15",4,"['5','6','7','8']","2026-09-11 00:00:00","sg_app","exchange",0,"[PREMIUM]","1,2,4"
"Zm9hvJKvLbK","2026-09-12 23:47:47.693","2026-09-25 23:15:18.830","Zm9hvJKvLbK","18016486","[PREMIUM]","[PREMIUM]","[PREMIUM]","121","Section 121","26",4,"['11','12','13','14']","2026-12-12 00:00:00","seatgeek_app","exchange",2,"[PREMIUM]","1,2,4"
"dNgUgpXpm2D","2026-09-12 23:47:47.693","2026-09-25 23:15:18.830","dNgUgpXpm2D","18016486","[PREMIUM]","[PREMIUM]","[PREMIUM]","225","Section 225","14",2,"['1','2']","2026-12-12 00:00:00","seatgeek_app","exchange",0,"[PREMIUM]","2"
"eeacK8aj4v4","2026-09-12 23:47:47.693","2026-09-22 11:03:55.639","eeacK8aj4v4","18016486","[PREMIUM]","[PREMIUM]","[PREMIUM]","126","Section 126","33",2,"['11','12']","2026-12-12 00:00:00","sg_app","exchange",0,"[PREMIUM]","2"
"g4jrqdy","2026-09-12 23:47:47.693","2026-09-25 23:15:18.830","g4jrqdy","18016486","[PREMIUM]","[PREMIUM]","[PREMIUM]","209","Section 209","15",1,"['3']",,"seatgeek_app","marketplace",1,"[PREMIUM]","1"
"rVOHkpdkabE","2026-09-12 23:47:47.693","2026-09-25 23:15:18.830","rVOHkpdkabE","18016486","[PREMIUM]","[PREMIUM]","[PREMIUM]","C6","Section C 6","1",2,"['16','17']","2026-12-10 00:00:00","seatgeek_app","exchange",0,"[PREMIUM]","2"
"v6xnr7q","2026-09-12 23:47:47.693","2026-09-25 23:15:18.830","v6xnr7q","18016486","[PREMIUM]","[PREMIUM]","[PREMIUM]","207","Section 207","15",1,"['15']",,"seatgeek_app","marketplace",0,"[PREMIUM]","1"
"7KntAgDmD6A","2026-09-12 23:47:38.064","2026-09-25 23:15:16.719","7KntAgDmD6A","18014006","[PREMIUM]","[PREMIUM]","[PREMIUM]","121","Section 121","21",6,"['5','6','7','8','9','10']","2026-12-13 00:00:00","seatgeek_app","exchange",4,"[PREMIUM]","1,2,3,4,6"
"NrqUv6M6NDw","2026-09-12 23:47:38.064","2026-09-12 23:47:38.064","NrqUv6M6NDw","18014006","[PREMIUM]","[PREMIUM]","[PREMIUM]","106","Section 106","16",2,"['1','2']","2026-12-12 00:00:00","sg_app","exchange",0,"[PREMIUM]","2"
"dNgUgpX0jxO","2026-09-12 23:47:38.064","2026-09-25 23:15:16.719","dNgUgpX0jxO","18014006","[PREMIUM]","[PREMIUM]","[PREMIUM]","115","Section 115","24",8,"['17','18','19','20','21','22','23','24']","2026-12-13 00:00:00","seatgeek_app","exchange",4,"[PREMIUM]","1,2,3,4,5,6,8"
"kYet9mn0e4p","2026-09-12 23:47:38.064","2026-09-25 23:15:16.719","kYet9mn0e4p","18014006","[PREMIUM]","[PREMIUM]","[PREMIUM]","115","Section 115","25",4,"['21','22','23','24']","2026-12-13 00:00:00","seatgeek_app","exchange",2,"[PREMIUM]","1,2,4"
"mxAs4xmxqGM","2026-09-12 23:47:38.064","2026-09-12 23:47:38.064","mxAs4xmxqGM","18014006","[PREMIUM]","[PREMIUM]","[PREMIUM]","106","Section 106","12",4,"['19','20','21','22']","2026-12-12 00:00:00","sg_app","exchange",1,"[PREMIUM]","2,4"
"5EjuZwALEnk","2026-09-12 23:47:34.421","2026-09-16 08:35:46.843","5EjuZwALEnk","18013968","[PREMIUM]","[PREMIUM]","[PREMIUM]","306","Section 306","9",2,"['5','6']","2026-12-09 00:00:00","sg_app","exchange",0,"[PREMIUM]","2"
"NrqUv4ANed7","2026-09-12 23:47:34.421","2026-09-25 23:15:03.838","NrqUv4ANed7","18013968","[PREMIUM]","[PREMIUM]","[PREMIUM]","108","Section 108","36",8,"['13','14','15','16','17','18','19','20']","2026-12-09 00:00:00","seatgeek_app","exchange",4,"[PREMIUM]","1,2,3,4,5,6,8"
"kYet9mndaaM","2026-09-12 23:47:34.421","2026-09-25 23:15:03.838","kYet9mndaaM","18013968","[PREMIUM]","[PREMIUM]","[PREMIUM]","333","Section 333","21",6,"['19','20','21','22','23','24']","2026-12-09 00:00:00","seatgeek_app","exchange",2,"[PREMIUM]","2,4,6"
"qVjH2VkalzM","2026-09-12 23:47:34.421","2026-09-25 23:15:03.838","qVjH2VkalzM","18013968","[PREMIUM]","[PREMIUM]","[PREMIUM]","131","Section 131","12",8,"['1','2','3','4','5','6','7','8']","2026-12-09 00:00:00","seatgeek_app","exchange",2,"[PREMIUM]","1,2,3,4,5,6,8"
"YgJtk0MABZ4","2026-09-12 23:47:30.794","2026-09-22 11:03:23.965","YgJtk0MABZ4","18014052","[PREMIUM]","[PREMIUM]","[PREMIUM]","112","Section 112","aa",3,"['5','6','7']","2026-09-11 00:00:00","sg_app","exchange",2,"[PREMIUM]","1,3"
"rVOHkpd2zqN","2026-09-12 23:47:30.794","2026-09-13 18:04:11.559","rVOHkpd2zqN","18014052","[PREMIUM]","[PREMIUM]","[PREMIUM]","537","Section 537","gg",2,"['3','4']","2026-09-12 00:00:00","sg_app","exchange",0,"[PREMIUM]","2"
"z3Es6vzVJO3","2026-09-12 23:47:30.794","2026-09-14 14:49:58.469","z3Es6vzVJO3","18014052","[PREMIUM]","[PREMIUM]","[PREMIUM]","128","Section 128","t",2,"['19','20']","2026-12-05 00:00:00","sg_app","exchange",0,"[PREMIUM]","2"
"pVXHD7eVDkB","2026-09-12 23:47:30.390","2026-09-25 23:14:56.277","pVXHD7eVDkB","18013956","[PREMIUM]","[PREMIUM]","[PREMIUM]","131","Section 131","30",2,"['17','18']","2026-12-05 00:00:00","seatgeek_app","exchange",4,"[PREMIUM]","2"
"vb3iPw6xnnA","2026-09-12 23:47:30.390","2026-09-20 11:05:08.862","vb3iPw6xnnA","18013956","[PREMIUM]","[PREMIUM]","[PREMIUM]","330","Section 330","25",9,"['18','19','20','21','22','23','24','25','26']","2026-12-05 00:00:00","sg_app","exchange",2,"[PREMIUM]","1,2,3,4,5,6,7,9"
"05VT8lLbJ3b","2026-09-12 23:47:25.070","2026-09-20 11:07:06.157","05VT8lLbJ3b","18016587","[PREMIUM]","[PREMIUM]","[PREMIUM]","C1","Section C 1","15",3,"['15','16','17']","2026-08-21 00:00:00","sg_app","exchange",2,"[PREMIUM]","1,3"
"2v0czqPGb9l","2026-09-12 23:47:25.070","2026-09-20 11:07:06.157","2v0czqPGb9l","18016587","[PREMIUM]","[PREMIUM]","[PREMIUM]","113","Section 113","18",4,"['1','2','3','4']","2026-08-21 00:00:00","sg_app","exchange",1,"[PREMIUM]","1,2,4"
"2v0czqPGbed","2026-09-12 23:47:25.070","2026-09-20 11:07:06.157","2v0czqPGbed","18016587","[PREMIUM]","[PREMIUM]","[PREMIUM]","105","Section 105","24",2,"['14','15']","2026-08-21 00:00:00","sg_app","exchange",1,"[PREMIUM]","2"
"3q7fNL0blzD","2026-09-12 23:47:25.070","2026-09-20 11:07:06.157","3q7fNL0blzD","18016587","[PREMIUM]","[PREMIUM]","[PREMIUM]","301","Section 301","d",2,"['11','12']","2026-08-21 00:00:00","sg_app","exchange",1,"[PREMIUM]","2"
"4vXcjR7bkEL","2026-09-12 23:47:25.070","2026-09-20 11:07:06.157","4vXcjR7bkEL","18016587","[PREMIUM]","[PREMIUM]","[PREMIUM]","V5","Section V 5","32",5,"['7','8','9','10','11']","2026-08-21 00:00:00","sg_app","exchange",5,"[PREMIUM]","1,2,3,5"
"4vXcjR7bkxL","2026-09-12 23:47:25.070","2026-09-20 11:07:06.157","4vXcjR7bkxL","18016587","[PREMIUM]","[PREMIUM]","[PREMIUM]","124","Section 124","34",8,"['38','39','40','41','42','43','44','45']","2026-08-21 00:00:00","sg_app","exchange",2,"[PREMIUM]","1,2,3,4,5,6,8"
"6mOhkoZbwML","2026-09-12 23:47:25.070","2026-09-20 11:07:06.157","6mOhkoZbwML","18016587","[PREMIUM]","[PREMIUM]","[PREMIUM]","101","Section 101","26",5,"['26','27','28','29','30']","2026-08-21 00:00:00","sg_app","exchange",1,"[PREMIUM]","1,2,3,5"
"6mOhkoZbp5G","2026-09-12 23:47:25.070","2026-09-20 11:07:06.157","6mOhkoZbp5G","18016587","[PREMIUM]","[PREMIUM]","[PREMIUM]","C7","Section C 7","15",2,"['25','26']","2026-08-21 00:00:00","sg_app","exchange",0,"[PREMIUM]","2"
"6mOhkoZbp6B","2026-09-12 23:47:25.070","2026-09-20 11:07:06.157","6mOhkoZbp6B","18016587","[PREMIUM]","[PREMIUM]","[PREMIUM]","311","Section 311","14",1,"['23']","2026-08-21 00:00:00","sg_app","exchange",0,"[PREMIUM]","1"
"8lKt6azbVdL","2026-09-12 23:47:25.070","2026-09-20 11:07:06.157","8lKt6azbVdL","18016587","[PREMIUM]","[PREMIUM]","[PREMIUM]","240","Section 240","15",2,"['18','19']","2026-08-21 00:00:00","sg_app","exchange",1,"[PREMIUM]","2"
"9P2c5MrGK9r","2026-09-12 23:47:25.070","2026-09-19 11:08:58.058","9P2c5MrGK9r","18016587","[PREMIUM]","[PREMIUM]","[PREMIUM]","103","Section 103","38",2,"['45','46']","2026-08-21 00:00:00","sg_app","exchange",0,"[PREMIUM]","2"
"9P2c5MrGedX","2026-09-12 23:47:25.070","2026-09-20 11:07:06.157","9P2c5MrGedX","18016587","[PREMIUM]","[PREMIUM]","[PREMIUM]","310","Section 310","25",4,"['3','4','5','6']","2026-08-21 00:00:00","sg_app","exchange",0,"[PREMIUM]","1,2,4"
"9P2c5MrGekm","2026-09-12 23:47:25.070","2026-09-20 11:07:06.157","9P2c5MrGekm","18016587","[PREMIUM]","[PREMIUM]","[PREMIUM]","143","Section 143","15",4,"['11','12','13','14']","2026-08-21 00:00:00","sg_app","exchange",0,"[PREMIUM]","1,2,4"
"9P2c5MrGenX","2026-09-12 23:47:25.070","2026-09-20 11:07:06.157","9P2c5MrGenX","18016587","[PREMIUM]","[PREMIUM]","[PREMIUM]","304","Section 304","d",4,"['12','13','14','15']","2026-08-21 00:00:00","sg_app","exchange",2,"[PREMIUM]","1,2,4"
"BALImM27aq8","2026-09-12 23:47:25.070","2026-09-20 11:07:06.157","BALImM27aq8","18016587","[PREMIUM]","[PREMIUM]","[PREMIUM]","V1","Section V 1","19",4,"['6','7','8','9']","2026-08-21 00:00:00","sg_app","exchange",1,"[PREMIUM]","1,2,4"
"BALImM27a3K","2026-09-12 23:47:25.070","2026-09-20 11:07:06.157","BALImM27a3K","18016587","[PREMIUM]","[PREMIUM]","[PREMIUM]","317","Section 317","5",4,"['14','15','16','17']","2026-08-21 00:00:00","sg_app","exchange",0,"[PREMIUM]","1,2,4"
"EroUXgdOVx7","2026-09-12 23:47:25.070","2026-09-14 22:33:14.588","EroUXgdOVx7","18016587","[PREMIUM]","[PREMIUM]","[PREMIUM]","124","Section 124","28",2,"['41','42']","2026-08-21 00:00:00","sg_app","exchange",0,"[PREMIUM]","2"
"EroUXgdOV0O","2026-09-12 23:47:25.070","2026-09-13 22:08:08.724","EroUXgdOV0O","18016587","[PREMIUM]","[PREMIUM]","[PREMIUM]","313","Section 313","11",2,"['13','14']","2026-08-21 00:00:00","sg_app","exchange",0,"[PREMIUM]","2"
"EroUXgdOoel","2026-09-12 23:47:25.070","2026-09-20 11:07:06.157","EroUXgdOoel","18016587","[PREMIUM]","[PREMIUM]","[PREMIUM]","105","Section 105","16",2,"['7','8']","2026-08-21 00:00:00","sg_app","exchange",1,"[PREMIUM]","2"
"GAaI603KgxA","2026-09-12 23:47:25.070","2026-09-20 11:07:06.157","GAaI603KgxA","18016587","[PREMIUM]","[PREMIUM]","[PREMIUM]","114","Section 114","39",2,"['10','11']","2026-08-21 00:00:00","sg_app","exchange",0,"[PREMIUM]","2"
"JABI3E2JNe6","2026-09-12 23:47:25.070","2026-09-20 11:07:06.157","JABI3E2JNe6","18016587","[PREMIUM]","[PREMIUM]","[PREMIUM]","105","Section 105","8",2,"['7','8']","2026-08-21 00:00:00","sg_app","exchange",0,"[PREMIUM]","2"
"JABI3E2J6Re","2026-09-12 23:47:25.070","2026-09-20 11:07:06.157","JABI3E2J6Re","18016587","[PREMIUM]","[PREMIUM]","[PREMIUM]","315","Section 315","15",2,"['25','26']","2026-08-21 00:00:00","sg_app","exchange",0,"[PREMIUM]","2"
"JABI3E2J6NZ","2026-09-12 23:47:25.070","2026-09-20 11:07:06.157","JABI3E2J6NZ","18016587","[PREMIUM]","[PREMIUM]","[PREMIUM]","112","Section 112","23",2,"['13','14']","2026-08-21 00:00:00","sg_app","exchange",1,"[PREMIUM]","2"
"KezczqG9Je5","2026-09-12 23:47:25.070","2026-09-20 11:07:06.157","KezczqG9Je5","18016587","[PREMIUM]","[PREMIUM]","[PREMIUM]","340","Section 340","11",3,"['5','6','7']","2026-08-21 00:00:00","sg_app","exchange",0,"[PREMIUM]","1,3"
"KezczqG9JA5","2026-09-12 23:47:25.070","2026-09-20 11:07:06.157","KezczqG9JA5","18016587","[PREMIUM]","[PREMIUM]","[PREMIUM]","114","Section 114","33",4,"['32','33','34','35']","2026-08-21 00:00:00","sg_app","exchange",1,"[PREMIUM]","1,2,4"
"LbviL8w64K4","2026-09-12 23:47:25.070","2026-09-20 11:07:06.157","LbviL8w64K4","18016587","[PREMIUM]","[PREMIUM]","[PREMIUM]","V1","Section V 1","34",5,"['5','6','7','8','9']","2026-08-21 00:00:00","sg_app","exchange",5,"[PREMIUM]","1,2,3,5"
"MAeIP35EMgZ","2026-09-12 23:47:25.070","2026-09-20 11:07:06.157","MAeIP35EMgZ","18016587","[PREMIUM]","[PREMIUM]","[PREMIUM]","C5","Section C 5","7",3,"['13','14','15']","2026-08-21 00:00:00","sg_app","exchange",0,"[PREMIUM]","1,3"
"MAeIP35EM2b","2026-09-12 23:47:25.070","2026-09-20 11:07:06.157","MAeIP35EM2b","18016587","[PREMIUM]","[PREMIUM]","[PREMIUM]","337","Section 337","8",2,"['9','10']","2026-08-21 00:00:00","sg_app","exchange",0,"[PREMIUM]","2"
"NrqUv6Ml8GR","2026-09-12 23:47:25.070","2026-09-20 11:07:06.157","NrqUv6Ml8GR","18016587","[PREMIUM]","[PREMIUM]","[PREMIUM]","112","Section 112","33",2,"['3','4']","2026-08-21 00:00:00","sg_app","exchange",2,"[PREMIUM]","2"
"NrqUv6Ml8V9","2026-09-12 23:47:25.070","2026-09-20 11:07:06.157","NrqUv6Ml8V9","18016587","[PREMIUM]","[PREMIUM]","[PREMIUM]","316","Section 316","4",4,"['3','4','5','6']","2026-08-21 00:00:00","sg_app","exchange",0,"[PREMIUM]","1,2,4"
"NrqUv6Ml8YO","2026-09-12 23:47:25.070","2026-09-20 11:07:06.157","NrqUv6Ml8YO","18016587","[PREMIUM]","[PREMIUM]","[PREMIUM]","V1","Section V 1","33",5,"['1','2','3','4','5']","2026-08-21 00:00:00","sg_app","exchange",4,"[PREMIUM]","1,2,3,5"
"NrqUv6Ml8xl","2026-09-12 23:47:25.070","2026-09-20 11:07:06.157","NrqUv6Ml8xl","18016587","[PREMIUM]","[PREMIUM]","[PREMIUM]","112","Section 112","28",3,"['21','22','23']","2026-08-21 00:00:00","sg_app","exchange",1,"[PREMIUM]","1,3"
"O7AhwKR49JP","2026-09-12 23:47:25.070","2026-09-20 11:07:06.157","O7AhwKR49JP","18016587","[PREMIUM]","[PREMIUM]","[PREMIUM]","112","Section 112","35w",2,"['1','2']","2026-08-21 00:00:00","sg_app","exchange",1,"[PREMIUM]","2"
"O7AhwKR49Y0","2026-09-12 23:47:25.070","2026-09-20 11:07:06.157","O7AhwKR49Y0","18016587","[PREMIUM]","[PREMIUM]","[PREMIUM]","105","Section 105","20",2,"['11','12']","2026-08-21 00:00:00","sg_app","exchange",1,"[PREMIUM]","2"
"O7AhwKR49Z8","2026-09-12 23:47:25.070","2026-09-20 11:07:06.157","O7AhwKR49Z8","18016587","[PREMIUM]","[PREMIUM]","[PREMIUM]","V4","Section V 4","33",4,"['7','8','9','10']","2026-08-21 00:00:00","sg_app","exchange",2,"[PREMIUM]","1,2,4"
