"_primaryKey","_firstSeenAt","_lastSeenAt","listingId","eventId","price","priceWithFees","fee","section","sectionFull","row","quantity","seats","inHandDate","deliveryType","marketplace","dealBucket","dealScore","splitType"
"2v0czqEzKMN","2026-08-23 23:59:47.434","2026-09-05 00:27:57.898","2v0czqEzKMN","18378153","[PREMIUM]","[PREMIUM]","[PREMIUM]","102","Section 102","l",6,"[]","2027-03-05 00:00:00","electronic","exchange",0,"[PREMIUM]","1,2,3,4,6"
"3q7fNLPqe2r","2026-08-23 23:59:47.434","2026-09-05 00:27:57.898","3q7fNLPqe2r","18378153","[PREMIUM]","[PREMIUM]","[PREMIUM]","330","Section 330","r",4,"[]","2027-03-05 00:00:00","electronic","exchange",0,"[PREMIUM]","2,4"
"5EjuZw9jbl9","2026-08-23 23:59:47.434","2026-08-28 01:45:59.805","5EjuZw9jbl9","18378153","[PREMIUM]","[PREMIUM]","[PREMIUM]","102","Section 102","j",5,"[]","2027-03-05 00:00:00","electronic","exchange",0,"[PREMIUM]","1,2,3,5"
"5EjuZw9ZM0O","2026-08-23 23:59:47.434","2026-09-05 00:27:57.898","5EjuZw9ZM0O","18378153","[PREMIUM]","[PREMIUM]","[PREMIUM]","120","Section 120","j",3,"[]","2027-03-05 00:00:00","electronic","exchange",0,"[PREMIUM]","1,3"
"A6rs2KV2XL0","2026-08-23 23:59:47.434","2026-09-05 00:27:57.898","A6rs2KV2XL0","18378153","[PREMIUM]","[PREMIUM]","[PREMIUM]","118","Section 118","p",4,"[]","2027-03-05 00:00:00","electronic","exchange",0,"[PREMIUM]","2,4"
"DdwHkMJkd0l","2026-08-23 23:59:47.434","2026-09-05 00:27:57.898","DdwHkMJkd0l","18378153","[PREMIUM]","[PREMIUM]","[PREMIUM]","118","Section 118","k",4,"[]","2027-03-05 00:00:00","electronic","exchange",0,"[PREMIUM]","2,4"
"EroUXgBlJJM","2026-08-23 23:59:47.434","2026-09-05 00:27:57.898","EroUXgBlJJM","18378153","[PREMIUM]","[PREMIUM]","[PREMIUM]","331","Section 331","p",3,"[]","2027-03-05 00:00:00","electronic","exchange",1,"[PREMIUM]","1,3"
"JABI3EoEg4l","2026-08-23 23:59:47.434","2026-08-31 23:35:37.016","JABI3EoEg4l","18378153","[PREMIUM]","[PREMIUM]","[PREMIUM]","114","Section 114","kk",2,"[]","2026-09-19 00:00:00","electronic","exchange",0,"[PREMIUM]","1,2"
"JABI3EoXbLn","2026-08-23 23:59:47.434","2026-09-05 00:27:57.898","JABI3EoXbLn","18378153","[PREMIUM]","[PREMIUM]","[PREMIUM]","115","Section 115","ff",2,"[]","2027-03-04 00:00:00","electronic","exchange",1,"[PREMIUM]","2"
"LbviL8aL0LM","2026-08-23 23:59:47.434","2026-08-23 23:59:47.434","LbviL8aL0LM","18378153","[PREMIUM]","[PREMIUM]","[PREMIUM]","101","Section 101","a",4,"[]","2027-03-05 00:00:00","electronic","exchange",1,"[PREMIUM]","2,4"
"NrqUv6KARxd","2026-08-23 23:59:47.434","2026-09-05 00:27:57.898","NrqUv6KARxd","18378153","[PREMIUM]","[PREMIUM]","[PREMIUM]","115","Section 115","ff",4,"[]","2027-03-04 00:00:00","electronic","exchange",1,"[PREMIUM]","2,4"
"PX0sgqbg0ED","2026-08-23 23:59:47.434","2026-09-05 00:27:57.898","PX0sgqbg0ED","18378153","[PREMIUM]","[PREMIUM]","[PREMIUM]","120","Section 120","a",3,"[]","2027-03-05 00:00:00","electronic","exchange",2,"[PREMIUM]","1,3"
"ROXHz2Xzr40","2026-08-23 23:59:47.434","2026-08-31 23:35:37.016","ROXHz2Xzr40","18378153","[PREMIUM]","[PREMIUM]","[PREMIUM]","108","Section 108","j",3,"[]","2027-03-05 00:00:00","electronic","exchange",0,"[PREMIUM]","1,3"
"ROXHz2XzKGx","2026-08-23 23:59:47.434","2026-08-23 23:59:47.434","ROXHz2XzKGx","18378153","[PREMIUM]","[PREMIUM]","[PREMIUM]","101","Section 101","a",2,"[]","2027-03-05 00:00:00","electronic","exchange",1,"[PREMIUM]","2"
"ROXHz2XOrxk","2026-08-23 23:59:47.434","2026-09-05 00:27:57.898","ROXHz2XOrxk","18378153","[PREMIUM]","[PREMIUM]","[PREMIUM]","115","Section 115","cc",4,"[]","2027-03-04 00:00:00","electronic","exchange",0,"[PREMIUM]","2,4"
"V4KU04Kejbw","2026-08-23 23:59:47.434","2026-09-05 00:27:57.898","V4KU04Kejbw","18378153","[PREMIUM]","[PREMIUM]","[PREMIUM]","103","Section 103","a",5,"[]","2027-03-05 00:00:00","electronic","exchange",1,"[PREMIUM]","1,2,3,5"
"YgJtk0JDBxb","2026-08-23 23:59:47.434","2026-09-05 00:27:57.898","YgJtk0JDBxb","18378153","[PREMIUM]","[PREMIUM]","[PREMIUM]","325","Section 325","k",4,"[]","2027-03-05 00:00:00","electronic","exchange",1,"[PREMIUM]","2,4"
"eeacK8mKMPB","2026-08-23 23:59:47.434","2026-09-05 00:27:57.898","eeacK8mKMPB","18378153","[PREMIUM]","[PREMIUM]","[PREMIUM]","118","Section 118","h",3,"[]","2027-03-05 00:00:00","electronic","exchange",0,"[PREMIUM]","1,3"
"g48Ur6dMPAA","2026-08-23 23:59:47.434","2026-09-05 00:27:57.898","g48Ur6dMPAA","18378153","[PREMIUM]","[PREMIUM]","[PREMIUM]","106","Section 106","dd",2,"[]","2027-03-04 00:00:00","electronic","exchange",1,"[PREMIUM]","2"
"g48Ur6dMPpA","2026-08-23 23:59:47.434","2026-09-05 00:27:57.898","g48Ur6dMPpA","18378153","[PREMIUM]","[PREMIUM]","[PREMIUM]","105","Section 105","cc",4,"[]","2027-03-04 00:00:00","electronic","exchange",1,"[PREMIUM]","2,4"
"lxVsdRb9e34","2026-08-23 23:59:47.434","2026-09-05 00:27:57.898","lxVsdRb9e34","18378153","[PREMIUM]","[PREMIUM]","[PREMIUM]","114","Section 114","jj",4,"[]","2027-03-05 00:00:00","electronic","exchange",3,"[PREMIUM]","2,4"
"lxVsdRbdb8b","2026-08-23 23:59:47.434","2026-09-05 00:27:57.898","lxVsdRbdb8b","18378153","[PREMIUM]","[PREMIUM]","[PREMIUM]","101","Section 101","l",8,"[]","2027-03-05 00:00:00","electronic","exchange",2,"[PREMIUM]","1,2,3,4,5,6,8"
"nx0srK84Px4","2026-08-23 23:59:47.434","2026-09-05 00:27:57.898","nx0srK84Px4","18378153","[PREMIUM]","[PREMIUM]","[PREMIUM]","115","Section 115","gg",2,"[]","2027-03-04 00:00:00","electronic","exchange",1,"[PREMIUM]","2"
"oV7Hb6jxB09","2026-08-23 23:59:47.434","2026-09-05 00:27:57.898","oV7Hb6jxB09","18378153","[PREMIUM]","[PREMIUM]","[PREMIUM]","115","Section 115","dd",4,"[]","2027-03-04 00:00:00","electronic","exchange",0,"[PREMIUM]","2,4"
"pVXHD7O4jYV","2026-08-23 23:59:47.434","2026-09-05 00:27:57.898","pVXHD7O4jYV","18378153","[PREMIUM]","[PREMIUM]","[PREMIUM]","310","Section 310","d",2,"[]","2027-03-05 00:00:00","electronic","exchange",0,"[PREMIUM]","2"
"rVOHkpKaGJB","2026-08-23 23:59:47.434","2026-09-05 00:27:57.898","rVOHkpKaGJB","18378153","[PREMIUM]","[PREMIUM]","[PREMIUM]","115","Section 115","dd",3,"[]","2027-03-04 00:00:00","electronic","exchange",0,"[PREMIUM]","1,3"
"rVOHkpKaB0l","2026-08-23 23:59:47.434","2026-09-05 00:27:57.898","rVOHkpKaB0l","18378153","[PREMIUM]","[PREMIUM]","[PREMIUM]","105","Section 105","cc",4,"[]","2027-03-04 00:00:00","electronic","exchange",1,"[PREMIUM]","2,4"
"vb3iPw8gJpE","2026-08-23 23:59:47.434","2026-09-05 00:27:57.898","vb3iPw8gJpE","18378153","[PREMIUM]","[PREMIUM]","[PREMIUM]","103","Section 103","d",4,"[]","2027-03-05 00:00:00","electronic","exchange",1,"[PREMIUM]","2,4"
"w3Jse86xmpd","2026-08-23 23:59:47.434","2026-09-05 00:27:57.898","w3Jse86xmpd","18378153","[PREMIUM]","[PREMIUM]","[PREMIUM]","106","Section 106","hh",2,"[]","2027-03-04 00:00:00","electronic","exchange",1,"[PREMIUM]","2"
"xb9iml8OKEX","2026-08-23 23:59:47.434","2026-09-05 00:27:57.898","xb9iml8OKEX","18378153","[PREMIUM]","[PREMIUM]","[PREMIUM]","116","Section 116","dd",2,"[]","2027-03-04 00:00:00","electronic","exchange",1,"[PREMIUM]","2"
"xb9iml8mpMr","2026-08-23 23:59:47.434","2026-09-05 00:27:57.898","xb9iml8mpMr","18378153","[PREMIUM]","[PREMIUM]","[PREMIUM]","108","Section 108","g",4,"[]","2027-03-05 00:00:00","electronic","exchange",0,"[PREMIUM]","2,4"
"2v0czqE7KgM","2026-08-23 23:59:36.023","2026-08-25 00:33:20.970","2v0czqE7KgM","18377496","[PREMIUM]","[PREMIUM]","[PREMIUM]","120","Section 120","7",2,"[]","2027-03-10 00:00:00","electronic","exchange",1,"[PREMIUM]","1,2"
"3q7fNLv2xax","2026-08-23 23:59:36.023","2026-08-23 23:59:36.023","3q7fNLv2xax","18377496","[PREMIUM]","[PREMIUM]","[PREMIUM]","327","Section 327","7",4,"[]","2027-03-09 00:00:00","electronic","exchange",0,"[PREMIUM]","4"
"4vXcjRGxdJY","2026-08-23 23:59:36.023","2026-08-23 23:59:36.023","4vXcjRGxdJY","18377496","[PREMIUM]","[PREMIUM]","[PREMIUM]","315","Section 315","9",4,"[]","2027-03-09 00:00:00","electronic","exchange",1,"[PREMIUM]","4"
"9P2c5MRA3m0","2026-08-23 23:59:36.023","2026-09-05 00:33:51.388","9P2c5MRA3m0","18377496","[PREMIUM]","[PREMIUM]","[PREMIUM]","120","Section 120","1",1,"[]","2027-03-09 00:00:00","electronic","exchange",3,"[PREMIUM]","1"
"DdwHkMdeNKw","2026-08-23 23:59:36.023","2026-09-05 00:33:51.388","DdwHkMdeNKw","18377496","[PREMIUM]","[PREMIUM]","[PREMIUM]","119","Section 119","9",2,"[]","2027-03-09 00:00:00","electronic","exchange",2,"[PREMIUM]","2"
"LbviL8a7Xok","2026-08-23 23:59:36.023","2026-09-02 00:19:16.821","LbviL8a7Xok","18377496","[PREMIUM]","[PREMIUM]","[PREMIUM]","120","Section 120","6",2,"[]","2027-03-10 00:00:00","electronic","exchange",0,"[PREMIUM]","2"
"MAeIP3DlJn5","2026-08-23 23:59:36.023","2026-08-28 01:48:24.137","MAeIP3DlJn5","18377496","[PREMIUM]","[PREMIUM]","[PREMIUM]","104","Section 104","15",4,"[]","2027-03-10 00:00:00","electronic","exchange",4,"[PREMIUM]","2,4"
"V4KU049xnkj","2026-08-23 23:59:36.023","2026-09-05 00:33:51.388","V4KU049xnkj","18377496","[PREMIUM]","[PREMIUM]","[PREMIUM]","117","Section 117","4",1,"[]","2027-03-10 00:00:00","electronic","exchange",1,"[PREMIUM]","1"
"eeacK8mxwMw","2026-08-23 23:59:36.023","2026-09-02 00:19:16.821","eeacK8mxwMw","18377496","[PREMIUM]","[PREMIUM]","[PREMIUM]","120","Section 120","7",2,"[]","2027-03-10 00:00:00","electronic","exchange",1,"[PREMIUM]","1,2"
"qVjH2mvq5BV","2026-08-23 23:59:36.023","2026-09-05 00:33:51.388","qVjH2mvq5BV","18377496","[PREMIUM]","[PREMIUM]","[PREMIUM]","112","Section 112","3",1,"[]","2027-03-10 00:00:00","electronic","exchange",0,"[PREMIUM]","1"
"vb3iPw8bznL","2026-08-23 23:59:36.023","2026-09-05 00:33:51.388","vb3iPw8bznL","18377496","[PREMIUM]","[PREMIUM]","[PREMIUM]","113","Section 113","2",1,"[]","2027-03-10 00:00:00","electronic","exchange",0,"[PREMIUM]","1"
"w3Jse86g9Gb","2026-08-23 23:59:36.023","2026-09-03 00:38:53.129","w3Jse86g9Gb","18377496","[PREMIUM]","[PREMIUM]","[PREMIUM]","323","Section 323","8",4,"[]","2027-03-10 00:00:00","electronic","exchange",4,"[PREMIUM]","1,2,3,4"
"xb9iml8ZNG8","2026-08-23 23:59:36.023","2026-08-31 00:43:51.326","xb9iml8ZNG8","18377496","[PREMIUM]","[PREMIUM]","[PREMIUM]","117","Section 117","8",3,"[]","2027-03-10 00:00:00","electronic","exchange",1,"[PREMIUM]","1,2,3"
"Zm9hvJ9zxPo","2026-08-23 23:59:32.503","2026-08-31 23:38:59.450","Zm9hvJ9zxPo","18378805","[PREMIUM]","[PREMIUM]","[PREMIUM]","205","Section 205","e",2,"[]","2027-03-10 00:00:00","electronic","exchange",0,"[PREMIUM]","2"
"lxVsdRGVop9","2026-08-23 23:59:32.503","2026-08-23 23:59:32.503","lxVsdRGVop9","18378805","[PREMIUM]","[PREMIUM]","[PREMIUM]","226","Section 226","c",2,"[]","2027-03-10 00:00:00","electronic","exchange",0,"[PREMIUM]","2"
"lxVsdRbVooM","2026-08-23 23:59:32.503","2026-09-05 00:33:45.899","lxVsdRbVooM","18378805","[PREMIUM]","[PREMIUM]","[PREMIUM]","205","Section 205","g",6,"[]","2027-03-10 00:00:00","electronic","exchange",1,"[PREMIUM]","1,3,5,6"
"2v0czqE7JlG","2026-08-23 23:59:29.126","2026-09-05 00:35:15.379","2v0czqE7JlG","18377173","[PREMIUM]","[PREMIUM]","[PREMIUM]","201","Section 201","2",4,"[]","2027-03-10 00:00:00","electronic","exchange",1,"[PREMIUM]","2,4"
"7KntAgxDkq3","2026-08-23 23:59:29.126","2026-08-23 23:59:29.126","7KntAgxDkq3","18377173","[PREMIUM]","[PREMIUM]","[PREMIUM]","107","Section 107","1",4,"[]","2027-03-10 00:00:00","electronic","exchange",1,"[PREMIUM]","2,4"
"JABI3Eobk38","2026-08-23 23:59:29.126","2026-09-05 00:35:15.379","JABI3Eobk38","18377173","[PREMIUM]","[PREMIUM]","[PREMIUM]","208","Section 208","3",4,"[]","2027-03-10 00:00:00","electronic","exchange",0,"[PREMIUM]","2,4"
"jDvszkPkoXj","2026-08-23 23:59:29.126","2026-09-05 00:35:15.379","jDvszkPkoXj","18377173","[PREMIUM]","[PREMIUM]","[PREMIUM]","107","Section 107","1",4,"['1','2','3','4']","2027-03-10 00:00:00","electronic","exchange",0,"[PREMIUM]","1,2,4"
"jDvszkPgrna","2026-08-23 23:59:29.126","2026-09-05 00:35:15.379","jDvszkPgrna","18377173","[PREMIUM]","[PREMIUM]","[PREMIUM]","233","Section 233","2",3,"[]","2027-03-10 00:00:00","electronic","exchange",1,"[PREMIUM]","1,3"
"A6rs2KXLpYw","2026-08-23 23:59:19.892","2026-08-28 01:47:36.516","A6rs2KXLpYw","18376840","[PREMIUM]","[PREMIUM]","[PREMIUM]","304","Section 304","1",2,"['17','18']","2027-03-08 00:00:00","electronic","exchange",0,"[PREMIUM]","2"
"PX0sgqOZdrj","2026-08-23 23:59:19.892","2026-08-28 01:47:36.516","PX0sgqOZdrj","18376840","[PREMIUM]","[PREMIUM]","[PREMIUM]","324","Section 324","1",2,"['11','12']","2027-03-08 00:00:00","electronic","exchange",0,"[PREMIUM]","2"
"2v0czqERlpR","2026-08-23 23:59:11.603","2026-09-05 00:33:27.596","2v0czqERlpR","18377255","[PREMIUM]","[PREMIUM]","[PREMIUM]","221","Section 221","7",3,"[]","2027-03-09 00:00:00","electronic","exchange",1,"[PREMIUM]","1,2,3"
"3q7fNLP7vpb","2026-08-23 23:59:11.603","2026-08-28 01:47:59.091","3q7fNLP7vpb","18377255","[PREMIUM]","[PREMIUM]","[PREMIUM]","313","Section 313","17",2,"[]","2027-03-09 00:00:00","electronic","exchange",0,"[PREMIUM]","2"
"5EjuZw99n80","2026-08-23 23:59:11.603","2026-08-27 01:13:03.734","5EjuZw99n80","18377255","[PREMIUM]","[PREMIUM]","[PREMIUM]","308","Section 308","1",2,"[]","2027-03-09 00:00:00","electronic","exchange",0,"[PREMIUM]","2"
"A6rs2KVx6EV","2026-08-23 23:59:11.603","2026-08-23 23:59:11.603","A6rs2KVx6EV","18377255","[PREMIUM]","[PREMIUM]","[PREMIUM]","313","Section 313","5",2,"[]","2027-03-09 00:00:00","electronic","exchange",2,"[PREMIUM]","1,2"
"EroUXgBgLYo","2026-08-23 23:59:11.603","2026-09-02 00:19:03.841","EroUXgBgLYo","18377255","[PREMIUM]","[PREMIUM]","[PREMIUM]","107","Section 107","10",2,"[]","2027-03-09 00:00:00","electronic","exchange",5,"[PREMIUM]","2"
"NrqUv6Xng26","2026-08-23 23:59:11.603","2026-08-28 01:47:59.091","NrqUv6Xng26","18377255","[PREMIUM]","[PREMIUM]","[PREMIUM]","322","Section 322","9",2,"['15','16']","2027-03-09 00:00:00","electronic","exchange",1,"[PREMIUM]","2"
"O7AhwKqpLeX","2026-08-23 23:59:11.603","2026-09-02 00:19:03.841","O7AhwKqpLeX","18377255","[PREMIUM]","[PREMIUM]","[PREMIUM]","221","Section 221","8",2,"[]","2027-03-09 00:00:00","electronic","exchange",2,"[PREMIUM]","2"
"dNgUgp7DqLB","2026-08-23 23:59:11.603","2026-08-28 01:47:59.091","dNgUgp7DqLB","18377255","[PREMIUM]","[PREMIUM]","[PREMIUM]","313","Section 313","17",2,"[]","2027-03-09 00:00:00","electronic","exchange",1,"[PREMIUM]","2"
"eeacK8BwR9L","2026-08-23 23:59:11.603","2026-08-28 01:47:59.091","eeacK8BwR9L","18377255","[PREMIUM]","[PREMIUM]","[PREMIUM]","331","Section 331","10",2,"['1','2']","2027-03-09 00:00:00","electronic","exchange",0,"[PREMIUM]","2"
"g48Ur6PqLdp","2026-08-23 23:59:11.603","2026-09-05 00:33:27.596","g48Ur6PqLdp","18377255","[PREMIUM]","[PREMIUM]","[PREMIUM]","202","Section 202","6",4,"[]","2027-03-08 00:00:00","electronic","exchange",0,"[PREMIUM]","4"
"nx0srK8zbVR","2026-08-23 23:59:11.603","2026-09-02 00:19:03.841","nx0srK8zbVR","18377255","[PREMIUM]","[PREMIUM]","[PREMIUM]","221","Section 221","7",5,"[]","2027-03-09 00:00:00","electronic","exchange",2,"[PREMIUM]","1,2,3,4,5"
"xb9iml8zq3M","2026-08-23 23:59:11.603","2026-08-25 00:30:50.692","xb9iml8zq3M","18377255","[PREMIUM]","[PREMIUM]","[PREMIUM]","330","Section 330","7",8,"[]","2027-03-09 00:00:00","electronic","exchange",3,"[PREMIUM]","1,2,3,4,5,6,7,8"
"4vXcjRMqw2b","2026-08-23 23:59:06.907","2026-08-23 23:59:06.907","4vXcjRMqw2b","18378800","[PREMIUM]","[PREMIUM]","[PREMIUM]","226","Section 226","c",2,"[]","2027-03-08 00:00:00","electronic","exchange",0,"[PREMIUM]","2"
"7KntAgoRk9j","2026-08-23 23:59:06.907","2026-09-05 00:33:22.913","7KntAgoRk9j","18378800","[PREMIUM]","[PREMIUM]","[PREMIUM]","205","Section 205","f",6,"[]","2027-03-08 00:00:00","electronic","exchange",1,"[PREMIUM]","1,3,5,6"
"eeacK8mGnXl","2026-08-23 23:59:06.907","2026-08-31 23:38:43.563","eeacK8mGnXl","18378800","[PREMIUM]","[PREMIUM]","[PREMIUM]","205","Section 205","e",2,"[]","2027-03-08 00:00:00","electronic","exchange",0,"[PREMIUM]","2"
"jDvszkP8K2q","2026-08-23 23:59:06.907","2026-08-23 23:59:06.907","jDvszkP8K2q","18378800","[PREMIUM]","[PREMIUM]","[PREMIUM]","1","Section 1","f",2,"[]","2027-03-08 00:00:00","electronic","exchange",0,"[PREMIUM]","2"
"5EjuZwMRPJw","2026-08-23 23:58:35.945","2026-09-05 00:30:23.716","5EjuZwMRPJw","18377007","[PREMIUM]","[PREMIUM]","[PREMIUM]","310","Section 310","10",4,"[]","2027-03-08 00:00:00","electronic","exchange",0,"[PREMIUM]","1,2,3,4"
"9P2c5MRZVpD","2026-08-23 23:58:35.945","2026-08-28 01:48:03.128","9P2c5MRZVpD","18377007","[PREMIUM]","[PREMIUM]","[PREMIUM]","119","Section 119","8",2,"['8','9']","2027-03-08 00:00:00","electronic","exchange",0,"[PREMIUM]","2"
"A6rs2KXNJDV","2026-08-23 23:58:35.945","2026-08-25 23:19:54.180","A6rs2KXNJDV","18377007","[PREMIUM]","[PREMIUM]","[PREMIUM]","319","Section 319","7",1,"[]","2027-03-08 00:00:00","electronic","exchange",1,"[PREMIUM]","1"
"DdwHkMdmbEG","2026-08-23 23:58:35.945","2026-09-05 00:30:23.716","DdwHkMdmbEG","18377007","[PREMIUM]","[PREMIUM]","[PREMIUM]","319","Section 319","9",3,"[]","2027-03-08 00:00:00","electronic","exchange",1,"[PREMIUM]","1,2,3"
"GAaI60onRaZ","2026-08-23 23:58:35.945","2026-09-05 00:30:23.716","GAaI60onRaZ","18377007","[PREMIUM]","[PREMIUM]","[PREMIUM]","316","Section 316","3",3,"[]","2027-03-08 00:00:00","electronic","exchange",0,"[PREMIUM]","1,2,3"
"NrqUv6XGRj3","2026-08-23 23:58:35.945","2026-08-25 23:19:54.180","NrqUv6XGRj3","18377007","[PREMIUM]","[PREMIUM]","[PREMIUM]","311","Section 311","6",1,"[]","2027-03-08 00:00:00","electronic","exchange",1,"[PREMIUM]","1"
"PX0sgqOM0Aw","2026-08-23 23:58:35.945","2026-08-25 23:19:54.180","PX0sgqOM0Aw","18377007","[PREMIUM]","[PREMIUM]","[PREMIUM]","318","Section 318","7",1,"[]","2027-03-08 00:00:00","electronic","exchange",0,"[PREMIUM]","1"
"ROXHz2K5rjD","2026-08-23 23:58:35.945","2026-09-05 00:30:23.716","ROXHz2K5rjD","18377007","[PREMIUM]","[PREMIUM]","[PREMIUM]","321","Section 321","9",3,"[]","2027-03-08 00:00:00","electronic","exchange",1,"[PREMIUM]","1,2,3"
"V4KU049qod9","2026-08-23 23:58:35.945","2026-08-25 23:19:54.180","V4KU049qod9","18377007","[PREMIUM]","[PREMIUM]","[PREMIUM]","304","Section 304","6",1,"[]","2027-03-08 00:00:00","electronic","exchange",1,"[PREMIUM]","1"
"YgJtk0l4zZ4","2026-08-23 23:58:35.945","2026-08-25 23:19:54.180","YgJtk0l4zZ4","18377007","[PREMIUM]","[PREMIUM]","[PREMIUM]","314","Section 314","3",1,"[]","2027-03-08 00:00:00","electronic","exchange",0,"[PREMIUM]","1"
"Zm9hvJXbD7z","2026-08-23 23:58:35.945","2026-08-25 23:19:54.180","Zm9hvJXbD7z","18377007","[PREMIUM]","[PREMIUM]","[PREMIUM]","309","Section 309","10",4,"[]","2027-03-08 00:00:00","electronic","exchange",0,"[PREMIUM]","1,2,3,4"
"b4wUaolOLKG","2026-08-23 23:58:35.945","2026-09-05 00:30:23.716","b4wUaolOLKG","18377007","[PREMIUM]","[PREMIUM]","[PREMIUM]","315","Section 315","9",3,"[]","2027-03-08 00:00:00","electronic","exchange",0,"[PREMIUM]","1,2,3"
"dNgUgpPbMoD","2026-08-23 23:58:35.945","2026-09-05 00:30:23.716","dNgUgpPbMoD","18377007","[PREMIUM]","[PREMIUM]","[PREMIUM]","310","Section 310","6",3,"[]","2027-03-08 00:00:00","electronic","exchange",0,"[PREMIUM]","1,2,3"
"mxAs4xbon5X","2026-08-23 23:58:35.945","2026-09-05 00:30:23.716","mxAs4xbon5X","18377007","[PREMIUM]","[PREMIUM]","[PREMIUM]","314","Section 314","6",3,"[]","2027-03-08 00:00:00","electronic","exchange",0,"[PREMIUM]","1,2,3"
"pVXHD7PX30j","2026-08-23 23:58:35.945","2026-09-05 00:30:23.716","pVXHD7PX30j","18377007","[PREMIUM]","[PREMIUM]","[PREMIUM]","322","Section 322","5",3,"[]","2027-03-08 00:00:00","electronic","exchange",1,"[PREMIUM]","1,2,3"
"qVjH2mPDJxK","2026-08-23 23:58:35.945","2026-08-25 23:19:54.180","qVjH2mPDJxK","18377007","[PREMIUM]","[PREMIUM]","[PREMIUM]","312","Section 312","4",1,"[]","2027-03-08 00:00:00","electronic","exchange",0,"[PREMIUM]","1"
"xb9imlp9KVM","2026-08-23 23:58:35.945","2026-09-05 00:30:23.716","xb9imlp9KVM","18377007","[PREMIUM]","[PREMIUM]","[PREMIUM]","315","Section 315","2",3,"[]","2027-03-08 00:00:00","electronic","exchange",0,"[PREMIUM]","1,2,3"
"3q7fNLZ6GKN","2026-08-23 23:58:31.085","2026-08-25 00:30:03.701","3q7fNLZ6GKN","18378887","[PREMIUM]","[PREMIUM]","[PREMIUM]","407","Section 407","l",4,"[]","2027-03-07 00:00:00","electronic","exchange",1,"[PREMIUM]","4"
"6mOhko34ElB","2026-08-23 23:58:31.085","2026-08-23 23:58:31.085","6mOhko34ElB","18378887","[PREMIUM]","[PREMIUM]","[PREMIUM]","430","Section 430","k",3,"[]","2027-03-07 00:00:00","electronic","exchange",1,"[PREMIUM]","3"
"6mOhko34EnB","2026-08-23 23:58:31.085","2026-09-05 00:33:26.909","6mOhko34EnB","18378887","[PREMIUM]","[PREMIUM]","[PREMIUM]","432","Section 432","n",2,"[]","2027-03-07 00:00:00","electronic","exchange",0,"[PREMIUM]","2"
"8lKt6aNLPA7","2026-08-23 23:58:31.085","2026-09-05 00:33:26.909","8lKt6aNLPA7","18378887","[PREMIUM]","[PREMIUM]","[PREMIUM]","113","Section 113","d",2,"[]","2027-03-07 00:00:00","electronic","exchange",1,"[PREMIUM]","2"
"9P2c5M7kbjm","2026-08-23 23:58:31.085","2026-08-23 23:58:31.085","9P2c5M7kbjm","18378887","[PREMIUM]","[PREMIUM]","[PREMIUM]","102","Section 102","r",3,"[]","2027-03-07 00:00:00","electronic","exchange",1,"[PREMIUM]","3"
"A6rs2KV0oBd","2026-08-23 23:58:31.085","2026-09-05 00:33:26.909","A6rs2KV0oBd","18378887","[PREMIUM]","[PREMIUM]","[PREMIUM]","426","Section 426","a",2,"['7','8']","2027-03-06 00:00:00","electronic","exchange",2,"[PREMIUM]","2"
"BALImMEq85N","2026-08-23 23:58:31.085","2026-08-23 23:58:31.085","BALImMEq85N","18378887","[PREMIUM]","[PREMIUM]","[PREMIUM]","103","Section 103","m",2,"[]","2027-03-08 00:00:00","electronic","exchange",1,"[PREMIUM]","2"
"EroUXgRAr8L","2026-08-23 23:58:31.085","2026-09-05 00:33:26.909","EroUXgRAr8L","18378887","[PREMIUM]","[PREMIUM]","[PREMIUM]","431","Section 431","p",4,"[]","2027-03-07 00:00:00","electronic","exchange",1,"[PREMIUM]","4"
"EroUXgqblnL","2026-08-23 23:58:31.085","2026-08-23 23:58:31.085","EroUXgqblnL","18378887","[PREMIUM]","[PREMIUM]","[PREMIUM]","120","Section 120","n",2,"[]","2027-03-07 00:00:00","electronic","exchange",1,"[PREMIUM]","2"
"X03tKlro27v","2026-08-23 23:58:31.085","2026-09-05 00:33:26.909","X03tKlro27v","18378887","[PREMIUM]","[PREMIUM]","[PREMIUM]","121","Section 121","p",2,"[]","2027-03-07 00:00:00","electronic","exchange",1,"[PREMIUM]","2"
"Zm9hvJDp5jE","2026-08-23 23:58:31.085","2026-09-05 00:33:26.909","Zm9hvJDp5jE","18378887","[PREMIUM]","[PREMIUM]","[PREMIUM]","110","Section 110","n",4,"[]","2027-03-07 00:00:00","electronic","exchange",1,"[PREMIUM]","4"
"b4wUao3dOYg","2026-08-23 23:58:31.085","2026-09-04 01:47:01.895","b4wUao3dOYg","18378887","[PREMIUM]","[PREMIUM]","[PREMIUM]","118","Section 118","w",2,"[]","2027-03-07 00:00:00","electronic","exchange",1,"[PREMIUM]","2"
"g48Ur6dljZ4","2026-08-23 23:58:31.085","2026-08-23 23:58:31.085","g48Ur6dljZ4","18378887","[PREMIUM]","[PREMIUM]","[PREMIUM]","414","Section 414","g",3,"[]","2027-03-08 00:00:00","electronic","exchange",1,"[PREMIUM]","3"
"g48Ur6dLkDk","2026-08-23 23:58:31.085","2026-08-23 23:58:31.085","g48Ur6dLkDk","18378887","[PREMIUM]","[PREMIUM]","[PREMIUM]","103","Section 103","o",3,"[]","2027-03-08 00:00:00","electronic","exchange",1,"[PREMIUM]","3"
"lxVsdRO5xj6","2026-08-23 23:58:31.085","2026-09-05 00:33:26.909","lxVsdRO5xj6","18378887","[PREMIUM]","[PREMIUM]","[PREMIUM]","103","Section 103","q",3,"[]","2027-03-07 00:00:00","electronic","exchange",1,"[PREMIUM]","3"
"nx0srKP7Vg2","2026-08-23 23:58:31.085","2026-08-28 11:24:49.729","nx0srKP7Vg2","18378887","[PREMIUM]","[PREMIUM]","[PREMIUM]","114","Section 114","d",2,"['5','6']","2027-03-08 00:00:00","electronic","exchange",0,"[PREMIUM]","2"
"oV7Hb6B53KZ","2026-08-23 23:58:31.085","2026-08-23 23:58:31.085","oV7Hb6B53KZ","18378887","[PREMIUM]","[PREMIUM]","[PREMIUM]","413","Section 413","n",2,"[]","2027-03-07 00:00:00","electronic","exchange",1,"[PREMIUM]","2"
"pVXHD7PjnMK","2026-08-23 23:58:31.085","2026-08-28 11:24:49.729","pVXHD7PjnMK","18378887","[PREMIUM]","[PREMIUM]","[PREMIUM]","431","Section 431","k",4,"['5','6','7','8']","2027-03-08 00:00:00","electronic","exchange",0,"[PREMIUM]","2,4"
"qVjH2mJ5eae","2026-08-23 23:58:31.085","2026-09-05 00:33:26.909","qVjH2mJ5eae","18378887","[PREMIUM]","[PREMIUM]","[PREMIUM]","103","Section 103","o",2,"[]","2027-03-07 00:00:00","electronic","exchange",1,"[PREMIUM]","2"
"vb3iPw8Jkka","2026-08-23 23:58:31.085","2026-08-23 23:58:31.085","vb3iPw8Jkka","18378887","[PREMIUM]","[PREMIUM]","[PREMIUM]","429","Section 429","k",6,"[]","2027-03-08 00:00:00","electronic","exchange",2,"[PREMIUM]","6"
"w3Jse8m5E4D","2026-08-23 23:58:31.085","2026-08-23 23:58:31.085","w3Jse8m5E4D","18378887","[PREMIUM]","[PREMIUM]","[PREMIUM]","113","Section 113","s",4,"[]","2027-03-07 00:00:00","electronic","exchange",1,"[PREMIUM]","4"
"z3Es6v0ng2d","2026-08-23 23:58:31.085","2026-08-23 23:58:31.085","z3Es6v0ng2d","18378887","[PREMIUM]","[PREMIUM]","[PREMIUM]","105","Section 105","r",4,"[]","2027-03-07 00:00:00","electronic","exchange",1,"[PREMIUM]","4"
"z3Es6v4R9Yr","2026-08-23 23:58:31.085","2026-08-23 23:58:31.085","z3Es6v4R9Yr","18378887","[PREMIUM]","[PREMIUM]","[PREMIUM]","115","Section 115","y",6,"[]","2027-03-08 00:00:00","electronic","exchange",2,"[PREMIUM]","6"
"z3Es6vx5GPJ","2026-08-23 23:58:31.085","2026-08-23 23:58:31.085","z3Es6vx5GPJ","18378887","[PREMIUM]","[PREMIUM]","[PREMIUM]","213","Section 213","h",4,"[]","2027-03-07 00:00:00","electronic","exchange",0,"[PREMIUM]","4"
"BALImME2KRj","2026-08-23 23:58:21.434","2026-08-23 23:58:21.434","BALImME2KRj","18377171","[PREMIUM]","[PREMIUM]","[PREMIUM]","107","Section 107","1",4,"[]","2027-03-08 00:00:00","electronic","exchange",1,"[PREMIUM]","2,4"
"NrqUv6X68KP","2026-08-23 23:58:21.434","2026-09-05 00:36:18.074","NrqUv6X68KP","18377171","[PREMIUM]","[PREMIUM]","[PREMIUM]","107","Section 107","1",4,"['1','2','3','4']","2027-03-08 00:00:00","electronic","exchange",0,"[PREMIUM]","1,2,4"
"05VT8l9krk2","2026-08-23 23:58:17.043","2026-09-05 00:32:49.360","05VT8l9krk2","18362756","[PREMIUM]","[PREMIUM]","[PREMIUM]","117","Section 117","25",2,"['9','10']","2027-03-07 00:00:00","electronic","exchange",3,"[PREMIUM]","2"
"05VT8l9krd8","2026-08-23 23:58:17.043","2026-09-05 00:32:49.360","05VT8l9krd8","18362756","[PREMIUM]","[PREMIUM]","[PREMIUM]","307","Section 307","8",2,"['2','3']","2027-03-07 00:00:00","electronic","exchange",5,"[PREMIUM]","2"
"05VT8l9krY3","2026-08-23 23:58:17.043","2026-09-05 00:32:49.360","05VT8l9krY3","18362756","[PREMIUM]","[PREMIUM]","[PREMIUM]","108","Section 108","10",19,"['1','2','3','4','5','6','7','8','9','10','11','12','13','14','15','16','17','18','19']","2027-03-07 00:00:00","electronic","exchange",1,"[PREMIUM]","1,2,3,4,5,6,7,8,9,10,11,12,13,14,15,16,17,19"
"05VT8l9krEA","2026-08-23 23:58:17.043","2026-09-05 00:32:49.360","05VT8l9krEA","18362756","[PREMIUM]","[PREMIUM]","[PREMIUM]","CL32","Club 32","6",2,"['3','4']","2027-03-07 00:00:00","electronic","exchange",1,"[PREMIUM]","2"
"2v0czqEoAoK","2026-08-23 23:58:17.043","2026-09-05 00:32:49.360","2v0czqEoAoK","18362756","[PREMIUM]","[PREMIUM]","[PREMIUM]","133","Section 133","26",4,"['5','6','7','8']","2027-03-07 00:00:00","electronic","exchange",4,"[PREMIUM]","1,2,4"
"2v0czqEoAVR","2026-08-23 23:58:17.043","2026-09-05 00:32:49.360","2v0czqEoAVR","18362756","[PREMIUM]","[PREMIUM]","[PREMIUM]","305","Section 305","8",4,"['13','14','15','16']","2027-03-07 00:00:00","electronic","exchange",4,"[PREMIUM]","1,2,4"
"3q7fNLPVR20","2026-08-23 23:58:17.043","2026-09-05 00:32:49.360","3q7fNLPVR20","18362756","[PREMIUM]","[PREMIUM]","[PREMIUM]","317","Section 317","9",19,"['1','2','3','4','5','6','7','8','9','10','11','12','13','14','15','16','17','18','19']","2027-03-07 00:00:00","electronic","exchange",1,"[PREMIUM]","1,2,3,4,5,6,7,8,9,10,11,12,13,14,15,16,17,19"
"3q7fNLPVR63","2026-08-23 23:58:17.043","2026-09-05 00:32:49.360","3q7fNLPVR63","18362756","[PREMIUM]","[PREMIUM]","[PREMIUM]","317","Section 317","7",11,"['4','5','6','7','8','9','10','11','12','13','14']","2027-03-07 00:00:00","electronic","exchange",0,"[PREMIUM]","1,2,3,4,5,6,7,8,9,11"
"3q7fNLPVRLO","2026-08-23 23:58:17.043","2026-09-05 00:32:49.360","3q7fNLPVRLO","18362756","[PREMIUM]","[PREMIUM]","[PREMIUM]","111","Section 111","25",22,"['1','2','3','4','5','6','7','8','9','10','11','12','13','14','15','16','17','18','19','20','21','22']","2027-03-07 00:00:00","electronic","exchange",0,"[PREMIUM]","1,2,3,4,5,6,7,8,9,10,11,12,13,14,15,16,17,18,19,20,22"
"3q7fNLPVRxz","2026-08-23 23:58:17.043","2026-09-05 00:32:49.360","3q7fNLPVRxz","18362756","[PREMIUM]","[PREMIUM]","[PREMIUM]","128","Section 128","22",2,"['13','14']","2027-03-07 00:00:00","electronic","exchange",2,"[PREMIUM]","2"
"4vXcjR4PDL8","2026-08-23 23:58:17.043","2026-09-05 00:32:49.360","4vXcjR4PDL8","18362756","[PREMIUM]","[PREMIUM]","[PREMIUM]","133","Section 133","5",12,"['3','4','5','6','7','8','9','10','11','12','13','14']","2027-03-07 00:00:00","electronic","exchange",0,"[PREMIUM]","1,2,3,4,5,6,7,8,9,10,12"
"4vXcjR4PDPo","2026-08-23 23:58:17.043","2026-09-05 00:32:49.360","4vXcjR4PDPo","18362756","[PREMIUM]","[PREMIUM]","[PREMIUM]","117","Section 117","7",11,"['1','2','3','4','5','6','7','8','9','10','11']","2027-03-07 00:00:00","electronic","exchange",0,"[PREMIUM]","1,2,3,4,5,6,7,8,9,11"
"6mOhkoxvq5J","2026-08-23 23:58:17.043","2026-09-05 00:32:49.360","6mOhkoxvq5J","18362756","[PREMIUM]","[PREMIUM]","[PREMIUM]","CL32","Club 32","4",12,"['3','4','5','6','7','8','9','10','11','12','13','14']","2027-03-07 00:00:00","electronic","exchange",0,"[PREMIUM]","1,2,3,4,5,6,7,8,9,10,12"
"6mOhkoxvqV6","2026-08-23 23:58:17.043","2026-09-05 00:32:49.360","6mOhkoxvqV6","18362756","[PREMIUM]","[PREMIUM]","[PREMIUM]","121","Section 121","9",2,"['9','10']","2027-03-07 00:00:00","electronic","exchange",2,"[PREMIUM]","2"
"7KntAgoMvld","2026-08-23 23:58:17.043","2026-09-05 00:32:49.360","7KntAgoMvld","18362756","[PREMIUM]","[PREMIUM]","[PREMIUM]","107","Section 107","28",25,"['1','2','3','4','5','6','7','8','9','10','11','12','13','14','15','16','17','18','19','20','21','22','23','24','25']","2027-03-07 00:00:00","electronic","exchange",1,"[PREMIUM]","1,2,3,4,5,6,7,8,9,10,11,12,13,14,15,16,17,18,19,20,21,22,23,25"
"8lKt6a2m4NV","2026-08-23 23:58:17.043","2026-09-05 00:32:49.360","8lKt6a2m4NV","18362756","[PREMIUM]","[PREMIUM]","[PREMIUM]","125","Section 125","9",7,"['9','10','11','12','13','14','15']","2027-03-07 00:00:00","electronic","exchange",2,"[PREMIUM]","1,2,3,4,5,7"
"8lKt6a2m4Pr","2026-08-23 23:58:17.043","2026-09-05 00:32:49.360","8lKt6a2m4Pr","18362756","[PREMIUM]","[PREMIUM]","[PREMIUM]","329","Section 329","7",13,"['4','5','6','7','8','9','10','11','12','13','14','15','16']","2027-03-07 00:00:00","electronic","exchange",5,"[PREMIUM]","1,2,3,4,5,6,7,8,9,10,11,13"
"8lKt6a2m4om","2026-08-23 23:58:17.043","2026-09-05 00:32:49.360","8lKt6a2m4om","18362756","[PREMIUM]","[PREMIUM]","[PREMIUM]","128","Section 128","25",4,"['1','2','3','4']","2027-03-07 00:00:00","electronic","exchange",1,"[PREMIUM]","1,2,4"
"9P2c5MPBw2A","2026-08-23 23:58:17.043","2026-09-05 00:32:49.360","9P2c5MPBw2A","18362756","[PREMIUM]","[PREMIUM]","[PREMIUM]","CL15","Club 15","3",7,"['5','6','7','8','9','10','11']","2027-03-07 00:00:00","electronic","exchange",1,"[PREMIUM]","1,2,3,4,5,7"
"BALImMjnddM","2026-08-23 23:58:17.043","2026-09-05 00:32:49.360","BALImMjnddM","18362756","[PREMIUM]","[PREMIUM]","[PREMIUM]","308","Section 308","11",21,"['1','2','3','4','5','6','7','8','9','10','11','12','13','14','15','16','17','18','19','20','21']","2027-03-07 00:00:00","electronic","exchange",2,"[PREMIUM]","1,2,3,4,5,6,7,8,9,10,11,12,13,14,15,16,17,18,19,21"
"BALImMjndMz","2026-08-23 23:58:17.043","2026-09-05 00:32:49.360","BALImMjndMz","18362756","[PREMIUM]","[PREMIUM]","[PREMIUM]","108","Section 108","28",20,"['7','8','9','10','11','12','13','14','15','16','17','18','19','20','21','22','23','24','25','26']","2027-03-07 00:00:00","electronic","exchange",1,"[PREMIUM]","1,2,3,4,5,6,7,8,9,10,11,12,13,14,15,16,17,18,20"
"BALImMjndbl","2026-08-23 23:58:17.043","2026-09-05 00:32:49.360","BALImMjndbl","18362756","[PREMIUM]","[PREMIUM]","[PREMIUM]","119","Section 119","27",4,"['1','2','3','4']","2027-03-07 00:00:00","electronic","exchange",3,"[PREMIUM]","1,2,4"
"EroUXgB3k7x","2026-08-23 23:58:17.043","2026-09-05 00:32:49.360","EroUXgB3k7x","18362756","[PREMIUM]","[PREMIUM]","[PREMIUM]","313","Section 313","8",20,"['1','2','3','4','5','6','7','8','9','10','11','12','13','14','15','16','17','18','19','20']","2027-03-07 00:00:00","electronic","exchange",3,"[PREMIUM]","1,2,3,4,5,6,7,8,9,10,11,12,13,14,15,16,17,18,20"
"EroUXgB3kO5","2026-08-23 23:58:17.043","2026-09-05 00:32:49.360","EroUXgB3kO5","18362756","[PREMIUM]","[PREMIUM]","[PREMIUM]","CL22","Club 22","4",3,"['5','6','7']","2027-03-07 00:00:00","electronic","exchange",1,"[PREMIUM]","1,3"
"EroUXgB3kR8","2026-08-23 23:58:17.043","2026-09-05 00:32:49.360","EroUXgB3kR8","18362756","[PREMIUM]","[PREMIUM]","[PREMIUM]","103","Section 103","17",5,"['7','8','9','10','11']","2027-03-07 00:00:00","electronic","exchange",2,"[PREMIUM]","1,2,3,5"
"GAaI60A9Ebd","2026-08-23 23:58:17.043","2026-09-05 00:32:49.360","GAaI60A9Ebd","18362756","[PREMIUM]","[PREMIUM]","[PREMIUM]","CL19","Club 19","3",7,"['8','9','10','11','12','13','14']","2027-03-07 00:00:00","electronic","exchange",0,"[PREMIUM]","1,2,3,4,5,7"
"GAaI60A9EX3","2026-08-23 23:58:17.043","2026-09-05 00:32:49.360","GAaI60A9EX3","18362756","[PREMIUM]","[PREMIUM]","[PREMIUM]","118","Section 118","9",2,"['13','14']","2027-03-07 00:00:00","electronic","exchange",0,"[PREMIUM]","2"
"JABI3Eovrxq","2026-08-23 23:58:17.043","2026-09-05 00:32:49.360","JABI3Eovrxq","18362756","[PREMIUM]","[PREMIUM]","[PREMIUM]","328","Section 328","9",21,"['1','2','3','4','5','6','7','8','9','10','11','12','13','14','15','16','17','18','19','20','21']","2027-03-07 00:00:00","electronic","exchange",4,"[PREMIUM]","1,2,3,4,5,6,7,8,9,10,11,12,13,14,15,16,17,18,19,21"
"JABI3EovrMP","2026-08-23 23:58:17.043","2026-09-05 00:32:49.360","JABI3EovrMP","18362756","[PREMIUM]","[PREMIUM]","[PREMIUM]","CL26","Club 26","4",8,"['4','5','6','7','8','9','10','11']","2027-03-07 00:00:00","electronic","exchange",1,"[PREMIUM]","1,2,3,4,5,6,8"
"KezczqLvBg4","2026-08-23 23:58:17.043","2026-09-05 00:32:49.360","KezczqLvBg4","18362756","[PREMIUM]","[PREMIUM]","[PREMIUM]","323","Section 323","11",5,"['8','9','10','11','12']","2027-03-07 00:00:00","electronic","exchange",4,"[PREMIUM]","1,2,3,5"
"KezczqLvBNX","2026-08-23 23:58:17.043","2026-09-05 00:32:49.360","KezczqLvBNX","18362756","[PREMIUM]","[PREMIUM]","[PREMIUM]","107","Section 107","16",6,"['8','9','10','11','12','13']","2027-03-07 00:00:00","electronic","exchange",0,"[PREMIUM]","1,2,3,4,6"
"LbviL8aDeLa","2026-08-23 23:58:17.043","2026-09-05 00:32:49.360","LbviL8aDeLa","18362756","[PREMIUM]","[PREMIUM]","[PREMIUM]","118","Section 118","6",4,"['9','10','11','12']","2027-03-07 00:00:00","electronic","exchange",0,"[PREMIUM]","1,2,4"
"LbviL8aDerP","2026-08-23 23:58:17.043","2026-09-05 00:32:49.360","LbviL8aDerP","18362756","[PREMIUM]","[PREMIUM]","[PREMIUM]","119","Section 119","5",6,"['5','6','7','8','9','10']","2027-03-07 00:00:00","electronic","exchange",0,"[PREMIUM]","1,2,3,4,6"
"MAeIP3DA4Km","2026-08-23 23:58:17.043","2026-09-05 00:32:49.360","MAeIP3DA4Km","18362756","[PREMIUM]","[PREMIUM]","[PREMIUM]","111","Section 111","15",5,"['5','6','7','8','9']","2027-03-07 00:00:00","electronic","exchange",0,"[PREMIUM]","1,2,3,5"
"NrqUv6Kzeg7","2026-08-23 23:58:17.043","2026-09-05 00:32:49.360","NrqUv6Kzeg7","18362756","[PREMIUM]","[PREMIUM]","[PREMIUM]","118","Section 118","26",2,"['3','4']","2027-03-07 00:00:00","electronic","exchange",4,"[PREMIUM]","2"
"NrqUv6Kzelb","2026-08-23 23:58:17.043","2026-09-05 00:32:49.360","NrqUv6Kzelb","18362756","[PREMIUM]","[PREMIUM]","[PREMIUM]","CL26","Club 26","3",10,"['3','4','5','6','7','8','9','10','11','12']","2027-03-07 00:00:00","electronic","exchange",1,"[PREMIUM]","1,2,3,4,5,6,7,8,10"
"NrqUv6KzepB","2026-08-23 23:58:17.043","2026-09-05 00:32:49.360","NrqUv6KzepB","18362756","[PREMIUM]","[PREMIUM]","[PREMIUM]","129","Section 129","24",5,"['9','10','11','12','13']","2027-03-07 00:00:00","electronic","exchange",2,"[PREMIUM]","1,2,3,5"
"O7AhwKqmL9w","2026-08-23 23:58:17.043","2026-09-05 00:32:49.360","O7AhwKqmL9w","18362756","[PREMIUM]","[PREMIUM]","[PREMIUM]","312","Section 312","13",4,"['1','2','3','4']","2027-03-07 00:00:00","electronic","exchange",2,"[PREMIUM]","1,2,4"
"PX0sgqbk3rx","2026-08-23 23:58:17.043","2026-09-05 00:32:49.360","PX0sgqbk3rx","18362756","[PREMIUM]","[PREMIUM]","[PREMIUM]","CL25","Club 25","5",5,"['1','2','3','4','5']","2027-03-07 00:00:00","electronic","exchange",1,"[PREMIUM]","1,2,3,5"
"PX0sgqbk3jD","2026-08-23 23:58:17.043","2026-09-05 00:32:49.360","PX0sgqbk3jD","18362756","[PREMIUM]","[PREMIUM]","[PREMIUM]","314","Section 314","5",11,"['6','7','8','9','10','11','12','13','14','15','16']","2027-03-07 00:00:00","electronic","exchange",2,"[PREMIUM]","1,2,3,4,5,6,7,8,9,11"
"PX0sgqbk3zn","2026-08-23 23:58:17.043","2026-09-05 00:32:49.360","PX0sgqbk3zn","18362756","[PREMIUM]","[PREMIUM]","[PREMIUM]","124","Section 124","24",3,"['7','8','9']","2027-03-07 00:00:00","electronic","exchange",2,"[PREMIUM]","1,3"
"V4KU04KVB6O","2026-08-23 23:58:17.043","2026-09-05 00:32:49.360","V4KU04KVB6O","18362756","[PREMIUM]","[PREMIUM]","[PREMIUM]","303","Section 303","2",14,"['3','4','5','6','7','8','9','10','11','12','13','14','15','16']","2027-03-07 00:00:00","electronic","exchange",5,"[PREMIUM]","1,2,3,4,5,6,7,8,9,10,11,12,14"
"X03tKl3evAV","2026-08-23 23:58:17.043","2026-09-05 00:32:49.360","X03tKl3evAV","18362756","[PREMIUM]","[PREMIUM]","[PREMIUM]","120","Section 120","4",8,"['7','8','9','10','11','12','13','14']","2027-03-07 00:00:00","electronic","exchange",0,"[PREMIUM]","1,2,3,4,5,6,8"
"X03tKl3evRV","2026-08-23 23:58:17.043","2026-09-05 00:32:49.360","X03tKl3evRV","18362756","[PREMIUM]","[PREMIUM]","[PREMIUM]","119","Section 119","26",6,"['5','6','7','8','9','10']","2027-03-07 00:00:00","electronic","exchange",4,"[PREMIUM]","1,2,3,4,6"
"X03tKl3evbx","2026-08-23 23:58:17.043","2026-09-05 00:32:49.360","X03tKl3evbx","18362756","[PREMIUM]","[PREMIUM]","[PREMIUM]","CL15","Club 15","1",4,"['5','6','7','8']","2027-03-07 00:00:00","electronic","exchange",0,"[PREMIUM]","1,2,4"
"YgJtk0JmLJ5","2026-08-23 23:58:17.043","2026-09-05 00:32:49.360","YgJtk0JmLJ5","18362756","[PREMIUM]","[PREMIUM]","[PREMIUM]","131","Section 131","11",5,"['1','2','3','4','5']","2027-03-07 00:00:00","electronic","exchange",1,"[PREMIUM]","1,2,3,5"
"YgJtk0JmLe5","2026-08-23 23:58:17.043","2026-09-05 00:32:49.360","YgJtk0JmLe5","18362756","[PREMIUM]","[PREMIUM]","[PREMIUM]","127","Section 127","23",6,"['11','12','13','14','15','16']","2027-03-07 00:00:00","electronic","exchange",0,"[PREMIUM]","1,2,3,4,6"
"Zm9hvJ9VGMX","2026-08-23 23:58:17.043","2026-09-05 00:32:49.360","Zm9hvJ9VGMX","18362756","[PREMIUM]","[PREMIUM]","[PREMIUM]","312","Section 312","8",2,"['17','18']","2027-03-07 00:00:00","electronic","exchange",5,"[PREMIUM]","2"
"agktlMNrZo6","2026-08-23 23:58:17.043","2026-09-05 00:32:49.360","agktlMNrZo6","18362756","[PREMIUM]","[PREMIUM]","[PREMIUM]","301","Section 301","10",7,"['9','10','11','12','13','14','15']","2027-03-07 00:00:00","electronic","exchange",2,"[PREMIUM]","1,2,3,4,5,7"
"agktlMNrZqD","2026-08-23 23:58:17.043","2026-09-05 00:32:49.360","agktlMNrZqD","18362756","[PREMIUM]","[PREMIUM]","[PREMIUM]","111","Section 111","9",2,"['18','19']","2027-03-07 00:00:00","electronic","exchange",1,"[PREMIUM]","2"
"b4wUao9e7v7","2026-08-23 23:58:17.043","2026-09-05 00:32:49.360","b4wUao9e7v7","18362756","[PREMIUM]","[PREMIUM]","[PREMIUM]","333","Section 333","8",2,"['14','15']","2027-03-07 00:00:00","electronic","exchange",1,"[PREMIUM]","2"
"dNgUgp7Kqn0","2026-08-23 23:58:17.043","2026-09-05 00:32:49.360","dNgUgp7Kqn0","18362756","[PREMIUM]","[PREMIUM]","[PREMIUM]","330","Section 330","8",20,"['1','2','3','4','5','6','7','8','9','10','11','12','13','14','15','16','17','18','19','20']","2027-03-07 00:00:00","electronic","exchange",4,"[PREMIUM]","1,2,3,4,5,6,7,8,9,10,11,12,13,14,15,16,17,18,20"
"dNgUgp7KqL6","2026-08-23 23:58:17.043","2026-09-05 00:32:49.360","dNgUgp7KqL6","18362756","[PREMIUM]","[PREMIUM]","[PREMIUM]","305","Section 305","12",22,"['1','2','3','4','5','6','7','8','9','10','11','12','13','14','15','16','17','18','19','20','21','22']","2027-03-07 00:00:00","electronic","exchange",1,"[PREMIUM]","1,2,3,4,5,6,7,8,9,10,11,12,13,14,15,16,17,18,19,20,22"
"eeacK8mgqw8","2026-08-23 23:58:17.043","2026-09-05 00:32:49.360","eeacK8mgqw8","18362756","[PREMIUM]","[PREMIUM]","[PREMIUM]","CL28","Club 28","6",2,"['3','4']","2027-03-07 00:00:00","electronic","exchange",2,"[PREMIUM]","2"
"eeacK8mgqNO","2026-08-23 23:58:17.043","2026-09-05 00:32:49.360","eeacK8mgqNO","18362756","[PREMIUM]","[PREMIUM]","[PREMIUM]","324","Section 324","3",12,"['4','5','6','7','8','9','10','11','12','13','14','15']","2027-03-07 00:00:00","electronic","exchange",2,"[PREMIUM]","1,2,3,4,5,6,7,8,9,10,12"
"eeacK8mgq4w","2026-08-23 23:58:17.043","2026-09-05 00:32:49.360","eeacK8mgq4w","18362756","[PREMIUM]","[PREMIUM]","[PREMIUM]","312","Section 312","14",4,"['20','21','22','23']","2027-03-07 00:00:00","electronic","exchange",2,"[PREMIUM]","1,2,4"
"jDvszkqpNGA","2026-08-23 23:58:17.043","2026-09-05 00:32:49.360","jDvszkqpNGA","18362756","[PREMIUM]","[PREMIUM]","[PREMIUM]","111","Section 111","14",4,"['20','21','22','23']","2027-03-07 00:00:00","electronic","exchange",0,"[PREMIUM]","1,2,4"
"jDvszkqpNAX","2026-08-23 23:58:17.043","2026-09-05 00:32:49.360","jDvszkqpNAX","18362756","[PREMIUM]","[PREMIUM]","[PREMIUM]","108","Section 108","8",6,"['9','10','11','12','13','14']","2027-03-07 00:00:00","electronic","exchange",1,"[PREMIUM]","1,2,3,4,6"
"kYet9mbp7Pm","2026-08-23 23:58:17.043","2026-09-05 00:32:49.360","kYet9mbp7Pm","18362756","[PREMIUM]","[PREMIUM]","[PREMIUM]","116","Section 116","23",2,"['9','10']","2027-03-07 00:00:00","electronic","exchange",2,"[PREMIUM]","2"
"kYet9mbp7BP","2026-08-23 23:58:17.043","2026-09-05 00:32:49.360","kYet9mbp7BP","18362756","[PREMIUM]","[PREMIUM]","[PREMIUM]","CL27","Club 27","3",3,"['9','10','11']","2027-03-07 00:00:00","electronic","exchange",1,"[PREMIUM]","1,3"
"l_1N4Z1WqCLJnvPLUYjgljmHwbJjKVSmeg8Z6uMbJrlMCGLGEg3h5VlQbyh93S5Rt9L","2026-08-23 23:58:17.043","2026-09-05 00:32:49.360","l_1N4Z1WqCLJnvPLUYjgljmHwbJjKVSmeg8Z6uMbJrlMCGLGEg3h5VlQbyh93S5Rt9L","18362756","[PREMIUM]","[PREMIUM]","[PREMIUM]","128","Section 128","18",2,"['12','13']",,"sg_app","open",1,"[PREMIUM]","2"
"l_6yPJ2NZfWwe0GWu3yl9ypH4JBdMpiLGm8bmsPWANkPCJrJQKjHmx2rXMUerI4sm","2026-08-23 23:58:17.043","2026-09-03 00:38:03.672","l_6yPJ2NZfWwe0GWu3yl9ypH4JBdMpiLGm8bmsPWANkPCJrJQKjHmx2rXMUerI4sm","18362756","[PREMIUM]","[PREMIUM]","[PREMIUM]","132","Section 132","6",2,"['1','2']",,"sg_app","open",1,"[PREMIUM]","2"
"l_B9B40MViYPn5WYTJBWwBzCAJqpP1SbLkEWkUJ5vxkjTwxwqKDFXK0ljPHPDhnqHZY","2026-08-23 23:58:17.043","2026-08-27 01:13:12.245","l_B9B40MViYPn5WYTJBWwBzCAJqpP1SbLkEWkUJ5vxkjTwxwqKDFXK0ljPHPDhnqHZY","18362756","[PREMIUM]","[PREMIUM]","[PREMIUM]","108","Section 108","26",6,"['5','6','7','8','9','10']",,"sg_app","open",0,"[PREMIUM]","1,2,3,4,6"
"l_GL5V2pBtGL3ypGuZVpMVDhX8gPw3HM1Lnzzf85lJr3hMRMvNmfYBy6Zkh93SZ6swZ","2026-08-23 23:58:17.043","2026-08-28 23:15:45.584","l_GL5V2pBtGL3ypGuZVpMVDhX8gPw3HM1Lnzzf85lJr3hMRMvNmfYBy6Zkh93SZ6swZ","18362756","[PREMIUM]","[PREMIUM]","[PREMIUM]","303","Section 303","5",2,"['4','5']",,"sg_app","open",0,"[PREMIUM]","2"
"l_EwgLjpRcPWewZPiWyV4y2TNJjB8xSeMj8LJUgdL2EgcVgVr3DFJ4lmvnuyEIA4cpA","2026-08-23 23:58:17.043","2026-09-05 00:32:49.360","l_EwgLjpRcPWewZPiWyV4y2TNJjB8xSeMj8LJUgdL2EgcVgVr3DFJ4lmvnuyEIA4cpA","18362756","[PREMIUM]","[PREMIUM]","[PREMIUM]","124","Section 124","20",2,"['7','8']",,"sg_app","open",2,"[PREMIUM]","2"
"l_L2ABke9hMPGr5MH435r3Xc2G53Jni2PnZphkjnpQ0iKggDrZUnZ8xgpSkJIE4Twb","2026-08-23 23:58:17.043","2026-08-25 23:19:56.793","l_L2ABke9hMPGr5MH435r3Xc2G53Jni2PnZphkjnpQ0iKggDrZUnZ8xgpSkJIE4Twb","18362756","[PREMIUM]","[PREMIUM]","[PREMIUM]","CL32","Club 32","6",3,"['5','6','7']",,"sg_app","open",0,"[PREMIUM]","1,3"
"l_MejG2N9Tv59kbvTnjb4jkhpQYz28HnXEGnJhRG0PAXsrddV1nTVpkwyqc49hyh33","2026-08-23 23:58:17.043","2026-08-23 23:58:17.043","l_MejG2N9Tv59kbvTnjb4jkhpQYz28HnXEGnJhRG0PAXsrddV1nTVpkwyqc49hyh33","18362756","[PREMIUM]","[PREMIUM]","[PREMIUM]","CL24","Club 24","4",4,"['11','12','13','14']",,"sg_app","open",0,"[PREMIUM]","1,2,4"
"l_RADkKd9UwJnVMwHN8Mg8lc0YrWZBhYz0qNRfb0JPvbFDnDbJ9FW0zlXec6dUE1Srm","2026-08-23 23:58:17.043","2026-08-27 01:13:12.245","l_RADkKd9UwJnVMwHN8Mg8lc0YrWZBhYz0qNRfb0JPvbFDnDbJ9FW0zlXec6dUE1Srm","18362756","[PREMIUM]","[PREMIUM]","[PREMIUM]","128","Section 128","17",1,"['10']",,"sg_app","open",0,"[PREMIUM]","1"
"l_RADkKd9UwJnVMwHN8Mg8lc0YrWZBhNegWg1fb0Jd5phDnDbJ9FW0zlXec6dUVkcA1","2026-08-23 23:58:17.043","2026-09-05 00:32:49.360","l_RADkKd9UwJnVMwHN8Mg8lc0YrWZBhNegWg1fb0Jd5phDnDbJ9FW0zlXec6dUVkcA1","18362756","[PREMIUM]","[PREMIUM]","[PREMIUM]","313","Section 313","9",3,"['1','2','3']",,"sg_app","open",1,"[PREMIUM]","1,3"
"l_VWrAe49IX26bJXTXEJ4EwIQqnp2dHLzAD5RIxXq2LVI6L6V3qsdj0JMZSVqIz6IRq","2026-08-23 23:58:17.043","2026-09-05 00:32:49.360","l_VWrAe49IX26bJXTXEJ4EwIQqnp2dHLzAD5RIxXq2LVI6L6V3qsdj0JMZSVqIz6IRq","18362756","[PREMIUM]","[PREMIUM]","[PREMIUM]","314","Section 314","8",5,"['12','13','14','15','16']",,"sg_app","open",2,"[PREMIUM]","1,2,3,5"
"l_bDGRzr4c2xLyj2TjvgnvRIeBnMWZTj1AkzgiyG0qxDIlblBjYizPrZ6dsr5IlrHVp","2026-08-23 23:58:17.043","2026-09-05 00:32:49.360","l_bDGRzr4c2xLyj2TjvgnvRIeBnMWZTj1AkzgiyG0qxDIlblBjYizPrZ6dsr5IlrHVp","18362756","[PREMIUM]","[PREMIUM]","[PREMIUM]","118","Section 118","27",2,"['11','12']",,"sg_app","open",3,"[PREMIUM]","2"
"l_g9kgz64iP5w1rPi9G6pGnt3qNQKYSDmN31MiYxJ136Hl33ndjsl4MKjwIW5InsA","2026-08-23 23:58:17.043","2026-08-30 00:02:15.969","l_g9kgz64iP5w1rPi9G6pGnt3qNQKYSDmN31MiYxJ136Hl33ndjsl4MKjwIW5InsA","18362756","[PREMIUM]","[PREMIUM]","[PREMIUM]","CL19","Club 19","3",2,"['6','7']",,"sg_app","open",0,"[PREMIUM]","2"
"l_j83kr4Ac8wenr8uZWvXWzhZ1GMjXFZ5ZYd9I1dZ3QEfMWM2xXfAmQNkdhkxIKt1","2026-08-23 23:58:17.043","2026-08-31 00:44:14.441","l_j83kr4Ac8wenr8uZWvXWzhZ1GMjXFZ5ZYd9I1dZ3QEfMWM2xXfAmQNkdhkxIKt1","18362756","[PREMIUM]","[PREMIUM]","[PREMIUM]","307","Section 307","1",2,"['1','2']",,"sg_app","open",0,"[PREMIUM]","2"
"l_k2A6y09hBNJ1wBUXlGBlEIvKenYNhYbQlNQIlvGEglSBRBP18iwWe5klcX1INlHvr","2026-08-23 23:58:17.043","2026-08-28 23:15:45.584","l_k2A6y09hBNJ1wBUXlGBlEIvKenYNhYbQlNQIlvGEglSBRBP18iwWe5klcX1INlHvr","18362756","[PREMIUM]","[PREMIUM]","[PREMIUM]","132","Section 132","16",2,"['5','6']",,"sg_app","open",1,"[PREMIUM]","2"
"l_lYjEy6AFLYVD8LUNmv9mBc91XE0wFD4ln5pi6AZKldUv1vMPGirkKl90uxbIpmSlp","2026-08-23 23:58:17.043","2026-08-31 00:44:14.441","l_lYjEy6AFLYVD8LUNmv9mBc91XE0wFD4ln5pi6AZKldUv1vMPGirkKl90uxbIpmSlp","18362756","[PREMIUM]","[PREMIUM]","[PREMIUM]","327","Section 327","12",6,"['16','17','18','19','20','21']",,"sg_app","open",1,"[PREMIUM]","1,2,3,4,6"
"l_xAqMGpPUQKYw9QTxqRjqbUqZ0bknszXVVMbCW3DkVNU1Q1bVMfdwlkZgS65U3gSlZ","2026-08-23 23:58:17.043","2026-09-05 00:32:49.360","l_xAqMGpPUQKYw9QTxqRjqbUqZ0bknszXVVMbCW3DkVNU1Q1bVMfdwlkZgS65U3gSlZ","18362756","[PREMIUM]","[PREMIUM]","[PREMIUM]","301","Section 301","12",2,"['15','16']",,"sg_app","open",2,"[PREMIUM]","2"
"lxVsdRbgn8L","2026-08-23 23:58:17.043","2026-09-05 00:32:49.360","lxVsdRbgn8L","18362756","[PREMIUM]","[PREMIUM]","[PREMIUM]","CL32","Club 32","6",6,"['8','9','10','11','12','13']","2027-03-07 00:00:00","electronic","exchange",1,"[PREMIUM]","1,2,3,4,6"
"lxVsdRbgnKz","2026-08-23 23:58:17.043","2026-09-05 00:32:49.360","lxVsdRbgnKz","18362756","[PREMIUM]","[PREMIUM]","[PREMIUM]","306","Section 306","10",4,"['14','15','16','17']","2027-03-07 00:00:00","electronic","exchange",5,"[PREMIUM]","1,2,4"
"mxAs4x7eM7J","2026-08-23 23:58:17.043","2026-09-05 00:32:49.360","mxAs4x7eM7J","18362756","[PREMIUM]","[PREMIUM]","[PREMIUM]","131","Section 131","6",3,"['3','4','5']","2027-03-07 00:00:00","electronic","exchange",2,"[PREMIUM]","1,3"
"mxAs4x7eMap","2026-08-23 23:58:17.043","2026-09-05 00:32:49.360","mxAs4x7eMap","18362756","[PREMIUM]","[PREMIUM]","[PREMIUM]","CL30","Club 30","5",5,"['9','10','11','12','13']","2027-03-07 00:00:00","electronic","exchange",2,"[PREMIUM]","1,2,3,5"
"nx0srK8vbOD","2026-08-23 23:58:17.043","2026-09-05 00:32:49.360","nx0srK8vbOD","18362756","[PREMIUM]","[PREMIUM]","[PREMIUM]","133","Section 133","12",6,"['7','8','9','10','11','12']","2027-03-07 00:00:00","electronic","exchange",2,"[PREMIUM]","1,2,3,4,6"
"nx0srK8vbaM","2026-08-23 23:58:17.043","2026-09-05 00:32:49.360","nx0srK8vbaM","18362756","[PREMIUM]","[PREMIUM]","[PREMIUM]","313","Section 313","6",6,"['7','8','9','10','11','12']","2027-03-07 00:00:00","electronic","exchange",3,"[PREMIUM]","1,2,3,4,6"
"oV7Hb6jokjV","2026-08-23 23:58:17.043","2026-09-05 00:32:49.360","oV7Hb6jokjV","18362756","[PREMIUM]","[PREMIUM]","[PREMIUM]","123","Section 123","23",2,"['7','8']","2027-03-07 00:00:00","electronic","exchange",1,"[PREMIUM]","2"
"oV7Hb6jokwx","2026-08-23 23:58:17.043","2026-09-05 00:32:49.360","oV7Hb6jokwx","18362756","[PREMIUM]","[PREMIUM]","[PREMIUM]","CL23","Club 23","5",4,"['1','2','3','4']","2027-03-07 00:00:00","electronic","exchange",1,"[PREMIUM]","1,2,4"
"qVjH2mvMlL6","2026-08-23 23:58:17.043","2026-09-05 00:32:49.360","qVjH2mvMlL6","18362756","[PREMIUM]","[PREMIUM]","[PREMIUM]","133","Section 133","25",2,"['8','9']","2027-03-07 00:00:00","electronic","exchange",5,"[PREMIUM]","2"
"qVjH2mvMlPb","2026-08-23 23:58:17.043","2026-09-05 00:32:49.360","qVjH2mvMlPb","18362756","[PREMIUM]","[PREMIUM]","[PREMIUM]","116","Section 116","16",8,"['3','4','5','6','7','8','9','10']","2027-03-07 00:00:00","electronic","exchange",2,"[PREMIUM]","1,2,3,4,5,6,8"
"rVOHkpKoVwe","2026-08-23 23:58:17.043","2026-09-05 00:32:49.360","rVOHkpKoVwe","18362756","[PREMIUM]","[PREMIUM]","[PREMIUM]","314","Section 314","4",12,"['4','5','6','7','8','9','10','11','12','13','14','15']","2027-03-07 00:00:00","electronic","exchange",1,"[PREMIUM]","1,2,3,4,5,6,7,8,9,10,12"
"rVOHkpKoV4G","2026-08-23 23:58:17.043","2026-09-05 00:32:49.360","rVOHkpKoV4G","18362756","[PREMIUM]","[PREMIUM]","[PREMIUM]","118","Section 118","8",6,"['5','6','7','8','9','10']","2027-03-07 00:00:00","electronic","exchange",0,"[PREMIUM]","1,2,3,4,6"
"vb3iPw8zxBN","2026-08-23 23:58:17.043","2026-09-05 00:32:49.360","vb3iPw8zxBN","18362756","[PREMIUM]","[PREMIUM]","[PREMIUM]","116","Section 116","13",6,"['3','4','5','6','7','8']","2027-03-07 00:00:00","electronic","exchange",2,"[PREMIUM]","1,2,3,4,6"
"w3Jse86l7MN","2026-08-23 23:58:17.043","2026-09-05 00:32:49.360","w3Jse86l7MN","18362756","[PREMIUM]","[PREMIUM]","[PREMIUM]","108","Section 108","13",9,"['15','16','17','18','19','20','21','22','23']","2027-03-07 00:00:00","electronic","exchange",0,"[PREMIUM]","1,2,3,4,5,6,7,9"
"w3Jse86l7Po","2026-08-23 23:58:17.043","2026-09-05 00:32:49.360","w3Jse86l7Po","18362756","[PREMIUM]","[PREMIUM]","[PREMIUM]","324","Section 324","12",22,"['1','2','3','4','5','6','7','8','9','10','11','12','13','14','15','16','17','18','19','20','21','22']","2027-03-07 00:00:00","electronic","exchange",3,"[PREMIUM]","1,2,3,4,5,6,7,8,9,10,11,12,13,14,15,16,17,18,19,20,22"
"w3Jse86l7XK","2026-08-23 23:58:17.043","2026-09-05 00:32:49.360","w3Jse86l7XK","18362756","[PREMIUM]","[PREMIUM]","[PREMIUM]","118","Section 118","25",2,"['11','12']","2027-03-07 00:00:00","electronic","exchange",2,"[PREMIUM]","2"
"xb9iml8LdKo","2026-08-23 23:58:17.043","2026-09-05 00:32:49.360","xb9iml8LdKo","18362756","[PREMIUM]","[PREMIUM]","[PREMIUM]","103","Section 103","15",2,"['11','12']","2027-03-07 00:00:00","electronic","exchange",2,"[PREMIUM]","2"
"z3Es6v4mK20","2026-08-23 23:58:17.043","2026-09-05 00:32:49.360","z3Es6v4mK20","18362756","[PREMIUM]","[PREMIUM]","[PREMIUM]","132","Section 132","26",4,"['3','4','5','6']","2027-03-07 00:00:00","electronic","exchange",1,"[PREMIUM]","1,2,4"
"z3Es6v4mKXP","2026-08-23 23:58:17.043","2026-09-05 00:32:49.360","z3Es6v4mKXP","18362756","[PREMIUM]","[PREMIUM]","[PREMIUM]","120","Section 120","23",2,"['5','6']","2027-03-07 00:00:00","electronic","exchange",4,"[PREMIUM]","2"
"kYet9mPnEGa","2026-08-23 23:58:12.499","2026-08-23 23:58:12.499","kYet9mPnEGa","18377172","[PREMIUM]","[PREMIUM]","[PREMIUM]","107","Section 107","1",4,"[]","2027-03-05 00:00:00","electronic","exchange",0,"[PREMIUM]","2,4"
"pVXHD7P7Awx","2026-08-23 23:58:12.499","2026-09-05 00:29:47.580","pVXHD7P7Awx","18377172","[PREMIUM]","[PREMIUM]","[PREMIUM]","107","Section 107","1",4,"['1','2','3','4']","2027-03-05 00:00:00","electronic","exchange",1,"[PREMIUM]","1,2,4"
"X03tKl3k07R","2026-08-23 23:57:22.599","2026-08-23 23:57:22.599","X03tKl3k07R","18378067","[PREMIUM]","[PREMIUM]","[PREMIUM]","204","Section 204","d",2,"[]","2027-03-08 00:00:00","electronic","exchange",1,"[PREMIUM]","2"
"jDvszkqGoVv","2026-08-23 23:57:22.599","2026-09-02 00:16:48.656","jDvszkqGoVv","18378067","[PREMIUM]","[PREMIUM]","[PREMIUM]","204","Section 204","f",15,"[]","2027-03-08 00:00:00","electronic","exchange",0,"[PREMIUM]","1,2,3,4,5,6,7,8,9,10,11,12,13,14,15"
"2v0czqKOLPO","2026-08-23 23:57:15.631","2026-09-05 00:31:03.598","2v0czqKOLPO","18377084","[PREMIUM]","[PREMIUM]","[PREMIUM]","114","Section 114","12",2,"[]","2027-03-07 00:00:00","electronic","exchange",3,"[PREMIUM]","2"
"9P2c5MRZVD0","2026-08-23 23:57:15.631","2026-08-28 01:47:01.860","9P2c5MRZVD0","18377084","[PREMIUM]","[PREMIUM]","[PREMIUM]","310","Section 310","15",2,"['1','2']","2027-03-08 00:00:00","electronic","exchange",0,"[PREMIUM]","2"
"9P2c5MPoq3L","2026-08-23 23:57:15.631","2026-09-05 00:31:03.598","9P2c5MPoq3L","18377084","[PREMIUM]","[PREMIUM]","[PREMIUM]","128","Section 128","12",8,"['1000','1001','1002','1003','1004','1005','1006','1007']","2027-03-08 00:00:00","electronic","exchange",1,"[PREMIUM]","1,2,3,4,5,6,8"
"GAaI60oB4z8","2026-08-23 23:57:15.631","2026-09-05 00:31:03.598","GAaI60oB4z8","18377084","[PREMIUM]","[PREMIUM]","[PREMIUM]","114","Section 114","12",2,"[]","2027-03-07 00:00:00","electronic","exchange",3,"[PREMIUM]","2"
"b4wUaolYmXz","2026-08-23 23:57:15.631","2026-08-31 00:42:48.177","b4wUaolYmXz","18377084","[PREMIUM]","[PREMIUM]","[PREMIUM]","128","Section 128","6",2,"[]","2027-03-08 00:00:00","electronic","exchange",1,"[PREMIUM]","2"
"kYet9mbEgNJ","2026-08-23 23:57:15.631","2026-08-27 01:12:47.760","kYet9mbEgNJ","18377084","[PREMIUM]","[PREMIUM]","[PREMIUM]","126","Section 126","15",2,"['1','2']","2027-03-07 00:00:00","electronic","exchange",0,"[PREMIUM]","2"
"lxVsdRGNYlv","2026-08-23 23:57:15.631","2026-08-23 23:57:15.631","lxVsdRGNYlv","18377084","[PREMIUM]","[PREMIUM]","[PREMIUM]","128","Section 128","14",4,"[]","2027-03-08 00:00:00","electronic","exchange",1,"[PREMIUM]","1,2,3,4"
"rVOHkpGvqNb","2026-08-23 23:57:15.631","2026-08-23 23:57:15.631","rVOHkpGvqNb","18377084","[PREMIUM]","[PREMIUM]","[PREMIUM]","326","Section 326","13",8,"[]","2027-03-08 00:00:00","electronic","exchange",1,"[PREMIUM]","1,2,3,4,5,6,7,8"
"xb9imlpApPd","2026-08-23 23:57:15.631","2026-08-30 00:02:20.183","xb9imlpApPd","18377084","[PREMIUM]","[PREMIUM]","[PREMIUM]","128","Section 128","6",2,"[]","2027-03-08 00:00:00","electronic","exchange",1,"[PREMIUM]","2"
"l_0wMlZYlimAnrvxinqEpnpcmneG0KhmL8nJkcg49D3yidDK3Lc9xgMbrSbMUwdbskRw","2026-08-23 23:57:11.219","2026-09-05 00:30:29.312","l_0wMlZYlimAnrvxinqEpnpcmneG0KhmL8nJkcg49D3yidDK3Lc9xgMbrSbMUwdbskRw","18369627","[PREMIUM]","[PREMIUM]","[PREMIUM]","125","Section 125","16",3,"['7','8','9']",,"sg_app","open",4,"[PREMIUM]","1,3"
"l_3mpl9Ylhg1nLpdu9qAx9xHPqnEK0SKAgMK4Cp3kAZpSpyY846T8WmbNXSBQI4ZlcV6k","2026-08-23 23:57:11.219","2026-09-05 00:30:29.312","l_3mpl9Ylhg1nLpdu9qAx9xHPqnEK0SKAgMK4Cp3kAZpSpyY846T8WmbNXSBQI4ZlcV6k","18369627","[PREMIUM]","[PREMIUM]","[PREMIUM]","205","Section 205","8",7,"['11','12','13','14','15','16','17']",,"sg_app","open",3,"[PREMIUM]","1,2,3,4,5"
"l_3mpl9Ylhg1nLpdu9qAx9xHPqnEK0S3J9REzSpEDQNzIXzLWMMh2nAlW0uBQI4X8UV4x","2026-08-23 23:57:11.219","2026-09-05 00:30:29.312","l_3mpl9Ylhg1nLpdu9qAx9xHPqnEK0S3J9REzSpEDQNzIXzLWMMh2nAlW0uBQI4X8UV4x","18369627","[PREMIUM]","[PREMIUM]","[PREMIUM]","210","Section 210","4",3,"['3','4','5']",,"sg_app","open",1,"[PREMIUM]","1,3"
"l_8pWLmYLi3wPN25umWRqmqs6QKG2WfXgnl6gcnRZngzfbK88prH69lgjqfk2c0J5IlR3","2026-08-23 23:57:11.219","2026-08-31 00:42:44.047","l_8pWLmYLi3wPN25umWRqmqs6QKG2WfXgnl6gcnRZngzfbK88prH69lgjqfk2c0J5IlR3","18369627","[PREMIUM]","[PREMIUM]","[PREMIUM]","112","Section 112","18",8,"['7','8','9','10','11','12','13','14']",,"sg_app","open",5,"[PREMIUM]","1,2,3,4,5,6"
"l_8pWLmYLi3wPN25umWRqmqs6QKG2WfEEeK12HnXe9wNFY0YLYkInRJEngCk2cAYNHqJA","2026-08-23 23:57:11.219","2026-09-05 00:30:29.312","l_8pWLmYLi3wPN25umWRqmqs6QKG2WfEEeK12HnXe9wNFY0YLYkInRJEngCk2cAYNHqJA","18369627","[PREMIUM]","[PREMIUM]","[PREMIUM]","218","Section 218","5",8,"['10','11','12','13','14','15','16','17']",,"sg_app","open",1,"[PREMIUM]","1,2,3,4,5,6"
"l_DZq5eY5iJZDz2qtzrKpzpIBxYP94TbReR96H23gqmXfB04qmJTL6n2K1CAgTPEeH6eL","2026-08-23 23:57:11.219","2026-09-03 00:43:08.352","l_DZq5eY5iJZDz2qtzrKpzpIBxYP94TbReR96H23gqmXfB04qmJTL6n2K1CAgTPEeH6eL","18369627","[PREMIUM]","[PREMIUM]","[PREMIUM]","229","Section 229","5",4,"['15','16','17','18']",,"sg_app","open",2,"[PREMIUM]","1,2,4"
"l_M9G46R4C30rNQGuLGmDLDIN8eZ3EtYZWXJWc0J1Z4bueXWWj6u5k6dq8tMmS9Jzt3RG","2026-08-23 23:57:11.219","2026-09-05 00:30:29.312","l_M9G46R4C30rNQGuLGmDLDIN8eZ3EtYZWXJWc0J1Z4bueXWWj6u5k6dq8tMmS9Jzt3RG","18369627","[PREMIUM]","[PREMIUM]","[PREMIUM]","106","Section 106","16",1,"['7']",,"sg_app","open",0,"[PREMIUM]","1"
"l_GBVEAqEiXJM0lVI9NKY9YH93RBp5hVRKBN1TlW8AxKh9jQereIx3LQmXfJ5f3jnIDPZ","2026-08-23 23:57:11.219","2026-09-05 00:30:29.312","l_GBVEAqEiXJM0lVI9NKY9YH93RBp5hVRKBN1TlW8AxKh9jQereIx3LQmXfJ5f3jnIDPZ","18369627","[PREMIUM]","[PREMIUM]","[PREMIUM]","228","Section 228","3",8,"['5','6','7','8','9','10','11','12']",,"sg_app","open",1,"[PREMIUM]","1,2,3,4,5,6"
"l_M9G46R4C30rNQGuLGmDLDIN8eZ3EtABDL5kt0jlgV1UYxyyNVH0mzm1khMmSMPmCQ9y","2026-08-23 23:57:11.219","2026-09-03 00:43:08.352","l_M9G46R4C30rNQGuLGmDLDIN8eZ3EtABDL5kt0jlgV1UYxyyNVH0mzm1khMmSMPmCQ9y","18369627","[PREMIUM]","[PREMIUM]","[PREMIUM]","223","Section 223","6",5,"['1','2','3','4','5']",,"sg_app","open",3,"[PREMIUM]","1,2,3,5"
"l_R9kYqgYCLmgybzcDBRvDvceB5Xy1c8eMeXViJ5A61LUpgjmqJuWmk5RpTEvuQp0CBLl","2026-08-23 23:57:11.219","2026-09-04 01:47:43.381","l_R9kYqgYCLmgybzcDBRvDvceB5Xy1c8eMeXViJ5A61LUpgjmqJuWmk5RpTEvuQp0CBLl","18369627","[PREMIUM]","[PREMIUM]","[PREMIUM]","229","Section 229","6",6,"['1','2','3','4','5','6']",,"sg_app","open",0,"[PREMIUM]","1,2,3,4,6"
"l_N9J0Ep0CZJwA90sgkNwgws4509WXc2qjqxRiRPwdg2s9W50M2feqXNKAUQkIWYni9l6","2026-08-23 23:57:11.219","2026-09-05 00:30:29.312","l_N9J0Ep0CZJwA90sgkNwgws4509WXc2qjqxRiRPwdg2s9W50M2feqXNKAUQkIWYni9l6","18369627","[PREMIUM]","[PREMIUM]","[PREMIUM]","123","Section 123","13",1,"['5']",,"sg_app","open",0,"[PREMIUM]","1"
"l_P9WYEGYCxqLRlWS8jme8eh9Kqx41hdlp9W3t88rjXXhvg0q41fBW92pqURGcZ8Eu25V","2026-08-23 23:57:11.219","2026-09-05 00:30:29.312","l_P9WYEGYCxqLRlWS8jme8eh9Kqx41hdlp9W3t88rjXXhvg0q41fBW92pqURGcZ8Eu25V","18369627","[PREMIUM]","[PREMIUM]","[PREMIUM]","Club 12","Club 12","whl",2,"['1','2']",,"sg_app","open",0,"[PREMIUM]","2"
"l_X9nYp3YCLB1gVncmzq8m8sGZPkyWC5pgvwwF2LNyP3FwlDKL8Tzr1QK4TnKCnnGtZZ5","2026-08-23 23:57:11.219","2026-09-05 00:30:29.312","l_X9nYp3YCLB1gVncmzq8m8sGZPkyWC5pgvwwF2LNyP3FwlDKL8Tzr1QK4TnKCnnGtZZ5","18369627","[PREMIUM]","[PREMIUM]","[PREMIUM]","226","Section 226","2",1,"['9']",,"sg_app","open",0,"[PREMIUM]","1"
"l_m43MVBMu2zMPLDhNRG0N0fzVMQm9iXAnM1ytxzRp4GHGmw4bzcYMLJjImbT156IxYz","2026-08-23 23:57:11.219","2026-09-05 00:30:29.312","l_m43MVBMu2zMPLDhNRG0N0fzVMQm9iXAnM1ytxzRp4GHGmw4bzcYMLJjImbT156IxYz","18369627","[PREMIUM]","[PREMIUM]","[PREMIUM]","212","Section 212","4",2,"['7','8']",,"sg_app","open",1,"[PREMIUM]","2"
"l_lAEVPpVUdNgbn2CZdjPZPtMwpzykU0QBg6LFZ125JpfQp4znyu4PRe82uw9sNm4uPZk","2026-08-23 23:57:11.219","2026-09-05 00:30:29.312","l_lAEVPpVUdNgbn2CZdjPZPtMwpzykU0QBg6LFZ125JpfQp4znyu4PRe82uw9sNm4uPZk","18369627","[PREMIUM]","[PREMIUM]","[PREMIUM]","110","Section 110","17",4,"['10','11','12','13']",,"sg_app","open",2,"[PREMIUM]","1,2,4"
"l_m43MVBMu2zMPLDhNRG0N0fzVMQm9iEJBMPJI3x53pEsnNLLXWTVgG1RvcmbT3JPsJyD","2026-08-23 23:57:11.219","2026-09-05 00:30:29.312","l_m43MVBMu2zMPLDhNRG0N0fzVMQm9iEJBMPJI3x53pEsnNLLXWTVgG1RvcmbT3JPsJyD","18369627","[PREMIUM]","[PREMIUM]","[PREMIUM]","112","Section 112","14",4,"['8','9','10','11']",,"sg_app","open",2,"[PREMIUM]","1,2,4"
"l_w3VkQAkf6Gl5nPU4MYL4LCMwN1vxU9bG4KWCzNWXm2fJG6ZnBCGNK14ySX2INmQTqjl","2026-08-23 23:57:11.219","2026-09-05 00:30:29.312","l_w3VkQAkf6Gl5nPU4MYL4LCMwN1vxU9bG4KWCzNWXm2fJG6ZnBCGNK14ySX2INmQTqjl","18369627","[PREMIUM]","[PREMIUM]","[PREMIUM]","227","Section 227","6",2,"['12','13']",,"sg_app","open",2,"[PREMIUM]","2"
"l_xPM6Qj6SMvpb1GuM20rMrhAn614lC3yRpLGUDn33QQfW8PlrWTvMxRNvTwQspyEfgkK","2026-08-23 23:57:11.219","2026-08-31 00:42:44.047","l_xPM6Qj6SMvpb1GuM20rMrhAn614lC3yRpLGUDn33QQfW8PlrWTvMxRNvTwQspyEfgkK","18369627","[PREMIUM]","[PREMIUM]","[PREMIUM]","126","Section 126","20",8,"['11','12','13','14','15','16','17','18']",,"sg_app","open",0,"[PREMIUM]","1,2,3,4,5,6"
"mo48je9","2026-08-23 23:57:11.219","2026-09-05 00:30:29.312","mo48je9","18369627","[PREMIUM]","[PREMIUM]","[PREMIUM]","104","Section 104","2",2,"['8','9']",,"electronic","open_marketplace",2,"[PREMIUM]","2"
"9P2c5MRXzXl","2026-08-23 23:57:06.342","2026-09-05 00:29:16.848","9P2c5MRXzXl","18378398","[PREMIUM]","[PREMIUM]","[PREMIUM]","216A","Section 216 A","1",4,"[]","2027-03-05 00:00:00","electronic","exchange",1,"[PREMIUM]","4"
"JABI3Eo9l7R","2026-08-23 23:57:06.342","2026-09-05 00:29:16.848","JABI3Eo9l7R","18378398","[PREMIUM]","[PREMIUM]","[PREMIUM]","207","Section 207","1",4,"[]","2027-03-05 00:00:00","electronic","exchange",2,"[PREMIUM]","4"
"Kezczqj8P6G","2026-08-23 23:57:06.342","2026-08-28 01:46:48.987","Kezczqj8P6G","18378398","[PREMIUM]","[PREMIUM]","[PREMIUM]","223","Section 223","8",2,"['10','11']","2027-03-06 00:00:00","electronic","exchange",0,"[PREMIUM]","2"
"LbviL8a2Y57","2026-08-23 23:57:06.342","2026-09-02 00:16:20.549","LbviL8a2Y57","18378398","[PREMIUM]","[PREMIUM]","[PREMIUM]","212","Section 212","15",2,"[]","2027-03-06 00:00:00","electronic","exchange",1,"[PREMIUM]","2"
"NrqUv6Xng4j","2026-08-23 23:57:06.342","2026-08-28 01:46:48.987","NrqUv6Xng4j","18378398","[PREMIUM]","[PREMIUM]","[PREMIUM]","223","Section 223","7",2,"['7','8']","2027-03-06 00:00:00","electronic","exchange",0,"[PREMIUM]","2"
"Zm9hvJDEKgX","2026-08-23 23:57:06.342","2026-09-05 00:29:16.848","Zm9hvJDEKgX","18378398","[PREMIUM]","[PREMIUM]","[PREMIUM]","111","Section 111","2",2,"[]","2027-03-05 00:00:00","electronic","exchange",1,"[PREMIUM]","2"
"nx0srK80d5o","2026-08-23 23:57:06.342","2026-09-05 00:29:16.848","nx0srK80d5o","18378398","[PREMIUM]","[PREMIUM]","[PREMIUM]","207","Section 207","1",4,"['7','8','9','10']","2027-03-04 00:00:00","electronic","exchange",3,"[PREMIUM]","4"
"qVjH2mvn7l5","2026-08-23 23:57:06.342","2026-09-02 00:16:20.549","qVjH2mvn7l5","18378398","[PREMIUM]","[PREMIUM]","[PREMIUM]","109","Section 109","14",2,"[]","2027-03-06 00:00:00","electronic","exchange",0,"[PREMIUM]","1,2"
"rVOHkpK6gJJ","2026-08-23 23:57:06.342","2026-09-05 00:29:16.848","rVOHkpK6gJJ","18378398","[PREMIUM]","[PREMIUM]","[PREMIUM]","207","Section 207","1",4,"[]","2027-03-05 00:00:00","electronic","exchange",2,"[PREMIUM]","4"
"MAeIP379LE2","2026-08-23 23:56:47.652","2026-08-28 01:46:24.774","MAeIP379LE2","18376839","[PREMIUM]","[PREMIUM]","[PREMIUM]","304","Section 304","1",2,"['17','18']","2027-03-06 00:00:00","electronic","exchange",0,"[PREMIUM]","2"
"agktlM54wm3","2026-08-23 23:56:47.652","2026-08-28 01:46:24.774","agktlM54wm3","18376839","[PREMIUM]","[PREMIUM]","[PREMIUM]","324","Section 324","1",2,"['11','12']","2027-03-06 00:00:00","electronic","exchange",0,"[PREMIUM]","2"
"3q7fNLPP7jb","2026-08-23 23:56:07.614","2026-09-03 00:37:58.775","3q7fNLPP7jb","18377252","[PREMIUM]","[PREMIUM]","[PREMIUM]","329","Section 329","14",5,"[]","2027-03-06 00:00:00","electronic","exchange",2,"[PREMIUM]","1,2,3,5"
"8lKt6aNZx56","2026-08-23 23:56:07.614","2026-08-28 01:48:39.611","8lKt6aNZx56","18377252","[PREMIUM]","[PREMIUM]","[PREMIUM]","322","Section 322","9",2,"['15','16']","2027-03-07 00:00:00","electronic","exchange",0,"[PREMIUM]","2"
"PX0sgqbzM6e","2026-08-23 23:56:07.614","2026-08-31 00:40:43.282","PX0sgqbzM6e","18377252","[PREMIUM]","[PREMIUM]","[PREMIUM]","329","Section 329","14",8,"[]","2027-03-07 00:00:00","electronic","exchange",1,"[PREMIUM]","1,2,3,4,5,6,7,8"
"ROXHz2XO5Jq","2026-08-23 23:56:07.614","2026-08-31 00:40:43.282","ROXHz2XO5Jq","18377252","[PREMIUM]","[PREMIUM]","[PREMIUM]","329","Section 329","11",8,"[]","2027-03-07 00:00:00","electronic","exchange",1,"[PREMIUM]","1,2,3,4,5,6,7,8"
"YgJtk0lpZR7","2026-08-23 23:56:07.614","2026-09-04 11:19:04.839","YgJtk0lpZR7","18377252","[PREMIUM]","[PREMIUM]","[PREMIUM]","301","Section 301","1",2,"['1','2']","2027-03-05 00:00:00","electronic","exchange",5,"[PREMIUM]","2"
"oV7Hb6PXYzv","2026-08-23 23:56:07.614","2026-08-28 01:48:39.611","oV7Hb6PXYzv","18377252","[PREMIUM]","[PREMIUM]","[PREMIUM]","331","Section 331","10",2,"['1','2']","2027-03-07 00:00:00","electronic","exchange",0,"[PREMIUM]","2"
"pVXHD7PqonB","2026-08-23 23:56:07.614","2026-08-23 23:56:07.614","pVXHD7PqonB","18377252","[PREMIUM]","[PREMIUM]","[PREMIUM]","334","Section 334","1",2,"[]","2027-03-07 00:00:00","electronic","exchange",5,"[PREMIUM]","2"
"2v0czq4nX40","2026-08-23 23:54:49.019","2026-09-04 11:18:59.563","2v0czq4nX40","18378561","[PREMIUM]","[PREMIUM]","[PREMIUM]","LOGE17","Section Loge 17","18",3,"[]","2027-03-06 00:00:00","electronic","exchange",1,"[PREMIUM]","3"
"EroUXgBjrK8","2026-08-23 23:54:49.019","2026-09-04 11:18:59.563","EroUXgBjrK8","18378561","[PREMIUM]","[PREMIUM]","[PREMIUM]","BAL312","Balcony 312","13",4,"['19','20','21','22']","2027-03-07 00:00:00","electronic","exchange",2,"[PREMIUM]","1,2,3,4"
"MAeIP37XK3j","2026-08-23 23:54:49.019","2026-08-23 23:54:49.019","MAeIP37XK3j","18378561","[PREMIUM]","[PREMIUM]","[PREMIUM]","BAL311","Balcony 311","6",2,"[]","2027-03-07 00:00:00","electronic","exchange",2,"[PREMIUM]","2"
"PX0sgqbDqpm","2026-08-23 23:54:49.019","2026-09-04 11:18:59.563","PX0sgqbDqpm","18378561","[PREMIUM]","[PREMIUM]","[PREMIUM]","BAL315","Balcony 315","11",2,"[]","2027-03-06 00:00:00","electronic","exchange",2,"[PREMIUM]","2"
"PX0sgqb2jzZ","2026-08-23 23:54:49.019","2026-09-04 11:18:59.563","PX0sgqb2jzZ","18378561","[PREMIUM]","[PREMIUM]","[PREMIUM]","BAL312","Balcony 312","10",4,"['9','10','11','12']","2027-03-07 00:00:00","electronic","exchange",1,"[PREMIUM]","1,2,3,4"
"dNgUgp74nNk","2026-08-23 23:54:49.019","2026-08-23 23:54:49.019","dNgUgp74nNk","18378561","[PREMIUM]","[PREMIUM]","[PREMIUM]","BAL315","Balcony 315","11",2,"[]","2027-03-07 00:00:00","electronic","exchange",3,"[PREMIUM]","2"
"mxAs4x7XdVN","2026-08-23 23:54:49.019","2026-09-04 11:18:59.563","mxAs4x7XdVN","18378561","[PREMIUM]","[PREMIUM]","[PREMIUM]","BAL315","Balcony 315","11",2,"['14','15']","2027-03-05 00:00:00","electronic","exchange",4,"[PREMIUM]","2"
"nx0srKP3g9M","2026-08-23 23:54:49.019","2026-09-04 11:18:59.563","nx0srKP3g9M","18378561","[PREMIUM]","[PREMIUM]","[PREMIUM]","BAL311","Balcony 311","6",2,"[]","2027-03-06 00:00:00","electronic","exchange",2,"[PREMIUM]","2"
"l_2qxLZ23trlPwbWfbnQ32xfRwvZYvhnpVd6VU6Bq5MlhBp220vflJx8DycVJhX9EHWlK","2026-08-23 23:54:46.100","2026-08-25 23:19:26.134","l_2qxLZ23trlPwbWfbnQ32xfRwvZYvhnpVd6VU6Bq5MlhBp220vflJx8DycVJhX9EHWlK","18369626","[PREMIUM]","[PREMIUM]","[PREMIUM]","106","Section 106","21",4,"['9','10','11','12']",,"sg_app","open",3,"[PREMIUM]","1,2,4"
"l_6MwZGl3h2q1vNEh2NqQlJUBelEGlfzqjxvDC9bmLyQtw45gddTy1x9BKcKkH3A1T86m","2026-08-23 23:54:46.100","2026-09-05 00:29:38.946","l_6MwZGl3h2q1vNEh2NqQlJUBelEGlfzqjxvDC9bmLyQtw45gddTy1x9BKcKkH3A1T86m","18369626","[PREMIUM]","[PREMIUM]","[PREMIUM]","206","Section 206","6",8,"['7','8','9','10','11','12','13','14']",,"sg_app","open",2,"[PREMIUM]","1,2,3,4,5,6"
"l_9pmBWxNHGVpgWkuN18XB2UgPB8eBCMqAjk9ixL5MXJSjDYRzwsRxGxQnuN9Cq06hZmx","2026-08-23 23:54:46.100","2026-08-31 00:40:42.731","l_9pmBWxNHGVpgWkuN18XB2UgPB8eBCMqAjk9ixL5MXJSjDYRzwsRxGxQnuN9Cq06hZmx","18369626","[PREMIUM]","[PREMIUM]","[PREMIUM]","120","Section 120","12",3,"['4','5','6']",,"sg_app","open",2,"[PREMIUM]","1,3"
"l_8RLpgxvS3wPN25umWR95AcVl50G5hkx430eunMnbbWTp1N61giZgylDKCk2cvPzCE31","2026-08-23 23:54:46.100","2026-09-05 00:29:38.946","l_8RLpgxvS3wPN25umWR95AcVl50G5hkx430eunMnbbWTp1N61giZgylDKCk2cvPzCE31","18369626","[PREMIUM]","[PREMIUM]","[PREMIUM]","124","Section 124","20",4,"['3','4','5','6']",,"sg_app","open",2,"[PREMIUM]","1,2,4"
"l_8RLpgxvS3wPN25umWR95AcVl50G5hm9lvxlHR1zADghBeMqD8i4K0wmbck2clYgTDJx","2026-08-23 23:54:46.100","2026-09-05 00:29:38.946","l_8RLpgxvS3wPN25umWR95AcVl50G5hm9lvxlHR1zADghBeMqD8i4K0wmbck2clYgTDJx","18369626","[PREMIUM]","[PREMIUM]","[PREMIUM]","118","Section 118","13",2,"['3','4']",,"sg_app","open",1,"[PREMIUM]","2"
"l_8RLpgxvS3wPN25umWR95AcVl50G5hmgZd8nunXG9znC2Ypzx5Cx91jL0Ck2cjW9T9Bp","2026-08-23 23:54:46.100","2026-09-05 00:29:38.946","l_8RLpgxvS3wPN25umWR95AcVl50G5hmgZd8nunXG9znC2Ypzx5Cx91jL0Ck2cjW9T9Bp","18369626","[PREMIUM]","[PREMIUM]","[PREMIUM]","Club 35","Club 35","4",8,"['5','6','7','8','9','10','11','12']",,"sg_app","open",2,"[PREMIUM]","1,2,3,4,5,6"
"l_Dd5Z0xjFJZDz2qtzrKkMPhNA5mP5Hmbg8BwT3kzbMbuVwz2Abtd2qwg3hAgT4xDtBl4","2026-08-23 23:54:46.100","2026-09-05 00:29:38.946","l_Dd5Z0xjFJZDz2qtzrKkMPhNA5mP5Hmbg8BwT3kzbMbuVwz2Abtd2qwg3hAgT4xDtBl4","18369626","[PREMIUM]","[PREMIUM]","[PREMIUM]","221","Section 221","4",2,"['15','16']",,"sg_app","open",2,"[PREMIUM]","2"
"l_Dd5Z0xjFJZDz2qtzrKkMPhNA5mP5Hxnp2JRT2Jjj66inj95znsd5pQWduAgTdxpTMlm","2026-08-23 23:54:46.100","2026-09-05 00:29:38.946","l_Dd5Z0xjFJZDz2qtzrKkMPhNA5mP5Hxnp2JRT2Jjj66inj95znsd5pQWduAgTdxpTMlm","18369626","[PREMIUM]","[PREMIUM]","[PREMIUM]","126","Section 126","sro",6,"['15','16','17','18','19','20']",,"sg_app","open",1,"[PREMIUM]","1,2,3,4,6"
"l_G3EB0xGIXJM0lVI9NKWpQfgxlWBlCKek1mwHl155dduPpYJ4PSEVvNeEFJ5fEPliYlk","2026-08-23 23:54:46.100","2026-09-03 00:40:05.470","l_G3EB0xGIXJM0lVI9NKWpQfgxlWBlCKek1mwHl155dduPpYJ4PSEVvNeEFJ5fEPliYlk","18369626","[PREMIUM]","[PREMIUM]","[PREMIUM]","126","Section 126","12",2,"['1','2']",,"sg_app","open",2,"[PREMIUM]","2"
"l_KveW0xLiqnvlXpu1w2EPrI5Dx1wxIP5JgGPH9VBGmzc9YlNYLClk31DAUlJh5q1iZpv","2026-08-23 23:54:46.100","2026-09-05 00:29:38.946","l_KveW0xLiqnvlXpu1w2EPrI5Dx1wxIP5JgGPH9VBGmzc9YlNYLClk31DAUlJh5q1iZpv","18369626","[PREMIUM]","[PREMIUM]","[PREMIUM]","Club 09","Club 09","3",1,"['7']",,"sg_app","open",2,"[PREMIUM]","1"
"l_Lj190xmHQV1EbBFQN8g5Gi5ydVBdIY90we3TPexLQ4czGMkNI2qrwVJfmETXg5iGP5","2026-08-23 23:54:46.100","2026-08-31 00:40:42.731","l_Lj190xmHQV1EbBFQN8g5Gi5ydVBdIY90we3TPexLQ4czGMkNI2qrwVJfmETXg5iGP5","18369626","[PREMIUM]","[PREMIUM]","[PREMIUM]","125","Section 125","19",5,"['3','4','5','6','7']",,"sg_app","open",2,"[PREMIUM]","1,2,3,5"
"l_Lj190xmHQV1EbBFQN8g5Gi5ydVBdIQjWEeAsnZDVBbHxZXARDu0vwLjLSmETNXLh3Gd","2026-08-23 23:54:46.100","2026-09-03 00:40:05.470","l_Lj190xmHQV1EbBFQN8g5Gi5ydVBdIQjWEeAsnZDVBbHxZXARDu0vwLjLSmETNXLh3Gd","18369626","[PREMIUM]","[PREMIUM]","[PREMIUM]","225","Section 225","3",4,"['5','6','7','8']",,"sg_app","open",0,"[PREMIUM]","1,2,4"
"l_QDY9vxpHeLVbJ0SdqyvGJIqQdjYdI2w254SAbvPnZcY1ddLEUmPy0YPug6Iyx4fQDv","2026-08-23 23:54:46.100","2026-08-31 00:40:42.731","l_QDY9vxpHeLVbJ0SdqyvGJIqQdjYdI2w254SAbvPnZcY1ddLEUmPy0YPug6Iyx4fQDv","18369626","[PREMIUM]","[PREMIUM]","[PREMIUM]","216","Section 216","4",4,"['1','2','3','4']",,"sg_app","open",0,"[PREMIUM]","1,2,4"
"l_QDY9vxpHeLVbJ0SdqyvGJIqQdjYdIzJMJxKsAnjDYmiYBNWz8CdxzvRnsg6IKBVCV5Z","2026-08-23 23:54:46.100","2026-09-05 00:29:38.946","l_QDY9vxpHeLVbJ0SdqyvGJIqQdjYdIzJMJxKsAnjDYmiYBNWz8CdxzvRnsg6IKBVCV5Z","18369626","[PREMIUM]","[PREMIUM]","[PREMIUM]","229","Section 229","6",2,"['11','12']",,"sg_app","open",1,"[PREMIUM]","2"
"l_WDY90x3HPpxqMjT8VmAkeIVL9wb9hLKrvB1I3VYGP0c0EN8m9HpqB1wpF0Jf02mC1ZZ","2026-08-23 23:54:46.100","2026-09-02 00:16:30.019","l_WDY90x3HPpxqMjT8VmAkeIVL9wb9hLKrvB1I3VYGP0c0EN8m9HpqB1wpF0Jf02mC1ZZ","18369626","[PREMIUM]","[PREMIUM]","[PREMIUM]","201","Section 201","whl",4,"['3','4','5','6']",,"sg_app","open",1,"[PREMIUM]","1,2,4"
"l_bEY4pMdFwAp6dBFwKqDgBin38ND8uwyzX8lH2Qyz16T8Qkw0KFL8MZ3FQ6Il5lUVw4","2026-08-23 23:54:46.100","2026-09-05 00:29:38.946","l_bEY4pMdFwAp6dBFwKqDgBin38ND8uwyzX8lH2Qyz16T8Qkw0KFL8MZ3FQ6Il5lUVw4","18369626","[PREMIUM]","[PREMIUM]","[PREMIUM]","212","Section 212","7",2,"['1','2']",,"sg_app","open",0,"[PREMIUM]","2"
"l_bEY4pMdFwAp6dBFwKqDgBin38ND8ublBdqJC08mdePt2mjBqKuKglb6bfQ6IQN9FAGL","2026-08-23 23:54:46.100","2026-09-03 00:40:05.470","l_bEY4pMdFwAp6dBFwKqDgBin38ND8ublBdqJC08mdePt2mjBqKuKglb6bfQ6IQN9FAGL","18369626","[PREMIUM]","[PREMIUM]","[PREMIUM]","225","Section 225","rls",3,"['3','13','14']",,"sg_app","open",2,"[PREMIUM]","1,3"
"l_dEY4GR8FlngQPAHeVJ9zZCke5Bb5ILAxBBDH4EzGzVt8BZjvwf1eYKkZfqGiZJQU2rL","2026-08-23 23:54:46.100","2026-08-31 00:40:42.731","l_dEY4GR8FlngQPAHeVJ9zZCke5Bb5ILAxBBDH4EzGzVt8BZjvwf1eYKkZfqGiZJQU2rL","18369626","[PREMIUM]","[PREMIUM]","[PREMIUM]","107","Section 107","14",7,"['5','6','7','8','9','10','11']",,"sg_app","open",5,"[PREMIUM]","1,2,3,4,5"
"l_dEY4GR8FlngQPAHeVJ9zZCke5Bb5IgR1E68TXzZ3E1TkD59DKsPD5AmehqGimYlFnDm","2026-08-23 23:54:46.100","2026-09-05 00:29:38.946","l_dEY4GR8FlngQPAHeVJ9zZCke5Bb5IgR1E68TXzZ3E1TkD59DKsPD5AmehqGimYlFnDm","18369626","[PREMIUM]","[PREMIUM]","[PREMIUM]","211","Section 211","5",7,"['9','10','11','12','13','14','15']",,"sg_app","open",0,"[PREMIUM]","1,2,3,4,5"
"l_dEY4GR8FlngQPAHeVJ9zZCke5Bb5IBmGG6rHyLBjwPc0gbnBJCj6G6VVsqGimwefnkd","2026-08-23 23:54:46.100","2026-09-05 00:29:38.946","l_dEY4GR8FlngQPAHeVJ9zZCke5Bb5IBmGG6rHyLBjwPc0gbnBJCj6G6VVsqGimwefnkd","18369626","[PREMIUM]","[PREMIUM]","[PREMIUM]","207","Section 207","7",6,"['5','6','7','8','9','10']",,"sg_app","open",0,"[PREMIUM]","1,2,3,4,6"
"l_qVB0wjPi3PWb4NuE2RQ9LFmDyQ4yI9jwlrjtbDdbP0i5QLLMxUvwVY8duNpCz1jH6MZ","2026-08-23 23:54:46.100","2026-09-04 01:45:53.619","l_qVB0wjPi3PWb4NuE2RQ9LFmDyQ4yI9jwlrjtbDdbP0i5QLLMxUvwVY8duNpCz1jH6MZ","18369626","[PREMIUM]","[PREMIUM]","[PREMIUM]","112","Section 112","13",1,"['9']",,"sg_app","open",0,"[PREMIUM]","1"
"l_vB5vMDyikvW2KEFG0Y5nRsQJjr5jIxyDmrmudEGM4DfPmEVgGsm3lY5bHXgIlbgHR0V","2026-08-23 23:54:46.100","2026-09-03 00:40:05.470","l_vB5vMDyikvW2KEFG0Y5nRsQJjr5jIxyDmrmudEGM4DfPmEVgGsm3lY5bHXgIlbgHR0V","18369626","[PREMIUM]","[PREMIUM]","[PREMIUM]","114","Section 114","20",4,"['7','8','9','10']",,"sg_app","open",5,"[PREMIUM]","1,2,4"
"l_zW3lBe5c9PQN15TKNjr3zUjWAyZAhdwwpd6UYgpX9pslJr0Ajubr01MbFEruqvksNYq","2026-08-23 23:54:46.100","2026-09-02 00:16:30.019","l_zW3lBe5c9PQN15TKNjr3zUjWAyZAhdwwpd6UYgpX9pslJr0Ajubr01MbFEruqvksNYq","18369626","[PREMIUM]","[PREMIUM]","[PREMIUM]","219","Section 219","11",8,"['3','4','5','6','7','8','9','10']",,"sg_app","open",1,"[PREMIUM]","1,2,3,4,5,6"
"l_zW3lBe5c9PQN15TKNjr3zUjWAyZAh0bbgJBcYbEYgmfrgvgl2IqYD1rZFErupenIklX","2026-08-23 23:54:46.100","2026-09-05 00:29:38.946","l_zW3lBe5c9PQN15TKNjr3zUjWAyZAh0bbgJBcYbEYgmfrgvgl2IqYD1rZFErupenIklX","18369626","[PREMIUM]","[PREMIUM]","[PREMIUM]","209","Section 209","7",5,"['13','14','15','16','17']",,"sg_app","open",1,"[PREMIUM]","1,2,3,5"
"v6evdn0","2026-08-23 23:54:46.100","2026-09-05 00:29:38.946","v6evdn0","18369626","[PREMIUM]","[PREMIUM]","[PREMIUM]","104","Section 104","2",2,"['8','9']",,"electronic","open_marketplace",3,"[PREMIUM]","2"
"7KntAgopbaG","2026-08-23 23:54:37.536","2026-09-05 00:34:41.865","7KntAgopbaG","18377658","[PREMIUM]","[PREMIUM]","[PREMIUM]","208","Section 208","18",2,"['21','22']","2027-03-06 00:00:00","electronic","exchange",0,"[PREMIUM]","2"
"DdwHkMboOBl","2026-08-23 23:54:37.536","2026-08-23 23:54:37.536","DdwHkMboOBl","18377658","[PREMIUM]","[PREMIUM]","[PREMIUM]","227","Section 227","17",2,"[]","2027-03-05 00:00:00","electronic","exchange",0,"[PREMIUM]","2"
"LbviL802r2A","2026-08-23 23:54:37.536","2026-08-28 01:46:40.848","LbviL802r2A","18377658","[PREMIUM]","[PREMIUM]","[PREMIUM]","112","Section 112","10",2,"['5','6']","2027-03-06 00:00:00","electronic","exchange",0,"[PREMIUM]","2"
"V4KU049jOq0","2026-08-23 23:54:37.536","2026-08-28 01:46:40.848","V4KU049jOq0","18377658","[PREMIUM]","[PREMIUM]","[PREMIUM]","102","Section 102","9",2,"['5','6']","2027-03-06 00:00:00","electronic","exchange",0,"[PREMIUM]","2"
"kYet9mb867K","2026-08-23 23:54:37.536","2026-09-05 00:34:41.865","kYet9mb867K","18377658","[PREMIUM]","[PREMIUM]","[PREMIUM]","210","Section 210","19",4,"['3','4','5','6']","2027-03-06 00:00:00","electronic","exchange",0,"[PREMIUM]","1,2,4"
"oV7Hb6PXYXV","2026-08-23 23:54:37.536","2026-08-28 01:46:40.848","oV7Hb6PXYXV","18377658","[PREMIUM]","[PREMIUM]","[PREMIUM]","104","Section 104","13",2,"['11','12']","2027-03-06 00:00:00","electronic","exchange",0,"[PREMIUM]","2"
"7KntAgP5wNz","2026-08-23 23:54:26.476","2026-09-05 00:29:10.546","7KntAgP5wNz","18377493","[PREMIUM]","[PREMIUM]","[PREMIUM]","119","Section 119","9",2,"[]","2027-03-05 00:00:00","electronic","exchange",2,"[PREMIUM]","2"
"YgJtk0JEndm","2026-08-23 23:54:26.476","2026-08-23 23:54:26.476","YgJtk0JEndm","18377493","[PREMIUM]","[PREMIUM]","[PREMIUM]","207","Section 207","3",5,"[]","2027-03-06 00:00:00","electronic","exchange",2,"[PREMIUM]","5"
"agktlMBKxxK","2026-08-23 23:54:26.476","2026-09-05 00:29:10.546","agktlMBKxxK","18377493","[PREMIUM]","[PREMIUM]","[PREMIUM]","119","Section 119","3",2,"[]","2027-03-05 00:00:00","electronic","exchange",1,"[PREMIUM]","2"
"lxVsdRbjZJv","2026-08-23 23:54:26.476","2026-09-05 00:29:10.546","lxVsdRbjZJv","18377493","[PREMIUM]","[PREMIUM]","[PREMIUM]","310","Section 310","9",6,"['1','2','3','4','5','6']","2026-08-10 00:00:00","electronic","exchange",0,"[PREMIUM]","2,4,6"
"nx0srK87e42","2026-08-23 23:54:26.476","2026-09-04 01:45:30.581","nx0srK87e42","18377493","[PREMIUM]","[PREMIUM]","[PREMIUM]","317","Section 317","11",4,"[]","2027-03-05 00:00:00","electronic","exchange",1,"[PREMIUM]","4"
"xb9imlooM0e","2026-08-23 23:54:26.476","2026-08-23 23:54:26.476","xb9imlooM0e","18377493","[PREMIUM]","[PREMIUM]","[PREMIUM]","208","Section 208","6",2,"[]","2027-03-05 00:00:00","electronic","exchange",1,"[PREMIUM]","2"
"05VT8l9M93d","2026-08-23 23:54:24.262","2026-08-23 23:54:24.262","05VT8l9M93d","18378642","[PREMIUM]","[PREMIUM]","[PREMIUM]","210","Section 210","1",3,"[]","2027-03-05 00:00:00","electronic","exchange",0,"[PREMIUM]","1,3"
"2v0czqK6Oxd","2026-08-23 23:54:24.262","2026-08-23 23:54:24.262","2v0czqK6Oxd","18378642","[PREMIUM]","[PREMIUM]","[PREMIUM]","109","Section 109","11",3,"[]","2027-03-05 00:00:00","electronic","exchange",4,"[PREMIUM]","1,2,3"
"2v0czqKO29l","2026-08-23 23:54:24.262","2026-08-23 23:54:24.262","2v0czqKO29l","18378642","[PREMIUM]","[PREMIUM]","[PREMIUM]","120","Section 120","4",8,"[]","2027-03-05 00:00:00","electronic","exchange",1,"[PREMIUM]","2,3,4,5,6,7,8"
"2v0czqEazAk","2026-08-23 23:54:24.262","2026-09-05 00:27:30.542","2v0czqEazAk","18378642","[PREMIUM]","[PREMIUM]","[PREMIUM]","121","Section 121","1",2,"['50','51']","2027-03-05 00:00:00","electronic","exchange",0,"[PREMIUM]","2"
"3q7fNLMmGA3","2026-08-23 23:54:24.262","2026-08-23 23:54:24.262","3q7fNLMmGA3","18378642","[PREMIUM]","[PREMIUM]","[PREMIUM]","120","Section 120","4",8,"[]","2027-03-05 00:00:00","electronic","exchange",0,"[PREMIUM]","1,2,3,4,5,6,7,8"
"3q7fNLPLg4b","2026-08-23 23:54:24.262","2026-08-23 23:54:24.262","3q7fNLPLg4b","18378642","[PREMIUM]","[PREMIUM]","[PREMIUM]","203","Section 203","15",12,"[]","2027-03-05 00:00:00","electronic","exchange",1,"[PREMIUM]","2,3,4,5,6,7,8,9,10,11,12"
"3q7fNLPn65N","2026-08-23 23:54:24.262","2026-09-05 00:27:30.542","3q7fNLPn65N","18378642","[PREMIUM]","[PREMIUM]","[PREMIUM]","120","Section 120","14",8,"['1','2','3','4','5','6','7','8']","2027-03-05 00:00:00","electronic","exchange",0,"[PREMIUM]","1,2,3,4,5,6,8"
"4vXcjR42X20","2026-08-23 23:54:24.262","2026-08-28 01:46:07.779","4vXcjR42X20","18378642","[PREMIUM]","[PREMIUM]","[PREMIUM]","210","Section 210","1",5,"[]","2027-03-05 00:00:00","electronic","exchange",1,"[PREMIUM]","1,2,3,4,5"
"5EjuZw9zBkq","2026-08-23 23:54:24.262","2026-08-23 23:54:24.262","5EjuZw9zBkq","18378642","[PREMIUM]","[PREMIUM]","[PREMIUM]","203","Section 203","2",2,"[]","2027-03-05 00:00:00","electronic","exchange",0,"[PREMIUM]","2"
"5EjuZw9zPZN","2026-08-23 23:54:24.262","2026-09-05 00:27:30.542","5EjuZw9zPZN","18378642","[PREMIUM]","[PREMIUM]","[PREMIUM]","115","Section 115","18",4,"['100','101','102','103']","2027-03-05 00:00:00","electronic","exchange",1,"[PREMIUM]","1,2,4"
"6mOhkoVeRDm","2026-08-23 23:54:24.262","2026-08-23 23:54:24.262","6mOhkoVeRDm","18378642","[PREMIUM]","[PREMIUM]","[PREMIUM]","120","Section 120","4",6,"[]","2027-03-05 00:00:00","electronic","exchange",0,"[PREMIUM]","1,2,4,6"
"6mOhkoxoYKw","2026-08-23 23:54:24.262","2026-08-23 23:54:24.262","6mOhkoxoYKw","18378642","[PREMIUM]","[PREMIUM]","[PREMIUM]","203","Section 203","15",12,"[]","2027-03-05 00:00:00","electronic","exchange",1,"[PREMIUM]","2,3,4,5,6,7,8,9,10,11,12"
"9P2c5MRX73V","2026-08-23 23:54:24.262","2026-08-23 23:54:24.262","9P2c5MRX73V","18378642","[PREMIUM]","[PREMIUM]","[PREMIUM]","120","Section 120","4",8,"[]","2027-03-05 00:00:00","electronic","exchange",1,"[PREMIUM]","2,3,4,5,6,7,8"
"A6rs2KVrK2n","2026-08-23 23:54:24.262","2026-08-23 23:54:24.262","A6rs2KVrK2n","18378642","[PREMIUM]","[PREMIUM]","[PREMIUM]","215","Section 215","5",2,"[]","2027-03-05 00:00:00","electronic","exchange",2,"[PREMIUM]","2"
"BALImMEvzA4","2026-08-23 23:54:24.262","2026-08-25 23:18:33.467","BALImMEvzA4","18378642","[PREMIUM]","[PREMIUM]","[PREMIUM]","118","Section 118","19",8,"[]","2027-03-05 00:00:00","electronic","exchange",0,"[PREMIUM]","2,3,4,5,6,7,8"
"BALImMjXp2r","2026-08-23 23:54:24.262","2026-08-23 23:54:24.262","BALImMjXp2r","18378642","[PREMIUM]","[PREMIUM]","[PREMIUM]","203","Section 203","15",8,"[]","2027-03-05 00:00:00","electronic","exchange",2,"[PREMIUM]","1,2,3,4,5,6,8"
"EroUXgqweE2","2026-08-23 23:54:24.262","2026-08-31 00:41:57.853","EroUXgqweE2","18378642","[PREMIUM]","[PREMIUM]","[PREMIUM]","106","Section 106","17",4,"[]","2027-03-05 00:00:00","electronic","exchange",0,"[PREMIUM]","1,2,3,4"
"Kezczqj72Pg","2026-08-23 23:54:24.262","2026-08-25 23:18:33.467","Kezczqj72Pg","18378642","[PREMIUM]","[PREMIUM]","[PREMIUM]","118","Section 118","19",8,"[]","2027-03-05 00:00:00","electronic","exchange",1,"[PREMIUM]","1,2,3,4,5,6,8"
"Kezczqj7ZKO","2026-08-23 23:54:24.262","2026-08-25 23:18:33.467","Kezczqj7ZKO","18378642","[PREMIUM]","[PREMIUM]","[PREMIUM]","118","Section 118","19",8,"[]","2027-03-05 00:00:00","electronic","exchange",0,"[PREMIUM]","2,3,4,5,6,7,8"
"LbviL805pJm","2026-08-23 23:54:24.262","2026-08-23 23:54:24.262","LbviL805pJm","18378642","[PREMIUM]","[PREMIUM]","[PREMIUM]","101","Section 101","12",4,"[]","2027-03-05 00:00:00","electronic","exchange",4,"[PREMIUM]","1,2,3,4"
"LbviL8ak2LO","2026-08-23 23:54:24.262","2026-08-23 23:54:24.262","LbviL8ak2LO","18378642","[PREMIUM]","[PREMIUM]","[PREMIUM]","120","Section 120","4",4,"[]","2027-03-05 00:00:00","electronic","exchange",0,"[PREMIUM]","1,2,3,4"
"MAeIP3DX36x","2026-08-23 23:54:24.262","2026-08-23 23:54:24.262","MAeIP3DX36x","18378642","[PREMIUM]","[PREMIUM]","[PREMIUM]","121","Section 121","15",2,"[]","2027-03-05 00:00:00","electronic","exchange",1,"[PREMIUM]","2"
"O7AhwKjPOdR","2026-08-23 23:54:24.262","2026-08-23 23:54:24.262","O7AhwKjPOdR","18378642","[PREMIUM]","[PREMIUM]","[PREMIUM]","128","Section 128","12",2,"[]","2027-03-05 00:00:00","electronic","exchange",5,"[PREMIUM]","2"
"V4KU04Keljg","2026-08-23 23:54:24.262","2026-08-25 00:29:09.175","V4KU04Keljg","18378642","[PREMIUM]","[PREMIUM]","[PREMIUM]","202","Section 202","12",6,"[]","2027-03-05 00:00:00","electronic","exchange",1,"[PREMIUM]","2,3,4,5,6"
"X03tKlENxE5","2026-08-23 23:54:24.262","2026-08-23 23:54:24.262","X03tKlENxE5","18378642","[PREMIUM]","[PREMIUM]","[PREMIUM]","202","Section 202","1",4,"[]","2027-03-05 00:00:00","electronic","exchange",2,"[PREMIUM]","1,2,3,4"
"Zm9hvJXPbLA","2026-08-23 23:54:24.262","2026-08-25 23:18:33.467","Zm9hvJXPbLA","18378642","[PREMIUM]","[PREMIUM]","[PREMIUM]","118","Section 118","19",4,"[]","2027-03-05 00:00:00","electronic","exchange",0,"[PREMIUM]","1,2,3,4"
"agktlM5x3vx","2026-08-23 23:54:24.262","2026-08-25 23:18:33.467","agktlM5x3vx","18378642","[PREMIUM]","[PREMIUM]","[PREMIUM]","118","Section 118","19",8,"[]","2027-03-05 00:00:00","electronic","exchange",0,"[PREMIUM]","1,2,3,4,5,6,7,8"
"dNgUgp7prkN","2026-08-23 23:54:24.262","2026-08-23 23:54:24.262","dNgUgp7prkN","18378642","[PREMIUM]","[PREMIUM]","[PREMIUM]","203","Section 203","2",2,"[]","2027-03-05 00:00:00","electronic","exchange",0,"[PREMIUM]","2"
"eeacK8mwRar","2026-08-23 23:54:24.262","2026-08-25 00:29:09.175","eeacK8mwRar","18378642","[PREMIUM]","[PREMIUM]","[PREMIUM]","202","Section 202","12",6,"[]","2027-03-05 00:00:00","electronic","exchange",0,"[PREMIUM]","1,2,3,4,5,6"
"kYet9mbgB9X","2026-08-23 23:54:24.262","2026-08-23 23:54:24.262","kYet9mbgB9X","18378642","[PREMIUM]","[PREMIUM]","[PREMIUM]","210","Section 210","3",2,"[]","2027-03-05 00:00:00","electronic","exchange",0,"[PREMIUM]","2"
"mxAs4xbPK4a","2026-08-23 23:54:24.262","2026-08-25 23:18:33.467","mxAs4xbPK4a","18378642","[PREMIUM]","[PREMIUM]","[PREMIUM]","118","Section 118","19",8,"[]","2027-03-05 00:00:00","electronic","exchange",0,"[PREMIUM]","1,2,3,4,5,6,7,8"
"pVXHD7ORxkg","2026-08-23 23:54:24.262","2026-08-28 01:46:07.779","pVXHD7ORxkg","18378642","[PREMIUM]","[PREMIUM]","[PREMIUM]","210","Section 210","1",5,"[]","2027-03-05 00:00:00","electronic","exchange",2,"[PREMIUM]","1,2,3,5"
"pVXHD7Px0wP","2026-08-23 23:54:24.262","2026-08-23 23:54:24.262","pVXHD7Px0wP","18378642","[PREMIUM]","[PREMIUM]","[PREMIUM]","102","Section 102","3",4,"[]","2027-03-05 00:00:00","electronic","exchange",5,"[PREMIUM]","1,2,3,4"
"rVOHkpG0xgM","2026-08-23 23:54:24.262","2026-08-23 23:54:24.262","rVOHkpG0xgM","18378642","[PREMIUM]","[PREMIUM]","[PREMIUM]","206","Section 206","14",5,"[]","2027-03-05 00:00:00","electronic","exchange",2,"[PREMIUM]","1,2,3,4,5"
"rVOHkpKJE3O","2026-08-23 23:54:24.262","2026-08-28 01:46:07.779","rVOHkpKJE3O","18378642","[PREMIUM]","[PREMIUM]","[PREMIUM]","210","Section 210","3",4,"[]","2027-03-05 00:00:00","electronic","exchange",0,"[PREMIUM]","2,4"
"vb3iPw8JKnA","2026-08-23 23:54:24.262","2026-08-23 23:54:24.262","vb3iPw8JKnA","18378642","[PREMIUM]","[PREMIUM]","[PREMIUM]","203","Section 203","15",8,"[]","2027-03-05 00:00:00","electronic","exchange",1,"[PREMIUM]","1,2,3,4,5,6,7,8"
"vb3iPwvOP8B","2026-08-23 23:54:24.262","2026-08-23 23:54:24.262","vb3iPwvOP8B","18378642","[PREMIUM]","[PREMIUM]","[PREMIUM]","120","Section 120","4",8,"[]","2027-03-05 00:00:00","electronic","exchange",2,"[PREMIUM]","1,2,3,4,5,6,8"
"vb3iPwvOYzP","2026-08-23 23:54:24.262","2026-08-23 23:54:24.262","vb3iPwvOYzP","18378642","[PREMIUM]","[PREMIUM]","[PREMIUM]","120","Section 120","4",8,"[]","2027-03-05 00:00:00","electronic","exchange",1,"[PREMIUM]","2,3,4,5,6,7,8"
"w3Jse868VxN","2026-08-23 23:54:24.262","2026-08-23 23:54:24.262","w3Jse868VxN","18378642","[PREMIUM]","[PREMIUM]","[PREMIUM]","203","Section 203","15",12,"[]","2027-03-05 00:00:00","electronic","exchange",1,"[PREMIUM]","2,3,4,5,6,7,8,9,10,11,12"
"w3Jse8wKEVe","2026-08-23 23:54:24.262","2026-08-25 23:18:33.467","w3Jse8wKEVe","18378642","[PREMIUM]","[PREMIUM]","[PREMIUM]","118","Section 118","19",8,"[]","2027-03-05 00:00:00","electronic","exchange",0,"[PREMIUM]","2,3,4,5,6,7,8"
"xb9iml8B2JO","2026-08-23 23:54:24.262","2026-08-23 23:54:24.262","xb9iml8B2JO","18378642","[PREMIUM]","[PREMIUM]","[PREMIUM]","203","Section 203","15",12,"[]","2027-03-05 00:00:00","electronic","exchange",1,"[PREMIUM]","1,2,3,4,5,6,7,8,9,10,11,12"
"xb9iml8zAA7","2026-08-23 23:54:24.262","2026-08-28 01:46:07.779","xb9iml8zAA7","18378642","[PREMIUM]","[PREMIUM]","[PREMIUM]","210","Section 210","1",5,"[]","2027-03-05 00:00:00","electronic","exchange",0,"[PREMIUM]","1,2,3,4,5"
"z3Es6v03vXM","2026-08-23 23:54:24.262","2026-08-23 23:54:24.262","z3Es6v03vXM","18378642","[PREMIUM]","[PREMIUM]","[PREMIUM]","120","Section 120","4",8,"[]","2027-03-05 00:00:00","electronic","exchange",1,"[PREMIUM]","1,2,3,4,5,6,7,8"
"z3Es6v0pOKv","2026-08-23 23:54:24.262","2026-08-23 23:54:24.262","z3Es6v0pOKv","18378642","[PREMIUM]","[PREMIUM]","[PREMIUM]","116","Section 116","3",2,"[]","2027-03-05 00:00:00","electronic","exchange",5,"[PREMIUM]","2"
"z3Es6v0pOGX","2026-08-23 23:54:24.262","2026-08-23 23:54:24.262","z3Es6v0pOGX","18378642","[PREMIUM]","[PREMIUM]","[PREMIUM]","223","Section 223","18",4,"[]","2027-03-05 00:00:00","electronic","exchange",4,"[PREMIUM]","1,2,3,4"
"z3Es6v4BvDk","2026-08-23 23:54:24.262","2026-08-23 23:54:24.262","z3Es6v4BvDk","18378642","[PREMIUM]","[PREMIUM]","[PREMIUM]","215","Section 215","5",4,"[]","2027-03-05 00:00:00","electronic","exchange",2,"[PREMIUM]","1,2,3,4"
"4vXcjRMxE4n","2026-08-23 23:54:09.275","2026-09-05 00:33:19.996","4vXcjRMxE4n","18378969","[PREMIUM]","[PREMIUM]","[PREMIUM]","304","Section 304","p",7,"[]","2027-03-06 00:00:00","electronic","exchange",2,"[PREMIUM]","1,2,3,4,5,6,7"
"BALImMVoKqL","2026-08-23 23:54:09.275","2026-09-05 00:33:19.996","BALImMVoKqL","18378969","[PREMIUM]","[PREMIUM]","[PREMIUM]","321","Section 321","g",2,"[]","2027-03-05 00:00:00","electronic","exchange",2,"[PREMIUM]","2"
"EroUXgRxkBK","2026-08-23 23:54:09.275","2026-09-05 00:33:19.996","EroUXgRxkBK","18378969","[PREMIUM]","[PREMIUM]","[PREMIUM]","306","Section 306","g",2,"[]","2027-03-05 00:00:00","electronic","exchange",1,"[PREMIUM]","2"
"JABI3EvB0M7","2026-08-23 23:54:09.275","2026-09-02 00:22:15.555","JABI3EvB0M7","18378969","[PREMIUM]","[PREMIUM]","[PREMIUM]","304","Section 304","n",8,"[]","2027-03-06 00:00:00","electronic","exchange",3,"[PREMIUM]","1,2,3,4,5,6,7,8"
"qVjH2mJKlvd","2026-08-23 23:54:09.275","2026-09-05 00:33:19.996","qVjH2mJKlvd","18378969","[PREMIUM]","[PREMIUM]","[PREMIUM]","222","Section 222","a",2,"[]","2027-03-05 00:00:00","electronic","exchange",0,"[PREMIUM]","2"
"DdwHkMJzr7w","2026-08-23 23:54:07.625","2026-09-05 00:27:08.080","DdwHkMJzr7w","18377004","[PREMIUM]","[PREMIUM]","[PREMIUM]","117","Section 117","9",2,"['17','18']","2027-03-03 00:00:00","electronic","exchange",1,"[PREMIUM]","2"
"JABI3Eob0Eq","2026-08-23 23:54:07.625","2026-08-23 23:54:07.625","JABI3Eob0Eq","18377004","[PREMIUM]","[PREMIUM]","[PREMIUM]","323","Section 323","9",2,"[]","2027-03-05 00:00:00","electronic","exchange",1,"[PREMIUM]","2"
"Kezczqj8ZoZ","2026-08-23 23:54:07.625","2026-08-25 00:29:03.546","Kezczqj8ZoZ","18377004","[PREMIUM]","[PREMIUM]","[PREMIUM]","103","Section 103","9",2,"[]","2027-03-05 00:00:00","electronic","exchange",0,"[PREMIUM]","2"
"PX0sgqbe0kk","2026-08-23 23:54:07.625","2026-08-23 23:54:07.625","PX0sgqbe0kk","18377004","[PREMIUM]","[PREMIUM]","[PREMIUM]","117","Section 117","9",2,"[]","2027-03-05 00:00:00","electronic","exchange",1,"[PREMIUM]","2"
"PX0sgqbOoDZ","2026-08-23 23:54:07.625","2026-09-02 00:15:26.073","PX0sgqbOoDZ","18377004","[PREMIUM]","[PREMIUM]","[PREMIUM]","116","Section 116","6",4,"[]","2027-03-05 00:00:00","electronic","exchange",1,"[PREMIUM]","1,2,3,4"
"eeacK8BZVRo","2026-08-23 23:54:07.625","2026-08-25 00:29:03.546","eeacK8BZVRo","18377004","[PREMIUM]","[PREMIUM]","[PREMIUM]","311","Section 311","9",4,"[]","2027-03-05 00:00:00","electronic","exchange",1,"[PREMIUM]","1,2,3,4"
"mxAs4x7bBAJ","2026-08-23 23:54:07.625","2026-08-25 00:29:03.546","mxAs4x7bBAJ","18377004","[PREMIUM]","[PREMIUM]","[PREMIUM]","310","Section 310","9",6,"[]","2027-03-05 00:00:00","electronic","exchange",1,"[PREMIUM]","1,2,3,4,5,6"
"oV7Hb6PXYdd","2026-08-23 23:54:07.625","2026-08-28 01:45:55.468","oV7Hb6PXYdd","18377004","[PREMIUM]","[PREMIUM]","[PREMIUM]","119","Section 119","8",2,"['8','9']","2027-03-05 00:00:00","electronic","exchange",0,"[PREMIUM]","2"
"rVOHkpKBgpr","2026-08-23 23:54:07.625","2026-08-23 23:54:07.625","rVOHkpKBgpr","18377004","[PREMIUM]","[PREMIUM]","[PREMIUM]","323","Section 323","9",2,"[]","2027-03-05 00:00:00","electronic","exchange",1,"[PREMIUM]","2"
"A6rs2KVoqRM","2026-08-23 23:53:41.976","2026-09-05 00:27:13.705","A6rs2KVoqRM","18377576","[PREMIUM]","[PREMIUM]","[PREMIUM]","329","Section 329","c",2,"['3','4']","2026-08-21 00:00:00","electronic","exchange",1,"[PREMIUM]","2"
"MAeIP37A8LJ","2026-08-23 23:53:41.976","2026-08-25 00:29:05.007","MAeIP37A8LJ","18377576","[PREMIUM]","[PREMIUM]","[PREMIUM]","118","Section 118","s",4,"[]","2027-03-04 00:00:00","electronic","exchange",3,"[PREMIUM]","4"
"PX0sgqbGDRD","2026-08-23 23:53:41.976","2026-09-05 00:27:13.705","PX0sgqbGDRD","18377576","[PREMIUM]","[PREMIUM]","[PREMIUM]","312","Section 312","g",2,"['9','10']","2027-03-05 00:00:00","electronic","exchange",0,"[PREMIUM]","2"
"PX0sgqbzwNE","2026-08-23 23:53:41.976","2026-09-05 00:27:13.705","PX0sgqbzwNE","18377576","[PREMIUM]","[PREMIUM]","[PREMIUM]","329","Section 329","b",2,"['11','12']","2026-08-21 00:00:00","electronic","exchange",1,"[PREMIUM]","2"
"X03tKlEzz5K","2026-08-23 23:53:41.976","2026-09-05 00:27:13.705","X03tKlEzz5K","18377576","[PREMIUM]","[PREMIUM]","[PREMIUM]","308","Section 308","b",2,"['5','6']","2027-03-05 00:00:00","electronic","exchange",0,"[PREMIUM]","2"
"agktlM5ooqD","2026-08-23 23:53:41.976","2026-09-05 00:27:13.705","agktlM5ooqD","18377576","[PREMIUM]","[PREMIUM]","[PREMIUM]","326","Section 326","l",2,"['15','16']","2027-03-05 00:00:00","electronic","exchange",0,"[PREMIUM]","2"
"g48Ur6d0rAE","2026-08-23 23:53:41.976","2026-09-05 00:27:13.705","g48Ur6d0rAE","18377576","[PREMIUM]","[PREMIUM]","[PREMIUM]","204","Section 204","d",2,"['13','14']","2026-08-05 00:00:00","electronic","exchange",0,"[PREMIUM]","2"
"g48Ur6Pkk80","2026-08-23 23:53:41.976","2026-09-05 00:27:13.705","g48Ur6Pkk80","18377576","[PREMIUM]","[PREMIUM]","[PREMIUM]","323","Section 323","b",2,"['3','4']","2027-03-05 00:00:00","electronic","exchange",0,"[PREMIUM]","2"
"kYet9mbG3xr","2026-08-23 23:53:41.976","2026-08-25 00:29:05.007","kYet9mbG3xr","18377576","[PREMIUM]","[PREMIUM]","[PREMIUM]","217","Section 217","f",2,"[]","2027-03-04 00:00:00","electronic","exchange",1,"[PREMIUM]","2"
"lxVsdRGnamr","2026-08-23 23:53:41.976","2026-08-25 00:29:05.007","lxVsdRGnamr","18377576","[PREMIUM]","[PREMIUM]","[PREMIUM]","112","Section 112","cc",2,"[]","2027-03-04 00:00:00","electronic","exchange",0,"[PREMIUM]","2"
"mxAs4xnXaav","2026-08-23 23:53:41.976","2026-08-23 23:53:41.976","mxAs4xnXaav","18377576","[PREMIUM]","[PREMIUM]","[PREMIUM]","310","Section 310","f",4,"[]","2027-03-04 00:00:00","electronic","exchange",5,"[PREMIUM]","4"
"qVjH2mJ3ppj","2026-08-23 23:53:41.976","2026-08-23 23:53:41.976","qVjH2mJ3ppj","18377576","[PREMIUM]","[PREMIUM]","[PREMIUM]","112","Section 112","e",2,"[]","2027-03-04 00:00:00","electronic","exchange",1,"[PREMIUM]","2"
"z3Es6v0KoX7","2026-08-23 23:53:41.976","2026-08-25 00:29:05.007","z3Es6v0KoX7","18377576","[PREMIUM]","[PREMIUM]","[PREMIUM]","311","Section 311","a",4,"[]","2027-03-04 00:00:00","electronic","exchange",1,"[PREMIUM]","4"
"3q7fNLMA8ej","2026-08-23 23:53:28.711","2026-09-05 00:26:11.082","3q7fNLMA8ej","18378966","[PREMIUM]","[PREMIUM]","[PREMIUM]","123","Section 123","s",3,"[]","2027-03-03 00:00:00","electronic","exchange",1,"[PREMIUM]","3"
"KezczqLk4Zd","2026-08-23 23:53:28.711","2026-09-05 00:26:11.082","KezczqLk4Zd","18378966","[PREMIUM]","[PREMIUM]","[PREMIUM]","108","Section 108","z",5,"[]","2027-03-03 00:00:00","electronic","exchange",0,"[PREMIUM]","1,2,3,5"
"LbviL8an3K2","2026-08-23 23:53:28.711","2026-08-23 23:53:28.711","LbviL8an3K2","18378966","[PREMIUM]","[PREMIUM]","[PREMIUM]","205","Section 205","d",2,"[]","2027-03-04 00:00:00","electronic","exchange",2,"[PREMIUM]","2"
"MAeIP3DlLPV","2026-08-23 23:53:28.711","2026-09-05 00:26:11.082","MAeIP3DlLPV","18378966","[PREMIUM]","[PREMIUM]","[PREMIUM]","205","Section 205","d",2,"['5','6']","2027-03-02 00:00:00","electronic","exchange",2,"[PREMIUM]","2"
"NrqUv6Xl4De","2026-08-23 23:53:28.711","2026-08-23 23:53:28.711","NrqUv6Xl4De","18378966","[PREMIUM]","[PREMIUM]","[PREMIUM]","110","Section 110","q",2,"[]","2027-03-04 00:00:00","electronic","exchange",3,"[PREMIUM]","2"
"PX0sgqOM5GR","2026-08-23 23:53:28.711","2026-09-05 00:26:11.082","PX0sgqOM5GR","18378966","[PREMIUM]","[PREMIUM]","[PREMIUM]","110","Section 110","q",2,"[]","2027-03-03 00:00:00","electronic","exchange",2,"[PREMIUM]","2"
"V4KU049lOzX","2026-08-23 23:53:28.711","2026-09-05 00:26:11.082","V4KU049lOzX","18378966","[PREMIUM]","[PREMIUM]","[PREMIUM]","110","Section 110","q",2,"[]","2027-03-03 00:00:00","electronic","exchange",2,"[PREMIUM]","2"
"Zm9hvJX8BYK","2026-08-23 23:53:28.711","2026-08-25 00:28:58.732","Zm9hvJX8BYK","18378966","[PREMIUM]","[PREMIUM]","[PREMIUM]","213","Section 213","c",2,"[]","2027-03-04 00:00:00","electronic","exchange",5,"[PREMIUM]","2"
"pVXHD7PNYZB","2026-08-23 23:53:28.711","2026-08-25 00:28:58.732","pVXHD7PNYZB","18378966","[PREMIUM]","[PREMIUM]","[PREMIUM]","121","Section 121","l",3,"[]","2027-03-04 00:00:00","electronic","exchange",1,"[PREMIUM]","1,2,3"
"rVOHkpKLZzG","2026-08-23 23:53:28.711","2026-09-05 00:26:11.082","rVOHkpKLZzG","18378966","[PREMIUM]","[PREMIUM]","[PREMIUM]","205","Section 205","d",2,"[]","2027-03-03 00:00:00","electronic","exchange",1,"[PREMIUM]","2"
"3q7fNLMwLw6","2026-08-23 23:53:05.970","2026-09-05 00:29:36.252","3q7fNLMwLw6","18378397","[PREMIUM]","[PREMIUM]","[PREMIUM]","216A","Section 216 A","1",4,"[]","2027-03-03 00:00:00","electronic","exchange",1,"[PREMIUM]","4"
"5EjuZwM5r6l","2026-08-23 23:53:05.970","2026-08-28 01:45:01.062","5EjuZwM5r6l","18378397","[PREMIUM]","[PREMIUM]","[PREMIUM]","223","Section 223","7",2,"['7','8']","2027-03-04 00:00:00","electronic","exchange",0,"[PREMIUM]","2"
"7KntAgxK7Dz","2026-08-23 23:53:05.970","2026-09-05 00:29:36.252","7KntAgxK7Dz","18378397","[PREMIUM]","[PREMIUM]","[PREMIUM]","201","Section 201","9",2,"['5','6']","2027-03-03 00:00:00","electronic","exchange",0,"[PREMIUM]","2"
"9P2c5MRvMvz","2026-08-23 23:53:05.970","2026-09-05 00:29:36.252","9P2c5MRvMvz","18378397","[PREMIUM]","[PREMIUM]","[PREMIUM]","201","Section 201","11",2,"[]","2027-03-03 00:00:00","electronic","exchange",0,"[PREMIUM]","2"
"mxAs4xb3DR5","2026-08-23 23:53:05.970","2026-09-05 00:29:36.252","mxAs4xb3DR5","18378397","[PREMIUM]","[PREMIUM]","[PREMIUM]","111","Section 111","19",2,"[]","2027-03-03 00:00:00","electronic","exchange",2,"[PREMIUM]","2"
"xb9imlp6kBN","2026-08-23 23:53:05.970","2026-08-28 01:45:01.062","xb9imlp6kBN","18378397","[PREMIUM]","[PREMIUM]","[PREMIUM]","223","Section 223","8",2,"['10','11']","2027-03-04 00:00:00","electronic","exchange",0,"[PREMIUM]","2"
"3q7fNLPDjRR","2026-08-23 23:52:14.331","2026-09-05 00:29:07.390","3q7fNLPDjRR","18377820","[PREMIUM]","[PREMIUM]","[PREMIUM]","SUITE 109","Suite 109","ST",4,"['1','2','3','4']","2027-02-03 00:00:00","electronic","exchange",0,"[PREMIUM]","1,2,3,4"
"MAeIP3DKXBj","2026-08-23 23:52:14.331","2026-09-05 00:29:07.390","MAeIP3DKXBj","18377820","[PREMIUM]","[PREMIUM]","[PREMIUM]","SUITE 109","Suite 109","A",6,"[]","2027-02-03 00:00:00","electronic","exchange",1,"[PREMIUM]","1,2,3,4,5,6"
"kYet9mblJEk","2026-08-23 23:52:14.331","2026-09-05 00:29:07.390","kYet9mblJEk","18377820","[PREMIUM]","[PREMIUM]","[PREMIUM]","SUITE 109","Suite 109","C",6,"[]","2027-02-03 00:00:00","electronic","exchange",0,"[PREMIUM]","1,2,3,4,5,6"
"mxAs4x7Zv0e","2026-08-23 23:52:14.331","2026-09-05 00:29:07.390","mxAs4x7Zv0e","18377820","[PREMIUM]","[PREMIUM]","[PREMIUM]","SUITE 109","Suite 109","GA",24,"[]","2027-02-03 00:00:00","electronic","exchange",0,"[PREMIUM]","1,2,3,4,5,6,7,8,9,10,11,12,13,14,15,16,17,18,19,20,21,22,23,24"
"oV7Hb6jgAbk","2026-08-23 23:52:14.331","2026-09-05 00:29:07.390","oV7Hb6jgAbk","18377820","[PREMIUM]","[PREMIUM]","[PREMIUM]","SUITE 109","Suite 109","B",6,"[]","2027-02-03 00:00:00","electronic","exchange",1,"[PREMIUM]","1,2,3,4,5,6"
"05VT8l9kdxo","2026-08-23 23:52:12.319","2026-09-05 00:27:39.031","05VT8l9kdxo","18362755","[PREMIUM]","[PREMIUM]","[PREMIUM]","118","Section 118","8",6,"['5','6','7','8','9','10']","2027-03-04 00:00:00","electronic","exchange",1,"[PREMIUM]","1,2,3,4,6"
"05VT8l9kd7r","2026-08-23 23:52:12.319","2026-09-05 00:27:39.031","05VT8l9kd7r","18362755","[PREMIUM]","[PREMIUM]","[PREMIUM]","CL19","Club 19","3",7,"['8','9','10','11','12','13','14']","2027-03-04 00:00:00","electronic","exchange",0,"[PREMIUM]","1,2,3,4,5,7"
"2v0czqEoXJY","2026-08-23 23:52:12.319","2026-09-05 00:27:39.031","2v0czqEoXJY","18362755","[PREMIUM]","[PREMIUM]","[PREMIUM]","CL30","Club 30","5",5,"['9','10','11','12','13']","2027-03-04 00:00:00","electronic","exchange",2,"[PREMIUM]","1,2,3,5"
"2v0czqEoXDd","2026-08-23 23:52:12.319","2026-09-05 00:27:39.031","2v0czqEoXDd","18362755","[PREMIUM]","[PREMIUM]","[PREMIUM]","125","Section 125","9",7,"['9','10','11','12','13','14','15']","2027-03-04 00:00:00","electronic","exchange",1,"[PREMIUM]","1,2,3,4,5,7"
"2v0czqEoX5m","2026-08-23 23:52:12.319","2026-09-05 00:27:39.031","2v0czqEoX5m","18362755","[PREMIUM]","[PREMIUM]","[PREMIUM]","107","Section 107","8",5,"['6','7','8','9','10']","2027-03-04 00:00:00","electronic","exchange",1,"[PREMIUM]","1,2,3,5"
"2v0czqEoVv0","2026-08-23 23:52:12.319","2026-09-05 00:27:39.031","2v0czqEoVv0","18362755","[PREMIUM]","[PREMIUM]","[PREMIUM]","312","Section 312","9",2,"['18','19']","2027-03-04 00:00:00","electronic","exchange",1,"[PREMIUM]","2"
"2v0czqEoPoq","2026-08-23 23:52:12.319","2026-09-05 00:27:39.031","2v0czqEoPoq","18362755","[PREMIUM]","[PREMIUM]","[PREMIUM]","108","Section 108","10",12,"['8','9','10','11','12','13','14','15','16','17','18','19']","2027-03-04 00:00:00","electronic","exchange",1,"[PREMIUM]","1,2,3,4,5,6,7,8,9,10,12"
"2v0czqEoPZx","2026-08-23 23:52:12.319","2026-09-05 00:27:39.031","2v0czqEoPZx","18362755","[PREMIUM]","[PREMIUM]","[PREMIUM]","107","Section 107","28",12,"['14','15','16','17','18','19','20','21','22','23','24','25']","2027-03-04 00:00:00","electronic","exchange",1,"[PREMIUM]","1,2,3,4,5,6,7,8,9,10,12"
"3q7fNLPVwKN","2026-08-23 23:52:12.319","2026-09-05 00:27:39.031","3q7fNLPVwKN","18362755","[PREMIUM]","[PREMIUM]","[PREMIUM]","116","Section 116","13",6,"['3','4','5','6','7','8']","2027-03-04 00:00:00","electronic","exchange",2,"[PREMIUM]","1,2,3,4,6"
"3q7fNLPVAqe","2026-08-23 23:52:12.319","2026-09-05 00:27:39.031","3q7fNLPVAqe","18362755","[PREMIUM]","[PREMIUM]","[PREMIUM]","308","Section 308","9",6,"['13','14','15','16','17','18']","2027-03-04 00:00:00","electronic","exchange",1,"[PREMIUM]","1,2,3,4,6"
"3q7fNLPVwG2","2026-08-23 23:52:12.319","2026-09-05 00:27:39.031","3q7fNLPVwG2","18362755","[PREMIUM]","[PREMIUM]","[PREMIUM]","CL29","Club 29","5",11,"['5','6','7','8','9','10','11','12','13','14','15']","2027-03-04 00:00:00","electronic","exchange",1,"[PREMIUM]","1,2,3,4,5,6,7,8,9,11"
"3q7fNLPVwOK","2026-08-23 23:52:12.319","2026-09-05 00:27:39.031","3q7fNLPVwOK","18362755","[PREMIUM]","[PREMIUM]","[PREMIUM]","111","Section 111","26",8,"['1','2','3','4','5','6','7','8']","2027-03-04 00:00:00","electronic","exchange",0,"[PREMIUM]","1,2,3,4,5,6,8"
"4vXcjR4PNjR","2026-08-23 23:52:12.319","2026-09-05 00:27:39.031","4vXcjR4PNjR","18362755","[PREMIUM]","[PREMIUM]","[PREMIUM]","312","Section 312","13",4,"['1','2','3','4']","2027-03-04 00:00:00","electronic","exchange",0,"[PREMIUM]","1,2,4"
"4vXcjR4Pm4A","2026-08-23 23:52:12.319","2026-09-05 00:27:39.031","4vXcjR4Pm4A","18362755","[PREMIUM]","[PREMIUM]","[PREMIUM]","119","Section 119","26",6,"['5','6','7','8','9','10']","2027-03-04 00:00:00","electronic","exchange",5,"[PREMIUM]","1,2,3,4,6"
"4vXcjR4PmMA","2026-08-23 23:52:12.319","2026-09-05 00:27:39.031","4vXcjR4PmMA","18362755","[PREMIUM]","[PREMIUM]","[PREMIUM]","118","Section 118","26",2,"['3','4']","2027-03-04 00:00:00","electronic","exchange",5,"[PREMIUM]","2"
"4vXcjR4PrkD","2026-08-23 23:52:12.319","2026-09-05 00:27:39.031","4vXcjR4PrkD","18362755","[PREMIUM]","[PREMIUM]","[PREMIUM]","328","Section 328","9",9,"['1','2','3','4','5','6','7','8','9']","2027-03-04 00:00:00","electronic","exchange",2,"[PREMIUM]","1,2,3,4,5,6,7,9"
"5EjuZw90D3v","2026-08-23 23:52:12.319","2026-09-05 00:27:39.031","5EjuZw90D3v","18362755","[PREMIUM]","[PREMIUM]","[PREMIUM]","308","Section 308","8",7,"['3','4','5','6','7','8','9']","2027-03-04 00:00:00","electronic","exchange",1,"[PREMIUM]","1,2,3,4,5,7"
"5EjuZw90Jgv","2026-08-23 23:52:12.319","2026-09-05 00:27:39.031","5EjuZw90Jgv","18362755","[PREMIUM]","[PREMIUM]","[PREMIUM]","305","Section 305","5",3,"['10','11','12']","2027-03-04 00:00:00","electronic","exchange",0,"[PREMIUM]","1,3"
"5EjuZw90gXL","2026-08-23 23:52:12.319","2026-09-05 00:27:39.031","5EjuZw90gXL","18362755","[PREMIUM]","[PREMIUM]","[PREMIUM]","328","Section 328","9",12,"['10','11','12','13','14','15','16','17','18','19','20','21']","2027-03-04 00:00:00","electronic","exchange",2,"[PREMIUM]","1,2,3,4,5,6,7,8,9,10,12"
"6mOhkoxvGL0","2026-08-23 23:52:12.319","2026-09-05 00:27:39.031","6mOhkoxvGL0","18362755","[PREMIUM]","[PREMIUM]","[PREMIUM]","307","Section 307","7",13,"['4','5','6','7','8','9','10','11','12','13','14','15','16']","2027-03-04 00:00:00","electronic","exchange",1,"[PREMIUM]","1,2,3,4,5,6,7,8,9,10,11,13"
"6mOhkoxvRG2","2026-08-23 23:52:12.319","2026-09-05 00:27:39.031","6mOhkoxvRG2","18362755","[PREMIUM]","[PREMIUM]","[PREMIUM]","CL24","Club 24","2",4,"['9','10','11','12']","2027-03-04 00:00:00","electronic","exchange",0,"[PREMIUM]","1,2,4"
"6mOhkoxvRzw","2026-08-23 23:52:12.319","2026-09-05 00:27:39.031","6mOhkoxvRzw","18362755","[PREMIUM]","[PREMIUM]","[PREMIUM]","125","Section 125","21",3,"['9','10','11']","2027-03-04 00:00:00","electronic","exchange",0,"[PREMIUM]","1,3"
"6mOhkoxvZBP","2026-08-23 23:52:12.319","2026-09-05 00:27:39.031","6mOhkoxvZBP","18362755","[PREMIUM]","[PREMIUM]","[PREMIUM]","305","Section 305","12",12,"['11','12','13','14','15','16','17','18','19','20','21','22']","2027-03-04 00:00:00","electronic","exchange",0,"[PREMIUM]","1,2,3,4,5,6,7,8,9,10,12"
"7KntAgoMz85","2026-08-23 23:52:12.319","2026-08-31 23:35:51.934","7KntAgoMz85","18362755","[PREMIUM]","[PREMIUM]","[PREMIUM]","103","Section 103","17",5,"['7','8','9','10','11']","2027-03-04 00:00:00","electronic","exchange",2,"[PREMIUM]","1,2,3,5"
"7KntAgoMzjP","2026-08-23 23:52:12.319","2026-09-05 00:27:39.031","7KntAgoMzjP","18362755","[PREMIUM]","[PREMIUM]","[PREMIUM]","CL15","Club 15","3",7,"['5','6','7','8','9','10','11']","2027-03-04 00:00:00","electronic","exchange",0,"[PREMIUM]","1,2,3,4,5,7"
"7KntAgoMzqm","2026-08-23 23:52:12.319","2026-09-05 00:27:39.031","7KntAgoMzqm","18362755","[PREMIUM]","[PREMIUM]","[PREMIUM]","131","Section 131","10",2,"['3','4']","2027-03-04 00:00:00","electronic","exchange",2,"[PREMIUM]","2"
"9P2c5MPBvAD","2026-08-23 23:52:12.319","2026-09-05 00:27:39.031","9P2c5MPBvAD","18362755","[PREMIUM]","[PREMIUM]","[PREMIUM]","CL23","Club 23","3",2,"['3','4']","2027-03-04 00:00:00","electronic","exchange",0,"[PREMIUM]","2"
"9P2c5MPBv8j","2026-08-23 23:52:12.319","2026-09-05 00:27:39.031","9P2c5MPBv8j","18362755","[PREMIUM]","[PREMIUM]","[PREMIUM]","116","Section 116","23",2,"['9','10']","2027-03-04 00:00:00","electronic","exchange",2,"[PREMIUM]","2"
"9P2c5MPBvKb","2026-08-23 23:52:12.319","2026-09-05 00:27:39.031","9P2c5MPBvKb","18362755","[PREMIUM]","[PREMIUM]","[PREMIUM]","108","Section 108","13",9,"['15','16','17','18','19','20','21','22','23']","2027-03-04 00:00:00","electronic","exchange",0,"[PREMIUM]","1,2,3,4,5,6,7,9"
"A6rs2KVmzaL","2026-08-23 23:52:12.319","2026-09-05 00:27:39.031","A6rs2KVmzaL","18362755","[PREMIUM]","[PREMIUM]","[PREMIUM]","303","Section 303","5",11,"['6','7','8','9','10','11','12','13','14','15','16']","2027-03-04 00:00:00","electronic","exchange",0,"[PREMIUM]","1,2,3,4,5,6,7,8,9,11"
"A6rs2KVmznO","2026-08-23 23:52:12.319","2026-09-05 00:27:39.031","A6rs2KVmznO","18362755","[PREMIUM]","[PREMIUM]","[PREMIUM]","305","Section 305","12",10,"['1','2','3','4','5','6','7','8','9','10']","2027-03-04 00:00:00","electronic","exchange",0,"[PREMIUM]","1,2,3,4,5,6,7,8,10"
"BALImMjnpXe","2026-08-23 23:52:12.319","2026-09-05 00:27:39.031","BALImMjnpXe","18362755","[PREMIUM]","[PREMIUM]","[PREMIUM]","127","Section 127","23",6,"['11','12','13','14','15','16']","2027-03-04 00:00:00","electronic","exchange",0,"[PREMIUM]","1,2,3,4,6"
"BALImMjnpMe","2026-08-23 23:52:12.319","2026-09-05 00:27:39.031","BALImMjnpMe","18362755","[PREMIUM]","[PREMIUM]","[PREMIUM]","128","Section 128","25",6,"['9','10','11','12','13','14']","2027-03-04 00:00:00","electronic","exchange",0,"[PREMIUM]","1,2,3,4,6"
"BALImMjnp0K","2026-08-23 23:52:12.319","2026-09-05 00:27:39.031","BALImMjnp0K","18362755","[PREMIUM]","[PREMIUM]","[PREMIUM]","120","Section 120","4",8,"['7','8','9','10','11','12','13','14']","2027-03-04 00:00:00","electronic","exchange",1,"[PREMIUM]","1,2,3,4,5,6,8"
"DdwHkMJ2ELm","2026-08-23 23:52:12.319","2026-09-05 00:27:39.031","DdwHkMJ2ELm","18362755","[PREMIUM]","[PREMIUM]","[PREMIUM]","331","Section 331","10",2,"['3','4']","2027-03-04 00:00:00","electronic","exchange",2,"[PREMIUM]","2"
"DdwHkMJ2L9D","2026-08-23 23:52:12.319","2026-09-05 00:27:39.031","DdwHkMJ2L9D","18362755","[PREMIUM]","[PREMIUM]","[PREMIUM]","320","Section 320","9",12,"['11','12','13','14','15','16','17','18','19','20','21','22']","2027-03-04 00:00:00","electronic","exchange",1,"[PREMIUM]","1,2,3,4,5,6,7,8,9,10,12"
"DdwHkMJ2jJY","2026-08-23 23:52:12.319","2026-09-05 00:27:39.031","DdwHkMJ2jJY","18362755","[PREMIUM]","[PREMIUM]","[PREMIUM]","119","Section 119","5",6,"['5','6','7','8','9','10']","2027-03-04 00:00:00","electronic","exchange",1,"[PREMIUM]","1,2,3,4,6"
"DdwHkMJ2jZg","2026-08-23 23:52:12.319","2026-09-05 00:27:39.031","DdwHkMJ2jZg","18362755","[PREMIUM]","[PREMIUM]","[PREMIUM]","133","Section 133","26",4,"['5','6','7','8']","2027-03-04 00:00:00","electronic","exchange",4,"[PREMIUM]","1,2,4"
"EroUXgB37P2","2026-08-23 23:52:12.319","2026-09-05 00:27:39.031","EroUXgB37P2","18362755","[PREMIUM]","[PREMIUM]","[PREMIUM]","124","Section 124","24",2,"['15','16']","2027-03-04 00:00:00","electronic","exchange",0,"[PREMIUM]","2"
"EroUXgB3NbP","2026-08-23 23:52:12.319","2026-09-05 00:27:39.031","EroUXgB3NbP","18362755","[PREMIUM]","[PREMIUM]","[PREMIUM]","325","Section 325","12",4,"['1','2','3','4']","2027-03-04 00:00:00","electronic","exchange",0,"[PREMIUM]","1,2,4"
"EroUXgB3ezm","2026-08-23 23:52:12.319","2026-09-05 00:27:39.031","EroUXgB3ezm","18362755","[PREMIUM]","[PREMIUM]","[PREMIUM]","310","Section 310","6",11,"['7','8','9','10','11','12','13','14','15','16','17']","2027-03-04 00:00:00","electronic","exchange",0,"[PREMIUM]","1,2,3,4,5,6,7,8,9,11"
"JABI3EovK8b","2026-08-23 23:52:12.319","2026-09-05 00:27:39.031","JABI3EovK8b","18362755","[PREMIUM]","[PREMIUM]","[PREMIUM]","108","Section 108","8",10,"['9','10','11','12','13','14','15','16','17','18']","2027-03-04 00:00:00","electronic","exchange",1,"[PREMIUM]","1,2,3,4,5,6,7,8,10"
"JABI3EovKEL","2026-08-23 23:52:12.319","2026-09-05 00:27:39.031","JABI3EovKEL","18362755","[PREMIUM]","[PREMIUM]","[PREMIUM]","129","Section 129","20",3,"['7','8','9']","2027-03-04 00:00:00","electronic","exchange",1,"[PREMIUM]","1,3"
"JABI3EovKKY","2026-08-23 23:52:12.319","2026-09-05 00:27:39.031","JABI3EovKKY","18362755","[PREMIUM]","[PREMIUM]","[PREMIUM]","CL28","Club 28","5",4,"['6','7','8','9']","2027-03-04 00:00:00","electronic","exchange",1,"[PREMIUM]","1,2,4"
"JABI3EovKZw","2026-08-23 23:52:12.319","2026-09-05 00:27:39.031","JABI3EovKZw","18362755","[PREMIUM]","[PREMIUM]","[PREMIUM]","120","Section 120","23",2,"['5','6']","2027-03-04 00:00:00","electronic","exchange",3,"[PREMIUM]","2"
"JABI3Eovma4","2026-08-23 23:52:12.319","2026-09-05 00:27:39.031","JABI3Eovma4","18362755","[PREMIUM]","[PREMIUM]","[PREMIUM]","301","Section 301","10",7,"['9','10','11','12','13','14','15']","2027-03-04 00:00:00","electronic","exchange",0,"[PREMIUM]","1,2,3,4,5,7"
"JABI3Eovmmm","2026-08-23 23:52:12.319","2026-09-05 00:27:39.031","JABI3Eovmmm","18362755","[PREMIUM]","[PREMIUM]","[PREMIUM]","CL31","Club 31","6",5,"['5','6','7','8','9']","2027-03-04 00:00:00","electronic","exchange",2,"[PREMIUM]","1,2,3,5"
"JABI3Eovxrx","2026-08-23 23:52:12.319","2026-09-05 00:27:39.031","JABI3Eovxrx","18362755","[PREMIUM]","[PREMIUM]","[PREMIUM]","325","Section 325","8",2,"['17','18']","2027-03-04 00:00:00","electronic","exchange",1,"[PREMIUM]","2"
"KezczqLv276","2026-08-23 23:52:12.319","2026-09-05 00:27:39.031","KezczqLv276","18362755","[PREMIUM]","[PREMIUM]","[PREMIUM]","112","Section 112","8",6,"['5','6','7','8','9','10']","2027-03-04 00:00:00","electronic","exchange",1,"[PREMIUM]","1,2,3,4,6"
"KezczqLv2Me","2026-08-23 23:52:12.319","2026-09-05 00:27:39.031","KezczqLv2Me","18362755","[PREMIUM]","[PREMIUM]","[PREMIUM]","133","Section 133","5",12,"['3','4','5','6','7','8','9','10','11','12','13','14']","2027-03-04 00:00:00","electronic","exchange",1,"[PREMIUM]","1,2,3,4,5,6,7,8,9,10,12"
"LbviL8aDVVj","2026-08-23 23:52:12.319","2026-09-05 00:27:39.031","LbviL8aDVVj","18362755","[PREMIUM]","[PREMIUM]","[PREMIUM]","129","Section 129","25",3,"['7','8','9']","2027-03-04 00:00:00","electronic","exchange",1,"[PREMIUM]","1,3"
"LbviL8aDVvR","2026-08-23 23:52:12.319","2026-09-05 00:27:39.031","LbviL8aDVvR","18362755","[PREMIUM]","[PREMIUM]","[PREMIUM]","310","Section 310","7",14,"['4','5','6','7','8','9','10','11','12','13','14','15','16','17']","2027-03-04 00:00:00","electronic","exchange",0,"[PREMIUM]","1,2,3,4,5,6,7,8,9,10,11,12,14"
"MAeIP3DA5oJ","2026-08-23 23:52:12.319","2026-09-05 00:27:39.031","MAeIP3DA5oJ","18362755","[PREMIUM]","[PREMIUM]","[PREMIUM]","111","Section 111","26",12,"['9','10','11','12','13','14','15','16','17','18','19','20']","2027-03-04 00:00:00","electronic","exchange",1,"[PREMIUM]","1,2,3,4,5,6,7,8,9,10,12"
"MAeIP3DAJZZ","2026-08-23 23:52:12.319","2026-09-05 00:27:39.031","MAeIP3DAJZZ","18362755","[PREMIUM]","[PREMIUM]","[PREMIUM]","133","Section 133","25",2,"['8','9']","2027-03-04 00:00:00","electronic","exchange",4,"[PREMIUM]","2"
"MAeIP3DAnJV","2026-08-23 23:52:12.319","2026-09-05 00:27:39.031","MAeIP3DAnJV","18362755","[PREMIUM]","[PREMIUM]","[PREMIUM]","CL31","Club 31","8",11,"['6','7','8','9','10','11','12','13','14','15','16']","2027-03-04 00:00:00","electronic","exchange",1,"[PREMIUM]","1,2,3,4,5,6,7,8,9,11"
"NrqUv6Kz00G","2026-08-23 23:52:12.319","2026-08-28 11:16:41.831","NrqUv6Kz00G","18362755","[PREMIUM]","[PREMIUM]","[PREMIUM]","132","Section 132","24",2,"['5','6']","2027-03-04 00:00:00","electronic","exchange",0,"[PREMIUM]","2"
"NrqUv6Kzjen","2026-08-23 23:52:12.319","2026-09-05 00:27:39.031","NrqUv6Kzjen","18362755","[PREMIUM]","[PREMIUM]","[PREMIUM]","324","Section 324","5",3,"['10','11','12']","2027-03-04 00:00:00","electronic","exchange",2,"[PREMIUM]","1,3"
"O7AhwKqmRX5","2026-08-23 23:52:12.319","2026-09-05 00:27:39.031","O7AhwKqmRX5","18362755","[PREMIUM]","[PREMIUM]","[PREMIUM]","108","Section 108","27",12,"['12','13','14','15','16','17','18','19','20','21','22','23']","2027-03-04 00:00:00","electronic","exchange",1,"[PREMIUM]","1,2,3,4,5,6,7,8,9,10,12"
"PX0sgqbk4ol","2026-08-23 23:52:12.319","2026-09-05 00:27:39.031","PX0sgqbk4ol","18362755","[PREMIUM]","[PREMIUM]","[PREMIUM]","313","Section 313","6",6,"['7','8','9','10','11','12']","2027-03-04 00:00:00","electronic","exchange",0,"[PREMIUM]","1,2,3,4,6"
"ROXHz2Xqjb7","2026-08-23 23:52:12.319","2026-09-05 00:27:39.031","ROXHz2Xqjb7","18362755","[PREMIUM]","[PREMIUM]","[PREMIUM]","323","Section 323","8",2,"['5','6']","2027-03-04 00:00:00","electronic","exchange",2,"[PREMIUM]","2"
"ROXHz2XqjG7","2026-08-23 23:52:12.319","2026-09-05 00:27:39.031","ROXHz2XqjG7","18362755","[PREMIUM]","[PREMIUM]","[PREMIUM]","327","Section 327","10",9,"['1','2','3','4','5','6','7','8','9']","2027-03-04 00:00:00","electronic","exchange",1,"[PREMIUM]","1,2,3,4,5,6,7,9"
"ROXHz2XqN4L","2026-08-23 23:52:12.319","2026-09-05 00:27:39.031","ROXHz2XqN4L","18362755","[PREMIUM]","[PREMIUM]","[PREMIUM]","CL32","Club 32","6",6,"['8','9','10','11','12','13']","2027-03-04 00:00:00","electronic","exchange",1,"[PREMIUM]","1,2,3,4,6"
"V4KU04KVdBV","2026-08-23 23:52:12.319","2026-09-05 00:27:39.031","V4KU04KVdBV","18362755","[PREMIUM]","[PREMIUM]","[PREMIUM]","322","Section 322","8",8,"['1','2','3','4','5','6','7','8']","2027-03-04 00:00:00","electronic","exchange",1,"[PREMIUM]","1,2,3,4,5,6,8"
"V4KU04KVwgd","2026-08-23 23:52:12.319","2026-09-05 00:27:39.031","V4KU04KVwgd","18362755","[PREMIUM]","[PREMIUM]","[PREMIUM]","131","Section 131","9",4,"['1','2','3','4']","2027-03-04 00:00:00","electronic","exchange",2,"[PREMIUM]","1,2,4"
"X03tKl3eX20","2026-08-23 23:52:12.319","2026-09-05 00:27:39.031","X03tKl3eX20","18362755","[PREMIUM]","[PREMIUM]","[PREMIUM]","317","Section 317","9",7,"['1','2','3','4','5','6','7']","2027-03-04 00:00:00","electronic","exchange",0,"[PREMIUM]","1,2,3,4,5,7"
"X03tKl3eXOe","2026-08-23 23:52:12.319","2026-09-05 00:27:39.031","X03tKl3eXOe","18362755","[PREMIUM]","[PREMIUM]","[PREMIUM]","314","Section 314","5",11,"['6','7','8','9','10','11','12','13','14','15','16']","2027-03-04 00:00:00","electronic","exchange",0,"[PREMIUM]","1,2,3,4,5,6,7,8,9,11"
"X03tKl3egNd","2026-08-23 23:52:12.319","2026-09-05 00:27:39.031","X03tKl3egNd","18362755","[PREMIUM]","[PREMIUM]","[PREMIUM]","109","Section 109","26",4,"['12','13','14','15']","2027-03-04 00:00:00","electronic","exchange",0,"[PREMIUM]","1,2,4"
"YgJtk0Jma53","2026-08-23 23:52:12.319","2026-09-05 00:27:39.031","YgJtk0Jma53","18362755","[PREMIUM]","[PREMIUM]","[PREMIUM]","117","Section 117","7",11,"['1','2','3','4','5','6','7','8','9','10','11']","2027-03-04 00:00:00","electronic","exchange",0,"[PREMIUM]","1,2,3,4,5,6,7,8,9,11"
"YgJtk0JmaOx","2026-08-23 23:52:12.319","2026-09-05 00:27:39.031","YgJtk0JmaOx","18362755","[PREMIUM]","[PREMIUM]","[PREMIUM]","118","Section 118","6",4,"['9','10','11','12']","2027-03-04 00:00:00","electronic","exchange",0,"[PREMIUM]","1,2,4"
"YgJtk0Jmav4","2026-08-23 23:52:12.319","2026-09-05 00:27:39.031","YgJtk0Jmav4","18362755","[PREMIUM]","[PREMIUM]","[PREMIUM]","114","Section 114","9",2,"['7','8']","2027-03-04 00:00:00","electronic","exchange",0,"[PREMIUM]","2"
"Zm9hvJ9VL5L","2026-08-23 23:52:12.319","2026-09-05 00:27:39.031","Zm9hvJ9VL5L","18362755","[PREMIUM]","[PREMIUM]","[PREMIUM]","316","Section 316","7",4,"['4','5','6','7']","2027-03-04 00:00:00","electronic","exchange",0,"[PREMIUM]","1,2,4"
"Zm9hvJ9VMLZ","2026-08-23 23:52:12.319","2026-09-05 00:27:39.031","Zm9hvJ9VMLZ","18362755","[PREMIUM]","[PREMIUM]","[PREMIUM]","CL22","Club 22","4",3,"['5','6','7']","2027-03-04 00:00:00","electronic","exchange",0,"[PREMIUM]","1,3"
"agktlMNrAjV","2026-08-23 23:52:12.319","2026-09-05 00:27:39.031","agktlMNrAjV","18362755","[PREMIUM]","[PREMIUM]","[PREMIUM]","114","Section 114","26",9,"['3','4','5','6','7','8','9','10','11']","2027-03-04 00:00:00","electronic","exchange",0,"[PREMIUM]","1,2,3,4,5,6,7,9"
"b4wUao9e0xz","2026-08-23 23:52:12.319","2026-09-05 00:27:39.031","b4wUao9e0xz","18362755","[PREMIUM]","[PREMIUM]","[PREMIUM]","CL28","Club 28","8",6,"['5','6','7','8','9','10']","2027-03-04 00:00:00","electronic","exchange",1,"[PREMIUM]","1,2,3,4,6"
"eeacK8mgoog","2026-08-23 23:52:12.319","2026-09-05 00:27:39.031","eeacK8mgoog","18362755","[PREMIUM]","[PREMIUM]","[PREMIUM]","132","Section 132","21",3,"['7','8','9']","2027-03-04 00:00:00","electronic","exchange",0,"[PREMIUM]","1,3"
"eeacK8mgPXG","2026-08-23 23:52:12.319","2026-09-05 00:27:39.031","eeacK8mgPXG","18362755","[PREMIUM]","[PREMIUM]","[PREMIUM]","109","Section 109","27",8,"['5','6','7','8','9','10','11','12']","2027-03-04 00:00:00","electronic","exchange",0,"[PREMIUM]","1,2,3,4,5,6,8"
"eeacK8mgPME","2026-08-23 23:52:12.319","2026-09-05 00:27:39.031","eeacK8mgPME","18362755","[PREMIUM]","[PREMIUM]","[PREMIUM]","118","Section 118","25",2,"['11','12']","2027-03-04 00:00:00","electronic","exchange",4,"[PREMIUM]","2"
"g48Ur6dJ3z2","2026-08-23 23:52:12.319","2026-09-05 00:27:39.031","g48Ur6dJ3z2","18362755","[PREMIUM]","[PREMIUM]","[PREMIUM]","327","Section 327","10",12,"['10','11','12','13','14','15','16','17','18','19','20','21']","2027-03-04 00:00:00","electronic","exchange",1,"[PREMIUM]","1,2,3,4,5,6,7,8,9,10,12"
"g48Ur6dJ7Xp","2026-08-23 23:52:12.319","2026-09-05 00:27:39.031","g48Ur6dJ7Xp","18362755","[PREMIUM]","[PREMIUM]","[PREMIUM]","307","Section 307","8",2,"['2','3']","2027-03-04 00:00:00","electronic","exchange",1,"[PREMIUM]","2"
"g48Ur6dJVmr","2026-08-23 23:52:12.319","2026-09-05 00:27:39.031","g48Ur6dJVmr","18362755","[PREMIUM]","[PREMIUM]","[PREMIUM]","320","Section 320","9",10,"['1','2','3','4','5','6','7','8','9','10']","2027-03-04 00:00:00","electronic","exchange",1,"[PREMIUM]","1,2,3,4,5,6,7,8,10"
"g48Ur6dJqBP","2026-08-23 23:52:12.319","2026-09-05 00:27:39.031","g48Ur6dJqBP","18362755","[PREMIUM]","[PREMIUM]","[PREMIUM]","CL31","Club 31","4",8,"['1','2','3','4','5','6','7','8']","2027-03-04 00:00:00","electronic","exchange",1,"[PREMIUM]","1,2,3,4,5,6,8"
"jDvszkqp5Bz","2026-08-23 23:52:12.319","2026-08-30 00:01:38.914","jDvszkqp5Bz","18362755","[PREMIUM]","[PREMIUM]","[PREMIUM]","118","Section 118","9",2,"['13','14']","2027-03-04 00:00:00","electronic","exchange",0,"[PREMIUM]","2"
"jDvszkqpJY7","2026-08-23 23:52:12.319","2026-09-05 00:27:39.031","jDvszkqpJY7","18362755","[PREMIUM]","[PREMIUM]","[PREMIUM]","303","Section 303","6",13,"['4','5','6','7','8','9','10','11','12','13','14','15','16']","2027-03-04 00:00:00","electronic","exchange",0,"[PREMIUM]","1,2,3,4,5,6,7,8,9,10,11,13"
"jDvszkqpOzB","2026-08-23 23:52:12.319","2026-09-05 00:27:39.031","jDvszkqpOzB","18362755","[PREMIUM]","[PREMIUM]","[PREMIUM]","311","Section 311","14",4,"['19','20','21','22']","2027-03-04 00:00:00","electronic","exchange",0,"[PREMIUM]","1,2,4"
"jDvszkqp5aK","2026-08-23 23:52:12.319","2026-09-05 00:27:39.031","jDvszkqp5aK","18362755","[PREMIUM]","[PREMIUM]","[PREMIUM]","108","Section 108","10",7,"['1','2','3','4','5','6','7']","2027-03-04 00:00:00","electronic","exchange",1,"[PREMIUM]","1,2,3,4,5,7"
"kYet9mbpNvx","2026-08-23 23:52:12.319","2026-09-05 00:27:39.031","kYet9mbpNvx","18362755","[PREMIUM]","[PREMIUM]","[PREMIUM]","CL31","Club 31","7",8,"['3','4','5','6','7','8','9','10']","2027-03-04 00:00:00","electronic","exchange",2,"[PREMIUM]","1,2,3,4,5,6,8"
"kYet9mbpve6","2026-08-23 23:52:12.319","2026-09-05 00:27:39.031","kYet9mbpve6","18362755","[PREMIUM]","[PREMIUM]","[PREMIUM]","CL21","Club 21","4",2,"['5','6']","2027-03-04 00:00:00","electronic","exchange",0,"[PREMIUM]","2"
"l_JjD3BPGfp1X0vpsYpy3p1HyxLPQ8FeyBB4lCy1vMrBcg9gqe3U8R56bjcYGI5ks9M","2026-08-23 23:52:12.319","2026-08-25 23:18:31.691","l_JjD3BPGfp1X0vpsYpy3p1HyxLPQ8FeyBB4lCy1vMrBcg9gqe3U8R56bjcYGI5ks9M","18362755","[PREMIUM]","[PREMIUM]","[PREMIUM]","301","Section 301","14",4,"['5','6','7','8']",,"sg_app","open",1,"[PREMIUM]","1,2,4"
"l_nZ5qJPdhMd4vbMcnpBLp2hmYl4JrSmr0Ap8s0wyVZ4HbXb8ZYFg1L8vPUxbIXRsJy","2026-08-23 23:52:12.319","2026-08-28 11:16:41.831","l_nZ5qJPdhMd4vbMcnpBLp2hmYl4JrSmr0Ap8s0wyVZ4HbXb8ZYFg1L8vPUxbIXRsJy","18362755","[PREMIUM]","[PREMIUM]","[PREMIUM]","327","Section 327","11",6,"['4','5','6','7','8','9']",,"sg_app","open",5,"[PREMIUM]","1,2,3,4,6"
"l_qBEV5vdIp4qlMps3N9gNzHLQpN3MIRg8JjQcY0bkgEH9ggZ4jsQqeMmKibZIjzIZj","2026-08-23 23:52:12.319","2026-08-25 23:18:31.691","l_qBEV5vdIp4qlMps3N9gNzHLQpN3MIRg8JjQcY0bkgEH9ggZ4jsQqeMmKibZIjzIZj","18362755","[PREMIUM]","[PREMIUM]","[PREMIUM]","CL07","Club 7","5",2,"['9','10']",,"sg_app","open",3,"[PREMIUM]","2"
"lxVsdRbgX88","2026-08-23 23:52:12.319","2026-09-05 00:27:39.031","lxVsdRbgX88","18362755","[PREMIUM]","[PREMIUM]","[PREMIUM]","111","Section 111","7",3,"['14','15','16']","2027-03-04 00:00:00","electronic","exchange",1,"[PREMIUM]","1,3"
"lxVsdRbgXed","2026-08-23 23:52:12.319","2026-09-05 00:27:39.031","lxVsdRbgXed","18362755","[PREMIUM]","[PREMIUM]","[PREMIUM]","132","Section 132","27",4,"['5','6','7','8']","2027-03-04 00:00:00","electronic","exchange",0,"[PREMIUM]","1,2,4"
"mxAs4x7e0q6","2026-08-23 23:52:12.319","2026-09-05 00:27:39.031","mxAs4x7e0q6","18362755","[PREMIUM]","[PREMIUM]","[PREMIUM]","103","Section 103","15",2,"['11','12']","2027-03-04 00:00:00","electronic","exchange",2,"[PREMIUM]","2"
"nx0srK8v9V6","2026-08-23 23:52:12.319","2026-09-05 00:27:39.031","nx0srK8v9V6","18362755","[PREMIUM]","[PREMIUM]","[PREMIUM]","308","Section 308","12",12,"['11','12','13','14','15','16','17','18','19','20','21','22']","2027-03-04 00:00:00","electronic","exchange",1,"[PREMIUM]","1,2,3,4,5,6,7,8,9,10,12"
"nx0srK8vaer","2026-08-23 23:52:12.319","2026-09-05 00:27:39.031","nx0srK8vaer","18362755","[PREMIUM]","[PREMIUM]","[PREMIUM]","111","Section 111","25",10,"['1','2','3','4','5','6','7','8','9','10']","2027-03-04 00:00:00","electronic","exchange",0,"[PREMIUM]","1,2,3,4,5,6,7,8,10"
"oV7Hb6joJap","2026-08-23 23:52:12.319","2026-09-05 00:27:39.031","oV7Hb6joJap","18362755","[PREMIUM]","[PREMIUM]","[PREMIUM]","331","Section 331","11",10,"['1','2','3','4','5','6','7','8','9','10']","2027-03-04 00:00:00","electronic","exchange",2,"[PREMIUM]","1,2,3,4,5,6,7,8,10"
"oV7Hb6joV5m","2026-08-23 23:52:12.319","2026-09-05 00:27:39.031","oV7Hb6joV5m","18362755","[PREMIUM]","[PREMIUM]","[PREMIUM]","114","Section 114","8",3,"['5','6','7']","2027-03-04 00:00:00","electronic","exchange",0,"[PREMIUM]","1,3"
"oV7Hb6joVNm","2026-08-23 23:52:12.319","2026-09-05 00:27:39.031","oV7Hb6joVNm","18362755","[PREMIUM]","[PREMIUM]","[PREMIUM]","107","Section 107","16",6,"['8','9','10','11','12','13']","2027-03-04 00:00:00","electronic","exchange",0,"[PREMIUM]","1,2,3,4,6"
"oV7Hb6joVR7","2026-08-23 23:52:12.319","2026-09-05 00:27:39.031","oV7Hb6joVR7","18362755","[PREMIUM]","[PREMIUM]","[PREMIUM]","116","Section 116","25",6,"['1','2','3','4','5','6']","2027-03-04 00:00:00","electronic","exchange",1,"[PREMIUM]","1,2,3,4,6"
"oV7Hb6joVVv","2026-08-23 23:52:12.319","2026-09-05 00:27:39.031","oV7Hb6joVVv","18362755","[PREMIUM]","[PREMIUM]","[PREMIUM]","CL28","Club 28","7",6,"['9','10','11','12','13','14']","2027-03-04 00:00:00","electronic","exchange",1,"[PREMIUM]","1,2,3,4,6"
"pVXHD7OowEM","2026-08-23 23:52:12.319","2026-09-05 00:27:39.031","pVXHD7OowEM","18362755","[PREMIUM]","[PREMIUM]","[PREMIUM]","128","Section 128","24",5,"['7','8','9','10','11']","2027-03-04 00:00:00","electronic","exchange",0,"[PREMIUM]","1,2,3,5"
"qVjH2mvM64l","2026-08-23 23:52:12.319","2026-09-05 00:27:39.031","qVjH2mvM64l","18362755","[PREMIUM]","[PREMIUM]","[PREMIUM]","303","Section 303","2",14,"['3','4','5','6','7','8','9','10','11','12','13','14','15','16']","2027-03-04 00:00:00","electronic","exchange",2,"[PREMIUM]","1,2,3,4,5,6,7,8,9,10,11,12,14"
"qVjH2mvMoL2","2026-08-23 23:52:12.319","2026-09-05 00:27:39.031","qVjH2mvMoL2","18362755","[PREMIUM]","[PREMIUM]","[PREMIUM]","108","Section 108","28",12,"['15','16','17','18','19','20','21','22','23','24','25','26']","2027-03-04 00:00:00","electronic","exchange",1,"[PREMIUM]","1,2,3,4,5,6,7,8,9,10,12"
"qVjH2mvMx8v","2026-08-23 23:52:12.319","2026-09-05 00:27:39.031","qVjH2mvMx8v","18362755","[PREMIUM]","[PREMIUM]","[PREMIUM]","332","Section 332","9",13,"['9','10','11','12','13','14','15','16','17','18','19','20','21']","2027-03-04 00:00:00","electronic","exchange",0,"[PREMIUM]","1,2,3,4,5,6,7,8,9,10,11,13"
"qVjH2mvMxo8","2026-08-23 23:52:12.319","2026-09-05 00:27:39.031","qVjH2mvMxo8","18362755","[PREMIUM]","[PREMIUM]","[PREMIUM]","306","Section 306","10",4,"['14','15','16','17']","2027-03-04 00:00:00","electronic","exchange",1,"[PREMIUM]","1,2,4"
"rVOHkpKoj7p","2026-08-23 23:52:12.319","2026-09-05 00:27:39.031","rVOHkpKoj7p","18362755","[PREMIUM]","[PREMIUM]","[PREMIUM]","128","Section 128","10",6,"['14','15','16','17','18','19']","2027-03-04 00:00:00","electronic","exchange",1,"[PREMIUM]","1,2,3,4,6"
"rVOHkpKoxVm","2026-08-23 23:52:12.319","2026-09-05 00:27:39.031","rVOHkpKoxVm","18362755","[PREMIUM]","[PREMIUM]","[PREMIUM]","326","Section 326","6",4,"['5','6','7','8']","2027-03-04 00:00:00","electronic","exchange",1,"[PREMIUM]","1,2,4"
"rVOHkpKoxYm","2026-08-23 23:52:12.319","2026-09-05 00:27:39.031","rVOHkpKoxYm","18362755","[PREMIUM]","[PREMIUM]","[PREMIUM]","312","Section 312","8",3,"['10','11','12']","2027-03-04 00:00:00","electronic","exchange",1,"[PREMIUM]","1,3"
"rVOHkpKoxdo","2026-08-23 23:52:12.319","2026-09-05 00:27:39.031","rVOHkpKoxdo","18362755","[PREMIUM]","[PREMIUM]","[PREMIUM]","329","Section 329","7",13,"['4','5','6','7','8','9','10','11','12','13','14','15','16']","2027-03-04 00:00:00","electronic","exchange",2,"[PREMIUM]","1,2,3,4,5,6,7,8,9,10,11,13"
"vb3iPw8zodk","2026-08-23 23:52:12.319","2026-09-05 00:27:39.031","vb3iPw8zodk","18362755","[PREMIUM]","[PREMIUM]","[PREMIUM]","119","Section 119","27",4,"['1','2','3','4']","2027-03-04 00:00:00","electronic","exchange",3,"[PREMIUM]","1,2,4"
"w3Jse86ljvL","2026-08-23 23:52:12.319","2026-09-05 00:27:39.031","w3Jse86ljvL","18362755","[PREMIUM]","[PREMIUM]","[PREMIUM]","108","Section 108","28",8,"['7','8','9','10','11','12','13','14']","2027-03-04 00:00:00","electronic","exchange",1,"[PREMIUM]","1,2,3,4,5,6,8"
"xb9iml8LGG0","2026-08-23 23:52:12.319","2026-09-05 00:27:39.031","xb9iml8LGG0","18362755","[PREMIUM]","[PREMIUM]","[PREMIUM]","CL28","Club 28","4",5,"['5','6','7','8','9']","2027-03-04 00:00:00","electronic","exchange",1,"[PREMIUM]","1,2,3,5"
"xb9iml8LGzm","2026-08-23 23:52:12.319","2026-09-05 00:27:39.031","xb9iml8LGzm","18362755","[PREMIUM]","[PREMIUM]","[PREMIUM]","121","Section 121","8",2,"['7','8']","2027-03-04 00:00:00","electronic","exchange",1,"[PREMIUM]","2"
"xb9iml8LV5Y","2026-08-23 23:52:12.319","2026-09-05 00:27:39.031","xb9iml8LV5Y","18362755","[PREMIUM]","[PREMIUM]","[PREMIUM]","333","Section 333","13",3,"['8','9','10']","2027-03-04 00:00:00","electronic","exchange",0,"[PREMIUM]","1,3"
"xb9iml8LwaR","2026-08-23 23:52:12.319","2026-09-05 00:27:39.031","xb9iml8LwaR","18362755","[PREMIUM]","[PREMIUM]","[PREMIUM]","313","Section 313","8",8,"['1','2','3','4','5','6','7','8']","2027-03-04 00:00:00","electronic","exchange",0,"[PREMIUM]","1,2,3,4,5,6,8"
"xb9iml8LwmR","2026-08-23 23:52:12.319","2026-09-05 00:27:39.031","xb9iml8LwmR","18362755","[PREMIUM]","[PREMIUM]","[PREMIUM]","308","Section 308","11",9,"['1','2','3','4','5','6','7','8','9']","2027-03-04 00:00:00","electronic","exchange",1,"[PREMIUM]","1,2,3,4,5,6,7,9"
"z3Es6v4mrr9","2026-08-23 23:52:12.319","2026-09-05 00:27:39.031","z3Es6v4mrr9","18362755","[PREMIUM]","[PREMIUM]","[PREMIUM]","CL26","Club 26","3",10,"['3','4','5','6','7','8','9','10','11','12']","2027-03-04 00:00:00","electronic","exchange",0,"[PREMIUM]","1,2,3,4,5,6,7,8,10"
"z3Es6v4mrPJ","2026-08-23 23:52:12.319","2026-09-05 00:27:39.031","z3Es6v4mrPJ","18362755","[PREMIUM]","[PREMIUM]","[PREMIUM]","117","Section 117","25",2,"['9','10']","2027-03-04 00:00:00","electronic","exchange",3,"[PREMIUM]","2"
"z3Es6v4mrOO","2026-08-23 23:52:12.319","2026-09-05 00:27:39.031","z3Es6v4mrOO","18362755","[PREMIUM]","[PREMIUM]","[PREMIUM]","CL21","Club 21","5",4,"['3','4','5','6']","2027-03-04 00:00:00","electronic","exchange",0,"[PREMIUM]","1,2,4"
"z3Es6v4mgoY","2026-08-23 23:52:12.319","2026-09-05 00:27:39.031","z3Es6v4mgoY","18362755","[PREMIUM]","[PREMIUM]","[PREMIUM]","312","Section 312","10",4,"['1','2','3','4']","2027-03-04 00:00:00","electronic","exchange",0,"[PREMIUM]","1,2,4"
"z3Es6v4mOzV","2026-08-23 23:52:12.319","2026-09-05 00:27:39.031","z3Es6v4mOzV","18362755","[PREMIUM]","[PREMIUM]","[PREMIUM]","330","Section 330","8",8,"['1','2','3','4','5','6','7','8']","2027-03-04 00:00:00","electronic","exchange",2,"[PREMIUM]","1,2,3,4,5,6,8"
"2v0czqEnEex","2026-08-23 23:52:09.454","2026-09-05 00:35:36.152","2v0czqEnEex","18377491","[PREMIUM]","[PREMIUM]","[PREMIUM]","104","Section 104","1",2,"[]","2027-03-04 00:00:00","electronic","exchange",2,"[PREMIUM]","2"
"LbviL805Lw2","2026-08-23 23:52:09.454","2026-09-04 01:39:37.131","LbviL805Lw2","18377491","[PREMIUM]","[PREMIUM]","[PREMIUM]","308","Section 308","8",2,"[]","2027-03-04 00:00:00","electronic","exchange",3,"[PREMIUM]","1,2"
"NrqUv6RDR5E","2026-08-23 23:52:09.454","2026-09-05 00:35:36.152","NrqUv6RDR5E","18377491","[PREMIUM]","[PREMIUM]","[PREMIUM]","119","Section 119","9",2,"[]","2027-03-03 00:00:00","electronic","exchange",2,"[PREMIUM]","2"
"PX0sgq0P0e0","2026-08-23 23:52:09.454","2026-08-25 00:28:51.310","PX0sgq0P0e0","18377491","[PREMIUM]","[PREMIUM]","[PREMIUM]","118","Section 118","3",2,"[]","2027-03-03 00:00:00","electronic","exchange",1,"[PREMIUM]","2"
"2v0czq7MYxX","2026-08-23 23:51:45.901","2026-09-06 00:57:39.361","2v0czq7MYxX","18378470","[PREMIUM]","[PREMIUM]","[PREMIUM]","121","Section 121","hh",2,"[]","2027-02-25 00:00:00","electronic","exchange",1,"[PREMIUM]","2"
"4vXcjRMx8zX","2026-08-23 23:51:45.901","2026-09-06 00:57:39.361","4vXcjRMx8zX","18378470","[PREMIUM]","[PREMIUM]","[PREMIUM]","111","Section 111","t",2,"[]","2027-02-25 00:00:00","electronic","exchange",0,"[PREMIUM]","2"
"7KntAgoqZ52","2026-08-23 23:51:45.901","2026-08-23 23:51:45.901","7KntAgoqZ52","18378470","[PREMIUM]","[PREMIUM]","[PREMIUM]","320","Section 320","d",2,"[]","2027-02-26 00:00:00","electronic","exchange",4,"[PREMIUM]","2"
"A6rs2KJqPZd","2026-08-23 23:51:45.901","2026-09-06 00:57:39.361","A6rs2KJqPZd","18378470","[PREMIUM]","[PREMIUM]","[PREMIUM]","114C","114 Terrace","bb",2,"[]","2027-02-25 00:00:00","electronic","exchange",0,"[PREMIUM]","2"
"NrqUv6K29mG","2026-08-23 23:51:45.901","2026-09-06 00:57:39.361","NrqUv6K29mG","18378470","[PREMIUM]","[PREMIUM]","[PREMIUM]","325","Section 325","a",4,"[]","2027-02-25 00:00:00","electronic","exchange",5,"[PREMIUM]","4"
"NrqUv6K5dXa","2026-08-23 23:51:45.901","2026-09-06 00:57:39.361","NrqUv6K5dXa","18378470","[PREMIUM]","[PREMIUM]","[PREMIUM]","323","Section 323","m",2,"[]","2027-02-26 00:00:00","electronic","exchange",2,"[PREMIUM]","2"
"O7AhwKqpv3O","2026-08-23 23:51:45.901","2026-08-23 23:51:45.901","O7AhwKqpv3O","18378470","[PREMIUM]","[PREMIUM]","[PREMIUM]","333","Section 333","b",2,"[]","2027-02-26 00:00:00","electronic","exchange",5,"[PREMIUM]","2"
"V4KU04K4ExO","2026-08-23 23:51:45.901","2026-09-06 00:57:39.361","V4KU04K4ExO","18378470","[PREMIUM]","[PREMIUM]","[PREMIUM]","325","Section 325","a",4,"['12','13','14','15']","2027-02-24 00:00:00","electronic","exchange",5,"[PREMIUM]","4"
"YgJtk0JwaDV","2026-08-23 23:51:45.901","2026-09-06 00:57:39.361","YgJtk0JwaDV","18378470","[PREMIUM]","[PREMIUM]","[PREMIUM]","320","Section 320","d",2,"[]","2027-02-25 00:00:00","electronic","exchange",3,"[PREMIUM]","2"
"Zm9hvJDjez9","2026-08-23 23:51:45.901","2026-09-06 00:57:39.361","Zm9hvJDjez9","18378470","[PREMIUM]","[PREMIUM]","[PREMIUM]","120","Section 120","u",2,"[]","2027-02-25 00:00:00","electronic","exchange",1,"[PREMIUM]","2"
"eeacK8Mp6km","2026-08-23 23:51:45.901","2026-09-06 00:57:39.361","eeacK8Mp6km","18378470","[PREMIUM]","[PREMIUM]","[PREMIUM]","103","Section 103 G","c",4,"[]","2027-02-25 00:00:00","electronic","exchange",1,"[PREMIUM]","4"
"kYet9mbmox3","2026-08-23 23:51:45.901","2026-09-06 00:57:39.361","kYet9mbmox3","18378470","[PREMIUM]","[PREMIUM]","[PREMIUM]","320","Section 320","d",2,"['7','8']","2027-02-24 00:00:00","electronic","exchange",5,"[PREMIUM]","2"
"rVOHkpK60YY","2026-08-23 23:51:45.901","2026-08-23 23:51:45.901","rVOHkpK60YY","18378470","[PREMIUM]","[PREMIUM]","[PREMIUM]","325","Section 325","a",4,"[]","2027-02-26 00:00:00","electronic","exchange",3,"[PREMIUM]","1,2,3,4"
"BALImMj7r7V","2026-08-23 23:51:26.122","2026-09-02 00:16:22.590","BALImMj7r7V","18378557","[PREMIUM]","[PREMIUM]","[PREMIUM]","LOGE8","Section Loge 8","21",2,"['4','5']","2027-03-03 00:00:00","electronic","exchange",4,"[PREMIUM]","2"
"JABI3EowaG5","2026-08-23 23:51:26.122","2026-09-05 00:27:02.136","JABI3EowaG5","18378557","[PREMIUM]","[PREMIUM]","[PREMIUM]","BAL312","Balcony 312","10",4,"['9','10','11','12']","2027-03-05 00:00:00","electronic","exchange",0,"[PREMIUM]","1,2,3,4"
"b4wUao9dxpB","2026-08-23 23:51:26.122","2026-09-05 00:27:02.136","b4wUao9dxpB","18378557","[PREMIUM]","[PREMIUM]","[PREMIUM]","BAL312","Balcony 312","13",4,"['19','20','21','22']","2027-03-05 00:00:00","electronic","exchange",1,"[PREMIUM]","1,2,3,4"
"rVOHkpBmOze","2026-08-23 23:51:26.122","2026-08-31 00:38:09.381","rVOHkpBmOze","18378557","[PREMIUM]","[PREMIUM]","[PREMIUM]","LOGE2","Section Loge 2","16",4,"[]","2027-03-04 00:00:00","electronic","exchange",1,"[PREMIUM]","4"
"3q7fNLMm0kM","2026-08-23 23:51:23.543","2026-08-23 23:51:23.543","3q7fNLMm0kM","18378641","[PREMIUM]","[PREMIUM]","[PREMIUM]","121","Section 121","4",2,"[]","2027-03-04 00:00:00","electronic","exchange",2,"[PREMIUM]","2"
"3q7fNLPDZN2","2026-08-23 23:51:23.543","2026-09-05 00:25:27.836","3q7fNLPDZN2","18378641","[PREMIUM]","[PREMIUM]","[PREMIUM]","115","Section 115","18",4,"['100','101','102','103']","2027-03-04 00:00:00","electronic","exchange",1,"[PREMIUM]","1,2,4"
"4vXcjRMNoOA","2026-08-23 23:51:23.543","2026-08-25 00:28:54.503","4vXcjRMNoOA","18378641","[PREMIUM]","[PREMIUM]","[PREMIUM]","202","Section 202","10",7,"[]","2027-03-04 00:00:00","electronic","exchange",3,"[PREMIUM]","1,2,3,4,5,6,7"
"7KntAgxjD4k","2026-08-23 23:51:23.543","2026-08-25 23:16:04.938","7KntAgxjD4k","18378641","[PREMIUM]","[PREMIUM]","[PREMIUM]","128","Section 128","1",2,"[]","2027-03-04 00:00:00","electronic","exchange",4,"[PREMIUM]","2"
"EroUXgBPXzo","2026-08-23 23:51:23.543","2026-09-05 00:25:27.836","EroUXgBPXzo","18378641","[PREMIUM]","[PREMIUM]","[PREMIUM]","121","Section 121","1",2,"['1','2']","2027-02-26 00:00:00","shipped","exchange",1,"[PREMIUM]","2"
"b4wUaol0zA8","2026-08-23 23:51:23.543","2026-09-05 00:25:27.836","b4wUaol0zA8","18378641","[PREMIUM]","[PREMIUM]","[PREMIUM]","202","Section 202","10",3,"[]","2027-03-04 00:00:00","electronic","exchange",2,"[PREMIUM]","1,2,3"
"dNgUgpMkMJb","2026-08-23 23:51:23.543","2026-09-05 00:25:27.836","dNgUgpMkMJb","18378641","[PREMIUM]","[PREMIUM]","[PREMIUM]","215","Section 215","5",2,"[]","2027-03-03 00:00:00","electronic","exchange",0,"[PREMIUM]","2"
"dNgUgpPGRAa","2026-08-23 23:51:23.543","2026-08-25 23:16:04.938","dNgUgpPGRAa","18378641","[PREMIUM]","[PREMIUM]","[PREMIUM]","128","Section 128","1",2,"[]","2027-03-04 00:00:00","electronic","exchange",2,"[PREMIUM]","2"
"oV7Hb6j6OZl","2026-08-23 23:51:23.543","2026-08-23 23:51:23.543","oV7Hb6j6OZl","18378641","[PREMIUM]","[PREMIUM]","[PREMIUM]","208","Section 208","7",2,"[]","2027-03-04 00:00:00","electronic","exchange",2,"[PREMIUM]","2"
"3q7fNLMo3bj","2026-08-23 23:51:19.961","2026-08-25 23:18:10.390","3q7fNLMo3bj","18378149","[PREMIUM]","[PREMIUM]","[PREMIUM]","302","Section 302","t",4,"[]","2027-03-03 00:00:00","electronic","exchange",0,"[PREMIUM]","2,4"
"5EjuZw9j5ao","2026-08-23 23:51:19.961","2026-08-25 23:18:10.390","5EjuZw9j5ao","18378149","[PREMIUM]","[PREMIUM]","[PREMIUM]","102","Section 102","j",5,"[]","2027-03-03 00:00:00","electronic","exchange",0,"[PREMIUM]","1,2,3,5"
"6mOhkoxPgge","2026-08-23 23:51:19.961","2026-08-25 23:18:10.390","6mOhkoxPgge","18378149","[PREMIUM]","[PREMIUM]","[PREMIUM]","331","Section 331","p",3,"[]","2027-03-03 00:00:00","electronic","exchange",2,"[PREMIUM]","1,3"
"7KntAgonReM","2026-08-23 23:51:19.961","2026-08-25 23:18:10.390","7KntAgonReM","18378149","[PREMIUM]","[PREMIUM]","[PREMIUM]","118","Section 118","h",3,"[]","2027-03-03 00:00:00","electronic","exchange",0,"[PREMIUM]","1,3"
"9P2c5MP5Jj3","2026-08-23 23:51:19.961","2026-08-25 23:18:10.390","9P2c5MP5Jj3","18378149","[PREMIUM]","[PREMIUM]","[PREMIUM]","105","Section 105","f",5,"[]","2027-03-03 00:00:00","electronic","exchange",1,"[PREMIUM]","1,2,3,4,5"
"9P2c5MP2Zxz","2026-08-23 23:51:19.961","2026-08-23 23:51:19.961","9P2c5MP2Zxz","18378149","[PREMIUM]","[PREMIUM]","[PREMIUM]","118","Section 118","j",2,"[]","2027-03-03 00:00:00","electronic","exchange",1,"[PREMIUM]","2"
"BALImMELq7a","2026-08-23 23:51:19.961","2026-08-25 23:18:10.390","BALImMELq7a","18378149","[PREMIUM]","[PREMIUM]","[PREMIUM]","332","Section 332","q",2,"[]","2027-03-03 00:00:00","electronic","exchange",0,"[PREMIUM]","2"
"DdwHkMJwg9M","2026-08-23 23:51:19.961","2026-08-23 23:51:19.961","DdwHkMJwg9M","18378149","[PREMIUM]","[PREMIUM]","[PREMIUM]","118","Section 118","n",2,"[]","2027-03-03 00:00:00","electronic","exchange",1,"[PREMIUM]","2"
"O7AhwKjYDzK","2026-08-23 23:51:19.961","2026-08-25 23:18:10.390","O7AhwKjYDzK","18378149","[PREMIUM]","[PREMIUM]","[PREMIUM]","325","Section 325","g",4,"[]","2027-03-03 00:00:00","electronic","exchange",0,"[PREMIUM]","2,4"
"O7AhwKjYPdr","2026-08-23 23:51:19.961","2026-08-25 23:18:10.390","O7AhwKjYPdr","18378149","[PREMIUM]","[PREMIUM]","[PREMIUM]","301","Section 301","r",4,"[]","2027-03-03 00:00:00","electronic","exchange",0,"[PREMIUM]","2,4"
"O7AhwKqwgKx","2026-08-23 23:51:19.961","2026-08-25 23:18:10.390","O7AhwKqwgKx","18378149","[PREMIUM]","[PREMIUM]","[PREMIUM]","325","Section 325","h",3,"[]","2027-03-03 00:00:00","electronic","exchange",0,"[PREMIUM]","3"
"O7AhwKq74Rg","2026-08-23 23:51:19.961","2026-08-23 23:51:19.961","O7AhwKq74Rg","18378149","[PREMIUM]","[PREMIUM]","[PREMIUM]","108","Section 108","g",4,"[]","2027-03-03 00:00:00","electronic","exchange",0,"[PREMIUM]","2,4"
"ROXHz2KYe3l","2026-08-23 23:51:19.961","2026-08-25 23:18:10.390","ROXHz2KYe3l","18378149","[PREMIUM]","[PREMIUM]","[PREMIUM]","331","Section 331","q",2,"[]","2027-03-03 00:00:00","electronic","exchange",0,"[PREMIUM]","2"
"V4KU049x6jm","2026-08-23 23:51:19.961","2026-08-25 23:18:10.390","V4KU049x6jm","18378149","[PREMIUM]","[PREMIUM]","[PREMIUM]","332","Section 332","p",4,"[]","2027-03-03 00:00:00","electronic","exchange",0,"[PREMIUM]","2,4"
"V4KU04KeaDP","2026-08-23 23:51:19.961","2026-08-23 23:51:19.961","V4KU04KeaDP","18378149","[PREMIUM]","[PREMIUM]","[PREMIUM]","102","Section 102","l",6,"[]","2027-03-03 00:00:00","electronic","exchange",1,"[PREMIUM]","1,2,3,4,6"
"YgJtk0Jk800","2026-08-23 23:51:19.961","2026-08-25 23:18:10.390","YgJtk0Jk800","18378149","[PREMIUM]","[PREMIUM]","[PREMIUM]","325","Section 325","m",3,"[]","2027-03-03 00:00:00","electronic","exchange",0,"[PREMIUM]","1,3"
"agktlMN8mxP","2026-08-23 23:51:19.961","2026-08-23 23:51:19.961","agktlMN8mxP","18378149","[PREMIUM]","[PREMIUM]","[PREMIUM]","103","Section 103","d",4,"[]","2027-03-03 00:00:00","electronic","exchange",0,"[PREMIUM]","2,4"
"b4wUao9wdvl","2026-08-23 23:51:19.961","2026-08-25 23:18:10.390","b4wUao9wdvl","18378149","[PREMIUM]","[PREMIUM]","[PREMIUM]","330","Section 330","r",4,"[]","2027-03-03 00:00:00","electronic","exchange",2,"[PREMIUM]","2,4"
"b4wUao9awo6","2026-08-23 23:51:19.961","2026-08-25 23:18:10.390","b4wUao9awo6","18378149","[PREMIUM]","[PREMIUM]","[PREMIUM]","105","Section 105","gg",2,"[]","2027-03-03 00:00:00","electronic","exchange",0,"[PREMIUM]","2"
"b4wUaolYYdE","2026-08-23 23:51:19.961","2026-08-25 23:18:10.390","b4wUaolYYdE","18378149","[PREMIUM]","[PREMIUM]","[PREMIUM]","325","Section 325","a",3,"[]","2027-03-03 00:00:00","electronic","exchange",0,"[PREMIUM]","3"
"dNgUgp7xk93","2026-08-23 23:51:19.961","2026-08-23 23:51:19.961","dNgUgp7xk93","18378149","[PREMIUM]","[PREMIUM]","[PREMIUM]","108","Section 108","j",3,"[]","2027-03-03 00:00:00","electronic","exchange",1,"[PREMIUM]","1,3"
"dNgUgp7gVpR","2026-08-23 23:51:19.961","2026-08-25 23:18:10.390","dNgUgp7gVpR","18378149","[PREMIUM]","[PREMIUM]","[PREMIUM]","305","Section 305","s",6,"[]","2027-03-03 00:00:00","electronic","exchange",1,"[PREMIUM]","1,2,3,4,5,6"
"eeacK8mjwg7","2026-08-23 23:51:19.961","2026-08-23 23:51:19.961","eeacK8mjwg7","18378149","[PREMIUM]","[PREMIUM]","[PREMIUM]","118","Section 118","p",4,"[]","2027-03-03 00:00:00","electronic","exchange",1,"[PREMIUM]","2,4"
"jDvszkqz6ka","2026-08-23 23:51:19.961","2026-08-25 23:18:10.390","jDvszkqz6ka","18378149","[PREMIUM]","[PREMIUM]","[PREMIUM]","303","Section 303","s",3,"[]","2027-03-03 00:00:00","electronic","exchange",0,"[PREMIUM]","1,3"
"lxVsdRb9eEY","2026-08-23 23:51:19.961","2026-08-25 23:18:10.390","lxVsdRb9eEY","18378149","[PREMIUM]","[PREMIUM]","[PREMIUM]","114","Section 114","jj",4,"[]","2027-03-03 00:00:00","electronic","exchange",1,"[PREMIUM]","2,4"
"lxVsdRbdOND","2026-08-23 23:51:19.961","2026-08-25 23:18:10.390","lxVsdRbdOND","18378149","[PREMIUM]","[PREMIUM]","[PREMIUM]","103","Section 103","a",5,"[]","2027-03-03 00:00:00","electronic","exchange",0,"[PREMIUM]","1,2,3,5"
"mxAs4x74BxK","2026-08-23 23:51:19.961","2026-08-25 23:18:10.390","mxAs4x74BxK","18378149","[PREMIUM]","[PREMIUM]","[PREMIUM]","301","Section 301","s",5,"[]","2027-03-03 00:00:00","electronic","exchange",1,"[PREMIUM]","1,2,3,5"
"mxAs4xbl6v3","2026-08-23 23:51:19.961","2026-08-25 23:18:10.390","mxAs4xbl6v3","18378149","[PREMIUM]","[PREMIUM]","[PREMIUM]","331","Section 331","r",2,"[]","2027-03-03 00:00:00","electronic","exchange",0,"[PREMIUM]","2"
"nx0srK8rGKl","2026-08-23 23:51:19.961","2026-08-25 23:18:10.390","nx0srK8rGKl","18378149","[PREMIUM]","[PREMIUM]","[PREMIUM]","325","Section 325","h",2,"[]","2027-03-03 00:00:00","electronic","exchange",0,"[PREMIUM]","2"
"pVXHD7ODP4v","2026-08-23 23:51:19.961","2026-08-23 23:51:19.961","pVXHD7ODP4v","18378149","[PREMIUM]","[PREMIUM]","[PREMIUM]","120","Section 120","j",3,"[]","2027-03-03 00:00:00","electronic","exchange",0,"[PREMIUM]","1,3"
"pVXHD7OD67E","2026-08-23 23:51:19.961","2026-08-25 23:18:10.390","pVXHD7OD67E","18378149","[PREMIUM]","[PREMIUM]","[PREMIUM]","105","Section 105","hh",2,"[]","2027-03-03 00:00:00","electronic","exchange",0,"[PREMIUM]","2"
"qVjH2mv2wmn","2026-08-23 23:51:19.961","2026-08-25 23:18:10.390","qVjH2mv2wmn","18378149","[PREMIUM]","[PREMIUM]","[PREMIUM]","329","Section 329","q",3,"[]","2027-03-03 00:00:00","electronic","exchange",0,"[PREMIUM]","1,3"
"vb3iPwvZ2J0","2026-08-23 23:51:19.961","2026-08-25 23:18:10.390","vb3iPwvZ2J0","18378149","[PREMIUM]","[PREMIUM]","[PREMIUM]","305","Section 305","q",4,"[]","2027-03-03 00:00:00","electronic","exchange",0,"[PREMIUM]","2,4"
"w3Jse86a9wX","2026-08-23 23:51:19.961","2026-08-23 23:51:19.961","w3Jse86a9wX","18378149","[PREMIUM]","[PREMIUM]","[PREMIUM]","118","Section 118","k",4,"[]","2027-03-03 00:00:00","electronic","exchange",1,"[PREMIUM]","2,4"
"9P2c5MRvRvJ","2026-08-23 23:50:59.491","2026-09-06 00:57:01.302","9P2c5MRvRvJ","18377984","[PREMIUM]","[PREMIUM]","[PREMIUM]","112","Section 112","f",2,"[]","2027-02-23 00:00:00","electronic","exchange",1,"[PREMIUM]","2"
"A6rs2KX3Mwb","2026-08-23 23:50:59.491","2026-09-06 00:57:01.302","A6rs2KX3Mwb","18377984","[PREMIUM]","[PREMIUM]","[PREMIUM]","112","Section 112","f",2,"[]","2027-02-23 00:00:00","electronic","exchange",1,"[PREMIUM]","2"
"eeacK8BnVlG","2026-08-23 23:50:59.491","2026-08-28 01:39:57.174","eeacK8BnVlG","18377984","[PREMIUM]","[PREMIUM]","[PREMIUM]","217","Section 217","d",4,"[]","2027-02-24 00:00:00","electronic","exchange",5,"[PREMIUM]","1,2,3,4"
"pVXHD7PjDjY","2026-08-23 23:50:59.491","2026-08-28 01:39:57.174","pVXHD7PjDjY","18377984","[PREMIUM]","[PREMIUM]","[PREMIUM]","313","Section 313","g",2,"['10','11']","2027-02-24 00:00:00","electronic","exchange",1,"[PREMIUM]","2"
"5EjuZw9X3kR","2026-08-23 23:50:46.657","2026-09-05 00:23:06.126","5EjuZw9X3kR","18377332","[PREMIUM]","[PREMIUM]","[PREMIUM]","102","Section 102","24",8,"[]","2027-03-03 00:00:00","electronic","exchange",1,"[PREMIUM]","1,2,3,4,5,6,7,8"
"GAaI60o4LDY","2026-08-23 23:50:46.657","2026-08-28 01:44:46.676","GAaI60o4LDY","18377332","[PREMIUM]","[PREMIUM]","[PREMIUM]","105","Section 105","10",2,"['9','10']","2027-03-03 00:00:00","electronic","exchange",0,"[PREMIUM]","2"
"NrqUv6K4PB2","2026-08-23 23:50:46.657","2026-09-05 00:23:06.126","NrqUv6K4PB2","18377332","[PREMIUM]","[PREMIUM]","[PREMIUM]","229","Section 229","1",10,"['7','8','9','10','11','12','13','14','15','16']","2027-03-03 00:00:00","electronic","exchange",4,"[PREMIUM]","1,2,3,4,5,6,7,8,9,10"
"b4wUao92n3N","2026-08-23 23:50:46.657","2026-09-05 00:23:06.126","b4wUao92n3N","18377332","[PREMIUM]","[PREMIUM]","[PREMIUM]","104","Section 104","27",2,"[]","2027-03-03 00:00:00","electronic","exchange",2,"[PREMIUM]","1,2"
"dNgUgp72maJ","2026-08-23 23:50:46.657","2026-09-05 00:23:06.126","dNgUgp72maJ","18377332","[PREMIUM]","[PREMIUM]","[PREMIUM]","101","Section 101","27",8,"[]","2027-03-03 00:00:00","electronic","exchange",2,"[PREMIUM]","1,2,3,4,5,6,7,8"
"mxAs4xbvrP5","2026-08-23 23:50:46.657","2026-08-28 01:44:46.676","mxAs4xbvrP5","18377332","[PREMIUM]","[PREMIUM]","[PREMIUM]","228","Section 228","11",2,"['5','6']","2027-03-03 00:00:00","electronic","exchange",0,"[PREMIUM]","2"
"xb9iml84De2","2026-08-23 23:50:46.657","2026-09-05 00:23:06.126","xb9iml84De2","18377332","[PREMIUM]","[PREMIUM]","[PREMIUM]","103","Section 103","25",4,"[]","2027-03-03 00:00:00","electronic","exchange",1,"[PREMIUM]","1,2,3,4"
"xb9imlp6kP5","2026-08-23 23:50:46.657","2026-08-28 01:44:46.676","xb9imlp6kP5","18377332","[PREMIUM]","[PREMIUM]","[PREMIUM]","224","Section 224","10",2,"['24','25']","2027-03-03 00:00:00","electronic","exchange",0,"[PREMIUM]","2"
"MAeIP3D6YxG","2026-08-23 23:50:21.750","2026-09-05 00:26:46.184","MAeIP3D6YxG","18376924","[PREMIUM]","[PREMIUM]","[PREMIUM]","214","Section 214","k",1,"[]","2027-03-03 00:00:00","electronic","exchange",2,"[PREMIUM]","1"
"rVOHkpGxL64","2026-08-23 23:50:21.750","2026-09-05 00:26:46.184","rVOHkpGxL64","18376924","[PREMIUM]","[PREMIUM]","[PREMIUM]","214","Section 214","k",1,"['11']","2027-03-02 00:00:00","electronic","exchange",3,"[PREMIUM]","1"
"5EjuZwM5rnN","2026-08-23 23:50:16.808","2026-08-28 01:45:52.279","5EjuZwM5rnN","18376760","[PREMIUM]","[PREMIUM]","[PREMIUM]","107","Section 107","3",2,"[]","2027-03-04 00:00:00","electronic","exchange",1,"[PREMIUM]","2"
"LbviL802rmB","2026-08-23 23:50:16.808","2026-08-28 01:45:52.279","LbviL802rmB","18376760","[PREMIUM]","[PREMIUM]","[PREMIUM]","103","Section 103","7",2,"[]","2027-03-04 00:00:00","electronic","exchange",0,"[PREMIUM]","2"
"O7AhwKj4EXq","2026-08-23 23:50:16.808","2026-09-05 00:25:24.426","O7AhwKj4EXq","18376760","[PREMIUM]","[PREMIUM]","[PREMIUM]","PR2","Premier 2","1",2,"['1','2']","2027-03-04 00:00:00","electronic","exchange",1,"[PREMIUM]","2"
"pVXHD7Pjnv2","2026-08-23 23:50:16.808","2026-08-28 01:45:52.279","pVXHD7Pjnv2","18376760","[PREMIUM]","[PREMIUM]","[PREMIUM]","301","Section 301","3",2,"[]","2027-03-04 00:00:00","electronic","exchange",0,"[PREMIUM]","2"
"4vXcjR49Knz","2026-08-23 23:49:33.832","2026-08-23 23:49:33.832","4vXcjR49Knz","18378637","[PREMIUM]","[PREMIUM]","[PREMIUM]","114","Section 114","3",2,"[]","2027-03-02 00:00:00","electronic","exchange",5,"[PREMIUM]","2"
"JABI3Eo9RPd","2026-08-23 23:49:33.832","2026-08-23 23:49:33.832","JABI3Eo9RPd","18378637","[PREMIUM]","[PREMIUM]","[PREMIUM]","114","Section 114","21",6,"[]","2027-03-02 00:00:00","electronic","exchange",2,"[PREMIUM]","1,2,3,4,5,6"
"NrqUv6K43dL","2026-08-23 23:49:33.832","2026-08-25 00:28:36.185","NrqUv6K43dL","18378637","[PREMIUM]","[PREMIUM]","[PREMIUM]","203","Section 203","15",2,"[]","2027-03-02 00:00:00","electronic","exchange",1,"[PREMIUM]","2"
"NrqUv6K43DL","2026-08-23 23:49:33.832","2026-08-23 23:49:33.832","NrqUv6K43DL","18378637","[PREMIUM]","[PREMIUM]","[PREMIUM]","109","Section 109","11",7,"[]","2027-03-02 00:00:00","electronic","exchange",3,"[PREMIUM]","1,2,3,4,5,6,7"
"PX0sgqbkkRB","2026-08-23 23:49:33.832","2026-09-05 11:29:11.259","PX0sgqbkkRB","18378637","[PREMIUM]","[PREMIUM]","[PREMIUM]","202","Section 202","11",2,"[]","2027-03-02 00:00:00","electronic","exchange",0,"[PREMIUM]","2"
"ROXHz2XkrPB","2026-08-23 23:49:33.832","2026-08-25 00:28:36.185","ROXHz2XkrPB","18378637","[PREMIUM]","[PREMIUM]","[PREMIUM]","203","Section 203","15",2,"[]","2027-03-02 00:00:00","electronic","exchange",0,"[PREMIUM]","2"
"V4KU04Kr0YP","2026-08-23 23:49:33.832","2026-09-05 11:29:11.259","V4KU04Kr0YP","18378637","[PREMIUM]","[PREMIUM]","[PREMIUM]","121","Section 121","1",2,"['50','51']","2027-03-02 00:00:00","electronic","exchange",0,"[PREMIUM]","2"
"X03tKlENBMN","2026-08-23 23:49:33.832","2026-08-23 23:49:33.832","X03tKlENBMN","18378637","[PREMIUM]","[PREMIUM]","[PREMIUM]","104","Section 104","19",2,"[]","2027-03-02 00:00:00","electronic","exchange",0,"[PREMIUM]","2"
"b4wUao9gLaz","2026-08-23 23:49:33.832","2026-09-05 11:29:11.259","b4wUao9gLaz","18378637","[PREMIUM]","[PREMIUM]","[PREMIUM]","115","Section 115","18",4,"['100','101','102','103']","2027-03-02 00:00:00","electronic","exchange",1,"[PREMIUM]","1,2,4"
"dNgUgp76vNM","2026-08-23 23:49:33.832","2026-08-23 23:49:33.832","dNgUgp76vNM","18378637","[PREMIUM]","[PREMIUM]","[PREMIUM]","102","Section 102","4",9,"[]","2027-03-02 00:00:00","electronic","exchange",1,"[PREMIUM]","1,2,3,4,5,6,7,8,9"
"kYet9mP92E7","2026-08-23 23:49:33.832","2026-09-05 11:29:11.259","kYet9mP92E7","18378637","[PREMIUM]","[PREMIUM]","[PREMIUM]","215","Section 215","5",2,"[]","2027-03-01 00:00:00","electronic","exchange",0,"[PREMIUM]","2"
"oV7Hb6jEpLn","2026-08-23 23:49:33.832","2026-08-28 01:44:40.924","oV7Hb6jEpLn","18378637","[PREMIUM]","[PREMIUM]","[PREMIUM]","115","Section 115","12",4,"[]","2027-03-02 00:00:00","electronic","exchange",2,"[PREMIUM]","1,2,3,4"
"2v0czqKV8d9","2026-08-23 23:48:22.646","2026-08-23 23:48:22.646","2v0czqKV8d9","18378960","[PREMIUM]","[PREMIUM]","[PREMIUM]","126","Section 126","s",2,"[]","2027-02-20 00:00:00","electronic","exchange",2,"[PREMIUM]","2"
"2v0czqKR4nB","2026-08-23 23:48:22.646","2026-09-06 00:54:14.420","2v0czqKR4nB","18378960","[PREMIUM]","[PREMIUM]","[PREMIUM]","338","Section 338","c",2,"[]","2027-02-19 00:00:00","electronic","exchange",4,"[PREMIUM]","2"
"4vXcjRMmdo7","2026-08-23 23:48:22.646","2026-09-06 00:54:14.420","4vXcjRMmdo7","18378960","[PREMIUM]","[PREMIUM]","[PREMIUM]","306","Section 306","f",3,"[]","2027-02-19 00:00:00","electronic","exchange",5,"[PREMIUM]","3"
"4vXcjRMmdYg","2026-08-23 23:48:22.646","2026-09-06 00:54:14.420","4vXcjRMmdYg","18378960","[PREMIUM]","[PREMIUM]","[PREMIUM]","108","Section 108","n",3,"[]","2027-02-19 00:00:00","electronic","exchange",1,"[PREMIUM]","3"
"6mOhkox8r4P","2026-08-23 23:48:22.646","2026-08-23 23:48:22.646","6mOhkox8r4P","18378960","[PREMIUM]","[PREMIUM]","[PREMIUM]","314","Section 314","c",2,"[]","2027-02-20 00:00:00","electronic","exchange",5,"[PREMIUM]","2"
"6mOhkoxA3x5","2026-08-23 23:48:22.646","2026-09-06 00:54:14.420","6mOhkoxA3x5","18378960","[PREMIUM]","[PREMIUM]","[PREMIUM]","205","Section 205","d",2,"[]","2027-02-19 00:00:00","electronic","exchange",0,"[PREMIUM]","2"
"6mOhkoVO0nZ","2026-08-23 23:48:22.646","2026-09-06 00:54:14.420","6mOhkoVO0nZ","18378960","[PREMIUM]","[PREMIUM]","[PREMIUM]","110","Section 110","q",2,"[]","2027-02-19 00:00:00","electronic","exchange",1,"[PREMIUM]","2"
"A6rs2KVx3gL","2026-08-23 23:48:22.646","2026-09-06 00:54:14.420","A6rs2KVx3gL","18378960","[PREMIUM]","[PREMIUM]","[PREMIUM]","110","Section 110","q",2,"[]","2027-02-19 00:00:00","electronic","exchange",1,"[PREMIUM]","2"
"BALImMjP9mb","2026-08-23 23:48:22.646","2026-09-06 00:54:14.420","BALImMjP9mb","18378960","[PREMIUM]","[PREMIUM]","[PREMIUM]","126","Section 126","s",2,"[]","2027-02-19 00:00:00","electronic","exchange",1,"[PREMIUM]","2"
"EroUXgB2oXz","2026-08-23 23:48:22.646","2026-09-06 00:54:14.420","EroUXgB2oXz","18378960","[PREMIUM]","[PREMIUM]","[PREMIUM]","106","Section 106","n",2,"[]","2027-02-19 00:00:00","electronic","exchange",0,"[PREMIUM]","2"
"JABI3EoJ2RG","2026-08-23 23:48:22.646","2026-09-06 00:54:14.420","JABI3EoJ2RG","18378960","[PREMIUM]","[PREMIUM]","[PREMIUM]","314","Section 314","c",2,"[]","2027-02-19 00:00:00","electronic","exchange",4,"[PREMIUM]","2"
"LbviL802PEm","2026-08-23 23:48:22.646","2026-09-06 00:54:14.420","LbviL802PEm","18378960","[PREMIUM]","[PREMIUM]","[PREMIUM]","126","Section 126","s",2,"['13','14']","2027-02-18 00:00:00","electronic","exchange",2,"[PREMIUM]","2"
"KezczqjbXd2","2026-08-23 23:48:22.646","2026-09-06 00:54:14.420","KezczqjbXd2","18378960","[PREMIUM]","[PREMIUM]","[PREMIUM]","106","Section 106","n",2,"[]","2027-02-19 00:00:00","electronic","exchange",0,"[PREMIUM]","2"
"O7AhwKqreAg","2026-08-23 23:48:22.646","2026-09-06 00:54:14.420","O7AhwKqreAg","18378960","[PREMIUM]","[PREMIUM]","[PREMIUM]","205","Section 205","d",2,"['5','6']","2027-02-18 00:00:00","electronic","exchange",1,"[PREMIUM]","2"
"ROXHz2K5zVJ","2026-08-23 23:48:22.646","2026-09-06 00:54:14.420","ROXHz2K5zVJ","18378960","[PREMIUM]","[PREMIUM]","[PREMIUM]","126","Section 126","s",2,"[]","2027-02-19 00:00:00","electronic","exchange",1,"[PREMIUM]","2"
"g48Ur6P6goE","2026-08-23 23:48:22.646","2026-08-23 23:48:22.646","g48Ur6P6goE","18378960","[PREMIUM]","[PREMIUM]","[PREMIUM]","331","Section 331","n",5,"[]","2027-02-19 00:00:00","electronic","exchange",2,"[PREMIUM]","1,2,3,4,5"
"g48Ur6dbj08","2026-08-23 23:48:22.646","2026-09-06 00:54:14.420","g48Ur6dbj08","18378960","[PREMIUM]","[PREMIUM]","[PREMIUM]","314","Section 314","c",2,"['3','4']","2027-02-18 00:00:00","electronic","exchange",5,"[PREMIUM]","2"
"pVXHD7O2wXw","2026-08-23 23:48:22.646","2026-08-23 23:48:22.646","pVXHD7O2wXw","18378960","[PREMIUM]","[PREMIUM]","[PREMIUM]","205","Section 205","d",2,"[]","2027-02-20 00:00:00","electronic","exchange",1,"[PREMIUM]","2"
"rVOHkpGEgKn","2026-08-23 23:48:22.646","2026-08-23 23:48:22.646","rVOHkpGEgKn","18378960","[PREMIUM]","[PREMIUM]","[PREMIUM]","110","Section 110","q",2,"[]","2027-02-20 00:00:00","electronic","exchange",2,"[PREMIUM]","2"
"05VT8l9knob","2026-08-23 23:48:12.822","2026-09-05 00:25:04.134","05VT8l9knob","18362753","[PREMIUM]","[PREMIUM]","[PREMIUM]","303","Section 303","6",13,"['4','5','6','7','8','9','10','11','12','13','14','15','16']","2027-03-02 00:00:00","electronic","exchange",0,"[PREMIUM]","1,2,3,4,5,6,7,8,9,10,11,13"
"05VT8l9knVp","2026-08-23 23:48:12.822","2026-09-05 00:25:04.134","05VT8l9knVp","18362753","[PREMIUM]","[PREMIUM]","[PREMIUM]","114","Section 114","28",11,"['15','16','17','18','19','20','21','22','23','24','25']","2027-03-02 00:00:00","electronic","exchange",1,"[PREMIUM]","1,2,3,4,5,6,7,8,9,11"
"05VT8l9knBv","2026-08-23 23:48:12.822","2026-09-05 00:25:04.134","05VT8l9knBv","18362753","[PREMIUM]","[PREMIUM]","[PREMIUM]","303","Section 303","2",14,"['3','4','5','6','7','8','9','10','11','12','13','14','15','16']","2027-03-02 00:00:00","electronic","exchange",5,"[PREMIUM]","1,2,3,4,5,6,7,8,9,10,11,12,14"
"05VT8l9kAdz","2026-08-23 23:48:12.822","2026-09-05 00:25:04.134","05VT8l9kAdz","18362753","[PREMIUM]","[PREMIUM]","[PREMIUM]","119","Section 119","5",6,"['5','6','7','8','9','10']","2027-03-02 00:00:00","electronic","exchange",0,"[PREMIUM]","1,2,3,4,6"
"2v0czqEoJwN","2026-08-23 23:48:12.822","2026-09-05 00:25:04.134","2v0czqEoJwN","18362753","[PREMIUM]","[PREMIUM]","[PREMIUM]","130","Section 130","21",3,"['3','4','5']","2027-03-02 00:00:00","electronic","exchange",0,"[PREMIUM]","1,3"
"3q7fNLPV9R7","2026-08-23 23:48:12.822","2026-09-05 00:25:04.134","3q7fNLPV9R7","18362753","[PREMIUM]","[PREMIUM]","[PREMIUM]","312","Section 312","8",2,"['17','18']","2027-03-02 00:00:00","electronic","exchange",2,"[PREMIUM]","2"
"4vXcjR4Pavz","2026-08-23 23:48:12.822","2026-09-05 00:25:04.134","4vXcjR4Pavz","18362753","[PREMIUM]","[PREMIUM]","[PREMIUM]","133","Section 133","25",2,"['8','9']","2027-03-02 00:00:00","electronic","exchange",3,"[PREMIUM]","2"
"4vXcjR4PvBj","2026-08-23 23:48:12.822","2026-09-05 00:25:04.134","4vXcjR4PvBj","18362753","[PREMIUM]","[PREMIUM]","[PREMIUM]","103","Section 103","15",2,"['11','12']","2027-03-02 00:00:00","electronic","exchange",1,"[PREMIUM]","2"
"4vXcjR4PvKv","2026-08-23 23:48:12.822","2026-09-05 00:25:04.134","4vXcjR4PvKv","18362753","[PREMIUM]","[PREMIUM]","[PREMIUM]","CL32","Club 32","6",6,"['8','9','10','11','12','13']","2027-03-02 00:00:00","electronic","exchange",1,"[PREMIUM]","1,2,3,4,6"
"4vXcjR4Pvm5","2026-08-23 23:48:12.822","2026-09-05 00:25:04.134","4vXcjR4Pvm5","18362753","[PREMIUM]","[PREMIUM]","[PREMIUM]","307","Section 307","7",13,"['4','5','6','7','8','9','10','11','12','13','14','15','16']","2027-03-02 00:00:00","electronic","exchange",1,"[PREMIUM]","1,2,3,4,5,6,7,8,9,10,11,13"
"4vXcjR4Pvvp","2026-08-23 23:48:12.822","2026-09-05 00:25:04.134","4vXcjR4Pvvp","18362753","[PREMIUM]","[PREMIUM]","[PREMIUM]","309","Section 309","6",11,"['4','5','6','7','8','9','10','11','12','13','14']","2027-03-02 00:00:00","electronic","exchange",1,"[PREMIUM]","1,2,3,4,5,6,7,8,9,11"
"5EjuZw90BA8","2026-08-23 23:48:12.822","2026-09-05 00:25:04.134","5EjuZw90BA8","18362753","[PREMIUM]","[PREMIUM]","[PREMIUM]","118","Section 118","9",2,"['13','14']","2027-03-02 00:00:00","electronic","exchange",0,"[PREMIUM]","2"
"6mOhkoxvqPa","2026-08-23 23:48:12.822","2026-09-05 00:25:04.134","6mOhkoxvqPa","18362753","[PREMIUM]","[PREMIUM]","[PREMIUM]","311","Section 311","13",4,"['19','20','21','22']","2027-03-02 00:00:00","electronic","exchange",1,"[PREMIUM]","1,2,4"
"6mOhkoxvEpL","2026-08-23 23:48:12.822","2026-09-05 00:25:04.134","6mOhkoxvEpL","18362753","[PREMIUM]","[PREMIUM]","[PREMIUM]","117","Section 117","7",11,"['1','2','3','4','5','6','7','8','9','10','11']","2027-03-02 00:00:00","electronic","exchange",0,"[PREMIUM]","1,2,3,4,5,6,7,8,9,11"
"7KntAgoMvJK","2026-08-23 23:48:12.822","2026-09-05 00:25:04.134","7KntAgoMvJK","18362753","[PREMIUM]","[PREMIUM]","[PREMIUM]","324","Section 324","12",22,"['1','2','3','4','5','6','7','8','9','10','11','12','13','14','15','16','17','18','19','20','21','22']","2027-03-02 00:00:00","electronic","exchange",1,"[PREMIUM]","1,2,3,4,5,6,7,8,9,10,11,12,13,14,15,16,17,18,19,20,22"
"7KntAgoM59w","2026-08-23 23:48:12.822","2026-09-05 00:25:04.134","7KntAgoM59w","18362753","[PREMIUM]","[PREMIUM]","[PREMIUM]","124","Section 124","24",2,"['15','16']","2027-03-02 00:00:00","electronic","exchange",1,"[PREMIUM]","2"
"8lKt6a2mKqX","2026-08-23 23:48:12.822","2026-09-05 00:25:04.134","8lKt6a2mKqX","18362753","[PREMIUM]","[PREMIUM]","[PREMIUM]","118","Section 118","8",6,"['5','6','7','8','9','10']","2027-03-02 00:00:00","electronic","exchange",0,"[PREMIUM]","1,2,3,4,6"
"8lKt6a2mrKZ","2026-08-23 23:48:12.822","2026-09-05 00:25:04.134","8lKt6a2mrKZ","18362753","[PREMIUM]","[PREMIUM]","[PREMIUM]","308","Section 308","8",7,"['3','4','5','6','7','8','9']","2027-03-02 00:00:00","electronic","exchange",2,"[PREMIUM]","1,2,3,4,5,7"
"9P2c5MPBN5G","2026-08-23 23:48:12.822","2026-09-05 00:25:04.134","9P2c5MPBN5G","18362753","[PREMIUM]","[PREMIUM]","[PREMIUM]","125","Section 125","9",7,"['9','10','11','12','13','14','15']","2027-03-02 00:00:00","electronic","exchange",2,"[PREMIUM]","1,2,3,4,5,7"
"9P2c5MPBNEx","2026-08-23 23:48:12.822","2026-09-05 00:25:04.134","9P2c5MPBNEx","18362753","[PREMIUM]","[PREMIUM]","[PREMIUM]","111","Section 111","14",4,"['20','21','22','23']","2027-03-02 00:00:00","electronic","exchange",0,"[PREMIUM]","1,2,4"
"9P2c5MPBNgX","2026-08-23 23:48:12.822","2026-09-05 00:25:04.134","9P2c5MPBNgX","18362753","[PREMIUM]","[PREMIUM]","[PREMIUM]","CL32","Club 32","4",12,"['3','4','5','6','7','8','9','10','11','12','13','14']","2027-03-02 00:00:00","electronic","exchange",0,"[PREMIUM]","1,2,3,4,5,6,7,8,9,10,12"
"A6rs2KVmaAE","2026-08-23 23:48:12.822","2026-09-05 00:25:04.134","A6rs2KVmaAE","18362753","[PREMIUM]","[PREMIUM]","[PREMIUM]","133","Section 133","12",6,"['7','8','9','10','11','12']","2027-03-02 00:00:00","electronic","exchange",2,"[PREMIUM]","1,2,3,4,6"
"A6rs2KVmAL6","2026-08-23 23:48:12.822","2026-09-05 00:25:04.134","A6rs2KVmAL6","18362753","[PREMIUM]","[PREMIUM]","[PREMIUM]","CL27","Club 27","3",3,"['9','10','11']","2027-03-02 00:00:00","electronic","exchange",1,"[PREMIUM]","1,3"
"A6rs2KVmA5r","2026-08-23 23:48:12.822","2026-09-05 00:25:04.134","A6rs2KVmA5r","18362753","[PREMIUM]","[PREMIUM]","[PREMIUM]","324","Section 324","8",4,"['15','16','17','18']","2027-03-02 00:00:00","electronic","exchange",2,"[PREMIUM]","1,2,4"
"BALImMjnr6b","2026-08-23 23:48:12.822","2026-09-05 00:25:04.134","BALImMjnr6b","18362753","[PREMIUM]","[PREMIUM]","[PREMIUM]","131","Section 131","11",5,"['1','2','3','4','5']","2027-03-02 00:00:00","electronic","exchange",1,"[PREMIUM]","1,2,3,5"
"EroUXgB3z0O","2026-08-23 23:48:12.822","2026-09-05 00:25:04.134","EroUXgB3z0O","18362753","[PREMIUM]","[PREMIUM]","[PREMIUM]","CL30","Club 30","5",5,"['9','10','11','12','13']","2027-03-02 00:00:00","electronic","exchange",2,"[PREMIUM]","1,2,3,5"
"EroUXgB3za2","2026-08-23 23:48:12.822","2026-09-05 00:25:04.134","EroUXgB3za2","18362753","[PREMIUM]","[PREMIUM]","[PREMIUM]","329","Section 329","7",13,"['4','5','6','7','8','9','10','11','12','13','14','15','16']","2027-03-02 00:00:00","electronic","exchange",2,"[PREMIUM]","1,2,3,4,5,6,7,8,9,10,11,13"
"EroUXgB3zdE","2026-08-23 23:48:12.822","2026-09-05 00:25:04.134","EroUXgB3zdE","18362753","[PREMIUM]","[PREMIUM]","[PREMIUM]","314","Section 314","4",12,"['4','5','6','7','8','9','10','11','12','13','14','15']","2027-03-02 00:00:00","electronic","exchange",1,"[PREMIUM]","1,2,3,4,5,6,7,8,9,10,12"
"EroUXgB3zvj","2026-08-23 23:48:12.822","2026-09-05 00:25:04.134","EroUXgB3zvj","18362753","[PREMIUM]","[PREMIUM]","[PREMIUM]","108","Section 108","13",9,"['15','16','17','18','19','20','21','22','23']","2027-03-02 00:00:00","electronic","exchange",0,"[PREMIUM]","1,2,3,4,5,6,7,9"
"GAaI60A9l66","2026-08-23 23:48:12.822","2026-09-05 00:25:04.134","GAaI60A9l66","18362753","[PREMIUM]","[PREMIUM]","[PREMIUM]","121","Section 121","9",2,"['9','10']","2027-03-02 00:00:00","electronic","exchange",1,"[PREMIUM]","2"
"JABI3EovamG","2026-08-23 23:48:12.822","2026-09-05 00:25:04.134","JABI3EovamG","18362753","[PREMIUM]","[PREMIUM]","[PREMIUM]","118","Section 118","6",4,"['9','10','11','12']","2027-03-02 00:00:00","electronic","exchange",0,"[PREMIUM]","1,2,4"
"JABI3EovarR","2026-08-23 23:48:12.822","2026-09-05 00:25:04.134","JABI3EovarR","18362753","[PREMIUM]","[PREMIUM]","[PREMIUM]","117","Section 117","3",6,"['1','2','3','4','5','6']","2027-03-02 00:00:00","electronic","exchange",0,"[PREMIUM]","1,2,3,4,6"
"KezczqLvoPE","2026-08-23 23:48:12.822","2026-09-05 00:25:04.134","KezczqLvoPE","18362753","[PREMIUM]","[PREMIUM]","[PREMIUM]","128","Section 128","25",4,"['1','2','3','4']","2027-03-02 00:00:00","electronic","exchange",0,"[PREMIUM]","1,2,4"
"KezczqLvoA5","2026-08-23 23:48:12.822","2026-09-05 00:25:04.134","KezczqLvoA5","18362753","[PREMIUM]","[PREMIUM]","[PREMIUM]","317","Section 317","9",19,"['1','2','3','4','5','6','7','8','9','10','11','12','13','14','15','16','17','18','19']","2027-03-02 00:00:00","electronic","exchange",1,"[PREMIUM]","1,2,3,4,5,6,7,8,9,10,11,12,13,14,15,16,17,19"
"LbviL8aDPbD","2026-08-23 23:48:12.822","2026-09-05 00:25:04.134","LbviL8aDPbD","18362753","[PREMIUM]","[PREMIUM]","[PREMIUM]","333","Section 333","8",2,"['14','15']","2027-03-02 00:00:00","electronic","exchange",1,"[PREMIUM]","2"
"LbviL8aDPob","2026-08-23 23:48:12.822","2026-09-05 00:25:04.134","LbviL8aDPob","18362753","[PREMIUM]","[PREMIUM]","[PREMIUM]","131","Section 131","6",3,"['3','4','5']","2027-03-02 00:00:00","electronic","exchange",1,"[PREMIUM]","1,3"
"NrqUv6Kzq3l","2026-08-23 23:48:12.822","2026-09-05 00:25:04.134","NrqUv6Kzq3l","18362753","[PREMIUM]","[PREMIUM]","[PREMIUM]","CL32","Club 32","6",2,"['3','4']","2027-03-02 00:00:00","electronic","exchange",1,"[PREMIUM]","2"
"NrqUv6KzqGR","2026-08-23 23:48:12.822","2026-09-05 00:25:04.134","NrqUv6KzqGR","18362753","[PREMIUM]","[PREMIUM]","[PREMIUM]","CL28","Club 28","6",2,"['3','4']","2027-03-02 00:00:00","electronic","exchange",1,"[PREMIUM]","2"
"NrqUv6KzqV9","2026-08-23 23:48:12.822","2026-09-05 00:25:04.134","NrqUv6KzqV9","18362753","[PREMIUM]","[PREMIUM]","[PREMIUM]","317","Section 317","7",11,"['4','5','6','7','8','9','10','11','12','13','14']","2027-03-02 00:00:00","electronic","exchange",0,"[PREMIUM]","1,2,3,4,5,6,7,8,9,11"
"NrqUv6KzqeJ","2026-08-23 23:48:12.822","2026-09-05 00:25:04.134","NrqUv6KzqeJ","18362753","[PREMIUM]","[PREMIUM]","[PREMIUM]","309","Section 309","10",4,"['14','15','16','17']","2027-03-02 00:00:00","electronic","exchange",2,"[PREMIUM]","1,2,4"
"O7AhwKqm3DR","2026-08-23 23:48:12.822","2026-09-05 00:25:04.134","O7AhwKqm3DR","18362753","[PREMIUM]","[PREMIUM]","[PREMIUM]","328","Section 328","7",14,"['4','5','6','7','8','9','10','11','12','13','14','15','16','17']","2027-03-02 00:00:00","electronic","exchange",1,"[PREMIUM]","1,2,3,4,5,6,7,8,9,10,11,12,14"
"O7AhwKqm3G4","2026-08-23 23:48:12.822","2026-09-05 00:25:04.134","O7AhwKqm3G4","18362753","[PREMIUM]","[PREMIUM]","[PREMIUM]","330","Section 330","8",20,"['1','2','3','4','5','6','7','8','9','10','11','12','13','14','15','16','17','18','19','20']","2027-03-02 00:00:00","electronic","exchange",2,"[PREMIUM]","1,2,3,4,5,6,7,8,9,10,11,12,13,14,15,16,17,18,20"
"O7AhwKqm3O4","2026-08-23 23:48:12.822","2026-09-05 00:25:04.134","O7AhwKqm3O4","18362753","[PREMIUM]","[PREMIUM]","[PREMIUM]","305","Section 305","8",4,"['13','14','15','16']","2027-03-02 00:00:00","electronic","exchange",2,"[PREMIUM]","1,2,4"
"O7AhwKqml37","2026-08-23 23:48:12.822","2026-09-05 00:25:04.134","O7AhwKqml37","18362753","[PREMIUM]","[PREMIUM]","[PREMIUM]","120","Section 120","23",2,"['5','6']","2027-03-02 00:00:00","electronic","exchange",3,"[PREMIUM]","2"
"O7AhwKqmllm","2026-08-23 23:48:12.822","2026-09-05 00:25:04.134","O7AhwKqmllm","18362753","[PREMIUM]","[PREMIUM]","[PREMIUM]","119","Section 119","27",4,"['1','2','3','4']","2027-03-02 00:00:00","electronic","exchange",3,"[PREMIUM]","1,2,4"
"PX0sgqbk97Y","2026-08-23 23:48:12.822","2026-09-05 00:25:04.134","PX0sgqbk97Y","18362753","[PREMIUM]","[PREMIUM]","[PREMIUM]","CL23","Club 23","5",4,"['1','2','3','4']","2027-03-02 00:00:00","electronic","exchange",1,"[PREMIUM]","1,2,4"
"ROXHz2XqaMB","2026-08-23 23:48:12.822","2026-09-05 00:25:04.134","ROXHz2XqaMB","18362753","[PREMIUM]","[PREMIUM]","[PREMIUM]","111","Section 111","15",5,"['5','6','7','8','9']","2027-03-02 00:00:00","electronic","exchange",0,"[PREMIUM]","1,2,3,5"
"V4KU04KVY5v","2026-08-23 23:48:12.822","2026-09-05 00:25:04.134","V4KU04KVY5v","18362753","[PREMIUM]","[PREMIUM]","[PREMIUM]","312","Section 312","9",2,"['18','19']","2027-03-02 00:00:00","electronic","exchange",2,"[PREMIUM]","2"
"X03tKl3e907","2026-08-23 23:48:12.822","2026-09-05 00:25:04.134","X03tKl3e907","18362753","[PREMIUM]","[PREMIUM]","[PREMIUM]","313","Section 313","10",6,"['1','2','3','4','5','6']","2027-03-02 00:00:00","electronic","exchange",2,"[PREMIUM]","1,2,3,4,6"
"X03tKl3e9BR","2026-08-23 23:48:12.822","2026-09-05 00:25:04.134","X03tKl3e9BR","18362753","[PREMIUM]","[PREMIUM]","[PREMIUM]","107","Section 107","26",14,"['8','9','10','11','12','13','14','15','16','17','18','19','20','21']","2027-03-02 00:00:00","electronic","exchange",0,"[PREMIUM]","1,2,3,4,5,6,7,8,9,10,11,12,14"
"Zm9hvJ9V5G0","2026-08-23 23:48:12.822","2026-09-05 00:25:04.134","Zm9hvJ9V5G0","18362753","[PREMIUM]","[PREMIUM]","[PREMIUM]","313","Section 313","1",5,"['3','4','5','6','7']","2027-03-02 00:00:00","electronic","exchange",0,"[PREMIUM]","1,2,3,5"
"agktlMNrKvr","2026-08-23 23:48:12.822","2026-09-05 00:25:04.134","agktlMNrKvr","18362753","[PREMIUM]","[PREMIUM]","[PREMIUM]","307","Section 307","5",4,"['13','14','15','16']","2027-03-02 00:00:00","electronic","exchange",1,"[PREMIUM]","1,2,4"
"agktlMNrK2p","2026-08-23 23:48:12.822","2026-09-05 00:25:04.134","agktlMNrK2p","18362753","[PREMIUM]","[PREMIUM]","[PREMIUM]","324","Section 324","3",12,"['4','5','6','7','8','9','10','11','12','13','14','15']","2027-03-02 00:00:00","electronic","exchange",1,"[PREMIUM]","1,2,3,4,5,6,7,8,9,10,12"
"b4wUao9eZ0O","2026-08-23 23:48:12.822","2026-09-05 00:25:04.134","b4wUao9eZ0O","18362753","[PREMIUM]","[PREMIUM]","[PREMIUM]","307","Section 307","8",2,"['2','3']","2027-03-02 00:00:00","electronic","exchange",2,"[PREMIUM]","2"
"b4wUao9eZEe","2026-08-23 23:48:12.822","2026-09-05 00:25:04.134","b4wUao9eZEe","18362753","[PREMIUM]","[PREMIUM]","[PREMIUM]","109","Section 109","27",20,"['5','6','7','8','9','10','11','12','13','14','15','16','17','18','19','20','21','22','23','24']","2027-03-02 00:00:00","electronic","exchange",0,"[PREMIUM]","1,2,3,4,5,6,7,8,9,10,11,12,13,14,15,16,17,18,20"
"b4wUao9eZGk","2026-08-23 23:48:12.822","2026-09-05 00:25:04.134","b4wUao9eZGk","18362753","[PREMIUM]","[PREMIUM]","[PREMIUM]","CL15","Club 15","1",4,"['5','6','7','8']","2027-03-02 00:00:00","electronic","exchange",0,"[PREMIUM]","1,2,4"
"dNgUgp7KLM3","2026-08-23 23:48:12.822","2026-09-05 00:25:04.134","dNgUgp7KLM3","18362753","[PREMIUM]","[PREMIUM]","[PREMIUM]","114","Section 114","6",7,"['1','2','3','4','5','6','7']","2027-03-02 00:00:00","electronic","exchange",0,"[PREMIUM]","1,2,3,4,5,7"
"dNgUgp7KLOZ","2026-08-23 23:48:12.822","2026-09-05 00:25:04.134","dNgUgp7KLOZ","18362753","[PREMIUM]","[PREMIUM]","[PREMIUM]","132","Section 132","24",2,"['5','6']","2027-03-02 00:00:00","electronic","exchange",0,"[PREMIUM]","2"
"dNgUgp7KqVD","2026-08-23 23:48:12.822","2026-09-05 00:25:04.134","dNgUgp7KqVD","18362753","[PREMIUM]","[PREMIUM]","[PREMIUM]","308","Section 308","11",21,"['1','2','3','4','5','6','7','8','9','10','11','12','13','14','15','16','17','18','19','20','21']","2027-03-02 00:00:00","electronic","exchange",1,"[PREMIUM]","1,2,3,4,5,6,7,8,9,10,11,12,13,14,15,16,17,18,19,21"
"dNgUgp7KqmD","2026-08-23 23:48:12.822","2026-09-05 00:25:04.134","dNgUgp7KqmD","18362753","[PREMIUM]","[PREMIUM]","[PREMIUM]","323","Section 323","11",5,"['8','9','10','11','12']","2027-03-02 00:00:00","electronic","exchange",2,"[PREMIUM]","1,2,3,5"
"eeacK8mgERg","2026-08-23 23:48:12.822","2026-09-05 00:25:04.134","eeacK8mgERg","18362753","[PREMIUM]","[PREMIUM]","[PREMIUM]","128","Section 128","24",5,"['7','8','9','10','11']","2027-03-02 00:00:00","electronic","exchange",1,"[PREMIUM]","1,2,3,5"
"eeacK8mgEDN","2026-08-23 23:48:12.822","2026-09-05 00:25:04.134","eeacK8mgEDN","18362753","[PREMIUM]","[PREMIUM]","[PREMIUM]","328","Section 328","9",21,"['1','2','3','4','5','6','7','8','9','10','11','12','13','14','15','16','17','18','19','20','21']","2027-03-02 00:00:00","electronic","exchange",2,"[PREMIUM]","1,2,3,4,5,6,7,8,9,10,11,12,13,14,15,16,17,18,19,21"
"g48Ur6dJYqD","2026-08-23 23:48:12.822","2026-09-05 00:25:04.134","g48Ur6dJYqD","18362753","[PREMIUM]","[PREMIUM]","[PREMIUM]","118","Section 118","26",2,"['3','4']","2027-03-02 00:00:00","electronic","exchange",3,"[PREMIUM]","2"
"jDvszkqpe0P","2026-08-23 23:48:12.822","2026-09-02 00:12:33.362","jDvszkqpe0P","18362753","[PREMIUM]","[PREMIUM]","[PREMIUM]","132","Section 132","26",4,"['13','14','15','16']","2027-03-02 00:00:00","electronic","exchange",0,"[PREMIUM]","1,2,4"
"jDvszkqpr50","2026-08-23 23:48:12.822","2026-09-05 00:25:04.134","jDvszkqpr50","18362753","[PREMIUM]","[PREMIUM]","[PREMIUM]","118","Section 118","25",2,"['11','12']","2027-03-02 00:00:00","electronic","exchange",2,"[PREMIUM]","2"
"jDvszkqpem2","2026-08-23 23:48:12.822","2026-09-05 00:25:04.134","jDvszkqpem2","18362753","[PREMIUM]","[PREMIUM]","[PREMIUM]","313","Section 313","8",20,"['1','2','3','4','5','6','7','8','9','10','11','12','13','14','15','16','17','18','19','20']","2027-03-02 00:00:00","electronic","exchange",1,"[PREMIUM]","1,2,3,4,5,6,7,8,9,10,11,12,13,14,15,16,17,18,20"
"jDvszkqpe8j","2026-08-23 23:48:12.822","2026-09-05 00:25:04.134","jDvszkqpe8j","18362753","[PREMIUM]","[PREMIUM]","[PREMIUM]","CL26","Club 26","4",8,"['4','5','6','7','8','9','10','11']","2027-03-02 00:00:00","electronic","exchange",1,"[PREMIUM]","1,2,3,4,5,6,8"
"kYet9mbpXL8","2026-08-23 23:48:12.822","2026-09-05 00:25:04.134","kYet9mbpXL8","18362753","[PREMIUM]","[PREMIUM]","[PREMIUM]","116","Section 116","23",2,"['9','10']","2027-03-02 00:00:00","electronic","exchange",2,"[PREMIUM]","2"
"kYet9mbpXVD","2026-08-23 23:48:12.822","2026-09-05 00:25:04.134","kYet9mbpXVD","18362753","[PREMIUM]","[PREMIUM]","[PREMIUM]","301","Section 301","10",7,"['9','10','11','12','13','14','15']","2027-03-02 00:00:00","electronic","exchange",1,"[PREMIUM]","1,2,3,4,5,7"
"kYet9mbpwwJ","2026-08-23 23:48:12.822","2026-09-05 00:25:04.134","kYet9mbpwwJ","18362753","[PREMIUM]","[PREMIUM]","[PREMIUM]","120","Section 120","4",8,"['7','8','9','10','11','12','13','14']","2027-03-02 00:00:00","electronic","exchange",0,"[PREMIUM]","1,2,3,4,5,6,8"
"l_1Zj4Lpntz8gMd6HYjgljmHEWrER6FN0ldq4IMbJrdPhGLGEg3h5VlQbyh93SeXsN8","2026-08-23 23:48:12.822","2026-09-04 01:46:54.012","l_1Zj4Lpntz8gMd6HYjgljmHEWrER6FN0ldq4IMbJrdPhGLGEg3h5VlQbyh93SeXsN8","18362753","[PREMIUM]","[PREMIUM]","[PREMIUM]","111","Section 111","4",4,"['1','2','3','4']",,"sg_app","open",0,"[PREMIUM]","1,2,4"
"l_2Rn0mBwIzV0RjMHgm2RmyhJwvJrAs8XEJVxUnx61l4tWxW3BpTm8VY6xUzGIq5tXA","2026-08-23 23:48:12.822","2026-09-05 00:25:04.134","l_2Rn0mBwIzV0RjMHgm2RmyhJwvJrAs8XEJVxUnx61l4tWxW3BpTm8VY6xUzGIq5tXA","18362753","[PREMIUM]","[PREMIUM]","[PREMIUM]","324","Section 324","16",8,"['13','14','15','16','17','18','19','20']",,"sg_app","open",3,"[PREMIUM]","1,2,3,4,5,6,8"
"l_6JDPRWVUx8JQ4DU3yl9ypH9el9m8FA4lvlwsPWANEqSJrJQKjHmx2rXMUerIDTl","2026-08-23 23:48:12.822","2026-09-02 00:12:33.362","l_6JDPRWVUx8JQ4DU3yl9ypH9el9m8FA4lvlwsPWANEqSJrJQKjHmx2rXMUerIDTl","18362753","[PREMIUM]","[PREMIUM]","[PREMIUM]","119","Section 119","2",4,"['7','8','9','10']",,"sg_app","open",1,"[PREMIUM]","1,2,4"
"l_5G0NZgmfq83gBRtv1kL1RIrXkr2nFvJAj4Vf0G4EJ1t3J3PlkiNdyqg4H0PIPmSpV","2026-08-23 23:48:12.822","2026-08-27 01:12:02.168","l_5G0NZgmfq83gBRtv1kL1RIrXkr2nFvJAj4Vf0G4EJ1t3J3PlkiNdyqg4H0PIPmSpV","18362753","[PREMIUM]","[PREMIUM]","[PREMIUM]","321","Section 321","9",2,"['17','18']",,"sg_app","open",0,"[PREMIUM]","2"
"l_JRpEl2LIMdN59efYpy3p1HVKRVvNH8XblP6uy1vMwyfg9gqe3U8R56bjcYGIe2HYY","2026-08-23 23:48:12.822","2026-08-25 23:15:29.659","l_JRpEl2LIMdN59efYpy3p1HVKRVvNH8XblP6uy1vMwyfg9gqe3U8R56bjcYGIe2HYY","18362753","[PREMIUM]","[PREMIUM]","[PREMIUM]","128","Section 128","15",2,"['16','17']",,"sg_app","open",1,"[PREMIUM]","2"
"l_KpB3l8mCZK4JWjFxAP3A8UYDxYJkiDKjLDnTgwKvWrtrBr8LqFDwP20ns5nsLgTbE","2026-08-23 23:48:12.822","2026-09-05 00:25:04.134","l_KpB3l8mCZK4JWjFxAP3A8UYDxYJkiDKjLDnTgwKvWrtrBr8LqFDwP20ns5nsLgTbE","18362753","[PREMIUM]","[PREMIUM]","[PREMIUM]","334","Section 334","16",2,"['13','14']",,"sg_app","open",0,"[PREMIUM]","2"
"l_KpB3l8mCZK4JWjFxAP3A8UYDxYJkigMLvDyhgwK58VfrBr8LqFDwP20ns5nsjbtkZ","2026-08-23 23:48:12.822","2026-08-28 09:08:18.032","l_KpB3l8mCZK4JWjFxAP3A8UYDxYJkigMLvDyhgwK58VfrBr8LqFDwP20ns5nsjbtkZ","18362753","[PREMIUM]","[PREMIUM]","[PREMIUM]","103","Section 103","11",2,"['5','6']",,"sg_app","open",1,"[PREMIUM]","2"
"l_VAjrKb5f9LG3wvhXEJ4EwIVxzVALHD8xL9ZsxXqb9lC6L6V3qsdj0JMZSVqILjFlP","2026-08-23 23:48:12.822","2026-09-05 00:25:04.134","l_VAjrKb5f9LG3wvhXEJ4EwIVxzVALHD8xL9ZsxXqb9lC6L6V3qsdj0JMZSVqILjFlP","18362753","[PREMIUM]","[PREMIUM]","[PREMIUM]","118","Section 118","25",2,"['9','10']",,"sg_app","open",1,"[PREMIUM]","2"
"l_Rk6DlrGcPWRYANuN8Mg8lclGQlqvcy0GYkDhb0Jd5phDnDbJ9FW0zlXec6dU2h1","2026-08-23 23:48:12.822","2026-09-05 00:25:04.134","l_Rk6DlrGcPWRYANuN8Mg8lclGQlqvcy0GYkDhb0Jd5phDnDbJ9FW0zlXec6dU2h1","18362753","[PREMIUM]","[PREMIUM]","[PREMIUM]","311","Section 311","6",2,"['13','14']",,"sg_app","open",4,"[PREMIUM]","2"
"l_Xn1wKr6Cq9mpr2tDA0QAkhwxewd8u6b30QGtjB2VyghN0NeJ1H5r8BpAhN6tNF4","2026-08-23 23:48:12.822","2026-09-05 00:25:04.134","l_Xn1wKr6Cq9mpr2tDA0QAkhwxewd8u6b30QGtjB2VyghN0NeJ1H5r8BpAhN6tNF4","18362753","[PREMIUM]","[PREMIUM]","[PREMIUM]","323","Section 323","1",1,"['15']",,"sg_app","open",0,"[PREMIUM]","1"
"l_Q5k0lrBTpAP5ZKtgXG2XxhAQdAX0uDQbA92IP6AMekt2l2K80Hd2DjeGSJ0c0AHEr","2026-08-23 23:48:12.822","2026-09-05 00:25:04.134","l_Q5k0lrBTpAP5ZKtgXG2XxhAQdAX0uDQbA92IP6AMekt2l2K80Hd2DjeGSJ0c0AHEr","18362753","[PREMIUM]","[PREMIUM]","[PREMIUM]","323","Section 323","14",6,"['1','2','3','4','5','6']",,"sg_app","open",5,"[PREMIUM]","1,2,3,4,6"
"l_dBygeMZtrkjDY9HMjzxjEfXe5X4WcyQAVyLhNl4XrbcMrrRgvFvNAjKYTrWIZji2k","2026-08-23 23:48:12.822","2026-09-04 01:46:54.012","l_dBygeMZtrkjDY9HMjzxjEfXe5X4WcyQAVyLhNl4XrbcMrrRgvFvNAjKYTrWIZji2k","18362753","[PREMIUM]","[PREMIUM]","[PREMIUM]","CL24","Club 24","5",4,"['1','2','3','4']",,"sg_app","open",0,"[PREMIUM]","1,2,4"
"l_dBygeMZtrkjDY9HMjzxjEfXe5X4Wc1Xm2xVCNl4XrbcMrrRgvFvNAjKYTrWIBkhp1","2026-08-23 23:48:12.822","2026-08-31 00:34:36.065","l_dBygeMZtrkjDY9HMjzxjEfXe5X4Wc1Xm2xVCNl4XrbcMrrRgvFvNAjKYTrWIBkhp1","18362753","[PREMIUM]","[PREMIUM]","[PREMIUM]","CL26","Club 26","7",2,"['1','2']",,"sg_app","open",0,"[PREMIUM]","2"
"l_jkm3DJgcKYg9mMtZWvXWzhlzbldqcDYKyDdT1dZyMmIMWM2xXfAmQNkdhkxID5FLG","2026-08-23 23:48:12.822","2026-08-28 11:24:39.604","l_jkm3DJgcKYg9mMtZWvXWzhlzbldqcDYKyDdT1dZyMmIMWM2xXfAmQNkdhkxID5FLG","18362753","[PREMIUM]","[PREMIUM]","[PREMIUM]","334","Section 334","16",4,"['15','16','17','18']",,"sg_app","open",0,"[PREMIUM]","1,2,4"
"l_ggwkKpBiA23EMvC9G6pGntygpyBmul4Mq3AhYxJ0XYINRNxJYHn5VjWpFW5IvuL0","2026-08-23 23:48:12.822","2026-08-25 00:28:45.297","l_ggwkKpBiA23EMvC9G6pGntygpyBmul4Mq3AhYxJ0XYINRNxJYHn5VjWpFW5IvuL0","18362753","[PREMIUM]","[PREMIUM]","[PREMIUM]","133","Section 133","4",2,"['13','14']",,"sg_app","open",0,"[PREMIUM]","2"
"l_m3ZnD5kiw91WblcMrqyrdflpPlr1cJW8AxxFRE3KmAc2L2l5jH6rWJ5ATpWIm5uJJ","2026-08-23 23:48:12.822","2026-08-30 00:00:20.929","l_m3ZnD5kiw91WblcMrqyrdflpPlr1cJW8AxxFRE3KmAc2L2l5jH6rWJ5ATpWIm5uJJ","18362753","[PREMIUM]","[PREMIUM]","[PREMIUM]","319","Section 319","9",6,"['1','2','3','4','5','6']",,"sg_app","open",0,"[PREMIUM]","1,2,3,4,6"
"l_eGzWKZRfBZWwPyTYMglMrHjnYjG6ixdVppASqz49JKUlRlXz9i5xlBwEhwnIKjiEX","2026-08-23 23:48:12.822","2026-09-05 00:25:04.134","l_eGzWKZRfBZWwPyTYMglMrHjnYjG6ixdVppASqz49JKUlRlXz9i5xlBwEhwnIKjiEX","18362753","[PREMIUM]","[PREMIUM]","[PREMIUM]","316","Section 316","7",2,"['8','9']",,"sg_app","open",0,"[PREMIUM]","2"
"l_ggwkKpBiA23EMvC9G6pGntygpyBmuPzbq9KCYxJ136Hl33ndjsl4MKjwIW5IWMTLJ","2026-08-23 23:48:12.822","2026-09-05 00:25:04.134","l_ggwkKpBiA23EMvC9G6pGntygpyBmuPzbq9KCYxJ136Hl33ndjsl4MKjwIW5IWMTLJ","18362753","[PREMIUM]","[PREMIUM]","[PREMIUM]","CL28","Club 28","6",2,"['13','14']",,"sg_app","open",1,"[PREMIUM]","2"
"l_ggwkKpBiA23EMvC9G6pGntygpyBmu5L9JyACYxJpzeUNRNxJYHn5VjWpFW5Ir0IXK","2026-08-23 23:48:12.822","2026-09-05 00:25:04.134","l_ggwkKpBiA23EMvC9G6pGntygpyBmu5L9JyACYxJpzeUNRNxJYHn5VjWpFW5Ir0IXK","18362753","[PREMIUM]","[PREMIUM]","[PREMIUM]","323","Section 323","15",2,"['9','10']",,"sg_app","open",2,"[PREMIUM]","2"
"l_nAR1Kk6flmz65YhnpBLp2hDBPDqVfm9ww0kT0wyPQXFbXb8ZYFg1L8vPUxbIe3IjD","2026-08-23 23:48:12.822","2026-09-05 00:25:04.134","l_nAR1Kk6flmz65YhnpBLp2hDBPDqVfm9ww0kT0wyPQXFbXb8ZYFg1L8vPUxbIe3IjD","18362753","[PREMIUM]","[PREMIUM]","[PREMIUM]","109","Section 109","28",4,"['5','6','7','8']",,"sg_app","open",0,"[PREMIUM]","1,2,4"
"l_q1GD83AF8J1BkQt3N9gNzHBDyBrWtzRwgAwFY0bN5YI3L3G2miJNbm69ubZIz1s6q","2026-08-23 23:48:12.822","2026-09-05 00:25:04.134","l_q1GD83AF8J1BkQt3N9gNzHBDyBrWtzRwgAwFY0bN5YI3L3G2miJNbm69ubZIz1s6q","18362753","[PREMIUM]","[PREMIUM]","[PREMIUM]","132","Section 132","13",4,"['5','6','7','8']",,"sg_app","open",0,"[PREMIUM]","1,2,4"
"l_wV6wD0mIBzYQA2TAQmGQJuW80WqpFq31ARNSbnzkKBfnrn39QuBX93DmugPI2gUV8","2026-08-23 23:48:12.822","2026-09-04 01:46:54.012","l_wV6wD0mIBzYQA2TAQmGQJuW80WqpFq31ARNSbnzkKBfnrn39QuBX93DmugPI2gUV8","18362753","[PREMIUM]","[PREMIUM]","[PREMIUM]","331","Section 331","7",2,"['15','16']",,"sg_app","open",1,"[PREMIUM]","2"
"l_zRAmzwZIG8bdwrCmp3JpQtvWAvVXu6WeRMgu9zYqKbcrpr9g8F2EYvrNipyIp0fkM","2026-08-23 23:48:12.822","2026-08-23 23:48:12.822","l_zRAmzwZIG8bdwrCmp3JpQtvWAvVXu6WeRMgu9zYqKbcrpr9g8F2EYvrNipyIp0fkM","18362753","[PREMIUM]","[PREMIUM]","[PREMIUM]","311","Section 311","16",8,"['1','2','3','4','5','6','7','8']",,"sg_app","open",0,"[PREMIUM]","1,2,3,4,5,6,8"
"l_xMEqzeVCrd2yXeHxqRjqbUQyWQjDspQveexTW3DbEBh1Q1bVMfdwlkZgS65UvRHQ1","2026-08-23 23:48:12.822","2026-09-03 00:36:37.649","l_xMEqzeVCrd2yXeHxqRjqbUQyWQjDspQveexTW3DbEBh1Q1bVMfdwlkZgS65UvRHQ1","18362753","[PREMIUM]","[PREMIUM]","[PREMIUM]","316","Section 316","4",5,"['12','13','14','15','16']",,"sg_app","open",5,"[PREMIUM]","1,2,3,5"
"l_wV6wD0mIBzYQA2TAQmGQJuW80WqpFAXgGWWcbnz39dFnrn39QuBX93DmugPIqRiRY","2026-08-23 23:48:12.822","2026-09-05 00:25:04.134","l_wV6wD0mIBzYQA2TAQmGQJuW80WqpFAXgGWWcbnz39dFnrn39QuBX93DmugPIqRiRY","18362753","[PREMIUM]","[PREMIUM]","[PREMIUM]","303","Section 303","14",2,"['5','6']",,"sg_app","open",1,"[PREMIUM]","2"
"lxVsdRbgrLm","2026-08-23 23:48:12.822","2026-09-05 00:25:04.134","lxVsdRbgrLm","18362753","[PREMIUM]","[PREMIUM]","[PREMIUM]","CL19","Club 19","3",7,"['8','9','10','11','12','13','14']","2027-03-02 00:00:00","electronic","exchange",0,"[PREMIUM]","1,2,3,4,5,7"
"lxVsdRbgxx0","2026-08-23 23:48:12.822","2026-09-05 00:25:04.134","lxVsdRbgxx0","18362753","[PREMIUM]","[PREMIUM]","[PREMIUM]","133","Section 133","5",12,"['3','4','5','6','7','8','9','10','11','12','13','14']","2027-03-02 00:00:00","electronic","exchange",0,"[PREMIUM]","1,2,3,4,5,6,7,8,9,10,12"
"lxVsdRbgnqg","2026-08-23 23:48:12.822","2026-09-05 00:25:04.134","lxVsdRbgnqg","18362753","[PREMIUM]","[PREMIUM]","[PREMIUM]","312","Section 312","14",4,"['20','21','22','23']","2027-03-02 00:00:00","electronic","exchange",1,"[PREMIUM]","1,2,4"
"mxAs4x7eRwA","2026-08-23 23:48:12.822","2026-09-05 00:25:04.134","mxAs4x7eRwA","18362753","[PREMIUM]","[PREMIUM]","[PREMIUM]","117","Section 117","25",2,"['9','10']","2027-03-02 00:00:00","electronic","exchange",3,"[PREMIUM]","2"
"nx0srK8vXB5","2026-08-23 23:48:12.822","2026-09-05 00:25:04.134","nx0srK8vXB5","18362753","[PREMIUM]","[PREMIUM]","[PREMIUM]","301","Section 301","4",3,"['5','6','7']","2027-03-02 00:00:00","electronic","exchange",1,"[PREMIUM]","1,3"
"nx0srK8vXv4","2026-08-23 23:48:12.822","2026-09-05 00:25:04.134","nx0srK8vXv4","18362753","[PREMIUM]","[PREMIUM]","[PREMIUM]","108","Section 108","10",19,"['1','2','3','4','5','6','7','8','9','10','11','12','13','14','15','16','17','18','19']","2027-03-02 00:00:00","electronic","exchange",0,"[PREMIUM]","1,2,3,4,5,6,7,8,9,10,11,12,13,14,15,16,17,19"
"oV7Hb6jo2KA","2026-08-23 23:48:12.822","2026-09-05 00:25:04.134","oV7Hb6jo2KA","18362753","[PREMIUM]","[PREMIUM]","[PREMIUM]","109","Section 109","26",4,"['12','13','14','15']","2027-03-02 00:00:00","electronic","exchange",0,"[PREMIUM]","1,2,4"
"oV7Hb6jo2jo","2026-08-23 23:48:12.822","2026-09-05 00:25:04.134","oV7Hb6jo2jo","18362753","[PREMIUM]","[PREMIUM]","[PREMIUM]","107","Section 107","16",6,"['8','9','10','11','12','13']","2027-03-02 00:00:00","electronic","exchange",0,"[PREMIUM]","1,2,3,4,6"
"oV7Hb6jo2nq","2026-08-23 23:48:12.822","2026-09-05 00:25:04.134","oV7Hb6jo2nq","18362753","[PREMIUM]","[PREMIUM]","[PREMIUM]","129","Section 129","23",6,"['7','8','9','10','11','12']","2027-03-02 00:00:00","electronic","exchange",1,"[PREMIUM]","1,2,3,4,6"
"pVXHD7OoAvV","2026-08-23 23:48:12.822","2026-09-05 00:25:04.134","pVXHD7OoAvV","18362753","[PREMIUM]","[PREMIUM]","[PREMIUM]","111","Section 111","28",27,"['1','2','3','4','5','6','7','8','9','10','11','12','13','14','15','16','17','18','19','20','21','22','23','24','25','26','27']","2027-03-02 00:00:00","electronic","exchange",1,"[PREMIUM]","1,2,3,4,5,6,7,8,9,10,11,12,13,14,15,16,17,18,19,20,21,22,23,24,25,27"
"qVjH2mvM8Pm","2026-08-23 23:48:12.822","2026-09-05 00:25:04.134","qVjH2mvM8Pm","18362753","[PREMIUM]","[PREMIUM]","[PREMIUM]","114","Section 114","7",3,"['5','6','7']","2027-03-02 00:00:00","electronic","exchange",0,"[PREMIUM]","1,3"
"qVjH2mvM8w7","2026-08-23 23:48:12.822","2026-09-05 00:25:04.134","qVjH2mvM8w7","18362753","[PREMIUM]","[PREMIUM]","[PREMIUM]","116","Section 116","13",6,"['3','4','5','6','7','8']","2027-03-02 00:00:00","electronic","exchange",1,"[PREMIUM]","1,2,3,4,6"
"rVOHkpKoVe3","2026-08-23 23:48:12.822","2026-09-05 00:25:04.134","rVOHkpKoVe3","18362753","[PREMIUM]","[PREMIUM]","[PREMIUM]","307","Section 307","12",22,"['1','2','3','4','5','6','7','8','9','10','11','12','13','14','15','16','17','18','19','20','21','22']","2027-03-02 00:00:00","electronic","exchange",1,"[PREMIUM]","1,2,3,4,5,6,7,8,9,10,11,12,13,14,15,16,17,18,19,20,22"
"rVOHkpKoY9a","2026-08-23 23:48:12.822","2026-09-05 00:25:04.134","rVOHkpKoY9a","18362753","[PREMIUM]","[PREMIUM]","[PREMIUM]","CL25","Club 25","5",5,"['1','2','3','4','5']","2027-03-02 00:00:00","electronic","exchange",1,"[PREMIUM]","1,2,3,5"
"rVOHkpKoYDB","2026-08-23 23:48:12.822","2026-09-05 00:25:04.134","rVOHkpKoYDB","18362753","[PREMIUM]","[PREMIUM]","[PREMIUM]","132","Section 132","21",5,"['7','8','9','10','11']","2027-03-02 00:00:00","electronic","exchange",0,"[PREMIUM]","1,2,3,5"
"vb3iPw8zmnd","2026-08-23 23:48:12.822","2026-09-05 00:25:04.134","vb3iPw8zmnd","18362753","[PREMIUM]","[PREMIUM]","[PREMIUM]","103","Section 103","10",2,"['13','14']","2027-03-02 00:00:00","electronic","exchange",1,"[PREMIUM]","2"
"w3Jse86l7De","2026-08-23 23:48:12.822","2026-09-05 00:25:04.134","w3Jse86l7De","18362753","[PREMIUM]","[PREMIUM]","[PREMIUM]","314","Section 314","5",11,"['6','7','8','9','10','11','12','13','14','15','16']","2027-03-02 00:00:00","electronic","exchange",1,"[PREMIUM]","1,2,3,4,5,6,7,8,9,11"
"w3Jse86lP84","2026-08-23 23:48:12.822","2026-09-05 00:25:04.134","w3Jse86lP84","18362753","[PREMIUM]","[PREMIUM]","[PREMIUM]","CL15","Club 15","3",7,"['5','6','7','8','9','10','11']","2027-03-02 00:00:00","electronic","exchange",1,"[PREMIUM]","1,2,3,4,5,7"
"w3Jse86lPl7","2026-08-23 23:48:12.822","2026-09-05 00:25:04.134","w3Jse86lPl7","18362753","[PREMIUM]","[PREMIUM]","[PREMIUM]","111","Section 111","9",2,"['18','19']","2027-03-02 00:00:00","electronic","exchange",0,"[PREMIUM]","2"
"w3Jse86lPpD","2026-08-23 23:48:12.822","2026-09-05 00:25:04.134","w3Jse86lPpD","18362753","[PREMIUM]","[PREMIUM]","[PREMIUM]","301","Section 301","9",6,"['5','6','7','8','9','10']","2027-03-02 00:00:00","electronic","exchange",1,"[PREMIUM]","1,2,3,4,6"
"xb9iml8L5l7","2026-08-23 23:48:12.822","2026-09-05 00:25:04.134","xb9iml8L5l7","18362753","[PREMIUM]","[PREMIUM]","[PREMIUM]","CL22","Club 22","4",3,"['5','6','7']","2027-03-02 00:00:00","electronic","exchange",1,"[PREMIUM]","1,3"
"z3Es6v4meoE","2026-08-23 23:48:12.822","2026-09-05 00:25:04.134","z3Es6v4meoE","18362753","[PREMIUM]","[PREMIUM]","[PREMIUM]","116","Section 116","16",8,"['3','4','5','6','7','8','9','10']","2027-03-02 00:00:00","electronic","exchange",2,"[PREMIUM]","1,2,3,4,5,6,8"
"z3Es6v4meaq","2026-08-23 23:48:12.822","2026-09-05 00:25:04.134","z3Es6v4meaq","18362753","[PREMIUM]","[PREMIUM]","[PREMIUM]","128","Section 128","25",6,"['9','10','11','12','13','14']","2027-03-02 00:00:00","electronic","exchange",1,"[PREMIUM]","1,2,3,4,6"
"z3Es6v4meZr","2026-08-23 23:48:12.822","2026-09-05 00:25:04.134","z3Es6v4meZr","18362753","[PREMIUM]","[PREMIUM]","[PREMIUM]","CL26","Club 26","3",10,"['3','4','5','6','7','8','9','10','11','12']","2027-03-02 00:00:00","electronic","exchange",1,"[PREMIUM]","1,2,3,4,5,6,7,8,10"
"z3Es6v4me2p","2026-08-23 23:48:12.822","2026-09-05 00:25:04.134","z3Es6v4me2p","18362753","[PREMIUM]","[PREMIUM]","[PREMIUM]","108","Section 108","27",21,"['3','4','5','6','7','8','9','10','11','12','13','14','15','16','17','18','19','20','21','22','23']","2027-03-02 00:00:00","electronic","exchange",0,"[PREMIUM]","1,2,3,4,5,6,7,8,9,10,11,12,13,14,15,16,17,18,19,21"
"z3Es6v4mGKo","2026-08-23 23:48:12.822","2026-09-05 00:25:04.134","z3Es6v4mGKo","18362753","[PREMIUM]","[PREMIUM]","[PREMIUM]","133","Section 133","26",4,"['5','6','7','8']","2027-03-02 00:00:00","electronic","exchange",3,"[PREMIUM]","1,2,4"
"5EjuZwMD08V","2026-08-23 23:48:08.439","2026-08-23 23:48:08.439","5EjuZwMD08V","18377003","[PREMIUM]","[PREMIUM]","[PREMIUM]","302","Section 302","3",2,"[]","2027-03-03 00:00:00","electronic","exchange",3,"[PREMIUM]","2"
"LbviL802rZa","2026-08-23 23:48:08.439","2026-08-27 12:06:04.347","LbviL802rZa","18377003","[PREMIUM]","[PREMIUM]","[PREMIUM]","119","Section 119","8",2,"['8','9']","2027-03-03 00:00:00","electronic","exchange",0,"[PREMIUM]","2"
"YgJtk0l4BnV","2026-08-23 23:48:08.439","2026-09-05 00:24:52.273","YgJtk0l4BnV","18377003","[PREMIUM]","[PREMIUM]","[PREMIUM]","302","Section 302","3",2,"['9','10']","2027-03-01 00:00:00","electronic","exchange",2,"[PREMIUM]","2"
"8lKt6a2w8kV","2026-08-23 23:48:01.281","2026-08-23 23:48:01.281","8lKt6a2w8kV","18377574","[PREMIUM]","[PREMIUM]","[PREMIUM]","316","Section 316","o",2,"[]","2027-03-02 00:00:00","electronic","exchange",0,"[PREMIUM]","2"
"8lKt6a8X95O","2026-08-23 23:48:01.281","2026-08-23 23:48:01.281","8lKt6a8X95O","18377574","[PREMIUM]","[PREMIUM]","[PREMIUM]","321","Section 321","k",2,"[]","2027-03-02 00:00:00","electronic","exchange",0,"[PREMIUM]","2"
"LbviL8alRBA","2026-08-23 23:48:01.281","2026-08-23 23:48:01.281","LbviL8alRBA","18377574","[PREMIUM]","[PREMIUM]","[PREMIUM]","302","Section 302","o",4,"[]","2027-03-02 00:00:00","electronic","exchange",0,"[PREMIUM]","4"
"LbviL8ag9MJ","2026-08-23 23:48:01.281","2026-08-23 23:48:01.281","LbviL8ag9MJ","18377574","[PREMIUM]","[PREMIUM]","[PREMIUM]","302","Section 302","n",4,"[]","2027-03-03 00:00:00","electronic","exchange",0,"[PREMIUM]","4"
"X03tKlrVAxz","2026-08-23 23:48:01.281","2026-09-05 00:23:18.369","X03tKlrVAxz","18377574","[PREMIUM]","[PREMIUM]","[PREMIUM]","332","Section 332","h",2,"['8','9']","2026-08-05 00:00:00","electronic","exchange",1,"[PREMIUM]","2"
"eeacK8mJMVv","2026-08-23 23:48:01.281","2026-08-23 23:48:01.281","eeacK8mJMVv","18377574","[PREMIUM]","[PREMIUM]","[PREMIUM]","311","Section 311","a",4,"[]","2027-03-02 00:00:00","electronic","exchange",0,"[PREMIUM]","4"
"kYet9mDV8g3","2026-08-23 23:48:01.281","2026-08-23 23:48:01.281","kYet9mDV8g3","18377574","[PREMIUM]","[PREMIUM]","[PREMIUM]","311","Section 311","f",2,"[]","2027-03-02 00:00:00","electronic","exchange",2,"[PREMIUM]","2"
"kYet9mbMop6","2026-08-23 23:48:01.281","2026-08-23 23:48:01.281","kYet9mbMop6","18377574","[PREMIUM]","[PREMIUM]","[PREMIUM]","316","Section 316","m",2,"[]","2027-03-03 00:00:00","electronic","exchange",1,"[PREMIUM]","2"
"qVjH2mvkJMX","2026-08-23 23:48:01.281","2026-08-23 23:48:01.281","qVjH2mvkJMX","18377574","[PREMIUM]","[PREMIUM]","[PREMIUM]","303","Section 303","b",2,"[]","2027-03-02 00:00:00","electronic","exchange",0,"[PREMIUM]","2"
"rVOHkpB0rb3","2026-08-23 23:48:01.281","2026-08-23 23:48:01.281","rVOHkpB0rb3","18377574","[PREMIUM]","[PREMIUM]","[PREMIUM]","321","Section 321","h",4,"[]","2027-03-02 00:00:00","electronic","exchange",1,"[PREMIUM]","4"
"w3Jse8wpRNj","2026-08-23 23:48:01.281","2026-09-02 00:13:01.236","w3Jse8wpRNj","18377574","[PREMIUM]","[PREMIUM]","[PREMIUM]","323","Section 323","e",4,"['6','7','8','9']","2027-03-03 00:00:00","electronic","exchange",3,"[PREMIUM]","2,4"
"mxAs4x7Owz6","2026-08-23 23:47:58.921","2026-09-04 01:37:35.114","mxAs4x7Owz6","18376838","[PREMIUM]","[PREMIUM]","[PREMIUM]","VZN110","110 Verizon Lounge","7",2,"[]","2027-03-03 00:00:00","electronic","exchange",1,"[PREMIUM]","1,2"
"rVOHkpGnl9b","2026-08-23 23:47:58.921","2026-08-28 01:44:50.331","rVOHkpGnl9b","18376838","[PREMIUM]","[PREMIUM]","[PREMIUM]","324","Section 324","1",2,"['11','12']","2027-03-03 00:00:00","electronic","exchange",0,"[PREMIUM]","2"
"z3Es6v0lRZ5","2026-08-23 23:47:58.921","2026-08-28 01:44:50.331","z3Es6v0lRZ5","18376838","[PREMIUM]","[PREMIUM]","[PREMIUM]","304","Section 304","1",2,"['17','18']","2027-03-03 00:00:00","electronic","exchange",0,"[PREMIUM]","2"
"z3Es6v4jkLJ","2026-08-23 23:47:58.921","2026-08-23 23:47:58.921","z3Es6v4jkLJ","18376838","[PREMIUM]","[PREMIUM]","[PREMIUM]","219","Section 219","2",4,"[]","2027-03-03 00:00:00","electronic","exchange",0,"[PREMIUM]","1,2,3,4"
"3q7fNLPZzKe","2026-08-23 23:47:56.123","2026-09-05 00:24:43.413","3q7fNLPZzKe","18377412","[PREMIUM]","[PREMIUM]","[PREMIUM]","308","Section 308","10",2,"[]","2027-03-01 00:00:00","electronic","exchange",1,"[PREMIUM]","2"
"4vXcjRgx40R","2026-08-23 23:47:56.123","2026-09-05 00:24:43.413","4vXcjRgx40R","18377412","[PREMIUM]","[PREMIUM]","[PREMIUM]","301","Section 301","9",2,"[]","2027-03-01 00:00:00","electronic","exchange",2,"[PREMIUM]","2"
"KezczqLRKNr","2026-08-23 23:47:56.123","2026-09-05 00:24:43.413","KezczqLRKNr","18377412","[PREMIUM]","[PREMIUM]","[PREMIUM]","116","Section 116","6",2,"[]","2027-03-01 00:00:00","electronic","exchange",3,"[PREMIUM]","2"
"Zm9hvJX7oxX","2026-08-23 23:47:56.123","2026-09-05 00:24:43.413","Zm9hvJX7oxX","18377412","[PREMIUM]","[PREMIUM]","[PREMIUM]","109","Section 109","2",2,"[]","2027-03-01 00:00:00","electronic","exchange",1,"[PREMIUM]","2"
"eeacK8mBvgV","2026-08-23 23:47:56.123","2026-08-23 23:47:56.123","eeacK8mBvgV","18377412","[PREMIUM]","[PREMIUM]","[PREMIUM]","117","Section 117","17",2,"[]","2027-03-02 00:00:00","electronic","exchange",3,"[PREMIUM]","2"
"8lKt6a25xzl","2026-08-23 23:47:54.484","2026-09-05 00:23:02.179","8lKt6a25xzl","18377903","[PREMIUM]","[PREMIUM]","[PREMIUM]","PL13","Press Level 13","7",2,"['1','2']","2027-03-01 00:00:00","electronic","exchange",0,"[PREMIUM]","2"
"9P2c5MPDLL6","2026-08-23 23:47:54.484","2026-09-05 00:23:02.179","9P2c5MPDLL6","18377903","[PREMIUM]","[PREMIUM]","[PREMIUM]","213","Section 213","15",2,"['20','21']","2027-03-01 00:00:00","electronic","exchange",1,"[PREMIUM]","2"
"05VT8l6bqar","2026-08-23 23:47:53.621","2026-09-05 00:23:00.662","05VT8l6bqar","18376758","[PREMIUM]","[PREMIUM]","[PREMIUM]","PR2","Premier 2","1",2,"['1','2']","2027-03-02 00:00:00","electronic","exchange",1,"[PREMIUM]","2"
"DdwHkMdg9X2","2026-08-23 23:47:53.621","2026-08-28 01:44:34.742","DdwHkMdg9X2","18376758","[PREMIUM]","[PREMIUM]","[PREMIUM]","107","Section 107","3",2,"[]","2027-03-02 00:00:00","electronic","exchange",1,"[PREMIUM]","2"
"lxVsdRGVo9o","2026-08-23 23:47:53.621","2026-08-28 01:44:34.742","lxVsdRGVo9o","18376758","[PREMIUM]","[PREMIUM]","[PREMIUM]","103","Section 103","7",2,"[]","2027-03-02 00:00:00","electronic","exchange",0,"[PREMIUM]","2"
"xb9imlp6kz0","2026-08-23 23:47:53.621","2026-08-28 01:44:34.742","xb9imlp6kz0","18376758","[PREMIUM]","[PREMIUM]","[PREMIUM]","301","Section 301","3",2,"[]","2027-03-02 00:00:00","electronic","exchange",0,"[PREMIUM]","2"
"dNgUgp7erAg","2026-08-23 23:47:51.048","2026-09-05 00:22:58.974","dNgUgp7erAg","18377989","[PREMIUM]","[PREMIUM]","[PREMIUM]","118","Section 118","u",1,"[]","2027-03-02 00:00:00","electronic","exchange",0,"[PREMIUM]","1"
"mxAs4x7ErPL","2026-08-23 23:47:51.048","2026-09-05 00:22:58.974","mxAs4x7ErPL","18377989","[PREMIUM]","[PREMIUM]","[PREMIUM]","113","Section 113","d",1,"[]","2027-03-02 00:00:00","electronic","exchange",0,"[PREMIUM]","1"
"rVOHkpGnlRz","2026-08-23 23:47:51.048","2026-08-28 01:44:36.645","rVOHkpGnlRz","18377989","[PREMIUM]","[PREMIUM]","[PREMIUM]","313","Section 313","g",2,"['10','11']","2027-03-02 00:00:00","electronic","exchange",2,"[PREMIUM]","2"
"4vXcjRMqwq0","2026-08-23 23:47:51.026","2026-08-28 01:45:04.219","4vXcjRMqwq0","18377656","[PREMIUM]","[PREMIUM]","[PREMIUM]","104","Section 104","13",2,"['11','12']","2027-03-02 00:00:00","electronic","exchange",0,"[PREMIUM]","2"
"7KntAgxBVoP","2026-08-23 23:47:51.026","2026-08-23 23:47:51.026","7KntAgxBVoP","18377656","[PREMIUM]","[PREMIUM]","[PREMIUM]","212","Section 212","3",3,"[]","2027-03-02 00:00:00","electronic","exchange",1,"[PREMIUM]","3"
"EroUXgqm6mA","2026-08-23 23:47:51.026","2026-08-28 01:45:04.219","EroUXgqm6mA","18377656","[PREMIUM]","[PREMIUM]","[PREMIUM]","102","Section 102","9",2,"['5','6']","2027-03-02 00:00:00","electronic","exchange",0,"[PREMIUM]","2"
"EroUXgqoLap","2026-08-23 23:47:51.026","2026-09-05 00:22:58.414","EroUXgqoLap","18377656","[PREMIUM]","[PREMIUM]","[PREMIUM]","212","Section 212","3",3,"[]","2027-03-01 00:00:00","electronic","exchange",0,"[PREMIUM]","3"
"Zm9hvJ93Ka6","2026-08-23 23:47:51.026","2026-08-27 01:11:43.041","Zm9hvJ93Ka6","18377656","[PREMIUM]","[PREMIUM]","[PREMIUM]","222","Section 222","15",2,"[]","2027-03-01 00:00:00","electronic","exchange",0,"[PREMIUM]","2"
"Zm9hvJ9OxBB","2026-08-23 23:47:51.026","2026-09-05 00:22:58.414","Zm9hvJ9OxBB","18377656","[PREMIUM]","[PREMIUM]","[PREMIUM]","210","Section 210","19",4,"['3','4','5','6']","2027-03-02 00:00:00","electronic","exchange",0,"[PREMIUM]","1,2,4"
"jDvszkPaaxe","2026-08-23 23:47:51.026","2026-09-05 00:22:58.414","jDvszkPaaxe","18377656","[PREMIUM]","[PREMIUM]","[PREMIUM]","212","Section 212","3",3,"['7','8','9']","2027-02-28 00:00:00","electronic","exchange",1,"[PREMIUM]","3"
"qVjH2mvA5XO","2026-08-23 23:47:51.026","2026-09-05 00:22:58.414","qVjH2mvA5XO","18377656","[PREMIUM]","[PREMIUM]","[PREMIUM]","208","Section 208","17",2,"['21','22']","2027-03-02 00:00:00","electronic","exchange",0,"[PREMIUM]","2"
"rVOHkpGnlng","2026-08-23 23:47:51.026","2026-08-28 01:45:04.219","rVOHkpGnlng","18377656","[PREMIUM]","[PREMIUM]","[PREMIUM]","112","Section 112","10",2,"['5','6']","2027-03-02 00:00:00","electronic","exchange",0,"[PREMIUM]","2"
"05VT8l6aE9P","2026-08-23 23:47:49.685","2026-08-23 23:47:49.685","05VT8l6aE9P","18378884","[PREMIUM]","[PREMIUM]","[PREMIUM]","219","Section 219","a",2,"[]","2027-03-02 00:00:00","electronic","exchange",2,"[PREMIUM]","2"
"5EjuZwM5rNa","2026-08-23 23:47:49.685","2026-08-28 11:21:30.826","5EjuZwM5rNa","18378884","[PREMIUM]","[PREMIUM]","[PREMIUM]","431","Section 431","k",4,"['5','6','7','8']","2027-03-02 00:00:00","electronic","exchange",0,"[PREMIUM]","2,4"
"5EjuZwP59Y0","2026-08-23 23:47:49.685","2026-08-23 23:47:49.685","5EjuZwP59Y0","18378884","[PREMIUM]","[PREMIUM]","[PREMIUM]","102","Section 102","s",3,"[]","2027-03-01 00:00:00","electronic","exchange",1,"[PREMIUM]","3"
"5EjuZwPzjGd","2026-08-23 23:47:49.685","2026-09-05 00:22:54.090","5EjuZwPzjGd","18378884","[PREMIUM]","[PREMIUM]","[PREMIUM]","409","Section 409","m",2,"[]","2027-03-01 00:00:00","electronic","exchange",2,"[PREMIUM]","2"
"6mOhko3zbLn","2026-08-23 23:47:49.685","2026-09-05 00:22:54.090","6mOhko3zbLn","18378884","[PREMIUM]","[PREMIUM]","[PREMIUM]","400","Section 400","j",4,"[]","2027-03-01 00:00:00","electronic","exchange",1,"[PREMIUM]","4"
"9P2c5M7DG6j","2026-08-23 23:47:49.685","2026-08-23 23:47:49.685","9P2c5M7DG6j","18378884","[PREMIUM]","[PREMIUM]","[PREMIUM]","113","Section 113","s",4,"[]","2027-03-01 00:00:00","electronic","exchange",1,"[PREMIUM]","4"
"9P2c5MReRNb","2026-08-23 23:47:49.685","2026-08-23 23:47:49.685","9P2c5MReRNb","18378884","[PREMIUM]","[PREMIUM]","[PREMIUM]","120","Section 120","t",2,"[]","2027-03-02 00:00:00","electronic","exchange",1,"[PREMIUM]","2"
"BALImMEg8kl","2026-08-23 23:47:49.685","2026-08-23 23:47:49.685","BALImMEg8kl","18378884","[PREMIUM]","[PREMIUM]","[PREMIUM]","117","Section 117","w",2,"[]","2027-03-02 00:00:00","electronic","exchange",2,"[PREMIUM]","2"
"LbviL8ad8v8","2026-08-23 23:47:49.685","2026-08-23 23:47:49.685","LbviL8ad8v8","18378884","[PREMIUM]","[PREMIUM]","[PREMIUM]","212","Section 212","c",6,"[]","2027-03-02 00:00:00","electronic","exchange",1,"[PREMIUM]","6"
"MAeIP3DL8r0","2026-08-23 23:47:49.685","2026-08-23 23:47:49.685","MAeIP3DL8r0","18378884","[PREMIUM]","[PREMIUM]","[PREMIUM]","115","Section 115","x",4,"[]","2027-03-02 00:00:00","electronic","exchange",2,"[PREMIUM]","4"
"O7AhwKjbekX","2026-08-23 23:47:49.685","2026-08-23 23:47:49.685","O7AhwKjbekX","18378884","[PREMIUM]","[PREMIUM]","[PREMIUM]","118","Section 118","x",4,"[]","2027-03-02 00:00:00","electronic","exchange",2,"[PREMIUM]","4"
"ROXHz2r6Abx","2026-08-23 23:47:49.685","2026-08-25 00:28:34.403","ROXHz2r6Abx","18378884","[PREMIUM]","[PREMIUM]","[PREMIUM]","413","Section 413","m",2,"[]","2027-03-01 00:00:00","electronic","exchange",1,"[PREMIUM]","2"
"X03tKl3dZGe","2026-08-23 23:47:49.685","2026-08-23 23:47:49.685","X03tKl3dZGe","18378884","[PREMIUM]","[PREMIUM]","[PREMIUM]","118","Section 118","v",2,"[]","2027-03-02 00:00:00","electronic","exchange",1,"[PREMIUM]","2"
"Zm9hvJDolK4","2026-08-23 23:47:49.685","2026-09-05 00:22:54.090","Zm9hvJDolK4","18378884","[PREMIUM]","[PREMIUM]","[PREMIUM]","121","Section 121","q",2,"[]","2027-03-01 00:00:00","electronic","exchange",1,"[PREMIUM]","2"
"Zm9hvJDolGE","2026-08-23 23:47:49.685","2026-09-05 00:22:54.090","Zm9hvJDolGE","18378884","[PREMIUM]","[PREMIUM]","[PREMIUM]","428","Section 428","m",4,"[]","2027-03-01 00:00:00","electronic","exchange",2,"[PREMIUM]","4"
"Zm9hvJX23jZ","2026-08-23 23:47:49.685","2026-08-28 11:21:30.826","Zm9hvJX23jZ","18378884","[PREMIUM]","[PREMIUM]","[PREMIUM]","114","Section 114","d",2,"['5','6']","2027-03-02 00:00:00","electronic","exchange",0,"[PREMIUM]","2"
"b4wUaoLgkBw","2026-08-23 23:47:49.685","2026-09-03 00:36:18.763","b4wUaoLgkBw","18378884","[PREMIUM]","[PREMIUM]","[PREMIUM]","430","Section 430","p",2,"[]","2027-03-01 00:00:00","electronic","exchange",1,"[PREMIUM]","2"
"b4wUaolOEKd","2026-08-23 23:47:49.685","2026-08-23 23:47:49.685","b4wUaolOEKd","18378884","[PREMIUM]","[PREMIUM]","[PREMIUM]","405","Section 405","g",5,"[]","2027-03-02 00:00:00","electronic","exchange",1,"[PREMIUM]","5"
"dNgUgpMDxqA","2026-08-23 23:47:49.685","2026-09-05 00:22:54.090","dNgUgpMDxqA","18378884","[PREMIUM]","[PREMIUM]","[PREMIUM]","103","Section 103","q",3,"[]","2027-03-01 00:00:00","electronic","exchange",1,"[PREMIUM]","3"
"eeacK8M9jE2","2026-08-23 23:47:49.685","2026-09-05 00:22:54.090","eeacK8M9jE2","18378884","[PREMIUM]","[PREMIUM]","[PREMIUM]","110","Section 110","n",4,"[]","2027-03-01 00:00:00","electronic","exchange",0,"[PREMIUM]","4"
"jDvszkBG3op","2026-08-23 23:47:49.685","2026-09-05 00:22:54.090","jDvszkBG3op","18378884","[PREMIUM]","[PREMIUM]","[PREMIUM]","420","Section 420","m",4,"[]","2027-03-01 00:00:00","electronic","exchange",1,"[PREMIUM]","4"
"kYet9mDJr5l","2026-08-23 23:47:49.685","2026-09-05 00:22:54.090","kYet9mDJr5l","18378884","[PREMIUM]","[PREMIUM]","[PREMIUM]","118","Section 118","z",4,"[]","2027-03-01 00:00:00","electronic","exchange",1,"[PREMIUM]","4"
"lxVsdRO7em7","2026-08-23 23:47:49.685","2026-09-05 00:22:54.090","lxVsdRO7em7","18378884","[PREMIUM]","[PREMIUM]","[PREMIUM]","432","Section 432","o",2,"[]","2027-03-01 00:00:00","electronic","exchange",1,"[PREMIUM]","2"
"pVXHD7324l0","2026-08-23 23:47:49.685","2026-09-05 00:22:54.090","pVXHD7324l0","18378884","[PREMIUM]","[PREMIUM]","[PREMIUM]","103","Section 103","n",2,"[]","2027-03-01 00:00:00","electronic","exchange",1,"[PREMIUM]","2"
"qVjH2mPjbEx","2026-08-23 23:47:49.685","2026-08-23 23:47:49.685","qVjH2mPjbEx","18378884","[PREMIUM]","[PREMIUM]","[PREMIUM]","108","Section 108","h",3,"[]","2027-03-01 00:00:00","electronic","exchange",1,"[PREMIUM]","3"
"rVOHkpGZXox","2026-08-23 23:47:49.685","2026-08-23 23:47:49.685","rVOHkpGZXox","18378884","[PREMIUM]","[PREMIUM]","[PREMIUM]","115","Section 115","y",6,"[]","2027-03-02 00:00:00","electronic","exchange",2,"[PREMIUM]","6"
"vb3iPwBbg3b","2026-08-23 23:47:49.685","2026-09-05 00:22:54.090","vb3iPwBbg3b","18378884","[PREMIUM]","[PREMIUM]","[PREMIUM]","431","Section 431","q",4,"[]","2027-03-01 00:00:00","electronic","exchange",1,"[PREMIUM]","4"
"z3Es6v0Ejg9","2026-08-23 23:47:49.685","2026-08-23 23:47:49.685","z3Es6v0Ejg9","18378884","[PREMIUM]","[PREMIUM]","[PREMIUM]","409","Section 409","o",4,"[]","2027-03-02 00:00:00","electronic","exchange",2,"[PREMIUM]","4"
"z3Es6v4avoN","2026-08-23 23:47:49.685","2026-08-23 23:47:49.685","z3Es6v4avoN","18378884","[PREMIUM]","[PREMIUM]","[PREMIUM]","211","Section 211","b",4,"[]","2027-03-02 00:00:00","electronic","exchange",5,"[PREMIUM]","4"
"z3Es6vxqwzZ","2026-08-23 23:47:49.685","2026-09-05 00:22:54.090","z3Es6vxqwzZ","18378884","[PREMIUM]","[PREMIUM]","[PREMIUM]","108","Section 108","p",4,"[]","2027-03-01 00:00:00","electronic","exchange",1,"[PREMIUM]","4"
"2v0czqEobNv","2026-08-23 23:47:48.410","2026-09-05 00:22:44.981","2v0czqEobNv","18362754","[PREMIUM]","[PREMIUM]","[PREMIUM]","CL32","Club 32","6",6,"['8','9','10','11','12','13']","2027-02-28 00:00:00","electronic","exchange",1,"[PREMIUM]","1,2,3,4,6"
"2v0czqEobgk","2026-08-23 23:47:48.410","2026-09-05 00:22:44.981","2v0czqEobgk","18362754","[PREMIUM]","[PREMIUM]","[PREMIUM]","306","Section 306","10",4,"['14','15','16','17']","2027-02-28 00:00:00","electronic","exchange",4,"[PREMIUM]","1,2,4"
"3q7fNLPVR0k","2026-08-23 23:47:48.410","2026-09-05 00:22:44.981","3q7fNLPVR0k","18362754","[PREMIUM]","[PREMIUM]","[PREMIUM]","CL26","Club 26","3",10,"['3','4','5','6','7','8','9','10','11','12']","2027-02-28 00:00:00","electronic","exchange",1,"[PREMIUM]","1,2,3,4,5,6,7,8,10"
"3q7fNLPVR43","2026-08-23 23:47:48.410","2026-09-05 00:22:44.981","3q7fNLPVR43","18362754","[PREMIUM]","[PREMIUM]","[PREMIUM]","116","Section 116","23",2,"['9','10']","2027-02-28 00:00:00","electronic","exchange",2,"[PREMIUM]","2"
"3q7fNLPVRJO","2026-08-23 23:47:48.410","2026-09-05 00:22:44.981","3q7fNLPVRJO","18362754","[PREMIUM]","[PREMIUM]","[PREMIUM]","118","Section 118","8",6,"['5','6','7','8','9','10']","2027-02-28 00:00:00","electronic","exchange",0,"[PREMIUM]","1,2,3,4,6"
"4vXcjR4PD06","2026-08-23 23:47:48.410","2026-09-05 00:22:44.981","4vXcjR4PD06","18362754","[PREMIUM]","[PREMIUM]","[PREMIUM]","123","Section 123","23",2,"['7','8']","2027-02-28 00:00:00","electronic","exchange",1,"[PREMIUM]","2"
"4vXcjR4PDAZ","2026-08-23 23:47:48.410","2026-09-05 00:22:44.981","4vXcjR4PDAZ","18362754","[PREMIUM]","[PREMIUM]","[PREMIUM]","103","Section 103","15",2,"['11','12']","2027-02-28 00:00:00","electronic","exchange",2,"[PREMIUM]","2"
"4vXcjR4PDRD","2026-08-23 23:47:48.410","2026-09-05 00:22:44.981","4vXcjR4PDRD","18362754","[PREMIUM]","[PREMIUM]","[PREMIUM]","118","Section 118","26",2,"['3','4']","2027-02-28 00:00:00","electronic","exchange",4,"[PREMIUM]","2"
"4vXcjR4PkwY","2026-08-23 23:47:48.410","2026-09-05 00:22:44.981","4vXcjR4PkwY","18362754","[PREMIUM]","[PREMIUM]","[PREMIUM]","317","Section 317","9",19,"['1','2','3','4','5','6','7','8','9','10','11','12','13','14','15','16','17','18','19']","2027-02-28 00:00:00","electronic","exchange",1,"[PREMIUM]","1,2,3,4,5,6,7,8,9,10,11,12,13,14,15,16,17,19"
"6mOhkoxvp9l","2026-08-23 23:47:48.410","2026-09-05 00:22:44.981","6mOhkoxvp9l","18362754","[PREMIUM]","[PREMIUM]","[PREMIUM]","305","Section 305","8",4,"['13','14','15','16']","2027-02-28 00:00:00","electronic","exchange",3,"[PREMIUM]","1,2,4"
"6mOhkoxvq4j","2026-08-23 23:47:48.410","2026-09-05 00:22:44.981","6mOhkoxvq4j","18362754","[PREMIUM]","[PREMIUM]","[PREMIUM]","131","Section 131","6",3,"['3','4','5']","2027-02-28 00:00:00","electronic","exchange",1,"[PREMIUM]","1,3"
"6mOhkoxvq80","2026-08-23 23:47:48.410","2026-09-05 00:22:44.981","6mOhkoxvq80","18362754","[PREMIUM]","[PREMIUM]","[PREMIUM]","133","Section 133","26",4,"['5','6','7','8']","2027-02-28 00:00:00","electronic","exchange",5,"[PREMIUM]","1,2,4"
"7KntAgoML3L","2026-08-23 23:47:48.410","2026-09-05 00:22:44.981","7KntAgoML3L","18362754","[PREMIUM]","[PREMIUM]","[PREMIUM]","305","Section 305","12",22,"['1','2','3','4','5','6','7','8','9','10','11','12','13','14','15','16','17','18','19','20','21','22']","2027-02-28 00:00:00","electronic","exchange",1,"[PREMIUM]","1,2,3,4,5,6,7,8,9,10,11,12,13,14,15,16,17,18,19,20,22"
"7KntAgoMLjL","2026-08-23 23:47:48.410","2026-09-05 00:22:44.981","7KntAgoMLjL","18362754","[PREMIUM]","[PREMIUM]","[PREMIUM]","312","Section 312","13",4,"['1','2','3','4']","2027-02-28 00:00:00","electronic","exchange",2,"[PREMIUM]","1,2,4"
"7KntAgoMr4O","2026-08-23 23:47:48.410","2026-09-05 00:22:44.981","7KntAgoMr4O","18362754","[PREMIUM]","[PREMIUM]","[PREMIUM]","328","Section 328","9",21,"['1','2','3','4','5','6','7','8','9','10','11','12','13','14','15','16','17','18','19','20','21']","2027-02-28 00:00:00","electronic","exchange",3,"[PREMIUM]","1,2,3,4,5,6,7,8,9,10,11,12,13,14,15,16,17,18,19,21"
"7KntAgoMrAR","2026-08-23 23:47:48.410","2026-09-05 00:22:44.981","7KntAgoMrAR","18362754","[PREMIUM]","[PREMIUM]","[PREMIUM]","CL32","Club 32","6",2,"['3','4']","2027-02-28 00:00:00","electronic","exchange",1,"[PREMIUM]","2"
"9P2c5MPBwbN","2026-08-23 23:47:48.410","2026-09-05 00:22:44.981","9P2c5MPBwbN","18362754","[PREMIUM]","[PREMIUM]","[PREMIUM]","111","Section 111","25",22,"['1','2','3','4','5','6','7','8','9','10','11','12','13','14','15','16','17','18','19','20','21','22']","2027-02-28 00:00:00","electronic","exchange",0,"[PREMIUM]","1,2,3,4,5,6,7,8,9,10,11,12,13,14,15,16,17,18,19,20,22"
"9P2c5MPBeJ9","2026-08-23 23:47:48.410","2026-09-05 00:22:44.981","9P2c5MPBeJ9","18362754","[PREMIUM]","[PREMIUM]","[PREMIUM]","CL28","Club 28","6",2,"['3','4']","2027-02-28 00:00:00","electronic","exchange",2,"[PREMIUM]","2"
"A6rs2KVmb5R","2026-08-23 23:47:48.410","2026-09-05 00:22:44.981","A6rs2KVmb5R","18362754","[PREMIUM]","[PREMIUM]","[PREMIUM]","125","Section 125","9",7,"['9','10','11','12','13','14','15']","2027-02-28 00:00:00","electronic","exchange",2,"[PREMIUM]","1,2,3,4,5,7"
"A6rs2KVmbbZ","2026-08-23 23:47:48.410","2026-09-05 00:22:44.981","A6rs2KVmbbZ","18362754","[PREMIUM]","[PREMIUM]","[PREMIUM]","CL22","Club 22","4",3,"['5','6','7']","2027-02-28 00:00:00","electronic","exchange",1,"[PREMIUM]","1,3"
"A6rs2KVmav4","2026-08-23 23:47:48.410","2026-09-05 00:22:44.981","A6rs2KVmav4","18362754","[PREMIUM]","[PREMIUM]","[PREMIUM]","314","Section 314","4",12,"['4','5','6','7','8','9','10','11','12','13','14','15']","2027-02-28 00:00:00","electronic","exchange",1,"[PREMIUM]","1,2,3,4,5,6,7,8,9,10,12"
"BALImMjndgL","2026-08-23 23:47:48.410","2026-09-05 00:22:44.981","BALImMjndgL","18362754","[PREMIUM]","[PREMIUM]","[PREMIUM]","103","Section 103","17",5,"['7','8','9','10','11']","2027-02-28 00:00:00","electronic","exchange",2,"[PREMIUM]","1,2,3,5"
"BALImMjndNP","2026-08-23 23:47:48.410","2026-09-05 00:22:44.981","BALImMjndNP","18362754","[PREMIUM]","[PREMIUM]","[PREMIUM]","117","Section 117","7",11,"['1','2','3','4','5','6','7','8','9','10','11']","2027-02-28 00:00:00","electronic","exchange",0,"[PREMIUM]","1,2,3,4,5,6,7,8,9,11"
"BALImMjnd7P","2026-08-23 23:47:48.410","2026-09-05 00:22:44.981","BALImMjnd7P","18362754","[PREMIUM]","[PREMIUM]","[PREMIUM]","133","Section 133","12",6,"['7','8','9','10','11','12']","2027-02-28 00:00:00","electronic","exchange",2,"[PREMIUM]","1,2,3,4,6"
"BALImMjnal4","2026-08-23 23:47:48.410","2026-09-05 00:22:44.981","BALImMjnal4","18362754","[PREMIUM]","[PREMIUM]","[PREMIUM]","303","Section 303","2",14,"['3','4','5','6','7','8','9','10','11','12','13','14','15','16']","2027-02-28 00:00:00","electronic","exchange",5,"[PREMIUM]","1,2,3,4,5,6,7,8,9,10,11,12,14"
"BALImMjna64","2026-08-23 23:47:48.410","2026-09-05 00:22:44.981","BALImMjna64","18362754","[PREMIUM]","[PREMIUM]","[PREMIUM]","317","Section 317","7",11,"['4','5','6','7','8','9','10','11','12','13','14']","2027-02-28 00:00:00","electronic","exchange",0,"[PREMIUM]","1,2,3,4,5,6,7,8,9,11"
"DdwHkMJ2awJ","2026-08-23 23:47:48.410","2026-09-05 00:22:44.981","DdwHkMJ2awJ","18362754","[PREMIUM]","[PREMIUM]","[PREMIUM]","119","Section 119","26",6,"['5','6','7','8','9','10']","2027-02-28 00:00:00","electronic","exchange",5,"[PREMIUM]","1,2,3,4,6"
"EroUXgB3k7V","2026-08-23 23:47:48.410","2026-09-05 00:22:44.981","EroUXgB3k7V","18362754","[PREMIUM]","[PREMIUM]","[PREMIUM]","107","Section 107","28",25,"['1','2','3','4','5','6','7','8','9','10','11','12','13','14','15','16','17','18','19','20','21','22','23','24','25']","2027-02-28 00:00:00","electronic","exchange",1,"[PREMIUM]","1,2,3,4,5,6,7,8,9,10,11,12,13,14,15,16,17,18,19,20,21,22,23,25"
"EroUXgB3keK","2026-08-23 23:47:48.410","2026-09-05 00:22:44.981","EroUXgB3keK","18362754","[PREMIUM]","[PREMIUM]","[PREMIUM]","132","Section 132","26",4,"['3','4','5','6']","2027-02-28 00:00:00","electronic","exchange",1,"[PREMIUM]","1,2,4"
"GAaI60A9E7E","2026-08-23 23:47:48.410","2026-09-05 00:22:44.981","GAaI60A9E7E","18362754","[PREMIUM]","[PREMIUM]","[PREMIUM]","116","Section 116","16",8,"['3','4','5','6','7','8','9','10']","2027-02-28 00:00:00","electronic","exchange",2,"[PREMIUM]","1,2,3,4,5,6,8"
"GAaI60A9EY0","2026-08-23 23:47:48.410","2026-09-05 00:22:44.981","GAaI60A9EY0","18362754","[PREMIUM]","[PREMIUM]","[PREMIUM]","124","Section 124","24",3,"['7','8','9']","2027-02-28 00:00:00","electronic","exchange",2,"[PREMIUM]","1,3"
"GAaI60A9EgD","2026-08-23 23:47:48.410","2026-09-05 00:22:44.981","GAaI60A9EgD","18362754","[PREMIUM]","[PREMIUM]","[PREMIUM]","CL25","Club 25","5",5,"['1','2','3','4','5']","2027-02-28 00:00:00","electronic","exchange",1,"[PREMIUM]","1,2,3,5"
"KezczqLvgEA","2026-08-23 23:47:48.410","2026-09-05 00:22:44.981","KezczqLvgEA","18362754","[PREMIUM]","[PREMIUM]","[PREMIUM]","323","Section 323","11",5,"['8','9','10','11','12']","2027-02-28 00:00:00","electronic","exchange",4,"[PREMIUM]","1,2,3,5"
"KezczqLvBaq","2026-08-23 23:47:48.410","2026-09-05 00:22:44.981","KezczqLvBaq","18362754","[PREMIUM]","[PREMIUM]","[PREMIUM]","107","Section 107","16",6,"['8','9','10','11','12','13']","2027-02-28 00:00:00","electronic","exchange",0,"[PREMIUM]","1,2,3,4,6"
"KezczqLvB2q","2026-08-23 23:47:48.410","2026-09-05 00:22:44.981","KezczqLvB2q","18362754","[PREMIUM]","[PREMIUM]","[PREMIUM]","111","Section 111","14",4,"['20','21','22','23']","2027-02-28 00:00:00","electronic","exchange",0,"[PREMIUM]","1,2,4"
"LbviL8aDe2R","2026-08-23 23:47:48.410","2026-09-05 00:22:44.981","LbviL8aDe2R","18362754","[PREMIUM]","[PREMIUM]","[PREMIUM]","313","Section 313","1",5,"['3','4','5','6','7']","2027-02-28 00:00:00","electronic","exchange",0,"[PREMIUM]","1,2,3,5"
"MAeIP3DAMeM","2026-08-23 23:47:48.410","2026-09-05 00:22:44.981","MAeIP3DAMeM","18362754","[PREMIUM]","[PREMIUM]","[PREMIUM]","312","Section 312","8",2,"['17','18']","2027-02-28 00:00:00","electronic","exchange",4,"[PREMIUM]","2"
"NrqUv6Kz8Jm","2026-08-23 23:47:48.410","2026-09-05 00:22:44.981","NrqUv6Kz8Jm","18362754","[PREMIUM]","[PREMIUM]","[PREMIUM]","CL30","Club 30","5",5,"['9','10','11','12','13']","2027-02-28 00:00:00","electronic","exchange",2,"[PREMIUM]","1,2,3,5"
"NrqUv6KzeV2","2026-08-23 23:47:48.410","2026-09-05 00:22:44.981","NrqUv6KzeV2","18362754","[PREMIUM]","[PREMIUM]","[PREMIUM]","121","Section 121","9",2,"['9','10']","2027-02-28 00:00:00","electronic","exchange",1,"[PREMIUM]","2"
"O7AhwKqmL7D","2026-08-23 23:47:48.410","2026-09-05 00:22:44.981","O7AhwKqmL7D","18362754","[PREMIUM]","[PREMIUM]","[PREMIUM]","119","Section 119","27",4,"['1','2','3','4']","2027-02-28 00:00:00","electronic","exchange",3,"[PREMIUM]","1,2,4"
"PX0sgqbklN9","2026-08-23 23:47:48.410","2026-09-05 00:22:44.981","PX0sgqbklN9","18362754","[PREMIUM]","[PREMIUM]","[PREMIUM]","329","Section 329","7",13,"['4','5','6','7','8','9','10','11','12','13','14','15','16']","2027-02-28 00:00:00","electronic","exchange",4,"[PREMIUM]","1,2,3,4,5,6,7,8,9,10,11,13"
"PX0sgqbkl5o","2026-08-23 23:47:48.410","2026-09-05 00:22:44.981","PX0sgqbkl5o","18362754","[PREMIUM]","[PREMIUM]","[PREMIUM]","CL26","Club 26","4",8,"['4','5','6','7','8','9','10','11']","2027-02-28 00:00:00","electronic","exchange",1,"[PREMIUM]","1,2,3,4,5,6,8"
"PX0sgqbk3a7","2026-08-23 23:47:48.410","2026-09-05 00:22:44.981","PX0sgqbk3a7","18362754","[PREMIUM]","[PREMIUM]","[PREMIUM]","131","Section 131","11",5,"['1','2','3','4','5']","2027-02-28 00:00:00","electronic","exchange",1,"[PREMIUM]","1,2,3,5"
"ROXHz2Xqbke","2026-08-23 23:47:48.410","2026-09-05 00:22:44.981","ROXHz2Xqbke","18362754","[PREMIUM]","[PREMIUM]","[PREMIUM]","120","Section 120","23",2,"['5','6']","2027-02-28 00:00:00","electronic","exchange",4,"[PREMIUM]","2"
"ROXHz2XqbB0","2026-08-23 23:47:48.410","2026-09-05 00:22:44.981","ROXHz2XqbB0","18362754","[PREMIUM]","[PREMIUM]","[PREMIUM]","108","Section 108","28",20,"['7','8','9','10','11','12','13','14','15','16','17','18','19','20','21','22','23','24','25','26']","2027-02-28 00:00:00","electronic","exchange",1,"[PREMIUM]","1,2,3,4,5,6,7,8,9,10,11,12,13,14,15,16,17,18,20"
"ROXHz2Xqb3e","2026-08-23 23:47:48.410","2026-09-05 00:22:44.981","ROXHz2Xqb3e","18362754","[PREMIUM]","[PREMIUM]","[PREMIUM]","117","Section 117","25",2,"['9','10']","2027-02-28 00:00:00","electronic","exchange",4,"[PREMIUM]","2"
"ROXHz2Xqb27","2026-08-23 23:47:48.410","2026-09-05 00:22:44.981","ROXHz2Xqb27","18362754","[PREMIUM]","[PREMIUM]","[PREMIUM]","118","Section 118","9",2,"['13','14']","2027-02-28 00:00:00","electronic","exchange",0,"[PREMIUM]","2"
"V4KU04KVBYK","2026-08-23 23:47:48.410","2026-09-05 00:22:44.981","V4KU04KVBYK","18362754","[PREMIUM]","[PREMIUM]","[PREMIUM]","CL19","Club 19","3",7,"['8','9','10','11','12','13','14']","2027-02-28 00:00:00","electronic","exchange",0,"[PREMIUM]","1,2,3,4,5,7"
"X03tKl3ev8q","2026-08-23 23:47:48.410","2026-09-05 00:22:44.981","X03tKl3ev8q","18362754","[PREMIUM]","[PREMIUM]","[PREMIUM]","133","Section 133","25",2,"['8','9']","2027-02-28 00:00:00","electronic","exchange",5,"[PREMIUM]","2"
"YgJtk0JmL6z","2026-08-23 23:47:48.410","2026-09-05 00:22:44.981","YgJtk0JmL6z","18362754","[PREMIUM]","[PREMIUM]","[PREMIUM]","118","Section 118","6",4,"['9','10','11','12']","2027-02-28 00:00:00","electronic","exchange",0,"[PREMIUM]","1,2,4"
"YgJtk0JmLae","2026-08-23 23:47:48.410","2026-09-05 00:22:44.981","YgJtk0JmLae","18362754","[PREMIUM]","[PREMIUM]","[PREMIUM]","108","Section 108","13",9,"['15','16','17','18','19','20','21','22','23']","2027-02-28 00:00:00","electronic","exchange",0,"[PREMIUM]","1,2,3,4,5,6,7,9"
"Zm9hvJ9VGgk","2026-08-23 23:47:48.410","2026-09-05 00:22:44.981","Zm9hvJ9VGgk","18362754","[PREMIUM]","[PREMIUM]","[PREMIUM]","116","Section 116","13",6,"['3','4','5','6','7','8']","2027-02-28 00:00:00","electronic","exchange",2,"[PREMIUM]","1,2,3,4,6"
"dNgUgp7KdrX","2026-08-23 23:47:48.410","2026-09-05 00:22:44.981","dNgUgp7KdrX","18362754","[PREMIUM]","[PREMIUM]","[PREMIUM]","324","Section 324","3",12,"['4','5','6','7','8','9','10','11','12','13','14','15']","2027-02-28 00:00:00","electronic","exchange",2,"[PREMIUM]","1,2,3,4,5,6,7,8,9,10,12"
"dNgUgp7KqzL","2026-08-23 23:47:48.410","2026-09-05 00:22:44.981","dNgUgp7KqzL","18362754","[PREMIUM]","[PREMIUM]","[PREMIUM]","129","Section 129","24",5,"['9','10','11','12','13']","2027-02-28 00:00:00","electronic","exchange",2,"[PREMIUM]","1,2,3,5"
"g48Ur6dJEra","2026-08-23 23:47:48.410","2026-09-05 00:22:44.981","g48Ur6dJEra","18362754","[PREMIUM]","[PREMIUM]","[PREMIUM]","CL32","Club 32","4",12,"['3','4','5','6','7','8','9','10','11','12','13','14']","2027-02-28 00:00:00","electronic","exchange",0,"[PREMIUM]","1,2,3,4,5,6,7,8,9,10,12"
"g48Ur6dJmnr","2026-08-23 23:47:48.410","2026-09-05 00:22:44.981","g48Ur6dJmnr","18362754","[PREMIUM]","[PREMIUM]","[PREMIUM]","119","Section 119","5",6,"['5','6','7','8','9','10']","2027-02-28 00:00:00","electronic","exchange",0,"[PREMIUM]","1,2,3,4,6"
"jDvszkqpmlN","2026-08-23 23:47:48.410","2026-09-05 00:22:44.981","jDvszkqpmlN","18362754","[PREMIUM]","[PREMIUM]","[PREMIUM]","301","Section 301","10",7,"['9','10','11','12','13','14','15']","2027-02-28 00:00:00","electronic","exchange",2,"[PREMIUM]","1,2,3,4,5,7"
"jDvszkqpm64","2026-08-23 23:47:48.410","2026-09-05 00:22:44.981","jDvszkqpm64","18362754","[PREMIUM]","[PREMIUM]","[PREMIUM]","CL27","Club 27","3",3,"['9','10','11']","2027-02-28 00:00:00","electronic","exchange",1,"[PREMIUM]","1,3"
"jDvszkqpNmE","2026-08-23 23:47:48.410","2026-09-05 00:22:44.981","jDvszkqpNmE","18362754","[PREMIUM]","[PREMIUM]","[PREMIUM]","CL23","Club 23","5",4,"['1','2','3','4']","2027-02-28 00:00:00","electronic","exchange",1,"[PREMIUM]","1,2,4"
"jDvszkqpNkL","2026-08-23 23:47:48.410","2026-09-05 00:22:44.981","jDvszkqpNkL","18362754","[PREMIUM]","[PREMIUM]","[PREMIUM]","118","Section 118","25",2,"['11','12']","2027-02-28 00:00:00","electronic","exchange",3,"[PREMIUM]","2"
"kYet9mbpYkN","2026-08-23 23:47:48.410","2026-09-05 00:22:44.981","kYet9mbpYkN","18362754","[PREMIUM]","[PREMIUM]","[PREMIUM]","307","Section 307","8",2,"['2','3']","2027-02-28 00:00:00","electronic","exchange",5,"[PREMIUM]","2"
"l_0nnbyB1Fy49dn6Fg6V069hYx0KY6TmAw6nKh5X6yVGc1N1W0vfd18wQpSWLIqTN","2026-08-23 23:47:48.410","2026-09-05 00:22:44.981","l_0nnbyB1Fy49dn6Fg6V069hYx0KY6TmAw6nKh5X6yVGc1N1W0vfd18wQpSWLIqTN","18362754","[PREMIUM]","[PREMIUM]","[PREMIUM]","117","Section 117","2",4,"['7','8','9','10']",,"sg_app","open",0,"[PREMIUM]","1,2,4"
"l_1991EG4fw9RYkAFYjgljmHb9Mlb4t12Ke08tMbJrlMCGLGEg3h5VlQbyh93SViQ","2026-08-23 23:47:48.410","2026-09-05 00:22:44.981","l_1991EG4fw9RYkAFYjgljmHb9Mlb4t12Ke08tMbJrlMCGLGEg3h5VlQbyh93SViQ","18362754","[PREMIUM]","[PREMIUM]","[PREMIUM]","130","Section 130","20",2,"['1','2']",,"sg_app","open",0,"[PREMIUM]","2"
"l_5662E5NSAk2ZQLiv1kL1RIg8EwgDikjPMgbC0G4Elwh3J3PlkiNdyqg4H0PI0rulk","2026-08-23 23:47:48.410","2026-09-05 00:22:44.981","l_5662E5NSAk2ZQLiv1kL1RIg8EwgDikjPMgbC0G4Elwh3J3PlkiNdyqg4H0PI0rulk","18362754","[PREMIUM]","[PREMIUM]","[PREMIUM]","332","Section 332","16",6,"['1','2','3','4','5','6']",,"sg_app","open",1,"[PREMIUM]","1,2,3,4,6"
"l_0nnbyB1Fy49dn6Fg6V069hYx0KY6TDjrWR2i5X6yeBt1N1W0vfd18wQpSWLInETrX","2026-08-23 23:47:48.410","2026-09-05 00:22:44.981","l_0nnbyB1Fy49dn6Fg6V069hYx0KY6TDjrWR2i5X6yeBt1N1W0vfd18wQpSWLInETrX","18362754","[PREMIUM]","[PREMIUM]","[PREMIUM]","310","Section 310","14",4,"['13','14','15','16']",,"sg_app","open",1,"[PREMIUM]","1,2,4"
"l_6dd2KkPF9VmB13u3yl9ypHJVyYJ0u0PwQ0ACPWA2bLuvNN4X6TAvEerbSerIRcz","2026-08-23 23:47:48.410","2026-09-02 00:10:49.922","l_6dd2KkPF9VmB13u3yl9ypHJVyYJ0u0PwQ0ACPWA2bLuvNN4X6TAvEerbSerIRcz","18362754","[PREMIUM]","[PREMIUM]","[PREMIUM]","CL24","Club 24","2",6,"['3','4','5','6','7','8']",,"sg_app","open",0,"[PREMIUM]","1,2,3,4,6"
"l_855e9EdcKXz8P9TNG5kGzcPX2WPpSk1L0m6tvznJWBhY8YGmgiZrVJPAFK1TrLtqP","2026-08-23 23:47:48.410","2026-09-05 00:22:44.981","l_855e9EdcKXz8P9TNG5kGzcPX2WPpSk1L0m6tvznJWBhY8YGmgiZrVJPAFK1TrLtqP","18362754","[PREMIUM]","[PREMIUM]","[PREMIUM]","310","Section 310","15",8,"['5','6','7','8','9','10','11','12']",,"sg_app","open",2,"[PREMIUM]","1,2,3,4,5,6,8"
"l_EEEjXqgFzK2xQLuWyV4y2TJE2QJqunQmwq5ugdLxnJcVgVr3DFJ4lmvnuyEIxbHJK","2026-08-23 23:47:48.410","2026-09-05 00:22:44.981","l_EEEjXqgFzK2xQLuWyV4y2TJE2QJqunQmwq5ugdLxnJcVgVr3DFJ4lmvnuyEIxbHJK","18362754","[PREMIUM]","[PREMIUM]","[PREMIUM]","331","Section 331","13",6,"['15','16','17','18','19','20']",,"sg_app","open",1,"[PREMIUM]","1,2,3,4,6"
"l_K11gXR3S8wRyvMTxAP3A8UWKMpWguXL6Wq6FgwK5lgcrBr8LqFDwP20ns5nsGvHLm","2026-08-23 23:47:48.410","2026-09-05 00:22:44.981","l_K11gXR3S8wRyvMTxAP3A8UWKMpWguXL6Wq6FgwK5lgcrBr8LqFDwP20ns5nsGvHLm","18362754","[PREMIUM]","[PREMIUM]","[PREMIUM]","132","Section 132","14",2,"['1','2']",,"sg_app","open",0,"[PREMIUM]","2"
"l_LDDk5pAHw0Z41AF435r3XcGzgAGks6D9ZmxUkjn46kfndnAX9ue1ygj4hkJID3SNE","2026-08-23 23:47:48.410","2026-09-02 00:10:49.922","l_LDDk5pAHw0Z41AF435r3XcGzgAGks6D9ZmxUkjn46kfndnAX9ue1ygj4hkJID3SNE","18362754","[PREMIUM]","[PREMIUM]","[PREMIUM]","131","Section 131","14",2,"['7','8']",,"sg_app","open",2,"[PREMIUM]","2"
"l_QbbA8W0SRmQNV3igXG2XxhbKmgbNtBbmrkwuP6AzKPC2l2K80Hd2DjeGSJ0cNuv","2026-08-23 23:47:48.410","2026-08-25 23:15:59.202","l_QbbA8W0SRmQNV3igXG2XxhbKmgbNtBbmrkwuP6AzKPC2l2K80Hd2DjeGSJ0cNuv","18362754","[PREMIUM]","[PREMIUM]","[PREMIUM]","121","Section 121","6",1,"['9']",,"sg_app","open",0,"[PREMIUM]","1"
"l_PzzXAg4Sv4k6LwcMLk9LGfNV41NJtXL23eEC2z8QR1CAyAMzWCXEjk2xHBZhdT2","2026-08-23 23:47:48.410","2026-08-23 23:47:48.410","l_PzzXAg4Sv4k6LwcMLk9LGfNV41NJtXL23eEC2z8QR1CAyAMzWCXEjk2xHBZhdT2","18362754","[PREMIUM]","[PREMIUM]","[PREMIUM]","104","Section 104","2",4,"['1','2','3','4']",,"sg_app","open",3,"[PREMIUM]","1,2,4"
"l_R11Kb5DS6QqxgXfN8Mg8lcYEy1YjTY4E5JJib0JP8VFDnDbJ9FW0zlXec6dUrNuvk","2026-08-23 23:47:48.410","2026-08-27 01:11:32.703","l_R11Kb5DS6QqxgXfN8Mg8lcYEy1YjTY4E5JJib0JP8VFDnDbJ9FW0zlXec6dUrNuvk","18362754","[PREMIUM]","[PREMIUM]","[PREMIUM]","303","Section 303","9",2,"['5','6']",,"sg_app","open",1,"[PREMIUM]","2"
"l_Mbb25BjSx4jRryCnjb4jkhQK3EQXuGw8VjWFRG06bluN5NveXH9dJyr6C49hl8Sqq","2026-08-23 23:47:48.410","2026-09-05 00:22:44.981","l_Mbb25BjSx4jRryCnjb4jkhQK3EQXuGw8VjWFRG06bluN5NveXH9dJyr6C49hl8Sqq","18362754","[PREMIUM]","[PREMIUM]","[PREMIUM]","328","Section 328","8",2,"['19','20']",,"sg_app","open",1,"[PREMIUM]","2"
"l_XeeLljwSwEAK1PFDA0QAkhDKyWD1UPqQeywUjB2VklfN0NeJ1H5r8BpAhN6tmNHlB","2026-08-23 23:47:48.410","2026-09-05 00:22:44.981","l_XeeLljwSwEAK1PFDA0QAkhDKyWD1UPqQeywUjB2VklfN0NeJ1H5r8BpAhN6tmNHlB","18362754","[PREMIUM]","[PREMIUM]","[PREMIUM]","314","Section 314","7",2,"['9','10']",,"sg_app","open",1,"[PREMIUM]","2"
"l_YMMm6nqSedmA46Tjwy3wNIdBbgd9cn0RX8jtRG9zyYuJlJ8yZHNwk36dHYWI3uBE","2026-08-23 23:47:48.410","2026-09-05 00:22:44.981","l_YMMm6nqSedmA46Tjwy3wNIdBbgd9cn0RX8jtRG9zyYuJlJ8yZHNwk36dHYWI3uBE","18362754","[PREMIUM]","[PREMIUM]","[PREMIUM]","322","Section 322","3",4,"['4','5','6','7']",,"sg_app","open",0,"[PREMIUM]","1,2,4"
"l_ZZZVP1LS0Rpe6Zc0lYplNhpV5Pp8uvQKnLzsQmxM4RU4q4E6Ku0DLw5Js9lSPeFkq","2026-08-23 23:47:48.410","2026-09-05 00:22:44.981","l_ZZZVP1LS0Rpe6Zc0lYplNhpV5Pp8uvQKnLzsQmxM4RU4q4E6Ku0DLw5Js9lSPeFkq","18362754","[PREMIUM]","[PREMIUM]","[PREMIUM]","310","Section 310","8",6,"['13','14','15','16','17','18']",,"sg_app","open",1,"[PREMIUM]","1,2,3,4,6"
"l_ZZZVP1LS0Rpe6Zc0lYplNhpV5Pp8u4plblPhQmx3V8f4q4E6Ku0DLw5Js9lSV6h8R","2026-08-23 23:47:48.410","2026-08-27 01:11:32.703","l_ZZZVP1LS0Rpe6Zc0lYplNhpV5Pp8u4plblPhQmx3V8f4q4E6Ku0DLw5Js9lSV6h8R","18362754","[PREMIUM]","[PREMIUM]","[PREMIUM]","313","Section 313","16",6,"['4','5','6','7','8','9']",,"sg_app","open",5,"[PREMIUM]","1,2,3,4,6"
"l_rZZYy8KS8wx65LTJ4v241CR8rARwhQYd1RpSPzQJ31SPwP5ljiVPnj9lfr8IwbInN","2026-08-23 23:47:48.410","2026-08-31 00:32:18.235","l_rZZYy8KS8wx65LTJ4v241CR8rARwhQYd1RpSPzQJ31SPwP5ljiVPnj9lfr8IwbInN","18362754","[PREMIUM]","[PREMIUM]","[PREMIUM]","112","Section 112","25",3,"['1','2','3']",,"sg_app","open",0,"[PREMIUM]","1,3"
"l_qMMpzXDSlzDZWmh3N9gNzHeE6kegTRWlwjyHY0bN5YI3L3G2miJNbm69ubZIVSZ0","2026-08-23 23:47:48.410","2026-08-31 23:30:01.246","l_qMMpzXDSlzDZWmh3N9gNzHeE6kegTRWlwjyHY0bN5YI3L3G2miJNbm69ubZIVSZ0","18362754","[PREMIUM]","[PREMIUM]","[PREMIUM]","122","Section 122","8",8,"['1','2','3','4','5','6','7','8']",,"sg_app","open",1,"[PREMIUM]","1,2,3,4,5,6,8"
"l_qMMpzXDSlzDZWmh3N9gNzHeE6kegTKZrvG1HY0bN2Qc3L3G2miJNbm69ubZIEuZ0","2026-08-23 23:47:48.410","2026-08-28 01:44:28.519","l_qMMpzXDSlzDZWmh3N9gNzHeE6kegTKZrvG1HY0bN2Qc3L3G2miJNbm69ubZIEuZ0","18362754","[PREMIUM]","[PREMIUM]","[PREMIUM]","118","Section 118","6",2,"['13','14']",,"sg_app","open",0,"[PREMIUM]","2"
"l_yqqwkXLu5KmY1WSqmZxm3hPkLwPWS0ZMXNMIlbA8zkHg1gLMxUGevJmPc40hEqfle","2026-08-23 23:47:48.410","2026-09-04 01:37:29.789","l_yqqwkXLu5KmY1WSqmZxm3hPkLwPWS0ZMXNMIlbA8zkHg1gLMxUGevJmPc40hEqfle","18362754","[PREMIUM]","[PREMIUM]","[PREMIUM]","108","Section 108","6",2,"['5','6']",,"sg_app","open",1,"[PREMIUM]","2"
"l_zLLqgXmspXVmQgcmp3JpQt4pwk4Ytk49YmRT9zYqexhrpr9g8F2EYvrNipyIjdIP8","2026-08-23 23:47:48.410","2026-09-04 01:37:29.789","l_zLLqgXmspXVmQgcmp3JpQt4pwk4Ytk49YmRT9zYqexhrpr9g8F2EYvrNipyIjdIP8","18362754","[PREMIUM]","[PREMIUM]","[PREMIUM]","325","Section 325","10",7,"['15','16','17','18','19','20','21']",,"sg_app","open",1,"[PREMIUM]","1,2,3,4,5,7"
"l_xwwGgXqtg6L3p5uxqRjqbUZ94lZvTWkdBX6CW3Db1rt1Q1bVMfdwlkZgS65UdvTXX","2026-08-23 23:47:48.410","2026-09-05 00:22:44.981","l_xwwGgXqtg6L3p5uxqRjqbUZ94lZvTWkdBX6CW3Db1rt1Q1bVMfdwlkZgS65UdvTXX","18362754","[PREMIUM]","[PREMIUM]","[PREMIUM]","331","Section 331","7",2,"['11','12']",,"sg_app","open",1,"[PREMIUM]","2"
"l_wJJgdXwudZq3lNSAQmGQJuVzvxV6uGW4mGAhbnzrYpc4YY5N8Hdqnv3MSgPI2bHV0","2026-08-23 23:47:48.410","2026-09-05 00:22:44.981","l_wJJgdXwudZq3lNSAQmGQJuVzvxV6uGW4mGAhbnzrYpc4YY5N8Hdqnv3MSgPI2bHV0","18362754","[PREMIUM]","[PREMIUM]","[PREMIUM]","CL24","Club 24","6",2,"['5','6']",,"sg_app","open",4,"[PREMIUM]","2"
"lxVsdRbgnel","2026-08-23 23:47:48.410","2026-09-05 00:22:44.981","lxVsdRbgnel","18362754","[PREMIUM]","[PREMIUM]","[PREMIUM]","133","Section 133","5",12,"['3','4','5','6','7','8','9','10','11','12','13','14']","2027-02-28 00:00:00","electronic","exchange",0,"[PREMIUM]","1,2,3,4,5,6,7,8,9,10,12"
"lxVsdRbgnBM","2026-08-23 23:47:48.410","2026-09-05 00:22:44.981","lxVsdRbgnBM","18362754","[PREMIUM]","[PREMIUM]","[PREMIUM]","127","Section 127","23",6,"['11','12','13','14','15','16']","2027-02-28 00:00:00","electronic","exchange",0,"[PREMIUM]","1,2,3,4,6"
"mxAs4x7eMGR","2026-08-23 23:47:48.410","2026-09-05 00:22:44.981","mxAs4x7eMGR","18362754","[PREMIUM]","[PREMIUM]","[PREMIUM]","128","Section 128","22",2,"['13','14']","2027-02-28 00:00:00","electronic","exchange",2,"[PREMIUM]","2"
"nx0srK8v6NA","2026-08-23 23:47:48.410","2026-09-05 00:22:44.981","nx0srK8v6NA","18362754","[PREMIUM]","[PREMIUM]","[PREMIUM]","313","Section 313","8",20,"['1','2','3','4','5','6','7','8','9','10','11','12','13','14','15','16','17','18','19','20']","2027-02-28 00:00:00","electronic","exchange",2,"[PREMIUM]","1,2,3,4,5,6,7,8,9,10,11,12,13,14,15,16,17,18,20"
"oV7Hb6jo3O4","2026-08-23 23:47:48.410","2026-09-05 00:22:44.981","oV7Hb6jo3O4","18362754","[PREMIUM]","[PREMIUM]","[PREMIUM]","314","Section 314","5",11,"['6','7','8','9','10','11','12','13','14','15','16']","2027-02-28 00:00:00","electronic","exchange",1,"[PREMIUM]","1,2,3,4,5,6,7,8,9,11"
"oV7Hb6jokkK","2026-08-23 23:47:48.410","2026-09-05 00:22:44.981","oV7Hb6jokkK","18362754","[PREMIUM]","[PREMIUM]","[PREMIUM]","CL15","Club 15","3",7,"['5','6','7','8','9','10','11']","2027-02-28 00:00:00","electronic","exchange",1,"[PREMIUM]","1,2,3,4,5,7"
"pVXHD7OolqO","2026-08-23 23:47:48.410","2026-09-05 00:22:44.981","pVXHD7OolqO","18362754","[PREMIUM]","[PREMIUM]","[PREMIUM]","111","Section 111","9",2,"['18','19']","2027-02-28 00:00:00","electronic","exchange",0,"[PREMIUM]","2"
"rVOHkpKoVLm","2026-08-23 23:47:48.410","2026-09-05 00:22:44.981","rVOHkpKoVLm","18362754","[PREMIUM]","[PREMIUM]","[PREMIUM]","120","Section 120","4",8,"['7','8','9','10','11','12','13','14']","2027-02-28 00:00:00","electronic","exchange",0,"[PREMIUM]","1,2,3,4,5,6,8"
"rVOHkpKoVjN","2026-08-23 23:47:48.410","2026-09-05 00:22:44.981","rVOHkpKoVjN","18362754","[PREMIUM]","[PREMIUM]","[PREMIUM]","111","Section 111","15",5,"['5','6','7','8','9']","2027-02-28 00:00:00","electronic","exchange",0,"[PREMIUM]","1,2,3,5"
"rVOHkpKowPD","2026-08-23 23:47:48.410","2026-09-05 00:22:44.981","rVOHkpKowPD","18362754","[PREMIUM]","[PREMIUM]","[PREMIUM]","324","Section 324","12",22,"['1','2','3','4','5','6','7','8','9','10','11','12','13','14','15','16','17','18','19','20','21','22']","2027-02-28 00:00:00","electronic","exchange",3,"[PREMIUM]","1,2,3,4,5,6,7,8,9,10,11,12,13,14,15,16,17,18,19,20,22"
"vb3iPw8zxOn","2026-08-23 23:47:48.410","2026-09-05 00:22:44.981","vb3iPw8zxOn","18362754","[PREMIUM]","[PREMIUM]","[PREMIUM]","108","Section 108","10",19,"['1','2','3','4','5','6','7','8','9','10','11','12','13','14','15','16','17','18','19']","2027-02-28 00:00:00","electronic","exchange",1,"[PREMIUM]","1,2,3,4,5,6,7,8,9,10,11,12,13,14,15,16,17,19"
"w3Jse86l7bd","2026-08-23 23:47:48.410","2026-09-05 00:22:44.981","w3Jse86l7bd","18362754","[PREMIUM]","[PREMIUM]","[PREMIUM]","128","Section 128","25",4,"['1','2','3','4']","2027-02-28 00:00:00","electronic","exchange",1,"[PREMIUM]","1,2,4"
"w3Jse86l7zb","2026-08-23 23:47:48.410","2026-09-05 00:22:44.981","w3Jse86l7zb","18362754","[PREMIUM]","[PREMIUM]","[PREMIUM]","108","Section 108","8",10,"['9','10','11','12','13','14','15','16','17','18']","2027-02-28 00:00:00","electronic","exchange",1,"[PREMIUM]","1,2,3,4,5,6,7,8,10"
"xb9iml8Ld5b","2026-08-23 23:47:48.410","2026-09-05 00:22:44.981","xb9iml8Ld5b","18362754","[PREMIUM]","[PREMIUM]","[PREMIUM]","CL15","Club 15","1",4,"['5','6','7','8']","2027-02-28 00:00:00","electronic","exchange",0,"[PREMIUM]","1,2,4"
"xb9iml8Lqea","2026-08-23 23:47:48.410","2026-09-05 00:22:44.981","xb9iml8Lqea","18362754","[PREMIUM]","[PREMIUM]","[PREMIUM]","330","Section 330","8",20,"['1','2','3','4','5','6','7','8','9','10','11','12','13','14','15','16','17','18','19','20']","2027-02-28 00:00:00","electronic","exchange",3,"[PREMIUM]","1,2,3,4,5,6,7,8,9,10,11,12,13,14,15,16,17,18,20"
"z3Es6v4mkRN","2026-08-23 23:47:48.410","2026-09-05 00:22:44.981","z3Es6v4mkRN","18362754","[PREMIUM]","[PREMIUM]","[PREMIUM]","333","Section 333","8",2,"['14','15']","2027-02-28 00:00:00","electronic","exchange",2,"[PREMIUM]","2"
"z3Es6v4mGOj","2026-08-23 23:47:48.410","2026-09-05 00:22:44.981","z3Es6v4mGOj","18362754","[PREMIUM]","[PREMIUM]","[PREMIUM]","308","Section 308","11",21,"['1','2','3','4','5','6','7','8','9','10','11','12','13','14','15','16','17','18','19','20','21']","2027-02-28 00:00:00","electronic","exchange",2,"[PREMIUM]","1,2,3,4,5,6,7,8,9,10,11,12,13,14,15,16,17,18,19,21"
"z3Es6v4mGEm","2026-08-23 23:47:48.410","2026-09-05 00:22:44.981","z3Es6v4mGEm","18362754","[PREMIUM]","[PREMIUM]","[PREMIUM]","313","Section 313","6",6,"['7','8','9','10','11','12']","2027-02-28 00:00:00","electronic","exchange",2,"[PREMIUM]","1,2,3,4,6"
"GAaI60o3Lre","2026-08-23 23:47:48.271","2026-08-23 23:47:48.271","GAaI60o3Lre","18377741","[PREMIUM]","[PREMIUM]","[PREMIUM]","101","Section 101","25",2,"[]","2027-03-02 00:00:00","electronic","exchange",1,"[PREMIUM]","2"
"3q7fNLM0jEm","2026-08-23 23:47:47.520","2026-09-05 00:25:57.135","3q7fNLM0jEm","18378395","[PREMIUM]","[PREMIUM]","[PREMIUM]","216A","Section 216 A","1",4,"[]","2027-02-28 00:00:00","electronic","exchange",3,"[PREMIUM]","4"
"GAaI60RVdgo","2026-08-23 23:47:47.520","2026-09-05 00:25:57.135","GAaI60RVdgo","18378395","[PREMIUM]","[PREMIUM]","[PREMIUM]","111","Section 111","2",2,"[]","2027-02-28 00:00:00","electronic","exchange",0,"[PREMIUM]","2"
"LbviL8aqo5O","2026-08-23 23:47:47.520","2026-09-05 00:25:57.135","LbviL8aqo5O","18378395","[PREMIUM]","[PREMIUM]","[PREMIUM]","207","Section 207","1",4,"['7','8','9','10']","2027-02-27 00:00:00","electronic","exchange",5,"[PREMIUM]","4"
"Zm9hvJX23wY","2026-08-23 23:47:47.520","2026-08-28 01:45:23.586","Zm9hvJX23wY","18378395","[PREMIUM]","[PREMIUM]","[PREMIUM]","223","Section 223","7",2,"['7','8']","2027-03-01 00:00:00","electronic","exchange",0,"[PREMIUM]","2"
"b4wUaolNjGq","2026-08-23 23:47:47.520","2026-08-28 01:45:23.586","b4wUaolNjGq","18378395","[PREMIUM]","[PREMIUM]","[PREMIUM]","223","Section 223","8",2,"['10','11']","2027-03-01 00:00:00","electronic","exchange",0,"[PREMIUM]","2"
"vb3iPw8dEga","2026-08-23 23:47:47.520","2026-09-05 00:25:57.135","vb3iPw8dEga","18378395","[PREMIUM]","[PREMIUM]","[PREMIUM]","207","Section 207","1",4,"[]","2027-02-28 00:00:00","electronic","exchange",5,"[PREMIUM]","4"
"4vXcjR4YXjr","2026-08-23 23:47:45.768","2026-09-05 00:22:47.916","4vXcjR4YXjr","18377818","[PREMIUM]","[PREMIUM]","[PREMIUM]","SUITE 109","Suite 109","B",6,"[]","2027-01-31 00:00:00","electronic","exchange",0,"[PREMIUM]","1,2,3,4,5,6"
"6mOhkoxzOPj","2026-08-23 23:47:45.768","2026-09-05 00:22:47.916","6mOhkoxzOPj","18377818","[PREMIUM]","[PREMIUM]","[PREMIUM]","SUITE 109","Suite 109","A",6,"[]","2027-01-31 00:00:00","electronic","exchange",0,"[PREMIUM]","1,2,3,4,5,6"
"agktlM5YLvj","2026-08-23 23:47:45.768","2026-09-05 00:22:47.916","agktlM5YLvj","18377818","[PREMIUM]","[PREMIUM]","[PREMIUM]","227","Section 227","2",4,"['10','11','12','13']","2026-07-21 00:00:00","electronic","exchange",0,"[PREMIUM]","1,2,4"
"eeacK8m9wPK","2026-08-23 23:47:45.768","2026-09-05 00:22:47.916","eeacK8m9wPK","18377818","[PREMIUM]","[PREMIUM]","[PREMIUM]","SUITE 109","Suite 109","GA",24,"[]","2027-01-31 00:00:00","electronic","exchange",0,"[PREMIUM]","1,2,3,4,5,6,7,8,9,10,11,12,13,14,15,16,17,18,19,20,21,22,23,24"
"g48Ur6P7234","2026-08-23 23:47:45.768","2026-08-23 23:47:45.768","g48Ur6P7234","18377818","[PREMIUM]","[PREMIUM]","[PREMIUM]","227","Section 227","2",4,"[]","2027-03-01 00:00:00","electronic","exchange",2,"[PREMIUM]","4"
"nx0srK8z7ba","2026-08-23 23:47:45.768","2026-09-05 00:22:47.916","nx0srK8z7ba","18377818","[PREMIUM]","[PREMIUM]","[PREMIUM]","SUITE 109","Suite 109","ST",4,"['1','2','3','4']","2027-01-31 00:00:00","electronic","exchange",0,"[PREMIUM]","1,2,3,4"
"rVOHkpKbLll","2026-08-23 23:47:45.768","2026-09-05 00:22:47.916","rVOHkpKbLll","18377818","[PREMIUM]","[PREMIUM]","[PREMIUM]","SUITE 109","Suite 109","C",6,"[]","2027-01-31 00:00:00","electronic","exchange",0,"[PREMIUM]","1,2,3,4,5,6"
"4vXcjRMqwpb","2026-08-23 23:47:44.247","2026-08-28 01:47:00.340","4vXcjRMqwpb","18377000","[PREMIUM]","[PREMIUM]","[PREMIUM]","119","Section 119","8",2,"['8','9']","2027-03-01 00:00:00","electronic","exchange",0,"[PREMIUM]","2"
"A6rs2KXz4Bz","2026-08-23 23:47:43.167","2026-08-23 23:47:43.167","A6rs2KXz4Bz","18377251","[PREMIUM]","[PREMIUM]","[PREMIUM]","301","Section 301","1",2,"[]","2027-02-28 00:00:00","electronic","exchange",5,"[PREMIUM]","2"
"LbviL802r7P","2026-08-23 23:47:43.167","2026-08-28 11:21:31.933","LbviL802r7P","18377251","[PREMIUM]","[PREMIUM]","[PREMIUM]","322","Section 322","9",2,"['15','16']","2027-02-28 00:00:00","electronic","exchange",0,"[PREMIUM]","2"
"V4KU049Jdz9","2026-08-23 23:47:43.167","2026-09-05 00:22:41.469","V4KU049Jdz9","18377251","[PREMIUM]","[PREMIUM]","[PREMIUM]","301","Section 301","1",2,"['1','2']","2027-02-26 00:00:00","electronic","exchange",5,"[PREMIUM]","2"
"g48Ur6PgK0X","2026-08-23 23:47:43.167","2026-08-28 11:21:31.933","g48Ur6PgK0X","18377251","[PREMIUM]","[PREMIUM]","[PREMIUM]","331","Section 331","10",2,"['1','2']","2027-02-28 00:00:00","electronic","exchange",0,"[PREMIUM]","2"
"05VT8l9Rrve","2026-08-23 23:47:43.062","2026-09-05 00:22:47.854","05VT8l9Rrve","18378148","[PREMIUM]","[PREMIUM]","[PREMIUM]","325","Section 325","h",2,"[]","2027-03-01 00:00:00","electronic","exchange",0,"[PREMIUM]","2"
"3q7fNLP7b3r","2026-08-23 23:47:43.062","2026-08-27 01:11:28.379","3q7fNLP7b3r","18378148","[PREMIUM]","[PREMIUM]","[PREMIUM]","118","Section 118","h",3,"[]","2027-03-01 00:00:00","electronic","exchange",0,"[PREMIUM]","1,3"
"5EjuZw9jbgK","2026-08-23 23:47:43.062","2026-08-23 23:47:43.062","5EjuZw9jbgK","18378148","[PREMIUM]","[PREMIUM]","[PREMIUM]","120","Section 120","a",3,"[]","2027-03-01 00:00:00","electronic","exchange",0,"[PREMIUM]","1,3"
"5EjuZw9qGPx","2026-08-23 23:47:43.062","2026-09-05 00:22:47.854","5EjuZw9qGPx","18378148","[PREMIUM]","[PREMIUM]","[PREMIUM]","332","Section 332","p",4,"[]","2027-03-01 00:00:00","electronic","exchange",0,"[PREMIUM]","2,4"
"6mOhkoxOb64","2026-08-23 23:47:43.062","2026-08-23 23:47:43.062","6mOhkoxOb64","18378148","[PREMIUM]","[PREMIUM]","[PREMIUM]","118","Section 118","j",2,"[]","2027-03-01 00:00:00","electronic","exchange",0,"[PREMIUM]","2"
"6mOhkoxOb5l","2026-08-23 23:47:43.062","2026-08-27 01:11:28.379","6mOhkoxOb5l","18378148","[PREMIUM]","[PREMIUM]","[PREMIUM]","114","Section 114","jj",4,"[]","2027-03-01 00:00:00","electronic","exchange",0,"[PREMIUM]","2,4"
"6mOhkoxkV2v","2026-08-23 23:47:43.062","2026-08-23 23:47:43.062","6mOhkoxkV2v","18378148","[PREMIUM]","[PREMIUM]","[PREMIUM]","101","Section 101","l",8,"[]","2027-03-01 00:00:00","electronic","exchange",2,"[PREMIUM]","1,2,3,4,5,6,8"
"9P2c5MP2ZBw","2026-08-23 23:47:43.062","2026-08-23 23:47:43.062","9P2c5MP2ZBw","18378148","[PREMIUM]","[PREMIUM]","[PREMIUM]","101","Section 101","a",2,"[]","2027-03-01 00:00:00","electronic","exchange",0,"[PREMIUM]","2"
"DdwHkMJzabz","2026-08-23 23:47:43.062","2026-09-05 00:22:47.854","DdwHkMJzabz","18378148","[PREMIUM]","[PREMIUM]","[PREMIUM]","301","Section 301","s",5,"[]","2027-03-01 00:00:00","electronic","exchange",0,"[PREMIUM]","1,2,3,5"
"EroUXgBDmpw","2026-08-23 23:47:43.062","2026-08-27 01:11:28.379","EroUXgBDmpw","18378148","[PREMIUM]","[PREMIUM]","[PREMIUM]","108","Section 108","g",4,"[]","2027-03-01 00:00:00","electronic","exchange",0,"[PREMIUM]","2,4"
"GAaI60A6RjV","2026-08-23 23:47:43.062","2026-08-28 01:44:23.696","GAaI60A6RjV","18378148","[PREMIUM]","[PREMIUM]","[PREMIUM]","108","Section 108","j",3,"[]","2027-03-01 00:00:00","electronic","exchange",0,"[PREMIUM]","1,3"
"GAaI60AOER6","2026-08-23 23:47:43.062","2026-09-05 00:22:47.854","GAaI60AOER6","18378148","[PREMIUM]","[PREMIUM]","[PREMIUM]","301","Section 301","r",4,"[]","2027-03-01 00:00:00","electronic","exchange",0,"[PREMIUM]","2,4"
"KezczqLzRK0","2026-08-23 23:47:43.062","2026-08-23 23:47:43.062","KezczqLzRK0","18378148","[PREMIUM]","[PREMIUM]","[PREMIUM]","223","Section 223","d",4,"[]","2027-03-01 00:00:00","electronic","exchange",1,"[PREMIUM]","2,4"
"LbviL8am2gq","2026-08-23 23:47:43.062","2026-08-23 23:47:43.062","LbviL8am2gq","18378148","[PREMIUM]","[PREMIUM]","[PREMIUM]","102","Section 102","l",6,"[]","2027-03-01 00:00:00","electronic","exchange",0,"[PREMIUM]","1,2,3,4,6"
"PX0sgqbX302","2026-08-23 23:47:43.062","2026-09-05 00:22:47.854","PX0sgqbX302","18378148","[PREMIUM]","[PREMIUM]","[PREMIUM]","303","Section 303","s",3,"[]","2027-03-01 00:00:00","electronic","exchange",0,"[PREMIUM]","1,3"
"ROXHz2XZbro","2026-08-23 23:47:43.062","2026-09-05 00:22:47.854","ROXHz2XZbro","18378148","[PREMIUM]","[PREMIUM]","[PREMIUM]","105","Section 105","gg",2,"[]","2027-03-01 00:00:00","electronic","exchange",0,"[PREMIUM]","2"
"V4KU04Kejvw","2026-08-23 23:47:43.062","2026-08-23 23:47:43.062","V4KU04Kejvw","18378148","[PREMIUM]","[PREMIUM]","[PREMIUM]","101","Section 101","a",4,"[]","2027-03-01 00:00:00","electronic","exchange",0,"[PREMIUM]","2,4"
"V4KU04KmBVN","2026-08-23 23:47:43.062","2026-09-05 00:22:47.854","V4KU04KmBVN","18378148","[PREMIUM]","[PREMIUM]","[PREMIUM]","325","Section 325","h",3,"[]","2027-03-01 00:00:00","electronic","exchange",0,"[PREMIUM]","3"
"V4KU04KbzOA","2026-08-23 23:47:43.062","2026-09-05 00:22:47.854","V4KU04KbzOA","18378148","[PREMIUM]","[PREMIUM]","[PREMIUM]","331","Section 331","p",3,"[]","2027-03-01 00:00:00","electronic","exchange",5,"[PREMIUM]","1,3"
"YgJtk0JqLzl","2026-08-23 23:47:43.062","2026-09-05 00:22:47.854","YgJtk0JqLzl","18378148","[PREMIUM]","[PREMIUM]","[PREMIUM]","305","Section 305","s",6,"[]","2027-03-01 00:00:00","electronic","exchange",0,"[PREMIUM]","1,2,3,4,5,6"
"agktlMN84k2","2026-08-23 23:47:43.062","2026-08-31 00:32:25.860","agktlMN84k2","18378148","[PREMIUM]","[PREMIUM]","[PREMIUM]","103","Section 103","a",5,"[]","2027-03-01 00:00:00","electronic","exchange",0,"[PREMIUM]","1,2,3,5"
"b4wUao9R7L3","2026-08-23 23:47:43.062","2026-09-05 00:22:47.854","b4wUao9R7L3","18378148","[PREMIUM]","[PREMIUM]","[PREMIUM]","105","Section 105","f",5,"[]","2027-03-01 00:00:00","electronic","exchange",0,"[PREMIUM]","1,2,3,5"
"dNgUgpPYY9l","2026-08-23 23:47:43.062","2026-09-05 00:22:47.854","dNgUgpPYY9l","18378148","[PREMIUM]","[PREMIUM]","[PREMIUM]","325","Section 325","a",3,"[]","2027-03-01 00:00:00","electronic","exchange",0,"[PREMIUM]","3"
"dNgUgp7V9YM","2026-08-23 23:47:43.062","2026-09-05 00:22:47.854","dNgUgp7V9YM","18378148","[PREMIUM]","[PREMIUM]","[PREMIUM]","330","Section 330","r",4,"[]","2027-03-01 00:00:00","electronic","exchange",5,"[PREMIUM]","2,4"
"dNgUgp7ZqM2","2026-08-23 23:47:43.062","2026-09-05 00:22:47.854","dNgUgp7ZqM2","18378148","[PREMIUM]","[PREMIUM]","[PREMIUM]","305","Section 305","q",4,"[]","2027-03-01 00:00:00","electronic","exchange",0,"[PREMIUM]","2,4"
"eeacK8m5qg4","2026-08-23 23:47:43.062","2026-09-05 00:22:47.854","eeacK8m5qg4","18378148","[PREMIUM]","[PREMIUM]","[PREMIUM]","302","Section 302","t",4,"[]","2027-03-01 00:00:00","electronic","exchange",0,"[PREMIUM]","2,4"
"kYet9mP3mp8","2026-08-23 23:47:43.062","2026-09-05 00:22:47.854","kYet9mP3mp8","18378148","[PREMIUM]","[PREMIUM]","[PREMIUM]","331","Section 331","q",2,"[]","2027-03-01 00:00:00","electronic","exchange",0,"[PREMIUM]","2"
"kYet9mbJBdb","2026-08-23 23:47:43.062","2026-08-23 23:47:43.062","kYet9mbJBdb","18378148","[PREMIUM]","[PREMIUM]","[PREMIUM]","103","Section 103","d",4,"[]","2027-03-01 00:00:00","electronic","exchange",0,"[PREMIUM]","2,4"
"mxAs4x7AgPe","2026-08-23 23:47:43.062","2026-08-23 23:47:43.062","mxAs4x7AgPe","18378148","[PREMIUM]","[PREMIUM]","[PREMIUM]","102","Section 102","j",5,"[]","2027-03-01 00:00:00","electronic","exchange",0,"[PREMIUM]","1,2,3,5"
"mxAs4x7LMnr","2026-08-23 23:47:43.062","2026-09-05 00:22:47.854","mxAs4x7LMnr","18378148","[PREMIUM]","[PREMIUM]","[PREMIUM]","105","Section 105","hh",2,"[]","2027-03-01 00:00:00","electronic","exchange",0,"[PREMIUM]","2"
"nx0srKPm5ZE","2026-08-23 23:47:43.062","2026-09-05 00:22:47.854","nx0srKPm5ZE","18378148","[PREMIUM]","[PREMIUM]","[PREMIUM]","325","Section 325","g",4,"[]","2027-03-01 00:00:00","electronic","exchange",0,"[PREMIUM]","2,4"
"oV7Hb6Pe6og","2026-08-23 23:47:43.062","2026-09-05 00:22:47.854","oV7Hb6Pe6og","18378148","[PREMIUM]","[PREMIUM]","[PREMIUM]","331","Section 331","r",2,"[]","2027-03-01 00:00:00","electronic","exchange",0,"[PREMIUM]","2"
"oV7Hb6jAX4G","2026-08-23 23:47:43.062","2026-08-23 23:47:43.062","oV7Hb6jAX4G","18378148","[PREMIUM]","[PREMIUM]","[PREMIUM]","118","Section 118","k",4,"[]","2027-03-01 00:00:00","electronic","exchange",0,"[PREMIUM]","2,4"
"pVXHD7O4gew","2026-08-23 23:47:43.062","2026-08-23 23:47:43.062","pVXHD7O4gew","18378148","[PREMIUM]","[PREMIUM]","[PREMIUM]","118","Section 118","p",4,"[]","2027-03-01 00:00:00","electronic","exchange",0,"[PREMIUM]","2,4"
"pVXHD7O4g5z","2026-08-23 23:47:43.062","2026-08-23 23:47:43.062","pVXHD7O4g5z","18378148","[PREMIUM]","[PREMIUM]","[PREMIUM]","118","Section 118","n",2,"[]","2027-03-01 00:00:00","electronic","exchange",0,"[PREMIUM]","2"
"qVjH2mv7lJk","2026-08-23 23:47:43.062","2026-09-05 00:22:47.854","qVjH2mv7lJk","18378148","[PREMIUM]","[PREMIUM]","[PREMIUM]","325","Section 325","m",3,"[]","2027-03-01 00:00:00","electronic","exchange",0,"[PREMIUM]","1,3"
"vb3iPw8Yxzx","2026-08-23 23:47:43.062","2026-09-05 00:22:47.854","vb3iPw8Yxzx","18378148","[PREMIUM]","[PREMIUM]","[PREMIUM]","329","Section 329","q",3,"[]","2027-03-01 00:00:00","electronic","exchange",0,"[PREMIUM]","1,3"
"w3Jse8wv8lM","2026-08-23 23:47:43.062","2026-09-05 00:22:47.854","w3Jse8wv8lM","18378148","[PREMIUM]","[PREMIUM]","[PREMIUM]","332","Section 332","q",2,"[]","2027-03-01 00:00:00","electronic","exchange",0,"[PREMIUM]","2"
"GAaI60A9B6D","2026-08-23 23:47:39.978","2026-09-05 00:22:37.796","GAaI60A9B6D","18379049","[PREMIUM]","[PREMIUM]","[PREMIUM]","203","Section 203","a",2,"['23','24']","2027-02-26 00:00:00","electronic","exchange",1,"[PREMIUM]","2"
"KezczqLjPX2","2026-08-23 23:47:39.978","2026-08-23 23:47:39.978","KezczqLjPX2","18379049","[PREMIUM]","[PREMIUM]","[PREMIUM]","203","Section 203","a",2,"[]","2027-02-28 00:00:00","electronic","exchange",5,"[PREMIUM]","2"
"KezczqLLKEv","2026-08-23 23:47:39.978","2026-09-05 00:22:37.796","KezczqLLKEv","18379049","[PREMIUM]","[PREMIUM]","[PREMIUM]","120","Section 120","b",2,"['5','6']","2027-02-26 00:00:00","electronic","exchange",5,"[PREMIUM]","2"
"LbviL8ak7ME","2026-08-23 23:47:39.978","2026-08-23 23:47:39.978","LbviL8ak7ME","18379049","[PREMIUM]","[PREMIUM]","[PREMIUM]","214","Section 214","a",1,"[]","2027-02-28 00:00:00","electronic","exchange",4,"[PREMIUM]","1"
"MAeIP3Dweno","2026-08-23 23:47:39.978","2026-09-05 00:22:37.796","MAeIP3Dweno","18379049","[PREMIUM]","[PREMIUM]","[PREMIUM]","214","Section 214","a",1,"['6']","2027-02-26 00:00:00","electronic","exchange",1,"[PREMIUM]","1"
"NrqUv6Xngr6","2026-08-23 23:47:39.978","2026-08-28 01:43:17.179","NrqUv6Xngr6","18379049","[PREMIUM]","[PREMIUM]","[PREMIUM]","226","Section 226","l",4,"['9','10','11','12']","2027-02-28 00:00:00","electronic","exchange",0,"[PREMIUM]","2,4"
"jDvszkqj5NO","2026-08-23 23:47:39.978","2026-09-05 00:22:37.796","jDvszkqj5NO","18379049","[PREMIUM]","[PREMIUM]","[PREMIUM]","203","Section 203","a",2,"[]","2027-02-27 00:00:00","electronic","exchange",1,"[PREMIUM]","2"
"pVXHD7OjEGz","2026-08-23 23:47:39.978","2026-09-05 00:22:37.796","pVXHD7OjEGz","18379049","[PREMIUM]","[PREMIUM]","[PREMIUM]","120","Section 120","b",2,"[]","2027-02-27 00:00:00","electronic","exchange",5,"[PREMIUM]","2"
"2v0czqEGxm4","2026-08-23 23:47:39.080","2026-08-23 23:47:39.080","2v0czqEGxm4","18378638","[PREMIUM]","[PREMIUM]","[PREMIUM]","223","Section 223","18",4,"[]","2027-02-28 00:00:00","electronic","exchange",3,"[PREMIUM]","1,2,3,4"
"4vXcjR4bA7N","2026-08-23 23:47:39.080","2026-08-23 23:47:39.080","4vXcjR4bA7N","18378638","[PREMIUM]","[PREMIUM]","[PREMIUM]","114","Section 114","3",2,"[]","2027-02-28 00:00:00","electronic","exchange",5,"[PREMIUM]","2"
"4vXcjRMnbJv","2026-08-23 23:47:39.080","2026-08-27 01:11:40.706","4vXcjRMnbJv","18378638","[PREMIUM]","[PREMIUM]","[PREMIUM]","217","Section 217","2",2,"[]","2027-02-28 00:00:00","electronic","exchange",4,"[PREMIUM]","2"
"5EjuZw9bRYm","2026-08-23 23:47:39.080","2026-08-31 00:32:05.971","5EjuZw9bRYm","18378638","[PREMIUM]","[PREMIUM]","[PREMIUM]","103","Section 103","22",2,"[]","2027-02-28 00:00:00","electronic","exchange",0,"[PREMIUM]","2"
"5EjuZw9bLMX","2026-08-23 23:47:39.080","2026-08-23 23:47:39.080","5EjuZw9bLMX","18378638","[PREMIUM]","[PREMIUM]","[PREMIUM]","220","Section 220","4",2,"[]","2027-02-28 00:00:00","electronic","exchange",3,"[PREMIUM]","2"
"5EjuZw9XRDx","2026-08-23 23:47:39.080","2026-08-23 23:47:39.080","5EjuZw9XRDx","18378638","[PREMIUM]","[PREMIUM]","[PREMIUM]","202","Section 202","12",8,"[]","2027-02-28 00:00:00","electronic","exchange",0,"[PREMIUM]","1,2,3,4,5,6,7,8"
"5EjuZw9N9vP","2026-08-23 23:47:39.080","2026-09-05 00:22:39.757","5EjuZw9N9vP","18378638","[PREMIUM]","[PREMIUM]","[PREMIUM]","204","Section 204","1",2,"[]","2027-02-28 00:00:00","electronic","exchange",1,"[PREMIUM]","2"
"5EjuZwMjnK2","2026-08-23 23:47:39.080","2026-08-31 00:32:05.971","5EjuZwMjnK2","18378638","[PREMIUM]","[PREMIUM]","[PREMIUM]","116","Section 116","1",5,"[]","2027-02-28 00:00:00","electronic","exchange",1,"[PREMIUM]","1,2,3,4,5"
"5EjuZwMjLLj","2026-08-23 23:47:39.080","2026-09-04 01:28:06.812","5EjuZwMjLLj","18378638","[PREMIUM]","[PREMIUM]","[PREMIUM]","116","Section 116","1",5,"[]","2027-02-28 00:00:00","electronic","exchange",2,"[PREMIUM]","1,2,3,5"
