"_primaryKey","_firstSeenAt","_lastSeenAt","listingId","eventId","price","priceWithFees","fee","section","sectionFull","row","quantity","seats","inHandDate","deliveryType","marketplace","dealBucket","dealScore","splitType"
"A6rs2KXdpkB","2026-08-22 23:59:58.506","2026-08-23 23:03:33.721","A6rs2KXdpkB","18378854","[PREMIUM]","[PREMIUM]","[PREMIUM]","118","Section 118","w",3,"[]","2026-12-25 00:00:00","electronic","exchange",3,"[PREMIUM]","3"
"A6rs2KXJ2Xv","2026-08-22 23:59:58.506","2026-09-04 23:54:45.200","A6rs2KXJ2Xv","18378854","[PREMIUM]","[PREMIUM]","[PREMIUM]","210","Section 210","h",2,"['8','9']","2026-12-23 00:00:00","electronic","exchange",5,"[PREMIUM]","2"
"NrqUv6XR6wJ","2026-08-22 23:59:58.506","2026-08-23 23:03:33.721","NrqUv6XR6wJ","18378854","[PREMIUM]","[PREMIUM]","[PREMIUM]","117","Section 117","w",2,"[]","2026-12-25 00:00:00","electronic","exchange",2,"[PREMIUM]","2"
"Zm9hvJD0GNJ","2026-08-22 23:59:58.506","2026-08-25 00:02:22.333","Zm9hvJD0GNJ","18378854","[PREMIUM]","[PREMIUM]","[PREMIUM]","402","Section 402","l",4,"[]","2026-12-25 00:00:00","electronic","exchange",0,"[PREMIUM]","1,2,3,4"
"kYet9mPLOEP","2026-08-22 23:59:58.506","2026-08-23 23:03:33.721","kYet9mPLOEP","18378854","[PREMIUM]","[PREMIUM]","[PREMIUM]","118","Section 118","x",4,"[]","2026-12-25 00:00:00","electronic","exchange",3,"[PREMIUM]","4"
"0n6rrwj","2026-08-22 23:59:53.572","2026-08-23 23:01:55.424","0n6rrwj","18369603","[PREMIUM]","[PREMIUM]","[PREMIUM]","108","Section 108","2",2,"['1','2']",,"electronic","open_marketplace",0,"[PREMIUM]","2"
"86w264d","2026-08-22 23:59:53.572","2026-09-04 23:54:08.760","86w264d","18369603","[PREMIUM]","[PREMIUM]","[PREMIUM]","219","Section 219","3",4,"['9','10','11','12']",,"electronic","open_marketplace",1,"[PREMIUM]","2,4"
"ekep1kg","2026-08-22 23:59:53.572","2026-09-04 23:54:08.760","ekep1kg","18369603","[PREMIUM]","[PREMIUM]","[PREMIUM]","126","Section 126","1",2,"['3','4']",,"electronic","open_marketplace",4,"[PREMIUM]","2"
"l_0JVdzqBTeVQVK3snqEeeBT4wd6pdhRGEeKEugGXxR1crmZxYNFDR35jmSbMUMbRHgNj","2026-08-22 23:59:53.572","2026-08-22 23:59:53.572","l_0JVdzqBTeVQVK3snqEeeBT4wd6pdhRGEeKEugGXxR1crmZxYNFDR35jmSbMUMbRHgNj","18369603","[PREMIUM]","[PREMIUM]","[PREMIUM]","118","Section 118","7",6,"['11','12','13','14','15','16']",,"sg_app","open",1,"[PREMIUM]","1,2,3,4,6"
"l_1DMv8LGizLGLdQTKJkNNdUmD14Q1C9ww1QDHjl5BVqFJMedw1SRW16KztylUA2lSlwL","2026-08-22 23:59:53.572","2026-08-28 01:04:08.352","l_1DMv8LGizLGLdQTKJkNNdUmD14Q1C9ww1QDHjl5BVqFJMedw1SRW16KztylUA2lSlwL","18369603","[PREMIUM]","[PREMIUM]","[PREMIUM]","204","Section 204","6",1,"['17']",,"sg_app","open",2,"[PREMIUM]","1"
"l_4qpyYMWTQ858dkHwpqAANcNgE3WEuyd1V2rCXEebnDtKA1BlTAgPQpvFpQcKjwCDMX","2026-08-22 23:59:53.572","2026-09-04 23:54:08.760","l_4qpyYMWTQ858dkHwpqAANcNgE3WEuyd1V2rCXEebnDtKA1BlTAgPQpvFpQcKjwCDMX","18369603","[PREMIUM]","[PREMIUM]","[PREMIUM]","125","Section 125","sro",2,"['1','2']",,"sg_app","open",2,"[PREMIUM]","2"
"l_3wR2bVgFAYmYG5u9qA11kt3J5dX5hkkL2MYipLgL9mIX3lbE3tQqqqZCBQI0K8cBmg","2026-08-22 23:59:53.572","2026-09-04 23:54:08.760","l_3wR2bVgFAYmYG5u9qA11kt3J5dX5hkkL2MYipLgL9mIX3lbE3tQqqqZCBQI0K8cBmg","18369603","[PREMIUM]","[PREMIUM]","[PREMIUM]","Club 03","Club 03","4",1,"['5']",,"sg_app","open",1,"[PREMIUM]","1"
"l_6mG89RktxW6W4MF2Nq88xiRQ10P1f1bvPAvsAwxY8jIKjMMY0t0EMxbKHKkHZX4U94m","2026-08-22 23:59:53.572","2026-08-31 00:13:11.721","l_6mG89RktxW6W4MF2Nq88xiRQ10P1f1bvPAvsAwxY8jIKjMMY0t0EMxbKHKkHZX4U94m","18369603","[PREMIUM]","[PREMIUM]","[PREMIUM]","106","Section 106","18",2,"['7','8']",,"sg_app","open",1,"[PREMIUM]","2"
"l_4qpyYMWTQ858dkHwpqAANcNgE3WEuyd1V2rCXEebnDtKA1BlTAgPQpvFpQcKmVFDX1","2026-08-22 23:59:53.572","2026-09-03 00:03:43.633","l_4qpyYMWTQ858dkHwpqAANcNgE3WEuyd1V2rCXEebnDtKA1BlTAgPQpvFpQcKmVFDX1","18369603","[PREMIUM]","[PREMIUM]","[PREMIUM]","125","Section 125","18",2,"['1','2']",,"sg_app","open",0,"[PREMIUM]","2"
"l_6mG89RktxW6W4MF2Nq88xiRQ10P1fe1jr39sA3nLgrTbMzbVzFGWJXjvHKkHWksmQ","2026-08-22 23:59:53.572","2026-09-03 00:03:43.633","l_6mG89RktxW6W4MF2Nq88xiRQ10P1fe1jr39sA3nLgrTbMzbVzFGWJXjvHKkHWksmQ","18369603","[PREMIUM]","[PREMIUM]","[PREMIUM]","103","Section 103","5",2,"['9','10']",,"sg_app","open",0,"[PREMIUM]","2"
"l_8MgbqBEFAvEve0umWR664smkBp1BCkx430eunMnbbWTp1N61giZgylDKCk2cvPrfE3Y","2026-08-22 23:59:53.572","2026-09-03 00:03:43.633","l_8MgbqBEFAvEve0umWR664smkBp1BCkx430eunMnbbWTp1N61giZgylDKCk2cvPrfE3Y","18369603","[PREMIUM]","[PREMIUM]","[PREMIUM]","124","Section 124","22",7,"['9','10','11','12','13','14','15']",,"sg_app","open",2,"[PREMIUM]","1,2,3,4,5"
"l_9ZWYLG3s4yeyAlcN18WWJSyQpRbpIgnAewbtx4yN3dUy9pmDBSv2Y8QkFN9CBPKCXkL","2026-08-22 23:59:53.572","2026-09-03 00:03:43.633","l_9ZWYLG3s4yeyAlcN18WWJSyQpRbpIgnAewbtx4yN3dUy9pmDBSv2Y8QkFN9CBPKCXkL","18369603","[PREMIUM]","[PREMIUM]","[PREMIUM]","202","Section 202","5",7,"['9','10','11','12','13','14','15']",,"sg_app","open",4,"[PREMIUM]","1,2,3,4,5"
"l_Bd1pJlNSbYmYxDcAxL335Ilw2xG2hXy3441svklAl4tnYkqZ6cGZglWnhLxfNpLsm2E","2026-08-22 23:59:53.572","2026-08-31 22:42:12.933","l_Bd1pJlNSbYmYxDcAxL335Ilw2xG2hXy3441svklAl4tnYkqZ6cGZglWnhLxfNpLsm2E","18369603","[PREMIUM]","[PREMIUM]","[PREMIUM]","107","Section 107","21",6,"['9','10','11','12','13','14']",,"sg_app","open",2,"[PREMIUM]","1,2,3,4,6"
"l_ArnRG3KuPyEygZUyQ3EEMSMkrPVrCNQEzPniMnyWvXHdJGX0cvgbq8RhPMUX6wurJZ","2026-08-22 23:59:53.572","2026-08-28 01:04:08.352","l_ArnRG3KuPyEygZUyQ3EEMSMkrPVrCNQEzPniMnyWvXHdJGX0cvgbq8RhPMUX6wurJZ","18369603","[PREMIUM]","[PREMIUM]","[PREMIUM]","125","Section 125","8",5,"['6','7','8','9','10']",,"sg_app","open",1,"[PREMIUM]","1,2,3,5"
"l_EP2J5lqFlPmPAvf1PwAA8He31q41fqX3BKrFvpqpxYSP8eZAZSPlQqm8UG2fYmbINRd","2026-08-22 23:59:53.572","2026-09-01 23:34:18.573","l_EP2J5lqFlPmPAvf1PwAA8He31q41fqX3BKrFvpqpxYSP8eZAZSPlQqm8UG2fYmbINRd","18369603","[PREMIUM]","[PREMIUM]","[PREMIUM]","Club 01","Club 01","2",7,"['1','2','3','4','5','6','7']",,"sg_app","open",0,"[PREMIUM]","1,2,3,4,5"
"l_D90GWlwuVRdRBeIzrKll6H0Gl2blsGXPd2bfMzBep5UMrglbdfe6lrWeHAgTd2dIMvz","2026-08-22 23:59:53.572","2026-09-03 00:03:43.633","l_D90GWlwuVRdRBeIzrKll6H0Gl2blsGXPd2bfMzBep5UMrglbdfe6lrWeHAgTd2dIMvz","18369603","[PREMIUM]","[PREMIUM]","[PREMIUM]","201","Section 201","whl",2,"['13','14']",,"sg_app","open",1,"[PREMIUM]","2"
"l_LW03nlptNMkMzWtQN8yyBSp49kl9UZAJmmWSnlWpW3hRmxAZNtGbpg5BhmETE3vfwMn","2026-08-22 23:59:53.572","2026-09-04 23:54:08.760","l_LW03nlptNMkMzWtQN8yyBSp49kl9UZAJmmWSnlWpW3hRmxAZNtGbpg5BhmETE3vfwMn","18369603","[PREMIUM]","[PREMIUM]","[PREMIUM]","107","Section 107","10",4,"['5','6','7','8']",,"sg_app","open",2,"[PREMIUM]","1,2,4"
"l_K50EjlRUZedeWgu1w2llNHRZPgrPfWEbjZnfKKbwl5upNxXe2TQ6d4eJtlJhb8PujPq","2026-08-22 23:59:53.572","2026-09-04 23:54:08.760","l_K50EjlRUZedeWgu1w2llNHRZPgrPfWEbjZnfKKbwl5upNxXe2TQ6d4eJtlJhb8PujPq","18369603","[PREMIUM]","[PREMIUM]","[PREMIUM]","222","Section 222","4",7,"['17','18','19','20','21','22','23']",,"sg_app","open",1,"[PREMIUM]","1,2,3,4,5"
"l_J406elZHMXPX9Ju8GPVVQsZMkJPkuye4b5GFRDgDJ0F5KyGdGuG5QK63HpMcXY0TyQw","2026-08-22 23:59:53.572","2026-09-04 23:54:08.760","l_J406elZHMXPX9Ju8GPVVQsZMkJPkuye4b5GFRDgDJ0F5KyGdGuG5QK63HpMcXY0TyQw","18369603","[PREMIUM]","[PREMIUM]","[PREMIUM]","Club 01","Club 01","5",1,"['3']",,"sg_app","open",2,"[PREMIUM]","1"
"l_J406elZHMXPX9Ju8GPVVQsZMkJPkuGyxd5EFvvr1wMiE4rlYNtgpmLw1CpMcedxHYgp","2026-08-22 23:59:53.572","2026-09-04 23:54:08.760","l_J406elZHMXPX9Ju8GPVVQsZMkJPkuGyxd5EFvvr1wMiE4rlYNtgpmLw1CpMcedxHYgp","18369603","[PREMIUM]","[PREMIUM]","[PREMIUM]","222","Section 222","4",8,"['9','10','11','12','13','14','15','16']",,"sg_app","open",3,"[PREMIUM]","1,2,3,4,5,6"
"l_EP2J5lqFlPmPAvf1PwAA8He31q41fPj2XkYfL9vrkDcQbqRvvFM8gP6XsG2fG3gc3Ke","2026-08-22 23:59:53.572","2026-09-04 23:54:08.760","l_EP2J5lqFlPmPAvf1PwAA8He31q41fPj2XkYfL9vrkDcQbqRvvFM8gP6XsG2fG3gc3Ke","18369603","[PREMIUM]","[PREMIUM]","[PREMIUM]","210","Section 210","5",2,"['5','6']",,"sg_app","open",0,"[PREMIUM]","2"
"l_D90GWlwuVRdRBeIzrKll6H0Gl2blszVzw5S2l8E3ASBR3318IkYdeNYTAgT4ZgSB0e","2026-08-22 23:59:53.572","2026-09-04 23:54:08.760","l_D90GWlwuVRdRBeIzrKll6H0Gl2blszVzw5S2l8E3ASBR3318IkYdeNYTAgT4ZgSB0e","18369603","[PREMIUM]","[PREMIUM]","[PREMIUM]","216","Section 216","7",5,"['11','12','13','14','15']",,"sg_app","open",1,"[PREMIUM]","1,2,3,5"
"l_D90GWlwuVRdRBeIzrKll6H0Gl2blsDwnw6Mu29d5mqSr3eZ1jsy0LrWmcAgTdv4CMy6","2026-08-22 23:59:53.572","2026-09-04 23:54:08.760","l_D90GWlwuVRdRBeIzrKll6H0Gl2blsDwnw6Mu29d5mqSr3eZ1jsy0LrWmcAgTdv4CMy6","18369603","[PREMIUM]","[PREMIUM]","[PREMIUM]","123","Section 123","19",2,"['12','13']",,"sg_app","open",1,"[PREMIUM]","2"
"l_Bd1pJlNSbYmYxDcAxL335Ilw2xG2hW3jrGvtq3Ql0liwMQl2zHeQrEjliLxfP48fkzk","2026-08-22 23:59:53.572","2026-09-04 23:54:08.760","l_Bd1pJlNSbYmYxDcAxL335Ilw2xG2hW3jrGvtq3Ql0liwMQl2zHeQrEjliLxfP48fkzk","18369603","[PREMIUM]","[PREMIUM]","[PREMIUM]","221","Section 221","11",4,"['3','4','5','6']",,"sg_app","open",2,"[PREMIUM]","1,2,4"
"l_Bd1pJlNSbYmYxDcAxL335Ilw2xG2hAZz9V9h0W9RLpcrJE9xKsgDXLmEFLxfQ6Nu0p5","2026-08-22 23:59:53.572","2026-09-04 23:54:08.760","l_Bd1pJlNSbYmYxDcAxL335Ilw2xG2hAZz9V9h0W9RLpcrJE9xKsgDXLmEFLxfQ6Nu0p5","18369603","[PREMIUM]","[PREMIUM]","[PREMIUM]","114","Section 114","18",3,"['9','10','11']",,"sg_app","open",2,"[PREMIUM]","1,3"
"l_9ZWYLG3s4yeyAlcN18WWJSyQpRbpIe682x9FYLBwJlImdje88F941dnNUN9CB8YfX50","2026-08-22 23:59:53.572","2026-09-04 23:54:08.760","l_9ZWYLG3s4yeyAlcN18WWJSyQpRbpIe682x9FYLBwJlImdje88F941dnNUN9CB8YfX50","18369603","[PREMIUM]","[PREMIUM]","[PREMIUM]","206","Section 206","11",3,"['1','2','3']",,"sg_app","open",5,"[PREMIUM]","1,3"
"l_9ZWYLG3s4yeyAlcN18WWJSyQpRbpIXDkwybFxxEdVvCPXKe2ysqDN9BXtN9C6X8tjEw","2026-08-22 23:59:53.572","2026-09-04 23:54:08.760","l_9ZWYLG3s4yeyAlcN18WWJSyQpRbpIXDkwybFxxEdVvCPXKe2ysqDN9BXtN9C6X8tjEw","18369603","[PREMIUM]","[PREMIUM]","[PREMIUM]","222","Section 222","6",6,"['5','6','7','8','9','10']",,"sg_app","open",4,"[PREMIUM]","1,2,3,4,6"
"l_6mG89RktxW6W4MF2Nq88xiRQ10P1fQYmp0YfA9yAvWsAYrrmwIglzj50CKkHbXZUZ49","2026-08-22 23:59:53.572","2026-09-04 23:54:08.760","l_6mG89RktxW6W4MF2Nq88xiRQ10P1fQYmp0YfA9yAvWsAYrrmwIglzj50CKkHbXZUZ49","18369603","[PREMIUM]","[PREMIUM]","[PREMIUM]","112","Section 112","13",1,"['9']",,"sg_app","open",0,"[PREMIUM]","1"
"l_6mG89RktxW6W4MF2Nq88xiRQ10P1fAwRkkbfAExrxGfz98Q6gILVbr0JhKkHZeRt9VM","2026-08-22 23:59:53.572","2026-09-04 23:54:08.760","l_6mG89RktxW6W4MF2Nq88xiRQ10P1fAwRkkbfAExrxGfz98Q6gILVbr0JhKkHZeRt9VM","18369603","[PREMIUM]","[PREMIUM]","[PREMIUM]","107","Section 107","22",7,"['9','10','11','12','13','14','15']",,"sg_app","open",5,"[PREMIUM]","1,2,3,4,5"
"l_Mk0A1YBTevKvwVsLGmrr0i0kRX5RsqWGLNBT2DrgVNuMEWRZcbD0j8WIMmS8DkhYW3","2026-08-22 23:59:53.572","2026-09-01 23:34:18.573","l_Mk0A1YBTevKvwVsLGmrr0i0kRX5RsqWGLNBT2DrgVNuMEWRZcbD0j8WIMmS8DkhYW3","18369603","[PREMIUM]","[PREMIUM]","[PREMIUM]","125","Section 125","sro",8,"['11','12','13','14','15','16','17','18']",,"sg_app","open",2,"[PREMIUM]","1,2,3,4,5,6"
"l_Mk0A1YBTevKvwVsLGmrr0i0kRX5Rsb5p3Adc0X2W1xCDEj0QQIVEqx1zuMmSlpgCqd0","2026-08-22 23:59:53.572","2026-09-01 23:34:18.573","l_Mk0A1YBTevKvwVsLGmrr0i0kRX5Rsb5p3Adc0X2W1xCDEj0QQIVEqx1zuMmSlpgCqd0","18369603","[PREMIUM]","[PREMIUM]","[PREMIUM]","210","Section 210","6",2,"['17','18']",,"sg_app","open",0,"[PREMIUM]","2"
"l_bBpwqKlSN2W2bXtwKq99zcYVQb0QfkV4Q9PHWZ6qxYTAjnJj1im1bwxWtQ6IlWbFVlD","2026-08-22 23:59:53.572","2026-09-04 23:54:08.760","l_bBpwqKlSN2W2bXtwKq99zcYVQb0QfkV4Q9PHWZ6qxYTAjnJj1im1bwxWtQ6IlWbFVlD","18369603","[PREMIUM]","[PREMIUM]","[PREMIUM]","211","Section 211","4",2,"['13','14']",,"sg_app","open",0,"[PREMIUM]","2"
"l_XM0d2KjFqlZlrbSmzqVVLsqrR10RfpDmMvBS21grGdFBX33NZH43W3qwcnKC2yXHzPw","2026-08-22 23:59:53.572","2026-09-04 23:54:08.760","l_XM0d2KjFqlZlrbSmzqVVLsqrR10RfpDmMvBS21grGdFBX33NZH43W3qwcnKC2yXHzPw","18369603","[PREMIUM]","[PREMIUM]","[PREMIUM]","223","Section 223","4",6,"['1','2','3','4','5','6']",,"sg_app","open",1,"[PREMIUM]","1,2,3,4,6"
"l_Vm0PvK3t9XVXw8FBep88DsPmbrkbhjDXD5RhJ5DR4gf8wLd4wcQGN0g2UEPu1ZFem","2026-08-22 23:59:53.572","2026-09-04 23:54:08.760","l_Vm0PvK3t9XVXw8FBep88DsPmbrkbhjDXD5RhJ5DR4gf8wLd4wcQGN0g2UEPu1ZFem","18369603","[PREMIUM]","[PREMIUM]","[PREMIUM]","105","Section 105","25",6,"['5','6','7','8','9','10']",,"sg_app","open",5,"[PREMIUM]","1,2,3,4,6"
"l_RWe0Nl5tPwlwA9UDBRmm0Tb4gjzgt6bw38wsxA0DERfB3V6dniKn8ELAhEvu6NbI5De","2026-08-22 23:59:53.572","2026-09-04 23:54:08.760","l_RWe0Nl5tPwlwA9UDBRmm0Tb4gjzgt6bw38wsxA0DERfB3V6dniKn8ELAhEvu6NbI5De","18369603","[PREMIUM]","[PREMIUM]","[PREMIUM]","118","Section 118","20",2,"['9','10']",,"sg_app","open",2,"[PREMIUM]","2"
"l_QNv4KlWTpykyZnSdqy993HwyWNeWIzBlm69fApXRkzidQm6nWFPWyXEgug6IjXfnQ","2026-08-22 23:59:53.572","2026-09-04 23:54:08.760","l_QNv4KlWTpykyZnSdqy993HwyWNeWIzBlm69fApXRkzidQm6nWFPWyXEgug6IjXfnQ","18369603","[PREMIUM]","[PREMIUM]","[PREMIUM]","101","Section 101","21",2,"['15','16']",,"sg_app","open",1,"[PREMIUM]","2"
"l_QNv4KlWTpykyZnSdqy993HwyWNeWIWmQmmDcAPvyRKu2zZyG6FzE1LJZhg6IyjMtQnb","2026-08-22 23:59:53.572","2026-09-04 23:54:08.760","l_QNv4KlWTpykyZnSdqy993HwyWNeWIWmQmmDcAPvyRKu2zZyG6FzE1LJZhg6IyjMtQnb","18369603","[PREMIUM]","[PREMIUM]","[PREMIUM]","214","Section 214","4",3,"['11','12','13']",,"sg_app","open",0,"[PREMIUM]","1,3"
"l_kwEBG8XFZBgBQeuk1LPPzCV6Z5qZHY0jpPjHqWvMBwtYd2zbRFyPpqx9I9vSN9rSvJW","2026-08-22 23:59:53.572","2026-09-04 23:54:08.760","l_kwEBG8XFZBgBQeuk1LPPzCV6Z5qZHY0jpPjHqWvMBwtYd2zbRFyPpqx9I9vSN9rSvJW","18369603","[PREMIUM]","[PREMIUM]","[PREMIUM]","118","Section 118","24",4,"['7','8','9','10']",,"sg_app","open",5,"[PREMIUM]","1,2,4"
"l_geWMZKXcAPDPMxuKgyPPrUjXrJ5rF3B09ngFyDd3vGuQAmqLVHwqMAmwFQwIPwMu9pj","2026-08-22 23:59:53.572","2026-09-04 23:54:08.760","l_geWMZKXcAPDPMxuKgyPPrUjXrJ5rF3B09ngFyDd3vGuQAmqLVHwqMAmwFQwIPwMu9pj","18369603","[PREMIUM]","[PREMIUM]","[PREMIUM]","Club 02","Club 02","4",1,"['9']",,"sg_app","open",2,"[PREMIUM]","1"
"l_mLAJgDXiwNrNbxHNRGppJSXjgZNgCXA64A0C3Ny634F8wEMlEumjLAQvhmbTWMLswxN","2026-08-22 23:59:53.572","2026-09-03 00:03:43.633","l_mLAJgDXiwNrNbxHNRGppJSXjgZNgCXA64A0C3Ny634F8wEMlEumjLAQvhmbTWMLswxN","18369603","[PREMIUM]","[PREMIUM]","[PREMIUM]","215","Section 215","4",5,"['7','8','9','10','11']",,"sg_app","open",0,"[PREMIUM]","1,2,3,5"
"l_pM15kDXF9ErE5xFGry66btZ6yPRyun1RjbgfmQ48xZsJmdRK8uN3pvRQTYpTd6f8w","2026-08-22 23:59:53.572","2026-08-25 00:02:19.793","l_pM15kDXF9ErE5xFGry66btZ6yPRyun1RjbgfmQ48xZsJmdRK8uN3pvRQTYpTd6f8w","18369603","[PREMIUM]","[PREMIUM]","[PREMIUM]","101","Section 101","9",3,"['5','6','7']",,"sg_app","open",4,"[PREMIUM]","1,3"
"l_nmjgWK2tl4245XfzPgllbHk5by4bhVe4DXGTyyrw3PSmr10kWSkd2Zr4teDCzD3C2dl","2026-08-22 23:59:53.572","2026-08-23 23:01:55.424","l_nmjgWK2tl4245XfzPgllbHk5by4bhVe4DXGTyyrw3PSmr10kWSkd2Zr4teDCzD3C2dl","18369603","[PREMIUM]","[PREMIUM]","[PREMIUM]","222","Section 222","3",8,"['13','14','15','16','17','18','19','20']",,"sg_app","open",1,"[PREMIUM]","1,2,3,4,5,6"
"l_nmjgWK2tl4245XfzPgllbHk5by4bhkdxMnwtx31rWwC36b6NMSekkXLLUeDC8bytL8R","2026-08-22 23:59:53.572","2026-09-01 23:34:18.573","l_nmjgWK2tl4245XfzPgllbHk5by4bhkdxMnwtx31rWwC36b6NMSekkXLLUeDC8bytL8R","18369603","[PREMIUM]","[PREMIUM]","[PREMIUM]","113","Section 113","15",5,"['9','10','11','12','13']",,"sg_app","open",0,"[PREMIUM]","1,2,3,5"
"l_rRq6ED8HQBAB1XH5PKmm6U6QKwNKhALJXYPFmGyjegum9vkBnIkQMDPWUPKU1krHmEm","2026-08-22 23:59:53.572","2026-09-01 23:34:18.573","l_rRq6ED8HQBAB1XH5PKmm6U6QKwNKhALJXYPFmGyjegum9vkBnIkQMDPWUPKU1krHmEm","18369603","[PREMIUM]","[PREMIUM]","[PREMIUM]","116","Section 116","21",2,"['7','8']",,"sg_app","open",5,"[PREMIUM]","2"
"l_qZwk68Xs8qeqkxfE2RPPrHxZvgNvSmyVbD6ubbbDb4f351Jw4fJ6r3VnTNpCzzKT66A","2026-08-22 23:59:53.572","2026-08-23 23:01:55.424","l_qZwk68Xs8qeqkxfE2RPPrHxZvgNvSmyVbD6ubbbDb4f351Jw4fJ6r3VnTNpCzzKT66A","18369603","[PREMIUM]","[PREMIUM]","[PREMIUM]","111","Section 111","13",7,"['5','6','7','8','9','10','11']",,"sg_app","open",4,"[PREMIUM]","1,2,3,4,5"
"l_qZwk68Xs8qeqkxfE2RPPrHxZvgNvSgL6MQxTbbV05NfYvgK8eU5zPGDQUNpC9gzIWpx","2026-08-22 23:59:53.572","2026-08-23 23:01:55.424","l_qZwk68Xs8qeqkxfE2RPPrHxZvgNvSgL6MQxTbbV05NfYvgK8eU5zPGDQUNpC9gzIWpx","18369603","[PREMIUM]","[PREMIUM]","[PREMIUM]","222","Section 222","3",4,"['5','6','7','8']",,"sg_app","open",2,"[PREMIUM]","1,2,4"
"l_v0MjezXTNYyYPxtG0YQQqtARWdbWCv6L02JtdEZvNMsW3jlJKFe2dJkCXgI2wEHLzq","2026-08-22 23:59:53.572","2026-09-04 23:54:08.760","l_v0MjezXTNYyYPxtG0YQQqtARWdbWCv6L02JtdEZvNMsW3jlJKFe2dJkCXgI2wEHLzq","18369603","[PREMIUM]","[PREMIUM]","[PREMIUM]","212","Section 212","7",8,"['9','10','11','12','13','14','15','16']",,"sg_app","open",4,"[PREMIUM]","1,2,3,4,5,6"
"l_qZwk68Xs8qeqkxfE2RPPrHxZvgNvSXG9Z8VsDMdKlNS5D1RKHwA2VPBiNpCPBpuke8","2026-08-22 23:59:53.572","2026-09-04 23:54:08.760","l_qZwk68Xs8qeqkxfE2RPPrHxZvgNvSXG9Z8VsDMdKlNS5D1RKHwA2VPBiNpCPBpuke8","18369603","[PREMIUM]","[PREMIUM]","[PREMIUM]","125","Section 125","16",4,"['1','2','3','4']",,"sg_app","open",1,"[PREMIUM]","1,2,4"
"l_qZwk68Xs8qeqkxfE2RPPrHxZvgNvSNYlqBBUbv9BD2H0qVgjdIKNvgn2CNpCl6mFPxn","2026-08-22 23:59:53.572","2026-09-04 23:54:08.760","l_qZwk68Xs8qeqkxfE2RPPrHxZvgNvSNYlqBBUbv9BD2H0qVgjdIKNvgn2CNpCl6mFPxn","18369603","[PREMIUM]","[PREMIUM]","[PREMIUM]","226","Section 226","rls",7,"['4','5','6','7','8','9','10']",,"sg_app","open",4,"[PREMIUM]","1,2,3,4,5"
"l_v0MjezXTNYyYPxtG0YQQqtARWdbWCKPejk0TR02JdJSLx95lQfvRLb9JiXgI8GAIgeK","2026-08-22 23:59:53.572","2026-09-01 23:34:18.573","l_v0MjezXTNYyYPxtG0YQQqtARWdbWCKPejk0TR02JdJSLx95lQfvRLb9JiXgI8GAIgeK","18369603","[PREMIUM]","[PREMIUM]","[PREMIUM]","221","Section 221","7",4,"['5','6','7','8']",,"sg_app","open",4,"[PREMIUM]","1,2,4"
"l_wNZn1DXTBM0MAxF4MYnnPS3eJ69JhJnV5PPHem5R33Fz3VNlrFpRXQe9FX2INJvCqZl","2026-08-22 23:59:53.572","2026-09-03 00:03:43.633","l_wNZn1DXTBM0MAxF4MYnnPS3eJ69JhJnV5PPHem5R33Fz3VNlrFpRXQe9FX2INJvCqZl","18369603","[PREMIUM]","[PREMIUM]","[PREMIUM]","230","Section 230","3",3,"['7','8','9']",,"sg_app","open",5,"[PREMIUM]","1,3"
"l_v0MjezXTNYyYPxtG0YQQqtARWdbWCl19mrliRDz68EU3mPJmwceDVl0YFXgI8JwigMm","2026-08-22 23:59:53.572","2026-09-03 00:03:43.633","l_v0MjezXTNYyYPxtG0YQQqtARWdbWCl19mrliRDz68EU3mPJmwceDVl0YFXgI8JwigMm","18369603","[PREMIUM]","[PREMIUM]","[PREMIUM]","220","Section 220","7",2,"['1','2']",,"sg_app","open",5,"[PREMIUM]","2"
"l_x0R14zXTrQJQXxhM20ggvtdepvBpsBY433kTD59Q9rIJ0Yb2mc93BkK8fwQsvVnUQ36","2026-08-22 23:59:53.572","2026-08-31 22:42:12.933","l_x0R14zXTrQJQXxhM20ggvtdepvBpsBY433kTD59Q9rIJ0Yb2mc93BkK8fwQsvVnUQ36","18369603","[PREMIUM]","[PREMIUM]","[PREMIUM]","107","Section 107","16",2,"['11','12']",,"sg_app","open",1,"[PREMIUM]","2"
"l_zQB0DzXhGvlvwxiKNj00xUBn0Ym0FVnjyDvSYg6p41IQdwVmBC8GeVAFEruBqziyNN","2026-08-22 23:59:53.572","2026-09-03 00:03:43.633","l_zQB0DzXhGvlvwxiKNj00xUBn0Ym0FVnjyDvSYg6p41IQdwVmBC8GeVAFEruBqziyNN","18369603","[PREMIUM]","[PREMIUM]","[PREMIUM]","Club 39","Club 39","2",3,"['7','8','9']",,"sg_app","open",0,"[PREMIUM]","1,3"
"l_x0R14zXTrQJQXxhM20ggvtdepvBps3yRpLGUDn33QQfW8PlrWTvMxRNvTwQsp1zSgqG","2026-08-22 23:59:53.572","2026-09-04 23:54:08.760","l_x0R14zXTrQJQXxhM20ggvtdepvBps3yRpLGUDn33QQfW8PlrWTvMxRNvTwQsp1zSgqG","18369603","[PREMIUM]","[PREMIUM]","[PREMIUM]","126","Section 126","sro",4,"['17','18','19','20']",,"sg_app","open",0,"[PREMIUM]","1,2,4"
"nx0srKqDLbp","2026-08-22 23:59:53.572","2026-08-25 00:02:19.793","nx0srKqDLbp","18369603","[PREMIUM]","[PREMIUM]","[PREMIUM]","115","Section 115","5",2,"['11','12']","2026-12-25 00:00:00","electronic","exchange",2,"[PREMIUM]","2"
"rr9wk87","2026-08-22 23:59:53.572","2026-09-04 23:54:08.760","rr9wk87","18369603","[PREMIUM]","[PREMIUM]","[PREMIUM]","230","Section 230","3",4,"['1','2','3','4']",,"electronic","open_marketplace",1,"[PREMIUM]","2,4"
"wz74gxe","2026-08-22 23:59:53.572","2026-09-04 23:54:08.760","wz74gxe","18369603","[PREMIUM]","[PREMIUM]","[PREMIUM]","205","Section 205","1",2,"['5','6']",,"electronic","open_marketplace",2,"[PREMIUM]","2"
"wz74yeg","2026-08-22 23:59:53.572","2026-09-04 23:54:08.760","wz74yeg","18369603","[PREMIUM]","[PREMIUM]","[PREMIUM]","Club 02","Club 02","1",2,"['9','10']",,"electronic","open_marketplace",0,"[PREMIUM]","2"
"y424vpr","2026-08-22 23:59:53.572","2026-09-04 23:54:08.760","y424vpr","18369603","[PREMIUM]","[PREMIUM]","[PREMIUM]","116","Section 116","3",2,"['5','6']",,"electronic","open_marketplace",0,"[PREMIUM]","2"
"0n6rqgy","2026-08-22 23:59:49.770","2026-09-04 23:54:12.234","0n6rqgy","18362741","[PREMIUM]","[PREMIUM]","[PREMIUM]","CL25","Club 25","1",2,"['3','4']",,"electronic","open_marketplace",0,"[PREMIUM]","2"
"6gk4rkx","2026-08-22 23:59:49.770","2026-09-04 23:54:12.234","6gk4rkx","18362741","[PREMIUM]","[PREMIUM]","[PREMIUM]","301","Section 301","8",2,"['19','20']",,"electronic","open_marketplace",0,"[PREMIUM]","2"
"ekem8mx","2026-08-22 23:59:49.770","2026-09-04 23:54:12.234","ekem8mx","18362741","[PREMIUM]","[PREMIUM]","[PREMIUM]","318","Section 318","5",2,"['17','18']",,"electronic","open_marketplace",0,"[PREMIUM]","2"
"l_N1MXQd5SV918dkfzmvzqAInQ5BVKhAggd2gcMvR9E0fpepZbksXvWDb1H8rCArFeq","2026-08-22 23:59:49.770","2026-08-31 22:43:34.164","l_N1MXQd5SV918dkfzmvzqAInQ5BVKhAggd2gcMvR9E0fpepZbksXvWDb1H8rCArFeq","18362741","[PREMIUM]","[PREMIUM]","[PREMIUM]","333","Section 333","15",8,"['1','2','3','4','5','6','7','8']",,"sg_app","open",0,"[PREMIUM]","1,2,3,4,5,6,8"
"l_dD83bNdfyPq6k8hMjzMnqU8ywmR5CLznyQQHNl436JsLxLjD3SBy0KbEurWIbVcWx","2026-08-22 23:59:49.770","2026-09-01 23:19:40.283","l_dD83bNdfyPq6k8hMjzMnqU8ywmR5CLznyQQHNl436JsLxLjD3SBy0KbEurWIbVcWx","18362741","[PREMIUM]","[PREMIUM]","[PREMIUM]","303","Section 303","12",8,"['9','10','11','12','13','14','15','16']",,"sg_app","open",1,"[PREMIUM]","1,2,3,4,5,6,8"
"l_kn3DbNdUpvNy2lSXlGXynhnPN8KkhpkJAMZhlvGprJTBRBP18iwWe5klcX1IxzhYD","2026-08-22 23:59:49.770","2026-09-04 23:54:12.234","l_kn3DbNdUpvNy2lSXlGXynhnPN8KkhpkJAMZhlvGprJTBRBP18iwWe5klcX1IxzhYD","18362741","[PREMIUM]","[PREMIUM]","[PREMIUM]","326","Section 326","14",4,"['1','2','3','4']",,"sg_app","open",1,"[PREMIUM]","1,2,4"
"l_lw8KbN2SqnYe61CNmvNwzhEvwe1btQJl5gKU6AZKkjSv1vMPGirkKl90uxbIBguQQ","2026-08-22 23:59:49.770","2026-08-31 00:13:13.028","l_lw8KbN2SqnYe61CNmvNwzhEvwe1btQJl5gKU6AZKkjSv1vMPGirkKl90uxbIBguQQ","18362741","[PREMIUM]","[PREMIUM]","[PREMIUM]","312","Section 312","15",3,"['1','2','3']",,"sg_app","open",1,"[PREMIUM]","1,3"
"nynqno6","2026-08-22 23:59:49.770","2026-08-28 11:21:03.722","nynqno6","18362741","[PREMIUM]","[PREMIUM]","[PREMIUM]","305","Section 305","3",2,"['14','15']",,"electronic","open_marketplace",0,"[PREMIUM]","2"
"2v0czq7MEw6","2026-08-22 23:59:44.612","2026-08-22 23:59:44.612","2v0czq7MEw6","18378281","[PREMIUM]","[PREMIUM]","[PREMIUM]","07","Section 7","x",6,"[]","2026-12-20 00:00:00","electronic","exchange",3,"[PREMIUM]","1,2,3,4,5,6"
"3q7fNLZ76n8","2026-08-22 23:59:44.612","2026-08-22 23:59:44.612","3q7fNLZ76n8","18378281","[PREMIUM]","[PREMIUM]","[PREMIUM]","17","Section 17","x",4,"[]","2026-12-20 00:00:00","electronic","exchange",3,"[PREMIUM]","1,2,3,4"
"3q7fNLZxbXA","2026-08-22 23:59:44.612","2026-08-23 23:01:36.325","3q7fNLZxbXA","18378281","[PREMIUM]","[PREMIUM]","[PREMIUM]","22","Section 22","k",3,"[]","2026-12-21 00:00:00","electronic","exchange",1,"[PREMIUM]","3"
"3q7fNLZJVO0","2026-08-22 23:59:44.612","2026-08-22 23:59:44.612","3q7fNLZJVO0","18378281","[PREMIUM]","[PREMIUM]","[PREMIUM]","20","Section 20","l",4,"[]","2026-12-20 00:00:00","electronic","exchange",1,"[PREMIUM]","1,2,3,4"
"4vXcjRgXYNg","2026-08-22 23:59:44.612","2026-08-22 23:59:44.612","4vXcjRgXYNg","18378281","[PREMIUM]","[PREMIUM]","[PREMIUM]","03","Section 3","y",6,"[]","2026-12-20 00:00:00","electronic","exchange",4,"[PREMIUM]","1,2,3,4,5,6"
"4vXcjRgRZ52","2026-08-22 23:59:44.612","2026-08-22 23:59:44.612","4vXcjRgRZ52","18378281","[PREMIUM]","[PREMIUM]","[PREMIUM]","125","Section 125","c",4,"[]","2026-12-20 00:00:00","electronic","exchange",3,"[PREMIUM]","1,2,3,4"
"4vXcjRgq5E9","2026-08-22 23:59:44.612","2026-08-23 23:01:36.325","4vXcjRgq5E9","18378281","[PREMIUM]","[PREMIUM]","[PREMIUM]","17","Section 17","r",4,"[]","2026-12-20 00:00:00","electronic","exchange",2,"[PREMIUM]","1,2,3,4"
"6mOhko3omYr","2026-08-22 23:59:44.612","2026-08-22 23:59:44.612","6mOhko3omYr","18378281","[PREMIUM]","[PREMIUM]","[PREMIUM]","126","Section 126","d",5,"[]","2026-12-20 00:00:00","electronic","exchange",2,"[PREMIUM]","1,2,3,4,5"
"7KntAgxpPa2","2026-08-22 23:59:44.612","2026-08-22 23:59:44.612","7KntAgxpPa2","18378281","[PREMIUM]","[PREMIUM]","[PREMIUM]","13","Section 13","k",2,"[]","2026-12-21 00:00:00","electronic","exchange",2,"[PREMIUM]","2"
"8lKt6a82ew4","2026-08-22 23:59:44.612","2026-08-22 23:59:44.612","8lKt6a82ew4","18378281","[PREMIUM]","[PREMIUM]","[PREMIUM]","11","Section 11","x",4,"[]","2026-12-21 00:00:00","electronic","exchange",5,"[PREMIUM]","4"
"9P2c5MRlPvx","2026-08-22 23:59:44.612","2026-08-23 23:01:36.325","9P2c5MRlPvx","18378281","[PREMIUM]","[PREMIUM]","[PREMIUM]","04","Section 4","h",4,"[]","2026-12-21 00:00:00","electronic","exchange",2,"[PREMIUM]","1,2,3,4"
"A6rs2KJrlBV","2026-08-22 23:59:44.612","2026-08-23 23:01:36.325","A6rs2KJrlBV","18378281","[PREMIUM]","[PREMIUM]","[PREMIUM]","20","Section 20","z",7,"[]","2026-12-20 00:00:00","electronic","exchange",4,"[PREMIUM]","1,2,3,4,5,6,7"
"BALImMVNlJ9","2026-08-22 23:59:44.612","2026-08-23 23:01:36.325","BALImMVNlJ9","18378281","[PREMIUM]","[PREMIUM]","[PREMIUM]","21","Section 21","u",5,"[]","2026-12-20 00:00:00","electronic","exchange",3,"[PREMIUM]","1,2,3,4,5"
"JABI3EbBnLD","2026-08-22 23:59:44.612","2026-08-22 23:59:44.612","JABI3EbBnLD","18378281","[PREMIUM]","[PREMIUM]","[PREMIUM]","09","Section 9","q",4,"[]","2026-12-20 00:00:00","electronic","exchange",2,"[PREMIUM]","1,2,3,4"
"KezczqRNdYD","2026-08-22 23:59:44.612","2026-08-23 23:01:36.325","KezczqRNdYD","18378281","[PREMIUM]","[PREMIUM]","[PREMIUM]","224","Section 224","a",8,"[]","2026-12-20 00:00:00","electronic","exchange",4,"[PREMIUM]","1,2,3,4,5,6,7,8"
"KezczqjXvMV","2026-08-22 23:59:44.612","2026-08-23 23:01:36.325","KezczqjXvMV","18378281","[PREMIUM]","[PREMIUM]","[PREMIUM]","109","Section 109","e",5,"[]","2026-12-21 00:00:00","electronic","exchange",1,"[PREMIUM]","1,2,3,4,5"
"MAeIP3pqY4L","2026-08-22 23:59:44.612","2026-08-22 23:59:44.612","MAeIP3pqY4L","18378281","[PREMIUM]","[PREMIUM]","[PREMIUM]","22","Section 22","m",4,"[]","2026-12-20 00:00:00","electronic","exchange",2,"[PREMIUM]","1,2,3,4"
"NrqUv6X7OO4","2026-08-22 23:59:44.612","2026-08-22 23:59:44.612","NrqUv6X7OO4","18378281","[PREMIUM]","[PREMIUM]","[PREMIUM]","109","Section 109","e",5,"[]","2026-12-21 00:00:00","electronic","exchange",1,"[PREMIUM]","1,2,3,4,5"
"PX0sgq0wbn0","2026-08-22 23:59:44.612","2026-08-23 23:01:36.325","PX0sgq0wbn0","18378281","[PREMIUM]","[PREMIUM]","[PREMIUM]","116","Section 116","bar",7,"[]","2026-12-20 00:00:00","electronic","exchange",5,"[PREMIUM]","1,2,3,4,5,6,7"
"ROXHz2rwP2M","2026-08-22 23:59:44.612","2026-08-22 23:59:44.612","ROXHz2rwP2M","18378281","[PREMIUM]","[PREMIUM]","[PREMIUM]","09","Section 9","r",4,"[]","2026-12-20 00:00:00","electronic","exchange",2,"[PREMIUM]","1,2,3,4"
"YgJtk0lRA6a","2026-08-22 23:59:44.612","2026-08-23 23:01:36.325","YgJtk0lRA6a","18378281","[PREMIUM]","[PREMIUM]","[PREMIUM]","26","Section 26","x",2,"[]","2026-12-21 00:00:00","electronic","exchange",2,"[PREMIUM]","2"
"b4wUaoL46bb","2026-08-22 23:59:44.612","2026-08-22 23:59:44.612","b4wUaoL46bb","18378281","[PREMIUM]","[PREMIUM]","[PREMIUM]","106","Section 106","e",4,"[]","2026-12-20 00:00:00","electronic","exchange",2,"[PREMIUM]","1,2,3,4"
"b4wUaolM26v","2026-08-22 23:59:44.612","2026-08-22 23:59:44.612","b4wUaolM26v","18378281","[PREMIUM]","[PREMIUM]","[PREMIUM]","09","Section 9","u",2,"[]","2026-12-21 00:00:00","electronic","exchange",1,"[PREMIUM]","2"
"dNgUgpMl703","2026-08-22 23:59:44.612","2026-08-23 23:01:36.325","dNgUgpMl703","18378281","[PREMIUM]","[PREMIUM]","[PREMIUM]","06","Section 6","z",4,"[]","2026-12-20 00:00:00","electronic","exchange",6,"[PREMIUM]","1,2,3,4"
"dNgUgpMBNzb","2026-08-22 23:59:44.612","2026-08-22 23:59:44.612","dNgUgpMBNzb","18378281","[PREMIUM]","[PREMIUM]","[PREMIUM]","12","Section 12","w",4,"[]","2026-12-20 00:00:00","electronic","exchange",4,"[PREMIUM]","1,2,3,4"
"g48Ur6PzeP8","2026-08-22 23:59:44.612","2026-08-22 23:59:44.612","g48Ur6PzeP8","18378281","[PREMIUM]","[PREMIUM]","[PREMIUM]","109","Section 109","e",5,"[]","2026-12-21 00:00:00","electronic","exchange",1,"[PREMIUM]","1,2,3,4,5"
"jDvszkBk02p","2026-08-22 23:59:44.612","2026-08-23 23:01:36.325","jDvszkBk02p","18378281","[PREMIUM]","[PREMIUM]","[PREMIUM]","04","Section 4","g",4,"[]","2026-12-20 00:00:00","electronic","exchange",3,"[PREMIUM]","1,2,3,4"
"kYet9mDJl4Z","2026-08-22 23:59:44.612","2026-08-22 23:59:44.612","kYet9mDJl4Z","18378281","[PREMIUM]","[PREMIUM]","[PREMIUM]","24","Section 24","x",4,"[]","2026-12-20 00:00:00","electronic","exchange",3,"[PREMIUM]","1,2,3,4"
"lxVsdRO9zEJ","2026-08-22 23:59:44.612","2026-08-23 23:01:36.325","lxVsdRO9zEJ","18378281","[PREMIUM]","[PREMIUM]","[PREMIUM]","17","Section 17","w",7,"[]","2026-12-20 00:00:00","electronic","exchange",4,"[PREMIUM]","1,2,3,4,5,6,7"
"lxVsdRO97Kg","2026-08-22 23:59:44.612","2026-08-22 23:59:44.612","lxVsdRO97Kg","18378281","[PREMIUM]","[PREMIUM]","[PREMIUM]","25","Section 25","v",4,"[]","2026-12-20 00:00:00","electronic","exchange",4,"[PREMIUM]","1,2,3,4"
"mxAs4xnAZYm","2026-08-22 23:59:44.612","2026-08-22 23:59:44.612","mxAs4xnAZYm","18378281","[PREMIUM]","[PREMIUM]","[PREMIUM]","24","Section 24","w",5,"[]","2026-12-20 00:00:00","electronic","exchange",3,"[PREMIUM]","1,2,3,4,5"
"qVjH2mJavqm","2026-08-22 23:59:44.612","2026-08-22 23:59:44.612","qVjH2mJavqm","18378281","[PREMIUM]","[PREMIUM]","[PREMIUM]","04","Section 4","u",8,"[]","2026-12-20 00:00:00","electronic","exchange",3,"[PREMIUM]","1,2,3,4,5,6,7,8"
"w3Jse8ma53l","2026-08-22 23:59:44.612","2026-08-22 23:59:44.612","w3Jse8ma53l","18378281","[PREMIUM]","[PREMIUM]","[PREMIUM]","16","Section 16","t",7,"[]","2026-12-20 00:00:00","electronic","exchange",3,"[PREMIUM]","1,2,3,4,5,6,7"
"xb9imlpzY24","2026-08-22 23:59:44.612","2026-09-01 23:18:30.645","xb9imlpzY24","18378281","[PREMIUM]","[PREMIUM]","[PREMIUM]","04","Section 4","h",4,"[]","2026-12-21 00:00:00","electronic","exchange",1,"[PREMIUM]","1,2,3,4"
"z3Es6vxVxn7","2026-08-22 23:59:44.612","2026-08-22 23:59:44.612","z3Es6vxVxn7","18378281","[PREMIUM]","[PREMIUM]","[PREMIUM]","22","Section 22","s",5,"[]","2026-12-20 00:00:00","electronic","exchange",2,"[PREMIUM]","1,2,3,4,5"
"3q7fNLZD3YP","2026-08-22 23:59:37.281","2026-08-23 23:01:39.844","3q7fNLZD3YP","18377958","[PREMIUM]","[PREMIUM]","[PREMIUM]","321","Section 321","n",8,"[]","2026-12-20 00:00:00","electronic","exchange",2,"[PREMIUM]","1,2,3,4,5,6,7,8"
"4vXcjRgYVG8","2026-08-22 23:59:37.281","2026-08-22 23:59:37.281","4vXcjRgYVG8","18377958","[PREMIUM]","[PREMIUM]","[PREMIUM]","329","Section 329","p",8,"[]","2026-12-20 00:00:00","electronic","exchange",1,"[PREMIUM]","1,2,3,4,5,6,7,8"
"4vXcjRgYVj8","2026-08-22 23:59:37.281","2026-08-22 23:59:37.281","4vXcjRgYVj8","18377958","[PREMIUM]","[PREMIUM]","[PREMIUM]","329","Section 329","s",8,"[]","2026-12-20 00:00:00","electronic","exchange",1,"[PREMIUM]","1,2,3,4,5,6,7,8"
"4vXcjRglYrX","2026-08-22 23:59:37.281","2026-08-22 23:59:37.281","4vXcjRglYrX","18377958","[PREMIUM]","[PREMIUM]","[PREMIUM]","324","Section 324","s",8,"[]","2026-12-20 00:00:00","electronic","exchange",1,"[PREMIUM]","1,2,3,4,5,6,7,8"
"6mOhko3z6gd","2026-08-22 23:59:37.281","2026-08-22 23:59:37.281","6mOhko3z6gd","18377958","[PREMIUM]","[PREMIUM]","[PREMIUM]","324","Section 324","r",8,"[]","2026-12-20 00:00:00","electronic","exchange",1,"[PREMIUM]","1,2,3,4,5,6,7,8"
"7KntAgPqKBx","2026-08-22 23:59:37.281","2026-08-23 23:01:39.844","7KntAgPqKBx","18377958","[PREMIUM]","[PREMIUM]","[PREMIUM]","114","Section 114","n",5,"[]","2026-12-20 00:00:00","electronic","exchange",1,"[PREMIUM]","1,2,3,4,5"
"7KntAgPqKez","2026-08-22 23:59:37.281","2026-08-22 23:59:37.281","7KntAgPqKez","18377958","[PREMIUM]","[PREMIUM]","[PREMIUM]","332","Section 332","k",8,"[]","2026-12-20 00:00:00","electronic","exchange",1,"[PREMIUM]","1,2,3,4,5,6,7,8"
"8lKt6a8o5Aj","2026-08-22 23:59:37.281","2026-08-22 23:59:37.281","8lKt6a8o5Aj","18377958","[PREMIUM]","[PREMIUM]","[PREMIUM]","304","Section 304","l",8,"[]","2026-12-20 00:00:00","electronic","exchange",2,"[PREMIUM]","1,2,3,4,5,6,7,8"
"8lKt6a89E6V","2026-08-22 23:59:37.281","2026-08-27 00:32:32.055","8lKt6a89E6V","18377958","[PREMIUM]","[PREMIUM]","[PREMIUM]","328","Section 328","p",6,"[]","2026-12-21 00:00:00","electronic","exchange",0,"[PREMIUM]","1,2,3,4,5,6"
"9P2c5M7EDXl","2026-08-22 23:59:37.281","2026-08-23 23:01:39.844","9P2c5M7EDXl","18377958","[PREMIUM]","[PREMIUM]","[PREMIUM]","324","Section 324","t",8,"[]","2026-12-20 00:00:00","electronic","exchange",5,"[PREMIUM]","1,2,3,4,5,6,7,8"
"9P2c5M7Da55","2026-08-22 23:59:37.281","2026-08-23 23:01:39.844","9P2c5M7Da55","18377958","[PREMIUM]","[PREMIUM]","[PREMIUM]","304","Section 304","h",8,"[]","2026-12-20 00:00:00","electronic","exchange",1,"[PREMIUM]","1,2,3,4,5,6,7,8"
"A6rs2KJ0le8","2026-08-22 23:59:37.281","2026-08-22 23:59:37.281","A6rs2KJ0le8","18377958","[PREMIUM]","[PREMIUM]","[PREMIUM]","327","Section 327","s",8,"[]","2026-12-20 00:00:00","electronic","exchange",1,"[PREMIUM]","1,2,3,4,5,6,7,8"
"A6rs2KJd0Ma","2026-08-22 23:59:37.281","2026-08-23 23:01:39.844","A6rs2KJd0Ma","18377958","[PREMIUM]","[PREMIUM]","[PREMIUM]","332","Section 332","l",8,"[]","2026-12-20 00:00:00","electronic","exchange",5,"[PREMIUM]","1,2,3,4,5,6,7,8"
"EroUXgRomJr","2026-08-22 23:59:37.281","2026-09-04 23:53:37.770","EroUXgRomJr","18377958","[PREMIUM]","[PREMIUM]","[PREMIUM]","108","Section 108","p",4,"['15','16','17','18']","2026-12-19 00:00:00","electronic","exchange",1,"[PREMIUM]","4"
"JABI3EbjLK0","2026-08-22 23:59:37.281","2026-08-23 23:01:39.844","JABI3EbjLK0","18377958","[PREMIUM]","[PREMIUM]","[PREMIUM]","108","Section 108","s",6,"[]","2026-12-20 00:00:00","electronic","exchange",2,"[PREMIUM]","1,2,3,4,5,6"
"JABI3EbjLAP","2026-08-22 23:59:37.281","2026-08-23 23:01:39.844","JABI3EbjLAP","18377958","[PREMIUM]","[PREMIUM]","[PREMIUM]","325","Section 325","m",8,"[]","2026-12-20 00:00:00","electronic","exchange",2,"[PREMIUM]","1,2,3,4,5,6,7,8"
"JABI3EbjLDr","2026-08-22 23:59:37.281","2026-08-23 23:01:39.844","JABI3EbjLDr","18377958","[PREMIUM]","[PREMIUM]","[PREMIUM]","312","Section 312","n",4,"[]","2026-12-20 00:00:00","electronic","exchange",1,"[PREMIUM]","1,2,3,4"
"KezczqRO75G","2026-08-22 23:59:37.281","2026-08-23 23:01:39.844","KezczqRO75G","18377958","[PREMIUM]","[PREMIUM]","[PREMIUM]","302","Section 302","j",6,"[]","2026-12-20 00:00:00","electronic","exchange",1,"[PREMIUM]","1,2,3,4,5,6"
"MAeIP3pGK4O","2026-08-22 23:59:37.281","2026-08-22 23:59:37.281","MAeIP3pGK4O","18377958","[PREMIUM]","[PREMIUM]","[PREMIUM]","309","Section 309","n",7,"[]","2026-12-20 00:00:00","electronic","exchange",1,"[PREMIUM]","1,2,3,4,5,6,7"
"NrqUv6R2V0z","2026-08-22 23:59:37.281","2026-08-23 23:01:39.844","NrqUv6R2V0z","18377958","[PREMIUM]","[PREMIUM]","[PREMIUM]","120","Section 120","w",4,"[]","2026-12-20 00:00:00","electronic","exchange",2,"[PREMIUM]","1,2,3,4"
"O7AhwK0pPXO","2026-08-22 23:59:37.281","2026-08-23 23:01:39.844","O7AhwK0pPXO","18377958","[PREMIUM]","[PREMIUM]","[PREMIUM]","323","Section 323","m",4,"[]","2026-12-20 00:00:00","electronic","exchange",2,"[PREMIUM]","1,2,3,4"
"PX0sgq0BGjr","2026-08-22 23:59:37.281","2026-08-23 23:01:39.844","PX0sgq0BGjr","18377958","[PREMIUM]","[PREMIUM]","[PREMIUM]","325","Section 325","t",8,"[]","2026-12-20 00:00:00","electronic","exchange",5,"[PREMIUM]","1,2,3,4,5,6,7,8"
"ROXHz2r6e8w","2026-08-22 23:59:37.281","2026-08-22 23:59:37.281","ROXHz2r6e8w","18377958","[PREMIUM]","[PREMIUM]","[PREMIUM]","325","Section 325","s",8,"[]","2026-12-20 00:00:00","electronic","exchange",1,"[PREMIUM]","1,2,3,4,5,6,7,8"
"X03tKlrkzaN","2026-08-22 23:59:37.281","2026-08-23 23:01:39.844","X03tKlrkzaN","18377958","[PREMIUM]","[PREMIUM]","[PREMIUM]","312","Section 312","m",8,"[]","2026-12-20 00:00:00","electronic","exchange",1,"[PREMIUM]","1,2,3,4,5,6,7,8"
"Zm9hvJD0wkn","2026-08-22 23:59:37.281","2026-08-22 23:59:37.281","Zm9hvJD0wkn","18377958","[PREMIUM]","[PREMIUM]","[PREMIUM]","104","Section 104","y",5,"[]","2026-12-20 00:00:00","electronic","exchange",1,"[PREMIUM]","1,2,3,4,5"
"Zm9hvJDod6Y","2026-08-22 23:59:37.281","2026-08-23 23:01:39.844","Zm9hvJDod6Y","18377958","[PREMIUM]","[PREMIUM]","[PREMIUM]","328","Section 328","p",8,"[]","2026-12-20 00:00:00","electronic","exchange",0,"[PREMIUM]","1,2,3,4,5,6,7,8"
"agktlMBgoEN","2026-08-22 23:59:37.281","2026-08-22 23:59:37.281","agktlMBgoEN","18377958","[PREMIUM]","[PREMIUM]","[PREMIUM]","304","Section 304","k",4,"[]","2026-12-20 00:00:00","electronic","exchange",2,"[PREMIUM]","1,2,3,4"
"dNgUgpMD8lj","2026-08-22 23:59:37.281","2026-08-23 23:01:39.844","dNgUgpMD8lj","18377958","[PREMIUM]","[PREMIUM]","[PREMIUM]","311","Section 311","m",8,"[]","2026-12-20 00:00:00","electronic","exchange",1,"[PREMIUM]","1,2,3,4,5,6,7,8"
"g48Ur6ep0Ye","2026-08-22 23:59:37.281","2026-08-22 23:59:37.281","g48Ur6ep0Ye","18377958","[PREMIUM]","[PREMIUM]","[PREMIUM]","327","Section 327","t",7,"[]","2026-12-20 00:00:00","electronic","exchange",1,"[PREMIUM]","1,2,3,4,5,6,7"
"kYet9mDlVvY","2026-08-22 23:59:37.281","2026-08-22 23:59:37.281","kYet9mDlVvY","18377958","[PREMIUM]","[PREMIUM]","[PREMIUM]","120","Section 120","o",4,"[]","2026-12-20 00:00:00","electronic","exchange",2,"[PREMIUM]","1,2,3,4"
"kYet9mDlVN2","2026-08-22 23:59:37.281","2026-08-23 23:01:39.844","kYet9mDlVN2","18377958","[PREMIUM]","[PREMIUM]","[PREMIUM]","112","Section 112","r",5,"[]","2026-12-20 00:00:00","electronic","exchange",1,"[PREMIUM]","1,2,3,4,5"
"lxVsdRO7zqo","2026-08-22 23:59:37.281","2026-08-23 23:01:39.844","lxVsdRO7zqo","18377958","[PREMIUM]","[PREMIUM]","[PREMIUM]","332","Section 332","k",4,"[]","2026-12-20 00:00:00","electronic","exchange",1,"[PREMIUM]","1,2,3,4"
"mxAs4xnKZVB","2026-08-22 23:59:37.281","2026-08-22 23:59:37.281","mxAs4xnKZVB","18377958","[PREMIUM]","[PREMIUM]","[PREMIUM]","329","Section 329","t",7,"[]","2026-12-20 00:00:00","electronic","exchange",1,"[PREMIUM]","1,2,3,4,5,6,7"
"nx0srKPG5nk","2026-08-22 23:59:37.281","2026-09-04 23:53:37.770","nx0srKPG5nk","18377958","[PREMIUM]","[PREMIUM]","[PREMIUM]","102","Section 102","v",2,"[]","2026-12-21 00:00:00","electronic","exchange",1,"[PREMIUM]","2"
"nx0srKq2ze4","2026-08-22 23:59:37.281","2026-08-22 23:59:37.281","nx0srKq2ze4","18377958","[PREMIUM]","[PREMIUM]","[PREMIUM]","333","Section 333","j",8,"[]","2026-12-20 00:00:00","electronic","exchange",2,"[PREMIUM]","1,2,3,4,5,6,7,8"
"nx0srKqzlkv","2026-08-22 23:59:37.281","2026-08-22 23:59:37.281","nx0srKqzlkv","18377958","[PREMIUM]","[PREMIUM]","[PREMIUM]","322","Section 322","m",8,"[]","2026-12-20 00:00:00","electronic","exchange",1,"[PREMIUM]","1,2,3,4,5,6,7,8"
"oV7Hb6BqgVr","2026-08-22 23:59:37.281","2026-08-22 23:59:37.281","oV7Hb6BqgVr","18377958","[PREMIUM]","[PREMIUM]","[PREMIUM]","326","Section 326","t",8,"[]","2026-12-20 00:00:00","electronic","exchange",1,"[PREMIUM]","1,2,3,4,5,6,7,8"
"oV7Hb6Bg0YV","2026-08-22 23:59:37.281","2026-08-22 23:59:37.281","oV7Hb6Bg0YV","18377958","[PREMIUM]","[PREMIUM]","[PREMIUM]","329","Section 329","n",4,"[]","2026-12-20 00:00:00","electronic","exchange",1,"[PREMIUM]","1,2,3,4"
"pVXHD732xd8","2026-08-22 23:59:37.281","2026-08-22 23:59:37.281","pVXHD732xd8","18377958","[PREMIUM]","[PREMIUM]","[PREMIUM]","323","Section 323","l",8,"[]","2026-12-20 00:00:00","electronic","exchange",2,"[PREMIUM]","1,2,3,4,5,6,7,8"
"qVjH2mJgRYb","2026-08-22 23:59:37.281","2026-08-22 23:59:37.281","qVjH2mJgRYb","18377958","[PREMIUM]","[PREMIUM]","[PREMIUM]","321","Section 321","l",8,"[]","2026-12-20 00:00:00","electronic","exchange",2,"[PREMIUM]","1,2,3,4,5,6,7,8"
"rVOHkpB6bV7","2026-08-22 23:59:37.281","2026-08-22 23:59:37.281","rVOHkpB6bV7","18377958","[PREMIUM]","[PREMIUM]","[PREMIUM]","327","Section 327","n",8,"[]","2026-12-20 00:00:00","electronic","exchange",2,"[PREMIUM]","1,2,3,4,5,6,7,8"
"rVOHkpB6bP9","2026-08-22 23:59:37.281","2026-08-22 23:59:37.281","rVOHkpB6bP9","18377958","[PREMIUM]","[PREMIUM]","[PREMIUM]","328","Section 328","t",8,"[]","2026-12-20 00:00:00","electronic","exchange",0,"[PREMIUM]","1,2,3,4,5,6,7,8"
"w3Jse8mnpgA","2026-08-22 23:59:37.281","2026-08-22 23:59:37.281","w3Jse8mnpgA","18377958","[PREMIUM]","[PREMIUM]","[PREMIUM]","326","Section 326","s",8,"[]","2026-12-20 00:00:00","electronic","exchange",1,"[PREMIUM]","1,2,3,4,5,6,7,8"
"w3Jse8mnpkr","2026-08-22 23:59:37.281","2026-08-22 23:59:37.281","w3Jse8mnpkr","18377958","[PREMIUM]","[PREMIUM]","[PREMIUM]","109","Section 109","o",4,"[]","2026-12-20 00:00:00","electronic","exchange",1,"[PREMIUM]","1,2,3,4"
"w3Jse8mnpXa","2026-08-22 23:59:37.281","2026-08-22 23:59:37.281","w3Jse8mnpXa","18377958","[PREMIUM]","[PREMIUM]","[PREMIUM]","314","Section 314","j",7,"[]","2026-12-20 00:00:00","electronic","exchange",1,"[PREMIUM]","1,2,3,4,5,6,7"
"w3Jse8mnpql","2026-08-22 23:59:37.281","2026-08-23 23:01:39.844","w3Jse8mnpql","18377958","[PREMIUM]","[PREMIUM]","[PREMIUM]","328","Section 328","s",8,"[]","2026-12-20 00:00:00","electronic","exchange",0,"[PREMIUM]","1,2,3,4,5,6,7,8"
"z3Es6vxVprR","2026-08-22 23:59:37.281","2026-08-23 23:01:39.844","z3Es6vxVprR","18377958","[PREMIUM]","[PREMIUM]","[PREMIUM]","104","Section 104","p",5,"[]","2026-12-20 00:00:00","electronic","exchange",2,"[PREMIUM]","1,2,3,4,5"
"05VT8lvlxwv","2026-08-22 23:59:33.973","2026-08-23 23:01:49.609","05VT8lvlxwv","18376812","[PREMIUM]","[PREMIUM]","[PREMIUM]","220","Section 220","3",8,"[]","2026-12-20 00:00:00","electronic","exchange",4,"[PREMIUM]","1,2,3,4,5,6,7,8"
"05VT8lvlx5p","2026-08-22 23:59:33.973","2026-08-22 23:59:33.973","05VT8lvlx5p","18376812","[PREMIUM]","[PREMIUM]","[PREMIUM]","107","Section 107","18",8,"[]","2026-12-20 00:00:00","electronic","exchange",2,"[PREMIUM]","1,2,3,4,5,6,7,8"
"05VT8lvlZ3X","2026-08-22 23:59:33.973","2026-08-23 23:01:49.609","05VT8lvlZ3X","18376812","[PREMIUM]","[PREMIUM]","[PREMIUM]","308","Section 308","8",6,"[]","2026-12-20 00:00:00","electronic","exchange",4,"[PREMIUM]","1,2,3,4,5,6"
"05VT8lvlx0b","2026-08-22 23:59:33.973","2026-08-23 23:01:49.609","05VT8lvlx0b","18376812","[PREMIUM]","[PREMIUM]","[PREMIUM]","112","Section 112","23",5,"[]","2026-12-20 00:00:00","electronic","exchange",4,"[PREMIUM]","1,2,3,4,5"
"2v0czq7qw6w","2026-08-22 23:59:33.973","2026-08-22 23:59:33.973","2v0czq7qw6w","18376812","[PREMIUM]","[PREMIUM]","[PREMIUM]","301","Section 301","9",6,"[]","2026-12-20 00:00:00","electronic","exchange",5,"[PREMIUM]","1,2,3,4,5,6"
"2v0czq7qmnd","2026-08-22 23:59:33.973","2026-08-22 23:59:33.973","2v0czq7qmnd","18376812","[PREMIUM]","[PREMIUM]","[PREMIUM]","103","Section 103","14",6,"[]","2026-12-20 00:00:00","electronic","exchange",4,"[PREMIUM]","1,2,3,4,5,6"
"2v0czq7qm4X","2026-08-22 23:59:33.973","2026-08-22 23:59:33.973","2v0czq7qm4X","18376812","[PREMIUM]","[PREMIUM]","[PREMIUM]","107","Section 107","19",4,"[]","2026-12-20 00:00:00","electronic","exchange",3,"[PREMIUM]","1,2,3,4"
"2v0czqKDgXK","2026-08-22 23:59:33.973","2026-08-23 23:01:49.609","2v0czqKDgXK","18376812","[PREMIUM]","[PREMIUM]","[PREMIUM]","116","Section 116","8",4,"[]","2026-12-21 00:00:00","electronic","exchange",4,"[PREMIUM]","4"
"3q7fNLZLXEN","2026-08-22 23:59:33.973","2026-08-22 23:59:33.973","3q7fNLZLXEN","18376812","[PREMIUM]","[PREMIUM]","[PREMIUM]","106","Section 106","27",5,"[]","2026-12-20 00:00:00","electronic","exchange",4,"[PREMIUM]","1,2,3,4,5"
"6mOhko3o76V","2026-08-22 23:59:33.973","2026-08-22 23:59:33.973","6mOhko3o76V","18376812","[PREMIUM]","[PREMIUM]","[PREMIUM]","309","Section 309","8",6,"[]","2026-12-20 00:00:00","electronic","exchange",4,"[PREMIUM]","1,2,3,4,5,6"
"7KntAgPgl77","2026-08-22 23:59:33.973","2026-08-25 22:50:21.650","7KntAgPgl77","18376812","[PREMIUM]","[PREMIUM]","[PREMIUM]","121","Section 121","13",2,"[]","2026-12-21 00:00:00","electronic","exchange",2,"[PREMIUM]","2"
"7KntAgPgmZA","2026-08-22 23:59:33.973","2026-08-23 23:01:49.609","7KntAgPgmZA","18376812","[PREMIUM]","[PREMIUM]","[PREMIUM]","308","Section 308","8",8,"[]","2026-12-20 00:00:00","electronic","exchange",4,"[PREMIUM]","1,2,3,4,5,6,7,8"
"7KntAgxE4K0","2026-08-22 23:59:33.973","2026-08-23 23:01:49.609","7KntAgxE4K0","18376812","[PREMIUM]","[PREMIUM]","[PREMIUM]","305","Section 305","2",6,"[]","2026-12-21 00:00:00","electronic","exchange",5,"[PREMIUM]","6"
"8lKt6a8akol","2026-08-22 23:59:33.973","2026-08-23 23:01:49.609","8lKt6a8akol","18376812","[PREMIUM]","[PREMIUM]","[PREMIUM]","106","Section 106","26",4,"[]","2026-12-20 00:00:00","electronic","exchange",4,"[PREMIUM]","1,2,3,4"
"BALImME8OVJ","2026-08-22 23:59:33.973","2026-08-23 23:01:49.609","BALImME8OVJ","18376812","[PREMIUM]","[PREMIUM]","[PREMIUM]","209","Section 209","1",2,"[]","2026-12-21 00:00:00","electronic","exchange",4,"[PREMIUM]","2"
"DdwHkMbMnGg","2026-08-22 23:59:33.973","2026-08-23 23:01:49.609","DdwHkMbMnGg","18376812","[PREMIUM]","[PREMIUM]","[PREMIUM]","106","Section 106","23",6,"[]","2026-12-20 00:00:00","electronic","exchange",4,"[PREMIUM]","1,2,3,4,5,6"
"DdwHkMdXKVz","2026-08-22 23:59:33.973","2026-08-23 23:01:49.609","DdwHkMdXKVz","18376812","[PREMIUM]","[PREMIUM]","[PREMIUM]","301","Section 301","2",3,"[]","2026-12-21 00:00:00","electronic","exchange",5,"[PREMIUM]","3"
"EroUXgq2LMp","2026-08-22 23:59:33.973","2026-08-23 23:01:49.609","EroUXgq2LMp","18376812","[PREMIUM]","[PREMIUM]","[PREMIUM]","120","Section 120","7",2,"[]","2026-12-21 00:00:00","electronic","exchange",2,"[PREMIUM]","2"
"GAaI60o8zw6","2026-08-22 23:59:33.973","2026-08-23 23:01:49.609","GAaI60o8zw6","18376812","[PREMIUM]","[PREMIUM]","[PREMIUM]","312","Section 312","1",4,"[]","2026-12-21 00:00:00","electronic","exchange",5,"[PREMIUM]","4"
"JABI3EqzgaX","2026-08-22 23:59:33.973","2026-08-23 23:01:49.609","JABI3EqzgaX","18376812","[PREMIUM]","[PREMIUM]","[PREMIUM]","319","Section 319","3",5,"[]","2026-12-21 00:00:00","electronic","exchange",2,"[PREMIUM]","5"
"LbviL807dYj","2026-08-22 23:59:33.973","2026-08-23 23:01:49.609","LbviL807dYj","18376812","[PREMIUM]","[PREMIUM]","[PREMIUM]","213","Section 213","4",2,"[]","2026-12-21 00:00:00","electronic","exchange",2,"[PREMIUM]","2"
"NrqUv6R6EBa","2026-08-22 23:59:33.973","2026-08-23 23:01:49.609","NrqUv6R6EBa","18376812","[PREMIUM]","[PREMIUM]","[PREMIUM]","310","Section 310","8",8,"[]","2026-12-20 00:00:00","electronic","exchange",5,"[PREMIUM]","1,2,3,4,5,6,7,8"
"NrqUv6XrOoG","2026-08-22 23:59:33.973","2026-08-23 23:01:49.609","NrqUv6XrOoG","18376812","[PREMIUM]","[PREMIUM]","[PREMIUM]","105","Section 105","23",2,"[]","2026-12-21 00:00:00","electronic","exchange",1,"[PREMIUM]","2"
"ROXHz2K0VmL","2026-08-22 23:59:33.973","2026-08-23 23:01:49.609","ROXHz2K0VmL","18376812","[PREMIUM]","[PREMIUM]","[PREMIUM]","117","Section 117","17",4,"[]","2026-12-21 00:00:00","electronic","exchange",1,"[PREMIUM]","4"
"ROXHz2K0VLo","2026-08-22 23:59:33.973","2026-08-23 23:01:49.609","ROXHz2K0VLo","18376812","[PREMIUM]","[PREMIUM]","[PREMIUM]","208","Section 208","5",4,"[]","2026-12-21 00:00:00","electronic","exchange",1,"[PREMIUM]","4"
"ROXHz2r2ngG","2026-08-22 23:59:33.973","2026-08-22 23:59:33.973","ROXHz2r2ngG","18376812","[PREMIUM]","[PREMIUM]","[PREMIUM]","106","Section 106","14",4,"[]","2026-12-20 00:00:00","electronic","exchange",4,"[PREMIUM]","1,2,3,4"
"V4KU04o4766","2026-08-22 23:59:33.973","2026-08-22 23:59:33.973","V4KU04o4766","18376812","[PREMIUM]","[PREMIUM]","[PREMIUM]","309","Section 309","9",7,"[]","2026-12-20 00:00:00","electronic","exchange",4,"[PREMIUM]","1,2,3,4,5,6,7"
"YgJtk0z06G8","2026-08-22 23:59:33.973","2026-09-04 11:17:33.388","YgJtk0z06G8","18376812","[PREMIUM]","[PREMIUM]","[PREMIUM]","120","Section 120","15",2,"[]","2026-12-21 00:00:00","electronic","exchange",2,"[PREMIUM]","2"
"Zm9hvJXNZPL","2026-08-22 23:59:33.973","2026-08-23 23:01:49.609","Zm9hvJXNZPL","18376812","[PREMIUM]","[PREMIUM]","[PREMIUM]","231","Section 231","3",5,"[]","2026-12-21 00:00:00","electronic","exchange",5,"[PREMIUM]","5"
"agktlM50JYz","2026-08-22 23:59:33.973","2026-08-23 23:01:49.609","agktlM50JYz","18376812","[PREMIUM]","[PREMIUM]","[PREMIUM]","101","Section 101","9",4,"[]","2026-12-21 00:00:00","electronic","exchange",1,"[PREMIUM]","4"
"agktlMBMRGG","2026-08-22 23:59:33.973","2026-08-23 23:01:49.609","agktlMBMRGG","18376812","[PREMIUM]","[PREMIUM]","[PREMIUM]","110","Section 110","21",4,"[]","2026-12-20 00:00:00","electronic","exchange",5,"[PREMIUM]","1,2,3,4"
"dNgUgpMpAml","2026-08-22 23:59:33.973","2026-08-23 23:01:49.609","dNgUgpMpAml","18376812","[PREMIUM]","[PREMIUM]","[PREMIUM]","121","Section 121","19",8,"[]","2026-12-20 00:00:00","electronic","exchange",5,"[PREMIUM]","1,2,3,4,5,6,7,8"
"dNgUgpMp0AG","2026-08-22 23:59:33.973","2026-08-22 23:59:33.973","dNgUgpMp0AG","18376812","[PREMIUM]","[PREMIUM]","[PREMIUM]","308","Section 308","9",2,"[]","2026-12-20 00:00:00","electronic","exchange",4,"[PREMIUM]","1,2"
"dNgUgpMpOBA","2026-08-22 23:59:33.973","2026-08-23 23:01:49.609","dNgUgpMpOBA","18376812","[PREMIUM]","[PREMIUM]","[PREMIUM]","112","Section 112","22",5,"[]","2026-12-20 00:00:00","electronic","exchange",5,"[PREMIUM]","1,2,3,4,5"
"dNgUgpP52NY","2026-08-22 23:59:33.973","2026-08-23 23:01:49.609","dNgUgpP52NY","18376812","[PREMIUM]","[PREMIUM]","[PREMIUM]","107","Section 107","20",5,"[]","2026-12-21 00:00:00","electronic","exchange",1,"[PREMIUM]","5"
"eeacK8BvLYg","2026-08-22 23:59:33.973","2026-08-23 23:01:49.609","eeacK8BvLYg","18376812","[PREMIUM]","[PREMIUM]","[PREMIUM]","104","Section 104","23",3,"[]","2026-12-21 00:00:00","electronic","exchange",2,"[PREMIUM]","3"
"g48Ur6Pjz9A","2026-08-22 23:59:33.973","2026-08-23 23:01:49.609","g48Ur6Pjz9A","18376812","[PREMIUM]","[PREMIUM]","[PREMIUM]","309","Section 309","8",6,"[]","2026-12-21 00:00:00","electronic","exchange",1,"[PREMIUM]","6"
"g48Ur6e6Rko","2026-08-22 23:59:33.973","2026-08-22 23:59:33.973","g48Ur6e6Rko","18376812","[PREMIUM]","[PREMIUM]","[PREMIUM]","317","Section 317","9",6,"[]","2026-12-20 00:00:00","electronic","exchange",5,"[PREMIUM]","1,2,3,4,5,6"
"jDvszkBkZxn","2026-08-22 23:59:33.973","2026-08-23 23:01:49.609","jDvszkBkZxn","18376812","[PREMIUM]","[PREMIUM]","[PREMIUM]","317","Section 317","8",6,"[]","2026-12-20 00:00:00","electronic","exchange",5,"[PREMIUM]","1,2,3,4,5,6"
"jDvszkPdRYx","2026-08-22 23:59:33.973","2026-08-23 23:01:49.609","jDvszkPdRYx","18376812","[PREMIUM]","[PREMIUM]","[PREMIUM]","206","Section 206","3",4,"[]","2026-12-21 00:00:00","electronic","exchange",3,"[PREMIUM]","4"
"mxAs4xnxJK6","2026-08-22 23:59:33.973","2026-08-23 23:01:49.609","mxAs4xnxJK6","18376812","[PREMIUM]","[PREMIUM]","[PREMIUM]","106","Section 106","21",4,"[]","2026-12-20 00:00:00","electronic","exchange",4,"[PREMIUM]","1,2,3,4"
"mxAs4xnx362","2026-08-22 23:59:33.973","2026-08-22 23:59:33.973","mxAs4xnx362","18376812","[PREMIUM]","[PREMIUM]","[PREMIUM]","317","Section 317","7",7,"[]","2026-12-20 00:00:00","electronic","exchange",5,"[PREMIUM]","1,2,3,4,5,6,7"
"nx0srKPZLNm","2026-08-22 23:59:33.973","2026-08-23 23:01:49.609","nx0srKPZLNm","18376812","[PREMIUM]","[PREMIUM]","[PREMIUM]","110","Section 110","12",5,"[]","2026-12-21 00:00:00","electronic","exchange",1,"[PREMIUM]","5"
"nx0srKPZLew","2026-08-22 23:59:33.973","2026-08-23 23:01:49.609","nx0srKPZLew","18376812","[PREMIUM]","[PREMIUM]","[PREMIUM]","109","Section 109","19",4,"[]","2026-12-21 00:00:00","electronic","exchange",1,"[PREMIUM]","4"
"oV7Hb6PzDlq","2026-08-22 23:59:33.973","2026-08-23 23:01:49.609","oV7Hb6PzDlq","18376812","[PREMIUM]","[PREMIUM]","[PREMIUM]","102","Section 102","22",5,"[]","2026-12-21 00:00:00","electronic","exchange",1,"[PREMIUM]","5"
"pVXHD7Pvdm9","2026-08-22 23:59:33.973","2026-08-23 23:01:49.609","pVXHD7Pvdm9","18376812","[PREMIUM]","[PREMIUM]","[PREMIUM]","321","Section 321","4",3,"[]","2026-12-21 00:00:00","electronic","exchange",2,"[PREMIUM]","3"
"qVjH2mJmVd2","2026-08-22 23:59:33.973","2026-08-25 22:50:21.650","qVjH2mJmVd2","18376812","[PREMIUM]","[PREMIUM]","[PREMIUM]","119","Section 119","10",2,"[]","2026-12-21 00:00:00","electronic","exchange",2,"[PREMIUM]","2"
"qVjH2mP3Gzl","2026-08-22 23:59:33.973","2026-08-23 23:01:49.609","qVjH2mP3Gzl","18376812","[PREMIUM]","[PREMIUM]","[PREMIUM]","226B","Section 226 B","4",3,"[]","2026-12-21 00:00:00","electronic","exchange",3,"[PREMIUM]","3"
"rVOHkpG7zjz","2026-08-22 23:59:33.973","2026-08-23 23:01:49.609","rVOHkpG7zjz","18376812","[PREMIUM]","[PREMIUM]","[PREMIUM]","207","Section 207","3",6,"[]","2026-12-21 00:00:00","electronic","exchange",2,"[PREMIUM]","6"
"w3Jse8wLE3x","2026-08-22 23:59:33.973","2026-09-04 11:17:33.388","w3Jse8wLE3x","18376812","[PREMIUM]","[PREMIUM]","[PREMIUM]","209","Section 209","1",2,"['9','10']","2026-12-19 00:00:00","electronic","exchange",0,"[PREMIUM]","2"
"xb9imlpz4AV","2026-08-22 23:59:33.973","2026-08-23 23:01:49.609","xb9imlpz4AV","18376812","[PREMIUM]","[PREMIUM]","[PREMIUM]","103","Section 103","10",6,"[]","2026-12-21 00:00:00","electronic","exchange",1,"[PREMIUM]","6"
"z3Es6v0Ja3q","2026-08-22 23:59:33.973","2026-08-23 23:01:49.609","z3Es6v0Ja3q","18376812","[PREMIUM]","[PREMIUM]","[PREMIUM]","217","Section 217","1",3,"[]","2026-12-21 00:00:00","electronic","exchange",5,"[PREMIUM]","3"
"z3Es6vxvn5E","2026-08-22 23:59:33.973","2026-08-22 23:59:33.973","z3Es6vxvn5E","18376812","[PREMIUM]","[PREMIUM]","[PREMIUM]","308","Section 308","9",8,"[]","2026-12-20 00:00:00","electronic","exchange",4,"[PREMIUM]","1,2,3,4,5,6,7,8"
"6gk7yz4","2026-08-22 23:59:29.309","2026-09-04 23:53:41.137","6gk7yz4","18369605","[PREMIUM]","[PREMIUM]","[PREMIUM]","Club 02","Club 02","1",2,"['9','10']",,"electronic","open_marketplace",1,"[PREMIUM]","2"
"8lKt6a8lGx7","2026-08-22 23:59:29.309","2026-09-04 23:53:41.137","8lKt6a8lGx7","18369605","[PREMIUM]","[PREMIUM]","[PREMIUM]","218","Section 218","7",3,"['3','4','5']","2026-12-21 00:00:00","electronic","exchange",5,"[PREMIUM]","1,3"
"l_4GJ80q0iQ858dkHwpWZ8RFZRQLRjUxEbWr9IB0Rrn5Skdlk6KS8VXlE2spQcgx9hYyx","2026-08-22 23:59:29.309","2026-08-25 00:02:14.466","l_4GJ80q0iQ858dkHwpWZ8RFZRQLRjUxEbWr9IB0Rrn5Skdlk6KS8VXlE2spQcgx9hYyx","18369605","[PREMIUM]","[PREMIUM]","[PREMIUM]","109","Section 109","2",1,"['6']",,"sg_app","open",0,"[PREMIUM]","1"
"l_3dG80w0SAYmYG5u9qW5lKHx1Nm1BCxM4AwAuDG640YHp6XmDlFAQZ4RluBQIW2qfx04","2026-08-22 23:59:29.309","2026-08-25 22:50:34.050","l_3dG80w0SAYmYG5u9qW5lKHx1Nm1BCxM4AwAuDG640YHp6XmDlFAQZ4RluBQIW2qfx04","18369605","[PREMIUM]","[PREMIUM]","[PREMIUM]","114","Section 114","13",3,"['9','10','11']",,"sg_app","open",1,"[PREMIUM]","1,3"
"l_3dG80w0SAYmYG5u9qW5lKHx1Nm1BCKAgMK4Cp3kAZpSpyY846T8WmbNXSBQI4ZQUV6P","2026-08-22 23:59:29.309","2026-08-28 01:05:05.076","l_3dG80w0SAYmYG5u9qW5lKHx1Nm1BCKAgMK4Cp3kAZpSpyY846T8WmbNXSBQI4ZQUV6P","18369605","[PREMIUM]","[PREMIUM]","[PREMIUM]","205","Section 205","8",6,"['3','4','5','6','7','8']",,"sg_app","open",1,"[PREMIUM]","1,2,3,4,6"
"l_62WQ0m0uxW6W4MF2Nwr0BHXd2MdzFVWqdQfAGjKQBsPY4pjLUl18kA1uKkHE5YTyGJ","2026-08-22 23:59:29.309","2026-09-04 23:53:41.137","l_62WQ0m0uxW6W4MF2Nwr0BHXd2MdzFVWqdQfAGjKQBsPY4pjLUl18kA1uKkHE5YTyGJ","18369605","[PREMIUM]","[PREMIUM]","[PREMIUM]","224","Section 224","7",6,"['1','2','3','4','5','6']",,"sg_app","open",2,"[PREMIUM]","1,2,3,4,6"
"l_62WQ0m0uxW6W4MF2Nwr0BHXd2MdzFRYvK2nfA1vzGNiv8VpA5sbelKJEsKkHEMcyA","2026-08-22 23:59:29.309","2026-09-04 23:53:41.137","l_62WQ0m0uxW6W4MF2Nwr0BHXd2MdzFRYvK2nfA1vzGNiv8VpA5sbelKJEsKkHEMcyA","18369605","[PREMIUM]","[PREMIUM]","[PREMIUM]","101","Section 101","9",3,"['5','6','7']",,"sg_app","open",0,"[PREMIUM]","1,3"
"l_62WQ0m0uxW6W4MF2Nwr0BHXd2MdzFRNvKmMh9kb0JWi9lJlm5HgDDB22hKkHbjWcZLP","2026-08-22 23:59:29.309","2026-09-04 23:53:41.137","l_62WQ0m0uxW6W4MF2Nwr0BHXd2MdzFRNvKmMh9kb0JWi9lJlm5HgDDB22hKkHbjWcZLP","18369605","[PREMIUM]","[PREMIUM]","[PREMIUM]","113","Section 113","sro",2,"['1','2']",,"sg_app","open",0,"[PREMIUM]","2"
"l_52gbDLDuqbVbBMSwG2yPBFANlvNZCReP9mPf4ljDB9Clk009Ztr34dYMcMqSDxdhRyv","2026-08-22 23:59:29.309","2026-09-04 23:53:41.137","l_52gbDLDuqbVbBMSwG2yPBFANlvNZCReP9mPf4ljDB9Clk009Ztr34dYMcMqSDxdhRyv","18369605","[PREMIUM]","[PREMIUM]","[PREMIUM]","106","Section 106","21",2,"['11','12']",,"sg_app","open",3,"[PREMIUM]","2"
"l_52gbDLDuqbVbBMSwG2yPBFANlvNZC6VYlp9F4YD1LXH8YMA3Eh9GrJj0TMqSGvliP0J","2026-08-22 23:59:29.309","2026-09-04 23:53:41.137","l_52gbDLDuqbVbBMSwG2yPBFANlvNZC6VYlp9F4YD1LXH8YMA3Eh9GrJj0TMqSGvliP0J","18369605","[PREMIUM]","[PREMIUM]","[PREMIUM]","227","Section 227","5",8,"['1','2','3','4','5','6','7','8']",,"sg_app","open",1,"[PREMIUM]","1,2,3,4,5,6"
"l_11px0D0fzLGLdQTKJrD5GtBj3Kj2hA8E0mzfjgDdRNurWzDMqFjQj0WDtylU5NWS9rK","2026-08-22 23:59:29.309","2026-09-04 23:53:41.137","l_11px0D0fzLGLdQTKJrD5GtBj3Kj2hA8E0mzfjgDdRNurWzDMqFjQj0WDtylU5NWS9rK","18369605","[PREMIUM]","[PREMIUM]","[PREMIUM]","217","Section 217","4",8,"['13','14','15','16','17','18','19','20']",,"sg_app","open",2,"[PREMIUM]","1,2,3,4,5,6"
"l_0bR80J0ueVQVK3snqjyzGSWZD9ZQtx0KrrMT6VNqNQcjzYWkLIGW5wXYhbMUAENhE4Y","2026-08-22 23:59:29.309","2026-09-04 23:53:41.137","l_0bR80J0ueVQVK3snqjyzGSWZD9ZQtx0KrrMT6VNqNQcjzYWkLIGW5wXYhbMUAENhE4Y","18369605","[PREMIUM]","[PREMIUM]","[PREMIUM]","107","Section 107","22",7,"['9','10','11','12','13','14','15']",,"sg_app","open",1,"[PREMIUM]","1,2,3,4,5"
"l_0bR80J0ueVQVK3snqjyzGSWZD9ZQtG9ed1jfvNkyVKT20Dq0BTqremxWIbMUnmQUr3P","2026-08-22 23:59:29.309","2026-09-04 23:53:41.137","l_0bR80J0ueVQVK3snqjyzGSWZD9ZQtG9ed1jfvNkyVKT20Dq0BTqremxWIbMUnmQUr3P","18369605","[PREMIUM]","[PREMIUM]","[PREMIUM]","211","Section 211","6",6,"['12','13','14','15','16','17']",,"sg_app","open",0,"[PREMIUM]","1,2,3,4,6"
"l_3dG80w0SAYmYG5u9qW5lKHx1Nm1BC2yM0V4SDjABdgSmzvp8uyKjXBYFBQIgDNhRN0","2026-08-22 23:59:29.309","2026-09-04 00:14:39.532","l_3dG80w0SAYmYG5u9qW5lKHx1Nm1BC2yM0V4SDjABdgSmzvp8uyKjXBYFBQIgDNhRN0","18369605","[PREMIUM]","[PREMIUM]","[PREMIUM]","125","Section 125","8",6,"['1','2','3','4','5','6']",,"sg_app","open",5,"[PREMIUM]","1,2,3,4,6"
"l_9468zZzu4yeyAlcN1qlmviMWnvWzfm90QKjfxrddPPhywKxqyHMmZzQMSN9CP3Dhk28","2026-08-22 23:59:29.309","2026-08-31 00:13:40.769","l_9468zZzu4yeyAlcN1qlmviMWnvWzfm90QKjfxrddPPhywKxqyHMmZzQMSN9CP3Dhk28","18369605","[PREMIUM]","[PREMIUM]","[PREMIUM]","126","Section 126","22",6,"['7','8','9','10','11','12']",,"sg_app","open",5,"[PREMIUM]","1,2,3,4,6"
"l_8ek80M0FAvEve0umWrpXvf3YgzYnhXgnl6gcnRZngzfbK88prH69lgjqfk2c0JdflR3","2026-08-22 23:59:29.309","2026-09-04 00:14:39.532","l_8ek80M0FAvEve0umWrpXvf3YgzYnhXgnl6gcnRZngzfbK88prH69lgjqfk2c0JdflR3","18369605","[PREMIUM]","[PREMIUM]","[PREMIUM]","112","Section 112","18",4,"['11','12','13','14']",,"sg_app","open",1,"[PREMIUM]","1,2,4"
"l_B0D8ZdZTbYmYxDcAxX9jET6p4Pp0SbglrAJSqlRxknFbKpGKXuLvpkrZsLxfGebsrAx","2026-08-22 23:59:29.309","2026-08-31 00:13:40.769","l_B0D8ZdZTbYmYxDcAxX9jET6p4Pp0SbglrAJSqlRxknFbKpGKXuLvpkrZsLxfGebsrAx","18369605","[PREMIUM]","[PREMIUM]","[PREMIUM]","211","Section 211","5",7,"['9','10','11','12','13','14','15']",,"sg_app","open",5,"[PREMIUM]","1,2,3,4,5"
"l_B0D8ZdZTbYmYxDcAxX9jET6p4Pp0SNBeEe3Cvdvpm4hXMjRKjSWgMD3RuLxfNpXSmvA","2026-08-22 23:59:29.309","2026-08-22 23:59:29.309","l_B0D8ZdZTbYmYxDcAxX9jET6p4Pp0SNBeEe3Cvdvpm4hXMjRKjSWgMD3RuLxfNpXSmvA","18369605","[PREMIUM]","[PREMIUM]","[PREMIUM]","104","Section 104","23",4,"['13','14','15','16']",,"sg_app","open",5,"[PREMIUM]","1,2,4"
"l_Ejd8ePeulPmPAvf1PRl9rCABd8BvCl5B543TL0eXGYIPWNpy1TLRJkD6fG2fxWXuJjQ","2026-08-22 23:59:29.309","2026-08-28 22:47:22.232","l_Ejd8ePeulPmPAvf1PRl9rCABd8BvCl5B543TL0eXGYIPWNpy1TLRJkD6fG2fxWXuJjQ","18369605","[PREMIUM]","[PREMIUM]","[PREMIUM]","123","Section 123","16",2,"['14','15']",,"sg_app","open",4,"[PREMIUM]","2"
"l_JW2w545CMXPX9Ju8GAReZSW35y30tPPbxpKHvYjEQ0cg8gBgyFrw6BrXfpMcezEHYAQ","2026-08-22 23:59:29.309","2026-09-04 00:14:39.532","l_JW2w545CMXPX9Ju8GAReZSW35y30tPPbxpKHvYjEQ0cg8gBgyFrw6BrXfpMcezEHYAQ","18369605","[PREMIUM]","[PREMIUM]","[PREMIUM]","218","Section 218","7",6,"['6','7','8','9','10','11']",,"sg_app","open",1,"[PREMIUM]","1,2,3,4,6"
"l_JW2w545CMXPX9Ju8GAReZSW35y30tDrDYnsvdYyPbIVpZZW1tgvEZlvFpMcepVSYvJ","2026-08-22 23:59:29.309","2026-09-03 00:02:33.999","l_JW2w545CMXPX9Ju8GAReZSW35y30tDrDYnsvdYyPbIVpZZW1tgvEZlvFpMcepVSYvJ","18369605","[PREMIUM]","[PREMIUM]","[PREMIUM]","216","Section 216","6",2,"['22','23']",,"sg_app","open",0,"[PREMIUM]","2"
"l_LkrL6W6hNMkMzWtQNq6pWUL3mJ3RHk3q12nFneDbzjSjZ0L23cmLldzYsmETDXbHNG9","2026-08-22 23:59:29.309","2026-09-04 23:53:41.137","l_LkrL6W6hNMkMzWtQNq6pWUL3mJ3RHk3q12nFneDbzjSjZ0L23cmLldzYsmETDXbHNG9","18369605","[PREMIUM]","[PREMIUM]","[PREMIUM]","202","Section 202","5",4,"['9','10','11','12']",,"sg_app","open",1,"[PREMIUM]","1,2,4"
"l_Dvr8p9piVRdRBeIzrnbjeTevJgv1Cbj306LcMPlyYjHeQVQBqIekk488UAgTJGMUpYb","2026-08-22 23:59:29.309","2026-09-04 23:53:41.137","l_Dvr8p9piVRdRBeIzrnbjeTevJgv1Cbj306LcMPlyYjHeQVQBqIekk488UAgTJGMUpYb","18369605","[PREMIUM]","[PREMIUM]","[PREMIUM]","113","Section 113","21",4,"['5','6','7','8']",,"sg_app","open",5,"[PREMIUM]","1,2,4"
"l_B0D8ZdZTbYmYxDcAxX9jET6p4Pp0Spevj33hvZzX0kFk058ZQUgKVRLMCLxfgGmhGrM","2026-08-22 23:59:29.309","2026-09-04 23:53:41.137","l_B0D8ZdZTbYmYxDcAxX9jET6p4Pp0Spevj33hvZzX0kFk058ZQUgKVRLMCLxfgGmhGrM","18369605","[PREMIUM]","[PREMIUM]","[PREMIUM]","226","Section 226","rls",7,"['4','5','6','7','8','9','10']",,"sg_app","open",4,"[PREMIUM]","1,2,3,4,5"
"l_B0D8ZdZTbYmYxDcAxX9jET6p4Pp0SAZz9V9h0W9RLpcrJE9xKsgDXLmEFLxfQM5C06b","2026-08-22 23:59:29.309","2026-09-04 23:53:41.137","l_B0D8ZdZTbYmYxDcAxX9jET6p4Pp0SAZz9V9h0W9RLpcrJE9xKsgDXLmEFLxfQM5C06b","18369605","[PREMIUM]","[PREMIUM]","[PREMIUM]","114","Section 114","13",6,"['3','4','5','6','7','8']",,"sg_app","open",1,"[PREMIUM]","1,2,3,4,6"
"l_B0D8ZdZTbYmYxDcAxX9jET6p4Pp0S4Dnv2QU0WJg6RIY5d2eBuGxAl5tLxfGJ6frqw","2026-08-22 23:59:29.309","2026-09-04 23:53:41.137","l_B0D8ZdZTbYmYxDcAxX9jET6p4Pp0S4Dnv2QU0WJg6RIY5d2eBuGxAl5tLxfGJ6frqw","18369605","[PREMIUM]","[PREMIUM]","[PREMIUM]","212","Section 212","6",4,"['1','2','3','4']",,"sg_app","open",3,"[PREMIUM]","1,2,4"
"l_A40lMrMuPyEygZUyQNW9ksm0G50XCKNQ0RlHLxEXKlFJEqRYdcA5pvRqsPMUYB1sPb2","2026-08-22 23:59:29.309","2026-09-04 23:53:41.137","l_A40lMrMuPyEygZUyQNW9ksm0G50XCKNQ0RlHLxEXKlFJEqRYdcA5pvRqsPMUYB1sPb2","18369605","[PREMIUM]","[PREMIUM]","[PREMIUM]","110","Section 110","13",7,"['7','8','9','10','11','12','13']",,"sg_app","open",2,"[PREMIUM]","1,2,3,4,5"
"l_A40lMrMuPyEygZUyQNW9ksm0G50XC5XMlxLFLyzP3nTPlGNAYcXM0q18TPMUKejFxqb","2026-08-22 23:59:29.309","2026-09-04 23:53:41.137","l_A40lMrMuPyEygZUyQNW9ksm0G50XC5XMlxLFLyzP3nTPlGNAYcXM0q18TPMUKejFxqb","18369605","[PREMIUM]","[PREMIUM]","[PREMIUM]","115","Section 115","4",2,"['11','12']",,"sg_app","open",2,"[PREMIUM]","2"
"l_A40lMrMuPyEygZUyQNW9ksm0G50XC5Bqr08SMGNGqEiv8X5A5iKEdRrwsPMUGVlcB3m","2026-08-22 23:59:29.309","2026-09-04 23:53:41.137","l_A40lMrMuPyEygZUyQNW9ksm0G50XC5Bqr08SMGNGqEiv8X5A5iKEdRrwsPMUGVlcB3m","18369605","[PREMIUM]","[PREMIUM]","[PREMIUM]","Club 01","Club 01","5",1,"['3']",,"sg_app","open",0,"[PREMIUM]","1"
"l_LkrL6W6hNMkMzWtQNq6pWUL3mJ3RHkxm9WEcnDk0AWHy81GrGfYELJKmumETNpeh3ql","2026-08-22 23:59:29.309","2026-09-01 23:15:48.346","l_LkrL6W6hNMkMzWtQNq6pWUL3mJ3RHkxm9WEcnDk0AWHy81GrGfYELJKmumETNpeh3ql","18369605","[PREMIUM]","[PREMIUM]","[PREMIUM]","228","Section 228","6",4,"['3','4','5','6']",,"sg_app","open",2,"[PREMIUM]","1,2,4"
"l_NKrVq8qIBpRpNPFgkDlXPSmnP2nrC1rjeyJFYpydZmFXEyk2dij4GPvnhQkImnEfQ6A","2026-08-22 23:59:29.309","2026-09-03 00:02:33.999","l_NKrVq8qIBpRpNPFgkDlXPSmnP2nrC1rjeyJFYpydZmFXEyk2dij4GPvnhQkImnEfQ6A","18369605","[PREMIUM]","[PREMIUM]","[PREMIUM]","213","Section 213","1",1,"['7']",,"sg_app","open",1,"[PREMIUM]","1"
"l_NKrVq8qIBpRpNPFgkDlXPSmnP2nrCGDmqwjuYXMzNlT5N2wjRSprBDNsQkIA85Ie41","2026-08-22 23:59:29.309","2026-09-01 23:15:48.346","l_NKrVq8qIBpRpNPFgkDlXPSmnP2nrCGDmqwjuYXMzNlT5N2wjRSprBDNsQkIA85Ie41","18369605","[PREMIUM]","[PREMIUM]","[PREMIUM]","212","Section 212","3",2,"['5','6']",,"sg_app","open",2,"[PREMIUM]","2"
"l_QArRVNVipykyZnSdq1RZnT3nM1nVhygrDqMSABrl31Snd54xKc4EXYDAtg6Ix59fD6K","2026-08-22 23:59:29.309","2026-09-03 00:02:33.999","l_QArRVNVipykyZnSdq1RZnT3nM1nVhygrDqMSABrl31Snd54xKc4EXYDAtg6Ix59fD6K","18369605","[PREMIUM]","[PREMIUM]","[PREMIUM]","Club 37","Club 37","6",2,"['9','10']",,"sg_app","open",4,"[PREMIUM]","2"
"l_WqzWGVGiD8B8ZKc8VyjnrSJpldpWCvgDn00s3wRLYYF0ZWe9yu6Rx20Wf0Jfz80ibWr","2026-08-22 23:59:29.309","2026-08-31 22:45:22.439","l_WqzWGVGiD8B8ZKc8VyjnrSJpldpWCvgDn00s3wRLYYF0ZWe9yu6Rx20Wf0Jfz80ibWr","18369605","[PREMIUM]","[PREMIUM]","[PREMIUM]","230","Section 230","7",8,"['1','2','3','4','5','6','7','8']",,"sg_app","open",0,"[PREMIUM]","1,2,3,4,5,6"
"l_XLr5JMJSqlZlrbSmzGp6bfA9X39QCw4p1B8uPmQB44CwzWmmzSZZNAl9snKCNl9H4gp","2026-08-22 23:59:29.309","2026-09-01 23:15:48.346","l_XLr5JMJSqlZlrbSmzGp6bfA9X39QCw4p1B8uPmQB44CwzWmmzSZZNAl9snKCNl9H4gp","18369605","[PREMIUM]","[PREMIUM]","[PREMIUM]","117","Section 117","14",2,"['9','10']",,"sg_app","open",4,"[PREMIUM]","2"
"l_XLr5JMJSqlZlrbSmzGp6bfA9X39QC8nKWeZtPQY3pwSEQDlmZiPBPeEgsnKC20phzAG","2026-08-22 23:59:29.309","2026-09-04 23:53:41.137","l_XLr5JMJSqlZlrbSmzGp6bfA9X39QC8nKWeZtPQY3pwSEQDlmZiPBPeEgsnKC20phzAG","18369605","[PREMIUM]","[PREMIUM]","[PREMIUM]","217","Section 217","7",2,"['16','17']",,"sg_app","open",0,"[PREMIUM]","2"
"l_XLr5JMJSqlZlrbSmzGp6bfA9X39QC4ZAL05S2xjX8dfDW5kykFLEjmKGunKCnWnFZjw","2026-08-22 23:59:29.309","2026-09-04 23:53:41.137","l_XLr5JMJSqlZlrbSmzGp6bfA9X39QC4ZAL05S2xjX8dfDW5kykFLEjmKGunKCnWnFZjw","18369605","[PREMIUM]","[PREMIUM]","[PREMIUM]","228","Section 228","5",8,"['9','10','11','12','13','14','15','16']",,"sg_app","open",1,"[PREMIUM]","1,2,3,4,5,6"
"l_WqzWGVGiD8B8ZKc8VyjnrSJpldpWCRAbnqEug9b0RruPDX0bdfkXE9p0s0Jf941u4yk","2026-08-22 23:59:29.309","2026-09-04 23:53:41.137","l_WqzWGVGiD8B8ZKc8VyjnrSJpldpWCRAbnqEug9b0RruPDX0bdfkXE9p0s0Jf941u4yk","18369605","[PREMIUM]","[PREMIUM]","[PREMIUM]","Club 31","Club 31","6",3,"['5','6','7']",,"sg_app","open",1,"[PREMIUM]","1,3"
"l_VebgBmBF9XVXw8FBer2PvHgpN2pXI2jmveAcqqqJqzi6NyBR0IdMLv4NcEPuXqgfE0Q","2026-08-22 23:59:29.309","2026-09-04 23:53:41.137","l_VebgBmBF9XVXw8FBer2PvHgpN2pXI2jmveAcqqqJqzi6NyBR0IdMLv4NcEPuXqgfE0Q","18369605","[PREMIUM]","[PREMIUM]","[PREMIUM]","111","Section 111","22",5,"['7','8','9','10','11']",,"sg_app","open",5,"[PREMIUM]","1,2,3,5"
"l_RKrpMWMIPwlwA9UDBrE39SLWkZWJHM6nK11i5VkGdRIGgk3z2i5yzlRwcEvuwqEtYkr","2026-08-22 23:59:29.309","2026-09-04 23:53:41.137","l_RKrpMWMIPwlwA9UDBrE39SLWkZWJHM6nK11i5VkGdRIGgk3z2i5yzlRwcEvuwqEtYkr","18369605","[PREMIUM]","[PREMIUM]","[PREMIUM]","Club 23","Club 23","2",1,"['9']",,"sg_app","open",0,"[PREMIUM]","1"
"l_QArRVNVipykyZnSdq1RZnT3nM1nVhY0JJDxt85K0J3I5AzX3mIWB1BrrCg6IXqDhkKZ","2026-08-22 23:59:29.309","2026-09-04 23:53:41.137","l_QArRVNVipykyZnSdq1RZnT3nM1nVhY0JJDxt85K0J3I5AzX3mIWB1BrrCg6IXqDhkKZ","18369605","[PREMIUM]","[PREMIUM]","[PREMIUM]","207","Section 207","3",4,"['17','18','19','20']",,"sg_app","open",0,"[PREMIUM]","1,2,4"
"l_NKrVq8qIBpRpNPFgkDlXPSmnP2nrCR2plmjhYLNV4XIdRXvmmsg3vL64CQkIAD3Iem4","2026-08-22 23:59:29.309","2026-09-04 23:53:41.137","l_NKrVq8qIBpRpNPFgkDlXPSmnP2nrCR2plmjhYLNV4XIdRXvmmsg3vL64CQkIAD3Iem4","18369605","[PREMIUM]","[PREMIUM]","[PREMIUM]","206","Section 206","7",2,"['3','4']",,"sg_app","open",0,"[PREMIUM]","2"
"l_NKrVq8qIBpRpNPFgkDlXPSmnP2nrC9QmgzNCRezGZrtW98DEXCMNR4AEcQkIyZtgr","2026-08-22 23:59:29.309","2026-09-04 23:53:41.137","l_NKrVq8qIBpRpNPFgkDlXPSmnP2nrC9QmgzNCRezGZrtW98DEXCMNR4AEcQkIyZtgr","18369605","[PREMIUM]","[PREMIUM]","[PREMIUM]","101","Section 101","20",7,"['6','7','8','9','10','11','12']",,"sg_app","open",5,"[PREMIUM]","1,2,3,4,5"
"l_M2rmwkwuevKvwVsLGMdAVSxzG2zjCqWGLNBT2DrgVNuMEWRZcbD0j8WIMmS8DmCY59","2026-08-22 23:59:29.309","2026-09-04 23:53:41.137","l_M2rmwkwuevKvwVsLGMdAVSxzG2zjCqWGLNBT2DrgVNuMEWRZcbD0j8WIMmS8DmCY59","18369605","[PREMIUM]","[PREMIUM]","[PREMIUM]","125","Section 125","sro",8,"['7','8','9','10','11','12','13','14']",,"sg_app","open",2,"[PREMIUM]","1,2,3,4,5,6"
"l_ZVr6WRWT8vgvx3fBPQ143Hd3943MsmeKRlAFxDQbvruzWG898T92NjMYiw1sM6AS0be","2026-08-22 23:59:29.309","2026-09-04 00:14:39.532","l_ZVr6WRWT8vgvx3fBPQ143Hd3943MsmeKRlAFxDQbvruzWG898T92NjMYiw1sM6AS0be","18369605","[PREMIUM]","[PREMIUM]","[PREMIUM]","228","Section 228","4",6,"['1','2','3','4','5','6']",,"sg_app","open",1,"[PREMIUM]","1,2,3,4,6"
"l_ZVr6WRWT8vgvx3fBPQ143Hd3943MsgK3zZQc5L2JAjs8m5nRAU9N2yDxCw1sPEMTkL4","2026-08-22 23:59:29.309","2026-09-03 00:02:33.999","l_ZVr6WRWT8vgvx3fBPQ143Hd3943MsgK3zZQc5L2JAjs8m5nRAU9N2yDxCw1sPEMTkL4","18369605","[PREMIUM]","[PREMIUM]","[PREMIUM]","116","Section 116","25",4,"['5','6','7','8']",,"sg_app","open",5,"[PREMIUM]","1,2,4"
"l_eBZN9y9iBe6ePxFQR68xGUVdDzdAuq9pkJ3hyDq6VMspGKmBbSr68BzHRjcV49HLvQ","2026-08-22 23:59:29.309","2026-09-03 00:02:33.999","l_eBZN9y9iBe6ePxFQR68xGUVdDzdAuq9pkJ3hyDq6VMspGKmBbSr68BzHRjcV49HLvQ","18369605","[PREMIUM]","[PREMIUM]","[PREMIUM]","212","Section 212","4",2,"['7','8']",,"sg_app","open",0,"[PREMIUM]","2"
"l_d9MK2l2Sr424YxheVW5b3Iv8E98qSeWk8Vc4VRvL5HK9RN34uJnqPvnUqGiDZ5cE2b","2026-08-22 23:59:29.309","2026-08-31 00:13:40.769","l_d9MK2l2Sr424YxheVW5b3Iv8E98qSeWk8Vc4VRvL5HK9RN34uJnqPvnUqGiDZ5cE2b","18369605","[PREMIUM]","[PREMIUM]","[PREMIUM]","224","Section 224","3",6,"['2','3','4','5','6','7']",,"sg_app","open",2,"[PREMIUM]","1,2,3,4,6"
"l_gzpq1e1HAPDPMxuKgmY3DtnQkKQxuXmKrqDiJBk02bUkBL53XHz9JGLECQwIWRMiLKj","2026-08-22 23:59:29.309","2026-09-01 23:15:48.346","l_gzpq1e1HAPDPMxuKgmY3DtnQkKQxuXmKrqDiJBk02bUkBL53XHz9JGLECQwIWRMiLKj","18369605","[PREMIUM]","[PREMIUM]","[PREMIUM]","110","Section 110","19",1,"['9']",,"sg_app","open",3,"[PREMIUM]","1"
"l_gzpq1e1HAPDPMxuKgmY3DtnQkKQxuj9vqgbiJRxx44hQW34GQUGJ8MNGuQwIYzVT1wd","2026-08-22 23:59:29.309","2026-09-03 00:02:33.999","l_gzpq1e1HAPDPMxuKgmY3DtnQkKQxuj9vqgbiJRxx44hQW34GQUGJ8MNGuQwIYzVT1wd","18369605","[PREMIUM]","[PREMIUM]","[PREMIUM]","126","Section 126","14",4,"['3','4','5','6']",,"sg_app","open",2,"[PREMIUM]","1,2,4"
"l_lyWZ1e1cALWLKXuZdLp6lSBED0EVh12Npl2tZWrZpATy811pDsxe2YB6Cw9s8BJh0nM","2026-08-22 23:59:29.309","2026-09-04 23:53:41.137","l_lyWZ1e1cALWLKXuZdLp6lSBED0EVh12Npl2tZWrZpATy811pDsxe2YB6Cw9s8BJh0nM","18369605","[PREMIUM]","[PREMIUM]","[PREMIUM]","112","Section 112","19",7,"['5','6','7','8','9','10','11']",,"sg_app","open",5,"[PREMIUM]","1,2,3,4,5"
"l_kygMKwKcZBgBQeuk103KQhAnRYnlCmVq8G2hG38mjPsED9EG9CQ06kAyT9vSgmF4N","2026-08-22 23:59:29.309","2026-09-04 23:53:41.137","l_kygMKwKcZBgBQeuk103KQhAnRYnlCmVq8G2hG38mjPsED9EG9CQ06kAyT9vSgmF4N","18369605","[PREMIUM]","[PREMIUM]","[PREMIUM]","103","Section 103","25",5,"['3','4','5','6','7']",,"sg_app","open",5,"[PREMIUM]","1,2,3,5"
"l_kygMKwKcZBgBQeuk103KQhAnRYnlCYvzb2QsGAXbvGF9BAleyCRM3N4pc9vSXRPFkWx","2026-08-22 23:59:29.309","2026-09-04 23:53:41.137","l_kygMKwKcZBgBQeuk103KQhAnRYnlCYvzb2QsGAXbvGF9BAleyCRM3N4pc9vSXRPFkWx","18369605","[PREMIUM]","[PREMIUM]","[PREMIUM]","Club 35","Club 35","4",8,"['5','6','7','8','9','10','11','12']",,"sg_app","open",2,"[PREMIUM]","1,2,3,4,5,6"
"l_jrJV1y1SK808mxsmQq6LDfeM0jM2Cpy3Q2vHZr19LJCkzL9m9HZMw0P9IlMhWyLFXkN","2026-08-22 23:59:29.309","2026-09-04 23:53:41.137","l_jrJV1y1SK808mxsmQq6LDfeM0jM2Cpy3Q2vHZr19LJCkzL9m9HZMw0P9IlMhWyLFXkN","18369605","[PREMIUM]","[PREMIUM]","[PREMIUM]","228","Section 228","4",8,"['7','8','9','10','11','12','13','14']",,"sg_app","open",4,"[PREMIUM]","1,2,3,4,5,6"
"l_jrJV1y1SK808mxsmQq6LDfeM0jM2C1MkBQVT4pwbRBIyB9qKKsJMm0pYtlMhzvef8Rx","2026-08-22 23:59:29.309","2026-09-04 23:53:41.137","l_jrJV1y1SK808mxsmQq6LDfeM0jM2C1MkBQVT4pwbRBIyB9qKKsJMm0pYtlMhzvef8Rx","18369605","[PREMIUM]","[PREMIUM]","[PREMIUM]","206","Section 206","11",2,"['9','10']",,"sg_app","open",1,"[PREMIUM]","2"
"l_gzpq1e1HAPDPMxuKgmY3DtnQkKQxu03dmR9cJ8JDDnUBAg6AYHnNlEL9hQwIYepf14R","2026-08-22 23:59:29.309","2026-09-04 23:53:41.137","l_gzpq1e1HAPDPMxuKgmY3DtnQkKQxu03dmR9cJ8JDDnUBAg6AYHnNlEL9hQwIYepf14R","18369605","[PREMIUM]","[PREMIUM]","[PREMIUM]","124","Section 124","26",6,"['9','10','11','12','13','14']",,"sg_app","open",3,"[PREMIUM]","1,2,3,4,6"
"l_d9MK2l2Sr424YxheVW5b3Iv8E98qSymQZ2AiXJnZDjhGxwGEATWXQlrgHqGiZGJC2Qd","2026-08-22 23:59:29.309","2026-09-04 23:53:41.137","l_d9MK2l2Sr424YxheVW5b3Iv8E98qSymQZ2AiXJnZDjhGxwGEATWXQlrgHqGiZGJC2Qd","18369605","[PREMIUM]","[PREMIUM]","[PREMIUM]","109","Section 109","16",7,"['3','4','5','6','7','8','9']",,"sg_app","open",2,"[PREMIUM]","1,2,3,4,5"
"l_bzme9B9HN2W2bXtwKEk8yFPMLWMRfwlRdbgs06GGllH1keMv1tv2Gw9vTQ6IpWmHr6r","2026-08-22 23:59:29.309","2026-09-04 23:53:41.137","l_bzme9B9HN2W2bXtwKEk8yFPMLWMRfwlRdbgs06GGllH1keMv1tv2Gw9vTQ6IpWmHr6r","18369605","[PREMIUM]","[PREMIUM]","[PREMIUM]","126","Section 126","15",6,"['7','8','9','10','11','12']",,"sg_app","open",2,"[PREMIUM]","1,2,3,4,6"
"l_bzme9B9HN2W2bXtwKEk8yFPMLWMRfdnX3EEC08XP2xC2NQemvINPYDmpiQ6IQQ2TAAB","2026-08-22 23:59:29.309","2026-09-04 23:53:41.137","l_bzme9B9HN2W2bXtwKEk8yFPMLWMRfdnX3EEC08XP2xC2NQemvINPYDmpiQ6IQQ2TAAB","18369605","[PREMIUM]","[PREMIUM]","[PREMIUM]","226","Section 226","2",5,"['12','13','14','15','16']",,"sg_app","open",2,"[PREMIUM]","1,2,3,5"
"l_n8kpYmYul4245XfzPVyJ4TNxZmx9UeQxA9xUybgqDZIZYyyJ2fYjP1p2IeDCPX8TKJ5","2026-08-22 23:59:29.309","2026-09-01 23:15:48.346","l_n8kpYmYul4245XfzPVyJ4TNxZmx9UeQxA9xUybgqDZIZYyyJ2fYjP1p2IeDCPX8TKJ5","18369605","[PREMIUM]","[PREMIUM]","[PREMIUM]","106","Section 106","14",4,"['7','8','9','10']",,"sg_app","open",1,"[PREMIUM]","1,2,4"
"l_rYAgvRvIQBAB1XH5PdAkzHGekVeDcEj9A3giQEegzKC4ZqEJ0t51Qge3IPKU1KPFmz0","2026-08-22 23:59:29.309","2026-08-28 01:05:05.076","l_rYAgvRvIQBAB1XH5PdAkzHGekVeDcEj9A3giQEegzKC4ZqEJ0t51Qge3IPKU1KPFmz0","18369605","[PREMIUM]","[PREMIUM]","[PREMIUM]","115","Section 115","21",4,"['3','4','5','6']",,"sg_app","open",2,"[PREMIUM]","1,2,4"
"l_wg0EzNzUBM0MAxF4MpXvRFELkYL5UxPyJmCzBK81JS0V5lQEh621Pd2fX2IN2wcqVM","2026-08-22 23:59:29.309","2026-08-31 00:13:40.769","l_wg0EzNzUBM0MAxF4MpXvRFELkYL5UxPyJmCzBK81JS0V5lQEh621Pd2fX2IN2wcqVM","18369605","[PREMIUM]","[PREMIUM]","[PREMIUM]","224","Section 224","3",8,"['8','9','10','11','12','13','14','15']",,"sg_app","open",4,"[PREMIUM]","1,2,3,4,5,6"
"l_wg0EzNzUBM0MAxF4MpXvRFELkYL5U2mQDnDHe19MYlce1ZMr9hM0BPRbHX2IpkxIP4J","2026-08-22 23:59:29.309","2026-09-03 00:02:33.999","l_wg0EzNzUBM0MAxF4MpXvRFELkYL5U2mQDnDHe19MYlce1ZMr9hM0BPRbHX2IpkxIP4J","18369605","[PREMIUM]","[PREMIUM]","[PREMIUM]","114","Section 114","22",7,"['5','6','7','8','9','10','11']",,"sg_app","open",2,"[PREMIUM]","1,2,3,4,5"
"l_rYAgvRvIQBAB1XH5PdAkzHGekVeDcwBm2R4imKEXvJiGmqBWiEBRg32FPKUL9NfVpY","2026-08-22 23:59:29.309","2026-09-03 00:02:33.999","l_rYAgvRvIQBAB1XH5PdAkzHGekVeDcwBm2R4imKEXvJiGmqBWiEBRg32FPKUL9NfVpY","18369605","[PREMIUM]","[PREMIUM]","[PREMIUM]","125","Section 125","16",6,"['10','11','12','13','14','15']",,"sg_app","open",1,"[PREMIUM]","1,2,3,4,6"
"l_ywKAeref6NBNLxHwbDKjGFgjGmjyIlNvArYfAnedD8iqN8yX4iWBdl52terC8vfW4","2026-08-22 23:59:29.309","2026-08-25 22:50:34.050","l_ywKAeref6NBNLxHwbDKjGFgjGmjyIlNvArYfAnedD8iqN8yX4iWBdl52terC8vfW4","18369605","[PREMIUM]","[PREMIUM]","[PREMIUM]","101","Section 101","21",4,"['7','8','9','10']",,"sg_app","open",1,"[PREMIUM]","1,2,4"
"l_ywKAeref6NBNLxHwbDKjGFgjGmjyIKpLrwzHArbbwwinZQb8nsdxV2MduerC2MluryE","2026-08-22 23:59:29.309","2026-09-04 23:53:41.137","l_ywKAeref6NBNLxHwbDKjGFgjGmjyIKpLrwzHArbbwwinZQb8nsdxV2MduerC2MluryE","18369605","[PREMIUM]","[PREMIUM]","[PREMIUM]","126","Section 126","20",8,"['9','10','11','12','13','14','15','16']",,"sg_app","open",2,"[PREMIUM]","1,2,3,4,5,6"
"l_wg0EzNzUBM0MAxF4MpXvRFELkYL5Um4J2pLHzwyRXJIM4z063sNLk59dHX2Im2NijVz","2026-08-22 23:59:29.309","2026-09-04 23:53:41.137","l_wg0EzNzUBM0MAxF4MpXvRFELkYL5Um4J2pLHzwyRXJIM4z063sNLk59dHX2Im2NijVz","18369605","[PREMIUM]","[PREMIUM]","[PREMIUM]","Club 37","Club 37","4",2,"['5','6']",,"sg_app","open",1,"[PREMIUM]","2"
"l_vg46K0KUNYyYPxtG0v8LEilX1xXmcgLyNWDudjwY05sVdxP8CvLqPp8hXgI1V1cBPv","2026-08-22 23:59:29.309","2026-09-04 23:53:41.137","l_vg46K0KUNYyYPxtG0v8LEilX1xXmcgLyNWDudjwY05sVdxP8CvLqPp8hXgI1V1cBPv","18369605","[PREMIUM]","[PREMIUM]","[PREMIUM]","125","Section 125","14",4,"['5','6','7','8']",,"sg_app","open",1,"[PREMIUM]","1,2,4"
"p1pk486","2026-08-22 23:59:29.309","2026-09-04 23:53:41.137","p1pk486","18369605","[PREMIUM]","[PREMIUM]","[PREMIUM]","126","Section 126","1",2,"['3','4']",,"electronic","open_marketplace",3,"[PREMIUM]","2"
"5EjuZwMalxe","2026-08-22 23:59:25.353","2026-09-04 23:53:43.695","5EjuZwMalxe","18377630","[PREMIUM]","[PREMIUM]","[PREMIUM]","211","Section 211","3",2,"[]","2026-12-20 00:00:00","electronic","exchange",1,"[PREMIUM]","2"
"6mOhko3VpOb","2026-08-22 23:59:25.353","2026-09-04 23:53:43.695","6mOhko3VpOb","18377630","[PREMIUM]","[PREMIUM]","[PREMIUM]","120","Section 120","7",4,"[]","2026-12-21 00:00:00","electronic","exchange",2,"[PREMIUM]","1,2,3,4"
"BALImMV9V4L","2026-08-22 23:59:25.353","2026-09-04 23:53:43.695","BALImMV9V4L","18377630","[PREMIUM]","[PREMIUM]","[PREMIUM]","414","Section 414","1",2,"['11','12']","2026-12-19 00:00:00","electronic","exchange",0,"[PREMIUM]","2"
"JABI3EbaJZ5","2026-08-22 23:59:25.353","2026-08-23 23:01:43.955","JABI3EbaJZ5","18377630","[PREMIUM]","[PREMIUM]","[PREMIUM]","210","Section 210","1",2,"[]","2026-12-21 00:00:00","electronic","exchange",2,"[PREMIUM]","2"
"NrqUv6XwKZA","2026-08-22 23:59:25.353","2026-08-23 23:01:43.955","NrqUv6XwKZA","18377630","[PREMIUM]","[PREMIUM]","[PREMIUM]","211","Section 211","3",2,"[]","2026-12-21 00:00:00","electronic","exchange",1,"[PREMIUM]","2"
"X03tKlEP3Pv","2026-08-22 23:59:25.353","2026-09-04 23:53:43.695","X03tKlEP3Pv","18377630","[PREMIUM]","[PREMIUM]","[PREMIUM]","211","Section 211","3",2,"['8','9']","2026-12-19 00:00:00","electronic","exchange",1,"[PREMIUM]","2"
"Zm9hvJD5GVz","2026-08-22 23:59:25.353","2026-08-23 23:01:43.955","Zm9hvJD5GVz","18377630","[PREMIUM]","[PREMIUM]","[PREMIUM]","210","Section 210","1",2,"['7','8']","2026-12-19 00:00:00","electronic","exchange",0,"[PREMIUM]","2"
"eeacK8B6rKk","2026-08-22 23:59:25.353","2026-08-23 23:01:43.955","eeacK8B6rKk","18377630","[PREMIUM]","[PREMIUM]","[PREMIUM]","210","Section 210","1",2,"[]","2026-12-20 00:00:00","electronic","exchange",0,"[PREMIUM]","2"
"g48Ur6ebadp","2026-08-22 23:59:25.353","2026-09-04 23:53:43.695","g48Ur6ebadp","18377630","[PREMIUM]","[PREMIUM]","[PREMIUM]","417","Section 417","6",2,"[]","2026-12-21 00:00:00","electronic","exchange",2,"[PREMIUM]","2"
"jDvszkBYamN","2026-08-22 23:59:25.353","2026-08-29 23:39:58.981","jDvszkBYamN","18377630","[PREMIUM]","[PREMIUM]","[PREMIUM]","213","Section 213","3",4,"['12','13','14','15']","2026-12-19 00:00:00","electronic","exchange",5,"[PREMIUM]","2,4"
"lxVsdRO5XKn","2026-08-22 23:59:25.353","2026-09-04 23:53:43.695","lxVsdRO5XKn","18377630","[PREMIUM]","[PREMIUM]","[PREMIUM]","318","Section 318","2",2,"['1','2']","2026-12-19 00:00:00","electronic","exchange",1,"[PREMIUM]","2"
"JABI3EbEeRZ","2026-08-22 23:59:21.946","2026-09-04 23:53:56.266","JABI3EbEeRZ","18376892","[PREMIUM]","[PREMIUM]","[PREMIUM]","403","Section 403","a",2,"['1','2']","2026-12-19 00:00:00","electronic","exchange",5,"[PREMIUM]","2"
"05VT8lvJE5L","2026-08-22 23:59:17.795","2026-08-23 23:01:38.728","05VT8lvJE5L","18378690","[PREMIUM]","[PREMIUM]","[PREMIUM]","319","Section 319","s",5,"[]","2026-12-21 00:00:00","electronic","exchange",1,"[PREMIUM]","1,3,5"
"2v0czq7RvJo","2026-08-22 23:59:17.795","2026-08-22 23:59:17.795","2v0czq7RvJo","18378690","[PREMIUM]","[PREMIUM]","[PREMIUM]","319","Section 319","s",7,"[]","2026-12-20 00:00:00","electronic","exchange",2,"[PREMIUM]","1,2,3,4,5,6,7"
"2v0czq7baKD","2026-08-22 23:59:17.795","2026-08-23 23:01:38.728","2v0czq7baKD","18378690","[PREMIUM]","[PREMIUM]","[PREMIUM]","306","Section 306","h",2,"[]","2026-12-21 00:00:00","electronic","exchange",1,"[PREMIUM]","2"
"3q7fNLZ78Yg","2026-08-22 23:59:17.795","2026-08-23 23:01:38.728","3q7fNLZ78Yg","18378690","[PREMIUM]","[PREMIUM]","[PREMIUM]","320","Section 320","p",8,"[]","2026-12-20 00:00:00","electronic","exchange",4,"[PREMIUM]","1,2,3,4,5,6,7,8"
"3q7fNLZR649","2026-08-22 23:59:17.795","2026-08-23 23:01:38.728","3q7fNLZR649","18378690","[PREMIUM]","[PREMIUM]","[PREMIUM]","327","Section 327","h",2,"[]","2026-12-21 00:00:00","electronic","exchange",2,"[PREMIUM]","2"
"4vXcjRgXOvJ","2026-08-22 23:59:17.795","2026-08-22 23:59:17.795","4vXcjRgXOvJ","18378690","[PREMIUM]","[PREMIUM]","[PREMIUM]","305","Section 305","r",4,"[]","2026-12-20 00:00:00","electronic","exchange",2,"[PREMIUM]","1,2,3,4"
"4vXcjRgXODJ","2026-08-22 23:59:17.795","2026-08-23 23:01:38.728","4vXcjRgXODJ","18378690","[PREMIUM]","[PREMIUM]","[PREMIUM]","308","Section 308","n",8,"[]","2026-12-20 00:00:00","electronic","exchange",2,"[PREMIUM]","1,2,3,4,5,6,7,8"
"5EjuZwPj8OY","2026-08-22 23:59:17.795","2026-08-22 23:59:17.795","5EjuZwPj8OY","18378690","[PREMIUM]","[PREMIUM]","[PREMIUM]","309","Section 309","p",8,"[]","2026-12-20 00:00:00","electronic","exchange",2,"[PREMIUM]","1,2,3,4,5,6,7,8"
"6mOhko3OKPq","2026-08-22 23:59:17.795","2026-08-22 23:59:17.795","6mOhko3OKPq","18378690","[PREMIUM]","[PREMIUM]","[PREMIUM]","305","Section 305","n",8,"[]","2026-12-20 00:00:00","electronic","exchange",3,"[PREMIUM]","1,2,3,4,5,6,7,8"
"6mOhko3OPRK","2026-08-22 23:59:17.795","2026-08-23 23:01:38.728","6mOhko3OPRK","18378690","[PREMIUM]","[PREMIUM]","[PREMIUM]","308","Section 308","s",8,"[]","2026-12-20 00:00:00","electronic","exchange",2,"[PREMIUM]","1,2,3,4,5,6,7,8"
"6mOhko3q24P","2026-08-22 23:59:17.795","2026-08-23 23:01:38.728","6mOhko3q24P","18378690","[PREMIUM]","[PREMIUM]","[PREMIUM]","319","Section 319","f",2,"[]","2026-12-21 00:00:00","electronic","exchange",1,"[PREMIUM]","2"
"6mOhko3pYjE","2026-08-22 23:59:17.795","2026-08-23 23:01:38.728","6mOhko3pYjE","18378690","[PREMIUM]","[PREMIUM]","[PREMIUM]","311","Section 311","h",3,"[]","2026-12-21 00:00:00","electronic","exchange",1,"[PREMIUM]","1,3"
"8lKt6a84aGk","2026-08-22 23:59:17.795","2026-08-23 23:01:38.728","8lKt6a84aGk","18378690","[PREMIUM]","[PREMIUM]","[PREMIUM]","117","Section 117","k",4,"[]","2026-12-21 00:00:00","electronic","exchange",0,"[PREMIUM]","2,4"
"8lKt6a8DxRm","2026-08-22 23:59:17.795","2026-08-22 23:59:17.795","8lKt6a8DxRm","18378690","[PREMIUM]","[PREMIUM]","[PREMIUM]","326","Section 326","n",7,"[]","2026-12-20 00:00:00","electronic","exchange",3,"[PREMIUM]","1,2,3,4,5,6,7"
"8lKt6a8DEq2","2026-08-22 23:59:17.795","2026-08-23 23:01:38.728","8lKt6a8DEq2","18378690","[PREMIUM]","[PREMIUM]","[PREMIUM]","326","Section 326","r",8,"[]","2026-12-20 00:00:00","electronic","exchange",3,"[PREMIUM]","1,2,3,4,5,6,7,8"
"DdwHkMbw9q4","2026-08-22 23:59:17.795","2026-08-23 23:01:38.728","DdwHkMbw9q4","18378690","[PREMIUM]","[PREMIUM]","[PREMIUM]","322","Section 322","m",8,"[]","2026-12-20 00:00:00","electronic","exchange",2,"[PREMIUM]","1,2,3,4,5,6,7,8"
"EroUXgRDlkK","2026-08-22 23:59:17.795","2026-08-23 23:01:38.728","EroUXgRDlkK","18378690","[PREMIUM]","[PREMIUM]","[PREMIUM]","309","Section 309","n",7,"[]","2026-12-20 00:00:00","electronic","exchange",2,"[PREMIUM]","1,2,3,4,5,6,7"
"EroUXgRDlkx","2026-08-22 23:59:17.795","2026-08-22 23:59:17.795","EroUXgRDlkx","18378690","[PREMIUM]","[PREMIUM]","[PREMIUM]","308","Section 308","p",8,"[]","2026-12-20 00:00:00","electronic","exchange",2,"[PREMIUM]","1,2,3,4,5,6,7,8"
"JABI3EbrOB9","2026-08-22 23:59:17.795","2026-08-23 23:01:38.728","JABI3EbrOB9","18378690","[PREMIUM]","[PREMIUM]","[PREMIUM]","310","Section 310","n",3,"[]","2026-12-21 00:00:00","electronic","exchange",1,"[PREMIUM]","1,3"
"KezczqRJvYM","2026-08-22 23:59:17.795","2026-08-23 23:01:38.728","KezczqRJvYM","18378690","[PREMIUM]","[PREMIUM]","[PREMIUM]","329","Section 329","r",8,"[]","2026-12-21 00:00:00","electronic","exchange",1,"[PREMIUM]","1,2,3,4,6,8"
"KezczqRbPz2","2026-08-22 23:59:17.795","2026-08-22 23:59:17.795","KezczqRbPz2","18378690","[PREMIUM]","[PREMIUM]","[PREMIUM]","320","Section 320","s",8,"[]","2026-12-20 00:00:00","electronic","exchange",3,"[PREMIUM]","1,2,3,4,5,6,7,8"
"KezczqRB8a7","2026-08-22 23:59:17.795","2026-08-23 23:01:38.728","KezczqRB8a7","18378690","[PREMIUM]","[PREMIUM]","[PREMIUM]","316","Section 316","h",2,"[]","2026-12-21 00:00:00","electronic","exchange",1,"[PREMIUM]","2"
"LbviL8Rmroo","2026-08-22 23:59:17.795","2026-08-23 23:01:38.728","LbviL8Rmroo","18378690","[PREMIUM]","[PREMIUM]","[PREMIUM]","322","Section 322","p",8,"[]","2026-12-20 00:00:00","electronic","exchange",3,"[PREMIUM]","1,2,3,4,5,6,7,8"
"MAeIP3pXaJ7","2026-08-22 23:59:17.795","2026-08-22 23:59:17.795","MAeIP3pXaJ7","18378690","[PREMIUM]","[PREMIUM]","[PREMIUM]","310","Section 310","r",8,"[]","2026-12-20 00:00:00","electronic","exchange",2,"[PREMIUM]","1,2,3,4,5,6,7,8"
"MAeIP3pXLbo","2026-08-22 23:59:17.795","2026-08-22 23:59:17.795","MAeIP3pXLbo","18378690","[PREMIUM]","[PREMIUM]","[PREMIUM]","320","Section 320","r",8,"[]","2026-12-20 00:00:00","electronic","exchange",3,"[PREMIUM]","1,2,3,4,5,6,7,8"
"NrqUv6RmggP","2026-08-22 23:59:17.795","2026-08-22 23:59:17.795","NrqUv6RmggP","18378690","[PREMIUM]","[PREMIUM]","[PREMIUM]","320","Section 320","n",8,"[]","2026-12-20 00:00:00","electronic","exchange",3,"[PREMIUM]","1,2,3,4,5,6,7,8"
"NrqUv6RMY3p","2026-08-22 23:59:17.795","2026-08-23 23:01:38.728","NrqUv6RMY3p","18378690","[PREMIUM]","[PREMIUM]","[PREMIUM]","320","Section 320","n",8,"[]","2026-12-21 00:00:00","electronic","exchange",2,"[PREMIUM]","1,2,3,4,6,8"
"NrqUv6Rlwnw","2026-08-22 23:59:17.795","2026-09-04 23:53:28.164","NrqUv6Rlwnw","18378690","[PREMIUM]","[PREMIUM]","[PREMIUM]","216","Section 216","e",2,"['1','2']","2026-12-19 00:00:00","electronic","exchange",4,"[PREMIUM]","2"
"V4KU04o5j8G","2026-08-22 23:59:17.795","2026-08-23 23:01:38.728","V4KU04o5j8G","18378690","[PREMIUM]","[PREMIUM]","[PREMIUM]","322","Section 322","m",8,"[]","2026-12-21 00:00:00","electronic","exchange",1,"[PREMIUM]","1,2,3,4,6,8"
"Zm9hvJDN63b","2026-08-22 23:59:17.795","2026-08-23 23:01:38.728","Zm9hvJDN63b","18378690","[PREMIUM]","[PREMIUM]","[PREMIUM]","329","Section 329","t",8,"[]","2026-12-20 00:00:00","electronic","exchange",5,"[PREMIUM]","1,2,3,4,5,6,7,8"
"Zm9hvJDl3rk","2026-08-22 23:59:17.795","2026-08-22 23:59:17.795","Zm9hvJDl3rk","18378690","[PREMIUM]","[PREMIUM]","[PREMIUM]","322","Section 322","b",8,"[]","2026-12-20 00:00:00","electronic","exchange",2,"[PREMIUM]","1,2,3,4,5,6,7,8"
"Zm9hvJDl6aP","2026-08-22 23:59:17.795","2026-08-22 23:59:17.795","Zm9hvJDl6aP","18378690","[PREMIUM]","[PREMIUM]","[PREMIUM]","329","Section 329","r",8,"[]","2026-12-20 00:00:00","electronic","exchange",2,"[PREMIUM]","1,2,3,4,5,6,7,8"
"agktlMB8kAB","2026-08-22 23:59:17.795","2026-08-23 23:01:38.728","agktlMB8kAB","18378690","[PREMIUM]","[PREMIUM]","[PREMIUM]","309","Section 309","r",8,"[]","2026-12-20 00:00:00","electronic","exchange",2,"[PREMIUM]","1,2,3,4,5,6,7,8"
"agktlMB6oaj","2026-08-22 23:59:17.795","2026-08-23 23:01:38.728","agktlMB6oaj","18378690","[PREMIUM]","[PREMIUM]","[PREMIUM]","301","Section 301","h",2,"[]","2026-12-21 00:00:00","electronic","exchange",1,"[PREMIUM]","2"
"agktlMBajXg","2026-08-22 23:59:17.795","2026-08-23 23:01:38.728","agktlMBajXg","18378690","[PREMIUM]","[PREMIUM]","[PREMIUM]","310","Section 310","r",8,"[]","2026-12-21 00:00:00","electronic","exchange",1,"[PREMIUM]","1,2,3,4,6,8"
"b4wUaoLBKLn","2026-08-22 23:59:17.795","2026-08-22 23:59:17.795","b4wUaoLBKLn","18378690","[PREMIUM]","[PREMIUM]","[PREMIUM]","308","Section 308","m",4,"[]","2026-12-21 00:00:00","electronic","exchange",1,"[PREMIUM]","2,4"
"b4wUaoLkwZ7","2026-08-22 23:59:17.795","2026-08-22 23:59:17.795","b4wUaoLkwZ7","18378690","[PREMIUM]","[PREMIUM]","[PREMIUM]","311","Section 311","n",8,"[]","2026-12-20 00:00:00","electronic","exchange",2,"[PREMIUM]","1,2,3,4,5,6,7,8"
"dNgUgpMxZ08","2026-08-22 23:59:17.795","2026-08-23 23:01:38.728","dNgUgpMxZ08","18378690","[PREMIUM]","[PREMIUM]","[PREMIUM]","303","Section 303","r",8,"[]","2026-12-20 00:00:00","electronic","exchange",2,"[PREMIUM]","1,2,3,4,5,6,7,8"
"dNgUgpMxgBa","2026-08-22 23:59:17.795","2026-08-22 23:59:17.795","dNgUgpMxgBa","18378690","[PREMIUM]","[PREMIUM]","[PREMIUM]","117","Section 117","w",4,"[]","2026-12-20 00:00:00","electronic","exchange",3,"[PREMIUM]","1,2,3,4"
"g48Ur6e3Ak8","2026-08-22 23:59:17.795","2026-08-23 23:01:38.728","g48Ur6e3Ak8","18378690","[PREMIUM]","[PREMIUM]","[PREMIUM]","101","Section 101","m",2,"[]","2026-12-21 00:00:00","electronic","exchange",0,"[PREMIUM]","2"
"g48Ur6enEoL","2026-08-22 23:59:17.795","2026-08-22 23:59:17.795","g48Ur6enEoL","18378690","[PREMIUM]","[PREMIUM]","[PREMIUM]","326","Section 326","s",8,"[]","2026-12-20 00:00:00","electronic","exchange",3,"[PREMIUM]","1,2,3,4,5,6,7,8"
"kYet9mDJLd9","2026-08-22 23:59:17.795","2026-08-23 23:01:38.728","kYet9mDJLd9","18378690","[PREMIUM]","[PREMIUM]","[PREMIUM]","319","Section 319","k",6,"[]","2026-12-20 00:00:00","electronic","exchange",2,"[PREMIUM]","1,2,3,4,5,6"
"lxVsdROEPjk","2026-08-22 23:59:17.795","2026-08-23 23:01:38.728","lxVsdROEPjk","18378690","[PREMIUM]","[PREMIUM]","[PREMIUM]","312","Section 312","f",2,"[]","2026-12-21 00:00:00","electronic","exchange",1,"[PREMIUM]","2"
"lxVsdROJDjp","2026-08-22 23:59:17.795","2026-08-23 23:01:38.728","lxVsdROJDjp","18378690","[PREMIUM]","[PREMIUM]","[PREMIUM]","117","Section 117","w",2,"[]","2026-12-21 00:00:00","electronic","exchange",2,"[PREMIUM]","2"
"lxVsdRO9anz","2026-08-22 23:59:17.795","2026-08-22 23:59:17.795","lxVsdRO9anz","18378690","[PREMIUM]","[PREMIUM]","[PREMIUM]","311","Section 311","m",4,"[]","2026-12-20 00:00:00","electronic","exchange",2,"[PREMIUM]","1,2,3,4"
"lxVsdRONdYL","2026-08-22 23:59:17.795","2026-09-04 23:53:28.164","lxVsdRONdYL","18378690","[PREMIUM]","[PREMIUM]","[PREMIUM]","118","Section 118","e",2,"['1','2']","2026-12-19 00:00:00","electronic","exchange",1,"[PREMIUM]","2"
"mxAs4xnR7jE","2026-08-22 23:59:17.795","2026-08-23 23:01:38.728","mxAs4xnR7jE","18378690","[PREMIUM]","[PREMIUM]","[PREMIUM]","305","Section 305","r",4,"[]","2026-12-21 00:00:00","electronic","exchange",1,"[PREMIUM]","2,4"
"nx0srKqD06d","2026-08-22 23:59:17.795","2026-08-23 23:01:38.728","nx0srKqD06d","18378690","[PREMIUM]","[PREMIUM]","[PREMIUM]","318","Section 318","l",4,"[]","2026-12-21 00:00:00","electronic","exchange",1,"[PREMIUM]","2,4"
"nx0srKqEwGe","2026-08-22 23:59:17.795","2026-08-22 23:59:17.795","nx0srKqEwGe","18378690","[PREMIUM]","[PREMIUM]","[PREMIUM]","304","Section 304","p",8,"[]","2026-12-20 00:00:00","electronic","exchange",2,"[PREMIUM]","1,2,3,4,5,6,7,8"
"oV7Hb6Bvrl6","2026-08-22 23:59:17.795","2026-08-23 23:01:38.728","oV7Hb6Bvrl6","18378690","[PREMIUM]","[PREMIUM]","[PREMIUM]","304","Section 304","p",8,"[]","2026-12-21 00:00:00","electronic","exchange",1,"[PREMIUM]","1,2,3,4,6,8"
"pVXHD73eb3Y","2026-08-22 23:59:17.795","2026-08-23 23:01:38.728","pVXHD73eb3Y","18378690","[PREMIUM]","[PREMIUM]","[PREMIUM]","305","Section 305","n",8,"[]","2026-12-21 00:00:00","electronic","exchange",1,"[PREMIUM]","1,2,3,4,6,8"
"qVjH2mJlxaD","2026-08-22 23:59:17.795","2026-08-23 23:01:38.728","qVjH2mJlxaD","18378690","[PREMIUM]","[PREMIUM]","[PREMIUM]","326","Section 326","f",2,"[]","2026-12-21 00:00:00","electronic","exchange",1,"[PREMIUM]","2"
"qVjH2mJrwld","2026-08-22 23:59:17.795","2026-08-22 23:59:17.795","qVjH2mJrwld","18378690","[PREMIUM]","[PREMIUM]","[PREMIUM]","307","Section 307","m",8,"[]","2026-12-20 00:00:00","electronic","exchange",2,"[PREMIUM]","1,2,3,4,5,6,7,8"
"rVOHkpBL83e","2026-08-22 23:59:17.795","2026-08-23 23:01:38.728","rVOHkpBL83e","18378690","[PREMIUM]","[PREMIUM]","[PREMIUM]","319","Section 319","l",8,"[]","2026-12-20 00:00:00","electronic","exchange",2,"[PREMIUM]","1,2,3,4,5,6,7,8"
"rVOHkpGJMrL","2026-08-22 23:59:17.795","2026-09-04 23:53:28.164","rVOHkpGJMrL","18378690","[PREMIUM]","[PREMIUM]","[PREMIUM]","115","Section 115","k",2,"['7','8']","2026-12-19 00:00:00","electronic","exchange",4,"[PREMIUM]","2"
"vb3iPwBgK73","2026-08-22 23:59:17.795","2026-08-23 23:01:38.728","vb3iPwBgK73","18378690","[PREMIUM]","[PREMIUM]","[PREMIUM]","326","Section 326","h",6,"[]","2026-12-20 00:00:00","electronic","exchange",3,"[PREMIUM]","1,2,3,4,5,6"
"vb3iPwvX6zM","2026-08-22 23:59:17.795","2026-08-23 23:01:38.728","vb3iPwvX6zM","18378690","[PREMIUM]","[PREMIUM]","[PREMIUM]","115","Section 115","k",2,"[]","2026-12-21 00:00:00","electronic","exchange",2,"[PREMIUM]","2"
"w3Jse8m7P39","2026-08-22 23:59:17.795","2026-08-23 23:01:38.728","w3Jse8m7P39","18378690","[PREMIUM]","[PREMIUM]","[PREMIUM]","308","Section 308","s",8,"[]","2026-12-21 00:00:00","electronic","exchange",1,"[PREMIUM]","1,2,3,4,6,8"
"w3Jse8mrBJ4","2026-08-22 23:59:17.795","2026-08-23 23:01:38.728","w3Jse8mrBJ4","18378690","[PREMIUM]","[PREMIUM]","[PREMIUM]","205","Section 205","d",2,"[]","2026-12-21 00:00:00","electronic","exchange",1,"[PREMIUM]","2"
"xb9imlKMmrM","2026-08-22 23:59:17.795","2026-08-23 23:01:38.728","xb9imlKMmrM","18378690","[PREMIUM]","[PREMIUM]","[PREMIUM]","101","Section 101","v",4,"[]","2026-12-20 00:00:00","electronic","exchange",2,"[PREMIUM]","1,2,3,4"
"xb9imlKMkR9","2026-08-22 23:59:17.795","2026-08-23 23:01:38.728","xb9imlKMkR9","18378690","[PREMIUM]","[PREMIUM]","[PREMIUM]","325","Section 325","n",8,"[]","2026-12-20 00:00:00","electronic","exchange",3,"[PREMIUM]","1,2,3,4,5,6,7,8"
"xb9imlKzaaD","2026-08-22 23:59:17.795","2026-08-22 23:59:17.795","xb9imlKzaaD","18378690","[PREMIUM]","[PREMIUM]","[PREMIUM]","305","Section 305","r",6,"[]","2026-12-20 00:00:00","electronic","exchange",2,"[PREMIUM]","1,2,3,4,5,6"
"z3Es6vxJDop","2026-08-22 23:59:17.795","2026-08-23 23:01:38.728","z3Es6vxJDop","18378690","[PREMIUM]","[PREMIUM]","[PREMIUM]","309","Section 309","s",8,"[]","2026-12-20 00:00:00","electronic","exchange",2,"[PREMIUM]","1,2,3,4,5,6,7,8"
"z3Es6vxzqzp","2026-08-22 23:59:17.795","2026-08-23 23:01:38.728","z3Es6vxzqzp","18378690","[PREMIUM]","[PREMIUM]","[PREMIUM]","322","Section 322","p",8,"[]","2026-12-21 00:00:00","electronic","exchange",1,"[PREMIUM]","1,2,3,4,6,8"
"05VT8lv0ev7","2026-08-22 23:59:11.617","2026-08-23 22:55:59.073","05VT8lv0ev7","18378607","[PREMIUM]","[PREMIUM]","[PREMIUM]","106","Section 106","8",5,"[]","2026-12-12 00:00:00","electronic","exchange",5,"[PREMIUM]","1,2,3,4,5"
"05VT8lvPxJ9","2026-08-22 23:59:11.617","2026-08-22 23:59:11.617","05VT8lvPxJ9","18378607","[PREMIUM]","[PREMIUM]","[PREMIUM]","210","Section 210","3",4,"[]","2026-12-12 00:00:00","electronic","exchange",1,"[PREMIUM]","1,2,3,4"
"05VT8lvp6rB","2026-08-22 23:59:11.617","2026-08-22 23:59:11.617","05VT8lvp6rB","18378607","[PREMIUM]","[PREMIUM]","[PREMIUM]","201","Section 201","17",4,"[]","2026-12-12 00:00:00","electronic","exchange",4,"[PREMIUM]","1,2,3,4"
"05VT8lvp9Zq","2026-08-22 23:59:11.617","2026-08-22 23:59:11.617","05VT8lvp9Zq","18378607","[PREMIUM]","[PREMIUM]","[PREMIUM]","215","Section 215","5",8,"[]","2026-12-12 00:00:00","electronic","exchange",4,"[PREMIUM]","1,2,3,4,5,6,7,8"
"05VT8lvp67a","2026-08-22 23:59:11.617","2026-08-22 23:59:11.617","05VT8lvp67a","18378607","[PREMIUM]","[PREMIUM]","[PREMIUM]","202","Section 202","14",4,"[]","2026-12-12 00:00:00","electronic","exchange",1,"[PREMIUM]","1,2,3,4"
"2v0czq7Pr5o","2026-08-22 23:59:11.617","2026-08-23 22:55:59.073","2v0czq7Pr5o","18378607","[PREMIUM]","[PREMIUM]","[PREMIUM]","222","Section 222","11",6,"[]","2026-12-13 00:00:00","electronic","exchange",1,"[PREMIUM]","1,2,4,6"
"2v0czq7GlnG","2026-08-22 23:59:11.617","2026-08-22 23:59:11.617","2v0czq7GlnG","18378607","[PREMIUM]","[PREMIUM]","[PREMIUM]","118","Section 118","19",8,"[]","2026-12-12 00:00:00","electronic","exchange",1,"[PREMIUM]","1,2,3,4,5,6,7,8"
"2v0czq73dmD","2026-08-22 23:59:11.617","2026-08-22 23:59:11.617","2v0czq73dmD","18378607","[PREMIUM]","[PREMIUM]","[PREMIUM]","228","Section 228","11",5,"[]","2026-12-12 00:00:00","electronic","exchange",1,"[PREMIUM]","1,2,3,4,5"
"2v0czq76ZX9","2026-08-22 23:59:11.617","2026-08-24 23:52:08.955","2v0czq76ZX9","18378607","[PREMIUM]","[PREMIUM]","[PREMIUM]","202","Section 202","11",2,"[]","2026-12-13 00:00:00","electronic","exchange",0,"[PREMIUM]","2"
"2v0czq7P4AB","2026-08-22 23:59:11.617","2026-08-23 22:55:59.073","2v0czq7P4AB","18378607","[PREMIUM]","[PREMIUM]","[PREMIUM]","116","Section 116","19",5,"[]","2026-12-13 00:00:00","electronic","exchange",1,"[PREMIUM]","1,3,5"
"2v0czq7aPmr","2026-08-22 23:59:11.617","2026-08-22 23:59:11.617","2v0czq7aPmr","18378607","[PREMIUM]","[PREMIUM]","[PREMIUM]","115","Section 115","20",5,"[]","2026-12-12 00:00:00","electronic","exchange",2,"[PREMIUM]","1,2,3,4,5"
"2v0czq7pKrb","2026-08-22 23:59:11.617","2026-08-22 23:59:11.617","2v0czq7pKrb","18378607","[PREMIUM]","[PREMIUM]","[PREMIUM]","220","Section 220","9",4,"[]","2026-12-12 00:00:00","electronic","exchange",2,"[PREMIUM]","1,2,3,4"
"2v0czq7ndZz","2026-08-22 23:59:11.617","2026-08-27 00:26:43.139","2v0czq7ndZz","18378607","[PREMIUM]","[PREMIUM]","[PREMIUM]","202","Section 202","11",2,"[]","2026-12-13 00:00:00","electronic","exchange",0,"[PREMIUM]","2"
"2v0czq7pKjo","2026-08-22 23:59:11.617","2026-08-22 23:59:11.617","2v0czq7pKjo","18378607","[PREMIUM]","[PREMIUM]","[PREMIUM]","213","Section 213","16",4,"[]","2026-12-12 00:00:00","electronic","exchange",1,"[PREMIUM]","1,2,3,4"
"3q7fNLMpmeo","2026-08-22 23:59:11.617","2026-08-23 22:55:59.073","3q7fNLMpmeo","18378607","[PREMIUM]","[PREMIUM]","[PREMIUM]","115","Section 115","20",7,"[]","2026-12-13 00:00:00","electronic","exchange",1,"[PREMIUM]","1,2,3,4,5,6,7"
"3q7fNLMZP63","2026-08-22 23:59:11.617","2026-08-24 23:52:08.955","3q7fNLMZP63","18378607","[PREMIUM]","[PREMIUM]","[PREMIUM]","102","Section 102","6",4,"[]","2026-12-13 00:00:00","electronic","exchange",0,"[PREMIUM]","2,4"
"3q7fNLZpM9w","2026-08-22 23:59:11.617","2026-08-22 23:59:11.617","3q7fNLZpM9w","18378607","[PREMIUM]","[PREMIUM]","[PREMIUM]","206","Section 206","4",5,"[]","2026-12-12 00:00:00","electronic","exchange",2,"[PREMIUM]","1,2,3,4,5"
"3q7fNLZDG4p","2026-08-22 23:59:11.617","2026-08-23 22:55:59.073","3q7fNLZDG4p","18378607","[PREMIUM]","[PREMIUM]","[PREMIUM]","213","Section 213","6",6,"[]","2026-12-12 00:00:00","electronic","exchange",2,"[PREMIUM]","1,2,3,4,5,6"
"3q7fNLZl80X","2026-08-22 23:59:11.617","2026-08-23 22:55:59.073","3q7fNLZl80X","18378607","[PREMIUM]","[PREMIUM]","[PREMIUM]","103","Section 103","23",2,"[]","2026-12-13 00:00:00","electronic","exchange",0,"[PREMIUM]","2"
"3q7fNLZpPMX","2026-08-22 23:59:11.617","2026-08-22 23:59:11.617","3q7fNLZpPMX","18378607","[PREMIUM]","[PREMIUM]","[PREMIUM]","114","Section 114","21",4,"[]","2026-12-12 00:00:00","electronic","exchange",4,"[PREMIUM]","1,2,3,4"
"3q7fNLZpPgr","2026-08-22 23:59:11.617","2026-08-22 23:59:11.617","3q7fNLZpPgr","18378607","[PREMIUM]","[PREMIUM]","[PREMIUM]","109","Section 109","19",4,"[]","2026-12-12 00:00:00","electronic","exchange",1,"[PREMIUM]","1,2,3,4"
"3q7fNLZEBp9","2026-08-22 23:59:11.617","2026-08-22 23:59:11.617","3q7fNLZEBp9","18378607","[PREMIUM]","[PREMIUM]","[PREMIUM]","216","Section 216","11",4,"[]","2026-12-12 00:00:00","electronic","exchange",1,"[PREMIUM]","1,2,3,4"
"3q7fNLZD0XB","2026-08-22 23:59:11.617","2026-08-22 23:59:11.617","3q7fNLZD0XB","18378607","[PREMIUM]","[PREMIUM]","[PREMIUM]","115","Section 115","21",6,"[]","2026-12-12 00:00:00","electronic","exchange",2,"[PREMIUM]","1,2,3,4,5,6"
"3q7fNLZpVbw","2026-08-22 23:59:11.617","2026-08-23 22:55:59.073","3q7fNLZpVbw","18378607","[PREMIUM]","[PREMIUM]","[PREMIUM]","112","Section 112","10",8,"[]","2026-12-12 00:00:00","electronic","exchange",5,"[PREMIUM]","1,2,3,4,5,6,7,8"
"3q7fNLZDr6x","2026-08-22 23:59:11.617","2026-08-22 23:59:11.617","3q7fNLZDr6x","18378607","[PREMIUM]","[PREMIUM]","[PREMIUM]","202","Section 202","8",7,"[]","2026-12-12 00:00:00","electronic","exchange",2,"[PREMIUM]","1,2,3,4,5,6,7"
"3q7fNLZExkG","2026-08-22 23:59:11.617","2026-08-22 23:59:11.617","3q7fNLZExkG","18378607","[PREMIUM]","[PREMIUM]","[PREMIUM]","101","Section 101","7",4,"[]","2026-12-12 00:00:00","electronic","exchange",1,"[PREMIUM]","1,2,3,4"
"4vXcjRgYaJd","2026-08-22 23:59:11.617","2026-08-23 22:55:59.073","4vXcjRgYaJd","18378607","[PREMIUM]","[PREMIUM]","[PREMIUM]","208","Section 208","13",4,"[]","2026-12-12 00:00:00","electronic","exchange",2,"[PREMIUM]","1,2,3,4"
"4vXcjRgDvV8","2026-08-22 23:59:11.617","2026-08-23 22:55:59.073","4vXcjRgDvV8","18378607","[PREMIUM]","[PREMIUM]","[PREMIUM]","118","Section 118","14",4,"[]","2026-12-13 00:00:00","electronic","exchange",0,"[PREMIUM]","2,4"
"4vXcjRgYaJG","2026-08-22 23:59:11.617","2026-08-22 23:59:11.617","4vXcjRgYaJG","18378607","[PREMIUM]","[PREMIUM]","[PREMIUM]","208","Section 208","12",8,"[]","2026-12-12 00:00:00","electronic","exchange",2,"[PREMIUM]","1,2,3,4,5,6,7,8"
"4vXcjRgYvRX","2026-08-22 23:59:11.617","2026-08-23 22:55:59.073","4vXcjRgYvRX","18378607","[PREMIUM]","[PREMIUM]","[PREMIUM]","106","Section 106","7",6,"[]","2026-12-12 00:00:00","electronic","exchange",2,"[PREMIUM]","1,2,3,4,5,6"
"4vXcjRgp4gj","2026-08-22 23:59:11.617","2026-08-22 23:59:11.617","4vXcjRgp4gj","18378607","[PREMIUM]","[PREMIUM]","[PREMIUM]","104","Section 104","23",6,"[]","2026-12-12 00:00:00","electronic","exchange",3,"[PREMIUM]","1,2,3,4,5,6"
"4vXcjRgl4vX","2026-08-22 23:59:11.617","2026-08-22 23:59:11.617","4vXcjRgl4vX","18378607","[PREMIUM]","[PREMIUM]","[PREMIUM]","128","Section 128","4",5,"[]","2026-12-12 00:00:00","electronic","exchange",0,"[PREMIUM]","1,2,3,4,5"
"4vXcjRgpMDM","2026-08-22 23:59:11.617","2026-08-22 23:59:11.617","4vXcjRgpMDM","18378607","[PREMIUM]","[PREMIUM]","[PREMIUM]","211","Section 211","7",4,"[]","2026-12-12 00:00:00","electronic","exchange",3,"[PREMIUM]","1,2,3,4"
"4vXcjRgp4Lz","2026-08-22 23:59:11.617","2026-08-22 23:59:11.617","4vXcjRgp4Lz","18378607","[PREMIUM]","[PREMIUM]","[PREMIUM]","126","Section 126","20",4,"[]","2026-12-12 00:00:00","electronic","exchange",1,"[PREMIUM]","1,2,3,4"
"5EjuZwP4VZg","2026-08-22 23:59:11.617","2026-08-22 23:59:11.617","5EjuZwP4VZg","18378607","[PREMIUM]","[PREMIUM]","[PREMIUM]","101","Section 101","8",4,"[]","2026-12-12 00:00:00","electronic","exchange",2,"[PREMIUM]","1,2,3,4"
"5EjuZwP49Yp","2026-08-22 23:59:11.617","2026-08-22 23:59:11.617","5EjuZwP49Yp","18378607","[PREMIUM]","[PREMIUM]","[PREMIUM]","116","Section 116","5",3,"[]","2026-12-12 00:00:00","electronic","exchange",0,"[PREMIUM]","1,2,3"
"5EjuZwPp9x9","2026-08-22 23:59:11.617","2026-08-22 23:59:11.617","5EjuZwPp9x9","18378607","[PREMIUM]","[PREMIUM]","[PREMIUM]","124","Section 124","17",4,"[]","2026-12-12 00:00:00","electronic","exchange",3,"[PREMIUM]","1,2,3,4"
"5EjuZwPzg0n","2026-08-22 23:59:11.617","2026-08-22 23:59:11.617","5EjuZwPzg0n","18378607","[PREMIUM]","[PREMIUM]","[PREMIUM]","109","Section 109","7",4,"[]","2026-12-12 00:00:00","electronic","exchange",2,"[PREMIUM]","1,2,3,4"
"5EjuZwPzOZE","2026-08-22 23:59:11.617","2026-08-22 23:59:11.617","5EjuZwPzOZE","18378607","[PREMIUM]","[PREMIUM]","[PREMIUM]","123","Section 123","16",5,"[]","2026-12-12 00:00:00","electronic","exchange",3,"[PREMIUM]","1,2,3,4,5"
"5EjuZwPEvYq","2026-08-22 23:59:11.617","2026-08-22 23:59:11.617","5EjuZwPEvYq","18378607","[PREMIUM]","[PREMIUM]","[PREMIUM]","121","Section 121","19",4,"[]","2026-12-12 00:00:00","electronic","exchange",4,"[PREMIUM]","1,2,3,4"
"5EjuZwPYXxp","2026-08-22 23:59:11.617","2026-08-23 22:55:59.073","5EjuZwPYXxp","18378607","[PREMIUM]","[PREMIUM]","[PREMIUM]","210","Section 210","1",3,"[]","2026-12-13 00:00:00","electronic","exchange",1,"[PREMIUM]","1,3"
"5EjuZwPg3G3","2026-08-22 23:59:11.617","2026-08-23 22:55:59.073","5EjuZwPg3G3","18378607","[PREMIUM]","[PREMIUM]","[PREMIUM]","211","Section 211","1",2,"[]","2026-12-13 00:00:00","electronic","exchange",1,"[PREMIUM]","2"
"5EjuZwPzemp","2026-08-22 23:59:11.617","2026-08-22 23:59:11.617","5EjuZwPzemp","18378607","[PREMIUM]","[PREMIUM]","[PREMIUM]","123","Section 123","18",7,"[]","2026-12-12 00:00:00","electronic","exchange",4,"[PREMIUM]","1,2,3,4,5,6,7"
"5EjuZwPzY5O","2026-08-22 23:59:11.617","2026-08-22 23:59:11.617","5EjuZwPzY5O","18378607","[PREMIUM]","[PREMIUM]","[PREMIUM]","221","Section 221","8",4,"[]","2026-12-12 00:00:00","electronic","exchange",2,"[PREMIUM]","1,2,3,4"
"5EjuZwPgLVa","2026-08-22 23:59:11.617","2026-08-23 22:55:59.073","5EjuZwPgLVa","18378607","[PREMIUM]","[PREMIUM]","[PREMIUM]","219","Section 219","1",6,"[]","2026-12-13 00:00:00","electronic","exchange",4,"[PREMIUM]","1,2,4,6"
"5EjuZwPzgkX","2026-08-22 23:59:11.617","2026-08-23 22:55:59.073","5EjuZwPzgkX","18378607","[PREMIUM]","[PREMIUM]","[PREMIUM]","121","Section 121","5",8,"[]","2026-12-12 00:00:00","electronic","exchange",2,"[PREMIUM]","1,2,3,4,5,6,7,8"
"6mOhko3Zw7X","2026-08-22 23:59:11.617","2026-08-23 22:55:59.073","6mOhko3Zw7X","18378607","[PREMIUM]","[PREMIUM]","[PREMIUM]","102","Section 102","18",2,"[]","2026-12-13 00:00:00","electronic","exchange",1,"[PREMIUM]","2"
"6mOhko3d7BK","2026-08-22 23:59:11.617","2026-08-22 23:59:11.617","6mOhko3d7BK","18378607","[PREMIUM]","[PREMIUM]","[PREMIUM]","128","Section 128","21",8,"[]","2026-12-12 00:00:00","electronic","exchange",5,"[PREMIUM]","1,2,3,4,5,6,7,8"
"6mOhko3dVeK","2026-08-22 23:59:11.617","2026-08-22 23:59:11.617","6mOhko3dVeK","18378607","[PREMIUM]","[PREMIUM]","[PREMIUM]","218","Section 218","16",8,"[]","2026-12-12 00:00:00","electronic","exchange",2,"[PREMIUM]","1,2,3,4,5,6,7,8"
"6mOhko3dxVV","2026-08-22 23:59:11.617","2026-08-22 23:59:11.617","6mOhko3dxVV","18378607","[PREMIUM]","[PREMIUM]","[PREMIUM]","116","Section 116","20",7,"[]","2026-12-12 00:00:00","electronic","exchange",4,"[PREMIUM]","1,2,3,4,5,6,7"
"6mOhko3zabe","2026-08-22 23:59:11.617","2026-08-23 22:55:59.073","6mOhko3zabe","18378607","[PREMIUM]","[PREMIUM]","[PREMIUM]","102","Section 102","6",5,"[]","2026-12-12 00:00:00","electronic","exchange",1,"[PREMIUM]","1,2,3,4,5"
"6mOhko3rx2E","2026-08-22 23:59:11.617","2026-08-23 22:55:59.073","6mOhko3rx2E","18378607","[PREMIUM]","[PREMIUM]","[PREMIUM]","110","Section 110","8",8,"[]","2026-12-12 00:00:00","electronic","exchange",5,"[PREMIUM]","1,2,3,4,5,6,7,8"
"6mOhko3zaoz","2026-08-22 23:59:11.617","2026-08-23 22:55:59.073","6mOhko3zaoz","18378607","[PREMIUM]","[PREMIUM]","[PREMIUM]","104","Section 104","6",7,"[]","2026-12-12 00:00:00","electronic","exchange",2,"[PREMIUM]","1,2,3,4,5,6,7"
"6mOhko3zZ3B","2026-08-22 23:59:11.617","2026-08-23 22:55:59.073","6mOhko3zZ3B","18378607","[PREMIUM]","[PREMIUM]","[PREMIUM]","114","Section 114","7",5,"[]","2026-12-12 00:00:00","electronic","exchange",2,"[PREMIUM]","1,2,3,4,5"
"6mOhko3zZ0O","2026-08-22 23:59:11.617","2026-08-23 22:55:59.073","6mOhko3zZ0O","18378607","[PREMIUM]","[PREMIUM]","[PREMIUM]","120","Section 120","4",8,"[]","2026-12-12 00:00:00","electronic","exchange",2,"[PREMIUM]","1,2,3,4,5,6,7,8"
"6mOhko3z5Am","2026-08-22 23:59:11.617","2026-08-23 22:55:59.073","6mOhko3z5Am","18378607","[PREMIUM]","[PREMIUM]","[PREMIUM]","203","Section 203","17",6,"[]","2026-12-12 00:00:00","electronic","exchange",2,"[PREMIUM]","1,2,3,4,5,6"
"6mOhkoV3dbL","2026-08-22 23:59:11.617","2026-08-22 23:59:11.617","6mOhkoV3dbL","18378607","[PREMIUM]","[PREMIUM]","[PREMIUM]","102","Section 102","6",4,"[]","2026-12-12 00:00:00","electronic","exchange",1,"[PREMIUM]","1,2,3,4"
"7KntAgPpx5b","2026-08-22 23:59:11.617","2026-08-22 23:59:11.617","7KntAgPpx5b","18378607","[PREMIUM]","[PREMIUM]","[PREMIUM]","201","Section 201","11",6,"[]","2026-12-12 00:00:00","electronic","exchange",3,"[PREMIUM]","1,2,3,4,5,6"
"7KntAgP0Yda","2026-08-22 23:59:11.617","2026-08-22 23:59:11.617","7KntAgP0Yda","18378607","[PREMIUM]","[PREMIUM]","[PREMIUM]","102","Section 102","4",8,"[]","2026-12-12 00:00:00","electronic","exchange",2,"[PREMIUM]","1,2,3,4,5,6,7,8"
"7KntAgPpx39","2026-08-22 23:59:11.617","2026-08-22 23:59:11.617","7KntAgPpx39","18378607","[PREMIUM]","[PREMIUM]","[PREMIUM]","205","Section 205","13",6,"[]","2026-12-12 00:00:00","electronic","exchange",2,"[PREMIUM]","1,2,3,4,5,6"
"7KntAgPq6lJ","2026-08-22 23:59:11.617","2026-08-23 22:55:59.073","7KntAgPq6lJ","18378607","[PREMIUM]","[PREMIUM]","[PREMIUM]","203","Section 203","17",6,"[]","2026-12-12 00:00:00","electronic","exchange",2,"[PREMIUM]","1,2,3,4,5,6"
"7KntAgPpomq","2026-08-22 23:59:11.617","2026-08-22 23:59:11.617","7KntAgPpomq","18378607","[PREMIUM]","[PREMIUM]","[PREMIUM]","216","Section 216","4",8,"[]","2026-12-12 00:00:00","electronic","exchange",5,"[PREMIUM]","1,2,3,4,5,6,7,8"
"7KntAgPrZM0","2026-08-22 23:59:11.617","2026-08-23 22:55:59.073","7KntAgPrZM0","18378607","[PREMIUM]","[PREMIUM]","[PREMIUM]","114","Section 114","21",4,"[]","2026-12-13 00:00:00","electronic","exchange",2,"[PREMIUM]","2,4"
"8lKt6a8zaNl","2026-08-22 23:59:11.617","2026-08-23 22:55:59.073","8lKt6a8zaNl","18378607","[PREMIUM]","[PREMIUM]","[PREMIUM]","101","Section 101","6",4,"[]","2026-12-13 00:00:00","electronic","exchange",0,"[PREMIUM]","2,4"
"8lKt6a84zgE","2026-08-22 23:59:11.617","2026-08-23 22:55:59.073","8lKt6a84zgE","18378607","[PREMIUM]","[PREMIUM]","[PREMIUM]","110","Section 110","5",2,"[]","2026-12-13 00:00:00","electronic","exchange",0,"[PREMIUM]","2"
"8lKt6a84rxl","2026-08-22 23:59:11.617","2026-08-23 22:55:59.073","8lKt6a84rxl","18378607","[PREMIUM]","[PREMIUM]","[PREMIUM]","120","Section 120","9",5,"[]","2026-12-13 00:00:00","electronic","exchange",0,"[PREMIUM]","1,3,5"
"8lKt6a8gkdz","2026-08-22 23:59:11.617","2026-08-22 23:59:11.617","8lKt6a8gkdz","18378607","[PREMIUM]","[PREMIUM]","[PREMIUM]","213","Section 213","13",8,"[]","2026-12-12 00:00:00","electronic","exchange",1,"[PREMIUM]","1,2,3,4,5,6,7,8"
"8lKt6a8zKmP","2026-08-22 23:59:11.617","2026-08-23 22:55:59.073","8lKt6a8zKmP","18378607","[PREMIUM]","[PREMIUM]","[PREMIUM]","222","Section 222","9",7,"[]","2026-12-13 00:00:00","electronic","exchange",1,"[PREMIUM]","1,2,3,5,7"
"8lKt6a8pNJe","2026-08-22 23:59:11.617","2026-08-22 23:59:11.617","8lKt6a8pNJe","18378607","[PREMIUM]","[PREMIUM]","[PREMIUM]","205","Section 205","15",8,"[]","2026-12-12 00:00:00","electronic","exchange",2,"[PREMIUM]","1,2,3,4,5,6,7,8"
"9P2c5M7pR9P","2026-08-22 23:59:11.617","2026-08-22 23:59:11.617","9P2c5M7pR9P","18378607","[PREMIUM]","[PREMIUM]","[PREMIUM]","214","Section 214","15",4,"[]","2026-12-12 00:00:00","electronic","exchange",1,"[PREMIUM]","1,2,3,4"
"9P2c5M7eVV2","2026-08-22 23:59:11.617","2026-08-23 22:55:59.073","9P2c5M7eVV2","18378607","[PREMIUM]","[PREMIUM]","[PREMIUM]","117","Section 117","1",4,"[]","2026-12-13 00:00:00","electronic","exchange",5,"[PREMIUM]","2,4"
"9P2c5M7e5Lk","2026-08-22 23:59:11.617","2026-08-23 22:55:59.073","9P2c5M7e5Lk","18378607","[PREMIUM]","[PREMIUM]","[PREMIUM]","127","Section 127","1",2,"[]","2026-12-13 00:00:00","electronic","exchange",5,"[PREMIUM]","2"
"9P2c5M7pBGN","2026-08-22 23:59:11.617","2026-08-22 23:59:11.617","9P2c5M7pBGN","18378607","[PREMIUM]","[PREMIUM]","[PREMIUM]","102","Section 102","20",5,"[]","2026-12-12 00:00:00","electronic","exchange",4,"[PREMIUM]","1,2,3,4,5"
"9P2c5M7Drxn","2026-08-22 23:59:11.617","2026-08-23 22:55:59.073","9P2c5M7Drxn","18378607","[PREMIUM]","[PREMIUM]","[PREMIUM]","121","Section 121","13",7,"[]","2026-12-12 00:00:00","electronic","exchange",2,"[PREMIUM]","1,2,3,4,5,6,7"
"9P2c5M7pPR7","2026-08-22 23:59:11.617","2026-08-22 23:59:11.617","9P2c5M7pPR7","18378607","[PREMIUM]","[PREMIUM]","[PREMIUM]","116","Section 116","19",7,"[]","2026-12-12 00:00:00","electronic","exchange",4,"[PREMIUM]","1,2,3,4,5,6,7"
"9P2c5M7e73m","2026-08-22 23:59:11.617","2026-08-23 22:55:59.073","9P2c5M7e73m","18378607","[PREMIUM]","[PREMIUM]","[PREMIUM]","126","Section 126","18",4,"[]","2026-12-13 00:00:00","electronic","exchange",0,"[PREMIUM]","2,4"
"9P2c5M7pR0J","2026-08-22 23:59:11.617","2026-08-22 23:59:11.617","9P2c5M7pR0J","18378607","[PREMIUM]","[PREMIUM]","[PREMIUM]","220","Section 220","10",4,"[]","2026-12-12 00:00:00","electronic","exchange",2,"[PREMIUM]","1,2,3,4"
"9P2c5M7Ym42","2026-08-22 23:59:11.617","2026-08-23 22:55:59.073","9P2c5M7Ym42","18378607","[PREMIUM]","[PREMIUM]","[PREMIUM]","220","Section 220","8",8,"[]","2026-12-12 00:00:00","electronic","exchange",5,"[PREMIUM]","1,2,3,4,5,6,7,8"
"A6rs2KJ0B2d","2026-08-22 23:59:11.617","2026-08-22 23:59:11.617","A6rs2KJ0B2d","18378607","[PREMIUM]","[PREMIUM]","[PREMIUM]","121","Section 121","14",7,"[]","2026-12-12 00:00:00","electronic","exchange",2,"[PREMIUM]","1,2,3,4,5,6,7"
"A6rs2KJ8dL5","2026-08-22 23:59:11.617","2026-08-23 22:55:59.073","A6rs2KJ8dL5","18378607","[PREMIUM]","[PREMIUM]","[PREMIUM]","222","Section 222","11",8,"[]","2026-12-12 00:00:00","electronic","exchange",5,"[PREMIUM]","1,2,3,4,5,6,7,8"
"A6rs2KJ8VeE","2026-08-22 23:59:11.617","2026-08-22 23:59:11.617","A6rs2KJ8VeE","18378607","[PREMIUM]","[PREMIUM]","[PREMIUM]","106","Section 106","23",4,"[]","2026-12-12 00:00:00","electronic","exchange",2,"[PREMIUM]","1,2,3,4"
"A6rs2KXJ8kx","2026-08-22 23:59:11.617","2026-08-28 00:58:33.288","A6rs2KXJ8kx","18378607","[PREMIUM]","[PREMIUM]","[PREMIUM]","102","Section 102","6",4,"[]","2026-12-13 00:00:00","electronic","exchange",0,"[PREMIUM]","2,4"
"BALImMVRY47","2026-08-22 23:59:11.617","2026-08-22 23:59:11.617","BALImMVRY47","18378607","[PREMIUM]","[PREMIUM]","[PREMIUM]","205","Section 205","11",8,"[]","2026-12-12 00:00:00","electronic","exchange",2,"[PREMIUM]","1,2,3,4,5,6,7,8"
"BALImMVE0N9","2026-08-22 23:59:11.617","2026-08-25 22:48:12.320","BALImMVE0N9","18378607","[PREMIUM]","[PREMIUM]","[PREMIUM]","101","Section 101","18",3,"[]","2026-12-13 00:00:00","electronic","exchange",0,"[PREMIUM]","1,2,3"
"BALImMV2j92","2026-08-22 23:59:11.617","2026-08-23 22:55:59.073","BALImMV2j92","18378607","[PREMIUM]","[PREMIUM]","[PREMIUM]","228","Section 228","1",2,"[]","2026-12-13 00:00:00","electronic","exchange",2,"[PREMIUM]","2"
"BALImMVR2nK","2026-08-22 23:59:11.617","2026-08-22 23:59:11.617","BALImMVR2nK","18378607","[PREMIUM]","[PREMIUM]","[PREMIUM]","109","Section 109","9",4,"[]","2026-12-12 00:00:00","electronic","exchange",3,"[PREMIUM]","1,2,3,4"
"BALImMVZjwG","2026-08-22 23:59:11.617","2026-08-22 23:59:11.617","BALImMVZjwG","18378607","[PREMIUM]","[PREMIUM]","[PREMIUM]","214","Section 214","4",8,"[]","2026-12-12 00:00:00","electronic","exchange",4,"[PREMIUM]","1,2,3,4,5,6,7,8"
"BALImMVZnX3","2026-08-22 23:59:11.617","2026-08-22 23:59:11.617","BALImMVZnX3","18378607","[PREMIUM]","[PREMIUM]","[PREMIUM]","112","Section 112","20",6,"[]","2026-12-12 00:00:00","electronic","exchange",2,"[PREMIUM]","1,2,3,4,5,6"
"BALImMVZjOY","2026-08-22 23:59:11.617","2026-08-22 23:59:11.617","BALImMVZjOY","18378607","[PREMIUM]","[PREMIUM]","[PREMIUM]","115","Section 115","5",6,"[]","2026-12-12 00:00:00","electronic","exchange",1,"[PREMIUM]","1,2,3,4,5,6"
"DdwHkMbDrOa","2026-08-22 23:59:11.617","2026-08-23 22:55:59.073","DdwHkMbDrOa","18378607","[PREMIUM]","[PREMIUM]","[PREMIUM]","104","Section 104","8",4,"[]","2026-12-12 00:00:00","electronic","exchange",2,"[PREMIUM]","1,2,3,4"
"DdwHkMb3V3b","2026-08-22 23:59:11.617","2026-08-23 22:55:59.073","DdwHkMb3V3b","18378607","[PREMIUM]","[PREMIUM]","[PREMIUM]","228","Section 228","11",3,"[]","2026-12-13 00:00:00","electronic","exchange",0,"[PREMIUM]","1,3"
"DdwHkMbZJbX","2026-08-22 23:59:11.617","2026-08-23 22:55:59.073","DdwHkMbZJbX","18378607","[PREMIUM]","[PREMIUM]","[PREMIUM]","103","Section 103","23",4,"[]","2026-12-12 00:00:00","electronic","exchange",5,"[PREMIUM]","1,2,3,4"
"DdwHkMbwMAd","2026-08-22 23:59:11.617","2026-08-23 22:55:59.073","DdwHkMbwMAd","18378607","[PREMIUM]","[PREMIUM]","[PREMIUM]","203","Section 203","3",2,"[]","2026-12-13 00:00:00","electronic","exchange",0,"[PREMIUM]","2"
"DdwHkMbX2Jl","2026-08-22 23:59:11.617","2026-08-23 22:55:59.073","DdwHkMbX2Jl","18378607","[PREMIUM]","[PREMIUM]","[PREMIUM]","120","Section 120","9",7,"[]","2026-12-12 00:00:00","electronic","exchange",1,"[PREMIUM]","1,2,3,4,5,6,7"
"DdwHkMbxv2D","2026-08-22 23:59:11.617","2026-08-31 00:10:53.172","DdwHkMbxv2D","18378607","[PREMIUM]","[PREMIUM]","[PREMIUM]","101","Section 101","18",3,"[]","2026-12-13 00:00:00","electronic","exchange",4,"[PREMIUM]","1,3"
"DdwHkMbZ2gZ","2026-08-22 23:59:11.617","2026-08-22 23:59:11.617","DdwHkMbZ2gZ","18378607","[PREMIUM]","[PREMIUM]","[PREMIUM]","102","Section 102","19",6,"[]","2026-12-12 00:00:00","electronic","exchange",4,"[PREMIUM]","1,2,3,4,5,6"
"DdwHkMbZJNK","2026-08-22 23:59:11.617","2026-08-22 23:59:11.617","DdwHkMbZJNK","18378607","[PREMIUM]","[PREMIUM]","[PREMIUM]","202","Section 202","4",8,"[]","2026-12-12 00:00:00","electronic","exchange",5,"[PREMIUM]","1,2,3,4,5,6,7,8"
"DdwHkMbZJnK","2026-08-22 23:59:11.617","2026-08-22 23:59:11.617","DdwHkMbZJnK","18378607","[PREMIUM]","[PREMIUM]","[PREMIUM]","109","Section 109","21",8,"[]","2026-12-12 00:00:00","electronic","exchange",2,"[PREMIUM]","1,2,3,4,5,6,7,8"
"EroUXgR23m2","2026-08-22 23:59:11.617","2026-08-22 23:59:11.617","EroUXgR23m2","18378607","[PREMIUM]","[PREMIUM]","[PREMIUM]","101","Section 101","6",4,"[]","2026-12-12 00:00:00","electronic","exchange",1,"[PREMIUM]","1,2,3,4"
"EroUXgRZ3mV","2026-08-22 23:59:11.617","2026-08-22 23:59:11.617","EroUXgRZ3mV","18378607","[PREMIUM]","[PREMIUM]","[PREMIUM]","102","Section 102","21",6,"[]","2026-12-12 00:00:00","electronic","exchange",4,"[PREMIUM]","1,2,3,4,5,6"
"EroUXgRPrZ9","2026-08-22 23:59:11.617","2026-08-22 23:59:11.617","EroUXgRPrZ9","18378607","[PREMIUM]","[PREMIUM]","[PREMIUM]","223","Section 223","11",8,"[]","2026-12-12 00:00:00","electronic","exchange",2,"[PREMIUM]","1,2,3,4,5,6,7,8"
"EroUXgRZKmB","2026-08-22 23:59:11.617","2026-08-23 22:55:59.073","EroUXgRZKmB","18378607","[PREMIUM]","[PREMIUM]","[PREMIUM]","227","Section 227","12",7,"[]","2026-12-12 00:00:00","electronic","exchange",5,"[PREMIUM]","1,2,3,4,5,6,7"
"EroUXgRZqk3","2026-08-22 23:59:11.617","2026-08-22 23:59:11.617","EroUXgRZqk3","18378607","[PREMIUM]","[PREMIUM]","[PREMIUM]","203","Section 203","7",5,"[]","2026-12-12 00:00:00","electronic","exchange",2,"[PREMIUM]","1,2,3,4,5"
"GAaI60RJpRe","2026-08-22 23:59:11.617","2026-08-23 22:55:59.073","GAaI60RJpRe","18378607","[PREMIUM]","[PREMIUM]","[PREMIUM]","103","Section 103","6",8,"[]","2026-12-12 00:00:00","electronic","exchange",5,"[PREMIUM]","1,2,3,4,5,6,7,8"
"GAaI60RG7wv","2026-08-22 23:59:11.617","2026-08-23 22:55:59.073","GAaI60RG7wv","18378607","[PREMIUM]","[PREMIUM]","[PREMIUM]","204","Section 204","7",7,"[]","2026-12-12 00:00:00","electronic","exchange",3,"[PREMIUM]","1,2,3,4,5,6,7"
"GAaI60RG9b3","2026-08-22 23:59:11.617","2026-08-23 22:55:59.073","GAaI60RG9b3","18378607","[PREMIUM]","[PREMIUM]","[PREMIUM]","202","Section 202","6",7,"[]","2026-12-12 00:00:00","electronic","exchange",2,"[PREMIUM]","1,2,3,4,5,6,7"
"GAaI60Rg30v","2026-08-22 23:59:11.617","2026-08-23 22:55:59.073","GAaI60Rg30v","18378607","[PREMIUM]","[PREMIUM]","[PREMIUM]","109","Section 109","18",2,"[]","2026-12-13 00:00:00","electronic","exchange",0,"[PREMIUM]","2"
"GAaI60RZ92a","2026-08-22 23:59:11.617","2026-08-23 22:55:59.073","GAaI60RZ92a","18378607","[PREMIUM]","[PREMIUM]","[PREMIUM]","113","Section 113","25",4,"[]","2026-12-12 00:00:00","electronic","exchange",5,"[PREMIUM]","1,2,3,4"
"GAaI60RZJNJ","2026-08-22 23:59:11.617","2026-08-23 22:55:59.073","GAaI60RZJNJ","18378607","[PREMIUM]","[PREMIUM]","[PREMIUM]","223","Section 223","4",5,"[]","2026-12-12 00:00:00","electronic","exchange",5,"[PREMIUM]","1,2,3,4,5"
"GAaI60RZAq5","2026-08-22 23:59:11.617","2026-08-22 23:59:11.617","GAaI60RZAq5","18378607","[PREMIUM]","[PREMIUM]","[PREMIUM]","124","Section 124","19",6,"[]","2026-12-12 00:00:00","electronic","exchange",4,"[PREMIUM]","1,2,3,4,5,6"
"GAaI60RZARG","2026-08-22 23:59:11.617","2026-08-22 23:59:11.617","GAaI60RZARG","18378607","[PREMIUM]","[PREMIUM]","[PREMIUM]","219","Section 219","1",8,"[]","2026-12-12 00:00:00","electronic","exchange",5,"[PREMIUM]","1,2,3,4,5,6,7,8"
"GAaI60Rgqgl","2026-08-22 23:59:11.617","2026-08-23 22:55:59.073","GAaI60Rgqgl","18378607","[PREMIUM]","[PREMIUM]","[PREMIUM]","106","Section 106","6",5,"[]","2026-12-13 00:00:00","electronic","exchange",0,"[PREMIUM]","1,3,5"
"JABI3Eb6e59","2026-08-22 23:59:11.617","2026-08-23 22:55:59.073","JABI3Eb6e59","18378607","[PREMIUM]","[PREMIUM]","[PREMIUM]","121","Section 121","11",4,"[]","2026-12-13 00:00:00","electronic","exchange",0,"[PREMIUM]","2,4"
"JABI3Eb2jg2","2026-08-22 23:59:11.617","2026-08-23 22:55:59.073","JABI3Eb2jg2","18378607","[PREMIUM]","[PREMIUM]","[PREMIUM]","115","Section 115","3",2,"[]","2026-12-13 00:00:00","electronic","exchange",0,"[PREMIUM]","2"
"JABI3Eb2Ag4","2026-08-22 23:59:11.617","2026-08-23 22:55:59.073","JABI3Eb2Ag4","18378607","[PREMIUM]","[PREMIUM]","[PREMIUM]","124","Section 124","16",2,"[]","2026-12-13 00:00:00","electronic","exchange",1,"[PREMIUM]","2"
"JABI3EbJwGv","2026-08-22 23:59:11.617","2026-08-31 00:10:53.172","JABI3EbJwGv","18378607","[PREMIUM]","[PREMIUM]","[PREMIUM]","117","Section 117","21",2,"[]","2026-12-13 00:00:00","electronic","exchange",1,"[PREMIUM]","2"
"JABI3Eb6ngm","2026-08-22 23:59:11.617","2026-08-23 22:55:59.073","JABI3Eb6ngm","18378607","[PREMIUM]","[PREMIUM]","[PREMIUM]","218","Section 218","15",4,"[]","2026-12-13 00:00:00","electronic","exchange",1,"[PREMIUM]","2,4"
"JABI3EbGo6N","2026-08-22 23:59:11.617","2026-08-22 23:59:11.617","JABI3EbGo6N","18378607","[PREMIUM]","[PREMIUM]","[PREMIUM]","116","Section 116","4",8,"[]","2026-12-12 00:00:00","electronic","exchange",0,"[PREMIUM]","1,2,3,4,5,6,7,8"
"JABI3EbZqka","2026-08-22 23:59:11.617","2026-08-22 23:59:11.617","JABI3EbZqka","18378607","[PREMIUM]","[PREMIUM]","[PREMIUM]","215","Section 215","13",3,"[]","2026-12-12 00:00:00","electronic","exchange",3,"[PREMIUM]","1,2,3"
"JABI3EbZqrg","2026-08-22 23:59:11.617","2026-08-22 23:59:11.617","JABI3EbZqrg","18378607","[PREMIUM]","[PREMIUM]","[PREMIUM]","213","Section 213","4",8,"[]","2026-12-12 00:00:00","electronic","exchange",1,"[PREMIUM]","1,2,3,4,5,6,7,8"
"JABI3EbZqeq","2026-08-22 23:59:11.617","2026-08-22 23:59:11.617","JABI3EbZqeq","18378607","[PREMIUM]","[PREMIUM]","[PREMIUM]","206","Section 206","10",4,"[]","2026-12-12 00:00:00","electronic","exchange",1,"[PREMIUM]","1,2,3,4"
"JABI3EbZq0q","2026-08-22 23:59:11.617","2026-08-22 23:59:11.617","JABI3EbZq0q","18378607","[PREMIUM]","[PREMIUM]","[PREMIUM]","221","Section 221","16",4,"[]","2026-12-12 00:00:00","electronic","exchange",4,"[PREMIUM]","1,2,3,4"
"JABI3EbZG8v","2026-08-22 23:59:11.617","2026-08-23 22:55:59.073","JABI3EbZG8v","18378607","[PREMIUM]","[PREMIUM]","[PREMIUM]","226","Section 226","10",4,"[]","2026-12-12 00:00:00","electronic","exchange",5,"[PREMIUM]","1,2,3,4"
"KezczqRML4E","2026-08-22 23:59:11.617","2026-08-22 23:59:11.617","KezczqRML4E","18378607","[PREMIUM]","[PREMIUM]","[PREMIUM]","110","Section 110","7",5,"[]","2026-12-12 00:00:00","electronic","exchange",1,"[PREMIUM]","1,2,3,4,5"
"KezczqRZjo4","2026-08-22 23:59:11.617","2026-08-23 22:55:59.073","KezczqRZjo4","18378607","[PREMIUM]","[PREMIUM]","[PREMIUM]","216","Section 216","6",8,"[]","2026-12-12 00:00:00","electronic","exchange",5,"[PREMIUM]","1,2,3,4,5,6,7,8"
"KezczqRGxLm","2026-08-22 23:59:11.617","2026-08-23 22:55:59.073","KezczqRGxLm","18378607","[PREMIUM]","[PREMIUM]","[PREMIUM]","216","Section 216","1",2,"[]","2026-12-13 00:00:00","electronic","exchange",1,"[PREMIUM]","2"
"KezczqRZLRg","2026-08-22 23:59:11.617","2026-08-23 22:55:59.073","KezczqRZLRg","18378607","[PREMIUM]","[PREMIUM]","[PREMIUM]","126","Section 126","11",4,"[]","2026-12-12 00:00:00","electronic","exchange",5,"[PREMIUM]","1,2,3,4"
"KezczqROgZ2","2026-08-22 23:59:11.617","2026-08-22 23:59:11.617","KezczqROgZ2","18378607","[PREMIUM]","[PREMIUM]","[PREMIUM]","209","Section 209","13",2,"[]","2026-12-12 00:00:00","electronic","exchange",2,"[PREMIUM]","1,2"
"KezczqROgx0","2026-08-22 23:59:11.617","2026-08-22 23:59:11.617","KezczqROgx0","18378607","[PREMIUM]","[PREMIUM]","[PREMIUM]","206","Section 206","6",6,"[]","2026-12-12 00:00:00","electronic","exchange",3,"[PREMIUM]","1,2,3,4,5,6"
"KezczqRBEMk","2026-08-22 23:59:11.617","2026-08-23 22:55:59.073","KezczqRBEMk","18378607","[PREMIUM]","[PREMIUM]","[PREMIUM]","221","Section 221","1",4,"[]","2026-12-13 00:00:00","electronic","exchange",4,"[PREMIUM]","2,4"
"KezczqjdoNJ","2026-08-22 23:59:11.617","2026-09-04 23:54:02.805","KezczqjdoNJ","18378607","[PREMIUM]","[PREMIUM]","[PREMIUM]","117","Section 117","23",3,"[]","2026-12-13 00:00:00","electronic","exchange",1,"[PREMIUM]","1,2,3"
"LbviL8RElMx","2026-08-22 23:59:11.617","2026-08-22 23:59:11.617","LbviL8RElMx","18378607","[PREMIUM]","[PREMIUM]","[PREMIUM]","228","Section 228","15",4,"[]","2026-12-12 00:00:00","electronic","exchange",2,"[PREMIUM]","1,2,3,4"
"LbviL8RZa0g","2026-08-22 23:59:11.617","2026-08-22 23:59:11.617","LbviL8RZa0g","18378607","[PREMIUM]","[PREMIUM]","[PREMIUM]","114","Section 114","21",6,"[]","2026-12-12 00:00:00","electronic","exchange",4,"[PREMIUM]","1,2,3,4,5,6"
"LbviL8RnOx6","2026-08-22 23:59:11.617","2026-08-23 22:55:59.073","LbviL8RnOx6","18378607","[PREMIUM]","[PREMIUM]","[PREMIUM]","203","Section 203","7",8,"[]","2026-12-12 00:00:00","electronic","exchange",2,"[PREMIUM]","1,2,3,4,5,6,7,8"
"LbviL8RZ0eX","2026-08-22 23:59:11.617","2026-08-22 23:59:11.617","LbviL8RZ0eX","18378607","[PREMIUM]","[PREMIUM]","[PREMIUM]","210","Section 210","6",6,"[]","2026-12-12 00:00:00","electronic","exchange",3,"[PREMIUM]","1,2,3,4,5,6"
"LbviL8RZaBp","2026-08-22 23:59:11.617","2026-08-23 22:55:59.073","LbviL8RZaBp","18378607","[PREMIUM]","[PREMIUM]","[PREMIUM]","106","Section 106","18",6,"[]","2026-12-12 00:00:00","electronic","exchange",5,"[PREMIUM]","1,2,3,4,5,6"
"LbviL8Rwl3j","2026-08-22 23:59:11.617","2026-09-04 23:54:02.805","LbviL8Rwl3j","18378607","[PREMIUM]","[PREMIUM]","[PREMIUM]","120","Section 120","22",12,"['12','13','14','15','16','17','18','19','20','21','22','23']","2026-12-07 00:00:00","electronic","exchange",0,"[PREMIUM]","1,2,3,4,5,6,7,8,9,10,11,12"
"MAeIP3pZvbj","2026-08-22 23:59:11.617","2026-08-23 22:55:59.073","MAeIP3pZvbj","18378607","[PREMIUM]","[PREMIUM]","[PREMIUM]","127","Section 127","21",4,"[]","2026-12-12 00:00:00","electronic","exchange",5,"[PREMIUM]","1,2,3,4"
"MAeIP3pGapO","2026-08-22 23:59:11.617","2026-08-23 22:55:59.073","MAeIP3pGapO","18378607","[PREMIUM]","[PREMIUM]","[PREMIUM]","106","Section 106","6",7,"[]","2026-12-12 00:00:00","electronic","exchange",5,"[PREMIUM]","1,2,3,4,5,6,7"
"MAeIP3pKAXY","2026-08-22 23:59:11.617","2026-08-23 22:55:59.073","MAeIP3pKAXY","18378607","[PREMIUM]","[PREMIUM]","[PREMIUM]","202","Section 202","6",7,"[]","2026-12-12 00:00:00","electronic","exchange",2,"[PREMIUM]","1,2,3,4,5,6,7"
"MAeIP3pZ709","2026-08-22 23:59:11.617","2026-08-22 23:59:11.617","MAeIP3pZ709","18378607","[PREMIUM]","[PREMIUM]","[PREMIUM]","212","Section 212","13",4,"[]","2026-12-12 00:00:00","electronic","exchange",2,"[PREMIUM]","1,2,3,4"
"MAeIP3pKRqV","2026-08-22 23:59:11.617","2026-08-23 22:55:59.073","MAeIP3pKRqV","18378607","[PREMIUM]","[PREMIUM]","[PREMIUM]","127","Section 127","4",8,"[]","2026-12-12 00:00:00","electronic","exchange",1,"[PREMIUM]","1,2,3,4,5,6,7,8"
"MAeIP3p4MbD","2026-08-22 23:59:11.617","2026-08-23 22:55:59.073","MAeIP3p4MbD","18378607","[PREMIUM]","[PREMIUM]","[PREMIUM]","124","Section 124","4",5,"[]","2026-12-13 00:00:00","electronic","exchange",0,"[PREMIUM]","1,3,5"
"NrqUv6R2bpB","2026-08-22 23:59:11.617","2026-08-22 23:59:11.617","NrqUv6R2bpB","18378607","[PREMIUM]","[PREMIUM]","[PREMIUM]","222","Section 222","10",4,"[]","2026-12-12 00:00:00","electronic","exchange",2,"[PREMIUM]","1,2,3,4"
"NrqUv6R2RJb","2026-08-22 23:59:11.617","2026-08-22 23:59:11.617","NrqUv6R2RJb","18378607","[PREMIUM]","[PREMIUM]","[PREMIUM]","113","Section 113","22",5,"[]","2026-12-12 00:00:00","electronic","exchange",2,"[PREMIUM]","1,2,3,4,5"
"NrqUv6RMXmG","2026-08-22 23:59:11.617","2026-08-23 22:55:59.073","NrqUv6RMXmG","18378607","[PREMIUM]","[PREMIUM]","[PREMIUM]","104","Section 104","19",2,"[]","2026-12-13 00:00:00","electronic","exchange",0,"[PREMIUM]","2"
"NrqUv6R8532","2026-08-22 23:59:11.617","2026-08-23 22:55:59.073","NrqUv6R8532","18378607","[PREMIUM]","[PREMIUM]","[PREMIUM]","224","Section 224","9",4,"[]","2026-12-13 00:00:00","electronic","exchange",1,"[PREMIUM]","2,4"
"O7AhwK08j3V","2026-08-22 23:59:11.617","2026-08-22 23:59:11.617","O7AhwK08j3V","18378607","[PREMIUM]","[PREMIUM]","[PREMIUM]","211","Section 211","8",2,"[]","2026-12-12 00:00:00","electronic","exchange",4,"[PREMIUM]","1,2"
"O7AhwK0RxYq","2026-08-22 23:59:11.617","2026-08-23 22:55:59.073","O7AhwK0RxYq","18378607","[PREMIUM]","[PREMIUM]","[PREMIUM]","106","Section 106","18",4,"[]","2026-12-13 00:00:00","electronic","exchange",0,"[PREMIUM]","2,4"
"O7AhwK0dMDa","2026-08-22 23:59:11.617","2026-08-22 23:59:11.617","O7AhwK0dMDa","18378607","[PREMIUM]","[PREMIUM]","[PREMIUM]","203","Section 203","15",4,"[]","2026-12-12 00:00:00","electronic","exchange",1,"[PREMIUM]","1,2,3,4"
"O7AhwK0p3vr","2026-08-22 23:59:11.617","2026-08-23 22:55:59.073","O7AhwK0p3vr","18378607","[PREMIUM]","[PREMIUM]","[PREMIUM]","101","Section 101","6",6,"[]","2026-12-12 00:00:00","electronic","exchange",1,"[PREMIUM]","1,2,3,4,5,6"
"O7AhwK0p3Kq","2026-08-22 23:59:11.617","2026-08-22 23:59:11.617","O7AhwK0p3Kq","18378607","[PREMIUM]","[PREMIUM]","[PREMIUM]","107","Section 107","10",4,"[]","2026-12-12 00:00:00","electronic","exchange",4,"[PREMIUM]","1,2,3,4"
"O7AhwK0RKGJ","2026-08-22 23:59:11.617","2026-08-23 22:55:59.073","O7AhwK0RKGJ","18378607","[PREMIUM]","[PREMIUM]","[PREMIUM]","214","Section 214","15",2,"[]","2026-12-13 00:00:00","electronic","exchange",0,"[PREMIUM]","2"
"O7AhwK04gBd","2026-08-22 23:59:11.617","2026-08-23 22:55:59.073","O7AhwK04gBd","18378607","[PREMIUM]","[PREMIUM]","[PREMIUM]","216","Section 216","12",8,"[]","2026-12-12 00:00:00","electronic","exchange",1,"[PREMIUM]","1,2,3,4,5,6,7,8"
"PX0sgq0338a","2026-08-22 23:59:11.617","2026-08-23 22:55:59.073","PX0sgq0338a","18378607","[PREMIUM]","[PREMIUM]","[PREMIUM]","202","Section 202","1",2,"[]","2026-12-13 00:00:00","electronic","exchange",1,"[PREMIUM]","2"
"PX0sgq0lmmb","2026-08-22 23:59:11.617","2026-08-23 22:55:59.073","PX0sgq0lmmb","18378607","[PREMIUM]","[PREMIUM]","[PREMIUM]","217","Section 217","14",8,"[]","2026-12-13 00:00:00","electronic","exchange",0,"[PREMIUM]","1,2,3,4,6,8"
"PX0sgq08bKK","2026-08-22 23:59:11.617","2026-08-23 22:55:59.073","PX0sgq08bKK","18378607","[PREMIUM]","[PREMIUM]","[PREMIUM]","103","Section 103","25",4,"[]","2026-12-12 00:00:00","electronic","exchange",5,"[PREMIUM]","1,2,3,4"
"PX0sgq0G9YN","2026-08-22 23:59:11.617","2026-08-23 22:55:59.073","PX0sgq0G9YN","18378607","[PREMIUM]","[PREMIUM]","[PREMIUM]","102","Section 102","5",5,"[]","2026-12-12 00:00:00","electronic","exchange",3,"[PREMIUM]","1,2,3,4,5"
"PX0sgq08O9D","2026-08-22 23:59:11.617","2026-08-23 22:55:59.073","PX0sgq08O9D","18378607","[PREMIUM]","[PREMIUM]","[PREMIUM]","214","Section 214","7",6,"[]","2026-12-12 00:00:00","electronic","exchange",5,"[PREMIUM]","1,2,3,4,5,6"
"PX0sgq0mkbm","2026-08-22 23:59:11.617","2026-08-22 23:59:11.617","PX0sgq0mkbm","18378607","[PREMIUM]","[PREMIUM]","[PREMIUM]","120","Section 120","15",4,"[]","2026-12-12 00:00:00","electronic","exchange",3,"[PREMIUM]","1,2,3,4"
"PX0sgq0lD9g","2026-08-22 23:59:11.617","2026-08-23 22:55:59.073","PX0sgq0lD9g","18378607","[PREMIUM]","[PREMIUM]","[PREMIUM]","113","Section 113","22",3,"[]","2026-12-13 00:00:00","electronic","exchange",0,"[PREMIUM]","1,3"
"PX0sgq08O64","2026-08-22 23:59:11.617","2026-08-22 23:59:11.617","PX0sgq08O64","18378607","[PREMIUM]","[PREMIUM]","[PREMIUM]","209","Section 209","12",8,"[]","2026-12-12 00:00:00","electronic","exchange",2,"[PREMIUM]","1,2,3,4,5,6,7,8"
"PX0sgq0GZEr","2026-08-22 23:59:11.617","2026-08-22 23:59:11.617","PX0sgq0GZEr","18378607","[PREMIUM]","[PREMIUM]","[PREMIUM]","224","Section 224","11",6,"[]","2026-12-12 00:00:00","electronic","exchange",2,"[PREMIUM]","1,2,3,4,5,6"
"PX0sgq0GZJN","2026-08-22 23:59:11.617","2026-08-22 23:59:11.617","PX0sgq0GZJN","18378607","[PREMIUM]","[PREMIUM]","[PREMIUM]","216","Section 216","10",4,"[]","2026-12-12 00:00:00","electronic","exchange",3,"[PREMIUM]","1,2,3,4"
"PX0sgq0lNo2","2026-08-22 23:59:11.617","2026-08-23 22:55:59.073","PX0sgq0lNo2","18378607","[PREMIUM]","[PREMIUM]","[PREMIUM]","115","Section 115","20",5,"[]","2026-12-13 00:00:00","electronic","exchange",1,"[PREMIUM]","1,3,5"
"PX0sgqO0Gad","2026-08-22 23:59:11.617","2026-08-28 00:58:33.288","PX0sgqO0Gad","18378607","[PREMIUM]","[PREMIUM]","[PREMIUM]","102","Section 102","6",4,"[]","2026-12-13 00:00:00","electronic","exchange",1,"[PREMIUM]","2,4"
"PX0sgqODDkb","2026-08-22 23:59:11.617","2026-08-22 23:59:11.617","PX0sgqODDkb","18378607","[PREMIUM]","[PREMIUM]","[PREMIUM]","109","Section 109","19",3,"[]","2026-12-13 00:00:00","electronic","exchange",0,"[PREMIUM]","1,2,3"
"ROXHz2r7KJ4","2026-08-22 23:59:11.617","2026-08-22 23:59:11.617","ROXHz2r7KJ4","18378607","[PREMIUM]","[PREMIUM]","[PREMIUM]","210","Section 210","15",4,"[]","2026-12-12 00:00:00","electronic","exchange",2,"[PREMIUM]","1,2,3,4"
"ROXHz2r7M3j","2026-08-22 23:59:11.617","2026-08-22 23:59:11.617","ROXHz2r7M3j","18378607","[PREMIUM]","[PREMIUM]","[PREMIUM]","228","Section 228","14",8,"[]","2026-12-12 00:00:00","electronic","exchange",1,"[PREMIUM]","1,2,3,4,5,6,7,8"
"ROXHz2r7X8n","2026-08-22 23:59:11.617","2026-08-22 23:59:11.617","ROXHz2r7X8n","18378607","[PREMIUM]","[PREMIUM]","[PREMIUM]","126","Section 126","18",6,"[]","2026-12-12 00:00:00","electronic","exchange",1,"[PREMIUM]","1,2,3,4,5,6"
"ROXHz2rDOvp","2026-08-22 23:59:11.617","2026-08-22 23:59:11.617","ROXHz2rDOvp","18378607","[PREMIUM]","[PREMIUM]","[PREMIUM]","215","Section 215","5",2,"[]","2026-12-13 00:00:00","electronic","exchange",2,"[PREMIUM]","2"
"ROXHz2rGZqn","2026-08-22 23:59:11.617","2026-08-23 22:55:59.073","ROXHz2rGZqn","18378607","[PREMIUM]","[PREMIUM]","[PREMIUM]","121","Section 121","3",5,"[]","2026-12-13 00:00:00","electronic","exchange",0,"[PREMIUM]","1,3,5"
"V4KU04o53P3","2026-08-22 23:59:11.617","2026-08-23 22:55:59.073","V4KU04o53P3","18378607","[PREMIUM]","[PREMIUM]","[PREMIUM]","102","Section 102","3",6,"[]","2026-12-13 00:00:00","electronic","exchange",5,"[PREMIUM]","1,2,4,6"
"V4KU04oNqBd","2026-08-22 23:59:11.617","2026-08-23 22:55:59.073","V4KU04oNqBd","18378607","[PREMIUM]","[PREMIUM]","[PREMIUM]","109","Section 109","2",2,"[]","2026-12-13 00:00:00","electronic","exchange",5,"[PREMIUM]","2"
"V4KU04oZK5A","2026-08-22 23:59:11.617","2026-08-22 23:59:11.617","V4KU04oZK5A","18378607","[PREMIUM]","[PREMIUM]","[PREMIUM]","128","Section 128","3",8,"[]","2026-12-12 00:00:00","electronic","exchange",0,"[PREMIUM]","1,2,3,4,5,6,7,8"
"V4KU04oN25b","2026-08-22 23:59:11.617","2026-08-23 22:55:59.073","V4KU04oN25b","18378607","[PREMIUM]","[PREMIUM]","[PREMIUM]","209","Section 209","13",2,"[]","2026-12-13 00:00:00","electronic","exchange",1,"[PREMIUM]","2"
"V4KU04oNA5p","2026-08-22 23:59:11.617","2026-08-22 23:59:11.617","V4KU04oNA5p","18378607","[PREMIUM]","[PREMIUM]","[PREMIUM]","201","Section 201","6",4,"[]","2026-12-13 00:00:00","electronic","exchange",3,"[PREMIUM]","2,4"
"V4KU04orGLl","2026-08-22 23:59:11.617","2026-08-22 23:59:11.617","V4KU04orGLl","18378607","[PREMIUM]","[PREMIUM]","[PREMIUM]","208","Section 208","6",7,"[]","2026-12-12 00:00:00","electronic","exchange",2,"[PREMIUM]","1,2,3,4,5,6,7"
"V4KU04ojZG5","2026-08-22 23:59:11.617","2026-08-22 23:59:11.617","V4KU04ojZG5","18378607","[PREMIUM]","[PREMIUM]","[PREMIUM]","102","Section 102","18",4,"[]","2026-12-12 00:00:00","electronic","exchange",3,"[PREMIUM]","1,2,3,4"
"V4KU04orOG9","2026-08-22 23:59:11.617","2026-08-22 23:59:11.617","V4KU04orOG9","18378607","[PREMIUM]","[PREMIUM]","[PREMIUM]","117","Section 117","4",4,"[]","2026-12-12 00:00:00","electronic","exchange",1,"[PREMIUM]","1,2,3,4"
"V4KU04orYjA","2026-08-22 23:59:11.617","2026-08-23 22:55:59.073","V4KU04orYjA","18378607","[PREMIUM]","[PREMIUM]","[PREMIUM]","102","Section 102","8",5,"[]","2026-12-12 00:00:00","electronic","exchange",2,"[PREMIUM]","1,2,3,4,5"
"V4KU04oZzdg","2026-08-22 23:59:11.617","2026-08-22 23:59:11.617","V4KU04oZzdg","18378607","[PREMIUM]","[PREMIUM]","[PREMIUM]","206","Section 206","6",5,"[]","2026-12-12 00:00:00","electronic","exchange",3,"[PREMIUM]","1,2,3,4,5"
"X03tKlrB3aj","2026-08-22 23:59:11.617","2026-08-22 23:59:11.617","X03tKlrB3aj","18378607","[PREMIUM]","[PREMIUM]","[PREMIUM]","126","Section 126","21",6,"[]","2026-12-12 00:00:00","electronic","exchange",2,"[PREMIUM]","1,2,3,4,5,6"
"X03tKlrBEJG","2026-08-22 23:59:11.617","2026-08-22 23:59:11.617","X03tKlrBEJG","18378607","[PREMIUM]","[PREMIUM]","[PREMIUM]","208","Section 208","14",5,"[]","2026-12-12 00:00:00","electronic","exchange",2,"[PREMIUM]","1,2,3,4,5"
"X03tKlrjEM7","2026-08-22 23:59:11.617","2026-08-23 22:55:59.073","X03tKlrjEM7","18378607","[PREMIUM]","[PREMIUM]","[PREMIUM]","118","Section 118","17",5,"[]","2026-12-12 00:00:00","electronic","exchange",1,"[PREMIUM]","1,2,3,4,5"
"X03tKlrbvP6","2026-08-22 23:59:11.617","2026-08-23 22:55:59.073","X03tKlrbvP6","18378607","[PREMIUM]","[PREMIUM]","[PREMIUM]","117","Section 117","6",6,"[]","2026-12-12 00:00:00","electronic","exchange",2,"[PREMIUM]","1,2,3,4,5,6"
"X03tKlrk2xe","2026-08-22 23:59:11.617","2026-08-23 22:55:59.073","X03tKlrk2xe","18378607","[PREMIUM]","[PREMIUM]","[PREMIUM]","205","Section 205","4",4,"[]","2026-12-12 00:00:00","electronic","exchange",2,"[PREMIUM]","1,2,3,4"
"X03tKlrk9D0","2026-08-22 23:59:11.617","2026-08-23 22:55:59.073","X03tKlrk9D0","18378607","[PREMIUM]","[PREMIUM]","[PREMIUM]","128","Section 128","18",4,"[]","2026-12-12 00:00:00","electronic","exchange",5,"[PREMIUM]","1,2,3,4"
"X03tKlrqKgx","2026-08-22 23:59:11.617","2026-08-23 22:55:59.073","X03tKlrqKgx","18378607","[PREMIUM]","[PREMIUM]","[PREMIUM]","127","Section 127","21",2,"[]","2026-12-13 00:00:00","electronic","exchange",1,"[PREMIUM]","2"
"YgJtk0lX3R2","2026-08-22 23:59:11.617","2026-08-23 22:55:59.073","YgJtk0lX3R2","18378607","[PREMIUM]","[PREMIUM]","[PREMIUM]","117","Section 117","22",2,"[]","2026-12-13 00:00:00","electronic","exchange",1,"[PREMIUM]","2"
"YgJtk0z5Jmv","2026-08-22 23:59:11.617","2026-08-22 23:59:11.617","YgJtk0z5Jmv","18378607","[PREMIUM]","[PREMIUM]","[PREMIUM]","104","Section 104","23",4,"[]","2026-12-12 00:00:00","electronic","exchange",3,"[PREMIUM]","1,2,3,4"
"YgJtk0zMv3N","2026-08-22 23:59:11.617","2026-08-23 22:55:59.073","YgJtk0zMv3N","18378607","[PREMIUM]","[PREMIUM]","[PREMIUM]","123","Section 123","5",2,"[]","2026-12-13 00:00:00","electronic","exchange",1,"[PREMIUM]","2"
"YgJtk0z5JeN","2026-08-22 23:59:11.617","2026-08-22 23:59:11.617","YgJtk0z5JeN","18378607","[PREMIUM]","[PREMIUM]","[PREMIUM]","115","Section 115","4",8,"[]","2026-12-12 00:00:00","electronic","exchange",0,"[PREMIUM]","1,2,3,4,5,6,7,8"
"YgJtk0z5Jzv","2026-08-22 23:59:11.617","2026-08-22 23:59:11.617","YgJtk0z5Jzv","18378607","[PREMIUM]","[PREMIUM]","[PREMIUM]","126","Section 126","12",8,"[]","2026-12-12 00:00:00","electronic","exchange",1,"[PREMIUM]","1,2,3,4,5,6,7,8"
"YgJtk0zwP4N","2026-08-22 23:59:11.617","2026-08-22 23:59:11.617","YgJtk0zwP4N","18378607","[PREMIUM]","[PREMIUM]","[PREMIUM]","222","Section 222","9",8,"[]","2026-12-12 00:00:00","electronic","exchange",2,"[PREMIUM]","1,2,3,4,5,6,7,8"
"YgJtk0zwMdD","2026-08-22 23:59:11.617","2026-08-23 22:55:59.073","YgJtk0zwMdD","18378607","[PREMIUM]","[PREMIUM]","[PREMIUM]","109","Section 109","9",7,"[]","2026-12-12 00:00:00","electronic","exchange",3,"[PREMIUM]","1,2,3,4,5,6,7"
"YgJtk0zPR99","2026-08-22 23:59:11.617","2026-08-23 22:55:59.073","YgJtk0zPR99","18378607","[PREMIUM]","[PREMIUM]","[PREMIUM]","107","Section 107","4",2,"[]","2026-12-13 00:00:00","electronic","exchange",0,"[PREMIUM]","2"
"YgJtk0zw709","2026-08-22 23:59:11.617","2026-08-23 22:55:59.073","YgJtk0zw709","18378607","[PREMIUM]","[PREMIUM]","[PREMIUM]","107","Section 107","9",4,"[]","2026-12-12 00:00:00","electronic","exchange",3,"[PREMIUM]","1,2,3,4"
"YgJtk0zVa5N","2026-08-22 23:59:11.617","2026-09-04 23:54:02.805","YgJtk0zVa5N","18378607","[PREMIUM]","[PREMIUM]","[PREMIUM]","117","Section 117","21",2,"[]","2026-12-13 00:00:00","electronic","exchange",0,"[PREMIUM]","2"
"Zm9hvJD0Ar9","2026-08-22 23:59:11.617","2026-08-22 23:59:11.617","Zm9hvJD0Ar9","18378607","[PREMIUM]","[PREMIUM]","[PREMIUM]","102","Section 102","4",8,"[]","2026-12-12 00:00:00","electronic","exchange",2,"[PREMIUM]","1,2,3,4,5,6,7,8"
"Zm9hvJD9jBb","2026-08-22 23:59:11.617","2026-08-22 23:59:11.617","Zm9hvJD9jBb","18378607","[PREMIUM]","[PREMIUM]","[PREMIUM]","218","Section 218","1",8,"[]","2026-12-12 00:00:00","electronic","exchange",4,"[PREMIUM]","1,2,3,4,5,6,7,8"
"Zm9hvJDonvo","2026-08-22 23:59:11.617","2026-08-22 23:59:11.617","Zm9hvJDonvo","18378607","[PREMIUM]","[PREMIUM]","[PREMIUM]","107","Section 107","18",4,"[]","2026-12-12 00:00:00","electronic","exchange",1,"[PREMIUM]","1,2,3,4"
"Zm9hvJDqXn2","2026-08-22 23:59:11.617","2026-08-22 23:59:11.617","Zm9hvJDqXn2","18378607","[PREMIUM]","[PREMIUM]","[PREMIUM]","207","Section 207","7",8,"[]","2026-12-12 00:00:00","electronic","exchange",3,"[PREMIUM]","1,2,3,4,5,6,7,8"
"Zm9hvJDqXEe","2026-08-22 23:59:11.617","2026-08-22 23:59:11.617","Zm9hvJDqXEe","18378607","[PREMIUM]","[PREMIUM]","[PREMIUM]","204","Section 204","16",5,"[]","2026-12-12 00:00:00","electronic","exchange",2,"[PREMIUM]","1,2,3,4,5"
"Zm9hvJXOOXP","2026-08-22 23:59:11.617","2026-08-22 23:59:11.617","Zm9hvJXOOXP","18378607","[PREMIUM]","[PREMIUM]","[PREMIUM]","204","Section 204","1",2,"[]","2026-12-13 00:00:00","electronic","exchange",1,"[PREMIUM]","2"
"agktlMBLN5M","2026-08-22 23:59:11.617","2026-08-23 22:55:59.073","agktlMBLN5M","18378607","[PREMIUM]","[PREMIUM]","[PREMIUM]","104","Section 104","10",8,"[]","2026-12-12 00:00:00","electronic","exchange",5,"[PREMIUM]","1,2,3,4,5,6,7,8"
"agktlMBaE9O","2026-08-22 23:59:11.617","2026-08-23 22:55:59.073","agktlMBaE9O","18378607","[PREMIUM]","[PREMIUM]","[PREMIUM]","118","Section 118","24",2,"[]","2026-12-13 00:00:00","electronic","exchange",1,"[PREMIUM]","2"
"agktlMB0RVZ","2026-08-22 23:59:11.617","2026-08-23 22:55:59.073","agktlMB0RVZ","18378607","[PREMIUM]","[PREMIUM]","[PREMIUM]","202","Section 202","15",5,"[]","2026-12-12 00:00:00","electronic","exchange",1,"[PREMIUM]","1,2,3,4,5"
"agktlMB5an3","2026-08-22 23:59:11.617","2026-08-22 23:59:11.617","agktlMB5an3","18378607","[PREMIUM]","[PREMIUM]","[PREMIUM]","115","Section 115","5",2,"[]","2026-12-12 00:00:00","electronic","exchange",1,"[PREMIUM]","1,2"
"agktlMBgKM2","2026-08-22 23:59:11.617","2026-08-23 22:55:59.073","agktlMBgKM2","18378607","[PREMIUM]","[PREMIUM]","[PREMIUM]","101","Section 101","22",8,"[]","2026-12-12 00:00:00","electronic","exchange",3,"[PREMIUM]","1,2,3,4,5,6,7,8"
"agktlMBgK09","2026-08-22 23:59:11.617","2026-08-22 23:59:11.617","agktlMBgK09","18378607","[PREMIUM]","[PREMIUM]","[PREMIUM]","124","Section 124","4",7,"[]","2026-12-12 00:00:00","electronic","exchange",2,"[PREMIUM]","1,2,3,4,5,6,7"
"agktlMBL57m","2026-08-22 23:59:11.617","2026-08-22 23:59:11.617","agktlMBL57m","18378607","[PREMIUM]","[PREMIUM]","[PREMIUM]","219","Section 219","11",8,"[]","2026-12-12 00:00:00","electronic","exchange",2,"[PREMIUM]","1,2,3,4,5,6,7,8"
"agktlMBLp4M","2026-08-22 23:59:11.617","2026-08-23 22:55:59.073","agktlMBLp4M","18378607","[PREMIUM]","[PREMIUM]","[PREMIUM]","222","Section 222","10",8,"[]","2026-12-12 00:00:00","electronic","exchange",5,"[PREMIUM]","1,2,3,4,5,6,7,8"
"agktlMB0rnG","2026-08-22 23:59:11.617","2026-08-22 23:59:11.617","agktlMB0rnG","18378607","[PREMIUM]","[PREMIUM]","[PREMIUM]","127","Section 127","24",6,"[]","2026-12-12 00:00:00","electronic","exchange",3,"[PREMIUM]","1,2,3,4,5,6"
"agktlMBg4A5","2026-08-22 23:59:11.617","2026-08-23 22:55:59.073","agktlMBg4A5","18378607","[PREMIUM]","[PREMIUM]","[PREMIUM]","223","Section 223","18",4,"[]","2026-12-12 00:00:00","electronic","exchange",4,"[PREMIUM]","1,2,3,4"
"agktlMB6E0G","2026-08-22 23:59:11.617","2026-08-22 23:59:11.617","agktlMB6E0G","18378607","[PREMIUM]","[PREMIUM]","[PREMIUM]","201","Section 201","10",5,"[]","2026-12-13 00:00:00","electronic","exchange",1,"[PREMIUM]","1,3,5"
"agktlMBLNGZ","2026-08-22 23:59:11.617","2026-08-22 23:59:11.617","agktlMBLNGZ","18378607","[PREMIUM]","[PREMIUM]","[PREMIUM]","118","Section 118","20",8,"[]","2026-12-12 00:00:00","electronic","exchange",2,"[PREMIUM]","1,2,3,4,5,6,7,8"
"b4wUaoLEMoJ","2026-08-22 23:59:11.617","2026-08-22 23:59:11.617","b4wUaoLEMoJ","18378607","[PREMIUM]","[PREMIUM]","[PREMIUM]","116","Section 116","19",7,"[]","2026-12-13 00:00:00","electronic","exchange",2,"[PREMIUM]","1,2,3,4,5,6,7"
"b4wUaoLPDEg","2026-08-22 23:59:11.617","2026-08-23 22:55:59.073","b4wUaoLPDEg","18378607","[PREMIUM]","[PREMIUM]","[PREMIUM]","123","Section 123","9",4,"[]","2026-12-13 00:00:00","electronic","exchange",0,"[PREMIUM]","2,4"
"b4wUaoLgBeE","2026-08-22 23:59:11.617","2026-08-22 23:59:11.617","b4wUaoLgBeE","18378607","[PREMIUM]","[PREMIUM]","[PREMIUM]","115","Section 115","21",6,"[]","2026-12-12 00:00:00","electronic","exchange",2,"[PREMIUM]","1,2,3,4,5,6"
"b4wUaoLz8JM","2026-08-22 23:59:11.617","2026-08-22 23:59:11.617","b4wUaoLz8JM","18378607","[PREMIUM]","[PREMIUM]","[PREMIUM]","128","Section 128","19",7,"[]","2026-12-12 00:00:00","electronic","exchange",5,"[PREMIUM]","1,2,3,4,5,6,7"
"b4wUaoLp9Kg","2026-08-22 23:59:11.617","2026-08-23 22:55:59.073","b4wUaoLp9Kg","18378607","[PREMIUM]","[PREMIUM]","[PREMIUM]","109","Section 109","8",4,"[]","2026-12-12 00:00:00","electronic","exchange",5,"[PREMIUM]","1,2,3,4"
"b4wUaollGme","2026-08-22 23:59:11.617","2026-08-24 23:52:08.955","b4wUaollGme","18378607","[PREMIUM]","[PREMIUM]","[PREMIUM]","103","Section 103","19",2,"[]","2026-12-13 00:00:00","electronic","exchange",1,"[PREMIUM]","2"
"dNgUgpMDXOl","2026-08-22 23:59:11.617","2026-08-23 22:55:59.073","dNgUgpMDXOl","18378607","[PREMIUM]","[PREMIUM]","[PREMIUM]","115","Section 115","20",7,"[]","2026-12-12 00:00:00","electronic","exchange",2,"[PREMIUM]","1,2,3,4,5,6,7"
"dNgUgpMdvEN","2026-08-22 23:59:11.617","2026-08-23 22:55:59.073","dNgUgpMdvEN","18378607","[PREMIUM]","[PREMIUM]","[PREMIUM]","120","Section 120","4",6,"[]","2026-12-13 00:00:00","electronic","exchange",0,"[PREMIUM]","1,2,4,6"
"dNgUgpMRPL6","2026-08-22 23:59:11.617","2026-08-22 23:59:11.617","dNgUgpMRPL6","18378607","[PREMIUM]","[PREMIUM]","[PREMIUM]","214","Section 214","10",8,"[]","2026-12-12 00:00:00","electronic","exchange",2,"[PREMIUM]","1,2,3,4,5,6,7,8"
"dNgUgpPln2E","2026-08-22 23:59:11.617","2026-08-22 23:59:11.617","dNgUgpPln2E","18378607","[PREMIUM]","[PREMIUM]","[PREMIUM]","128","Section 128","21",8,"[]","2026-12-13 00:00:00","electronic","exchange",3,"[PREMIUM]","1,2,3,4,5,6,7,8"
"eeacK8Bd4pP","2026-08-22 23:59:11.617","2026-08-22 23:59:11.617","eeacK8Bd4pP","18378607","[PREMIUM]","[PREMIUM]","[PREMIUM]","117","Section 117","23",4,"[]","2026-12-13 00:00:00","electronic","exchange",1,"[PREMIUM]","2,4"
"eeacK8M9E2o","2026-08-22 23:59:11.617","2026-08-23 22:55:59.073","eeacK8M9E2o","18378607","[PREMIUM]","[PREMIUM]","[PREMIUM]","107","Section 107","12",5,"[]","2026-12-12 00:00:00","electronic","exchange",5,"[PREMIUM]","1,2,3,4,5"
"eeacK8M94Ao","2026-08-22 23:59:11.617","2026-08-22 23:59:11.617","eeacK8M94Ao","18378607","[PREMIUM]","[PREMIUM]","[PREMIUM]","216","Section 216","8",4,"[]","2026-12-12 00:00:00","electronic","exchange",2,"[PREMIUM]","1,2,3,4"
"eeacK8MzbRX","2026-08-22 23:59:11.617","2026-08-23 22:55:59.073","eeacK8MzbRX","18378607","[PREMIUM]","[PREMIUM]","[PREMIUM]","126","Section 126","10",6,"[]","2026-12-13 00:00:00","electronic","exchange",0,"[PREMIUM]","1,2,4,6"
"eeacK8MbBNO","2026-08-22 23:59:11.617","2026-08-23 22:55:59.073","eeacK8MbBNO","18378607","[PREMIUM]","[PREMIUM]","[PREMIUM]","208","Section 208","11",4,"[]","2026-12-12 00:00:00","electronic","exchange",5,"[PREMIUM]","1,2,3,4"
"eeacK8MaKlv","2026-08-22 23:59:11.617","2026-08-23 22:55:59.073","eeacK8MaKlv","18378607","[PREMIUM]","[PREMIUM]","[PREMIUM]","207","Section 207","5",2,"[]","2026-12-13 00:00:00","electronic","exchange",1,"[PREMIUM]","2"
"eeacK8Makrv","2026-08-22 23:59:11.617","2026-08-23 22:55:59.073","eeacK8Makrv","18378607","[PREMIUM]","[PREMIUM]","[PREMIUM]","113","Section 113","12",3,"[]","2026-12-13 00:00:00","electronic","exchange",1,"[PREMIUM]","1,3"
"eeacK8MBdwN","2026-08-22 23:59:11.617","2026-09-04 23:54:02.805","eeacK8MBdwN","18378607","[PREMIUM]","[PREMIUM]","[PREMIUM]","101","Section 101","19",3,"[]","2026-12-13 00:00:00","electronic","exchange",0,"[PREMIUM]","1,2,3"
"g48Ur6PP35g","2026-08-22 23:59:11.617","2026-08-28 00:58:33.288","g48Ur6PP35g","18378607","[PREMIUM]","[PREMIUM]","[PREMIUM]","102","Section 102","6",5,"[]","2026-12-13 00:00:00","electronic","exchange",0,"[PREMIUM]","1,2,3,4,5"
"g48Ur6eAJon","2026-08-22 23:59:11.617","2026-08-22 23:59:11.617","g48Ur6eAJon","18378607","[PREMIUM]","[PREMIUM]","[PREMIUM]","112","Section 112","18",4,"[]","2026-12-12 00:00:00","electronic","exchange",1,"[PREMIUM]","1,2,3,4"
"g48Ur6e0E73","2026-08-22 23:59:11.617","2026-08-22 23:59:11.617","g48Ur6e0E73","18378607","[PREMIUM]","[PREMIUM]","[PREMIUM]","215","Section 215","12",6,"[]","2026-12-12 00:00:00","electronic","exchange",2,"[PREMIUM]","1,2,3,4,5,6"
"g48Ur6e0Bok","2026-08-22 23:59:11.617","2026-08-22 23:59:11.617","g48Ur6e0Bok","18378607","[PREMIUM]","[PREMIUM]","[PREMIUM]","106","Section 106","9",6,"[]","2026-12-12 00:00:00","electronic","exchange",3,"[PREMIUM]","1,2,3,4,5,6"
"g48Ur6e0gqe","2026-08-22 23:59:11.617","2026-08-23 22:55:59.073","g48Ur6e0gqe","18378607","[PREMIUM]","[PREMIUM]","[PREMIUM]","223","Section 223","18",8,"[]","2026-12-12 00:00:00","electronic","exchange",4,"[PREMIUM]","1,2,3,4,5,6,7,8"
"g48Ur6eEdGk","2026-08-22 23:59:11.617","2026-08-23 22:55:59.073","g48Ur6eEdGk","18378607","[PREMIUM]","[PREMIUM]","[PREMIUM]","205","Section 205","4",2,"[]","2026-12-13 00:00:00","electronic","exchange",1,"[PREMIUM]","2"
"g48Ur6e03rz","2026-08-22 23:59:11.617","2026-08-22 23:59:11.617","g48Ur6e03rz","18378607","[PREMIUM]","[PREMIUM]","[PREMIUM]","123","Section 123","9",6,"[]","2026-12-12 00:00:00","electronic","exchange",1,"[PREMIUM]","1,2,3,4,5,6"
"g48Ur6e3grX","2026-08-22 23:59:11.617","2026-08-23 22:55:59.073","g48Ur6e3grX","18378607","[PREMIUM]","[PREMIUM]","[PREMIUM]","112","Section 112","18",2,"[]","2026-12-13 00:00:00","electronic","exchange",0,"[PREMIUM]","2"
"g48Ur6enaLY","2026-08-22 23:59:11.617","2026-08-23 22:55:59.073","g48Ur6enaLY","18378607","[PREMIUM]","[PREMIUM]","[PREMIUM]","203","Section 203","15",4,"[]","2026-12-12 00:00:00","electronic","exchange",1,"[PREMIUM]","1,2,3,4"
"g48Ur6emB0l","2026-08-22 23:59:11.617","2026-08-23 22:55:59.073","g48Ur6emB0l","18378607","[PREMIUM]","[PREMIUM]","[PREMIUM]","212","Section 212","1",2,"[]","2026-12-13 00:00:00","electronic","exchange",1,"[PREMIUM]","2"
"jDvszkBGo09","2026-08-22 23:59:11.617","2026-08-22 23:59:11.617","jDvszkBGo09","18378607","[PREMIUM]","[PREMIUM]","[PREMIUM]","113","Section 113","13",4,"[]","2026-12-12 00:00:00","electronic","exchange",4,"[PREMIUM]","1,2,3,4"
"jDvszkBGmxx","2026-08-22 23:59:11.617","2026-08-23 22:55:59.073","jDvszkBGmxx","18378607","[PREMIUM]","[PREMIUM]","[PREMIUM]","219","Section 219","4",4,"[]","2026-12-12 00:00:00","electronic","exchange",3,"[PREMIUM]","1,2,3,4"
"jDvszkB8AOx","2026-08-22 23:59:11.617","2026-08-22 23:59:11.617","jDvszkB8AOx","18378607","[PREMIUM]","[PREMIUM]","[PREMIUM]","207","Section 207","8",4,"[]","2026-12-12 00:00:00","electronic","exchange",4,"[PREMIUM]","1,2,3,4"
"jDvszkB2Dma","2026-08-22 23:59:11.617","2026-08-22 23:59:11.617","jDvszkB2Dma","18378607","[PREMIUM]","[PREMIUM]","[PREMIUM]","206","Section 206","13",6,"[]","2026-12-12 00:00:00","electronic","exchange",2,"[PREMIUM]","1,2,3,4,5,6"
"jDvszkBd0Dk","2026-08-22 23:59:11.617","2026-08-23 22:55:59.073","jDvszkBd0Dk","18378607","[PREMIUM]","[PREMIUM]","[PREMIUM]","225","Section 225","8",7,"[]","2026-12-12 00:00:00","electronic","exchange",2,"[PREMIUM]","1,2,3,4,5,6,7"
"jDvszkBoZkm","2026-08-22 23:59:11.617","2026-08-23 22:55:59.073","jDvszkBoZkm","18378607","[PREMIUM]","[PREMIUM]","[PREMIUM]","114","Section 114","4",4,"[]","2026-12-13 00:00:00","electronic","exchange",2,"[PREMIUM]","2,4"
"jDvszkPw6Dw","2026-08-22 23:59:11.617","2026-08-23 22:55:59.073","jDvszkPw6Dw","18378607","[PREMIUM]","[PREMIUM]","[PREMIUM]","203","Section 203","5",3,"[]","2026-12-13 00:00:00","electronic","exchange",0,"[PREMIUM]","1,3"
"kYet9mDYEgl","2026-08-22 23:59:11.617","2026-08-23 22:55:59.073","kYet9mDYEgl","18378607","[PREMIUM]","[PREMIUM]","[PREMIUM]","110","Section 110","23",6,"[]","2026-12-13 00:00:00","electronic","exchange",0,"[PREMIUM]","1,2,4,6"
"kYet9mD207X","2026-08-22 23:59:11.617","2026-08-23 22:55:59.073","kYet9mD207X","18378607","[PREMIUM]","[PREMIUM]","[PREMIUM]","203","Section 203","3",2,"[]","2026-12-13 00:00:00","electronic","exchange",2,"[PREMIUM]","2"
"kYet9mDYepl","2026-08-22 23:59:11.617","2026-08-23 22:55:59.073","kYet9mDYepl","18378607","[PREMIUM]","[PREMIUM]","[PREMIUM]","226","Section 226","1",4,"[]","2026-12-13 00:00:00","electronic","exchange",2,"[PREMIUM]","2,4"
"kYet9mD8oPx","2026-08-22 23:59:11.617","2026-08-23 22:55:59.073","kYet9mD8oPx","18378607","[PREMIUM]","[PREMIUM]","[PREMIUM]","210","Section 210","7",8,"[]","2026-12-12 00:00:00","electronic","exchange",4,"[PREMIUM]","1,2,3,4,5,6,7,8"
"kYet9mDln9R","2026-08-22 23:59:11.617","2026-08-23 22:55:59.073","kYet9mDln9R","18378607","[PREMIUM]","[PREMIUM]","[PREMIUM]","107","Section 107","20",4,"[]","2026-12-12 00:00:00","electronic","exchange",2,"[PREMIUM]","1,2,3,4"
"kYet9mDlXmj","2026-08-22 23:59:11.617","2026-08-23 22:55:59.073","kYet9mDlXmj","18378607","[PREMIUM]","[PREMIUM]","[PREMIUM]","104","Section 104","7",8,"[]","2026-12-12 00:00:00","electronic","exchange",2,"[PREMIUM]","1,2,3,4,5,6,7,8"
"kYet9mDlnLA","2026-08-22 23:59:11.617","2026-08-22 23:59:11.617","kYet9mDlnLA","18378607","[PREMIUM]","[PREMIUM]","[PREMIUM]","107","Section 107","19",4,"[]","2026-12-12 00:00:00","electronic","exchange",1,"[PREMIUM]","1,2,3,4"
"kYet9mDlnaV","2026-08-22 23:59:11.617","2026-08-23 22:55:59.073","kYet9mDlnaV","18378607","[PREMIUM]","[PREMIUM]","[PREMIUM]","121","Section 121","3",7,"[]","2026-12-12 00:00:00","electronic","exchange",1,"[PREMIUM]","1,2,3,4,5,6,7"
"kYet9mDzPAl","2026-08-22 23:59:11.617","2026-08-22 23:59:11.617","kYet9mDzPAl","18378607","[PREMIUM]","[PREMIUM]","[PREMIUM]","210","Section 210","14",5,"[]","2026-12-12 00:00:00","electronic","exchange",2,"[PREMIUM]","1,2,3,4,5"
"kYet9mDlXGb","2026-08-22 23:59:11.617","2026-08-23 22:55:59.073","kYet9mDlXGb","18378607","[PREMIUM]","[PREMIUM]","[PREMIUM]","127","Section 127","9",8,"[]","2026-12-12 00:00:00","electronic","exchange",5,"[PREMIUM]","1,2,3,4,5,6,7,8"
"lxVsdRO7xja","2026-08-22 23:59:11.617","2026-08-23 22:55:59.073","lxVsdRO7xja","18378607","[PREMIUM]","[PREMIUM]","[PREMIUM]","204","Section 204","15",8,"[]","2026-12-12 00:00:00","electronic","exchange",2,"[PREMIUM]","1,2,3,4,5,6,7,8"
"lxVsdRODGBD","2026-08-22 23:59:11.617","2026-08-23 22:55:59.073","lxVsdRODGBD","18378607","[PREMIUM]","[PREMIUM]","[PREMIUM]","217","Section 217","15",4,"[]","2026-12-12 00:00:00","electronic","exchange",5,"[PREMIUM]","1,2,3,4"
"lxVsdRODGBM","2026-08-22 23:59:11.617","2026-08-22 23:59:11.617","lxVsdRODGBM","18378607","[PREMIUM]","[PREMIUM]","[PREMIUM]","218","Section 218","15",6,"[]","2026-12-12 00:00:00","electronic","exchange",2,"[PREMIUM]","1,2,3,4,5,6"
"lxVsdRODGrE","2026-08-22 23:59:11.617","2026-08-22 23:59:11.617","lxVsdRODGrE","18378607","[PREMIUM]","[PREMIUM]","[PREMIUM]","215","Section 215","10",4,"[]","2026-12-12 00:00:00","electronic","exchange",2,"[PREMIUM]","1,2,3,4"
"lxVsdRODGwD","2026-08-22 23:59:11.617","2026-08-22 23:59:11.617","lxVsdRODGwD","18378607","[PREMIUM]","[PREMIUM]","[PREMIUM]","202","Section 202","13",7,"[]","2026-12-12 00:00:00","electronic","exchange",1,"[PREMIUM]","1,2,3,4,5,6,7"
"lxVsdRO4gZG","2026-08-22 23:59:11.617","2026-08-22 23:59:11.617","lxVsdRO4gZG","18378607","[PREMIUM]","[PREMIUM]","[PREMIUM]","104","Section 104","20",8,"[]","2026-12-12 00:00:00","electronic","exchange",2,"[PREMIUM]","1,2,3,4,5,6,7,8"
"lxVsdRODbGk","2026-08-22 23:59:11.617","2026-08-23 22:55:59.073","lxVsdRODbGk","18378607","[PREMIUM]","[PREMIUM]","[PREMIUM]","116","Section 116","19",7,"[]","2026-12-12 00:00:00","electronic","exchange",5,"[PREMIUM]","1,2,3,4,5,6,7"
"lxVsdRODbl0","2026-08-22 23:59:11.617","2026-08-22 23:59:11.617","lxVsdRODbl0","18378607","[PREMIUM]","[PREMIUM]","[PREMIUM]","124","Section 124","18",6,"[]","2026-12-12 00:00:00","electronic","exchange",3,"[PREMIUM]","1,2,3,4,5,6"
"lxVsdROZk6m","2026-08-22 23:59:11.617","2026-08-22 23:59:11.617","lxVsdROZk6m","18378607","[PREMIUM]","[PREMIUM]","[PREMIUM]","101","Section 101","8",4,"[]","2026-12-12 00:00:00","electronic","exchange",2,"[PREMIUM]","1,2,3,4"
"lxVsdROE3Md","2026-08-22 23:59:11.617","2026-08-23 22:55:59.073","lxVsdROE3Md","18378607","[PREMIUM]","[PREMIUM]","[PREMIUM]","112","Section 112","8",3,"[]","2026-12-13 00:00:00","electronic","exchange",0,"[PREMIUM]","1,3"
"lxVsdROVZ5N","2026-08-22 23:59:11.617","2026-08-23 22:55:59.073","lxVsdROVZ5N","18378607","[PREMIUM]","[PREMIUM]","[PREMIUM]","202","Section 202","12",8,"[]","2026-12-12 00:00:00","electronic","exchange",1,"[PREMIUM]","1,2,3,4,5,6,7,8"
"lxVsdROEKYd","2026-08-22 23:59:11.617","2026-08-23 22:55:59.073","lxVsdROEKYd","18378607","[PREMIUM]","[PREMIUM]","[PREMIUM]","204","Section 204","7",5,"[]","2026-12-13 00:00:00","electronic","exchange",1,"[PREMIUM]","1,3,5"
"lxVsdROpwpo","2026-08-22 23:59:11.617","2026-08-22 23:59:11.617","lxVsdROpwpo","18378607","[PREMIUM]","[PREMIUM]","[PREMIUM]","116","Section 116","22",3,"[]","2026-12-12 00:00:00","electronic","exchange",4,"[PREMIUM]","1,2,3"
"lxVsdROp0JX","2026-08-22 23:59:11.617","2026-08-22 23:59:11.617","lxVsdROp0JX","18378607","[PREMIUM]","[PREMIUM]","[PREMIUM]","206","Section 206","15",4,"[]","2026-12-12 00:00:00","electronic","exchange",2,"[PREMIUM]","1,2,3,4"
"mxAs4xbq295","2026-08-22 23:59:11.617","2026-08-22 23:59:11.617","mxAs4xbq295","18378607","[PREMIUM]","[PREMIUM]","[PREMIUM]","120","Section 120","18",10,"[]","2026-12-13 00:00:00","electronic","exchange",2,"[PREMIUM]","1,2,3,4,5,6,7,8,9,10"
"mxAs4xnDevZ","2026-08-22 23:59:11.617","2026-08-22 23:59:11.617","mxAs4xnDevZ","18378607","[PREMIUM]","[PREMIUM]","[PREMIUM]","112","Section 112","13",6,"[]","2026-12-12 00:00:00","electronic","exchange",5,"[PREMIUM]","1,2,3,4,5,6"
"mxAs4xnZkxB","2026-08-22 23:59:11.617","2026-08-22 23:59:11.617","mxAs4xnZkxB","18378607","[PREMIUM]","[PREMIUM]","[PREMIUM]","107","Section 107","11",5,"[]","2026-12-12 00:00:00","electronic","exchange",5,"[PREMIUM]","1,2,3,4,5"
"mxAs4xnZm7m","2026-08-22 23:59:11.617","2026-08-22 23:59:11.617","mxAs4xnZm7m","18378607","[PREMIUM]","[PREMIUM]","[PREMIUM]","114","Section 114","5",8,"[]","2026-12-12 00:00:00","electronic","exchange",5,"[PREMIUM]","1,2,3,4,5,6,7,8"
"mxAs4xnXJle","2026-08-22 23:59:11.617","2026-08-23 22:55:59.073","mxAs4xnXJle","18378607","[PREMIUM]","[PREMIUM]","[PREMIUM]","228","Section 228","12",7,"[]","2026-12-12 00:00:00","electronic","exchange",1,"[PREMIUM]","1,2,3,4,5,6,7"
"mxAs4xnDbMG","2026-08-22 23:59:11.617","2026-08-22 23:59:11.617","mxAs4xnDbMG","18378607","[PREMIUM]","[PREMIUM]","[PREMIUM]","215","Section 215","11",4,"[]","2026-12-12 00:00:00","electronic","exchange",2,"[PREMIUM]","1,2,3,4"
"nx0srKPAJrl","2026-08-22 23:59:11.617","2026-08-23 22:55:59.073","nx0srKPAJrl","18378607","[PREMIUM]","[PREMIUM]","[PREMIUM]","114","Section 114","3",2,"[]","2026-12-13 00:00:00","electronic","exchange",5,"[PREMIUM]","2"
"nx0srKqAPXe","2026-08-22 23:59:11.617","2026-08-22 23:59:11.617","nx0srKqAPXe","18378607","[PREMIUM]","[PREMIUM]","[PREMIUM]","211","Section 211","6",4,"[]","2026-12-12 00:00:00","electronic","exchange",3,"[PREMIUM]","1,2,3,4"
"nx0srKqEXOr","2026-08-22 23:59:11.617","2026-08-23 22:55:59.073","nx0srKqEXOr","18378607","[PREMIUM]","[PREMIUM]","[PREMIUM]","215","Section 215","6",5,"[]","2026-12-12 00:00:00","electronic","exchange",5,"[PREMIUM]","1,2,3,4,5"
"nx0srKqz9wK","2026-08-22 23:59:11.617","2026-08-23 22:55:59.073","nx0srKqz9wK","18378607","[PREMIUM]","[PREMIUM]","[PREMIUM]","109","Section 109","18",4,"[]","2026-12-12 00:00:00","electronic","exchange",1,"[PREMIUM]","1,2,3,4"
"nx0srKqA8On","2026-08-22 23:59:11.617","2026-08-22 23:59:11.617","nx0srKqA8On","18378607","[PREMIUM]","[PREMIUM]","[PREMIUM]","107","Section 107","21",4,"[]","2026-12-12 00:00:00","electronic","exchange",2,"[PREMIUM]","1,2,3,4"
"oV7Hb6BdPl6","2026-08-22 23:59:11.617","2026-08-23 22:55:59.073","oV7Hb6BdPl6","18378607","[PREMIUM]","[PREMIUM]","[PREMIUM]","207","Section 207","10",4,"[]","2026-12-12 00:00:00","electronic","exchange",5,"[PREMIUM]","1,2,3,4"
"oV7Hb6B3dYX","2026-08-22 23:59:11.617","2026-08-23 22:55:59.073","oV7Hb6B3dYX","18378607","[PREMIUM]","[PREMIUM]","[PREMIUM]","209","Section 209","12",6,"[]","2026-12-13 00:00:00","electronic","exchange",0,"[PREMIUM]","1,2,4,6"
"oV7Hb6B3x3E","2026-08-22 23:59:11.617","2026-08-23 22:55:59.073","oV7Hb6B3x3E","18378607","[PREMIUM]","[PREMIUM]","[PREMIUM]","223","Section 223","1",4,"[]","2026-12-13 00:00:00","electronic","exchange",4,"[PREMIUM]","2,4"
"oV7Hb6Bz55q","2026-08-22 23:59:11.617","2026-08-22 23:59:11.617","oV7Hb6Bz55q","18378607","[PREMIUM]","[PREMIUM]","[PREMIUM]","101","Section 101","9",2,"[]","2026-12-12 00:00:00","electronic","exchange",2,"[PREMIUM]","1,2"
"oV7Hb6BgvBj","2026-08-22 23:59:11.617","2026-08-22 23:59:11.617","oV7Hb6BgvBj","18378607","[PREMIUM]","[PREMIUM]","[PREMIUM]","114","Section 114","8",4,"[]","2026-12-12 00:00:00","electronic","exchange",3,"[PREMIUM]","1,2,3,4"
"oV7Hb6BdowL","2026-08-22 23:59:11.617","2026-08-23 22:55:59.073","oV7Hb6BdowL","18378607","[PREMIUM]","[PREMIUM]","[PREMIUM]","103","Section 103","10",6,"[]","2026-12-12 00:00:00","electronic","exchange",5,"[PREMIUM]","1,2,3,4,5,6"
"oV7Hb6Bvwoo","2026-08-22 23:59:11.617","2026-08-23 22:55:59.073","oV7Hb6Bvwoo","18378607","[PREMIUM]","[PREMIUM]","[PREMIUM]","225","Section 225","1",4,"[]","2026-12-13 00:00:00","electronic","exchange",3,"[PREMIUM]","2,4"
"oV7Hb6BgGmr","2026-08-22 23:59:11.617","2026-08-23 22:55:59.073","oV7Hb6BgGmr","18378607","[PREMIUM]","[PREMIUM]","[PREMIUM]","120","Section 120","18",8,"[]","2026-12-12 00:00:00","electronic","exchange",4,"[PREMIUM]","1,2,3,4,5,6,7,8"
"oV7Hb6BqjeO","2026-08-22 23:59:11.617","2026-08-22 23:59:11.617","oV7Hb6BqjeO","18378607","[PREMIUM]","[PREMIUM]","[PREMIUM]","117","Section 117","5",5,"[]","2026-12-12 00:00:00","electronic","exchange",2,"[PREMIUM]","1,2,3,4,5"
"oV7Hb6Bdjn3","2026-08-22 23:59:11.617","2026-08-23 22:55:59.073","oV7Hb6Bdjn3","18378607","[PREMIUM]","[PREMIUM]","[PREMIUM]","107","Section 107","22",4,"[]","2026-12-12 00:00:00","electronic","exchange",5,"[PREMIUM]","1,2,3,4"
"oV7Hb6BdjPg","2026-08-22 23:59:11.617","2026-08-22 23:59:11.617","oV7Hb6BdjPg","18378607","[PREMIUM]","[PREMIUM]","[PREMIUM]","126","Section 126","13",3,"[]","2026-12-12 00:00:00","electronic","exchange",2,"[PREMIUM]","1,2,3"
"oV7Hb6BwZG8","2026-08-22 23:59:11.617","2026-08-22 23:59:11.617","oV7Hb6BwZG8","18378607","[PREMIUM]","[PREMIUM]","[PREMIUM]","215","Section 215","17",6,"[]","2026-12-12 00:00:00","electronic","exchange",4,"[PREMIUM]","1,2,3,4,5,6"
"oV7Hb6PxdGB","2026-08-22 23:59:11.617","2026-08-24 23:52:08.955","oV7Hb6PxdGB","18378607","[PREMIUM]","[PREMIUM]","[PREMIUM]","103","Section 103","19",2,"[]","2026-12-13 00:00:00","electronic","exchange",0,"[PREMIUM]","2"
"pVXHD739dLl","2026-08-22 23:59:11.617","2026-08-23 22:55:59.073","pVXHD739dLl","18378607","[PREMIUM]","[PREMIUM]","[PREMIUM]","101","Section 101","19",2,"[]","2026-12-13 00:00:00","electronic","exchange",1,"[PREMIUM]","2"
"pVXHD73zJNg","2026-08-22 23:59:11.617","2026-08-23 22:55:59.073","pVXHD73zJNg","18378607","[PREMIUM]","[PREMIUM]","[PREMIUM]","226","Section 226","3",7,"[]","2026-12-12 00:00:00","electronic","exchange",5,"[PREMIUM]","1,2,3,4,5,6,7"
"pVXHD73zO3x","2026-08-22 23:59:11.617","2026-08-23 22:55:59.073","pVXHD73zO3x","18378607","[PREMIUM]","[PREMIUM]","[PREMIUM]","126","Section 126","10",8,"[]","2026-12-12 00:00:00","electronic","exchange",5,"[PREMIUM]","1,2,3,4,5,6,7,8"
"pVXHD73zOox","2026-08-22 23:59:11.617","2026-08-23 22:55:59.073","pVXHD73zOox","18378607","[PREMIUM]","[PREMIUM]","[PREMIUM]","104","Section 104","19",4,"[]","2026-12-12 00:00:00","electronic","exchange",5,"[PREMIUM]","1,2,3,4"
"pVXHD73zPAX","2026-08-22 23:59:11.617","2026-08-22 23:59:11.617","pVXHD73zPAX","18378607","[PREMIUM]","[PREMIUM]","[PREMIUM]","206","Section 206","4",6,"[]","2026-12-12 00:00:00","electronic","exchange",2,"[PREMIUM]","1,2,3,4,5,6"
"pVXHD73jwJe","2026-08-22 23:59:11.617","2026-08-23 22:55:59.073","pVXHD73jwJe","18378607","[PREMIUM]","[PREMIUM]","[PREMIUM]","203","Section 203","3",2,"[]","2026-12-13 00:00:00","electronic","exchange",0,"[PREMIUM]","2"
"qVjH2mJAP8R","2026-08-22 23:59:11.617","2026-08-22 23:59:11.617","qVjH2mJAP8R","18378607","[PREMIUM]","[PREMIUM]","[PREMIUM]","204","Section 204","4",5,"[]","2026-12-12 00:00:00","electronic","exchange",5,"[PREMIUM]","1,2,3,4,5"
"qVjH2mJ9vjp","2026-08-22 23:59:11.617","2026-08-23 22:55:59.073","qVjH2mJ9vjp","18378607","[PREMIUM]","[PREMIUM]","[PREMIUM]","107","Section 107","13",5,"[]","2026-12-12 00:00:00","electronic","exchange",5,"[PREMIUM]","1,2,3,4,5"
"qVjH2mJO9Ye","2026-08-22 23:59:11.617","2026-08-22 23:59:11.617","qVjH2mJO9Ye","18378607","[PREMIUM]","[PREMIUM]","[PREMIUM]","201","Section 201","10",7,"[]","2026-12-12 00:00:00","electronic","exchange",2,"[PREMIUM]","1,2,3,4,5,6,7"
"qVjH2mJgO6x","2026-08-22 23:59:11.617","2026-08-23 22:55:59.073","qVjH2mJgO6x","18378607","[PREMIUM]","[PREMIUM]","[PREMIUM]","225","Section 225","12",8,"[]","2026-12-12 00:00:00","electronic","exchange",2,"[PREMIUM]","1,2,3,4,5,6,7,8"
"qVjH2mJge9N","2026-08-22 23:59:11.617","2026-08-23 22:55:59.073","qVjH2mJge9N","18378607","[PREMIUM]","[PREMIUM]","[PREMIUM]","224","Section 224","9",6,"[]","2026-12-12 00:00:00","electronic","exchange",2,"[PREMIUM]","1,2,3,4,5,6"
"qVjH2mJmKoo","2026-08-22 23:59:11.617","2026-08-23 22:55:59.073","qVjH2mJmKoo","18378607","[PREMIUM]","[PREMIUM]","[PREMIUM]","203","Section 203","3",2,"['1','2']","2026-12-13 00:00:00","electronic","exchange",1,"[PREMIUM]","1,2"
"qVjH2mPJmb9","2026-08-22 23:59:11.617","2026-08-22 23:59:11.617","qVjH2mPJmb9","18378607","[PREMIUM]","[PREMIUM]","[PREMIUM]","102","Section 102","6",4,"[]","2026-12-12 00:00:00","electronic","exchange",1,"[PREMIUM]","1,2,3,4"
"qVjH2mP3qpJ","2026-08-22 23:59:11.617","2026-08-22 23:59:11.617","qVjH2mP3qpJ","18378607","[PREMIUM]","[PREMIUM]","[PREMIUM]","202","Section 202","1",4,"[]","2026-12-13 00:00:00","electronic","exchange",1,"[PREMIUM]","1,2,3,4"
"rVOHkpBAGVK","2026-08-22 23:59:11.617","2026-08-22 23:59:11.617","rVOHkpBAGVK","18378607","[PREMIUM]","[PREMIUM]","[PREMIUM]","207","Section 207","8",4,"[]","2026-12-12 00:00:00","electronic","exchange",4,"[PREMIUM]","1,2,3,4"
"rVOHkpBd3Vb","2026-08-22 23:59:11.617","2026-08-23 22:55:59.073","rVOHkpBd3Vb","18378607","[PREMIUM]","[PREMIUM]","[PREMIUM]","104","Section 104","5",2,"[]","2026-12-13 00:00:00","electronic","exchange",0,"[PREMIUM]","2"
"rVOHkpBbdqV","2026-08-22 23:59:11.617","2026-08-23 22:55:59.073","rVOHkpBbdqV","18378607","[PREMIUM]","[PREMIUM]","[PREMIUM]","110","Section 110","9",8,"[]","2026-12-12 00:00:00","electronic","exchange",2,"[PREMIUM]","1,2,3,4,5,6,7,8"
"rVOHkpBbdk8","2026-08-22 23:59:11.617","2026-08-22 23:59:11.617","rVOHkpBbdk8","18378607","[PREMIUM]","[PREMIUM]","[PREMIUM]","120","Section 120","12",4,"[]","2026-12-12 00:00:00","electronic","exchange",2,"[PREMIUM]","1,2,3,4"
"rVOHkpBVVN4","2026-08-22 23:59:11.617","2026-08-23 22:55:59.073","rVOHkpBVVN4","18378607","[PREMIUM]","[PREMIUM]","[PREMIUM]","103","Section 103","5",4,"[]","2026-12-13 00:00:00","electronic","exchange",0,"[PREMIUM]","2,4"
"rVOHkpBbY9j","2026-08-22 23:59:11.617","2026-08-22 23:59:11.617","rVOHkpBbY9j","18378607","[PREMIUM]","[PREMIUM]","[PREMIUM]","102","Section 102","7",6,"[]","2026-12-12 00:00:00","electronic","exchange",2,"[PREMIUM]","1,2,3,4,5,6"
"rVOHkpBAoRr","2026-08-22 23:59:11.617","2026-08-22 23:59:11.617","rVOHkpBAoRr","18378607","[PREMIUM]","[PREMIUM]","[PREMIUM]","110","Section 110","23",8,"[]","2026-12-12 00:00:00","electronic","exchange",2,"[PREMIUM]","1,2,3,4,5,6,7,8"
"rVOHkpB7oa8","2026-08-22 23:59:11.617","2026-08-23 22:55:59.073","rVOHkpB7oa8","18378607","[PREMIUM]","[PREMIUM]","[PREMIUM]","127","Section 127","22",4,"[]","2026-12-12 00:00:00","electronic","exchange",2,"[PREMIUM]","1,2,3,4"
"rVOHkpBmP3a","2026-08-22 23:59:11.617","2026-08-23 22:55:59.073","rVOHkpBmP3a","18378607","[PREMIUM]","[PREMIUM]","[PREMIUM]","128","Section 128","1",2,"[]","2026-12-13 00:00:00","electronic","exchange",2,"[PREMIUM]","2"
"rVOHkpBrvmY","2026-08-22 23:59:11.617","2026-08-23 22:55:59.073","rVOHkpBrvmY","18378607","[PREMIUM]","[PREMIUM]","[PREMIUM]","206","Section 206","14",8,"[]","2026-12-12 00:00:00","electronic","exchange",2,"[PREMIUM]","1,2,3,4,5,6,7,8"
"vb3iPwB6NwA","2026-08-22 23:59:11.617","2026-08-23 22:55:59.073","vb3iPwB6NwA","18378607","[PREMIUM]","[PREMIUM]","[PREMIUM]","207","Section 207","10",2,"[]","2026-12-13 00:00:00","electronic","exchange",0,"[PREMIUM]","2"
"vb3iPwBAXwz","2026-08-22 23:59:11.617","2026-08-22 23:59:11.617","vb3iPwBAXwz","18378607","[PREMIUM]","[PREMIUM]","[PREMIUM]","103","Section 103","7",4,"[]","2026-12-12 00:00:00","electronic","exchange",2,"[PREMIUM]","1,2,3,4"
"vb3iPwBjvxG","2026-08-22 23:59:11.617","2026-08-22 23:59:11.617","vb3iPwBjvxG","18378607","[PREMIUM]","[PREMIUM]","[PREMIUM]","213","Section 213","7",8,"[]","2026-12-12 00:00:00","electronic","exchange",2,"[PREMIUM]","1,2,3,4,5,6,7,8"
"vb3iPwBX4xo","2026-08-22 23:59:11.617","2026-08-23 22:55:59.073","vb3iPwBX4xo","18378607","[PREMIUM]","[PREMIUM]","[PREMIUM]","103","Section 103","13",2,"[]","2026-12-12 00:00:00","electronic","exchange",4,"[PREMIUM]","1,2"
"vb3iPwBb3Mw","2026-08-22 23:59:11.617","2026-08-23 22:55:59.073","vb3iPwBb3Mw","18378607","[PREMIUM]","[PREMIUM]","[PREMIUM]","124","Section 124","5",6,"[]","2026-12-12 00:00:00","electronic","exchange",2,"[PREMIUM]","1,2,3,4,5,6"
"vb3iPwBb3Y7","2026-08-22 23:59:11.617","2026-08-22 23:59:11.617","vb3iPwBb3Y7","18378607","[PREMIUM]","[PREMIUM]","[PREMIUM]","202","Section 202","3",8,"[]","2026-12-12 00:00:00","electronic","exchange",4,"[PREMIUM]","1,2,3,4,5,6,7,8"
"vb3iPwBrx9n","2026-08-22 23:59:11.617","2026-08-23 22:55:59.073","vb3iPwBrx9n","18378607","[PREMIUM]","[PREMIUM]","[PREMIUM]","109","Section 109","10",5,"[]","2026-12-12 00:00:00","electronic","exchange",5,"[PREMIUM]","1,2,3,4,5"
"vb3iPwBbJoA","2026-08-22 23:59:11.617","2026-08-22 23:59:11.617","vb3iPwBbJoA","18378607","[PREMIUM]","[PREMIUM]","[PREMIUM]","219","Section 219","13",4,"[]","2026-12-12 00:00:00","electronic","exchange",3,"[PREMIUM]","1,2,3,4"
"vb3iPwBv6rN","2026-08-22 23:59:11.617","2026-08-22 23:59:11.617","vb3iPwBv6rN","18378607","[PREMIUM]","[PREMIUM]","[PREMIUM]","115","Section 115","4",8,"[]","2026-12-12 00:00:00","electronic","exchange",0,"[PREMIUM]","1,2,3,4,5,6,7,8"
"w3Jse8mO6wM","2026-08-22 23:59:11.617","2026-08-23 22:55:59.073","w3Jse8mO6wM","18378607","[PREMIUM]","[PREMIUM]","[PREMIUM]","117","Section 117","7",6,"[]","2026-12-12 00:00:00","electronic","exchange",5,"[PREMIUM]","1,2,3,4,5,6"
"w3Jse8mOlVb","2026-08-22 23:59:11.617","2026-08-22 23:59:11.617","w3Jse8mOlVb","18378607","[PREMIUM]","[PREMIUM]","[PREMIUM]","102","Section 102","22",3,"[]","2026-12-12 00:00:00","electronic","exchange",4,"[PREMIUM]","1,2,3"
"w3Jse8mO6Yp","2026-08-22 23:59:11.617","2026-08-23 22:55:59.073","w3Jse8mO6Yp","18378607","[PREMIUM]","[PREMIUM]","[PREMIUM]","214","Section 214","7",4,"[]","2026-12-12 00:00:00","electronic","exchange",5,"[PREMIUM]","1,2,3,4"
"w3Jse8mOl9o","2026-08-22 23:59:11.617","2026-08-22 23:59:11.617","w3Jse8mOl9o","18378607","[PREMIUM]","[PREMIUM]","[PREMIUM]","112","Section 112","9",4,"[]","2026-12-12 00:00:00","electronic","exchange",2,"[PREMIUM]","1,2,3,4"
"w3Jse8m94R9","2026-08-22 23:59:11.617","2026-08-22 23:59:11.617","w3Jse8m94R9","18378607","[PREMIUM]","[PREMIUM]","[PREMIUM]","101","Section 101","19",4,"[]","2026-12-12 00:00:00","electronic","exchange",2,"[PREMIUM]","1,2,3,4"
"w3Jse8mZR29","2026-08-22 23:59:11.617","2026-08-23 22:55:59.073","w3Jse8mZR29","18378607","[PREMIUM]","[PREMIUM]","[PREMIUM]","202","Section 202","12",6,"[]","2026-12-13 00:00:00","electronic","exchange",0,"[PREMIUM]","1,2,4,6"
"w3Jse8mZbOn","2026-08-22 23:59:11.617","2026-08-23 22:55:59.073","w3Jse8mZbOn","18378607","[PREMIUM]","[PREMIUM]","[PREMIUM]","107","Section 107","18",2,"[]","2026-12-13 00:00:00","electronic","exchange",0,"[PREMIUM]","2"
"w3Jse8mZnJn","2026-08-22 23:59:11.617","2026-08-22 23:59:11.617","w3Jse8mZnJn","18378607","[PREMIUM]","[PREMIUM]","[PREMIUM]","203","Section 203","15",2,"[]","2026-12-13 00:00:00","electronic","exchange",0,"[PREMIUM]","2"
"w3Jse8mO63j","2026-08-22 23:59:11.617","2026-08-22 23:59:11.617","w3Jse8mO63j","18378607","[PREMIUM]","[PREMIUM]","[PREMIUM]","215","Section 215","6",4,"[]","2026-12-12 00:00:00","electronic","exchange",5,"[PREMIUM]","1,2,3,4"
"w3Jse8mrMDO","2026-08-22 23:59:11.617","2026-08-23 22:55:59.073","w3Jse8mrMDO","18378607","[PREMIUM]","[PREMIUM]","[PREMIUM]","128","Section 128","18",2,"[]","2026-12-13 00:00:00","electronic","exchange",2,"[PREMIUM]","2"
"w3Jse8mnrqz","2026-08-22 23:59:11.617","2026-08-22 23:59:11.617","w3Jse8mnrqz","18378607","[PREMIUM]","[PREMIUM]","[PREMIUM]","121","Section 121","11",6,"[]","2026-12-12 00:00:00","electronic","exchange",1,"[PREMIUM]","1,2,3,4,5,6"
"w3Jse8mrPeA","2026-08-22 23:59:11.617","2026-08-23 22:55:59.073","w3Jse8mrPeA","18378607","[PREMIUM]","[PREMIUM]","[PREMIUM]","223","Section 223","11",7,"[]","2026-12-13 00:00:00","electronic","exchange",1,"[PREMIUM]","1,2,3,5,7"
"w3Jse8mnPMx","2026-08-22 23:59:11.617","2026-08-22 23:59:11.617","w3Jse8mnPMx","18378607","[PREMIUM]","[PREMIUM]","[PREMIUM]","127","Section 127","6",6,"[]","2026-12-12 00:00:00","electronic","exchange",2,"[PREMIUM]","1,2,3,4,5,6"
"w3Jse8mnEN3","2026-08-22 23:59:11.617","2026-08-22 23:59:11.617","w3Jse8mnEN3","18378607","[PREMIUM]","[PREMIUM]","[PREMIUM]","214","Section 214","9",4,"[]","2026-12-12 00:00:00","electronic","exchange",2,"[PREMIUM]","1,2,3,4"
"xb9imlKlEnG","2026-08-22 23:59:11.617","2026-08-31 00:10:53.172","xb9imlKlEnG","18378607","[PREMIUM]","[PREMIUM]","[PREMIUM]","101","Section 101","18",3,"['5','6','7']","2026-12-13 00:00:00","electronic","exchange",5,"[PREMIUM]","1,2,3"
"xb9imlKZ5Rg","2026-08-22 23:59:11.617","2026-08-22 23:59:11.617","xb9imlKZ5Rg","18378607","[PREMIUM]","[PREMIUM]","[PREMIUM]","124","Section 124","16",4,"[]","2026-12-12 00:00:00","electronic","exchange",3,"[PREMIUM]","1,2,3,4"
"xb9imlKvpdG","2026-08-22 23:59:11.617","2026-08-22 23:59:11.617","xb9imlKvpdG","18378607","[PREMIUM]","[PREMIUM]","[PREMIUM]","204","Section 204","7",4,"[]","2026-12-12 00:00:00","electronic","exchange",3,"[PREMIUM]","1,2,3,4"
"xb9imlKv8YO","2026-08-22 23:59:11.617","2026-08-22 23:59:11.617","xb9imlKv8YO","18378607","[PREMIUM]","[PREMIUM]","[PREMIUM]","124","Section 124","19",5,"[]","2026-12-12 00:00:00","electronic","exchange",4,"[PREMIUM]","1,2,3,4,5"
"xb9imlKv8jO","2026-08-22 23:59:11.617","2026-08-22 23:59:11.617","xb9imlKv8jO","18378607","[PREMIUM]","[PREMIUM]","[PREMIUM]","106","Section 106","24",4,"[]","2026-12-12 00:00:00","electronic","exchange",2,"[PREMIUM]","1,2,3,4"
"xb9imlKZ7x9","2026-08-22 23:59:11.617","2026-08-22 23:59:11.617","xb9imlKZ7x9","18378607","[PREMIUM]","[PREMIUM]","[PREMIUM]","227","Section 227","16",4,"[]","2026-12-12 00:00:00","electronic","exchange",2,"[PREMIUM]","1,2,3,4"
"xb9imlKdwbD","2026-08-22 23:59:11.617","2026-08-23 22:55:59.073","xb9imlKdwbD","18378607","[PREMIUM]","[PREMIUM]","[PREMIUM]","220","Section 220","10",2,"[]","2026-12-13 00:00:00","electronic","exchange",1,"[PREMIUM]","2"
"xb9imlpKzBe","2026-08-22 23:59:11.617","2026-08-28 00:58:33.288","xb9imlpKzBe","18378607","[PREMIUM]","[PREMIUM]","[PREMIUM]","102","Section 102","6",4,"[]","2026-12-13 00:00:00","electronic","exchange",0,"[PREMIUM]","2,4"
"z3Es6vx20KB","2026-08-22 23:59:11.617","2026-08-23 22:55:59.073","z3Es6vx20KB","18378607","[PREMIUM]","[PREMIUM]","[PREMIUM]","211","Section 211","6",6,"[]","2026-12-12 00:00:00","electronic","exchange",5,"[PREMIUM]","1,2,3,4,5,6"
"z3Es6vx240E","2026-08-22 23:59:11.617","2026-08-23 22:55:59.073","z3Es6vx240E","18378607","[PREMIUM]","[PREMIUM]","[PREMIUM]","117","Section 117","8",6,"[]","2026-12-12 00:00:00","electronic","exchange",5,"[PREMIUM]","1,2,3,4,5,6"
"z3Es6vx0VwP","2026-08-22 23:59:11.617","2026-08-31 00:10:53.172","z3Es6vx0VwP","18378607","[PREMIUM]","[PREMIUM]","[PREMIUM]","207","Section 207","5",2,"[]","2026-12-13 00:00:00","electronic","exchange",1,"[PREMIUM]","2"
"z3Es6vx7oxp","2026-08-22 23:59:11.617","2026-08-23 22:55:59.073","z3Es6vx7oxp","18378607","[PREMIUM]","[PREMIUM]","[PREMIUM]","103","Section 103","9",4,"[]","2026-12-12 00:00:00","electronic","exchange",5,"[PREMIUM]","1,2,3,4"
"z3Es6vxVG70","2026-08-22 23:59:11.617","2026-08-22 23:59:11.617","z3Es6vxVG70","18378607","[PREMIUM]","[PREMIUM]","[PREMIUM]","225","Section 225","9",4,"[]","2026-12-12 00:00:00","electronic","exchange",2,"[PREMIUM]","1,2,3,4"
"z3Es6vxVlr2","2026-08-22 23:59:11.617","2026-08-22 23:59:11.617","z3Es6vxVlr2","18378607","[PREMIUM]","[PREMIUM]","[PREMIUM]","219","Section 219","16",8,"[]","2026-12-12 00:00:00","electronic","exchange",3,"[PREMIUM]","1,2,3,4,5,6,7,8"
"z3Es6vxVeJq","2026-08-22 23:59:11.617","2026-08-23 22:55:59.073","z3Es6vxVeJq","18378607","[PREMIUM]","[PREMIUM]","[PREMIUM]","128","Section 128","21",8,"[]","2026-12-12 00:00:00","electronic","exchange",5,"[PREMIUM]","1,2,3,4,5,6,7,8"
"z3Es6vxJXMo","2026-08-22 23:59:11.617","2026-08-22 23:59:11.617","z3Es6vxJXMo","18378607","[PREMIUM]","[PREMIUM]","[PREMIUM]","204","Section 204","11",8,"[]","2026-12-12 00:00:00","electronic","exchange",1,"[PREMIUM]","1,2,3,4,5,6,7,8"
"z3Es6vxVGN7","2026-08-22 23:59:11.617","2026-08-23 22:55:59.073","z3Es6vxVGN7","18378607","[PREMIUM]","[PREMIUM]","[PREMIUM]","214","Section 214","8",4,"[]","2026-12-12 00:00:00","electronic","exchange",2,"[PREMIUM]","1,2,3,4"
"z3Es6vxzEKM","2026-08-22 23:59:11.617","2026-08-23 22:55:59.073","z3Es6vxzEKM","18378607","[PREMIUM]","[PREMIUM]","[PREMIUM]","116","Section 116","1",4,"[]","2026-12-13 00:00:00","electronic","exchange",2,"[PREMIUM]","2,4"
"05VT8lvPgrR","2026-08-22 23:58:39.538","2026-08-23 22:57:05.394","05VT8lvPgrR","18379016","[PREMIUM]","[PREMIUM]","[PREMIUM]","115","Section 115","p",5,"[]","2026-12-17 00:00:00","electronic","exchange",2,"[PREMIUM]","1,2,3,4,5"
"05VT8lvPR9v","2026-08-22 23:58:39.538","2026-08-22 23:58:39.538","05VT8lvPR9v","18379016","[PREMIUM]","[PREMIUM]","[PREMIUM]","202","Section 202","l",2,"[]","2026-12-17 00:00:00","electronic","exchange",4,"[PREMIUM]","1,2"
"05VT8lvPRZo","2026-08-22 23:58:39.538","2026-08-22 23:58:39.538","05VT8lvPRZo","18379016","[PREMIUM]","[PREMIUM]","[PREMIUM]","203","Section 203","k",6,"[]","2026-12-17 00:00:00","electronic","exchange",4,"[PREMIUM]","1,2,3,4,5,6"
"05VT8lvPgMp","2026-08-22 23:58:39.538","2026-08-23 22:57:05.394","05VT8lvPgMp","18379016","[PREMIUM]","[PREMIUM]","[PREMIUM]","213","Section 213","n",8,"[]","2026-12-17 00:00:00","electronic","exchange",4,"[PREMIUM]","1,2,3,4,5,6,7,8"
"2v0czq7DNrx","2026-08-22 23:58:39.538","2026-08-23 22:57:05.394","2v0czq7DNrx","18379016","[PREMIUM]","[PREMIUM]","[PREMIUM]","101","Section 101","h",4,"[]","2026-12-17 00:00:00","electronic","exchange",4,"[PREMIUM]","1,2,3,4"
"2v0czq7DlKr","2026-08-22 23:58:39.538","2026-08-23 22:57:05.394","2v0czq7DlKr","18379016","[PREMIUM]","[PREMIUM]","[PREMIUM]","219","Section 219","b",8,"[]","2026-12-17 00:00:00","electronic","exchange",4,"[PREMIUM]","1,2,3,4,5,6,7,8"
"3q7fNLZdvD4","2026-08-22 23:58:39.538","2026-08-23 22:57:05.394","3q7fNLZdvD4","18379016","[PREMIUM]","[PREMIUM]","[PREMIUM]","106","Section 106","r",6,"[]","2026-12-17 00:00:00","electronic","exchange",4,"[PREMIUM]","1,2,3,4,5,6"
"3q7fNLZdvMB","2026-08-22 23:58:39.538","2026-08-22 23:58:39.538","3q7fNLZdvMB","18379016","[PREMIUM]","[PREMIUM]","[PREMIUM]","219","Section 219","f",8,"[]","2026-12-17 00:00:00","electronic","exchange",4,"[PREMIUM]","1,2,3,4,5,6,7,8"
"4vXcjRg4maO","2026-08-22 23:58:39.538","2026-08-22 23:58:39.538","4vXcjRg4maO","18379016","[PREMIUM]","[PREMIUM]","[PREMIUM]","101","Section 101","f",8,"[]","2026-12-17 00:00:00","electronic","exchange",4,"[PREMIUM]","1,2,3,4,5,6,7,8"
"4vXcjRgo50n","2026-08-22 23:58:39.538","2026-08-23 22:57:05.394","4vXcjRgo50n","18379016","[PREMIUM]","[PREMIUM]","[PREMIUM]","121","Section 121","m",5,"[]","2026-12-17 00:00:00","electronic","exchange",5,"[PREMIUM]","1,2,3,4,5"
"5EjuZwPnm6A","2026-08-22 23:58:39.538","2026-08-23 22:57:05.394","5EjuZwPnm6A","18379016","[PREMIUM]","[PREMIUM]","[PREMIUM]","226","Section 226","e",8,"[]","2026-12-17 00:00:00","electronic","exchange",5,"[PREMIUM]","1,2,3,4,5,6,7,8"
"5EjuZwPnq9n","2026-08-22 23:58:39.538","2026-08-23 22:57:05.394","5EjuZwPnq9n","18379016","[PREMIUM]","[PREMIUM]","[PREMIUM]","201","Section 201","f",4,"[]","2026-12-17 00:00:00","electronic","exchange",4,"[PREMIUM]","1,2,3,4"
"5EjuZwPEkpe","2026-08-22 23:58:39.538","2026-08-22 23:58:39.538","5EjuZwPEkpe","18379016","[PREMIUM]","[PREMIUM]","[PREMIUM]","108","Section 108","u",8,"[]","2026-12-17 00:00:00","electronic","exchange",5,"[PREMIUM]","1,2,3,4,5,6,7,8"
"6mOhko3JKln","2026-08-22 23:58:39.538","2026-08-23 22:57:05.394","6mOhko3JKln","18379016","[PREMIUM]","[PREMIUM]","[PREMIUM]","118","Section 118","mm",8,"[]","2026-12-17 00:00:00","electronic","exchange",3,"[PREMIUM]","1,2,3,4,5,6,7,8"
"6mOhko3JY6n","2026-08-22 23:58:39.538","2026-08-23 22:57:05.394","6mOhko3JY6n","18379016","[PREMIUM]","[PREMIUM]","[PREMIUM]","120","Section 120","ll",8,"[]","2026-12-17 00:00:00","electronic","exchange",4,"[PREMIUM]","1,2,3,4,5,6,7,8"
"6mOhko3JKbx","2026-08-22 23:58:39.538","2026-08-22 23:58:39.538","6mOhko3JKbx","18379016","[PREMIUM]","[PREMIUM]","[PREMIUM]","104","Section 104","n",8,"[]","2026-12-17 00:00:00","electronic","exchange",4,"[PREMIUM]","1,2,3,4,5,6,7,8"
"6mOhko3JKAP","2026-08-22 23:58:39.538","2026-08-23 22:57:05.394","6mOhko3JKAP","18379016","[PREMIUM]","[PREMIUM]","[PREMIUM]","106","Section 106","p",5,"[]","2026-12-17 00:00:00","electronic","exchange",4,"[PREMIUM]","1,2,3,4,5"
"7KntAgPE7aZ","2026-08-22 23:58:39.538","2026-08-23 22:57:05.394","7KntAgPE7aZ","18379016","[PREMIUM]","[PREMIUM]","[PREMIUM]","213","Section 213","l",8,"[]","2026-12-17 00:00:00","electronic","exchange",4,"[PREMIUM]","1,2,3,4,5,6,7,8"
"7KntAgP8gbo","2026-08-22 23:58:39.538","2026-08-23 22:57:05.394","7KntAgP8gbo","18379016","[PREMIUM]","[PREMIUM]","[PREMIUM]","206","Section 206","n",8,"[]","2026-12-17 00:00:00","electronic","exchange",3,"[PREMIUM]","1,2,3,4,5,6,7,8"
"8lKt6a8gRe0","2026-08-22 23:58:39.538","2026-08-22 23:58:39.538","8lKt6a8gRe0","18379016","[PREMIUM]","[PREMIUM]","[PREMIUM]","205","Section 205","j",8,"[]","2026-12-17 00:00:00","electronic","exchange",5,"[PREMIUM]","1,2,3,4,5,6,7,8"
"9P2c5M7lorv","2026-08-22 23:58:39.538","2026-08-23 22:57:05.394","9P2c5M7lorv","18379016","[PREMIUM]","[PREMIUM]","[PREMIUM]","207","Section 207","n",8,"[]","2026-12-17 00:00:00","electronic","exchange",3,"[PREMIUM]","1,2,3,4,5,6,7,8"
"9P2c5M7lx2R","2026-08-22 23:58:39.538","2026-08-23 22:57:05.394","9P2c5M7lx2R","18379016","[PREMIUM]","[PREMIUM]","[PREMIUM]","105","Section 105","y",6,"[]","2026-12-17 00:00:00","electronic","exchange",5,"[PREMIUM]","1,2,3,4,5,6"
"9P2c5M7lxq6","2026-08-22 23:58:39.538","2026-08-23 22:57:05.394","9P2c5M7lxq6","18379016","[PREMIUM]","[PREMIUM]","[PREMIUM]","117","Section 117","e",7,"[]","2026-12-17 00:00:00","electronic","exchange",3,"[PREMIUM]","1,2,3,4,5,6,7"
"9P2c5M7lxjj","2026-08-22 23:58:39.538","2026-08-23 22:57:05.394","9P2c5M7lxjj","18379016","[PREMIUM]","[PREMIUM]","[PREMIUM]","122","Section 122","nn",8,"[]","2026-12-17 00:00:00","electronic","exchange",4,"[PREMIUM]","1,2,3,4,5,6,7,8"
"A6rs2KJxnXm","2026-08-22 23:58:39.538","2026-08-23 22:57:05.394","A6rs2KJxnXm","18379016","[PREMIUM]","[PREMIUM]","[PREMIUM]","219","Section 219","e",3,"[]","2026-12-17 00:00:00","electronic","exchange",5,"[PREMIUM]","1,2,3"
"A6rs2KJxn79","2026-08-22 23:58:39.538","2026-08-22 23:58:39.538","A6rs2KJxn79","18379016","[PREMIUM]","[PREMIUM]","[PREMIUM]","117","Section 117","l",8,"[]","2026-12-17 00:00:00","electronic","exchange",5,"[PREMIUM]","1,2,3,4,5,6,7,8"
"A6rs2KJxglz","2026-08-22 23:58:39.538","2026-08-23 22:57:05.394","A6rs2KJxglz","18379016","[PREMIUM]","[PREMIUM]","[PREMIUM]","101","Section 101","mm",5,"[]","2026-12-17 00:00:00","electronic","exchange",3,"[PREMIUM]","1,2,3,4,5"
"A6rs2KJxgK6","2026-08-22 23:58:39.538","2026-08-23 22:57:05.394","A6rs2KJxgK6","18379016","[PREMIUM]","[PREMIUM]","[PREMIUM]","226","Section 226","d",6,"[]","2026-12-17 00:00:00","electronic","exchange",5,"[PREMIUM]","1,2,3,4,5,6"
"DdwHkMbXzdd","2026-08-22 23:58:39.538","2026-08-23 22:57:05.394","DdwHkMbXzdd","18379016","[PREMIUM]","[PREMIUM]","[PREMIUM]","201","Section 201","k",8,"[]","2026-12-17 00:00:00","electronic","exchange",5,"[PREMIUM]","1,2,3,4,5,6,7,8"
"EroUXgR2jYY","2026-08-22 23:58:39.538","2026-08-22 23:58:39.538","EroUXgR2jYY","18379016","[PREMIUM]","[PREMIUM]","[PREMIUM]","121","Section 121","q",8,"[]","2026-12-17 00:00:00","electronic","exchange",5,"[PREMIUM]","1,2,3,4,5,6,7,8"
"EroUXgR2jnR","2026-08-22 23:58:39.538","2026-08-23 22:57:05.394","EroUXgR2jnR","18379016","[PREMIUM]","[PREMIUM]","[PREMIUM]","227","Section 227","e",8,"[]","2026-12-17 00:00:00","electronic","exchange",5,"[PREMIUM]","1,2,3,4,5,6,7,8"
"EroUXgR2jwL","2026-08-22 23:58:39.538","2026-08-23 22:57:05.394","EroUXgR2jwL","18379016","[PREMIUM]","[PREMIUM]","[PREMIUM]","121","Section 121","ll",8,"[]","2026-12-17 00:00:00","electronic","exchange",4,"[PREMIUM]","1,2,3,4,5,6,7,8"
"GAaI60R8XlX","2026-08-22 23:58:39.538","2026-08-23 22:57:05.394","GAaI60R8XlX","18379016","[PREMIUM]","[PREMIUM]","[PREMIUM]","103","Section 103","q",4,"[]","2026-12-17 00:00:00","electronic","exchange",4,"[PREMIUM]","1,2,3,4"
"JABI3EbAjA9","2026-08-22 23:58:39.538","2026-08-23 22:57:05.394","JABI3EbAjA9","18379016","[PREMIUM]","[PREMIUM]","[PREMIUM]","215","Section 215","j",8,"[]","2026-12-17 00:00:00","electronic","exchange",5,"[PREMIUM]","1,2,3,4,5,6,7,8"
"JABI3Ebz5Bb","2026-08-22 23:58:39.538","2026-08-23 22:57:05.394","JABI3Ebz5Bb","18379016","[PREMIUM]","[PREMIUM]","[PREMIUM]","104","Section 104","r",4,"[]","2026-12-17 00:00:00","electronic","exchange",4,"[PREMIUM]","1,2,3,4"
"JABI3EbzwLZ","2026-08-22 23:58:39.538","2026-08-22 23:58:39.538","JABI3EbzwLZ","18379016","[PREMIUM]","[PREMIUM]","[PREMIUM]","119","Section 119","mm",8,"[]","2026-12-17 00:00:00","electronic","exchange",4,"[PREMIUM]","1,2,3,4,5,6,7,8"
"JABI3EbzwMe","2026-08-22 23:58:39.538","2026-08-22 23:58:39.538","JABI3EbzwMe","18379016","[PREMIUM]","[PREMIUM]","[PREMIUM]","216","Section 216","l",8,"[]","2026-12-17 00:00:00","electronic","exchange",4,"[PREMIUM]","1,2,3,4,5,6,7,8"
"KezczqRNrlP","2026-08-22 23:58:39.538","2026-08-22 23:58:39.538","KezczqRNrlP","18379016","[PREMIUM]","[PREMIUM]","[PREMIUM]","218","Section 218","m",2,"[]","2026-12-17 00:00:00","electronic","exchange",4,"[PREMIUM]","1,2"
"KezczqRq7rD","2026-08-22 23:58:39.538","2026-08-22 23:58:39.538","KezczqRq7rD","18379016","[PREMIUM]","[PREMIUM]","[PREMIUM]","122","Section 122","mm",8,"[]","2026-12-17 00:00:00","electronic","exchange",4,"[PREMIUM]","1,2,3,4,5,6,7,8"
"KezczqRNrn6","2026-08-22 23:58:39.538","2026-08-23 22:57:05.394","KezczqRNrn6","18379016","[PREMIUM]","[PREMIUM]","[PREMIUM]","103","Section 103","r",8,"[]","2026-12-17 00:00:00","electronic","exchange",4,"[PREMIUM]","1,2,3,4,5,6,7,8"
"KezczqRNrOK","2026-08-22 23:58:39.538","2026-08-23 22:57:05.394","KezczqRNrOK","18379016","[PREMIUM]","[PREMIUM]","[PREMIUM]","106","Section 106","p",4,"[]","2026-12-17 00:00:00","electronic","exchange",4,"[PREMIUM]","1,2,3,4"
"KezczqjM2B8","2026-08-22 23:58:39.538","2026-09-04 11:30:04.552","KezczqjM2B8","18379016","[PREMIUM]","[PREMIUM]","[PREMIUM]","202","Section 202","a",2,"['23','24']","2026-12-16 00:00:00","electronic","exchange",5,"[PREMIUM]","2"
"LbviL8R7o7L","2026-08-22 23:58:39.538","2026-08-23 22:57:05.394","LbviL8R7o7L","18379016","[PREMIUM]","[PREMIUM]","[PREMIUM]","210","Section 210","m",8,"[]","2026-12-17 00:00:00","electronic","exchange",4,"[PREMIUM]","1,2,3,4,5,6,7,8"
"LbviL8R7XrL","2026-08-22 23:58:39.538","2026-08-22 23:58:39.538","LbviL8R7XrL","18379016","[PREMIUM]","[PREMIUM]","[PREMIUM]","223","Section 223","c",7,"[]","2026-12-17 00:00:00","electronic","exchange",5,"[PREMIUM]","1,2,3,4,5,6,7"
"MAeIP3pqbll","2026-08-22 23:58:39.538","2026-08-22 23:58:39.538","MAeIP3pqbll","18379016","[PREMIUM]","[PREMIUM]","[PREMIUM]","225","Section 225","e",8,"[]","2026-12-17 00:00:00","electronic","exchange",5,"[PREMIUM]","1,2,3,4,5,6,7,8"
"MAeIP3pKEx3","2026-08-22 23:58:39.538","2026-08-23 22:57:05.394","MAeIP3pKEx3","18379016","[PREMIUM]","[PREMIUM]","[PREMIUM]","212","Section 212","n",8,"[]","2026-12-17 00:00:00","electronic","exchange",4,"[PREMIUM]","1,2,3,4,5,6,7,8"
"NrqUv6Rrknl","2026-08-22 23:58:39.538","2026-08-23 22:57:05.394","NrqUv6Rrknl","18379016","[PREMIUM]","[PREMIUM]","[PREMIUM]","216","Section 216","k",8,"[]","2026-12-17 00:00:00","electronic","exchange",3,"[PREMIUM]","1,2,3,4,5,6,7,8"
"O7AhwK0zoxR","2026-08-22 23:58:39.538","2026-08-23 22:57:05.394","O7AhwK0zoxR","18379016","[PREMIUM]","[PREMIUM]","[PREMIUM]","120","Section 120","mm",4,"[]","2026-12-17 00:00:00","electronic","exchange",4,"[PREMIUM]","1,2,3,4"
"O7AhwK0zodP","2026-08-22 23:58:39.538","2026-08-22 23:58:39.538","O7AhwK0zodP","18379016","[PREMIUM]","[PREMIUM]","[PREMIUM]","204","Section 204","k",8,"[]","2026-12-17 00:00:00","electronic","exchange",4,"[PREMIUM]","1,2,3,4,5,6,7,8"
"O7AhwK0zo3z","2026-08-22 23:58:39.538","2026-08-23 22:57:05.394","O7AhwK0zo3z","18379016","[PREMIUM]","[PREMIUM]","[PREMIUM]","103","Section 103","p",8,"[]","2026-12-17 00:00:00","electronic","exchange",4,"[PREMIUM]","1,2,3,4,5,6,7,8"
"PX0sgq0m2Mz","2026-08-22 23:58:39.538","2026-08-22 23:58:39.538","PX0sgq0m2Mz","18379016","[PREMIUM]","[PREMIUM]","[PREMIUM]","204","Section 204","l",8,"[]","2026-12-17 00:00:00","electronic","exchange",4,"[PREMIUM]","1,2,3,4,5,6,7,8"
"PX0sgq0bP77","2026-08-22 23:58:39.538","2026-08-22 23:58:39.538","PX0sgq0bP77","18379016","[PREMIUM]","[PREMIUM]","[PREMIUM]","208","Section 208","l",8,"[]","2026-12-17 00:00:00","electronic","exchange",4,"[PREMIUM]","1,2,3,4,5,6,7,8"
"ROXHz2r0Z8J","2026-08-22 23:58:39.538","2026-08-22 23:58:39.538","ROXHz2r0Z8J","18379016","[PREMIUM]","[PREMIUM]","[PREMIUM]","219","Section 219","g",8,"[]","2026-12-17 00:00:00","electronic","exchange",5,"[PREMIUM]","1,2,3,4,5,6,7,8"
"ROXHz2r0dxx","2026-08-22 23:58:39.538","2026-08-23 22:57:05.394","ROXHz2r0dxx","18379016","[PREMIUM]","[PREMIUM]","[PREMIUM]","101","Section 101","pp",6,"[]","2026-12-17 00:00:00","electronic","exchange",3,"[PREMIUM]","1,2,3,4,5,6"
"ROXHz2r0dwJ","2026-08-22 23:58:39.538","2026-08-22 23:58:39.538","ROXHz2r0dwJ","18379016","[PREMIUM]","[PREMIUM]","[PREMIUM]","227","Section 227","d",8,"[]","2026-12-17 00:00:00","electronic","exchange",4,"[PREMIUM]","1,2,3,4,5,6,7,8"
"V4KU04ogPd8","2026-08-22 23:58:39.538","2026-08-22 23:58:39.538","V4KU04ogPd8","18379016","[PREMIUM]","[PREMIUM]","[PREMIUM]","102","Section 102","q",4,"[]","2026-12-17 00:00:00","electronic","exchange",4,"[PREMIUM]","1,2,3,4"
"V4KU04ogmM8","2026-08-22 23:58:39.538","2026-08-22 23:58:39.538","V4KU04ogmM8","18379016","[PREMIUM]","[PREMIUM]","[PREMIUM]","106","Section 106","m",8,"[]","2026-12-17 00:00:00","electronic","exchange",4,"[PREMIUM]","1,2,3,4,5,6,7,8"
"V4KU04ogPYv","2026-08-22 23:58:39.538","2026-08-23 22:57:05.394","V4KU04ogPYv","18379016","[PREMIUM]","[PREMIUM]","[PREMIUM]","115","Section 115","s",5,"[]","2026-12-17 00:00:00","electronic","exchange",3,"[PREMIUM]","1,2,3,4,5"
"X03tKlr7v9D","2026-08-22 23:58:39.538","2026-08-22 23:58:39.538","X03tKlr7v9D","18379016","[PREMIUM]","[PREMIUM]","[PREMIUM]","207","Section 207","q",2,"[]","2026-12-17 00:00:00","electronic","exchange",3,"[PREMIUM]","1,2"
"X03tKlrDOEw","2026-08-22 23:58:39.538","2026-08-22 23:58:39.538","X03tKlrDOEw","18379016","[PREMIUM]","[PREMIUM]","[PREMIUM]","218","Section 218","l",8,"[]","2026-12-17 00:00:00","electronic","exchange",4,"[PREMIUM]","1,2,3,4,5,6,7,8"
"YgJtk0zXwop","2026-08-22 23:58:39.538","2026-08-22 23:58:39.538","YgJtk0zXwop","18379016","[PREMIUM]","[PREMIUM]","[PREMIUM]","105","Section 105","h",5,"[]","2026-12-17 00:00:00","electronic","exchange",5,"[PREMIUM]","1,2,3,4,5"
"YgJtk0zjzZa","2026-08-22 23:58:39.538","2026-08-22 23:58:39.538","YgJtk0zjzZa","18379016","[PREMIUM]","[PREMIUM]","[PREMIUM]","209","Section 209","m",8,"[]","2026-12-17 00:00:00","electronic","exchange",4,"[PREMIUM]","1,2,3,4,5,6,7,8"
"Zm9hvJDN6Xw","2026-08-22 23:58:39.538","2026-08-22 23:58:39.538","Zm9hvJDN6Xw","18379016","[PREMIUM]","[PREMIUM]","[PREMIUM]","202","Section 202","k",8,"[]","2026-12-17 00:00:00","electronic","exchange",4,"[PREMIUM]","1,2,3,4,5,6,7,8"
"Zm9hvJDN4bw","2026-08-22 23:58:39.538","2026-08-23 22:57:05.394","Zm9hvJDN4bw","18379016","[PREMIUM]","[PREMIUM]","[PREMIUM]","215","Section 215","h",8,"[]","2026-12-17 00:00:00","electronic","exchange",4,"[PREMIUM]","1,2,3,4,5,6,7,8"
"agktlMB0dYa","2026-08-22 23:58:39.538","2026-08-23 22:57:05.394","agktlMB0dYa","18379016","[PREMIUM]","[PREMIUM]","[PREMIUM]","112","Section 112","s",4,"[]","2026-12-17 00:00:00","electronic","exchange",4,"[PREMIUM]","1,2,3,4"
"b4wUaoL4dZ8","2026-08-22 23:58:39.538","2026-08-23 22:57:05.394","b4wUaoL4dZ8","18379016","[PREMIUM]","[PREMIUM]","[PREMIUM]","115","Section 115","q",6,"[]","2026-12-17 00:00:00","electronic","exchange",3,"[PREMIUM]","1,2,3,4,5,6"
"b4wUaoL4dGV","2026-08-22 23:58:39.538","2026-08-22 23:58:39.538","b4wUaoL4dGV","18379016","[PREMIUM]","[PREMIUM]","[PREMIUM]","223","Section 223","d",8,"[]","2026-12-17 00:00:00","electronic","exchange",5,"[PREMIUM]","1,2,3,4,5,6,7,8"
"dNgUgpM59ok","2026-08-22 23:58:39.538","2026-08-22 23:58:39.538","dNgUgpM59ok","18379016","[PREMIUM]","[PREMIUM]","[PREMIUM]","112","Section 112","r",7,"[]","2026-12-17 00:00:00","electronic","exchange",5,"[PREMIUM]","1,2,3,4,5,6,7"
"dNgUgpMxVX0","2026-08-22 23:58:39.538","2026-08-22 23:58:39.538","dNgUgpMxVX0","18379016","[PREMIUM]","[PREMIUM]","[PREMIUM]","211","Section 211","j",8,"[]","2026-12-17 00:00:00","electronic","exchange",4,"[PREMIUM]","1,2,3,4,5,6,7,8"
"eeacK8Mv0Ab","2026-08-22 23:58:39.538","2026-08-23 22:57:05.394","eeacK8Mv0Ab","18379016","[PREMIUM]","[PREMIUM]","[PREMIUM]","102","Section 102","j",4,"[]","2026-12-17 00:00:00","electronic","exchange",4,"[PREMIUM]","1,2,3,4"
"eeacK8Mv0Ze","2026-08-22 23:58:39.538","2026-08-23 22:57:05.394","eeacK8Mv0Ze","18379016","[PREMIUM]","[PREMIUM]","[PREMIUM]","203","Section 203","k",6,"[]","2026-12-17 00:00:00","electronic","exchange",4,"[PREMIUM]","1,2,3,4,5,6"
"eeacK8Mv52b","2026-08-22 23:58:39.538","2026-08-22 23:58:39.538","eeacK8Mv52b","18379016","[PREMIUM]","[PREMIUM]","[PREMIUM]","107","Section 107","v",8,"[]","2026-12-17 00:00:00","electronic","exchange",5,"[PREMIUM]","1,2,3,4,5,6,7,8"
"g48Ur6ejZ76","2026-08-22 23:58:39.538","2026-08-23 22:57:05.394","g48Ur6ejZ76","18379016","[PREMIUM]","[PREMIUM]","[PREMIUM]","112","Section 112","p",8,"[]","2026-12-17 00:00:00","electronic","exchange",4,"[PREMIUM]","1,2,3,4,5,6,7,8"
"jDvszkBdlJO","2026-08-22 23:58:39.538","2026-08-23 22:57:05.394","jDvszkBdlJO","18379016","[PREMIUM]","[PREMIUM]","[PREMIUM]","116","Section 116","h",4,"[]","2026-12-17 00:00:00","electronic","exchange",4,"[PREMIUM]","1,2,3,4"
"jDvszkBdEG3","2026-08-22 23:58:39.538","2026-08-22 23:58:39.538","jDvszkBdEG3","18379016","[PREMIUM]","[PREMIUM]","[PREMIUM]","118","Section 118","u",8,"[]","2026-12-17 00:00:00","electronic","exchange",4,"[PREMIUM]","1,2,3,4,5,6,7,8"
"kYet9mDG3Nq","2026-08-22 23:58:39.538","2026-08-23 22:57:05.394","kYet9mDG3Nq","18379016","[PREMIUM]","[PREMIUM]","[PREMIUM]","119","Section 119","t",4,"[]","2026-12-17 00:00:00","electronic","exchange",5,"[PREMIUM]","1,2,3,4"
"lxVsdRO4MLG","2026-08-22 23:58:39.538","2026-08-23 22:57:05.394","lxVsdRO4MLG","18379016","[PREMIUM]","[PREMIUM]","[PREMIUM]","226","Section 226","b",7,"[]","2026-12-17 00:00:00","electronic","exchange",5,"[PREMIUM]","1,2,3,4,5,6,7"
"lxVsdRO4q38","2026-08-22 23:58:39.538","2026-08-23 22:57:05.394","lxVsdRO4q38","18379016","[PREMIUM]","[PREMIUM]","[PREMIUM]","104","Section 104","r",6,"[]","2026-12-17 00:00:00","electronic","exchange",4,"[PREMIUM]","1,2,3,4,5,6"
"lxVsdRO4q9d","2026-08-22 23:58:39.538","2026-08-23 22:57:05.394","lxVsdRO4q9d","18379016","[PREMIUM]","[PREMIUM]","[PREMIUM]","105","Section 105","p",8,"[]","2026-12-17 00:00:00","electronic","exchange",4,"[PREMIUM]","1,2,3,4,5,6,7,8"
"mxAs4xnX8kj","2026-08-22 23:58:39.538","2026-08-23 22:57:05.394","mxAs4xnX8kj","18379016","[PREMIUM]","[PREMIUM]","[PREMIUM]","115","Section 115","r",8,"[]","2026-12-17 00:00:00","electronic","exchange",3,"[PREMIUM]","1,2,3,4,5,6,7,8"
"mxAs4xnX85g","2026-08-22 23:58:39.538","2026-08-22 23:58:39.538","mxAs4xnX85g","18379016","[PREMIUM]","[PREMIUM]","[PREMIUM]","102","Section 102","s",2,"[]","2026-12-17 00:00:00","electronic","exchange",5,"[PREMIUM]","1,2"
"nx0srKqKkok","2026-08-22 23:58:39.538","2026-08-23 22:57:05.394","nx0srKqKkok","18379016","[PREMIUM]","[PREMIUM]","[PREMIUM]","101","Section 101","rr",3,"[]","2026-12-17 00:00:00","electronic","exchange",3,"[PREMIUM]","1,2,3"
"nx0srKqZmJL","2026-08-22 23:58:39.538","2026-08-22 23:58:39.538","nx0srKqZmJL","18379016","[PREMIUM]","[PREMIUM]","[PREMIUM]","219","Section 219","d",5,"[]","2026-12-17 00:00:00","electronic","exchange",4,"[PREMIUM]","1,2,3,4,5"
"nx0srKqZdJ6","2026-08-22 23:58:39.538","2026-08-22 23:58:39.538","nx0srKqZdJ6","18379016","[PREMIUM]","[PREMIUM]","[PREMIUM]","102","Section 102","g",8,"[]","2026-12-17 00:00:00","electronic","exchange",3,"[PREMIUM]","1,2,3,4,5,6,7,8"
"oV7Hb6BAgE7","2026-08-22 23:58:39.538","2026-08-23 22:57:05.394","oV7Hb6BAgE7","18379016","[PREMIUM]","[PREMIUM]","[PREMIUM]","116","Section 116","r",2,"[]","2026-12-17 00:00:00","electronic","exchange",5,"[PREMIUM]","1,2"
"oV7Hb6Bzad7","2026-08-22 23:58:39.538","2026-08-23 22:57:05.394","oV7Hb6Bzad7","18379016","[PREMIUM]","[PREMIUM]","[PREMIUM]","117","Section 117","pp",7,"[]","2026-12-17 00:00:00","electronic","exchange",3,"[PREMIUM]","1,2,3,4,5,6,7"
"pVXHD73vp80","2026-08-22 23:58:39.538","2026-08-22 23:58:39.538","pVXHD73vp80","18379016","[PREMIUM]","[PREMIUM]","[PREMIUM]","121","Section 121","mm",8,"[]","2026-12-17 00:00:00","electronic","exchange",4,"[PREMIUM]","1,2,3,4,5,6,7,8"
"pVXHD73vp05","2026-08-22 23:58:39.538","2026-08-22 23:58:39.538","pVXHD73vp05","18379016","[PREMIUM]","[PREMIUM]","[PREMIUM]","101","Section 101","e",7,"[]","2026-12-17 00:00:00","electronic","exchange",4,"[PREMIUM]","1,2,3,4,5,6,7"
"qVjH2mJ3d5Z","2026-08-22 23:58:39.538","2026-08-22 23:58:39.538","qVjH2mJ3d5Z","18379016","[PREMIUM]","[PREMIUM]","[PREMIUM]","101","Section 101","qq",5,"[]","2026-12-17 00:00:00","electronic","exchange",3,"[PREMIUM]","1,2,3,4,5"
"qVjH2mJ37qB","2026-08-22 23:58:39.538","2026-08-23 22:57:05.394","qVjH2mJ37qB","18379016","[PREMIUM]","[PREMIUM]","[PREMIUM]","201","Section 201","g",8,"[]","2026-12-17 00:00:00","electronic","exchange",4,"[PREMIUM]","1,2,3,4,5,6,7,8"
"qVjH2mJ3MMY","2026-08-22 23:58:39.538","2026-08-22 23:58:39.538","qVjH2mJ3MMY","18379016","[PREMIUM]","[PREMIUM]","[PREMIUM]","201","Section 201","c",5,"[]","2026-12-17 00:00:00","electronic","exchange",5,"[PREMIUM]","1,2,3,4,5"
"qVjH2mJr7X7","2026-08-22 23:58:39.538","2026-08-22 23:58:39.538","qVjH2mJr7X7","18379016","[PREMIUM]","[PREMIUM]","[PREMIUM]","217","Section 217","k",8,"[]","2026-12-17 00:00:00","electronic","exchange",4,"[PREMIUM]","1,2,3,4,5,6,7,8"
"vb3iPwBwElJ","2026-08-22 23:58:39.538","2026-08-23 22:57:05.394","vb3iPwBwElJ","18379016","[PREMIUM]","[PREMIUM]","[PREMIUM]","101","Section 101","nn",5,"[]","2026-12-17 00:00:00","electronic","exchange",3,"[PREMIUM]","1,2,3,4,5"
"vb3iPwBbGqD","2026-08-22 23:58:39.538","2026-08-23 22:57:05.394","vb3iPwBbGqD","18379016","[PREMIUM]","[PREMIUM]","[PREMIUM]","212","Section 212","q",2,"[]","2026-12-17 00:00:00","electronic","exchange",5,"[PREMIUM]","1,2"
"w3Jse8mMoEn","2026-08-22 23:58:39.538","2026-08-23 22:57:05.394","w3Jse8mMoEn","18379016","[PREMIUM]","[PREMIUM]","[PREMIUM]","114","Section 114","u",8,"[]","2026-12-17 00:00:00","electronic","exchange",3,"[PREMIUM]","1,2,3,4,5,6,7,8"
"w3Jse8mMod4","2026-08-22 23:58:39.538","2026-08-23 22:57:05.394","w3Jse8mMod4","18379016","[PREMIUM]","[PREMIUM]","[PREMIUM]","224","Section 224","e",8,"[]","2026-12-17 00:00:00","electronic","exchange",5,"[PREMIUM]","1,2,3,4,5,6,7,8"
"w3Jse8mRw8M","2026-08-22 23:58:39.538","2026-08-22 23:58:39.538","w3Jse8mRw8M","18379016","[PREMIUM]","[PREMIUM]","[PREMIUM]","117","Section 117","d",8,"[]","2026-12-17 00:00:00","electronic","exchange",3,"[PREMIUM]","1,2,3,4,5,6,7,8"
"w3Jse8mMqO9","2026-08-22 23:58:39.538","2026-08-23 22:57:05.394","w3Jse8mMqO9","18379016","[PREMIUM]","[PREMIUM]","[PREMIUM]","118","Section 118","ll",8,"[]","2026-12-17 00:00:00","electronic","exchange",3,"[PREMIUM]","1,2,3,4,5,6,7,8"
"w3Jse8mMqan","2026-08-22 23:58:39.538","2026-08-22 23:58:39.538","w3Jse8mMqan","18379016","[PREMIUM]","[PREMIUM]","[PREMIUM]","116","Section 116","l",5,"[]","2026-12-17 00:00:00","electronic","exchange",4,"[PREMIUM]","1,2,3,4,5"
"z3Es6vxJmmz","2026-08-22 23:58:39.538","2026-08-23 22:57:05.394","z3Es6vxJmmz","18379016","[PREMIUM]","[PREMIUM]","[PREMIUM]","117","Section 117","rr",2,"[]","2026-12-17 00:00:00","electronic","exchange",3,"[PREMIUM]","1,2"
"05VT8lvY7bw","2026-08-22 23:58:38.157","2026-08-22 23:58:38.157","05VT8lvY7bw","18378364","[PREMIUM]","[PREMIUM]","[PREMIUM]","214","Section 214","14",4,"[]","2026-12-19 00:00:00","electronic","exchange",1,"[PREMIUM]","1,2,3,4"
"05VT8lvVla8","2026-08-22 23:58:38.157","2026-08-23 23:01:30.920","05VT8lvVla8","18378364","[PREMIUM]","[PREMIUM]","[PREMIUM]","207A","Section 207 A","11",4,"[]","2026-12-19 00:00:00","electronic","exchange",2,"[PREMIUM]","1,2,3,4"
"2v0czq7Mjqq","2026-08-22 23:58:38.157","2026-08-22 23:58:38.157","2v0czq7Mjqq","18378364","[PREMIUM]","[PREMIUM]","[PREMIUM]","222","Section 222","2",8,"[]","2026-12-19 00:00:00","electronic","exchange",1,"[PREMIUM]","1,2,3,4,5,6,7,8"
"2v0czq7aq6b","2026-08-22 23:58:38.157","2026-08-23 23:01:30.920","2v0czq7aq6b","18378364","[PREMIUM]","[PREMIUM]","[PREMIUM]","219","Section 219","13",8,"[]","2026-12-19 00:00:00","electronic","exchange",2,"[PREMIUM]","1,2,3,4,5,6,7,8"
"2v0czqK7xrn","2026-08-22 23:58:38.157","2026-08-23 23:01:30.920","2v0czqK7xrn","18378364","[PREMIUM]","[PREMIUM]","[PREMIUM]","216A","Section 216 A","1",4,"[]","2026-12-20 00:00:00","electronic","exchange",5,"[PREMIUM]","4"
"3q7fNLZpKvY","2026-08-22 23:58:38.157","2026-08-23 23:01:30.920","3q7fNLZpKvY","18378364","[PREMIUM]","[PREMIUM]","[PREMIUM]","222","Section 222","7",8,"[]","2026-12-19 00:00:00","electronic","exchange",5,"[PREMIUM]","1,2,3,4,5,6,7,8"
"3q7fNLZaO7A","2026-08-22 23:58:38.157","2026-08-23 23:01:30.920","3q7fNLZaO7A","18378364","[PREMIUM]","[PREMIUM]","[PREMIUM]","224","Section 224","15",4,"[]","2026-12-19 00:00:00","electronic","exchange",2,"[PREMIUM]","1,2,3,4"
"4vXcjRgJnX7","2026-08-22 23:58:38.157","2026-08-23 23:01:30.920","4vXcjRgJnX7","18378364","[PREMIUM]","[PREMIUM]","[PREMIUM]","212","Section 212","15",3,"[]","2026-12-19 00:00:00","electronic","exchange",2,"[PREMIUM]","1,2,3"
"6mOhko3zO38","2026-08-22 23:58:38.157","2026-08-22 23:58:38.157","6mOhko3zO38","18378364","[PREMIUM]","[PREMIUM]","[PREMIUM]","108","Section 108","17",4,"[]","2026-12-19 00:00:00","electronic","exchange",1,"[PREMIUM]","1,2,3,4"
"6mOhko3zowN","2026-08-22 23:58:38.157","2026-08-23 23:01:30.920","6mOhko3zowN","18378364","[PREMIUM]","[PREMIUM]","[PREMIUM]","218","Section 218","10",4,"[]","2026-12-19 00:00:00","electronic","exchange",1,"[PREMIUM]","1,2,3,4"
"6mOhko3zoe5","2026-08-22 23:58:38.157","2026-08-23 23:01:30.920","6mOhko3zoe5","18378364","[PREMIUM]","[PREMIUM]","[PREMIUM]","207A","Section 207 A","10",8,"[]","2026-12-19 00:00:00","electronic","exchange",2,"[PREMIUM]","1,2,3,4,5,6,7,8"
"7KntAgPqnmV","2026-08-22 23:58:38.157","2026-08-22 23:58:38.157","7KntAgPqnmV","18378364","[PREMIUM]","[PREMIUM]","[PREMIUM]","118","Section 118","24",7,"[]","2026-12-19 00:00:00","electronic","exchange",2,"[PREMIUM]","1,2,3,4,5,6,7"
"7KntAgPqgV8","2026-08-22 23:58:38.157","2026-08-22 23:58:38.157","7KntAgPqgV8","18378364","[PREMIUM]","[PREMIUM]","[PREMIUM]","207A","Section 207 A","9",5,"[]","2026-12-19 00:00:00","electronic","exchange",1,"[PREMIUM]","1,2,3,4,5"
"8lKt6a8lJJo","2026-08-22 23:58:38.157","2026-08-22 23:58:38.157","8lKt6a8lJJo","18378364","[PREMIUM]","[PREMIUM]","[PREMIUM]","116","Section 116","10",7,"[]","2026-12-19 00:00:00","electronic","exchange",1,"[PREMIUM]","1,2,3,4,5,6,7"
"8lKt6a85aX2","2026-08-22 23:58:38.157","2026-08-22 23:58:38.157","8lKt6a85aX2","18378364","[PREMIUM]","[PREMIUM]","[PREMIUM]","221A","Section 221 A","9",7,"[]","2026-12-19 00:00:00","electronic","exchange",1,"[PREMIUM]","1,2,3,4,5,6,7"
"8lKt6a85aAr","2026-08-22 23:58:38.157","2026-08-23 23:01:30.920","8lKt6a85aAr","18378364","[PREMIUM]","[PREMIUM]","[PREMIUM]","208","Section 208","14",8,"[]","2026-12-19 00:00:00","electronic","exchange",2,"[PREMIUM]","1,2,3,4,5,6,7,8"
"9P2c5M7pr60","2026-08-22 23:58:38.157","2026-08-23 23:01:30.920","9P2c5M7pr60","18378364","[PREMIUM]","[PREMIUM]","[PREMIUM]","109","Section 109","19",6,"[]","2026-12-19 00:00:00","electronic","exchange",5,"[PREMIUM]","1,2,3,4,5,6"
"9P2c5M7j905","2026-08-22 23:58:38.157","2026-08-23 23:01:30.920","9P2c5M7j905","18378364","[PREMIUM]","[PREMIUM]","[PREMIUM]","115","Section 115","21",2,"[]","2026-12-19 00:00:00","electronic","exchange",1,"[PREMIUM]","1,2"
"9P2c5M7j9z0","2026-08-22 23:58:38.157","2026-08-23 23:01:30.920","9P2c5M7j9z0","18378364","[PREMIUM]","[PREMIUM]","[PREMIUM]","116","Section 116","13",6,"[]","2026-12-19 00:00:00","electronic","exchange",2,"[PREMIUM]","1,2,3,4,5,6"
"9P2c5M7prx5","2026-08-22 23:58:38.157","2026-08-22 23:58:38.157","9P2c5M7prx5","18378364","[PREMIUM]","[PREMIUM]","[PREMIUM]","114","Section 114","17",6,"[]","2026-12-19 00:00:00","electronic","exchange",2,"[PREMIUM]","1,2,3,4,5,6"
"A6rs2KJ0Klx","2026-08-22 23:58:38.157","2026-08-22 23:58:38.157","A6rs2KJ0Klx","18378364","[PREMIUM]","[PREMIUM]","[PREMIUM]","222","Section 222","9",2,"[]","2026-12-19 00:00:00","electronic","exchange",1,"[PREMIUM]","1,2"
"A6rs2KJ0KMn","2026-08-22 23:58:38.157","2026-08-22 23:58:38.157","A6rs2KJ0KMn","18378364","[PREMIUM]","[PREMIUM]","[PREMIUM]","207A","Section 207 A","8",4,"[]","2026-12-19 00:00:00","electronic","exchange",1,"[PREMIUM]","1,2,3,4"
"A6rs2KJqwYV","2026-08-22 23:58:38.157","2026-08-23 23:01:30.920","A6rs2KJqwYV","18378364","[PREMIUM]","[PREMIUM]","[PREMIUM]","201","Section 201","15",6,"[]","2026-12-19 00:00:00","electronic","exchange",2,"[PREMIUM]","1,2,3,4,5,6"
"A6rs2KJqwM7","2026-08-22 23:58:38.157","2026-08-23 23:01:30.920","A6rs2KJqwM7","18378364","[PREMIUM]","[PREMIUM]","[PREMIUM]","117","Section 117","12",8,"[]","2026-12-19 00:00:00","electronic","exchange",2,"[PREMIUM]","1,2,3,4,5,6,7,8"
"DdwHkMblp4D","2026-08-22 23:58:38.157","2026-08-22 23:58:38.157","DdwHkMblp4D","18378364","[PREMIUM]","[PREMIUM]","[PREMIUM]","221","Section 221","12",6,"[]","2026-12-19 00:00:00","electronic","exchange",1,"[PREMIUM]","1,2,3,4,5,6"
"EroUXgRPD4l","2026-08-22 23:58:38.157","2026-08-23 23:01:30.920","EroUXgRPD4l","18378364","[PREMIUM]","[PREMIUM]","[PREMIUM]","120","Section 120","22",7,"[]","2026-12-19 00:00:00","electronic","exchange",2,"[PREMIUM]","1,2,3,4,5,6,7"
"GAaI60okoBK","2026-08-22 23:58:38.157","2026-09-04 23:54:29.578","GAaI60okoBK","18378364","[PREMIUM]","[PREMIUM]","[PREMIUM]","220","Section 220","8",2,"['13','14']","2026-12-20 00:00:00","electronic","exchange",0,"[PREMIUM]","2"
"JABI3EbAeNY","2026-08-22 23:58:38.157","2026-08-23 23:01:30.920","JABI3EbAeNY","18378364","[PREMIUM]","[PREMIUM]","[PREMIUM]","106","Section 106","15",8,"[]","2026-12-19 00:00:00","electronic","exchange",1,"[PREMIUM]","1,2,3,4,5,6,7,8"
"KezczqRDV7Z","2026-08-22 23:58:38.157","2026-08-23 23:01:30.920","KezczqRDV7Z","18378364","[PREMIUM]","[PREMIUM]","[PREMIUM]","222","Section 222","1",8,"[]","2026-12-19 00:00:00","electronic","exchange",2,"[PREMIUM]","1,2,3,4,5,6,7,8"
"KezczqRZG57","2026-08-22 23:58:38.157","2026-08-22 23:58:38.157","KezczqRZG57","18378364","[PREMIUM]","[PREMIUM]","[PREMIUM]","114","Section 114","14",8,"[]","2026-12-19 00:00:00","electronic","exchange",1,"[PREMIUM]","1,2,3,4,5,6,7,8"
"LbviL8RZwXB","2026-08-22 23:58:38.157","2026-08-23 23:01:30.920","LbviL8RZwXB","18378364","[PREMIUM]","[PREMIUM]","[PREMIUM]","115","Section 115","8",5,"[]","2026-12-19 00:00:00","electronic","exchange",5,"[PREMIUM]","1,2,3,4,5"
"LbviL8RZ4wP","2026-08-22 23:58:38.157","2026-08-23 23:01:30.920","LbviL8RZ4wP","18378364","[PREMIUM]","[PREMIUM]","[PREMIUM]","115","Section 115","17",7,"[]","2026-12-19 00:00:00","electronic","exchange",5,"[PREMIUM]","1,2,3,4,5,6,7"
"LbviL8RkAEN","2026-08-22 23:58:38.157","2026-08-22 23:58:38.157","LbviL8RkAEN","18378364","[PREMIUM]","[PREMIUM]","[PREMIUM]","205","Section 205","9",6,"[]","2026-12-19 00:00:00","electronic","exchange",1,"[PREMIUM]","1,2,3,4,5,6"
"LbviL8RkAmz","2026-08-22 23:58:38.157","2026-08-23 23:01:30.920","LbviL8RkAmz","18378364","[PREMIUM]","[PREMIUM]","[PREMIUM]","224","Section 224","12",4,"[]","2026-12-19 00:00:00","electronic","exchange",2,"[PREMIUM]","1,2,3,4"
"MAeIP3pK3rd","2026-08-22 23:58:38.157","2026-08-22 23:58:38.157","MAeIP3pK3rd","18378364","[PREMIUM]","[PREMIUM]","[PREMIUM]","208","Section 208","15",5,"[]","2026-12-19 00:00:00","electronic","exchange",2,"[PREMIUM]","1,2,3,4,5"
"MAeIP3pw0lJ","2026-08-22 23:58:38.157","2026-08-23 23:01:30.920","MAeIP3pw0lJ","18378364","[PREMIUM]","[PREMIUM]","[PREMIUM]","207","Section 207","9",8,"[]","2026-12-19 00:00:00","electronic","exchange",1,"[PREMIUM]","1,2,3,4,5,6,7,8"
"MAeIP3pw0YB","2026-08-22 23:58:38.157","2026-08-22 23:58:38.157","MAeIP3pw0YB","18378364","[PREMIUM]","[PREMIUM]","[PREMIUM]","105","Section 105","14",8,"[]","2026-12-19 00:00:00","electronic","exchange",1,"[PREMIUM]","1,2,3,4,5,6,7,8"
"MAeIP3pw0Ek","2026-08-22 23:58:38.157","2026-08-23 23:01:30.920","MAeIP3pw0Ek","18378364","[PREMIUM]","[PREMIUM]","[PREMIUM]","214","Section 214","15",4,"[]","2026-12-19 00:00:00","electronic","exchange",2,"[PREMIUM]","1,2,3,4"
"NrqUv6RNDV7","2026-08-22 23:58:38.157","2026-08-22 23:58:38.157","NrqUv6RNDV7","18378364","[PREMIUM]","[PREMIUM]","[PREMIUM]","119","Section 119","24",8,"[]","2026-12-19 00:00:00","electronic","exchange",1,"[PREMIUM]","1,2,3,4,5,6,7,8"
"O7AhwK0BG6a","2026-08-22 23:58:38.157","2026-08-22 23:58:38.157","O7AhwK0BG6a","18378364","[PREMIUM]","[PREMIUM]","[PREMIUM]","102","Section 102","18",4,"[]","2026-12-19 00:00:00","electronic","exchange",2,"[PREMIUM]","1,2,3,4"
"O7AhwK0BGvJ","2026-08-22 23:58:38.157","2026-08-22 23:58:38.157","O7AhwK0BGvJ","18378364","[PREMIUM]","[PREMIUM]","[PREMIUM]","108","Section 108","16",8,"[]","2026-12-19 00:00:00","electronic","exchange",1,"[PREMIUM]","1,2,3,4,5,6,7,8"
"PX0sgq0wPrw","2026-08-22 23:58:38.157","2026-08-23 23:01:30.920","PX0sgq0wPrw","18378364","[PREMIUM]","[PREMIUM]","[PREMIUM]","224","Section 224","13",4,"[]","2026-12-19 00:00:00","electronic","exchange",2,"[PREMIUM]","1,2,3,4"
"ROXHz2Kqnnm","2026-08-22 23:58:38.157","2026-09-04 23:54:29.578","ROXHz2Kqnnm","18378364","[PREMIUM]","[PREMIUM]","[PREMIUM]","216A","Section 216 A","1",4,"['9','10','11','12']","2026-12-18 00:00:00","electronic","exchange",3,"[PREMIUM]","2,4"
"ROXHz2rkZR2","2026-08-22 23:58:38.157","2026-08-22 23:58:38.157","ROXHz2rkZR2","18378364","[PREMIUM]","[PREMIUM]","[PREMIUM]","201","Section 201","13",7,"[]","2026-12-19 00:00:00","electronic","exchange",2,"[PREMIUM]","1,2,3,4,5,6,7"
"V4KU04or46k","2026-08-22 23:58:38.157","2026-08-22 23:58:38.157","V4KU04or46k","18378364","[PREMIUM]","[PREMIUM]","[PREMIUM]","221","Section 221","9",8,"[]","2026-12-19 00:00:00","electronic","exchange",1,"[PREMIUM]","1,2,3,4,5,6,7,8"
"X03tKlrklzX","2026-08-22 23:58:38.157","2026-08-22 23:58:38.157","X03tKlrklzX","18378364","[PREMIUM]","[PREMIUM]","[PREMIUM]","219A","Section 219 A","13",2,"[]","2026-12-19 00:00:00","electronic","exchange",2,"[PREMIUM]","1,2"
"YgJtk0zw0nY","2026-08-22 23:58:38.157","2026-08-23 23:01:30.920","YgJtk0zw0nY","18378364","[PREMIUM]","[PREMIUM]","[PREMIUM]","222","Section 222","8",6,"[]","2026-12-19 00:00:00","electronic","exchange",1,"[PREMIUM]","1,2,3,4,5,6"
"Zm9hvJDjEOd","2026-08-22 23:58:38.157","2026-08-23 23:01:30.920","Zm9hvJDjEOd","18378364","[PREMIUM]","[PREMIUM]","[PREMIUM]","220","Section 220","15",7,"[]","2026-12-19 00:00:00","electronic","exchange",2,"[PREMIUM]","1,2,3,4,5,6,7"
"Zm9hvJDjEYN","2026-08-22 23:58:38.157","2026-08-23 23:01:30.920","Zm9hvJDjEYN","18378364","[PREMIUM]","[PREMIUM]","[PREMIUM]","107","Section 107","17",7,"[]","2026-12-19 00:00:00","electronic","exchange",2,"[PREMIUM]","1,2,3,4,5,6,7"
"agktlMBgM7A","2026-08-22 23:58:38.157","2026-08-22 23:58:38.157","agktlMBgM7A","18378364","[PREMIUM]","[PREMIUM]","[PREMIUM]","207","Section 207","12",4,"[]","2026-12-19 00:00:00","electronic","exchange",2,"[PREMIUM]","1,2,3,4"
"agktlMBgMoB","2026-08-22 23:58:38.157","2026-08-23 23:01:30.920","agktlMBgMoB","18378364","[PREMIUM]","[PREMIUM]","[PREMIUM]","219","Section 219","11",8,"[]","2026-12-19 00:00:00","electronic","exchange",2,"[PREMIUM]","1,2,3,4,5,6,7,8"
"agktlMBg8BO","2026-08-22 23:58:38.157","2026-08-22 23:58:38.157","agktlMBg8BO","18378364","[PREMIUM]","[PREMIUM]","[PREMIUM]","120","Section 120","14",7,"[]","2026-12-19 00:00:00","electronic","exchange",2,"[PREMIUM]","1,2,3,4,5,6,7"
"b4wUaoLzBnz","2026-08-22 23:58:38.157","2026-08-22 23:58:38.157","b4wUaoLzBnz","18378364","[PREMIUM]","[PREMIUM]","[PREMIUM]","109","Section 109","23",8,"[]","2026-12-19 00:00:00","electronic","exchange",2,"[PREMIUM]","1,2,3,4,5,6,7,8"
"eeacK8MpNnP","2026-08-22 23:58:38.157","2026-08-23 23:01:30.920","eeacK8MpNnP","18378364","[PREMIUM]","[PREMIUM]","[PREMIUM]","221A","Section 221 A","1",7,"[]","2026-12-19 00:00:00","electronic","exchange",2,"[PREMIUM]","1,2,3,4,5,6,7"
"g48Ur6eL982","2026-08-22 23:58:38.157","2026-08-22 23:58:38.157","g48Ur6eL982","18378364","[PREMIUM]","[PREMIUM]","[PREMIUM]","222A","Section 222 A","10",8,"[]","2026-12-19 00:00:00","electronic","exchange",1,"[PREMIUM]","1,2,3,4,5,6,7,8"
"g48Ur6e8xLn","2026-08-22 23:58:38.157","2026-08-22 23:58:38.157","g48Ur6e8xLn","18378364","[PREMIUM]","[PREMIUM]","[PREMIUM]","123","Section 123","10",6,"[]","2026-12-19 00:00:00","electronic","exchange",1,"[PREMIUM]","1,2,3,4,5,6"
"g48Ur6e06kJ","2026-08-22 23:58:38.157","2026-08-22 23:58:38.157","g48Ur6e06kJ","18378364","[PREMIUM]","[PREMIUM]","[PREMIUM]","220","Section 220","13",7,"[]","2026-12-19 00:00:00","electronic","exchange",2,"[PREMIUM]","1,2,3,4,5,6,7"
"jDvszkBAowg","2026-08-22 23:58:38.157","2026-08-23 23:01:30.920","jDvszkBAowg","18378364","[PREMIUM]","[PREMIUM]","[PREMIUM]","115","Section 115","12",5,"[]","2026-12-19 00:00:00","electronic","exchange",5,"[PREMIUM]","1,2,3,4,5"
"jDvszkBVX32","2026-08-22 23:58:38.157","2026-08-22 23:58:38.157","jDvszkBVX32","18378364","[PREMIUM]","[PREMIUM]","[PREMIUM]","224","Section 224","15",7,"[]","2026-12-19 00:00:00","electronic","exchange",2,"[PREMIUM]","1,2,3,4,5,6,7"
"kYet9mDgA26","2026-08-22 23:58:38.157","2026-08-22 23:58:38.157","kYet9mDgA26","18378364","[PREMIUM]","[PREMIUM]","[PREMIUM]","117","Section 117","21",7,"[]","2026-12-19 00:00:00","electronic","exchange",1,"[PREMIUM]","1,2,3,4,5,6,7"
"kYet9mDgA8a","2026-08-22 23:58:38.157","2026-08-22 23:58:38.157","kYet9mDgA8a","18378364","[PREMIUM]","[PREMIUM]","[PREMIUM]","219A","Section 219 A","9",8,"[]","2026-12-19 00:00:00","electronic","exchange",1,"[PREMIUM]","1,2,3,4,5,6,7,8"
"kYet9mDlJKE","2026-08-22 23:58:38.157","2026-08-22 23:58:38.157","kYet9mDlJKE","18378364","[PREMIUM]","[PREMIUM]","[PREMIUM]","118","Section 118","23",4,"[]","2026-12-19 00:00:00","electronic","exchange",1,"[PREMIUM]","1,2,3,4"
"kYet9mDgAq7","2026-08-22 23:58:38.157","2026-08-23 23:01:30.920","kYet9mDgAq7","18378364","[PREMIUM]","[PREMIUM]","[PREMIUM]","109","Section 109","17",8,"[]","2026-12-19 00:00:00","electronic","exchange",1,"[PREMIUM]","1,2,3,4,5,6,7,8"
"kYet9mDJlrV","2026-08-22 23:58:38.157","2026-08-23 23:01:30.920","kYet9mDJlrV","18378364","[PREMIUM]","[PREMIUM]","[PREMIUM]","123","Section 123","9",8,"[]","2026-12-19 00:00:00","electronic","exchange",1,"[PREMIUM]","1,2,3,4,5,6,7,8"
"lxVsdRO7RBz","2026-08-22 23:58:38.157","2026-08-23 23:01:30.920","lxVsdRO7RBz","18378364","[PREMIUM]","[PREMIUM]","[PREMIUM]","207","Section 207","13",8,"[]","2026-12-19 00:00:00","electronic","exchange",2,"[PREMIUM]","1,2,3,4,5,6,7,8"
"lxVsdRO7R5M","2026-08-22 23:58:38.157","2026-08-23 23:01:30.920","lxVsdRO7R5M","18378364","[PREMIUM]","[PREMIUM]","[PREMIUM]","219","Section 219","12",5,"[]","2026-12-19 00:00:00","electronic","exchange",2,"[PREMIUM]","1,2,3,4,5"
"lxVsdROjw9J","2026-08-22 23:58:38.157","2026-08-23 23:01:30.920","lxVsdROjw9J","18378364","[PREMIUM]","[PREMIUM]","[PREMIUM]","224","Section 224","10",5,"[]","2026-12-19 00:00:00","electronic","exchange",2,"[PREMIUM]","1,2,3,4,5"
"mxAs4xnqVl9","2026-08-22 23:58:38.157","2026-08-22 23:58:38.157","mxAs4xnqVl9","18378364","[PREMIUM]","[PREMIUM]","[PREMIUM]","106","Section 106","18",4,"[]","2026-12-19 00:00:00","electronic","exchange",1,"[PREMIUM]","1,2,3,4"
"nx0srKqgex6","2026-08-22 23:58:38.157","2026-08-23 23:01:30.920","nx0srKqgex6","18378364","[PREMIUM]","[PREMIUM]","[PREMIUM]","218","Section 218","9",4,"[]","2026-12-19 00:00:00","electronic","exchange",1,"[PREMIUM]","1,2,3,4"
"nx0srKqgeav","2026-08-22 23:58:38.157","2026-08-23 23:01:30.920","nx0srKqgeav","18378364","[PREMIUM]","[PREMIUM]","[PREMIUM]","124","Section 124","12",7,"[]","2026-12-19 00:00:00","electronic","exchange",2,"[PREMIUM]","1,2,3,4,5,6,7"
"nx0srKqzKlX","2026-08-22 23:58:38.157","2026-08-23 23:01:30.920","nx0srKqzKlX","18378364","[PREMIUM]","[PREMIUM]","[PREMIUM]","221A","Section 221 A","8",7,"[]","2026-12-19 00:00:00","electronic","exchange",1,"[PREMIUM]","1,2,3,4,5,6,7"
"oV7Hb6BKlev","2026-08-22 23:58:38.157","2026-08-23 23:01:30.920","oV7Hb6BKlev","18378364","[PREMIUM]","[PREMIUM]","[PREMIUM]","118","Section 118","13",8,"[]","2026-12-19 00:00:00","electronic","exchange",2,"[PREMIUM]","1,2,3,4,5,6,7,8"
"oV7Hb6BKlAl","2026-08-22 23:58:38.157","2026-08-23 23:01:30.920","oV7Hb6BKlAl","18378364","[PREMIUM]","[PREMIUM]","[PREMIUM]","202","Section 202","14",4,"[]","2026-12-19 00:00:00","electronic","exchange",2,"[PREMIUM]","1,2,3,4"
"oV7Hb6Bg609","2026-08-22 23:58:38.157","2026-08-22 23:58:38.157","oV7Hb6Bg609","18378364","[PREMIUM]","[PREMIUM]","[PREMIUM]","219A","Section 219 A","11",7,"[]","2026-12-19 00:00:00","electronic","exchange",1,"[PREMIUM]","1,2,3,4,5,6,7"
"oV7Hb6BdvaB","2026-08-22 23:58:38.157","2026-08-23 23:01:30.920","oV7Hb6BdvaB","18378364","[PREMIUM]","[PREMIUM]","[PREMIUM]","115","Section 115","5",8,"[]","2026-12-19 00:00:00","electronic","exchange",5,"[PREMIUM]","1,2,3,4,5,6,7,8"
"pVXHD73MrrZ","2026-08-22 23:58:38.157","2026-08-23 23:01:30.920","pVXHD73MrrZ","18378364","[PREMIUM]","[PREMIUM]","[PREMIUM]","120","Section 120","12",4,"[]","2026-12-19 00:00:00","electronic","exchange",2,"[PREMIUM]","1,2,3,4"
"qVjH2mJgmRj","2026-08-22 23:58:38.157","2026-08-22 23:58:38.157","qVjH2mJgmRj","18378364","[PREMIUM]","[PREMIUM]","[PREMIUM]","219A","Section 219 A","13",4,"[]","2026-12-19 00:00:00","electronic","exchange",2,"[PREMIUM]","1,2,3,4"
"rVOHkpBg2lY","2026-08-22 23:58:38.157","2026-09-04 23:54:29.578","rVOHkpBg2lY","18378364","[PREMIUM]","[PREMIUM]","[PREMIUM]","111","Section 111","2",2,"['14','15']","2026-12-18 00:00:00","electronic","exchange",1,"[PREMIUM]","2"
"vb3iPwBbw3o","2026-08-22 23:58:38.157","2026-08-23 23:01:30.920","vb3iPwBbw3o","18378364","[PREMIUM]","[PREMIUM]","[PREMIUM]","212","Section 212","14",4,"[]","2026-12-19 00:00:00","electronic","exchange",1,"[PREMIUM]","1,2,3,4"
"w3Jse8m4bdB","2026-08-22 23:58:38.157","2026-08-22 23:58:38.157","w3Jse8m4bdB","18378364","[PREMIUM]","[PREMIUM]","[PREMIUM]","206","Section 206","10",3,"[]","2026-12-19 00:00:00","electronic","exchange",2,"[PREMIUM]","1,2,3"
"w3Jse8m4bMG","2026-08-22 23:58:38.157","2026-08-22 23:58:38.157","w3Jse8m4bMG","18378364","[PREMIUM]","[PREMIUM]","[PREMIUM]","218","Section 218","8",8,"[]","2026-12-19 00:00:00","electronic","exchange",1,"[PREMIUM]","1,2,3,4,5,6,7,8"
"xb9imlKZlAK","2026-08-22 23:58:38.157","2026-08-23 23:01:30.920","xb9imlKZlAK","18378364","[PREMIUM]","[PREMIUM]","[PREMIUM]","205A","Section 205 A","9",7,"[]","2026-12-19 00:00:00","electronic","exchange",1,"[PREMIUM]","1,2,3,4,5,6,7"
"xb9imlKpJBo","2026-08-22 23:58:38.157","2026-08-22 23:58:38.157","xb9imlKpJBo","18378364","[PREMIUM]","[PREMIUM]","[PREMIUM]","212","Section 212","12",4,"[]","2026-12-19 00:00:00","electronic","exchange",1,"[PREMIUM]","1,2,3,4"
"z3Es6vxVvp7","2026-08-22 23:58:38.157","2026-08-23 23:01:30.920","z3Es6vxVvp7","18378364","[PREMIUM]","[PREMIUM]","[PREMIUM]","218","Section 218","10",6,"[]","2026-12-19 00:00:00","electronic","exchange",1,"[PREMIUM]","1,2,3,4,5,6"
"41xd0eq","2026-08-22 23:55:27.972","2026-09-04 23:52:47.504","41xd0eq","18369604","[PREMIUM]","[PREMIUM]","[PREMIUM]","205","Section 205","1",2,"['5','6']",,"electronic","open_marketplace",4,"[PREMIUM]","2"
"9P2c5M7eLwb","2026-08-22 23:55:27.972","2026-08-25 00:01:25.393","9P2c5M7eLwb","18369604","[PREMIUM]","[PREMIUM]","[PREMIUM]","115","Section 115","5",2,"['11','12']","2026-12-18 00:00:00","electronic","exchange",2,"[PREMIUM]","2"
"l_1A0BkztzLGLdQTKJkNw5HZAQNZjF2AXrqXUjw0bNkhGx3Z8bi9LXVvHylUep6hNAQ","2026-08-22 23:55:27.972","2026-09-01 23:17:01.604","l_1A0BkztzLGLdQTKJkNw5HZAQNZjF2AXrqXUjw0bNkhGx3Z8bi9LXVvHylUep6hNAQ","18369604","[PREMIUM]","[PREMIUM]","[PREMIUM]","108","Section 108","19",5,"['9','10','11','12','13']",,"sg_app","open",3,"[PREMIUM]","1,2,3,5"
"l_2yvG9Kiz8k8jDTbnQdwqu3qd23Wt9lVE3BC6mjd42tAbY5DKTDjdyZJhVJhbDCLB","2026-08-22 23:55:27.972","2026-09-03 00:02:18.175","l_2yvG9Kiz8k8jDTbnQdwqu3qd23Wt9lVE3BC6mjd42tAbY5DKTDjdyZJhVJhbDCLB","18369604","[PREMIUM]","[PREMIUM]","[PREMIUM]","101","Section 101","21",8,"['9','10','11','12','13','14','15','16']",,"sg_app","open",5,"[PREMIUM]","1,2,3,4,5,6"
"l_2yvG9Kiz8k8jDTbnQdwqu3qd23Wt0nBLXJS66Kx92ud1VJPGiKgykZnfVJhKYehBwv","2026-08-22 23:55:27.972","2026-09-04 00:14:01.424","l_2yvG9Kiz8k8jDTbnQdwqu3qd23Wt0nBLXJS66Kx92ud1VJPGiKgykZnfVJhKYehBwv","18369604","[PREMIUM]","[PREMIUM]","[PREMIUM]","222","Section 222","5",5,"['1','2','3','4','5']",,"sg_app","open",4,"[PREMIUM]","1,2,3,5"
"l_3N0JkKFAYmYG5u9qA1wlfbVXvb1f30y4AmTDK06b1cdBxBAzSvggMDDuBQIWejFxER","2026-08-22 23:55:27.972","2026-09-03 00:02:18.175","l_3N0JkKFAYmYG5u9qA1wlfbVXvb1f30y4AmTDK06b1cdBxBAzSvggMDDuBQIWejFxER","18369604","[PREMIUM]","[PREMIUM]","[PREMIUM]","113","Section 113","20",8,"['8','9','10','11','12','13','14','15']",,"sg_app","open",3,"[PREMIUM]","1,2,3,4,5,6"
"l_1A0BkztzLGLdQTKJkNw5HZAQNZjFXnbRL6FJWZnmlsm6ZpvkU8gkA9dSylUxw3S4M0","2026-08-22 23:55:27.972","2026-09-04 00:14:01.424","l_1A0BkztzLGLdQTKJkNw5HZAQNZjFXnbRL6FJWZnmlsm6ZpvkU8gkA9dSylUxw3S4M0","18369604","[PREMIUM]","[PREMIUM]","[PREMIUM]","Club 31","Club 31","rls",3,"['3','4','5']",,"sg_app","open",5,"[PREMIUM]","1,3"
"l_1A0BkztzLGLdQTKJkNw5HZAQNZjF6DQDD1IJMGv4lhGd1DN2C2rxmWwIylU549c9vl","2026-08-22 23:55:27.972","2026-09-04 00:14:01.424","l_1A0BkztzLGLdQTKJkNw5HZAQNZjF6DQDD1IJMGv4lhGd1DN2C2rxmWwIylU549c9vl","18369604","[PREMIUM]","[PREMIUM]","[PREMIUM]","214","Section 214","7",6,"['12','13','14','15','16','17']",,"sg_app","open",5,"[PREMIUM]","1,2,3,4,6"
"l_420gkvSQ858dkHwpqA98hPJWKPRTyKnkw3IdYEZ3kUr1ErWESPKkxm4upQc09s3Q","2026-08-22 23:55:27.972","2026-08-28 01:02:04.306","l_420gkvSQ858dkHwpqA98hPJWKPRTyKnkw3IdYEZ3kUr1ErWESPKkxm4upQc09s3Q","18369604","[PREMIUM]","[PREMIUM]","[PREMIUM]","103","Section 103","12",3,"['10','11','12']",,"sg_app","open",0,"[PREMIUM]","1,3"
"l_420gkvSQ858dkHwpqA98hPJWKPRTy3wDXTXQR1ZkhBrDK06HAvQvg4HpQceXzcEZG","2026-08-22 23:55:27.972","2026-08-31 00:13:03.951","l_420gkvSQ858dkHwpqA98hPJWKPRTy3wDXTXQR1ZkhBrDK06HAvQvg4HpQceXzcEZG","18369604","[PREMIUM]","[PREMIUM]","[PREMIUM]","Club 22","Club 22","7",5,"['5','6','7','8','9']",,"sg_app","open",3,"[PREMIUM]","1,2,3,5"
"l_5JDWnKFqbVbBMSwG46bPhyV3WyNcYq9y8luJAe8wzCWJmWnGfb6RVQ1cMqSDXkHRd2","2026-08-22 23:55:27.972","2026-09-04 23:52:47.504","l_5JDWnKFqbVbBMSwG46bPhyV3WyNcYq9y8luJAe8wzCWJmWnGfb6RVQ1cMqSDXkHRd2","18369604","[PREMIUM]","[PREMIUM]","[PREMIUM]","109","Section 109","2",1,"['6']",,"sg_app","open",0,"[PREMIUM]","1"
"l_5JDWnKFqbVbBMSwG46bPhyV3WyNcBk3NPQCKnPNkRtKeVmbbS9Wd2QMUMqS09LTlmD","2026-08-22 23:55:27.972","2026-09-04 23:52:47.504","l_5JDWnKFqbVbBMSwG46bPhyV3WyNcBk3NPQCKnPNkRtKeVmbbS9Wd2QMUMqS09LTlmD","18369604","[PREMIUM]","[PREMIUM]","[PREMIUM]","206","Section 206","4",8,"['3','4','5','6','7','8','9','10']",,"sg_app","open",1,"[PREMIUM]","1,2,3,4,5,6"
"l_3N0JkKFAYmYG5u9qA1wlfbVXvb1fqL1xygHD0wEAGUY2z866hxbmYMBuBQI4nxsVYd","2026-08-22 23:55:27.972","2026-09-04 23:52:47.504","l_3N0JkKFAYmYG5u9qA1wlfbVXvb1fqL1xygHD0wEAGUY2z866hxbmYMBuBQI4nxsVYd","18369604","[PREMIUM]","[PREMIUM]","[PREMIUM]","206","Section 206","7",2,"['3','4']",,"sg_app","open",0,"[PREMIUM]","2"
"l_2yvG9Kiz8k8jDTbnQdwqu3qd23WtdGJ6xjH6b1pA1Hg6eGQ0FlmV9nmUVJhZ4YHDjN","2026-08-22 23:55:27.972","2026-09-04 23:52:47.504","l_2yvG9Kiz8k8jDTbnQdwqu3qd23WtdGJ6xjH6b1pA1Hg6eGQ0FlmV9nmUVJhZ4YHDjN","18369604","[PREMIUM]","[PREMIUM]","[PREMIUM]","Club 10","Club 10","6",1,"['13']",,"sg_app","open",0,"[PREMIUM]","1"
"l_2yvG9Kiz8k8jDTbnQdwqu3qd23WtbZvy5h64lJzbTG0y5pkIdBgWnBFVJhZzbcDvD","2026-08-22 23:55:27.972","2026-09-04 23:52:47.504","l_2yvG9Kiz8k8jDTbnQdwqu3qd23WtbZvy5h64lJzbTG0y5pkIdBgWnBFVJhZzbcDvD","18369604","[PREMIUM]","[PREMIUM]","[PREMIUM]","224","Section 224","7",6,"['14','15','16','17','18','19']",,"sg_app","open",3,"[PREMIUM]","1,2,3,4,6"
"l_1A0BkztzLGLdQTKJkNw5HZAQNZjFZZgVEBsJGzA2EcGlGKGbuErQGE3IylU51VT9qk","2026-08-22 23:55:27.972","2026-09-04 23:52:47.504","l_1A0BkztzLGLdQTKJkNw5HZAQNZjFZZgVEBsJGzA2EcGlGKGbuErQGE3IylU51VT9qk","18369604","[PREMIUM]","[PREMIUM]","[PREMIUM]","218","Section 218","6",3,"['9','10','11']",,"sg_app","open",4,"[PREMIUM]","1,3"
"l_1A0BkztzLGLdQTKJkNw5HZAQNZjFEnnrj2cjMePEXTd884wKcYYArNlIylUXqCBE","2026-08-22 23:55:27.972","2026-09-04 23:52:47.504","l_1A0BkztzLGLdQTKJkNw5HZAQNZjFEnnrj2cjMePEXTd884wKcYYArNlIylUXqCBE","18369604","[PREMIUM]","[PREMIUM]","[PREMIUM]","102","Section 102","19",2,"['7','8']",,"sg_app","open",2,"[PREMIUM]","2"
"l_1A0BkztzLGLdQTKJkNw5HZAQNZjFA8E0mzfjgDdRNurWzDMqFjQj0WDtylU5NVi9rW","2026-08-22 23:55:27.972","2026-09-04 23:52:47.504","l_1A0BkztzLGLdQTKJkNw5HZAQNZjFA8E0mzfjgDdRNurWzDMqFjQj0WDtylU5NVi9rW","18369604","[PREMIUM]","[PREMIUM]","[PREMIUM]","217","Section 217","2",1,"['3']",,"sg_app","open",2,"[PREMIUM]","1"
"l_0x0pgKHeVQVK3snqEexzHM2pJMZfwJXpRVU6ledbmtBdbEM8h5mNRKlsbMUZG1imeP","2026-08-22 23:55:27.972","2026-09-04 23:52:47.504","l_0x0pgKHeVQVK3snqEexzHM2pJMZfwJXpRVU6ledbmtBdbEM8h5mNRKlsbMUZG1imeP","18369604","[PREMIUM]","[PREMIUM]","[PREMIUM]","Club 31","Club 31","2",1,"['7']",,"sg_app","open",0,"[PREMIUM]","1"
"l_0x0pgKHeVQVK3snqEexzHM2pJMZfdDQZq9S66eXmyujyPLGBT4JbVY6ubMU2r1UpdX","2026-08-22 23:55:27.972","2026-09-04 23:52:47.504","l_0x0pgKHeVQVK3snqEexzHM2pJMZfdDQZq9S66eXmyujyPLGBT4JbVY6ubMU2r1UpdX","18369604","[PREMIUM]","[PREMIUM]","[PREMIUM]","222","Section 222","3",8,"['15','16','17','18','19','20','21','22']",,"sg_app","open",2,"[PREMIUM]","1,2,3,4,5,6"
"l_0x0pgKHeVQVK3snqEexzHM2pJMZfdDQZq9S66eXmyujyPLGBT4JbVY6ubMU2RGIpZz","2026-08-22 23:55:27.972","2026-09-04 23:52:47.504","l_0x0pgKHeVQVK3snqEexzHM2pJMZfdDQZq9S66eXmyujyPLGBT4JbVY6ubMU2RGIpZz","18369604","[PREMIUM]","[PREMIUM]","[PREMIUM]","222","Section 222","4",8,"['16','17','18','19','20','21','22','23']",,"sg_app","open",2,"[PREMIUM]","1,2,3,4,5,6"
"l_6x05jbHxW6W4MF2Nq8P0SjLP6jdTGq90M5IAP1GN6TlKnEGXIyDvMKKfKkHXkmi40G","2026-08-22 23:55:27.972","2026-09-01 23:17:01.604","l_6x05jbHxW6W4MF2Nq8P0SjLP6jdTGq90M5IAP1GN6TlKnEGXIyDvMKKfKkHXkmi40G","18369604","[PREMIUM]","[PREMIUM]","[PREMIUM]","Club 38","Club 38","2",4,"['5','6','7','8']",,"sg_app","open",5,"[PREMIUM]","1,2,4"
"l_420gkvSQ858dkHwpqA98hPJWKPRTJ6drQXhd06LNDi4GWwKAFjWApkNHpQc2ZiJQ","2026-08-22 23:55:27.972","2026-09-04 00:14:01.424","l_420gkvSQ858dkHwpqA98hPJWKPRTJ6drQXhd06LNDi4GWwKAFjWApkNHpQc2ZiJQ","18369604","[PREMIUM]","[PREMIUM]","[PREMIUM]","101","Section 101","21",2,"['7','8']",,"sg_app","open",2,"[PREMIUM]","2"
"l_99zEkDI4yeyAlcN18WMmiYAbxYWILrrkL2hxE0WK0CYMgV0wtPe9VzPIN9C68Wtj5p","2026-08-22 23:55:27.972","2026-08-28 01:02:04.306","l_99zEkDI4yeyAlcN18WMmiYAbxYWILrrkL2hxE0WK0CYMgV0wtPe9VzPIN9C68Wtj5p","18369604","[PREMIUM]","[PREMIUM]","[PREMIUM]","219","Section 219","11",4,"['1','2','3','4']",,"sg_app","open",2,"[PREMIUM]","1,2,4"
"l_D6pPnDHVRdRBeIzrKlvjTQRbwQvfBMwlbwTMgjYvnCy3NRrPtXRrYPQTAgTle3FENA","2026-08-22 23:55:27.972","2026-08-31 22:41:46.800","l_D6pPnDHVRdRBeIzrKlvjTQRbwQvfBMwlbwTMgjYvnCy3NRrPtXRrYPQTAgTle3FENA","18369604","[PREMIUM]","[PREMIUM]","[PREMIUM]","118","Section 118","19",2,"['11','12']",,"sg_app","open",2,"[PREMIUM]","2"
"l_D6pPnDHVRdRBeIzrKlvjTQRbwQvfMyl8PdS3bJB4mi1Jq0JnCKZVQqnCAgTp9nhz2J","2026-08-22 23:55:27.972","2026-09-04 00:14:01.424","l_D6pPnDHVRdRBeIzrKlvjTQRbwQvfMyl8PdS3bJB4mi1Jq0JnCKZVQqnCAgTp9nhz2J","18369604","[PREMIUM]","[PREMIUM]","[PREMIUM]","211","Section 211","4",2,"['7','8']",,"sg_app","open",0,"[PREMIUM]","2"
"l_K4kzDwTZedeWgu1w2lnGc9Qrq9VhWEbjZnfKKbwl5upNxXe2TQ6d4eJtlJhb8kSjPd","2026-08-22 23:55:27.972","2026-09-04 23:52:47.504","l_K4kzDwTZedeWgu1w2lnGc9Qrq9VhWEbjZnfKKbwl5upNxXe2TQ6d4eJtlJhb8kSjPd","18369604","[PREMIUM]","[PREMIUM]","[PREMIUM]","222","Section 222","5",4,"['20','21','22','23']",,"sg_app","open",1,"[PREMIUM]","1,2,4"
"l_Jn5yvDiMXPX9Ju8GPVxesjDPYj3TGLzMgxFvj8wQLIwGBDWZSg8mV3KTpMcpeAFvYn","2026-08-22 23:55:27.972","2026-09-04 23:52:47.504","l_Jn5yvDiMXPX9Ju8GPVxesjDPYj3TGLzMgxFvj8wQLIwGBDWZSg8mV3KTpMcpeAFvYn","18369604","[PREMIUM]","[PREMIUM]","[PREMIUM]","Club 40","Club 40","4",2,"['7','8']",,"sg_app","open",1,"[PREMIUM]","2"
"l_Jn5yvDiMXPX9Ju8GPVxesjDPYj3T45kzD4iP24k3DTnpyvp4FW2A85kTpMceGGcYPj","2026-08-22 23:55:27.972","2026-09-04 23:52:47.504","l_Jn5yvDiMXPX9Ju8GPVxesjDPYj3T45kzD4iP24k3DTnpyvp4FW2A85kTpMceGGcYPj","18369604","[PREMIUM]","[PREMIUM]","[PREMIUM]","220","Section 220","6",6,"['14','15','16','17','18','19']",,"sg_app","open",1,"[PREMIUM]","1,2,3,4,6"
"l_GbJvYPiPGAGxdU9NKk2Lf6deq6PC83gpqnu2X8pGMCNdvy5ATqlwQy1TJ5fZl8fw83","2026-08-22 23:55:27.972","2026-09-04 23:52:47.504","l_GbJvYPiPGAGxdU9NKk2Lf6deq6PC83gpqnu2X8pGMCNdvy5ATqlwQy1TJ5fZl8fw83","18369604","[PREMIUM]","[PREMIUM]","[PREMIUM]","Club 30","Club 30","6",1,"['8']",,"sg_app","open",0,"[PREMIUM]","1"
"l_EZer6DSlPmPAvf1PwAn9cr945rBCPXz8yWfLwVDJ2HWPR0zbCgk3069hG2fAzupY","2026-08-22 23:55:27.972","2026-09-04 23:52:47.504","l_EZer6DSlPmPAvf1PwAn9cr945rBCPXz8yWfLwVDJ2HWPR0zbCgk3069hG2fAzupY","18369604","[PREMIUM]","[PREMIUM]","[PREMIUM]","101","Section 101","20",8,"['5','6','7','8','9','10','11','12']",,"sg_app","open",1,"[PREMIUM]","1,2,3,4,5,6"
"l_EZer6DSlPmPAvf1PwAn9cr945rBCLmL5nuLAygPBiMYWWyQfZg31EgiG2fLNgiGnx","2026-08-22 23:55:27.972","2026-09-04 23:52:47.504","l_EZer6DSlPmPAvf1PwAn9cr945rBCLmL5nuLAygPBiMYWWyQfZg31EgiG2fLNgiGnx","18369604","[PREMIUM]","[PREMIUM]","[PREMIUM]","216","Section 216","6",7,"['5','6','7','8','9','10','11']",,"sg_app","open",1,"[PREMIUM]","1,2,3,4,5"
"l_D6pPnDHVRdRBeIzrKlvjTQRbwQvfxnp2JRT2Jjj66inj95znsd5pQWduAgTdqYiMlM","2026-08-22 23:55:27.972","2026-09-04 23:52:47.504","l_D6pPnDHVRdRBeIzrKlvjTQRbwQvfxnp2JRT2Jjj66inj95znsd5pQWduAgTdqYiMlM","18369604","[PREMIUM]","[PREMIUM]","[PREMIUM]","126","Section 126","sro",8,"['7','8','9','10','11','12','13','14']",,"sg_app","open",1,"[PREMIUM]","1,2,3,4,5,6"
"l_99zEkDI4yeyAlcN18WMmiYAbxYWIzZPmmdTx6GPG1fPREQ9eIGWP3LBhN9CVlbh1QZ","2026-08-22 23:55:27.972","2026-09-04 23:52:47.504","l_99zEkDI4yeyAlcN18WMmiYAbxYWIzZPmmdTx6GPG1fPREQ9eIGWP3LBhN9CVlbh1QZ","18369604","[PREMIUM]","[PREMIUM]","[PREMIUM]","107","Section 107","18",2,"['9','10']",,"sg_app","open",2,"[PREMIUM]","2"
"l_99zEkDI4yeyAlcN18WMmiYAbxYWIzZPmmdTx6GPG1fPREQ9eIGWP3LBhN9CVlKf1Q2","2026-08-22 23:55:27.972","2026-09-04 23:52:47.504","l_99zEkDI4yeyAlcN18WMmiYAbxYWIzZPmmdTx6GPG1fPREQ9eIGWP3LBhN9CVlKf1Q2","18369604","[PREMIUM]","[PREMIUM]","[PREMIUM]","107","Section 107","16",2,"['11','12']",,"sg_app","open",1,"[PREMIUM]","2"
"l_8106lyIAvEve0umWR63XIq81rqYhkwN4RNcnj5Xlwfmg99KAsqbArwkck2cp81SbMZ","2026-08-22 23:55:27.972","2026-09-04 23:52:47.504","l_8106lyIAvEve0umWR63XIq81rqYhkwN4RNcnj5Xlwfmg99KAsqbArwkck2cp81SbMZ","18369604","[PREMIUM]","[PREMIUM]","[PREMIUM]","106","Section 106","16",1,"['7']",,"sg_app","open",0,"[PREMIUM]","1"
"l_8106lyIAvEve0umWR63XIq81rqYhLeXrEZTnQzzEEfyldRPyH9E8bg9Tk2cvVxuE1L","2026-08-22 23:55:27.972","2026-09-04 23:52:47.504","l_8106lyIAvEve0umWR63XIq81rqYhLeXrEZTnQzzEEfyldRPyH9E8bg9Tk2cvVxuE1L","18369604","[PREMIUM]","[PREMIUM]","[PREMIUM]","126","Section 126","12",2,"['7','8']",,"sg_app","open",0,"[PREMIUM]","2"
"l_6x05jbHxW6W4MF2Nq8P0SjLP6jdTdEEpyzi9Pxq6yuGddgbXcLLdJQ2fKkH6zc59","2026-08-22 23:55:27.972","2026-09-04 23:52:47.504","l_6x05jbHxW6W4MF2Nq8P0SjLP6jdTdEEpyzi9Pxq6yuGddgbXcLLdJQ2fKkH6zc59","18369604","[PREMIUM]","[PREMIUM]","[PREMIUM]","102","Section 102","23",2,"['10','11']",,"sg_app","open",2,"[PREMIUM]","2"
"l_LN68bqFNMkMzWtQN8yVpiYWlrY3IVWXMv2unx1pjeCyEM6BgUn3LwbVtmETye6hzg5","2026-08-22 23:55:27.972","2026-09-01 23:17:01.604","l_LN68bqFNMkMzWtQN8yVpiYWlrY3IVWXMv2unx1pjeCyEM6BgUn3LwbVtmETye6hzg5","18369604","[PREMIUM]","[PREMIUM]","[PREMIUM]","115","Section 115","25",7,"['10','11','12','13','14','15','16']",,"sg_app","open",1,"[PREMIUM]","1,2,3,4,5"
"l_MpwlnLievKvwVsLGmrQAHd95ldzfXkPMBzc0RVk4AtDjpXerI30Lp2viMmS8KWCYz2","2026-08-22 23:55:27.972","2026-09-04 00:14:01.424","l_MpwlnLievKvwVsLGmrQAHd95ldzfXkPMBzc0RVk4AtDjpXerI30Lp2viMmS8KWCYz2","18369604","[PREMIUM]","[PREMIUM]","[PREMIUM]","122","Section 122","18",4,"['3','4','5','6']",,"sg_app","open",0,"[PREMIUM]","1,2,4"
"l_LN68bqFNMkMzWtQN8yVpiYWlrY3I105rD5hPZDj9Runm9ebkHQm51YimETEwyUw4J","2026-08-22 23:55:27.972","2026-09-04 00:14:01.424","l_LN68bqFNMkMzWtQN8yVpiYWlrY3I105rD5hPZDj9Runm9ebkHQm51YimETEwyUw4J","18369604","[PREMIUM]","[PREMIUM]","[PREMIUM]","108","Section 108","12",8,"['3','4','5','6','7','8','9','10']",,"sg_app","open",2,"[PREMIUM]","1,2,3,4,5,6"
"l_NdqbvmSBpRpNPFgkNYdXHyZgqyncGjBz3nURlvvmmSV2PY8ViRPZEKRHQkIWMzt9jl","2026-08-22 23:55:27.972","2026-08-23 23:04:05.837","l_NdqbvmSBpRpNPFgkNYdXHyZgqyncGjBz3nURlvvmmSV2PY8ViRPZEKRHQkIWMzt9jl","18369604","[PREMIUM]","[PREMIUM]","[PREMIUM]","126","Section 126","17",8,"['3','4','5','6','7','8','9','10']",,"sg_app","open",0,"[PREMIUM]","1,2,3,4,5,6"
"l_QdVLnZSpykyZnSdqy9kZuJ4e5JnuWmQmmDcAPvyRKu2zZyG6FzE1LJZhg6Iy6miQ02","2026-08-22 23:55:27.972","2026-09-04 00:14:01.424","l_QdVLnZSpykyZnSdqy9kZuJ4e5JnuWmQmmDcAPvyRKu2zZyG6FzE1LJZhg6Iy6miQ02","18369604","[PREMIUM]","[PREMIUM]","[PREMIUM]","214","Section 214","7",2,"['1','2']",,"sg_app","open",1,"[PREMIUM]","2"
"l_bN9AvLFN2W2bXtwKq9X8hlx0AlMf5E3Q2XtWMAZ2ZSlDvyw5hvKxB6ZiQ6IKgWU4bP","2026-08-22 23:55:27.972","2026-09-04 23:52:47.504","l_bN9AvLFN2W2bXtwKq9X8hlx0AlMf5E3Q2XtWMAZ2ZSlDvyw5hvKxB6ZiQ6IKgWU4bP","18369604","[PREMIUM]","[PREMIUM]","[PREMIUM]","221","Section 221","9",8,"['5','6','7','8','9','10','11','12']",,"sg_app","open",1,"[PREMIUM]","1,2,3,4,5,6"
"l_ZnWJvki8vgvx3fBPw5A4SvQ6Yv3hw0ZYz0Hx5yx9mTr3qq0jFKW3p4xIw1sP8NUk1n","2026-08-22 23:55:27.972","2026-09-04 23:52:47.504","l_ZnWJvki8vgvx3fBPw5A4SvQ6Yv3hw0ZYz0Hx5yx9mTr3qq0jFKW3p4xIw1sP8NUk1n","18369604","[PREMIUM]","[PREMIUM]","[PREMIUM]","112","Section 112","19",3,"['7','8','9']",,"sg_app","open",1,"[PREMIUM]","1,3"
"l_ZnWJvki8vgvx3fBPw5A4SvQ6Yv3hjnjYgsxY6QVqH01ppNBC8ZWKAZiw1s8kQs1Q3","2026-08-22 23:55:27.972","2026-09-04 23:52:47.504","l_ZnWJvki8vgvx3fBPw5A4SvQ6Yv3hjnjYgsxY6QVqH01ppNBC8ZWKAZiw1s8kQs1Q3","18369604","[PREMIUM]","[PREMIUM]","[PREMIUM]","216","Section 216","5",2,"['1','2']",,"sg_app","open",0,"[PREMIUM]","2"
"l_XEJBvWCqlZlrbSmzqVY6IjB0gj9TnNEk9mu20lpR1SrV3r83S4xqpDdInKCjDCLd","2026-08-22 23:55:27.972","2026-09-04 23:52:47.504","l_XEJBvWCqlZlrbSmzqVY6IjB0gj9TnNEk9mu20lpR1SrV3r83S4xqpDdInKCjDCLd","18369604","[PREMIUM]","[PREMIUM]","[PREMIUM]","103","Section 103","24",3,"['7','8','9']",,"sg_app","open",0,"[PREMIUM]","1,3"
"l_XEJBvWCqlZlrbSmzqVY6IjB0gj9TV0B2ZQt2n36yvCBLyn4QhX56JYmHnKCXnNikZn","2026-08-22 23:55:27.972","2026-09-04 23:52:47.504","l_XEJBvWCqlZlrbSmzqVY6IjB0gj9TV0B2ZQt2n36yvCBLyn4QhX56JYmHnKCXnNikZn","18369604","[PREMIUM]","[PREMIUM]","[PREMIUM]","Club 40","Club 40","3",3,"['7','8','9']",,"sg_app","open",0,"[PREMIUM]","1,3"
"l_XEJBvWCqlZlrbSmzqVY6IjB0gj9TA385lrs2YBB11iqvKE8qivxewDvTnKC14wHBdz","2026-08-22 23:55:27.972","2026-09-04 23:52:47.504","l_XEJBvWCqlZlrbSmzqVY6IjB0gj9TA385lrs2YBB11iqvKE8qivxewDvTnKC14wHBdz","18369604","[PREMIUM]","[PREMIUM]","[PREMIUM]","126","Section 126","20",6,"['3','4','5','6','7','8']",,"sg_app","open",1,"[PREMIUM]","1,2,3,4,6"
"l_W5GplgHD8B8ZKc8VmGPnsgyE4gpIZnDp4PCgn9yPWS1jdrpeFn25pQpS0Jf9eQH42g","2026-08-22 23:55:27.972","2026-09-04 23:52:47.504","l_W5GplgHD8B8ZKc8VmGPnsgyE4gpIZnDp4PCgn9yPWS1jdrpeFn25pQpS0Jf9eQH42g","18369604","[PREMIUM]","[PREMIUM]","[PREMIUM]","Club 11","Club 11","2",1,"['7']",,"sg_app","open",2,"[PREMIUM]","1"
"l_RXMmnRSPwlwA9UDBRmW3HDnzwDWC8xzm4EtJVRN2Ps3dWxLmtE8vYQAtEvuE9Ur4","2026-08-22 23:55:27.972","2026-09-04 23:52:47.504","l_RXMmnRSPwlwA9UDBRmW3HDnzwDWC8xzm4EtJVRN2Ps3dWxLmtE8vYQAtEvuE9Ur4","18369604","[PREMIUM]","[PREMIUM]","[PREMIUM]","101","Section 101","11",3,"['3','4','5']",,"sg_app","open",1,"[PREMIUM]","1,3"
"l_QdVLnZSpykyZnSdqy9kZuJ4e5JnunlypLms83BJQzcnWvDNty3bBX5Fg6IlNPI1vg","2026-08-22 23:55:27.972","2026-09-04 23:52:47.504","l_QdVLnZSpykyZnSdqy9kZuJ4e5JnunlypLms83BJQzcnWvDNty3bBX5Fg6IlNPI1vg","18369604","[PREMIUM]","[PREMIUM]","[PREMIUM]","125","Section 125","18",4,"['9','10','11','12']",,"sg_app","open",1,"[PREMIUM]","1,2,4"
"l_QdVLnZSpykyZnSdqy9kZuJ4e5JnunLYneKHAL1QgYFzQvdq9f3L58mKSg6IXM5Ikw0","2026-08-22 23:55:27.972","2026-09-04 23:52:47.504","l_QdVLnZSpykyZnSdqy9kZuJ4e5JnunLYneKHAL1QgYFzQvdq9f3L58mKSg6IXM5Ikw0","18369604","[PREMIUM]","[PREMIUM]","[PREMIUM]","203","Section 203","4",2,"['14','15']",,"sg_app","open",0,"[PREMIUM]","2"
"l_QdVLnZSpykyZnSdqy9kZuJ4e5JnuEWZDlbc8b9EB5IwkWN11TvJ25ZXtg6IXzKCkyD","2026-08-22 23:55:27.972","2026-09-04 23:52:47.504","l_QdVLnZSpykyZnSdqy9kZuJ4e5JnuEWZDlbc8b9EB5IwkWN11TvJ25ZXtg6IXzKCkyD","18369604","[PREMIUM]","[PREMIUM]","[PREMIUM]","206","Section 206","11",3,"['1','2','3']",,"sg_app","open",1,"[PREMIUM]","1,3"
"l_NdqbvmSBpRpNPFgkNYdXHyZgqyncDplLz9UYJrEqdUB9dL4DujrxNKjhQkIW8MU944","2026-08-22 23:55:27.972","2026-09-04 23:52:47.504","l_NdqbvmSBpRpNPFgkNYdXHyZgqyncDplLz9UYJrEqdUB9dL4DujrxNKjhQkIW8MU944","18369604","[PREMIUM]","[PREMIUM]","[PREMIUM]","201","Section 201","whl",4,"['3','4','5','6']",,"sg_app","open",1,"[PREMIUM]","1,2,4"
"l_ZnWJvki8vgvx3fBPw5A4SvQ6Yv3hkvBg6qFx18WqjuBQMBlMT6VX5plCw1s2bFA5","2026-08-22 23:55:27.972","2026-08-22 23:55:27.972","l_ZnWJvki8vgvx3fBPw5A4SvQ6Yv3hkvBg6qFx18WqjuBQMBlMT6VX5plCw1s2bFA5","18369604","[PREMIUM]","[PREMIUM]","[PREMIUM]","103","Section 103","25",5,"['3','4','5','6','7']",,"sg_app","open",5,"[PREMIUM]","1,2,3,5"
"l_ZnWJvki8vgvx3fBPw5A4SvQ6Yv3h8vJdD6Fxx4m2MCMgLZmxF8QnbXBCw1s8EWi1Lj","2026-08-22 23:55:27.972","2026-08-28 22:46:21.882","l_ZnWJvki8vgvx3fBPw5A4SvQ6Yv3h8vJdD6Fxx4m2MCMgLZmxF8QnbXBCw1s8EWi1Lj","18369604","[PREMIUM]","[PREMIUM]","[PREMIUM]","222","Section 222","6",8,"['9','10','11','12','13','14','15','16']",,"sg_app","open",1,"[PREMIUM]","1,2,3,4,5,6"
"l_gr10LRTAPDPMxuKgyPd3HPV5dPQTXmKrqDiJBk02bUkBL53XHz9JGLECQwIWqLTLZG","2026-08-22 23:55:27.972","2026-09-01 23:17:01.604","l_gr10LRTAPDPMxuKgyPd3HPV5dPQTXmKrqDiJBk02bUkBL53XHz9JGLECQwIWqLTLZG","18369604","[PREMIUM]","[PREMIUM]","[PREMIUM]","110","Section 110","13",5,"['9','10','11','12','13']",,"sg_app","open",4,"[PREMIUM]","1,2,3,5"
"l_lN1rRgFALWLKXuZdjgR6TYq3AYEInNzEZPcZ6z9NnhK8YGP9H5WgbMEuw9sgxjiy8v","2026-08-22 23:55:27.972","2026-09-04 23:52:47.504","l_lN1rRgFALWLKXuZdjgR6TYq3AYEInNzEZPcZ6z9NnhK8YGP9H5WgbMEuw9sgxjiy8v","18369604","[PREMIUM]","[PREMIUM]","[PREMIUM]","122","Section 122","14",2,"['3','4']",,"sg_app","open",0,"[PREMIUM]","2"
"l_lN1rRgFALWLKXuZdjgR6TYq3AYEImgvNdmfkJeBD9IwXN4XLcqBvrKMuw9sBdGhQBb","2026-08-22 23:55:27.972","2026-09-04 23:52:47.504","l_lN1rRgFALWLKXuZdjgR6TYq3AYEImgvNdmfkJeBD9IwXN4XLcqBvrKMuw9sBdGhQBb","18369604","[PREMIUM]","[PREMIUM]","[PREMIUM]","220","Section 220","6",6,"['5','6','7','8','9','10']",,"sg_app","open",1,"[PREMIUM]","1,2,3,4,6"
"l_gr10LRTAPDPMxuKgyPd3HPV5dPQTm0nD8BhJ8Z6L4CpPwpGwSdJmWN4hQwIXmF63","2026-08-22 23:55:27.972","2026-09-04 23:52:47.504","l_gr10LRTAPDPMxuKgyPd3HPV5dPQTm0nD8BhJ8Z6L4CpPwpGwSdJmWN4hQwIXmF63","18369604","[PREMIUM]","[PREMIUM]","[PREMIUM]","103","Section 103","3",1,"['12']",,"sg_app","open",0,"[PREMIUM]","1"
"l_mP1dpWHwNrNbxHNRGpvBiLRNKL3TAbBzb2S3N3l2lS2AM8VSZ8WWDeimbTJyzHykW","2026-08-22 23:55:27.972","2026-09-04 00:14:01.424","l_mP1dpWHwNrNbxHNRGpvBiLRNKL3TAbBzb2S3N3l2lS2AM8VSZ8WWDeimbTJyzHykW","18369604","[PREMIUM]","[PREMIUM]","[PREMIUM]","Club 29","Club 29","3",1,"['7']",,"sg_app","open",0,"[PREMIUM]","1"
"l_mP1dpWHwNrNbxHNRGpvBiLRNKL3TKVrkwxSmZGrQMFE5gN5qSxDQwmeHmbT1R3txdx","2026-08-22 23:55:27.972","2026-09-01 23:17:01.604","l_mP1dpWHwNrNbxHNRGpvBiLRNKL3TKVrkwxSmZGrQMFE5gN5qSxDQwmeHmbT1R3txdx","18369604","[PREMIUM]","[PREMIUM]","[PREMIUM]","211","Section 211","6",4,"['7','8','9','10']",,"sg_app","open",2,"[PREMIUM]","1,2,4"
"l_pNK2J6F9ErE5xFGry6ZWCrkRwrxCq5QwBDhm5jgrkhQDygjGF5GLqEvIYpTvWbS0wq","2026-08-22 23:55:27.972","2026-09-04 00:14:01.424","l_pNK2J6F9ErE5xFGry6ZWCrkRwrxCq5QwBDhm5jgrkhQDygjGF5GLqEvIYpTvWbS0wq","18369604","[PREMIUM]","[PREMIUM]","[PREMIUM]","115","Section 115","8",2,"['5','6']",,"sg_app","open",1,"[PREMIUM]","2"
"l_qnKygEi8qeqkxfE2RPnKiGnNJGVI4wM6VefbYlwngflQqm29tG2gqnWuNpCPyKskBv","2026-08-22 23:55:27.972","2026-09-04 23:52:47.504","l_qnKygEi8qeqkxfE2RPnKiGnNJGVI4wM6VefbYlwngflQqm29tG2gqnWuNpCPyKskBv","18369604","[PREMIUM]","[PREMIUM]","[PREMIUM]","122","Section 122","7",1,"['3']",,"sg_app","open",1,"[PREMIUM]","1"
"l_pNK2J6F9ErE5xFGry6ZWCrkRwrxCXLjYxYsqRALGnflXDKY4TN0wBrVCYpTvDAu0Xn","2026-08-22 23:55:27.972","2026-09-04 23:52:47.504","l_pNK2J6F9ErE5xFGry6ZWCrkRwrxCXLjYxYsqRALGnflXDKY4TN0wBrVCYpTvDAu0Xn","18369604","[PREMIUM]","[PREMIUM]","[PREMIUM]","114","Section 114","18",3,"['9','10','11']",,"sg_app","open",2,"[PREMIUM]","1,3"
"l_vZKwV9SNYyYPxtG0YQVLCGEbPGXIyqYxjBSgwKJjpTV0Zr5AInApN0zsXgIkKJSYxy","2026-08-22 23:55:27.972","2026-08-25 22:49:26.362","l_vZKwV9SNYyYPxtG0YQVLCGEbPGXIyqYxjBSgwKJjpTV0Zr5AInApN0zsXgIkKJSYxy","18369604","[PREMIUM]","[PREMIUM]","[PREMIUM]","Club 37","Club 37","6",2,"['9','10']",,"sg_app","open",0,"[PREMIUM]","2"
"l_rrvzw3TQBAB1XH5PKmekHgZNJgeInbrDedF4vdwmwcPqNEzkfE6BN9jSPKUMBAS60w","2026-08-22 23:55:27.972","2026-08-25 00:01:25.393","l_rrvzw3TQBAB1XH5PKmekHgZNJgeInbrDedF4vdwmwcPqNEzkfE6BN9jSPKUMBAS60w","18369604","[PREMIUM]","[PREMIUM]","[PREMIUM]","221","Section 221","4",8,"['7','8','9','10','11','12','13','14']",,"sg_app","open",0,"[PREMIUM]","1,2,3,4,5,6"
"l_rrvzw3TQBAB1XH5PKmekHgZNJgeIGx5lBMum0jZEpIMYmW66F6MP213HPKUwQQunDz","2026-08-22 23:55:27.972","2026-09-03 00:02:18.175","l_rrvzw3TQBAB1XH5PKmekHgZNJgeIGx5lBMum0jZEpIMYmW66F6MP213HPKUwQQunDz","18369604","[PREMIUM]","[PREMIUM]","[PREMIUM]","206","Section 206","10",8,"['3','4','5','6','7','8','9','10']",,"sg_app","open",1,"[PREMIUM]","1,2,3,4,5,6"
"l_xrKLZ9TrQJQXxhM20g91s3mBM3btgVynwvHZgqLrQUZKjM8zSYXeMwJCwQsRmLSw8z","2026-08-22 23:55:27.972","2026-09-04 23:52:47.504","l_xrKLZ9TrQJQXxhM20g91s3mBM3btgVynwvHZgqLrQUZKjM8zSYXeMwJCwQsRmLSw8z","18369604","[PREMIUM]","[PREMIUM]","[PREMIUM]","213","Section 213","6",2,"['17','18']",,"sg_app","open",0,"[PREMIUM]","2"
"l_wRzqM9TBM0MAxF4MYnDvSRD9rRLFm5DNG5hzewzqncMVrrLpFy6g0ZKcX2Ip1QFPz6","2026-08-22 23:55:27.972","2026-09-04 23:52:47.504","l_wRzqM9TBM0MAxF4MYnDvSRD9rRLFm5DNG5hzewzqncMVrrLpFy6g0ZKcX2Ip1QFPz6","18369604","[PREMIUM]","[PREMIUM]","[PREMIUM]","112","Section 112","16",1,"['11']",,"sg_app","open",1,"[PREMIUM]","1"
"l_vZKwV9SNYyYPxtG0YQVLCGEbPGXIlpVxLJCd4NlwEFRKd8mmHRjX84pFXgI2b4IL0B","2026-08-22 23:55:27.972","2026-09-04 23:52:47.504","l_vZKwV9SNYyYPxtG0YQVLCGEbPGXIlpVxLJCd4NlwEFRKd8mmHRjX84pFXgI2b4IL0B","18369604","[PREMIUM]","[PREMIUM]","[PREMIUM]","206","Section 206","rls",2,"['13','14']",,"sg_app","open",0,"[PREMIUM]","2"
"q989dnr","2026-08-22 23:55:27.972","2026-09-01 23:17:01.604","q989dnr","18369604","[PREMIUM]","[PREMIUM]","[PREMIUM]","116","Section 116","3",2,"['5','6']",,"electronic","open_marketplace",0,"[PREMIUM]","2"
"y42z4v6","2026-08-22 23:55:27.972","2026-09-04 23:52:47.504","y42z4v6","18369604","[PREMIUM]","[PREMIUM]","[PREMIUM]","219","Section 219","3",4,"['9','10','11','12']",,"electronic","open_marketplace",1,"[PREMIUM]","2,4"
"y42z7q6","2026-08-22 23:55:27.972","2026-09-04 23:52:47.504","y42z7q6","18369604","[PREMIUM]","[PREMIUM]","[PREMIUM]","210","Section 210","6",2,"['15','16']",,"electronic","open_marketplace",0,"[PREMIUM]","2"
"zpkzj9j","2026-08-22 23:55:27.972","2026-09-04 23:52:47.504","zpkzj9j","18369604","[PREMIUM]","[PREMIUM]","[PREMIUM]","126","Section 126","1",2,"['3','4']",,"electronic","open_marketplace",4,"[PREMIUM]","2"
"6mOhkoVJLZz","2026-08-22 23:54:55.177","2026-09-04 23:53:15.952","6mOhkoVJLZz","18378775","[PREMIUM]","[PREMIUM]","[PREMIUM]","5","Section 5","l",2,"['21','22']","2026-12-20 00:00:00","electronic","exchange",1,"[PREMIUM]","2"
"9P2c5MRjVlx","2026-08-22 23:54:55.177","2026-09-04 23:53:15.952","9P2c5MRjVlx","18378775","[PREMIUM]","[PREMIUM]","[PREMIUM]","20","Section 20","f",4,"['8','9','10','11']","2026-12-20 00:00:00","electronic","exchange",2,"[PREMIUM]","2,4"
"BALImMVM526","2026-08-22 23:54:55.177","2026-08-22 23:54:55.177","BALImMVM526","18378775","[PREMIUM]","[PREMIUM]","[PREMIUM]","226","Section 226","l",2,"[]","2026-12-20 00:00:00","electronic","exchange",0,"[PREMIUM]","2"
"JABI3EqA4zl","2026-08-22 23:54:55.177","2026-09-04 23:53:15.952","JABI3EqA4zl","18378775","[PREMIUM]","[PREMIUM]","[PREMIUM]","20","Section 20","g",2,"['9','10']","2026-12-20 00:00:00","electronic","exchange",1,"[PREMIUM]","2"
"MAeIP3p3n8M","2026-08-22 23:54:55.177","2026-09-04 23:53:15.952","MAeIP3p3n8M","18378775","[PREMIUM]","[PREMIUM]","[PREMIUM]","105","Section 105","m",2,"[]","2026-12-20 00:00:00","electronic","exchange",0,"[PREMIUM]","2"
"O7AhwKjB5g5","2026-08-22 23:54:55.177","2026-08-28 01:02:46.619","O7AhwKjB5g5","18378775","[PREMIUM]","[PREMIUM]","[PREMIUM]","20","Section 20","g",2,"[]","2026-12-20 00:00:00","electronic","exchange",4,"[PREMIUM]","2"
"YgJtk0lXRqJ","2026-08-22 23:54:55.177","2026-08-28 01:02:46.619","YgJtk0lXRqJ","18378775","[PREMIUM]","[PREMIUM]","[PREMIUM]","20","Section 20","f",4,"[]","2026-12-20 00:00:00","electronic","exchange",5,"[PREMIUM]","2,4"
"g48Ur6e67lB","2026-08-22 23:54:55.177","2026-08-22 23:54:55.177","g48Ur6e67lB","18378775","[PREMIUM]","[PREMIUM]","[PREMIUM]","226","Section 226","l",2,"[]","2026-12-20 00:00:00","electronic","exchange",0,"[PREMIUM]","2"
"g48Ur6PjXgD","2026-08-22 23:54:55.177","2026-09-04 23:53:15.952","g48Ur6PjXgD","18378775","[PREMIUM]","[PREMIUM]","[PREMIUM]","5","Section 5","l",2,"['17','18']","2026-12-20 00:00:00","electronic","exchange",0,"[PREMIUM]","2"
"z3Es6vxvOzR","2026-08-22 23:54:55.177","2026-09-04 23:53:15.952","z3Es6vxvOzR","18378775","[PREMIUM]","[PREMIUM]","[PREMIUM]","105","Section 105","m",2,"[]","2026-12-20 00:00:00","electronic","exchange",0,"[PREMIUM]","2"
"l_1zvB2edTkMK16niYjgYLQiXJ23DliyRERW2cMbJ6QqcGLGEg3h5VlQbyh93Se8hNk","2026-08-22 23:54:53.164","2026-08-28 11:21:43.940","l_1zvB2edTkMK16niYjgYLQiXJ23DliyRERW2cMbJ6QqcGLGEg3h5VlQbyh93Se8hNk","18362740","[PREMIUM]","[PREMIUM]","[PREMIUM]","318","Section 318","5",2,"['4','5']",,"sg_app","open",0,"[PREMIUM]","2"
"l_4vygdQ1HbXKNrBUE2DEJliA6jQgXt6K33BytGpdDQ0IRdRMz3sM6DRxLcD2Ue0IEM","2026-08-22 23:54:53.164","2026-08-22 23:54:53.164","l_4vygdQ1HbXKNrBUE2DEJliA6jQgXt6K33BytGpdDQ0IRdRMz3sM6DRxLcD2Ue0IEM","18362740","[PREMIUM]","[PREMIUM]","[PREMIUM]","301","Section 301","5",2,"['15','16']",,"sg_app","open",0,"[PREMIUM]","2"
"l_4vygdQ1HbXKNrBUE2DEJliA6jQgXtN5wqjyhGpd2BEURdRMz3sM6DRxLcD2U2GFJL","2026-08-22 23:54:53.164","2026-09-04 23:53:18.943","l_4vygdQ1HbXKNrBUE2DEJliA6jQgXtN5wqjyhGpd2BEURdRMz3sM6DRxLcD2U2GFJL","18362740","[PREMIUM]","[PREMIUM]","[PREMIUM]","321","Section 321","9",2,"['11','12']",,"sg_app","open",0,"[PREMIUM]","2"
"l_A9RDvW2hBrd5GlI51v58ghDEXGkgFNMe2zZIe3LXkdh313LQ4iWVErk2crJIKrFxA","2026-08-22 23:54:53.164","2026-08-27 00:32:20.321","l_A9RDvW2hBrd5GlI51v58ghDEXGkgFNMe2zZIe3LXkdh313LQ4iWVErk2crJIKrFxA","18362740","[PREMIUM]","[PREMIUM]","[PREMIUM]","117","Section 117","8",4,"['9','10','11','12']",,"sg_app","open",2,"[PREMIUM]","1,2,4"
"l_KwEzN2KUvJNljmFxAPxejcj5nXZpcXL6Wq6FgwK5lgcrBr8LqFDwP20ns5nsmGI6N","2026-08-22 23:54:53.164","2026-09-04 23:53:18.943","l_KwEzN2KUvJNljmFxAPxejcj5nXZpcXL6Wq6FgwK5lgcrBr8LqFDwP20ns5nsmGI6N","18362740","[PREMIUM]","[PREMIUM]","[PREMIUM]","132","Section 132","8",2,"['1','2']",,"sg_app","open",2,"[PREMIUM]","2"
"l_GPevANjSMB9063HZVpZv0UDgmLA5F6yP11i85l0XPFEYYqr6TDdNp6zT93S29fZD","2026-08-22 23:54:53.164","2026-09-04 23:53:18.943","l_GPevANjSMB9063HZVpZv0UDgmLA5F6yP11i85l0XPFEYYqr6TDdNp6zT93S29fZD","18362740","[PREMIUM]","[PREMIUM]","[PREMIUM]","CL23","Club 23","4",2,"['5','6']",,"sg_app","open",0,"[PREMIUM]","2"
"l_8yb6mwrTPYDNqpUNG5N21hwVngkWtq5ewKyTvznxwytY8YGmgiZrVJPAFK1TreuPz","2026-08-22 23:54:53.164","2026-09-04 23:53:18.943","l_8yb6mwrTPYDNqpUNG5N21hwVngkWtq5ewKyTvznxwytY8YGmgiZrVJPAFK1TreuPz","18362740","[PREMIUM]","[PREMIUM]","[PREMIUM]","323","Section 323","6",2,"['12','13']",,"sg_app","open",1,"[PREMIUM]","2"
"l_Lq38RYKT1lKEnGT4354L0hD5Rm4AFBK9z8JhkjnYEQUndnAX9ue1ygj4hkJIykIzr","2026-08-22 23:54:53.164","2026-09-01 23:13:30.170","l_Lq38RYKT1lKEnGT4354L0hD5Rm4AFBK9z8JhkjnYEQUndnAX9ue1ygj4hkJIykIzr","18362740","[PREMIUM]","[PREMIUM]","[PREMIUM]","332","Section 332","10",6,"['5','6','7','8','9','10']",,"sg_app","open",0,"[PREMIUM]","1,2,3,4,6"
"l_VJPREdMsp31dv6iXEJXjNhlnXNmYtWZY0JYixXqbGxt6L6V3qsdj0JMZSVqIENFQX","2026-08-22 23:54:53.164","2026-08-28 11:21:43.940","l_VJPREdMsp31dv6iXEJXjNhlnXNmYtWZY0JYixXqbGxt6L6V3qsdj0JMZSVqIENFQX","18362740","[PREMIUM]","[PREMIUM]","[PREMIUM]","125","Section 125","26",2,"['25','26']",,"sg_app","open",1,"[PREMIUM]","2"
"l_XWdBpkRf1pvg2YTDA0DEZI6bQXrWTZLNyAeIjB2VyghN0NeJ1H5r8BpAhN6tXvSKb","2026-08-22 23:54:53.164","2026-09-04 23:53:18.943","l_XWdBpkRf1pvg2YTDA0DEZI6bQXrWTZLNyAeIjB2VyghN0NeJ1H5r8BpAhN6tXvSKb","18362740","[PREMIUM]","[PREMIUM]","[PREMIUM]","325","Section 325","14",2,"['1','2']",,"sg_app","open",2,"[PREMIUM]","2"
"l_bLwA53gupk36DLijvgj3Ah5nRLVpI5ylN09uyG0qnBclblBjYizPrZ6dsr5IEbc9D","2026-08-22 23:54:53.164","2026-08-28 01:02:44.100","l_bLwA53gupk36DLijvgj3Ah5nRLVpI5ylN09uyG0qnBclblBjYizPrZ6dsr5IEbc9D","18362740","[PREMIUM]","[PREMIUM]","[PREMIUM]","306","Section 306","13",2,"['21','22']",,"sg_app","open",3,"[PREMIUM]","2"
"l_gRM05P2sWEzNvwH9G69AEcGNxkXLtMYe1JeSYxJ0XYINRNxJYHn5VjWpFW5IDETBR","2026-08-22 23:54:53.164","2026-08-28 01:02:44.100","l_gRM05P2sWEzNvwH9G69AEcGNxkXLtMYe1JeSYxJ0XYINRNxJYHn5VjWpFW5IDETBR","18362740","[PREMIUM]","[PREMIUM]","[PREMIUM]","132","Section 132","26",2,"['1','2']",,"sg_app","open",0,"[PREMIUM]","2"
