"_primaryKey","_firstSeenAt","_lastSeenAt","listingId","eventId","price","priceWithFees","fee","section","sectionFull","row","quantity","seats","inHandDate","deliveryType","marketplace","dealBucket","dealScore","splitType"
"5EjuZwp5NVd","2026-08-25 23:59:34.688","2026-08-25 23:59:34.688","5EjuZwp5NVd","18499772","[PREMIUM]","[PREMIUM]","[PREMIUM]","101","Section 101","8",2,"['9','10']","2026-10-02 00:00:00","electronic","exchange",1,"[PREMIUM]","2"
"6mOhkorpkqB","2026-08-25 23:59:34.688","2026-09-07 13:32:34.473","6mOhkorpkqB","18499772","[PREMIUM]","[PREMIUM]","[PREMIUM]","120","Section 120","8",4,"['3','4','5','6']","2026-08-14 00:00:00","electronic","exchange",1,"[PREMIUM]","1,2,4"
"Kezczq5GaZ8","2026-08-25 23:59:34.688","2026-08-25 23:59:34.688","Kezczq5GaZ8","18499772","[PREMIUM]","[PREMIUM]","[PREMIUM]","218","Section 218","9",2,"['16','17']","2026-10-04 00:00:00","electronic","exchange",0,"[PREMIUM]","2"
"KezczqZK0pE","2026-08-25 23:59:34.688","2026-08-25 23:59:34.688","KezczqZK0pE","18499772","[PREMIUM]","[PREMIUM]","[PREMIUM]","101","Section 101","8",2,"[]","2026-10-03 00:00:00","electronic","exchange",0,"[PREMIUM]","2"
"MAeIP3GxxnJ","2026-08-25 23:59:34.688","2026-09-07 13:32:34.473","MAeIP3GxxnJ","18499772","[PREMIUM]","[PREMIUM]","[PREMIUM]","203","Section 203","12",3,"['13','14','15']","2026-08-14 00:00:00","electronic","exchange",1,"[PREMIUM]","1,3"
"Zm9hvJqrN2z","2026-08-25 23:59:34.688","2026-08-28 02:20:54.133","Zm9hvJqrN2z","18499772","[PREMIUM]","[PREMIUM]","[PREMIUM]","204A","Section 204 A","7",4,"['3','4','5','6']","2026-10-04 00:00:00","electronic","exchange",0,"[PREMIUM]","2,4"
"Zm9hvJqbON0","2026-08-25 23:59:34.688","2026-09-07 13:32:34.473","Zm9hvJqbON0","18499772","[PREMIUM]","[PREMIUM]","[PREMIUM]","C13","Club Box 13","4",4,"[]","2026-10-04 00:00:00","electronic","exchange",3,"[PREMIUM]","1,2,4"
"agktlMLNvPL","2026-08-25 23:59:34.688","2026-09-07 13:32:34.473","agktlMLNvPL","18499772","[PREMIUM]","[PREMIUM]","[PREMIUM]","208","Section 208","4",4,"['1','2','3','4']","2026-08-14 00:00:00","electronic","exchange",0,"[PREMIUM]","1,2,4"
"b4wUaozw4Ap","2026-08-25 23:59:34.688","2026-08-28 23:58:39.442","b4wUaozw4Ap","18499772","[PREMIUM]","[PREMIUM]","[PREMIUM]","221","Section 221","2",2,"[]","2026-10-04 00:00:00","electronic","exchange",0,"[PREMIUM]","2"
"pVXHD7zPZBp","2026-08-25 23:59:34.688","2026-08-28 02:20:54.133","pVXHD7zPZBp","18499772","[PREMIUM]","[PREMIUM]","[PREMIUM]","118","Section 118","16",2,"['9','10']","2026-10-04 00:00:00","electronic","exchange",0,"[PREMIUM]","2"
"pVXHD7zXRvz","2026-08-25 23:59:34.688","2026-09-07 13:32:34.473","pVXHD7zXRvz","18499772","[PREMIUM]","[PREMIUM]","[PREMIUM]","C13","Club Box 13","d",4,"['7','8','9','10']","2026-10-04 00:00:00","electronic","exchange",3,"[PREMIUM]","1,2,4"
"w3Jse8O687P","2026-08-25 23:59:34.688","2026-08-28 02:20:54.133","w3Jse8O687P","18499772","[PREMIUM]","[PREMIUM]","[PREMIUM]","210A","Section 210 A","5",3,"['1','2','3']","2026-10-04 00:00:00","electronic","exchange",0,"[PREMIUM]","3"
"vb3iPwrnMz8","2026-08-25 23:59:34.688","2026-09-07 13:32:34.473","vb3iPwrnMz8","18499772","[PREMIUM]","[PREMIUM]","[PREMIUM]","207","Section 207","15",2,"['12','13']","2026-10-04 00:00:00","electronic","exchange",0,"[PREMIUM]","2"
"vb3iPwjDAzz","2026-08-25 23:59:34.688","2026-09-07 13:32:34.473","vb3iPwjDAzz","18499772","[PREMIUM]","[PREMIUM]","[PREMIUM]","C24","Club Box 24","d",4,"['1','2','3','4']","2026-10-04 00:00:00","electronic","exchange",1,"[PREMIUM]","1,2,4"
"z3Es6v2bLDX","2026-08-25 23:59:34.688","2026-08-25 23:59:34.688","z3Es6v2bLDX","18499772","[PREMIUM]","[PREMIUM]","[PREMIUM]","207A","Section 207 A","7",2,"['11','12']","2026-10-04 00:00:00","electronic","exchange",0,"[PREMIUM]","2"
"z3Es6v2EPmX","2026-08-25 23:59:34.688","2026-09-07 13:32:34.473","z3Es6v2EPmX","18499772","[PREMIUM]","[PREMIUM]","[PREMIUM]","C2","Club Box 2","a",4,"['11','12','13','14']","2026-10-04 00:00:00","electronic","exchange",1,"[PREMIUM]","1,2,4"
"05VT8l0drz7","2026-08-25 23:59:29.724","2026-08-25 23:59:29.724","05VT8l0drz7","18495889","[PREMIUM]","[PREMIUM]","[PREMIUM]","117","Section 117","5",2,"[]","2026-10-04 00:00:00","electronic","exchange",2,"[PREMIUM]","2"
"05VT8l0ARM7","2026-08-25 23:59:29.724","2026-08-25 23:59:29.724","05VT8l0ARM7","18495889","[PREMIUM]","[PREMIUM]","[PREMIUM]","228","Section 228","3",6,"[]","2026-10-04 00:00:00","electronic","exchange",2,"[PREMIUM]","2,3,4,6"
"05VT8l0dOE4","2026-08-25 23:59:29.724","2026-08-25 23:59:29.724","05VT8l0dOE4","18495889","[PREMIUM]","[PREMIUM]","[PREMIUM]","M24","Mezzanine 24","2",2,"[]","2026-10-04 00:00:00","electronic","exchange",1,"[PREMIUM]","2"
"05VT8lppLAD","2026-08-25 23:59:29.724","2026-08-28 02:20:55.892","05VT8lppLAD","18495889","[PREMIUM]","[PREMIUM]","[PREMIUM]","115","Section 115","7",2,"[]","2026-10-02 00:00:00","electronic","exchange",1,"[PREMIUM]","1,2"
"05VT8lpNoM4","2026-08-25 23:59:29.724","2026-08-25 23:59:29.724","05VT8lpNoM4","18495889","[PREMIUM]","[PREMIUM]","[PREMIUM]","M21","Mezzanine 21","4",8,"['9','10','11','12','13','14','15','16']",,"electronic","exchange",1,"[PREMIUM]","1,2,3,4,5,6,8"
"05VT8lp8AJB","2026-08-25 23:59:29.724","2026-08-31 01:24:15.758","05VT8lp8AJB","18495889","[PREMIUM]","[PREMIUM]","[PREMIUM]","215","Section 215","2",7,"[]","2026-10-04 00:00:00","electronic","exchange",2,"[PREMIUM]","1,2,3,4,5,6,7"
"05VT8lpRzl3","2026-08-25 23:59:29.724","2026-09-07 13:44:40.996","05VT8lpRzl3","18495889","[PREMIUM]","[PREMIUM]","[PREMIUM]","125","Section 125","12",2,"[]","2026-10-04 00:00:00","electronic","exchange",0,"[PREMIUM]","2"
"05VT8lp8ArB","2026-08-25 23:59:29.724","2026-09-07 13:44:40.996","05VT8lp8ArB","18495889","[PREMIUM]","[PREMIUM]","[PREMIUM]","227","Section 227","12",2,"[]","2026-10-04 00:00:00","electronic","exchange",0,"[PREMIUM]","2"
"05VT8lp8An0","2026-08-25 23:59:29.724","2026-09-07 13:44:40.996","05VT8lp8An0","18495889","[PREMIUM]","[PREMIUM]","[PREMIUM]","M17","Mezzanine 17","1",4,"[]","2026-10-04 00:00:00","electronic","exchange",1,"[PREMIUM]","1,2,3,4"
"2v0czq0X6G4","2026-08-25 23:59:29.724","2026-08-25 23:59:29.724","2v0czq0X6G4","18495889","[PREMIUM]","[PREMIUM]","[PREMIUM]","101","Section 101","20",6,"[]","2026-10-04 00:00:00","electronic","exchange",1,"[PREMIUM]","2,3,4,6"
"2v0czq0Xra9","2026-08-25 23:59:29.724","2026-08-25 23:59:29.724","2v0czq0Xra9","18495889","[PREMIUM]","[PREMIUM]","[PREMIUM]","107","Section 107","8",2,"[]","2026-10-04 00:00:00","electronic","exchange",0,"[PREMIUM]","2"
"2v0czq0XxY6","2026-08-25 23:59:29.724","2026-08-25 23:59:29.724","2v0czq0XxY6","18495889","[PREMIUM]","[PREMIUM]","[PREMIUM]","103","Section 103","9",5,"[]","2026-10-04 00:00:00","electronic","exchange",1,"[PREMIUM]","2,3,5"
"2v0czqpMYBx","2026-08-25 23:59:29.724","2026-08-28 02:20:55.892","2v0czqpMYBx","18495889","[PREMIUM]","[PREMIUM]","[PREMIUM]","M32","Mezzanine 32","2",1,"[]","2026-10-02 00:00:00","electronic","exchange",1,"[PREMIUM]","1"
"2v0czqppAbN","2026-08-25 23:59:29.724","2026-08-28 02:20:55.892","2v0czqppAbN","18495889","[PREMIUM]","[PREMIUM]","[PREMIUM]","209","Section 209","4",2,"[]","2026-10-02 00:00:00","electronic","exchange",1,"[PREMIUM]","1,2"
"2v0czqppJ5M","2026-08-25 23:59:29.724","2026-08-28 02:20:55.892","2v0czqppJ5M","18495889","[PREMIUM]","[PREMIUM]","[PREMIUM]","225","Section 225","2",4,"[]","2026-10-02 00:00:00","electronic","exchange",1,"[PREMIUM]","1,2,3,4"
"2v0czqppJ9Y","2026-08-25 23:59:29.724","2026-08-28 02:20:55.892","2v0czqppJ9Y","18495889","[PREMIUM]","[PREMIUM]","[PREMIUM]","111","Section 111","14",2,"[]","2026-10-02 00:00:00","electronic","exchange",0,"[PREMIUM]","1,2"
"2v0czqpzBb2","2026-08-25 23:59:29.724","2026-08-28 11:23:06.460","2v0czqpzBb2","18495889","[PREMIUM]","[PREMIUM]","[PREMIUM]","213","Section 213","1",6,"[]","2026-10-04 00:00:00","electronic","exchange",0,"[PREMIUM]","1,2,3,4,5,6"
"2v0czqpzBPn","2026-08-25 23:59:29.724","2026-09-07 13:44:40.996","2v0czqpzBPn","18495889","[PREMIUM]","[PREMIUM]","[PREMIUM]","109","Section 109","19",2,"[]","2026-10-04 00:00:00","electronic","exchange",2,"[PREMIUM]","2"
"2v0czqpzBP2","2026-08-25 23:59:29.724","2026-09-07 13:44:40.996","2v0czqpzBP2","18495889","[PREMIUM]","[PREMIUM]","[PREMIUM]","116","Section 116","7",4,"[]","2026-10-04 00:00:00","electronic","exchange",0,"[PREMIUM]","1,2,3,4"
"2v0czqpzBJV","2026-08-25 23:59:29.724","2026-09-07 13:44:40.996","2v0czqpzBJV","18495889","[PREMIUM]","[PREMIUM]","[PREMIUM]","M18","Mezzanine 18","3",2,"[]","2026-10-04 00:00:00","electronic","exchange",1,"[PREMIUM]","2"
"2v0czqpzBBV","2026-08-25 23:59:29.724","2026-09-07 13:44:40.996","2v0czqpzBBV","18495889","[PREMIUM]","[PREMIUM]","[PREMIUM]","DRM11","Drink Rail Mezzanine 11","5",2,"[]","2026-10-04 00:00:00","electronic","exchange",1,"[PREMIUM]","2"
"2v0czqpzBA2","2026-08-25 23:59:29.724","2026-09-07 13:44:40.996","2v0czqpzBA2","18495889","[PREMIUM]","[PREMIUM]","[PREMIUM]","M2","Mezzanine 2","1",2,"[]","2026-10-04 00:00:00","electronic","exchange",1,"[PREMIUM]","2"
"2v0czqplVnB","2026-08-25 23:59:29.724","2026-09-07 13:44:40.996","2v0czqplVnB","18495889","[PREMIUM]","[PREMIUM]","[PREMIUM]","110","Section 110","7",4,"[]","2026-10-04 00:00:00","electronic","exchange",1,"[PREMIUM]","1,2,3,4"
"2v0czqplVDB","2026-08-25 23:59:29.724","2026-09-07 13:44:40.996","2v0czqplVDB","18495889","[PREMIUM]","[PREMIUM]","[PREMIUM]","111","Section 111","9",6,"[]","2026-10-04 00:00:00","electronic","exchange",1,"[PREMIUM]","1,2,3,4,5,6"
"2v0czqplV3g","2026-08-25 23:59:29.724","2026-09-07 13:44:40.996","2v0czqplV3g","18495889","[PREMIUM]","[PREMIUM]","[PREMIUM]","118","Section 118","1",2,"[]","2026-10-04 00:00:00","electronic","exchange",0,"[PREMIUM]","2"
"2v0czqpKwOm","2026-08-25 23:59:29.724","2026-09-07 13:44:40.996","2v0czqpKwOm","18495889","[PREMIUM]","[PREMIUM]","[PREMIUM]","229","Section 229","12",6,"[]","2026-10-04 00:00:00","electronic","exchange",1,"[PREMIUM]","1,2,3,4,5,6"
"3q7fNLEwo9p","2026-08-25 23:59:29.724","2026-08-25 23:59:29.724","3q7fNLEwo9p","18495889","[PREMIUM]","[PREMIUM]","[PREMIUM]","DRM21","Drink Rail Mezzanine 21","5",2,"[]","2026-10-04 00:00:00","electronic","exchange",4,"[PREMIUM]","2"
"3q7fNLEwRAM","2026-08-25 23:59:29.724","2026-08-25 23:59:29.724","3q7fNLEwRAM","18495889","[PREMIUM]","[PREMIUM]","[PREMIUM]","M28","Mezzanine 28","3",2,"[]","2026-10-04 00:00:00","electronic","exchange",0,"[PREMIUM]","2"
"3q7fNLEw375","2026-08-25 23:59:29.724","2026-08-25 23:59:29.724","3q7fNLEw375","18495889","[PREMIUM]","[PREMIUM]","[PREMIUM]","M33","Mezzanine 33","3",2,"[]","2026-10-04 00:00:00","electronic","exchange",3,"[PREMIUM]","2"
"3q7fNLpNGlk","2026-08-25 23:59:29.724","2026-08-28 11:23:06.460","3q7fNLpNGlk","18495889","[PREMIUM]","[PREMIUM]","[PREMIUM]","210","Section 210","1",4,"[]","2026-10-04 00:00:00","electronic","exchange",0,"[PREMIUM]","1,2,3,4"
"3q7fNLpj3Eq","2026-08-25 23:59:29.724","2026-08-25 23:59:29.724","3q7fNLpj3Eq","18495889","[PREMIUM]","[PREMIUM]","[PREMIUM]","230","Section 230","1",5,"['9','10','11','12','13']",,"electronic","exchange",1,"[PREMIUM]","1,2,3,5"
"3q7fNLpNG0d","2026-08-25 23:59:29.724","2026-08-27 01:22:37.017","3q7fNLpNG0d","18495889","[PREMIUM]","[PREMIUM]","[PREMIUM]","108","Section 108","16",4,"[]","2026-10-04 00:00:00","electronic","exchange",1,"[PREMIUM]","1,2,3,4"
"3q7fNLpNGRk","2026-08-25 23:59:29.724","2026-08-31 01:24:15.758","3q7fNLpNGRk","18495889","[PREMIUM]","[PREMIUM]","[PREMIUM]","M2","Mezzanine 2","3",4,"[]","2026-10-04 00:00:00","electronic","exchange",2,"[PREMIUM]","1,2,3,4"
"3q7fNLpj3Pq","2026-08-25 23:59:29.724","2026-08-25 23:59:29.724","3q7fNLpj3Pq","18495889","[PREMIUM]","[PREMIUM]","[PREMIUM]","210","Section 210","5",8,"['5','6','7','8','9','10','11','12']",,"electronic","exchange",0,"[PREMIUM]","1,2,3,4,5,6,8"
"3q7fNLpzvDP","2026-08-25 23:59:29.724","2026-08-27 01:22:37.017","3q7fNLpzvDP","18495889","[PREMIUM]","[PREMIUM]","[PREMIUM]","117","Section 117","13",2,"[]","2026-10-04 00:00:00","electronic","exchange",1,"[PREMIUM]","2"
"3q7fNLpp05g","2026-08-25 23:59:29.724","2026-08-28 02:20:55.892","3q7fNLpp05g","18495889","[PREMIUM]","[PREMIUM]","[PREMIUM]","209","Section 209","12",4,"[]","2026-10-02 00:00:00","electronic","exchange",1,"[PREMIUM]","1,2,3,4"
"3q7fNLpvAaz","2026-08-25 23:59:29.724","2026-08-27 01:22:37.017","3q7fNLpvAaz","18495889","[PREMIUM]","[PREMIUM]","[PREMIUM]","123","Section 123","9",2,"[]","2026-10-04 00:00:00","electronic","exchange",3,"[PREMIUM]","2"
"3q7fNLpvAd9","2026-08-25 23:59:29.724","2026-08-27 01:22:37.017","3q7fNLpvAd9","18495889","[PREMIUM]","[PREMIUM]","[PREMIUM]","124","Section 124","10",4,"[]","2026-10-04 00:00:00","electronic","exchange",0,"[PREMIUM]","1,2,3,4"
"3q7fNLpvAjO","2026-08-25 23:59:29.724","2026-08-27 01:22:37.017","3q7fNLpvAjO","18495889","[PREMIUM]","[PREMIUM]","[PREMIUM]","117","Section 117","11",4,"[]","2026-10-04 00:00:00","electronic","exchange",0,"[PREMIUM]","1,2,3,4"
"3q7fNLpVXg5","2026-08-25 23:59:29.724","2026-09-03 00:54:09.435","3q7fNLpVXg5","18495889","[PREMIUM]","[PREMIUM]","[PREMIUM]","M5","Mezzanine 5","c",3,"[]","2026-10-04 00:00:00","electronic","exchange",2,"[PREMIUM]","3"
"3q7fNLpvA7g","2026-08-25 23:59:29.724","2026-09-07 13:44:40.996","3q7fNLpvA7g","18495889","[PREMIUM]","[PREMIUM]","[PREMIUM]","112","Section 112","11",4,"[]","2026-10-04 00:00:00","electronic","exchange",0,"[PREMIUM]","1,2,3,4"
"3q7fNLpNGGw","2026-08-25 23:59:29.724","2026-09-07 13:44:40.996","3q7fNLpNGGw","18495889","[PREMIUM]","[PREMIUM]","[PREMIUM]","DRM29","Drink Rail Mezzanine 29","5",2,"[]","2026-10-04 00:00:00","electronic","exchange",1,"[PREMIUM]","2"
"3q7fNLpNG0k","2026-08-25 23:59:29.724","2026-09-07 13:44:40.996","3q7fNLpNG0k","18495889","[PREMIUM]","[PREMIUM]","[PREMIUM]","122","Section 122","17",8,"[]","2026-10-04 00:00:00","electronic","exchange",2,"[PREMIUM]","1,2,3,4,5,6,7,8"
"4vXcjRlm0Lp","2026-08-25 23:59:29.724","2026-08-25 23:59:29.724","4vXcjRlm0Lp","18495889","[PREMIUM]","[PREMIUM]","[PREMIUM]","121","Section 121","10",2,"[]","2026-10-04 00:00:00","electronic","exchange",4,"[PREMIUM]","2"
"4vXcjRlm0lg","2026-08-25 23:59:29.724","2026-08-25 23:59:29.724","4vXcjRlm0lg","18495889","[PREMIUM]","[PREMIUM]","[PREMIUM]","107","Section 107","12",2,"[]","2026-10-04 00:00:00","electronic","exchange",0,"[PREMIUM]","2"
"4vXcjRlmvar","2026-08-25 23:59:29.724","2026-08-25 23:59:29.724","4vXcjRlmvar","18495889","[PREMIUM]","[PREMIUM]","[PREMIUM]","A125","Section ADA 125","25",3,"[]","2026-10-04 00:00:00","electronic","exchange",0,"[PREMIUM]","3"
"4vXcjRlmvmr","2026-08-25 23:59:29.724","2026-08-25 23:59:29.724","4vXcjRlmvmr","18495889","[PREMIUM]","[PREMIUM]","[PREMIUM]","M1","Mezzanine 1","3",2,"[]","2026-10-04 00:00:00","electronic","exchange",3,"[PREMIUM]","2"
"4vXcjRpAGY0","2026-08-25 23:59:29.724","2026-08-25 23:59:29.724","4vXcjRpAGY0","18495889","[PREMIUM]","[PREMIUM]","[PREMIUM]","125","Section 125","7",2,"[]","2026-10-04 00:00:00","electronic","exchange",1,"[PREMIUM]","2"
"4vXcjRpjaDM","2026-08-25 23:59:29.724","2026-08-28 11:23:06.460","4vXcjRpjaDM","18495889","[PREMIUM]","[PREMIUM]","[PREMIUM]","DRM21","Drink Rail Mezzanine 21","5",7,"[]","2026-10-04 00:00:00","electronic","exchange",2,"[PREMIUM]","1,2,3,4,5,6,7"
"4vXcjRpqZ6R","2026-08-25 23:59:29.724","2026-09-07 13:44:40.996","4vXcjRpqZ6R","18495889","[PREMIUM]","[PREMIUM]","[PREMIUM]","110","Section 110","19",2,"[]","2026-10-03 00:00:00","electronic","exchange",1,"[PREMIUM]","2"
"4vXcjRpjavB","2026-08-25 23:59:29.724","2026-09-07 13:44:40.996","4vXcjRpjavB","18495889","[PREMIUM]","[PREMIUM]","[PREMIUM]","M24","Mezzanine 24","2",4,"[]","2026-10-04 00:00:00","electronic","exchange",1,"[PREMIUM]","1,2,3,4"
"4vXcjRpjakM","2026-08-25 23:59:29.724","2026-09-07 13:44:40.996","4vXcjRpjakM","18495889","[PREMIUM]","[PREMIUM]","[PREMIUM]","224","Section 224","12",2,"[]","2026-10-04 00:00:00","electronic","exchange",1,"[PREMIUM]","2"
"4vXcjRpjaDB","2026-08-25 23:59:29.724","2026-09-07 13:44:40.996","4vXcjRpjaDB","18495889","[PREMIUM]","[PREMIUM]","[PREMIUM]","M20","Mezzanine 20","2",4,"[]","2026-10-04 00:00:00","electronic","exchange",1,"[PREMIUM]","1,2,3,4"
"4vXcjRpja7M","2026-08-25 23:59:29.724","2026-09-07 13:44:40.996","4vXcjRpja7M","18495889","[PREMIUM]","[PREMIUM]","[PREMIUM]","121","Section 121","18",6,"[]","2026-10-04 00:00:00","electronic","exchange",2,"[PREMIUM]","1,2,3,4,5,6"
"4vXcjRpGNoG","2026-08-25 23:59:29.724","2026-09-07 13:44:40.996","4vXcjRpGNoG","18495889","[PREMIUM]","[PREMIUM]","[PREMIUM]","109","Section 109","12",4,"[]","2026-10-04 00:00:00","electronic","exchange",2,"[PREMIUM]","1,2,3,4"
"4vXcjRpGNYG","2026-08-25 23:59:29.724","2026-09-07 13:44:40.996","4vXcjRpGNYG","18495889","[PREMIUM]","[PREMIUM]","[PREMIUM]","107","Section 107","7",4,"[]","2026-10-04 00:00:00","electronic","exchange",0,"[PREMIUM]","1,2,3,4"
"4vXcjRpGN9d","2026-08-25 23:59:29.724","2026-09-07 13:44:40.996","4vXcjRpGN9d","18495889","[PREMIUM]","[PREMIUM]","[PREMIUM]","118","Section 118","4",4,"[]","2026-10-04 00:00:00","electronic","exchange",1,"[PREMIUM]","1,2,3,4"
"5EjuZw4ALrP","2026-08-25 23:59:29.724","2026-08-25 23:59:29.724","5EjuZw4ALrP","18495889","[PREMIUM]","[PREMIUM]","[PREMIUM]","DRM4","Drink Rail Mezzanine 4","5",2,"[]","2026-10-04 00:00:00","electronic","exchange",4,"[PREMIUM]","2"
"5EjuZw4AGZj","2026-08-25 23:59:29.724","2026-08-25 23:59:29.724","5EjuZw4AGZj","18495889","[PREMIUM]","[PREMIUM]","[PREMIUM]","M25","Mezzanine 25","4",2,"[]","2026-10-04 00:00:00","electronic","exchange",2,"[PREMIUM]","2"
"5EjuZw4Ad6l","2026-08-25 23:59:29.724","2026-08-25 23:59:29.724","5EjuZw4Ad6l","18495889","[PREMIUM]","[PREMIUM]","[PREMIUM]","104","Section 104","5",2,"[]","2026-10-04 00:00:00","electronic","exchange",5,"[PREMIUM]","2"
"5EjuZw4AdzN","2026-08-25 23:59:29.724","2026-08-25 23:59:29.724","5EjuZw4AdzN","18495889","[PREMIUM]","[PREMIUM]","[PREMIUM]","114","Section 114","15",4,"[]","2026-10-04 00:00:00","electronic","exchange",1,"[PREMIUM]","2,4"
"5EjuZwp5qw2","2026-08-25 23:59:29.724","2026-09-04 02:08:27.445","5EjuZwp5qw2","18495889","[PREMIUM]","[PREMIUM]","[PREMIUM]","124","Section 124","16",2,"[]","2026-10-04 00:00:00","electronic","exchange",0,"[PREMIUM]","2"
"5EjuZwpqDwB","2026-08-25 23:59:29.724","2026-08-27 01:22:37.017","5EjuZwpqDwB","18495889","[PREMIUM]","[PREMIUM]","[PREMIUM]","125","Section 125","15",6,"[]","2026-10-04 00:00:00","electronic","exchange",0,"[PREMIUM]","1,2,3,4,5,6"
"5EjuZwpqD5k","2026-08-25 23:59:29.724","2026-08-25 23:59:29.724","5EjuZwpqD5k","18495889","[PREMIUM]","[PREMIUM]","[PREMIUM]","115","Section 115","2",2,"[]","2026-10-04 00:00:00","electronic","exchange",1,"[PREMIUM]","2"
"5EjuZwppYPb","2026-08-25 23:59:29.724","2026-08-28 02:20:55.892","5EjuZwppYPb","18495889","[PREMIUM]","[PREMIUM]","[PREMIUM]","225","Section 225","12",2,"[]","2026-10-02 00:00:00","electronic","exchange",1,"[PREMIUM]","1,2"
"5EjuZwpZBGD","2026-08-25 23:59:29.724","2026-08-28 11:23:06.460","5EjuZwpZBGD","18495889","[PREMIUM]","[PREMIUM]","[PREMIUM]","211","Section 211","2",4,"[]","2026-10-04 00:00:00","electronic","exchange",0,"[PREMIUM]","1,2,3,4"
"5EjuZwpqDz5","2026-08-25 23:59:29.724","2026-09-07 13:44:40.996","5EjuZwpqDz5","18495889","[PREMIUM]","[PREMIUM]","[PREMIUM]","120","Section 120","22",2,"[]","2026-10-04 00:00:00","electronic","exchange",0,"[PREMIUM]","2"
"5EjuZwpZBYD","2026-08-25 23:59:29.724","2026-09-07 13:44:40.996","5EjuZwpZBYD","18495889","[PREMIUM]","[PREMIUM]","[PREMIUM]","103","Section 103","8",8,"[]","2026-10-04 00:00:00","electronic","exchange",1,"[PREMIUM]","1,2,3,4,5,6,7,8"
"5EjuZwpZBOj","2026-08-25 23:59:29.724","2026-09-07 13:44:40.996","5EjuZwpZBOj","18495889","[PREMIUM]","[PREMIUM]","[PREMIUM]","DRM25","Drink Rail Mezzanine 25","5",2,"[]","2026-10-04 00:00:00","electronic","exchange",2,"[PREMIUM]","2"
"5EjuZwpZBBj","2026-08-25 23:59:29.724","2026-09-07 13:44:40.996","5EjuZwpZBBj","18495889","[PREMIUM]","[PREMIUM]","[PREMIUM]","M28","Mezzanine 28","1",2,"[]","2026-10-04 00:00:00","electronic","exchange",0,"[PREMIUM]","2"
"6mOhkodkEpm","2026-08-25 23:59:29.724","2026-08-25 23:59:29.724","6mOhkodkEpm","18495889","[PREMIUM]","[PREMIUM]","[PREMIUM]","AM22","ADA Mezzanine 22","2",2,"[]","2026-10-04 00:00:00","electronic","exchange",0,"[PREMIUM]","2"
"6mOhkodkEaq","2026-08-25 23:59:29.724","2026-08-31 01:24:15.758","6mOhkodkEaq","18495889","[PREMIUM]","[PREMIUM]","[PREMIUM]","M4","Mezzanine 4","3",2,"[]","2026-10-04 00:00:00","electronic","exchange",2,"[PREMIUM]","2"
"6mOhkodkEEq","2026-08-25 23:59:29.724","2026-09-02 01:06:50.283","6mOhkodkEEq","18495889","[PREMIUM]","[PREMIUM]","[PREMIUM]","M31","Mezzanine 31","1",2,"[]","2026-10-04 00:00:00","electronic","exchange",0,"[PREMIUM]","2"
"6mOhkoddZ2o","2026-08-25 23:59:29.724","2026-08-28 02:20:55.892","6mOhkoddZ2o","18495889","[PREMIUM]","[PREMIUM]","[PREMIUM]","122","Section 122","23",2,"[]","2026-10-02 00:00:00","electronic","exchange",2,"[PREMIUM]","1,2"
"6mOhkod8632","2026-08-25 23:59:29.724","2026-08-25 23:59:29.724","6mOhkod8632","18495889","[PREMIUM]","[PREMIUM]","[PREMIUM]","118","Section 118","19",8,"['5','6','7','8','9','10','11','12']",,"electronic","exchange",0,"[PREMIUM]","1,2,3,4,5,6,8"
"6mOhkod7moE","2026-08-25 23:59:29.724","2026-09-02 01:06:50.283","6mOhkod7moE","18495889","[PREMIUM]","[PREMIUM]","[PREMIUM]","229","Section 229","12",6,"[]","2026-10-04 00:00:00","electronic","exchange",1,"[PREMIUM]","1,2,3,4,5,6"
"6mOhkodn9xK","2026-08-25 23:59:29.724","2026-09-02 01:06:50.283","6mOhkodn9xK","18495889","[PREMIUM]","[PREMIUM]","[PREMIUM]","M5","Mezzanine 5","b",4,"[]","2026-10-04 00:00:00","electronic","exchange",1,"[PREMIUM]","1,2,3,4"
"6mOhkodljo6","2026-08-25 23:59:29.724","2026-09-02 01:06:50.283","6mOhkodljo6","18495889","[PREMIUM]","[PREMIUM]","[PREMIUM]","209","Section 209","12",6,"[]","2026-10-04 00:00:00","electronic","exchange",1,"[PREMIUM]","1,2,3,4,5,6"
"6mOhkodlLpP","2026-08-25 23:59:29.724","2026-08-28 02:20:55.892","6mOhkodlLpP","18495889","[PREMIUM]","[PREMIUM]","[PREMIUM]","108","Section 108","21",2,"[]","2026-10-02 00:00:00","electronic","exchange",1,"[PREMIUM]","1,2"
"6mOhkornbe4","2026-08-25 23:59:29.724","2026-08-25 23:59:29.724","6mOhkornbe4","18495889","[PREMIUM]","[PREMIUM]","[PREMIUM]","112","Section 112","5",2,"[]","2026-10-04 00:00:00","electronic","exchange",2,"[PREMIUM]","2"
"6mOhkorRMM4","2026-08-25 23:59:29.724","2026-08-25 23:59:29.724","6mOhkorRMM4","18495889","[PREMIUM]","[PREMIUM]","[PREMIUM]","109","Section 109","23",6,"[]","2026-10-04 00:00:00","electronic","exchange",4,"[PREMIUM]","2,3,4,6"
"7KntAg0d65d","2026-08-25 23:59:29.724","2026-08-30 00:08:20.740","7KntAg0d65d","18495889","[PREMIUM]","[PREMIUM]","[PREMIUM]","108","Section 108","21",4,"[]","2026-10-03 00:00:00","electronic","exchange",1,"[PREMIUM]","2,4"
"7KntAg0z2EN","2026-08-25 23:59:29.724","2026-08-25 23:59:29.724","7KntAg0z2EN","18495889","[PREMIUM]","[PREMIUM]","[PREMIUM]","124","Section 124","10",2,"[]","2026-10-04 00:00:00","electronic","exchange",1,"[PREMIUM]","2"
"7KntAg0z5b6","2026-08-25 23:59:29.724","2026-08-25 23:59:29.724","7KntAg0z5b6","18495889","[PREMIUM]","[PREMIUM]","[PREMIUM]","112","Section 112","6",2,"[]","2026-10-04 00:00:00","electronic","exchange",0,"[PREMIUM]","2"
"7KntAg0o5GE","2026-08-25 23:59:29.724","2026-09-06 11:29:38.890","7KntAg0o5GE","18495889","[PREMIUM]","[PREMIUM]","[PREMIUM]","103","Section 103","6",2,"[]","2026-10-03 00:00:00","electronic","exchange",5,"[PREMIUM]","2"
"6mOhkodkEqm","2026-08-25 23:59:29.724","2026-09-07 13:44:40.996","6mOhkodkEqm","18495889","[PREMIUM]","[PREMIUM]","[PREMIUM]","M3","Mezzanine 3","1",4,"[]","2026-10-04 00:00:00","electronic","exchange",1,"[PREMIUM]","1,2,3,4"
"6mOhkodkEZo","2026-08-25 23:59:29.724","2026-09-07 13:44:40.996","6mOhkodkEZo","18495889","[PREMIUM]","[PREMIUM]","[PREMIUM]","FLR103","Floor 103","2",4,"[]","2026-10-04 00:00:00","electronic","exchange",0,"[PREMIUM]","1,2,3,4"
"6mOhkodkEZm","2026-08-25 23:59:29.724","2026-09-07 13:44:40.996","6mOhkodkEZm","18495889","[PREMIUM]","[PREMIUM]","[PREMIUM]","121","Section 121","17",8,"[]","2026-10-04 00:00:00","electronic","exchange",2,"[PREMIUM]","1,2,3,4,5,6,7,8"
"6mOhkodKGzZ","2026-08-25 23:59:29.724","2026-09-07 13:44:40.996","6mOhkodKGzZ","18495889","[PREMIUM]","[PREMIUM]","[PREMIUM]","124","Section 124","23",2,"[]","2026-10-04 00:00:00","electronic","exchange",0,"[PREMIUM]","2"
"6mOhkodKGnZ","2026-08-25 23:59:29.724","2026-09-07 13:44:40.996","6mOhkodKGnZ","18495889","[PREMIUM]","[PREMIUM]","[PREMIUM]","109","Section 109","11",6,"[]","2026-10-04 00:00:00","electronic","exchange",2,"[PREMIUM]","1,2,3,4,5,6"
"6mOhkodKGOb","2026-08-25 23:59:29.724","2026-09-07 13:44:40.996","6mOhkodKGOb","18495889","[PREMIUM]","[PREMIUM]","[PREMIUM]","117","Section 117","7",6,"[]","2026-10-04 00:00:00","electronic","exchange",1,"[PREMIUM]","1,2,3,4,5,6"
"6mOhkodKGO3","2026-08-25 23:59:29.724","2026-09-07 13:44:40.996","6mOhkodKGO3","18495889","[PREMIUM]","[PREMIUM]","[PREMIUM]","106","Section 106","13",7,"[]","2026-10-04 00:00:00","electronic","exchange",0,"[PREMIUM]","1,2,3,4,5,6,7"
"6mOhkodKGJZ","2026-08-25 23:59:29.724","2026-09-07 13:44:40.996","6mOhkodKGJZ","18495889","[PREMIUM]","[PREMIUM]","[PREMIUM]","107","Section 107","9",4,"[]","2026-10-04 00:00:00","electronic","exchange",1,"[PREMIUM]","1,2,3,4"
"6mOhkodKGA3","2026-08-25 23:59:29.724","2026-09-07 13:44:40.996","6mOhkodKGA3","18495889","[PREMIUM]","[PREMIUM]","[PREMIUM]","126A","Section 126 A","5",2,"[]","2026-10-04 00:00:00","electronic","exchange",1,"[PREMIUM]","2"
"7KntAgpAL5b","2026-08-25 23:59:29.724","2026-08-28 11:23:06.460","7KntAgpAL5b","18495889","[PREMIUM]","[PREMIUM]","[PREMIUM]","DRM5","Drink Rail Mezzanine 5","5",2,"[]","2026-10-04 00:00:00","electronic","exchange",2,"[PREMIUM]","2"
"7KntAgp4jrZ","2026-08-25 23:59:29.724","2026-08-30 00:08:20.740","7KntAgp4jrZ","18495889","[PREMIUM]","[PREMIUM]","[PREMIUM]","209","Section 209","12",7,"[]","2026-10-03 00:00:00","electronic","exchange",1,"[PREMIUM]","1,2,3,5,7"
"7KntAgpeBaE","2026-08-25 23:59:29.724","2026-09-07 13:44:40.996","7KntAgpeBaE","18495889","[PREMIUM]","[PREMIUM]","[PREMIUM]","122","Section 122","11",6,"[]","2026-10-04 00:00:00","electronic","exchange",1,"[PREMIUM]","1,2,3,4,5,6"
"7KntAgpeBE2","2026-08-25 23:59:29.724","2026-09-07 13:44:40.996","7KntAgpeBE2","18495889","[PREMIUM]","[PREMIUM]","[PREMIUM]","LC5","Legends Club 5","3",2,"[]","2026-10-04 00:00:00","electronic","exchange",1,"[PREMIUM]","2"
"7KntAgpALrJ","2026-08-25 23:59:29.724","2026-09-07 13:44:40.996","7KntAgpALrJ","18495889","[PREMIUM]","[PREMIUM]","[PREMIUM]","213","Section 213","12",6,"[]","2026-10-04 00:00:00","electronic","exchange",1,"[PREMIUM]","1,2,3,4,5,6"
"7KntAgpALDJ","2026-08-25 23:59:29.724","2026-09-07 13:44:40.996","7KntAgpALDJ","18495889","[PREMIUM]","[PREMIUM]","[PREMIUM]","103","Section 103","10",2,"[]","2026-10-04 00:00:00","electronic","exchange",1,"[PREMIUM]","2"
"8lKt6ap5loA","2026-08-25 23:59:29.724","2026-08-25 23:59:29.724","8lKt6ap5loA","18495889","[PREMIUM]","[PREMIUM]","[PREMIUM]","101","Section 101","18",4,"[]","2026-10-04 00:00:00","electronic","exchange",1,"[PREMIUM]","1,2,3,4"
"8lKt6aoGj56","2026-08-25 23:59:29.724","2026-08-25 23:59:29.724","8lKt6aoGj56","18495889","[PREMIUM]","[PREMIUM]","[PREMIUM]","121","Section 121","18",6,"[]","2026-10-04 00:00:00","electronic","exchange",3,"[PREMIUM]","2,3,4,6"
"8lKt6aoGdMw","2026-08-25 23:59:29.724","2026-08-25 23:59:29.724","8lKt6aoGdMw","18495889","[PREMIUM]","[PREMIUM]","[PREMIUM]","102","Section 102","4",2,"[]","2026-10-04 00:00:00","electronic","exchange",1,"[PREMIUM]","2"
"8lKt6ap3qex","2026-08-25 23:59:29.724","2026-09-01 00:04:51.565","8lKt6ap3qex","18495889","[PREMIUM]","[PREMIUM]","[PREMIUM]","104","Section 104","24",2,"[]","2026-10-04 00:00:00","electronic","exchange",1,"[PREMIUM]","2"
"8lKt6apM2G3","2026-08-25 23:59:29.724","2026-09-02 01:06:50.283","8lKt6apM2G3","18495889","[PREMIUM]","[PREMIUM]","[PREMIUM]","A115","Section ADA 115","26",4,"[]","2026-10-04 00:00:00","electronic","exchange",1,"[PREMIUM]","1,2,3,4"
"8lKt6aplnGn","2026-08-25 23:59:29.724","2026-08-28 02:20:55.892","8lKt6aplnGn","18495889","[PREMIUM]","[PREMIUM]","[PREMIUM]","125","Section 125","23",4,"[]","2026-10-02 00:00:00","electronic","exchange",0,"[PREMIUM]","1,2,3,4"
"8lKt6apaJ9P","2026-08-25 23:59:29.724","2026-08-25 23:59:29.724","8lKt6apaJ9P","18495889","[PREMIUM]","[PREMIUM]","[PREMIUM]","113","Section 113","20",8,"['1','2','3','4','5','6','7','8']",,"electronic","exchange",0,"[PREMIUM]","1,2,3,4,5,6,8"
"8lKt6ap6KzJ","2026-08-25 23:59:29.724","2026-09-07 13:44:40.996","8lKt6ap6KzJ","18495889","[PREMIUM]","[PREMIUM]","[PREMIUM]","FLR102","Floor 102","4",8,"[]","2026-10-04 00:00:00","electronic","exchange",1,"[PREMIUM]","1,2,3,4,5,6,7,8"
"8lKt6ap6KrB","2026-08-25 23:59:29.724","2026-09-07 13:44:40.996","8lKt6ap6KrB","18495889","[PREMIUM]","[PREMIUM]","[PREMIUM]","M32","Mezzanine 32","2",5,"[]","2026-10-04 00:00:00","electronic","exchange",1,"[PREMIUM]","1,2,3,4,5"
"8lKt6ap3qbq","2026-08-25 23:59:29.724","2026-09-07 13:44:40.996","8lKt6ap3qbq","18495889","[PREMIUM]","[PREMIUM]","[PREMIUM]","126","Section 126","24",2,"[]","2026-10-04 00:00:00","electronic","exchange",1,"[PREMIUM]","2"
"8lKt6ap3qaD","2026-08-25 23:59:29.724","2026-09-07 13:44:40.996","8lKt6ap3qaD","18495889","[PREMIUM]","[PREMIUM]","[PREMIUM]","101","Section 101","4",2,"[]","2026-10-04 00:00:00","electronic","exchange",1,"[PREMIUM]","2"
"8lKt6ap3qYD","2026-08-25 23:59:29.724","2026-09-07 13:44:40.996","8lKt6ap3qYD","18495889","[PREMIUM]","[PREMIUM]","[PREMIUM]","112","Section 112","6",2,"[]","2026-10-04 00:00:00","electronic","exchange",0,"[PREMIUM]","2"
"8lKt6ap3q5m","2026-08-25 23:59:29.724","2026-09-07 13:44:40.996","8lKt6ap3q5m","18495889","[PREMIUM]","[PREMIUM]","[PREMIUM]","125","Section 125","5",2,"[]","2026-10-04 00:00:00","electronic","exchange",1,"[PREMIUM]","2"
"9P2c5MEvNX8","2026-08-25 23:59:29.724","2026-08-25 23:59:29.724","9P2c5MEvNX8","18495889","[PREMIUM]","[PREMIUM]","[PREMIUM]","212","Section 212","2",6,"[]","2026-10-04 00:00:00","electronic","exchange",1,"[PREMIUM]","2,3,4,6"
"9P2c5MEvnmn","2026-08-25 23:59:29.724","2026-08-25 23:59:29.724","9P2c5MEvnmn","18495889","[PREMIUM]","[PREMIUM]","[PREMIUM]","M31","Mezzanine 31","1",2,"[]","2026-10-04 00:00:00","electronic","exchange",1,"[PREMIUM]","2"
"9P2c5MEvzbV","2026-08-25 23:59:29.724","2026-08-25 23:59:29.724","9P2c5MEvzbV","18495889","[PREMIUM]","[PREMIUM]","[PREMIUM]","224","Section 224","1",6,"[]","2026-10-04 00:00:00","electronic","exchange",1,"[PREMIUM]","2,3,4,6"
"9P2c5MpgxDd","2026-08-25 23:59:29.724","2026-08-25 23:59:29.724","9P2c5MpgxDd","18495889","[PREMIUM]","[PREMIUM]","[PREMIUM]","106","Section 106","4",4,"[]","2026-10-04 00:00:00","electronic","exchange",1,"[PREMIUM]","1,2,3,4"
"9P2c5MpZald","2026-08-25 23:59:29.724","2026-08-25 23:59:29.724","9P2c5MpZald","18495889","[PREMIUM]","[PREMIUM]","[PREMIUM]","106","Section 106","18",5,"['9','10','11','12','13']",,"electronic","exchange",4,"[PREMIUM]","1,2,3,5"
"9P2c5Mp5br3","2026-08-25 23:59:29.724","2026-08-25 23:59:29.724","9P2c5Mp5br3","18495889","[PREMIUM]","[PREMIUM]","[PREMIUM]","122","Section 122","18",2,"[]","2026-10-04 00:00:00","electronic","exchange",2,"[PREMIUM]","2"
"9P2c5MpxAle","2026-08-25 23:59:29.724","2026-08-30 00:08:20.740","9P2c5MpxAle","18495889","[PREMIUM]","[PREMIUM]","[PREMIUM]","124","Section 124","6",2,"[]","2026-10-04 00:00:00","electronic","exchange",0,"[PREMIUM]","2"
"9P2c5MpxAZ2","2026-08-25 23:59:29.724","2026-08-28 11:23:06.460","9P2c5MpxAZ2","18495889","[PREMIUM]","[PREMIUM]","[PREMIUM]","103","Section 103","4",2,"[]","2026-10-04 00:00:00","electronic","exchange",1,"[PREMIUM]","2"
"9P2c5MpZj4w","2026-08-25 23:59:29.724","2026-09-03 00:54:09.435","9P2c5MpZj4w","18495889","[PREMIUM]","[PREMIUM]","[PREMIUM]","124","Section 124","22",8,"[]","2026-10-03 00:00:00","electronic","exchange",0,"[PREMIUM]","1,2,3,4,6,8"
"9P2c5MpxAqB","2026-08-25 23:59:29.724","2026-09-07 13:44:40.996","9P2c5MpxAqB","18495889","[PREMIUM]","[PREMIUM]","[PREMIUM]","113A","Section 113 A","5",2,"[]","2026-10-04 00:00:00","electronic","exchange",1,"[PREMIUM]","2"
"9P2c5MpxAjd","2026-08-25 23:59:29.724","2026-09-07 13:44:40.996","9P2c5MpxAjd","18495889","[PREMIUM]","[PREMIUM]","[PREMIUM]","121","Section 121","10",4,"[]","2026-10-04 00:00:00","electronic","exchange",2,"[PREMIUM]","1,2,3,4"
"9P2c5MpxA22","2026-08-25 23:59:29.724","2026-09-07 13:44:40.996","9P2c5MpxA22","18495889","[PREMIUM]","[PREMIUM]","[PREMIUM]","A106","Section ADA 106","25",2,"[]","2026-10-04 00:00:00","electronic","exchange",0,"[PREMIUM]","2"
"9P2c5MpYXA0","2026-08-25 23:59:29.724","2026-09-07 13:44:40.996","9P2c5MpYXA0","18495889","[PREMIUM]","[PREMIUM]","[PREMIUM]","110","Section 110","19",2,"['3','4']","2026-10-02 00:00:00","electronic","exchange",2,"[PREMIUM]","2"
"9P2c5Mp5be3","2026-08-25 23:59:29.724","2026-09-07 13:44:40.996","9P2c5Mp5be3","18495889","[PREMIUM]","[PREMIUM]","[PREMIUM]","224","Section 224","2",4,"[]","2026-10-04 00:00:00","electronic","exchange",0,"[PREMIUM]","1,2,3,4"
"9P2c5Mp5bbN","2026-08-25 23:59:29.724","2026-09-07 13:44:40.996","9P2c5Mp5bbN","18495889","[PREMIUM]","[PREMIUM]","[PREMIUM]","M25","Mezzanine 25","4",4,"[]","2026-10-04 00:00:00","electronic","exchange",1,"[PREMIUM]","1,2,3,4"
"9P2c5Mp5bNN","2026-08-25 23:59:29.724","2026-09-07 13:44:40.996","9P2c5Mp5bNN","18495889","[PREMIUM]","[PREMIUM]","[PREMIUM]","M1","Mezzanine 1","3",5,"[]","2026-10-04 00:00:00","electronic","exchange",2,"[PREMIUM]","1,2,3,4,5"
"A6rs2K82a6Z","2026-08-25 23:59:29.724","2026-08-31 01:24:15.758","A6rs2K82a6Z","18495889","[PREMIUM]","[PREMIUM]","[PREMIUM]","215","Section 215","1",6,"[]","2026-10-04 00:00:00","electronic","exchange",2,"[PREMIUM]","1,2,3,4,5,6"
"A6rs2K8rOkw","2026-08-25 23:59:29.724","2026-09-02 01:06:50.283","A6rs2K8rOkw","18495889","[PREMIUM]","[PREMIUM]","[PREMIUM]","M5","Mezzanine 5","4",2,"[]","2026-10-04 00:00:00","electronic","exchange",1,"[PREMIUM]","2"
"A6rs2K8qPA9","2026-08-25 23:59:29.724","2026-08-28 02:20:55.892","A6rs2K8qPA9","18495889","[PREMIUM]","[PREMIUM]","[PREMIUM]","117","Section 117","7",2,"[]","2026-10-02 00:00:00","electronic","exchange",2,"[PREMIUM]","1,2"
"A6rs2KdOvZg","2026-08-25 23:59:29.724","2026-08-25 23:59:29.724","A6rs2KdOvZg","18495889","[PREMIUM]","[PREMIUM]","[PREMIUM]","120","Section 120","18",2,"[]","2026-10-04 00:00:00","electronic","exchange",0,"[PREMIUM]","2"
"BALImM0pLpP","2026-08-25 23:59:29.724","2026-08-25 23:59:29.724","BALImM0pLpP","18495889","[PREMIUM]","[PREMIUM]","[PREMIUM]","229","Section 229","4",6,"[]","2026-10-04 00:00:00","electronic","exchange",2,"[PREMIUM]","2,3,4,6"
"BALImM0pLg2","2026-08-25 23:59:29.724","2026-08-25 23:59:29.724","BALImM0pLg2","18495889","[PREMIUM]","[PREMIUM]","[PREMIUM]","M18","Mezzanine 18","4",2,"[]","2026-10-04 00:00:00","electronic","exchange",2,"[PREMIUM]","2"
"BALImM0pqDD","2026-08-25 23:59:29.724","2026-08-25 23:59:29.724","BALImM0pqDD","18495889","[PREMIUM]","[PREMIUM]","[PREMIUM]","A121","Section ADA 121","24",2,"[]","2026-10-04 00:00:00","electronic","exchange",3,"[PREMIUM]","2"
"A6rs2K8nzZJ","2026-08-25 23:59:29.724","2026-09-07 13:44:40.996","A6rs2K8nzZJ","18495889","[PREMIUM]","[PREMIUM]","[PREMIUM]","102","Section 102","15",7,"[]","2026-10-04 00:00:00","electronic","exchange",0,"[PREMIUM]","1,2,3,4,5,6,7"
"A6rs2K8nz08","2026-08-25 23:59:29.724","2026-09-07 13:44:40.996","A6rs2K8nz08","18495889","[PREMIUM]","[PREMIUM]","[PREMIUM]","106","Section 106","3",4,"[]","2026-10-04 00:00:00","electronic","exchange",1,"[PREMIUM]","1,2,3,4"
"A6rs2K8Xew3","2026-08-25 23:59:29.724","2026-09-07 13:44:40.996","A6rs2K8Xew3","18495889","[PREMIUM]","[PREMIUM]","[PREMIUM]","209","Section 209","12",2,"[]","2026-10-04 00:00:00","electronic","exchange",1,"[PREMIUM]","2"
"A6rs2K82aBb","2026-08-25 23:59:29.724","2026-09-07 13:44:40.996","A6rs2K82aBb","18495889","[PREMIUM]","[PREMIUM]","[PREMIUM]","FLR102","Floor 102","5",4,"[]","2026-10-04 00:00:00","electronic","exchange",1,"[PREMIUM]","1,2,3,4"
"BALImMZmYrx","2026-08-25 23:59:29.724","2026-08-27 01:22:37.017","BALImMZmYrx","18495889","[PREMIUM]","[PREMIUM]","[PREMIUM]","M23","Mezzanine 23","4",4,"[]","2026-10-04 00:00:00","electronic","exchange",2,"[PREMIUM]","1,2,3,4"
"BALImMZbzOo","2026-08-25 23:59:29.724","2026-09-02 01:06:50.283","BALImMZbzOo","18495889","[PREMIUM]","[PREMIUM]","[PREMIUM]","209","Section 209","12",9,"[]","2026-10-04 00:00:00","electronic","exchange",1,"[PREMIUM]","1,2,3,4,5,6,7,8,9"
"BALImMZblYr","2026-08-25 23:59:29.724","2026-08-27 01:22:37.017","BALImMZblYr","18495889","[PREMIUM]","[PREMIUM]","[PREMIUM]","110","Section 110","19",2,"[]","2026-10-04 00:00:00","electronic","exchange",2,"[PREMIUM]","2"
"BALImMZNqVl","2026-08-25 23:59:29.724","2026-08-25 23:59:29.724","BALImMZNqVl","18495889","[PREMIUM]","[PREMIUM]","[PREMIUM]","106","Section 106","18",8,"['1','2','3','4','5','6','7','8']",,"electronic","exchange",3,"[PREMIUM]","1,2,3,4,5,6,8"
"BALImMZ4Gdj","2026-08-25 23:59:29.724","2026-08-28 02:20:55.892","BALImMZ4Gdj","18495889","[PREMIUM]","[PREMIUM]","[PREMIUM]","228","Section 228","12",2,"[]","2026-10-02 00:00:00","electronic","exchange",1,"[PREMIUM]","1,2"
"BALImMZPoDd","2026-08-25 23:59:29.724","2026-09-07 10:06:13.539","BALImMZPoDd","18495889","[PREMIUM]","[PREMIUM]","[PREMIUM]","122","Section 122","21",3,"[]","2026-10-04 00:00:00","electronic","exchange",1,"[PREMIUM]","1,2,3"
"DdwHkMGjRYN","2026-08-25 23:59:29.724","2026-08-25 23:59:29.724","DdwHkMGjRYN","18495889","[PREMIUM]","[PREMIUM]","[PREMIUM]","DRM5","Drink Rail Mezzanine 5","5",2,"[]","2026-10-04 00:00:00","electronic","exchange",3,"[PREMIUM]","2"
"DdwHkMGj0D2","2026-08-25 23:59:29.724","2026-08-25 23:59:29.724","DdwHkMGj0D2","18495889","[PREMIUM]","[PREMIUM]","[PREMIUM]","116","Section 116","4",2,"[]","2026-10-04 00:00:00","electronic","exchange",1,"[PREMIUM]","2"
"BALImMZmYaM","2026-08-25 23:59:29.724","2026-09-07 13:44:40.996","BALImMZmYaM","18495889","[PREMIUM]","[PREMIUM]","[PREMIUM]","223","Section 223","3",6,"[]","2026-10-04 00:00:00","electronic","exchange",1,"[PREMIUM]","1,2,3,4,5,6"
"BALImMZmY25","2026-08-25 23:59:29.724","2026-09-07 13:44:40.996","BALImMZmY25","18495889","[PREMIUM]","[PREMIUM]","[PREMIUM]","FLR102","Floor 102","2",2,"[]","2026-10-04 00:00:00","electronic","exchange",0,"[PREMIUM]","2"
"BALImMZBkRV","2026-08-25 23:59:29.724","2026-09-07 13:44:40.996","BALImMZBkRV","18495889","[PREMIUM]","[PREMIUM]","[PREMIUM]","111","Section 111","8",2,"[]","2026-10-04 00:00:00","electronic","exchange",1,"[PREMIUM]","2"
"BALImMZBkM7","2026-08-25 23:59:29.724","2026-09-07 13:44:40.996","BALImMZBkM7","18495889","[PREMIUM]","[PREMIUM]","[PREMIUM]","101","Section 101","5",5,"[]","2026-10-04 00:00:00","electronic","exchange",2,"[PREMIUM]","1,2,3,4,5"
"BALImMZBkDp","2026-08-25 23:59:29.724","2026-09-07 13:44:40.996","BALImMZBkDp","18495889","[PREMIUM]","[PREMIUM]","[PREMIUM]","104","Section 104","7",2,"[]","2026-10-04 00:00:00","electronic","exchange",4,"[PREMIUM]","2"
"DdwHkMZzexJ","2026-08-25 23:59:29.724","2026-08-27 01:22:37.017","DdwHkMZzexJ","18495889","[PREMIUM]","[PREMIUM]","[PREMIUM]","102","Section 102","12",4,"[]","2026-10-04 00:00:00","electronic","exchange",0,"[PREMIUM]","1,2,3,4"
"DdwHkMZlY3R","2026-08-25 23:59:29.724","2026-08-28 02:20:55.892","DdwHkMZlY3R","18495889","[PREMIUM]","[PREMIUM]","[PREMIUM]","208","Section 208","4",4,"[]","2026-10-02 00:00:00","electronic","exchange",2,"[PREMIUM]","1,2,3,4"
"DdwHkMZlPPk","2026-08-25 23:59:29.724","2026-08-28 02:20:55.892","DdwHkMZlPPk","18495889","[PREMIUM]","[PREMIUM]","[PREMIUM]","228","Section 228","2",2,"[]","2026-10-02 00:00:00","electronic","exchange",1,"[PREMIUM]","1,2"
"DdwHkMZkorZ","2026-08-25 23:59:29.724","2026-08-25 23:59:29.724","DdwHkMZkorZ","18495889","[PREMIUM]","[PREMIUM]","[PREMIUM]","M5","Mezzanine 5","3",3,"[]","2026-10-04 00:00:00","electronic","exchange",1,"[PREMIUM]","1,2,3"
"DdwHkMZZ3o3","2026-08-25 23:59:29.724","2026-08-28 02:20:55.892","DdwHkMZZ3o3","18495889","[PREMIUM]","[PREMIUM]","[PREMIUM]","224","Section 224","12",4,"[]","2026-10-02 00:00:00","electronic","exchange",1,"[PREMIUM]","1,2,3,4"
"DdwHkMZzemJ","2026-08-25 23:59:29.724","2026-09-07 13:44:40.996","DdwHkMZzemJ","18495889","[PREMIUM]","[PREMIUM]","[PREMIUM]","101","Section 101","27",2,"[]","2026-10-04 00:00:00","electronic","exchange",1,"[PREMIUM]","2"
"DdwHkMZkoa8","2026-08-25 23:59:29.724","2026-09-07 13:44:40.996","DdwHkMZkoa8","18495889","[PREMIUM]","[PREMIUM]","[PREMIUM]","226","Section 226","12",2,"[]","2026-10-04 00:00:00","electronic","exchange",0,"[PREMIUM]","2"
"DdwHkMZko38","2026-08-25 23:59:29.724","2026-09-07 13:44:40.996","DdwHkMZko38","18495889","[PREMIUM]","[PREMIUM]","[PREMIUM]","208","Section 208","1",6,"[]","2026-10-04 00:00:00","electronic","exchange",1,"[PREMIUM]","1,2,3,4,5,6"
"EroUXgK7kNj","2026-08-25 23:59:29.724","2026-08-25 23:59:29.724","EroUXgK7kNj","18495889","[PREMIUM]","[PREMIUM]","[PREMIUM]","M32","Mezzanine 32","3",4,"[]","2026-10-04 00:00:00","electronic","exchange",2,"[PREMIUM]","2,4"
"EroUXgK7YPe","2026-08-25 23:59:29.724","2026-08-25 23:59:29.724","EroUXgK7YPe","18495889","[PREMIUM]","[PREMIUM]","[PREMIUM]","106","Section 106","4",4,"[]","2026-10-04 00:00:00","electronic","exchange",1,"[PREMIUM]","2,4"
"EroUXgK7Y0A","2026-08-25 23:59:29.724","2026-08-25 23:59:29.724","EroUXgK7Y0A","18495889","[PREMIUM]","[PREMIUM]","[PREMIUM]","123","Section 123","18",4,"[]","2026-10-04 00:00:00","electronic","exchange",4,"[PREMIUM]","2,4"
"EroUXgK7EJw","2026-08-25 23:59:29.724","2026-08-25 23:59:29.724","EroUXgK7EJw","18495889","[PREMIUM]","[PREMIUM]","[PREMIUM]","M34","Mezzanine 34","c",2,"[]","2026-10-04 00:00:00","electronic","exchange",2,"[PREMIUM]","2"
"EroUXgK7xZa","2026-08-25 23:59:29.724","2026-08-25 23:59:29.724","EroUXgK7xZa","18495889","[PREMIUM]","[PREMIUM]","[PREMIUM]","108","Section 108","2",2,"[]","2026-10-04 00:00:00","electronic","exchange",1,"[PREMIUM]","2"
"EroUXgK7zeP","2026-08-25 23:59:29.724","2026-08-25 23:59:29.724","EroUXgK7zeP","18495889","[PREMIUM]","[PREMIUM]","[PREMIUM]","210","Section 210","2",4,"[]","2026-10-04 00:00:00","electronic","exchange",2,"[PREMIUM]","2,4"
"EroUXgK7zzX","2026-08-25 23:59:29.724","2026-08-25 23:59:29.724","EroUXgK7zzX","18495889","[PREMIUM]","[PREMIUM]","[PREMIUM]","214","Section 214","2",4,"[]","2026-10-04 00:00:00","electronic","exchange",2,"[PREMIUM]","2,4"
"EroUXgZ0bP8","2026-08-25 23:59:29.724","2026-08-25 23:59:29.724","EroUXgZ0bP8","18495889","[PREMIUM]","[PREMIUM]","[PREMIUM]","122","Section 122","10",4,"[]","2026-10-04 00:00:00","electronic","exchange",3,"[PREMIUM]","1,2,3,4"
"EroUXgZZk7z","2026-08-25 23:59:29.724","2026-08-28 02:20:55.892","EroUXgZZk7z","18495889","[PREMIUM]","[PREMIUM]","[PREMIUM]","226","Section 226","12",4,"[]","2026-10-02 00:00:00","electronic","exchange",1,"[PREMIUM]","1,2,3,4"
"EroUXgZ5poJ","2026-08-25 23:59:29.724","2026-08-30 00:08:20.740","EroUXgZ5poJ","18495889","[PREMIUM]","[PREMIUM]","[PREMIUM]","229","Section 229","12",4,"[]","2026-10-03 00:00:00","electronic","exchange",1,"[PREMIUM]","2,4"
"EroUXgZbNGA","2026-08-25 23:59:29.724","2026-08-27 01:22:37.017","EroUXgZbNGA","18495889","[PREMIUM]","[PREMIUM]","[PREMIUM]","108","Section 108","1",2,"[]","2026-10-04 00:00:00","electronic","exchange",0,"[PREMIUM]","2"
"EroUXgZElZO","2026-08-25 23:59:29.724","2026-08-25 23:59:29.724","EroUXgZElZO","18495889","[PREMIUM]","[PREMIUM]","[PREMIUM]","106","Section 106","18",5,"[]","2026-10-04 00:00:00","electronic","exchange",5,"[PREMIUM]","5"
"EroUXgZbN29","2026-08-25 23:59:29.724","2026-09-07 13:44:40.996","EroUXgZbN29","18495889","[PREMIUM]","[PREMIUM]","[PREMIUM]","108","Section 108","8",4,"[]","2026-10-04 00:00:00","electronic","exchange",2,"[PREMIUM]","1,2,3,4"
"EroUXgZXrzV","2026-08-25 23:59:29.724","2026-09-07 13:44:40.996","EroUXgZXrzV","18495889","[PREMIUM]","[PREMIUM]","[PREMIUM]","M4","Mezzanine 4","b",2,"[]","2026-10-04 00:00:00","electronic","exchange",1,"[PREMIUM]","2"
"EroUXgZXrk3","2026-08-25 23:59:29.724","2026-09-07 13:44:40.996","EroUXgZXrk3","18495889","[PREMIUM]","[PREMIUM]","[PREMIUM]","DRM18","Drink Rail Mezzanine 18","5",2,"[]","2026-10-04 00:00:00","electronic","exchange",2,"[PREMIUM]","2"
"EroUXgZXrdD","2026-08-25 23:59:29.724","2026-09-07 13:44:40.996","EroUXgZXrdD","18495889","[PREMIUM]","[PREMIUM]","[PREMIUM]","108","Section 108","17",2,"[]","2026-10-04 00:00:00","electronic","exchange",1,"[PREMIUM]","2"
"EroUXgZXrd3","2026-08-25 23:59:29.724","2026-09-07 13:44:40.996","EroUXgZXrd3","18495889","[PREMIUM]","[PREMIUM]","[PREMIUM]","123","Section 123","16",2,"[]","2026-10-04 00:00:00","electronic","exchange",2,"[PREMIUM]","2"
"EroUXgZXrV3","2026-08-25 23:59:29.724","2026-09-07 13:44:40.996","EroUXgZXrV3","18495889","[PREMIUM]","[PREMIUM]","[PREMIUM]","210","Section 210","12",6,"[]","2026-10-04 00:00:00","electronic","exchange",1,"[PREMIUM]","1,2,3,4,5,6"
"GAaI60JjNX4","2026-08-25 23:59:29.724","2026-08-25 23:59:29.724","GAaI60JjNX4","18495889","[PREMIUM]","[PREMIUM]","[PREMIUM]","A116","Section ADA 116","26",3,"[]","2026-10-04 00:00:00","electronic","exchange",1,"[PREMIUM]","3"
"GAaI60JjYj7","2026-08-25 23:59:29.724","2026-08-25 23:59:29.724","GAaI60JjYj7","18495889","[PREMIUM]","[PREMIUM]","[PREMIUM]","LC10","Legends Club 10","2",2,"[]","2026-10-04 00:00:00","electronic","exchange",1,"[PREMIUM]","2"
"GAaI60Z6vED","2026-08-25 23:59:29.724","2026-09-02 01:06:50.283","GAaI60Z6vED","18495889","[PREMIUM]","[PREMIUM]","[PREMIUM]","227","Section 227","2",8,"[]","2026-10-04 00:00:00","electronic","exchange",0,"[PREMIUM]","1,2,3,4,5,6,7,8"
"GAaI60Zqvpw","2026-08-25 23:59:29.724","2026-09-01 00:04:51.565","GAaI60Zqvpw","18495889","[PREMIUM]","[PREMIUM]","[PREMIUM]","116","Section 116","14",4,"[]","2026-10-04 00:00:00","electronic","exchange",0,"[PREMIUM]","1,2,3,4"
"GAaI60ZZvK6","2026-08-25 23:59:29.724","2026-08-28 02:20:55.892","GAaI60ZZvK6","18495889","[PREMIUM]","[PREMIUM]","[PREMIUM]","118","Section 118","27",4,"[]","2026-10-02 00:00:00","electronic","exchange",2,"[PREMIUM]","1,2,3,4"
"GAaI60Z8972","2026-08-25 23:59:29.724","2026-09-01 00:04:51.565","GAaI60Z8972","18495889","[PREMIUM]","[PREMIUM]","[PREMIUM]","229","Section 229","12",4,"[]","2026-10-04 00:00:00","electronic","exchange",1,"[PREMIUM]","1,2,3,4"
"GAaI60ZOe88","2026-08-25 23:59:29.724","2026-09-07 13:44:40.996","GAaI60ZOe88","18495889","[PREMIUM]","[PREMIUM]","[PREMIUM]","LC3","Legends Club 3","2",4,"[]","2026-10-04 00:00:00","electronic","exchange",1,"[PREMIUM]","1,2,3,4"
"GAaI60Z6vlV","2026-08-25 23:59:29.724","2026-09-07 13:44:40.996","GAaI60Z6vlV","18495889","[PREMIUM]","[PREMIUM]","[PREMIUM]","M34","Mezzanine 34","c",2,"[]","2026-10-04 00:00:00","electronic","exchange",1,"[PREMIUM]","2"
"GAaI60Z6vgD","2026-08-25 23:59:29.724","2026-09-07 13:44:40.996","GAaI60Z6vgD","18495889","[PREMIUM]","[PREMIUM]","[PREMIUM]","208","Section 208","2",4,"[]","2026-10-04 00:00:00","electronic","exchange",1,"[PREMIUM]","1,2,3,4"
"JABI3EGKY8O","2026-08-25 23:59:29.724","2026-08-25 23:59:29.724","JABI3EGKY8O","18495889","[PREMIUM]","[PREMIUM]","[PREMIUM]","M11","Mezzanine 11","3",2,"[]","2026-10-04 00:00:00","electronic","exchange",1,"[PREMIUM]","2"
"JABI3EGKkkn","2026-08-25 23:59:29.724","2026-08-25 23:59:29.724","JABI3EGKkkn","18495889","[PREMIUM]","[PREMIUM]","[PREMIUM]","227","Section 227","2",6,"[]","2026-10-04 00:00:00","electronic","exchange",1,"[PREMIUM]","2,3,4,6"
"JABI3EGKYjY","2026-08-25 23:59:29.724","2026-08-25 23:59:29.724","JABI3EGKYjY","18495889","[PREMIUM]","[PREMIUM]","[PREMIUM]","109","Section 109","8",2,"[]","2026-10-04 00:00:00","electronic","exchange",1,"[PREMIUM]","2"
"JABI3EGKYdz","2026-08-25 23:59:29.724","2026-08-25 23:59:29.724","JABI3EGKYdz","18495889","[PREMIUM]","[PREMIUM]","[PREMIUM]","DRM6","Drink Rail Mezzanine 6","5",2,"[]","2026-10-04 00:00:00","electronic","exchange",5,"[PREMIUM]","2"
"JABI3EGKN8l","2026-08-25 23:59:29.724","2026-08-25 23:59:29.724","JABI3EGKN8l","18495889","[PREMIUM]","[PREMIUM]","[PREMIUM]","110","Section 110","4",4,"[]","2026-10-04 00:00:00","electronic","exchange",1,"[PREMIUM]","2,4"
"JABI3EZ3aaa","2026-08-25 23:59:29.724","2026-09-03 00:54:09.435","JABI3EZ3aaa","18495889","[PREMIUM]","[PREMIUM]","[PREMIUM]","DRM12","Drink Rail Mezzanine 12","5",2,"[]","2026-10-04 00:00:00","electronic","exchange",2,"[PREMIUM]","2"
"JABI3EZZkRY","2026-08-25 23:59:29.724","2026-08-28 02:20:55.892","JABI3EZZkRY","18495889","[PREMIUM]","[PREMIUM]","[PREMIUM]","123","Section 123","23",2,"[]","2026-10-02 00:00:00","electronic","exchange",3,"[PREMIUM]","1,2"
"JABI3EZ5mzr","2026-08-25 23:59:29.724","2026-08-31 01:24:15.758","JABI3EZ5mzr","18495889","[PREMIUM]","[PREMIUM]","[PREMIUM]","111","Section 111","4",2,"[]","2026-10-04 00:00:00","electronic","exchange",0,"[PREMIUM]","2"
"JABI3EZ72M7","2026-08-25 23:59:29.724","2026-09-02 01:06:50.283","JABI3EZ72M7","18495889","[PREMIUM]","[PREMIUM]","[PREMIUM]","M5","Mezzanine 5","b",4,"[]","2026-10-04 00:00:00","electronic","exchange",1,"[PREMIUM]","1,2,3,4"
"JABI3EZ3a6g","2026-08-25 23:59:29.724","2026-08-28 11:23:06.460","JABI3EZ3a6g","18495889","[PREMIUM]","[PREMIUM]","[PREMIUM]","210","Section 210","2",4,"[]","2026-10-04 00:00:00","electronic","exchange",0,"[PREMIUM]","1,2,3,4"
"JABI3EZZKmA","2026-08-25 23:59:29.724","2026-08-28 02:20:55.892","JABI3EZZKmA","18495889","[PREMIUM]","[PREMIUM]","[PREMIUM]","229","Section 229","4",4,"[]","2026-10-02 00:00:00","electronic","exchange",1,"[PREMIUM]","1,2,3,4"
"JABI3EZv7DD","2026-08-25 23:59:29.724","2026-09-03 00:54:09.435","JABI3EZv7DD","18495889","[PREMIUM]","[PREMIUM]","[PREMIUM]","M5","Mezzanine 5","b",4,"[]","2026-10-04 00:00:00","electronic","exchange",1,"[PREMIUM]","2,4"
"JABI3EZ5mdO","2026-08-25 23:59:29.724","2026-09-07 13:44:40.996","JABI3EZ5mdO","18495889","[PREMIUM]","[PREMIUM]","[PREMIUM]","109","Section 109","3",4,"[]","2026-10-04 00:00:00","electronic","exchange",0,"[PREMIUM]","1,2,3,4"
"JABI3EZ5mMx","2026-08-25 23:59:29.724","2026-09-07 13:44:40.996","JABI3EZ5mMx","18495889","[PREMIUM]","[PREMIUM]","[PREMIUM]","103","Section 103","5",2,"[]","2026-10-04 00:00:00","electronic","exchange",1,"[PREMIUM]","2"
"JABI3EZ5mME","2026-08-25 23:59:29.724","2026-09-07 13:44:40.996","JABI3EZ5mME","18495889","[PREMIUM]","[PREMIUM]","[PREMIUM]","102","Section 102","4",2,"[]","2026-10-04 00:00:00","electronic","exchange",1,"[PREMIUM]","2"
"JABI3EZ5mJE","2026-08-25 23:59:29.724","2026-09-07 13:44:40.996","JABI3EZ5mJE","18495889","[PREMIUM]","[PREMIUM]","[PREMIUM]","105","Section 105","14",4,"[]","2026-10-04 00:00:00","electronic","exchange",1,"[PREMIUM]","1,2,3,4"
"JABI3EZ5mE7","2026-08-25 23:59:29.724","2026-09-07 13:44:40.996","JABI3EZ5mE7","18495889","[PREMIUM]","[PREMIUM]","[PREMIUM]","126A","Section 126 A","6",2,"[]","2026-10-04 00:00:00","electronic","exchange",1,"[PREMIUM]","2"
"JABI3EZ3a2j","2026-08-25 23:59:29.724","2026-09-07 13:44:40.996","JABI3EZ3a2j","18495889","[PREMIUM]","[PREMIUM]","[PREMIUM]","110","Section 110","17",8,"[]","2026-10-04 00:00:00","electronic","exchange",1,"[PREMIUM]","1,2,3,4,5,6,7,8"
"JABI3EZ3a2g","2026-08-25 23:59:29.724","2026-09-07 13:44:40.996","JABI3EZ3a2g","18495889","[PREMIUM]","[PREMIUM]","[PREMIUM]","116","Section 116","6",2,"[]","2026-10-04 00:00:00","electronic","exchange",0,"[PREMIUM]","2"
"Kezczq0lErp","2026-08-25 23:59:29.724","2026-09-02 01:06:50.283","Kezczq0lErp","18495889","[PREMIUM]","[PREMIUM]","[PREMIUM]","117","Section 117","9",3,"[]","2026-10-04 00:00:00","electronic","exchange",2,"[PREMIUM]","1,2,3"
"KezczqM2B7z","2026-08-25 23:59:29.724","2026-08-25 23:59:29.724","KezczqM2B7z","18495889","[PREMIUM]","[PREMIUM]","[PREMIUM]","116","Section 116","9",4,"[]","2026-10-04 00:00:00","electronic","exchange",1,"[PREMIUM]","2,4"
"KezczqM2ogn","2026-08-25 23:59:29.724","2026-08-25 23:59:29.724","KezczqM2ogn","18495889","[PREMIUM]","[PREMIUM]","[PREMIUM]","DRM18","Drink Rail Mezzanine 18","5",2,"[]","2026-10-04 00:00:00","electronic","exchange",4,"[PREMIUM]","2"
"KezczqM2Ygr","2026-08-25 23:59:29.724","2026-08-25 23:59:29.724","KezczqM2Ygr","18495889","[PREMIUM]","[PREMIUM]","[PREMIUM]","DRM28","Drink Rail Mezzanine 28","5",2,"[]","2026-10-04 00:00:00","electronic","exchange",2,"[PREMIUM]","2"
"KezczqM2YN7","2026-08-25 23:59:29.724","2026-08-25 23:59:29.724","KezczqM2YN7","18495889","[PREMIUM]","[PREMIUM]","[PREMIUM]","122","Section 122","22",4,"[]","2026-10-04 00:00:00","electronic","exchange",3,"[PREMIUM]","2,4"
"KezczqZKr69","2026-08-25 23:59:29.724","2026-08-25 23:59:29.724","KezczqZKr69","18495889","[PREMIUM]","[PREMIUM]","[PREMIUM]","109","Section 109","11",6,"[]","2026-10-04 00:00:00","electronic","exchange",3,"[PREMIUM]","1,2,3,4,5,6"
"KezczqZzgo4","2026-08-25 23:59:29.724","2026-08-28 11:23:06.460","KezczqZzgo4","18495889","[PREMIUM]","[PREMIUM]","[PREMIUM]","M18","Mezzanine 18","4",4,"[]","2026-10-04 00:00:00","electronic","exchange",1,"[PREMIUM]","1,2,3,4"
"KezczqZZ2BB","2026-08-25 23:59:29.724","2026-08-28 02:20:55.892","KezczqZZ2BB","18495889","[PREMIUM]","[PREMIUM]","[PREMIUM]","115","Section 115","25",4,"[]","2026-10-02 00:00:00","electronic","exchange",1,"[PREMIUM]","1,2,3,4"
"KezczqZzgJw","2026-08-25 23:59:29.724","2026-09-07 13:44:40.996","KezczqZzgJw","18495889","[PREMIUM]","[PREMIUM]","[PREMIUM]","228","Section 228","12",2,"[]","2026-10-04 00:00:00","electronic","exchange",1,"[PREMIUM]","2"
"KezczqZzgGw","2026-08-25 23:59:29.724","2026-09-07 13:44:40.996","KezczqZzgGw","18495889","[PREMIUM]","[PREMIUM]","[PREMIUM]","116","Section 116","8",7,"[]","2026-10-04 00:00:00","electronic","exchange",0,"[PREMIUM]","1,2,3,4,5,6,7"
"KezczqZrad9","2026-08-25 23:59:29.724","2026-09-07 13:44:40.996","KezczqZrad9","18495889","[PREMIUM]","[PREMIUM]","[PREMIUM]","123","Section 123","22",4,"[]","2026-10-04 00:00:00","electronic","exchange",2,"[PREMIUM]","1,2,3,4"
"KezczqZraO2","2026-08-25 23:59:29.724","2026-09-07 13:44:40.996","KezczqZraO2","18495889","[PREMIUM]","[PREMIUM]","[PREMIUM]","107","Section 107","16",4,"[]","2026-10-04 00:00:00","electronic","exchange",0,"[PREMIUM]","1,2,3,4"
"KezczqZraN2","2026-08-25 23:59:29.724","2026-09-07 13:44:40.996","KezczqZraN2","18495889","[PREMIUM]","[PREMIUM]","[PREMIUM]","LC6","Legends Club 6","3",4,"[]","2026-10-04 00:00:00","electronic","exchange",1,"[PREMIUM]","1,2,3,4"
"KezczqZLBG9","2026-08-25 23:59:29.724","2026-09-07 13:44:40.996","KezczqZLBG9","18495889","[PREMIUM]","[PREMIUM]","[PREMIUM]","102","Section 102","4",4,"[]","2026-10-04 00:00:00","electronic","exchange",0,"[PREMIUM]","1,2,4"
"KezczqZL73V","2026-08-25 23:59:29.724","2026-09-07 13:44:40.996","KezczqZL73V","18495889","[PREMIUM]","[PREMIUM]","[PREMIUM]","A103","Section ADA 103","26",3,"[]","2026-10-04 00:00:00","electronic","exchange",1,"[PREMIUM]","1,2,3"
"LbviL8G3Y7P","2026-08-25 23:59:29.724","2026-08-25 23:59:29.724","LbviL8G3Y7P","18495889","[PREMIUM]","[PREMIUM]","[PREMIUM]","118","Section 118","5",2,"[]","2026-10-04 00:00:00","electronic","exchange",2,"[PREMIUM]","2"
"LbviL8ZLOwl","2026-08-25 23:59:29.724","2026-08-25 23:59:29.724","LbviL8ZLOwl","18495889","[PREMIUM]","[PREMIUM]","[PREMIUM]","123","Section 123","19",2,"[]","2026-10-04 00:00:00","electronic","exchange",4,"[PREMIUM]","2"
"LbviL8ZLOwK","2026-08-25 23:59:29.724","2026-08-28 11:23:06.460","LbviL8ZLOwK","18495889","[PREMIUM]","[PREMIUM]","[PREMIUM]","FLR103","Floor 103","5",2,"[]","2026-10-04 00:00:00","electronic","exchange",1,"[PREMIUM]","2"
"LbviL8ZLO4l","2026-08-25 23:59:29.724","2026-08-31 01:24:15.758","LbviL8ZLO4l","18495889","[PREMIUM]","[PREMIUM]","[PREMIUM]","214","Section 214","1",6,"[]","2026-10-04 00:00:00","electronic","exchange",0,"[PREMIUM]","1,2,3,4,5,6"
"LbviL8ZnkGJ","2026-08-25 23:59:29.724","2026-08-25 23:59:29.724","LbviL8ZnkGJ","18495889","[PREMIUM]","[PREMIUM]","[PREMIUM]","212","Section 212","3",4,"[]","2026-10-04 00:00:00","electronic","exchange",1,"[PREMIUM]","1,2,3,4"
"LbviL8ZXVEZ","2026-08-25 23:59:29.724","2026-09-03 00:54:09.435","LbviL8ZXVEZ","18495889","[PREMIUM]","[PREMIUM]","[PREMIUM]","119","Section 119","6",4,"[]","2026-10-04 00:00:00","electronic","exchange",0,"[PREMIUM]","1,2,3,4"
"LbviL8ZXVmZ","2026-08-25 23:59:29.724","2026-09-07 13:44:40.996","LbviL8ZXVmZ","18495889","[PREMIUM]","[PREMIUM]","[PREMIUM]","101","Section 101","6",3,"[]","2026-10-04 00:00:00","electronic","exchange",1,"[PREMIUM]","1,2,3"
"LbviL8ZXVm5","2026-08-25 23:59:29.724","2026-09-07 13:44:40.996","LbviL8ZXVm5","18495889","[PREMIUM]","[PREMIUM]","[PREMIUM]","104","Section 104","9",6,"[]","2026-10-04 00:00:00","electronic","exchange",5,"[PREMIUM]","1,2,3,4,5,6"
"LbviL8ZXVEo","2026-08-25 23:59:29.724","2026-09-07 13:44:40.996","LbviL8ZXVEo","18495889","[PREMIUM]","[PREMIUM]","[PREMIUM]","107","Section 107","12",2,"[]","2026-10-04 00:00:00","electronic","exchange",0,"[PREMIUM]","2"
"LbviL8ZXV8Z","2026-08-25 23:59:29.724","2026-09-07 13:44:40.996","LbviL8ZXV8Z","18495889","[PREMIUM]","[PREMIUM]","[PREMIUM]","113","Section 113","10",2,"[]","2026-10-04 00:00:00","electronic","exchange",1,"[PREMIUM]","2"
"LbviL8ZXV7o","2026-08-25 23:59:29.724","2026-09-07 13:44:40.996","LbviL8ZXV7o","18495889","[PREMIUM]","[PREMIUM]","[PREMIUM]","109","Section 109","20",6,"[]","2026-10-04 00:00:00","electronic","exchange",1,"[PREMIUM]","1,2,3,4,5,6"
"LbviL8ZLOeX","2026-08-25 23:59:29.724","2026-09-07 13:44:40.996","LbviL8ZLOeX","18495889","[PREMIUM]","[PREMIUM]","[PREMIUM]","M20","Mezzanine 20","3",6,"[]","2026-10-04 00:00:00","electronic","exchange",1,"[PREMIUM]","1,2,3,4,5,6"
"LbviL8ZLOPX","2026-08-25 23:59:29.724","2026-09-07 13:44:40.996","LbviL8ZLOPX","18495889","[PREMIUM]","[PREMIUM]","[PREMIUM]","M15","Mezzanine 15","4",4,"[]","2026-10-04 00:00:00","electronic","exchange",1,"[PREMIUM]","1,2,3,4"
"MAeIP3GJEqn","2026-08-25 23:59:29.724","2026-08-25 23:59:29.724","MAeIP3GJEqn","18495889","[PREMIUM]","[PREMIUM]","[PREMIUM]","124","Section 124","23",6,"[]","2026-10-04 00:00:00","electronic","exchange",1,"[PREMIUM]","2,3,4,6"
"MAeIP3GJY6q","2026-08-25 23:59:29.724","2026-08-25 23:59:29.724","MAeIP3GJY6q","18495889","[PREMIUM]","[PREMIUM]","[PREMIUM]","113","Section 113","15",2,"[]","2026-10-04 00:00:00","electronic","exchange",1,"[PREMIUM]","2"
"MAeIP3ZPdRe","2026-08-25 23:59:29.724","2026-09-07 13:44:40.996","MAeIP3ZPdRe","18495889","[PREMIUM]","[PREMIUM]","[PREMIUM]","M32","Mezzanine 32","1",4,"[]","2026-10-04 00:00:00","electronic","exchange",0,"[PREMIUM]","1,2,3,4"
"MAeIP3ZPd4K","2026-08-25 23:59:29.724","2026-09-07 13:44:40.996","MAeIP3ZPd4K","18495889","[PREMIUM]","[PREMIUM]","[PREMIUM]","DRM19A","Drink Rail Mezzanine 19 A","5",2,"[]","2026-10-04 00:00:00","electronic","exchange",2,"[PREMIUM]","2"
"MAeIP3ZBnqo","2026-08-25 23:59:29.724","2026-09-07 13:44:40.996","MAeIP3ZBnqo","18495889","[PREMIUM]","[PREMIUM]","[PREMIUM]","108","Section 108","21",6,"[]","2026-10-04 00:00:00","electronic","exchange",0,"[PREMIUM]","1,2,3,4,5,6"
"MAeIP3ZBn33","2026-08-25 23:59:29.724","2026-09-07 13:44:40.996","MAeIP3ZBn33","18495889","[PREMIUM]","[PREMIUM]","[PREMIUM]","104","Section 104","5",2,"[]","2026-10-04 00:00:00","electronic","exchange",5,"[PREMIUM]","2"
"MAeIP3ZZ47d","2026-08-25 23:59:29.724","2026-08-28 02:20:55.892","MAeIP3ZZ47d","18495889","[PREMIUM]","[PREMIUM]","[PREMIUM]","211","Section 211","12",4,"[]","2026-10-02 00:00:00","electronic","exchange",1,"[PREMIUM]","1,2,3,4"
"MAeIP3ZPdMK","2026-08-25 23:59:29.724","2026-08-27 01:22:37.017","MAeIP3ZPdMK","18495889","[PREMIUM]","[PREMIUM]","[PREMIUM]","229","Section 229","2",8,"[]","2026-10-04 00:00:00","electronic","exchange",1,"[PREMIUM]","1,2,3,4,5,6,7,8"
"MAeIP3ZBnw4","2026-08-25 23:59:29.724","2026-08-27 01:22:37.017","MAeIP3ZBnw4","18495889","[PREMIUM]","[PREMIUM]","[PREMIUM]","123","Section 123","8",2,"[]","2026-10-04 00:00:00","electronic","exchange",2,"[PREMIUM]","2"
"MAeIP3Z9lAX","2026-08-25 23:59:29.724","2026-09-01 00:04:51.565","MAeIP3Z9lAX","18495889","[PREMIUM]","[PREMIUM]","[PREMIUM]","124","Section 124","23",8,"[]","2026-10-04 00:00:00","electronic","exchange",0,"[PREMIUM]","1,2,3,4,5,6,7,8"
"MAeIP3ZvJZR","2026-08-25 23:59:29.724","2026-09-03 00:54:09.435","MAeIP3ZvJZR","18495889","[PREMIUM]","[PREMIUM]","[PREMIUM]","M5","Mezzanine 5","b",2,"[]","2026-10-03 00:00:00","electronic","exchange",1,"[PREMIUM]","2"
"MAeIP3Zq0Xd","2026-08-25 23:59:29.724","2026-09-07 10:06:13.539","MAeIP3Zq0Xd","18495889","[PREMIUM]","[PREMIUM]","[PREMIUM]","122","Section 122","10",4,"[]","2026-10-04 00:00:00","electronic","exchange",2,"[PREMIUM]","1,2,3,4"
"NrqUv6ZZ92w","2026-08-25 23:59:29.724","2026-08-28 02:20:55.892","NrqUv6ZZ92w","18495889","[PREMIUM]","[PREMIUM]","[PREMIUM]","227","Section 227","2",4,"[]","2026-10-02 00:00:00","electronic","exchange",0,"[PREMIUM]","1,2,3,4"
"NrqUv6ZNPao","2026-08-25 23:59:29.724","2026-08-27 01:22:37.017","NrqUv6ZNPao","18495889","[PREMIUM]","[PREMIUM]","[PREMIUM]","124","Section 124","23",4,"[]","2026-10-02 00:00:00","electronic","exchange",1,"[PREMIUM]","1,2,3,4"
"NrqUv6ZJ0lX","2026-08-25 23:59:29.724","2026-08-27 01:22:37.017","NrqUv6ZJ0lX","18495889","[PREMIUM]","[PREMIUM]","[PREMIUM]","118","Section 118","27",2,"[]","2026-10-04 00:00:00","electronic","exchange",2,"[PREMIUM]","2"
"NrqUv6ZJ06P","2026-08-25 23:59:29.724","2026-08-25 23:59:29.724","NrqUv6ZJ06P","18495889","[PREMIUM]","[PREMIUM]","[PREMIUM]","126A","Section 126 A","9",2,"[]","2026-10-04 00:00:00","electronic","exchange",1,"[PREMIUM]","2"
"NrqUv6Zvbe8","2026-08-25 23:59:29.724","2026-08-28 11:23:06.460","NrqUv6Zvbe8","18495889","[PREMIUM]","[PREMIUM]","[PREMIUM]","213","Section 213","2",4,"[]","2026-10-04 00:00:00","electronic","exchange",1,"[PREMIUM]","1,2,3,4"
"NrqUv6p99op","2026-08-25 23:59:29.724","2026-08-25 23:59:29.724","NrqUv6p99op","18495889","[PREMIUM]","[PREMIUM]","[PREMIUM]","122","Section 122","10",4,"[]","2026-10-04 00:00:00","electronic","exchange",3,"[PREMIUM]","2,4"
"NrqUv6pKqGN","2026-08-25 23:59:29.724","2026-08-31 01:24:15.758","NrqUv6pKqGN","18495889","[PREMIUM]","[PREMIUM]","[PREMIUM]","101","Section 101","14",4,"[]","2026-10-03 00:00:00","electronic","exchange",3,"[PREMIUM]","4"
"NrqUv6p9ow0","2026-08-25 23:59:29.724","2026-08-25 23:59:29.724","NrqUv6p9ow0","18495889","[PREMIUM]","[PREMIUM]","[PREMIUM]","109","Section 109","19",6,"[]","2026-10-04 00:00:00","electronic","exchange",2,"[PREMIUM]","2,3,4,6"
"NrqUv6pbJrk","2026-08-25 23:59:29.724","2026-08-25 23:59:29.724","NrqUv6pbJrk","18495889","[PREMIUM]","[PREMIUM]","[PREMIUM]","108","Section 108","19",4,"[]","2026-10-04 00:00:00","electronic","exchange",2,"[PREMIUM]","2,4"
"O7AhwK8KOVV","2026-08-25 23:59:29.724","2026-08-27 01:22:37.017","O7AhwK8KOVV","18495889","[PREMIUM]","[PREMIUM]","[PREMIUM]","118","Section 118","15",2,"[]","2026-10-04 00:00:00","electronic","exchange",1,"[PREMIUM]","2"
"O7AhwK88lkp","2026-08-25 23:59:29.724","2026-08-28 02:20:55.892","O7AhwK88lkp","18495889","[PREMIUM]","[PREMIUM]","[PREMIUM]","109","Section 109","10",4,"[]","2026-10-02 00:00:00","electronic","exchange",1,"[PREMIUM]","1,2,3,4"
"O7AhwK88L0E","2026-08-25 23:59:29.724","2026-08-28 02:20:55.892","O7AhwK88L0E","18495889","[PREMIUM]","[PREMIUM]","[PREMIUM]","101","Section 101","22",2,"[]","2026-10-02 00:00:00","electronic","exchange",1,"[PREMIUM]","1,2"
"O7AhwK8ZX3p","2026-08-25 23:59:29.724","2026-08-27 01:22:37.017","O7AhwK8ZX3p","18495889","[PREMIUM]","[PREMIUM]","[PREMIUM]","124","Section 124","22",4,"[]","2026-10-02 00:00:00","electronic","exchange",1,"[PREMIUM]","1,2,3,4"
"O7AhwK8wllV","2026-08-25 23:59:29.724","2026-09-07 13:44:40.996","O7AhwK8wllV","18495889","[PREMIUM]","[PREMIUM]","[PREMIUM]","M9","Mezzanine 9","4",2,"[]","2026-10-04 00:00:00","electronic","exchange",1,"[PREMIUM]","2"
"O7AhwK8wlRw","2026-08-25 23:59:29.724","2026-09-07 13:44:40.996","O7AhwK8wlRw","18495889","[PREMIUM]","[PREMIUM]","[PREMIUM]","115","Section 115","10",2,"[]","2026-10-04 00:00:00","electronic","exchange",1,"[PREMIUM]","2"
"O7AhwK8wl3V","2026-08-25 23:59:29.724","2026-09-07 13:44:40.996","O7AhwK8wl3V","18495889","[PREMIUM]","[PREMIUM]","[PREMIUM]","DRM16","Drink Rail Mezzanine 16","5",2,"[]","2026-10-04 00:00:00","electronic","exchange",3,"[PREMIUM]","2"
"O7AhwK8kbzO","2026-08-25 23:59:29.724","2026-09-07 13:44:40.996","O7AhwK8kbzO","18495889","[PREMIUM]","[PREMIUM]","[PREMIUM]","120","Section 120","6",3,"[]","2026-10-04 00:00:00","electronic","exchange",0,"[PREMIUM]","1,2,3"
"O7AhwK8kbpO","2026-08-25 23:59:29.724","2026-09-07 13:44:40.996","O7AhwK8kbpO","18495889","[PREMIUM]","[PREMIUM]","[PREMIUM]","111","Section 111","12",2,"[]","2026-10-04 00:00:00","electronic","exchange",0,"[PREMIUM]","2"
"O7AhwK8kbdB","2026-08-25 23:59:29.724","2026-09-07 13:44:40.996","O7AhwK8kbdB","18495889","[PREMIUM]","[PREMIUM]","[PREMIUM]","115","Section 115","5",2,"[]","2026-10-04 00:00:00","electronic","exchange",1,"[PREMIUM]","2"
"O7AhwK8kbKA","2026-08-25 23:59:29.724","2026-09-07 13:44:40.996","O7AhwK8kbKA","18495889","[PREMIUM]","[PREMIUM]","[PREMIUM]","118","Section 118","10",4,"[]","2026-10-04 00:00:00","electronic","exchange",1,"[PREMIUM]","1,2,3,4"
"NrqUv6Zvbbx","2026-08-25 23:59:29.724","2026-09-07 13:44:40.996","NrqUv6Zvbbx","18495889","[PREMIUM]","[PREMIUM]","[PREMIUM]","M29","Mezzanine 29","4",2,"[]","2026-10-04 00:00:00","electronic","exchange",0,"[PREMIUM]","2"
"NrqUv6ZJ0rB","2026-08-25 23:59:29.724","2026-09-07 13:44:40.996","NrqUv6ZJ0rB","18495889","[PREMIUM]","[PREMIUM]","[PREMIUM]","LC4","Legends Club 4","2",2,"[]","2026-10-04 00:00:00","electronic","exchange",1,"[PREMIUM]","2"
"NrqUv6ZJ0Gn","2026-08-25 23:59:29.724","2026-09-07 13:44:40.996","NrqUv6ZJ0Gn","18495889","[PREMIUM]","[PREMIUM]","[PREMIUM]","114","Section 114","14",4,"[]","2026-10-04 00:00:00","electronic","exchange",1,"[PREMIUM]","1,2,3,4"
"NrqUv6ZJ02B","2026-08-25 23:59:29.724","2026-09-07 13:44:40.996","NrqUv6ZJ02B","18495889","[PREMIUM]","[PREMIUM]","[PREMIUM]","111","Section 111","15",4,"[]","2026-10-04 00:00:00","electronic","exchange",0,"[PREMIUM]","1,2,3,4"
"O7AhwKM69w8","2026-08-25 23:59:29.724","2026-08-25 23:59:29.724","O7AhwKM69w8","18495889","[PREMIUM]","[PREMIUM]","[PREMIUM]","105","Section 105","20",4,"[]","2026-10-04 00:00:00","electronic","exchange",2,"[PREMIUM]","2,4"
"O7AhwKM6P4o","2026-08-25 23:59:29.724","2026-08-25 23:59:29.724","O7AhwKM6P4o","18495889","[PREMIUM]","[PREMIUM]","[PREMIUM]","123","Section 123","22",4,"[]","2026-10-04 00:00:00","electronic","exchange",4,"[PREMIUM]","2,4"
"O7AhwKM636d","2026-08-25 23:59:29.724","2026-08-25 23:59:29.724","O7AhwKM636d","18495889","[PREMIUM]","[PREMIUM]","[PREMIUM]","M12","Mezzanine 12","4",2,"[]","2026-10-04 00:00:00","electronic","exchange",1,"[PREMIUM]","2"
"O7AhwKM6JnZ","2026-08-25 23:59:29.724","2026-08-25 23:59:29.724","O7AhwKM6JnZ","18495889","[PREMIUM]","[PREMIUM]","[PREMIUM]","106","Section 106","13",5,"[]","2026-10-04 00:00:00","electronic","exchange",0,"[PREMIUM]","2,3,5"
"O7AhwKMlY6w","2026-08-25 23:59:29.724","2026-09-07 13:44:40.996","O7AhwKMlY6w","18495889","[PREMIUM]","[PREMIUM]","[PREMIUM]","117","Section 117","12",2,"['14','15']","2026-10-02 00:00:00","electronic","exchange",0,"[PREMIUM]","2"
"PX0sgqBEA84","2026-08-25 23:59:29.724","2026-08-25 23:59:29.724","PX0sgqBEA84","18495889","[PREMIUM]","[PREMIUM]","[PREMIUM]","223","Section 223","3",6,"[]","2026-10-04 00:00:00","electronic","exchange",3,"[PREMIUM]","2,3,4,6"
"PX0sgq8gj3a","2026-08-25 23:59:29.724","2026-08-31 01:24:15.758","PX0sgq8gj3a","18495889","[PREMIUM]","[PREMIUM]","[PREMIUM]","226","Section 226","1",4,"[]","2026-10-04 00:00:00","electronic","exchange",0,"[PREMIUM]","1,2,3,4"
"PX0sgqBE9jk","2026-08-25 23:59:29.724","2026-08-25 23:59:29.724","PX0sgqBE9jk","18495889","[PREMIUM]","[PREMIUM]","[PREMIUM]","DRM3","Drink Rail Mezzanine 3","5",4,"[]","2026-10-04 00:00:00","electronic","exchange",4,"[PREMIUM]","2,4"
"PX0sgqBEYzv","2026-08-25 23:59:29.724","2026-08-25 23:59:29.724","PX0sgqBEYzv","18495889","[PREMIUM]","[PREMIUM]","[PREMIUM]","112","Section 112","4",2,"[]","2026-10-04 00:00:00","electronic","exchange",1,"[PREMIUM]","2"
"PX0sgqBj29Y","2026-08-25 23:59:29.724","2026-08-25 23:59:29.724","PX0sgqBj29Y","18495889","[PREMIUM]","[PREMIUM]","[PREMIUM]","117","Section 117","8",6,"[]","2026-10-04 00:00:00","electronic","exchange",2,"[PREMIUM]","2,3,4,6"
"PX0sgqBEjzR","2026-08-25 23:59:29.724","2026-08-25 23:59:29.724","PX0sgqBEjzR","18495889","[PREMIUM]","[PREMIUM]","[PREMIUM]","118","Section 118","26",6,"[]","2026-10-04 00:00:00","electronic","exchange",2,"[PREMIUM]","2,3,4,6"
"PX0sgqBjopd","2026-08-25 23:59:29.724","2026-08-25 23:59:29.724","PX0sgqBjopd","18495889","[PREMIUM]","[PREMIUM]","[PREMIUM]","DRM1","Drink Rail Mezzanine 1","5",3,"[]","2026-10-04 00:00:00","electronic","exchange",4,"[PREMIUM]","3"
"PX0sgq8X4mG","2026-08-25 23:59:29.724","2026-09-07 13:44:40.996","PX0sgq8X4mG","18495889","[PREMIUM]","[PREMIUM]","[PREMIUM]","LC7","Legends Club 7","1",4,"[]","2026-10-04 00:00:00","electronic","exchange",0,"[PREMIUM]","1,2,3,4"
"PX0sgq8X4Zg","2026-08-25 23:59:29.724","2026-09-07 13:44:40.996","PX0sgq8X4Zg","18495889","[PREMIUM]","[PREMIUM]","[PREMIUM]","105","Section 105","20",4,"[]","2026-10-04 00:00:00","electronic","exchange",1,"[PREMIUM]","1,2,3,4"
"PX0sgq8X4MB","2026-08-25 23:59:29.724","2026-09-07 13:44:40.996","PX0sgq8X4MB","18495889","[PREMIUM]","[PREMIUM]","[PREMIUM]","101","Section 101","16",4,"[]","2026-10-04 00:00:00","electronic","exchange",1,"[PREMIUM]","1,2,3,4"
"PX0sgq8X4Dn","2026-08-25 23:59:29.724","2026-09-07 13:44:40.996","PX0sgq8X4Dn","18495889","[PREMIUM]","[PREMIUM]","[PREMIUM]","110","Section 110","4",4,"[]","2026-10-04 00:00:00","electronic","exchange",1,"[PREMIUM]","1,2,3,4"
"ROXHz27zBbY","2026-08-25 23:59:29.724","2026-08-28 11:23:06.460","ROXHz27zBbY","18495889","[PREMIUM]","[PREMIUM]","[PREMIUM]","212","Section 212","1",6,"[]","2026-10-04 00:00:00","electronic","exchange",0,"[PREMIUM]","1,2,3,4,5,6"
"ROXHz27zBa0","2026-08-25 23:59:29.724","2026-09-02 01:06:50.283","ROXHz27zBa0","18495889","[PREMIUM]","[PREMIUM]","[PREMIUM]","M34","Mezzanine 34","3",2,"[]","2026-10-04 00:00:00","electronic","exchange",1,"[PREMIUM]","2"
"ROXHz27zBGY","2026-08-25 23:59:29.724","2026-08-31 01:24:15.758","ROXHz27zBGY","18495889","[PREMIUM]","[PREMIUM]","[PREMIUM]","215","Section 215","4",2,"[]","2026-10-04 00:00:00","electronic","exchange",2,"[PREMIUM]","2"
"ROXHz27gODe","2026-08-25 23:59:29.724","2026-09-02 01:06:50.283","ROXHz27gODe","18495889","[PREMIUM]","[PREMIUM]","[PREMIUM]","122","Section 122","12",6,"[]","2026-10-04 00:00:00","electronic","exchange",3,"[PREMIUM]","1,2,3,4,5,6"
"ROXHz275dMN","2026-08-25 23:59:29.724","2026-09-02 01:06:50.283","ROXHz275dMN","18495889","[PREMIUM]","[PREMIUM]","[PREMIUM]","109","Section 109","13",2,"[]","2026-10-04 00:00:00","electronic","exchange",5,"[PREMIUM]","2"
"ROXHz27ZN0w","2026-08-25 23:59:29.724","2026-09-07 13:44:40.996","ROXHz27ZN0w","18495889","[PREMIUM]","[PREMIUM]","[PREMIUM]","LC3","Legends Club 3","3",4,"[]","2026-10-04 00:00:00","electronic","exchange",1,"[PREMIUM]","1,2,3,4"
"ROXHz27ZND8","2026-08-25 23:59:29.724","2026-09-07 13:44:40.996","ROXHz27ZND8","18495889","[PREMIUM]","[PREMIUM]","[PREMIUM]","110","Section 110","2",4,"[]","2026-10-04 00:00:00","electronic","exchange",0,"[PREMIUM]","1,2,3,4"
"ROXHz27zBB0","2026-08-25 23:59:29.724","2026-09-07 13:44:40.996","ROXHz27zBB0","18495889","[PREMIUM]","[PREMIUM]","[PREMIUM]","112","Section 112","18",2,"[]","2026-10-04 00:00:00","electronic","exchange",0,"[PREMIUM]","2"
"ROXHz27ZNkd","2026-08-25 23:59:29.724","2026-09-03 00:54:09.435","ROXHz27ZNkd","18495889","[PREMIUM]","[PREMIUM]","[PREMIUM]","114","Section 114","8",3,"[]","2026-10-04 00:00:00","electronic","exchange",5,"[PREMIUM]","1,2,3"
"ROXHz2M4BKg","2026-08-25 23:59:29.724","2026-08-25 23:59:29.724","ROXHz2M4BKg","18495889","[PREMIUM]","[PREMIUM]","[PREMIUM]","M3","Mezzanine 3","1",2,"[]","2026-10-04 00:00:00","electronic","exchange",2,"[PREMIUM]","2"
"ROXHz2M4ERK","2026-08-25 23:59:29.724","2026-08-25 23:59:29.724","ROXHz2M4ERK","18495889","[PREMIUM]","[PREMIUM]","[PREMIUM]","118","Section 118","10",2,"[]","2026-10-04 00:00:00","electronic","exchange",1,"[PREMIUM]","2"
"ROXHz2M4Evl","2026-08-25 23:59:29.724","2026-08-25 23:59:29.724","ROXHz2M4Evl","18495889","[PREMIUM]","[PREMIUM]","[PREMIUM]","226","Section 226","1",4,"[]","2026-10-04 00:00:00","electronic","exchange",1,"[PREMIUM]","2,4"
"ROXHz2MBdaJ","2026-08-25 23:59:29.724","2026-08-25 23:59:29.724","ROXHz2MBdaJ","18495889","[PREMIUM]","[PREMIUM]","[PREMIUM]","LC6","Legends Club 6","3",2,"[]","2026-10-04 00:00:00","electronic","exchange",2,"[PREMIUM]","2"
"ROXHz2MBZDB","2026-08-25 23:59:29.724","2026-08-25 23:59:29.724","ROXHz2MBZDB","18495889","[PREMIUM]","[PREMIUM]","[PREMIUM]","215","Section 215","5",6,"[]","2026-10-04 00:00:00","electronic","exchange",3,"[PREMIUM]","2,3,4,6"
"V4KU04ZGmkx","2026-08-25 23:59:29.724","2026-08-25 23:59:29.724","V4KU04ZGmkx","18495889","[PREMIUM]","[PREMIUM]","[PREMIUM]","DRM33","Drink Rail Mezzanine 33","5",3,"[]","2026-10-04 00:00:00","electronic","exchange",5,"[PREMIUM]","3"
"V4KU04nnNaJ","2026-08-25 23:59:29.724","2026-08-28 02:20:55.892","V4KU04nnNaJ","18495889","[PREMIUM]","[PREMIUM]","[PREMIUM]","121","Section 121","13",2,"[]","2026-10-02 00:00:00","electronic","exchange",3,"[PREMIUM]","1,2"
"V4KU04nn5Md","2026-08-25 23:59:29.724","2026-08-25 23:59:29.724","V4KU04nn5Md","18495889","[PREMIUM]","[PREMIUM]","[PREMIUM]","FLR102","Floor 102","4",4,"[]","2026-10-02 00:00:00","electronic","exchange",2,"[PREMIUM]","1,2,3,4"
"V4KU04nmlqV","2026-08-25 23:59:29.724","2026-09-01 00:04:51.565","V4KU04nmlqV","18495889","[PREMIUM]","[PREMIUM]","[PREMIUM]","114","Section 114","25",2,"[]","2026-10-04 00:00:00","electronic","exchange",1,"[PREMIUM]","2"
"V4KU04nmlgZ","2026-08-25 23:59:29.724","2026-08-25 23:59:29.724","V4KU04nmlgZ","18495889","[PREMIUM]","[PREMIUM]","[PREMIUM]","LC10","Legends Club 10","2",4,"[]","2026-10-04 00:00:00","electronic","exchange",1,"[PREMIUM]","1,2,3,4"
"V4KU04nVMXr","2026-08-25 23:59:29.724","2026-08-25 23:59:29.724","V4KU04nVMXr","18495889","[PREMIUM]","[PREMIUM]","[PREMIUM]","227","Section 227","4",2,"[]","2026-10-04 00:00:00","electronic","exchange",1,"[PREMIUM]","2"
"V4KU04nmlrZ","2026-08-25 23:59:29.724","2026-09-07 13:44:40.996","V4KU04nmlrZ","18495889","[PREMIUM]","[PREMIUM]","[PREMIUM]","120","Section 120","12",2,"[]","2026-10-04 00:00:00","electronic","exchange",0,"[PREMIUM]","2"
"V4KU04nmlk0","2026-08-25 23:59:29.724","2026-09-07 13:44:40.996","V4KU04nmlk0","18495889","[PREMIUM]","[PREMIUM]","[PREMIUM]","123","Section 123","20",4,"[]","2026-10-04 00:00:00","electronic","exchange",2,"[PREMIUM]","1,2,3,4"
"V4KU04n0GYK","2026-08-25 23:59:29.724","2026-09-07 13:44:40.996","V4KU04n0GYK","18495889","[PREMIUM]","[PREMIUM]","[PREMIUM]","M33","Mezzanine 33","3",4,"[]","2026-10-04 00:00:00","electronic","exchange",2,"[PREMIUM]","1,2,3,4"
"V4KU04n0GBq","2026-08-25 23:59:29.724","2026-09-07 13:44:40.996","V4KU04n0GBq","18495889","[PREMIUM]","[PREMIUM]","[PREMIUM]","227","Section 227","1",6,"[]","2026-10-04 00:00:00","electronic","exchange",0,"[PREMIUM]","1,2,3,4,5,6"
"V4KU04n0G5q","2026-08-25 23:59:29.724","2026-09-07 13:44:40.996","V4KU04n0G5q","18495889","[PREMIUM]","[PREMIUM]","[PREMIUM]","223","Section 223","4",2,"[]","2026-10-04 00:00:00","electronic","exchange",1,"[PREMIUM]","2"
"X03tKlBOXVp","2026-08-25 23:59:29.724","2026-08-25 23:59:29.724","X03tKlBOXVp","18495889","[PREMIUM]","[PREMIUM]","[PREMIUM]","116","Section 116","4",4,"[]","2026-10-04 00:00:00","electronic","exchange",1,"[PREMIUM]","1,2,3,4"
"X03tKlBOXDN","2026-08-25 23:59:29.724","2026-08-27 01:22:37.017","X03tKlBOXDN","18495889","[PREMIUM]","[PREMIUM]","[PREMIUM]","120","Section 120","2",2,"[]","2026-10-04 00:00:00","electronic","exchange",0,"[PREMIUM]","2"
"X03tKlBOX8p","2026-08-25 23:59:29.724","2026-08-27 01:22:37.017","X03tKlBOX8p","18495889","[PREMIUM]","[PREMIUM]","[PREMIUM]","126","Section 126","16",4,"[]","2026-10-04 00:00:00","electronic","exchange",0,"[PREMIUM]","1,2,3,4"
"X03tKlB7dX4","2026-08-25 23:59:29.724","2026-08-28 02:20:55.892","X03tKlB7dX4","18495889","[PREMIUM]","[PREMIUM]","[PREMIUM]","103","Section 103","9",3,"[]","2026-10-02 00:00:00","electronic","exchange",1,"[PREMIUM]","1,2,3"
"X03tKlBK2q6","2026-08-25 23:59:29.724","2026-09-07 13:44:40.996","X03tKlBK2q6","18495889","[PREMIUM]","[PREMIUM]","[PREMIUM]","225","Section 225","1",4,"[]","2026-10-04 00:00:00","electronic","exchange",0,"[PREMIUM]","1,2,3,4"
"X03tKlBK29Z","2026-08-25 23:59:29.724","2026-09-07 13:44:40.996","X03tKlBK29Z","18495889","[PREMIUM]","[PREMIUM]","[PREMIUM]","AM14","ADA Mezzanine 14","2",2,"[]","2026-10-04 00:00:00","electronic","exchange",0,"[PREMIUM]","2"
"X03tKlBK22Z","2026-08-25 23:59:29.724","2026-09-07 13:44:40.996","X03tKlBK22Z","18495889","[PREMIUM]","[PREMIUM]","[PREMIUM]","DRM28","Drink Rail Mezzanine 28","5",2,"[]","2026-10-04 00:00:00","electronic","exchange",1,"[PREMIUM]","2"
"X03tKlBK206","2026-08-25 23:59:29.724","2026-09-07 13:44:40.996","X03tKlBK206","18495889","[PREMIUM]","[PREMIUM]","[PREMIUM]","115","Section 115","7",6,"[]","2026-10-04 00:00:00","electronic","exchange",0,"[PREMIUM]","1,2,3,4,5,6"
"X03tKlB3v0k","2026-08-25 23:59:29.724","2026-09-07 13:44:40.996","X03tKlB3v0k","18495889","[PREMIUM]","[PREMIUM]","[PREMIUM]","103","Section 103","11",4,"[]","2026-10-04 00:00:00","electronic","exchange",0,"[PREMIUM]","1,2,4"
"X03tKlpg9me","2026-08-25 23:59:29.724","2026-08-25 23:59:29.724","X03tKlpg9me","18495889","[PREMIUM]","[PREMIUM]","[PREMIUM]","213","Section 213","2",4,"[]","2026-10-04 00:00:00","electronic","exchange",2,"[PREMIUM]","2,4"
"X03tKlpgxpe","2026-08-25 23:59:29.724","2026-08-25 23:59:29.724","X03tKlpgxpe","18495889","[PREMIUM]","[PREMIUM]","[PREMIUM]","LC5","Legends Club 5","1",2,"[]","2026-10-04 00:00:00","electronic","exchange",1,"[PREMIUM]","2"
"X03tKlpgvKZ","2026-08-25 23:59:29.724","2026-08-25 23:59:29.724","X03tKlpgvKZ","18495889","[PREMIUM]","[PREMIUM]","[PREMIUM]","M20","Mezzanine 20","3",4,"[]","2026-10-04 00:00:00","electronic","exchange",3,"[PREMIUM]","2,4"
"X03tKlp2LEj","2026-08-25 23:59:29.724","2026-08-25 23:59:29.724","X03tKlp2LEj","18495889","[PREMIUM]","[PREMIUM]","[PREMIUM]","101","Section 101","5",2,"[]","2026-10-04 00:00:00","electronic","exchange",2,"[PREMIUM]","2"
"X03tKlpggZ5","2026-08-25 23:59:29.724","2026-08-25 23:59:29.724","X03tKlpggZ5","18495889","[PREMIUM]","[PREMIUM]","[PREMIUM]","104","Section 104","9",3,"[]","2026-10-04 00:00:00","electronic","exchange",5,"[PREMIUM]","3"
"YgJtk05XN3g","2026-08-25 23:59:29.724","2026-08-28 02:20:55.892","YgJtk05XN3g","18495889","[PREMIUM]","[PREMIUM]","[PREMIUM]","210","Section 210","12",2,"[]","2026-10-02 00:00:00","electronic","exchange",1,"[PREMIUM]","1,2"
"YgJtk0AaLko","2026-08-25 23:59:29.724","2026-08-25 23:59:29.724","YgJtk0AaLko","18495889","[PREMIUM]","[PREMIUM]","[PREMIUM]","M23","Mezzanine 23","4",4,"[]","2026-10-04 00:00:00","electronic","exchange",3,"[PREMIUM]","2,4"
"YgJtk0AaYjO","2026-08-25 23:59:29.724","2026-08-25 23:59:29.724","YgJtk0AaYjO","18495889","[PREMIUM]","[PREMIUM]","[PREMIUM]","M5","Mezzanine 5","c",4,"[]","2026-10-04 00:00:00","electronic","exchange",2,"[PREMIUM]","2,4"
"YgJtk0AaZ5q","2026-08-25 23:59:29.724","2026-08-25 23:59:29.724","YgJtk0AaZ5q","18495889","[PREMIUM]","[PREMIUM]","[PREMIUM]","119","Section 119","4",2,"[]","2026-10-04 00:00:00","electronic","exchange",1,"[PREMIUM]","2"
"YgJtk0AapbZ","2026-08-25 23:59:29.724","2026-08-25 23:59:29.724","YgJtk0AapbZ","18495889","[PREMIUM]","[PREMIUM]","[PREMIUM]","LC3","Legends Club 3","3",4,"[]","2026-10-04 00:00:00","electronic","exchange",1,"[PREMIUM]","2,4"
"YgJtk05q3En","2026-08-25 23:59:29.724","2026-09-07 13:44:40.996","YgJtk05q3En","18495889","[PREMIUM]","[PREMIUM]","[PREMIUM]","LC5","Legends Club 5","1",4,"[]","2026-10-04 00:00:00","electronic","exchange",0,"[PREMIUM]","1,2,3,4"
"YgJtk05q30M","2026-08-25 23:59:29.724","2026-09-07 13:44:40.996","YgJtk05q30M","18495889","[PREMIUM]","[PREMIUM]","[PREMIUM]","125","Section 125","19",2,"[]","2026-10-04 00:00:00","electronic","exchange",0,"[PREMIUM]","2"
"YgJtk05krro","2026-08-25 23:59:29.724","2026-09-07 13:44:40.996","YgJtk05krro","18495889","[PREMIUM]","[PREMIUM]","[PREMIUM]","M13","Mezzanine 13","3",5,"[]","2026-10-04 00:00:00","electronic","exchange",1,"[PREMIUM]","1,2,3,4,5"
"YgJtk05krPL","2026-08-25 23:59:29.724","2026-09-07 13:44:40.996","YgJtk05krPL","18495889","[PREMIUM]","[PREMIUM]","[PREMIUM]","102","Section 102","9",2,"[]","2026-10-04 00:00:00","electronic","exchange",1,"[PREMIUM]","2"
"YgJtk05kr7o","2026-08-25 23:59:29.724","2026-09-07 13:44:40.996","YgJtk05kr7o","18495889","[PREMIUM]","[PREMIUM]","[PREMIUM]","DRM32","Drink Rail Mezzanine 32","5",2,"[]","2026-10-04 00:00:00","electronic","exchange",2,"[PREMIUM]","2"
"Zm9hvJ0MYgr","2026-08-25 23:59:29.724","2026-08-25 23:59:29.724","Zm9hvJ0MYgr","18495889","[PREMIUM]","[PREMIUM]","[PREMIUM]","LC9","Legends Club 9","1",2,"[]","2026-10-04 00:00:00","electronic","exchange",1,"[PREMIUM]","2"
"Zm9hvJ0OzP0","2026-08-25 23:59:29.724","2026-08-27 01:22:37.017","Zm9hvJ0OzP0","18495889","[PREMIUM]","[PREMIUM]","[PREMIUM]","120","Section 120","2",2,"[]","2026-10-04 00:00:00","electronic","exchange",0,"[PREMIUM]","2"
"Zm9hvJ0MY0M","2026-08-25 23:59:29.724","2026-08-25 23:59:29.724","Zm9hvJ0MY0M","18495889","[PREMIUM]","[PREMIUM]","[PREMIUM]","101","Section 101","8",2,"[]","2026-10-04 00:00:00","electronic","exchange",2,"[PREMIUM]","2"
"Zm9hvJqDZa3","2026-08-25 23:59:29.724","2026-08-25 23:59:29.724","Zm9hvJqDZa3","18495889","[PREMIUM]","[PREMIUM]","[PREMIUM]","116","Section 116","15",2,"[]","2026-10-04 00:00:00","electronic","exchange",0,"[PREMIUM]","2"
"Zm9hvJq6LNg","2026-08-25 23:59:29.724","2026-08-25 23:59:29.724","Zm9hvJq6LNg","18495889","[PREMIUM]","[PREMIUM]","[PREMIUM]","LC7","Legends Club 7","2",2,"[]","2026-10-04 00:00:00","electronic","exchange",1,"[PREMIUM]","2"
"Zm9hvJqbR78","2026-08-25 23:59:29.724","2026-09-03 00:54:09.435","Zm9hvJqbR78","18495889","[PREMIUM]","[PREMIUM]","[PREMIUM]","A115","Section ADA 115","26",2,"[]","2026-10-03 00:00:00","electronic","exchange",1,"[PREMIUM]","2"
"Zm9hvJqv5n2","2026-08-25 23:59:29.724","2026-09-07 13:44:40.996","Zm9hvJqv5n2","18495889","[PREMIUM]","[PREMIUM]","[PREMIUM]","DRM6","Drink Rail Mezzanine 6","5",2,"[]","2026-10-04 00:00:00","electronic","exchange",3,"[PREMIUM]","2"
"Zm9hvJqv5R5","2026-08-25 23:59:29.724","2026-09-07 13:44:40.996","Zm9hvJqv5R5","18495889","[PREMIUM]","[PREMIUM]","[PREMIUM]","113A","Section 113 A","6",2,"[]","2026-10-04 00:00:00","electronic","exchange",1,"[PREMIUM]","2"
"Zm9hvJqv5G5","2026-08-25 23:59:29.724","2026-09-07 13:44:40.996","Zm9hvJqv5G5","18495889","[PREMIUM]","[PREMIUM]","[PREMIUM]","225","Section 225","12",2,"[]","2026-10-04 00:00:00","electronic","exchange",1,"[PREMIUM]","2"
"Zm9hvJqv552","2026-08-25 23:59:29.724","2026-09-07 13:44:40.996","Zm9hvJqv552","18495889","[PREMIUM]","[PREMIUM]","[PREMIUM]","M12","Mezzanine 12","4",2,"[]","2026-10-04 00:00:00","electronic","exchange",0,"[PREMIUM]","2"
"Zm9hvJqNEzX","2026-08-25 23:59:29.724","2026-09-07 13:44:40.996","Zm9hvJqNEzX","18495889","[PREMIUM]","[PREMIUM]","[PREMIUM]","LC3","Legends Club 3","1",2,"[]","2026-10-04 00:00:00","electronic","exchange",0,"[PREMIUM]","2"
"agktlMLEvMD","2026-08-25 23:59:29.724","2026-08-28 11:23:06.460","agktlMLEvMD","18495889","[PREMIUM]","[PREMIUM]","[PREMIUM]","117","Section 117","1",2,"[]","2026-10-04 00:00:00","electronic","exchange",0,"[PREMIUM]","2"
"agktlMLEv0b","2026-08-25 23:59:29.724","2026-08-27 01:22:37.017","agktlMLEv0b","18495889","[PREMIUM]","[PREMIUM]","[PREMIUM]","110","Section 110","11",2,"[]","2026-10-04 00:00:00","electronic","exchange",2,"[PREMIUM]","2"
"agktlML9kkv","2026-08-25 23:59:29.724","2026-08-28 02:20:55.892","agktlML9kkv","18495889","[PREMIUM]","[PREMIUM]","[PREMIUM]","229","Section 229","12",2,"[]","2026-10-02 00:00:00","electronic","exchange",1,"[PREMIUM]","1,2"
"agktlML3EgK","2026-08-25 23:59:29.724","2026-08-25 23:59:29.724","agktlML3EgK","18495889","[PREMIUM]","[PREMIUM]","[PREMIUM]","106","Section 106","13",2,"[]","2026-10-04 00:00:00","electronic","exchange",0,"[PREMIUM]","2"
"agktlMLg9pV","2026-08-25 23:59:29.724","2026-08-25 23:59:29.724","agktlMLg9pV","18495889","[PREMIUM]","[PREMIUM]","[PREMIUM]","122","Section 122","20",4,"[]","2026-10-04 00:00:00","electronic","exchange",3,"[PREMIUM]","1,2,3,4"
"agktlMLlea0","2026-08-25 23:59:29.724","2026-09-07 13:44:40.996","agktlMLlea0","18495889","[PREMIUM]","[PREMIUM]","[PREMIUM]","209","Section 209","4",6,"[]","2026-10-04 00:00:00","electronic","exchange",1,"[PREMIUM]","1,2,3,4,5,6"
"agktlMLleZ0","2026-08-25 23:59:29.724","2026-09-07 13:44:40.996","agktlMLleZ0","18495889","[PREMIUM]","[PREMIUM]","[PREMIUM]","DRM3","Drink Rail Mezzanine 3","5",2,"[]","2026-10-04 00:00:00","electronic","exchange",2,"[PREMIUM]","2"
"agktlMLleKJ","2026-08-25 23:59:29.724","2026-09-07 13:44:40.996","agktlMLleKJ","18495889","[PREMIUM]","[PREMIUM]","[PREMIUM]","M24","Mezzanine 24","4",2,"[]","2026-10-04 00:00:00","electronic","exchange",1,"[PREMIUM]","2"
"agktlMLEvgb","2026-08-25 23:59:29.724","2026-09-07 13:44:40.996","agktlMLEvgb","18495889","[PREMIUM]","[PREMIUM]","[PREMIUM]","112","Section 112","5",4,"[]","2026-10-04 00:00:00","electronic","exchange",1,"[PREMIUM]","1,2,3,4"
"agktlMLEvDD","2026-08-25 23:59:29.724","2026-09-07 13:44:40.996","agktlMLEvDD","18495889","[PREMIUM]","[PREMIUM]","[PREMIUM]","107","Section 107","14",6,"[]","2026-10-04 00:00:00","electronic","exchange",0,"[PREMIUM]","1,2,3,4,5,6"
"agktlMpAYb8","2026-08-25 23:59:29.724","2026-08-25 23:59:29.724","agktlMpAYb8","18495889","[PREMIUM]","[PREMIUM]","[PREMIUM]","113","Section 113","10",2,"[]","2026-10-04 00:00:00","electronic","exchange",1,"[PREMIUM]","2"
"agktlMpeYv0","2026-08-25 23:59:29.724","2026-09-06 11:29:38.890","agktlMpeYv0","18495889","[PREMIUM]","[PREMIUM]","[PREMIUM]","103","Section 103","6",2,"['1','2']","2026-10-02 00:00:00","electronic","exchange",5,"[PREMIUM]","2"
"agktlML0j8A","2026-08-25 23:59:29.724","2026-09-07 10:06:13.539","agktlML0j8A","18495889","[PREMIUM]","[PREMIUM]","[PREMIUM]","109","Section 109","10",8,"[]","2026-10-04 00:00:00","electronic","exchange",2,"[PREMIUM]","1,2,3,4,5,6,7,8"
"b4wUaop0Ygz","2026-08-25 23:59:29.724","2026-08-25 23:59:29.724","b4wUaop0Ygz","18495889","[PREMIUM]","[PREMIUM]","[PREMIUM]","112","Section 112","12",4,"[]","2026-10-04 00:00:00","electronic","exchange",0,"[PREMIUM]","2,4"
"b4wUaopxREP","2026-08-25 23:59:29.724","2026-08-25 23:59:29.724","b4wUaopxREP","18495889","[PREMIUM]","[PREMIUM]","[PREMIUM]","119","Section 119","13",4,"[]","2026-10-04 00:00:00","electronic","exchange",0,"[PREMIUM]","2,4"
"b4wUaozax7K","2026-08-25 23:59:29.724","2026-08-28 11:23:06.460","b4wUaozax7K","18495889","[PREMIUM]","[PREMIUM]","[PREMIUM]","211","Section 211","1",4,"[]","2026-10-04 00:00:00","electronic","exchange",0,"[PREMIUM]","1,2,3,4"
"b4wUaozRVD2","2026-08-25 23:59:29.724","2026-08-27 01:22:37.017","b4wUaozRVD2","18495889","[PREMIUM]","[PREMIUM]","[PREMIUM]","118","Section 118","14",4,"[]","2026-10-04 00:00:00","electronic","exchange",1,"[PREMIUM]","1,2,3,4"
"b4wUaozRVG0","2026-08-25 23:59:29.724","2026-09-03 00:54:09.435","b4wUaozRVG0","18495889","[PREMIUM]","[PREMIUM]","[PREMIUM]","106","Section 106","8",4,"[]","2026-10-04 00:00:00","electronic","exchange",0,"[PREMIUM]","1,2,3,4"
"b4wUaozaxxo","2026-08-25 23:59:29.724","2026-09-07 13:44:40.996","b4wUaozaxxo","18495889","[PREMIUM]","[PREMIUM]","[PREMIUM]","M28","Mezzanine 28","2",6,"[]","2026-10-04 00:00:00","electronic","exchange",0,"[PREMIUM]","1,2,3,4,5,6"
"b4wUaozaxZo","2026-08-25 23:59:29.724","2026-09-07 13:44:40.996","b4wUaozaxZo","18495889","[PREMIUM]","[PREMIUM]","[PREMIUM]","DRM23","Drink Rail Mezzanine 23","5",2,"[]","2026-10-04 00:00:00","electronic","exchange",3,"[PREMIUM]","2"
"b4wUaozaxPK","2026-08-25 23:59:29.724","2026-09-07 13:44:40.996","b4wUaozaxPK","18495889","[PREMIUM]","[PREMIUM]","[PREMIUM]","102","Section 102","8",4,"[]","2026-10-04 00:00:00","electronic","exchange",1,"[PREMIUM]","1,2,3,4"
"b4wUaozRVgD","2026-08-25 23:59:29.724","2026-09-07 13:44:40.996","b4wUaozRVgD","18495889","[PREMIUM]","[PREMIUM]","[PREMIUM]","A123","Section ADA 123","24",4,"[]","2026-10-04 00:00:00","electronic","exchange",2,"[PREMIUM]","1,2,3,4"
"b4wUaozRVN2","2026-08-25 23:59:29.724","2026-09-07 13:44:40.996","b4wUaozRVN2","18495889","[PREMIUM]","[PREMIUM]","[PREMIUM]","116","Section 116","5",2,"[]","2026-10-04 00:00:00","electronic","exchange",1,"[PREMIUM]","2"
"b4wUaoz4bDm","2026-08-25 23:59:29.724","2026-09-07 13:44:40.996","b4wUaoz4bDm","18495889","[PREMIUM]","[PREMIUM]","[PREMIUM]","125","Section 125","8",8,"[]","2026-10-04 00:00:00","electronic","exchange",0,"[PREMIUM]","1,2,3,4,5,6,7,8"
"dNgUgpBGdOm","2026-08-25 23:59:29.724","2026-08-25 23:59:29.724","dNgUgpBGdOm","18495889","[PREMIUM]","[PREMIUM]","[PREMIUM]","102","Section 102","8",4,"[]","2026-10-04 00:00:00","electronic","exchange",1,"[PREMIUM]","2,4"
"dNgUgpBwVv0","2026-08-25 23:59:29.724","2026-08-25 23:59:29.724","dNgUgpBwVv0","18495889","[PREMIUM]","[PREMIUM]","[PREMIUM]","125","Section 125","9",2,"[]","2026-10-04 00:00:00","electronic","exchange",0,"[PREMIUM]","2"
"dNgUgpRZn5x","2026-08-25 23:59:29.724","2026-08-25 23:59:29.724","dNgUgpRZn5x","18495889","[PREMIUM]","[PREMIUM]","[PREMIUM]","LC9","Legends Club 9","1",4,"[]","2026-10-04 00:00:00","electronic","exchange",1,"[PREMIUM]","1,2,3,4"
"dNgUgpR5zJ0","2026-08-25 23:59:29.724","2026-09-07 10:06:13.539","dNgUgpR5zJ0","18495889","[PREMIUM]","[PREMIUM]","[PREMIUM]","110","Section 110","10",6,"[]","2026-10-04 00:00:00","electronic","exchange",2,"[PREMIUM]","1,2,3,4,5,6"
"dNgUgpRgww6","2026-08-25 23:59:29.724","2026-09-07 13:44:40.996","dNgUgpRgww6","18495889","[PREMIUM]","[PREMIUM]","[PREMIUM]","A115","Section ADA 115","26",4,"[]","2026-10-04 00:00:00","electronic","exchange",1,"[PREMIUM]","1,2,3,4"
"dNgUgpRgwqz","2026-08-25 23:59:29.724","2026-09-07 13:44:40.996","dNgUgpRgwqz","18495889","[PREMIUM]","[PREMIUM]","[PREMIUM]","212","Section 212","12",7,"[]","2026-10-04 00:00:00","electronic","exchange",0,"[PREMIUM]","1,2,3,4,5,6,7"
"dNgUgpRgwdz","2026-08-25 23:59:29.724","2026-09-07 13:44:40.996","dNgUgpRgwdz","18495889","[PREMIUM]","[PREMIUM]","[PREMIUM]","113A","Section 113 A","9",2,"[]","2026-10-04 00:00:00","electronic","exchange",1,"[PREMIUM]","2"
"dNgUgpRgwL6","2026-08-25 23:59:29.724","2026-09-07 13:44:40.996","dNgUgpRgwL6","18495889","[PREMIUM]","[PREMIUM]","[PREMIUM]","DRM24","Drink Rail Mezzanine 24","5",2,"[]","2026-10-04 00:00:00","electronic","exchange",2,"[PREMIUM]","2"
"dNgUgpRZn6n","2026-08-25 23:59:29.724","2026-09-07 13:44:40.996","dNgUgpRZn6n","18495889","[PREMIUM]","[PREMIUM]","[PREMIUM]","106","Section 106","7",6,"[]","2026-10-04 00:00:00","electronic","exchange",0,"[PREMIUM]","1,2,3,4,5,6"
"dNgUgpRZnJr","2026-08-25 23:59:29.724","2026-09-07 13:44:40.996","dNgUgpRZnJr","18495889","[PREMIUM]","[PREMIUM]","[PREMIUM]","118A","Section 118 A","11",2,"[]","2026-10-04 00:00:00","electronic","exchange",1,"[PREMIUM]","2"
"eeacK8bKzaz","2026-08-25 23:59:29.724","2026-09-07 13:44:40.996","eeacK8bKzaz","18495889","[PREMIUM]","[PREMIUM]","[PREMIUM]","FLR103","Floor 103","3",4,"[]","2026-10-04 00:00:00","electronic","exchange",1,"[PREMIUM]","1,2,3,4"
"eeacK8bKzEB","2026-08-25 23:59:29.724","2026-09-07 13:44:40.996","eeacK8bKzEB","18495889","[PREMIUM]","[PREMIUM]","[PREMIUM]","M6","Mezzanine 6","3",4,"[]","2026-10-04 00:00:00","electronic","exchange",2,"[PREMIUM]","1,2,3,4"
"eeacK8b5ovJ","2026-08-25 23:59:29.724","2026-09-07 13:44:40.996","eeacK8b5ovJ","18495889","[PREMIUM]","[PREMIUM]","[PREMIUM]","108","Section 108","12",4,"[]","2026-10-04 00:00:00","electronic","exchange",1,"[PREMIUM]","1,2,3,4"
"eeacK8b5oGq","2026-08-25 23:59:29.724","2026-09-07 13:44:40.996","eeacK8b5oGq","18495889","[PREMIUM]","[PREMIUM]","[PREMIUM]","113","Section 113","15",2,"[]","2026-10-04 00:00:00","electronic","exchange",1,"[PREMIUM]","2"
"eeacK8b5o9J","2026-08-25 23:59:29.724","2026-09-07 13:44:40.996","eeacK8b5o9J","18495889","[PREMIUM]","[PREMIUM]","[PREMIUM]","120","Section 120","15",2,"[]","2026-10-04 00:00:00","electronic","exchange",0,"[PREMIUM]","2"
"eeacK8bZ585","2026-08-25 23:59:29.724","2026-08-25 23:59:29.724","eeacK8bZ585","18495889","[PREMIUM]","[PREMIUM]","[PREMIUM]","101","Section 101","8",2,"[]","2026-10-04 00:00:00","electronic","exchange",2,"[PREMIUM]","2"
"eeacK8dPXn4","2026-08-25 23:59:29.724","2026-08-25 23:59:29.724","eeacK8dPXn4","18495889","[PREMIUM]","[PREMIUM]","[PREMIUM]","108","Section 108","13",4,"[]","2026-10-04 00:00:00","electronic","exchange",3,"[PREMIUM]","2,4"
"eeacK8dPqoD","2026-08-25 23:59:29.724","2026-08-25 23:59:29.724","eeacK8dPqoD","18495889","[PREMIUM]","[PREMIUM]","[PREMIUM]","122","Section 122","17",6,"[]","2026-10-04 00:00:00","electronic","exchange",2,"[PREMIUM]","2,3,4,6"
"eeacK8b5o8k","2026-08-25 23:59:29.724","2026-09-03 00:54:09.435","eeacK8b5o8k","18495889","[PREMIUM]","[PREMIUM]","[PREMIUM]","119","Section 119","13",4,"[]","2026-10-04 00:00:00","electronic","exchange",0,"[PREMIUM]","1,2,3,4"
"g48Ur6ArYE8","2026-08-25 23:59:29.724","2026-08-31 01:24:15.758","g48Ur6ArYE8","18495889","[PREMIUM]","[PREMIUM]","[PREMIUM]","214","Section 214","2",4,"[]","2026-10-04 00:00:00","electronic","exchange",1,"[PREMIUM]","1,2,3,4"
"g48Ur6A2lPD","2026-08-25 23:59:29.724","2026-08-25 23:59:29.724","g48Ur6A2lPD","18495889","[PREMIUM]","[PREMIUM]","[PREMIUM]","116","Section 116","19",2,"[]","2026-10-04 00:00:00","electronic","exchange",1,"[PREMIUM]","2"
"g48Ur6AG7nv","2026-08-25 23:59:29.724","2026-09-07 13:44:40.996","g48Ur6AG7nv","18495889","[PREMIUM]","[PREMIUM]","[PREMIUM]","101","Section 101","8",2,"[]","2026-10-04 00:00:00","electronic","exchange",1,"[PREMIUM]","2"
"g48Ur6AG7jx","2026-08-25 23:59:29.724","2026-09-07 13:44:40.996","g48Ur6AG7jx","18495889","[PREMIUM]","[PREMIUM]","[PREMIUM]","LC1","Legends Club 1","1",2,"[]","2026-10-04 00:00:00","electronic","exchange",0,"[PREMIUM]","2"
"g48Ur6AG7bv","2026-08-25 23:59:29.724","2026-09-07 13:44:40.996","g48Ur6AG7bv","18495889","[PREMIUM]","[PREMIUM]","[PREMIUM]","126","Section 126","15",2,"[]","2026-10-04 00:00:00","electronic","exchange",1,"[PREMIUM]","2"
"g48Ur6AG7LY","2026-08-25 23:59:29.724","2026-09-07 13:44:40.996","g48Ur6AG7LY","18495889","[PREMIUM]","[PREMIUM]","[PREMIUM]","122","Section 122","12",6,"[]","2026-10-04 00:00:00","electronic","exchange",2,"[PREMIUM]","1,2,3,4,5,6"
"g48Ur6AG760","2026-08-25 23:59:29.724","2026-09-07 13:44:40.996","g48Ur6AG760","18495889","[PREMIUM]","[PREMIUM]","[PREMIUM]","112","Section 112","7",4,"[]","2026-10-04 00:00:00","electronic","exchange",0,"[PREMIUM]","1,2,3,4"
"g48Ur6AG70x","2026-08-25 23:59:29.724","2026-09-07 13:44:40.996","g48Ur6AG70x","18495889","[PREMIUM]","[PREMIUM]","[PREMIUM]","125","Section 125","4",6,"[]","2026-10-04 00:00:00","electronic","exchange",1,"[PREMIUM]","1,2,3,4,5,6"
"g48Ur6Aj9n7","2026-08-25 23:59:29.724","2026-09-07 10:06:13.539","g48Ur6Aj9n7","18495889","[PREMIUM]","[PREMIUM]","[PREMIUM]","108","Section 108","9",4,"[]","2026-10-04 00:00:00","electronic","exchange",2,"[PREMIUM]","1,2,3,4"
"g48Ur6pqknj","2026-08-25 23:59:29.724","2026-08-25 23:59:29.724","g48Ur6pqknj","18495889","[PREMIUM]","[PREMIUM]","[PREMIUM]","DRM25","Drink Rail Mezzanine 25","5",2,"[]","2026-10-04 00:00:00","electronic","exchange",4,"[PREMIUM]","2"
"g48Ur6pYvdZ","2026-08-25 23:59:29.724","2026-09-07 13:44:40.996","g48Ur6pYvdZ","18495889","[PREMIUM]","[PREMIUM]","[PREMIUM]","101","Section 101","14",4,"['9','10','11','12']","2026-10-02 00:00:00","electronic","exchange",2,"[PREMIUM]","4"
"jDvszkAEO27","2026-08-25 23:59:29.724","2026-09-01 00:04:51.565","jDvszkAEO27","18495889","[PREMIUM]","[PREMIUM]","[PREMIUM]","122","Section 122","20",4,"[]","2026-10-04 00:00:00","electronic","exchange",1,"[PREMIUM]","1,2,3,4"
"jDvszkAAoad","2026-08-25 23:59:29.724","2026-08-28 02:20:55.892","jDvszkAAoad","18495889","[PREMIUM]","[PREMIUM]","[PREMIUM]","215","Section 215","5",4,"[]","2026-10-02 00:00:00","electronic","exchange",2,"[PREMIUM]","1,2,3,4"
"jDvszkAzrrD","2026-08-25 23:59:29.724","2026-09-07 13:44:40.996","jDvszkAzrrD","18495889","[PREMIUM]","[PREMIUM]","[PREMIUM]","M13","Mezzanine 13","4",2,"[]","2026-10-04 00:00:00","electronic","exchange",1,"[PREMIUM]","2"
"jDvszkAzrmE","2026-08-25 23:59:29.724","2026-09-07 13:44:40.996","jDvszkAzrmE","18495889","[PREMIUM]","[PREMIUM]","[PREMIUM]","228","Section 228","1",4,"[]","2026-10-04 00:00:00","electronic","exchange",0,"[PREMIUM]","1,2,3,4"
"jDvszkAqmll","2026-08-25 23:59:29.724","2026-09-07 13:44:40.996","jDvszkAqmll","18495889","[PREMIUM]","[PREMIUM]","[PREMIUM]","M26","Mezzanine 26","2",4,"[]","2026-10-04 00:00:00","electronic","exchange",0,"[PREMIUM]","1,2,4"
"jDvszkAEOkl","2026-08-25 23:59:29.724","2026-09-07 13:44:40.996","jDvszkAEOkl","18495889","[PREMIUM]","[PREMIUM]","[PREMIUM]","126A","Section 126 A","10",2,"[]","2026-10-04 00:00:00","electronic","exchange",1,"[PREMIUM]","2"
"jDvszkAEOdX","2026-08-25 23:59:29.724","2026-09-07 13:44:40.996","jDvszkAEOdX","18495889","[PREMIUM]","[PREMIUM]","[PREMIUM]","LC6","Legends Club 6","2",2,"[]","2026-10-04 00:00:00","electronic","exchange",1,"[PREMIUM]","2"
"jDvszkAEOMA","2026-08-25 23:59:29.724","2026-09-07 13:44:40.996","jDvszkAEOMA","18495889","[PREMIUM]","[PREMIUM]","[PREMIUM]","113","Section 113","14",8,"[]","2026-10-04 00:00:00","electronic","exchange",1,"[PREMIUM]","1,2,3,4,5,6,7,8"
"jDvszkAEO3l","2026-08-25 23:59:29.724","2026-09-07 13:44:40.996","jDvszkAEO3l","18495889","[PREMIUM]","[PREMIUM]","[PREMIUM]","106","Section 106","23",2,"[]","2026-10-04 00:00:00","electronic","exchange",0,"[PREMIUM]","2"
"jDvszkj5aKG","2026-08-25 23:59:29.724","2026-08-25 23:59:29.724","jDvszkj5aKG","18495889","[PREMIUM]","[PREMIUM]","[PREMIUM]","DRM11","Drink Rail Mezzanine 11","5",2,"[]","2026-10-04 00:00:00","electronic","exchange",3,"[PREMIUM]","2"
"jDvszkj5exL","2026-08-25 23:59:29.724","2026-08-25 23:59:29.724","jDvszkj5exL","18495889","[PREMIUM]","[PREMIUM]","[PREMIUM]","110","Section 110","18",6,"[]","2026-10-04 00:00:00","electronic","exchange",2,"[PREMIUM]","2,3,4,6"
"kYet9mOv30G","2026-08-25 23:59:29.724","2026-08-25 23:59:29.724","kYet9mOv30G","18495889","[PREMIUM]","[PREMIUM]","[PREMIUM]","115","Section 115","5",2,"[]","2026-10-04 00:00:00","electronic","exchange",2,"[PREMIUM]","2"
"kYet9mzLNjd","2026-08-25 23:59:29.724","2026-08-27 01:22:37.017","kYet9mzLNjd","18495889","[PREMIUM]","[PREMIUM]","[PREMIUM]","117","Section 117","27",2,"[]","2026-10-04 00:00:00","electronic","exchange",1,"[PREMIUM]","2"
"kYet9mzLN8e","2026-08-25 23:59:29.724","2026-08-27 01:22:37.017","kYet9mzLN8e","18495889","[PREMIUM]","[PREMIUM]","[PREMIUM]","108","Section 108","2",2,"[]","2026-10-04 00:00:00","electronic","exchange",0,"[PREMIUM]","2"
"kYet9mzzY4Z","2026-08-25 23:59:29.724","2026-08-28 02:20:55.892","kYet9mzzY4Z","18495889","[PREMIUM]","[PREMIUM]","[PREMIUM]","214","Section 214","12",2,"[]","2026-10-02 00:00:00","electronic","exchange",1,"[PREMIUM]","1,2"
"kYet9mzzYBv","2026-08-25 23:59:29.724","2026-08-28 02:20:55.892","kYet9mzzYBv","18495889","[PREMIUM]","[PREMIUM]","[PREMIUM]","223","Section 223","4",4,"[]","2026-10-02 00:00:00","electronic","exchange",2,"[PREMIUM]","1,2,3,4"
"kYet9mzgdKx","2026-08-25 23:59:29.724","2026-08-28 02:20:55.892","kYet9mzgdKx","18495889","[PREMIUM]","[PREMIUM]","[PREMIUM]","227","Section 227","12",3,"[]","2026-10-02 00:00:00","electronic","exchange",1,"[PREMIUM]","1,2,3"
"kYet9mzjLlm","2026-08-25 23:59:29.724","2026-08-28 11:23:06.460","kYet9mzjLlm","18495889","[PREMIUM]","[PREMIUM]","[PREMIUM]","109","Section 109","17",8,"[]","2026-10-04 00:00:00","electronic","exchange",1,"[PREMIUM]","1,2,3,4,5,6,7,8"
"kYet9mzLNge","2026-08-25 23:59:29.724","2026-09-07 10:06:13.539","kYet9mzLNge","18495889","[PREMIUM]","[PREMIUM]","[PREMIUM]","122","Section 122","5",3,"[]","2026-10-04 00:00:00","electronic","exchange",1,"[PREMIUM]","1,2,3"
"kYet9mzbV0L","2026-08-25 23:59:29.724","2026-09-07 13:44:40.996","kYet9mzbV0L","18495889","[PREMIUM]","[PREMIUM]","[PREMIUM]","A102","Section ADA 102","26",2,"[]","2026-10-04 00:00:00","electronic","exchange",1,"[PREMIUM]","2"
"kYet9mzLNZ5","2026-08-25 23:59:29.724","2026-09-07 13:44:40.996","kYet9mzLNZ5","18495889","[PREMIUM]","[PREMIUM]","[PREMIUM]","113","Section 113","26",2,"[]","2026-10-04 00:00:00","electronic","exchange",1,"[PREMIUM]","2"
"kYet9mzLNGM","2026-08-25 23:59:29.724","2026-09-07 13:44:40.996","kYet9mzLNGM","18495889","[PREMIUM]","[PREMIUM]","[PREMIUM]","108","Section 108","11",6,"[]","2026-10-04 00:00:00","electronic","exchange",1,"[PREMIUM]","1,2,3,4,5,6"
"kYet9mzLN6d","2026-08-25 23:59:29.724","2026-09-07 13:44:40.996","kYet9mzLN6d","18495889","[PREMIUM]","[PREMIUM]","[PREMIUM]","A118","Section ADA 118","25",2,"[]","2026-10-04 00:00:00","electronic","exchange",1,"[PREMIUM]","2"
"kYet9mz9wnO","2026-08-25 23:59:29.724","2026-09-07 13:44:40.996","kYet9mz9wnO","18495889","[PREMIUM]","[PREMIUM]","[PREMIUM]","109","Section 109","16",4,"[]","2026-10-04 00:00:00","electronic","exchange",2,"[PREMIUM]","1,2,3,4"
"kYet9mz9wX9","2026-08-25 23:59:29.724","2026-09-07 13:44:40.996","kYet9mz9wX9","18495889","[PREMIUM]","[PREMIUM]","[PREMIUM]","M7","Mezzanine 7","2",4,"[]","2026-10-04 00:00:00","electronic","exchange",1,"[PREMIUM]","1,2,3,4"
"kYet9mz9w7O","2026-08-25 23:59:29.724","2026-09-07 13:44:40.996","kYet9mz9w7O","18495889","[PREMIUM]","[PREMIUM]","[PREMIUM]","DRM4","Drink Rail Mezzanine 4","5",2,"[]","2026-10-04 00:00:00","electronic","exchange",2,"[PREMIUM]","2"
"lxVsdRDDJ9B","2026-08-25 23:59:29.724","2026-08-28 02:20:55.892","lxVsdRDDJ9B","18495889","[PREMIUM]","[PREMIUM]","[PREMIUM]","213","Section 213","12",2,"[]","2026-10-02 00:00:00","electronic","exchange",1,"[PREMIUM]","1,2"
"lxVsdRDqK9b","2026-08-25 23:59:29.724","2026-09-01 00:04:51.565","lxVsdRDqK9b","18495889","[PREMIUM]","[PREMIUM]","[PREMIUM]","117","Section 117","8",8,"[]","2026-10-04 00:00:00","electronic","exchange",1,"[PREMIUM]","1,2,3,4,5,6,7,8"
"lxVsdRDjmjv","2026-08-25 23:59:29.724","2026-08-28 02:20:55.892","lxVsdRDjmjv","18495889","[PREMIUM]","[PREMIUM]","[PREMIUM]","103","Section 103","22",4,"[]","2026-10-02 00:00:00","electronic","exchange",1,"[PREMIUM]","1,2,3,4"
"lxVsdRZX3mP","2026-08-25 23:59:29.724","2026-08-25 23:59:29.724","lxVsdRZX3mP","18495889","[PREMIUM]","[PREMIUM]","[PREMIUM]","111","Section 111","12",2,"[]","2026-10-04 00:00:00","electronic","exchange",0,"[PREMIUM]","2"
"lxVsdRZXz9G","2026-08-25 23:59:29.724","2026-08-25 23:59:29.724","lxVsdRZXz9G","18495889","[PREMIUM]","[PREMIUM]","[PREMIUM]","M30","Mezzanine 30","1",2,"[]","2026-10-04 00:00:00","electronic","exchange",0,"[PREMIUM]","2"
"lxVsdRZXP4E","2026-08-25 23:59:29.724","2026-08-25 23:59:29.724","lxVsdRZXP4E","18495889","[PREMIUM]","[PREMIUM]","[PREMIUM]","M15","Mezzanine 15","4",2,"[]","2026-10-04 00:00:00","electronic","exchange",2,"[PREMIUM]","2"
"lxVsdRZX8Zw","2026-08-25 23:59:29.724","2026-08-25 23:59:29.724","lxVsdRZX8Zw","18495889","[PREMIUM]","[PREMIUM]","[PREMIUM]","209","Section 209","2",6,"[]","2026-10-04 00:00:00","electronic","exchange",2,"[PREMIUM]","2,3,4,6"
"lxVsdRZX3v5","2026-08-25 23:59:29.724","2026-08-25 23:59:29.724","lxVsdRZX3v5","18495889","[PREMIUM]","[PREMIUM]","[PREMIUM]","M17","Mezzanine 17","1",2,"[]","2026-10-04 00:00:00","electronic","exchange",1,"[PREMIUM]","2"
"lxVsdRDqK4a","2026-08-25 23:59:29.724","2026-09-07 10:06:13.539","lxVsdRDqK4a","18495889","[PREMIUM]","[PREMIUM]","[PREMIUM]","110","Section 110","14",4,"[]","2026-10-04 00:00:00","electronic","exchange",2,"[PREMIUM]","1,2,3,4"
"lxVsdRDqKVr","2026-08-25 23:59:29.724","2026-09-07 13:44:40.996","lxVsdRDqKVr","18495889","[PREMIUM]","[PREMIUM]","[PREMIUM]","101","Section 101","11",3,"[]","2026-10-04 00:00:00","electronic","exchange",1,"[PREMIUM]","1,2,3"
"lxVsdRDqKRb","2026-08-25 23:59:29.724","2026-09-07 13:44:40.996","lxVsdRDqKRb","18495889","[PREMIUM]","[PREMIUM]","[PREMIUM]","117","Section 117","3",4,"[]","2026-10-04 00:00:00","electronic","exchange",1,"[PREMIUM]","1,2,3,4"
"lxVsdRDqKAr","2026-08-25 23:59:29.724","2026-09-07 13:44:40.996","lxVsdRDqKAr","18495889","[PREMIUM]","[PREMIUM]","[PREMIUM]","104","Section 104","11",4,"[]","2026-10-04 00:00:00","electronic","exchange",1,"[PREMIUM]","1,2,3,4"
"lxVsdRDdxnO","2026-08-25 23:59:29.724","2026-09-07 13:44:40.996","lxVsdRDdxnO","18495889","[PREMIUM]","[PREMIUM]","[PREMIUM]","M1","Mezzanine 1","1",2,"[]","2026-10-04 00:00:00","electronic","exchange",1,"[PREMIUM]","2"
"lxVsdRDdxJO","2026-08-25 23:59:29.724","2026-09-07 13:44:40.996","lxVsdRDdxJO","18495889","[PREMIUM]","[PREMIUM]","[PREMIUM]","224","Section 224","1",8,"[]","2026-10-04 00:00:00","electronic","exchange",0,"[PREMIUM]","1,2,3,4,5,6,7,8"
"lxVsdRDdxEO","2026-08-25 23:59:29.724","2026-09-07 13:44:40.996","lxVsdRDdxEO","18495889","[PREMIUM]","[PREMIUM]","[PREMIUM]","121","Section 121","19",2,"[]","2026-10-04 00:00:00","electronic","exchange",2,"[PREMIUM]","2"
"lxVsdRDRbpR","2026-08-25 23:59:29.724","2026-09-07 13:44:40.996","lxVsdRDRbpR","18495889","[PREMIUM]","[PREMIUM]","[PREMIUM]","118","Section 118","15",2,"['15','16']","2026-10-02 00:00:00","electronic","exchange",0,"[PREMIUM]","2"
"mxAs4xDL2gE","2026-08-25 23:59:29.724","2026-08-27 01:22:37.017","mxAs4xDL2gE","18495889","[PREMIUM]","[PREMIUM]","[PREMIUM]","A125","Section ADA 125","25",6,"[]","2026-10-04 00:00:00","electronic","exchange",0,"[PREMIUM]","1,2,3,4,5,6"
"mxAs4xDL2aq","2026-08-25 23:59:29.724","2026-09-02 01:06:50.283","mxAs4xDL2aq","18495889","[PREMIUM]","[PREMIUM]","[PREMIUM]","115","Section 115","13",2,"[]","2026-10-04 00:00:00","electronic","exchange",0,"[PREMIUM]","2"
"mxAs4xDL2Xx","2026-08-25 23:59:29.724","2026-08-25 23:59:29.724","mxAs4xDL2Xx","18495889","[PREMIUM]","[PREMIUM]","[PREMIUM]","LC8","Legends Club 8","3",4,"[]","2026-10-04 00:00:00","electronic","exchange",2,"[PREMIUM]","1,2,3,4"
"mxAs4xDD0wR","2026-08-25 23:59:29.724","2026-08-28 02:20:55.892","mxAs4xDD0wR","18495889","[PREMIUM]","[PREMIUM]","[PREMIUM]","117","Section 117","27",4,"[]","2026-10-02 00:00:00","electronic","exchange",1,"[PREMIUM]","1,2,3,4"
"mxAs4xD4RwG","2026-08-25 23:59:29.724","2026-09-01 00:04:51.565","mxAs4xD4RwG","18495889","[PREMIUM]","[PREMIUM]","[PREMIUM]","208","Section 208","4",2,"[]","2026-10-04 00:00:00","electronic","exchange",1,"[PREMIUM]","2"
"mxAs4xD4RMG","2026-08-25 23:59:29.724","2026-08-28 11:23:06.460","mxAs4xD4RMG","18495889","[PREMIUM]","[PREMIUM]","[PREMIUM]","212","Section 212","2",8,"[]","2026-10-04 00:00:00","electronic","exchange",0,"[PREMIUM]","1,2,3,4,5,6,7,8"
"mxAs4xK0lYa","2026-08-25 23:59:29.724","2026-08-25 23:59:29.724","mxAs4xK0lYa","18495889","[PREMIUM]","[PREMIUM]","[PREMIUM]","104","Section 104","13",4,"[]","2026-10-04 00:00:00","electronic","exchange",1,"[PREMIUM]","2,4"
"mxAs4xK0dJq","2026-08-25 23:59:29.724","2026-08-25 23:59:29.724","mxAs4xK0dJq","18495889","[PREMIUM]","[PREMIUM]","[PREMIUM]","122","Section 122","15",4,"[]","2026-10-04 00:00:00","electronic","exchange",4,"[PREMIUM]","2,4"
"mxAs4xK0ar3","2026-08-25 23:59:29.724","2026-08-25 23:59:29.724","mxAs4xK0ar3","18495889","[PREMIUM]","[PREMIUM]","[PREMIUM]","M13","Mezzanine 13","4",2,"[]","2026-10-04 00:00:00","electronic","exchange",2,"[PREMIUM]","2"
"mxAs4xK0R9N","2026-08-25 23:59:29.724","2026-08-25 23:59:29.724","mxAs4xK0R9N","18495889","[PREMIUM]","[PREMIUM]","[PREMIUM]","M6","Mezzanine 6","3",4,"[]","2026-10-04 00:00:00","electronic","exchange",3,"[PREMIUM]","2,4"
"mxAs4xDL2OJ","2026-08-25 23:59:29.724","2026-09-07 10:06:13.539","mxAs4xDL2OJ","18495889","[PREMIUM]","[PREMIUM]","[PREMIUM]","123","Section 123","11",3,"[]","2026-10-04 00:00:00","electronic","exchange",2,"[PREMIUM]","1,2,3"
"mxAs4xKR8kV","2026-08-25 23:59:29.724","2026-08-25 23:59:29.724","mxAs4xKR8kV","18495889","[PREMIUM]","[PREMIUM]","[PREMIUM]","225","Section 225","1",4,"[]","2026-10-04 00:00:00","electronic","exchange",1,"[PREMIUM]","2,4"
"mxAs4xDL2vE","2026-08-25 23:59:29.724","2026-09-07 13:44:40.996","mxAs4xDL2vE","18495889","[PREMIUM]","[PREMIUM]","[PREMIUM]","105","Section 105","22",2,"[]","2026-10-04 00:00:00","electronic","exchange",1,"[PREMIUM]","2"
"mxAs4xDL2Y5","2026-08-25 23:59:29.724","2026-09-07 13:44:40.996","mxAs4xDL2Y5","18495889","[PREMIUM]","[PREMIUM]","[PREMIUM]","118","Section 118","7",2,"[]","2026-10-04 00:00:00","electronic","exchange",1,"[PREMIUM]","2"
"mxAs4xD4RkZ","2026-08-25 23:59:29.724","2026-09-07 13:44:40.996","mxAs4xD4RkZ","18495889","[PREMIUM]","[PREMIUM]","[PREMIUM]","M34","Mezzanine 34","4",3,"[]","2026-10-04 00:00:00","electronic","exchange",1,"[PREMIUM]","1,2,3"
"mxAs4xD4RRZ","2026-08-25 23:59:29.724","2026-09-07 13:44:40.996","mxAs4xD4RRZ","18495889","[PREMIUM]","[PREMIUM]","[PREMIUM]","M11","Mezzanine 11","3",2,"[]","2026-10-04 00:00:00","electronic","exchange",0,"[PREMIUM]","2"
"nx0srK26wZR","2026-08-25 23:59:29.724","2026-08-25 23:59:29.724","nx0srK26wZR","18495889","[PREMIUM]","[PREMIUM]","[PREMIUM]","115","Section 115","10",2,"[]","2026-10-04 00:00:00","electronic","exchange",1,"[PREMIUM]","2"
"nx0srK26wzR","2026-08-25 23:59:29.724","2026-08-25 23:59:29.724","nx0srK26wzR","18495889","[PREMIUM]","[PREMIUM]","[PREMIUM]","108","Section 108","21",3,"[]","2026-10-04 00:00:00","electronic","exchange",1,"[PREMIUM]","3"
"nx0srK4Opwr","2026-08-25 23:59:29.724","2026-09-02 01:06:50.283","nx0srK4Opwr","18495889","[PREMIUM]","[PREMIUM]","[PREMIUM]","M11","Mezzanine 11","3",2,"[]","2026-10-04 00:00:00","electronic","exchange",0,"[PREMIUM]","2"
"nx0srK2aX6Y","2026-08-25 23:59:29.724","2026-08-25 23:59:29.724","nx0srK2aX6Y","18495889","[PREMIUM]","[PREMIUM]","[PREMIUM]","DRM2","Drink Rail Mezzanine 2","5",3,"[]","2026-10-04 00:00:00","electronic","exchange",4,"[PREMIUM]","3"
"nx0srK2abre","2026-08-25 23:59:29.724","2026-08-25 23:59:29.724","nx0srK2abre","18495889","[PREMIUM]","[PREMIUM]","[PREMIUM]","M19A","Mezzanine 19 A","3",2,"[]","2026-10-04 00:00:00","electronic","exchange",3,"[PREMIUM]","2"
"nx0srK2amx2","2026-08-25 23:59:29.724","2026-08-25 23:59:29.724","nx0srK2amx2","18495889","[PREMIUM]","[PREMIUM]","[PREMIUM]","M7","Mezzanine 7","3",4,"[]","2026-10-04 00:00:00","electronic","exchange",2,"[PREMIUM]","2,4"
"nx0srK2ZaVB","2026-08-25 23:59:29.724","2026-09-05 01:20:35.680","nx0srK2ZaVB","18495889","[PREMIUM]","[PREMIUM]","[PREMIUM]","122","Section 122","12",6,"[]","2026-10-04 00:00:00","electronic","exchange",5,"[PREMIUM]","2,4,6"
"nx0srKAr69d","2026-08-25 23:59:29.724","2026-08-28 02:20:55.892","nx0srKAr69d","18495889","[PREMIUM]","[PREMIUM]","[PREMIUM]","122","Section 122","16",4,"[]","2026-10-04 00:00:00","electronic","exchange",1,"[PREMIUM]","1,2,3,4"
"nx0srKAA9MX","2026-08-25 23:59:29.724","2026-08-28 02:20:55.892","nx0srKAA9MX","18495889","[PREMIUM]","[PREMIUM]","[PREMIUM]","109","Section 109","23",2,"[]","2026-10-02 00:00:00","electronic","exchange",3,"[PREMIUM]","1,2"
"nx0srKAw3xE","2026-08-25 23:59:29.724","2026-08-30 00:08:20.740","nx0srKAw3xE","18495889","[PREMIUM]","[PREMIUM]","[PREMIUM]","109","Section 109","1",4,"[]","2026-10-04 00:00:00","electronic","exchange",0,"[PREMIUM]","1,2,3,4"
"nx0srKAw3gE","2026-08-25 23:59:29.724","2026-09-07 13:44:40.996","nx0srKAw3gE","18495889","[PREMIUM]","[PREMIUM]","[PREMIUM]","122","Section 122","9",6,"[]","2026-10-04 00:00:00","electronic","exchange",2,"[PREMIUM]","1,2,3,4,5,6"
"nx0srKAr6Xe","2026-08-25 23:59:29.724","2026-09-07 13:44:40.996","nx0srKAr6Xe","18495889","[PREMIUM]","[PREMIUM]","[PREMIUM]","M21","Mezzanine 21","1",2,"[]","2026-10-04 00:00:00","electronic","exchange",1,"[PREMIUM]","2"
"nx0srKAr6Dd","2026-08-25 23:59:29.724","2026-09-07 13:44:40.996","nx0srKAr6Dd","18495889","[PREMIUM]","[PREMIUM]","[PREMIUM]","228","Section 228","2",6,"[]","2026-10-04 00:00:00","electronic","exchange",0,"[PREMIUM]","1,2,3,4,5,6"
"nx0srKAr66e","2026-08-25 23:59:29.724","2026-09-07 13:44:40.996","nx0srKAr66e","18495889","[PREMIUM]","[PREMIUM]","[PREMIUM]","M30","Mezzanine 30","1",4,"[]","2026-10-04 00:00:00","electronic","exchange",0,"[PREMIUM]","1,2,3,4"
"oV7Hb6d7agV","2026-08-25 23:59:29.724","2026-08-25 23:59:29.724","oV7Hb6d7agV","18495889","[PREMIUM]","[PREMIUM]","[PREMIUM]","106","Section 106","6",2,"[]","2026-10-04 00:00:00","electronic","exchange",0,"[PREMIUM]","2"
"oV7Hb6dgKq0","2026-08-25 23:59:29.724","2026-08-28 11:23:06.460","oV7Hb6dgKq0","18495889","[PREMIUM]","[PREMIUM]","[PREMIUM]","M5","Mezzanine 5","4",2,"[]","2026-10-04 00:00:00","electronic","exchange",1,"[PREMIUM]","2"
"oV7Hb6daJgD","2026-08-25 23:59:29.724","2026-08-27 01:22:37.017","oV7Hb6daJgD","18495889","[PREMIUM]","[PREMIUM]","[PREMIUM]","106","Section 106","2",6,"[]","2026-10-04 00:00:00","electronic","exchange",0,"[PREMIUM]","1,2,3,4,5,6"
"oV7Hb6db328","2026-08-25 23:59:29.724","2026-09-07 13:44:40.996","oV7Hb6db328","18495889","[PREMIUM]","[PREMIUM]","[PREMIUM]","M7","Mezzanine 7","3",3,"[]","2026-10-04 00:00:00","electronic","exchange",1,"[PREMIUM]","1,2,3"
"oV7Hb6db3kK","2026-08-25 23:59:29.724","2026-09-07 13:44:40.996","oV7Hb6db3kK","18495889","[PREMIUM]","[PREMIUM]","[PREMIUM]","DRM20","Drink Rail Mezzanine 20","5",2,"[]","2026-10-04 00:00:00","electronic","exchange",2,"[PREMIUM]","2"
"oV7Hb6daJ6z","2026-08-25 23:59:29.724","2026-09-07 13:44:40.996","oV7Hb6daJ6z","18495889","[PREMIUM]","[PREMIUM]","[PREMIUM]","105","Section 105","9",2,"[]","2026-10-04 00:00:00","electronic","exchange",1,"[PREMIUM]","2"
"oV7Hb6daJpa","2026-08-25 23:59:29.724","2026-09-07 13:44:40.996","oV7Hb6daJpa","18495889","[PREMIUM]","[PREMIUM]","[PREMIUM]","103","Section 103","11",4,"[]","2026-10-04 00:00:00","electronic","exchange",0,"[PREMIUM]","1,2,3,4"
"oV7Hb6daJzD","2026-08-25 23:59:29.724","2026-09-07 13:44:40.996","oV7Hb6daJzD","18495889","[PREMIUM]","[PREMIUM]","[PREMIUM]","110","Section 110","21",4,"[]","2026-10-04 00:00:00","electronic","exchange",1,"[PREMIUM]","1,2,3,4"
"oV7Hb6db3k8","2026-08-25 23:59:29.724","2026-09-07 13:44:40.996","oV7Hb6db3k8","18495889","[PREMIUM]","[PREMIUM]","[PREMIUM]","M3","Mezzanine 3","3",3,"[]","2026-10-04 00:00:00","electronic","exchange",2,"[PREMIUM]","1,2,3"
"oV7Hb6db3rK","2026-08-25 23:59:29.724","2026-09-07 13:44:40.996","oV7Hb6db3rK","18495889","[PREMIUM]","[PREMIUM]","[PREMIUM]","209","Section 209","2",8,"[]","2026-10-04 00:00:00","electronic","exchange",1,"[PREMIUM]","1,2,3,4,5,6,7,8"
"oV7Hb6db3vK","2026-08-25 23:59:29.724","2026-09-07 13:44:40.996","oV7Hb6db3vK","18495889","[PREMIUM]","[PREMIUM]","[PREMIUM]","109","Section 109","17",8,"[]","2026-10-04 00:00:00","electronic","exchange",2,"[PREMIUM]","1,2,3,4,5,6,7,8"
"oV7Hb6qVeME","2026-08-25 23:59:29.724","2026-08-25 23:59:29.724","oV7Hb6qVeME","18495889","[PREMIUM]","[PREMIUM]","[PREMIUM]","115","Section 115","14",2,"[]","2026-10-04 00:00:00","electronic","exchange",1,"[PREMIUM]","2"
"oV7Hb6qV2Vk","2026-08-25 23:59:29.724","2026-08-25 23:59:29.724","oV7Hb6qV2Vk","18495889","[PREMIUM]","[PREMIUM]","[PREMIUM]","DRM32","Drink Rail Mezzanine 32","5",2,"[]","2026-10-04 00:00:00","electronic","exchange",4,"[PREMIUM]","2"
"oV7Hb6qV2ea","2026-08-25 23:59:29.724","2026-08-25 23:59:29.724","oV7Hb6qV2ea","18495889","[PREMIUM]","[PREMIUM]","[PREMIUM]","106","Section 106","9",6,"[]","2026-10-04 00:00:00","electronic","exchange",0,"[PREMIUM]","2,3,4,6"
"oV7Hb6qV5oB","2026-08-25 23:59:29.724","2026-08-25 23:59:29.724","oV7Hb6qV5oB","18495889","[PREMIUM]","[PREMIUM]","[PREMIUM]","LC7","Legends Club 7","1",2,"[]","2026-10-04 00:00:00","electronic","exchange",1,"[PREMIUM]","2"
"oV7Hb6qVraR","2026-08-25 23:59:29.724","2026-08-25 23:59:29.724","oV7Hb6qVraR","18495889","[PREMIUM]","[PREMIUM]","[PREMIUM]","110","Section 110","10",4,"[]","2026-10-04 00:00:00","electronic","exchange",2,"[PREMIUM]","2,4"
"oV7Hb6qVGqp","2026-08-25 23:59:29.724","2026-08-25 23:59:29.724","oV7Hb6qVGqp","18495889","[PREMIUM]","[PREMIUM]","[PREMIUM]","126","Section 126","15",2,"[]","2026-10-04 00:00:00","electronic","exchange",1,"[PREMIUM]","2"
"oV7Hb6qVNmP","2026-08-25 23:59:29.724","2026-08-25 23:59:29.724","oV7Hb6qVNmP","18495889","[PREMIUM]","[PREMIUM]","[PREMIUM]","FLR102","Floor 102","5",4,"[]","2026-10-04 00:00:00","electronic","exchange",1,"[PREMIUM]","2,4"
"pVXHD7JwLJb","2026-08-25 23:59:29.724","2026-08-25 23:59:29.724","pVXHD7JwLJb","18495889","[PREMIUM]","[PREMIUM]","[PREMIUM]","103","Section 103","5",2,"[]","2026-10-04 00:00:00","electronic","exchange",2,"[PREMIUM]","2"
"pVXHD7Jw9Bl","2026-08-25 23:59:29.724","2026-08-25 23:59:29.724","pVXHD7Jw9Bl","18495889","[PREMIUM]","[PREMIUM]","[PREMIUM]","123","Section 123","9",2,"[]","2026-10-04 00:00:00","electronic","exchange",3,"[PREMIUM]","2"
"pVXHD7JwbVw","2026-08-25 23:59:29.724","2026-08-25 23:59:29.724","pVXHD7JwbVw","18495889","[PREMIUM]","[PREMIUM]","[PREMIUM]","102","Section 102","14",2,"[]","2026-10-04 00:00:00","electronic","exchange",1,"[PREMIUM]","2"
"pVXHD7JwZBR","2026-08-25 23:59:29.724","2026-08-25 23:59:29.724","pVXHD7JwZBR","18495889","[PREMIUM]","[PREMIUM]","[PREMIUM]","114","Section 114","9",3,"[]","2026-10-04 00:00:00","electronic","exchange",5,"[PREMIUM]","3"
"pVXHD7JbpAl","2026-08-25 23:59:29.724","2026-08-25 23:59:29.724","pVXHD7JbpAl","18495889","[PREMIUM]","[PREMIUM]","[PREMIUM]","110","Section 110","12",2,"[]","2026-10-04 00:00:00","electronic","exchange",2,"[PREMIUM]","2"
"pVXHD7JwGBv","2026-08-25 23:59:29.724","2026-08-25 23:59:29.724","pVXHD7JwGBv","18495889","[PREMIUM]","[PREMIUM]","[PREMIUM]","121","Section 121","14",2,"[]","2026-10-04 00:00:00","electronic","exchange",3,"[PREMIUM]","2"
"pVXHD7JwLEZ","2026-08-25 23:59:29.724","2026-08-25 23:59:29.724","pVXHD7JwLEZ","18495889","[PREMIUM]","[PREMIUM]","[PREMIUM]","103","Section 103","15",4,"[]","2026-10-04 00:00:00","electronic","exchange",1,"[PREMIUM]","2,4"
"pVXHD7JwL22","2026-08-25 23:59:29.724","2026-08-25 23:59:29.724","pVXHD7JwL22","18495889","[PREMIUM]","[PREMIUM]","[PREMIUM]","109","Section 109","13",6,"[]","2026-10-04 00:00:00","electronic","exchange",4,"[PREMIUM]","2,3,4,6"
"pVXHD7zzeEN","2026-08-25 23:59:29.724","2026-08-28 02:20:55.892","pVXHD7zzeEN","18495889","[PREMIUM]","[PREMIUM]","[PREMIUM]","212","Section 212","12",3,"[]","2026-10-02 00:00:00","electronic","exchange",1,"[PREMIUM]","1,2,3"
"pVXHD7zzbAV","2026-08-25 23:59:29.724","2026-08-28 02:20:55.892","pVXHD7zzbAV","18495889","[PREMIUM]","[PREMIUM]","[PREMIUM]","223","Section 223","3",2,"[]","2026-10-02 00:00:00","electronic","exchange",2,"[PREMIUM]","1,2"
"pVXHD7zjxoK","2026-08-25 23:59:29.724","2026-08-25 23:59:29.724","pVXHD7zjxoK","18495889","[PREMIUM]","[PREMIUM]","[PREMIUM]","230","Section 230","1",8,"['1','2','3','4','5','6','7','8']",,"electronic","exchange",0,"[PREMIUM]","1,2,3,4,5,6,8"
"pVXHD7zjxOZ","2026-08-25 23:59:29.724","2026-08-25 23:59:29.724","pVXHD7zjxOZ","18495889","[PREMIUM]","[PREMIUM]","[PREMIUM]","228","Section 228","6",8,"['5','6','7','8','9','10','11','12']",,"electronic","exchange",0,"[PREMIUM]","1,2,3,4,5,6,8"
"pVXHD7zDblA","2026-08-25 23:59:29.724","2026-09-07 13:44:40.996","pVXHD7zDblA","18495889","[PREMIUM]","[PREMIUM]","[PREMIUM]","225","Section 225","2",8,"[]","2026-10-04 00:00:00","electronic","exchange",0,"[PREMIUM]","1,2,3,4,5,6,7,8"
"pVXHD7zDbAX","2026-08-25 23:59:29.724","2026-09-07 13:44:40.996","pVXHD7zDbAX","18495889","[PREMIUM]","[PREMIUM]","[PREMIUM]","DRM8","Drink Rail Mezzanine 8","5",2,"[]","2026-10-04 00:00:00","electronic","exchange",2,"[PREMIUM]","2"
"pVXHD7zDb9A","2026-08-25 23:59:29.724","2026-09-07 13:44:40.996","pVXHD7zDb9A","18495889","[PREMIUM]","[PREMIUM]","[PREMIUM]","103","Section 103","9",7,"[]","2026-10-04 00:00:00","electronic","exchange",1,"[PREMIUM]","1,2,3,4,5,6,7"
"qVjH2m9485D","2026-08-25 23:59:29.724","2026-08-25 23:59:29.724","qVjH2m9485D","18495889","[PREMIUM]","[PREMIUM]","[PREMIUM]","111","Section 111","9",3,"[]","2026-10-04 00:00:00","electronic","exchange",0,"[PREMIUM]","3"
"qVjH2m94pba","2026-08-25 23:59:29.724","2026-08-25 23:59:29.724","qVjH2m94pba","18495889","[PREMIUM]","[PREMIUM]","[PREMIUM]","211","Section 211","2",4,"[]","2026-10-04 00:00:00","electronic","exchange",1,"[PREMIUM]","2,4"
"qVjH2m94Eq2","2026-08-25 23:59:29.724","2026-08-25 23:59:29.724","qVjH2m94Eq2","18495889","[PREMIUM]","[PREMIUM]","[PREMIUM]","125","Section 125","12",2,"[]","2026-10-04 00:00:00","electronic","exchange",0,"[PREMIUM]","2"
"qVjH2mA76DD","2026-08-25 23:59:29.724","2026-09-01 00:04:51.565","qVjH2mA76DD","18495889","[PREMIUM]","[PREMIUM]","[PREMIUM]","103","Section 103","20",2,"[]","2026-10-04 00:00:00","electronic","exchange",0,"[PREMIUM]","2"
"qVjH2mAAeeY","2026-08-25 23:59:29.724","2026-08-28 02:20:55.892","qVjH2mAAeeY","18495889","[PREMIUM]","[PREMIUM]","[PREMIUM]","119","Section 119","23",4,"[]","2026-10-02 00:00:00","electronic","exchange",0,"[PREMIUM]","1,2,3,4"
"qVjH2mA76rw","2026-08-25 23:59:29.724","2026-08-27 01:22:37.017","qVjH2mA76rw","18495889","[PREMIUM]","[PREMIUM]","[PREMIUM]","106","Section 106","12",5,"[]","2026-10-04 00:00:00","electronic","exchange",0,"[PREMIUM]","1,2,3,4,5"
"qVjH2mA76Ov","2026-08-25 23:59:29.724","2026-09-07 13:44:40.996","qVjH2mA76Ov","18495889","[PREMIUM]","[PREMIUM]","[PREMIUM]","102","Section 102","5",3,"[]","2026-10-04 00:00:00","electronic","exchange",1,"[PREMIUM]","1,2,3"
"qVjH2mA2eeR","2026-08-25 23:59:29.724","2026-09-07 13:44:40.996","qVjH2mA2eeR","18495889","[PREMIUM]","[PREMIUM]","[PREMIUM]","M11","Mezzanine 11","1",4,"[]","2026-10-04 00:00:00","electronic","exchange",0,"[PREMIUM]","1,2,3,4"
"qVjH2mA2e8R","2026-08-25 23:59:29.724","2026-09-07 13:44:40.996","qVjH2mA2e8R","18495889","[PREMIUM]","[PREMIUM]","[PREMIUM]","DRM33","Drink Rail Mezzanine 33","5",6,"[]","2026-10-04 00:00:00","electronic","exchange",3,"[PREMIUM]","1,2,3,4,5,6"
"qVjH2mA2e0o","2026-08-25 23:59:29.724","2026-09-07 13:44:40.996","qVjH2mA2e0o","18495889","[PREMIUM]","[PREMIUM]","[PREMIUM]","115","Section 115","6",4,"[]","2026-10-04 00:00:00","electronic","exchange",0,"[PREMIUM]","1,2,3,4"
"rVOHkp6jYxL","2026-08-25 23:59:29.724","2026-08-25 23:59:29.724","rVOHkp6jYxL","18495889","[PREMIUM]","[PREMIUM]","[PREMIUM]","208","Section 208","4",6,"[]","2026-10-04 00:00:00","electronic","exchange",3,"[PREMIUM]","2,3,4,6"
"rVOHkp6j23j","2026-08-25 23:59:29.724","2026-08-25 23:59:29.724","rVOHkp6j23j","18495889","[PREMIUM]","[PREMIUM]","[PREMIUM]","108","Section 108","9",4,"[]","2026-10-04 00:00:00","electronic","exchange",2,"[PREMIUM]","2,4"
"rVOHkp6jYjE","2026-08-25 23:59:29.724","2026-08-25 23:59:29.724","rVOHkp6jYjE","18495889","[PREMIUM]","[PREMIUM]","[PREMIUM]","LC8","Legends Club 8","3",2,"[]","2026-10-04 00:00:00","electronic","exchange",2,"[PREMIUM]","2"
"rVOHkp6jvaG","2026-08-25 23:59:29.724","2026-08-25 23:59:29.724","rVOHkp6jvaG","18495889","[PREMIUM]","[PREMIUM]","[PREMIUM]","110","Section 110","22",4,"[]","2026-10-04 00:00:00","electronic","exchange",1,"[PREMIUM]","2,4"
"rVOHkpA8ELZ","2026-08-25 23:59:29.724","2026-08-27 01:22:37.017","rVOHkpA8ELZ","18495889","[PREMIUM]","[PREMIUM]","[PREMIUM]","A119","Section ADA 119","25",2,"[]","2026-10-04 00:00:00","electronic","exchange",0,"[PREMIUM]","2"
"rVOHkpA8EL6","2026-08-25 23:59:29.724","2026-09-03 00:54:09.435","rVOHkpA8EL6","18495889","[PREMIUM]","[PREMIUM]","[PREMIUM]","112","Section 112","12",4,"[]","2026-10-04 00:00:00","electronic","exchange",0,"[PREMIUM]","1,2,3,4"
"rVOHkpAkwmK","2026-08-25 23:59:29.724","2026-09-07 13:44:40.996","rVOHkpAkwmK","18495889","[PREMIUM]","[PREMIUM]","[PREMIUM]","214","Section 214","12",6,"[]","2026-10-04 00:00:00","electronic","exchange",1,"[PREMIUM]","1,2,3,4,5,6"
"rVOHkpAkwdO","2026-08-25 23:59:29.724","2026-09-07 13:44:40.996","rVOHkpAkwdO","18495889","[PREMIUM]","[PREMIUM]","[PREMIUM]","108","Section 108","19",2,"[]","2026-10-04 00:00:00","electronic","exchange",1,"[PREMIUM]","2"
"rVOHkpAkwYe","2026-08-25 23:59:29.724","2026-09-07 13:44:40.996","rVOHkpAkwYe","18495889","[PREMIUM]","[PREMIUM]","[PREMIUM]","M15","Mezzanine 15","3",2,"[]","2026-10-04 00:00:00","electronic","exchange",1,"[PREMIUM]","2"
"rVOHkpAkwVe","2026-08-25 23:59:29.724","2026-09-07 13:44:40.996","rVOHkpAkwVe","18495889","[PREMIUM]","[PREMIUM]","[PREMIUM]","M19A","Mezzanine 19 A","3",4,"[]","2026-10-04 00:00:00","electronic","exchange",1,"[PREMIUM]","1,2,3,4"
"rVOHkpA8EnZ","2026-08-25 23:59:29.724","2026-09-07 13:44:40.996","rVOHkpA8EnZ","18495889","[PREMIUM]","[PREMIUM]","[PREMIUM]","117","Section 117","13",4,"[]","2026-10-04 00:00:00","electronic","exchange",0,"[PREMIUM]","1,2,3,4"
"rVOHkpA8ERk","2026-08-25 23:59:29.724","2026-09-07 13:44:40.996","rVOHkpA8ERk","18495889","[PREMIUM]","[PREMIUM]","[PREMIUM]","124","Section 124","15",3,"[]","2026-10-04 00:00:00","electronic","exchange",0,"[PREMIUM]","1,2,3"
"rVOHkpA8E7k","2026-08-25 23:59:29.724","2026-09-07 13:44:40.996","rVOHkpA8E7k","18495889","[PREMIUM]","[PREMIUM]","[PREMIUM]","109","Section 109","7",7,"[]","2026-10-04 00:00:00","electronic","exchange",1,"[PREMIUM]","1,2,3,4,5,6,7"
"vb3iPwjYLla","2026-08-25 23:59:29.724","2026-08-27 01:22:37.017","vb3iPwjYLla","18495889","[PREMIUM]","[PREMIUM]","[PREMIUM]","115","Section 115","15",4,"[]","2026-10-04 00:00:00","electronic","exchange",0,"[PREMIUM]","1,2,3,4"
"vb3iPwjYLeD","2026-08-25 23:59:29.724","2026-09-01 00:04:51.565","vb3iPwjYLeD","18495889","[PREMIUM]","[PREMIUM]","[PREMIUM]","119","Section 119","7",4,"[]","2026-10-04 00:00:00","electronic","exchange",0,"[PREMIUM]","1,2,3,4"
"vb3iPwjYLb8","2026-08-25 23:59:29.724","2026-08-31 01:24:15.758","vb3iPwjYLb8","18495889","[PREMIUM]","[PREMIUM]","[PREMIUM]","A121","Section ADA 121","24",4,"[]","2026-10-04 00:00:00","electronic","exchange",2,"[PREMIUM]","1,2,3,4"
"vb3iPwjYLDa","2026-08-25 23:59:29.724","2026-09-02 01:06:50.283","vb3iPwjYLDa","18495889","[PREMIUM]","[PREMIUM]","[PREMIUM]","114","Section 114","11",2,"[]","2026-10-04 00:00:00","electronic","exchange",0,"[PREMIUM]","2"
"vb3iPwjPm6G","2026-08-25 23:59:29.724","2026-09-01 00:04:51.565","vb3iPwjPm6G","18495889","[PREMIUM]","[PREMIUM]","[PREMIUM]","229","Section 229","4",8,"[]","2026-10-04 00:00:00","electronic","exchange",0,"[PREMIUM]","1,2,3,4,5,6,7,8"
"w3Jse8LjvMZ","2026-08-25 23:59:29.724","2026-08-25 23:59:29.724","w3Jse8LjvMZ","18495889","[PREMIUM]","[PREMIUM]","[PREMIUM]","117","Section 117","13",4,"[]","2026-10-04 00:00:00","electronic","exchange",1,"[PREMIUM]","2,4"
"w3Jse8LjKLJ","2026-08-25 23:59:29.724","2026-08-25 23:59:29.724","w3Jse8LjKLJ","18495889","[PREMIUM]","[PREMIUM]","[PREMIUM]","125","Section 125","4",3,"[]","2026-10-04 00:00:00","electronic","exchange",1,"[PREMIUM]","3"
"w3Jse8LjKgY","2026-08-25 23:59:29.724","2026-08-25 23:59:29.724","w3Jse8LjKgY","18495889","[PREMIUM]","[PREMIUM]","[PREMIUM]","119","Section 119","7",4,"[]","2026-10-04 00:00:00","electronic","exchange",0,"[PREMIUM]","2,4"
"w3Jse8LjVMv","2026-08-25 23:59:29.724","2026-08-25 23:59:29.724","w3Jse8LjVMv","18495889","[PREMIUM]","[PREMIUM]","[PREMIUM]","FLR103","Floor 103","5",4,"[]","2026-10-04 00:00:00","electronic","exchange",1,"[PREMIUM]","2,4"
"w3Jse8LjbJe","2026-08-25 23:59:29.724","2026-08-25 23:59:29.724","w3Jse8LjbJe","18495889","[PREMIUM]","[PREMIUM]","[PREMIUM]","DRM19A","Drink Rail Mezzanine 19 A","5",3,"[]","2026-10-04 00:00:00","electronic","exchange",4,"[PREMIUM]","3"
"w3Jse8LjPvY","2026-08-25 23:59:29.724","2026-08-25 23:59:29.724","w3Jse8LjPvY","18495889","[PREMIUM]","[PREMIUM]","[PREMIUM]","109","Section 109","3",4,"[]","2026-10-04 00:00:00","electronic","exchange",1,"[PREMIUM]","2,4"
"w3Jse8LjP0N","2026-08-25 23:59:29.724","2026-08-25 23:59:29.724","w3Jse8LjP0N","18495889","[PREMIUM]","[PREMIUM]","[PREMIUM]","A123","Section ADA 123","24",2,"[]","2026-10-04 00:00:00","electronic","exchange",3,"[PREMIUM]","2"
"w3Jse8On4LK","2026-08-25 23:59:29.724","2026-08-25 23:59:29.724","w3Jse8On4LK","18495889","[PREMIUM]","[PREMIUM]","[PREMIUM]","108","Section 108","12",2,"[]","2026-10-04 00:00:00","electronic","exchange",3,"[PREMIUM]","2"
"w3Jse8Od9e2","2026-08-25 23:59:29.724","2026-09-01 00:04:51.565","w3Jse8Od9e2","18495889","[PREMIUM]","[PREMIUM]","[PREMIUM]","M5","Mezzanine 5","b",2,"[]","2026-10-04 00:00:00","electronic","exchange",1,"[PREMIUM]","1,2"
"vb3iPwjMVgn","2026-08-25 23:59:29.724","2026-09-07 10:06:13.539","vb3iPwjMVgn","18495889","[PREMIUM]","[PREMIUM]","[PREMIUM]","121","Section 121","12",3,"[]","2026-10-04 00:00:00","electronic","exchange",2,"[PREMIUM]","1,2,3"
"w3Jse8OqknA","2026-08-25 23:59:29.724","2026-09-07 13:44:40.996","w3Jse8OqknA","18495889","[PREMIUM]","[PREMIUM]","[PREMIUM]","112","Section 112","4",2,"[]","2026-10-04 00:00:00","electronic","exchange",1,"[PREMIUM]","2"
"w3Jse8OqkMA","2026-08-25 23:59:29.724","2026-09-07 13:44:40.996","w3Jse8OqkMA","18495889","[PREMIUM]","[PREMIUM]","[PREMIUM]","110","Section 110","22",4,"[]","2026-10-04 00:00:00","electronic","exchange",1,"[PREMIUM]","1,2,3,4"
"w3Jse8Oqk9N","2026-08-25 23:59:29.724","2026-09-07 13:44:40.996","w3Jse8Oqk9N","18495889","[PREMIUM]","[PREMIUM]","[PREMIUM]","A113","Section ADA 113","25",2,"[]","2026-10-04 00:00:00","electronic","exchange",1,"[PREMIUM]","2"
"w3Jse8Oqk8R","2026-08-25 23:59:29.724","2026-09-07 13:44:40.996","w3Jse8Oqk8R","18495889","[PREMIUM]","[PREMIUM]","[PREMIUM]","113","Section 113","7",2,"[]","2026-10-04 00:00:00","electronic","exchange",1,"[PREMIUM]","2"
"w3Jse8Oqk0Y","2026-08-25 23:59:29.724","2026-09-07 13:44:40.996","w3Jse8Oqk0Y","18495889","[PREMIUM]","[PREMIUM]","[PREMIUM]","116","Section 116","12",6,"[]","2026-10-04 00:00:00","electronic","exchange",0,"[PREMIUM]","1,2,3,4,5,6"
"w3Jse8OeErO","2026-08-25 23:59:29.724","2026-09-07 13:44:40.996","w3Jse8OeErO","18495889","[PREMIUM]","[PREMIUM]","[PREMIUM]","123","Section 123","17",4,"[]","2026-10-04 00:00:00","electronic","exchange",2,"[PREMIUM]","1,2,3,4"
"w3Jse8OeE7o","2026-08-25 23:59:29.724","2026-09-07 13:44:40.996","w3Jse8OeE7o","18495889","[PREMIUM]","[PREMIUM]","[PREMIUM]","M19A","Mezzanine 19 A","1",2,"[]","2026-10-04 00:00:00","electronic","exchange",1,"[PREMIUM]","2"
"w3Jse8OeE7O","2026-08-25 23:59:29.724","2026-09-07 13:44:40.996","w3Jse8OeE7O","18495889","[PREMIUM]","[PREMIUM]","[PREMIUM]","DRM1","Drink Rail Mezzanine 1","5",2,"[]","2026-10-04 00:00:00","electronic","exchange",2,"[PREMIUM]","2"
"w3Jse8LNp5w","2026-08-25 23:59:29.724","2026-09-07 13:44:40.996","w3Jse8LNp5w","18495889","[PREMIUM]","[PREMIUM]","[PREMIUM]","101","Section 101","14",4,"[]","2026-10-03 00:00:00","electronic","exchange",1,"[PREMIUM]","4"
"vb3iPwjYLwD","2026-08-25 23:59:29.724","2026-09-07 13:44:40.996","vb3iPwjYLwD","18495889","[PREMIUM]","[PREMIUM]","[PREMIUM]","104","Section 104","4",2,"[]","2026-10-04 00:00:00","electronic","exchange",5,"[PREMIUM]","2"
"vb3iPwjYLM8","2026-08-25 23:59:29.724","2026-09-07 13:44:40.996","vb3iPwjYLM8","18495889","[PREMIUM]","[PREMIUM]","[PREMIUM]","109","Section 109","21",8,"[]","2026-10-04 00:00:00","electronic","exchange",2,"[PREMIUM]","1,2,3,4,5,6,7,8"
"vb3iPwjYLG3","2026-08-25 23:59:29.724","2026-09-07 13:44:40.996","vb3iPwjYLG3","18495889","[PREMIUM]","[PREMIUM]","[PREMIUM]","118","Section 118","15",6,"[]","2026-10-04 00:00:00","electronic","exchange",1,"[PREMIUM]","1,2,3,4,5,6"
"vb3iPwjPmxG","2026-08-25 23:59:29.724","2026-09-07 13:44:40.996","vb3iPwjPmxG","18495889","[PREMIUM]","[PREMIUM]","[PREMIUM]","DRM2","Drink Rail Mezzanine 2","5",2,"[]","2026-10-04 00:00:00","electronic","exchange",2,"[PREMIUM]","2"
"vb3iPwjPmno","2026-08-25 23:59:29.724","2026-09-07 13:44:40.996","vb3iPwjPmno","18495889","[PREMIUM]","[PREMIUM]","[PREMIUM]","110","Section 110","18",6,"[]","2026-10-04 00:00:00","electronic","exchange",1,"[PREMIUM]","1,2,3,4,5,6"
"vb3iPwjPm3B","2026-08-25 23:59:29.724","2026-09-07 13:44:40.996","vb3iPwjPm3B","18495889","[PREMIUM]","[PREMIUM]","[PREMIUM]","M6","Mezzanine 6","2",4,"[]","2026-10-04 00:00:00","electronic","exchange",2,"[PREMIUM]","1,2,3,4"
"xb9imlvm77b","2026-08-25 23:59:29.724","2026-08-27 01:22:37.017","xb9imlvm77b","18495889","[PREMIUM]","[PREMIUM]","[PREMIUM]","M12","Mezzanine 12","3",2,"[]","2026-10-04 00:00:00","electronic","exchange",0,"[PREMIUM]","2"
"xb9imlvrD97","2026-08-25 23:59:29.724","2026-08-28 02:20:55.892","xb9imlvrD97","18495889","[PREMIUM]","[PREMIUM]","[PREMIUM]","215","Section 215","2",3,"[]","2026-10-02 00:00:00","electronic","exchange",2,"[PREMIUM]","1,2,3"
"xb9imlvm7qG","2026-08-25 23:59:29.724","2026-09-07 13:44:40.996","xb9imlvm7qG","18495889","[PREMIUM]","[PREMIUM]","[PREMIUM]","102","Section 102","7",2,"[]","2026-10-04 00:00:00","electronic","exchange",1,"[PREMIUM]","2"
"xb9imlvm7dG","2026-08-25 23:59:29.724","2026-09-07 13:44:40.996","xb9imlvm7dG","18495889","[PREMIUM]","[PREMIUM]","[PREMIUM]","211","Section 211","12",8,"[]","2026-10-04 00:00:00","electronic","exchange",0,"[PREMIUM]","1,2,3,4,5,6,7,8"
"xb9imlvawl5","2026-08-25 23:59:29.724","2026-09-07 13:44:40.996","xb9imlvawl5","18495889","[PREMIUM]","[PREMIUM]","[PREMIUM]","119","Section 119","24",2,"[]","2026-10-04 00:00:00","electronic","exchange",0,"[PREMIUM]","2"
"xb9imlvawZ9","2026-08-25 23:59:29.724","2026-09-07 13:44:40.996","xb9imlvawZ9","18495889","[PREMIUM]","[PREMIUM]","[PREMIUM]","111","Section 111","14",6,"[]","2026-10-04 00:00:00","electronic","exchange",0,"[PREMIUM]","1,2,3,4,5,6"
"xb9imlvaw9B","2026-08-25 23:59:29.724","2026-09-07 13:44:40.996","xb9imlvaw9B","18495889","[PREMIUM]","[PREMIUM]","[PREMIUM]","104","Section 104","13",4,"[]","2026-10-04 00:00:00","electronic","exchange",1,"[PREMIUM]","1,2,3,4"
"xb9imlvaw2B","2026-08-25 23:59:29.724","2026-09-07 13:44:40.996","xb9imlvaw2B","18495889","[PREMIUM]","[PREMIUM]","[PREMIUM]","A116","Section ADA 116","26",6,"[]","2026-10-04 00:00:00","electronic","exchange",1,"[PREMIUM]","1,2,3,4,5,6"
"xb9imlvaw08","2026-08-25 23:59:29.724","2026-09-07 13:44:40.996","xb9imlvaw08","18495889","[PREMIUM]","[PREMIUM]","[PREMIUM]","121","Section 121","13",6,"[]","2026-10-04 00:00:00","electronic","exchange",2,"[PREMIUM]","1,2,3,4,5,6"
"z3Es6v2PbrD","2026-08-25 23:59:29.724","2026-08-28 02:20:55.892","z3Es6v2PbrD","18495889","[PREMIUM]","[PREMIUM]","[PREMIUM]","212","Section 212","2",4,"[]","2026-10-02 00:00:00","electronic","exchange",0,"[PREMIUM]","1,2,3,4"
"z3Es6v2DgV0","2026-08-25 23:59:29.724","2026-08-28 11:23:06.460","z3Es6v2DgV0","18495889","[PREMIUM]","[PREMIUM]","[PREMIUM]","119","Section 119","4",4,"[]","2026-10-04 00:00:00","electronic","exchange",0,"[PREMIUM]","1,2,3,4"
"z3Es6v2lpMY","2026-08-25 23:59:29.724","2026-08-25 23:59:29.724","z3Es6v2lpMY","18495889","[PREMIUM]","[PREMIUM]","[PREMIUM]","126","Section 126","19",8,"['12','13','14','15','16','17','18','19']",,"electronic","exchange",0,"[PREMIUM]","1,2,3,4,5,6,8"
"z3Es6v2Dgvl","2026-08-25 23:59:29.724","2026-09-03 00:54:09.435","z3Es6v2Dgvl","18495889","[PREMIUM]","[PREMIUM]","[PREMIUM]","119","Section 119","11",4,"[]","2026-10-04 00:00:00","electronic","exchange",0,"[PREMIUM]","1,2,3,4"
"z3Es6v7rMGV","2026-08-25 23:59:29.724","2026-08-25 23:59:29.724","z3Es6v7rMGV","18495889","[PREMIUM]","[PREMIUM]","[PREMIUM]","126A","Section 126 A","9",2,"[]","2026-10-04 00:00:00","electronic","exchange",2,"[PREMIUM]","2"
"z3Es6v7reG6","2026-08-25 23:59:29.724","2026-08-25 23:59:29.724","z3Es6v7reG6","18495889","[PREMIUM]","[PREMIUM]","[PREMIUM]","DRM24","Drink Rail Mezzanine 24","5",2,"[]","2026-10-04 00:00:00","electronic","exchange",4,"[PREMIUM]","2"
"z3Es6v7rMwb","2026-08-25 23:59:29.724","2026-08-25 23:59:29.724","z3Es6v7rMwb","18495889","[PREMIUM]","[PREMIUM]","[PREMIUM]","M2","Mezzanine 2","3",2,"[]","2026-10-04 00:00:00","electronic","exchange",3,"[PREMIUM]","2"
"z3Es6v2Dgql","2026-08-25 23:59:29.724","2026-09-07 13:44:40.996","z3Es6v2Dgql","18495889","[PREMIUM]","[PREMIUM]","[PREMIUM]","125","Section 125","7",4,"[]","2026-10-04 00:00:00","electronic","exchange",0,"[PREMIUM]","1,2,3,4"
"z3Es6v2DgJ0","2026-08-25 23:59:29.724","2026-09-07 13:44:40.996","z3Es6v2DgJ0","18495889","[PREMIUM]","[PREMIUM]","[PREMIUM]","108","Section 108","20",2,"[]","2026-10-04 00:00:00","electronic","exchange",0,"[PREMIUM]","2"
"z3Es6v2DgBG","2026-08-25 23:59:29.724","2026-09-07 13:44:40.996","z3Es6v2DgBG","18495889","[PREMIUM]","[PREMIUM]","[PREMIUM]","114","Section 114","9",3,"[]","2026-10-04 00:00:00","electronic","exchange",4,"[PREMIUM]","1,2,3"
"z3Es6v26GkB","2026-08-25 23:59:29.724","2026-09-07 13:44:40.996","z3Es6v26GkB","18495889","[PREMIUM]","[PREMIUM]","[PREMIUM]","223","Section 223","1",6,"[]","2026-10-04 00:00:00","electronic","exchange",1,"[PREMIUM]","1,2,3,4,5,6"
"z3Es6v26Gem","2026-08-25 23:59:29.724","2026-09-07 13:44:40.996","z3Es6v26Gem","18495889","[PREMIUM]","[PREMIUM]","[PREMIUM]","M23","Mezzanine 23","2",4,"[]","2026-10-04 00:00:00","electronic","exchange",2,"[PREMIUM]","1,2,3,4"
"z3Es6v26GKB","2026-08-25 23:59:29.724","2026-09-07 13:44:40.996","z3Es6v26GKB","18495889","[PREMIUM]","[PREMIUM]","[PREMIUM]","226","Section 226","3",4,"[]","2026-10-04 00:00:00","electronic","exchange",0,"[PREMIUM]","1,2,3,4"
"2v0czq0Pol5","2026-08-25 23:59:12.996","2026-08-27 01:22:32.334","2v0czq0Pol5","18345819","[PREMIUM]","[PREMIUM]","[PREMIUM]","115","Section 115","f",3,"[]","2026-10-04 00:00:00","electronic","exchange",0,"[PREMIUM]","1,3"
"2v0czq0beje","2026-08-25 23:59:12.996","2026-08-25 23:59:12.996","2v0czq0beje","18345819","[PREMIUM]","[PREMIUM]","[PREMIUM]","106","Section 106","v",3,"[]","2026-10-04 00:00:00","electronic","exchange",1,"[PREMIUM]","1,2,3"
"2v0czqpM6AO","2026-08-25 23:59:12.996","2026-08-28 11:23:04.864","2v0czqpM6AO","18345819","[PREMIUM]","[PREMIUM]","[PREMIUM]","102L","Section 102 L","e",4,"[]","2026-10-04 00:00:00","electronic","exchange",2,"[PREMIUM]","1,2,3,4"
"2v0czqpNn84","2026-08-25 23:59:12.996","2026-08-31 01:21:37.672","2v0czqpNn84","18345819","[PREMIUM]","[PREMIUM]","[PREMIUM]","102L","Section 102 L","e",2,"[]","2026-10-03 00:00:00","electronic","exchange",1,"[PREMIUM]","2"
"2v0czqpzaXJ","2026-08-25 23:59:12.996","2026-08-27 01:22:32.334","2v0czqpzaXJ","18345819","[PREMIUM]","[PREMIUM]","[PREMIUM]","T5","Section T 5","d",2,"['1','2']","2026-10-04 00:00:00","electronic","exchange",0,"[PREMIUM]","1,2"
"3q7fNLEM0aJ","2026-08-25 23:59:12.996","2026-09-02 01:03:25.673","3q7fNLEM0aJ","18345819","[PREMIUM]","[PREMIUM]","[PREMIUM]","121","Section 121","k",2,"[]","2026-10-04 00:00:00","electronic","exchange",2,"[PREMIUM]","2"
"3q7fNLEBPNV","2026-08-25 23:59:12.996","2026-08-28 02:23:56.743","3q7fNLEBPNV","18345819","[PREMIUM]","[PREMIUM]","[PREMIUM]","213","Section 213","m",2,"[]","2026-10-02 00:00:00","electronic","exchange",1,"[PREMIUM]","1,2"
"3q7fNLEA5D8","2026-08-25 23:59:12.996","2026-09-02 01:03:25.673","3q7fNLEA5D8","18345819","[PREMIUM]","[PREMIUM]","[PREMIUM]","225","Section 225","m",2,"[]","2026-10-04 00:00:00","electronic","exchange",0,"[PREMIUM]","2"
"3q7fNLE0VkJ","2026-08-25 23:59:12.996","2026-09-04 02:05:46.920","3q7fNLE0VkJ","18345819","[PREMIUM]","[PREMIUM]","[PREMIUM]","201","Section 201","h",2,"[]","2026-10-04 00:00:00","electronic","exchange",1,"[PREMIUM]","1,2"
"3q7fNLE0Vvz","2026-08-25 23:59:12.996","2026-09-04 02:05:46.920","3q7fNLE0Vvz","18345819","[PREMIUM]","[PREMIUM]","[PREMIUM]","225","Section 225","l",4,"[]","2026-10-04 00:00:00","electronic","exchange",0,"[PREMIUM]","1,2,3,4"
"3q7fNLpNDwR","2026-08-25 23:59:12.996","2026-08-27 01:22:32.334","3q7fNLpNDwR","18345819","[PREMIUM]","[PREMIUM]","[PREMIUM]","107","Section 107","ll",2,"['7','8']","2026-10-04 00:00:00","electronic","exchange",3,"[PREMIUM]","1,2"
"3q7fNLpvvZD","2026-08-25 23:59:12.996","2026-08-28 02:23:56.743","3q7fNLpvvZD","18345819","[PREMIUM]","[PREMIUM]","[PREMIUM]","215","Section 215","n",2,"[]","2026-10-02 00:00:00","electronic","exchange",1,"[PREMIUM]","1,2"
"4vXcjRdgMn2","2026-08-25 23:59:12.996","2026-08-28 11:23:04.864","4vXcjRdgMn2","18345819","[PREMIUM]","[PREMIUM]","[PREMIUM]","107","Section 107","mm",2,"[]","2026-10-04 00:00:00","electronic","exchange",2,"[PREMIUM]","2"
"4vXcjRdgMnw","2026-08-25 23:59:12.996","2026-08-28 11:23:04.864","4vXcjRdgMnw","18345819","[PREMIUM]","[PREMIUM]","[PREMIUM]","225","Section 225","d",4,"[]","2026-10-04 00:00:00","electronic","exchange",1,"[PREMIUM]","1,2,3,4"
"4vXcjRl7PG0","2026-08-25 23:59:12.996","2026-09-04 02:05:46.920","4vXcjRl7PG0","18345819","[PREMIUM]","[PREMIUM]","[PREMIUM]","111","Section 111","r",3,"[]","2026-10-04 00:00:00","electronic","exchange",0,"[PREMIUM]","1,3"
"4vXcjRl7P8d","2026-08-25 23:59:12.996","2026-09-04 02:05:46.920","4vXcjRl7P8d","18345819","[PREMIUM]","[PREMIUM]","[PREMIUM]","203","Section 203","k",3,"[]","2026-10-04 00:00:00","electronic","exchange",2,"[PREMIUM]","1,3"
"4vXcjRpdJZp","2026-08-25 23:59:12.996","2026-08-25 23:59:12.996","4vXcjRpdJZp","18345819","[PREMIUM]","[PREMIUM]","[PREMIUM]","103","Section 103","q",3,"[]","2026-10-04 00:00:00","electronic","exchange",2,"[PREMIUM]","1,2,3"
"5EjuZw4gZzn","2026-08-25 23:59:12.996","2026-08-30 00:08:23.609","5EjuZw4gZzn","18345819","[PREMIUM]","[PREMIUM]","[PREMIUM]","216","Section 216","f",2,"[]","2026-10-03 00:00:00","electronic","exchange",0,"[PREMIUM]","2"
"5EjuZwp20xN","2026-08-25 23:59:12.996","2026-08-27 01:22:32.334","5EjuZwp20xN","18345819","[PREMIUM]","[PREMIUM]","[PREMIUM]","107","Section 107","ll",2,"[]","2026-10-04 00:00:00","electronic","exchange",3,"[PREMIUM]","2"
"5EjuZwpVGZV","2026-08-25 23:59:12.996","2026-08-25 23:59:12.996","5EjuZwpVGZV","18345819","[PREMIUM]","[PREMIUM]","[PREMIUM]","113","Section 113","j",4,"[]","2026-10-04 00:00:00","electronic","exchange",1,"[PREMIUM]","1,2,3,4"
"5EjuZwpV2x7","2026-08-25 23:59:12.996","2026-09-02 01:03:25.673","5EjuZwpV2x7","18345819","[PREMIUM]","[PREMIUM]","[PREMIUM]","118","Section 118","gg",3,"[]","2026-10-04 00:00:00","electronic","exchange",1,"[PREMIUM]","1,2,3"
"5EjuZwpNLYM","2026-08-25 23:59:12.996","2026-08-28 11:23:04.864","5EjuZwpNLYM","18345819","[PREMIUM]","[PREMIUM]","[PREMIUM]","216","Section 216","e",2,"[]","2026-10-04 00:00:00","electronic","exchange",1,"[PREMIUM]","2"
"6mOhkoN5e6l","2026-08-25 23:59:12.996","2026-08-27 01:22:32.334","6mOhkoN5e6l","18345819","[PREMIUM]","[PREMIUM]","[PREMIUM]","117","Section 117","j",2,"[]","2026-10-04 00:00:00","electronic","exchange",1,"[PREMIUM]","2"
"6mOhkodbvrz","2026-08-25 23:59:12.996","2026-08-27 01:22:32.334","6mOhkodbvrz","18345819","[PREMIUM]","[PREMIUM]","[PREMIUM]","214","Section 214","h",5,"[]","2026-10-04 00:00:00","electronic","exchange",1,"[PREMIUM]","1,2,3,4,5"
"6mOhkodJA5r","2026-08-25 23:59:12.996","2026-08-30 00:08:23.609","6mOhkodJA5r","18345819","[PREMIUM]","[PREMIUM]","[PREMIUM]","102L","Section 102 L","f",5,"[]","2026-10-04 00:00:00","electronic","exchange",1,"[PREMIUM]","1,2,3,5"
"6mOhkod0mJR","2026-08-25 23:59:12.996","2026-08-28 11:23:04.864","6mOhkod0mJR","18345819","[PREMIUM]","[PREMIUM]","[PREMIUM]","111","Section 111","u",4,"[]","2026-10-04 00:00:00","electronic","exchange",0,"[PREMIUM]","2,4"
"6mOhkorZd4A","2026-08-25 23:59:12.996","2026-09-02 01:03:25.673","6mOhkorZd4A","18345819","[PREMIUM]","[PREMIUM]","[PREMIUM]","108","Section 108","vv",2,"[]","2026-10-04 00:00:00","electronic","exchange",2,"[PREMIUM]","2"
"6mOhkorZvKZ","2026-08-25 23:59:12.996","2026-09-04 02:05:46.920","6mOhkorZvKZ","18345819","[PREMIUM]","[PREMIUM]","[PREMIUM]","201","Section 201","p",4,"[]","2026-10-04 00:00:00","electronic","exchange",2,"[PREMIUM]","1,2,4"
"6mOhkorZv03","2026-08-25 23:59:12.996","2026-09-04 02:05:46.920","6mOhkorZv03","18345819","[PREMIUM]","[PREMIUM]","[PREMIUM]","113","Section 113","f",2,"[]","2026-10-04 00:00:00","electronic","exchange",0,"[PREMIUM]","1,2"
"6mOhkorZvK6","2026-08-25 23:59:12.996","2026-09-04 02:05:46.920","6mOhkorZvK6","18345819","[PREMIUM]","[PREMIUM]","[PREMIUM]","121","Section 121","gg",5,"[]","2026-10-04 00:00:00","electronic","exchange",1,"[PREMIUM]","1,2,3,5"
"7KntAg0Dpg7","2026-08-25 23:59:12.996","2026-09-02 01:03:25.673","7KntAg0Dpg7","18345819","[PREMIUM]","[PREMIUM]","[PREMIUM]","119","Section 119","ww",4,"[]","2026-10-04 00:00:00","electronic","exchange",2,"[PREMIUM]","1,2,3,4"
"7KntAgp86rE","2026-08-25 23:59:12.996","2026-08-28 11:23:04.864","7KntAgp86rE","18345819","[PREMIUM]","[PREMIUM]","[PREMIUM]","119","Section 119","ww",4,"[]","2026-10-04 00:00:00","electronic","exchange",3,"[PREMIUM]","1,2,3,4"
"7KntAgp80pM","2026-08-25 23:59:12.996","2026-08-28 11:23:04.864","7KntAgp80pM","18345819","[PREMIUM]","[PREMIUM]","[PREMIUM]","117","Section 117","w",6,"[]","2026-10-04 00:00:00","electronic","exchange",1,"[PREMIUM]","1,2,3,4,5,6"
"8lKt6aozmxD","2026-08-25 23:59:12.996","2026-08-30 00:08:23.609","8lKt6aozmxD","18345819","[PREMIUM]","[PREMIUM]","[PREMIUM]","111","Section 111","j",2,"[]","2026-10-03 00:00:00","electronic","exchange",0,"[PREMIUM]","2"
"8lKt6aozpXA","2026-08-25 23:59:12.996","2026-09-02 01:03:25.673","8lKt6aozpXA","18345819","[PREMIUM]","[PREMIUM]","[PREMIUM]","115","Section 115","f",3,"[]","2026-10-04 00:00:00","electronic","exchange",1,"[PREMIUM]","1,2,3"
"8lKt6aozpYZ","2026-08-25 23:59:12.996","2026-09-02 01:03:25.673","8lKt6aozpYZ","18345819","[PREMIUM]","[PREMIUM]","[PREMIUM]","225","Section 225","m",2,"[]","2026-10-04 00:00:00","electronic","exchange",0,"[PREMIUM]","2"
"8lKt6apgOVk","2026-08-25 23:59:12.996","2026-08-25 23:59:12.996","8lKt6apgOVk","18345819","[PREMIUM]","[PREMIUM]","[PREMIUM]","106","Section 106","k",4,"[]","2026-10-04 00:00:00","electronic","exchange",2,"[PREMIUM]","1,2,3,4"
"8lKt6awgqXp","2026-08-25 23:59:12.996","2026-08-28 11:23:04.864","8lKt6awgqXp","18345819","[PREMIUM]","[PREMIUM]","[PREMIUM]","213","Section 213","f",5,"[]","2026-10-04 00:00:00","electronic","exchange",2,"[PREMIUM]","1,2,3,4,5"
"9P2c5MEjzNj","2026-08-25 23:59:12.996","2026-09-07 13:41:30.526","9P2c5MEjzNj","18345819","[PREMIUM]","[PREMIUM]","[PREMIUM]","T5","Section T 5","b",4,"[]","2026-10-04 00:00:00","electronic","exchange",1,"[PREMIUM]","1,2,4"
"9P2c5MErBxd","2026-08-25 23:59:12.996","2026-09-04 02:05:46.920","9P2c5MErBxd","18345819","[PREMIUM]","[PREMIUM]","[PREMIUM]","119","Section 119","uu",5,"[]","2026-10-04 00:00:00","electronic","exchange",2,"[PREMIUM]","1,2,3,5"
"9P2c5MpJOd9","2026-08-25 23:59:12.996","2026-08-25 23:59:12.996","9P2c5MpJOd9","18345819","[PREMIUM]","[PREMIUM]","[PREMIUM]","106","Section 106","v",3,"[]","2026-10-04 00:00:00","electronic","exchange",0,"[PREMIUM]","1,2,3"
"9P2c5MpqR5j","2026-08-25 23:59:12.996","2026-08-27 01:22:32.334","9P2c5MpqR5j","18345819","[PREMIUM]","[PREMIUM]","[PREMIUM]","214","Section 214","h",5,"[]","2026-10-04 00:00:00","electronic","exchange",1,"[PREMIUM]","1,2,3,4,5"
"9P2c5MpoOEM","2026-08-25 23:59:12.996","2026-08-27 01:22:32.334","9P2c5MpoOEM","18345819","[PREMIUM]","[PREMIUM]","[PREMIUM]","T5","Section T 5","d",2,"[]","2026-10-04 00:00:00","electronic","exchange",1,"[PREMIUM]","2"
"9P2c5MpmmAj","2026-08-25 23:59:12.996","2026-09-02 01:03:25.673","9P2c5MpmmAj","18345819","[PREMIUM]","[PREMIUM]","[PREMIUM]","102L","Section 102 L","e",4,"[]","2026-10-04 00:00:00","electronic","exchange",2,"[PREMIUM]","1,2,3,4"
"A6rs2K8pev2","2026-08-25 23:59:12.996","2026-08-28 09:03:52.542","A6rs2K8pev2","18345819","[PREMIUM]","[PREMIUM]","[PREMIUM]","114","Section 114","l",3,"[]","2026-10-04 00:00:00","electronic","exchange",0,"[PREMIUM]","1,2,3"
"A6rs2K80zP8","2026-08-25 23:59:12.996","2026-08-27 01:22:32.334","A6rs2K80zP8","18345819","[PREMIUM]","[PREMIUM]","[PREMIUM]","112","Section 112","k",2,"[]","2026-10-04 00:00:00","electronic","exchange",1,"[PREMIUM]","2"
"A6rs2KdMdKN","2026-08-25 23:59:12.996","2026-08-28 02:23:56.743","A6rs2KdMdKN","18345819","[PREMIUM]","[PREMIUM]","[PREMIUM]","224","Section 224","h",1,"[]","2026-10-02 00:00:00","electronic","exchange",1,"[PREMIUM]","1"
"A6rs2KdB2rz","2026-08-25 23:59:12.996","2026-08-31 01:21:37.672","A6rs2KdB2rz","18345819","[PREMIUM]","[PREMIUM]","[PREMIUM]","226","Section 226","h",2,"[]","2026-10-03 00:00:00","electronic","exchange",0,"[PREMIUM]","2"
"A6rs2KdMooD","2026-08-25 23:59:12.996","2026-08-28 02:23:56.743","A6rs2KdMooD","18345819","[PREMIUM]","[PREMIUM]","[PREMIUM]","204","Section 204","f",2,"[]","2026-10-02 00:00:00","electronic","exchange",1,"[PREMIUM]","1,2"
"A6rs2KdMVeV","2026-08-25 23:59:12.996","2026-08-28 02:23:56.743","A6rs2KdMVeV","18345819","[PREMIUM]","[PREMIUM]","[PREMIUM]","210","Section 210","h",2,"[]","2026-10-02 00:00:00","electronic","exchange",1,"[PREMIUM]","1,2"
"BALImM02ZXg","2026-08-25 23:59:12.996","2026-09-02 01:03:25.673","BALImM02ZXg","18345819","[PREMIUM]","[PREMIUM]","[PREMIUM]","223","Section 223","v",2,"[]","2026-10-04 00:00:00","electronic","exchange",0,"[PREMIUM]","2"
"BALImM02nbp","2026-08-25 23:59:12.996","2026-08-27 01:22:32.334","BALImM02nbp","18345819","[PREMIUM]","[PREMIUM]","[PREMIUM]","115","Section 115","d",3,"[]","2026-10-04 00:00:00","electronic","exchange",0,"[PREMIUM]","1,3"
"BALImMZz0Lr","2026-08-25 23:59:12.996","2026-09-02 01:03:25.673","BALImMZz0Lr","18345819","[PREMIUM]","[PREMIUM]","[PREMIUM]","118","Section 118","cc",2,"[]","2026-10-04 00:00:00","electronic","exchange",1,"[PREMIUM]","2"
"BALImMZlVGM","2026-08-25 23:59:12.996","2026-08-28 02:23:56.743","BALImMZlVGM","18345819","[PREMIUM]","[PREMIUM]","[PREMIUM]","110","Section 110","w",2,"[]","2026-10-02 00:00:00","electronic","exchange",1,"[PREMIUM]","1,2"
"BALImMZPban","2026-08-25 23:59:12.996","2026-08-25 23:59:12.996","BALImMZPban","18345819","[PREMIUM]","[PREMIUM]","[PREMIUM]","208","Section 208","d",4,"[]","2026-10-04 00:00:00","electronic","exchange",1,"[PREMIUM]","1,2,3,4"
"BALImMZOdme","2026-08-25 23:59:12.996","2026-08-25 23:59:12.996","BALImMZOdme","18345819","[PREMIUM]","[PREMIUM]","[PREMIUM]","208","Section 208","d",3,"[]","2026-10-04 00:00:00","electronic","exchange",1,"[PREMIUM]","1,2,3"
"DdwHkMZzJ8J","2026-08-25 23:59:12.996","2026-08-28 02:23:56.743","DdwHkMZzJ8J","18345819","[PREMIUM]","[PREMIUM]","[PREMIUM]","204","Section 204","j",2,"[]","2026-10-02 00:00:00","electronic","exchange",1,"[PREMIUM]","1,2"
"DdwHkMZlx39","2026-08-25 23:59:12.996","2026-08-28 11:23:04.864","DdwHkMZlx39","18345819","[PREMIUM]","[PREMIUM]","[PREMIUM]","225","Section 225","m",2,"[]","2026-10-04 00:00:00","electronic","exchange",0,"[PREMIUM]","2"
"DdwHkMGrNJo","2026-08-25 23:59:12.996","2026-09-07 13:41:30.526","DdwHkMGrNJo","18345819","[PREMIUM]","[PREMIUM]","[PREMIUM]","226","Section 226","b",4,"[]","2026-10-05 00:00:00","electronic","exchange",0,"[PREMIUM]","2,4"
"EroUXgKd3X9","2026-08-25 23:59:12.996","2026-09-04 02:05:46.920","EroUXgKd3X9","18345819","[PREMIUM]","[PREMIUM]","[PREMIUM]","119","Section 119","tt",4,"[]","2026-10-04 00:00:00","electronic","exchange",2,"[PREMIUM]","1,2,4"
"EroUXgKd3bA","2026-08-25 23:59:12.996","2026-09-04 02:05:46.920","EroUXgKd3bA","18345819","[PREMIUM]","[PREMIUM]","[PREMIUM]","108","Section 108","qq",5,"[]","2026-10-04 00:00:00","electronic","exchange",1,"[PREMIUM]","1,2,3,5"
"GAaI60J36bl","2026-08-25 23:59:12.996","2026-08-31 01:21:37.672","GAaI60J36bl","18345819","[PREMIUM]","[PREMIUM]","[PREMIUM]","213","Section 213","m",4,"[]","2026-10-03 00:00:00","electronic","exchange",1,"[PREMIUM]","2,4"
"GAaI60J360n","2026-08-25 23:59:12.996","2026-08-30 00:08:23.609","GAaI60J360n","18345819","[PREMIUM]","[PREMIUM]","[PREMIUM]","201","Section 201","p",2,"[]","2026-10-03 00:00:00","electronic","exchange",1,"[PREMIUM]","2"
"GAaI60Z85gk","2026-08-25 23:59:12.996","2026-08-25 23:59:12.996","GAaI60Z85gk","18345819","[PREMIUM]","[PREMIUM]","[PREMIUM]","105","Section 105","l",2,"[]","2026-10-04 00:00:00","electronic","exchange",1,"[PREMIUM]","2"
"GAaI60ZV7gz","2026-08-25 23:59:12.996","2026-08-28 11:23:04.864","GAaI60ZV7gz","18345819","[PREMIUM]","[PREMIUM]","[PREMIUM]","223","Section 223","v",2,"[]","2026-10-04 00:00:00","electronic","exchange",0,"[PREMIUM]","2"
"JABI3EGYrjo","2026-08-25 23:59:12.996","2026-08-30 00:08:23.609","JABI3EGYrjo","18345819","[PREMIUM]","[PREMIUM]","[PREMIUM]","117","Section 117","w",6,"[]","2026-10-04 00:00:00","electronic","exchange",1,"[PREMIUM]","1,2,3,4,5,6"
"JABI3EXbqeo","2026-08-25 23:59:12.996","2026-08-28 11:23:04.864","JABI3EXbqeo","18345819","[PREMIUM]","[PREMIUM]","[PREMIUM]","120","Section 120","cc",4,"[]","2026-10-04 00:00:00","electronic","exchange",0,"[PREMIUM]","1,2,3,4"
"JABI3EG2v5O","2026-08-25 23:59:12.996","2026-09-04 02:05:46.920","JABI3EG2v5O","18345819","[PREMIUM]","[PREMIUM]","[PREMIUM]","T3","Section T 3","f",4,"[]","2026-10-04 00:00:00","electronic","exchange",0,"[PREMIUM]","1,2,4"
"JABI3EZ5780","2026-08-25 23:59:12.996","2026-08-28 02:23:56.743","JABI3EZ5780","18345819","[PREMIUM]","[PREMIUM]","[PREMIUM]","219","Section 219","h",2,"[]","2026-10-02 00:00:00","electronic","exchange",0,"[PREMIUM]","1,2"
"JABI3EZwolV","2026-08-25 23:59:12.996","2026-08-28 02:23:56.743","JABI3EZwolV","18345819","[PREMIUM]","[PREMIUM]","[PREMIUM]","113L","Section 113 L","f",1,"[]","2026-10-02 00:00:00","electronic","exchange",1,"[PREMIUM]","1"
"JABI3EZp0o4","2026-08-25 23:59:12.996","2026-08-28 11:23:04.864","JABI3EZp0o4","18345819","[PREMIUM]","[PREMIUM]","[PREMIUM]","111","Section 111","s",2,"['3','4']","2026-10-04 00:00:00","electronic","exchange",0,"[PREMIUM]","2"
"JABI3EZlLAL","2026-08-25 23:59:12.996","2026-08-28 02:23:56.743","JABI3EZlLAL","18345819","[PREMIUM]","[PREMIUM]","[PREMIUM]","T3","Section T 3","e",2,"[]","2026-10-02 00:00:00","electronic","exchange",0,"[PREMIUM]","1,2"
"KezczqMGz9L","2026-08-25 23:59:12.996","2026-08-30 00:08:23.609","KezczqMGz9L","18345819","[PREMIUM]","[PREMIUM]","[PREMIUM]","114","Section 114","l",4,"[]","2026-10-03 00:00:00","electronic","exchange",0,"[PREMIUM]","2,4"
"KezczqMGvlN","2026-08-25 23:59:12.996","2026-08-30 00:08:23.609","KezczqMGvlN","18345819","[PREMIUM]","[PREMIUM]","[PREMIUM]","223","Section 223","v",2,"[]","2026-10-03 00:00:00","electronic","exchange",0,"[PREMIUM]","2"
"KezczqZ3jJo","2026-08-25 23:59:12.996","2026-08-27 01:22:32.334","KezczqZ3jJo","18345819","[PREMIUM]","[PREMIUM]","[PREMIUM]","102L","Section 102 L","d",3,"[]","2026-10-04 00:00:00","electronic","exchange",1,"[PREMIUM]","1,2,3"
"LbviL8G9aKZ","2026-08-25 23:59:12.996","2026-08-28 02:23:56.743","LbviL8G9aKZ","18345819","[PREMIUM]","[PREMIUM]","[PREMIUM]","203","Section 203","h",1,"[]","2026-10-02 00:00:00","electronic","exchange",1,"[PREMIUM]","1"
"LbviL8GwDdZ","2026-08-25 23:59:12.996","2026-09-04 02:05:46.920","LbviL8GwDdZ","18345819","[PREMIUM]","[PREMIUM]","[PREMIUM]","220","Section 220","j",5,"[]","2026-10-04 00:00:00","electronic","exchange",0,"[PREMIUM]","1,2,3,5"
"MAeIP3Gr6nO","2026-08-25 23:59:12.996","2026-08-28 02:23:56.743","MAeIP3Gr6nO","18345819","[PREMIUM]","[PREMIUM]","[PREMIUM]","221","Section 221","u",2,"[]","2026-10-02 00:00:00","electronic","exchange",0,"[PREMIUM]","1,2"
"MAeIP3Gr6RR","2026-08-25 23:59:12.996","2026-08-28 02:23:56.743","MAeIP3Gr6RR","18345819","[PREMIUM]","[PREMIUM]","[PREMIUM]","210","Section 210","m",2,"[]","2026-10-02 00:00:00","electronic","exchange",1,"[PREMIUM]","1,2"
"MAeIP3G5ZlE","2026-08-25 23:59:12.996","2026-09-02 01:03:25.673","MAeIP3G5ZlE","18345819","[PREMIUM]","[PREMIUM]","[PREMIUM]","208","Section 208","h",2,"[]","2026-10-04 00:00:00","electronic","exchange",1,"[PREMIUM]","2"
"MAeIP3G5AL3","2026-08-25 23:59:12.996","2026-09-04 02:05:46.920","MAeIP3G5AL3","18345819","[PREMIUM]","[PREMIUM]","[PREMIUM]","226","Section 226","h",4,"[]","2026-10-04 00:00:00","electronic","exchange",1,"[PREMIUM]","1,2,4"
"NrqUv6ZN38N","2026-08-25 23:59:12.996","2026-08-28 11:23:04.864","NrqUv6ZN38N","18345819","[PREMIUM]","[PREMIUM]","[PREMIUM]","203","Section 203","n",2,"[]","2026-10-04 00:00:00","electronic","exchange",2,"[PREMIUM]","2"
"NrqUv6pMXnb","2026-08-25 23:59:12.996","2026-08-25 23:59:12.996","NrqUv6pMXnb","18345819","[PREMIUM]","[PREMIUM]","[PREMIUM]","221","Section 221","n",2,"[]","2026-10-03 00:00:00","electronic","exchange",0,"[PREMIUM]","2"
"NrqUv6p8oDm","2026-08-25 23:59:12.996","2026-09-02 01:03:25.673","NrqUv6p8oDm","18345819","[PREMIUM]","[PREMIUM]","[PREMIUM]","223","Section 223","v",4,"[]","2026-10-04 00:00:00","electronic","exchange",0,"[PREMIUM]","1,2,3,4"
"NrqUv6pMzJN","2026-08-25 23:59:12.996","2026-09-04 02:05:46.920","NrqUv6pMzJN","18345819","[PREMIUM]","[PREMIUM]","[PREMIUM]","220","Section 220","u",5,"[]","2026-10-04 00:00:00","electronic","exchange",1,"[PREMIUM]","1,2,3,5"
"NrqUv6pqEAO","2026-08-25 23:59:12.996","2026-09-07 13:41:30.526","NrqUv6pqEAO","18345819","[PREMIUM]","[PREMIUM]","[PREMIUM]","219","Section 219","c",4,"[]","2026-10-05 00:00:00","electronic","exchange",0,"[PREMIUM]","2,4"
"O7AhwK8BJ9K","2026-08-25 23:59:12.996","2026-08-28 11:23:04.864","O7AhwK8BJ9K","18345819","[PREMIUM]","[PREMIUM]","[PREMIUM]","110","Section 110","l",2,"[]","2026-10-04 00:00:00","electronic","exchange",2,"[PREMIUM]","2"
"O7AhwKMRm5A","2026-08-25 23:59:12.996","2026-09-04 02:05:46.920","O7AhwKMRm5A","18345819","[PREMIUM]","[PREMIUM]","[PREMIUM]","112","Section 112","j",2,"[]","2026-10-04 00:00:00","electronic","exchange",0,"[PREMIUM]","1,2"
"O7AhwKN0jV3","2026-08-25 23:59:12.996","2026-08-28 11:23:04.864","O7AhwKN0jV3","18345819","[PREMIUM]","[PREMIUM]","[PREMIUM]","102L","Section 102 L","f",5,"[]","2026-10-04 00:00:00","electronic","exchange",1,"[PREMIUM]","1,2,3,4,5"
"PX0sgq8mnlm","2026-08-25 23:59:12.996","2026-08-25 23:59:12.996","PX0sgq8mnlm","18345819","[PREMIUM]","[PREMIUM]","[PREMIUM]","105","Section 105","y",2,"[]","2026-10-04 00:00:00","electronic","exchange",2,"[PREMIUM]","2"
"PX0sgq8wpln","2026-08-25 23:59:12.996","2026-08-28 11:23:04.864","PX0sgq8wpln","18345819","[PREMIUM]","[PREMIUM]","[PREMIUM]","220","Section 220","x",2,"[]","2026-10-04 00:00:00","electronic","exchange",0,"[PREMIUM]","2"
"PX0sgqBJgqp","2026-08-25 23:59:12.996","2026-08-31 01:21:37.672","PX0sgqBJgqp","18345819","[PREMIUM]","[PREMIUM]","[PREMIUM]","121","Section 121","k",3,"[]","2026-10-03 00:00:00","electronic","exchange",1,"[PREMIUM]","1,3"
"PX0sgqB9Kb3","2026-08-25 23:59:12.996","2026-09-07 13:41:30.526","PX0sgqB9Kb3","18345819","[PREMIUM]","[PREMIUM]","[PREMIUM]","207","Section 207","c",4,"[]","2026-10-05 00:00:00","electronic","exchange",0,"[PREMIUM]","2,4"
"ROXHz27gEG8","2026-08-25 23:59:12.996","2026-08-28 11:23:04.864","ROXHz27gEG8","18345819","[PREMIUM]","[PREMIUM]","[PREMIUM]","220","Section 220","x",2,"[]","2026-10-04 00:00:00","electronic","exchange",0,"[PREMIUM]","2"
"ROXHz2MJ7dp","2026-08-25 23:59:12.996","2026-08-28 02:23:56.743","ROXHz2MJ7dp","18345819","[PREMIUM]","[PREMIUM]","[PREMIUM]","214","Section 214","n",2,"[]","2026-10-02 00:00:00","electronic","exchange",1,"[PREMIUM]","1,2"
"ROXHz2MJDBE","2026-08-25 23:59:12.996","2026-08-28 02:23:56.743","ROXHz2MJDBE","18345819","[PREMIUM]","[PREMIUM]","[PREMIUM]","224","Section 224","v",1,"[]","2026-10-02 00:00:00","electronic","exchange",0,"[PREMIUM]","1"
"V4KU04ZN0ed","2026-08-25 23:59:12.996","2026-08-25 23:59:12.996","V4KU04ZN0ed","18345819","[PREMIUM]","[PREMIUM]","[PREMIUM]","205","Section 205","n",2,"[]","2026-10-03 00:00:00","electronic","exchange",2,"[PREMIUM]","2"
"V4KU04ZaBNN","2026-08-25 23:59:12.996","2026-08-27 01:22:32.334","V4KU04ZaBNN","18345819","[PREMIUM]","[PREMIUM]","[PREMIUM]","214","Section 214","n",4,"[]","2026-10-04 00:00:00","electronic","exchange",2,"[PREMIUM]","1,2,4"
"V4KU04ZNV35","2026-08-25 23:59:12.996","2026-09-04 02:05:46.920","V4KU04ZNV35","18345819","[PREMIUM]","[PREMIUM]","[PREMIUM]","121","Section 121","k",2,"[]","2026-10-04 00:00:00","electronic","exchange",1,"[PREMIUM]","1,2"
"X03tKlBe76p","2026-08-25 23:59:12.996","2026-08-27 01:22:32.334","X03tKlBe76p","18345819","[PREMIUM]","[PREMIUM]","[PREMIUM]","224","Section 224","v",2,"[]","2026-10-04 00:00:00","electronic","exchange",1,"[PREMIUM]","2"
"X03tKlB7wqk","2026-08-25 23:59:12.996","2026-08-28 11:23:04.864","X03tKlB7wqk","18345819","[PREMIUM]","[PREMIUM]","[PREMIUM]","110","Section 110","n",2,"[]","2026-10-04 00:00:00","electronic","exchange",2,"[PREMIUM]","2"
"X03tKlpqZJn","2026-08-25 23:59:12.996","2026-09-02 01:03:25.673","X03tKlpqZJn","18345819","[PREMIUM]","[PREMIUM]","[PREMIUM]","119","Section 119","pp",4,"[]","2026-10-04 00:00:00","electronic","exchange",2,"[PREMIUM]","1,2,3,4"
"X03tKlp0eOk","2026-08-25 23:59:12.996","2026-09-04 02:05:46.920","X03tKlp0eOk","18345819","[PREMIUM]","[PREMIUM]","[PREMIUM]","213","Section 213","j",3,"[]","2026-10-04 00:00:00","electronic","exchange",1,"[PREMIUM]","1,3"
"YgJtk05XoP5","2026-08-25 23:59:12.996","2026-08-28 11:23:04.864","YgJtk05XoP5","18345819","[PREMIUM]","[PREMIUM]","[PREMIUM]","203","Section 203","n",2,"[]","2026-10-04 00:00:00","electronic","exchange",2,"[PREMIUM]","2"
"YgJtk0AM508","2026-08-25 23:59:12.996","2026-09-02 01:03:25.673","YgJtk0AM508","18345819","[PREMIUM]","[PREMIUM]","[PREMIUM]","121","Section 121","hh",2,"[]","2026-10-04 00:00:00","electronic","exchange",2,"[PREMIUM]","2"
"YgJtk0AMg5G","2026-08-25 23:59:12.996","2026-09-07 13:41:30.526","YgJtk0AMg5G","18345819","[PREMIUM]","[PREMIUM]","[PREMIUM]","110","Section 110","l",2,"[]","2026-10-04 00:00:00","electronic","exchange",1,"[PREMIUM]","2"
"X03tKlp9aM4","2026-08-25 23:59:12.996","2026-09-07 13:41:30.526","X03tKlp9aM4","18345819","[PREMIUM]","[PREMIUM]","[PREMIUM]","220","Section 220","e",2,"[]","2026-10-05 00:00:00","electronic","exchange",0,"[PREMIUM]","2"
"Zm9hvJ0KqpZ","2026-08-25 23:59:12.996","2026-09-02 01:03:25.673","Zm9hvJ0KqpZ","18345819","[PREMIUM]","[PREMIUM]","[PREMIUM]","119","Section 119","pp",2,"[]","2026-10-04 00:00:00","electronic","exchange",2,"[PREMIUM]","2"
"Zm9hvJ0KXlJ","2026-08-25 23:59:12.996","2026-08-25 23:59:12.996","Zm9hvJ0KXlJ","18345819","[PREMIUM]","[PREMIUM]","[PREMIUM]","224","Section 224","n",3,"[]","2026-10-03 00:00:00","electronic","exchange",0,"[PREMIUM]","1,3"
"Zm9hvJ0P9jY","2026-08-25 23:59:12.996","2026-08-28 02:23:56.743","Zm9hvJ0P9jY","18345819","[PREMIUM]","[PREMIUM]","[PREMIUM]","220","Section 220","x",1,"[]","2026-10-02 00:00:00","electronic","exchange",0,"[PREMIUM]","1"
"Zm9hvJqjgRr","2026-08-25 23:59:12.996","2026-08-28 11:23:04.864","Zm9hvJqjgRr","18345819","[PREMIUM]","[PREMIUM]","[PREMIUM]","210","Section 210","k",2,"[]","2026-10-04 00:00:00","electronic","exchange",1,"[PREMIUM]","2"
"Zm9hvJrDXP8","2026-08-25 23:59:12.996","2026-08-28 11:23:04.864","Zm9hvJrDXP8","18345819","[PREMIUM]","[PREMIUM]","[PREMIUM]","113L","Section 113 L","e",4,"[]","2026-10-04 00:00:00","electronic","exchange",1,"[PREMIUM]","1,2,3,4"
"Zm9hvJq2M7n","2026-08-25 23:59:12.996","2026-09-04 02:05:46.920","Zm9hvJq2M7n","18345819","[PREMIUM]","[PREMIUM]","[PREMIUM]","118","Section 118","gg",3,"[]","2026-10-04 00:00:00","electronic","exchange",1,"[PREMIUM]","1,3"
"agktlML3k0X","2026-08-25 23:59:12.996","2026-09-07 13:41:30.526","agktlML3k0X","18345819","[PREMIUM]","[PREMIUM]","[PREMIUM]","T18","Section T 18","bb",1,"['11']","2026-10-02 00:00:00","electronic","exchange",4,"[PREMIUM]","1"
"b4wUaopBaDw","2026-08-25 23:59:12.996","2026-08-31 01:21:37.672","b4wUaopBaDw","18345819","[PREMIUM]","[PREMIUM]","[PREMIUM]","115","Section 115","k",4,"[]","2026-10-03 00:00:00","electronic","exchange",0,"[PREMIUM]","2,4"
"b4wUaoz65PL","2026-08-25 23:59:12.996","2026-08-28 11:23:04.864","b4wUaoz65PL","18345819","[PREMIUM]","[PREMIUM]","[PREMIUM]","216","Section 216","f",2,"[]","2026-10-04 00:00:00","electronic","exchange",1,"[PREMIUM]","2"
"b4wUaozOZNP","2026-08-25 23:59:12.996","2026-09-07 13:41:30.526","b4wUaozOZNP","18345819","[PREMIUM]","[PREMIUM]","[PREMIUM]","T18","Section T 18","bb",1,"[]","2026-10-03 00:00:00","electronic","exchange",3,"[PREMIUM]","1"
"b4wUaop7Yxe","2026-08-25 23:59:12.996","2026-09-07 13:41:30.526","b4wUaop7Yxe","18345819","[PREMIUM]","[PREMIUM]","[PREMIUM]","103L","Section 103 L","d",4,"['1','2','3','4']","2026-10-04 00:00:00","electronic","exchange",0,"[PREMIUM]","2,4"
"dNgUgp366bj","2026-08-25 23:59:12.996","2026-08-28 11:23:04.864","dNgUgp366bj","18345819","[PREMIUM]","[PREMIUM]","[PREMIUM]","223","Section 223","t",3,"[]","2026-10-04 00:00:00","electronic","exchange",0,"[PREMIUM]","1,2,3"
"dNgUgpBXK0r","2026-08-25 23:59:12.996","2026-08-27 01:22:32.334","dNgUgpBXK0r","18345819","[PREMIUM]","[PREMIUM]","[PREMIUM]","121","Section 121","n",2,"[]","2026-10-04 00:00:00","electronic","exchange",1,"[PREMIUM]","1,2"
"dNgUgpR70Nd","2026-08-25 23:59:12.996","2026-09-02 01:03:25.673","dNgUgpR70Nd","18345819","[PREMIUM]","[PREMIUM]","[PREMIUM]","107","Section 107","hh",2,"[]","2026-10-04 00:00:00","electronic","exchange",1,"[PREMIUM]","2"
"dNgUgpR4b72","2026-08-25 23:59:12.996","2026-08-28 11:23:04.864","dNgUgpR4b72","18345819","[PREMIUM]","[PREMIUM]","[PREMIUM]","215","Section 215","f",2,"[]","2026-10-04 00:00:00","electronic","exchange",1,"[PREMIUM]","2"
"dNgUgpRlvdK","2026-08-25 23:59:12.996","2026-08-28 11:23:04.864","dNgUgpRlvdK","18345819","[PREMIUM]","[PREMIUM]","[PREMIUM]","220","Section 220","v",2,"[]","2026-10-04 00:00:00","electronic","exchange",0,"[PREMIUM]","2"
"eeacK8dXBJj","2026-08-25 23:59:12.996","2026-08-28 02:23:56.743","eeacK8dXBJj","18345819","[PREMIUM]","[PREMIUM]","[PREMIUM]","221","Section 221","m",1,"[]","2026-10-02 00:00:00","electronic","exchange",1,"[PREMIUM]","1"
"eeacK8dab23","2026-08-25 23:59:12.996","2026-09-02 01:03:25.673","eeacK8dab23","18345819","[PREMIUM]","[PREMIUM]","[PREMIUM]","110","Section 110","k",2,"[]","2026-10-04 00:00:00","electronic","exchange",2,"[PREMIUM]","2"
"g48Ur6AZJ7n","2026-08-25 23:59:12.996","2026-08-28 02:23:56.743","g48Ur6AZJ7n","18345819","[PREMIUM]","[PREMIUM]","[PREMIUM]","110","Section 110","k",2,"[]","2026-10-02 00:00:00","electronic","exchange",1,"[PREMIUM]","1,2"
"g48Ur6pvdRl","2026-08-25 23:59:12.996","2026-08-28 02:23:56.743","g48Ur6pvdRl","18345819","[PREMIUM]","[PREMIUM]","[PREMIUM]","213","Section 213","f",1,"[]","2026-10-02 00:00:00","electronic","exchange",1,"[PREMIUM]","1"
"jDvszkAVam7","2026-08-25 23:59:12.996","2026-08-28 11:23:04.864","jDvszkAVam7","18345819","[PREMIUM]","[PREMIUM]","[PREMIUM]","110","Section 110","m",5,"[]","2026-10-04 00:00:00","electronic","exchange",2,"[PREMIUM]","1,2,3,4,5"
"kYet9mOw9ar","2026-08-25 23:59:12.996","2026-08-28 11:23:04.864","kYet9mOw9ar","18345819","[PREMIUM]","[PREMIUM]","[PREMIUM]","120","Section 120","cc",2,"[]","2026-10-03 00:00:00","electronic","exchange",0,"[PREMIUM]","2"
"kYet9mOnpag","2026-08-25 23:59:12.996","2026-08-31 01:21:37.672","kYet9mOnpag","18345819","[PREMIUM]","[PREMIUM]","[PREMIUM]","220","Section 220","u",3,"[]","2026-10-03 00:00:00","electronic","exchange",0,"[PREMIUM]","1,3"
"kYet9mzP6Xw","2026-08-25 23:59:12.996","2026-08-25 23:59:12.996","kYet9mzP6Xw","18345819","[PREMIUM]","[PREMIUM]","[PREMIUM]","112L","Section 112 L","b",2,"[]","2026-10-04 00:00:00","electronic","exchange",1,"[PREMIUM]","2"
"kYet9mzRDmx","2026-08-25 23:59:12.996","2026-08-28 02:23:56.743","kYet9mzRDmx","18345819","[PREMIUM]","[PREMIUM]","[PREMIUM]","111","Section 111","l",2,"[]","2026-10-02 00:00:00","electronic","exchange",1,"[PREMIUM]","1,2"
"kYet9mzrGd4","2026-08-25 23:59:12.996","2026-08-27 01:22:32.334","kYet9mzrGd4","18345819","[PREMIUM]","[PREMIUM]","[PREMIUM]","102L","Section 102 L","j",3,"[]","2026-10-04 00:00:00","electronic","exchange",1,"[PREMIUM]","1,3"
"kYet9mzjvAa","2026-08-25 23:59:12.996","2026-08-28 11:23:04.864","kYet9mzjvAa","18345819","[PREMIUM]","[PREMIUM]","[PREMIUM]","114L","Section 114 L","h",2,"[]","2026-10-03 00:00:00","electronic","exchange",0,"[PREMIUM]","2"
"kYet9mzKj3B","2026-08-25 23:59:12.996","2026-09-07 13:41:30.526","kYet9mzKj3B","18345819","[PREMIUM]","[PREMIUM]","[PREMIUM]","110","Section 110","r",2,"[]","2026-10-04 00:00:00","electronic","exchange",0,"[PREMIUM]","2"
"kYet9mzGloo","2026-08-25 23:59:12.996","2026-09-04 02:05:46.920","kYet9mzGloo","18345819","[PREMIUM]","[PREMIUM]","[PREMIUM]","102L","Section 102 L","e",2,"[]","2026-10-04 00:00:00","electronic","exchange",1,"[PREMIUM]","1,2"
"lxVsdRDkjYZ","2026-08-25 23:59:12.996","2026-09-02 01:03:25.673","lxVsdRDkjYZ","18345819","[PREMIUM]","[PREMIUM]","[PREMIUM]","122","Section 122","h",2,"[]","2026-10-04 00:00:00","electronic","exchange",1,"[PREMIUM]","2"
"lxVsdRZEgqN","2026-08-25 23:59:12.996","2026-09-04 02:05:46.920","lxVsdRZEgqN","18345819","[PREMIUM]","[PREMIUM]","[PREMIUM]","113","Section 113","h",4,"[]","2026-10-04 00:00:00","electronic","exchange",0,"[PREMIUM]","1,2,4"
"lxVsdRkA80b","2026-08-25 23:59:12.996","2026-08-28 11:23:04.864","lxVsdRkA80b","18345819","[PREMIUM]","[PREMIUM]","[PREMIUM]","214","Section 214","d",6,"[]","2026-10-04 00:00:00","electronic","exchange",1,"[PREMIUM]","1,2,3,4,5,6"
"mxAs4x9nbGo","2026-08-25 23:59:12.996","2026-08-28 11:23:04.864","mxAs4x9nbGo","18345819","[PREMIUM]","[PREMIUM]","[PREMIUM]","113L","Section 113 L","f",5,"[]","2026-10-04 00:00:00","electronic","exchange",1,"[PREMIUM]","1,2,3,4,5"
"mxAs4xDa707","2026-08-25 23:59:12.996","2026-08-28 11:23:04.864","mxAs4xDa707","18345819","[PREMIUM]","[PREMIUM]","[PREMIUM]","114L","Section 114 L","h",4,"[]","2026-10-04 00:00:00","electronic","exchange",1,"[PREMIUM]","1,2,3,4"
"mxAs4xDqawJ","2026-08-25 23:59:12.996","2026-08-28 11:23:04.864","mxAs4xDqawJ","18345819","[PREMIUM]","[PREMIUM]","[PREMIUM]","220","Section 220","x",5,"[]","2026-10-04 00:00:00","electronic","exchange",0,"[PREMIUM]","1,2,3,4,5"
"mxAs4xKmer5","2026-08-25 23:59:12.996","2026-08-31 01:21:37.672","mxAs4xKmer5","18345819","[PREMIUM]","[PREMIUM]","[PREMIUM]","119","Section 119","pp",2,"[]","2026-10-03 00:00:00","electronic","exchange",1,"[PREMIUM]","2"
"nx0srKAgoDE","2026-08-25 23:59:12.996","2026-08-28 11:23:04.864","nx0srKAgoDE","18345819","[PREMIUM]","[PREMIUM]","[PREMIUM]","107","Section 107","mm",2,"[]","2026-10-04 00:00:00","electronic","exchange",2,"[PREMIUM]","2"
"nx0srKAVm3G","2026-08-25 23:59:12.996","2026-09-02 01:03:25.673","nx0srKAVm3G","18345819","[PREMIUM]","[PREMIUM]","[PREMIUM]","110","Section 110","r",2,"[]","2026-10-04 00:00:00","electronic","exchange",1,"[PREMIUM]","2"
"oV7Hb6dmoek","2026-08-25 23:59:12.996","2026-08-28 02:23:56.743","oV7Hb6dmoek","18345819","[PREMIUM]","[PREMIUM]","[PREMIUM]","101","Section 101","e",1,"[]","2026-10-02 00:00:00","electronic","exchange",1,"[PREMIUM]","1"
"oV7Hb6qOKNl","2026-08-25 23:59:12.996","2026-08-28 02:23:56.743","oV7Hb6qOKNl","18345819","[PREMIUM]","[PREMIUM]","[PREMIUM]","220","Section 220","j",2,"[]","2026-10-02 00:00:00","electronic","exchange",0,"[PREMIUM]","1,2"
"oV7Hb6qvdXm","2026-08-25 23:59:12.996","2026-09-02 01:03:25.673","oV7Hb6qvdXm","18345819","[PREMIUM]","[PREMIUM]","[PREMIUM]","108","Section 108","nn",2,"[]","2026-10-04 00:00:00","electronic","exchange",1,"[PREMIUM]","2"
"oV7Hb6qvP7x","2026-08-25 23:59:12.996","2026-08-27 01:22:32.334","oV7Hb6qvP7x","18345819","[PREMIUM]","[PREMIUM]","[PREMIUM]","225","Section 225","r",3,"[]","2026-10-03 00:00:00","electronic","exchange",0,"[PREMIUM]","1,3"
"oV7Hb6qvone","2026-08-25 23:59:12.996","2026-08-30 00:08:23.609","oV7Hb6qvone","18345819","[PREMIUM]","[PREMIUM]","[PREMIUM]","107","Section 107","jj",4,"[]","2026-10-03 00:00:00","electronic","exchange",1,"[PREMIUM]","2,4"
"pVXHD7JenzD","2026-08-25 23:59:12.996","2026-09-07 13:41:30.526","pVXHD7JenzD","18345819","[PREMIUM]","[PREMIUM]","[PREMIUM]","114","Section 114","l",6,"[]","2026-10-04 00:00:00","electronic","exchange",0,"[PREMIUM]","1,2,3,4,5,6"
"pVXHD7V3PZL","2026-08-25 23:59:12.996","2026-08-28 11:23:04.864","pVXHD7V3PZL","18345819","[PREMIUM]","[PREMIUM]","[PREMIUM]","113L","Section 113 L","d",4,"[]","2026-10-04 00:00:00","electronic","exchange",1,"[PREMIUM]","1,2,3,4"
"pVXHD7zpOAk","2026-08-25 23:59:12.996","2026-08-28 02:23:56.743","pVXHD7zpOAk","18345819","[PREMIUM]","[PREMIUM]","[PREMIUM]","101","Section 101","s",2,"[]","2026-10-02 00:00:00","electronic","exchange",1,"[PREMIUM]","1,2"
"pVXHD7zMG9J","2026-08-25 23:59:12.996","2026-08-28 11:23:04.864","pVXHD7zMG9J","18345819","[PREMIUM]","[PREMIUM]","[PREMIUM]","208","Section 208","l",4,"[]","2026-10-04 00:00:00","electronic","exchange",1,"[PREMIUM]","1,2,3,4"
"qVjH2m9VoVa","2026-08-25 23:59:12.996","2026-08-25 23:59:12.996","qVjH2m9VoVa","18345819","[PREMIUM]","[PREMIUM]","[PREMIUM]","T22","Section T 22","dd",2,"[]","2026-09-28 00:00:00","electronic","exchange",0,"[PREMIUM]","2"
"qVjH2m90Njn","2026-08-25 23:59:12.996","2026-09-02 01:03:25.673","qVjH2m90Njn","18345819","[PREMIUM]","[PREMIUM]","[PREMIUM]","107","Section 107","ll",2,"[]","2026-10-04 00:00:00","electronic","exchange",2,"[PREMIUM]","2"
"qVjH2m9oM7X","2026-08-25 23:59:12.996","2026-09-04 02:05:46.920","qVjH2m9oM7X","18345819","[PREMIUM]","[PREMIUM]","[PREMIUM]","110","Section 110","q",4,"[]","2026-10-04 00:00:00","electronic","exchange",0,"[PREMIUM]","1,2,3,4"
"qVjH2m9oMqv","2026-08-25 23:59:12.996","2026-09-04 02:05:46.920","qVjH2m9oMqv","18345819","[PREMIUM]","[PREMIUM]","[PREMIUM]","110","Section 110","j",2,"[]","2026-10-04 00:00:00","electronic","exchange",1,"[PREMIUM]","1,2"
"qVjH2mAap0X","2026-08-25 23:59:12.996","2026-08-28 11:23:04.864","qVjH2mAap0X","18345819","[PREMIUM]","[PREMIUM]","[PREMIUM]","203","Section 203","n",2,"[]","2026-10-04 00:00:00","electronic","exchange",2,"[PREMIUM]","2"
"qVjH2m9obAb","2026-08-25 23:59:12.996","2026-09-07 13:41:30.526","qVjH2m9obAb","18345819","[PREMIUM]","[PREMIUM]","[PREMIUM]","225","Section 225","m",2,"[]","2026-10-04 00:00:00","electronic","exchange",0,"[PREMIUM]","2"
"qVjH2m98qkZ","2026-08-25 23:59:12.996","2026-09-07 13:41:30.526","qVjH2m98qkZ","18345819","[PREMIUM]","[PREMIUM]","[PREMIUM]","226","Section 226","b",2,"[]","2026-10-05 00:00:00","electronic","exchange",0,"[PREMIUM]","2"
"rVOHkpA4KaO","2026-08-25 23:59:12.996","2026-08-28 02:23:56.743","rVOHkpA4KaO","18345819","[PREMIUM]","[PREMIUM]","[PREMIUM]","113","Section 113","s",1,"[]","2026-10-02 00:00:00","electronic","exchange",0,"[PREMIUM]","1"
"rVOHkpA2e6a","2026-08-25 23:59:12.996","2026-08-27 01:22:32.334","rVOHkpA2e6a","18345819","[PREMIUM]","[PREMIUM]","[PREMIUM]","T18","Section T 18","bb",1,"[]","2026-10-04 00:00:00","electronic","exchange",5,"[PREMIUM]","1"
"vb3iPwjMk6v","2026-08-25 23:59:12.996","2026-08-25 23:59:12.996","vb3iPwjMk6v","18345819","[PREMIUM]","[PREMIUM]","[PREMIUM]","210","Section 210","j",2,"[]","2026-10-04 00:00:00","electronic","exchange",1,"[PREMIUM]","2"
"vb3iPwr9rmD","2026-08-25 23:59:12.996","2026-08-28 02:23:56.743","vb3iPwr9rmD","18345819","[PREMIUM]","[PREMIUM]","[PREMIUM]","208","Section 208","l",2,"[]","2026-10-02 00:00:00","electronic","exchange",1,"[PREMIUM]","1,2"
"w3Jse8LBxk8","2026-08-25 23:59:12.996","2026-08-28 02:23:56.743","w3Jse8LBxk8","18345819","[PREMIUM]","[PREMIUM]","[PREMIUM]","219","Section 219","n",1,"[]","2026-10-02 00:00:00","electronic","exchange",0,"[PREMIUM]","1"
"w3Jse8Ow0PP","2026-08-25 23:59:12.996","2026-08-27 01:22:32.334","w3Jse8Ow0PP","18345819","[PREMIUM]","[PREMIUM]","[PREMIUM]","102L","Section 102 L","d",3,"[]","2026-10-04 00:00:00","electronic","exchange",1,"[PREMIUM]","1,2,3"
"w3Jse8OomRv","2026-08-25 23:59:12.996","2026-08-28 02:23:56.743","w3Jse8OomRv","18345819","[PREMIUM]","[PREMIUM]","[PREMIUM]","105","Section 105","t",2,"[]","2026-10-02 00:00:00","electronic","exchange",1,"[PREMIUM]","1,2"
"w3Jse8ORk3E","2026-08-25 23:59:12.996","2026-09-07 13:41:30.526","w3Jse8ORk3E","18345819","[PREMIUM]","[PREMIUM]","[PREMIUM]","122","Section 122","h",2,"[]","2026-10-04 00:00:00","electronic","exchange",0,"[PREMIUM]","2"
"w3Jse8OG9Zv","2026-08-25 23:59:12.996","2026-09-07 13:41:30.526","w3Jse8OG9Zv","18345819","[PREMIUM]","[PREMIUM]","[PREMIUM]","103","Section 103","s",3,"[]","2026-10-04 00:00:00","electronic","exchange",1,"[PREMIUM]","1,2,3"
"xb9imlvRxGO","2026-08-25 23:59:12.996","2026-08-28 02:23:56.743","xb9imlvRxGO","18345819","[PREMIUM]","[PREMIUM]","[PREMIUM]","103","Section 103","p",1,"[]","2026-10-02 00:00:00","electronic","exchange",1,"[PREMIUM]","1"
"xb9imlv3J5L","2026-08-25 23:59:12.996","2026-08-30 00:08:23.609","xb9imlv3J5L","18345819","[PREMIUM]","[PREMIUM]","[PREMIUM]","114","Section 114","d",2,"[]","2026-10-04 00:00:00","electronic","exchange",0,"[PREMIUM]","2"
"xb9imlvr2q8","2026-08-25 23:59:12.996","2026-08-28 11:23:04.864","xb9imlvr2q8","18345819","[PREMIUM]","[PREMIUM]","[PREMIUM]","215","Section 215","m",5,"[]","2026-10-04 00:00:00","electronic","exchange",1,"[PREMIUM]","1,2,3,4,5"
"xb9imlxArMm","2026-08-25 23:59:12.996","2026-08-28 02:23:56.743","xb9imlxArMm","18345819","[PREMIUM]","[PREMIUM]","[PREMIUM]","222","Section 222","g",1,"[]","2026-10-02 00:00:00","electronic","exchange",1,"[PREMIUM]","1"
"xb9imlxpkzN","2026-08-25 23:59:12.996","2026-08-25 23:59:12.996","xb9imlxpkzN","18345819","[PREMIUM]","[PREMIUM]","[PREMIUM]","214","Section 214","g",2,"[]","2026-10-04 00:00:00","electronic","exchange",1,"[PREMIUM]","2"
"xb9imlxnLk5","2026-08-25 23:59:12.996","2026-08-30 00:08:23.609","xb9imlxnLk5","18345819","[PREMIUM]","[PREMIUM]","[PREMIUM]","110","Section 110","j",3,"[]","2026-10-03 00:00:00","electronic","exchange",1,"[PREMIUM]","1,3"
"z3Es6v2JLkx","2026-08-25 23:59:12.996","2026-08-25 23:59:12.996","z3Es6v2JLkx","18345819","[PREMIUM]","[PREMIUM]","[PREMIUM]","222","Section 222","j",2,"[]","2026-10-04 00:00:00","electronic","exchange",1,"[PREMIUM]","2"
"z3Es6v2D9p7","2026-08-25 23:59:12.996","2026-08-28 02:23:56.743","z3Es6v2D9p7","18345819","[PREMIUM]","[PREMIUM]","[PREMIUM]","225","Section 225","r",1,"[]","2026-10-02 00:00:00","electronic","exchange",0,"[PREMIUM]","1"
"z3Es6v74LBl","2026-08-25 23:59:12.996","2026-08-31 01:21:37.672","z3Es6v74LBl","18345819","[PREMIUM]","[PREMIUM]","[PREMIUM]","118","Section 118","ff",4,"[]","2026-10-03 00:00:00","electronic","exchange",1,"[PREMIUM]","2,4"
"05VT8l0J50L","2026-08-25 23:59:09.735","2026-09-02 01:03:00.103","05VT8l0J50L","18378490","[PREMIUM]","[PREMIUM]","[PREMIUM]","330","Section 330","l",3,"[]","2027-04-09 00:00:00","electronic","exchange",2,"[PREMIUM]","1,2,3"
"05VT8l0JA3k","2026-08-25 23:59:09.735","2026-09-02 01:03:00.103","05VT8l0JA3k","18378490","[PREMIUM]","[PREMIUM]","[PREMIUM]","314","Section 314","m",5,"[]","2027-04-09 00:00:00","electronic","exchange",2,"[PREMIUM]","1,2,3,4,5"
"05VT8l0JA7z","2026-08-25 23:59:09.735","2026-09-02 01:03:00.103","05VT8l0JA7z","18378490","[PREMIUM]","[PREMIUM]","[PREMIUM]","305","Section 305","l",3,"[]","2027-04-09 00:00:00","electronic","exchange",1,"[PREMIUM]","1,2,3"
"05VT8l0JAOD","2026-08-25 23:59:09.735","2026-09-02 01:03:00.103","05VT8l0JAOD","18378490","[PREMIUM]","[PREMIUM]","[PREMIUM]","103","Section 103","g",2,"[]","2027-04-09 00:00:00","electronic","exchange",1,"[PREMIUM]","2"
"05VT8l0JAaz","2026-08-25 23:59:09.735","2026-09-02 01:03:00.103","05VT8l0JAaz","18378490","[PREMIUM]","[PREMIUM]","[PREMIUM]","101","Section 101","u",3,"[]","2027-04-09 00:00:00","electronic","exchange",4,"[PREMIUM]","1,2,3"
"05VT8l0Lj5k","2026-08-25 23:59:09.735","2026-09-07 00:51:26.687","05VT8l0Lj5k","18378490","[PREMIUM]","[PREMIUM]","[PREMIUM]","125","Section 125","e",4,"['5','6','7','8']","2027-04-10 00:00:00","electronic","exchange",1,"[PREMIUM]","1,2,4"
"05VT8lpYYqJ","2026-08-25 23:59:09.735","2026-09-02 01:03:00.103","05VT8lpYYqJ","18378490","[PREMIUM]","[PREMIUM]","[PREMIUM]","103","Section 103","e",2,"[]","2027-04-09 00:00:00","electronic","exchange",2,"[PREMIUM]","2"
"05VT8lpYY6z","2026-08-25 23:59:09.735","2026-09-02 01:03:00.103","05VT8lpYY6z","18378490","[PREMIUM]","[PREMIUM]","[PREMIUM]","323","Section 323","p",10,"[]","2027-04-09 00:00:00","electronic","exchange",2,"[PREMIUM]","1,2,3,4,5,6,7,8,9,10"
"05VT8lpYY4J","2026-08-25 23:59:09.735","2026-09-02 01:03:00.103","05VT8lpYY4J","18378490","[PREMIUM]","[PREMIUM]","[PREMIUM]","307","Section 307","q",5,"[]","2027-04-09 00:00:00","electronic","exchange",2,"[PREMIUM]","1,2,3,4,5"
"2v0czq0bBOk","2026-08-25 23:59:09.735","2026-09-02 01:03:00.103","2v0czq0bBOk","18378490","[PREMIUM]","[PREMIUM]","[PREMIUM]","307","Section 307","e",3,"[]","2027-04-09 00:00:00","electronic","exchange",1,"[PREMIUM]","1,2,3"
"2v0czq0bgpD","2026-08-25 23:59:09.735","2026-09-02 01:03:00.103","2v0czq0bgpD","18378490","[PREMIUM]","[PREMIUM]","[PREMIUM]","326","Section 326","p",5,"[]","2027-04-09 00:00:00","electronic","exchange",3,"[PREMIUM]","1,2,3,4,5"
"2v0czq0bBjE","2026-08-25 23:59:09.735","2026-09-02 01:03:00.103","2v0czq0bBjE","18378490","[PREMIUM]","[PREMIUM]","[PREMIUM]","317","Section 317","e",2,"[]","2027-04-09 00:00:00","electronic","exchange",3,"[PREMIUM]","2"
"2v0czq0bB8v","2026-08-25 23:59:09.735","2026-09-02 01:03:00.103","2v0czq0bB8v","18378490","[PREMIUM]","[PREMIUM]","[PREMIUM]","115","Section 115","f",2,"[]","2027-04-09 00:00:00","electronic","exchange",0,"[PREMIUM]","2"
"2v0czq0bB8E","2026-08-25 23:59:09.735","2026-09-02 01:03:00.103","2v0czq0bB8E","18378490","[PREMIUM]","[PREMIUM]","[PREMIUM]","106","Section 106","g",3,"[]","2027-04-09 00:00:00","electronic","exchange",1,"[PREMIUM]","1,2,3"
"2v0czq0bBOE","2026-08-25 23:59:09.735","2026-09-02 01:03:00.103","2v0czq0bBOE","18378490","[PREMIUM]","[PREMIUM]","[PREMIUM]","314","Section 314","f",3,"[]","2027-04-09 00:00:00","electronic","exchange",2,"[PREMIUM]","1,2,3"
"2v0czq0dEpd","2026-08-25 23:59:09.735","2026-09-04 02:05:35.469","2v0czq0dEpd","18378490","[PREMIUM]","[PREMIUM]","[PREMIUM]","105","Section 105","w",5,"[]","2027-04-09 00:00:00","electronic","exchange",2,"[PREMIUM]","1,2,3,5"
"2v0czqpMMZn","2026-08-25 23:59:09.735","2026-09-02 01:03:00.103","2v0czqpMMZn","18378490","[PREMIUM]","[PREMIUM]","[PREMIUM]","314","Section 314","l",6,"[]","2027-04-09 00:00:00","electronic","exchange",2,"[PREMIUM]","1,2,3,4,5,6"
"2v0czqpMMZ2","2026-08-25 23:59:09.735","2026-09-02 01:03:00.103","2v0czqpMMZ2","18378490","[PREMIUM]","[PREMIUM]","[PREMIUM]","318","Section 318","g",2,"[]","2027-04-09 00:00:00","electronic","exchange",1,"[PREMIUM]","2"
"2v0czqpMMKE","2026-08-25 23:59:09.735","2026-09-02 01:03:00.103","2v0czqpMMKE","18378490","[PREMIUM]","[PREMIUM]","[PREMIUM]","332","Section 332","k",9,"[]","2027-04-09 00:00:00","electronic","exchange",2,"[PREMIUM]","1,2,3,4,5,6,7,8,9"
"2v0czqpMM2n","2026-08-25 23:59:09.735","2026-09-02 01:03:00.103","2v0czqpMM2n","18378490","[PREMIUM]","[PREMIUM]","[PREMIUM]","302","Section 302","a",4,"[]","2027-04-09 00:00:00","electronic","exchange",5,"[PREMIUM]","1,2,3,4"
"3q7fNLElGBx","2026-08-25 23:59:09.735","2026-09-02 01:03:00.103","3q7fNLElGBx","18378490","[PREMIUM]","[PREMIUM]","[PREMIUM]","113","Section 113","f",3,"[]","2027-04-09 00:00:00","electronic","exchange",1,"[PREMIUM]","1,2,3"
"3q7fNLElGOx","2026-08-25 23:59:09.735","2026-08-27 01:22:38.878","3q7fNLElGOx","18378490","[PREMIUM]","[PREMIUM]","[PREMIUM]","321","Section 321","m",8,"[]","2027-04-09 00:00:00","electronic","exchange",2,"[PREMIUM]","1,2,3,4,5,6,7,8"
"3q7fNLElGmr","2026-08-25 23:59:09.735","2026-09-02 01:03:00.103","3q7fNLElGmr","18378490","[PREMIUM]","[PREMIUM]","[PREMIUM]","330","Section 330","j",3,"[]","2027-04-09 00:00:00","electronic","exchange",1,"[PREMIUM]","1,2,3"
"3q7fNLElGmx","2026-08-25 23:59:09.735","2026-09-02 01:03:00.103","3q7fNLElGmx","18378490","[PREMIUM]","[PREMIUM]","[PREMIUM]","314","Section 314","e",3,"[]","2027-04-09 00:00:00","electronic","exchange",2,"[PREMIUM]","1,2,3"
"3q7fNLElGBv","2026-08-25 23:59:09.735","2026-09-02 01:03:00.103","3q7fNLElGBv","18378490","[PREMIUM]","[PREMIUM]","[PREMIUM]","113","Section 113","m",2,"[]","2027-04-09 00:00:00","electronic","exchange",2,"[PREMIUM]","2"
"3q7fNLpaaYk","2026-08-25 23:59:09.735","2026-09-02 01:03:00.103","3q7fNLpaaYk","18378490","[PREMIUM]","[PREMIUM]","[PREMIUM]","317","Section 317","l",9,"[]","2027-04-09 00:00:00","electronic","exchange",3,"[PREMIUM]","1,2,3,4,5,6,7,8,9"
"3q7fNLpaaYd","2026-08-25 23:59:09.735","2026-09-02 01:03:00.103","3q7fNLpaaYd","18378490","[PREMIUM]","[PREMIUM]","[PREMIUM]","314","Section 314","j",9,"[]","2027-04-09 00:00:00","electronic","exchange",2,"[PREMIUM]","1,2,3,4,5,6,7,8,9"
"3q7fNLpaaMx","2026-08-25 23:59:09.735","2026-09-02 01:03:00.103","3q7fNLpaaMx","18378490","[PREMIUM]","[PREMIUM]","[PREMIUM]","332","Section 332","e",6,"[]","2027-04-09 00:00:00","electronic","exchange",3,"[PREMIUM]","1,2,3,4,5,6"
"3q7fNLpaa8d","2026-08-25 23:59:09.735","2026-09-02 01:03:00.103","3q7fNLpaa8d","18378490","[PREMIUM]","[PREMIUM]","[PREMIUM]","126","Section 126","q",4,"[]","2027-04-09 00:00:00","electronic","exchange",3,"[PREMIUM]","1,2,3,4"
"3q7fNLpxdNG","2026-08-25 23:59:09.735","2026-09-07 00:51:26.687","3q7fNLpxdNG","18378490","[PREMIUM]","[PREMIUM]","[PREMIUM]","319","Section 319","b",2,"[]","2027-04-08 00:00:00","electronic","exchange",2,"[PREMIUM]","2"
"4vXcjRlkaze","2026-08-25 23:59:09.735","2026-09-02 01:03:00.103","4vXcjRlkaze","18378490","[PREMIUM]","[PREMIUM]","[PREMIUM]","113","Section 113","g",3,"[]","2027-04-09 00:00:00","electronic","exchange",1,"[PREMIUM]","1,2,3"
"4vXcjRlkazY","2026-08-25 23:59:09.735","2026-09-02 01:03:00.103","4vXcjRlkazY","18378490","[PREMIUM]","[PREMIUM]","[PREMIUM]","105","Section 105","s",3,"[]","2027-04-09 00:00:00","electronic","exchange",2,"[PREMIUM]","1,2,3"
"4vXcjRlkarY","2026-08-25 23:59:09.735","2026-09-02 01:03:00.103","4vXcjRlkarY","18378490","[PREMIUM]","[PREMIUM]","[PREMIUM]","311","Section 311","h",4,"[]","2027-04-09 00:00:00","electronic","exchange",2,"[PREMIUM]","1,2,3,4"
"4vXcjRlkelA","2026-08-25 23:59:09.735","2026-09-02 01:03:00.103","4vXcjRlkelA","18378490","[PREMIUM]","[PREMIUM]","[PREMIUM]","334","Section 334","q",3,"[]","2027-04-09 00:00:00","electronic","exchange",2,"[PREMIUM]","1,2,3"
"4vXcjRlkepA","2026-08-25 23:59:09.735","2026-09-02 01:03:00.103","4vXcjRlkepA","18378490","[PREMIUM]","[PREMIUM]","[PREMIUM]","325","Section 325","n",6,"[]","2027-04-09 00:00:00","electronic","exchange",3,"[PREMIUM]","1,2,3,4,5,6"
"4vXcjRlkanY","2026-08-25 23:59:09.735","2026-09-02 01:03:00.103","4vXcjRlkanY","18378490","[PREMIUM]","[PREMIUM]","[PREMIUM]","319","Section 319","n",6,"[]","2027-04-09 00:00:00","electronic","exchange",2,"[PREMIUM]","1,2,3,4,5,6"
"4vXcjRlkaVa","2026-08-25 23:59:09.735","2026-09-02 01:03:00.103","4vXcjRlkaVa","18378490","[PREMIUM]","[PREMIUM]","[PREMIUM]","325","Section 325","e",11,"[]","2027-04-09 00:00:00","electronic","exchange",3,"[PREMIUM]","1,2,3,4,5,6,7,8,9,10,11"
"4vXcjRpJJ6M","2026-08-25 23:59:09.735","2026-09-02 01:03:00.103","4vXcjRpJJ6M","18378490","[PREMIUM]","[PREMIUM]","[PREMIUM]","315","Section 315","q",4,"[]","2027-04-09 00:00:00","electronic","exchange",2,"[PREMIUM]","1,2,3,4"
"4vXcjRpJJ6q","2026-08-25 23:59:09.735","2026-09-02 01:03:00.103","4vXcjRpJJ6q","18378490","[PREMIUM]","[PREMIUM]","[PREMIUM]","311","Section 311","p",13,"[]","2027-04-09 00:00:00","electronic","exchange",2,"[PREMIUM]","1,2,3,4,5,6,7,8,9,10,11,12,13"
"4vXcjRpJJMY","2026-08-25 23:59:09.735","2026-09-02 01:03:00.103","4vXcjRpJJMY","18378490","[PREMIUM]","[PREMIUM]","[PREMIUM]","329","Section 329","l",5,"[]","2027-04-09 00:00:00","electronic","exchange",0,"[PREMIUM]","1,2,3,4,5"
"4vXcjRpJJwq","2026-08-25 23:59:09.735","2026-09-02 01:03:00.103","4vXcjRpJJwq","18378490","[PREMIUM]","[PREMIUM]","[PREMIUM]","120","Section 120","q",5,"[]","2027-04-09 00:00:00","electronic","exchange",3,"[PREMIUM]","1,2,3,4,5"
"5EjuZw4YBJ8","2026-08-25 23:59:09.735","2026-09-02 01:03:00.103","5EjuZw4YBJ8","18378490","[PREMIUM]","[PREMIUM]","[PREMIUM]","304","Section 304","k",2,"[]","2027-04-09 00:00:00","electronic","exchange",1,"[PREMIUM]","2"
"5EjuZw4YBK8","2026-08-25 23:59:09.735","2026-09-02 01:03:00.103","5EjuZw4YBK8","18378490","[PREMIUM]","[PREMIUM]","[PREMIUM]","330","Section 330","a",5,"[]","2027-04-09 00:00:00","electronic","exchange",4,"[PREMIUM]","1,2,3,4,5"
"5EjuZw4YBlE","2026-08-25 23:59:09.735","2026-09-02 01:03:00.103","5EjuZw4YBlE","18378490","[PREMIUM]","[PREMIUM]","[PREMIUM]","309","Section 309","m",3,"[]","2027-04-09 00:00:00","electronic","exchange",2,"[PREMIUM]","1,2,3"
"5EjuZw4YBd7","2026-08-25 23:59:09.735","2026-09-02 01:03:00.103","5EjuZw4YBd7","18378490","[PREMIUM]","[PREMIUM]","[PREMIUM]","103","Section 103 G","d",4,"[]","2027-04-09 00:00:00","electronic","exchange",0,"[PREMIUM]","1,2,3,4"
"5EjuZw4YkpX","2026-08-25 23:59:09.735","2026-09-02 01:03:00.103","5EjuZw4YkpX","18378490","[PREMIUM]","[PREMIUM]","[PREMIUM]","330","Section 330","q",7,"[]","2027-04-09 00:00:00","electronic","exchange",2,"[PREMIUM]","1,2,3,4,5,6,7"
"5EjuZwpNNrr","2026-08-25 23:59:09.735","2026-09-02 01:03:00.103","5EjuZwpNNrr","18378490","[PREMIUM]","[PREMIUM]","[PREMIUM]","306","Section 306","n",4,"[]","2027-04-09 00:00:00","electronic","exchange",3,"[PREMIUM]","1,2,3,4"
"5EjuZwpNN98","2026-08-25 23:59:09.735","2026-09-02 01:03:00.103","5EjuZwpNN98","18378490","[PREMIUM]","[PREMIUM]","[PREMIUM]","320","Section 320","p",5,"[]","2027-04-09 00:00:00","electronic","exchange",2,"[PREMIUM]","1,2,3,4,5"
"6mOhkodllgo","2026-08-25 23:59:09.735","2026-09-02 01:03:00.103","6mOhkodllgo","18378490","[PREMIUM]","[PREMIUM]","[PREMIUM]","313","Section 313","g",4,"[]","2027-04-09 00:00:00","electronic","exchange",1,"[PREMIUM]","1,2,3,4"
"6mOhkodllgm","2026-08-25 23:59:09.735","2026-09-02 01:03:00.103","6mOhkodllgm","18378490","[PREMIUM]","[PREMIUM]","[PREMIUM]","316","Section 316","h",7,"[]","2027-04-09 00:00:00","electronic","exchange",2,"[PREMIUM]","1,2,3,4,5,6,7"
"6mOhkodllVl","2026-08-25 23:59:09.735","2026-09-02 01:03:00.103","6mOhkodllVl","18378490","[PREMIUM]","[PREMIUM]","[PREMIUM]","330","Section 330","m",7,"[]","2027-04-09 00:00:00","electronic","exchange",2,"[PREMIUM]","1,2,3,4,5,6,7"
"6mOhkorpE2l","2026-08-25 23:59:09.735","2026-09-02 01:03:00.103","6mOhkorpE2l","18378490","[PREMIUM]","[PREMIUM]","[PREMIUM]","318","Section 318","g",2,"[]","2027-04-09 00:00:00","electronic","exchange",1,"[PREMIUM]","2"
"6mOhkorpEel","2026-08-25 23:59:09.735","2026-09-02 01:03:00.103","6mOhkorpEel","18378490","[PREMIUM]","[PREMIUM]","[PREMIUM]","113","Section 113","v",3,"[]","2027-04-09 00:00:00","electronic","exchange",2,"[PREMIUM]","1,2,3"
"6mOhkorpEeg","2026-08-25 23:59:09.735","2026-09-02 01:03:00.103","6mOhkorpEeg","18378490","[PREMIUM]","[PREMIUM]","[PREMIUM]","114","Section 114","m",5,"[]","2027-04-09 00:00:00","electronic","exchange",1,"[PREMIUM]","1,2,3,4,5"
"6mOhkorpEMl","2026-08-25 23:59:09.735","2026-09-02 01:03:00.103","6mOhkorpEMl","18378490","[PREMIUM]","[PREMIUM]","[PREMIUM]","311","Section 311","g",9,"[]","2027-04-09 00:00:00","electronic","exchange",2,"[PREMIUM]","1,2,3,4,5,6,7,8,9"
"6mOhkorpEM4","2026-08-25 23:59:09.735","2026-09-02 01:03:00.103","6mOhkorpEM4","18378490","[PREMIUM]","[PREMIUM]","[PREMIUM]","324","Section 324","h",11,"[]","2027-04-09 00:00:00","electronic","exchange",3,"[PREMIUM]","1,2,3,4,5,6,7,8,9,10,11"
"7KntAg0rL3O","2026-08-25 23:59:09.735","2026-09-02 01:03:00.103","7KntAg0rL3O","18378490","[PREMIUM]","[PREMIUM]","[PREMIUM]","320","Section 320","f",3,"[]","2027-04-09 00:00:00","electronic","exchange",1,"[PREMIUM]","1,2,3"
"7KntAg0rOpo","2026-08-25 23:59:09.735","2026-09-02 01:03:00.103","7KntAg0rOpo","18378490","[PREMIUM]","[PREMIUM]","[PREMIUM]","327","Section 327","m",3,"[]","2027-04-09 00:00:00","electronic","exchange",2,"[PREMIUM]","1,2,3"
"7KntAg0rLbR","2026-08-25 23:59:09.735","2026-09-02 01:03:00.103","7KntAg0rLbR","18378490","[PREMIUM]","[PREMIUM]","[PREMIUM]","307","Section 307","q",2,"[]","2027-04-09 00:00:00","electronic","exchange",2,"[PREMIUM]","2"
"7KntAg0rLjO","2026-08-25 23:59:09.735","2026-09-02 01:03:00.103","7KntAg0rLjO","18378490","[PREMIUM]","[PREMIUM]","[PREMIUM]","316","Section 316","h",7,"[]","2027-04-09 00:00:00","electronic","exchange",2,"[PREMIUM]","1,2,3,4,5,6,7"
"7KntAg0rL2L","2026-08-25 23:59:09.735","2026-09-02 01:03:00.103","7KntAg0rL2L","18378490","[PREMIUM]","[PREMIUM]","[PREMIUM]","104","Section 104","k",2,"[]","2027-04-09 00:00:00","electronic","exchange",1,"[PREMIUM]","2"
"8lKt6aoVKjp","2026-08-25 23:59:09.735","2026-09-02 01:03:00.103","8lKt6aoVKjp","18378490","[PREMIUM]","[PREMIUM]","[PREMIUM]","116","Section 116","f",4,"[]","2027-04-09 00:00:00","electronic","exchange",4,"[PREMIUM]","1,2,3,4"
"8lKt6aoVKLR","2026-08-25 23:59:09.735","2026-09-02 01:03:00.103","8lKt6aoVKLR","18378490","[PREMIUM]","[PREMIUM]","[PREMIUM]","324","Section 324","f",2,"[]","2027-04-09 00:00:00","electronic","exchange",3,"[PREMIUM]","2"
"8lKt6aoVKAX","2026-08-25 23:59:09.735","2026-09-02 01:03:00.103","8lKt6aoVKAX","18378490","[PREMIUM]","[PREMIUM]","[PREMIUM]","106","Section 106","s",3,"[]","2027-04-09 00:00:00","electronic","exchange",2,"[PREMIUM]","1,2,3"
"8lKt6aoVOpP","2026-08-25 23:59:09.735","2026-08-27 01:22:38.878","8lKt6aoVOpP","18378490","[PREMIUM]","[PREMIUM]","[PREMIUM]","322","Section 322","m",2,"[]","2027-04-09 00:00:00","electronic","exchange",1,"[PREMIUM]","2"
"8lKt6aoVKJX","2026-08-25 23:59:09.735","2026-09-02 01:03:00.103","8lKt6aoVKJX","18378490","[PREMIUM]","[PREMIUM]","[PREMIUM]","318","Section 318","l",5,"[]","2027-04-09 00:00:00","electronic","exchange",2,"[PREMIUM]","1,2,3,4,5"
"8lKt6apllNX","2026-08-25 23:59:09.735","2026-09-02 01:03:00.103","8lKt6apllNX","18378490","[PREMIUM]","[PREMIUM]","[PREMIUM]","325","Section 325","g",7,"[]","2027-04-09 00:00:00","electronic","exchange",3,"[PREMIUM]","1,2,3,4,5,6,7"
"8lKt6apll0J","2026-08-25 23:59:09.735","2026-09-02 01:03:00.103","8lKt6apll0J","18378490","[PREMIUM]","[PREMIUM]","[PREMIUM]","309","Section 309","n",3,"[]","2027-04-09 00:00:00","electronic","exchange",2,"[PREMIUM]","1,2,3"
"8lKt6apllxJ","2026-08-25 23:59:09.735","2026-09-02 01:03:00.103","8lKt6apllxJ","18378490","[PREMIUM]","[PREMIUM]","[PREMIUM]","114","Section 114","m",5,"[]","2027-04-09 00:00:00","electronic","exchange",1,"[PREMIUM]","1,2,3,4,5"
"9P2c5MEebXp","2026-08-25 23:59:09.735","2026-09-02 01:03:00.103","9P2c5MEebXp","18378490","[PREMIUM]","[PREMIUM]","[PREMIUM]","308","Section 308","h",16,"[]","2027-04-09 00:00:00","electronic","exchange",2,"[PREMIUM]","1,2,3,4,5,6,7,8,9,10,11,12,13,14,15,16"
"9P2c5MEeb04","2026-08-25 23:59:09.735","2026-09-02 01:03:00.103","9P2c5MEeb04","18378490","[PREMIUM]","[PREMIUM]","[PREMIUM]","113","Section 113","k",3,"[]","2027-04-09 00:00:00","electronic","exchange",2,"[PREMIUM]","1,2,3"
"9P2c5MEeb0p","2026-08-25 23:59:09.735","2026-09-02 01:03:00.103","9P2c5MEeb0p","18378490","[PREMIUM]","[PREMIUM]","[PREMIUM]","318","Section 318","g",4,"[]","2027-04-09 00:00:00","electronic","exchange",5,"[PREMIUM]","1,2,3,4"
"9P2c5MEeb9p","2026-08-25 23:59:09.735","2026-09-02 01:03:00.103","9P2c5MEeb9p","18378490","[PREMIUM]","[PREMIUM]","[PREMIUM]","321","Section 321","n",12,"[]","2027-04-09 00:00:00","electronic","exchange",3,"[PREMIUM]","1,2,3,4,5,6,7,8,9,10,11,12"
"9P2c5MEebXa","2026-08-25 23:59:09.735","2026-09-02 01:03:00.103","9P2c5MEebXa","18378490","[PREMIUM]","[PREMIUM]","[PREMIUM]","332","Section 332","e",6,"[]","2027-04-09 00:00:00","electronic","exchange",3,"[PREMIUM]","1,2,3,4,5,6"
"9P2c5Mpjjmq","2026-08-25 23:59:09.735","2026-09-02 01:03:00.103","9P2c5Mpjjmq","18378490","[PREMIUM]","[PREMIUM]","[PREMIUM]","314","Section 314","h",13,"[]","2027-04-09 00:00:00","electronic","exchange",2,"[PREMIUM]","1,2,3,4,5,6,7,8,9,10,11,12,13"
"9P2c5Mpjjm3","2026-08-25 23:59:09.735","2026-09-02 01:03:00.103","9P2c5Mpjjm3","18378490","[PREMIUM]","[PREMIUM]","[PREMIUM]","316","Section 316","m",5,"[]","2027-04-09 00:00:00","electronic","exchange",1,"[PREMIUM]","1,2,3,4,5"
"9P2c5MpjjVq","2026-08-25 23:59:09.735","2026-09-02 01:03:00.103","9P2c5MpjjVq","18378490","[PREMIUM]","[PREMIUM]","[PREMIUM]","126","Section 126","ee",5,"[]","2027-04-09 00:00:00","electronic","exchange",4,"[PREMIUM]","1,2,3,4,5"
"9P2c5MpjjRp","2026-08-25 23:59:09.735","2026-09-02 01:03:00.103","9P2c5MpjjRp","18378490","[PREMIUM]","[PREMIUM]","[PREMIUM]","330","Section 330","q",7,"[]","2027-04-09 00:00:00","electronic","exchange",2,"[PREMIUM]","1,2,3,4,5,6,7"
"A6rs2K8qqpb","2026-08-25 23:59:09.735","2026-09-02 01:03:00.103","A6rs2K8qqpb","18378490","[PREMIUM]","[PREMIUM]","[PREMIUM]","105","Section 105","w",5,"[]","2027-04-09 00:00:00","electronic","exchange",3,"[PREMIUM]","1,2,3,4,5"
"A6rs2K8qqXD","2026-08-25 23:59:09.735","2026-09-02 01:03:00.103","A6rs2K8qqXD","18378490","[PREMIUM]","[PREMIUM]","[PREMIUM]","324","Section 324","e",9,"[]","2027-04-09 00:00:00","electronic","exchange",3,"[PREMIUM]","1,2,3,4,5,6,7,8,9"
"A6rs2K8qqEb","2026-08-25 23:59:09.735","2026-09-02 01:03:00.103","A6rs2K8qqEb","18378490","[PREMIUM]","[PREMIUM]","[PREMIUM]","308","Section 308","a",4,"[]","2027-04-09 00:00:00","electronic","exchange",3,"[PREMIUM]","1,2,3,4"
"A6rs2Kd6awD","2026-08-25 23:59:09.735","2026-09-02 01:03:00.103","A6rs2Kd6awD","18378490","[PREMIUM]","[PREMIUM]","[PREMIUM]","306","Section 306","q",3,"[]","2027-04-09 00:00:00","electronic","exchange",4,"[PREMIUM]","1,2,3"
"A6rs2Kd6avK","2026-08-25 23:59:09.735","2026-08-31 01:21:09.844","A6rs2Kd6avK","18378490","[PREMIUM]","[PREMIUM]","[PREMIUM]","103","Section 103","u",3,"[]","2027-04-09 00:00:00","electronic","exchange",5,"[PREMIUM]","1,2,3"
"A6rs2Kd6aMD","2026-08-25 23:59:09.735","2026-09-02 01:03:00.103","A6rs2Kd6aMD","18378490","[PREMIUM]","[PREMIUM]","[PREMIUM]","125","Section 125","g",3,"[]","2027-04-09 00:00:00","electronic","exchange",1,"[PREMIUM]","1,2,3"
"A6rs2Kd6a54","2026-08-25 23:59:09.735","2026-09-02 01:03:00.103","A6rs2Kd6a54","18378490","[PREMIUM]","[PREMIUM]","[PREMIUM]","316","Section 316","m",5,"[]","2027-04-09 00:00:00","electronic","exchange",1,"[PREMIUM]","1,2,3,4,5"
"BALImM0aYv6","2026-08-25 23:59:09.735","2026-09-02 01:03:00.103","BALImM0aYv6","18378490","[PREMIUM]","[PREMIUM]","[PREMIUM]","314","Section 314","p",5,"[]","2027-04-09 00:00:00","electronic","exchange",2,"[PREMIUM]","1,2,3,4,5"
"BALImM0aYAv","2026-08-25 23:59:09.735","2026-09-02 01:03:00.103","BALImM0aYAv","18378490","[PREMIUM]","[PREMIUM]","[PREMIUM]","111","Section 111","ff",2,"[]","2027-04-09 00:00:00","electronic","exchange",2,"[PREMIUM]","2"
"BALImM0aYL4","2026-08-25 23:59:09.735","2026-09-02 01:03:00.103","BALImM0aYL4","18378490","[PREMIUM]","[PREMIUM]","[PREMIUM]","116","Section 116","e",14,"[]","2027-04-09 00:00:00","electronic","exchange",0,"[PREMIUM]","1,2,3,4,5,6,7,8,9,10,11,12,13,14"
"BALImM0aYov","2026-08-25 23:59:09.735","2026-09-02 01:03:00.103","BALImM0aYov","18378490","[PREMIUM]","[PREMIUM]","[PREMIUM]","317","Section 317","l",10,"[]","2027-04-09 00:00:00","electronic","exchange",3,"[PREMIUM]","1,2,3,4,5,6,7,8,9,10"
"BALImM02zb6","2026-08-25 23:59:09.735","2026-09-07 00:51:26.687","BALImM02zb6","18378490","[PREMIUM]","[PREMIUM]","[PREMIUM]","302","Section 302","k",2,"['7','8']","2027-04-10 00:00:00","electronic","exchange",1,"[PREMIUM]","2"
"BALImMZ44K5","2026-08-25 23:59:09.735","2026-08-25 23:59:09.735","BALImMZ44K5","18378490","[PREMIUM]","[PREMIUM]","[PREMIUM]","113","Section 113","k",5,"[]","2027-04-09 00:00:00","electronic","exchange",2,"[PREMIUM]","1,2,3,4,5"
"BALImMZ44Ev","2026-08-25 23:59:09.735","2026-09-02 01:03:00.103","BALImMZ44Ev","18378490","[PREMIUM]","[PREMIUM]","[PREMIUM]","325","Section 325","e",11,"[]","2027-04-09 00:00:00","electronic","exchange",3,"[PREMIUM]","1,2,3,4,5,6,7,8,9,10,11"
"BALImMZ4465","2026-08-25 23:59:09.735","2026-09-02 01:03:00.103","BALImMZ4465","18378490","[PREMIUM]","[PREMIUM]","[PREMIUM]","308","Section 308","p",2,"[]","2027-04-09 00:00:00","electronic","exchange",2,"[PREMIUM]","2"
"DdwHkMG3oVb","2026-08-25 23:59:09.735","2026-09-02 01:03:00.103","DdwHkMG3oVb","18378490","[PREMIUM]","[PREMIUM]","[PREMIUM]","310","Section 310","l",5,"[]","2027-04-09 00:00:00","electronic","exchange",1,"[PREMIUM]","1,2,3,4,5"
"DdwHkMG3oRj","2026-08-25 23:59:09.735","2026-08-25 23:59:09.735","DdwHkMG3oRj","18378490","[PREMIUM]","[PREMIUM]","[PREMIUM]","126","Section 126","w",2,"[]","2027-04-09 00:00:00","electronic","exchange",4,"[PREMIUM]","2"
"DdwHkMG3o05","2026-08-25 23:59:09.735","2026-09-02 01:03:00.103","DdwHkMG3o05","18378490","[PREMIUM]","[PREMIUM]","[PREMIUM]","103","Section 103 G","d",2,"[]","2027-04-09 00:00:00","electronic","exchange",0,"[PREMIUM]","2"
"DdwHkMG3opj","2026-08-25 23:59:09.735","2026-09-02 01:03:00.103","DdwHkMG3opj","18378490","[PREMIUM]","[PREMIUM]","[PREMIUM]","306","Section 306","n",4,"[]","2027-04-09 00:00:00","electronic","exchange",3,"[PREMIUM]","1,2,3,4"
"DdwHkMZlldj","2026-08-25 23:59:09.735","2026-09-02 01:03:00.103","DdwHkMZlldj","18378490","[PREMIUM]","[PREMIUM]","[PREMIUM]","323","Section 323","j",16,"[]","2027-04-09 00:00:00","electronic","exchange",3,"[PREMIUM]","1,2,3,4,5,6,7,8,9,10,11,12,13,14,15,16"
"DdwHkMZll9L","2026-08-25 23:59:09.735","2026-08-31 01:21:09.844","DdwHkMZll9L","18378490","[PREMIUM]","[PREMIUM]","[PREMIUM]","103","Section 103","u",3,"[]","2027-04-09 00:00:00","electronic","exchange",5,"[PREMIUM]","1,2,3"
"DdwHkMZll7L","2026-08-25 23:59:09.735","2026-09-02 01:03:00.103","DdwHkMZll7L","18378490","[PREMIUM]","[PREMIUM]","[PREMIUM]","307","Section 307","q",2,"[]","2027-04-09 00:00:00","electronic","exchange",2,"[PREMIUM]","2"
"EroUXgKVrMG","2026-08-25 23:59:09.735","2026-09-02 01:03:00.103","EroUXgKVrMG","18378490","[PREMIUM]","[PREMIUM]","[PREMIUM]","303","Section 303","h",4,"[]","2027-04-09 00:00:00","electronic","exchange",2,"[PREMIUM]","1,2,3,4"
"EroUXgKVra6","2026-08-25 23:59:09.735","2026-09-02 01:03:00.103","EroUXgKVra6","18378490","[PREMIUM]","[PREMIUM]","[PREMIUM]","114","Section 114","r",3,"[]","2027-04-09 00:00:00","electronic","exchange",2,"[PREMIUM]","1,2,3"
"EroUXgKVraG","2026-08-25 23:59:09.735","2026-09-02 01:03:00.103","EroUXgKVraG","18378490","[PREMIUM]","[PREMIUM]","[PREMIUM]","105","Section 105","w",5,"[]","2027-04-09 00:00:00","electronic","exchange",3,"[PREMIUM]","1,2,3,4,5"
"EroUXgKVreG","2026-08-25 23:59:09.735","2026-09-02 01:03:00.103","EroUXgKVreG","18378490","[PREMIUM]","[PREMIUM]","[PREMIUM]","308","Section 308","g",4,"[]","2027-04-09 00:00:00","electronic","exchange",2,"[PREMIUM]","1,2,3,4"
"EroUXgKVrwN","2026-08-25 23:59:09.735","2026-09-02 01:03:00.103","EroUXgKVrwN","18378490","[PREMIUM]","[PREMIUM]","[PREMIUM]","325","Section 325","b",3,"[]","2027-04-09 00:00:00","electronic","exchange",2,"[PREMIUM]","1,2,3"
"EroUXgZ886D","2026-08-25 23:59:09.735","2026-09-02 01:03:00.103","EroUXgZ886D","18378490","[PREMIUM]","[PREMIUM]","[PREMIUM]","123","Section 123 G","d",5,"[]","2027-04-09 00:00:00","electronic","exchange",5,"[PREMIUM]","1,2,3,4,5"
"EroUXgZ88qG","2026-08-25 23:59:09.735","2026-09-02 01:03:00.103","EroUXgZ88qG","18378490","[PREMIUM]","[PREMIUM]","[PREMIUM]","330","Section 330","a",5,"[]","2027-04-09 00:00:00","electronic","exchange",4,"[PREMIUM]","1,2,3,4,5"
"EroUXgZ88JD","2026-08-25 23:59:09.735","2026-09-02 01:03:00.103","EroUXgZ88JD","18378490","[PREMIUM]","[PREMIUM]","[PREMIUM]","312","Section 312","j",6,"[]","2027-04-09 00:00:00","electronic","exchange",2,"[PREMIUM]","1,2,3,4,5,6"
"EroUXgZ88J3","2026-08-25 23:59:09.735","2026-09-02 01:03:00.103","EroUXgZ88J3","18378490","[PREMIUM]","[PREMIUM]","[PREMIUM]","316","Section 316","h",2,"[]","2027-04-09 00:00:00","electronic","exchange",2,"[PREMIUM]","2"
"GAaI60JgvBv","2026-08-25 23:59:09.735","2026-09-02 01:03:00.103","GAaI60JgvBv","18378490","[PREMIUM]","[PREMIUM]","[PREMIUM]","305","Section 305","m",18,"[]","2027-04-09 00:00:00","electronic","exchange",2,"[PREMIUM]","1,2,3,4,5,6,7,8,9,10,11,12,13,14,15,16,17,18"
"GAaI60JgvDo","2026-08-25 23:59:09.735","2026-09-02 01:03:00.103","GAaI60JgvDo","18378490","[PREMIUM]","[PREMIUM]","[PREMIUM]","311","Section 311","l",2,"[]","2027-04-09 00:00:00","electronic","exchange",2,"[PREMIUM]","2"
"GAaI60JgvY4","2026-08-25 23:59:09.735","2026-09-02 01:03:00.103","GAaI60JgvY4","18378490","[PREMIUM]","[PREMIUM]","[PREMIUM]","116T","116 Terrace","ee",10,"[]","2027-04-09 00:00:00","electronic","exchange",2,"[PREMIUM]","1,2,3,4,5,6,7,8,9,10"
"GAaI60ZVVLr","2026-08-25 23:59:09.735","2026-09-02 01:03:00.103","GAaI60ZVVLr","18378490","[PREMIUM]","[PREMIUM]","[PREMIUM]","307","Section 307","q",2,"[]","2027-04-09 00:00:00","electronic","exchange",2,"[PREMIUM]","2"
"GAaI60ZVVzr","2026-08-25 23:59:09.735","2026-08-31 01:21:09.844","GAaI60ZVVzr","18378490","[PREMIUM]","[PREMIUM]","[PREMIUM]","103","Section 103","u",3,"[]","2027-04-09 00:00:00","electronic","exchange",5,"[PREMIUM]","1,2,3"
"GAaI60ZVVov","2026-08-25 23:59:09.735","2026-09-01 00:01:06.065","GAaI60ZVVov","18378490","[PREMIUM]","[PREMIUM]","[PREMIUM]","323","Section 323","g",6,"[]","2027-04-09 00:00:00","electronic","exchange",2,"[PREMIUM]","1,2,3,4,5,6"
"JABI3EG6a03","2026-08-25 23:59:09.735","2026-09-02 01:03:00.103","JABI3EG6a03","18378490","[PREMIUM]","[PREMIUM]","[PREMIUM]","114","Section 114","s",3,"[]","2027-04-09 00:00:00","electronic","exchange",2,"[PREMIUM]","1,2,3"
"JABI3EG6a0G","2026-08-25 23:59:09.735","2026-09-02 01:03:00.103","JABI3EG6a0G","18378490","[PREMIUM]","[PREMIUM]","[PREMIUM]","105","Section 105","w",2,"[]","2027-04-09 00:00:00","electronic","exchange",3,"[PREMIUM]","2"
"JABI3EG6axG","2026-08-25 23:59:09.735","2026-09-02 01:03:00.103","JABI3EG6axG","18378490","[PREMIUM]","[PREMIUM]","[PREMIUM]","312","Section 312","j",6,"[]","2027-04-09 00:00:00","electronic","exchange",3,"[PREMIUM]","1,2,3,4,5,6"
"JABI3EG6axR","2026-08-25 23:59:09.735","2026-09-02 01:03:00.103","JABI3EG6axR","18378490","[PREMIUM]","[PREMIUM]","[PREMIUM]","307","Section 307","d",3,"[]","2027-04-09 00:00:00","electronic","exchange",1,"[PREMIUM]","1,2,3"
"JABI3EG6gZ9","2026-08-25 23:59:09.735","2026-09-02 01:03:00.103","JABI3EG6gZ9","18378490","[PREMIUM]","[PREMIUM]","[PREMIUM]","323","Section 323","m",2,"[]","2027-04-09 00:00:00","electronic","exchange",2,"[PREMIUM]","2"
"JABI3EZAA4j","2026-08-25 23:59:09.735","2026-09-02 01:03:00.103","JABI3EZAA4j","18378490","[PREMIUM]","[PREMIUM]","[PREMIUM]","126","Section 126","n",7,"[]","2027-04-09 00:00:00","electronic","exchange",2,"[PREMIUM]","1,2,3,4,5,6,7"
"JABI3EZAAPg","2026-08-25 23:59:09.735","2026-09-02 01:03:00.103","JABI3EZAAPg","18378490","[PREMIUM]","[PREMIUM]","[PREMIUM]","317","Section 317","k",15,"[]","2027-04-09 00:00:00","electronic","exchange",3,"[PREMIUM]","1,2,3,4,5,6,7,8,9,10,11,12,13,14,15"
"JABI3EZAAPj","2026-08-25 23:59:09.735","2026-08-30 00:08:08.628","JABI3EZAAPj","18378490","[PREMIUM]","[PREMIUM]","[PREMIUM]","314","Section 314","j",2,"[]","2027-04-09 00:00:00","electronic","exchange",2,"[PREMIUM]","2"
"JABI3EZAAqG","2026-08-25 23:59:09.735","2026-09-02 01:03:00.103","JABI3EZAAqG","18378490","[PREMIUM]","[PREMIUM]","[PREMIUM]","331","Section 331","l",5,"[]","2027-04-09 00:00:00","electronic","exchange",2,"[PREMIUM]","1,2,3,4,5"
"JABI3EZOgrX","2026-08-25 23:59:09.735","2026-09-06 01:37:48.853","JABI3EZOgrX","18378490","[PREMIUM]","[PREMIUM]","[PREMIUM]","302","Section 302","m",4,"[]","2027-04-08 00:00:00","electronic","exchange",1,"[PREMIUM]","4"
"KezczqMJg4j","2026-08-25 23:59:09.735","2026-09-02 01:03:00.103","KezczqMJg4j","18378490","[PREMIUM]","[PREMIUM]","[PREMIUM]","313","Section 313","g",4,"[]","2027-04-09 00:00:00","electronic","exchange",1,"[PREMIUM]","1,2,3,4"
"KezczqMJgEm","2026-08-25 23:59:09.735","2026-09-02 01:03:00.103","KezczqMJgEm","18378490","[PREMIUM]","[PREMIUM]","[PREMIUM]","104","Section 104","g",2,"[]","2027-04-09 00:00:00","electronic","exchange",0,"[PREMIUM]","2"
"KezczqMJgVj","2026-08-25 23:59:09.735","2026-09-02 01:03:00.103","KezczqMJgVj","18378490","[PREMIUM]","[PREMIUM]","[PREMIUM]","320","Section 320","e",3,"[]","2027-04-09 00:00:00","electronic","exchange",1,"[PREMIUM]","1,2,3"
"KezczqM0LZL","2026-08-25 23:59:09.735","2026-08-25 23:59:09.735","KezczqM0LZL","18378490","[PREMIUM]","[PREMIUM]","[PREMIUM]","113","Section 113","k",5,"[]","2027-04-09 00:00:00","electronic","exchange",1,"[PREMIUM]","1,2,3,5"
"KezczqZDDww","2026-08-25 23:59:09.735","2026-09-02 01:03:00.103","KezczqZDDww","18378490","[PREMIUM]","[PREMIUM]","[PREMIUM]","318","Section 318","g",4,"[]","2027-04-09 00:00:00","electronic","exchange",5,"[PREMIUM]","1,2,3,4"
"KezczqZDDjj","2026-08-25 23:59:09.735","2026-09-02 01:03:00.103","KezczqZDDjj","18378490","[PREMIUM]","[PREMIUM]","[PREMIUM]","332","Section 332","l",11,"[]","2027-04-09 00:00:00","electronic","exchange",3,"[PREMIUM]","1,2,3,4,5,6,7,8,9,10,11"
"KezczqZDDPD","2026-08-25 23:59:09.735","2026-09-02 01:03:00.103","KezczqZDDPD","18378490","[PREMIUM]","[PREMIUM]","[PREMIUM]","302","Section 302","r",4,"[]","2027-04-09 00:00:00","electronic","exchange",3,"[PREMIUM]","1,2,3,4"
"LbviL8G4O5e","2026-08-25 23:59:09.735","2026-09-02 01:03:00.103","LbviL8G4O5e","18378490","[PREMIUM]","[PREMIUM]","[PREMIUM]","324","Section 324","g",11,"[]","2027-04-09 00:00:00","electronic","exchange",3,"[PREMIUM]","1,2,3,4,5,6,7,8,9,10,11"
"LbviL8G4O98","2026-08-25 23:59:09.735","2026-09-02 01:03:00.103","LbviL8G4O98","18378490","[PREMIUM]","[PREMIUM]","[PREMIUM]","321","Section 321","a",3,"[]","2027-04-09 00:00:00","electronic","exchange",4,"[PREMIUM]","1,2,3"
"LbviL8G4O9M","2026-08-25 23:59:09.735","2026-09-02 01:03:00.103","LbviL8G4O9M","18378490","[PREMIUM]","[PREMIUM]","[PREMIUM]","107","Section 107","l",3,"[]","2027-04-09 00:00:00","electronic","exchange",2,"[PREMIUM]","1,2,3"
"LbviL8G4OA8","2026-08-25 23:59:09.735","2026-09-02 01:03:00.103","LbviL8G4OA8","18378490","[PREMIUM]","[PREMIUM]","[PREMIUM]","320","Section 320","n",2,"[]","2027-04-09 00:00:00","electronic","exchange",2,"[PREMIUM]","2"
"LbviL8G4Op8","2026-08-25 23:59:09.735","2026-09-02 01:03:00.103","LbviL8G4Op8","18378490","[PREMIUM]","[PREMIUM]","[PREMIUM]","312","Section 312","j",2,"[]","2027-04-09 00:00:00","electronic","exchange",3,"[PREMIUM]","2"
"LbviL8ZkkrK","2026-08-25 23:59:09.735","2026-09-02 01:03:00.103","LbviL8ZkkrK","18378490","[PREMIUM]","[PREMIUM]","[PREMIUM]","117","Section 117 G","d",2,"[]","2027-04-09 00:00:00","electronic","exchange",3,"[PREMIUM]","2"
"LbviL8Zkkgl","2026-08-25 23:59:09.735","2026-09-02 01:03:00.103","LbviL8Zkkgl","18378490","[PREMIUM]","[PREMIUM]","[PREMIUM]","315","Section 315","f",7,"[]","2027-04-09 00:00:00","electronic","exchange",2,"[PREMIUM]","1,2,3,4,5,6,7"
"LbviL8ZkkgK","2026-08-25 23:59:09.735","2026-09-02 01:03:00.103","LbviL8ZkkgK","18378490","[PREMIUM]","[PREMIUM]","[PREMIUM]","311","Section 311","h",4,"[]","2027-04-09 00:00:00","electronic","exchange",2,"[PREMIUM]","1,2,3,4"
"LbviL8Zkk08","2026-08-25 23:59:09.735","2026-09-02 01:03:00.103","LbviL8Zkk08","18378490","[PREMIUM]","[PREMIUM]","[PREMIUM]","327","Section 327","q",6,"[]","2027-04-09 00:00:00","electronic","exchange",2,"[PREMIUM]","1,2,3,4,5,6"
"MAeIP3GMdzP","2026-08-25 23:59:09.735","2026-09-02 01:03:00.103","MAeIP3GMdzP","18378490","[PREMIUM]","[PREMIUM]","[PREMIUM]","323","Section 323","f",2,"[]","2027-04-09 00:00:00","electronic","exchange",2,"[PREMIUM]","2"
"MAeIP3GMdrx","2026-08-25 23:59:09.735","2026-09-02 01:03:00.103","MAeIP3GMdrx","18378490","[PREMIUM]","[PREMIUM]","[PREMIUM]","126","Section 126","n",7,"[]","2027-04-09 00:00:00","electronic","exchange",2,"[PREMIUM]","1,2,3,4,5,6,7"
"MAeIP3GMdYG","2026-08-25 23:59:09.735","2026-09-02 01:03:00.103","MAeIP3GMdYG","18378490","[PREMIUM]","[PREMIUM]","[PREMIUM]","103","Section 103","e",2,"[]","2027-04-09 00:00:00","electronic","exchange",2,"[PREMIUM]","2"
"MAeIP3GMd0x","2026-08-25 23:59:09.735","2026-09-02 01:03:00.103","MAeIP3GMd0x","18378490","[PREMIUM]","[PREMIUM]","[PREMIUM]","317","Section 317","m",17,"[]","2027-04-09 00:00:00","electronic","exchange",3,"[PREMIUM]","1,2,3,4,5,6,7,8,9,10,11,12,13,14,15,16,17"
"MAeIP3G5keP","2026-08-25 23:59:09.735","2026-09-07 00:51:26.687","MAeIP3G5keP","18378490","[PREMIUM]","[PREMIUM]","[PREMIUM]","321","Section 321","k",4,"['11','12','13','14']","2027-04-10 00:00:00","electronic","exchange",0,"[PREMIUM]","1,2,4"
"MAeIP3ZwwLr","2026-08-25 23:59:09.735","2026-09-01 00:01:06.065","MAeIP3ZwwLr","18378490","[PREMIUM]","[PREMIUM]","[PREMIUM]","115","Section 115","j",4,"[]","2027-04-09 00:00:00","electronic","exchange",1,"[PREMIUM]","1,2,3,4"
"MAeIP3Zww8r","2026-08-25 23:59:09.735","2026-09-02 01:03:00.103","MAeIP3Zww8r","18378490","[PREMIUM]","[PREMIUM]","[PREMIUM]","309","Section 309","n",5,"[]","2027-04-09 00:00:00","electronic","exchange",2,"[PREMIUM]","1,2,3,4,5"
"MAeIP3Zww7x","2026-08-25 23:59:09.735","2026-09-02 01:03:00.103","MAeIP3Zww7x","18378490","[PREMIUM]","[PREMIUM]","[PREMIUM]","325","Section 325","n",6,"[]","2027-04-09 00:00:00","electronic","exchange",3,"[PREMIUM]","1,2,3,4,5,6"
"NrqUv6ZNNgz","2026-08-25 23:59:09.735","2026-09-02 01:03:00.103","NrqUv6ZNNgz","18378490","[PREMIUM]","[PREMIUM]","[PREMIUM]","304","Section 304","n",8,"[]","2027-04-09 00:00:00","electronic","exchange",2,"[PREMIUM]","1,2,3,4,5,6,7,8"
"NrqUv6ZNNKg","2026-08-25 23:59:09.735","2026-09-02 01:03:00.103","NrqUv6ZNNKg","18378490","[PREMIUM]","[PREMIUM]","[PREMIUM]","318","Section 318","k",13,"[]","2027-04-09 00:00:00","electronic","exchange",1,"[PREMIUM]","1,2,3,4,5,6,7,8,9,10,11,12,13"
"NrqUv6p8bjg","2026-08-25 23:59:09.735","2026-09-02 01:03:00.103","NrqUv6p8bjg","18378490","[PREMIUM]","[PREMIUM]","[PREMIUM]","315","Section 315","f",7,"[]","2027-04-09 00:00:00","electronic","exchange",2,"[PREMIUM]","1,2,3,4,5,6,7"
"NrqUv6p8bY0","2026-08-25 23:59:09.735","2026-08-31 01:21:09.844","NrqUv6p8bY0","18378490","[PREMIUM]","[PREMIUM]","[PREMIUM]","115","Section 115","m",3,"[]","2027-04-09 00:00:00","electronic","exchange",1,"[PREMIUM]","1,2,3"
"NrqUv6p8bDg","2026-08-25 23:59:09.735","2026-09-02 01:03:00.103","NrqUv6p8bDg","18378490","[PREMIUM]","[PREMIUM]","[PREMIUM]","321","Section 321","f",6,"[]","2027-04-09 00:00:00","electronic","exchange",3,"[PREMIUM]","1,2,3,4,5,6"
"NrqUv6p8bBm","2026-08-25 23:59:09.735","2026-09-02 01:03:00.103","NrqUv6p8bBm","18378490","[PREMIUM]","[PREMIUM]","[PREMIUM]","309","Section 309","p",7,"[]","2027-04-09 00:00:00","electronic","exchange",2,"[PREMIUM]","1,2,3,4,5,6,7"
"NrqUv6p85ZR","2026-08-25 23:59:09.735","2026-09-02 01:03:00.103","NrqUv6p85ZR","18378490","[PREMIUM]","[PREMIUM]","[PREMIUM]","326","Section 326","r",10,"[]","2027-04-09 00:00:00","electronic","exchange",3,"[PREMIUM]","1,2,3,4,5,6,7,8,9,10"
"NrqUv6pMgkA","2026-08-25 23:59:09.735","2026-09-07 00:51:26.687","NrqUv6pMgkA","18378490","[PREMIUM]","[PREMIUM]","[PREMIUM]","117","Section 117","k",4,"['13','14','15','16']","2027-04-10 00:00:00","electronic","exchange",1,"[PREMIUM]","1,2,4"
"O7AhwK8BBjm","2026-08-25 23:59:09.735","2026-09-02 01:03:00.103","O7AhwK8BBjm","18378490","[PREMIUM]","[PREMIUM]","[PREMIUM]","116T","116 Terrace","ee",10,"[]","2027-04-09 00:00:00","electronic","exchange",2,"[PREMIUM]","1,2,3,4,5,6,7,8,9,10"
"O7AhwK8BBeM","2026-08-25 23:59:09.735","2026-09-02 01:03:00.103","O7AhwK8BBeM","18378490","[PREMIUM]","[PREMIUM]","[PREMIUM]","303","Section 303","h",4,"[]","2027-04-09 00:00:00","electronic","exchange",2,"[PREMIUM]","1,2,3,4"
"O7AhwKM9lDx","2026-08-25 23:59:09.735","2026-09-02 01:03:00.103","O7AhwKM9lDx","18378490","[PREMIUM]","[PREMIUM]","[PREMIUM]","308","Section 308","n",3,"[]","2027-04-09 00:00:00","electronic","exchange",2,"[PREMIUM]","1,2,3"
"O7AhwKM9E88","2026-08-25 23:59:09.735","2026-09-02 01:03:00.103","O7AhwKM9E88","18378490","[PREMIUM]","[PREMIUM]","[PREMIUM]","327","Section 327","q",6,"[]","2027-04-09 00:00:00","electronic","exchange",2,"[PREMIUM]","1,2,3,4,5,6"
"O7AhwKM9lGm","2026-08-25 23:59:09.735","2026-09-02 01:03:00.103","O7AhwKM9lGm","18378490","[PREMIUM]","[PREMIUM]","[PREMIUM]","319","Section 319","g",3,"[]","2027-04-09 00:00:00","electronic","exchange",2,"[PREMIUM]","1,2,3"
"O7AhwKM9lOm","2026-08-25 23:59:09.735","2026-09-02 01:03:00.103","O7AhwKM9lOm","18378490","[PREMIUM]","[PREMIUM]","[PREMIUM]","314","Section 314","h",13,"[]","2027-04-09 00:00:00","electronic","exchange",2,"[PREMIUM]","1,2,3,4,5,6,7,8,9,10,11,12,13"
"O7AhwKM9lY9","2026-08-25 23:59:09.735","2026-09-02 01:03:00.103","O7AhwKM9lY9","18378490","[PREMIUM]","[PREMIUM]","[PREMIUM]","104","Section 104","f",2,"[]","2027-04-09 00:00:00","electronic","exchange",0,"[PREMIUM]","2"
"PX0sgq8wwO9","2026-08-25 23:59:09.735","2026-09-02 01:03:00.103","PX0sgq8wwO9","18378490","[PREMIUM]","[PREMIUM]","[PREMIUM]","322","Section 322","j",14,"[]","2027-04-09 00:00:00","electronic","exchange",1,"[PREMIUM]","1,2,3,4,5,6,7,8,9,10,11,12,13,14"
"PX0sgqBljYM","2026-08-25 23:59:09.735","2026-09-02 01:03:00.103","PX0sgqBljYM","18378490","[PREMIUM]","[PREMIUM]","[PREMIUM]","117","Section 117 G","d",2,"[]","2027-04-09 00:00:00","electronic","exchange",3,"[PREMIUM]","2"
"PX0sgq8wwdo","2026-08-25 23:59:09.735","2026-09-02 01:03:00.103","PX0sgq8wwdo","18378490","[PREMIUM]","[PREMIUM]","[PREMIUM]","307","Section 307","n",7,"[]","2027-04-09 00:00:00","electronic","exchange",2,"[PREMIUM]","1,2,3,4,5,6,7"
"PX0sgqBljvb","2026-08-25 23:59:09.735","2026-09-02 01:03:00.103","PX0sgqBljvb","18378490","[PREMIUM]","[PREMIUM]","[PREMIUM]","314","Section 314","l",6,"[]","2027-04-09 00:00:00","electronic","exchange",2,"[PREMIUM]","1,2,3,4,5,6"
"PX0sgqBlj69","2026-08-25 23:59:09.735","2026-09-02 01:03:00.103","PX0sgqBlj69","18378490","[PREMIUM]","[PREMIUM]","[PREMIUM]","126","Section 126","ee",5,"[]","2027-04-09 00:00:00","electronic","exchange",4,"[PREMIUM]","1,2,3,4,5"
"PX0sgqBljP9","2026-08-25 23:59:09.735","2026-09-02 01:03:00.103","PX0sgqBljP9","18378490","[PREMIUM]","[PREMIUM]","[PREMIUM]","304","Section 304","n",14,"[]","2027-04-09 00:00:00","electronic","exchange",2,"[PREMIUM]","1,2,3,4,5,6,7,8,9,10,11,12,13,14"
"PX0sgq8wwNo","2026-08-25 23:59:09.735","2026-09-02 01:03:00.103","PX0sgq8wwNo","18378490","[PREMIUM]","[PREMIUM]","[PREMIUM]","103","Section 103","e",8,"[]","2027-04-09 00:00:00","electronic","exchange",0,"[PREMIUM]","1,2,3,4,5,6,7,8"
"ROXHz27ggvZ","2026-08-25 23:59:09.735","2026-09-02 01:03:00.103","ROXHz27ggvZ","18378490","[PREMIUM]","[PREMIUM]","[PREMIUM]","307","Section 307","h",17,"[]","2027-04-09 00:00:00","electronic","exchange",2,"[PREMIUM]","1,2,3,4,5,6,7,8,9,10,11,12,13,14,15,16,17"
"ROXHz27ggVZ","2026-08-25 23:59:09.735","2026-09-02 01:03:00.103","ROXHz27ggVZ","18378490","[PREMIUM]","[PREMIUM]","[PREMIUM]","103","Section 103 G","d",2,"[]","2027-04-09 00:00:00","electronic","exchange",0,"[PREMIUM]","2"
"ROXHz27ggKb","2026-08-25 23:59:09.735","2026-09-02 01:03:00.103","ROXHz27ggKb","18378490","[PREMIUM]","[PREMIUM]","[PREMIUM]","321","Section 321","n",12,"[]","2027-04-09 00:00:00","electronic","exchange",3,"[PREMIUM]","1,2,3,4,5,6,7,8,9,10,11,12"
"ROXHz2734Xj","2026-08-25 23:59:09.735","2026-08-25 23:59:09.735","ROXHz2734Xj","18378490","[PREMIUM]","[PREMIUM]","[PREMIUM]","308","Section 308","p",2,"[]","2027-04-09 00:00:00","electronic","exchange",2,"[PREMIUM]","2"
"ROXHz2MGBmb","2026-08-25 23:59:09.735","2026-09-02 01:03:00.103","ROXHz2MGBmb","18378490","[PREMIUM]","[PREMIUM]","[PREMIUM]","303","Section 303","m",3,"[]","2027-04-09 00:00:00","electronic","exchange",2,"[PREMIUM]","1,2,3"
"ROXHz2MGBYE","2026-08-25 23:59:09.735","2026-09-02 01:03:00.103","ROXHz2MGBYE","18378490","[PREMIUM]","[PREMIUM]","[PREMIUM]","117","Section 117 G","d",5,"[]","2027-04-09 00:00:00","electronic","exchange",3,"[PREMIUM]","1,2,3,4,5"
"ROXHz2MGBLO","2026-08-25 23:59:09.735","2026-09-02 01:03:00.103","ROXHz2MGBLO","18378490","[PREMIUM]","[PREMIUM]","[PREMIUM]","311","Section 311","p",13,"[]","2027-04-09 00:00:00","electronic","exchange",2,"[PREMIUM]","1,2,3,4,5,6,7,8,9,10,11,12,13"
"ROXHz2MGBJb","2026-08-25 23:59:09.735","2026-09-02 01:03:00.103","ROXHz2MGBJb","18378490","[PREMIUM]","[PREMIUM]","[PREMIUM]","126","Section 126","bb",3,"[]","2027-04-09 00:00:00","electronic","exchange",4,"[PREMIUM]","1,2,3"
"V4KU04Z53ZB","2026-08-25 23:59:09.735","2026-09-02 01:03:00.103","V4KU04Z53ZB","18378490","[PREMIUM]","[PREMIUM]","[PREMIUM]","332","Section 332","k",9,"[]","2027-04-09 00:00:00","electronic","exchange",3,"[PREMIUM]","1,2,3,4,5,6,7,8,9"
"V4KU04Z5GxM","2026-08-25 23:59:09.735","2026-09-02 01:03:00.103","V4KU04Z5GxM","18378490","[PREMIUM]","[PREMIUM]","[PREMIUM]","103","Section 103","s",2,"[]","2027-04-09 00:00:00","electronic","exchange",5,"[PREMIUM]","2"
"V4KU04Z5GE2","2026-08-25 23:59:09.735","2026-09-02 01:03:00.103","V4KU04Z5GE2","18378490","[PREMIUM]","[PREMIUM]","[PREMIUM]","108","Section 108","kk",2,"[]","2027-04-09 00:00:00","electronic","exchange",3,"[PREMIUM]","2"
"V4KU04Z5GD7","2026-08-25 23:59:09.735","2026-09-02 01:03:00.103","V4KU04Z5GD7","18378490","[PREMIUM]","[PREMIUM]","[PREMIUM]","314","Section 314","l",5,"[]","2027-04-09 00:00:00","electronic","exchange",2,"[PREMIUM]","1,2,3,4,5"
"V4KU04Z5G22","2026-08-25 23:59:09.735","2026-09-02 01:03:00.103","V4KU04Z5G22","18378490","[PREMIUM]","[PREMIUM]","[PREMIUM]","306","Section 306","q",14,"[]","2027-04-09 00:00:00","electronic","exchange",4,"[PREMIUM]","1,2,3,4,5,6,7,8,9,10,11,12,13,14"
"V4KU04n88zY","2026-08-25 23:59:09.735","2026-09-02 01:03:00.103","V4KU04n88zY","18378490","[PREMIUM]","[PREMIUM]","[PREMIUM]","308","Section 308","f",5,"[]","2027-04-09 00:00:00","electronic","exchange",2,"[PREMIUM]","1,2,3,4,5"
"V4KU04n88OY","2026-08-25 23:59:09.735","2026-09-02 01:03:00.103","V4KU04n88OY","18378490","[PREMIUM]","[PREMIUM]","[PREMIUM]","105","Section 105","w",2,"[]","2027-04-09 00:00:00","electronic","exchange",3,"[PREMIUM]","2"
"V4KU04n8892","2026-08-25 23:59:09.735","2026-09-02 01:03:00.103","V4KU04n8892","18378490","[PREMIUM]","[PREMIUM]","[PREMIUM]","324","Section 324","g",11,"[]","2027-04-09 00:00:00","electronic","exchange",3,"[PREMIUM]","1,2,3,4,5,6,7,8,9,10,11"
"X03tKlpq2Ja","2026-08-25 23:59:09.735","2026-09-02 01:03:00.103","X03tKlpq2Ja","18378490","[PREMIUM]","[PREMIUM]","[PREMIUM]","320","Section 320","g",3,"[]","2027-04-09 00:00:00","electronic","exchange",2,"[PREMIUM]","1,2,3"
"X03tKlpq2Y9","2026-08-25 23:59:09.735","2026-09-02 01:03:00.103","X03tKlpq2Y9","18378490","[PREMIUM]","[PREMIUM]","[PREMIUM]","104","Section 104","l",2,"[]","2027-04-09 00:00:00","electronic","exchange",1,"[PREMIUM]","2"
"X03tKlpq2ma","2026-08-25 23:59:09.735","2026-09-02 01:03:00.103","X03tKlpq2ma","18378490","[PREMIUM]","[PREMIUM]","[PREMIUM]","316","Section 316","g",11,"[]","2027-04-09 00:00:00","electronic","exchange",2,"[PREMIUM]","1,2,3,4,5,6,7,8,9,10,11"
"X03tKlpq2on","2026-08-25 23:59:09.735","2026-09-02 01:03:00.103","X03tKlpq2on","18378490","[PREMIUM]","[PREMIUM]","[PREMIUM]","308","Section 308","m",3,"[]","2027-04-09 00:00:00","electronic","exchange",2,"[PREMIUM]","1,2,3"
"X03tKlpqABM","2026-08-25 23:59:09.735","2026-09-02 01:03:00.103","X03tKlpqABM","18378490","[PREMIUM]","[PREMIUM]","[PREMIUM]","326","Section 326","p",8,"[]","2027-04-09 00:00:00","electronic","exchange",3,"[PREMIUM]","1,2,3,4,5,6,7,8"
"YgJtk05XXgd","2026-08-25 23:59:09.735","2026-09-02 01:03:00.103","YgJtk05XXgd","18378490","[PREMIUM]","[PREMIUM]","[PREMIUM]","305","Section 305","l",2,"[]","2027-04-09 00:00:00","electronic","exchange",1,"[PREMIUM]","2"
"YgJtk05XXJb","2026-08-25 23:59:09.735","2026-09-02 01:03:00.103","YgJtk05XXJb","18378490","[PREMIUM]","[PREMIUM]","[PREMIUM]","318","Section 318","l",2,"[]","2027-04-09 00:00:00","electronic","exchange",1,"[PREMIUM]","2"
"YgJtk0APr2b","2026-08-25 23:59:09.735","2026-09-02 01:03:00.103","YgJtk0APr2b","18378490","[PREMIUM]","[PREMIUM]","[PREMIUM]","308","Section 308","a",4,"[]","2027-04-09 00:00:00","electronic","exchange",3,"[PREMIUM]","1,2,3,4"
"YgJtk0APrYZ","2026-08-25 23:59:09.735","2026-09-02 01:03:00.103","YgJtk0APrYZ","18378490","[PREMIUM]","[PREMIUM]","[PREMIUM]","101","Section 101 G","c",4,"[]","2027-04-09 00:00:00","electronic","exchange",5,"[PREMIUM]","1,2,3,4"
"YgJtk0APrZb","2026-08-25 23:59:09.735","2026-09-02 01:03:00.103","YgJtk0APrZb","18378490","[PREMIUM]","[PREMIUM]","[PREMIUM]","316","Section 316","h",2,"[]","2027-04-09 00:00:00","electronic","exchange",2,"[PREMIUM]","2"
"YgJtk0APrv0","2026-08-25 23:59:09.735","2026-09-02 01:03:00.103","YgJtk0APrv0","18378490","[PREMIUM]","[PREMIUM]","[PREMIUM]","309","Section 309","l",3,"[]","2027-04-09 00:00:00","electronic","exchange",2,"[PREMIUM]","1,2,3"
"YgJtk05wq05","2026-08-25 23:59:09.735","2026-09-07 00:51:26.687","YgJtk05wq05","18378490","[PREMIUM]","[PREMIUM]","[PREMIUM]","116","Section 116","q",4,"[]","2027-04-09 00:00:00","electronic","exchange",3,"[PREMIUM]","4"
"Zm9hvJ0R57v","2026-08-25 23:59:09.735","2026-09-02 01:03:00.103","Zm9hvJ0R57v","18378490","[PREMIUM]","[PREMIUM]","[PREMIUM]","315","Section 315","h",2,"[]","2027-04-09 00:00:00","electronic","exchange",2,"[PREMIUM]","2"
"Zm9hvJ0R5Ev","2026-08-25 23:59:09.735","2026-09-02 01:03:00.103","Zm9hvJ0R5Ev","18378490","[PREMIUM]","[PREMIUM]","[PREMIUM]","316","Section 316","a",3,"[]","2027-04-09 00:00:00","electronic","exchange",2,"[PREMIUM]","1,2,3"
"Zm9hvJ0R5YP","2026-08-25 23:59:09.735","2026-09-02 01:03:00.103","Zm9hvJ0R5YP","18378490","[PREMIUM]","[PREMIUM]","[PREMIUM]","302","Section 302","a",4,"[]","2027-04-09 00:00:00","electronic","exchange",5,"[PREMIUM]","1,2,3,4"
"Zm9hvJqjj9v","2026-08-25 23:59:09.735","2026-09-02 01:03:00.103","Zm9hvJqjj9v","18378490","[PREMIUM]","[PREMIUM]","[PREMIUM]","318","Section 318","m",4,"[]","2027-04-09 00:00:00","electronic","exchange",2,"[PREMIUM]","1,2,3,4"
"Zm9hvJqjj3m","2026-08-25 23:59:09.735","2026-09-02 01:03:00.103","Zm9hvJqjj3m","18378490","[PREMIUM]","[PREMIUM]","[PREMIUM]","305","Section 305","m",18,"[]","2027-04-09 00:00:00","electronic","exchange",2,"[PREMIUM]","1,2,3,4,5,6,7,8,9,10,11,12,13,14,15,16,17,18"
"agktlML99zY","2026-08-25 23:59:09.735","2026-09-02 01:03:00.103","agktlML99zY","18378490","[PREMIUM]","[PREMIUM]","[PREMIUM]","309","Section 309","p",7,"[]","2027-04-09 00:00:00","electronic","exchange",2,"[PREMIUM]","1,2,3,4,5,6,7"
"agktlML99wY","2026-08-25 23:59:09.735","2026-09-02 01:03:00.103","agktlML99wY","18378490","[PREMIUM]","[PREMIUM]","[PREMIUM]","116","Section 116","e",14,"[]","2027-04-09 00:00:00","electronic","exchange",0,"[PREMIUM]","1,2,3,4,5,6,7,8,9,10,11,12,13,14"
"agktlML995P","2026-08-25 23:59:09.735","2026-09-02 01:03:00.103","agktlML995P","18378490","[PREMIUM]","[PREMIUM]","[PREMIUM]","325","Section 325","q",8,"[]","2027-04-09 00:00:00","electronic","exchange",3,"[PREMIUM]","1,2,3,4,5,6,7,8"
"agktlMpae2E","2026-08-25 23:59:09.735","2026-09-01 00:01:06.065","agktlMpae2E","18378490","[PREMIUM]","[PREMIUM]","[PREMIUM]","323","Section 323","g",6,"[]","2027-04-09 00:00:00","electronic","exchange",2,"[PREMIUM]","1,2,3,4,5,6"
"agktlMpaGp7","2026-08-25 23:59:09.735","2026-09-02 01:03:00.103","agktlMpaGp7","18378490","[PREMIUM]","[PREMIUM]","[PREMIUM]","334","Section 334","n",3,"[]","2027-04-09 00:00:00","electronic","exchange",2,"[PREMIUM]","1,2,3"
"agktlMpaejP","2026-08-25 23:59:09.735","2026-09-02 01:03:00.103","agktlMpaejP","18378490","[PREMIUM]","[PREMIUM]","[PREMIUM]","318","Section 318","k",13,"[]","2027-04-09 00:00:00","electronic","exchange",1,"[PREMIUM]","1,2,3,4,5,6,7,8,9,10,11,12,13"
"agktlMpaeYn","2026-08-25 23:59:09.735","2026-09-02 01:03:00.103","agktlMpaeYn","18378490","[PREMIUM]","[PREMIUM]","[PREMIUM]","116","Section 116","p",4,"[]","2027-04-09 00:00:00","electronic","exchange",5,"[PREMIUM]","1,2,3,4"
"agktlMpae7P","2026-08-25 23:59:09.735","2026-09-02 01:03:00.103","agktlMpae7P","18378490","[PREMIUM]","[PREMIUM]","[PREMIUM]","126","Section 126","k",3,"[]","2027-04-09 00:00:00","electronic","exchange",2,"[PREMIUM]","1,2,3"
"b4wUaopPxYA","2026-08-25 23:59:09.735","2026-09-02 01:03:00.103","b4wUaopPxYA","18378490","[PREMIUM]","[PREMIUM]","[PREMIUM]","116","Section 116 G","c",2,"[]","2027-04-09 00:00:00","electronic","exchange",0,"[PREMIUM]","2"
"b4wUaopPxKn","2026-08-25 23:59:09.735","2026-09-02 01:03:00.103","b4wUaopPxKn","18378490","[PREMIUM]","[PREMIUM]","[PREMIUM]","304","Section 304","m",16,"[]","2027-04-09 00:00:00","electronic","exchange",2,"[PREMIUM]","1,2,3,4,5,6,7,8,9,10,11,12,13,14,15,16"
"b4wUaopPxbn","2026-08-25 23:59:09.735","2026-09-02 01:03:00.103","b4wUaopPxbn","18378490","[PREMIUM]","[PREMIUM]","[PREMIUM]","125","Section 125","ff",2,"[]","2027-04-09 00:00:00","electronic","exchange",4,"[PREMIUM]","2"
"b4wUaopPxA6","2026-08-25 23:59:09.735","2026-09-02 01:03:00.103","b4wUaopPxA6","18378490","[PREMIUM]","[PREMIUM]","[PREMIUM]","310","Section 310","n",14,"[]","2027-04-09 00:00:00","electronic","exchange",2,"[PREMIUM]","1,2,3,4,5,6,7,8,9,10,11,12,13,14"
"b4wUaoz66jJ","2026-08-25 23:59:09.735","2026-09-02 01:03:00.103","b4wUaoz66jJ","18378490","[PREMIUM]","[PREMIUM]","[PREMIUM]","306","Section 306","q",14,"[]","2027-04-09 00:00:00","electronic","exchange",4,"[PREMIUM]","1,2,3,4,5,6,7,8,9,10,11,12,13,14"
"b4wUaoz669n","2026-08-25 23:59:09.735","2026-09-02 01:03:00.103","b4wUaoz669n","18378490","[PREMIUM]","[PREMIUM]","[PREMIUM]","321","Section 321","f",6,"[]","2027-04-09 00:00:00","electronic","exchange",3,"[PREMIUM]","1,2,3,4,5,6"
"b4wUaozM4Re","2026-08-25 23:59:09.735","2026-09-07 00:51:26.687","b4wUaozM4Re","18378490","[PREMIUM]","[PREMIUM]","[PREMIUM]","117","Section 117","l",4,"[]","2027-04-08 00:00:00","electronic","exchange",2,"[PREMIUM]","4"
"dNgUgpBdwY8","2026-08-25 23:59:09.735","2026-09-02 01:03:00.103","dNgUgpBdwY8","18378490","[PREMIUM]","[PREMIUM]","[PREMIUM]","116T","116 Terrace","ff",2,"[]","2027-04-09 00:00:00","electronic","exchange",2,"[PREMIUM]","2"
"dNgUgpBdwAR","2026-08-25 23:59:09.735","2026-09-02 01:03:00.103","dNgUgpBdwAR","18378490","[PREMIUM]","[PREMIUM]","[PREMIUM]","311","Section 311","k",3,"[]","2027-04-09 00:00:00","electronic","exchange",2,"[PREMIUM]","1,2,3"
"dNgUgpBdwzX","2026-08-25 23:59:09.735","2026-09-02 01:03:00.103","dNgUgpBdwzX","18378490","[PREMIUM]","[PREMIUM]","[PREMIUM]","305","Section 305","k",2,"[]","2027-04-09 00:00:00","electronic","exchange",1,"[PREMIUM]","2"
"dNgUgpBdwNX","2026-08-25 23:59:09.735","2026-09-02 01:03:00.103","dNgUgpBdwNX","18378490","[PREMIUM]","[PREMIUM]","[PREMIUM]","107","Section 107","gg",9,"[]","2027-04-09 00:00:00","electronic","exchange",2,"[PREMIUM]","1,2,3,4,5,6,7,8,9"
"dNgUgpBdaRe","2026-08-25 23:59:09.735","2026-09-02 01:03:00.103","dNgUgpBdaRe","18378490","[PREMIUM]","[PREMIUM]","[PREMIUM]","330","Section 330","m",7,"[]","2027-04-09 00:00:00","electronic","exchange",2,"[PREMIUM]","1,2,3,4,5,6,7"
