"_primaryKey","_firstSeenAt","_lastSeenAt","listingId","eventId","price","priceWithFees","fee","section","sectionFull","row","quantity","seats","inHandDate","deliveryType","marketplace","dealBucket","dealScore","splitType"
"JABI39NAePz","2026-08-21 23:59:41.468","2026-09-04 00:26:20.707","JABI39NAePz","18242300","[PREMIUM]","[PREMIUM]","[PREMIUM]","129","Section 129","19",4,"['7','8','9','10']","2027-01-14 00:00:00","electronic","exchange",0,"[PREMIUM]","2,4"
"Kezcz6eD2X4","2026-08-21 23:59:41.468","2026-09-04 00:26:20.707","Kezcz6eD2X4","18242300","[PREMIUM]","[PREMIUM]","[PREMIUM]","108","Section 108","17",3,"['12','13','14']","2027-01-14 00:00:00","electronic","exchange",0,"[PREMIUM]","3"
"YgJtk6D9Ddo","2026-08-21 23:59:41.468","2026-09-04 00:26:20.707","YgJtk6D9Ddo","18242300","[PREMIUM]","[PREMIUM]","[PREMIUM]","11","Section 11","13",4,"['7','8','9','10']","2027-01-14 00:00:00","electronic","exchange",0,"[PREMIUM]","2,4"
"b4wUaG9dwmv","2026-08-21 23:59:41.468","2026-09-04 00:26:20.707","b4wUaG9dwmv","18242300","[PREMIUM]","[PREMIUM]","[PREMIUM]","UPPER LEVEL 604","Section 604","1",4,"['1','2','3','4']","2027-01-08 00:00:00","electronic","exchange",0,"[PREMIUM]","2,4"
"qVjH2mLwl5K","2026-08-21 23:59:41.468","2026-09-04 00:26:20.707","qVjH2mLwl5K","18242300","[PREMIUM]","[PREMIUM]","[PREMIUM]","113","Section 113","18",6,"['1','2','3','4','5','6']","2026-07-16 00:00:00","electronic","exchange",0,"[PREMIUM]","2,4,6"
"7xjxoyx","2026-08-21 23:59:38.733","2026-09-04 00:23:44.683","7xjxoyx","18369619","[PREMIUM]","[PREMIUM]","[PREMIUM]","104","Section 104","2",2,"['13','14']",,"electronic","open_marketplace",1,"[PREMIUM]","2"
"9P2c5MOoD0O","2026-08-21 23:59:38.733","2026-09-04 00:23:44.683","9P2c5MOoD0O","18369619","[PREMIUM]","[PREMIUM]","[PREMIUM]","119","Section 119","21",4,"['13','14','15','16']","2027-01-12 00:00:00","electronic","exchange",1,"[PREMIUM]","1,2,4"
"ekeg46g","2026-08-21 23:59:38.733","2026-08-21 23:59:38.733","ekeg46g","18369619","[PREMIUM]","[PREMIUM]","[PREMIUM]","211","Section 211","7",2,"['1','2']",,"electronic","open_marketplace",0,"[PREMIUM]","2"
"jpj0ow4","2026-08-21 23:59:38.733","2026-09-04 00:23:44.683","jpj0ow4","18369619","[PREMIUM]","[PREMIUM]","[PREMIUM]","219","Section 219","1",2,"['7','8']",,"electronic","open_marketplace",1,"[PREMIUM]","2"
"jpjpx1p","2026-08-21 23:59:38.733","2026-09-04 00:23:44.683","jpjpx1p","18369619","[PREMIUM]","[PREMIUM]","[PREMIUM]","116","Section 116","3",2,"['5','6']",,"electronic","open_marketplace",0,"[PREMIUM]","2"
"l_1N06dgkTpjk13NuKJr9LLfz0LLG2UARwryRiJjXJybf6BLLvXs94D3kXUylU4b2Fvjb","2026-08-21 23:59:38.733","2026-09-01 23:49:22.584","l_1N06dgkTpjk13NuKJr9LLfz0LLG2UARwryRiJjXJybf6BLLvXs94D3kXUylU4b2Fvjb","18369619","[PREMIUM]","[PREMIUM]","[PREMIUM]","112","Section 112","18",8,"['7','8','9','10','11','12','13','14']",,"sg_app","open",1,"[PREMIUM]","1,2,3,4,5,6"
"l_2pvEj59HrlPwbWfbnpNGGfMZXXg6UnpekWLF6eZwxRt4Q2lkVtn9G1EytVJhblJTYRl","2026-08-21 23:59:38.733","2026-09-01 23:49:22.584","l_2pvEj59HrlPwbWfbnpNGGfMZXXg6UnpekWLF6eZwxRt4Q2lkVtn9G1EytVJhblJTYRl","18369619","[PREMIUM]","[PREMIUM]","[PREMIUM]","115","Section 115","18",4,"['11','12','13','14']",,"sg_app","open",2,"[PREMIUM]","1,2,4"
"l_4N0A13kTz4bNEqtwpWeJJi9B55vjUlz1QRPudrppkkIpby5WpHAKeNmAipQcKQpsD6W","2026-08-21 23:59:38.733","2026-09-01 23:49:22.584","l_4N0A13kTz4bNEqtwpWeJJi9B55vjUlz1QRPudrppkkIpby5WpHAKeNmAipQcKQpsD6W","18369619","[PREMIUM]","[PREMIUM]","[PREMIUM]","126","Section 126","12",2,"['1','2']",,"sg_app","open",0,"[PREMIUM]","2"
"l_4N0A13kTz4bNEqtwpWeJJi9B55vjUKnYZQJUXmD9YVSNGQPDwi1rqWm1FpQcKdKcDQl","2026-08-21 23:59:38.733","2026-08-31 00:21:22.624","l_4N0A13kTz4bNEqtwpWeJJi9B55vjUKnYZQJUXmD9YVSNGQPDwi1rqWm1FpQcKdKcDQl","18369619","[PREMIUM]","[PREMIUM]","[PREMIUM]","201","Section 201","whl",2,"['13','14']",,"sg_app","open",2,"[PREMIUM]","2"
"l_4N0A13kTz4bNEqtwpWeJJi9B55vjU1yZ9gmtXPrwZJC542jgnTrRreBQUpQcz6GCgwp","2026-08-21 23:59:38.733","2026-08-31 00:21:22.624","l_4N0A13kTz4bNEqtwpWeJJi9B55vjU1yZ9gmtXPrwZJC542jgnTrRreBQUpQcz6GCgwp","18369619","[PREMIUM]","[PREMIUM]","[PREMIUM]","217","Section 217","10",6,"['12','13','14','15','16','17']",,"sg_app","open",2,"[PREMIUM]","1,2,3,4,6"
"l_3Q03A6kfg1nLpdu9qW800i2699lBtpEDJ33hp5bmDxU0KBVjWIAmvM4jUBQI00yiBBA","2026-08-21 23:59:38.733","2026-08-31 22:52:11.221","l_3Q03A6kfg1nLpdu9qW800i2699lBtpEDJ33hp5bmDxU0KBVjWIAmvM4jUBQI00yiBBA","18369619","[PREMIUM]","[PREMIUM]","[PREMIUM]","226","Section 226","2",1,"['9']",,"sg_app","open",2,"[PREMIUM]","1"
"l_3Q03A6kfg1nLpdu9qW800i2699lBtddg8Y1ip8PBm9hx4xGxpujW36jQhBQIJNXHyQd","2026-08-21 23:59:38.733","2026-08-31 22:52:11.221","l_3Q03A6kfg1nLpdu9qW800i2699lBtddg8Y1ip8PBm9hx4xGxpujW36jQhBQIJNXHyQd","18369619","[PREMIUM]","[PREMIUM]","[PREMIUM]","218","Section 218","6",6,"['6','7','8','9','10','11']",,"sg_app","open",2,"[PREMIUM]","1,2,3,4,6"
"l_3Q03A6kfg1nLpdu9qW800i2699lBtK3W2Zgfpyp556sAr8NrQtZQ2XYkCBQIg1yhR9n","2026-08-21 23:59:38.733","2026-09-01 23:49:22.584","l_3Q03A6kfg1nLpdu9qW800i2699lBtK3W2Zgfpyp556sAr8NrQtZQ2XYkCBQIg1yhR9n","18369619","[PREMIUM]","[PREMIUM]","[PREMIUM]","124","Section 124","23",8,"['9','10','11','12','13','14','15','16']",,"sg_app","open",2,"[PREMIUM]","1,2,3,4,5,6"
"l_3Q03A6kfg1nLpdu9qW800i2699lBtE4Q0JACpXeBdNtYyqqx2Hjr0rWziBQIJ9KFypX","2026-08-21 23:59:38.733","2026-08-31 22:52:11.221","l_3Q03A6kfg1nLpdu9qW800i2699lBtE4Q0JACpXeBdNtYyqqx2Hjr0rWziBQIJ9KFypX","18369619","[PREMIUM]","[PREMIUM]","[PREMIUM]","223","Section 223","3",2,"['8','9']",,"sg_app","open",4,"[PREMIUM]","2"
"l_5ADewjnFy0QNr9SwG23llidbJJeZsb1P8DjcKrnmeGSQD3DnVH0wwQyyuMqSPNvTpnV","2026-08-21 23:59:38.733","2026-09-04 00:23:44.683","l_5ADewjnFy0QNr9SwG23llidbJJeZsb1P8DjcKrnmeGSQD3DnVH0wwQyyuMqSPNvTpnV","18369619","[PREMIUM]","[PREMIUM]","[PREMIUM]","113","Section 113","22",3,"['13','14','15']",,"sg_app","open",1,"[PREMIUM]","1,3"
"l_5ADewjnFy0QNr9SwG23llidbJJeZsYxWjZ2c4026WVF3Z58kqcwnL0r0TMqSxp4Uy3D","2026-08-21 23:59:38.733","2026-09-04 00:23:44.683","l_5ADewjnFy0QNr9SwG23llidbJJeZsYxWjZ2c4026WVF3Z58kqcwnL0r0TMqSxp4Uy3D","18369619","[PREMIUM]","[PREMIUM]","[PREMIUM]","Club 11","Club 11","3",3,"['5','6','7']",,"sg_app","open",2,"[PREMIUM]","1,3"
"l_5ADewjnFy0QNr9SwG23llidbJJeZsYq9y8luJAe8wzCWJmWnGfb6RVQ1cMqSDzJfRY1","2026-08-21 23:59:38.733","2026-09-04 00:23:44.683","l_5ADewjnFy0QNr9SwG23llidbJJeZsYq9y8luJAe8wzCWJmWnGfb6RVQ1cMqSDzJfRY1","18369619","[PREMIUM]","[PREMIUM]","[PREMIUM]","109","Section 109","13",5,"['3','4','5','6','7']",,"sg_app","open",0,"[PREMIUM]","1,2,3,5"
"l_5ADewjnFy0QNr9SwG23llidbJJeZsVR3wAEs4W1Ng6UA02A52FZn8gkBuMqSnEFe5","2026-08-21 23:59:38.733","2026-09-04 00:23:44.683","l_5ADewjnFy0QNr9SwG23llidbJJeZsVR3wAEs4W1Ng6UA02A52FZn8gkBuMqSnEFe5","18369619","[PREMIUM]","[PREMIUM]","[PREMIUM]","103","Section 103","5",2,"['9','10']",,"sg_app","open",0,"[PREMIUM]","2"
"l_5ADewjnFy0QNr9SwG23llidbJJeZsVR3wAEs4W1Ng6UA02A52FZn8gkBuMqSQWIDX","2026-08-21 23:59:38.733","2026-09-04 00:23:44.683","l_5ADewjnFy0QNr9SwG23llidbJJeZsVR3wAEs4W1Ng6UA02A52FZn8gkBuMqSQWIDX","18369619","[PREMIUM]","[PREMIUM]","[PREMIUM]","103","Section 103","23",3,"['9','10','11']",,"sg_app","open",2,"[PREMIUM]","1,3"
"l_5ADewjnFy0QNr9SwG23llidbJJeZsVPL168uK1kXwQiGV06mivAZLM2hMqSWRKf5N8","2026-08-21 23:59:38.733","2026-09-04 00:23:44.683","l_5ADewjnFy0QNr9SwG23llidbJJeZsVPL168uK1kXwQiGV06mivAZLM2hMqSWRKf5N8","18369619","[PREMIUM]","[PREMIUM]","[PREMIUM]","125","Section 125","19",4,"['3','4','5','6']",,"sg_app","open",1,"[PREMIUM]","1,2,4"
"l_5ADewjnFy0QNr9SwG23llidbJJeZsReP9mPf4ljDB9Clk009Ztr34dYMcMqSDvqHR0e","2026-08-21 23:59:38.733","2026-09-04 00:23:44.683","l_5ADewjnFy0QNr9SwG23llidbJJeZsReP9mPf4ljDB9Clk009Ztr34dYMcMqSDvqHR0e","18369619","[PREMIUM]","[PREMIUM]","[PREMIUM]","106","Section 106","18",2,"['7','8']",,"sg_app","open",5,"[PREMIUM]","2"
"l_4N0A13kTz4bNEqtwpWeJJi9B55vjUyd1V2rCXEebnDtKA1BlTAgPQpvFpQcKjwCDM4","2026-08-21 23:59:38.733","2026-09-04 00:23:44.683","l_4N0A13kTz4bNEqtwpWeJJi9B55vjUyd1V2rCXEebnDtKA1BlTAgPQpvFpQcKjwCDM4","18369619","[PREMIUM]","[PREMIUM]","[PREMIUM]","125","Section 125","sro",4,"['1','2','3','4']",,"sg_app","open",0,"[PREMIUM]","1,2,4"
"l_4N0A13kTz4bNEqtwpWeJJi9B55vjUbDvXrYCdGnJVWurej3z4fwPE4JeHpQcKzQiDgQ","2026-08-21 23:59:38.733","2026-09-04 00:23:44.683","l_4N0A13kTz4bNEqtwpWeJJi9B55vjUbDvXrYCdGnJVWurej3z4fwPE4JeHpQcKzQiDgQ","18369619","[PREMIUM]","[PREMIUM]","[PREMIUM]","122","Section 122","20",4,"['15','16','17','18']",,"sg_app","open",0,"[PREMIUM]","1,2,4"
"l_4N0A13kTz4bNEqtwpWeJJi9B55vjUN2b65MsdqQVM1tpKbN6WCjNb012HpQcex6hEyw","2026-08-21 23:59:38.733","2026-09-04 00:23:44.683","l_4N0A13kTz4bNEqtwpWeJJi9B55vjUN2b65MsdqQVM1tpKbN6WCjNb012HpQcex6hEyw","18369619","[PREMIUM]","[PREMIUM]","[PREMIUM]","Club 31","Club 31","2",1,"['7']",,"sg_app","open",0,"[PREMIUM]","1"
"l_4N0A13kTz4bNEqtwpWeJJi9B55vjUKpdbgdUd9vjVlIz311emU5NL6jptpQcg3piYbP","2026-08-21 23:59:38.733","2026-09-04 00:23:44.683","l_4N0A13kTz4bNEqtwpWeJJi9B55vjUKpdbgdUd9vjVlIz311emU5NL6jptpQcg3piYbP","18369619","[PREMIUM]","[PREMIUM]","[PREMIUM]","106","Section 106","18",3,"['11','12','13']",,"sg_app","open",1,"[PREMIUM]","1,3"
"l_4N0A13kTz4bNEqtwpWeJJi9B55vjUJPGP3DTdBxzyqi6elAvzFMrYwJ9spQcPGgFVKJ","2026-08-21 23:59:38.733","2026-09-04 00:23:44.683","l_4N0A13kTz4bNEqtwpWeJJi9B55vjUJPGP3DTdBxzyqi6elAvzFMrYwJ9spQcPGgFVKJ","18369619","[PREMIUM]","[PREMIUM]","[PREMIUM]","229","Section 229","3",2,"['9','10']",,"sg_app","open",0,"[PREMIUM]","2"
"l_4N0A13kTz4bNEqtwpWeJJi9B55vjUBMnYdzCXWPZeJtQnAlYYHwB6vEpcpQc50Wul33","2026-08-21 23:59:38.733","2026-09-04 00:23:44.683","l_4N0A13kTz4bNEqtwpWeJJi9B55vjUBMnYdzCXWPZeJtQnAlYYHwB6vEpcpQc50Wul33","18369619","[PREMIUM]","[PREMIUM]","[PREMIUM]","206","Section 206","4",6,"['9','10','11','12','13','14']",,"sg_app","open",1,"[PREMIUM]","1,2,3,4,6"
"l_3Q03A6kfg1nLpdu9qW800i2699lBtdgNpVltp5JQ0mF0jl3q2SxkX9E9tBQI0WKtBxN","2026-08-21 23:59:38.733","2026-09-04 00:23:44.683","l_3Q03A6kfg1nLpdu9qW800i2699lBtdgNpVltp5JQ0mF0jl3q2SxkX9E9tBQI0WKtBxN","18369619","[PREMIUM]","[PREMIUM]","[PREMIUM]","225","Section 225","7",6,"['1','2','3','4','5','6']",,"sg_app","open",3,"[PREMIUM]","1,2,3,4,6"
"l_3Q03A6kfg1nLpdu9qW800i2699lBtM2YlrzfDw4xEGCb9BKw2uJ3JGbXIBQIJe5tybQ","2026-08-21 23:59:38.733","2026-09-04 00:23:44.683","l_3Q03A6kfg1nLpdu9qW800i2699lBtM2YlrzfDw4xEGCb9BKw2uJ3JGbXIBQIJe5tybQ","18369619","[PREMIUM]","[PREMIUM]","[PREMIUM]","217","Section 217","6",6,"['13','14','15','16','17','18']",,"sg_app","open",2,"[PREMIUM]","1,2,3,4,6"
"l_3Q03A6kfg1nLpdu9qW800i2699lBtE4Q0JACpXeBdNtYyqqx2Hjr0rWziBQIJ9EHypZ","2026-08-21 23:59:38.733","2026-09-04 00:23:44.683","l_3Q03A6kfg1nLpdu9qW800i2699lBtE4Q0JACpXeBdNtYyqqx2Hjr0rWziBQIJ9EHypZ","18369619","[PREMIUM]","[PREMIUM]","[PREMIUM]","223","Section 223","5",6,"['5','6','7','8','9','10']",,"sg_app","open",2,"[PREMIUM]","1,2,3,4,6"
"l_3Q03A6kfg1nLpdu9qW800i2699lBtBjXXxQHDGKYBjUNGMedWIpXnX66cBQI4wRfVD8","2026-08-21 23:59:38.733","2026-09-04 00:23:44.683","l_3Q03A6kfg1nLpdu9qW800i2699lBtBjXXxQHDGKYBjUNGMedWIpXnX66cBQI4wRfVD8","18369619","[PREMIUM]","[PREMIUM]","[PREMIUM]","207","Section 207","whl",3,"['9','10','11']",,"sg_app","open",1,"[PREMIUM]","1,3"
"l_3Q03A6kfg1nLpdu9qW800i2699lBtBgMpdXup411XXF5ZVbW5Hy6GzQysBQIgpJhRqj","2026-08-21 23:59:38.733","2026-09-04 00:23:44.683","l_3Q03A6kfg1nLpdu9qW800i2699lBtBgMpdXup411XXF5ZVbW5Hy6GzQysBQIgpJhRqj","18369619","[PREMIUM]","[PREMIUM]","[PREMIUM]","126","Section 126","17",4,"['1','2','3','4']",,"sg_app","open",1,"[PREMIUM]","1,2,4"
"l_2pvEj59HrlPwbWfbnpNGGfMZXXg6Ukqzd6pI6LN2J3U4qZWlWFRYZ65EfVJh9QWSlLx","2026-08-21 23:59:38.733","2026-09-04 00:23:44.683","l_2pvEj59HrlPwbWfbnpNGGfMZXXg6Ukqzd6pI6LN2J3U4qZWlWFRYZ65EfVJh9QWSlLx","18369619","[PREMIUM]","[PREMIUM]","[PREMIUM]","Club 13","Club 13","2",1,"['13']",,"sg_app","open",0,"[PREMIUM]","1"
"l_2pvEj59HrlPwbWfbnpNGGfMZXXg6UNWmDB2h6EAMreHK5QMqNiqNPNp9HVJhQYZFLNl","2026-08-21 23:59:38.733","2026-09-04 00:23:44.683","l_2pvEj59HrlPwbWfbnpNGGfMZXXg6UNWmDB2h6EAMreHK5QMqNiqNPNp9HVJhQYZFLNl","18369619","[PREMIUM]","[PREMIUM]","[PREMIUM]","120","Section 120","7",2,"['1','2']",,"sg_app","open",0,"[PREMIUM]","2"
"l_2pvEj59HrlPwbWfbnpNGGfMZXXg6U9wVEm1Sg9EKyxSM4W4qKtvKK9VVuVJhbjpSY02","2026-08-21 23:59:38.733","2026-09-04 00:23:44.683","l_2pvEj59HrlPwbWfbnpNGGfMZXXg6U9wVEm1Sg9EKyxSM4W4qKtvKK9VVuVJhbjpSY02","18369619","[PREMIUM]","[PREMIUM]","[PREMIUM]","113","Section 113","18",8,"['5','6','7','8','9','10','11','12']",,"sg_app","open",2,"[PREMIUM]","1,2,3,4,5,6"
"l_2pvEj59HrlPwbWfbnpNGGfMZXXg6U3xWbwpT6KP0mMSdAb8mqTX9vNZiVJhdK5cEBB","2026-08-21 23:59:38.733","2026-09-04 00:23:44.683","l_2pvEj59HrlPwbWfbnpNGGfMZXXg6U3xWbwpT6KP0mMSdAb8mqTX9vNZiVJhdK5cEBB","18369619","[PREMIUM]","[PREMIUM]","[PREMIUM]","Club 39","Club 39","2",3,"['7','8','9']",,"sg_app","open",0,"[PREMIUM]","1,3"
"l_1N06dgkTpjk13NuKJr9LLfz0LLG2Um0M445CJde3e9T1xJEY4hY28QXrfylUek4CN8g","2026-08-21 23:59:38.733","2026-09-04 00:23:44.683","l_1N06dgkTpjk13NuKJr9LLfz0LLG2Um0M445CJde3e9T1xJEY4hY28QXrfylUek4CN8g","18369619","[PREMIUM]","[PREMIUM]","[PREMIUM]","107","Section 107","sro",8,"['1','2','3','4','5','6','7','8']",,"sg_app","open",1,"[PREMIUM]","1,2,3,4,5,6"
"l_1N06dgkTpjk13NuKJr9LLfz0LLG2UXDNYGwuJ39ALeIXQ11GqFEYdYrgIylU5jJU9kM","2026-08-21 23:59:38.733","2026-09-04 00:23:44.683","l_1N06dgkTpjk13NuKJr9LLfz0LLG2UXDNYGwuJ39ALeIXQ11GqFEYdYrgIylU5jJU9kM","18369619","[PREMIUM]","[PREMIUM]","[PREMIUM]","223","Section 223","7",8,"['1','2','3','4','5','6','7','8']",,"sg_app","open",5,"[PREMIUM]","1,2,3,4,5,6"
"l_1N06dgkTpjk13NuKJr9LLfz0LLG2UMGLRXzcJRjWe4HwABkddhnx8mrdsylUABRtlJN","2026-08-21 23:59:38.733","2026-09-04 00:23:44.683","l_1N06dgkTpjk13NuKJr9LLfz0LLG2UMGLRXzcJRjWe4HwABkddhnx8mrdsylUABRtlJN","18369619","[PREMIUM]","[PREMIUM]","[PREMIUM]","210","Section 210","7",4,"['12','13','14','15']",,"sg_app","open",5,"[PREMIUM]","1,2,4"
"l_1N06dgkTpjk13NuKJr9LLfz0LLG2UL2rdMrsjPbvgysDWe8JLiBAq8xghylUD1WfZqG","2026-08-21 23:59:38.733","2026-09-04 00:23:44.683","l_1N06dgkTpjk13NuKJr9LLfz0LLG2UL2rdMrsjPbvgysDWe8JLiBAq8xghylUD1WfZqG","18369619","[PREMIUM]","[PREMIUM]","[PREMIUM]","118","Section 118","16",2,"['11','12']",,"sg_app","open",1,"[PREMIUM]","2"
"l_1N06dgkTpjk13NuKJr9LLfz0LLG2U9XrGMMFJwv2jdtJDzyYkC8V9wZEhylUb5xHj9w","2026-08-21 23:59:38.733","2026-09-04 00:23:44.683","l_1N06dgkTpjk13NuKJr9LLfz0LLG2U9XrGMMFJwv2jdtJDzyYkC8V9wZEhylUb5xHj9w","18369619","[PREMIUM]","[PREMIUM]","[PREMIUM]","226","Section 226","6",6,"['9','10','11','12','13','14']",,"sg_app","open",4,"[PREMIUM]","1,2,3,4,6"
"l_0N0k2GgTmAnrvxinqjNYYfkNRR8QImA9YQTgexm2qF3lVd5Ms9rMrxDHbMUZ1VTmPL","2026-08-21 23:59:38.733","2026-09-04 00:23:44.683","l_0N0k2GgTmAnrvxinqjNYYfkNRR8QImA9YQTgexm2qF3lVd5Ms9rMrxDHbMUZ1VTmPL","18369619","[PREMIUM]","[PREMIUM]","[PREMIUM]","Club 22","Club 22","rls",3,"['11','12','13']",,"sg_app","open",2,"[PREMIUM]","1,3"
"l_1N06dgkTpjk13NuKJr9LLfz0LLG2UZZgVEBsJGzA2EcGlGKGbuErQGE3IylU5YNT9XP","2026-08-21 23:59:38.733","2026-09-03 00:13:56.978","l_1N06dgkTpjk13NuKJr9LLfz0LLG2UZZgVEBsJGzA2EcGlGKGbuErQGE3IylU5YNT9XP","18369619","[PREMIUM]","[PREMIUM]","[PREMIUM]","218","Section 218","5",8,"['10','11','12','13','14','15','16','17']",,"sg_app","open",2,"[PREMIUM]","1,2,3,4,5,6"
"l_1N06dgkTpjk13NuKJr9LLfz0LLG2UMkXnwAUjYgbkkCJjVMMjU11PyApFylUDxZCZ4m","2026-08-21 23:59:38.733","2026-09-03 00:13:56.978","l_1N06dgkTpjk13NuKJr9LLfz0LLG2UMkXnwAUjYgbkkCJjVMMjU11PyApFylUDxZCZ4m","18369619","[PREMIUM]","[PREMIUM]","[PREMIUM]","117","Section 117","14",2,"['9','10']",,"sg_app","open",2,"[PREMIUM]","2"
"l_5ADewjnFy0QNr9SwG23llidbJJeZs4LG5QDS4KQgjJSbymj2mUqKP2vytMqSWDAS5Rz","2026-08-21 23:59:38.733","2026-09-01 23:49:22.584","l_5ADewjnFy0QNr9SwG23llidbJJeZs4LG5QDS4KQgjJSbymj2mUqKP2vytMqSWDAS5Rz","18369619","[PREMIUM]","[PREMIUM]","[PREMIUM]","121","Section 121","11",2,"['9','10']",,"sg_app","open",0,"[PREMIUM]","2"
"l_6y0ne1jc2q1vNEh2NwL55cbENNZzudDAg4jiAwrnpKIRVAeYWCe0Pr39iKkHw9BTenY","2026-08-21 23:59:38.733","2026-09-01 23:49:22.584","l_6y0ne1jc2q1vNEh2NwL55cbENNZzudDAg4jiAwrnpKIRVAeYWCe0Pr39iKkHw9BTenY","18369619","[PREMIUM]","[PREMIUM]","[PREMIUM]","Club 21","Club 21","2",1,"['5']",,"sg_app","open",0,"[PREMIUM]","1"
"l_6y0ne1jc2q1vNEh2NwL55cbENNZzuZGkvb2TAKPz8xFlEn5X5HZ139kYIKkH89LuknX","2026-08-21 23:59:38.733","2026-08-31 00:21:22.624","l_6y0ne1jc2q1vNEh2NwL55cbENNZzuZGkvb2TAKPz8xFlEn5X5HZ139kYIKkH89LuknX","18369619","[PREMIUM]","[PREMIUM]","[PREMIUM]","228","Section 228","4",8,"['10','11','12','13','14','15','16','17']",,"sg_app","open",2,"[PREMIUM]","1,2,3,4,5,6"
"l_6y0ne1jc2q1vNEh2NwL55cbENNZzuVWqdQfAGjKQBsPY4pjLUl18kA1uKkH8ZBhk9b","2026-08-21 23:59:38.733","2026-08-31 00:21:22.624","l_6y0ne1jc2q1vNEh2NwL55cbENNZzuVWqdQfAGjKQBsPY4pjLUl18kA1uKkH8ZBhk9b","18369619","[PREMIUM]","[PREMIUM]","[PREMIUM]","224","Section 224","3",4,"['1','2','3','4']",,"sg_app","open",1,"[PREMIUM]","1,2,4"
"l_6y0ne1jc2q1vNEh2NwL55cbENNZzu1b9r5JHAyprWnhlbMeLNIAB3zVKtKkHbMNfZ1N","2026-08-21 23:59:38.733","2026-08-31 22:52:11.221","l_6y0ne1jc2q1vNEh2NwL55cbENNZzu1b9r5JHAyprWnhlbMeLNIAB3zVKtKkHbMNfZ1N","18369619","[PREMIUM]","[PREMIUM]","[PREMIUM]","115","Section 115","11",2,"['9','10']",,"sg_app","open",0,"[PREMIUM]","2"
"l_9jz0vPkHGVpgWkuN1qjyyfX8JJjzSeyjA3eImAZW9lCn8JN8XFGbWy6jTN9C61zUjlk","2026-08-21 23:59:38.733","2026-09-01 23:49:22.584","l_9jz0vPkHGVpgWkuN1qjyyfX8JJjzSeyjA3eImAZW9lCn8JN8XFGbWy6jTN9C61zUjlk","18369619","[PREMIUM]","[PREMIUM]","[PREMIUM]","220","Section 220","5",5,"['11','12','13','14','15']",,"sg_app","open",1,"[PREMIUM]","1,2,3,5"
"l_9jz0vPkHGVpgWkuN1qjyyfX8JJjzSYLL5jeUYKG2RJH188eYlcGGwB06hN9CA2T96","2026-08-21 23:59:38.733","2026-08-31 22:52:11.221","l_9jz0vPkHGVpgWkuN1qjyyfX8JJjzSYLL5jeUYKG2RJH188eYlcGGwB06hN9CA2T96","18369619","[PREMIUM]","[PREMIUM]","[PREMIUM]","102","Section 102","10",4,"['7','8','9','10']",,"sg_app","open",1,"[PREMIUM]","1,2,4"
"l_9jz0vPkHGVpgWkuN1qjyyfX8JJjzSNx0GLniY4JXeviWj3JeiMRJENdiN9CPdAukvp","2026-08-21 23:59:38.733","2026-08-31 00:21:22.624","l_9jz0vPkHGVpgWkuN1qjyyfX8JJjzSNx0GLniY4JXeviWj3JeiMRJENdiN9CPdAukvp","18369619","[PREMIUM]","[PREMIUM]","[PREMIUM]","125","Section 125","16",2,"['1','2']",,"sg_app","open",0,"[PREMIUM]","2"
"l_9jz0vPkHGVpgWkuN1qjyyfX8JJjzS0JA5MJCxYJxpdTWM55zmFgMEQbLCN9CbYbSPdj","2026-08-21 23:59:38.733","2026-08-31 22:52:11.221","l_9jz0vPkHGVpgWkuN1qjyyfX8JJjzS0JA5MJCxYJxpdTWM55zmFgMEQbLCN9CbYbSPdj","18369619","[PREMIUM]","[PREMIUM]","[PREMIUM]","112","Section 112","19",5,"['13','14','15','16','17']",,"sg_app","open",0,"[PREMIUM]","1,2,3,5"
"l_8j04rKlH3wPN25umWrP22HA0vv9nfEMpWeKfnnnRnehYb9qwLsZPeYlzFk2cpklCbwv","2026-08-21 23:59:38.733","2026-09-01 23:49:22.584","l_8j04rKlH3wPN25umWrP22HA0vv9nfEMpWeKfnnnRnehYb9qwLsZPeYlzFk2cpklCbwv","18369619","[PREMIUM]","[PREMIUM]","[PREMIUM]","111","Section 111","22",7,"['5','6','7','8','9','10','11']",,"sg_app","open",5,"[PREMIUM]","1,2,3,4,5"
"l_8j04rKlH3wPN25umWrP22HA0vv9nf4n5Kpqfnv6LlVcEKBgmeT5nv4z8uk2cvjgfE9Z","2026-08-21 23:59:38.733","2026-09-01 23:49:22.584","l_8j04rKlH3wPN25umWrP22HA0vv9nf4n5Kpqfnv6LlVcEKBgmeT5nv4z8uk2cvjgfE9Z","18369619","[PREMIUM]","[PREMIUM]","[PREMIUM]","122","Section 122","16",6,"['8','9','10','11','12','13']",,"sg_app","open",2,"[PREMIUM]","1,2,3,4,6"
"l_DKpyARnhJZDz2qtzrngBBfKmLLZ1cYWqV04u30YJkwCYP4YBkc9wNj4BsAgTVybuZxG","2026-08-21 23:59:38.733","2026-08-26 11:48:48.970","l_DKpyARnhJZDz2qtzrngBBfKmLLZ1cYWqV04u30YJkwCYP4YBkc9wNj4BsAgTVybuZxG","18369619","[PREMIUM]","[PREMIUM]","[PREMIUM]","109","Section 109","13",2,"['10','11']",,"sg_app","open",0,"[PREMIUM]","2"
"l_B9ZyWm5HvEk9L6cAxXlVVSXerrR0SAZz9V9h0W9RLpcrJE9xKsgDXLmEFLxfQxdf0wr","2026-08-21 23:59:38.733","2026-08-31 00:21:22.624","l_B9ZyWm5HvEk9L6cAxXlVVSXerrR0SAZz9V9h0W9RLpcrJE9xKsgDXLmEFLxfQxdf0wr","18369619","[PREMIUM]","[PREMIUM]","[PREMIUM]","114","Section 114","8",6,"['3','4','5','6','7','8']",,"sg_app","open",1,"[PREMIUM]","1,2,3,4,6"
"l_B9ZyWm5HvEk9L6cAxXlVVSXerrR0S5kmyPLfvkywEGT2jlEwzCQYWxpViLxfgz8HGDZ","2026-08-21 23:59:38.733","2026-08-31 00:21:22.624","l_B9ZyWm5HvEk9L6cAxXlVVSXerrR0S5kmyPLfvkywEGT2jlEwzCQYWxpViLxfgz8HGDZ","18369619","[PREMIUM]","[PREMIUM]","[PREMIUM]","227","Section 227","6",8,"['10','11','12','13','14','15','16','17']",,"sg_app","open",3,"[PREMIUM]","1,2,3,4,5,6"
"l_B9ZyWm5HvEk9L6cAxXlVVSXerrR0S3Mnz92T0eL9z5FY5w5ypIV11R00CLxfQm5U0R1","2026-08-21 23:59:38.733","2026-09-01 23:49:22.584","l_B9ZyWm5HvEk9L6cAxXlVVSXerrR0S3Mnz92T0eL9z5FY5w5ypIV11R00CLxfQm5U0R1","18369619","[PREMIUM]","[PREMIUM]","[PREMIUM]","113","Section 113","7",2,"['5','6']",,"sg_app","open",0,"[PREMIUM]","2"
"l_DKpyARnhJZDz2qtzrngBBfKmLLZ1cJ50DnvC222M2GCVkwRmZILgAj0KuAgTJVDcpZG","2026-08-21 23:59:38.733","2026-08-25 00:10:07.967","l_DKpyARnhJZDz2qtzrngBBfKmLLZ1cJ50DnvC222M2GCVkwRmZILgAj0KuAgTJVDcpZG","18369619","[PREMIUM]","[PREMIUM]","[PREMIUM]","111","Section 111","16",7,"['5','6','7','8','9','10','11']",,"sg_app","open",1,"[PREMIUM]","1,2,3,4,5"
"l_B9ZyWm5HvEk9L6cAxXlVVSXerrR0S00Q6JKuvyYGXNcwAwWwrHMnl3MDtLxfPmRhkRJ","2026-08-21 23:59:38.733","2026-09-01 23:49:22.584","l_B9ZyWm5HvEk9L6cAxXlVVSXerrR0S00Q6JKuvyYGXNcwAwWwrHMnl3MDtLxfPmRhkRJ","18369619","[PREMIUM]","[PREMIUM]","[PREMIUM]","218","Section 218","6",3,"['3','4','5']",,"sg_app","open",1,"[PREMIUM]","1,3"
"l_B9ZyWm5HvEk9L6cAxXlVVSXerrR0SXy3441svklAl4tnYkqZ6cGZglWnhLxfNpLsm20","2026-08-21 23:59:38.733","2026-09-03 00:13:56.978","l_B9ZyWm5HvEk9L6cAxXlVVSXerrR0SXy3441svklAl4tnYkqZ6cGZglWnhLxfNpLsm20","18369619","[PREMIUM]","[PREMIUM]","[PREMIUM]","107","Section 107","21",8,"['9','10','11','12','13','14','15','16']",,"sg_app","open",2,"[PREMIUM]","1,2,3,4,5,6"
"l_ABMy2q5H0XB5K9cyQNp88u94jjAXUArER2psL433PPtpDYgwpHvpLD4vTPMUXjDFr25","2026-08-21 23:59:38.733","2026-09-03 00:13:56.978","l_ABMy2q5H0XB5K9cyQNp88u94jjAXUArER2psL433PPtpDYgwpHvpLD4vTPMUXjDFr25","18369619","[PREMIUM]","[PREMIUM]","[PREMIUM]","126","Section 126","19",7,"['11','12','13','14','15','16','17']",,"sg_app","open",1,"[PREMIUM]","1,2,3,4,5"
"l_GLJyjWYFXJM0lVI9Nw5vviGW221mIbAeXjZh2vjxDdheL1mpxFq2GVBJCJ5f969cnrw","2026-08-21 23:59:38.733","2026-08-26 11:48:48.970","l_GLJyjWYFXJM0lVI9Nw5vviGW221mIbAeXjZh2vjxDdheL1mpxFq2GVBJCJ5f969cnrw","18369619","[PREMIUM]","[PREMIUM]","[PREMIUM]","213","Section 213","4",3,"['9','10','11']",,"sg_app","open",2,"[PREMIUM]","1,3"
"l_GLJyjWYFXJM0lVI9Nw5vviGW221mIYA2e4mU264XwKfPBy2z3SzGN9lzhJ5f3dlFDE8","2026-08-21 23:59:38.733","2026-08-26 11:48:48.970","l_GLJyjWYFXJM0lVI9Nw5vviGW221mIYA2e4mU264XwKfPBy2z3SzGN9lzhJ5f3dlFDE8","18369619","[PREMIUM]","[PREMIUM]","[PREMIUM]","Club 02","Club 02","4",1,"['9']",,"sg_app","open",1,"[PREMIUM]","1"
"l_GLJyjWYFXJM0lVI9Nw5vviGW221mIVRKBN1TlW8AxKh9jQereIx3LQmXfJ5f30msDPn","2026-08-21 23:59:38.733","2026-08-31 00:21:22.624","l_GLJyjWYFXJM0lVI9Nw5vviGW221mIVRKBN1TlW8AxKh9jQereIx3LQmXfJ5f30msDPn","18369619","[PREMIUM]","[PREMIUM]","[PREMIUM]","228","Section 228","3",4,"['14','15','16','17']",,"sg_app","open",1,"[PREMIUM]","1,2,4"
"l_JK59bAvhkzGg1RF8GAE66Cdx99n0syLX28XFv4nYpQte3PPRjuyDjRvmfpMcV3QT61k","2026-08-21 23:59:38.733","2026-09-01 23:49:22.584","l_JK59bAvhkzGg1RF8GAE66Cdx99n0syLX28XFv4nYpQte3PPRjuyDjRvmfpMcV3QT61k","18369619","[PREMIUM]","[PREMIUM]","[PREMIUM]","106","Section 106","14",4,"['7','8','9','10']",,"sg_app","open",5,"[PREMIUM]","1,2,4"
"l_JK59bAvhkzGg1RF8GAE66Cdx99n0slyKnEBsvZAVbKf1PE16EtrBwbXnfpMcjQseJ","2026-08-21 23:59:38.733","2026-09-01 23:49:22.584","l_JK59bAvhkzGg1RF8GAE66Cdx99n0slyKnEBsvZAVbKf1PE16EtrBwbXnfpMcjQseJ","18369619","[PREMIUM]","[PREMIUM]","[PREMIUM]","103","Section 103","3",1,"['12']",,"sg_app","open",0,"[PREMIUM]","1"
"l_JK59bAvhkzGg1RF8GAE66Cdx99n0sje5AYGIvyNKZzUgj6X3BTgB9ZyZTpMcXBjfyDe","2026-08-21 23:59:38.733","2026-08-29 23:49:53.305","l_JK59bAvhkzGg1RF8GAE66Cdx99n0sje5AYGIvyNKZzUgj6X3BTgB9ZyZTpMcXBjfyDe","18369619","[PREMIUM]","[PREMIUM]","[PREMIUM]","Club 11","Club 11","rls",1,"['5']",,"sg_app","open",0,"[PREMIUM]","1"
"l_JK59bAvhkzGg1RF8GAE66Cdx99n0sM4YR9YCRL1gxqh0ZAp59HnYJv3DUpMcv8vCxVY","2026-08-21 23:59:38.733","2026-08-31 00:21:22.624","l_JK59bAvhkzGg1RF8GAE66Cdx99n0sM4YR9YCRL1gxqh0ZAp59HnYJv3DUpMcv8vCxVY","18369619","[PREMIUM]","[PREMIUM]","[PREMIUM]","118","Section 118","21",4,"['7','8','9','10']",,"sg_app","open",5,"[PREMIUM]","1,2,4"
"l_JK59bAvhkzGg1RF8GAE66Cdx99n0s46KwXbCRdxVXDCwbLlppTL0RKxmhpMc2b1ikXA","2026-08-21 23:59:38.733","2026-09-01 23:49:22.584","l_JK59bAvhkzGg1RF8GAE66Cdx99n0s46KwXbCRdxVXDCwbLlppTL0RKxmhpMc2b1ikXA","18369619","[PREMIUM]","[PREMIUM]","[PREMIUM]","206","Section 206","4",6,"['3','4','5','6','7','8']",,"sg_app","open",1,"[PREMIUM]","1,2,3,4,6"
"l_KbkyKnDHqnvlXpu1wYzeeSG1yy6nIN6jbzlcKgr43JI1KWqLmS4lvkAGflJhLx5hbG2","2026-08-21 23:59:38.733","2026-09-03 00:13:56.978","l_KbkyKnDHqnvlXpu1wYzeeSG1yy6nIN6jbzlcKgr43JI1KWqLmS4lvkAGflJhLx5hbG2","18369619","[PREMIUM]","[PREMIUM]","[PREMIUM]","122","Section 122","16",4,"['4','5','6','7']",,"sg_app","open",3,"[PREMIUM]","1,2,4"
"l_KbkyKnDHqnvlXpu1wYzeeSG1yy6nIx1gGD4TKjww66i2YxMw2ipKGrVptlJhLgwfbqJ","2026-08-21 23:59:38.733","2026-09-03 00:13:56.978","l_KbkyKnDHqnvlXpu1wYzeeSG1yy6nIx1gGD4TKjww66i2YxMw2ipKGrVptlJhLgwfbqJ","18369619","[PREMIUM]","[PREMIUM]","[PREMIUM]","126","Section 126","4",1,"['7']",,"sg_app","open",0,"[PREMIUM]","1"
"l_KbkyKnDHqnvlXpu1wYzeeSG1yy6nIE46m4pCKVKmEmur9gMVikePPbMUlJhx04CG5Y","2026-08-21 23:59:38.733","2026-08-31 22:52:11.221","l_KbkyKnDHqnvlXpu1wYzeeSG1yy6nIE46m4pCKVKmEmur9gMVikePPbMUlJhx04CG5Y","18369619","[PREMIUM]","[PREMIUM]","[PREMIUM]","Club 29","Club 29","5",2,"['9','10']",,"sg_app","open",0,"[PREMIUM]","2"
"l_L26yK4bFQV1EbBFQNqRLLuqVMMNRtYXnqNcPKX6mpUkEVz85C2JwJqZumETPn9UkLx","2026-08-21 23:59:38.733","2026-08-28 22:53:22.771","l_L26yK4bFQV1EbBFQNqRLLuqVMMNRtYXnqNcPKX6mpUkEVz85C2JwJqZumETPn9UkLx","18369619","[PREMIUM]","[PREMIUM]","[PREMIUM]","Club 22","Club 22","5",1,"['11']",,"sg_app","open",0,"[PREMIUM]","1"
"l_L26yK4bFQV1EbBFQNqRLLuqVMMNRtmj0EQLfn5jjppfjegQPji2PA8z2tmETXz8IG0W","2026-08-21 23:59:38.733","2026-08-21 23:59:38.733","l_L26yK4bFQV1EbBFQNqRLLuqVMMNRtmj0EQLfn5jjppfjegQPji2PA8z2tmETXz8IG0W","18369619","[PREMIUM]","[PREMIUM]","[PREMIUM]","126","Section 126","14",4,"['3','4','5','6']",,"sg_app","open",1,"[PREMIUM]","1,2,4"
"l_MewyEDnF30rNQGuLGMB88IMJyyVjUYkVGYBU0EPrY0TRxYZlkHA1dY5jsMmSlYkiqMD","2026-08-21 23:59:38.733","2026-08-28 01:18:09.084","l_MewyEDnF30rNQGuLGMB88IMJyyVjUYkVGYBU0EPrY0TRxYZlkHA1dY5jsMmSlYkiqMD","18369619","[PREMIUM]","[PREMIUM]","[PREMIUM]","205","Section 205","8",6,"['12','13','14','15','16','17']",,"sg_app","open",1,"[PREMIUM]","1,2,3,4,6"
"l_QgVyw2nheLVbJ0Sdq16WWILjRRzVizBlm69fApXRkzidQm6nWFPWyXEgug6IjXfnE","2026-08-21 23:59:38.733","2026-08-31 00:21:22.624","l_QgVyw2nheLVbJ0Sdq16WWILjRRzVizBlm69fApXRkzidQm6nWFPWyXEgug6IjXfnE","18369619","[PREMIUM]","[PREMIUM]","[PREMIUM]","101","Section 101","21",4,"['15','16','17','18']",,"sg_app","open",5,"[PREMIUM]","1,2,4"
"l_QgVyw2nheLVbJ0Sdq16WWILjRRzViegzYYATAWlVlkfZ3QKrNUnzPj6Ehg6I6BBI05q","2026-08-21 23:59:38.733","2026-09-01 23:49:22.584","l_QgVyw2nheLVbJ0Sdq16WWILjRRzViegzYYATAWlVlkfZ3QKrNUnzPj6Ehg6I6BBI05q","18369619","[PREMIUM]","[PREMIUM]","[PREMIUM]","107","Section 107","sro",2,"['13','14']",,"sg_app","open",1,"[PREMIUM]","2"
"l_RAMyLznFLmgybzcDBrxZZf2mNNPJtx8AG6wi5nX9x9SDRWE0YUv516XliEvuED6Hrxr","2026-08-21 23:59:38.733","2026-09-01 23:49:22.584","l_RAMyLznFLmgybzcDBrxZZf2mNNPJtx8AG6wi5nX9x9SDRWE0YUv516XliEvuED6Hrxr","18369619","[PREMIUM]","[PREMIUM]","[PREMIUM]","221","Section 221","11",4,"['3','4','5','6']",,"sg_app","open",0,"[PREMIUM]","1,2,4"
"l_RAMyLznFLmgybzcDBrxZZf2mNNPJtqzp92mTxpQenPILmRwjUv1MgYDhEvulxmiRb5","2026-08-21 23:59:38.733","2026-09-01 23:49:22.584","l_RAMyLznFLmgybzcDBrxZZf2mNNPJtqzp92mTxpQenPILmRwjUv1MgYDhEvulxmiRb5","18369619","[PREMIUM]","[PREMIUM]","[PREMIUM]","125","Section 125","sro",8,"['13','14','15','16','17','18','19','20']",,"sg_app","open",1,"[PREMIUM]","1,2,3,4,5,6"
"l_Neqy6NvFZJwA90sgkDVqqujRMMBrC33jNLpCR3pn62Uprp0plT8ADP8KtQkImpqCQnm","2026-08-21 23:59:38.733","2026-09-03 00:13:56.978","l_Neqy6NvFZJwA90sgkDVqqujRMMBrC33jNLpCR3pn62Uprp0plT8ADP8KtQkImpqCQnm","18369619","[PREMIUM]","[PREMIUM]","[PREMIUM]","218","Section 218","7",3,"['9','10','11']",,"sg_app","open",1,"[PREMIUM]","1,3"
"l_QgVyw2nheLVbJ0Sdq16WWILjRRzViegzYYATAWlVlkfZ3QKrNUnzPj6Ehg6I61PU0MP","2026-08-21 23:59:38.733","2026-09-03 00:13:56.978","l_QgVyw2nheLVbJ0Sdq16WWILjRRzViegzYYATAWlVlkfZ3QKrNUnzPj6Ehg6I61PU0MP","18369619","[PREMIUM]","[PREMIUM]","[PREMIUM]","107","Section 107","16",2,"['11','12']",,"sg_app","open",1,"[PREMIUM]","2"
"l_QgVyw2nheLVbJ0Sdq16WWILjRRzViYby6PJsAw66VVi4JqVm4syrKgwysg6IlVJi1g4","2026-08-21 23:59:38.733","2026-09-03 00:13:56.978","l_QgVyw2nheLVbJ0Sdq16WWILjRRzViYby6PJsAw66VVi4JqVm4syrKgwysg6IlVJi1g4","18369619","[PREMIUM]","[PREMIUM]","[PREMIUM]","126","Section 126","15",4,"['3','4','5','6']",,"sg_app","open",1,"[PREMIUM]","1,2,4"
"l_VWByMwXFZRpdDAsBermjjcG9jjZXIP6MYDVfJAB9r6UwPWjnJT1J1VP4iEPuY6gubB1","2026-08-21 23:59:38.733","2026-08-31 22:52:11.221","l_VWByMwXFZRpdDAsBermjjcG9jjZXIP6MYDVfJAB9r6UwPWjnJT1J1VP4iEPuY6gubB1","18369619","[PREMIUM]","[PREMIUM]","[PREMIUM]","217","Section 217","6",8,"['5','6','7','8','9','10','11','12']",,"sg_app","open",0,"[PREMIUM]","1,2,3,4,5,6"
"l_VWByMwXFZRpdDAsBermjjcG9jjZXIP6MYDVfJAB9r6UwPWjnJT1J1VP4iEPuY9lCb4v","2026-08-21 23:59:38.733","2026-08-26 11:48:48.970","l_VWByMwXFZRpdDAsBermjjcG9jjZXIP6MYDVfJAB9r6UwPWjnJT1J1VP4iEPuY9lCb4v","18369619","[PREMIUM]","[PREMIUM]","[PREMIUM]","217","Section 217","7",2,"['7','8']",,"sg_app","open",0,"[PREMIUM]","2"
"l_WvGybLlsPpxqMjT8VygvvC5wZZYWtYEzZpJSgnlkY2i3zBrGeI3nMjmmt0JfyYmtBeR","2026-08-21 23:59:38.733","2026-09-01 23:49:22.584","l_WvGybLlsPpxqMjT8VygvvC5wZZYWtYEzZpJSgnlkY2i3zBrGeI3nMjmmt0JfyYmtBeR","18369619","[PREMIUM]","[PREMIUM]","[PREMIUM]","Club 38","Club 38","2",6,"['3','4','5','6','7','8']",,"sg_app","open",0,"[PREMIUM]","1,2,3,4,6"
"l_WvGybLlsPpxqMjT8VygvvC5wZZYWtqm4N14s3jQq61flgQ2EyFM91kNXU0JfYbnHenQ","2026-08-21 23:59:38.733","2026-09-01 23:49:22.584","l_WvGybLlsPpxqMjT8VygvvC5wZZYWtqm4N14s3jQq61flgQ2EyFM91kNXU0JfYbnHenQ","18369619","[PREMIUM]","[PREMIUM]","[PREMIUM]","118","Section 118","24",4,"['7','8','9','10']",,"sg_app","open",5,"[PREMIUM]","1,2,4"
"l_YwgbPZzHYG4QLbFBl0GVVcl4xx5zfxlwE5yipKv2rnh561EVHVbWnBxC4vtnPMIDpl","2026-08-21 23:59:38.733","2026-09-01 23:49:22.584","l_YwgbPZzHYG4QLbFBl0GVVcl4xx5zfxlwE5yipKv2rnh561EVHVbWnBxC4vtnPMIDpl","18369619","[PREMIUM]","[PREMIUM]","[PREMIUM]","125","Section 125","sro",4,"['9','10','11','12']",,"sg_app","open",2,"[PREMIUM]","1,2,4"
"l_YwgbPZzHYG4QLbFBl0GVVcl4xx5zf43wzn2u9VGG66FQmgbjQUVY8XQVS4vtnMwcD8G","2026-08-21 23:59:38.733","2026-09-01 23:49:22.584","l_YwgbPZzHYG4QLbFBl0GVVcl4xx5zf43wzn2u9VGG66FQmgbjQUVY8XQVS4vtnMwcD8G","18369619","[PREMIUM]","[PREMIUM]","[PREMIUM]","126","Section 126","22",6,"['11','12','13','14','15','16']",,"sg_app","open",3,"[PREMIUM]","1,2,3,4,6"
"l_YwgbPZzHYG4QLbFBl0GVVcl4xx5zf58yq32s9GLbqKULkbBZ1HrV6ndEu4vtDBlIWdk","2026-08-21 23:59:38.733","2026-09-01 23:49:22.584","l_YwgbPZzHYG4QLbFBl0GVVcl4xx5zf58yq32s9GLbqKULkbBZ1HrV6ndEu4vtDBlIWdk","18369619","[PREMIUM]","[PREMIUM]","[PREMIUM]","Club 33","Club 33","2",1,"['9']",,"sg_app","open",1,"[PREMIUM]","1"
"l_bD9xg0vuwAp6dBFwKE133i6NggyRFYXlXMkU0V5kYwC2P89AkuRlz39kHQ6IpRyFr84","2026-08-21 23:59:38.733","2026-08-31 00:21:22.624","l_bD9xg0vuwAp6dBFwKE133i6NggyRFYXlXMkU0V5kYwC2P89AkuRlz39kHQ6IpRyFr84","18369619","[PREMIUM]","[PREMIUM]","[PREMIUM]","123","Section 123","22",6,"['8','9','10','11','12','13']",,"sg_app","open",1,"[PREMIUM]","1,2,3,4,6"
"l_bD9xg0vuwAp6dBFwKE133i6NggyRFPLD5eeH25VZqqHLBJ9pbSpnP20rFQ6IQJwcAj4","2026-08-21 23:59:38.733","2026-09-01 23:49:22.584","l_bD9xg0vuwAp6dBFwKE133i6NggyRFPLD5eeH25VZqqHLBJ9pbSpnP20rFQ6IQJwcAj4","18369619","[PREMIUM]","[PREMIUM]","[PREMIUM]","230","Section 230","3",7,"['3','4','5','6','7','8','9']",,"sg_app","open",1,"[PREMIUM]","1,2,3,4,5"
"l_bD9xg0vuwAp6dBFwKE133i6NggyRFE1zrM8f2RenXGT8QlQxnHY55DrrIQ6INP1FGZR","2026-08-21 23:59:38.733","2026-09-01 23:49:22.584","l_bD9xg0vuwAp6dBFwKE133i6NggyRFE1zrM8f2RenXGT8QlQxnHY55DrrIQ6INP1FGZR","18369619","[PREMIUM]","[PREMIUM]","[PREMIUM]","113","Section 113","13",6,"['3','4','5','6','7','8']",,"sg_app","open",1,"[PREMIUM]","1,2,3,4,6"
"l_bD9xg0vuwAp6dBFwKE133i6NggyRF2KlQ31t29DkblhnEzYk4sYX02P5CQ6IlbATVDP","2026-08-21 23:59:38.733","2026-08-29 23:49:53.305","l_bD9xg0vuwAp6dBFwKE133i6NggyRF2KlQ31t29DkblhnEzYk4sYX02P5CQ6IlbATVDP","18369619","[PREMIUM]","[PREMIUM]","[PREMIUM]","213","Section 213","7",5,"['11','12','13','14','15']",,"sg_app","open",2,"[PREMIUM]","1,2,3,5"
"l_WvGybLlsPpxqMjT8VygvvC5wZZYWt15w5zWhgpj2W9sbWLMGziLq43VGC0Jfz3nFb62","2026-08-21 23:59:38.733","2026-09-03 00:13:56.978","l_WvGybLlsPpxqMjT8VygvvC5wZZYWt15w5zWhgpj2W9sbWLMGziLq43VGC0Jfz3nFb62","18369619","[PREMIUM]","[PREMIUM]","[PREMIUM]","229","Section 229","3",8,"['1','2','3','4','5','6','7','8']",,"sg_app","open",1,"[PREMIUM]","1,2,3,4,5,6"
"l_WvGybLlsPpxqMjT8VygvvC5wZZYWtdAxdyWHgVAM0WTGEYgRQFgDl9nZH0Jfd9lfz4D","2026-08-21 23:59:38.733","2026-09-03 00:13:56.978","l_WvGybLlsPpxqMjT8VygvvC5wZZYWtdAxdyWHgVAM0WTGEYgRQFgDl9nZH0Jfd9lfz4D","18369619","[PREMIUM]","[PREMIUM]","[PREMIUM]","203","Section 203","7",6,"['1','2','3','4','5','6']",,"sg_app","open",0,"[PREMIUM]","1,2,3,4,6"
"l_dp2xJPvHlngQPAHeVWRnnHMB11mqUxq02znf4J8AV3UMZJNA5SYjJzZAfqGiBphMG","2026-08-21 23:59:38.733","2026-09-03 00:13:56.978","l_dp2xJPvHlngQPAHeVWRnnHMB11mqUxq02znf4J8AV3UMZJNA5SYjJzZAfqGiBphMG","18369619","[PREMIUM]","[PREMIUM]","[PREMIUM]","101","Section 101","21",6,"['9','10','11','12','13','14']",,"sg_app","open",3,"[PREMIUM]","1,2,3,4,6"
"l_g91x2yLHk0WNyLFKgmWAAfz0EE9xUvmPWEYhyQRg6lC4leEMnuAjA8gEHQwIAjVuMEl","2026-08-21 23:59:38.733","2026-08-31 00:21:22.624","l_g91x2yLHk0WNyLFKgmWAAfz0EE9xUvmPWEYhyQRg6lC4leEMnuAjA8gEHQwIAjVuMEl","18369619","[PREMIUM]","[PREMIUM]","[PREMIUM]","217","Section 217","4",8,"['13','14','15','16','17','18','19','20']",,"sg_app","open",0,"[PREMIUM]","1,2,3,4,5,6"
"l_g91x2yLHk0WNyLFKgmWAAfz0EE9xUj9vqgbiJRxx44hQW34GQUGJ8MNGuQwIYzQS1w4","2026-08-21 23:59:38.733","2026-08-21 23:59:38.733","l_g91x2yLHk0WNyLFKgmWAAfz0EE9xUj9vqgbiJRxx44hQW34GQUGJ8MNGuQwIYzQS1w4","18369619","[PREMIUM]","[PREMIUM]","[PREMIUM]","126","Section 126","14",6,"['7','8','9','10','11','12']",,"sg_app","open",0,"[PREMIUM]","1,2,3,4,6"
"l_g91x2yLHk0WNyLFKgmWAAfz0EE9xU2wdzMliJVnAmXsQXW6BGFwMv9YqSQwIrNAtXY9","2026-08-21 23:59:38.733","2026-08-25 00:10:07.967","l_g91x2yLHk0WNyLFKgmWAAfz0EE9xU2wdzMliJVnAmXsQXW6BGFwMv9YqSQwIrNAtXY9","18369619","[PREMIUM]","[PREMIUM]","[PREMIUM]","Club 31","Club 31","2",2,"['1','2']",,"sg_app","open",0,"[PREMIUM]","2"
"l_dp2xJPvHlngQPAHeVWRnnHMB11mqUY2rdbJC4GVwDzIXl88LRF21g1ZAfqGivgRH8KZ","2026-08-21 23:59:38.733","2026-09-01 23:49:22.584","l_dp2xJPvHlngQPAHeVWRnnHMB11mqUY2rdbJC4GVwDzIXl88LRF21g1ZAfqGivgRH8KZ","18369619","[PREMIUM]","[PREMIUM]","[PREMIUM]","223","Section 223","2",2,"['1','2']",,"sg_app","open",1,"[PREMIUM]","2"
"l_dp2xJPvHlngQPAHeVWRnnHMB11mqUY2rdbJC4GVwDzIXl88LRF21g1ZAfqGivgAi8Ky","2026-08-21 23:59:38.733","2026-08-29 23:49:53.305","l_dp2xJPvHlngQPAHeVWRnnHMB11mqUY2rdbJC4GVwDzIXl88LRF21g1ZAfqGivgAi8Ky","18369619","[PREMIUM]","[PREMIUM]","[PREMIUM]","223","Section 223","4",6,"['1','2','3','4','5','6']",,"sg_app","open",2,"[PREMIUM]","1,2,3,4,6"
"l_dp2xJPvHlngQPAHeVWRnnHMB11mqUVA86ENH4mKzP5tAM0KPjIMZzQ0vCqGiA9yTj6w","2026-08-21 23:59:38.733","2026-08-31 00:21:22.624","l_dp2xJPvHlngQPAHeVWRnnHMB11mqUVA86ENH4mKzP5tAM0KPjIMZzQ0vCqGiA9yTj6w","18369619","[PREMIUM]","[PREMIUM]","[PREMIUM]","Club 37","Club 37","6",2,"['9','10']",,"sg_app","open",1,"[PREMIUM]","2"
"l_el9xvdwHE1M9LjsQR64ddum3yyqAtyZrGdltJXM1m3h8zeWzZF14AvkqhRjcVlWULZ3","2026-08-21 23:59:38.733","2026-08-31 00:21:22.624","l_el9xvdwHE1M9LjsQR64ddum3yyqAtyZrGdltJXM1m3h8zeWzZF14AvkqhRjcVlWULZ3","18369619","[PREMIUM]","[PREMIUM]","[PREMIUM]","211","Section 211","5",7,"['9','10','11','12','13','14','15']",,"sg_app","open",0,"[PREMIUM]","1,2,3,4,5"
"l_el9xvdwHE1M9LjsQR64ddum3yyqAtqmEEd5uyDRgNKcANqgpjHzP8PZZFRjcVABhLk1","2026-08-21 23:59:38.733","2026-08-31 00:21:22.624","l_el9xvdwHE1M9LjsQR64ddum3yyqAtqmEEd5uyDRgNKcANqgpjHzP8PZZFRjcVABhLk1","18369619","[PREMIUM]","[PREMIUM]","[PREMIUM]","207","Section 207","7",6,"['5','6','7','8','9','10']",,"sg_app","open",0,"[PREMIUM]","1,2,3,4,6"
"l_el9xvdwHE1M9LjsQR64ddum3yyqAtDMbEz3t40PwNdseMkpvKik8r8e0FRjc81PfWGg","2026-08-21 23:59:38.733","2026-08-21 23:59:38.733","l_el9xvdwHE1M9LjsQR64ddum3yyqAtDMbEz3t40PwNdseMkpvKik8r8e0FRjc81PfWGg","18369619","[PREMIUM]","[PREMIUM]","[PREMIUM]","120","Section 120","2",1,"['1']",,"sg_app","open",0,"[PREMIUM]","1"
"l_dp2xJPvHlngQPAHeVWRnnHMB11mqUEDJlMni45EBR9UXvg0kMI8BzmGDUqGiAv1sj8k","2026-08-21 23:59:38.733","2026-08-31 22:52:11.221","l_dp2xJPvHlngQPAHeVWRnnHMB11mqUEDJlMni45EBR9UXvg0kMI8BzmGDUqGiAv1sj8k","18369619","[PREMIUM]","[PREMIUM]","[PREMIUM]","Club 40","Club 40","whl",2,"['3','4']",,"sg_app","open",0,"[PREMIUM]","2"
"l_k2KekxZFLqDYvKck10wyyIQL448ltgyDXBNuGQ61e9C9dbzLAi0nBx6i9vSWQVsLrk","2026-08-21 23:59:38.733","2026-08-23 23:18:09.483","l_k2KekxZFLqDYvKck10wyyIQL448ltgyDXBNuGQ61e9C9dbzLAi0nBx6i9vSWQVsLrk","18369619","[PREMIUM]","[PREMIUM]","[PREMIUM]","Club 39","Club 39","5",2,"['7','8']",,"sg_app","open",0,"[PREMIUM]","2"
"l_j81xzQMHz26N1ltmQq2ppHnYAAJ2urWQNvAHZgn35vf9wV5pGt8LVr0ySlMhx5eUpPR","2026-08-21 23:59:38.733","2026-08-21 23:59:38.733","l_j81xzQMHz26N1ltmQq2ppHnYAAJ2urWQNvAHZgn35vf9wV5pGt8LVr0ySlMhx5eUpPR","18369619","[PREMIUM]","[PREMIUM]","[PREMIUM]","110","Section 110","17",7,"['7','8','9','10','11','12','13']",,"sg_app","open",2,"[PREMIUM]","1,2,3,4,5"
"l_j81xzQMHz26N1ltmQq2ppHnYAAJ2uYGNZ00S4GqJ33Tj2NmgWuXEmV2QHlMhW85TX1q","2026-08-21 23:59:38.733","2026-08-21 23:59:38.733","l_j81xzQMHz26N1ltmQq2ppHnYAAJ2uYGNZ00S4GqJ33Tj2NmgWuXEmV2QHlMhW85TX1q","18369619","[PREMIUM]","[PREMIUM]","[PREMIUM]","230","Section 230","4",3,"['7','8','9']",,"sg_app","open",1,"[PREMIUM]","1,3"
"l_lY1xmqRtdNgbn2CZdLQwwUKlRReVcj2BZ6EhZqpGd5t96kgyQiwze3mZcw9sPvinE","2026-08-21 23:59:38.733","2026-08-31 22:52:11.221","l_lY1xmqRtdNgbn2CZdLQwwUKlRReVcj2BZ6EhZqpGd5t96kgyQiwze3mZcw9sPvinE","18369619","[PREMIUM]","[PREMIUM]","[PREMIUM]","101","Section 101","5",1,"['7']",,"sg_app","open",0,"[PREMIUM]","1"
"l_lY1xmqRtdNgbn2CZdLQwwUKlRReVcDZNmzVuZjmlwAFjmrDgYcVLAdYGiw9sZ8zi50K","2026-08-21 23:59:38.733","2026-08-31 22:52:11.221","l_lY1xmqRtdNgbn2CZdLQwwUKlRReVcDZNmzVuZjmlwAFjmrDgYcVLAdYGiw9sZ8zi50K","18369619","[PREMIUM]","[PREMIUM]","[PREMIUM]","202","Section 202","10",2,"['5','6']",,"sg_app","open",1,"[PREMIUM]","2"
"l_n3Yx4MBHRrDwdQizPVv00fRYppe9hlex8wvUxN0vdkH36DgBPu3d985teDCBDXS5dP","2026-08-21 23:59:38.733","2026-09-03 00:13:56.978","l_n3Yx4MBHRrDwdQizPVv00fRYppe9hlex8wvUxN0vdkH36DgBPu3d985teDCBDXS5dP","18369619","[PREMIUM]","[PREMIUM]","[PREMIUM]","212","Section 212","7",4,"['7','8','9','10']",,"sg_app","open",1,"[PREMIUM]","1,2,4"
"l_lY1xmqRtdNgbn2CZdLQwwUKlRReVcmgvNdmfkJeBD9IwXN4XLcqBvrKMuw9sBvGuQEE","2026-08-21 23:59:38.733","2026-09-03 00:13:56.978","l_lY1xmqRtdNgbn2CZdLQwwUKlRReVcmgvNdmfkJeBD9IwXN4XLcqBvrKMuw9sBvGuQEE","18369619","[PREMIUM]","[PREMIUM]","[PREMIUM]","220","Section 220","11",8,"['5','6','7','8','9','10','11','12']",,"sg_app","open",0,"[PREMIUM]","1,2,3,4,5,6"
"l_n3Yx4MBHRrDwdQizPVv00fRYppe9heQxA9xUybgqDZIZYyyJ2fYjP1p2IeDCPdxsKMg","2026-08-21 23:59:38.733","2026-09-03 00:13:56.978","l_n3Yx4MBHRrDwdQizPVv00fRYppe9heQxA9xUybgqDZIZYyyJ2fYjP1p2IeDCPdxsKMg","18369619","[PREMIUM]","[PREMIUM]","[PREMIUM]","106","Section 106","10",2,"['5','6']",,"sg_app","open",0,"[PREMIUM]","2"
"l_el9xvdwHE1M9LjsQR64ddum3yyqAtNEnE5bT4JWr3xFvWneqzT56qd1rSRjcjLRHdNp","2026-08-21 23:59:38.733","2026-09-03 00:13:56.978","l_el9xvdwHE1M9LjsQR64ddum3yyqAtNEnE5bT4JWr3xFvWneqzT56qd1rSRjcjLRHdNp","18369619","[PREMIUM]","[PREMIUM]","[PREMIUM]","229","Section 229","5",4,"['9','10','11','12']",,"sg_app","open",1,"[PREMIUM]","1,2,4"
"l_mz1xempF2zMPLDhNR1kzzfx4kkw5tLMyMBKi3XBbMLiAPG3Ewt3G6j18UmbTMn1SL0E","2026-08-21 23:59:38.733","2026-09-03 00:13:56.978","l_mz1xempF2zMPLDhNR1kzzfx4kkw5tLMyMBKi3XBbMLiAPG3Ewt3G6j18UmbTMn1SL0E","18369619","[PREMIUM]","[PREMIUM]","[PREMIUM]","123","Section 123","16",6,"['10','11','12','13','14','15']",,"sg_app","open",0,"[PREMIUM]","1,2,3,4,6"
"l_j81xzQMHz26N1ltmQq2ppHnYAAJ2u46Xxj9f2Ejlm5CVWqVwGf6qz9p2FlMhx24Cpdb","2026-08-21 23:59:38.733","2026-09-03 00:13:56.978","l_j81xzQMHz26N1ltmQq2ppHnYAAJ2u46Xxj9f2Ejlm5CVWqVwGf6qz9p2FlMhx24Cpdb","18369619","[PREMIUM]","[PREMIUM]","[PREMIUM]","109","Section 109","16",7,"['3','4','5','6','7','8','9']",,"sg_app","open",1,"[PREMIUM]","1,2,3,4,5"
"l_mz1xempF2zMPLDhNR1kzzfx4kkw5tlKMrqMTxNEJ4pfJPeVALTZEjqLwHmbTrnYTN0D","2026-08-21 23:59:38.733","2026-09-01 23:49:22.584","l_mz1xempF2zMPLDhNR1kzzfx4kkw5tlKMrqMTxNEJ4pfJPeVALTZEjqLwHmbTrnYTN0D","18369619","[PREMIUM]","[PREMIUM]","[PREMIUM]","118","Section 118","24",2,"['3','4']",,"sg_app","open",2,"[PREMIUM]","2"
"l_mz1xempF2zMPLDhNR1kzzfx4kkw5teyp862f3vkl90fAk5lYzSKEGQ5QfmbTp3LCeNZ","2026-08-21 23:59:38.733","2026-08-31 00:21:22.624","l_mz1xempF2zMPLDhNR1kzzfx4kkw5teyp862f3vkl90fAk5lYzSKEGQ5QfmbTp3LCeNZ","18369619","[PREMIUM]","[PREMIUM]","[PREMIUM]","225","Section 225","7",3,"['17','18','19']",,"sg_app","open",1,"[PREMIUM]","1,3"
"l_pZKxLBJsPM4GR3TGrQ3RRU0pbbJATq5QwBDhm5jgrkhQDygjGF5GLqEvIYpTvnYC0QG","2026-08-21 23:59:38.733","2026-08-28 01:18:09.084","l_pZKxLBJsPM4GR3TGrQ3RRU0pbbJATq5QwBDhm5jgrkhQDygjGF5GLqEvIYpTvnYC0QG","18369619","[PREMIUM]","[PREMIUM]","[PREMIUM]","115","Section 115","25",4,"['15','16','17','18']",,"sg_app","open",1,"[PREMIUM]","1,2,4"
"l_n3Yx4MBHRrDwdQizPVv00fRYppe9hKy5J9ptxdkQeNTvp6nrPsd8dQNDheDCzkGu2Dd","2026-08-21 23:59:38.733","2026-08-31 00:21:22.624","l_n3Yx4MBHRrDwdQizPVv00fRYppe9hKy5J9ptxdkQeNTvp6nrPsd8dQNDheDCzkGu2Dd","18369619","[PREMIUM]","[PREMIUM]","[PREMIUM]","217","Section 217","7",3,"['15','16','17']",,"sg_app","open",1,"[PREMIUM]","1,3"
"l_qRKx4Jgi3PWb4NuE2WVllFYQAA0KIEL8ZLdtbQl1bZhAb6RG6CAM19ydfNpC9PEHWxj","2026-08-21 23:59:38.733","2026-09-01 23:49:22.584","l_qRKx4Jgi3PWb4NuE2WVllFYQAA0KIEL8ZLdtbQl1bZhAb6RG6CAM19ydfNpC9PEHWxj","18369619","[PREMIUM]","[PREMIUM]","[PREMIUM]","215","Section 215","4",5,"['7','8','9','10','11']",,"sg_app","open",0,"[PREMIUM]","1,2,3,5"
"l_qRKx4Jgi3PWb4NuE2WVllFYQAA0KIYVWZqwCb6WKlyHxnYY3Zi2ZxZDefNpC9dgcWVD","2026-08-21 23:59:38.733","2026-08-23 00:11:54.630","l_qRKx4Jgi3PWb4NuE2WVllFYQAA0KIYVWZqwCb6WKlyHxnYY3Zi2ZxZDefNpC9dgcWVD","18369619","[PREMIUM]","[PREMIUM]","[PREMIUM]","223","Section 223","6",3,"['7','8','9']",,"sg_app","open",2,"[PREMIUM]","1,3"
"l_qRKx4Jgi3PWb4NuE2WVllFYQAA0KIblDlwvubm8nAzh09y46bFEVJMYDtNpCPNYIkgp","2026-08-21 23:59:38.733","2026-08-31 22:52:11.221","l_qRKx4Jgi3PWb4NuE2WVllFYQAA0KIblDlwvubm8nAzh09y46bFEVJMYDtNpCPNYIkgp","18369619","[PREMIUM]","[PREMIUM]","[PREMIUM]","123","Section 123","14",3,"['13','14','15']",,"sg_app","open",1,"[PREMIUM]","1,3"
"l_wlzxe4MH6Gl5nPU4MpKxxClQAAZ5f9P2dbKtzGvr9vhK2RjNgF8JG3A3uX2IKZYurw3","2026-08-21 23:59:38.733","2026-08-29 23:49:53.305","l_wlzxe4MH6Gl5nPU4MpKxxClQAAZ5f9P2dbKtzGvr9vhK2RjNgF8JG3A3uX2IKZYurw3","18369619","[PREMIUM]","[PREMIUM]","[PREMIUM]","119","Section 119","17",8,"['7','8','9','10','11','12','13','14']",,"sg_app","open",0,"[PREMIUM]","1,2,3,4,5,6"
"l_wlzxe4MH6Gl5nPU4MpKxxClQAAZ5fyN8NDMhz5mLvZU24wNWyuWgBv0LtX2Ivq4ubRn","2026-08-21 23:59:38.733","2026-09-01 23:49:22.584","l_wlzxe4MH6Gl5nPU4MpKxxClQAAZ5fyN8NDMhz5mLvZU24wNWyuWgBv0LtX2Ivq4ubRn","18369619","[PREMIUM]","[PREMIUM]","[PREMIUM]","123","Section 123","23",2,"['3','4']",,"sg_app","open",2,"[PREMIUM]","2"
"l_wlzxe4MH6Gl5nPU4MpKxxClQAAZ5fxqQy8gtzzzezJhnMq1ANfBDNAgPtX2IppJfPPA","2026-08-21 23:59:38.733","2026-08-28 01:18:09.084","l_wlzxe4MH6Gl5nPU4MpKxxClQAAZ5fxqQy8gtzzzezJhnMq1ANfBDNAgPtX2IppJfPPA","18369619","[PREMIUM]","[PREMIUM]","[PREMIUM]","111","Section 111","13",6,"['6','7','8','9','10','11']",,"sg_app","open",2,"[PREMIUM]","1,2,3,4,6"
"l_vEKx1nVFkvW2KEFG0vyPPUer88LmfwpZ82EhgZyA5Li3GblqvIRw1BppHXgIk4JiY8y","2026-08-21 23:59:38.733","2026-09-01 23:49:22.584","l_vEKx1nVFkvW2KEFG0vyPPUer88LmfwpZ82EhgZyA5Li3GblqvIRw1BppHXgIk4JiY8y","18369619","[PREMIUM]","[PREMIUM]","[PREMIUM]","Club 38","Club 38","3",2,"['5','6']",,"sg_app","open",0,"[PREMIUM]","2"
"l_vEKx1nVFkvW2KEFG0vyPPUer88LmfnbQbGPfdzqD4vFzDgnMDhmEY06gtXgIm4DFW8y","2026-08-21 23:59:38.733","2026-08-21 23:59:38.733","l_vEKx1nVFkvW2KEFG0vyPPUer88LmfnbQbGPfdzqD4vFzDgnMDhmEY06gtXgIm4DFW8y","18369619","[PREMIUM]","[PREMIUM]","[PREMIUM]","105","Section 105","10",4,"['13','14','15','16']",,"sg_app","open",3,"[PREMIUM]","1,2,4"
"l_vEKx1nVFkvW2KEFG0vyPPUer88LmfWg8q4dfgVxj6YHlw5ELQCRnQ2rWfXgIjg6sv1m","2026-08-21 23:59:38.733","2026-08-31 00:21:22.624","l_vEKx1nVFkvW2KEFG0vyPPUer88LmfWg8q4dfgVxj6YHlw5ELQCRnQ2rWfXgIjg6sv1m","18369619","[PREMIUM]","[PREMIUM]","[PREMIUM]","227","Section 227","6",4,"['1','2','3','4']",,"sg_app","open",3,"[PREMIUM]","1,2,4"
"l_wlzxe4MH6Gl5nPU4MpKxxClQAAZ5fWDKgQ2uzbg1LYUZVXQ94fGpYqPEuX2IvL5FbxN","2026-08-21 23:59:38.733","2026-09-01 23:49:22.584","l_wlzxe4MH6Gl5nPU4MpKxxClQAAZ5fWDKgQ2uzbg1LYUZVXQ94fGpYqPEuX2IvL5FbxN","18369619","[PREMIUM]","[PREMIUM]","[PREMIUM]","122","Section 122","7",1,"['3']",,"sg_app","open",0,"[PREMIUM]","1"
"l_vEKx1nVFkvW2KEFG0vyPPUer88LmfQgL1XnTgbL5DvtdXJB4VCw6yv8PSXgImLRtW3N","2026-08-21 23:59:38.733","2026-08-28 22:53:22.771","l_vEKx1nVFkvW2KEFG0vyPPUer88LmfQgL1XnTgbL5DvtdXJB4VCw6yv8PSXgImLRtW3N","18369619","[PREMIUM]","[PREMIUM]","[PREMIUM]","110","Section 110","16",1,"['11']",,"sg_app","open",0,"[PREMIUM]","1"
"l_wlzxe4MH6Gl5nPU4MpKxxClQAAZ5f65lQXghzdq4B3C42vlMxFMv6kLncX2IQQF6R","2026-08-21 23:59:38.733","2026-08-28 01:18:09.084","l_wlzxe4MH6Gl5nPU4MpKxxClQAAZ5f65lQXghzdq4B3C42vlMxFMv6kLncX2IQQF6R","18369619","[PREMIUM]","[PREMIUM]","[PREMIUM]","101","Section 101","15",7,"['3','4','5','6','7','8','9']",,"sg_app","open",1,"[PREMIUM]","1,2,3,4,5"
"l_rpvxVWwHRe5jgVi5PdNRRF5q99xDtnbrDedF4vdwmwcPqNEzkfE6BN9jSPKUMvYI6gl","2026-08-21 23:59:38.733","2026-08-29 23:49:53.305","l_rpvxVWwHRe5jgVi5PdNRRF5q99xDtnbrDedF4vdwmwcPqNEzkfE6BN9jSPKUMvYI6gl","18369619","[PREMIUM]","[PREMIUM]","[PREMIUM]","221","Section 221","7",4,"['5','6','7','8']",,"sg_app","open",0,"[PREMIUM]","1,2,4"
"l_wlzxe4MH6Gl5nPU4MpKxxClQAAZ5fA46dd3fzNRjRBUjw238DIljM3KLuX2I2l0FVLN","2026-08-21 23:59:38.733","2026-09-03 00:13:56.978","l_wlzxe4MH6Gl5nPU4MpKxxClQAAZ5fA46dd3fzNRjRBUjw238DIljM3KLuX2I2l0FVLN","18369619","[PREMIUM]","[PREMIUM]","[PREMIUM]","107","Section 107","sro",2,"['15','16']",,"sg_app","open",1,"[PREMIUM]","2"
"l_qRKx4Jgi3PWb4NuE2WVllFYQAA0KIv9YlQYIDvj0wqs3ymbJRtv3dNruNpCjQzfZbM","2026-08-21 23:59:38.733","2026-09-03 00:13:56.978","l_qRKx4Jgi3PWb4NuE2WVllFYQAA0KIv9YlQYIDvj0wqs3ymbJRtv3dNruNpCjQzfZbM","18369619","[PREMIUM]","[PREMIUM]","[PREMIUM]","108","Section 108","12",8,"['3','4','5','6','7','8','9','10']",,"sg_app","open",0,"[PREMIUM]","1,2,3,4,5,6"
"l_pZKxLBJsPM4GR3TGrQ3RRU0pbbJATXLjYxYsqRALGnflXDKY4TN0wBrVCYpTvKDU0yV","2026-08-21 23:59:38.733","2026-09-03 00:13:56.978","l_pZKxLBJsPM4GR3TGrQ3RRU0pbbJATXLjYxYsqRALGnflXDKY4TN0wBrVCYpTvKDU0yV","18369619","[PREMIUM]","[PREMIUM]","[PREMIUM]","114","Section 114","10",5,"['3','4','5','6','7']",,"sg_app","open",2,"[PREMIUM]","1,2,3,5"
"l_xAKxyDZFMvpb1GuM2DELLIVgXXrLuXkeDBeIDJ96L1UVM55qXIKRgwBXIwQsv4DHQGv","2026-08-21 23:59:38.733","2026-09-03 00:13:56.978","l_xAKxyDZFMvpb1GuM2DELLIVgXXrLuXkeDBeIDJ96L1UVM55qXIKRgwBXIwQsv4DHQGv","18369619","[PREMIUM]","[PREMIUM]","[PREMIUM]","106","Section 106","15",3,"['5','6','7']",,"sg_app","open",0,"[PREMIUM]","1,3"
"l_vEKx1nVFkvW2KEFG0vyPPUer88LmfMGpYyTgABkEpSr1KeyMIvj2YzjfXgIjmDSvWM","2026-08-21 23:59:38.733","2026-09-03 00:13:56.978","l_vEKx1nVFkvW2KEFG0vyPPUer88LmfMGpYyTgABkEpSr1KeyMIvj2YzjfXgIjmDSvWM","18369619","[PREMIUM]","[PREMIUM]","[PREMIUM]","224","Section 224","3",3,"['9','10','11']",,"sg_app","open",1,"[PREMIUM]","1,3"
"l_wlzxe4MH6Gl5nPU4MpKxxClQAAZ5f9bG4KWCzNWXm2fJG6ZnBCGNK14ySX2INmqiqjL","2026-08-21 23:59:38.733","2026-09-03 00:13:56.978","l_wlzxe4MH6Gl5nPU4MpKxxClQAAZ5f9bG4KWCzNWXm2fJG6ZnBCGNK14ySX2INmqiqjL","18369619","[PREMIUM]","[PREMIUM]","[PREMIUM]","227","Section 227","5",4,"['1','2','3','4']",,"sg_app","open",2,"[PREMIUM]","1,2,4"
"l_y6exBNRSve18nrcwbDkMMi51xxAytxnKv8riA5ld0xFrA64P4HzrbgR8terClbBHDkY","2026-08-21 23:59:38.733","2026-09-01 23:49:22.584","l_y6exBNRSve18nrcwbDkMMi51xxAytxnKv8riA5ld0xFrA64P4HzrbgR8terClbBHDkY","18369619","[PREMIUM]","[PREMIUM]","[PREMIUM]","228","Section 228","6",6,"['1','2','3','4','5','6']",,"sg_app","open",2,"[PREMIUM]","1,2,3,4,6"
"l_y6exBNRSve18nrcwbDkMMi51xxAytqNNGkLcAV4AM9cgMJMedCBvk9m6UerCmXNTAqb","2026-08-21 23:59:38.733","2026-08-29 23:49:53.305","l_y6exBNRSve18nrcwbDkMMi51xxAytqNNGkLcAV4AM9cgMJMedCBvk9m6UerCmXNTAqb","18369619","[PREMIUM]","[PREMIUM]","[PREMIUM]","209","Section 209","7",7,"['5','6','7','8','9','10','11']",,"sg_app","open",2,"[PREMIUM]","1,2,3,4,5"
"l_xAKxyDZFMvpb1GuM2DELLIVgXXrLujVVZjQcDVyAWyIEq1pj8tBZWDRBTwQsQ2Xu4zK","2026-08-21 23:59:38.733","2026-08-31 22:52:11.221","l_xAKxyDZFMvpb1GuM2DELLIVgXXrLujVVZjQcDVyAWyIEq1pj8tBZWDRBTwQsQ2Xu4zK","18369619","[PREMIUM]","[PREMIUM]","[PREMIUM]","219","Section 219","7",2,"['16','17']",,"sg_app","open",1,"[PREMIUM]","2"
"l_y6exBNRSve18nrcwbDkMMi51xxAytxnKv8riA5ld0xFrA64P4HzrbgR8terClpDcDd2","2026-08-21 23:59:38.733","2026-08-31 00:21:22.624","l_y6exBNRSve18nrcwbDkMMi51xxAytxnKv8riA5ld0xFrA64P4HzrbgR8terClpDcDd2","18369619","[PREMIUM]","[PREMIUM]","[PREMIUM]","228","Section 228","3",6,"['3','4','5','6','7','8']",,"sg_app","open",2,"[PREMIUM]","1,2,3,4,6"
"l_y6exBNRSve18nrcwbDkMMi51xxAyt2MVdWZSAzWVKpSA3pegGUqzw0bETerCldrUDbm","2026-08-21 23:59:38.733","2026-09-01 23:49:22.584","l_y6exBNRSve18nrcwbDkMMi51xxAyt2MVdWZSAzWVKpSA3pegGUqzw0bETerCldrUDbm","18369619","[PREMIUM]","[PREMIUM]","[PREMIUM]","227","Section 227","5",8,"['5','6','7','8','9','10','11','12']",,"sg_app","open",5,"[PREMIUM]","1,2,3,4,5,6"
"l_y6exBNRSve18nrcwbDkMMi51xxAyt4dlKK8TAzxwxDfDdNL5wtyLWJw5terCEj0ClEB","2026-08-21 23:59:38.733","2026-08-31 00:21:22.624","l_y6exBNRSve18nrcwbDkMMi51xxAyt4dlKK8TAzxwxDfDdNL5wtyLWJw5terCEj0ClEB","18369619","[PREMIUM]","[PREMIUM]","[PREMIUM]","107","Section 107","sro",4,"['9','10','11','12']",,"sg_app","open",0,"[PREMIUM]","1,2,4"
"l_y6exBNRSve18nrcwbDkMMi51xxAytNlP963ivyBx9xTg08pAGtdqXZmJherCLJrSZxJ","2026-08-21 23:59:38.733","2026-09-01 23:49:22.584","l_y6exBNRSve18nrcwbDkMMi51xxAytNlP963ivyBx9xTg08pAGtdqXZmJherCLJrSZxJ","18369619","[PREMIUM]","[PREMIUM]","[PREMIUM]","221","Section 221","4",6,"['11','12','13','14','15','16']",,"sg_app","open",1,"[PREMIUM]","1,2,3,4,6"
"l_z6KxErpS9PQN15TKNX4VVf1yddGKf6B15n5smjgRGnckVlMpgsbm2L1yhEruAvdCZY8","2026-08-21 23:59:38.733","2026-08-31 00:21:22.624","l_z6KxErpS9PQN15TKNX4VVf1yddGKf6B15n5smjgRGnckVlMpgsbm2L1yhEruAvdCZY8","18369619","[PREMIUM]","[PREMIUM]","[PREMIUM]","114","Section 114","19",7,"['5','6','7','8','9','10','11']",,"sg_app","open",1,"[PREMIUM]","1,2,3,4,5"
"l_z6KxErpS9PQN15TKNX4VVf1yddGKfyg1lWphYYYmYPsrM5Vvxf2r6jnLcEruAEPTZJd","2026-08-21 23:59:38.733","2026-09-04 00:23:44.683","l_z6KxErpS9PQN15TKNX4VVf1yddGKfyg1lWphYYYmYPsrM5Vvxf2r6jnLcEruAEPTZJd","18369619","[PREMIUM]","[PREMIUM]","[PREMIUM]","111","Section 111","18",4,"['11','12','13','14']",,"sg_app","open",1,"[PREMIUM]","1,2,4"
"l_z6KxErpS9PQN15TKNX4VVf1yddGKfyg1lWphYYYmYPsrM5Vvxf2r6jnLcEruAAkiZZ6","2026-08-21 23:59:38.733","2026-09-04 00:23:44.683","l_z6KxErpS9PQN15TKNX4VVf1yddGKfyg1lWphYYYmYPsrM5Vvxf2r6jnLcEruAAkiZZ6","18369619","[PREMIUM]","[PREMIUM]","[PREMIUM]","111","Section 111","13",3,"['3','4','5']",,"sg_app","open",1,"[PREMIUM]","1,3"
"l_z6KxErpS9PQN15TKNX4VVf1yddGKfqPZPw5tYKJw5psBJnLvgT25l0LztErujVDSP3b","2026-08-21 23:59:38.733","2026-09-04 00:23:44.683","l_z6KxErpS9PQN15TKNX4VVf1yddGKfqPZPw5tYKJw5psBJnLvgT25l0LztErujVDSP3b","18369619","[PREMIUM]","[PREMIUM]","[PREMIUM]","229","Section 229","6",4,"['1','2','3','4']",,"sg_app","open",2,"[PREMIUM]","1,2,4"
"l_z6KxErpS9PQN15TKNX4VVf1yddGKf9qXAjWcYdY66gTBXn0X8H2m9nKgHEruzvXiLYq","2026-08-21 23:59:38.733","2026-09-04 00:23:44.683","l_z6KxErpS9PQN15TKNX4VVf1yddGKf9qXAjWcYdY66gTBXn0X8H2m9nKgHEruzvXiLYq","18369619","[PREMIUM]","[PREMIUM]","[PREMIUM]","124","Section 124","19",6,"['10','11','12','13','14','15']",,"sg_app","open",2,"[PREMIUM]","1,2,3,4,6"
"l_y6exBNRSve18nrcwbDkMMi51xxAytw1XgLFAD35mRsnkEyxVIdr0RprFerClZ2FD4D","2026-08-21 23:59:38.733","2026-09-04 00:23:44.683","l_y6exBNRSve18nrcwbDkMMi51xxAytw1XgLFAD35mRsnkEyxVIdr0RprFerClZ2FD4D","18369619","[PREMIUM]","[PREMIUM]","[PREMIUM]","224","Section 224","7",4,"['16','17','18','19']",,"sg_app","open",3,"[PREMIUM]","1,2,4"
"l_y6exBNRSve18nrcwbDkMMi51xxAytX3p3b0FAqK0P2iNqdPzZuDKGBM5SerC2WqirEr","2026-08-21 23:59:38.733","2026-09-04 00:23:44.683","l_y6exBNRSve18nrcwbDkMMi51xxAytX3p3b0FAqK0P2iNqdPzZuDKGBM5SerC2WqirEr","18369619","[PREMIUM]","[PREMIUM]","[PREMIUM]","123","Section 123","16",7,"['3','4','5','6','7','8','9']",,"sg_app","open",3,"[PREMIUM]","1,2,3,4,5"
"l_y6exBNRSve18nrcwbDkMMi51xxAytLdgQ9xFANgxVRSXqmnpLtz5lnvpserCdElHblp","2026-08-21 23:59:38.733","2026-09-04 00:23:44.683","l_y6exBNRSve18nrcwbDkMMi51xxAytLdgQ9xFANgxVRSXqmnpLtz5lnvpserCdElHblp","18369619","[PREMIUM]","[PREMIUM]","[PREMIUM]","Club 37","Club 37","4",2,"['5','6']",,"sg_app","open",0,"[PREMIUM]","2"
"l_y6exBNRSve18nrcwbDkMMi51xxAytLNb3VNtA9NAebsXk11YRTEdKMYwCerC86XF1px","2026-08-21 23:59:38.733","2026-09-04 00:23:44.683","l_y6exBNRSve18nrcwbDkMMi51xxAytLNb3VNtA9NAebsXk11YRTEdKMYwCerC86XF1px","18369619","[PREMIUM]","[PREMIUM]","[PREMIUM]","112","Section 112","14",3,"['9','10','11']",,"sg_app","open",0,"[PREMIUM]","1,3"
"l_y6exBNRSve18nrcwbDkMMi51xxAytKpLrwzHArbbwwinZQb8nsdxV2MduerC2Rnsr0V","2026-08-21 23:59:38.733","2026-09-04 00:23:44.683","l_y6exBNRSve18nrcwbDkMMi51xxAytKpLrwzHArbbwwinZQb8nsdxV2MduerC2Rnsr0V","18369619","[PREMIUM]","[PREMIUM]","[PREMIUM]","126","Section 126","sro",8,"['1','2','3','4','5','6','7','8']",,"sg_app","open",0,"[PREMIUM]","1,2,3,4,5,6"
"l_y6exBNRSve18nrcwbDkMMi51xxAytDlZMmpcA1AggMHYKwmKxfGMpKg4cerC2kmurJk","2026-08-21 23:59:38.733","2026-09-04 00:23:44.683","l_y6exBNRSve18nrcwbDkMMi51xxAytDlZMmpcA1AggMHYKwmKxfGMpKg4cerC2kmurJk","18369619","[PREMIUM]","[PREMIUM]","[PREMIUM]","124","Section 124","22",7,"['9','10','11','12','13','14','15']",,"sg_app","open",2,"[PREMIUM]","1,2,3,4,5"
"l_xAKxyDZFMvpb1GuM2DELLIVgXXrLujVVZjQcDVyAWyIEq1pj8tBZWDRBTwQsQqju4M3","2026-08-21 23:59:38.733","2026-09-04 00:23:44.683","l_xAKxyDZFMvpb1GuM2DELLIVgXXrLujVVZjQcDVyAWyIEq1pj8tBZWDRBTwQsQqju4M3","18369619","[PREMIUM]","[PREMIUM]","[PREMIUM]","219","Section 219","11",6,"['1','2','3','4','5','6']",,"sg_app","open",1,"[PREMIUM]","1,2,3,4,6"
"l_xAKxyDZFMvpb1GuM2DELLIVgXXrLuX4DbdyhD4D00VSBAmpAMHdN0np2uwQspVwfg3y","2026-08-21 23:59:38.733","2026-09-04 00:23:44.683","l_xAKxyDZFMvpb1GuM2DELLIVgXXrLuX4DbdyhD4D00VSBAmpAMHdN0np2uwQspVwfg3y","18369619","[PREMIUM]","[PREMIUM]","[PREMIUM]","124","Section 124","26",2,"['9','10']",,"sg_app","open",2,"[PREMIUM]","2"
"l_xAKxyDZFMvpb1GuM2DELLIVgXXrLuQRE1r1cZdVnPMTD6EKQVTBNdrDEIwQsd2VfXzM","2026-08-21 23:59:38.733","2026-09-04 00:23:44.683","l_xAKxyDZFMvpb1GuM2DELLIVgXXrLuQRE1r1cZdVnPMTD6EKQVTBNdrDEIwQsd2VfXzM","18369619","[PREMIUM]","[PREMIUM]","[PREMIUM]","114","Section 114","14",4,"['7','8','9','10']",,"sg_app","open",2,"[PREMIUM]","1,2,4"
"l_xAKxyDZFMvpb1GuM2DELLIVgXXrLuAd0K04fD2DMRrTW5wgVwUKBmNMPHwQsv5nfQKk","2026-08-21 23:59:38.733","2026-09-04 00:23:44.683","l_xAKxyDZFMvpb1GuM2DELLIVgXXrLuAd0K04fD2DMRrTW5wgVwUKBmNMPHwQsv5nfQKk","18369619","[PREMIUM]","[PREMIUM]","[PREMIUM]","104","Section 104","23",3,"['14','15','16']",,"sg_app","open",1,"[PREMIUM]","1,3"
"l_wlzxe4MH6Gl5nPU4MpKxxClQAAZ5fqArAP6SeE4lYqfjRrbERcMwP98rCX2IgVCpD","2026-08-21 23:59:38.733","2026-09-04 00:23:44.683","l_wlzxe4MH6Gl5nPU4MpKxxClQAAZ5fqArAP6SeE4lYqfjRrbERcMwP98rCX2IgVCpD","18369619","[PREMIUM]","[PREMIUM]","[PREMIUM]","105","Section 105","25",2,"['6','7']",,"sg_app","open",0,"[PREMIUM]","2"
"l_wlzxe4MH6Gl5nPU4MpKxxClQAAZ5fb125NGHeYbDGvH9D36qbUyLRx9zSX2I1PPTzMW","2026-08-21 23:59:38.733","2026-09-04 00:23:44.683","l_wlzxe4MH6Gl5nPU4MpKxxClQAAZ5fb125NGHeYbDGvH9D36qbUyLRx9zSX2I1PPTzMW","18369619","[PREMIUM]","[PREMIUM]","[PREMIUM]","Club 30","Club 30","5",2,"['9','10']",,"sg_app","open",0,"[PREMIUM]","2"
"l_wlzxe4MH6Gl5nPU4MpKxxClQAAZ5f6LY9DmheE0nPPT2gJGGgUGGrm8wuX2IKV2SrQP","2026-08-21 23:59:38.733","2026-09-04 00:23:44.683","l_wlzxe4MH6Gl5nPU4MpKxxClQAAZ5f6LY9DmheE0nPPT2gJGGgUGGrm8wuX2IKV2SrQP","18369619","[PREMIUM]","[PREMIUM]","[PREMIUM]","117","Section 117","6",2,"['5','6']",,"sg_app","open",0,"[PREMIUM]","2"
"l_wlzxe4MH6Gl5nPU4MpKxxClQAAZ5f2mQDnDHe19MYlce1ZMr9hM0BPRbHX2Ipd1uPgR","2026-08-21 23:59:38.733","2026-09-04 00:23:44.683","l_wlzxe4MH6Gl5nPU4MpKxxClQAAZ5f2mQDnDHe19MYlce1ZMr9hM0BPRbHX2Ipd1uPgR","18369619","[PREMIUM]","[PREMIUM]","[PREMIUM]","114","Section 114","20",4,"['7','8','9','10']",,"sg_app","open",3,"[PREMIUM]","1,2,4"
"l_vEKx1nVFkvW2KEFG0vyPPUer88Lmfv6L02JtdEZvNMsW3jlJKFe2dJkCXgI2w3SLzq","2026-08-21 23:59:38.733","2026-09-04 00:23:44.683","l_vEKx1nVFkvW2KEFG0vyPPUer88Lmfv6L02JtdEZvNMsW3jlJKFe2dJkCXgI2w3SLzq","18369619","[PREMIUM]","[PREMIUM]","[PREMIUM]","212","Section 212","7",6,"['11','12','13','14','15','16']",,"sg_app","open",3,"[PREMIUM]","1,2,3,4,6"
"l_vEKx1nVFkvW2KEFG0vyPPUer88LmfWg8q4dfgVxj6YHlw5ELQCRnQ2rWfXgIjg3Iv1q","2026-08-21 23:59:38.733","2026-09-04 00:23:44.683","l_vEKx1nVFkvW2KEFG0vyPPUer88LmfWg8q4dfgVxj6YHlw5ELQCRnQ2rWfXgIjg3Iv1q","18369619","[PREMIUM]","[PREMIUM]","[PREMIUM]","227","Section 227","rls",6,"['7','8','9','10','11','12']",,"sg_app","open",2,"[PREMIUM]","1,2,3,4,6"
"l_vEKx1nVFkvW2KEFG0vyPPUer88LmfPNLDm2Idn4GePCW3L3XdHWww400IXgIlynCRwm","2026-08-21 23:59:38.733","2026-09-04 00:23:44.683","l_vEKx1nVFkvW2KEFG0vyPPUer88LmfPNLDm2Idn4GePCW3L3XdHWww400IXgIlynCRwm","18369619","[PREMIUM]","[PREMIUM]","[PREMIUM]","113","Section 113","14",3,"['3','4','5']",,"sg_app","open",4,"[PREMIUM]","1,3"
"l_vEKx1nVFkvW2KEFG0vyPPUer88LmfP9B9ZmsgR1LQrsX18dqGFl2VRYeSXgIj3lsvQY","2026-08-21 23:59:38.733","2026-09-04 00:23:44.683","l_vEKx1nVFkvW2KEFG0vyPPUer88LmfP9B9ZmsgR1LQrsX18dqGFl2VRYeSXgIj3lsvQY","18369619","[PREMIUM]","[PREMIUM]","[PREMIUM]","229","Section 229","5",8,"['1','2','3','4','5','6','7','8']",,"sg_app","open",0,"[PREMIUM]","1,2,3,4,5,6"
"l_rpvxVWwHRe5jgVi5PdNRRF5q99xDtPN1nyyHm9GwJJTv5pAxwFRYP0DnhPKUG5gfRM8","2026-08-21 23:59:38.733","2026-09-04 00:23:44.683","l_rpvxVWwHRe5jgVi5PdNRRF5q99xDtPN1nyyHm9GwJJTv5pAxwFRYP0DnhPKUG5gfRM8","18369619","[PREMIUM]","[PREMIUM]","[PREMIUM]","230","Section 230","3",2,"['1','2']",,"sg_app","open",0,"[PREMIUM]","2"
"l_rpvxVWwHRe5jgVi5PdNRRF5q99xDtLMm08vTQLzzggFgQ0RNgTE0x8LEFPKUL2rSVAV","2026-08-21 23:59:38.733","2026-09-04 00:23:44.683","l_rpvxVWwHRe5jgVi5PdNRRF5q99xDtLMm08vTQLzzggFgQ0RNgTE0x8LEFPKUL2rSVAV","18369619","[PREMIUM]","[PREMIUM]","[PREMIUM]","126","Section 126","20",4,"['3','4','5','6']",,"sg_app","open",5,"[PREMIUM]","1,2,4"
"l_rpvxVWwHRe5jgVi5PdNRRF5q99xDtGx5lBMum0jZEpIMYmW66F6MP213HPKUwqmUnrn","2026-08-21 23:59:38.733","2026-09-04 00:23:44.683","l_rpvxVWwHRe5jgVi5PdNRRF5q99xDtGx5lBMum0jZEpIMYmW66F6MP213HPKUwqmUnrn","18369619","[PREMIUM]","[PREMIUM]","[PREMIUM]","206","Section 206","7",6,"['7','8','9','10','11','12']",,"sg_app","open",1,"[PREMIUM]","1,2,3,4,6"
"l_qRKx4Jgi3PWb4NuE2WVllFYQAA0KIvb0eGDfDgZEdwUxZDKJJFGlNBgPUNpC6n8SxRg","2026-08-21 23:59:38.733","2026-09-04 00:23:44.683","l_qRKx4Jgi3PWb4NuE2WVllFYQAA0KIvb0eGDfDgZEdwUxZDKJJFGlNBgPUNpC6n8SxRg","18369619","[PREMIUM]","[PREMIUM]","[PREMIUM]","206","Section 206","9",7,"['13','14','15','16','17','18','19']",,"sg_app","open",1,"[PREMIUM]","1,2,3,4,5"
"l_qRKx4Jgi3PWb4NuE2WVllFYQAA0KIv9YlQYIDvj0wqs3ymbJRtv3dNruNpCj4YuZm3","2026-08-21 23:59:38.733","2026-09-04 00:23:44.683","l_qRKx4Jgi3PWb4NuE2WVllFYQAA0KIv9YlQYIDvj0wqs3ymbJRtv3dNruNpCj4YuZm3","18369619","[PREMIUM]","[PREMIUM]","[PREMIUM]","108","Section 108","5",1,"['7']",,"sg_app","open",0,"[PREMIUM]","1"
"l_qRKx4Jgi3PWb4NuE2WVllFYQAA0KIpREGANHbjY3nyiVkpD4DFrlyBn3sNpClWXUPw6","2026-08-21 23:59:38.733","2026-09-04 00:23:44.683","l_qRKx4Jgi3PWb4NuE2WVllFYQAA0KIpREGANHbjY3nyiVkpD4DFrlyBn3sNpClWXUPw6","18369619","[PREMIUM]","[PREMIUM]","[PREMIUM]","228","Section 228","3",5,"['9','10','11','12','13']",,"sg_app","open",1,"[PREMIUM]","1,2,3,5"
"l_qRKx4Jgi3PWb4NuE2WVllFYQAA0KIpREGANHbjY3nyiVkpD4DFrlyBn3sNpClWRFPq1","2026-08-21 23:59:38.733","2026-09-04 00:23:44.683","l_qRKx4Jgi3PWb4NuE2WVllFYQAA0KIpREGANHbjY3nyiVkpD4DFrlyBn3sNpClWRFPq1","18369619","[PREMIUM]","[PREMIUM]","[PREMIUM]","228","Section 228","4",7,"['3','4','5','6','7','8','9']",,"sg_app","open",0,"[PREMIUM]","1,2,3,4,5"
"l_qRKx4Jgi3PWb4NuE2WVllFYQAA0KIdkdlyTbgGYkefMJ996lf5KwvXKHNpC91juWM6","2026-08-21 23:59:38.733","2026-09-04 00:23:44.683","l_qRKx4Jgi3PWb4NuE2WVllFYQAA0KIdkdlyTbgGYkefMJ996lf5KwvXKHNpC91juWM6","18369619","[PREMIUM]","[PREMIUM]","[PREMIUM]","216","Section 216","6",2,"['22','23']",,"sg_app","open",0,"[PREMIUM]","2"
"l_qRKx4Jgi3PWb4NuE2WVllFYQAA0KIY84jzbHbXVnm5Se5bNMdFKe8kvxuNpC8bLTQz1","2026-08-21 23:59:38.733","2026-09-04 00:23:44.683","l_qRKx4Jgi3PWb4NuE2WVllFYQAA0KIY84jzbHbXVnm5Se5bNMdFKe8kvxuNpC8bLTQz1","18369619","[PREMIUM]","[PREMIUM]","[PREMIUM]","Club 31","Club 31","6",5,"['3','4','5','6','7']",,"sg_app","open",2,"[PREMIUM]","1,2,3,5"
"l_qRKx4Jgi3PWb4NuE2WVllFYQAA0KIK3BEEAcb2y6yWCYy0GjKUZRKmdDiNpCjRMTZLV","2026-08-21 23:59:38.733","2026-09-04 00:23:44.683","l_qRKx4Jgi3PWb4NuE2WVllFYQAA0KIK3BEEAcb2y6yWCYy0GjKUZRKmdDiNpCjRMTZLV","18369619","[PREMIUM]","[PREMIUM]","[PREMIUM]","107","Section 107","12",7,"['3','4','5','6','7','8','9']",,"sg_app","open",0,"[PREMIUM]","1,2,3,4,5"
"l_qRKx4Jgi3PWb4NuE2WVllFYQAA0KIED9Nm1ubp0066hebgAdeCwpWeYwSNpCPv0Ukrr","2026-08-21 23:59:38.733","2026-09-04 00:23:44.683","l_qRKx4Jgi3PWb4NuE2WVllFYQAA0KIED9Nm1ubp0066hebgAdeCwpWeYwSNpCPv0Ukrr","18369619","[PREMIUM]","[PREMIUM]","[PREMIUM]","126","Section 126","21",8,"['5','6','7','8','9','10','11','12']",,"sg_app","open",2,"[PREMIUM]","1,2,3,4,5,6"
"l_qRKx4Jgi3PWb4NuE2WVllFYQAA0KI8Xr3M4ub2GM8KTkvXl3BHGrdzyvSNpCl1ZcPM1","2026-08-21 23:59:38.733","2026-09-04 00:23:44.683","l_qRKx4Jgi3PWb4NuE2WVllFYQAA0KI8Xr3M4ub2GM8KTkvXl3BHGrdzyvSNpCl1ZcPM1","18369619","[PREMIUM]","[PREMIUM]","[PREMIUM]","227","Section 227","5",3,"['13','14','15']",,"sg_app","open",1,"[PREMIUM]","1,3"
"l_pZKxLBJsPM4GR3TGrQ3RRU0pbbJATqYvLqjhmWV5PmSlEk9pXsJR8gXqhYpTNQrFdLw","2026-08-21 23:59:38.733","2026-09-04 00:23:44.683","l_pZKxLBJsPM4GR3TGrQ3RRU0pbbJATqYvLqjhmWV5PmSlEk9pXsJR8gXqhYpTNQrFdLw","18369619","[PREMIUM]","[PREMIUM]","[PREMIUM]","205","Section 205","8",6,"['3','4','5','6','7','8']",,"sg_app","open",0,"[PREMIUM]","1,2,3,4,6"
"l_pZKxLBJsPM4GR3TGrQ3RRU0pbbJATmq3weQhm3kDdgsDyLDdLFKdRZ0MFYpTn2SQe","2026-08-21 23:59:38.733","2026-09-04 00:23:44.683","l_pZKxLBJsPM4GR3TGrQ3RRU0pbbJATmq3weQhm3kDdgsDyLDdLFKdRZ0MFYpTn2SQe","18369619","[PREMIUM]","[PREMIUM]","[PREMIUM]","103","Section 103","7",2,"['13','14']",,"sg_app","open",0,"[PREMIUM]","2"
"l_pZKxLBJsPM4GR3TGrQ3RRU0pbbJATkqR4MvFqRp40LunQrBZqum6Py3tYpTN0bFdlM","2026-08-21 23:59:38.733","2026-09-04 00:23:44.683","l_pZKxLBJsPM4GR3TGrQ3RRU0pbbJATkqR4MvFqRp40LunQrBZqum6Py3tYpTN0bFdlM","18369619","[PREMIUM]","[PREMIUM]","[PREMIUM]","212","Section 212","5",7,"['9','10','11','12','13','14','15']",,"sg_app","open",0,"[PREMIUM]","1,2,3,4,5"
"l_pZKxLBJsPM4GR3TGrQ3RRU0pbbJATbJ4rnntmKYwqETm1QG6dCN81GBKiYpTqdGtr8r","2026-08-21 23:59:38.733","2026-09-04 00:23:44.683","l_pZKxLBJsPM4GR3TGrQ3RRU0pbbJATbJ4rnntmKYwqETm1QG6dCN81GBKiYpTqdGtr8r","18369619","[PREMIUM]","[PREMIUM]","[PREMIUM]","226","Section 226","6",8,"['1','2','3','4','5','6','7','8']",,"sg_app","open",1,"[PREMIUM]","1,2,3,4,5,6"
"l_pZKxLBJsPM4GR3TGrQ3RRU0pbbJATNQQgNXCmAMWpMTDzMxPrFNZ2rQNCYpTdykC8gX","2026-08-21 23:59:38.733","2026-09-04 00:23:44.683","l_pZKxLBJsPM4GR3TGrQ3RRU0pbbJATNQQgNXCmAMWpMTDzMxPrFNZ2rQNCYpTdykC8gX","18369619","[PREMIUM]","[PREMIUM]","[PREMIUM]","219","Section 219","11",4,"['7','8','9','10']",,"sg_app","open",0,"[PREMIUM]","1,2,4"
"l_n3Yx4MBHRrDwdQizPVv00fRYppe9hyxKdWMCxK2jRPIeMy40UKWAD2VueDC5A5I4w6","2026-08-21 23:59:38.733","2026-09-04 00:23:44.683","l_n3Yx4MBHRrDwdQizPVv00fRYppe9hyxKdWMCxK2jRPIeMy40UKWAD2VueDC5A5I4w6","18369619","[PREMIUM]","[PREMIUM]","[PREMIUM]","125","Section 125","14",4,"['5','6','7','8']",,"sg_app","open",0,"[PREMIUM]","1,2,4"
"l_n3Yx4MBHRrDwdQizPVv00fRYppe9hlex8wvUxN0vdkH36DgBPu3d985teDCBDyt5dn","2026-08-21 23:59:38.733","2026-09-04 00:23:44.683","l_n3Yx4MBHRrDwdQizPVv00fRYppe9hlex8wvUxN0vdkH36DgBPu3d985teDCBDyt5dn","18369619","[PREMIUM]","[PREMIUM]","[PREMIUM]","212","Section 212","6",6,"['11','12','13','14','15','16']",,"sg_app","open",1,"[PREMIUM]","1,2,3,4,6"
"l_n3Yx4MBHRrDwdQizPVv00fRYppe9hleWdeNUyXR5ydFvDx48xuW59PlYUeDCzB3h25M","2026-08-21 23:59:38.733","2026-09-04 00:23:44.683","l_n3Yx4MBHRrDwdQizPVv00fRYppe9hleWdeNUyXR5ydFvDx48xuW59PlYUeDCzB3h25M","18369619","[PREMIUM]","[PREMIUM]","[PREMIUM]","215","Section 215","3",3,"['7','8','9']",,"sg_app","open",0,"[PREMIUM]","1,3"
"l_n3Yx4MBHRrDwdQizPVv00fRYppe9hj6gRxvIx1de2NhlPM0GGTZN1VX2HeDCBw2s5bG","2026-08-21 23:59:38.733","2026-09-04 00:23:44.683","l_n3Yx4MBHRrDwdQizPVv00fRYppe9hj6gRxvIx1de2NhlPM0GGTZN1VX2HeDCBw2s5bG","18369619","[PREMIUM]","[PREMIUM]","[PREMIUM]","206","Section 206","8",7,"['13','14','15','16','17','18','19']",,"sg_app","open",1,"[PREMIUM]","1,2,3,4,5"
"l_n3Yx4MBHRrDwdQizPVv00fRYppe9hekAyzvCy5ypprHNk0dkYigR4DVMIeDC5YPH4qL","2026-08-21 23:59:38.733","2026-09-04 00:23:44.683","l_n3Yx4MBHRrDwdQizPVv00fRYppe9hekAyzvCy5ypprHNk0dkYigR4DVMIeDC5YPH4qL","18369619","[PREMIUM]","[PREMIUM]","[PREMIUM]","124","Section 124","22",2,"['5','6']",,"sg_app","open",1,"[PREMIUM]","2"
"l_n3Yx4MBHRrDwdQizPVv00fRYppe9heQxA9xUybgqDZIZYyyJ2fYjP1p2IeDCPdptKMw","2026-08-21 23:59:38.733","2026-09-04 00:23:44.683","l_n3Yx4MBHRrDwdQizPVv00fRYppe9heQxA9xUybgqDZIZYyyJ2fYjP1p2IeDCPdptKMw","18369619","[PREMIUM]","[PREMIUM]","[PREMIUM]","106","Section 106","8",2,"['5','6']",,"sg_app","open",1,"[PREMIUM]","2"
"l_n3Yx4MBHRrDwdQizPVv00fRYppe9hYWA3b6Hy9rDA3SWeDdN5upjEMeGSeDCxm3SZyM","2026-08-21 23:59:38.733","2026-09-04 00:23:44.683","l_n3Yx4MBHRrDwdQizPVv00fRYppe9hYWA3b6Hy9rDA3SWeDdN5upjEMeGSeDCxm3SZyM","18369619","[PREMIUM]","[PREMIUM]","[PREMIUM]","Club 31","Club 31","rls",3,"['3','4','5']",,"sg_app","open",1,"[PREMIUM]","1,3"
"l_n3Yx4MBHRrDwdQizPVv00fRYppe9hKy5J9ptxdkQeNTvp6nrPsd8dQNDheDCzvju2NA","2026-08-21 23:59:38.733","2026-09-04 00:23:44.683","l_n3Yx4MBHRrDwdQizPVv00fRYppe9hKy5J9ptxdkQeNTvp6nrPsd8dQNDheDCzvju2NA","18369619","[PREMIUM]","[PREMIUM]","[PREMIUM]","217","Section 217","2",1,"['3']",,"sg_app","open",0,"[PREMIUM]","1"
"l_n3Yx4MBHRrDwdQizPVv00fRYppe9hK3n803uyx2yvwseJXXNlfeKDREYCeDC8BvUL5e","2026-08-21 23:59:38.733","2026-09-04 00:23:44.683","l_n3Yx4MBHRrDwdQizPVv00fRYppe9hK3n803uyx2yvwseJXXNlfeKDREYCeDC8BvUL5e","18369619","[PREMIUM]","[PREMIUM]","[PREMIUM]","112","Section 112","23",4,"['13','14','15','16']",,"sg_app","open",4,"[PREMIUM]","1,2,4"
"l_n3Yx4MBHRrDwdQizPVv00fRYppe9h5WW8Bjhx0gXY2uLGG0Rzh33MrnLUeDCXECJE","2026-08-21 23:59:38.733","2026-09-04 00:23:44.683","l_n3Yx4MBHRrDwdQizPVv00fRYppe9h5WW8Bjhx0gXY2uLGG0Rzh33MrnLUeDCXECJE","18369619","[PREMIUM]","[PREMIUM]","[PREMIUM]","102","Section 102","19",2,"['7','8']",,"sg_app","open",4,"[PREMIUM]","2"
"l_mz1xempF2zMPLDhNR1kzzfx4kkw5tx0NJDDFxBXZrrHKlN3BLtlyr02WtmbTpvMUemB","2026-08-21 23:59:38.733","2026-09-04 00:23:44.683","l_mz1xempF2zMPLDhNR1kzzfx4kkw5tx0NJDDFxBXZrrHKlN3BLtlyr02WtmbTpvMUemB","18369619","[PREMIUM]","[PREMIUM]","[PREMIUM]","230","Section 230","7",8,"['1','2','3','4','5','6','7','8']",,"sg_app","open",1,"[PREMIUM]","1,2,3,4,5,6"
"l_mz1xempF2zMPLDhNR1kzzfx4kkw5tqbjbWBt3mNLMliXNvgy5F6MeKxYFmbTpnkue0Q","2026-08-21 23:59:38.733","2026-09-04 00:23:44.683","l_mz1xempF2zMPLDhNR1kzzfx4kkw5tqbjbWBt3mNLMliXNvgy5F6MeKxYFmbTpnkue0Q","18369619","[PREMIUM]","[PREMIUM]","[PREMIUM]","229","Section 229","6",8,"['5','6','7','8','9','10','11','12']",,"sg_app","open",1,"[PREMIUM]","1,2,3,4,5,6"
"l_mz1xempF2zMPLDhNR1kzzfx4kkw5tq3lJm9i3qxlZ2TQgNDyyFBLqz82ImbT1l2cxRA","2026-08-21 23:59:38.733","2026-09-04 00:23:44.683","l_mz1xempF2zMPLDhNR1kzzfx4kkw5tq3lJm9i3qxlZ2TQgNDyyFBLqz82ImbT1l2cxRA","18369619","[PREMIUM]","[PREMIUM]","[PREMIUM]","210","Section 210","6",2,"['17','18']",,"sg_app","open",0,"[PREMIUM]","2"
"l_lY1xmqRtdNgbn2CZdLQwwUKlRReVcmgvNdmfkJeBD9IwXN4XLcqBvrKMuw9sBdGhQBg","2026-08-21 23:59:38.733","2026-09-04 00:23:44.683","l_lY1xmqRtdNgbn2CZdLQwwUKlRReVcmgvNdmfkJeBD9IwXN4XLcqBvrKMuw9sBdGhQBg","18369619","[PREMIUM]","[PREMIUM]","[PREMIUM]","220","Section 220","6",7,"['5','6','7','8','9','10','11']",,"sg_app","open",1,"[PREMIUM]","1,2,3,4,5"
"l_lY1xmqRtdNgbn2CZdLQwwUKlRReVcW2m9gqHW9b9K2T6VNmEmspKN8lntw9sP9eunk6","2026-08-21 23:59:38.733","2026-09-04 00:23:44.683","l_lY1xmqRtdNgbn2CZdLQwwUKlRReVcW2m9gqHW9b9K2T6VNmEmspKN8lntw9sP9eunk6","18369619","[PREMIUM]","[PREMIUM]","[PREMIUM]","Club 01","Club 01","rls",3,"['1','2','3']",,"sg_app","open",1,"[PREMIUM]","1,3"
"l_lY1xmqRtdNgbn2CZdLQwwUKlRReVcQB1yrZtWjr0z5TyQANBIeJW238Fw9sg3rSyDz","2026-08-21 23:59:38.733","2026-09-04 00:23:44.683","l_lY1xmqRtdNgbn2CZdLQwwUKlRReVcQB1yrZtWjr0z5TyQANBIeJW238Fw9sg3rSyDz","18369619","[PREMIUM]","[PREMIUM]","[PREMIUM]","125","Section 125","18",6,"['7','8','9','10','11','12']",,"sg_app","open",2,"[PREMIUM]","1,2,3,4,6"
"l_k2KekxZFLqDYvKck10wyyIQL448ltmVq8G2hG38mjPsED9EG9CQ06kAyT9vSqQHwd","2026-08-21 23:59:38.733","2026-09-04 00:23:44.683","l_k2KekxZFLqDYvKck10wyyIQL448ltmVq8G2hG38mjPsED9EG9CQ06kAyT9vSqQHwd","18369619","[PREMIUM]","[PREMIUM]","[PREMIUM]","103","Section 103","18",2,"['7','8']",,"sg_app","open",1,"[PREMIUM]","2"
"l_k2KekxZFLqDYvKck10wyyIQL448ltZV9j5KIqYlwB2ulygKwquVRx5pS9vSQRWTrWY","2026-08-21 23:59:38.733","2026-09-04 00:23:44.683","l_k2KekxZFLqDYvKck10wyyIQL448ltZV9j5KIqYlwB2ulygKwquVRx5pS9vSQRWTrWY","18369619","[PREMIUM]","[PREMIUM]","[PREMIUM]","212","Section 212","7",2,"['5','6']",,"sg_app","open",0,"[PREMIUM]","2"
"l_k2KekxZFLqDYvKck10wyyIQL448ltVqLJgPfqyEd39cJbVr54TBRjpABT9vSlpbFKxG","2026-08-21 23:59:38.733","2026-09-04 00:23:44.683","l_k2KekxZFLqDYvKck10wyyIQL448ltVqLJgPfqyEd39cJbVr54TBRjpABT9vSlpbFKxG","18369619","[PREMIUM]","[PREMIUM]","[PREMIUM]","201","Section 201","whl",2,"['9','10']",,"sg_app","open",0,"[PREMIUM]","2"
"l_k2KekxZFLqDYvKck10wyyIQL448ltVN28DWuGLxPv8IyEDZrnUjnYmXZc9vSk3QHyEP","2026-08-21 23:59:38.733","2026-09-04 00:23:44.683","l_k2KekxZFLqDYvKck10wyyIQL448ltVN28DWuGLxPv8IyEDZrnUjnYmXZc9vSk3QHyEP","18369619","[PREMIUM]","[PREMIUM]","[PREMIUM]","115","Section 115","20",8,"['3','4','5','6','7','8','9','10']",,"sg_app","open",2,"[PREMIUM]","1,2,3,4,5,6"
"l_k2KekxZFLqDYvKck10wyyIQL448ltPv9eg3fGewRJEHdbG4M6FqpMZ69h9vSNPCv6","2026-08-21 23:59:38.733","2026-09-04 00:23:44.683","l_k2KekxZFLqDYvKck10wyyIQL448ltPv9eg3fGewRJEHdbG4M6FqpMZ69h9vSNPCv6","18369619","[PREMIUM]","[PREMIUM]","[PREMIUM]","101","Section 101","19",7,"['9','10','11','12','13','14','15']",,"sg_app","open",2,"[PREMIUM]","1,2,3,4,5"
"l_k2KekxZFLqDYvKck10wyyIQL448ltPB9eQ5IqgZQMvFlyByA6SBddneef9vSk9JtyJz","2026-08-21 23:59:38.733","2026-09-04 00:23:44.683","l_k2KekxZFLqDYvKck10wyyIQL448ltPB9eQ5IqgZQMvFlyByA6SBddneef9vSk9JtyJz","18369619","[PREMIUM]","[PREMIUM]","[PREMIUM]","113","Section 113","21",4,"['5','6','7','8']",,"sg_app","open",5,"[PREMIUM]","1,2,4"
"l_k2KekxZFLqDYvKck10wyyIQL448ltPAYvdbfGmq10RsE6WGmmijxq163C9vSQPjIreE","2026-08-21 23:59:38.733","2026-09-04 00:23:44.683","l_k2KekxZFLqDYvKck10wyyIQL448ltPAYvdbfGmq10RsE6WGmmijxq163C9vSQPjIreE","18369619","[PREMIUM]","[PREMIUM]","[PREMIUM]","210","Section 210","5",2,"['5','6']",,"sg_app","open",0,"[PREMIUM]","2"
"l_k2KekxZFLqDYvKck10wyyIQL448ltLkeQyQFqYQ2ZKfNzEMR1sqAw8E1i9vSkKQFyz5","2026-08-21 23:59:38.733","2026-09-04 00:23:44.683","l_k2KekxZFLqDYvKck10wyyIQL448ltLkeQyQFqYQ2ZKfNzEMR1sqAw8E1i9vSkKQFyz5","18369619","[PREMIUM]","[PREMIUM]","[PREMIUM]","114","Section 114","15",3,"['9','10','11']",,"sg_app","open",3,"[PREMIUM]","1,3"
"l_k2KekxZFLqDYvKck10wyyIQL448lt0GplLJs502ENxH016W1ks8vY9bXh9vSQeXcr9P","2026-08-21 23:59:38.733","2026-09-04 00:23:44.683","l_k2KekxZFLqDYvKck10wyyIQL448lt0GplLJs502ENxH016W1ks8vY9bXh9vSQeXcr9P","18369619","[PREMIUM]","[PREMIUM]","[PREMIUM]","211","Section 211","6",5,"['13','14','15','16','17']",,"sg_app","open",0,"[PREMIUM]","1,2,3,5"
"l_j81xzQMHz26N1ltmQq2ppHnYAAJ2uqZ1VNzF4BjByntDZvrRruqQx0N4slMhWM6FXyw","2026-08-21 23:59:38.733","2026-09-04 00:23:44.683","l_j81xzQMHz26N1ltmQq2ppHnYAAJ2uqZ1VNzF4BjByntDZvrRruqQx0N4slMhWM6FXyw","18369619","[PREMIUM]","[PREMIUM]","[PREMIUM]","Club 01","Club 01","2",2,"['6','7']",,"sg_app","open",2,"[PREMIUM]","2"
"l_j81xzQMHz26N1ltmQq2ppHnYAAJ2un9g332SZ6JYJKUd6D2rqUlWDNg5ulMhxdXTpE2","2026-08-21 23:59:38.733","2026-09-04 00:23:44.683","l_j81xzQMHz26N1ltmQq2ppHnYAAJ2un9g332SZ6JYJKUd6D2rqUlWDNg5ulMhxdXTpE2","18369619","[PREMIUM]","[PREMIUM]","[PREMIUM]","107","Section 107","17",2,"['5','6']",,"sg_app","open",1,"[PREMIUM]","2"
"l_j81xzQMHz26N1ltmQq2ppHnYAAJ2uWQ8wljI4WRXm3iG9JvqirnXyY0IlMhDZguLjn","2026-08-21 23:59:38.733","2026-09-04 00:23:44.683","l_j81xzQMHz26N1ltmQq2ppHnYAAJ2uWQ8wljI4WRXm3iG9JvqirnXyY0IlMhDZguLjn","18369619","[PREMIUM]","[PREMIUM]","[PREMIUM]","125","Section 125","8",2,"['9','10']",,"sg_app","open",0,"[PREMIUM]","2"
"l_j81xzQMHz26N1ltmQq2ppHnYAAJ2uWQ8wljI4WRXm3iG9JvqirnXyY0IlMhDBkFLNZ","2026-08-21 23:59:38.733","2026-09-04 00:23:44.683","l_j81xzQMHz26N1ltmQq2ppHnYAAJ2uWQ8wljI4WRXm3iG9JvqirnXyY0IlMhDBkFLNZ","18369619","[PREMIUM]","[PREMIUM]","[PREMIUM]","125","Section 125","16",5,"['11','12','13','14','15']",,"sg_app","open",1,"[PREMIUM]","1,2,3,5"
"l_j81xzQMHz26N1ltmQq2ppHnYAAJ2u1drzBYS2Jl36Df5x9NxAfP0wbnWhlMhzmZc89P","2026-08-21 23:59:38.733","2026-09-04 00:23:44.683","l_j81xzQMHz26N1ltmQq2ppHnYAAJ2u1drzBYS2Jl36Df5x9NxAfP0wbnWhlMhzmZc89P","18369619","[PREMIUM]","[PREMIUM]","[PREMIUM]","211","Section 211","4",6,"['3','4','5','6','7','8']",,"sg_app","open",0,"[PREMIUM]","1,2,3,4,6"
"l_g91x2yLHk0WNyLFKgmWAAfz0EE9xUxzr641hJYV48wCNyGDYdCzJEY0YHQwIrGXTX06","2026-08-21 23:59:38.733","2026-09-04 00:23:44.683","l_g91x2yLHk0WNyLFKgmWAAfz0EE9xUxzr641hJYV48wCNyGDYdCzJEY0YHQwIrGXTX06","18369619","[PREMIUM]","[PREMIUM]","[PREMIUM]","Club 11","Club 11","2",1,"['7']",,"sg_app","open",1,"[PREMIUM]","1"
"l_g91x2yLHk0WNyLFKgmWAAfz0EE9xUvmPWEYhyQRg6lC4leEMnuAjA8gEHQwIAQ6CMyG","2026-08-21 23:59:38.733","2026-09-04 00:23:44.683","l_g91x2yLHk0WNyLFKgmWAAfz0EE9xUvmPWEYhyQRg6lC4leEMnuAjA8gEHQwIAQ6CMyG","18369619","[PREMIUM]","[PREMIUM]","[PREMIUM]","217","Section 217","7",6,"['9','10','11','12','13','14']",,"sg_app","open",0,"[PREMIUM]","1,2,3,4,6"
"l_g91x2yLHk0WNyLFKgmWAAfz0EE9xUmwjmEeFJ5NqAwSb2Pl30hbPL9z8HQwIDP2TB9P","2026-08-21 23:59:38.733","2026-09-04 00:23:44.683","l_g91x2yLHk0WNyLFKgmWAAfz0EE9xUmwjmEeFJ5NqAwSb2Pl30hbPL9z8HQwIDP2TB9P","18369619","[PREMIUM]","[PREMIUM]","[PREMIUM]","203","Section 203","10",2,"['16','17']",,"sg_app","open",1,"[PREMIUM]","2"
"l_g91x2yLHk0WNyLFKgmWAAfz0EE9xUMk4X34CyrxdQbfEl0V2Rh49Kw1McQwIg8gTmQ1","2026-08-21 23:59:38.733","2026-09-04 00:23:44.683","l_g91x2yLHk0WNyLFKgmWAAfz0EE9xUMk4X34CyrxdQbfEl0V2Rh49Kw1McQwIg8gTmQ1","18369619","[PREMIUM]","[PREMIUM]","[PREMIUM]","118","Section 118","4",2,"['9','10']",,"sg_app","open",0,"[PREMIUM]","2"
"l_el9xvdwHE1M9LjsQR64ddum3yyqAtyjKdp3uy0VkdDCDbenrrHdYx40LCRjcVWjCLVp","2026-08-21 23:59:38.733","2026-09-04 00:23:44.683","l_el9xvdwHE1M9LjsQR64ddum3yyqAtyjKdp3uy0VkdDCDbenrrHdYx40LCRjcVWjCLVp","18369619","[PREMIUM]","[PREMIUM]","[PREMIUM]","206","Section 206","11",7,"['1','2','3','4','5','6','7']",,"sg_app","open",0,"[PREMIUM]","1,2,3,4,5"
"l_el9xvdwHE1M9LjsQR64ddum3yyqAtv0DeARu4mAKlNHm12klgCdn36A9CRjcjZWCdXk","2026-08-21 23:59:38.733","2026-09-04 00:23:44.683","l_el9xvdwHE1M9LjsQR64ddum3yyqAtv0DeARu4mAKlNHm12klgCdn36A9CRjcjZWCdXk","18369619","[PREMIUM]","[PREMIUM]","[PREMIUM]","227","Section 227","7",6,"['1','2','3','4','5','6']",,"sg_app","open",1,"[PREMIUM]","1,2,3,4,6"
"l_el9xvdwHE1M9LjsQR64ddum3yyqAtYwbkDwt4yd46zSPWRRvDT92Peb3URjcKZVuEXL","2026-08-21 23:59:38.733","2026-09-04 00:23:44.683","l_el9xvdwHE1M9LjsQR64ddum3yyqAtYwbkDwt4yd46zSPWRRvDT92Peb3URjcKZVuEXL","18369619","[PREMIUM]","[PREMIUM]","[PREMIUM]","112","Section 112","16",1,"['11']",,"sg_app","open",0,"[PREMIUM]","1"
"l_el9xvdwHE1M9LjsQR64ddum3yyqAtYeldGnU4d5XKptP5AZ2XtnGLylXsRjcNPWtzg1","2026-08-21 23:59:38.733","2026-09-04 00:23:44.683","l_el9xvdwHE1M9LjsQR64ddum3yyqAtYeldGnU4d5XKptP5AZ2XtnGLylXsRjcNPWtzg1","18369619","[PREMIUM]","[PREMIUM]","[PREMIUM]","Club 37","Club 37","3",5,"['5','6','7','8','9']",,"sg_app","open",0,"[PREMIUM]","1,2,3,5"
"l_el9xvdwHE1M9LjsQR64ddum3yyqAtPeNqqBT4mXZXbtwpQXYnsrqDB3GHRjcPxyigQm","2026-08-21 23:59:38.733","2026-09-04 00:23:44.683","l_el9xvdwHE1M9LjsQR64ddum3yyqAtPeNqqBT4mXZXbtwpQXYnsrqDB3GHRjcPxyigQm","18369619","[PREMIUM]","[PREMIUM]","[PREMIUM]","107","Section 107","14",7,"['5','6','7','8','9','10','11']",,"sg_app","open",5,"[PREMIUM]","1,2,3,4,5"
"l_dp2xJPvHlngQPAHeVWRnnHMB11mqUvxQ3ZPc4e4KK6UEQw0Q3TBwv6D9TqGiz5vsGLE","2026-08-21 23:59:38.733","2026-09-04 00:23:44.683","l_dp2xJPvHlngQPAHeVWRnnHMB11mqUvxQ3ZPc4e4KK6UEQw0Q3TBwv6D9TqGiz5vsGLE","18369619","[PREMIUM]","[PREMIUM]","[PREMIUM]","124","Section 124","26",2,"['3','4']",,"sg_app","open",0,"[PREMIUM]","2"
"l_dp2xJPvHlngQPAHeVWRnnHMB11mqUgkX60PIyrdbmLCXR5w66HRnyDrzFqGimlKHnzG","2026-08-21 23:59:38.733","2026-09-04 00:23:44.683","l_dp2xJPvHlngQPAHeVWRnnHMB11mqUgkX60PIyrdbmLCXR5w66HRnyDrzFqGimlKHnzG","18369619","[PREMIUM]","[PREMIUM]","[PREMIUM]","206","Section 206","rls",2,"['13','14']",,"sg_app","open",0,"[PREMIUM]","2"
"l_dp2xJPvHlngQPAHeVWRnnHMB11mqUQXRL5jc45xeqxseGbKY9fkB0rvBcqGiDMkcE0P","2026-08-21 23:59:38.733","2026-09-04 00:23:44.683","l_dp2xJPvHlngQPAHeVWRnnHMB11mqUQXRL5jc45xeqxseGbKY9fkB0rvBcqGiDMkcE0P","18369619","[PREMIUM]","[PREMIUM]","[PREMIUM]","Club 10","Club 10","7",1,"['5']",,"sg_app","open",0,"[PREMIUM]","1"
"l_dp2xJPvHlngQPAHeVWRnnHMB11mqUKW6B34I4p1X61TVZy8gGc9mRKlKuqGiKykiMm1","2026-08-21 23:59:38.733","2026-09-04 00:23:44.683","l_dp2xJPvHlngQPAHeVWRnnHMB11mqUKW6B34I4p1X61TVZy8gGc9mRKlKuqGiKykiMm1","18369619","[PREMIUM]","[PREMIUM]","[PREMIUM]","119","Section 119","17",2,"['3','4']",,"sg_app","open",1,"[PREMIUM]","2"
"l_dp2xJPvHlngQPAHeVWRnnHMB11mqUKW2kPGi4lpEAPi8qy43WuWJb6EnsqGinNdCJ5l","2026-08-21 23:59:38.733","2026-09-04 00:23:44.683","l_dp2xJPvHlngQPAHeVWRnnHMB11mqUKW2kPGi4lpEAPi8qy43WuWJb6EnsqGinNdCJ5l","18369619","[PREMIUM]","[PREMIUM]","[PREMIUM]","Club 33","Club 33","3",1,"['7']",,"sg_app","open",0,"[PREMIUM]","1"
"l_bD9xg0vuwAp6dBFwKE133i6NggyRFyMlRyrf05WgL0TWZ4r3dcRkPeEltQ6IlzNIV5G","2026-08-21 23:59:38.733","2026-09-04 00:23:44.683","l_bD9xg0vuwAp6dBFwKE133i6NggyRFyMlRyrf05WgL0TWZ4r3dcRkPeEltQ6IlzNIV5G","18369619","[PREMIUM]","[PREMIUM]","[PREMIUM]","205","Section 205","3",1,"['13']",,"sg_app","open",0,"[PREMIUM]","1"
"l_bD9xg0vuwAp6dBFwKE133i6NggyRFwlRdbgs06GGllH1keMv1tv2Gw9vTQ6Ip3QSr23","2026-08-21 23:59:38.733","2026-09-04 00:23:44.683","l_bD9xg0vuwAp6dBFwKE133i6NggyRFwlRdbgs06GGllH1keMv1tv2Gw9vTQ6Ip3QSr23","18369619","[PREMIUM]","[PREMIUM]","[PREMIUM]","126","Section 126","sro",2,"['17','18']",,"sg_app","open",0,"[PREMIUM]","2"
"l_bD9xg0vuwAp6dBFwKE133i6NggyRFpqwpjMF0A9MkYfV2DPezIxB1g5GCQ6Il1BtV32","2026-08-21 23:59:38.733","2026-09-04 00:23:44.683","l_bD9xg0vuwAp6dBFwKE133i6NggyRFpqwpjMF0A9MkYfV2DPezIxB1g5GCQ6Il1BtV32","18369619","[PREMIUM]","[PREMIUM]","[PREMIUM]","203","Section 203","7",3,"['15','16','17']",,"sg_app","open",2,"[PREMIUM]","1,3"
"l_bD9xg0vuwAp6dBFwKE133i6NggyRFkRnXDns28mGQAil8YkdWFY4EPJHQ6Iy9RtP1X","2026-08-21 23:59:38.733","2026-09-04 00:23:44.683","l_bD9xg0vuwAp6dBFwKE133i6NggyRFkRnXDns28mGQAil8YkdWFY4EPJHQ6Iy9RtP1X","18369619","[PREMIUM]","[PREMIUM]","[PREMIUM]","108","Section 108","20",4,"['3','4','5','6']",,"sg_app","open",0,"[PREMIUM]","1,2,4"
"l_bD9xg0vuwAp6dBFwKE133i6NggyRFjJEwwBT0xZlZbcq82BmriLWNZEkhQ6IyPViPZX","2026-08-21 23:59:38.733","2026-09-04 00:23:44.683","l_bD9xg0vuwAp6dBFwKE133i6NggyRFjJEwwBT0xZlZbcq82BmriLWNZEkhQ6IyPViPZX","18369619","[PREMIUM]","[PREMIUM]","[PREMIUM]","107","Section 107","20",5,"['7','8','9','10','11']",,"sg_app","open",2,"[PREMIUM]","1,2,3,5"
"l_bD9xg0vuwAp6dBFwKE133i6NggyRFdnX3EEC08XP2xC2NQemvINPYDmpiQ6IQlWUAVD","2026-08-21 23:59:38.733","2026-09-04 00:23:44.683","l_bD9xg0vuwAp6dBFwKE133i6NggyRFdnX3EEC08XP2xC2NQemvINPYDmpiQ6IQlWUAVD","18369619","[PREMIUM]","[PREMIUM]","[PREMIUM]","226","Section 226","7",6,"['12','13','14','15','16','17']",,"sg_app","open",0,"[PREMIUM]","1,2,3,4,6"
"l_ZqWyBpvcjJ6BVGfBPQqMMcwjGGbMfgxevljF58dqq1cExgd4IRmAzeVHw1swL3s9wk","2026-08-21 23:59:38.733","2026-09-04 00:23:44.683","l_ZqWyBpvcjJ6BVGfBPQqMMcwjGGbMfgxevljF58dqq1cExgd4IRmAzeVHw1swL3s9wk","18369619","[PREMIUM]","[PREMIUM]","[PREMIUM]","Club 36","Club 36","4",6,"['5','6','7','8','9','10']",,"sg_app","open",2,"[PREMIUM]","1,2,3,4,6"
"l_ZqWyBpvcjJ6BVGfBPQqMMcwjGGbMfLMYrGYs5EmBJ9hypw1AqtlgkZdziw1sQ2gTmAk","2026-08-21 23:59:38.733","2026-09-04 00:23:44.683","l_ZqWyBpvcjJ6BVGfBPQqMMcwjGGbMfLMYrGYs5EmBJ9hypw1AqtlgkZdziw1sQ2gTmAk","18369619","[PREMIUM]","[PREMIUM]","[PREMIUM]","118","Section 118","14",2,"['11','12']",,"sg_app","open",0,"[PREMIUM]","2"
"l_ZqWyBpvcjJ6BVGfBPQqMMcwjGGbMfGyRVZ2f52Y4BmTdz4z08SK88vLLtw1sPpYSk2D","2026-08-21 23:59:38.733","2026-09-04 00:23:44.683","l_ZqWyBpvcjJ6BVGfBPQqMMcwjGGbMfGyRVZ2f52Y4BmTdz4z08SK88vLLtw1sPpYSk2D","18369619","[PREMIUM]","[PREMIUM]","[PREMIUM]","113","Section 113","sro",2,"['1','2']",,"sg_app","open",0,"[PREMIUM]","2"
"l_ZqWyBpvcjJ6BVGfBPQqMMcwjGGbMfG0RVAJuxR9blMupAlkr8HZkWnXzFw1s8Kf1W","2026-08-21 23:59:38.733","2026-09-04 00:23:44.683","l_ZqWyBpvcjJ6BVGfBPQqMMcwjGGbMfG0RVAJuxR9blMupAlkr8HZkWnXzFw1s8Kf1W","18369619","[PREMIUM]","[PREMIUM]","[PREMIUM]","101","Section 101","9",3,"['5','6','7']",,"sg_app","open",0,"[PREMIUM]","1,3"
"l_ZqWyBpvcjJ6BVGfBPQqMMcwjGGbMf415QwcxlkDdwSx3XkKYIW2QMB2sw1s8r1H1wL","2026-08-21 23:59:38.733","2026-09-04 00:23:44.683","l_ZqWyBpvcjJ6BVGfBPQqMMcwjGGbMf415QwcxlkDdwSx3XkKYIW2QMB2sw1s8r1H1wL","18369619","[PREMIUM]","[PREMIUM]","[PREMIUM]","224","Section 224","7",6,"['1','2','3','4','5','6']",,"sg_app","open",1,"[PREMIUM]","1,2,3,4,6"
"l_YwgbPZzHYG4QLbFBl0GVVcl4xx5zfWVRqRXI9g9wvYfQ1MqyMTPgWQYyC4vt5AxuBgN","2026-08-21 23:59:38.733","2026-09-04 00:23:44.683","l_YwgbPZzHYG4QLbFBl0GVVcl4xx5zfWVRqRXI9g9wvYfQ1MqyMTPgWQYyC4vt5AxuBgN","18369619","[PREMIUM]","[PREMIUM]","[PREMIUM]","104","Section 104","25",4,"['15','16','17','18']",,"sg_app","open",5,"[PREMIUM]","1,2,4"
"l_YwgbPZzHYG4QLbFBl0GVVcl4xx5zfJvK3grcpJkJz8FPRENBNSJk0x3LT4vt893C6AZ","2026-08-21 23:59:38.733","2026-09-04 00:23:44.683","l_YwgbPZzHYG4QLbFBl0GVVcl4xx5zfJvK3grcpJkJz8FPRENBNSJk0x3LT4vt893C6AZ","18369619","[PREMIUM]","[PREMIUM]","[PREMIUM]","Club 01","Club 01","6",5,"['1','2','3','4','5']",,"sg_app","open",1,"[PREMIUM]","1,2,3,5"
"l_YwgbPZzHYG4QLbFBl0GVVcl4xx5zfJpd0zXcp4nxZ3TWPwBRvsZGpeQZI4vtnbXfDXJ","2026-08-21 23:59:38.733","2026-09-04 00:23:44.683","l_YwgbPZzHYG4QLbFBl0GVVcl4xx5zfJpd0zXcp4nxZ3TWPwBRvsZGpeQZI4vtnbXfDXJ","18369619","[PREMIUM]","[PREMIUM]","[PREMIUM]","201","Section 201","6",2,"['5','6']",,"sg_app","open",2,"[PREMIUM]","2"
"l_YwgbPZzHYG4QLbFBl0GVVcl4xx5zfJpd0zXcp4nxZ3TWPwBRvsZGpeQZI4vtn3RuDyd","2026-08-21 23:59:38.733","2026-09-04 00:23:44.683","l_YwgbPZzHYG4QLbFBl0GVVcl4xx5zfJpd0zXcp4nxZ3TWPwBRvsZGpeQZI4vtn3RuDyd","18369619","[PREMIUM]","[PREMIUM]","[PREMIUM]","201","Section 201","4",6,"['1','2','3','4','5','6']",,"sg_app","open",0,"[PREMIUM]","1,2,3,4,6"
"l_YwgbPZzHYG4QLbFBl0GVVcl4xx5zf89vwz8upELNlWfPm0MmySWDrzN2T4vt8JLf603","2026-08-21 23:59:38.733","2026-09-04 00:23:44.683","l_YwgbPZzHYG4QLbFBl0GVVcl4xx5zf89vwz8upELNlWfPm0MmySWDrzN2T4vt8JLf603","18369619","[PREMIUM]","[PREMIUM]","[PREMIUM]","Club 09","Club 09","3",1,"['7']",,"sg_app","open",0,"[PREMIUM]","1"
"l_XNJyRVvTLB1gVncmzGJEEH4pmmLQTdRJYDWck5NYGMCz0pzMxt92bGQWsnKCwGxhD5v","2026-08-21 23:59:38.733","2026-09-04 00:23:44.683","l_XNJyRVvTLB1gVncmzGJEEH4pmmLQTdRJYDWck5NYGMCz0pzMxt92bGQWsnKCwGxhD5v","18369619","[PREMIUM]","[PREMIUM]","[PREMIUM]","109","Section 109","19",7,"['3','4','5','6','7','8','9']",,"sg_app","open",0,"[PREMIUM]","1,2,3,4,5"
"l_XNJyRVvTLB1gVncmzGJEEH4pmmLQTP9zV6KukdYz3Wi4JkgJquKmjwJMCnKCbrrcny1","2026-08-21 23:59:38.733","2026-09-04 00:23:44.683","l_XNJyRVvTLB1gVncmzGJEEH4pmmLQTP9zV6KukdYz3Wi4JkgJquKmjwJMCnKCbrrcny1","18369619","[PREMIUM]","[PREMIUM]","[PREMIUM]","211","Section 211","4",6,"['9','10','11','12','13','14']",,"sg_app","open",0,"[PREMIUM]","1,2,3,4,6"
"l_WvGybLlsPpxqMjT8VygvvC5wZZYWtgJg4Xfg8KnpzUb2ggVqCnkypJkF0Jfv6nhLr2","2026-08-21 23:59:38.733","2026-09-04 00:23:44.683","l_WvGybLlsPpxqMjT8VygvvC5wZZYWtgJg4Xfg8KnpzUb2ggVqCnkypJkF0Jfv6nhLr2","18369619","[PREMIUM]","[PREMIUM]","[PREMIUM]","216","Section 216","2",8,"['9','10','11','12','13','14','15','16']",,"sg_app","open",0,"[PREMIUM]","1,2,3,4,5,6"
"l_WvGybLlsPpxqMjT8VygvvC5wZZYWtVdv8yYt36JdEXCKg3lxwFqeqZz5u0JfvZPhLrd","2026-08-21 23:59:38.733","2026-09-04 00:23:44.683","l_WvGybLlsPpxqMjT8VygvvC5wZZYWtVdv8yYt36JdEXCKg3lxwFqeqZz5u0JfvZPhLrd","18369619","[PREMIUM]","[PREMIUM]","[PREMIUM]","217","Section 217","rls",2,"['3','4']",,"sg_app","open",0,"[PREMIUM]","2"
"l_WvGybLlsPpxqMjT8VygvvC5wZZYWtLnmlDPf3XqXm2uEmn585tDWvleNs0JfzxXib3q","2026-08-21 23:59:38.733","2026-09-04 00:23:44.683","l_WvGybLlsPpxqMjT8VygvvC5wZZYWtLnmlDPf3XqXm2uEmn585tDWvleNs0JfzxXib3q","18369619","[PREMIUM]","[PREMIUM]","[PREMIUM]","Club 01","Club 01","2",1,"['3']",,"sg_app","open",1,"[PREMIUM]","1"
"l_VWByMwXFZRpdDAsBermjjcG9jjZXIWp4EVAUqz9Gwlfrk0G1Pf8dbz5eUEPuEwVCQr4","2026-08-21 23:59:38.733","2026-09-04 00:23:44.683","l_VWByMwXFZRpdDAsBermjjcG9jjZXIWp4EVAUqz9Gwlfrk0G1Pf8dbz5eUEPuEwVCQr4","18369619","[PREMIUM]","[PREMIUM]","[PREMIUM]","Club 40","Club 40","2",2,"['7','8']",,"sg_app","open",1,"[PREMIUM]","2"
"l_RAMyLznFLmgybzcDBrxZZf2mNNPJtypmVLVfxl8ZKmCw6ALnJTEqWRN6FEvuVj4HA95","2026-08-21 23:59:38.733","2026-09-04 00:23:44.683","l_RAMyLznFLmgybzcDBrxZZf2mNNPJtypmVLVfxl8ZKmCw6ALnJTEqWRN6FEvuVj4HA95","18369619","[PREMIUM]","[PREMIUM]","[PREMIUM]","114","Section 114","18",3,"['9','10','11']",,"sg_app","open",1,"[PREMIUM]","1,3"
"l_RAMyLznFLmgybzcDBrxZZf2mNNPJtypmVLVfxl8ZKmCw6ALnJTEqWRN6FEvuV54FAdR","2026-08-21 23:59:38.733","2026-09-04 00:23:44.683","l_RAMyLznFLmgybzcDBrxZZf2mNNPJtypmVLVfxl8ZKmCw6ALnJTEqWRN6FEvuV54FAdR","18369619","[PREMIUM]","[PREMIUM]","[PREMIUM]","114","Section 114","23",4,"['13','14','15','16']",,"sg_app","open",3,"[PREMIUM]","1,2,4"
"l_RAMyLznFLmgybzcDBrxZZf2mNNPJtWmX9AVFJr2en9IkNGGDrSMpypQACEvuE2jhrn9","2026-08-21 23:59:38.733","2026-09-04 00:23:44.683","l_RAMyLznFLmgybzcDBrxZZf2mNNPJtWmX9AVFJr2en9IkNGGDrSMpypQACEvuE2jhrn9","18369619","[PREMIUM]","[PREMIUM]","[PREMIUM]","223","Section 223","3",1,"['3']",,"sg_app","open",1,"[PREMIUM]","1"
"l_QgVyw2nheLVbJ0Sdq16WWILjRRzVin3Z41xuA23EZVTEvZEmZCbrEewkCg6IdnfBM","2026-08-21 23:59:38.733","2026-09-04 00:23:44.683","l_QgVyw2nheLVbJ0Sdq16WWILjRRzVin3Z41xuA23EZVTEvZEmZCbrEewkCg6IdnfBM","18369619","[PREMIUM]","[PREMIUM]","[PREMIUM]","103","Section 103","13",2,"['7','8']",,"sg_app","open",0,"[PREMIUM]","2"
"l_QgVyw2nheLVbJ0Sdq16WWILjRRzViVWxvXwTAPpkzDTj8PpzACvmkGXXhg6IxjbtDnL","2026-08-21 23:59:38.733","2026-09-04 00:23:44.683","l_QgVyw2nheLVbJ0Sdq16WWILjRRzViVWxvXwTAPpkzDTj8PpzACvmkGXXhg6IxjbtDnL","18369619","[PREMIUM]","[PREMIUM]","[PREMIUM]","Club 38","Club 38","3",1,"['10']",,"sg_app","open",1,"[PREMIUM]","1"
"l_QgVyw2nheLVbJ0Sdq16WWILjRRzViPkWrycAked51s4Bk60bIyJxRAJFg6IK6qtV0j","2026-08-21 23:59:38.733","2026-09-04 00:23:44.683","l_QgVyw2nheLVbJ0Sdq16WWILjRRzViPkWrycAked51s4Bk60bIyJxRAJFg6IK6qtV0j","18369619","[PREMIUM]","[PREMIUM]","[PREMIUM]","224","Section 224","3",6,"['12','13','14','15','16','17']",,"sg_app","open",1,"[PREMIUM]","1,2,3,4,6"
"l_QgVyw2nheLVbJ0Sdq16WWILjRRzViMmKEQ1hA3de16F4rRw6yfNQ9pw4Ug6IXlPCk14","2026-08-21 23:59:38.733","2026-09-04 00:23:44.683","l_QgVyw2nheLVbJ0Sdq16WWILjRRzViMmKEQ1hA3de16F4rRw6yfNQ9pw4Ug6IXlPCk14","18369619","[PREMIUM]","[PREMIUM]","[PREMIUM]","202","Section 202","5",8,"['9','10','11','12','13','14','15','16']",,"sg_app","open",2,"[PREMIUM]","1,2,3,4,5,6"
"l_QgVyw2nheLVbJ0Sdq16WWILjRRzViLnvgQNHAWv3xJSpgxE2Xfv46xQ0ig6IK0gtVD9","2026-08-21 23:59:38.733","2026-09-04 00:23:44.683","l_QgVyw2nheLVbJ0Sdq16WWILjRRzViLnvgQNHAWv3xJSpgxE2Xfv46xQ0ig6IK0gtVD9","18369619","[PREMIUM]","[PREMIUM]","[PREMIUM]","227","Section 227","6",5,"['5','6','7','8','9']",,"sg_app","open",3,"[PREMIUM]","1,2,3,5"
"l_QgVyw2nheLVbJ0Sdq16WWILjRRzViEWZDlbc8b9EB5IwkWN11TvJ25ZXtg6IXzNIkyL","2026-08-21 23:59:38.733","2026-09-04 00:23:44.683","l_QgVyw2nheLVbJ0Sdq16WWILjRRzViEWZDlbc8b9EB5IwkWN11TvJ25ZXtg6IXzNIkyL","18369619","[PREMIUM]","[PREMIUM]","[PREMIUM]","206","Section 206","10",4,"['11','12','13','14']",,"sg_app","open",2,"[PREMIUM]","1,2,4"
"l_Pdm8jvKixqLRlWS8jYyllCmLQQ0Btylmzkec8v2lKkFJD3PXPHA6qPpwTRGcrQRsWjb","2026-08-21 23:59:38.733","2026-09-04 00:23:44.683","l_Pdm8jvKixqLRlWS8jYyllCmLQQ0Btylmzkec8v2lKkFJD3PXPHA6qPpwTRGcrQRsWjb","18369619","[PREMIUM]","[PREMIUM]","[PREMIUM]","228","Section 228","5",6,"['13','14','15','16','17','18']",,"sg_app","open",2,"[PREMIUM]","1,2,3,4,6"
"l_Pdm8jvKixqLRlWS8jYyllCmLQQ0BtmDMeqpf8xzzPPfkq4jnktmYM98muRGcAWbT6y6","2026-08-21 23:59:38.733","2026-09-04 00:23:44.683","l_Pdm8jvKixqLRlWS8jYyllCmLQQ0BtmDMeqpf8xzzPPfkq4jnktmYM98muRGcAWbT6y6","18369619","[PREMIUM]","[PREMIUM]","[PREMIUM]","126","Section 126","15",6,"['7','8','9','10','11','12']",,"sg_app","open",2,"[PREMIUM]","1,2,3,4,6"
"l_Pdm8jvKixqLRlWS8jYyllCmLQQ0BtmDMeqpf8xzzPPfkq4jnktmYM98muRGcAWDh6PB","2026-08-21 23:59:38.733","2026-09-04 00:23:44.683","l_Pdm8jvKixqLRlWS8jYyllCmLQQ0BtmDMeqpf8xzzPPfkq4jnktmYM98muRGcAWDh6PB","18369619","[PREMIUM]","[PREMIUM]","[PREMIUM]","126","Section 126","17",6,"['5','6','7','8','9','10']",,"sg_app","open",1,"[PREMIUM]","1,2,3,4,6"
"l_Pdm8jvKixqLRlWS8jYyllCmLQQ0BtEpyp06I8j1V09SveKPrzTXK4ypRHRGcrxJHWBg","2026-08-21 23:59:38.733","2026-09-04 00:23:44.683","l_Pdm8jvKixqLRlWS8jYyllCmLQQ0BtEpyp06I8j1V09SveKPrzTXK4ypRHRGcrxJHWBg","18369619","[PREMIUM]","[PREMIUM]","[PREMIUM]","229","Section 229","4",5,"['5','6','7','8','9']",,"sg_app","open",2,"[PREMIUM]","1,2,3,5"
"l_Neqy6NvFZJwA90sgkDVqqujRMMBrCzY03JdHR5QjediJW9mYAFP6jBAhQkIgAXFbeN","2026-08-21 23:59:38.733","2026-09-04 00:23:44.683","l_Neqy6NvFZJwA90sgkDVqqujRMMBrCzY03JdHR5QjediJW9mYAFP6jBAhQkIgAXFbeN","18369619","[PREMIUM]","[PREMIUM]","[PREMIUM]","Club 39","Club 39","5",2,"['13','14']",,"sg_app","open",2,"[PREMIUM]","2"
"l_Neqy6NvFZJwA90sgkDVqqujRMMBrCW5GWvxfRJp0dgI39xWPyidkLYnZuQkIAzwCeZP","2026-08-21 23:59:38.733","2026-09-04 00:23:44.683","l_Neqy6NvFZJwA90sgkDVqqujRMMBrCW5GWvxfRJp0dgI39xWPyidkLYnZuQkIAzwCeZP","18369619","[PREMIUM]","[PREMIUM]","[PREMIUM]","203","Section 203","7",8,"['7','8','9','10','11','12','13','14']",,"sg_app","open",2,"[PREMIUM]","1,2,3,4,5,6"
"l_MewyEDnF30rNQGuLGMB88IMJyyVjUzGBk2kF2kmKAeCRkDM5eSqg92GxiMmS2egUkp5","2026-08-21 23:59:38.733","2026-09-04 00:23:44.683","l_MewyEDnF30rNQGuLGMB88IMJyyVjUzGBk2kF2kmKAeCRkDM5eSqg92GxiMmS2egUkp5","18369619","[PREMIUM]","[PREMIUM]","[PREMIUM]","114","Section 114","22",4,"['14','15','16','17']",,"sg_app","open",3,"[PREMIUM]","1,2,4"
"l_MewyEDnF30rNQGuLGMB88IMJyyVjUqYv6wDU0qDX8juDWyD0yF0l1rgptMmSN4I15","2026-08-21 23:59:38.733","2026-09-04 00:23:44.683","l_MewyEDnF30rNQGuLGMB88IMJyyVjUqYv6wDU0qDX8juDWyD0yF0l1rgptMmSN4I15","18369619","[PREMIUM]","[PREMIUM]","[PREMIUM]","103","Section 103","25",5,"['3','4','5','6','7']",,"sg_app","open",2,"[PREMIUM]","1,2,3,5"
"l_MewyEDnF30rNQGuLGMB88IMJyyVjUp4leblu25GwMyCpr3kb5SpKwqEkUMmSxz5ubGJ","2026-08-21 23:59:38.733","2026-09-04 00:23:44.683","l_MewyEDnF30rNQGuLGMB88IMJyyVjUp4leblu25GwMyCpr3kb5SpKwqEkUMmSxz5ubGJ","18369619","[PREMIUM]","[PREMIUM]","[PREMIUM]","118","Section 118","20",2,"['9','10']",,"sg_app","open",3,"[PREMIUM]","2"
"l_MewyEDnF30rNQGuLGMB88IMJyyVjUp3gdDkH0ZQgG0tyNgBLPSXbzeAwTMmSRdphwNg","2026-08-21 23:59:38.733","2026-09-04 00:23:44.683","l_MewyEDnF30rNQGuLGMB88IMJyyVjUp3gdDkH0ZQgG0tyNgBLPSXbzeAwTMmSRdphwNg","18369619","[PREMIUM]","[PREMIUM]","[PREMIUM]","Club 35","Club 35","4",8,"['5','6','7','8','9','10','11','12']",,"sg_app","open",0,"[PREMIUM]","1,2,3,4,5,6"
"l_MewyEDnF30rNQGuLGMB88IMJyyVjUnykgMVf0A84griEwDBg9CDEmEgLSMmSxkLsbyG","2026-08-21 23:59:38.733","2026-09-04 00:23:44.683","l_MewyEDnF30rNQGuLGMB88IMJyyVjUnykgMVf0A84griEwDBg9CDEmEgLSMmSxkLsbyG","18369619","[PREMIUM]","[PREMIUM]","[PREMIUM]","120","Section 120","7",2,"['9','10']",,"sg_app","open",0,"[PREMIUM]","2"
"l_MewyEDnF30rNQGuLGMB88IMJyyVjUbLWBk1c2zAmwGTBPNPgEsRnnLJJFMmS2XxHkjw","2026-08-21 23:59:38.733","2026-09-04 00:23:44.683","l_MewyEDnF30rNQGuLGMB88IMJyyVjUbLWBk1c2zAmwGTBPNPgEsRnnLJJFMmS2XxHkjw","18369619","[PREMIUM]","[PREMIUM]","[PREMIUM]","113","Section 113","22",6,"['7','8','9','10','11','12']",,"sg_app","open",3,"[PREMIUM]","1,2,3,4,6"
"l_MewyEDnF30rNQGuLGMB88IMJyyVjUYvzKjbs2BNJq4SmbYA8wURXVwgRuMmS8ywfYgD","2026-08-21 23:59:38.733","2026-09-04 00:23:44.683","l_MewyEDnF30rNQGuLGMB88IMJyyVjUYvzKjbs2BNJq4SmbYA8wURXVwgRuMmS8ywfYgD","18369619","[PREMIUM]","[PREMIUM]","[PREMIUM]","201","Section 201","6",8,"['7','8','9','10','11','12','13','14']",,"sg_app","open",3,"[PREMIUM]","1,2,3,4,5,6"
"l_MewyEDnF30rNQGuLGMB88IMJyyVjUANX3p0s0Wm4dzuJM9mg0tqkeKRzFMmSRm9Fwrq","2026-08-21 23:59:38.733","2026-09-04 00:23:44.683","l_MewyEDnF30rNQGuLGMB88IMJyyVjUANX3p0s0Wm4dzuJM9mg0tqkeKRzFMmSRm9Fwrq","18369619","[PREMIUM]","[PREMIUM]","[PREMIUM]","Club 31","Club 31","3",5,"['5','6','7','8','9']",,"sg_app","open",0,"[PREMIUM]","1,2,3,5"
"l_L26yK4bFQV1EbBFQNqRLLuqVMMNRtkxm9WEcnDk0AWHy81GrGfYELJKmumETNprI3q1","2026-08-21 23:59:38.733","2026-09-04 00:23:44.683","l_L26yK4bFQV1EbBFQNqRLLuqVMMNRtkxm9WEcnDk0AWHy81GrGfYELJKmumETNprI3q1","18369619","[PREMIUM]","[PREMIUM]","[PREMIUM]","228","Section 228","6",6,"['7','8','9','10','11','12']",,"sg_app","open",2,"[PREMIUM]","1,2,3,4,6"
"l_L26yK4bFQV1EbBFQNqRLLuqVMMNRtVW9gZ9tnEWGAbfX9MMw4C5841pVtmETEP3IwkQ","2026-08-21 23:59:38.733","2026-09-04 00:23:44.683","l_L26yK4bFQV1EbBFQNqRLLuqVMMNRtVW9gZ9tnEWGAbfX9MMw4C5841pVtmETEP3IwkQ","18369619","[PREMIUM]","[PREMIUM]","[PREMIUM]","106","Section 106","21",4,"['9','10','11','12']",,"sg_app","open",3,"[PREMIUM]","1,2,4"
"l_L26yK4bFQV1EbBFQNqRLLuqVMMNRtVP6zEJfPR4EMAcWxLBV2sQRnxzQimETX9ntGxb","2026-08-21 23:59:38.733","2026-09-04 00:23:44.683","l_L26yK4bFQV1EbBFQNqRLLuqVMMNRtVP6zEJfPR4EMAcWxLBV2sQRnxzQimETX9ntGxb","18369619","[PREMIUM]","[PREMIUM]","[PREMIUM]","201","Section 201","7",7,"['7','8','9','10','11','12','13']",,"sg_app","open",5,"[PREMIUM]","1,2,3,4,5"
"l_L26yK4bFQV1EbBFQNqRLLuqVMMNRtVLqPLACn8nV0VHnxkQbTZByyJbimETPgWskP6","2026-08-21 23:59:38.733","2026-09-04 00:23:44.683","l_L26yK4bFQV1EbBFQNqRLLuqVMMNRtVLqPLACn8nV0VHnxkQbTZByyJbimETPgWskP6","18369619","[PREMIUM]","[PREMIUM]","[PREMIUM]","Club 29","Club 29","3",1,"['7']",,"sg_app","open",0,"[PREMIUM]","1"
"l_KbkyKnDHqnvlXpu1wYzeeSG1yy6nIQzjzzluKgXDElirApWnGTMe8yNvFlJhbJ3IjNA","2026-08-21 23:59:38.733","2026-09-04 00:23:44.683","l_KbkyKnDHqnvlXpu1wYzeeSG1yy6nIQzjzzluKgXDElirApWnGTMe8yNvFlJhbJ3IjNA","18369619","[PREMIUM]","[PREMIUM]","[PREMIUM]","214","Section 214","3",2,"['10','11']",,"sg_app","open",1,"[PREMIUM]","2"
"l_KbkyKnDHqnvlXpu1wYzeeSG1yy6nILQvR5kiKgLn5ys0L3lADC4QknddulJhyJJSlNN","2026-08-21 23:59:38.733","2026-09-04 00:23:44.683","l_KbkyKnDHqnvlXpu1wYzeeSG1yy6nILQvR5kiKgLn5ys0L3lADC4QknddulJhyJJSlNN","18369619","[PREMIUM]","[PREMIUM]","[PREMIUM]","Club 38","Club 38","5",1,"['9']",,"sg_app","open",0,"[PREMIUM]","1"
"l_KbkyKnDHqnvlXpu1wYzeeSG1yy6nIG80VddIKGDR98u9W0xbwIzw5vAlTlJh552TZZg","2026-08-21 23:59:38.733","2026-09-04 00:23:44.683","l_KbkyKnDHqnvlXpu1wYzeeSG1yy6nIG80VddIKGDR98u9W0xbwIzw5vAlTlJh552TZZg","18369619","[PREMIUM]","[PREMIUM]","[PREMIUM]","226","Section 226","2",3,"['12','13','14']",,"sg_app","open",2,"[PREMIUM]","1,3"
"l_KbkyKnDHqnvlXpu1wYzeeSG1yy6nIG66ljzF9lkdNPU9NEA1pFjN4WQ1ClJhWlGcXDN","2026-08-21 23:59:38.733","2026-09-04 00:23:44.683","l_KbkyKnDHqnvlXpu1wYzeeSG1yy6nIG66ljzF9lkdNPU9NEA1pFjN4WQ1ClJhWlGcXDN","18369619","[PREMIUM]","[PREMIUM]","[PREMIUM]","204","Section 204","10",2,"['16','17']",,"sg_app","open",1,"[PREMIUM]","2"
"l_KbkyKnDHqnvlXpu1wYzeeSG1yy6nIEmlKGdh905Wd3cy9kJdGT56JYV5TlJhLgYCbqq","2026-08-21 23:59:38.733","2026-09-04 00:23:44.683","l_KbkyKnDHqnvlXpu1wYzeeSG1yy6nIEmlKGdh905Wd3cy9kJdGT56JYV5TlJhLgYCbqq","18369619","[PREMIUM]","[PREMIUM]","[PREMIUM]","201","Section 201","whl",4,"['3','4','5','6']",,"sg_app","open",1,"[PREMIUM]","1,2,4"
"l_JK59bAvhkzGg1RF8GAE66Cdx99n0spD5eNNuRk3nMMFDqRBm9srzRBN5TpMcXE9ty2G","2026-08-21 23:59:38.733","2026-09-04 00:23:44.683","l_JK59bAvhkzGg1RF8GAE66Cdx99n0spD5eNNuRk3nMMFDqRBm9srzRBN5TpMcXE9ty2G","18369619","[PREMIUM]","[PREMIUM]","[PREMIUM]","230","Section 230","4",6,"['1','2','3','4','5','6']",,"sg_app","open",1,"[PREMIUM]","1,2,3,4,6"
"l_JK59bAvhkzGg1RF8GAE66Cdx99n0se9mGMYSP6mnRntgP6zXKtELVGb6SpMcerGCYmP","2026-08-21 23:59:38.733","2026-09-04 00:23:44.683","l_JK59bAvhkzGg1RF8GAE66Cdx99n0se9mGMYSP6mnRntgP6zXKtELVGb6SpMcerGCYmP","18369619","[PREMIUM]","[PREMIUM]","[PREMIUM]","221","Section 221","1",1,"['9']",,"sg_app","open",0,"[PREMIUM]","1"
"l_JK59bAvhkzGg1RF8GAE66Cdx99n0s9k3kBzSvPL0zNcVRlLMeu8pALkWspMcXM8CyNZ","2026-08-21 23:59:38.733","2026-09-04 00:23:44.683","l_JK59bAvhkzGg1RF8GAE66Cdx99n0s9k3kBzSvPL0zNcVRlLMeu8pALkWspMcXM8CyNZ","18369619","[PREMIUM]","[PREMIUM]","[PREMIUM]","229","Section 229","5",4,"['15','16','17','18']",,"sg_app","open",2,"[PREMIUM]","1,2,4"
"l_JK59bAvhkzGg1RF8GAE66Cdx99n0s1yXYAbtRDyqxeFJnQXvbuWp36JtpMc2mGfk8E","2026-08-21 23:59:38.733","2026-09-04 00:23:44.683","l_JK59bAvhkzGg1RF8GAE66Cdx99n0s1yXYAbtRDyqxeFJnQXvbuWp36JtpMc2mGfk8E","18369619","[PREMIUM]","[PREMIUM]","[PREMIUM]","212","Section 212","6",4,"['7','8','9','10']",,"sg_app","open",1,"[PREMIUM]","1,2,4"
"l_GLJyjWYFXJM0lVI9Nw5vviGW221mIz96L0gfl8zbxXCgKDmNEcAnMdmvsJ5fE3rCYDQ","2026-08-21 23:59:38.733","2026-09-04 00:23:44.683","l_GLJyjWYFXJM0lVI9Nw5vviGW221mIz96L0gfl8zbxXCgKDmNEcAnMdmvsJ5fE3rCYDQ","18369619","[PREMIUM]","[PREMIUM]","[PREMIUM]","122","Section 122","18",6,"['5','6','7','8','9','10']",,"sg_app","open",1,"[PREMIUM]","1,2,3,4,6"
"l_GLJyjWYFXJM0lVI9Nw5vviGW221mIxE4gBeh2XLPybfxqed33FA3BQM2IJ5febLTM1g","2026-08-21 23:59:38.733","2026-09-04 00:23:44.683","l_GLJyjWYFXJM0lVI9Nw5vviGW221mIxE4gBeh2XLPybfxqed33FA3BQM2IJ5febLTM1g","18369619","[PREMIUM]","[PREMIUM]","[PREMIUM]","206","Section 206","9",2,"['20','21']",,"sg_app","open",0,"[PREMIUM]","2"
"l_GLJyjWYFXJM0lVI9Nw5vviGW221mIn39wLeflXBxwyuebgZWpij1r1eMSJ5fmp9fAew","2026-08-21 23:59:38.733","2026-09-04 00:23:44.683","l_GLJyjWYFXJM0lVI9Nw5vviGW221mIn39wLeflXBxwyuebgZWpij1r1eMSJ5fmp9fAew","18369619","[PREMIUM]","[PREMIUM]","[PREMIUM]","120","Section 120","12",3,"['4','5','6']",,"sg_app","open",1,"[PREMIUM]","1,3"
"l_GLJyjWYFXJM0lVI9Nw5vviGW221mIXN9bRLUlvVgQjUx6rlVECJY2j1QiJ5fw9pTJnz","2026-08-21 23:59:38.733","2026-09-04 00:23:44.683","l_GLJyjWYFXJM0lVI9Nw5vviGW221mIXN9bRLUlvVgQjUx6rlVECJY2j1QiJ5fw9pTJnz","18369619","[PREMIUM]","[PREMIUM]","[PREMIUM]","Club 40","Club 40","4",2,"['7','8']",,"sg_app","open",1,"[PREMIUM]","2"
"l_GLJyjWYFXJM0lVI9Nw5vviGW221mIEqeq9xFlYexMmIwEZrVphRKYpelHJ5fEjKTYPZ","2026-08-21 23:59:38.733","2026-09-04 00:23:44.683","l_GLJyjWYFXJM0lVI9Nw5vviGW221mIEqeq9xFlYexMmIwEZrVphRKYpelHJ5fEjKTYPZ","18369619","[PREMIUM]","[PREMIUM]","[PREMIUM]","123","Section 123","19",3,"['5','6','7']",,"sg_app","open",1,"[PREMIUM]","1,3"
"l_GLJyjWYFXJM0lVI9Nw5vviGW221mI8BkZd0u2NywzJuLe58dUEjnK2QFJ5fEABtYkQ","2026-08-21 23:59:38.733","2026-09-04 00:23:44.683","l_GLJyjWYFXJM0lVI9Nw5vviGW221mI8BkZd0u2NywzJuLe58dUEjnK2QFJ5fEABtYkQ","18369619","[PREMIUM]","[PREMIUM]","[PREMIUM]","125","Section 125","8",8,"['1','2','3','4','5','6','7','8']",,"sg_app","open",0,"[PREMIUM]","1,2,3,4,5,6"
"l_Ewe9vB6HM3QbG0u1PRBkkSkwYYnvIq4BGq8hLePlmLcemlKBYcL64VGRFG2fG83H3lA","2026-08-21 23:59:38.733","2026-09-04 00:23:44.683","l_Ewe9vB6HM3QbG0u1PRBkkSkwYYnvIq4BGq8hLePlmLcemlKBYcL64VGRFG2fG83H3lA","18369619","[PREMIUM]","[PREMIUM]","[PREMIUM]","205","Section 205","8",3,"['9','10','11']",,"sg_app","open",1,"[PREMIUM]","1,3"
"l_Ewe9vB6HM3QbG0u1PRBkkSkwYYnvIAABWpvULybznYUVBVpVeHz6mezDFG2fLQWUGk2","2026-08-21 23:59:38.733","2026-09-04 00:23:44.683","l_Ewe9vB6HM3QbG0u1PRBkkSkwYYnvIAABWpvULybznYUVBVpVeHz6mezDFG2fLQWUGk2","18369619","[PREMIUM]","[PREMIUM]","[PREMIUM]","218","Section 218","7",6,"['3','4','5','6','7','8']",,"sg_app","open",2,"[PREMIUM]","1,2,3,4,6"
"l_DKpyARnhJZDz2qtzrngBBfKmLLZ1cr3pjK0sMWDRkBHkqwE4Idqx0bZSAgTdjehMW8","2026-08-21 23:59:38.733","2026-09-04 00:23:44.683","l_DKpyARnhJZDz2qtzrngBBfKmLLZ1cr3pjK0sMWDRkBHkqwE4Idqx0bZSAgTdjehMW8","18369619","[PREMIUM]","[PREMIUM]","[PREMIUM]","125","Section 125","19",7,"['7','8','9','10','11','12','13']",,"sg_app","open",5,"[PREMIUM]","1,2,3,4,5"
"l_DKpyARnhJZDz2qtzrngBBfKmLLZ1cdzQmEEFMd9bBBHMp0ZdPTxGE5B8FAgTP6Xi6Nq","2026-08-21 23:59:38.733","2026-09-04 00:23:44.683","l_DKpyARnhJZDz2qtzrngBBfKmLLZ1cdzQmEEFMd9bBBHMp0ZdPTxGE5B8FAgTP6Xi6Nq","18369619","[PREMIUM]","[PREMIUM]","[PREMIUM]","230","Section 230","4",2,"['10','11']",,"sg_app","open",0,"[PREMIUM]","2"
"l_DKpyARnhJZDz2qtzrngBBfKmLLZ1cbgBmZ1c2KMXbLS8q0zmmIlPYwmBUAgTpxLTzlJ","2026-08-21 23:59:38.733","2026-09-04 00:23:44.683","l_DKpyARnhJZDz2qtzrngBBfKmLLZ1cbgBmZ1c2KMXbLS8q0zmmIlPYwmBUAgTpxLTzlJ","18369619","[PREMIUM]","[PREMIUM]","[PREMIUM]","210","Section 210","7",7,"['1','2','3','4','5','6','7']",,"sg_app","open",2,"[PREMIUM]","1,2,3,4,5"
"l_DKpyARnhJZDz2qtzrngBBfKmLLZ1cB9n8gjfMGg5r6SqkNWjgiebB5EkIAgTp2qCzvK","2026-08-21 23:59:38.733","2026-09-04 00:23:44.683","l_DKpyARnhJZDz2qtzrngBBfKmLLZ1cB9n8gjfMGg5r6SqkNWjgiebB5EkIAgTp2qCzvK","18369619","[PREMIUM]","[PREMIUM]","[PREMIUM]","213","Section 213","7",8,"['3','4','5','6','7','8','9','10']",,"sg_app","open",5,"[PREMIUM]","1,2,3,4,5,6"
"l_B9ZyWm5HvEk9L6cAxXlVVSXerrR0SkBAWvms0LJPBnCK6qlMRHVnmv0ACLxfq4rtezX","2026-08-21 23:59:38.733","2026-09-04 00:23:44.683","l_B9ZyWm5HvEk9L6cAxXlVVSXerrR0SkBAWvms0LJPBnCK6qlMRHVnmv0ACLxfq4rtezX","18369619","[PREMIUM]","[PREMIUM]","[PREMIUM]","Club 30","Club 30","6",1,"['8']",,"sg_app","open",3,"[PREMIUM]","1"
"l_B9ZyWm5HvEk9L6cAxXlVVSXerrR0SDWbQdrt0WzWrNFkzrZLZHE0yvlAFLxfg6qCGpe","2026-08-21 23:59:38.733","2026-09-04 00:23:44.683","l_B9ZyWm5HvEk9L6cAxXlVVSXerrR0SDWbQdrt0WzWrNFkzrZLZHE0yvlAFLxfg6qCGpe","18369619","[PREMIUM]","[PREMIUM]","[PREMIUM]","Club 01","Club 01","5",1,"['3']",,"sg_app","open",2,"[PREMIUM]","1"
"l_ABMy2q5H0XB5K9cyQNp88u94jjAXUwq1KZ1hMd3N6lCkVzyv1Ij5yQwDuPMUA5PuLwv","2026-08-21 23:59:38.733","2026-09-04 00:23:44.683","l_ABMy2q5H0XB5K9cyQNp88u94jjAXUwq1KZ1hMd3N6lCkVzyv1Ij5yQwDuPMUA5PuLwv","18369619","[PREMIUM]","[PREMIUM]","[PREMIUM]","118","Section 118","10",2,"['11','12']",,"sg_app","open",1,"[PREMIUM]","2"
"l_ABMy2q5H0XB5K9cyQNp88u94jjAXUqJyWQrHMA69yGfnKJ0yyHPzVRM8CPMUdwku94w","2026-08-21 23:59:38.733","2026-09-04 00:23:44.683","l_ABMy2q5H0XB5K9cyQNp88u94jjAXUqJyWQrHMA69yGfnKJ0yyHPzVRM8CPMUdwku94w","18369619","[PREMIUM]","[PREMIUM]","[PREMIUM]","206","Section 206","6",2,"['5','6']",,"sg_app","open",1,"[PREMIUM]","2"
"l_ABMy2q5H0XB5K9cyQNp88u94jjAXUbvAQXRSL0erpjFPBbJ9JsYz0RemuPMUG0MFBWX","2026-08-21 23:59:38.733","2026-09-04 00:23:44.683","l_ABMy2q5H0XB5K9cyQNp88u94jjAXUbvAQXRSL0erpjFPBbJ9JsYz0RemuPMUG0MFBWX","18369619","[PREMIUM]","[PREMIUM]","[PREMIUM]","228","Section 228","7",2,"['1','2']",,"sg_app","open",5,"[PREMIUM]","2"
"l_ABMy2q5H0XB5K9cyQNp88u94jjAXUZzQnmYtMJAQN3H6P3PEJsnAAMEEiPMUKg6txAk","2026-08-21 23:59:38.733","2026-09-04 00:23:44.683","l_ABMy2q5H0XB5K9cyQNp88u94jjAXUZzQnmYtMJAQN3H6P3PEJsnAAMEEiPMUKg6txAk","18369619","[PREMIUM]","[PREMIUM]","[PREMIUM]","113","Section 113","15",5,"['9','10','11','12','13']",,"sg_app","open",0,"[PREMIUM]","1,2,3,5"
"l_ABMy2q5H0XB5K9cyQNp88u94jjAXUZzQnmYtMJAQN3H6P3PEJsnAAMEEiPMUK95cxeE","2026-08-21 23:59:38.733","2026-09-04 00:23:44.683","l_ABMy2q5H0XB5K9cyQNp88u94jjAXUZzQnmYtMJAQN3H6P3PEJsnAAMEEiPMUK95cxeE","18369619","[PREMIUM]","[PREMIUM]","[PREMIUM]","113","Section 113","12",7,"['3','4','5','6','7','8','9']",,"sg_app","open",1,"[PREMIUM]","1,2,3,4,5"
"l_ABMy2q5H0XB5K9cyQNp88u94jjAXUZpbpMmuLbdEzRuEZ0JrQcWZ1PexTPMUG35tBK4","2026-08-21 23:59:38.733","2026-09-04 00:23:44.683","l_ABMy2q5H0XB5K9cyQNp88u94jjAXUZpbpMmuLbdEzRuEZ0JrQcWZ1PexTPMUG35tBK4","18369619","[PREMIUM]","[PREMIUM]","[PREMIUM]","229","Section 229","4",4,"['1','2','3','4']",,"sg_app","open",2,"[PREMIUM]","1,2,4"
"l_ABMy2q5H0XB5K9cyQNp88u94jjAXUNQEzPniMnyWvXHdJGX0cvgbq8RhPMUXnYtrvm","2026-08-21 23:59:38.733","2026-09-04 00:23:44.683","l_ABMy2q5H0XB5K9cyQNp88u94jjAXUNQEzPniMnyWvXHdJGX0cvgbq8RhPMUXnYtrvm","18369619","[PREMIUM]","[PREMIUM]","[PREMIUM]","125","Section 125","17",8,"['3','4','5','6','7','8','9','10']",,"sg_app","open",3,"[PREMIUM]","1,2,3,4,5,6"
"l_ABMy2q5H0XB5K9cyQNp88u94jjAXU3gZAAXTLkjPj1Im6vL50hx1QrB6UPMUYgYSPAz","2026-08-21 23:59:38.733","2026-09-04 00:23:44.683","l_ABMy2q5H0XB5K9cyQNp88u94jjAXU3gZAAXTLkjPj1Im6vL50hx1QrB6UPMUYgYSPAz","18369619","[PREMIUM]","[PREMIUM]","[PREMIUM]","107","Section 107","23",6,"['9','10','11','12','13','14']",,"sg_app","open",2,"[PREMIUM]","1,2,3,4,6"
"l_9jz0vPkHGVpgWkuN1qjyyfX8JJjzSvr9XBGtY32M1PFjW06wmigNlm1qcN9CBmLtXMW","2026-08-21 23:59:38.733","2026-09-04 00:23:44.683","l_9jz0vPkHGVpgWkuN1qjyyfX8JJjzSvr9XBGtY32M1PFjW06wmigNlm1qcN9CBmLtXMW","18369619","[PREMIUM]","[PREMIUM]","[PREMIUM]","213","Section 213","6",2,"['17','18']",,"sg_app","open",0,"[PREMIUM]","2"
"l_9jz0vPkHGVpgWkuN1qjyyfX8JJjzSlAwkn2fxKelMLsYMB6rkC9JnpjZHN9CPkbuk0x","2026-08-21 23:59:38.733","2026-09-04 00:23:44.683","l_9jz0vPkHGVpgWkuN1qjyyfX8JJjzSlAwkn2fxKelMLsYMB6rkC9JnpjZHN9CPkbuk0x","18369619","[PREMIUM]","[PREMIUM]","[PREMIUM]","122","Section 122","13",7,"['2','3','4','5','6','7','8']",,"sg_app","open",2,"[PREMIUM]","1,2,3,4,5"
"l_9jz0vPkHGVpgWkuN1qjyyfX8JJjzSK9dQLZcxqy0LNtE9rQPdU9wE2e2fN9CYPASdkY","2026-08-21 23:59:38.733","2026-09-04 00:23:44.683","l_9jz0vPkHGVpgWkuN1qjyyfX8JJjzSK9dQLZcxqy0LNtE9rQPdU9wE2e2fN9CYPASdkY","18369619","[PREMIUM]","[PREMIUM]","[PREMIUM]","225","Section 225","3",8,"['5','6','7','8','9','10','11','12']",,"sg_app","open",2,"[PREMIUM]","1,2,3,4,5,6"
"l_8j04rKlH3wPN25umWrP22HA0vv9nfzdLNwrSnGvrl5H5n0WLWCeX3DzYsk2cJ4dhRxr","2026-08-21 23:59:38.733","2026-09-04 00:23:44.683","l_8j04rKlH3wPN25umWrP22HA0vv9nfzdLNwrSnGvrl5H5n0WLWCeX3DzYsk2cJ4dhRxr","18369619","[PREMIUM]","[PREMIUM]","[PREMIUM]","228","Section 228","4",2,"['1','2']",,"sg_app","open",2,"[PREMIUM]","2"
"l_8j04rKlH3wPN25umWrP22HA0vv9nfxJmgBdcn2R85rsEWKPwwiymwBR1ik2cryBHPK6","2026-08-21 23:59:38.733","2026-09-04 00:23:44.683","l_8j04rKlH3wPN25umWrP22HA0vv9nfxJmgBdcn2R85rsEWKPwwiymwBR1ik2cryBHPK6","18369619","[PREMIUM]","[PREMIUM]","[PREMIUM]","210","Section 210","7",4,"['8','9','10','11']",,"sg_app","open",2,"[PREMIUM]","1,2,4"
"l_8j04rKlH3wPN25umWrP22HA0vv9nfL1LQgJcRVxBj8Hm20kjkuwrjEXKtk2cjRnt9vK","2026-08-21 23:59:38.733","2026-09-04 00:23:44.683","l_8j04rKlH3wPN25umWrP22HA0vv9nfL1LQgJcRVxBj8Hm20kjkuwrjEXKtk2cjRnt9vK","18369619","[PREMIUM]","[PREMIUM]","[PREMIUM]","Club 19","Club 19","3",5,"['7','8','9','10','11']",,"sg_app","open",0,"[PREMIUM]","1,2,3,5"
"l_8j04rKlH3wPN25umWrP22HA0vv9nf4n5Kpqfnv6LlVcEKBgmeT5nv4z8uk2cvJyuERe","2026-08-21 23:59:38.733","2026-09-04 00:23:44.683","l_8j04rKlH3wPN25umWrP22HA0vv9nf4n5Kpqfnv6LlVcEKBgmeT5nv4z8uk2cvJyuERe","18369619","[PREMIUM]","[PREMIUM]","[PREMIUM]","122","Section 122","17",4,"['3','4','5','6']",,"sg_app","open",2,"[PREMIUM]","1,2,4"
"l_6y0ne1jc2q1vNEh2NwL55cbENNZzukXyyx9T9Qk4lnIZXGk9VhezPzWWfKkH3WWc8mX","2026-08-21 23:59:38.733","2026-09-04 00:23:44.683","l_6y0ne1jc2q1vNEh2NwL55cbENNZzukXyyx9T9Qk4lnIZXGk9VhezPzWWfKkH3WWc8mX","18369619","[PREMIUM]","[PREMIUM]","[PREMIUM]","207","Section 207","3",6,"['9','10','11','12','13','14']",,"sg_app","open",2,"[PREMIUM]","1,2,3,4,6"
"l_6y0ne1jc2q1vNEh2NwL55cbENNZzukDQ2VyfAMWWrriPBNRVPSlWnEjlhKkHlJ3FQre","2026-08-21 23:59:38.733","2026-09-04 00:23:44.683","l_6y0ne1jc2q1vNEh2NwL55cbENNZzukDQ2VyfAMWWrriPBNRVPSlWnEjlhKkHlJ3FQre","18369619","[PREMIUM]","[PREMIUM]","[PREMIUM]","126","Section 126","20",4,"['7','8','9','10']",,"sg_app","open",2,"[PREMIUM]","1,2,4"
"l_6y0ne1jc2q1vNEh2NwL55cbENNZzue5xYp0h9bPD5psKgQeMyHgJp92PHKkHw2BFeWd","2026-08-21 23:59:38.733","2026-09-04 00:23:44.683","l_6y0ne1jc2q1vNEh2NwL55cbENNZzue5xYp0h9bPD5psKgQeMyHgJp92PHKkHw2BFeWd","18369619","[PREMIUM]","[PREMIUM]","[PREMIUM]","Club 30","Club 30","6",2,"['11','12']",,"sg_app","open",0,"[PREMIUM]","2"
"l_6y0ne1jc2q1vNEh2NwL55cbENNZzuZGkvb2TAKPz8xFlEn5X5HZ139kYIKkH893Fkn5","2026-08-21 23:59:38.733","2026-09-04 00:23:44.683","l_6y0ne1jc2q1vNEh2NwL55cbENNZzuZGkvb2TAKPz8xFlEn5X5HZ139kYIKkH893Fkn5","18369619","[PREMIUM]","[PREMIUM]","[PREMIUM]","228","Section 228","5",6,"['7','8','9','10','11','12']",,"sg_app","open",2,"[PREMIUM]","1,2,3,4,6"
"l_6y0ne1jc2q1vNEh2NwL55cbENNZzuVWqdQfAGjKQBsPY4pjLUl18kA1uKkHE5qiyGN","2026-08-21 23:59:38.733","2026-09-04 00:23:44.683","l_6y0ne1jc2q1vNEh2NwL55cbENNZzuVWqdQfAGjKQBsPY4pjLUl18kA1uKkHE5qiyGN","18369619","[PREMIUM]","[PREMIUM]","[PREMIUM]","224","Section 224","7",4,"['7','8','9','10']",,"sg_app","open",3,"[PREMIUM]","1,2,4"
"l_6y0ne1jc2q1vNEh2NwL55cbENNZzuQYmp0YfA9yAvWsAYrrmwIglzj50CKkHbEGfZyK","2026-08-21 23:59:38.733","2026-09-04 00:23:44.683","l_6y0ne1jc2q1vNEh2NwL55cbENNZzuQYmp0YfA9yAvWsAYrrmwIglzj50CKkHbEGfZyK","18369619","[PREMIUM]","[PREMIUM]","[PREMIUM]","112","Section 112","20",6,"['7','8','9','10','11','12']",,"sg_app","open",1,"[PREMIUM]","1,2,3,4,6"
"l_6y0ne1jc2q1vNEh2NwL55cbENNZzu00qeQdFAgNg6jfbQKR1QcjZZZmfKkH84zfkKB","2026-08-21 23:59:38.733","2026-09-04 00:23:44.683","l_6y0ne1jc2q1vNEh2NwL55cbENNZzu00qeQdFAgNg6jfbQKR1QcjZZZmfKkH84zfkKB","18369619","[PREMIUM]","[PREMIUM]","[PREMIUM]","Club 03","Club 03","4",1,"['5']",,"sg_app","open",1,"[PREMIUM]","1"
"mxAs4xzJZGl","2026-08-21 23:59:38.733","2026-09-04 00:23:44.683","mxAs4xzJZGl","18369619","[PREMIUM]","[PREMIUM]","[PREMIUM]","120","Section 120","18",4,"['7','8','9','10']","2027-01-12 00:00:00","electronic","exchange",2,"[PREMIUM]","1,2,4"
"pVXHD7KY2Lj","2026-08-21 23:59:38.733","2026-09-04 00:23:44.683","pVXHD7KY2Lj","18369619","[PREMIUM]","[PREMIUM]","[PREMIUM]","220","Section 220","4",4,"['3','4','5','6']","2027-01-12 00:00:00","electronic","exchange",1,"[PREMIUM]","1,2,4"
"05VT8lxAzzK","2026-08-21 23:58:41.642","2026-08-23 00:18:20.025","05VT8lxAzzK","18377479","[PREMIUM]","[PREMIUM]","[PREMIUM]","316","Section 316","8",6,"[]","2027-01-21 00:00:00","electronic","exchange",5,"[PREMIUM]","1,2,3,4,5,6"
"05VT8lxAdmr","2026-08-21 23:58:41.642","2026-08-23 00:18:20.025","05VT8lxAdmr","18377479","[PREMIUM]","[PREMIUM]","[PREMIUM]","323","Section 323","12",4,"[]","2027-01-21 00:00:00","electronic","exchange",5,"[PREMIUM]","1,2,3,4"
"2v0czq4nX2z","2026-08-21 23:58:41.642","2026-08-25 23:00:06.626","2v0czq4nX2z","18377479","[PREMIUM]","[PREMIUM]","[PREMIUM]","206","Section 206","5",2,"[]","2027-01-20 00:00:00","electronic","exchange",5,"[PREMIUM]","2"
"2v0czq72gMB","2026-08-21 23:58:41.642","2026-08-25 23:00:06.626","2v0czq72gMB","18377479","[PREMIUM]","[PREMIUM]","[PREMIUM]","302","Section 302","8",2,"[]","2027-01-20 00:00:00","electronic","exchange",5,"[PREMIUM]","2"
"2v0czqmBVjP","2026-08-21 23:58:41.642","2026-08-23 00:18:20.025","2v0czqmBVjP","18377479","[PREMIUM]","[PREMIUM]","[PREMIUM]","321","Section 321","11",4,"[]","2027-01-21 00:00:00","electronic","exchange",5,"[PREMIUM]","1,2,3,4"
"2v0czqmBVRw","2026-08-21 23:58:41.642","2026-08-23 00:18:20.025","2v0czqmBVRw","18377479","[PREMIUM]","[PREMIUM]","[PREMIUM]","107","Section 107","2",4,"[]","2027-01-21 00:00:00","electronic","exchange",4,"[PREMIUM]","1,2,3,4"
"2v0czqmBVOP","2026-08-21 23:58:41.642","2026-08-23 00:18:20.025","2v0czqmBVOP","18377479","[PREMIUM]","[PREMIUM]","[PREMIUM]","310","Section 310","11",7,"[]","2027-01-21 00:00:00","electronic","exchange",5,"[PREMIUM]","1,2,3,4,5,6,7"
"3q7fNL8wKX5","2026-08-21 23:58:41.642","2026-08-28 01:20:23.394","3q7fNL8wKX5","18377479","[PREMIUM]","[PREMIUM]","[PREMIUM]","307","Section 307","7",2,"[]","2027-01-20 00:00:00","electronic","exchange",3,"[PREMIUM]","1,2"
"3q7fNL8wKMB","2026-08-21 23:58:41.642","2026-09-03 00:20:50.224","3q7fNL8wKMB","18377479","[PREMIUM]","[PREMIUM]","[PREMIUM]","105","Section 105","2",2,"[]","2027-01-20 00:00:00","electronic","exchange",0,"[PREMIUM]","1,2"
"3q7fNLXGAmn","2026-08-21 23:58:41.642","2026-08-23 00:18:20.025","3q7fNLXGAmn","18377479","[PREMIUM]","[PREMIUM]","[PREMIUM]","321","Section 321","8",4,"[]","2027-01-21 00:00:00","electronic","exchange",5,"[PREMIUM]","1,2,3,4"
"3q7fNLXGAAn","2026-08-21 23:58:41.642","2026-08-23 00:18:20.025","3q7fNLXGAAn","18377479","[PREMIUM]","[PREMIUM]","[PREMIUM]","310","Section 310","10",4,"[]","2027-01-21 00:00:00","electronic","exchange",5,"[PREMIUM]","1,2,3,4"
"4vXcjRZaNrw","2026-08-21 23:58:41.642","2026-08-23 00:18:20.025","4vXcjRZaNrw","18377479","[PREMIUM]","[PREMIUM]","[PREMIUM]","318","Section 318","7",4,"[]","2027-01-21 00:00:00","electronic","exchange",5,"[PREMIUM]","1,2,3,4"
"4vXcjRZaNNw","2026-08-21 23:58:41.642","2026-08-23 00:18:20.025","4vXcjRZaNNw","18377479","[PREMIUM]","[PREMIUM]","[PREMIUM]","306","Section 306","12",4,"[]","2027-01-21 00:00:00","electronic","exchange",5,"[PREMIUM]","1,2,3,4"
"4vXcjRwm28O","2026-08-21 23:58:41.642","2026-09-03 00:20:50.224","4vXcjRwm28O","18377479","[PREMIUM]","[PREMIUM]","[PREMIUM]","317","Section 317","8",2,"[]","2027-01-20 00:00:00","electronic","exchange",3,"[PREMIUM]","1,2"
"4vXcjRwm24v","2026-08-21 23:58:41.642","2026-09-03 00:20:50.224","4vXcjRwm24v","18377479","[PREMIUM]","[PREMIUM]","[PREMIUM]","106","Section 106","3",4,"[]","2027-01-20 00:00:00","electronic","exchange",0,"[PREMIUM]","1,2,3,4"
"5EjuZw2BDAg","2026-08-21 23:58:41.642","2026-08-23 00:18:20.025","5EjuZw2BDAg","18377479","[PREMIUM]","[PREMIUM]","[PREMIUM]","203","Section 203","4",4,"[]","2027-01-21 00:00:00","electronic","exchange",5,"[PREMIUM]","1,2,3,4"
"5EjuZwXEAZz","2026-08-21 23:58:41.642","2026-08-25 23:00:06.626","5EjuZwXEAZz","18377479","[PREMIUM]","[PREMIUM]","[PREMIUM]","309","Section 309","3",2,"[]","2027-01-20 00:00:00","electronic","exchange",4,"[PREMIUM]","2"
"6mOhkomEGOV","2026-08-21 23:58:41.642","2026-08-23 00:18:20.025","6mOhkomEGOV","18377479","[PREMIUM]","[PREMIUM]","[PREMIUM]","106","Section 106","4",8,"[]","2027-01-21 00:00:00","electronic","exchange",4,"[PREMIUM]","1,2,3,4,5,6,7,8"
"6mOhkomEGMk","2026-08-21 23:58:41.642","2026-08-23 00:18:20.025","6mOhkomEGMk","18377479","[PREMIUM]","[PREMIUM]","[PREMIUM]","319","Section 319","12",6,"[]","2027-01-21 00:00:00","electronic","exchange",5,"[PREMIUM]","1,2,3,4,5,6"
"6mOhkomEGGk","2026-08-21 23:58:41.642","2026-08-23 00:18:20.025","6mOhkomEGGk","18377479","[PREMIUM]","[PREMIUM]","[PREMIUM]","308","Section 308","11",4,"[]","2027-01-21 00:00:00","electronic","exchange",5,"[PREMIUM]","1,2,3,4"
"7KntAgXLBBB","2026-08-21 23:58:41.642","2026-08-23 00:18:20.025","7KntAgXLBBB","18377479","[PREMIUM]","[PREMIUM]","[PREMIUM]","310","Section 310","12",8,"[]","2027-01-21 00:00:00","electronic","exchange",5,"[PREMIUM]","1,2,3,4,5,6,7,8"
"7KntAgkza4Z","2026-08-21 23:58:41.642","2026-08-28 01:20:23.394","7KntAgkza4Z","18377479","[PREMIUM]","[PREMIUM]","[PREMIUM]","319","Section 319","7",2,"[]","2027-01-20 00:00:00","electronic","exchange",3,"[PREMIUM]","1,2"
"8lKt6aEp7Pl","2026-08-21 23:58:41.642","2026-08-31 00:24:00.473","8lKt6aEp7Pl","18377479","[PREMIUM]","[PREMIUM]","[PREMIUM]","316","Section 316","12",4,"[]","2027-01-19 00:00:00","electronic","exchange",1,"[PREMIUM]","4"
"8lKt6akrno8","2026-08-21 23:58:41.642","2026-08-23 00:18:20.025","8lKt6akrno8","18377479","[PREMIUM]","[PREMIUM]","[PREMIUM]","120","Section 120","5",4,"[]","2027-01-21 00:00:00","electronic","exchange",5,"[PREMIUM]","1,2,3,4"
"8lKt6akKGeA","2026-08-21 23:58:41.642","2026-08-23 00:18:20.025","8lKt6akKGeA","18377479","[PREMIUM]","[PREMIUM]","[PREMIUM]","325","Section 325","12",4,"[]","2027-01-21 00:00:00","electronic","exchange",5,"[PREMIUM]","1,2,3,4"
"8lKt6av9qGV","2026-08-21 23:58:41.642","2026-08-25 23:00:06.626","8lKt6av9qGV","18377479","[PREMIUM]","[PREMIUM]","[PREMIUM]","312","Section 312","4",4,"[]","2027-01-20 00:00:00","electronic","exchange",3,"[PREMIUM]","4"
"8lKt6axG9Oa","2026-08-21 23:58:41.642","2026-08-28 22:59:10.996","8lKt6axG9Oa","18377479","[PREMIUM]","[PREMIUM]","[PREMIUM]","308","Section 308","8",2,"[]","2027-01-20 00:00:00","electronic","exchange",3,"[PREMIUM]","1,2"
"8lKt6axG9pL","2026-08-21 23:58:41.642","2026-09-03 00:20:50.224","8lKt6axG9pL","18377479","[PREMIUM]","[PREMIUM]","[PREMIUM]","320","Section 320","7",3,"[]","2027-01-20 00:00:00","electronic","exchange",2,"[PREMIUM]","1,2,3"
"9P2c5MVv8BM","2026-08-21 23:58:41.642","2026-09-03 00:20:50.224","9P2c5MVv8BM","18377479","[PREMIUM]","[PREMIUM]","[PREMIUM]","215","Section 215","5",2,"[]","2027-01-20 00:00:00","electronic","exchange",2,"[PREMIUM]","1,2"
"9P2c5MVv8mw","2026-08-21 23:58:41.642","2026-09-03 00:20:50.224","9P2c5MVv8mw","18377479","[PREMIUM]","[PREMIUM]","[PREMIUM]","311","Section 311","11",6,"[]","2027-01-20 00:00:00","electronic","exchange",2,"[PREMIUM]","1,2,3,4,5,6"
"9P2c5MVv8Lw","2026-08-21 23:58:41.642","2026-09-03 00:20:50.224","9P2c5MVv8Lw","18377479","[PREMIUM]","[PREMIUM]","[PREMIUM]","322","Section 322","3",2,"[]","2027-01-20 00:00:00","electronic","exchange",3,"[PREMIUM]","1,2"
"9P2c5MobAAx","2026-08-21 23:58:41.642","2026-08-23 00:18:20.025","9P2c5MobAAx","18377479","[PREMIUM]","[PREMIUM]","[PREMIUM]","308","Section 308","12",4,"[]","2027-01-21 00:00:00","electronic","exchange",5,"[PREMIUM]","1,2,3,4"
"9P2c5MobAbY","2026-08-21 23:58:41.642","2026-08-23 00:18:20.025","9P2c5MobAbY","18377479","[PREMIUM]","[PREMIUM]","[PREMIUM]","117","Section 117","7",6,"[]","2027-01-21 00:00:00","electronic","exchange",5,"[PREMIUM]","1,2,3,4,5,6"
"9P2c5MobAXx","2026-08-21 23:58:41.642","2026-08-23 00:18:20.025","9P2c5MobAXx","18377479","[PREMIUM]","[PREMIUM]","[PREMIUM]","320","Section 320","8",4,"[]","2027-01-21 00:00:00","electronic","exchange",5,"[PREMIUM]","1,2,3,4"
"A6rs2K4azz0","2026-08-21 23:58:41.642","2026-08-23 00:18:20.025","A6rs2K4azz0","18377479","[PREMIUM]","[PREMIUM]","[PREMIUM]","316","Section 316","8",5,"[]","2027-01-21 00:00:00","electronic","exchange",5,"[PREMIUM]","1,2,3,4,5"
"A6rs2KR9OkB","2026-08-21 23:58:41.642","2026-08-25 23:00:06.626","A6rs2KR9OkB","18377479","[PREMIUM]","[PREMIUM]","[PREMIUM]","202","Section 202","5",4,"[]","2027-01-20 00:00:00","electronic","exchange",4,"[PREMIUM]","4"
"A6rs2KpO9jG","2026-08-21 23:58:41.642","2026-08-28 01:20:23.394","A6rs2KpO9jG","18377479","[PREMIUM]","[PREMIUM]","[PREMIUM]","303","Section 303","8",2,"[]","2027-01-20 00:00:00","electronic","exchange",3,"[PREMIUM]","1,2"
"BALImMKp8jK","2026-08-21 23:58:41.642","2026-08-25 00:14:30.373","BALImMKp8jK","18377479","[PREMIUM]","[PREMIUM]","[PREMIUM]","120","Section 120","5",2,"[]","2027-01-20 00:00:00","electronic","exchange",1,"[PREMIUM]","1,2"
"BALImMKp8EK","2026-08-21 23:58:41.642","2026-09-03 00:20:50.224","BALImMKp8EK","18377479","[PREMIUM]","[PREMIUM]","[PREMIUM]","109","Section 109","6",2,"[]","2027-01-20 00:00:00","electronic","exchange",2,"[PREMIUM]","2"
"DdwHkM9j4bY","2026-08-21 23:58:41.642","2026-09-03 00:20:50.224","DdwHkM9j4bY","18377479","[PREMIUM]","[PREMIUM]","[PREMIUM]","209","Section 209","6",2,"[]","2027-01-20 00:00:00","electronic","exchange",3,"[PREMIUM]","1,2"
"DdwHkM9j4Jd","2026-08-21 23:58:41.642","2026-09-03 00:20:50.224","DdwHkM9j4Jd","18377479","[PREMIUM]","[PREMIUM]","[PREMIUM]","206","Section 206","6",4,"[]","2027-01-20 00:00:00","electronic","exchange",2,"[PREMIUM]","1,2,3,4"
"DdwHkM9j49l","2026-08-21 23:58:41.642","2026-09-03 00:20:50.224","DdwHkM9j49l","18377479","[PREMIUM]","[PREMIUM]","[PREMIUM]","313","Section 313","9",2,"[]","2027-01-20 00:00:00","electronic","exchange",2,"[PREMIUM]","2"
"DdwHkMnojm3","2026-08-21 23:58:41.642","2026-08-23 00:18:20.025","DdwHkMnojm3","18377479","[PREMIUM]","[PREMIUM]","[PREMIUM]","323","Section 323","8",6,"[]","2027-01-21 00:00:00","electronic","exchange",5,"[PREMIUM]","1,2,3,4,5,6"
"DdwHkMnoejE","2026-08-21 23:58:41.642","2026-08-23 00:18:20.025","DdwHkMnoejE","18377479","[PREMIUM]","[PREMIUM]","[PREMIUM]","207","Section 207","6",4,"[]","2027-01-21 00:00:00","electronic","exchange",5,"[PREMIUM]","1,2,3,4"
"DdwHkMnoeeM","2026-08-21 23:58:41.642","2026-08-23 00:18:20.025","DdwHkMnoeeM","18377479","[PREMIUM]","[PREMIUM]","[PREMIUM]","314","Section 314","12",4,"[]","2027-01-21 00:00:00","electronic","exchange",5,"[PREMIUM]","1,2,3,4"
"EroUXg4rNej","2026-08-21 23:58:41.642","2026-08-23 00:18:20.025","EroUXg4rNej","18377479","[PREMIUM]","[PREMIUM]","[PREMIUM]","319","Section 319","9",4,"[]","2027-01-21 00:00:00","electronic","exchange",5,"[PREMIUM]","1,2,3,4"
"EroUXg4rNDB","2026-08-21 23:58:41.642","2026-08-23 00:18:20.025","EroUXg4rNDB","18377479","[PREMIUM]","[PREMIUM]","[PREMIUM]","106","Section 106","3",8,"[]","2027-01-21 00:00:00","electronic","exchange",3,"[PREMIUM]","1,2,3,4,5,6,7,8"
"EroUXg4rNNj","2026-08-21 23:58:41.642","2026-08-23 00:18:20.025","EroUXg4rNNj","18377479","[PREMIUM]","[PREMIUM]","[PREMIUM]","307","Section 307","12",6,"[]","2027-01-21 00:00:00","electronic","exchange",5,"[PREMIUM]","1,2,3,4,5,6"
"EroUXgLG7Yo","2026-08-21 23:58:41.642","2026-08-25 23:00:06.626","EroUXgLG7Yo","18377479","[PREMIUM]","[PREMIUM]","[PREMIUM]","211","Section 211","3",2,"[]","2027-01-20 00:00:00","electronic","exchange",3,"[PREMIUM]","2"
"GAaI60LjkAA","2026-08-21 23:58:41.642","2026-09-03 00:20:50.224","GAaI60LjkAA","18377479","[PREMIUM]","[PREMIUM]","[PREMIUM]","207","Section 207","6",4,"[]","2027-01-20 00:00:00","electronic","exchange",2,"[PREMIUM]","1,2,4"
"GAaI60mveeb","2026-08-21 23:58:41.642","2026-08-23 00:18:20.025","GAaI60mveeb","18377479","[PREMIUM]","[PREMIUM]","[PREMIUM]","314","Section 314","8",8,"[]","2027-01-21 00:00:00","electronic","exchange",5,"[PREMIUM]","1,2,3,4,5,6,7,8"
"GAaI60mve0M","2026-08-21 23:58:41.642","2026-08-23 00:18:20.025","GAaI60mve0M","18377479","[PREMIUM]","[PREMIUM]","[PREMIUM]","112","Section 112","11",4,"[]","2027-01-21 00:00:00","electronic","exchange",5,"[PREMIUM]","1,2,3,4"
"JABI3E7amxl","2026-08-21 23:58:41.642","2026-08-23 00:18:20.025","JABI3E7amxl","18377479","[PREMIUM]","[PREMIUM]","[PREMIUM]","320","Section 320","12",4,"[]","2027-01-21 00:00:00","electronic","exchange",5,"[PREMIUM]","1,2,3,4"
"JABI3E7amml","2026-08-21 23:58:41.642","2026-08-23 00:18:20.025","JABI3E7amml","18377479","[PREMIUM]","[PREMIUM]","[PREMIUM]","310","Section 310","7",8,"[]","2027-01-21 00:00:00","electronic","exchange",5,"[PREMIUM]","1,2,3,4,5,6,7,8"
"JABI3E7amao","2026-08-21 23:58:41.642","2026-08-23 00:18:20.025","JABI3E7amao","18377479","[PREMIUM]","[PREMIUM]","[PREMIUM]","117","Section 117","8",6,"[]","2027-01-21 00:00:00","electronic","exchange",5,"[PREMIUM]","1,2,3,4,5,6"
"JABI3E7amBv","2026-08-21 23:58:41.642","2026-08-23 00:18:20.025","JABI3E7amBv","18377479","[PREMIUM]","[PREMIUM]","[PREMIUM]","106","Section 106","6",6,"[]","2027-01-21 00:00:00","electronic","exchange",5,"[PREMIUM]","1,2,3,4,5,6"
"JABI3E4Kd7D","2026-08-21 23:58:41.642","2026-09-03 00:20:50.224","JABI3E4Kd7D","18377479","[PREMIUM]","[PREMIUM]","[PREMIUM]","202","Section 202","4",6,"[]","2027-01-20 00:00:00","electronic","exchange",2,"[PREMIUM]","1,2,3,4,5,6"
"JABI3EbgmpK","2026-08-21 23:58:41.642","2026-08-23 00:18:20.025","JABI3EbgmpK","18377479","[PREMIUM]","[PREMIUM]","[PREMIUM]","118","Section 118","5",6,"[]","2027-01-20 00:00:00","electronic","exchange",4,"[PREMIUM]","1,2,3,4,6"
"JABI3EpZGm4","2026-08-21 23:58:41.642","2026-09-03 00:20:50.224","JABI3EpZGm4","18377479","[PREMIUM]","[PREMIUM]","[PREMIUM]","319","Section 319","1",2,"[]","2027-01-19 00:00:00","electronic","exchange",1,"[PREMIUM]","2"
"KezczqP2dPa","2026-08-21 23:58:41.642","2026-08-28 01:20:23.394","KezczqP2dPa","18377479","[PREMIUM]","[PREMIUM]","[PREMIUM]","315","Section 315","7",2,"[]","2027-01-20 00:00:00","electronic","exchange",3,"[PREMIUM]","2"
"KezczqP2dkP","2026-08-21 23:58:41.642","2026-09-03 00:20:50.224","KezczqP2dkP","18377479","[PREMIUM]","[PREMIUM]","[PREMIUM]","306","Section 306","6",2,"[]","2027-01-20 00:00:00","electronic","exchange",2,"[PREMIUM]","1,2"
"KezczqP2dje","2026-08-21 23:58:41.642","2026-09-03 00:20:50.224","KezczqP2dje","18377479","[PREMIUM]","[PREMIUM]","[PREMIUM]","219","Section 219","6",2,"[]","2027-01-20 00:00:00","electronic","exchange",2,"[PREMIUM]","2"
"LbviL8MOVVq","2026-08-21 23:58:41.642","2026-08-23 00:18:20.025","LbviL8MOVVq","18377479","[PREMIUM]","[PREMIUM]","[PREMIUM]","304","Section 304","9",4,"[]","2027-01-21 00:00:00","electronic","exchange",5,"[PREMIUM]","1,2,3,4"
"LbviL8MOVpq","2026-08-21 23:58:41.642","2026-08-23 00:18:20.025","LbviL8MOVpq","18377479","[PREMIUM]","[PREMIUM]","[PREMIUM]","317","Section 317","11",7,"[]","2027-01-21 00:00:00","electronic","exchange",5,"[PREMIUM]","1,2,3,4,5,6,7"
"LbviL8r3NdL","2026-08-21 23:58:41.642","2026-09-03 00:20:50.224","LbviL8r3NdL","18377479","[PREMIUM]","[PREMIUM]","[PREMIUM]","310","Section 310","7",6,"[]","2027-01-20 00:00:00","electronic","exchange",3,"[PREMIUM]","1,2,3,4,5,6"
"LbviL8r3NMG","2026-08-21 23:58:41.642","2026-09-03 00:20:50.224","LbviL8r3NMG","18377479","[PREMIUM]","[PREMIUM]","[PREMIUM]","321","Section 321","8",4,"[]","2027-01-20 00:00:00","electronic","exchange",2,"[PREMIUM]","1,2,4"
"MAeIP3LJV7b","2026-08-21 23:58:41.642","2026-09-03 00:20:50.224","MAeIP3LJV7b","18377479","[PREMIUM]","[PREMIUM]","[PREMIUM]","217","Section 217","4",2,"[]","2027-01-20 00:00:00","electronic","exchange",2,"[PREMIUM]","1,2"
"MAeIP3odJOY","2026-08-21 23:58:41.642","2026-08-23 00:18:20.025","MAeIP3odJOY","18377479","[PREMIUM]","[PREMIUM]","[PREMIUM]","326","Section 326","8",4,"[]","2027-01-21 00:00:00","electronic","exchange",5,"[PREMIUM]","1,2,3,4"
"NrqUv67b0bk","2026-08-21 23:58:41.642","2026-08-23 00:18:20.025","NrqUv67b0bk","18377479","[PREMIUM]","[PREMIUM]","[PREMIUM]","127","Section 127","15",4,"[]","2027-01-21 00:00:00","electronic","exchange",5,"[PREMIUM]","1,2,3,4"
"NrqUv6g9LXl","2026-08-21 23:58:41.642","2026-09-03 00:20:50.224","NrqUv6g9LXl","18377479","[PREMIUM]","[PREMIUM]","[PREMIUM]","121","Section 121","4",2,"[]","2027-01-20 00:00:00","electronic","exchange",1,"[PREMIUM]","1,2"
"NrqUv6g9LOV","2026-08-21 23:58:41.642","2026-09-03 00:20:50.224","NrqUv6g9LOV","18377479","[PREMIUM]","[PREMIUM]","[PREMIUM]","304","Section 304","9",2,"[]","2027-01-20 00:00:00","electronic","exchange",2,"[PREMIUM]","2"
"O7AhwKe6208","2026-08-21 23:58:41.642","2026-09-03 00:20:50.224","O7AhwKe6208","18377479","[PREMIUM]","[PREMIUM]","[PREMIUM]","112","Section 112","10",4,"[]","2027-01-20 00:00:00","electronic","exchange",2,"[PREMIUM]","1,2,4"
"O7AhwKe62eG","2026-08-21 23:58:41.642","2026-09-03 00:20:50.224","O7AhwKe62eG","18377479","[PREMIUM]","[PREMIUM]","[PREMIUM]","302","Section 302","7",2,"[]","2027-01-20 00:00:00","electronic","exchange",2,"[PREMIUM]","2"
"O7AhwKe62MR","2026-08-21 23:58:41.642","2026-09-03 00:20:50.224","O7AhwKe62MR","18377479","[PREMIUM]","[PREMIUM]","[PREMIUM]","111","Section 111","8",3,"[]","2027-01-20 00:00:00","electronic","exchange",2,"[PREMIUM]","1,2,3"
"PX0sgq0d0XE","2026-08-21 23:58:41.642","2026-08-25 23:00:06.626","PX0sgq0d0XE","18377479","[PREMIUM]","[PREMIUM]","[PREMIUM]","311","Section 311","5",2,"[]","2027-01-20 00:00:00","electronic","exchange",5,"[PREMIUM]","2"
"PX0sgqdED0X","2026-08-21 23:58:41.642","2026-09-03 00:20:50.224","PX0sgqdED0X","18377479","[PREMIUM]","[PREMIUM]","[PREMIUM]","214","Section 214","4",2,"[]","2027-01-20 00:00:00","electronic","exchange",2,"[PREMIUM]","1,2"
"PX0sgqej4EE","2026-08-21 23:58:41.642","2026-08-23 00:18:20.025","PX0sgqej4EE","18377479","[PREMIUM]","[PREMIUM]","[PREMIUM]","204","Section 204","6",4,"[]","2027-01-21 00:00:00","electronic","exchange",5,"[PREMIUM]","1,2,3,4"
"ROXHz2na0K7","2026-08-21 23:58:41.642","2026-08-23 00:18:20.025","ROXHz2na0K7","18377479","[PREMIUM]","[PREMIUM]","[PREMIUM]","214","Section 214","5",5,"[]","2027-01-21 00:00:00","electronic","exchange",5,"[PREMIUM]","1,2,3,4,5"
"ROXHz2nBNN3","2026-08-21 23:58:41.642","2026-08-23 00:18:20.025","ROXHz2nBNN3","18377479","[PREMIUM]","[PREMIUM]","[PREMIUM]","312","Section 312","11",6,"[]","2027-01-21 00:00:00","electronic","exchange",5,"[PREMIUM]","1,2,3,4,5,6"
"ROXHz2nBN2j","2026-08-21 23:58:41.642","2026-08-23 00:18:20.025","ROXHz2nBN2j","18377479","[PREMIUM]","[PREMIUM]","[PREMIUM]","112","Section 112","10",4,"[]","2027-01-21 00:00:00","electronic","exchange",5,"[PREMIUM]","1,2,3,4"
"V4KU04RGllg","2026-08-21 23:58:41.642","2026-08-23 00:18:20.025","V4KU04RGllg","18377479","[PREMIUM]","[PREMIUM]","[PREMIUM]","316","Section 316","10",8,"[]","2027-01-21 00:00:00","electronic","exchange",5,"[PREMIUM]","1,2,3,4,5,6,7,8"
"V4KU04RGlwx","2026-08-21 23:58:41.642","2026-08-23 00:18:20.025","V4KU04RGlwx","18377479","[PREMIUM]","[PREMIUM]","[PREMIUM]","218","Section 218","6",4,"[]","2027-01-21 00:00:00","electronic","exchange",5,"[PREMIUM]","1,2,3,4"
"V4KU04OwkOX","2026-08-21 23:58:41.642","2026-09-03 00:20:50.224","V4KU04OwkOX","18377479","[PREMIUM]","[PREMIUM]","[PREMIUM]","323","Section 323","6",3,"[]","2027-01-20 00:00:00","electronic","exchange",2,"[PREMIUM]","1,2,3"
"V4KU04OwkKR","2026-08-21 23:58:41.642","2026-09-03 00:20:50.224","V4KU04OwkKR","18377479","[PREMIUM]","[PREMIUM]","[PREMIUM]","118","Section 118","5",2,"[]","2027-01-20 00:00:00","electronic","exchange",1,"[PREMIUM]","1,2"
"V4KU04oO7pA","2026-08-21 23:58:41.642","2026-08-25 23:00:06.626","V4KU04oO7pA","18377479","[PREMIUM]","[PREMIUM]","[PREMIUM]","321","Section 321","9",2,"[]","2027-01-20 00:00:00","electronic","exchange",5,"[PREMIUM]","2"
"X03tKl42X2R","2026-08-21 23:58:41.642","2026-08-23 00:18:20.025","X03tKl42X2R","18377479","[PREMIUM]","[PREMIUM]","[PREMIUM]","120","Section 120","10",4,"[]","2027-01-21 00:00:00","electronic","exchange",5,"[PREMIUM]","1,2,3,4"
"X03tKlR5g2L","2026-08-21 23:58:41.642","2026-08-25 23:00:06.626","X03tKlR5g2L","18377479","[PREMIUM]","[PREMIUM]","[PREMIUM]","109","Section 109","3",3,"[]","2027-01-20 00:00:00","electronic","exchange",3,"[PREMIUM]","3"
"YgJtk0dr3DN","2026-08-21 23:58:41.642","2026-08-23 00:18:20.025","YgJtk0dr3DN","18377479","[PREMIUM]","[PREMIUM]","[PREMIUM]","107","Section 107","9",4,"[]","2027-01-21 00:00:00","electronic","exchange",5,"[PREMIUM]","1,2,3,4"
"YgJtk0dr33K","2026-08-21 23:58:41.642","2026-08-23 00:18:20.025","YgJtk0dr33K","18377479","[PREMIUM]","[PREMIUM]","[PREMIUM]","311","Section 311","11",8,"[]","2027-01-21 00:00:00","electronic","exchange",5,"[PREMIUM]","1,2,3,4,5,6,7,8"
"YgJtk0gajlD","2026-08-21 23:58:41.642","2026-08-25 00:14:30.373","YgJtk0gajlD","18377479","[PREMIUM]","[PREMIUM]","[PREMIUM]","104","Section 104","5",2,"[]","2027-01-20 00:00:00","electronic","exchange",1,"[PREMIUM]","1,2"
"YgJtk0gajPG","2026-08-21 23:58:41.642","2026-09-03 00:20:50.224","YgJtk0gajPG","18377479","[PREMIUM]","[PREMIUM]","[PREMIUM]","203","Section 203","4",4,"[]","2027-01-20 00:00:00","electronic","exchange",1,"[PREMIUM]","1,2,4"
"Zm9hvJB5LL8","2026-08-21 23:58:41.642","2026-08-23 00:18:20.025","Zm9hvJB5LL8","18377479","[PREMIUM]","[PREMIUM]","[PREMIUM]","311","Section 311","12",4,"[]","2027-01-21 00:00:00","electronic","exchange",5,"[PREMIUM]","1,2,3,4"
"Zm9hvJ3MO0E","2026-08-21 23:58:41.642","2026-09-03 00:20:50.224","Zm9hvJ3MO0E","18377479","[PREMIUM]","[PREMIUM]","[PREMIUM]","127","Section 127","3",2,"[]","2027-01-20 00:00:00","electronic","exchange",4,"[PREMIUM]","1,2"
"b4wUaoj0E9E","2026-08-21 23:58:41.642","2026-09-03 00:20:50.224","b4wUaoj0E9E","18377479","[PREMIUM]","[PREMIUM]","[PREMIUM]","227","Section 227","6",2,"[]","2027-01-20 00:00:00","electronic","exchange",5,"[PREMIUM]","2"
"b4wUaoj0Eg9","2026-08-21 23:58:41.642","2026-08-28 01:20:23.394","b4wUaoj0Eg9","18377479","[PREMIUM]","[PREMIUM]","[PREMIUM]","314","Section 314","8",6,"[]","2027-01-20 00:00:00","electronic","exchange",3,"[PREMIUM]","1,2,3,4,5,6"
"b4wUaomxVox","2026-08-21 23:58:41.642","2026-08-23 00:18:20.025","b4wUaomxVox","18377479","[PREMIUM]","[PREMIUM]","[PREMIUM]","111","Section 111","13",4,"[]","2027-01-21 00:00:00","electronic","exchange",5,"[PREMIUM]","1,2,3,4"
"dNgUgpOwnnv","2026-08-21 23:58:41.642","2026-08-23 00:18:20.025","dNgUgpOwnnv","18377479","[PREMIUM]","[PREMIUM]","[PREMIUM]","312","Section 312","9",4,"[]","2027-01-21 00:00:00","electronic","exchange",5,"[PREMIUM]","1,2,3,4"
"dNgUgprG40o","2026-08-21 23:58:41.642","2026-09-03 00:20:50.224","dNgUgprG40o","18377479","[PREMIUM]","[PREMIUM]","[PREMIUM]","222","Section 222","4",2,"[]","2027-01-20 00:00:00","electronic","exchange",2,"[PREMIUM]","2"
"eeacK8LrPOX","2026-08-21 23:58:41.642","2026-08-25 23:00:06.626","eeacK8LrPOX","18377479","[PREMIUM]","[PREMIUM]","[PREMIUM]","207","Section 207","3",4,"[]","2027-01-20 00:00:00","electronic","exchange",3,"[PREMIUM]","4"
"eeacK8RPrlZ","2026-08-21 23:58:41.642","2026-09-03 00:20:50.224","eeacK8RPrlZ","18377479","[PREMIUM]","[PREMIUM]","[PREMIUM]","318","Section 318","7",5,"[]","2027-01-20 00:00:00","electronic","exchange",2,"[PREMIUM]","1,2,3,5"
"eeacK8xzozD","2026-08-21 23:58:41.642","2026-08-23 00:18:20.025","eeacK8xzozD","18377479","[PREMIUM]","[PREMIUM]","[PREMIUM]","104","Section 104","15",4,"[]","2027-01-21 00:00:00","electronic","exchange",5,"[PREMIUM]","1,2,3,4"
"eeacK8xzoor","2026-08-21 23:58:41.642","2026-08-23 00:18:20.025","eeacK8xzoor","18377479","[PREMIUM]","[PREMIUM]","[PREMIUM]","322","Section 322","11",4,"[]","2027-01-21 00:00:00","electronic","exchange",5,"[PREMIUM]","1,2,3,4"
"g48Ur62Yqg5","2026-08-21 23:58:41.642","2026-08-23 00:18:20.025","g48Ur62Yqg5","18377479","[PREMIUM]","[PREMIUM]","[PREMIUM]","103","Section 103","14",4,"[]","2027-01-21 00:00:00","electronic","exchange",5,"[PREMIUM]","1,2,3,4"
"g48Ur6Kq8zz","2026-08-21 23:58:41.642","2026-08-28 01:20:23.394","g48Ur6Kq8zz","18377479","[PREMIUM]","[PREMIUM]","[PREMIUM]","326","Section 326","7",2,"[]","2027-01-20 00:00:00","electronic","exchange",2,"[PREMIUM]","1,2"
"jDvszk0rO3n","2026-08-21 23:58:41.642","2026-08-23 00:18:20.025","jDvszk0rO3n","18377479","[PREMIUM]","[PREMIUM]","[PREMIUM]","107","Section 107","7",4,"[]","2027-01-21 00:00:00","electronic","exchange",5,"[PREMIUM]","1,2,3,4"
"jDvszkK52Kb","2026-08-21 23:58:41.642","2026-08-25 00:14:30.373","jDvszkK52Kb","18377479","[PREMIUM]","[PREMIUM]","[PREMIUM]","301","Section 301","9",2,"[]","2027-01-20 00:00:00","electronic","exchange",2,"[PREMIUM]","2"
"jDvszkK52Bj","2026-08-21 23:58:41.642","2026-09-03 00:20:50.224","jDvszkK52Bj","18377479","[PREMIUM]","[PREMIUM]","[PREMIUM]","113","Section 113","14",2,"[]","2027-01-20 00:00:00","electronic","exchange",3,"[PREMIUM]","2"
"kYet9mEv8ER","2026-08-21 23:58:41.642","2026-08-28 01:20:23.394","kYet9mEv8ER","18377479","[PREMIUM]","[PREMIUM]","[PREMIUM]","327","Section 327","7",6,"[]","2027-01-20 00:00:00","electronic","exchange",2,"[PREMIUM]","1,2,3,4,5,6"
"kYet9mEv8kR","2026-08-21 23:58:41.642","2026-08-28 01:20:23.394","kYet9mEv8kR","18377479","[PREMIUM]","[PREMIUM]","[PREMIUM]","309","Section 309","10",2,"[]","2027-01-20 00:00:00","electronic","exchange",3,"[PREMIUM]","2"
"kYet9mKwNe0","2026-08-21 23:58:41.642","2026-08-23 00:18:20.025","kYet9mKwNe0","18377479","[PREMIUM]","[PREMIUM]","[PREMIUM]","317","Section 317","9",4,"[]","2027-01-21 00:00:00","electronic","exchange",5,"[PREMIUM]","1,2,3,4"
"kYet9mKwNN0","2026-08-21 23:58:41.642","2026-08-23 00:18:20.025","kYet9mKwNN0","18377479","[PREMIUM]","[PREMIUM]","[PREMIUM]","302","Section 302","9",8,"[]","2027-01-21 00:00:00","electronic","exchange",5,"[PREMIUM]","1,2,3,4,5,6,7,8"
"kYet9mKwvj6","2026-08-21 23:58:41.642","2026-08-23 00:18:20.025","kYet9mKwvj6","18377479","[PREMIUM]","[PREMIUM]","[PREMIUM]","327","Section 327","7",8,"[]","2027-01-21 00:00:00","electronic","exchange",5,"[PREMIUM]","1,2,3,4,5,6,7,8"
"kYet9mEv8zZ","2026-08-21 23:58:41.642","2026-09-03 00:20:50.224","kYet9mEv8zZ","18377479","[PREMIUM]","[PREMIUM]","[PREMIUM]","119","Section 119","15",2,"[]","2027-01-20 00:00:00","electronic","exchange",5,"[PREMIUM]","2"
"kYet9mEv80z","2026-08-21 23:58:41.642","2026-09-03 00:20:50.224","kYet9mEv80z","18377479","[PREMIUM]","[PREMIUM]","[PREMIUM]","305","Section 305","8",2,"[]","2027-01-20 00:00:00","electronic","exchange",3,"[PREMIUM]","2"
"lxVsdRYxXV9","2026-08-21 23:58:41.642","2026-08-23 00:18:20.025","lxVsdRYxXV9","18377479","[PREMIUM]","[PREMIUM]","[PREMIUM]","104","Section 104","14",4,"[]","2027-01-21 00:00:00","electronic","exchange",5,"[PREMIUM]","1,2,3,4"
"lxVsdRYxXA9","2026-08-21 23:58:41.642","2026-08-23 00:18:20.025","lxVsdRYxXA9","18377479","[PREMIUM]","[PREMIUM]","[PREMIUM]","327","Section 327","8",4,"[]","2027-01-21 00:00:00","electronic","exchange",5,"[PREMIUM]","1,2,3,4"
"lxVsdRYxKPv","2026-08-21 23:58:41.642","2026-08-23 00:18:20.025","lxVsdRYxKPv","18377479","[PREMIUM]","[PREMIUM]","[PREMIUM]","318","Section 318","8",8,"[]","2027-01-21 00:00:00","electronic","exchange",5,"[PREMIUM]","1,2,3,4,5,6,7,8"
"lxVsdRYxKKv","2026-08-21 23:58:41.642","2026-08-23 00:18:20.025","lxVsdRYxKKv","18377479","[PREMIUM]","[PREMIUM]","[PREMIUM]","307","Section 307","7",4,"[]","2027-01-21 00:00:00","electronic","exchange",5,"[PREMIUM]","1,2,3,4"
"lxVsdRoXpom","2026-08-21 23:58:41.642","2026-08-28 01:20:23.394","lxVsdRoXpom","18377479","[PREMIUM]","[PREMIUM]","[PREMIUM]","312","Section 312","7",3,"[]","2027-01-20 00:00:00","electronic","exchange",3,"[PREMIUM]","1,2,3"
"lxVsdRoXp2m","2026-08-21 23:58:41.642","2026-09-03 00:20:50.224","lxVsdRoXp2m","18377479","[PREMIUM]","[PREMIUM]","[PREMIUM]","325","Section 325","8",2,"[]","2027-01-20 00:00:00","electronic","exchange",4,"[PREMIUM]","2"
"mxAs4xBDdwn","2026-08-21 23:58:41.642","2026-08-31 00:24:00.473","mxAs4xBDdwn","18377479","[PREMIUM]","[PREMIUM]","[PREMIUM]","315","Section 315","11",4,"[]","2027-01-19 00:00:00","electronic","exchange",1,"[PREMIUM]","4"
"mxAs4xJR0oL","2026-08-21 23:58:41.642","2026-08-23 00:18:20.025","mxAs4xJR0oL","18377479","[PREMIUM]","[PREMIUM]","[PREMIUM]","330","Section 330","9",4,"[]","2027-01-21 00:00:00","electronic","exchange",5,"[PREMIUM]","1,2,3,4"
"nx0srKR63EL","2026-08-21 23:58:41.642","2026-08-23 00:18:20.025","nx0srKR63EL","18377479","[PREMIUM]","[PREMIUM]","[PREMIUM]","107","Section 107","5",8,"[]","2027-01-21 00:00:00","electronic","exchange",5,"[PREMIUM]","1,2,3,4,5,6,7,8"
"nx0srKVaxqg","2026-08-21 23:58:41.642","2026-08-25 00:14:30.373","nx0srKVaxqg","18377479","[PREMIUM]","[PREMIUM]","[PREMIUM]","103","Section 103","9",3,"[]","2027-01-20 00:00:00","electronic","exchange",2,"[PREMIUM]","1,2,3"
"oV7Hb6YVRDY","2026-08-21 23:58:41.642","2026-09-03 00:20:50.224","oV7Hb6YVRDY","18377479","[PREMIUM]","[PREMIUM]","[PREMIUM]","316","Section 316","7",2,"[]","2027-01-20 00:00:00","electronic","exchange",3,"[PREMIUM]","1,2"
"oV7Hb6YVRjZ","2026-08-21 23:58:41.642","2026-09-03 00:20:50.224","oV7Hb6YVRjZ","18377479","[PREMIUM]","[PREMIUM]","[PREMIUM]","204","Section 204","4",2,"[]","2027-01-20 00:00:00","electronic","exchange",2,"[PREMIUM]","1,2"
"pVXHD7Ybq7e","2026-08-21 23:58:41.642","2026-08-23 00:18:20.025","pVXHD7Ybq7e","18377479","[PREMIUM]","[PREMIUM]","[PREMIUM]","109","Section 109","14",4,"[]","2027-01-21 00:00:00","electronic","exchange",5,"[PREMIUM]","1,2,3,4"
"qVjH2mLe6r7","2026-08-21 23:58:41.642","2026-08-23 00:18:20.025","qVjH2mLe6r7","18377479","[PREMIUM]","[PREMIUM]","[PREMIUM]","107","Section 107","8",4,"[]","2027-01-21 00:00:00","electronic","exchange",5,"[PREMIUM]","1,2,3,4"
"qVjH2mLe6eY","2026-08-21 23:58:41.642","2026-08-23 00:18:20.025","qVjH2mLe6eY","18377479","[PREMIUM]","[PREMIUM]","[PREMIUM]","120","Section 120","11",4,"[]","2027-01-21 00:00:00","electronic","exchange",5,"[PREMIUM]","1,2,3,4"
"qVjH2mb4XPO","2026-08-21 23:58:41.642","2026-09-03 00:20:50.224","qVjH2mb4XPO","18377479","[PREMIUM]","[PREMIUM]","[PREMIUM]","107","Section 107","5",6,"[]","2027-01-20 00:00:00","electronic","exchange",2,"[PREMIUM]","1,2,3,4,5,6"
"rVOHkpljrBV","2026-08-21 23:58:41.642","2026-09-03 00:20:50.224","rVOHkpljrBV","18377479","[PREMIUM]","[PREMIUM]","[PREMIUM]","115","Section 115","15",2,"[]","2027-01-20 00:00:00","electronic","exchange",3,"[PREMIUM]","1,2"
"rVOHkpljrl8","2026-08-21 23:58:41.642","2026-09-03 00:20:50.224","rVOHkpljrl8","18377479","[PREMIUM]","[PREMIUM]","[PREMIUM]","328","Section 328","7",4,"[]","2027-01-20 00:00:00","electronic","exchange",1,"[PREMIUM]","1,2,3,4"
"rVOHkpqwExX","2026-08-21 23:58:41.642","2026-08-23 00:18:20.025","rVOHkpqwExX","18377479","[PREMIUM]","[PREMIUM]","[PREMIUM]","318","Section 318","7",5,"[]","2027-01-21 00:00:00","electronic","exchange",5,"[PREMIUM]","1,2,3,4,5"
"rVOHkpqwjnn","2026-08-21 23:58:41.642","2026-08-23 00:18:20.025","rVOHkpqwjnn","18377479","[PREMIUM]","[PREMIUM]","[PREMIUM]","104","Section 104","12",4,"[]","2027-01-21 00:00:00","electronic","exchange",5,"[PREMIUM]","1,2,3,4"
"rVOHkpqwEEX","2026-08-21 23:58:41.642","2026-08-23 00:18:20.025","rVOHkpqwEEX","18377479","[PREMIUM]","[PREMIUM]","[PREMIUM]","306","Section 306","11",6,"[]","2027-01-21 00:00:00","electronic","exchange",5,"[PREMIUM]","1,2,3,4,5,6"
"vb3iPw4mLLA","2026-08-21 23:58:41.642","2026-08-23 00:18:20.025","vb3iPw4mLLA","18377479","[PREMIUM]","[PREMIUM]","[PREMIUM]","322","Section 322","12",4,"[]","2027-01-21 00:00:00","electronic","exchange",5,"[PREMIUM]","1,2,3,4"
"vb3iPwKoX7v","2026-08-21 23:58:41.642","2026-08-28 01:20:23.394","vb3iPwKoX7v","18377479","[PREMIUM]","[PREMIUM]","[PREMIUM]","330","Section 330","6",2,"[]","2027-01-20 00:00:00","electronic","exchange",1,"[PREMIUM]","1,2"
"vb3iPwKoX8k","2026-08-21 23:58:41.642","2026-09-03 00:20:50.224","vb3iPwKoX8k","18377479","[PREMIUM]","[PREMIUM]","[PREMIUM]","218","Section 218","5",2,"[]","2027-01-20 00:00:00","electronic","exchange",2,"[PREMIUM]","1,2"
"w3Jse8gEj9K","2026-08-21 23:58:41.642","2026-08-23 00:18:20.025","w3Jse8gEj9K","18377479","[PREMIUM]","[PREMIUM]","[PREMIUM]","104","Section 104","7",4,"[]","2027-01-21 00:00:00","electronic","exchange",5,"[PREMIUM]","1,2,3,4"
"w3Jse8gEkzg","2026-08-21 23:58:41.642","2026-08-23 00:18:20.025","w3Jse8gEkzg","18377479","[PREMIUM]","[PREMIUM]","[PREMIUM]","316","Section 316","12",6,"[]","2027-01-21 00:00:00","electronic","exchange",5,"[PREMIUM]","1,2,3,4,5,6"
"w3Jse8gEjJK","2026-08-21 23:58:41.642","2026-08-23 00:18:20.025","w3Jse8gEjJK","18377479","[PREMIUM]","[PREMIUM]","[PREMIUM]","326","Section 326","10",5,"[]","2027-01-21 00:00:00","electronic","exchange",5,"[PREMIUM]","1,2,3,4,5"
"xb9imlj7w7D","2026-08-21 23:58:41.642","2026-08-23 00:18:20.025","xb9imlj7w7D","18377479","[PREMIUM]","[PREMIUM]","[PREMIUM]","202","Section 202","4",8,"[]","2027-01-21 00:00:00","electronic","exchange",5,"[PREMIUM]","1,2,3,4,5,6,7,8"
"xb9imlkG0e7","2026-08-21 23:58:41.642","2026-08-28 01:20:23.394","xb9imlkG0e7","18377479","[PREMIUM]","[PREMIUM]","[PREMIUM]","324","Section 324","12",2,"[]","2027-01-20 00:00:00","electronic","exchange",3,"[PREMIUM]","2"
"xb9imlkG08Z","2026-08-21 23:58:41.642","2026-09-03 00:20:50.224","xb9imlkG08Z","18377479","[PREMIUM]","[PREMIUM]","[PREMIUM]","224","Section 224","5",2,"[]","2027-01-20 00:00:00","electronic","exchange",5,"[PREMIUM]","1,2"
"z3Es6vXGrEO","2026-08-21 23:58:41.642","2026-08-23 00:18:20.025","z3Es6vXGrEO","18377479","[PREMIUM]","[PREMIUM]","[PREMIUM]","325","Section 325","10",4,"[]","2027-01-21 00:00:00","electronic","exchange",5,"[PREMIUM]","1,2,3,4"
"z3Es6vXGgg2","2026-08-21 23:58:41.642","2026-08-23 00:18:20.025","z3Es6vXGgg2","18377479","[PREMIUM]","[PREMIUM]","[PREMIUM]","322","Section 322","12",5,"[]","2027-01-21 00:00:00","electronic","exchange",5,"[PREMIUM]","1,2,3,4,5"
"z3Es6vXGgGp","2026-08-21 23:58:41.642","2026-08-23 00:18:20.025","z3Es6vXGgGp","18377479","[PREMIUM]","[PREMIUM]","[PREMIUM]","105","Section 105","7",4,"[]","2027-01-21 00:00:00","electronic","exchange",5,"[PREMIUM]","1,2,3,4"
"z3Es6vajrkn","2026-08-21 23:58:41.642","2026-08-25 23:00:06.626","z3Es6vajrkn","18377479","[PREMIUM]","[PREMIUM]","[PREMIUM]","212","Section 212","4",2,"[]","2027-01-20 00:00:00","electronic","exchange",2,"[PREMIUM]","2"
"z3Es6vRrj4a","2026-08-21 23:58:41.642","2026-09-03 00:20:50.224","z3Es6vRrj4a","18377479","[PREMIUM]","[PREMIUM]","[PREMIUM]","220","Section 220","6",2,"[]","2027-01-20 00:00:00","electronic","exchange",2,"[PREMIUM]","2"
"lxVsdRYaNl6","2026-08-21 23:58:40.720","2026-09-04 00:21:07.855","lxVsdRYaNl6","18377718","[PREMIUM]","[PREMIUM]","[PREMIUM]","307","Section 307","18",10,"['11','12','13','14','15','16','17','18','19','20']","2027-01-08 00:00:00","electronic","exchange",1,"[PREMIUM]","1,2,3,4,5,6,7,8,10"
"rVOHkpozEn8","2026-08-21 23:58:40.720","2026-08-23 23:09:47.062","rVOHkpozEn8","18377718","[PREMIUM]","[PREMIUM]","[PREMIUM]","312","Section 312","18",6,"['33','34','35','36','37','38']","2027-01-08 00:00:00","electronic","exchange",1,"[PREMIUM]","1,2,3,4,6"
"BALImMKpnD6","2026-08-21 23:58:36.945","2026-08-23 00:19:55.761","BALImMKpnD6","18377808","[PREMIUM]","[PREMIUM]","[PREMIUM]","120","Section 120","3",2,"[]","2027-01-20 00:00:00","electronic","exchange",2,"[PREMIUM]","2"
"EroUXg6r9NE","2026-08-21 23:58:36.945","2026-08-23 00:19:55.761","EroUXg6r9NE","18377808","[PREMIUM]","[PREMIUM]","[PREMIUM]","129","Section 129","6",4,"[]","2027-01-20 00:00:00","electronic","exchange",3,"[PREMIUM]","4"
"ROXHz2vNNLK","2026-08-21 23:58:36.945","2026-08-23 00:19:55.761","ROXHz2vNNLK","18377808","[PREMIUM]","[PREMIUM]","[PREMIUM]","120","Section 120","2",2,"[]","2027-01-20 00:00:00","electronic","exchange",2,"[PREMIUM]","2"
"Zm9hvJ3MBMg","2026-08-21 23:58:36.945","2026-08-23 00:19:55.761","Zm9hvJ3MBMg","18377808","[PREMIUM]","[PREMIUM]","[PREMIUM]","111","Section 111","3",4,"[]","2027-01-20 00:00:00","electronic","exchange",2,"[PREMIUM]","4"
"g48Ur6K7wDm","2026-08-21 23:58:36.945","2026-08-23 00:19:55.761","g48Ur6K7wDm","18377808","[PREMIUM]","[PREMIUM]","[PREMIUM]","118","Section 118","7",2,"[]","2027-01-20 00:00:00","electronic","exchange",2,"[PREMIUM]","2"
"lxVsdROdVgO","2026-08-21 23:58:36.945","2026-08-21 23:58:36.945","lxVsdROdVgO","18377808","[PREMIUM]","[PREMIUM]","[PREMIUM]","229","Section 229","4",4,"[]","2027-01-20 00:00:00","electronic","exchange",3,"[PREMIUM]","4"
"z3Es6vReDBM","2026-08-21 23:58:36.945","2026-08-23 00:19:55.761","z3Es6vReDBM","18377808","[PREMIUM]","[PREMIUM]","[PREMIUM]","120","Section 120","1",4,"[]","2027-01-20 00:00:00","electronic","exchange",1,"[PREMIUM]","4"
"l_0qWlEyVun2P26Pug6VKpZsYWR02kH1ZyMQ3f5X6pMQh1N1W0vfd18wQpSWLI2yspe","2026-08-21 23:58:33.011","2026-09-01 23:56:02.094","l_0qWlEyVun2P26Pug6VKpZsYWR02kH1ZyMQ3f5X6pMQh1N1W0vfd18wQpSWLI2yspe","18362746","[PREMIUM]","[PREMIUM]","[PREMIUM]","323","Section 323","9",8,"['9','10','11','12','13','14','15','16']",,"sg_app","open",1,"[PREMIUM]","1,2,3,4,5,6,8"
"l_2mkxADZIP9x9pxtgm2BvlslnXpqMfKdzvlzfnx62V3TWxW3BpTm8VY6xUzGIJnH4e","2026-08-21 23:58:33.011","2026-08-21 23:58:33.011","l_2mkxADZIP9x9pxtgm2BvlslnXpqMfKdzvlzfnx62V3TWxW3BpTm8VY6xUzGIJnH4e","18362746","[PREMIUM]","[PREMIUM]","[PREMIUM]","108","Section 108","14",4,"['10','11','12','13']",,"sg_app","open",1,"[PREMIUM]","1,2,4"
"l_2mkxADZIP9x9pxtgm2BvlslnXpqMfbDpqpPfnx61DRIWxW3BpTm8VY6xUzGIJwf4Q","2026-08-21 23:58:33.011","2026-08-25 23:00:06.343","l_2mkxADZIP9x9pxtgm2BvlslnXpqMfbDpqpPfnx61DRIWxW3BpTm8VY6xUzGIJwf4Q","18362746","[PREMIUM]","[PREMIUM]","[PREMIUM]","313","Section 313","16",4,"['8','9','10','11']",,"sg_app","open",1,"[PREMIUM]","1,2,4"
"l_2mkxADZIP9x9pxtgm2BvlslnXpqMfrMNd4junx61l4tWxW3BpTm8VY6xUzGIkvfAb","2026-08-21 23:58:33.011","2026-08-31 11:32:33.243","l_2mkxADZIP9x9pxtgm2BvlslnXpqMfrMNd4junx61l4tWxW3BpTm8VY6xUzGIkvfAb","18362746","[PREMIUM]","[PREMIUM]","[PREMIUM]","327","Section 327","11",2,"['20','21']",,"sg_app","open",0,"[PREMIUM]","2"
"l_5Z3l1EBuQlplLpUv1kzYMhgAJEVdiXPR40mh0G4E9MH3J3PlkiNdyqg4H0PIvYtw3","2026-08-21 23:58:33.011","2026-08-28 22:55:27.092","l_5Z3l1EBuQlplLpUv1kzYMhgAJEVdiXPR40mh0G4E9MH3J3PlkiNdyqg4H0PIvYtw3","18362746","[PREMIUM]","[PREMIUM]","[PREMIUM]","325","Section 325","14",2,"['1','2']",,"sg_app","open",2,"[PREMIUM]","2"
"l_A3dJwXnsB6x6zxu51v6lgiWmjed9FWr83DlHe3Lqbnt313LQ4iWVErk2crJIX2Ir2","2026-08-21 23:58:33.011","2026-08-25 23:00:06.343","l_A3dJwXnsB6x6zxu51v6lgiWmjed9FWr83DlHe3Lqbnt313LQ4iWVErk2crJIX2Ir2","18362746","[PREMIUM]","[PREMIUM]","[PREMIUM]","311","Section 311","15",2,"['21','22']",,"sg_app","open",0,"[PREMIUM]","2"
"l_A3dJwXnsB6x6zxu51v6lgiWmjed9FGBDBVqUe3Lqbnt313LQ4iWVErk2crJIY8hPE","2026-08-21 23:58:33.011","2026-09-01 23:56:02.094","l_A3dJwXnsB6x6zxu51v6lgiWmjed9FGBDBVqUe3Lqbnt313LQ4iWVErk2crJIY8hPE","18362746","[PREMIUM]","[PREMIUM]","[PREMIUM]","318","Section 318","4",1,"['4']",,"sg_app","open",0,"[PREMIUM]","1"
"l_8BnLD9guPZWZ9WtNG5xq1tP3v28AFxZmeMAIvznJK1sY8YGmgiZrVJPAFK1TErTW9","2026-08-21 23:58:33.011","2026-08-31 11:32:33.243","l_8BnLD9guPZWZ9WtNG5xq1tP3v28AFxZmeMAIvznJK1sY8YGmgiZrVJPAFK1TErTW9","18362746","[PREMIUM]","[PREMIUM]","[PREMIUM]","107","Section 107","10",4,"['7','8','9','10']",,"sg_app","open",2,"[PREMIUM]","1,2,4"
"l_8BnLD9guPZWZ9WtNG5xq1tP3v28AF6kwNppFvznJK1sY8YGmgiZrVJPAFK1Tl2CD0","2026-08-21 23:58:33.011","2026-08-25 23:00:06.343","l_8BnLD9guPZWZ9WtNG5xq1tP3v28AF6kwNppFvznJK1sY8YGmgiZrVJPAFK1Tl2CD0","18362746","[PREMIUM]","[PREMIUM]","[PREMIUM]","102","Section 102","12",3,"['12','13','14']",,"sg_app","open",1,"[PREMIUM]","1,3"
"l_BlvgqX1ukyVyrVtJBWpmrtJ6r5zXCmLyZmXFJ5vqL2S388BWZs9Nk5lgSPDhNMimg","2026-08-21 23:58:33.011","2026-08-25 23:00:06.343","l_BlvgqX1ukyVyrVtJBWpmrtJ6r5zXCmLyZmXFJ5vqL2S388BWZs9Nk5lgSPDhNMimg","18362746","[PREMIUM]","[PREMIUM]","[PREMIUM]","CL24","Club 24","5",4,"['1','2','3','4']",,"sg_app","open",0,"[PREMIUM]","1,2,4"
"l_VKGYn10Fp4N4mNuXEJ9LNUqgjWJGHE6X4pixXqL4rFPvvJ0kHnmlwJQSVqIJI9","2026-08-21 23:58:33.011","2026-09-03 00:20:46.623","l_VKGYn10Fp4N4mNuXEJ9LNUqgjWJGHE6X4pixXqL4rFPvvJ0kHnmlwJQSVqIJI9","18362746","[PREMIUM]","[PREMIUM]","[PREMIUM]","CL22","Club 22","3",2,"['5','6']",,"sg_app","open",1,"[PREMIUM]","2"
"l_VKGYn10Fp4N4mNuXEJ9LNUqgjWJGH0YjXdNcxXqb9lC6L6V3qsdj0JMZSVqIz9FRD","2026-08-21 23:58:33.011","2026-09-03 00:20:46.623","l_VKGYn10Fp4N4mNuXEJ9LNUqgjWJGH0YjXdNcxXqb9lC6L6V3qsdj0JMZSVqIz9FRD","18362746","[PREMIUM]","[PREMIUM]","[PREMIUM]","111","Section 111","7",3,"['7','8','9']",,"sg_app","open",0,"[PREMIUM]","1,3"
"l_WKJY160Fxw9w39tp5kWKJtjJZRy5hZb8VZytnQgp8EfgRRwe5tBMX1eksAbuw0cGz","2026-08-21 23:58:33.011","2026-08-25 23:00:06.343","l_WKJY160Fxw9w39tp5kWKJtjJZRy5hZb8VZytnQgp8EfgRRwe5tBMX1eksAbuw0cGz","18362746","[PREMIUM]","[PREMIUM]","[PREMIUM]","CL24","Club 24","4",2,"['7','8']",,"sg_app","open",0,"[PREMIUM]","2"
"l_eKDYLjJFM3z3JzcYMgL2bcMVyJ1mF5jeAVxUqz41QEhlRlXz9i5xlBwEhwnIKBCEe","2026-08-21 23:58:33.011","2026-08-25 00:13:02.082","l_eKDYLjJFM3z3JzcYMgL2bcMVyJ1mF5jeAVxUqz41QEhlRlXz9i5xlBwEhwnIKBCEe","18362746","[PREMIUM]","[PREMIUM]","[PREMIUM]","309","Section 309","9",4,"['1','2','3','4']",,"sg_app","open",3,"[PREMIUM]","1,2,4"
"l_vzq5APMuWdGdgGIBJn6W3cZl8DEecBe8dw0SZPgWBAtLgLAGySlX0J9BFvnIqXU5E","2026-08-21 23:58:33.011","2026-08-23 00:18:50.242","l_vzq5APMuWdGdgGIBJn6W3cZl8DEecBe8dw0SZPgWBAtLgLAGySlX0J9BFvnIqXU5E","18362746","[PREMIUM]","[PREMIUM]","[PREMIUM]","327","Section 327","13",4,"['19','20','21','22']",,"sg_app","open",1,"[PREMIUM]","1,2,4"
"l_wDLkjdZTlwgwNguAQmqLwiVEAvDlU24eQnrSbnz36bFnrn39QuBX93DmugPI2NSVz","2026-08-21 23:58:33.011","2026-08-25 23:00:06.343","l_wDLkjdZTlwgwNguAQmqLwiVEAvDlU24eQnrSbnz36bFnrn39QuBX93DmugPI2NSVz","18362746","[PREMIUM]","[PREMIUM]","[PREMIUM]","124","Section 124","12",2,"['11','12']",,"sg_app","open",1,"[PREMIUM]","2"
"l_pD8pWr1T4WwWLwTXMmPexUd9bzk0hlRvmKpsprmZJpcMYMw4Wfw8nyZbcBghNlUd5","2026-08-21 23:58:33.011","2026-09-03 00:20:46.623","l_pD8pWr1T4WwWLwTXMmPexUd9bzk0hlRvmKpsprmZJpcMYMw4Wfw8nyZbcBghNlUd5","18362746","[PREMIUM]","[PREMIUM]","[PREMIUM]","128","Section 128","14",2,"['3','4']",,"sg_app","open",0,"[PREMIUM]","2"
"l_zzM34gBuQE4Eg4Ump3vqYI4qdwr1fE9v411i9zYvlJhrpr9g8F2EYvrNipyIz5ULj","2026-08-21 23:58:33.011","2026-08-25 00:13:02.082","l_zzM34gBuQE4Eg4Ump3vqYI4qdwr1fE9v411i9zYvlJhrpr9g8F2EYvrNipyIz5ULj","18362746","[PREMIUM]","[PREMIUM]","[PREMIUM]","102","Section 102","15",2,"['11','12']",,"sg_app","open",1,"[PREMIUM]","2"
"oV7HbEobVqK","2026-08-21 23:58:33.011","2026-09-03 00:20:46.623","oV7HbEobVqK","18362746","[PREMIUM]","[PREMIUM]","[PREMIUM]","119","Section 119","7",8,"['1','2','3','4','5','6','7','8']","2026-08-11 00:00:00","electronic","exchange",2,"[PREMIUM]","1,2,3,4,5,6,8"
"05VT8lk994X","2026-08-21 23:58:26.675","2026-09-01 23:57:34.770","05VT8lk994X","18378372","[PREMIUM]","[PREMIUM]","[PREMIUM]","224","Section 224","8",2,"[]","2027-01-20 00:00:00","electronic","exchange",1,"[PREMIUM]","2"
"05VT8lk96nD","2026-08-21 23:58:26.675","2026-09-01 23:57:34.770","05VT8lk96nD","18378372","[PREMIUM]","[PREMIUM]","[PREMIUM]","103","Section 103","19",2,"[]","2027-01-20 00:00:00","electronic","exchange",1,"[PREMIUM]","2"
"05VT8lk9kND","2026-08-21 23:58:26.675","2026-09-01 23:57:34.770","05VT8lk9kND","18378372","[PREMIUM]","[PREMIUM]","[PREMIUM]","208","Section 208","10",15,"[]","2027-01-20 00:00:00","electronic","exchange",1,"[PREMIUM]","2,3,4,5,6,7,8,9,10,11,12,13,14,15"
"05VT8lk9kmD","2026-08-21 23:58:26.675","2026-09-01 23:57:34.770","05VT8lk9kmD","18378372","[PREMIUM]","[PREMIUM]","[PREMIUM]","118","Section 118","21",6,"[]","2027-01-20 00:00:00","electronic","exchange",1,"[PREMIUM]","2,3,4,5,6"
"05VT8lkXxPw","2026-08-21 23:58:26.675","2026-08-23 00:17:57.359","05VT8lkXxPw","18378372","[PREMIUM]","[PREMIUM]","[PREMIUM]","211","Section 211","10",4,"[]","2027-01-19 00:00:00","electronic","exchange",5,"[PREMIUM]","1,2,3,4"
"05VT8lkAA6g","2026-08-21 23:58:26.675","2026-08-31 00:23:59.427","05VT8lkAA6g","18378372","[PREMIUM]","[PREMIUM]","[PREMIUM]","213","Section 213","13",12,"[]","2027-01-20 00:00:00","electronic","exchange",1,"[PREMIUM]","1,2,3,4,5,6,7,8,9,10,11,12"
"05VT8lkNXoZ","2026-08-21 23:58:26.675","2026-08-27 00:59:49.786","05VT8lkNXoZ","18378372","[PREMIUM]","[PREMIUM]","[PREMIUM]","224","Section 224","8",2,"[]","2027-01-20 00:00:00","electronic","exchange",1,"[PREMIUM]","2"
"05VT8lkAAKv","2026-08-21 23:58:26.675","2026-08-31 00:23:59.427","05VT8lkAAKv","18378372","[PREMIUM]","[PREMIUM]","[PREMIUM]","110","Section 110","17",2,"[]","2027-01-20 00:00:00","electronic","exchange",1,"[PREMIUM]","2"
"05VT8lkAAPL","2026-08-21 23:58:26.675","2026-08-31 00:23:59.427","05VT8lkAAPL","18378372","[PREMIUM]","[PREMIUM]","[PREMIUM]","119A","Section 119 A","2",6,"[]","2027-01-20 00:00:00","electronic","exchange",3,"[PREMIUM]","1,2,3,4,5,6"
"05VT8lkNXKe","2026-08-21 23:58:26.675","2026-08-27 00:59:49.786","05VT8lkNXKe","18378372","[PREMIUM]","[PREMIUM]","[PREMIUM]","118","Section 118","23",3,"[]","2027-01-20 00:00:00","electronic","exchange",1,"[PREMIUM]","1,2,3"
"05VT8lkNXXK","2026-08-21 23:58:26.675","2026-08-27 00:59:49.786","05VT8lkNXXK","18378372","[PREMIUM]","[PREMIUM]","[PREMIUM]","207","Section 207","7",5,"[]","2027-01-20 00:00:00","electronic","exchange",1,"[PREMIUM]","1,2,3,4,5"
"05VT8lkXxlr","2026-08-21 23:58:26.675","2026-08-23 00:17:57.359","05VT8lkXxlr","18378372","[PREMIUM]","[PREMIUM]","[PREMIUM]","114","Section 114","17",8,"[]","2027-01-19 00:00:00","electronic","exchange",2,"[PREMIUM]","1,2,3,4,5,6,7,8"
"05VT8lkXxMw","2026-08-21 23:58:26.675","2026-08-23 00:17:57.359","05VT8lkXxMw","18378372","[PREMIUM]","[PREMIUM]","[PREMIUM]","118","Section 118","23",3,"[]","2027-01-19 00:00:00","electronic","exchange",2,"[PREMIUM]","1,2,3"
"05VT8lkAA9g","2026-08-21 23:58:26.675","2026-08-31 00:23:59.427","05VT8lkAA9g","18378372","[PREMIUM]","[PREMIUM]","[PREMIUM]","223","Section 223","9",2,"[]","2027-01-20 00:00:00","electronic","exchange",0,"[PREMIUM]","2"
"05VT8lknx3k","2026-08-21 23:58:26.675","2026-08-31 00:23:59.427","05VT8lknx3k","18378372","[PREMIUM]","[PREMIUM]","[PREMIUM]","120","Section 120","19",2,"[]","2027-01-20 00:00:00","electronic","exchange",1,"[PREMIUM]","2"
"05VT8lknx4G","2026-08-21 23:58:26.675","2026-08-31 00:23:59.427","05VT8lknx4G","18378372","[PREMIUM]","[PREMIUM]","[PREMIUM]","210A","Section 210 A","10",2,"[]","2027-01-20 00:00:00","electronic","exchange",1,"[PREMIUM]","2"
"05VT8lknxbB","2026-08-21 23:58:26.675","2026-08-31 00:23:59.427","05VT8lknxbB","18378372","[PREMIUM]","[PREMIUM]","[PREMIUM]","109","Section 109","11",2,"[]","2027-01-20 00:00:00","electronic","exchange",1,"[PREMIUM]","2"
"05VT8lk7vXz","2026-08-21 23:58:26.675","2026-09-03 00:20:35.320","05VT8lk7vXz","18378372","[PREMIUM]","[PREMIUM]","[PREMIUM]","219","Section 219","10",13,"[]","2027-01-20 00:00:00","electronic","exchange",1,"[PREMIUM]","2,3,4,5,6,7,8,9,10,11,12,13"
"05VT8lk7vV0","2026-08-21 23:58:26.675","2026-09-03 00:20:35.320","05VT8lk7vV0","18378372","[PREMIUM]","[PREMIUM]","[PREMIUM]","217A","Section 217 A","11",8,"[]","2027-01-20 00:00:00","electronic","exchange",1,"[PREMIUM]","2,3,4,5,6,7,8"
"05VT8lk7kL3","2026-08-21 23:58:26.675","2026-09-03 00:20:35.320","05VT8lk7kL3","18378372","[PREMIUM]","[PREMIUM]","[PREMIUM]","116","Section 116","10",7,"[]","2027-01-20 00:00:00","electronic","exchange",1,"[PREMIUM]","2,3,4,5,6,7"
"05VT8lk4mMb","2026-08-21 23:58:26.675","2026-09-03 00:20:35.320","05VT8lk4mMb","18378372","[PREMIUM]","[PREMIUM]","[PREMIUM]","211","Section 211","10",4,"[]","2027-01-20 00:00:00","electronic","exchange",3,"[PREMIUM]","2,4"
"05VT8lk4mPb","2026-08-21 23:58:26.675","2026-09-03 00:20:35.320","05VT8lk4mPb","18378372","[PREMIUM]","[PREMIUM]","[PREMIUM]","223","Section 223","12",4,"[]","2027-01-20 00:00:00","electronic","exchange",0,"[PREMIUM]","2,4"
"05VT8lk4mYv","2026-08-21 23:58:26.675","2026-09-03 00:20:35.320","05VT8lk4mYv","18378372","[PREMIUM]","[PREMIUM]","[PREMIUM]","118","Section 118","20",7,"[]","2027-01-20 00:00:00","electronic","exchange",1,"[PREMIUM]","2,3,4,5,6,7"
"2v0czqoBBwP","2026-08-21 23:58:26.675","2026-08-31 00:23:59.427","2v0czqoBBwP","18378372","[PREMIUM]","[PREMIUM]","[PREMIUM]","217A","Section 217 A","9",4,"[]","2027-01-20 00:00:00","electronic","exchange",1,"[PREMIUM]","1,2,3,4"
"2v0czqo5eRj","2026-08-21 23:58:26.675","2026-08-27 00:59:49.786","2v0czqo5eRj","18378372","[PREMIUM]","[PREMIUM]","[PREMIUM]","114","Section 114","16",2,"[]","2027-01-20 00:00:00","electronic","exchange",2,"[PREMIUM]","2"
"2v0czqo5e5N","2026-08-21 23:58:26.675","2026-08-27 00:59:49.786","2v0czqo5e5N","18378372","[PREMIUM]","[PREMIUM]","[PREMIUM]","103","Section 103","23",3,"[]","2027-01-20 00:00:00","electronic","exchange",1,"[PREMIUM]","1,2,3"
"2v0czqoEKJv","2026-08-21 23:58:26.675","2026-09-01 23:57:34.770","2v0czqoEKJv","18378372","[PREMIUM]","[PREMIUM]","[PREMIUM]","109","Section 109","14",7,"[]","2027-01-20 00:00:00","electronic","exchange",1,"[PREMIUM]","2,3,4,5,6,7"
"2v0czqoEokv","2026-08-21 23:58:26.675","2026-09-01 23:57:34.770","2v0czqoEokv","18378372","[PREMIUM]","[PREMIUM]","[PREMIUM]","124","Section 124","15",4,"[]","2027-01-20 00:00:00","electronic","exchange",1,"[PREMIUM]","2,4"
"2v0czqoBBar","2026-08-21 23:58:26.675","2026-08-31 00:23:59.427","2v0czqoBBar","18378372","[PREMIUM]","[PREMIUM]","[PREMIUM]","123","Section 123","8",3,"[]","2027-01-20 00:00:00","electronic","exchange",0,"[PREMIUM]","1,2,3"
"2v0czqoBBaD","2026-08-21 23:58:26.675","2026-08-31 00:23:59.427","2v0czqoBBaD","18378372","[PREMIUM]","[PREMIUM]","[PREMIUM]","112","Section 112","13",2,"[]","2027-01-20 00:00:00","electronic","exchange",1,"[PREMIUM]","2"
"2v0czqoEoxv","2026-08-21 23:58:26.675","2026-09-01 23:57:34.770","2v0czqoEoxv","18378372","[PREMIUM]","[PREMIUM]","[PREMIUM]","115","Section 115","5",9,"[]","2027-01-20 00:00:00","electronic","exchange",1,"[PREMIUM]","2,3,4,5,6,7,8,9"
"2v0czqo5e9P","2026-08-21 23:58:26.675","2026-08-27 00:59:49.786","2v0czqo5e9P","18378372","[PREMIUM]","[PREMIUM]","[PREMIUM]","212","Section 212","12",6,"[]","2027-01-20 00:00:00","electronic","exchange",1,"[PREMIUM]","1,2,3,4,5,6"
"2v0czqo5eGN","2026-08-21 23:58:26.675","2026-08-27 00:59:49.786","2v0czqo5eGN","18378372","[PREMIUM]","[PREMIUM]","[PREMIUM]","110","Section 110","22",6,"[]","2027-01-20 00:00:00","electronic","exchange",1,"[PREMIUM]","1,2,3,4,5,6"
"2v0czqoBB3r","2026-08-21 23:58:26.675","2026-08-31 00:23:59.427","2v0czqoBB3r","18378372","[PREMIUM]","[PREMIUM]","[PREMIUM]","106","Section 106","13",2,"[]","2027-01-20 00:00:00","electronic","exchange",1,"[PREMIUM]","2"
"2v0czqo5ekp","2026-08-21 23:58:26.675","2026-08-27 00:59:49.786","2v0czqo5ekp","18378372","[PREMIUM]","[PREMIUM]","[PREMIUM]","222A","Section 222 A","10",9,"[]","2027-01-20 00:00:00","electronic","exchange",0,"[PREMIUM]","1,2,3,4,5,6,7,8,9"
"2v0czqoBBEG","2026-08-21 23:58:26.675","2026-08-31 00:23:59.427","2v0czqoBBEG","18378372","[PREMIUM]","[PREMIUM]","[PREMIUM]","220","Section 220","13",18,"[]","2027-01-20 00:00:00","electronic","exchange",1,"[PREMIUM]","1,2,3,4,5,6,7,8,9,10,11,12,13,14,15,16,17,18"
"2v0czqoEE23","2026-08-21 23:58:26.675","2026-09-01 23:57:34.770","2v0czqoEE23","18378372","[PREMIUM]","[PREMIUM]","[PREMIUM]","220","Section 220","14",4,"[]","2027-01-20 00:00:00","electronic","exchange",1,"[PREMIUM]","2,4"
"2v0czqoEEZw","2026-08-21 23:58:26.675","2026-09-01 23:57:34.770","2v0czqoEEZw","18378372","[PREMIUM]","[PREMIUM]","[PREMIUM]","222A","Section 222 A","9",2,"[]","2027-01-20 00:00:00","electronic","exchange",0,"[PREMIUM]","2"
"2v0czqoEoxE","2026-08-21 23:58:26.675","2026-09-01 23:57:34.770","2v0czqoEoxE","18378372","[PREMIUM]","[PREMIUM]","[PREMIUM]","112","Section 112","8",4,"[]","2027-01-20 00:00:00","electronic","exchange",5,"[PREMIUM]","2,4"
"2v0czqo5e33","2026-08-21 23:58:26.675","2026-08-27 00:59:49.786","2v0czqo5e33","18378372","[PREMIUM]","[PREMIUM]","[PREMIUM]","112","Section 112","13",2,"[]","2027-01-20 00:00:00","electronic","exchange",1,"[PREMIUM]","2"
"2v0czqoBBKG","2026-08-21 23:58:26.675","2026-08-31 00:23:59.427","2v0czqoBBKG","18378372","[PREMIUM]","[PREMIUM]","[PREMIUM]","210A","Section 210 A","9",2,"[]","2027-01-20 00:00:00","electronic","exchange",0,"[PREMIUM]","2"
"2v0czqoJm9e","2026-08-21 23:58:26.675","2026-08-31 00:23:59.427","2v0czqoJm9e","18378372","[PREMIUM]","[PREMIUM]","[PREMIUM]","213","Section 213","8",7,"[]","2027-01-20 00:00:00","electronic","exchange",1,"[PREMIUM]","1,2,3,4,5,6,7"
"2v0czqoJmG2","2026-08-21 23:58:26.675","2026-08-31 00:23:59.427","2v0czqoJmG2","18378372","[PREMIUM]","[PREMIUM]","[PREMIUM]","114","Section 114","12",6,"[]","2027-01-20 00:00:00","electronic","exchange",1,"[PREMIUM]","1,2,3,4,5,6"
"2v0czqoJmZa","2026-08-21 23:58:26.675","2026-08-31 00:23:59.427","2v0czqoJmZa","18378372","[PREMIUM]","[PREMIUM]","[PREMIUM]","218","Section 218","10",15,"[]","2027-01-20 00:00:00","electronic","exchange",1,"[PREMIUM]","1,2,3,4,5,6,7,8,9,10,11,12,13,14,15"
"2v0czqoJmev","2026-08-21 23:58:26.675","2026-08-31 00:23:59.427","2v0czqoJmev","18378372","[PREMIUM]","[PREMIUM]","[PREMIUM]","202","Section 202","12",2,"[]","2027-01-20 00:00:00","electronic","exchange",2,"[PREMIUM]","2"
"2v0czqoemqM","2026-08-21 23:58:26.675","2026-08-23 00:17:57.359","2v0czqoemqM","18378372","[PREMIUM]","[PREMIUM]","[PREMIUM]","116","Section 116","10",7,"[]","2027-01-19 00:00:00","electronic","exchange",2,"[PREMIUM]","1,2,3,4,5,6,7"
"2v0czqoemMO","2026-08-21 23:58:26.675","2026-08-23 00:17:57.359","2v0czqoemMO","18378372","[PREMIUM]","[PREMIUM]","[PREMIUM]","201","Section 201","13",8,"[]","2027-01-19 00:00:00","electronic","exchange",2,"[PREMIUM]","1,2,3,4,5,6,7,8"
"2v0czqoem3Z","2026-08-21 23:58:26.675","2026-08-23 00:17:57.359","2v0czqoem3Z","18378372","[PREMIUM]","[PREMIUM]","[PREMIUM]","110","Section 110","22",4,"[]","2027-01-19 00:00:00","electronic","exchange",2,"[PREMIUM]","1,2,3,4"
"2v0czqoemnO","2026-08-21 23:58:26.675","2026-08-23 00:17:57.359","2v0czqoemnO","18378372","[PREMIUM]","[PREMIUM]","[PREMIUM]","117","Section 117","14",3,"[]","2027-01-19 00:00:00","electronic","exchange",3,"[PREMIUM]","1,2,3"
"2v0czqojoPg","2026-08-21 23:58:26.675","2026-09-03 00:20:35.320","2v0czqojoPg","18378372","[PREMIUM]","[PREMIUM]","[PREMIUM]","118","Section 118","20",7,"[]","2027-01-20 00:00:00","electronic","exchange",1,"[PREMIUM]","2,3,4,5,6,7"
"2v0czqojoAB","2026-08-21 23:58:26.675","2026-09-03 00:20:35.320","2v0czqojoAB","18378372","[PREMIUM]","[PREMIUM]","[PREMIUM]","124","Section 124","9",2,"[]","2027-01-20 00:00:00","electronic","exchange",1,"[PREMIUM]","2"
"2v0czqoj7va","2026-08-21 23:58:26.675","2026-09-03 00:20:35.320","2v0czqoj7va","18378372","[PREMIUM]","[PREMIUM]","[PREMIUM]","111","Section 111","23",4,"[]","2027-01-20 00:00:00","electronic","exchange",1,"[PREMIUM]","2,4"
"2v0czqoj7rk","2026-08-21 23:58:26.675","2026-09-03 00:20:35.320","2v0czqoj7rk","18378372","[PREMIUM]","[PREMIUM]","[PREMIUM]","213","Section 213","8",7,"[]","2027-01-20 00:00:00","electronic","exchange",1,"[PREMIUM]","2,3,4,5,6,7"
"2v0czqoj7rE","2026-08-21 23:58:26.675","2026-09-03 00:20:35.320","2v0czqoj7rE","18378372","[PREMIUM]","[PREMIUM]","[PREMIUM]","213","Section 213","13",12,"[]","2027-01-20 00:00:00","electronic","exchange",1,"[PREMIUM]","2,3,4,5,6,7,8,9,10,11,12"
"2v0czqoj7eE","2026-08-21 23:58:26.675","2026-09-03 00:20:35.320","2v0czqoj7eE","18378372","[PREMIUM]","[PREMIUM]","[PREMIUM]","222","Section 222","7",10,"[]","2027-01-20 00:00:00","electronic","exchange",0,"[PREMIUM]","2,3,4,5,6,7,8,9,10"
"2v0czqoj7aV","2026-08-21 23:58:26.675","2026-09-03 00:20:35.320","2v0czqoj7aV","18378372","[PREMIUM]","[PREMIUM]","[PREMIUM]","207A","Section 207 A","9",2,"[]","2027-01-20 00:00:00","electronic","exchange",1,"[PREMIUM]","2"
"2v0czqoj7Yg","2026-08-21 23:58:26.675","2026-09-03 00:20:35.320","2v0czqoj7Yg","18378372","[PREMIUM]","[PREMIUM]","[PREMIUM]","114","Section 114","16",2,"[]","2027-01-20 00:00:00","electronic","exchange",2,"[PREMIUM]","2"
"2v0czqoj7DV","2026-08-21 23:58:26.675","2026-09-03 00:20:35.320","2v0czqoj7DV","18378372","[PREMIUM]","[PREMIUM]","[PREMIUM]","222A","Section 222 A","12",2,"[]","2027-01-20 00:00:00","electronic","exchange",0,"[PREMIUM]","2"
"2v0czqoZkpr","2026-08-21 23:58:26.675","2026-09-03 00:20:35.320","2v0czqoZkpr","18378372","[PREMIUM]","[PREMIUM]","[PREMIUM]","114","Section 114","16",2,"[]","2027-01-20 00:00:00","electronic","exchange",2,"[PREMIUM]","2"
"2v0czqoZkal","2026-08-21 23:58:26.675","2026-09-03 00:20:35.320","2v0czqoZkal","18378372","[PREMIUM]","[PREMIUM]","[PREMIUM]","210A","Section 210 A","9",2,"[]","2027-01-20 00:00:00","electronic","exchange",0,"[PREMIUM]","2"
"2v0czqoZkDl","2026-08-21 23:58:26.675","2026-09-03 00:20:35.320","2v0czqoZkDl","18378372","[PREMIUM]","[PREMIUM]","[PREMIUM]","213","Section 213","13",12,"[]","2027-01-20 00:00:00","electronic","exchange",1,"[PREMIUM]","2,3,4,5,6,7,8,9,10,11,12"
"2v0czqoZk0r","2026-08-21 23:58:26.675","2026-09-03 00:20:35.320","2v0czqoZk0r","18378372","[PREMIUM]","[PREMIUM]","[PREMIUM]","105","Section 105","15",2,"[]","2027-01-20 00:00:00","electronic","exchange",1,"[PREMIUM]","2"
"2v0czqoAeAb","2026-08-21 23:58:26.675","2026-09-03 00:20:35.320","2v0czqoAeAb","18378372","[PREMIUM]","[PREMIUM]","[PREMIUM]","203","Section 203","5",2,"[]","2027-01-20 00:00:00","electronic","exchange",1,"[PREMIUM]","2"
"2v0czqo49AB","2026-08-21 23:58:26.675","2026-09-03 00:20:35.320","2v0czqo49AB","18378372","[PREMIUM]","[PREMIUM]","[PREMIUM]","205A","Section 205 A","4",4,"[]","2027-01-20 00:00:00","electronic","exchange",1,"[PREMIUM]","2,4"
"3q7fNLV2g05","2026-08-21 23:58:26.675","2026-08-23 00:17:57.359","3q7fNLV2g05","18378372","[PREMIUM]","[PREMIUM]","[PREMIUM]","214","Section 214","13",4,"[]","2027-01-19 00:00:00","electronic","exchange",2,"[PREMIUM]","1,2,3,4"
"3q7fNLV2XJ8","2026-08-21 23:58:26.675","2026-08-23 00:17:57.359","3q7fNLV2XJ8","18378372","[PREMIUM]","[PREMIUM]","[PREMIUM]","109","Section 109","17",8,"[]","2027-01-19 00:00:00","electronic","exchange",2,"[PREMIUM]","1,2,3,4,5,6,7,8"
"3q7fNLV2XKA","2026-08-21 23:58:26.675","2026-08-23 00:17:57.359","3q7fNLV2XKA","18378372","[PREMIUM]","[PREMIUM]","[PREMIUM]","220","Section 220","14",7,"[]","2027-01-19 00:00:00","electronic","exchange",2,"[PREMIUM]","1,2,3,4,5,6,7"
"3q7fNLV2XaA","2026-08-21 23:58:26.675","2026-08-23 00:17:57.359","3q7fNLV2XaA","18378372","[PREMIUM]","[PREMIUM]","[PREMIUM]","124","Section 124","18",6,"[]","2027-01-19 00:00:00","electronic","exchange",2,"[PREMIUM]","1,2,3,4,5,6"
"3q7fNLV2X3q","2026-08-21 23:58:26.675","2026-08-23 00:17:57.359","3q7fNLV2X3q","18378372","[PREMIUM]","[PREMIUM]","[PREMIUM]","207A","Section 207 A","9",5,"[]","2027-01-19 00:00:00","electronic","exchange",2,"[PREMIUM]","1,2,3,4,5"
"3q7fNLV2X3P","2026-08-21 23:58:26.675","2026-08-23 00:17:57.359","3q7fNLV2X3P","18378372","[PREMIUM]","[PREMIUM]","[PREMIUM]","224","Section 224","13",4,"[]","2027-01-19 00:00:00","electronic","exchange",2,"[PREMIUM]","1,2,3,4"
"3q7fNLVPPYX","2026-08-21 23:58:26.675","2026-09-01 23:57:34.770","3q7fNLVPPYX","18378372","[PREMIUM]","[PREMIUM]","[PREMIUM]","221A","Section 221 A","8",14,"[]","2027-01-20 00:00:00","electronic","exchange",0,"[PREMIUM]","1,2,3,4,5,6,7,8,9,10,11,12,14"
"3q7fNLVGGMj","2026-08-21 23:58:26.675","2026-08-31 00:23:59.427","3q7fNLVGGMj","18378372","[PREMIUM]","[PREMIUM]","[PREMIUM]","209","Section 209","11",7,"[]","2027-01-20 00:00:00","electronic","exchange",1,"[PREMIUM]","1,2,3,4,5,6,7"
"3q7fNLVGGXn","2026-08-21 23:58:26.675","2026-08-31 00:23:59.427","3q7fNLVGGXn","18378372","[PREMIUM]","[PREMIUM]","[PREMIUM]","216","Section 216","14",2,"[]","2027-01-20 00:00:00","electronic","exchange",1,"[PREMIUM]","2"
"3q7fNLVGGDB","2026-08-21 23:58:26.675","2026-08-31 00:23:59.427","3q7fNLVGGDB","18378372","[PREMIUM]","[PREMIUM]","[PREMIUM]","123","Section 123","14",2,"[]","2027-01-20 00:00:00","electronic","exchange",1,"[PREMIUM]","2"
"3q7fNLVGGDD","2026-08-21 23:58:26.675","2026-08-31 00:23:59.427","3q7fNLVGGDD","18378372","[PREMIUM]","[PREMIUM]","[PREMIUM]","109","Section 109","8",4,"[]","2027-01-20 00:00:00","electronic","exchange",1,"[PREMIUM]","1,2,3,4"
"3q7fNLVPP8X","2026-08-21 23:58:26.675","2026-09-01 23:57:34.770","3q7fNLVPP8X","18378372","[PREMIUM]","[PREMIUM]","[PREMIUM]","224","Section 224","7",2,"[]","2027-01-20 00:00:00","electronic","exchange",1,"[PREMIUM]","2"
"3q7fNLV9X2v","2026-08-21 23:58:26.675","2026-08-31 00:23:59.427","3q7fNLV9X2v","18378372","[PREMIUM]","[PREMIUM]","[PREMIUM]","208","Section 208","4",2,"[]","2027-01-20 00:00:00","electronic","exchange",2,"[PREMIUM]","2"
"3q7fNLVPP8L","2026-08-21 23:58:26.675","2026-09-01 23:57:34.770","3q7fNLVPP8L","18378372","[PREMIUM]","[PREMIUM]","[PREMIUM]","220","Section 220","14",3,"[]","2027-01-20 00:00:00","electronic","exchange",1,"[PREMIUM]","3"
"3q7fNLV9X6o","2026-08-21 23:58:26.675","2026-08-31 00:23:59.427","3q7fNLV9X6o","18378372","[PREMIUM]","[PREMIUM]","[PREMIUM]","212","Section 212","10",16,"[]","2027-01-20 00:00:00","electronic","exchange",1,"[PREMIUM]","1,2,3,4,5,6,7,8,9,10,11,12,13,14,15,16"
"3q7fNLV9XYJ","2026-08-21 23:58:26.675","2026-08-31 00:23:59.427","3q7fNLV9XYJ","18378372","[PREMIUM]","[PREMIUM]","[PREMIUM]","217A","Section 217 A","11",8,"[]","2027-01-20 00:00:00","electronic","exchange",1,"[PREMIUM]","1,2,3,4,5,6,7,8"
"3q7fNLV9Xbk","2026-08-21 23:58:26.675","2026-08-31 00:23:59.427","3q7fNLV9Xbk","18378372","[PREMIUM]","[PREMIUM]","[PREMIUM]","112","Section 112","12",2,"[]","2027-01-20 00:00:00","electronic","exchange",1,"[PREMIUM]","2"
"3q7fNLVPM9v","2026-08-21 23:58:26.675","2026-09-01 23:57:34.770","3q7fNLVPM9v","18378372","[PREMIUM]","[PREMIUM]","[PREMIUM]","108","Section 108","17",2,"[]","2027-01-20 00:00:00","electronic","exchange",1,"[PREMIUM]","2"
"3q7fNLVPVrx","2026-08-21 23:58:26.675","2026-09-01 23:57:34.770","3q7fNLVPVrx","18378372","[PREMIUM]","[PREMIUM]","[PREMIUM]","111","Section 111","23",4,"[]","2027-01-20 00:00:00","electronic","exchange",1,"[PREMIUM]","2,4"
"3q7fNLVGGJB","2026-08-21 23:58:26.675","2026-08-31 00:23:59.427","3q7fNLVGGJB","18378372","[PREMIUM]","[PREMIUM]","[PREMIUM]","106","Section 106","15",13,"[]","2027-01-20 00:00:00","electronic","exchange",1,"[PREMIUM]","1,2,3,4,5,6,7,8,9,10,11,12,13"
"3q7fNLVGGPj","2026-08-21 23:58:26.675","2026-08-31 00:23:59.427","3q7fNLVGGPj","18378372","[PREMIUM]","[PREMIUM]","[PREMIUM]","219A","Section 219 A","14",2,"[]","2027-01-20 00:00:00","electronic","exchange",1,"[PREMIUM]","2"
"3q7fNLVPVrv","2026-08-21 23:58:26.675","2026-09-01 23:57:34.770","3q7fNLVPVrv","18378372","[PREMIUM]","[PREMIUM]","[PREMIUM]","114","Section 114","17",4,"[]","2027-01-20 00:00:00","electronic","exchange",1,"[PREMIUM]","2,4"
"3q7fNLVPVzv","2026-08-21 23:58:26.675","2026-09-01 23:57:34.770","3q7fNLVPVzv","18378372","[PREMIUM]","[PREMIUM]","[PREMIUM]","124","Section 124","12",8,"[]","2027-01-20 00:00:00","electronic","exchange",1,"[PREMIUM]","2,3,4,5,6,7,8"
"3q7fNLVj2za","2026-08-21 23:58:26.675","2026-08-27 00:59:49.786","3q7fNLVj2za","18378372","[PREMIUM]","[PREMIUM]","[PREMIUM]","222A","Section 222 A","9",2,"[]","2027-01-20 00:00:00","electronic","exchange",0,"[PREMIUM]","2"
"3q7fNLVj2DL","2026-08-21 23:58:26.675","2026-08-27 00:59:49.786","3q7fNLVj2DL","18378372","[PREMIUM]","[PREMIUM]","[PREMIUM]","124","Section 124","9",2,"[]","2027-01-20 00:00:00","electronic","exchange",1,"[PREMIUM]","2"
"3q7fNLVj2on","2026-08-21 23:58:26.675","2026-08-27 00:59:49.786","3q7fNLVj2on","18378372","[PREMIUM]","[PREMIUM]","[PREMIUM]","220","Section 220","5",4,"[]","2027-01-20 00:00:00","electronic","exchange",1,"[PREMIUM]","1,2,3,4"
"3q7fNLVj27m","2026-08-21 23:58:26.675","2026-08-27 00:59:49.786","3q7fNLVj27m","18378372","[PREMIUM]","[PREMIUM]","[PREMIUM]","114","Section 114","14",8,"[]","2027-01-20 00:00:00","electronic","exchange",2,"[PREMIUM]","1,2,3,4,5,6,7,8"
"3q7fNLVj22n","2026-08-21 23:58:26.675","2026-08-27 00:59:49.786","3q7fNLVj22n","18378372","[PREMIUM]","[PREMIUM]","[PREMIUM]","212","Section 212","12",10,"[]","2027-01-20 00:00:00","electronic","exchange",1,"[PREMIUM]","1,2,3,4,5,6,7,8,9,10"
"3q7fNLVj2bY","2026-08-21 23:58:26.675","2026-08-27 00:59:49.786","3q7fNLVj2bY","18378372","[PREMIUM]","[PREMIUM]","[PREMIUM]","110","Section 110","17",2,"[]","2027-01-20 00:00:00","electronic","exchange",1,"[PREMIUM]","2"
"3q7fNLVj2jY","2026-08-21 23:58:26.675","2026-08-27 00:59:49.786","3q7fNLVj2jY","18378372","[PREMIUM]","[PREMIUM]","[PREMIUM]","103","Section 103","19",2,"[]","2027-01-20 00:00:00","electronic","exchange",1,"[PREMIUM]","2"
"3q7fNLVj2JL","2026-08-21 23:58:26.675","2026-08-27 00:59:49.786","3q7fNLVj2JL","18378372","[PREMIUM]","[PREMIUM]","[PREMIUM]","112","Section 112","13",4,"[]","2027-01-20 00:00:00","electronic","exchange",1,"[PREMIUM]","1,2,3,4"
"3q7fNLVYzpB","2026-08-21 23:58:26.675","2026-09-03 00:20:35.320","3q7fNLVYzpB","18378372","[PREMIUM]","[PREMIUM]","[PREMIUM]","115","Section 115","17",4,"[]","2027-01-20 00:00:00","electronic","exchange",1,"[PREMIUM]","2,4"
"3q7fNLVYzdN","2026-08-21 23:58:26.675","2026-09-03 00:20:35.320","3q7fNLVYzdN","18378372","[PREMIUM]","[PREMIUM]","[PREMIUM]","220","Section 220","14",4,"[]","2027-01-20 00:00:00","electronic","exchange",1,"[PREMIUM]","2,4"
"3q7fNLVYzaB","2026-08-21 23:58:26.675","2026-09-03 00:20:35.320","3q7fNLVYzaB","18378372","[PREMIUM]","[PREMIUM]","[PREMIUM]","124","Section 124","16",4,"[]","2027-01-20 00:00:00","electronic","exchange",1,"[PREMIUM]","2,4"
"3q7fNLVYzKN","2026-08-21 23:58:26.675","2026-09-03 00:20:35.320","3q7fNLVYzKN","18378372","[PREMIUM]","[PREMIUM]","[PREMIUM]","202","Section 202","14",4,"[]","2027-01-20 00:00:00","electronic","exchange",1,"[PREMIUM]","2,4"
"3q7fNLVYzEB","2026-08-21 23:58:26.675","2026-09-03 00:20:35.320","3q7fNLVYzEB","18378372","[PREMIUM]","[PREMIUM]","[PREMIUM]","105","Section 105","15",4,"[]","2027-01-20 00:00:00","electronic","exchange",1,"[PREMIUM]","2,4"
"3q7fNLVYzDN","2026-08-21 23:58:26.675","2026-09-03 00:20:35.320","3q7fNLVYzDN","18378372","[PREMIUM]","[PREMIUM]","[PREMIUM]","217A","Section 217 A","11",8,"[]","2027-01-20 00:00:00","electronic","exchange",1,"[PREMIUM]","2,3,4,5,6,7,8"
"3q7fNLVOZor","2026-08-21 23:58:26.675","2026-09-03 00:20:35.320","3q7fNLVOZor","18378372","[PREMIUM]","[PREMIUM]","[PREMIUM]","212","Section 212","12",10,"[]","2027-01-20 00:00:00","electronic","exchange",1,"[PREMIUM]","2,3,4,5,6,7,8,9,10"
"3q7fNLVOZNO","2026-08-21 23:58:26.675","2026-09-03 00:20:35.320","3q7fNLVOZNO","18378372","[PREMIUM]","[PREMIUM]","[PREMIUM]","105","Section 105","15",2,"[]","2027-01-20 00:00:00","electronic","exchange",1,"[PREMIUM]","2"
"3q7fNLVOVl9","2026-08-21 23:58:26.675","2026-09-03 00:20:35.320","3q7fNLVOVl9","18378372","[PREMIUM]","[PREMIUM]","[PREMIUM]","119","Section 119","18",2,"[]","2027-01-20 00:00:00","electronic","exchange",1,"[PREMIUM]","2"
"3q7fNLVOV0g","2026-08-21 23:58:26.675","2026-09-03 00:20:35.320","3q7fNLVOV0g","18378372","[PREMIUM]","[PREMIUM]","[PREMIUM]","118","Section 118","19",8,"[]","2027-01-20 00:00:00","electronic","exchange",1,"[PREMIUM]","2,3,4,5,6,7,8"
"4vXcjRP4PKe","2026-08-21 23:58:26.675","2026-09-01 23:57:34.770","4vXcjRP4PKe","18378372","[PREMIUM]","[PREMIUM]","[PREMIUM]","112","Section 112","14",2,"[]","2027-01-20 00:00:00","electronic","exchange",1,"[PREMIUM]","2"
"4vXcjRP4PKY","2026-08-21 23:58:26.675","2026-09-01 23:57:34.770","4vXcjRP4PKY","18378372","[PREMIUM]","[PREMIUM]","[PREMIUM]","110","Section 110","17",2,"[]","2027-01-20 00:00:00","electronic","exchange",1,"[PREMIUM]","2"
"4vXcjRP44wl","2026-08-21 23:58:26.675","2026-09-01 23:57:34.770","4vXcjRP44wl","18378372","[PREMIUM]","[PREMIUM]","[PREMIUM]","222","Section 222","7",10,"[]","2027-01-20 00:00:00","electronic","exchange",0,"[PREMIUM]","2,3,4,5,6,7,8,9,10"
"4vXcjRP44w3","2026-08-21 23:58:26.675","2026-09-01 23:57:34.770","4vXcjRP44w3","18378372","[PREMIUM]","[PREMIUM]","[PREMIUM]","218","Section 218","9",4,"[]","2027-01-20 00:00:00","electronic","exchange",0,"[PREMIUM]","2,4"
"4vXcjRP4PAe","2026-08-21 23:58:26.675","2026-09-01 23:57:34.770","4vXcjRP4PAe","18378372","[PREMIUM]","[PREMIUM]","[PREMIUM]","123","Section 123","9",9,"[]","2027-01-20 00:00:00","electronic","exchange",0,"[PREMIUM]","2,3,4,5,6,7,8,9"
"4vXcjRP446l","2026-08-21 23:58:26.675","2026-09-01 23:57:34.770","4vXcjRP446l","18378372","[PREMIUM]","[PREMIUM]","[PREMIUM]","210A","Section 210 A","9",2,"[]","2027-01-20 00:00:00","electronic","exchange",0,"[PREMIUM]","2"
"4vXcjRP4Mve","2026-08-21 23:58:26.675","2026-09-01 23:57:34.770","4vXcjRP4Mve","18378372","[PREMIUM]","[PREMIUM]","[PREMIUM]","107","Section 107","14",13,"[]","2027-01-20 00:00:00","electronic","exchange",1,"[PREMIUM]","2,3,4,5,6,7,8,9,10,11,12,13"
"4vXcjRPD87q","2026-08-21 23:58:26.675","2026-08-31 00:23:59.427","4vXcjRPD87q","18378372","[PREMIUM]","[PREMIUM]","[PREMIUM]","215","Section 215","4",2,"[]","2027-01-20 00:00:00","electronic","exchange",0,"[PREMIUM]","2"
"4vXcjRPaa4x","2026-08-21 23:58:26.675","2026-08-31 00:23:59.427","4vXcjRPaa4x","18378372","[PREMIUM]","[PREMIUM]","[PREMIUM]","218","Section 218","11",11,"[]","2027-01-20 00:00:00","electronic","exchange",1,"[PREMIUM]","1,2,3,4,5,6,7,8,9,10,11"
"4vXcjRPaa9v","2026-08-21 23:58:26.675","2026-08-31 00:23:59.427","4vXcjRPaa9v","18378372","[PREMIUM]","[PREMIUM]","[PREMIUM]","105","Section 105","13",2,"[]","2027-01-20 00:00:00","electronic","exchange",1,"[PREMIUM]","2"
"4vXcjRPqxxw","2026-08-21 23:58:26.675","2026-08-27 00:59:49.786","4vXcjRPqxxw","18378372","[PREMIUM]","[PREMIUM]","[PREMIUM]","211","Section 211","10",8,"[]","2027-01-20 00:00:00","electronic","exchange",3,"[PREMIUM]","1,2,3,4,5,6,7,8"
"4vXcjRPaaYA","2026-08-21 23:58:26.675","2026-08-31 00:23:59.427","4vXcjRPaaYA","18378372","[PREMIUM]","[PREMIUM]","[PREMIUM]","115","Section 115","5",9,"[]","2027-01-20 00:00:00","electronic","exchange",1,"[PREMIUM]","1,2,3,4,5,6,7,8,9"
"4vXcjRPpPvo","2026-08-21 23:58:26.675","2026-09-01 23:57:34.770","4vXcjRPpPvo","18378372","[PREMIUM]","[PREMIUM]","[PREMIUM]","115","Section 115","22",3,"[]","2027-01-20 00:00:00","electronic","exchange",1,"[PREMIUM]","3"
"4vXcjRPqxbP","2026-08-21 23:58:26.675","2026-08-27 00:59:49.786","4vXcjRPqxbP","18378372","[PREMIUM]","[PREMIUM]","[PREMIUM]","109","Section 109","17",4,"[]","2027-01-20 00:00:00","electronic","exchange",1,"[PREMIUM]","1,2,3,4"
"4vXcjRPqxY3","2026-08-21 23:58:26.675","2026-08-27 00:59:49.786","4vXcjRPqxY3","18378372","[PREMIUM]","[PREMIUM]","[PREMIUM]","123","Section 123","6",4,"[]","2027-01-20 00:00:00","electronic","exchange",0,"[PREMIUM]","1,2,3,4"
"4vXcjRPqxEN","2026-08-21 23:58:26.675","2026-08-27 00:59:49.786","4vXcjRPqxEN","18378372","[PREMIUM]","[PREMIUM]","[PREMIUM]","214","Section 214","7",9,"[]","2027-01-20 00:00:00","electronic","exchange",1,"[PREMIUM]","1,2,3,4,5,6,7,8,9"
"4vXcjRPqx93","2026-08-21 23:58:26.675","2026-08-27 00:59:49.786","4vXcjRPqx93","18378372","[PREMIUM]","[PREMIUM]","[PREMIUM]","111","Section 111","13",5,"[]","2027-01-20 00:00:00","electronic","exchange",0,"[PREMIUM]","1,2,3,4,5"
"4vXcjRPqx0w","2026-08-21 23:58:26.675","2026-08-27 00:59:49.786","4vXcjRPqx0w","18378372","[PREMIUM]","[PREMIUM]","[PREMIUM]","218","Section 218","8",10,"[]","2027-01-20 00:00:00","electronic","exchange",1,"[PREMIUM]","1,2,3,4,5,6,7,8,9,10"
"4vXcjRPaaYv","2026-08-21 23:58:26.675","2026-08-31 00:23:59.427","4vXcjRPaaYv","18378372","[PREMIUM]","[PREMIUM]","[PREMIUM]","116","Section 116","11",11,"[]","2027-01-20 00:00:00","electronic","exchange",2,"[PREMIUM]","1,2,3,4,5,6,7,8,9,10,11"
"4vXcjRPaaZw","2026-08-21 23:58:26.675","2026-08-31 00:23:59.427","4vXcjRPaaZw","18378372","[PREMIUM]","[PREMIUM]","[PREMIUM]","215","Section 215","9",2,"[]","2027-01-20 00:00:00","electronic","exchange",0,"[PREMIUM]","2"
"4vXcjRPaaew","2026-08-21 23:58:26.675","2026-08-31 00:23:59.427","4vXcjRPaaew","18378372","[PREMIUM]","[PREMIUM]","[PREMIUM]","120","Section 120","22",15,"[]","2027-01-20 00:00:00","electronic","exchange",1,"[PREMIUM]","1,2,3,4,5,6,7,8,9,10,11,12,13,14,15"
"4vXcjRPaaMx","2026-08-21 23:58:26.675","2026-08-31 00:23:59.427","4vXcjRPaaMx","18378372","[PREMIUM]","[PREMIUM]","[PREMIUM]","207","Section 207","11",2,"[]","2027-01-20 00:00:00","electronic","exchange",2,"[PREMIUM]","2"
"4vXcjRPxL74","2026-08-21 23:58:26.675","2026-08-23 00:17:57.359","4vXcjRPxL74","18378372","[PREMIUM]","[PREMIUM]","[PREMIUM]","213","Section 213","9",4,"[]","2027-01-19 00:00:00","electronic","exchange",2,"[PREMIUM]","1,2,3,4"
"4vXcjRPxZ27","2026-08-21 23:58:26.675","2026-08-23 00:17:57.359","4vXcjRPxZ27","18378372","[PREMIUM]","[PREMIUM]","[PREMIUM]","218","Section 218","10",6,"[]","2027-01-19 00:00:00","electronic","exchange",2,"[PREMIUM]","1,2,3,4,5,6"
"4vXcjRPxZ9g","2026-08-21 23:58:26.675","2026-08-23 00:17:57.359","4vXcjRPxZ9g","18378372","[PREMIUM]","[PREMIUM]","[PREMIUM]","109","Section 109","14",7,"[]","2027-01-19 00:00:00","electronic","exchange",1,"[PREMIUM]","1,2,3,4,5,6,7"
"4vXcjRPxZJ7","2026-08-21 23:58:26.675","2026-08-23 00:17:57.359","4vXcjRPxZJ7","18378372","[PREMIUM]","[PREMIUM]","[PREMIUM]","123","Section 123","10",8,"[]","2027-01-19 00:00:00","electronic","exchange",1,"[PREMIUM]","1,2,3,4,5,6,7,8"
"4vXcjRPvZEa","2026-08-21 23:58:26.675","2026-08-31 00:23:59.427","4vXcjRPvZEa","18378372","[PREMIUM]","[PREMIUM]","[PREMIUM]","214","Section 214","13",4,"[]","2027-01-20 00:00:00","electronic","exchange",1,"[PREMIUM]","1,2,3,4"
"4vXcjRPxZJV","2026-08-21 23:58:26.675","2026-08-23 00:17:57.359","4vXcjRPxZJV","18378372","[PREMIUM]","[PREMIUM]","[PREMIUM]","205","Section 205","9",6,"[]","2027-01-19 00:00:00","electronic","exchange",2,"[PREMIUM]","1,2,3,4,5,6"
"4vXcjRPvZbB","2026-08-21 23:58:26.675","2026-08-31 00:23:59.427","4vXcjRPvZbB","18378372","[PREMIUM]","[PREMIUM]","[PREMIUM]","124","Section 124","4",2,"[]","2027-01-20 00:00:00","electronic","exchange",0,"[PREMIUM]","2"
"4vXcjRPvZbM","2026-08-21 23:58:26.675","2026-08-31 00:23:59.427","4vXcjRPvZbM","18378372","[PREMIUM]","[PREMIUM]","[PREMIUM]","107","Section 107","10",4,"[]","2027-01-20 00:00:00","electronic","exchange",2,"[PREMIUM]","1,2,3,4"
"4vXcjRPngxY","2026-08-21 23:58:26.675","2026-09-03 00:20:35.320","4vXcjRPngxY","18378372","[PREMIUM]","[PREMIUM]","[PREMIUM]","221","Section 221","8",2,"[]","2027-01-20 00:00:00","electronic","exchange",0,"[PREMIUM]","2"
"4vXcjRPngOd","2026-08-21 23:58:26.675","2026-09-03 00:20:35.320","4vXcjRPngOd","18378372","[PREMIUM]","[PREMIUM]","[PREMIUM]","114","Section 114","14",2,"[]","2027-01-20 00:00:00","electronic","exchange",2,"[PREMIUM]","2"
"4vXcjRPngGK","2026-08-21 23:58:26.675","2026-09-03 00:20:35.320","4vXcjRPngGK","18378372","[PREMIUM]","[PREMIUM]","[PREMIUM]","111","Section 111","9",5,"[]","2027-01-20 00:00:00","electronic","exchange",1,"[PREMIUM]","2,3,4,5"
"4vXcjRPng9M","2026-08-21 23:58:26.675","2026-09-03 00:20:35.320","4vXcjRPng9M","18378372","[PREMIUM]","[PREMIUM]","[PREMIUM]","205A","Section 205 A","9",10,"[]","2027-01-20 00:00:00","electronic","exchange",1,"[PREMIUM]","1,2,3,4,5,6,7,8,10"
"4vXcjRPnP7d","2026-08-21 23:58:26.675","2026-09-03 00:20:35.320","4vXcjRPnP7d","18378372","[PREMIUM]","[PREMIUM]","[PREMIUM]","117","Section 117","16",11,"[]","2027-01-20 00:00:00","electronic","exchange",1,"[PREMIUM]","2,3,4,5,6,7,8,9,10,11"
"4vXcjRPnP7G","2026-08-21 23:58:26.675","2026-09-03 00:20:35.320","4vXcjRPnP7G","18378372","[PREMIUM]","[PREMIUM]","[PREMIUM]","119","Section 119","13",8,"[]","2027-01-20 00:00:00","electronic","exchange",1,"[PREMIUM]","1,2,3,4,5,6,8"
"4vXcjRP6Apv","2026-08-21 23:58:26.675","2026-09-03 00:20:35.320","4vXcjRP6Apv","18378372","[PREMIUM]","[PREMIUM]","[PREMIUM]","117","Section 117","16",11,"[]","2027-01-20 00:00:00","electronic","exchange",1,"[PREMIUM]","2,3,4,5,6,7,8,9,10,11"
"4vXcjRP6AoL","2026-08-21 23:58:26.675","2026-09-03 00:20:35.320","4vXcjRP6AoL","18378372","[PREMIUM]","[PREMIUM]","[PREMIUM]","219","Section 219","11",11,"[]","2027-01-20 00:00:00","electronic","exchange",1,"[PREMIUM]","1,2,3,4,5,6,7,8,9,11"
"4vXcjRP6Alv","2026-08-21 23:58:26.675","2026-09-03 00:20:35.320","4vXcjRP6Alv","18378372","[PREMIUM]","[PREMIUM]","[PREMIUM]","107","Section 107","15",7,"[]","2027-01-20 00:00:00","electronic","exchange",1,"[PREMIUM]","2,3,4,5,6,7"
"4vXcjRP6AlA","2026-08-21 23:58:26.675","2026-09-03 00:20:35.320","4vXcjRP6AlA","18378372","[PREMIUM]","[PREMIUM]","[PREMIUM]","103","Section 103","23",3,"[]","2027-01-20 00:00:00","electronic","exchange",1,"[PREMIUM]","3"
"4vXcjRP6AJv","2026-08-21 23:58:26.675","2026-09-03 00:20:35.320","4vXcjRP6AJv","18378372","[PREMIUM]","[PREMIUM]","[PREMIUM]","123","Section 123","21",4,"[]","2027-01-20 00:00:00","electronic","exchange",0,"[PREMIUM]","2,4"
"4vXcjRP6A2L","2026-08-21 23:58:26.675","2026-09-03 00:20:35.320","4vXcjRP6A2L","18378372","[PREMIUM]","[PREMIUM]","[PREMIUM]","205","Section 205","9",6,"[]","2027-01-20 00:00:00","electronic","exchange",1,"[PREMIUM]","2,3,4,5,6"
"5EjuZw072Ew","2026-08-21 23:58:26.675","2026-08-23 00:17:57.359","5EjuZw072Ew","18378372","[PREMIUM]","[PREMIUM]","[PREMIUM]","223","Section 223","15",4,"[]","2027-01-19 00:00:00","electronic","exchange",1,"[PREMIUM]","1,2,3,4"
"5EjuZw057w6","2026-08-21 23:58:26.675","2026-08-27 00:59:49.786","5EjuZw057w6","18378372","[PREMIUM]","[PREMIUM]","[PREMIUM]","108","Section 108","17",2,"[]","2027-01-20 00:00:00","electronic","exchange",1,"[PREMIUM]","2"
"5EjuZw0576x","2026-08-21 23:58:26.675","2026-08-27 00:59:49.786","5EjuZw0576x","18378372","[PREMIUM]","[PREMIUM]","[PREMIUM]","117","Section 117","22",4,"[]","2027-01-20 00:00:00","electronic","exchange",1,"[PREMIUM]","1,2,3,4"
"5EjuZw0577o","2026-08-21 23:58:26.675","2026-08-27 00:59:49.786","5EjuZw0577o","18378372","[PREMIUM]","[PREMIUM]","[PREMIUM]","205","Section 205","8",4,"[]","2027-01-20 00:00:00","electronic","exchange",1,"[PREMIUM]","1,2,3,4"
"5EjuZw057op","2026-08-21 23:58:26.675","2026-08-27 00:59:49.786","5EjuZw057op","18378372","[PREMIUM]","[PREMIUM]","[PREMIUM]","223","Section 223","1",2,"[]","2027-01-20 00:00:00","electronic","exchange",1,"[PREMIUM]","2"
"5EjuZw090R7","2026-08-21 23:58:26.675","2026-09-01 23:57:34.770","5EjuZw090R7","18378372","[PREMIUM]","[PREMIUM]","[PREMIUM]","117","Section 117","14",3,"[]","2027-01-20 00:00:00","electronic","exchange",1,"[PREMIUM]","3"
"5EjuZw09057","2026-08-21 23:58:26.675","2026-09-01 23:57:34.770","5EjuZw09057","18378372","[PREMIUM]","[PREMIUM]","[PREMIUM]","206","Section 206","4",2,"[]","2027-01-20 00:00:00","electronic","exchange",1,"[PREMIUM]","2"
"5EjuZw0BB6n","2026-08-21 23:58:26.675","2026-08-31 00:23:59.427","5EjuZw0BB6n","18378372","[PREMIUM]","[PREMIUM]","[PREMIUM]","110","Section 110","22",4,"[]","2027-01-20 00:00:00","electronic","exchange",1,"[PREMIUM]","1,2,3,4"
"5EjuZw0BB9P","2026-08-21 23:58:26.675","2026-08-31 00:23:59.427","5EjuZw0BB9P","18378372","[PREMIUM]","[PREMIUM]","[PREMIUM]","223","Section 223","14",2,"[]","2027-01-20 00:00:00","electronic","exchange",0,"[PREMIUM]","2"
"5EjuZw0BBMP","2026-08-21 23:58:26.675","2026-08-31 00:23:59.427","5EjuZw0BBMP","18378372","[PREMIUM]","[PREMIUM]","[PREMIUM]","217","Section 217","5",4,"[]","2027-01-20 00:00:00","electronic","exchange",2,"[PREMIUM]","1,2,3,4"
"5EjuZw072nw","2026-08-21 23:58:26.675","2026-08-23 00:17:57.359","5EjuZw072nw","18378372","[PREMIUM]","[PREMIUM]","[PREMIUM]","208","Section 208","13",5,"[]","2027-01-19 00:00:00","electronic","exchange",2,"[PREMIUM]","1,2,3,4,5"
"5EjuZw0BBzX","2026-08-21 23:58:26.675","2026-08-31 00:23:59.427","5EjuZw0BBzX","18378372","[PREMIUM]","[PREMIUM]","[PREMIUM]","114","Section 114","16",2,"[]","2027-01-20 00:00:00","electronic","exchange",2,"[PREMIUM]","2"
"5EjuZw0726J","2026-08-21 23:58:26.675","2026-08-23 00:17:57.359","5EjuZw0726J","18378372","[PREMIUM]","[PREMIUM]","[PREMIUM]","106","Section 106","16",4,"[]","2027-01-19 00:00:00","electronic","exchange",2,"[PREMIUM]","1,2,3,4"
"5EjuZw0O2ak","2026-08-21 23:58:26.675","2026-08-31 00:23:59.427","5EjuZw0O2ak","18378372","[PREMIUM]","[PREMIUM]","[PREMIUM]","205A","Section 205 A","8",14,"[]","2027-01-20 00:00:00","electronic","exchange",1,"[PREMIUM]","1,2,3,4,5,6,7,8,9,10,11,12,13,14"
"5EjuZw0O2lE","2026-08-21 23:58:26.675","2026-08-31 00:23:59.427","5EjuZw0O2lE","18378372","[PREMIUM]","[PREMIUM]","[PREMIUM]","222","Section 222","1",12,"[]","2027-01-20 00:00:00","electronic","exchange",2,"[PREMIUM]","1,2,3,4,5,6,7,8,9,10,11,12"
"5EjuZw0aRrg","2026-08-21 23:58:26.675","2026-09-03 00:20:35.320","5EjuZw0aRrg","18378372","[PREMIUM]","[PREMIUM]","[PREMIUM]","222A","Section 222 A","9",2,"[]","2027-01-20 00:00:00","electronic","exchange",0,"[PREMIUM]","2"
"5EjuZw0aRpn","2026-08-21 23:58:26.675","2026-09-03 00:20:35.320","5EjuZw0aRpn","18378372","[PREMIUM]","[PREMIUM]","[PREMIUM]","111","Section 111","23",4,"[]","2027-01-20 00:00:00","electronic","exchange",1,"[PREMIUM]","2,4"
"5EjuZw0aRnd","2026-08-21 23:58:26.675","2026-09-03 00:20:35.320","5EjuZw0aRnd","18378372","[PREMIUM]","[PREMIUM]","[PREMIUM]","224","Section 224","8",4,"[]","2027-01-20 00:00:00","electronic","exchange",1,"[PREMIUM]","2,4"
"5EjuZw0aRNn","2026-08-21 23:58:26.675","2026-09-03 00:20:35.320","5EjuZw0aRNn","18378372","[PREMIUM]","[PREMIUM]","[PREMIUM]","120","Section 120","22",14,"[]","2027-01-20 00:00:00","electronic","exchange",0,"[PREMIUM]","2,3,4,5,6,7,8,9,10,11,12,13,14"
"5EjuZw0aREd","2026-08-21 23:58:26.675","2026-09-03 00:20:35.320","5EjuZw0aREd","18378372","[PREMIUM]","[PREMIUM]","[PREMIUM]","207","Section 207","9",2,"[]","2027-01-20 00:00:00","electronic","exchange",1,"[PREMIUM]","2"
"5EjuZw0KPZk","2026-08-21 23:58:26.675","2026-09-03 00:20:35.320","5EjuZw0KPZk","18378372","[PREMIUM]","[PREMIUM]","[PREMIUM]","109","Section 109","14",7,"[]","2027-01-20 00:00:00","electronic","exchange",1,"[PREMIUM]","2,3,4,5,6,7"
"5EjuZw0KP6D","2026-08-21 23:58:26.675","2026-09-03 00:20:35.320","5EjuZw0KP6D","18378372","[PREMIUM]","[PREMIUM]","[PREMIUM]","207A","Section 207 A","8",15,"[]","2027-01-20 00:00:00","electronic","exchange",1,"[PREMIUM]","2,3,4,5,6,7,8,9,10,11,12,13,14,15"
"5EjuZw0K0gB","2026-08-21 23:58:26.675","2026-09-03 00:20:35.320","5EjuZw0K0gB","18378372","[PREMIUM]","[PREMIUM]","[PREMIUM]","115","Section 115","8",9,"[]","2027-01-20 00:00:00","electronic","exchange",1,"[PREMIUM]","2,3,4,5,6,7,8,9"
"5EjuZw0K0OM","2026-08-21 23:58:26.675","2026-09-03 00:20:35.320","5EjuZw0K0OM","18378372","[PREMIUM]","[PREMIUM]","[PREMIUM]","207","Section 207","10",7,"[]","2027-01-20 00:00:00","electronic","exchange",1,"[PREMIUM]","1,2,3,4,5,7"
"6mOhkovEEzG","2026-08-21 23:58:26.675","2026-08-31 00:23:59.427","6mOhkovEEzG","18378372","[PREMIUM]","[PREMIUM]","[PREMIUM]","118","Section 118","13",10,"[]","2027-01-20 00:00:00","electronic","exchange",2,"[PREMIUM]","1,2,3,4,5,6,7,8,9,10"
"6mOhkovEExX","2026-08-21 23:58:26.675","2026-08-31 00:23:59.427","6mOhkovEExX","18378372","[PREMIUM]","[PREMIUM]","[PREMIUM]","219A","Section 219 A","13",16,"[]","2027-01-20 00:00:00","electronic","exchange",1,"[PREMIUM]","1,2,3,4,5,6,7,8,9,10,11,12,13,14,15,16"
"6mOhkovEEzO","2026-08-21 23:58:26.675","2026-08-31 00:23:59.427","6mOhkovEEzO","18378372","[PREMIUM]","[PREMIUM]","[PREMIUM]","111","Section 111","9",5,"[]","2027-01-20 00:00:00","electronic","exchange",1,"[PREMIUM]","1,2,3,4,5"
"6mOhkovEEmk","2026-08-21 23:58:26.675","2026-08-31 00:23:59.427","6mOhkovEEmk","18378372","[PREMIUM]","[PREMIUM]","[PREMIUM]","216A","Section 216 A","8",2,"[]","2027-01-20 00:00:00","electronic","exchange",1,"[PREMIUM]","2"
"6mOhkovEEVX","2026-08-21 23:58:26.675","2026-08-31 00:23:59.427","6mOhkovEEVX","18378372","[PREMIUM]","[PREMIUM]","[PREMIUM]","209","Section 209","7",2,"[]","2027-01-20 00:00:00","electronic","exchange",1,"[PREMIUM]","2"
"6mOhkovEEAG","2026-08-21 23:58:26.675","2026-08-31 00:23:59.427","6mOhkovEEAG","18378372","[PREMIUM]","[PREMIUM]","[PREMIUM]","106","Section 106","12",2,"[]","2027-01-20 00:00:00","electronic","exchange",1,"[PREMIUM]","2"
"6mOhkovEE9k","2026-08-21 23:58:26.675","2026-08-31 00:23:59.427","6mOhkovEE9k","18378372","[PREMIUM]","[PREMIUM]","[PREMIUM]","104","Section 104","15",2,"[]","2027-01-20 00:00:00","electronic","exchange",1,"[PREMIUM]","2"
"6mOhkov8wz8","2026-08-21 23:58:26.675","2026-08-27 00:59:49.786","6mOhkov8wz8","18378372","[PREMIUM]","[PREMIUM]","[PREMIUM]","123","Section 123","21",2,"[]","2027-01-20 00:00:00","electronic","exchange",0,"[PREMIUM]","2"
"6mOhkov8wwk","2026-08-21 23:58:26.675","2026-08-27 00:59:49.786","6mOhkov8wwk","18378372","[PREMIUM]","[PREMIUM]","[PREMIUM]","212","Section 212","7",4,"[]","2027-01-20 00:00:00","electronic","exchange",1,"[PREMIUM]","1,2,3,4"
"6mOhkov8wjk","2026-08-21 23:58:26.675","2026-08-27 00:59:49.786","6mOhkov8wjk","18378372","[PREMIUM]","[PREMIUM]","[PREMIUM]","218","Section 218","10",4,"[]","2027-01-20 00:00:00","electronic","exchange",1,"[PREMIUM]","1,2,3,4"
"6mOhkov8wb9","2026-08-21 23:58:26.675","2026-08-27 00:59:49.786","6mOhkov8wb9","18378372","[PREMIUM]","[PREMIUM]","[PREMIUM]","110","Section 110","14",2,"[]","2027-01-20 00:00:00","electronic","exchange",1,"[PREMIUM]","2"
"6mOhkov8wOE","2026-08-21 23:58:26.675","2026-08-27 00:59:49.786","6mOhkov8wOE","18378372","[PREMIUM]","[PREMIUM]","[PREMIUM]","114","Section 114","9",4,"[]","2027-01-20 00:00:00","electronic","exchange",5,"[PREMIUM]","1,2,3,4"
"6mOhkov8wA8","2026-08-21 23:58:26.675","2026-08-27 00:59:49.786","6mOhkov8wA8","18378372","[PREMIUM]","[PREMIUM]","[PREMIUM]","112","Section 112","8",4,"[]","2027-01-20 00:00:00","electronic","exchange",5,"[PREMIUM]","1,2,3,4"
"6mOhkov8wDz","2026-08-21 23:58:26.675","2026-08-27 00:59:49.786","6mOhkov8wDz","18378372","[PREMIUM]","[PREMIUM]","[PREMIUM]","221A","Section 221 A","7",10,"[]","2027-01-20 00:00:00","electronic","exchange",1,"[PREMIUM]","1,2,3,4,5,6,7,8,9,10"
"6mOhkov8wJ8","2026-08-21 23:58:26.675","2026-08-27 00:59:49.786","6mOhkov8wJ8","18378372","[PREMIUM]","[PREMIUM]","[PREMIUM]","215","Section 215","6",4,"[]","2027-01-20 00:00:00","electronic","exchange",0,"[PREMIUM]","1,2,3,4"
"6mOhkovamOq","2026-08-21 23:58:26.675","2026-08-31 00:23:59.427","6mOhkovamOq","18378372","[PREMIUM]","[PREMIUM]","[PREMIUM]","114","Section 114","4",2,"[]","2027-01-20 00:00:00","electronic","exchange",2,"[PREMIUM]","2"
"6mOhkovambm","2026-08-21 23:58:26.675","2026-08-31 00:23:59.427","6mOhkovambm","18378372","[PREMIUM]","[PREMIUM]","[PREMIUM]","110","Section 110","10",2,"[]","2027-01-20 00:00:00","electronic","exchange",1,"[PREMIUM]","2"
"6mOhkovamgb","2026-08-21 23:58:26.675","2026-08-31 00:23:59.427","6mOhkovamgb","18378372","[PREMIUM]","[PREMIUM]","[PREMIUM]","216","Section 216","10",3,"[]","2027-01-20 00:00:00","electronic","exchange",1,"[PREMIUM]","1,2,3"
"6mOhkovam4M","2026-08-21 23:58:26.675","2026-08-31 00:23:59.427","6mOhkovam4M","18378372","[PREMIUM]","[PREMIUM]","[PREMIUM]","224","Section 224","11",2,"[]","2027-01-20 00:00:00","electronic","exchange",2,"[PREMIUM]","2"
"6mOhkovq0Zo","2026-08-21 23:58:26.675","2026-08-31 00:23:59.427","6mOhkovq0Zo","18378372","[PREMIUM]","[PREMIUM]","[PREMIUM]","208","Section 208","5",2,"[]","2027-01-20 00:00:00","electronic","exchange",2,"[PREMIUM]","2"
"6mOhkovxxgV","2026-08-21 23:58:26.675","2026-09-01 23:57:34.770","6mOhkovxxgV","18378372","[PREMIUM]","[PREMIUM]","[PREMIUM]","219A","Section 219 A","9",11,"[]","2027-01-20 00:00:00","electronic","exchange",0,"[PREMIUM]","2,3,4,5,6,7,8,9,10,11"
"6mOhkovxxBV","2026-08-21 23:58:26.675","2026-09-01 23:57:34.770","6mOhkovxxBV","18378372","[PREMIUM]","[PREMIUM]","[PREMIUM]","223","Section 223","7",4,"[]","2027-01-20 00:00:00","electronic","exchange",0,"[PREMIUM]","2,4"
"6mOhkovxxB8","2026-08-21 23:58:26.675","2026-09-01 23:57:34.770","6mOhkovxxB8","18378372","[PREMIUM]","[PREMIUM]","[PREMIUM]","219","Section 219","10",13,"[]","2027-01-20 00:00:00","electronic","exchange",0,"[PREMIUM]","2,3,4,5,6,7,8,9,10,11,12,13"
"6mOhkovxvDg","2026-08-21 23:58:26.675","2026-09-01 23:57:34.770","6mOhkovxvDg","18378372","[PREMIUM]","[PREMIUM]","[PREMIUM]","123","Section 123","21",2,"[]","2027-01-20 00:00:00","electronic","exchange",0,"[PREMIUM]","2"
"6mOhkovxv5l","2026-08-21 23:58:26.675","2026-09-01 23:57:34.770","6mOhkovxv5l","18378372","[PREMIUM]","[PREMIUM]","[PREMIUM]","110","Section 110","23",4,"[]","2027-01-20 00:00:00","electronic","exchange",1,"[PREMIUM]","2,4"
"6mOhkovxv5g","2026-08-21 23:58:26.675","2026-09-01 23:57:34.770","6mOhkovxv5g","18378372","[PREMIUM]","[PREMIUM]","[PREMIUM]","114","Section 114","14",8,"[]","2027-01-20 00:00:00","electronic","exchange",1,"[PREMIUM]","2,3,4,5,6,7,8"
"6mOhkovxVag","2026-08-21 23:58:26.675","2026-09-01 23:57:34.770","6mOhkovxVag","18378372","[PREMIUM]","[PREMIUM]","[PREMIUM]","108","Section 108","12",5,"[]","2027-01-20 00:00:00","electronic","exchange",1,"[PREMIUM]","2,3,4,5"
"6mOhkovwmna","2026-08-21 23:58:26.675","2026-08-23 00:17:57.359","6mOhkovwmna","18378372","[PREMIUM]","[PREMIUM]","[PREMIUM]","219","Section 219","11",8,"[]","2027-01-19 00:00:00","electronic","exchange",2,"[PREMIUM]","1,2,3,4,5,6,7,8"
"6mOhkovwmla","2026-08-21 23:58:26.675","2026-08-23 00:17:57.359","6mOhkovwmla","18378372","[PREMIUM]","[PREMIUM]","[PREMIUM]","124","Section 124","12",8,"[]","2027-01-19 00:00:00","electronic","exchange",1,"[PREMIUM]","1,2,3,4,5,6,7,8"
"6mOhkovwmlD","2026-08-21 23:58:26.675","2026-08-23 00:17:57.359","6mOhkovwmlD","18378372","[PREMIUM]","[PREMIUM]","[PREMIUM]","207","Section 207","8",4,"[]","2027-01-19 00:00:00","electronic","exchange",2,"[PREMIUM]","1,2,3,4"
"6mOhkovwmJa","2026-08-21 23:58:26.675","2026-08-23 00:17:57.359","6mOhkovwmJa","18378372","[PREMIUM]","[PREMIUM]","[PREMIUM]","208","Section 208","13",4,"[]","2027-01-19 00:00:00","electronic","exchange",2,"[PREMIUM]","1,2,3,4"
"6mOhkovwmA7","2026-08-21 23:58:26.675","2026-08-23 00:17:57.359","6mOhkovwmA7","18378372","[PREMIUM]","[PREMIUM]","[PREMIUM]","109","Section 109","16",5,"[]","2027-01-19 00:00:00","electronic","exchange",2,"[PREMIUM]","1,2,3,4,5"
"6mOhkovw7Zv","2026-08-21 23:58:26.675","2026-08-23 00:17:57.359","6mOhkovw7Zv","18378372","[PREMIUM]","[PREMIUM]","[PREMIUM]","213","Section 213","13",8,"[]","2027-01-19 00:00:00","electronic","exchange",2,"[PREMIUM]","1,2,3,4,5,6,7,8"
"6mOhkov2vaZ","2026-08-21 23:58:26.675","2026-09-03 00:20:35.320","6mOhkov2vaZ","18378372","[PREMIUM]","[PREMIUM]","[PREMIUM]","205","Section 205","9",6,"[]","2027-01-20 00:00:00","electronic","exchange",1,"[PREMIUM]","2,3,4,5,6"
"6mOhkov23Kb","2026-08-21 23:58:26.675","2026-09-03 00:20:35.320","6mOhkov23Kb","18378372","[PREMIUM]","[PREMIUM]","[PREMIUM]","111","Section 111","13",5,"[]","2027-01-20 00:00:00","electronic","exchange",0,"[PREMIUM]","2,3,4,5"
"6mOhkov23P3","2026-08-21 23:58:26.675","2026-09-03 00:20:35.320","6mOhkov23P3","18378372","[PREMIUM]","[PREMIUM]","[PREMIUM]","112","Section 112","13",4,"[]","2027-01-20 00:00:00","electronic","exchange",1,"[PREMIUM]","2,4"
"6mOhkov23Pb","2026-08-21 23:58:26.675","2026-09-03 00:20:35.320","6mOhkov23Pb","18378372","[PREMIUM]","[PREMIUM]","[PREMIUM]","112","Section 112","8",4,"[]","2027-01-20 00:00:00","electronic","exchange",5,"[PREMIUM]","2,4"
"6mOhkov23j4","2026-08-21 23:58:26.675","2026-09-03 00:20:35.320","6mOhkov23j4","18378372","[PREMIUM]","[PREMIUM]","[PREMIUM]","212","Section 212","10",14,"[]","2027-01-20 00:00:00","electronic","exchange",1,"[PREMIUM]","1,2,3,4,5,6,7,8,9,10,11,12,14"
"6mOhkov23kb","2026-08-21 23:58:26.675","2026-09-03 00:20:35.320","6mOhkov23kb","18378372","[PREMIUM]","[PREMIUM]","[PREMIUM]","108","Section 108","11",7,"[]","2027-01-20 00:00:00","electronic","exchange",1,"[PREMIUM]","2,3,4,5,6,7"
"6mOhkov23om","2026-08-21 23:58:26.675","2026-09-03 00:20:35.320","6mOhkov23om","18378372","[PREMIUM]","[PREMIUM]","[PREMIUM]","224","Section 224","13",4,"[]","2027-01-20 00:00:00","electronic","exchange",1,"[PREMIUM]","2,4"
"6mOhkov23wl","2026-08-21 23:58:26.675","2026-09-03 00:20:35.320","6mOhkov23wl","18378372","[PREMIUM]","[PREMIUM]","[PREMIUM]","222","Section 222","6",10,"[]","2027-01-20 00:00:00","electronic","exchange",0,"[PREMIUM]","2,3,4,5,6,7,8,9,10"
"6mOhkovgDzB","2026-08-21 23:58:26.675","2026-09-03 00:20:35.320","6mOhkovgDzB","18378372","[PREMIUM]","[PREMIUM]","[PREMIUM]","221A","Section 221 A","1",7,"[]","2027-01-20 00:00:00","electronic","exchange",2,"[PREMIUM]","2,3,4,5,6,7"
"6mOhkovgDrO","2026-08-21 23:58:26.675","2026-09-03 00:20:35.320","6mOhkovgDrO","18378372","[PREMIUM]","[PREMIUM]","[PREMIUM]","104","Section 104","23",5,"[]","2027-01-20 00:00:00","electronic","exchange",1,"[PREMIUM]","1,2,3,5"
"6mOhkovgDrG","2026-08-21 23:58:26.675","2026-09-03 00:20:35.320","6mOhkovgDrG","18378372","[PREMIUM]","[PREMIUM]","[PREMIUM]","106","Section 106","12",3,"[]","2027-01-20 00:00:00","electronic","exchange",1,"[PREMIUM]","3"
"6mOhkovgDnB","2026-08-21 23:58:26.675","2026-09-03 00:20:35.320","6mOhkovgDnB","18378372","[PREMIUM]","[PREMIUM]","[PREMIUM]","204","Section 204","12",2,"[]","2027-01-20 00:00:00","electronic","exchange",1,"[PREMIUM]","2"
"6mOhkovgDlG","2026-08-21 23:58:26.675","2026-09-03 00:20:35.320","6mOhkovgDlG","18378372","[PREMIUM]","[PREMIUM]","[PREMIUM]","201","Section 201","15",6,"[]","2027-01-20 00:00:00","electronic","exchange",1,"[PREMIUM]","2,3,4,5,6"
"6mOhkovgDdG","2026-08-21 23:58:26.675","2026-09-03 00:20:35.320","6mOhkovgDdG","18378372","[PREMIUM]","[PREMIUM]","[PREMIUM]","117","Section 117","11",12,"[]","2027-01-20 00:00:00","electronic","exchange",1,"[PREMIUM]","2,3,4,5,6,7,8,9,10,11,12"
"6mOhkovgDJB","2026-08-21 23:58:26.675","2026-09-03 00:20:35.320","6mOhkovgDJB","18378372","[PREMIUM]","[PREMIUM]","[PREMIUM]","218","Section 218","9",4,"[]","2027-01-20 00:00:00","electronic","exchange",1,"[PREMIUM]","2,4"
"6mOhkov23Am","2026-08-21 23:58:26.675","2026-09-03 00:20:35.320","6mOhkov23Am","18378372","[PREMIUM]","[PREMIUM]","[PREMIUM]","207A","Section 207 A","7",4,"[]","2027-01-20 00:00:00","electronic","exchange",1,"[PREMIUM]","2,4"
"6mOhkov2vZ3","2026-08-21 23:58:26.675","2026-09-03 00:20:35.320","6mOhkov2vZ3","18378372","[PREMIUM]","[PREMIUM]","[PREMIUM]","118","Section 118","11",12,"[]","2027-01-20 00:00:00","electronic","exchange",2,"[PREMIUM]","2,3,4,5,6,7,8,9,10,11,12"
"7KntAgM5X9d","2026-08-21 23:58:26.675","2026-08-31 00:23:59.427","7KntAgM5X9d","18378372","[PREMIUM]","[PREMIUM]","[PREMIUM]","222","Section 222","6",10,"[]","2027-01-20 00:00:00","electronic","exchange",0,"[PREMIUM]","1,2,3,4,5,6,7,8,9,10"
"7KntAgM5XbR","2026-08-21 23:58:26.675","2026-08-31 00:23:59.427","7KntAgM5XbR","18378372","[PREMIUM]","[PREMIUM]","[PREMIUM]","224","Section 224","2",2,"[]","2027-01-20 00:00:00","electronic","exchange",1,"[PREMIUM]","2"
"7KntAgMLLlG","2026-08-21 23:58:26.675","2026-08-31 00:23:59.427","7KntAgMLLlG","18378372","[PREMIUM]","[PREMIUM]","[PREMIUM]","109","Section 109","16",5,"[]","2027-01-20 00:00:00","electronic","exchange",1,"[PREMIUM]","1,2,3,4,5"
"7KntAgMLLoa","2026-08-21 23:58:26.675","2026-08-31 00:23:59.427","7KntAgMLLoa","18378372","[PREMIUM]","[PREMIUM]","[PREMIUM]","221A","Section 221 A","12",9,"[]","2027-01-20 00:00:00","electronic","exchange",1,"[PREMIUM]","1,2,3,4,5,6,7,8,9"
"7KntAgMLLqo","2026-08-21 23:58:26.675","2026-08-31 00:23:59.427","7KntAgMLLqo","18378372","[PREMIUM]","[PREMIUM]","[PREMIUM]","112","Section 112","14",2,"[]","2027-01-20 00:00:00","electronic","exchange",1,"[PREMIUM]","2"
"7KntAgMLLxa","2026-08-21 23:58:26.675","2026-08-31 00:23:59.427","7KntAgMLLxa","18378372","[PREMIUM]","[PREMIUM]","[PREMIUM]","209A","Section 209 A","8",5,"[]","2027-01-20 00:00:00","electronic","exchange",1,"[PREMIUM]","1,2,3,4,5"
"7KntAgM0wxq","2026-08-21 23:58:26.675","2026-09-01 23:57:34.770","7KntAgM0wxq","18378372","[PREMIUM]","[PREMIUM]","[PREMIUM]","222","Section 222","1",12,"[]","2027-01-20 00:00:00","electronic","exchange",2,"[PREMIUM]","2,3,4,5,6,7,8,9,10,11,12"
"7KntAgMZmDY","2026-08-21 23:58:26.675","2026-08-23 00:17:57.359","7KntAgMZmDY","18378372","[PREMIUM]","[PREMIUM]","[PREMIUM]","217","Section 217","5",4,"[]","2027-01-19 00:00:00","electronic","exchange",3,"[PREMIUM]","1,2,3,4"
"7KntAgMZXwz","2026-08-21 23:58:26.675","2026-08-23 00:17:57.359","7KntAgMZXwz","18378372","[PREMIUM]","[PREMIUM]","[PREMIUM]","217A","Section 217 A","11",8,"[]","2027-01-19 00:00:00","electronic","exchange",2,"[PREMIUM]","1,2,3,4,5,6,7,8"
"7KntAgMZXqD","2026-08-21 23:58:26.675","2026-08-23 00:17:57.359","7KntAgMZXqD","18378372","[PREMIUM]","[PREMIUM]","[PREMIUM]","111","Section 111","23",4,"[]","2027-01-19 00:00:00","electronic","exchange",1,"[PREMIUM]","1,2,3,4"
"7KntAgMZXlD","2026-08-21 23:58:26.675","2026-08-23 00:17:57.359","7KntAgMZXlD","18378372","[PREMIUM]","[PREMIUM]","[PREMIUM]","116","Section 116","22",4,"[]","2027-01-19 00:00:00","electronic","exchange",2,"[PREMIUM]","1,2,3,4"
"7KntAgMoMRL","2026-08-21 23:58:26.675","2026-09-01 23:57:34.770","7KntAgMoMRL","18378372","[PREMIUM]","[PREMIUM]","[PREMIUM]","202","Section 202","14",4,"[]","2027-01-20 00:00:00","electronic","exchange",1,"[PREMIUM]","2,4"
"7KntAgMZXaK","2026-08-21 23:58:26.675","2026-08-23 00:17:57.359","7KntAgMZXaK","18378372","[PREMIUM]","[PREMIUM]","[PREMIUM]","117","Section 117","21",7,"[]","2027-01-19 00:00:00","electronic","exchange",2,"[PREMIUM]","1,2,3,4,5,6,7"
"7KntAgMRZKn","2026-08-21 23:58:26.675","2026-08-27 00:59:49.786","7KntAgMRZKn","18378372","[PREMIUM]","[PREMIUM]","[PREMIUM]","221","Section 221","8",2,"[]","2027-01-20 00:00:00","electronic","exchange",1,"[PREMIUM]","2"
"7KntAgMRZNr","2026-08-21 23:58:26.675","2026-08-27 00:59:49.786","7KntAgMRZNr","18378372","[PREMIUM]","[PREMIUM]","[PREMIUM]","104","Section 104","23",3,"[]","2027-01-20 00:00:00","electronic","exchange",1,"[PREMIUM]","1,2,3"
"7KntAgMRZgw","2026-08-21 23:58:26.675","2026-08-27 00:59:49.786","7KntAgMRZgw","18378372","[PREMIUM]","[PREMIUM]","[PREMIUM]","107","Section 107","12",4,"[]","2027-01-20 00:00:00","electronic","exchange",1,"[PREMIUM]","1,2,3,4"
"7KntAgMoMGL","2026-08-21 23:58:26.675","2026-09-01 23:57:34.770","7KntAgMoMGL","18378372","[PREMIUM]","[PREMIUM]","[PREMIUM]","115","Section 115","22",2,"[]","2027-01-20 00:00:00","electronic","exchange",1,"[PREMIUM]","2"
"7KntAgMRZl0","2026-08-21 23:58:26.675","2026-08-27 00:59:49.786","7KntAgMRZl0","18378372","[PREMIUM]","[PREMIUM]","[PREMIUM]","116","Section 116","11",11,"[]","2027-01-20 00:00:00","electronic","exchange",1,"[PREMIUM]","1,2,3,4,5,6,7,8,9,10,11"
"7KntAgMRZnw","2026-08-21 23:58:26.675","2026-08-27 00:59:49.786","7KntAgMRZnw","18378372","[PREMIUM]","[PREMIUM]","[PREMIUM]","115","Section 115","17",4,"[]","2027-01-20 00:00:00","electronic","exchange",1,"[PREMIUM]","1,2,3,4"
"7KntAgM3Mr2","2026-08-21 23:58:26.675","2026-09-03 00:20:35.320","7KntAgM3Mr2","18378372","[PREMIUM]","[PREMIUM]","[PREMIUM]","120","Section 120","10",10,"[]","2027-01-20 00:00:00","electronic","exchange",1,"[PREMIUM]","2,3,4,5,6,7,8,9,10"
"7KntAgM9Ga5","2026-08-21 23:58:26.675","2026-09-03 00:20:35.320","7KntAgM9Ga5","18378372","[PREMIUM]","[PREMIUM]","[PREMIUM]","217","Section 217","5",4,"[]","2027-01-20 00:00:00","electronic","exchange",1,"[PREMIUM]","2,4"
"7KntAgM9G8G","2026-08-21 23:58:26.675","2026-09-03 00:20:35.320","7KntAgM9G8G","18378372","[PREMIUM]","[PREMIUM]","[PREMIUM]","118","Section 118","21",6,"[]","2027-01-20 00:00:00","electronic","exchange",1,"[PREMIUM]","2,3,4,5,6"
"7KntAgM9GE5","2026-08-21 23:58:26.675","2026-09-03 00:20:35.320","7KntAgM9GE5","18378372","[PREMIUM]","[PREMIUM]","[PREMIUM]","207A","Section 207 A","7",4,"[]","2027-01-20 00:00:00","electronic","exchange",1,"[PREMIUM]","2,4"
"7KntAgM9GpG","2026-08-21 23:58:26.675","2026-09-03 00:20:35.320","7KntAgM9GpG","18378372","[PREMIUM]","[PREMIUM]","[PREMIUM]","112","Section 112","13",4,"[]","2027-01-20 00:00:00","electronic","exchange",1,"[PREMIUM]","2,4"
"7KntAgMvZvj","2026-08-21 23:58:26.675","2026-09-03 00:20:35.320","7KntAgMvZvj","18378372","[PREMIUM]","[PREMIUM]","[PREMIUM]","205A","Section 205 A","4",4,"[]","2027-01-20 00:00:00","electronic","exchange",1,"[PREMIUM]","2,4"
"7KntAgM3PZO","2026-08-21 23:58:26.675","2026-09-03 00:20:35.320","7KntAgM3PZO","18378372","[PREMIUM]","[PREMIUM]","[PREMIUM]","222","Section 222","8",4,"[]","2027-01-20 00:00:00","electronic","exchange",0,"[PREMIUM]","2,4"
"7KntAgM3PAd","2026-08-21 23:58:26.675","2026-09-03 00:20:35.320","7KntAgM3PAd","18378372","[PREMIUM]","[PREMIUM]","[PREMIUM]","108","Section 108","12",5,"[]","2027-01-20 00:00:00","electronic","exchange",1,"[PREMIUM]","2,3,4,5"
"7KntAgM3P2O","2026-08-21 23:58:26.675","2026-09-03 00:20:35.320","7KntAgM3P2O","18378372","[PREMIUM]","[PREMIUM]","[PREMIUM]","218","Section 218","8",2,"[]","2027-01-20 00:00:00","electronic","exchange",1,"[PREMIUM]","2"
"8lKt6am2Nrp","2026-08-21 23:58:26.675","2026-09-01 23:57:34.770","8lKt6am2Nrp","18378372","[PREMIUM]","[PREMIUM]","[PREMIUM]","105","Section 105","14",12,"[]","2027-01-20 00:00:00","electronic","exchange",0,"[PREMIUM]","2,3,4,5,6,7,8,9,10,11,12"
"8lKt6am22xG","2026-08-21 23:58:26.675","2026-09-01 23:57:34.770","8lKt6am22xG","18378372","[PREMIUM]","[PREMIUM]","[PREMIUM]","213","Section 213","13",12,"[]","2027-01-20 00:00:00","electronic","exchange",1,"[PREMIUM]","2,3,4,5,6,7,8,9,10,11,12"
"8lKt6am220b","2026-08-21 23:58:26.675","2026-09-01 23:57:34.770","8lKt6am220b","18378372","[PREMIUM]","[PREMIUM]","[PREMIUM]","205A","Section 205 A","8",14,"[]","2027-01-20 00:00:00","electronic","exchange",1,"[PREMIUM]","2,3,4,5,6,7,8,9,10,11,12,13,14"
"8lKt6amKKY0","2026-08-21 23:58:26.675","2026-08-31 00:23:59.427","8lKt6amKKY0","18378372","[PREMIUM]","[PREMIUM]","[PREMIUM]","111","Section 111","19",2,"[]","2027-01-20 00:00:00","electronic","exchange",1,"[PREMIUM]","2"
"8lKt6amKKN4","2026-08-21 23:58:26.675","2026-08-31 00:23:59.427","8lKt6amKKN4","18378372","[PREMIUM]","[PREMIUM]","[PREMIUM]","205","Section 205","6",4,"[]","2027-01-20 00:00:00","electronic","exchange",1,"[PREMIUM]","1,2,3,4"
"8lKt6amLgqr","2026-08-21 23:58:26.675","2026-08-27 00:59:49.786","8lKt6amLgqr","18378372","[PREMIUM]","[PREMIUM]","[PREMIUM]","203","Section 203","5",2,"[]","2027-01-20 00:00:00","electronic","exchange",1,"[PREMIUM]","2"
"8lKt6amZdgG","2026-08-21 23:58:26.675","2026-08-27 00:59:49.786","8lKt6amZdgG","18378372","[PREMIUM]","[PREMIUM]","[PREMIUM]","201","Section 201","13",10,"[]","2027-01-20 00:00:00","electronic","exchange",1,"[PREMIUM]","1,2,3,4,5,6,7,8,9,10"
"8lKt6amZdej","2026-08-21 23:58:26.675","2026-08-27 00:59:49.786","8lKt6amZdej","18378372","[PREMIUM]","[PREMIUM]","[PREMIUM]","210A","Section 210 A","9",9,"[]","2027-01-20 00:00:00","electronic","exchange",0,"[PREMIUM]","1,2,3,4,5,6,7,8,9"
"8lKt6amKKgP","2026-08-21 23:58:26.675","2026-08-31 00:23:59.427","8lKt6amKKgP","18378372","[PREMIUM]","[PREMIUM]","[PREMIUM]","124","Section 124","9",2,"[]","2027-01-20 00:00:00","electronic","exchange",1,"[PREMIUM]","2"
"8lKt6amZddw","2026-08-21 23:58:26.675","2026-08-27 00:59:49.786","8lKt6amZddw","18378372","[PREMIUM]","[PREMIUM]","[PREMIUM]","207","Section 207","10",2,"[]","2027-01-20 00:00:00","electronic","exchange",1,"[PREMIUM]","2"
"8lKt6amZd5G","2026-08-21 23:58:26.675","2026-08-27 00:59:49.786","8lKt6amZd5G","18378372","[PREMIUM]","[PREMIUM]","[PREMIUM]","119","Section 119","18",2,"[]","2027-01-20 00:00:00","electronic","exchange",1,"[PREMIUM]","2"
"8lKt6amrkbY","2026-08-21 23:58:26.675","2026-08-31 00:23:59.427","8lKt6amrkbY","18378372","[PREMIUM]","[PREMIUM]","[PREMIUM]","117","Section 117","11",13,"[]","2027-01-20 00:00:00","electronic","exchange",2,"[PREMIUM]","1,2,3,4,5,6,7,8,9,10,11,12,13"
"8lKt6amdkgO","2026-08-21 23:58:26.675","2026-08-23 00:17:57.359","8lKt6amdkgO","18378372","[PREMIUM]","[PREMIUM]","[PREMIUM]","212","Section 212","12",8,"[]","2027-01-19 00:00:00","electronic","exchange",2,"[PREMIUM]","1,2,3,4,5,6,7,8"
"8lKt6amdkaA","2026-08-21 23:58:26.675","2026-08-23 00:17:57.359","8lKt6amdkaA","18378372","[PREMIUM]","[PREMIUM]","[PREMIUM]","115","Section 115","8",8,"[]","2027-01-19 00:00:00","electronic","exchange",2,"[PREMIUM]","1,2,3,4,5,6,7,8"
"8lKt6amdk9O","2026-08-21 23:58:26.675","2026-08-23 00:17:57.359","8lKt6amdk9O","18378372","[PREMIUM]","[PREMIUM]","[PREMIUM]","119","Section 119","13",8,"[]","2027-01-19 00:00:00","electronic","exchange",2,"[PREMIUM]","1,2,3,4,5,6,7,8"
"8lKt6amrkLR","2026-08-21 23:58:26.675","2026-08-31 00:23:59.427","8lKt6amrkLR","18378372","[PREMIUM]","[PREMIUM]","[PREMIUM]","104","Section 104","12",2,"[]","2027-01-20 00:00:00","electronic","exchange",1,"[PREMIUM]","2"
"8lKt6amrkRq","2026-08-21 23:58:26.675","2026-08-31 00:23:59.427","8lKt6amrkRq","18378372","[PREMIUM]","[PREMIUM]","[PREMIUM]","220","Section 220","5",4,"[]","2027-01-20 00:00:00","electronic","exchange",1,"[PREMIUM]","1,2,3,4"
"8lKt6avOGvY","2026-08-21 23:58:26.675","2026-08-31 00:23:59.427","8lKt6avOGvY","18378372","[PREMIUM]","[PREMIUM]","[PREMIUM]","110","Section 110","11",2,"[]","2027-01-19 00:00:00","electronic","exchange",0,"[PREMIUM]","2"
"8lKt6am0ep0","2026-08-21 23:58:26.675","2026-09-03 00:20:35.320","8lKt6am0ep0","18378372","[PREMIUM]","[PREMIUM]","[PREMIUM]","109","Section 109","16",5,"[]","2027-01-20 00:00:00","electronic","exchange",1,"[PREMIUM]","2,3,4,5"
"8lKt6amJmVm","2026-08-21 23:58:26.675","2026-09-03 00:20:35.320","8lKt6amJmVm","18378372","[PREMIUM]","[PREMIUM]","[PREMIUM]","120","Section 120","23",2,"[]","2027-01-20 00:00:00","electronic","exchange",1,"[PREMIUM]","2"
"8lKt6amJm4m","2026-08-21 23:58:26.675","2026-09-03 00:20:35.320","8lKt6amJm4m","18378372","[PREMIUM]","[PREMIUM]","[PREMIUM]","205","Section 205","8",4,"[]","2027-01-20 00:00:00","electronic","exchange",1,"[PREMIUM]","2,4"
"8lKt6am0e9l","2026-08-21 23:58:26.675","2026-09-03 00:20:35.320","8lKt6am0e9l","18378372","[PREMIUM]","[PREMIUM]","[PREMIUM]","208","Section 208","10",15,"[]","2027-01-20 00:00:00","electronic","exchange",1,"[PREMIUM]","2,3,4,5,6,7,8,9,10,11,12,13,14,15"
"8lKt6amJ8Rx","2026-08-21 23:58:26.675","2026-09-03 00:20:35.320","8lKt6amJ8Rx","18378372","[PREMIUM]","[PREMIUM]","[PREMIUM]","104","Section 104","16",13,"[]","2027-01-20 00:00:00","electronic","exchange",1,"[PREMIUM]","2,3,4,5,6,7,8,9,10,11,12,13"
"8lKt6am0egl","2026-08-21 23:58:26.675","2026-09-03 00:20:35.320","8lKt6am0egl","18378372","[PREMIUM]","[PREMIUM]","[PREMIUM]","222","Section 222","6",10,"[]","2027-01-20 00:00:00","electronic","exchange",0,"[PREMIUM]","2,3,4,5,6,7,8,9,10"
"8lKt6am0el0","2026-08-21 23:58:26.675","2026-09-03 00:20:35.320","8lKt6am0el0","18378372","[PREMIUM]","[PREMIUM]","[PREMIUM]","116","Section 116","11",11,"[]","2027-01-20 00:00:00","electronic","exchange",1,"[PREMIUM]","2,3,4,5,6,7,8,9,10,11"
"9P2c5MBNoG3","2026-08-21 23:58:26.675","2026-08-31 00:23:59.427","9P2c5MBNoG3","18378372","[PREMIUM]","[PREMIUM]","[PREMIUM]","115","Section 115","4",2,"[]","2027-01-20 00:00:00","electronic","exchange",1,"[PREMIUM]","2"
"9P2c5MBKojb","2026-08-21 23:58:26.675","2026-08-23 00:17:57.359","9P2c5MBKojb","18378372","[PREMIUM]","[PREMIUM]","[PREMIUM]","124","Section 124","15",4,"[]","2027-01-19 00:00:00","electronic","exchange",2,"[PREMIUM]","1,2,3,4"
"9P2c5MBPPm7","2026-08-21 23:58:26.675","2026-09-01 23:57:34.770","9P2c5MBPPm7","18378372","[PREMIUM]","[PREMIUM]","[PREMIUM]","221A","Section 221 A","1",7,"[]","2027-01-20 00:00:00","electronic","exchange",2,"[PREMIUM]","2,3,4,5,6,7"
"9P2c5MBZKzx","2026-08-21 23:58:26.675","2026-08-27 00:59:49.786","9P2c5MBZKzx","18378372","[PREMIUM]","[PREMIUM]","[PREMIUM]","219","Section 219","10",13,"[]","2027-01-20 00:00:00","electronic","exchange",1,"[PREMIUM]","1,2,3,4,5,6,7,8,9,10,11,12,13"
"9P2c5MBPRN4","2026-08-21 23:58:26.675","2026-09-01 23:57:34.770","9P2c5MBPRN4","18378372","[PREMIUM]","[PREMIUM]","[PREMIUM]","108","Section 108","16",10,"[]","2027-01-20 00:00:00","electronic","exchange",1,"[PREMIUM]","2,3,4,5,6,7,8,9,10"
"9P2c5MBZKqG","2026-08-21 23:58:26.675","2026-08-27 00:59:49.786","9P2c5MBZKqG","18378372","[PREMIUM]","[PREMIUM]","[PREMIUM]","112","Section 112","8",2,"[]","2027-01-20 00:00:00","electronic","exchange",5,"[PREMIUM]","2"
"9P2c5MBPPVG","2026-08-21 23:58:26.675","2026-09-01 23:57:34.770","9P2c5MBPPVG","18378372","[PREMIUM]","[PREMIUM]","[PREMIUM]","219","Section 219","11",11,"[]","2027-01-20 00:00:00","electronic","exchange",0,"[PREMIUM]","1,2,3,4,5,6,7,8,9,11"
"9P2c5MBPPV7","2026-08-21 23:58:26.675","2026-09-01 23:57:34.770","9P2c5MBPPV7","18378372","[PREMIUM]","[PREMIUM]","[PREMIUM]","223","Section 223","12",4,"[]","2027-01-20 00:00:00","electronic","exchange",0,"[PREMIUM]","2,4"
"9P2c5MBZKgl","2026-08-21 23:58:26.675","2026-08-27 00:59:49.786","9P2c5MBZKgl","18378372","[PREMIUM]","[PREMIUM]","[PREMIUM]","221A","Section 221 A","8",14,"[]","2027-01-20 00:00:00","electronic","exchange",1,"[PREMIUM]","1,2,3,4,5,6,7,8,9,10,11,12,13,14"
"9P2c5MBZKZL","2026-08-21 23:58:26.675","2026-08-27 00:59:49.786","9P2c5MBZKZL","18378372","[PREMIUM]","[PREMIUM]","[PREMIUM]","103","Section 103","16",4,"[]","2027-01-20 00:00:00","electronic","exchange",1,"[PREMIUM]","1,2,3,4"
"9P2c5MBZKKx","2026-08-21 23:58:26.675","2026-08-27 00:59:49.786","9P2c5MBZKKx","18378372","[PREMIUM]","[PREMIUM]","[PREMIUM]","212","Section 212","8",10,"[]","2027-01-20 00:00:00","electronic","exchange",1,"[PREMIUM]","1,2,3,4,5,6,7,8,9,10"
"9P2c5MBZKGL","2026-08-21 23:58:26.675","2026-08-27 00:59:49.786","9P2c5MBZKGL","18378372","[PREMIUM]","[PREMIUM]","[PREMIUM]","110","Section 110","14",2,"[]","2027-01-20 00:00:00","electronic","exchange",1,"[PREMIUM]","2"
"9P2c5MBZKDG","2026-08-21 23:58:26.675","2026-08-27 00:59:49.786","9P2c5MBZKDG","18378372","[PREMIUM]","[PREMIUM]","[PREMIUM]","123","Section 123","21",4,"[]","2027-01-20 00:00:00","electronic","exchange",0,"[PREMIUM]","1,2,3,4"
"9P2c5MBK3ro","2026-08-21 23:58:26.675","2026-08-23 00:17:57.359","9P2c5MBK3ro","18378372","[PREMIUM]","[PREMIUM]","[PREMIUM]","214","Section 214","7",8,"[]","2027-01-19 00:00:00","electronic","exchange",2,"[PREMIUM]","1,2,3,4,5,6,7,8"
"9P2c5MBZK2v","2026-08-21 23:58:26.675","2026-08-27 00:59:49.786","9P2c5MBZK2v","18378372","[PREMIUM]","[PREMIUM]","[PREMIUM]","114","Section 114","12",6,"[]","2027-01-20 00:00:00","electronic","exchange",1,"[PREMIUM]","1,2,3,4,5,6"
"9P2c5MBKoa5","2026-08-21 23:58:26.675","2026-08-23 00:17:57.359","9P2c5MBKoa5","18378372","[PREMIUM]","[PREMIUM]","[PREMIUM]","207A","Section 207 A","7",4,"[]","2027-01-19 00:00:00","electronic","exchange",2,"[PREMIUM]","1,2,3,4"
"9P2c5MBKoMD","2026-08-21 23:58:26.675","2026-08-23 00:17:57.359","9P2c5MBKoMD","18378372","[PREMIUM]","[PREMIUM]","[PREMIUM]","115","Section 115","22",5,"[]","2027-01-19 00:00:00","electronic","exchange",2,"[PREMIUM]","1,2,3,4,5"
"9P2c5MBKo8b","2026-08-21 23:58:26.675","2026-08-23 00:17:57.359","9P2c5MBKo8b","18378372","[PREMIUM]","[PREMIUM]","[PREMIUM]","220","Section 220","13",8,"[]","2027-01-19 00:00:00","electronic","exchange",2,"[PREMIUM]","1,2,3,4,5,6,7,8"
"9P2c5MBPBg4","2026-08-21 23:58:26.675","2026-09-01 23:57:34.770","9P2c5MBPBg4","18378372","[PREMIUM]","[PREMIUM]","[PREMIUM]","123","Section 123","21",4,"[]","2027-01-20 00:00:00","electronic","exchange",0,"[PREMIUM]","2,4"
"9P2c5MBPBn4","2026-08-21 23:58:26.675","2026-09-01 23:57:34.770","9P2c5MBPBn4","18378372","[PREMIUM]","[PREMIUM]","[PREMIUM]","114","Section 114","16",2,"[]","2027-01-20 00:00:00","electronic","exchange",1,"[PREMIUM]","2"
"9P2c5MBPBnp","2026-08-21 23:58:26.675","2026-09-01 23:57:34.770","9P2c5MBPBnp","18378372","[PREMIUM]","[PREMIUM]","[PREMIUM]","111","Section 111","9",5,"[]","2027-01-20 00:00:00","electronic","exchange",1,"[PREMIUM]","2,3,4,5"
"9P2c5MBNom2","2026-08-21 23:58:26.675","2026-08-31 00:23:59.427","9P2c5MBNom2","18378372","[PREMIUM]","[PREMIUM]","[PREMIUM]","216A","Section 216 A","12",2,"[]","2027-01-20 00:00:00","electronic","exchange",1,"[PREMIUM]","2"
"9P2c5MBNok9","2026-08-21 23:58:26.675","2026-08-31 00:23:59.427","9P2c5MBNok9","18378372","[PREMIUM]","[PREMIUM]","[PREMIUM]","224","Section 224","11",2,"[]","2027-01-20 00:00:00","electronic","exchange",2,"[PREMIUM]","2"
"9P2c5MBNoK4","2026-08-21 23:58:26.675","2026-08-31 00:23:59.427","9P2c5MBNoK4","18378372","[PREMIUM]","[PREMIUM]","[PREMIUM]","209","Section 209","3",2,"[]","2027-01-20 00:00:00","electronic","exchange",1,"[PREMIUM]","2"
"9P2c5MBnAa2","2026-08-21 23:58:26.675","2026-08-27 00:59:49.786","9P2c5MBnAa2","18378372","[PREMIUM]","[PREMIUM]","[PREMIUM]","222A","Section 222 A","9",7,"[]","2027-01-20 00:00:00","electronic","exchange",0,"[PREMIUM]","1,2,3,4,5,6,7"
"9P2c5MBbbDX","2026-08-21 23:58:26.675","2026-08-31 00:23:59.427","9P2c5MBbbDX","18378372","[PREMIUM]","[PREMIUM]","[PREMIUM]","120","Section 120","11",11,"[]","2027-01-20 00:00:00","electronic","exchange",1,"[PREMIUM]","1,2,3,4,5,6,7,8,9,10,11"
"9P2c5MBbbDM","2026-08-21 23:58:26.675","2026-08-31 00:23:59.427","9P2c5MBbbDM","18378372","[PREMIUM]","[PREMIUM]","[PREMIUM]","115","Section 115","8",9,"[]","2027-01-20 00:00:00","electronic","exchange",1,"[PREMIUM]","1,2,3,4,5,6,7,8,9"
"9P2c5MBbbOx","2026-08-21 23:58:26.675","2026-08-31 00:23:59.427","9P2c5MBbbOx","18378372","[PREMIUM]","[PREMIUM]","[PREMIUM]","104","Section 104","16",13,"[]","2027-01-20 00:00:00","electronic","exchange",1,"[PREMIUM]","1,2,3,4,5,6,7,8,9,10,11,12,13"
"9P2c5MBbbRn","2026-08-21 23:58:26.675","2026-08-31 00:23:59.427","9P2c5MBbbRn","18378372","[PREMIUM]","[PREMIUM]","[PREMIUM]","208","Section 208","13",5,"[]","2027-01-20 00:00:00","electronic","exchange",2,"[PREMIUM]","1,2,3,4,5"
"9P2c5MBbb8M","2026-08-21 23:58:26.675","2026-08-31 00:23:59.427","9P2c5MBbb8M","18378372","[PREMIUM]","[PREMIUM]","[PREMIUM]","105","Section 105","16",11,"[]","2027-01-20 00:00:00","electronic","exchange",1,"[PREMIUM]","1,2,3,4,5,6,7,8,9,10,11"
"9P2c5MBbbox","2026-08-21 23:58:26.675","2026-08-31 00:23:59.427","9P2c5MBbbox","18378372","[PREMIUM]","[PREMIUM]","[PREMIUM]","216","Section 216","13",2,"[]","2027-01-20 00:00:00","electronic","exchange",1,"[PREMIUM]","2"
"9P2c5MBbbqX","2026-08-21 23:58:26.675","2026-08-31 00:23:59.427","9P2c5MBbbqX","18378372","[PREMIUM]","[PREMIUM]","[PREMIUM]","106","Section 106","12",3,"[]","2027-01-20 00:00:00","electronic","exchange",1,"[PREMIUM]","1,2,3"
"9P2c5MBbbPn","2026-08-21 23:58:26.675","2026-08-31 00:23:59.427","9P2c5MBbbPn","18378372","[PREMIUM]","[PREMIUM]","[PREMIUM]","219A","Section 219 A","12",2,"[]","2027-01-20 00:00:00","electronic","exchange",1,"[PREMIUM]","2"
"9P2c5MBmglm","2026-08-21 23:58:26.675","2026-09-03 00:20:35.320","9P2c5MBmglm","18378372","[PREMIUM]","[PREMIUM]","[PREMIUM]","221","Section 221","8",2,"[]","2027-01-20 00:00:00","electronic","exchange",0,"[PREMIUM]","2"
"9P2c5MBmgjX","2026-08-21 23:58:26.675","2026-09-03 00:20:35.320","9P2c5MBmgjX","18378372","[PREMIUM]","[PREMIUM]","[PREMIUM]","201","Section 201","13",10,"[]","2027-01-20 00:00:00","electronic","exchange",1,"[PREMIUM]","2,3,4,5,6,7,8,9,10"
"9P2c5MBmgEX","2026-08-21 23:58:26.675","2026-09-03 00:20:35.320","9P2c5MBmgEX","18378372","[PREMIUM]","[PREMIUM]","[PREMIUM]","106","Section 106","11",7,"[]","2027-01-20 00:00:00","electronic","exchange",1,"[PREMIUM]","2,3,4,5,6,7"
"9P2c5MBmgDm","2026-08-21 23:58:26.675","2026-09-03 00:20:35.320","9P2c5MBmgDm","18378372","[PREMIUM]","[PREMIUM]","[PREMIUM]","219A","Section 219 A","9",11,"[]","2027-01-20 00:00:00","electronic","exchange",1,"[PREMIUM]","2,3,4,5,6,7,8,9,10,11"
"9P2c5MBmg8m","2026-08-21 23:58:26.675","2026-09-03 00:20:35.320","9P2c5MBmg8m","18378372","[PREMIUM]","[PREMIUM]","[PREMIUM]","204","Section 204","12",4,"[]","2027-01-20 00:00:00","electronic","exchange",1,"[PREMIUM]","2,4"
"9P2c5MB9Bwe","2026-08-21 23:58:26.675","2026-09-03 00:20:35.320","9P2c5MB9Bwe","18378372","[PREMIUM]","[PREMIUM]","[PREMIUM]","124","Section 124","12",8,"[]","2027-01-20 00:00:00","electronic","exchange",1,"[PREMIUM]","2,3,4,5,6,7,8"
"9P2c5MB9BrB","2026-08-21 23:58:26.675","2026-09-03 00:20:35.320","9P2c5MB9BrB","18378372","[PREMIUM]","[PREMIUM]","[PREMIUM]","117","Section 117","21",7,"[]","2027-01-20 00:00:00","electronic","exchange",1,"[PREMIUM]","2,3,4,5,6,7"
"9P2c5MB9Bee","2026-08-21 23:58:26.675","2026-09-03 00:20:35.320","9P2c5MB9Bee","18378372","[PREMIUM]","[PREMIUM]","[PREMIUM]","119","Section 119","11",6,"[]","2027-01-20 00:00:00","electronic","exchange",1,"[PREMIUM]","2,3,4,5,6"
"9P2c5MB97zp","2026-08-21 23:58:26.675","2026-09-03 00:20:35.320","9P2c5MB97zp","18378372","[PREMIUM]","[PREMIUM]","[PREMIUM]","213","Section 213","9",2,"[]","2027-01-20 00:00:00","electronic","exchange",1,"[PREMIUM]","2"
"9P2c5MB97lN","2026-08-21 23:58:26.675","2026-09-03 00:20:35.320","9P2c5MB97lN","18378372","[PREMIUM]","[PREMIUM]","[PREMIUM]","222A","Section 222 A","10",9,"[]","2027-01-20 00:00:00","electronic","exchange",0,"[PREMIUM]","2,3,4,5,6,7,8,9"
"9P2c5MB975A","2026-08-21 23:58:26.675","2026-09-03 00:20:35.320","9P2c5MB975A","18378372","[PREMIUM]","[PREMIUM]","[PREMIUM]","105","Section 105","14",12,"[]","2027-01-20 00:00:00","electronic","exchange",1,"[PREMIUM]","2,3,4,5,6,7,8,9,10,11,12"
"9P2c5MB9752","2026-08-21 23:58:26.675","2026-09-03 00:20:35.320","9P2c5MB9752","18378372","[PREMIUM]","[PREMIUM]","[PREMIUM]","107","Section 107","12",4,"[]","2027-01-20 00:00:00","electronic","exchange",1,"[PREMIUM]","2,4"
"A6rs2KmA4gB","2026-08-21 23:58:26.675","2026-08-31 00:23:59.427","A6rs2KmA4gB","18378372","[PREMIUM]","[PREMIUM]","[PREMIUM]","216","Section 216","4",2,"[]","2027-01-20 00:00:00","electronic","exchange",1,"[PREMIUM]","2"
"A6rs2KmA4YZ","2026-08-21 23:58:26.675","2026-08-31 00:23:59.427","A6rs2KmA4YZ","18378372","[PREMIUM]","[PREMIUM]","[PREMIUM]","110","Section 110","12",2,"[]","2027-01-20 00:00:00","electronic","exchange",1,"[PREMIUM]","2"
"A6rs2KmA454","2026-08-21 23:58:26.675","2026-08-31 00:23:59.427","A6rs2KmA454","18378372","[PREMIUM]","[PREMIUM]","[PREMIUM]","203","Section 203","1",4,"[]","2027-01-20 00:00:00","electronic","exchange",2,"[PREMIUM]","1,2,3,4"
"A6rs2Km3eBG","2026-08-21 23:58:26.675","2026-08-23 00:17:57.359","A6rs2Km3eBG","18378372","[PREMIUM]","[PREMIUM]","[PREMIUM]","102","Section 102","18",4,"[]","2027-01-19 00:00:00","electronic","exchange",2,"[PREMIUM]","1,2,3,4"
"A6rs2Km347N","2026-08-21 23:58:26.675","2026-08-23 00:17:57.359","A6rs2Km347N","18378372","[PREMIUM]","[PREMIUM]","[PREMIUM]","108","Section 108","12",5,"[]","2027-01-19 00:00:00","electronic","exchange",1,"[PREMIUM]","1,2,3,4,5"
"A6rs2KmVmLK","2026-08-21 23:58:26.675","2026-09-01 23:57:34.770","A6rs2KmVmLK","18378372","[PREMIUM]","[PREMIUM]","[PREMIUM]","208","Section 208","13",4,"[]","2027-01-20 00:00:00","electronic","exchange",1,"[PREMIUM]","2,4"
"A6rs2KmVmNK","2026-08-21 23:58:26.675","2026-09-01 23:57:34.770","A6rs2KmVmNK","18378372","[PREMIUM]","[PREMIUM]","[PREMIUM]","118","Section 118","23",3,"[]","2027-01-20 00:00:00","electronic","exchange",1,"[PREMIUM]","3"
"A6rs2Kmaax6","2026-08-21 23:58:26.675","2026-08-31 00:23:59.427","A6rs2Kmaax6","18378372","[PREMIUM]","[PREMIUM]","[PREMIUM]","124","Section 124","6",2,"[]","2027-01-20 00:00:00","electronic","exchange",1,"[PREMIUM]","2"
"A6rs2Kmaaj0","2026-08-21 23:58:26.675","2026-08-31 00:23:59.427","A6rs2Kmaaj0","18378372","[PREMIUM]","[PREMIUM]","[PREMIUM]","224","Section 224","5",2,"[]","2027-01-20 00:00:00","electronic","exchange",2,"[PREMIUM]","2"
"A6rs2KmaaX2","2026-08-21 23:58:26.675","2026-08-31 00:23:59.427","A6rs2KmaaX2","18378372","[PREMIUM]","[PREMIUM]","[PREMIUM]","224","Section 224","12",12,"[]","2027-01-20 00:00:00","electronic","exchange",2,"[PREMIUM]","1,2,3,4,5,6,7,8,9,10,11,12"
"A6rs2KmaaV2","2026-08-21 23:58:26.675","2026-08-31 00:23:59.427","A6rs2KmaaV2","18378372","[PREMIUM]","[PREMIUM]","[PREMIUM]","203","Section 203","14",2,"[]","2027-01-20 00:00:00","electronic","exchange",1,"[PREMIUM]","2"
"A6rs2Kmaa7m","2026-08-21 23:58:26.675","2026-08-31 00:23:59.427","A6rs2Kmaa7m","18378372","[PREMIUM]","[PREMIUM]","[PREMIUM]","103","Section 103","19",4,"[]","2027-01-20 00:00:00","electronic","exchange",1,"[PREMIUM]","1,2,3,4"
"A6rs2KmVXAK","2026-08-21 23:58:26.675","2026-09-01 23:57:34.770","A6rs2KmVXAK","18378372","[PREMIUM]","[PREMIUM]","[PREMIUM]","103","Section 103","23",3,"[]","2027-01-20 00:00:00","electronic","exchange",1,"[PREMIUM]","3"
"A6rs2KmVVRP","2026-08-21 23:58:26.675","2026-09-01 23:57:34.770","A6rs2KmVVRP","18378372","[PREMIUM]","[PREMIUM]","[PREMIUM]","212","Section 212","12",6,"[]","2027-01-20 00:00:00","electronic","exchange",1,"[PREMIUM]","2,3,4,5,6"
"A6rs2KmVVE5","2026-08-21 23:58:26.675","2026-09-01 23:57:34.770","A6rs2KmVVE5","18378372","[PREMIUM]","[PREMIUM]","[PREMIUM]","224","Section 224","10",5,"[]","2027-01-20 00:00:00","electronic","exchange",1,"[PREMIUM]","2,3,4,5"
"A6rs2KmL330","2026-08-21 23:58:26.675","2026-08-27 00:59:49.786","A6rs2KmL330","18378372","[PREMIUM]","[PREMIUM]","[PREMIUM]","207","Section 207","8",4,"[]","2027-01-20 00:00:00","electronic","exchange",1,"[PREMIUM]","1,2,3,4"
"A6rs2KmL37P","2026-08-21 23:58:26.675","2026-08-27 00:59:49.786","A6rs2KmL37P","18378372","[PREMIUM]","[PREMIUM]","[PREMIUM]","119","Section 119","9",4,"[]","2027-01-20 00:00:00","electronic","exchange",1,"[PREMIUM]","1,2,3,4"
"A6rs2KmL3lj","2026-08-21 23:58:26.675","2026-08-27 00:59:49.786","A6rs2KmL3lj","18378372","[PREMIUM]","[PREMIUM]","[PREMIUM]","224","Section 224","10",5,"[]","2027-01-20 00:00:00","electronic","exchange",2,"[PREMIUM]","1,2,3,4,5"
"A6rs2KmENqm","2026-08-21 23:58:26.675","2026-09-03 00:20:35.320","A6rs2KmENqm","18378372","[PREMIUM]","[PREMIUM]","[PREMIUM]","119","Section 119","17",6,"[]","2027-01-20 00:00:00","electronic","exchange",0,"[PREMIUM]","2,3,4,5,6"
"A6rs2KmwJ0o","2026-08-21 23:58:26.675","2026-09-03 00:20:35.320","A6rs2KmwJ0o","18378372","[PREMIUM]","[PREMIUM]","[PREMIUM]","219A","Section 219 A","8",13,"[]","2027-01-20 00:00:00","electronic","exchange",1,"[PREMIUM]","2,3,4,5,6,7,8,9,10,11,12,13"
"A6rs2KmwmBl","2026-08-21 23:58:26.675","2026-09-03 00:20:35.320","A6rs2KmwmBl","18378372","[PREMIUM]","[PREMIUM]","[PREMIUM]","115","Section 115","22",2,"[]","2027-01-20 00:00:00","electronic","exchange",2,"[PREMIUM]","2"
"A6rs2KmEN9r","2026-08-21 23:58:26.675","2026-09-03 00:20:35.320","A6rs2KmEN9r","18378372","[PREMIUM]","[PREMIUM]","[PREMIUM]","211","Section 211","10",8,"[]","2027-01-20 00:00:00","electronic","exchange",3,"[PREMIUM]","2,3,4,5,6,7,8"
"BALImMn9w2D","2026-08-21 23:58:26.675","2026-08-23 00:17:57.359","BALImMn9w2D","18378372","[PREMIUM]","[PREMIUM]","[PREMIUM]","104","Section 104","16",8,"[]","2027-01-19 00:00:00","electronic","exchange",2,"[PREMIUM]","1,2,3,4,5,6,7,8"
"BALImMnYYXK","2026-08-21 23:58:26.675","2026-08-31 00:23:59.427","BALImMnYYXK","18378372","[PREMIUM]","[PREMIUM]","[PREMIUM]","103","Section 103","23",3,"[]","2027-01-20 00:00:00","electronic","exchange",2,"[PREMIUM]","1,2,3"
"BALImMnjj6N","2026-08-21 23:58:26.675","2026-09-01 23:57:34.770","BALImMnjj6N","18378372","[PREMIUM]","[PREMIUM]","[PREMIUM]","118A","Section 118 A","2",13,"[]","2027-01-20 00:00:00","electronic","exchange",2,"[PREMIUM]","2,3,4,5,6,7,8,9,10,11,12,13"
"BALImMnYYPk","2026-08-21 23:58:26.675","2026-08-31 00:23:59.427","BALImMnYYPk","18378372","[PREMIUM]","[PREMIUM]","[PREMIUM]","124","Section 124","7",2,"[]","2027-01-20 00:00:00","electronic","exchange",1,"[PREMIUM]","2"
"BALImMnYYEa","2026-08-21 23:58:26.675","2026-08-31 00:23:59.427","BALImMnYYEa","18378372","[PREMIUM]","[PREMIUM]","[PREMIUM]","204","Section 204","7",2,"[]","2027-01-20 00:00:00","electronic","exchange",1,"[PREMIUM]","2"
"BALImMnYYb0","2026-08-21 23:58:26.675","2026-08-31 00:23:59.427","BALImMnYYb0","18378372","[PREMIUM]","[PREMIUM]","[PREMIUM]","211","Section 211","13",2,"[]","2027-01-20 00:00:00","electronic","exchange",4,"[PREMIUM]","2"
"BALImMnN9PY","2026-08-21 23:58:26.675","2026-08-27 00:59:49.786","BALImMnN9PY","18378372","[PREMIUM]","[PREMIUM]","[PREMIUM]","201","Section 201","12",4,"[]","2027-01-20 00:00:00","electronic","exchange",1,"[PREMIUM]","1,2,3,4"
"BALImMnN9RY","2026-08-21 23:58:26.675","2026-08-27 00:59:49.786","BALImMnN9RY","18378372","[PREMIUM]","[PREMIUM]","[PREMIUM]","119","Section 119","18",2,"[]","2027-01-20 00:00:00","electronic","exchange",1,"[PREMIUM]","2"
"BALImMnN9gA","2026-08-21 23:58:26.675","2026-08-27 00:59:49.786","BALImMnN9gA","18378372","[PREMIUM]","[PREMIUM]","[PREMIUM]","209A","Section 209 A","11",4,"[]","2027-01-20 00:00:00","electronic","exchange",1,"[PREMIUM]","1,2,3,4"
"BALImMnN9qm","2026-08-21 23:58:26.675","2026-08-27 00:59:49.786","BALImMnN9qm","18378372","[PREMIUM]","[PREMIUM]","[PREMIUM]","224","Section 224","15",4,"[]","2027-01-20 00:00:00","electronic","exchange",2,"[PREMIUM]","1,2,3,4"
"BALImMnjEr4","2026-08-21 23:58:26.675","2026-09-01 23:57:34.770","BALImMnjEr4","18378372","[PREMIUM]","[PREMIUM]","[PREMIUM]","104","Section 104","23",5,"[]","2027-01-20 00:00:00","electronic","exchange",1,"[PREMIUM]","1,2,3,5"
"BALImMnjng4","2026-08-21 23:58:26.675","2026-09-01 23:57:34.770","BALImMnjng4","18378372","[PREMIUM]","[PREMIUM]","[PREMIUM]","119","Section 119","18",2,"[]","2027-01-20 00:00:00","electronic","exchange",0,"[PREMIUM]","2"
"BALImMnjjKY","2026-08-21 23:58:26.675","2026-09-01 23:57:34.770","BALImMnjjKY","18378372","[PREMIUM]","[PREMIUM]","[PREMIUM]","213","Section 213","9",2,"[]","2027-01-20 00:00:00","electronic","exchange",1,"[PREMIUM]","2"
"BALImMnrxv6","2026-08-21 23:58:26.675","2026-08-31 00:23:59.427","BALImMnrxv6","18378372","[PREMIUM]","[PREMIUM]","[PREMIUM]","209","Section 209","1",3,"[]","2027-01-20 00:00:00","electronic","exchange",4,"[PREMIUM]","1,2,3"
"BALImMnrxlp","2026-08-21 23:58:26.675","2026-08-31 00:23:59.427","BALImMnrxlp","18378372","[PREMIUM]","[PREMIUM]","[PREMIUM]","222A","Section 222 A","5",5,"[]","2027-01-20 00:00:00","electronic","exchange",1,"[PREMIUM]","1,2,3,4,5"
"BALImMnrx7M","2026-08-21 23:58:26.675","2026-08-31 00:23:59.427","BALImMnrx7M","18378372","[PREMIUM]","[PREMIUM]","[PREMIUM]","116","Section 116","10",7,"[]","2027-01-20 00:00:00","electronic","exchange",2,"[PREMIUM]","1,2,3,4,5,6,7"
"BALImMnon27","2026-08-21 23:58:26.675","2026-09-03 00:20:35.320","BALImMnon27","18378372","[PREMIUM]","[PREMIUM]","[PREMIUM]","116","Section 116","22",4,"[]","2027-01-20 00:00:00","electronic","exchange",1,"[PREMIUM]","2,4"
"BALImMnoVlz","2026-08-21 23:58:26.675","2026-09-03 00:20:35.320","BALImMnoVlz","18378372","[PREMIUM]","[PREMIUM]","[PREMIUM]","103","Section 103","23",2,"[]","2027-01-20 00:00:00","electronic","exchange",1,"[PREMIUM]","2"
"BALImMnoVXM","2026-08-21 23:58:26.675","2026-09-03 00:20:35.320","BALImMnoVXM","18378372","[PREMIUM]","[PREMIUM]","[PREMIUM]","205A","Section 205 A","8",14,"[]","2027-01-20 00:00:00","electronic","exchange",1,"[PREMIUM]","2,3,4,5,6,7,8,9,10,11,12,13,14"
"BALImMnoVRx","2026-08-21 23:58:26.675","2026-09-03 00:20:35.320","BALImMnoVRx","18378372","[PREMIUM]","[PREMIUM]","[PREMIUM]","219A","Section 219 A","9",11,"[]","2027-01-20 00:00:00","electronic","exchange",1,"[PREMIUM]","2,3,4,5,6,7,8,9,10,11"
"BALImMnoVBp","2026-08-21 23:58:26.675","2026-09-03 00:20:35.320","BALImMnoVBp","18378372","[PREMIUM]","[PREMIUM]","[PREMIUM]","110","Section 110","13",2,"[]","2027-01-20 00:00:00","electronic","exchange",1,"[PREMIUM]","2"
"BALImMn6gZK","2026-08-21 23:58:26.675","2026-09-03 00:20:35.320","BALImMn6gZK","18378372","[PREMIUM]","[PREMIUM]","[PREMIUM]","109","Section 109","17",4,"[]","2027-01-20 00:00:00","electronic","exchange",1,"[PREMIUM]","2,4"
"BALImMn6gP8","2026-08-21 23:58:26.675","2026-09-03 00:20:35.320","BALImMn6gP8","18378372","[PREMIUM]","[PREMIUM]","[PREMIUM]","222","Section 222","7",10,"[]","2027-01-20 00:00:00","electronic","exchange",0,"[PREMIUM]","2,3,4,5,6,7,8,9,10"
"BALImMn6g88","2026-08-21 23:58:26.675","2026-09-03 00:20:35.320","BALImMn6g88","18378372","[PREMIUM]","[PREMIUM]","[PREMIUM]","208","Section 208","13",4,"[]","2027-01-20 00:00:00","electronic","exchange",1,"[PREMIUM]","2,4"
"BALImMn6g4K","2026-08-21 23:58:26.675","2026-09-03 00:20:35.320","BALImMn6g4K","18378372","[PREMIUM]","[PREMIUM]","[PREMIUM]","116","Section 116","22",4,"[]","2027-01-20 00:00:00","electronic","exchange",1,"[PREMIUM]","2,4"
"DdwHkM2AnOv","2026-08-21 23:58:26.675","2026-08-23 00:17:57.359","DdwHkM2AnOv","18378372","[PREMIUM]","[PREMIUM]","[PREMIUM]","108","Section 108","11",7,"[]","2027-01-19 00:00:00","electronic","exchange",1,"[PREMIUM]","1,2,3,4,5,6,7"
"DdwHkM2J2g5","2026-08-21 23:58:26.675","2026-09-01 23:57:34.770","DdwHkM2J2g5","18378372","[PREMIUM]","[PREMIUM]","[PREMIUM]","207","Section 207","10",7,"[]","2027-01-20 00:00:00","electronic","exchange",1,"[PREMIUM]","1,2,3,4,5,7"
"DdwHkM2Jdr5","2026-08-21 23:58:26.675","2026-09-01 23:57:34.770","DdwHkM2Jdr5","18378372","[PREMIUM]","[PREMIUM]","[PREMIUM]","103","Section 103","19",4,"[]","2027-01-20 00:00:00","electronic","exchange",1,"[PREMIUM]","2,4"
"DdwHkM2gA8n","2026-08-21 23:58:26.675","2026-08-27 00:59:49.786","DdwHkM2gA8n","18378372","[PREMIUM]","[PREMIUM]","[PREMIUM]","224","Section 224","8",4,"[]","2027-01-20 00:00:00","electronic","exchange",1,"[PREMIUM]","1,2,3,4"
"DdwHkM2gAAM","2026-08-21 23:58:26.675","2026-08-27 00:59:49.786","DdwHkM2gAAM","18378372","[PREMIUM]","[PREMIUM]","[PREMIUM]","206","Section 206","9",10,"[]","2027-01-20 00:00:00","electronic","exchange",1,"[PREMIUM]","1,2,3,4,5,6,7,8,9,10"
"DdwHkM2gAOz","2026-08-21 23:58:26.675","2026-08-27 00:59:49.786","DdwHkM2gAOz","18378372","[PREMIUM]","[PREMIUM]","[PREMIUM]","118","Section 118","21",6,"[]","2027-01-20 00:00:00","electronic","exchange",1,"[PREMIUM]","1,2,3,4,5,6"
"DdwHkM2gAl0","2026-08-21 23:58:26.675","2026-08-27 00:59:49.786","DdwHkM2gAl0","18378372","[PREMIUM]","[PREMIUM]","[PREMIUM]","207A","Section 207 A","7",3,"[]","2027-01-20 00:00:00","electronic","exchange",1,"[PREMIUM]","1,2,3"
"DdwHkM2JJKz","2026-08-21 23:58:26.675","2026-09-01 23:57:34.770","DdwHkM2JJKz","18378372","[PREMIUM]","[PREMIUM]","[PREMIUM]","212","Section 212","12",10,"[]","2027-01-20 00:00:00","electronic","exchange",1,"[PREMIUM]","2,3,4,5,6,7,8,9,10"
"DdwHkM2JJ70","2026-08-21 23:58:26.675","2026-09-01 23:57:34.770","DdwHkM2JJ70","18378372","[PREMIUM]","[PREMIUM]","[PREMIUM]","224","Section 224","8",4,"[]","2027-01-20 00:00:00","electronic","exchange",1,"[PREMIUM]","2,4"
"DdwHkM2J2m5","2026-08-21 23:58:26.675","2026-09-01 23:57:34.770","DdwHkM2J2m5","18378372","[PREMIUM]","[PREMIUM]","[PREMIUM]","118","Section 118","20",7,"[]","2027-01-20 00:00:00","electronic","exchange",0,"[PREMIUM]","2,3,4,5,6,7"
"DdwHkM2oo6M","2026-08-21 23:58:26.675","2026-08-31 00:23:59.427","DdwHkM2oo6M","18378372","[PREMIUM]","[PREMIUM]","[PREMIUM]","224","Section 224","7",2,"[]","2027-01-20 00:00:00","electronic","exchange",1,"[PREMIUM]","2"
"DdwHkM2rn58","2026-08-21 23:58:26.675","2026-08-31 00:23:59.427","DdwHkM2rn58","18378372","[PREMIUM]","[PREMIUM]","[PREMIUM]","108","Section 108","11",7,"[]","2027-01-20 00:00:00","electronic","exchange",1,"[PREMIUM]","1,2,3,4,5,6,7"
"DdwHkM2rn7P","2026-08-21 23:58:26.675","2026-08-31 00:23:59.427","DdwHkM2rn7P","18378372","[PREMIUM]","[PREMIUM]","[PREMIUM]","210","Section 210","11",4,"[]","2027-01-20 00:00:00","electronic","exchange",1,"[PREMIUM]","1,2,3,4"
"DdwHkM2rnVb","2026-08-21 23:58:26.675","2026-08-31 00:23:59.427","DdwHkM2rnVb","18378372","[PREMIUM]","[PREMIUM]","[PREMIUM]","119","Section 119","15",2,"[]","2027-01-20 00:00:00","electronic","exchange",1,"[PREMIUM]","2"
"DdwHkM2ood7","2026-08-21 23:58:26.675","2026-08-31 00:23:59.427","DdwHkM2ood7","18378372","[PREMIUM]","[PREMIUM]","[PREMIUM]","202","Section 202","14",4,"[]","2027-01-20 00:00:00","electronic","exchange",2,"[PREMIUM]","1,2,3,4"
"DdwHkM2ooOd","2026-08-21 23:58:26.675","2026-08-31 00:23:59.427","DdwHkM2ooOd","18378372","[PREMIUM]","[PREMIUM]","[PREMIUM]","103","Section 103","17",2,"[]","2027-01-20 00:00:00","electronic","exchange",1,"[PREMIUM]","2"
"DdwHkM2ooJ7","2026-08-21 23:58:26.675","2026-08-31 00:23:59.427","DdwHkM2ooJ7","18378372","[PREMIUM]","[PREMIUM]","[PREMIUM]","203","Section 203","15",2,"[]","2027-01-20 00:00:00","electronic","exchange",1,"[PREMIUM]","2"
"DdwHkM2ooDY","2026-08-21 23:58:26.675","2026-08-31 00:23:59.427","DdwHkM2ooDY","18378372","[PREMIUM]","[PREMIUM]","[PREMIUM]","120A","Section 120 A","2",2,"[]","2027-01-20 00:00:00","electronic","exchange",3,"[PREMIUM]","2"
"DdwHkM2pbqJ","2026-08-21 23:58:26.675","2026-09-03 00:20:35.320","DdwHkM2pbqJ","18378372","[PREMIUM]","[PREMIUM]","[PREMIUM]","103","Section 103","16",4,"[]","2027-01-20 00:00:00","electronic","exchange",1,"[PREMIUM]","2,4"
"DdwHkM2pbO8","2026-08-21 23:58:26.675","2026-09-03 00:20:35.320","DdwHkM2pbO8","18378372","[PREMIUM]","[PREMIUM]","[PREMIUM]","224","Section 224","15",4,"[]","2027-01-20 00:00:00","electronic","exchange",2,"[PREMIUM]","2,4"
"DdwHkM2p234","2026-08-21 23:58:26.675","2026-09-03 00:20:35.320","DdwHkM2p234","18378372","[PREMIUM]","[PREMIUM]","[PREMIUM]","123","Section 123","10",10,"[]","2027-01-20 00:00:00","electronic","exchange",0,"[PREMIUM]","2,3,4,5,6,7,8,9,10"
"DdwHkM27mld","2026-08-21 23:58:26.675","2026-09-03 00:20:35.320","DdwHkM27mld","18378372","[PREMIUM]","[PREMIUM]","[PREMIUM]","118","Section 118","13",10,"[]","2027-01-20 00:00:00","electronic","exchange",1,"[PREMIUM]","2,3,4,5,6,7,8,9,10"
"DdwHkM27mZd","2026-08-21 23:58:26.675","2026-09-03 00:20:35.320","DdwHkM27mZd","18378372","[PREMIUM]","[PREMIUM]","[PREMIUM]","110","Section 110","14",2,"[]","2027-01-20 00:00:00","electronic","exchange",0,"[PREMIUM]","2"
"DdwHkM27m4g","2026-08-21 23:58:26.675","2026-09-03 00:20:35.320","DdwHkM27m4g","18378372","[PREMIUM]","[PREMIUM]","[PREMIUM]","211","Section 211","12",8,"[]","2027-01-20 00:00:00","electronic","exchange",3,"[PREMIUM]","2,3,4,5,6,7,8"
"EroUXg3Bqz6","2026-08-21 23:58:26.675","2026-09-01 23:57:34.770","EroUXg3Bqz6","18378372","[PREMIUM]","[PREMIUM]","[PREMIUM]","108","Section 108","11",7,"[]","2027-01-20 00:00:00","electronic","exchange",0,"[PREMIUM]","2,3,4,5,6,7"
"EroUXg3BBJB","2026-08-21 23:58:26.675","2026-09-01 23:57:34.770","EroUXg3BBJB","18378372","[PREMIUM]","[PREMIUM]","[PREMIUM]","219A","Section 219 A","8",13,"[]","2027-01-20 00:00:00","electronic","exchange",0,"[PREMIUM]","2,3,4,5,6,7,8,9,10,11,12,13"
"EroUXg3BB6B","2026-08-21 23:58:26.675","2026-09-01 23:57:34.770","EroUXg3BB6B","18378372","[PREMIUM]","[PREMIUM]","[PREMIUM]","223","Section 223","1",2,"[]","2027-01-20 00:00:00","electronic","exchange",1,"[PREMIUM]","2"
"EroUXg3BB60","2026-08-21 23:58:26.675","2026-09-01 23:57:34.770","EroUXg3BB60","18378372","[PREMIUM]","[PREMIUM]","[PREMIUM]","218","Section 218","10",4,"[]","2027-01-20 00:00:00","electronic","exchange",0,"[PREMIUM]","2,4"
"EroUXg3B3EG","2026-08-21 23:58:26.675","2026-09-01 23:57:34.770","EroUXg3B3EG","18378372","[PREMIUM]","[PREMIUM]","[PREMIUM]","110","Section 110","22",4,"[]","2027-01-20 00:00:00","electronic","exchange",1,"[PREMIUM]","2,4"
"EroUXg3B3E6","2026-08-21 23:58:26.675","2026-09-01 23:57:34.770","EroUXg3B3E6","18378372","[PREMIUM]","[PREMIUM]","[PREMIUM]","114","Section 114","14",2,"[]","2027-01-20 00:00:00","electronic","exchange",1,"[PREMIUM]","2"
"EroUXg3B306","2026-08-21 23:58:26.675","2026-09-01 23:57:34.770","EroUXg3B306","18378372","[PREMIUM]","[PREMIUM]","[PREMIUM]","123","Section 123","12",4,"[]","2027-01-20 00:00:00","electronic","exchange",1,"[PREMIUM]","2,4"
"EroUXg3J087","2026-08-21 23:58:26.675","2026-09-03 00:20:35.320","EroUXg3J087","18378372","[PREMIUM]","[PREMIUM]","[PREMIUM]","202","Section 202","12",2,"[]","2027-01-20 00:00:00","electronic","exchange",1,"[PREMIUM]","2"
"EroUXg3MRYG","2026-08-21 23:58:26.675","2026-09-03 00:20:35.320","EroUXg3MRYG","18378372","[PREMIUM]","[PREMIUM]","[PREMIUM]","213","Section 213","9",2,"[]","2027-01-20 00:00:00","electronic","exchange",1,"[PREMIUM]","2"
"EroUXg3MRbm","2026-08-21 23:58:26.675","2026-09-03 00:20:35.320","EroUXg3MRbm","18378372","[PREMIUM]","[PREMIUM]","[PREMIUM]","110","Section 110","22",4,"[]","2027-01-20 00:00:00","electronic","exchange",1,"[PREMIUM]","2,4"
"EroUXg3MRlq","2026-08-21 23:58:26.675","2026-09-03 00:20:35.320","EroUXg3MRlq","18378372","[PREMIUM]","[PREMIUM]","[PREMIUM]","112","Section 112","14",2,"[]","2027-01-20 00:00:00","electronic","exchange",1,"[PREMIUM]","2"
"EroUXg3M3dq","2026-08-21 23:58:26.675","2026-09-03 00:20:35.320","EroUXg3M3dq","18378372","[PREMIUM]","[PREMIUM]","[PREMIUM]","118","Section 118","23",3,"[]","2027-01-20 00:00:00","electronic","exchange",1,"[PREMIUM]","3"
"EroUXg3M3d9","2026-08-21 23:58:26.675","2026-09-03 00:20:35.320","EroUXg3M3d9","18378372","[PREMIUM]","[PREMIUM]","[PREMIUM]","119","Section 119","17",6,"[]","2027-01-20 00:00:00","electronic","exchange",1,"[PREMIUM]","2,3,4,5,6"
"EroUXg3M3V9","2026-08-21 23:58:26.675","2026-09-03 00:20:35.320","EroUXg3M3V9","18378372","[PREMIUM]","[PREMIUM]","[PREMIUM]","123","Section 123","21",4,"[]","2027-01-20 00:00:00","electronic","exchange",0,"[PREMIUM]","2,4"
"EroUXg3J0Z7","2026-08-21 23:58:26.675","2026-09-03 00:20:35.320","EroUXg3J0Z7","18378372","[PREMIUM]","[PREMIUM]","[PREMIUM]","117","Section 117","12",9,"[]","2027-01-20 00:00:00","electronic","exchange",2,"[PREMIUM]","2,3,4,5,6,7,8,9"
"EroUXg3J0KO","2026-08-21 23:58:26.675","2026-09-03 00:20:35.320","EroUXg3J0KO","18378372","[PREMIUM]","[PREMIUM]","[PREMIUM]","105","Section 105","14",12,"[]","2027-01-20 00:00:00","electronic","exchange",1,"[PREMIUM]","2,3,4,5,6,7,8,9,10,11,12"
"EroUXg3J0K7","2026-08-21 23:58:26.675","2026-09-03 00:20:35.320","EroUXg3J0K7","18378372","[PREMIUM]","[PREMIUM]","[PREMIUM]","107","Section 107","12",4,"[]","2027-01-20 00:00:00","electronic","exchange",1,"[PREMIUM]","2,4"
"EroUXg3J02L","2026-08-21 23:58:26.675","2026-09-03 00:20:35.320","EroUXg3J02L","18378372","[PREMIUM]","[PREMIUM]","[PREMIUM]","218","Section 218","10",4,"[]","2027-01-20 00:00:00","electronic","exchange",1,"[PREMIUM]","2,4"
"EroUXg3J0GL","2026-08-21 23:58:26.675","2026-09-03 00:20:35.320","EroUXg3J0GL","18378372","[PREMIUM]","[PREMIUM]","[PREMIUM]","205","Section 205","8",4,"[]","2027-01-20 00:00:00","electronic","exchange",1,"[PREMIUM]","2,4"
"EroUXg3o4n4","2026-08-21 23:58:26.675","2026-08-23 00:17:57.359","EroUXg3o4n4","18378372","[PREMIUM]","[PREMIUM]","[PREMIUM]","109","Section 109","15",4,"[]","2027-01-19 00:00:00","electronic","exchange",2,"[PREMIUM]","1,2,3,4"
"EroUXg3moP0","2026-08-21 23:58:26.675","2026-08-27 00:59:49.786","EroUXg3moP0","18378372","[PREMIUM]","[PREMIUM]","[PREMIUM]","123","Section 123","10",10,"[]","2027-01-20 00:00:00","electronic","exchange",1,"[PREMIUM]","1,2,3,4,5,6,7,8,9,10"
"EroUXg3mo20","2026-08-21 23:58:26.675","2026-08-27 00:59:49.786","EroUXg3mo20","18378372","[PREMIUM]","[PREMIUM]","[PREMIUM]","215","Section 215","5",7,"[]","2027-01-20 00:00:00","electronic","exchange",1,"[PREMIUM]","1,2,3,4,5,6,7"
"EroUXg3o48k","2026-08-21 23:58:26.675","2026-08-23 00:17:57.359","EroUXg3o48k","18378372","[PREMIUM]","[PREMIUM]","[PREMIUM]","123","Section 123","21",4,"[]","2027-01-19 00:00:00","electronic","exchange",1,"[PREMIUM]","1,2,3,4"
"EroUXg3o48E","2026-08-21 23:58:26.675","2026-08-23 00:17:57.359","EroUXg3o48E","18378372","[PREMIUM]","[PREMIUM]","[PREMIUM]","206","Section 206","9",8,"[]","2027-01-19 00:00:00","electronic","exchange",2,"[PREMIUM]","1,2,3,4,5,6,7,8"
"EroUXg3moAM","2026-08-21 23:58:26.675","2026-08-27 00:59:49.786","EroUXg3moAM","18378372","[PREMIUM]","[PREMIUM]","[PREMIUM]","214","Section 214","14",18,"[]","2027-01-20 00:00:00","electronic","exchange",1,"[PREMIUM]","1,2,3,4,5,6,7,8,9,10,11,12,13,14,15,16,17,18"
"EroUXg3moOp","2026-08-21 23:58:26.675","2026-08-27 00:59:49.786","EroUXg3moOp","18378372","[PREMIUM]","[PREMIUM]","[PREMIUM]","110","Section 110","13",2,"[]","2027-01-20 00:00:00","electronic","exchange",0,"[PREMIUM]","2"
"EroUXg3kLdD","2026-08-21 23:58:26.675","2026-08-31 00:23:59.427","EroUXg3kLdD","18378372","[PREMIUM]","[PREMIUM]","[PREMIUM]","220","Section 220","4",2,"[]","2027-01-20 00:00:00","electronic","exchange",1,"[PREMIUM]","2"
"EroUXg3mooj","2026-08-21 23:58:26.675","2026-08-27 00:59:49.786","EroUXg3mooj","18378372","[PREMIUM]","[PREMIUM]","[PREMIUM]","211","Section 211","12",8,"[]","2027-01-20 00:00:00","electronic","exchange",4,"[PREMIUM]","1,2,3,4,5,6,7,8"
"EroUXg3mon0","2026-08-21 23:58:26.675","2026-08-27 00:59:49.786","EroUXg3mon0","18378372","[PREMIUM]","[PREMIUM]","[PREMIUM]","112","Section 112","5",4,"[]","2027-01-20 00:00:00","electronic","exchange",5,"[PREMIUM]","1,2,3,4"
"EroUXg3moYj","2026-08-21 23:58:26.675","2026-08-27 00:59:49.786","EroUXg3moYj","18378372","[PREMIUM]","[PREMIUM]","[PREMIUM]","218","Section 218","9",4,"[]","2027-01-20 00:00:00","electronic","exchange",1,"[PREMIUM]","1,2,3,4"
"EroUXg3rrBw","2026-08-21 23:58:26.675","2026-08-31 00:23:59.427","EroUXg3rrBw","18378372","[PREMIUM]","[PREMIUM]","[PREMIUM]","219","Section 219","11",19,"[]","2027-01-20 00:00:00","electronic","exchange",1,"[PREMIUM]","1,2,3,4,5,6,7,8,9,10,11,12,13,14,15,16,17,18,19"
"EroUXg3rrP7","2026-08-21 23:58:26.675","2026-08-31 00:23:59.427","EroUXg3rrP7","18378372","[PREMIUM]","[PREMIUM]","[PREMIUM]","119","Section 119","11",6,"[]","2027-01-20 00:00:00","electronic","exchange",1,"[PREMIUM]","1,2,3,4,5,6"
"EroUXg3rrPO","2026-08-21 23:58:26.675","2026-08-31 00:23:59.427","EroUXg3rrPO","18378372","[PREMIUM]","[PREMIUM]","[PREMIUM]","108","Section 108","8",4,"[]","2027-01-20 00:00:00","electronic","exchange",2,"[PREMIUM]","1,2,3,4"
"EroUXg3z4DV","2026-08-21 23:58:26.675","2026-08-31 00:23:59.427","EroUXg3z4DV","18378372","[PREMIUM]","[PREMIUM]","[PREMIUM]","113","Section 113","4",2,"[]","2027-01-20 00:00:00","electronic","exchange",1,"[PREMIUM]","2"
"EroUXg3z4O3","2026-08-21 23:58:26.675","2026-08-31 00:23:59.427","EroUXg3z4O3","18378372","[PREMIUM]","[PREMIUM]","[PREMIUM]","111","Section 111","10",2,"[]","2027-01-20 00:00:00","electronic","exchange",1,"[PREMIUM]","2"
"EroUXg3rr5j","2026-08-21 23:58:26.675","2026-08-31 00:23:59.427","EroUXg3rr5j","18378372","[PREMIUM]","[PREMIUM]","[PREMIUM]","104","Section 104","20",2,"[]","2027-01-20 00:00:00","electronic","exchange",1,"[PREMIUM]","2"
"EroUXg3rr4j","2026-08-21 23:58:26.675","2026-08-31 00:23:59.427","EroUXg3rr4j","18378372","[PREMIUM]","[PREMIUM]","[PREMIUM]","215","Section 215","14",2,"[]","2027-01-20 00:00:00","electronic","exchange",0,"[PREMIUM]","2"
"EroUXg3z4AN","2026-08-21 23:58:26.675","2026-08-31 00:23:59.427","EroUXg3z4AN","18378372","[PREMIUM]","[PREMIUM]","[PREMIUM]","213","Section 213","12",2,"[]","2027-01-20 00:00:00","electronic","exchange",1,"[PREMIUM]","2"
"EroUXg3rrn7","2026-08-21 23:58:26.675","2026-08-31 00:23:59.427","EroUXg3rrn7","18378372","[PREMIUM]","[PREMIUM]","[PREMIUM]","105","Section 105","12",2,"[]","2027-01-20 00:00:00","electronic","exchange",1,"[PREMIUM]","2"
"EroUXg3rrqw","2026-08-21 23:58:26.675","2026-08-31 00:23:59.427","EroUXg3rrqw","18378372","[PREMIUM]","[PREMIUM]","[PREMIUM]","207A","Section 207 A","11",19,"[]","2027-01-20 00:00:00","electronic","exchange",2,"[PREMIUM]","1,2,3,4,5,6,7,8,9,10,11,12,13,14,15,16,17,18,19"
"EroUXg3z4Jm","2026-08-21 23:58:26.675","2026-08-31 00:23:59.427","EroUXg3z4Jm","18378372","[PREMIUM]","[PREMIUM]","[PREMIUM]","215","Section 215","11",2,"[]","2027-01-20 00:00:00","electronic","exchange",0,"[PREMIUM]","2"
"GAaI6094Nw9","2026-08-21 23:58:26.675","2026-08-27 00:59:49.786","GAaI6094Nw9","18378372","[PREMIUM]","[PREMIUM]","[PREMIUM]","224","Section 224","8",2,"[]","2027-01-20 00:00:00","electronic","exchange",1,"[PREMIUM]","2"
"GAaI6094NVM","2026-08-21 23:58:26.675","2026-08-27 00:59:49.786","GAaI6094NVM","18378372","[PREMIUM]","[PREMIUM]","[PREMIUM]","207A","Section 207 A","7",4,"[]","2027-01-20 00:00:00","electronic","exchange",1,"[PREMIUM]","1,2,3,4"
"GAaI6094NNb","2026-08-21 23:58:26.675","2026-08-27 00:59:49.786","GAaI6094NNb","18378372","[PREMIUM]","[PREMIUM]","[PREMIUM]","206","Section 206","8",10,"[]","2027-01-20 00:00:00","electronic","exchange",1,"[PREMIUM]","1,2,3,4,5,6,7,8,9,10"
"GAaI6094N26","2026-08-21 23:58:26.675","2026-08-27 00:59:49.786","GAaI6094N26","18378372","[PREMIUM]","[PREMIUM]","[PREMIUM]","118","Section 118","20",7,"[]","2027-01-20 00:00:00","electronic","exchange",1,"[PREMIUM]","1,2,3,4,5,6,7"
"GAaI609Aol4","2026-08-21 23:58:26.675","2026-09-01 23:57:34.770","GAaI609Aol4","18378372","[PREMIUM]","[PREMIUM]","[PREMIUM]","103","Section 103","16",4,"[]","2027-01-20 00:00:00","electronic","exchange",0,"[PREMIUM]","2,4"
"GAaI609A944","2026-08-21 23:58:26.675","2026-09-01 23:57:34.770","GAaI609A944","18378372","[PREMIUM]","[PREMIUM]","[PREMIUM]","207","Section 207","9",11,"[]","2027-01-20 00:00:00","electronic","exchange",1,"[PREMIUM]","2,3,4,5,6,7,8,9,10,11"
"GAaI609A9n4","2026-08-21 23:58:26.675","2026-09-01 23:57:34.770","GAaI609A9n4","18378372","[PREMIUM]","[PREMIUM]","[PREMIUM]","118","Section 118","19",8,"[]","2027-01-20 00:00:00","electronic","exchange",0,"[PREMIUM]","2,3,4,5,6,7,8"
"GAaI609Nm2w","2026-08-21 23:58:26.675","2026-08-23 00:17:57.359","GAaI609Nm2w","18378372","[PREMIUM]","[PREMIUM]","[PREMIUM]","107","Section 107","15",7,"[]","2027-01-19 00:00:00","electronic","exchange",2,"[PREMIUM]","1,2,3,4,5,6,7"
"GAaI609AAPM","2026-08-21 23:58:26.675","2026-09-01 23:57:34.770","GAaI609AAPM","18378372","[PREMIUM]","[PREMIUM]","[PREMIUM]","224","Section 224","8",2,"[]","2027-01-20 00:00:00","electronic","exchange",1,"[PREMIUM]","2"
"GAaI609Nm03","2026-08-21 23:58:26.675","2026-08-23 00:17:57.359","GAaI609Nm03","18378372","[PREMIUM]","[PREMIUM]","[PREMIUM]","114","Section 114","14",8,"[]","2027-01-19 00:00:00","electronic","exchange",2,"[PREMIUM]","1,2,3,4,5,6,7,8"
"GAaI609AAz6","2026-08-21 23:58:26.675","2026-09-01 23:57:34.770","GAaI609AAz6","18378372","[PREMIUM]","[PREMIUM]","[PREMIUM]","212","Section 212","10",14,"[]","2027-01-20 00:00:00","electronic","exchange",1,"[PREMIUM]","1,2,3,4,5,6,7,8,9,10,11,12,14"
"GAaI609NmkZ","2026-08-21 23:58:26.675","2026-08-23 00:17:57.359","GAaI609NmkZ","18378372","[PREMIUM]","[PREMIUM]","[PREMIUM]","118","Section 118","21",6,"[]","2027-01-19 00:00:00","electronic","exchange",2,"[PREMIUM]","1,2,3,4,5,6"
"GAaI609Nm8Z","2026-08-21 23:58:26.675","2026-08-23 00:17:57.359","GAaI609Nm8Z","18378372","[PREMIUM]","[PREMIUM]","[PREMIUM]","211","Section 211","10",8,"[]","2027-01-19 00:00:00","electronic","exchange",5,"[PREMIUM]","1,2,3,4,5,6,7,8"
"GAaI609vv5b","2026-08-21 23:58:26.675","2026-08-31 00:23:59.427","GAaI609vv5b","18378372","[PREMIUM]","[PREMIUM]","[PREMIUM]","224","Section 224","7",2,"[]","2027-01-20 00:00:00","electronic","exchange",1,"[PREMIUM]","2"
"GAaI609vvoL","2026-08-21 23:58:26.675","2026-08-31 00:23:59.427","GAaI609vvoL","18378372","[PREMIUM]","[PREMIUM]","[PREMIUM]","207","Section 207","5",2,"[]","2027-01-20 00:00:00","electronic","exchange",2,"[PREMIUM]","2"
"GAaI609lmDo","2026-08-21 23:58:26.675","2026-08-31 00:23:59.427","GAaI609lmDo","18378372","[PREMIUM]","[PREMIUM]","[PREMIUM]","118","Section 118","17",2,"[]","2027-01-20 00:00:00","electronic","exchange",1,"[PREMIUM]","2"
"GAaI609vv2A","2026-08-21 23:58:26.675","2026-08-31 00:23:59.427","GAaI609vv2A","18378372","[PREMIUM]","[PREMIUM]","[PREMIUM]","110","Section 110","14",2,"[]","2027-01-20 00:00:00","electronic","exchange",1,"[PREMIUM]","2"
"GAaI609lmKD","2026-08-21 23:58:26.675","2026-08-31 00:23:59.427","GAaI609lmKD","18378372","[PREMIUM]","[PREMIUM]","[PREMIUM]","107","Section 107","12",4,"[]","2027-01-20 00:00:00","electronic","exchange",1,"[PREMIUM]","1,2,3,4"
"GAaI609lmPO","2026-08-21 23:58:26.675","2026-08-31 00:23:59.427","GAaI609lmPO","18378372","[PREMIUM]","[PREMIUM]","[PREMIUM]","209","Section 209","10",2,"[]","2027-01-20 00:00:00","electronic","exchange",1,"[PREMIUM]","2"
"GAaI609vvAL","2026-08-21 23:58:26.675","2026-08-31 00:23:59.427","GAaI609vvAL","18378372","[PREMIUM]","[PREMIUM]","[PREMIUM]","223","Section 223","7",4,"[]","2027-01-20 00:00:00","electronic","exchange",0,"[PREMIUM]","1,2,3,4"
"GAaI609vvGp","2026-08-21 23:58:26.675","2026-08-31 00:23:59.427","GAaI609vvGp","18378372","[PREMIUM]","[PREMIUM]","[PREMIUM]","102","Section 102","9",2,"[]","2027-01-20 00:00:00","electronic","exchange",1,"[PREMIUM]","2"
"GAaI609Pnkn","2026-08-21 23:58:26.675","2026-09-03 00:20:35.320","GAaI609Pnkn","18378372","[PREMIUM]","[PREMIUM]","[PREMIUM]","212","Section 212","8",10,"[]","2027-01-20 00:00:00","electronic","exchange",1,"[PREMIUM]","2,3,4,5,6,7,8,9,10"
"GAaI609PnZA","2026-08-21 23:58:26.675","2026-09-03 00:20:35.320","GAaI609PnZA","18378372","[PREMIUM]","[PREMIUM]","[PREMIUM]","110","Section 110","23",4,"[]","2027-01-20 00:00:00","electronic","exchange",1,"[PREMIUM]","2,4"
"GAaI609PnVA","2026-08-21 23:58:26.675","2026-09-03 00:20:35.320","GAaI609PnVA","18378372","[PREMIUM]","[PREMIUM]","[PREMIUM]","118","Section 118","19",8,"[]","2027-01-20 00:00:00","electronic","exchange",1,"[PREMIUM]","2,3,4,5,6,7,8"
"GAaI609Pn8n","2026-08-21 23:58:26.675","2026-09-03 00:20:35.320","GAaI609Pn8n","18378372","[PREMIUM]","[PREMIUM]","[PREMIUM]","224","Section 224","10",5,"[]","2027-01-20 00:00:00","electronic","exchange",1,"[PREMIUM]","2,3,4,5"
"GAaI609BRGV","2026-08-21 23:58:26.675","2026-09-03 00:20:35.320","GAaI609BRGV","18378372","[PREMIUM]","[PREMIUM]","[PREMIUM]","209A","Section 209 A","11",4,"[]","2027-01-20 00:00:00","electronic","exchange",1,"[PREMIUM]","2,4"
"GAaI609BR6O","2026-08-21 23:58:26.675","2026-09-03 00:20:35.320","GAaI609BR6O","18378372","[PREMIUM]","[PREMIUM]","[PREMIUM]","109","Section 109","16",2,"[]","2027-01-20 00:00:00","electronic","exchange",1,"[PREMIUM]","2"
"GAaI609B9E8","2026-08-21 23:58:26.675","2026-09-03 00:20:35.320","GAaI609B9E8","18378372","[PREMIUM]","[PREMIUM]","[PREMIUM]","202","Section 202","14",4,"[]","2027-01-20 00:00:00","electronic","exchange",2,"[PREMIUM]","2,4"
"GAaI609B93Y","2026-08-21 23:58:26.675","2026-09-03 00:20:35.320","GAaI609B93Y","18378372","[PREMIUM]","[PREMIUM]","[PREMIUM]","115","Section 115","19",4,"[]","2027-01-20 00:00:00","electronic","exchange",1,"[PREMIUM]","2,4"
"JABI3EvMNYl","2026-08-21 23:58:26.675","2026-08-27 00:59:49.786","JABI3EvMNYl","18378372","[PREMIUM]","[PREMIUM]","[PREMIUM]","219","Section 219","11",11,"[]","2027-01-20 00:00:00","electronic","exchange",1,"[PREMIUM]","1,2,3,4,5,6,7,8,9,10,11"
"JABI3EvMNNl","2026-08-21 23:58:26.675","2026-08-27 00:59:49.786","JABI3EvMNNl","18378372","[PREMIUM]","[PREMIUM]","[PREMIUM]","212","Section 212","10",10,"[]","2027-01-20 00:00:00","electronic","exchange",1,"[PREMIUM]","1,2,3,4,5,6,7,8,9,10"
"JABI3EvMN8d","2026-08-21 23:58:26.675","2026-08-27 00:59:49.786","JABI3EvMN8d","18378372","[PREMIUM]","[PREMIUM]","[PREMIUM]","222A","Section 222 A","5",5,"[]","2027-01-20 00:00:00","electronic","exchange",1,"[PREMIUM]","1,2,3,4,5"
"JABI3EvMN9B","2026-08-21 23:58:26.675","2026-08-27 00:59:49.786","JABI3EvMN9B","18378372","[PREMIUM]","[PREMIUM]","[PREMIUM]","112","Section 112","10",6,"[]","2027-01-20 00:00:00","electronic","exchange",5,"[PREMIUM]","1,2,3,4,5,6"
"JABI3EvMNBm","2026-08-21 23:58:26.675","2026-08-27 00:59:49.786","JABI3EvMNBm","18378372","[PREMIUM]","[PREMIUM]","[PREMIUM]","114","Section 114","14",2,"[]","2027-01-20 00:00:00","electronic","exchange",2,"[PREMIUM]","2"
"JABI3EvMNJ4","2026-08-21 23:58:26.675","2026-08-27 00:59:49.786","JABI3EvMNJ4","18378372","[PREMIUM]","[PREMIUM]","[PREMIUM]","110","Section 110","17",2,"[]","2027-01-20 00:00:00","electronic","exchange",1,"[PREMIUM]","2"
"JABI3EvMNM4","2026-08-21 23:58:26.675","2026-08-27 00:59:49.786","JABI3EvMNM4","18378372","[PREMIUM]","[PREMIUM]","[PREMIUM]","103","Section 103","19",4,"[]","2027-01-20 00:00:00","electronic","exchange",1,"[PREMIUM]","1,2,3,4"
"JABI3EvMNjB","2026-08-21 23:58:26.675","2026-08-27 00:59:49.786","JABI3EvMNjB","18378372","[PREMIUM]","[PREMIUM]","[PREMIUM]","124","Section 124","9",2,"[]","2027-01-20 00:00:00","electronic","exchange",1,"[PREMIUM]","2"
"JABI3EvN7AK","2026-08-21 23:58:26.675","2026-08-23 00:17:57.359","JABI3EvN7AK","18378372","[PREMIUM]","[PREMIUM]","[PREMIUM]","124","Section 124","16",4,"[]","2027-01-19 00:00:00","electronic","exchange",2,"[PREMIUM]","1,2,3,4"
"JABI3EvN7L5","2026-08-21 23:58:26.675","2026-08-23 00:17:57.359","JABI3EvN7L5","18378372","[PREMIUM]","[PREMIUM]","[PREMIUM]","207A","Section 207 A","8",8,"[]","2027-01-19 00:00:00","electronic","exchange",2,"[PREMIUM]","1,2,3,4,5,6,7,8"
"JABI3EvN7dK","2026-08-21 23:58:26.675","2026-08-23 00:17:57.359","JABI3EvN7dK","18378372","[PREMIUM]","[PREMIUM]","[PREMIUM]","117","Section 117","12",8,"[]","2027-01-19 00:00:00","electronic","exchange",3,"[PREMIUM]","1,2,3,4,5,6,7,8"
"JABI3Evaaj9","2026-08-21 23:58:26.675","2026-08-31 00:23:59.427","JABI3Evaaj9","18378372","[PREMIUM]","[PREMIUM]","[PREMIUM]","103","Section 103","9",2,"[]","2027-01-20 00:00:00","electronic","exchange",1,"[PREMIUM]","2"
"JABI3Evaaq8","2026-08-21 23:58:26.675","2026-08-31 00:23:59.427","JABI3Evaaq8","18378372","[PREMIUM]","[PREMIUM]","[PREMIUM]","208","Section 208","13",12,"[]","2027-01-20 00:00:00","electronic","exchange",2,"[PREMIUM]","1,2,3,4,5,6,7,8,9,10,11,12"
"JABI3Evk7N3","2026-08-21 23:58:26.675","2026-08-31 00:23:59.427","JABI3Evk7N3","18378372","[PREMIUM]","[PREMIUM]","[PREMIUM]","210A","Section 210 A","4",2,"[]","2027-01-20 00:00:00","electronic","exchange",0,"[PREMIUM]","2"
"JABI3Evk7Jg","2026-08-21 23:58:26.675","2026-08-31 00:23:59.427","JABI3Evk7Jg","18378372","[PREMIUM]","[PREMIUM]","[PREMIUM]","102","Section 102","12",2,"[]","2027-01-20 00:00:00","electronic","exchange",1,"[PREMIUM]","2"
"JABI3Evk7PE","2026-08-21 23:58:26.675","2026-08-31 00:23:59.427","JABI3Evk7PE","18378372","[PREMIUM]","[PREMIUM]","[PREMIUM]","217","Section 217","8",2,"[]","2027-01-20 00:00:00","electronic","exchange",1,"[PREMIUM]","2"
"JABI3Evaao8","2026-08-21 23:58:26.675","2026-08-31 00:23:59.427","JABI3Evaao8","18378372","[PREMIUM]","[PREMIUM]","[PREMIUM]","219A","Section 219 A","11",7,"[]","2027-01-20 00:00:00","electronic","exchange",1,"[PREMIUM]","1,2,3,4,5,6,7"
"JABI3Evaa7l","2026-08-21 23:58:26.675","2026-08-31 00:23:59.427","JABI3Evaa7l","18378372","[PREMIUM]","[PREMIUM]","[PREMIUM]","215","Section 215","8",2,"[]","2027-01-20 00:00:00","electronic","exchange",0,"[PREMIUM]","2"
"JABI3Evaa9e","2026-08-21 23:58:26.675","2026-08-31 00:23:59.427","JABI3Evaa9e","18378372","[PREMIUM]","[PREMIUM]","[PREMIUM]","106","Section 106","16",6,"[]","2027-01-20 00:00:00","electronic","exchange",1,"[PREMIUM]","1,2,3,4,5,6"
"JABI3Evk7V0","2026-08-21 23:58:26.675","2026-08-31 00:23:59.427","JABI3Evk7V0","18378372","[PREMIUM]","[PREMIUM]","[PREMIUM]","202","Section 202","6",3,"[]","2027-01-20 00:00:00","electronic","exchange",1,"[PREMIUM]","1,2,3"
"JABI3Evaaje","2026-08-21 23:58:26.675","2026-08-31 00:23:59.427","JABI3Evaaje","18378372","[PREMIUM]","[PREMIUM]","[PREMIUM]","123","Section 123","6",4,"[]","2027-01-20 00:00:00","electronic","exchange",0,"[PREMIUM]","1,2,3,4"
"JABI3Evaagl","2026-08-21 23:58:26.675","2026-08-31 00:23:59.427","JABI3Evaagl","18378372","[PREMIUM]","[PREMIUM]","[PREMIUM]","104","Section 104","20",2,"[]","2027-01-20 00:00:00","electronic","exchange",1,"[PREMIUM]","2"
"JABI3Evoo4v","2026-08-21 23:58:26.675","2026-09-01 23:57:34.770","JABI3Evoo4v","18378372","[PREMIUM]","[PREMIUM]","[PREMIUM]","223","Section 223","15",4,"[]","2027-01-20 00:00:00","electronic","exchange",0,"[PREMIUM]","2,4"
"JABI3EvovOG","2026-08-21 23:58:26.675","2026-09-01 23:57:34.770","JABI3EvovOG","18378372","[PREMIUM]","[PREMIUM]","[PREMIUM]","111","Section 111","13",5,"[]","2027-01-20 00:00:00","electronic","exchange",0,"[PREMIUM]","2,3,4,5"
"JABI3EvovO3","2026-08-21 23:58:26.675","2026-09-01 23:57:34.770","JABI3EvovO3","18378372","[PREMIUM]","[PREMIUM]","[PREMIUM]","114","Section 114","16",2,"[]","2027-01-20 00:00:00","electronic","exchange",1,"[PREMIUM]","2"
"JABI3Evov83","2026-08-21 23:58:26.675","2026-09-01 23:57:34.770","JABI3Evov83","18378372","[PREMIUM]","[PREMIUM]","[PREMIUM]","124","Section 124","9",2,"[]","2027-01-20 00:00:00","electronic","exchange",1,"[PREMIUM]","2"
"JABI3EvooPv","2026-08-21 23:58:26.675","2026-09-01 23:57:34.770","JABI3EvooPv","18378372","[PREMIUM]","[PREMIUM]","[PREMIUM]","221A","Section 221 A","7",10,"[]","2027-01-20 00:00:00","electronic","exchange",0,"[PREMIUM]","2,3,4,5,6,7,8,9,10"
"JABI3Evoo4B","2026-08-21 23:58:26.675","2026-09-01 23:57:34.770","JABI3Evoo4B","18378372","[PREMIUM]","[PREMIUM]","[PREMIUM]","220","Section 220","13",17,"[]","2027-01-20 00:00:00","electronic","exchange",1,"[PREMIUM]","2,3,4,5,6,7,8,9,10,11,12,13,14,15,16,17"
"JABI3Evevkr","2026-08-21 23:58:26.675","2026-09-03 00:20:35.320","JABI3Evevkr","18378372","[PREMIUM]","[PREMIUM]","[PREMIUM]","205","Section 205","9",2,"[]","2027-01-20 00:00:00","electronic","exchange",1,"[PREMIUM]","2"
