"_primaryKey","_firstSeenAt","_lastSeenAt","listingId","eventId","price","priceWithFees","fee","section","sectionFull","row","quantity","seats","inHandDate","deliveryType","marketplace","dealBucket","dealScore","splitType"
"A6rs2K3v0Da","2026-09-06 23:59:53.511","2026-09-11 17:08:38.022","A6rs2K3v0Da","18377311","[PREMIUM]","[PREMIUM]","[PREMIUM]","105","Section 105","10",2,"['9','10']","2027-01-06 00:00:00","electronic","exchange",0,"[PREMIUM]","2"
"DdwHkMAjXnV","2026-09-06 23:59:53.511","2026-09-13 04:02:51.615","DdwHkMAjXnV","18377311","[PREMIUM]","[PREMIUM]","[PREMIUM]","112","Section 112","16",2,"[]","2027-01-06 00:00:00","electronic","exchange",2,"[PREMIUM]","2"
"GAaI60NYGag","2026-09-06 23:59:53.511","2026-09-11 17:08:38.022","GAaI60NYGag","18377311","[PREMIUM]","[PREMIUM]","[PREMIUM]","224","Section 224","10",2,"['24','25']","2027-01-06 00:00:00","electronic","exchange",0,"[PREMIUM]","2"
"NrqUv6oopVb","2026-09-06 23:59:53.511","2026-09-19 22:52:02.683","NrqUv6oopVb","18377311","[PREMIUM]","[PREMIUM]","[PREMIUM]","219","Section 219","1",2,"['13','14']","2027-01-04 00:00:00","electronic","exchange",2,"[PREMIUM]","2"
"V4KU04Jxrdw","2026-09-06 23:59:53.511","2026-09-11 17:08:38.022","V4KU04Jxrdw","18377311","[PREMIUM]","[PREMIUM]","[PREMIUM]","228","Section 228","11",2,"['5','6']","2027-01-06 00:00:00","electronic","exchange",0,"[PREMIUM]","2"
"g48Ur6NNJL6","2026-09-06 23:59:53.511","2026-09-08 00:20:27.260","g48Ur6NNJL6","18377311","[PREMIUM]","[PREMIUM]","[PREMIUM]","213","Section 213","1",2,"['5','6']","2027-01-04 00:00:00","electronic","exchange",4,"[PREMIUM]","2"
"BALImML9qqa","2026-09-06 23:59:43.835","2026-09-19 22:53:07.223","BALImML9qqa","18377142","[PREMIUM]","[PREMIUM]","[PREMIUM]","120","Section 120","10",2,"[]","2027-01-05 00:00:00","electronic","exchange",5,"[PREMIUM]","2"
"JABI3EYPZL6","2026-09-06 23:59:43.835","2026-09-06 23:59:43.835","JABI3EYPZL6","18377142","[PREMIUM]","[PREMIUM]","[PREMIUM]","107","Section 107","1",4,"[]","2027-01-06 00:00:00","electronic","exchange",1,"[PREMIUM]","2,4"
"LbviL8zpDKn","2026-09-06 23:59:43.835","2026-09-19 22:53:07.223","LbviL8zpDKn","18377142","[PREMIUM]","[PREMIUM]","[PREMIUM]","103","Section 103","14",2,"[]","2027-01-05 00:00:00","electronic","exchange",2,"[PREMIUM]","2"
"PX0sgqaAkpE","2026-09-06 23:59:43.835","2026-09-19 22:53:07.223","PX0sgqaAkpE","18377142","[PREMIUM]","[PREMIUM]","[PREMIUM]","211","Section 211","1",2,"[]","2027-01-05 00:00:00","electronic","exchange",1,"[PREMIUM]","2"
"Zm9hvJd7mjv","2026-09-06 23:59:43.835","2026-09-19 22:53:07.223","Zm9hvJd7mjv","18377142","[PREMIUM]","[PREMIUM]","[PREMIUM]","127","Section 127","8",2,"[]","2027-01-05 00:00:00","electronic","exchange",2,"[PREMIUM]","2"
"kYet9mqep24","2026-09-06 23:59:43.835","2026-09-19 22:53:07.223","kYet9mqep24","18377142","[PREMIUM]","[PREMIUM]","[PREMIUM]","231","Section 231","12",2,"[]","2027-01-05 00:00:00","electronic","exchange",1,"[PREMIUM]","2"
"pVXHD7LB8pk","2026-09-06 23:59:43.835","2026-09-11 16:59:16.002","pVXHD7LB8pk","18377142","[PREMIUM]","[PREMIUM]","[PREMIUM]","109","Section 109","11",2,"[]","2027-01-06 00:00:00","electronic","exchange",2,"[PREMIUM]","2"
"qVjH2mNxMKY","2026-09-06 23:59:43.835","2026-09-19 22:53:07.223","qVjH2mNxMKY","18377142","[PREMIUM]","[PREMIUM]","[PREMIUM]","208","Section 208","10",2,"[]","2027-01-05 00:00:00","electronic","exchange",1,"[PREMIUM]","2"
"2v0czqrK2zD","2026-09-06 23:59:40.788","2026-09-11 16:59:29.387","2v0czqrK2zD","18377635","[PREMIUM]","[PREMIUM]","[PREMIUM]","415","Section 415","7",2,"[]","2027-01-06 00:00:00","electronic","exchange",0,"[PREMIUM]","2"
"4vXcjRx0YrP","2026-09-06 23:59:40.788","2026-09-11 16:59:29.387","4vXcjRx0YrP","18377635","[PREMIUM]","[PREMIUM]","[PREMIUM]","104","Section 104","13",2,"['11','12']","2027-01-06 00:00:00","electronic","exchange",0,"[PREMIUM]","2"
"4vXcjRx0YrX","2026-09-06 23:59:40.788","2026-09-11 16:59:29.387","4vXcjRx0YrX","18377635","[PREMIUM]","[PREMIUM]","[PREMIUM]","112","Section 112","10",2,"['5','6']","2027-01-06 00:00:00","electronic","exchange",0,"[PREMIUM]","2"
"6mOhkojo7jd","2026-09-06 23:59:40.788","2026-09-19 22:52:12.350","6mOhkojo7jd","18377635","[PREMIUM]","[PREMIUM]","[PREMIUM]","225","Section 225","7",2,"[]","2027-01-06 00:00:00","electronic","exchange",1,"[PREMIUM]","2"
"7KntAg2qdk4","2026-09-06 23:59:40.788","2026-09-19 22:52:12.350","7KntAg2qdk4","18377635","[PREMIUM]","[PREMIUM]","[PREMIUM]","113","Section 113","13",4,"['3','4','5','6']","2027-01-05 00:00:00","electronic","exchange",0,"[PREMIUM]","2,4"
"EroUXgYvZLk","2026-09-06 23:59:40.788","2026-09-19 22:52:12.350","EroUXgYvZLk","18377635","[PREMIUM]","[PREMIUM]","[PREMIUM]","222","Section 222","12",2,"['1','2']","2027-01-04 00:00:00","electronic","exchange",1,"[PREMIUM]","2"
"JABI3ENNXpv","2026-09-06 23:59:40.788","2026-09-19 22:52:12.350","JABI3ENNXpv","18377635","[PREMIUM]","[PREMIUM]","[PREMIUM]","111","Section 111","8",2,"['10','11']","2027-01-04 00:00:00","electronic","exchange",1,"[PREMIUM]","2"
"JABI3EYZXkD","2026-09-06 23:59:40.788","2026-09-17 23:21:47.704","JABI3EYZXkD","18377635","[PREMIUM]","[PREMIUM]","[PREMIUM]","214","Section 214","17",1,"[]","2027-01-06 00:00:00","electronic","exchange",1,"[PREMIUM]","1"
"LbviL8YxwRn","2026-09-06 23:59:40.788","2026-09-11 16:59:29.387","LbviL8YxwRn","18377635","[PREMIUM]","[PREMIUM]","[PREMIUM]","120","Section 120","13",2,"[]","2027-01-07 00:00:00","electronic","exchange",1,"[PREMIUM]","2"
"MAeIP3Y99Db","2026-09-06 23:59:40.788","2026-09-10 14:15:53.443","MAeIP3Y99Db","18377635","[PREMIUM]","[PREMIUM]","[PREMIUM]","221","Section 221","18",1,"[]","2027-01-06 00:00:00","electronic","exchange",1,"[PREMIUM]","1"
"V4KU04JlYwo","2026-09-06 23:59:40.788","2026-09-11 16:59:29.387","V4KU04JlYwo","18377635","[PREMIUM]","[PREMIUM]","[PREMIUM]","414","Section 414","7",2,"[]","2027-01-07 00:00:00","electronic","exchange",4,"[PREMIUM]","2"
"YgJtk0paBJ7","2026-09-06 23:59:40.788","2026-09-19 22:52:12.350","YgJtk0paBJ7","18377635","[PREMIUM]","[PREMIUM]","[PREMIUM]","414","Section 414","7",2,"[]","2027-01-06 00:00:00","electronic","exchange",3,"[PREMIUM]","2"
"Zm9hvJYo7KL","2026-09-06 23:59:40.788","2026-09-19 22:52:12.350","Zm9hvJYo7KL","18377635","[PREMIUM]","[PREMIUM]","[PREMIUM]","222","Section 222","12",2,"[]","2027-01-05 00:00:00","electronic","exchange",1,"[PREMIUM]","2"
"mxAs4xNVXBE","2026-09-06 23:59:40.788","2026-09-19 22:52:12.350","mxAs4xNVXBE","18377635","[PREMIUM]","[PREMIUM]","[PREMIUM]","221","Section 221","8",2,"['17','18']","2027-01-04 00:00:00","electronic","exchange",2,"[PREMIUM]","2"
"mxAs4xlnmj8","2026-09-06 23:59:40.788","2026-09-11 16:59:29.387","mxAs4xlnmj8","18377635","[PREMIUM]","[PREMIUM]","[PREMIUM]","415","Section 415","7",2,"['3','4']","2027-01-04 00:00:00","electronic","exchange",0,"[PREMIUM]","2"
"rVOHkpvbaMb","2026-09-06 23:59:40.788","2026-09-19 22:52:12.350","rVOHkpvbaMb","18377635","[PREMIUM]","[PREMIUM]","[PREMIUM]","113","Section 113","17",4,"['3','4','5','6']","2027-01-05 00:00:00","electronic","exchange",0,"[PREMIUM]","2,4"
"w3Jse8NKN07","2026-09-06 23:59:40.788","2026-09-19 22:52:12.350","w3Jse8NKN07","18377635","[PREMIUM]","[PREMIUM]","[PREMIUM]","211","Section 211","9",2,"['16','17']","2027-01-04 00:00:00","electronic","exchange",2,"[PREMIUM]","2"
"oV7Hb6N3APJ","2026-09-06 23:59:37.367","2026-09-13 03:47:14.110","oV7Hb6N3APJ","18378202","[PREMIUM]","[PREMIUM]","[PREMIUM]","308","Section 308","n",5,"[]","2026-12-28 00:00:00","electronic","exchange",1,"[PREMIUM]","1,2,3,5"
"rVOHkpNwLGv","2026-09-06 23:59:37.367","2026-09-13 03:47:14.110","rVOHkpNwLGv","18378202","[PREMIUM]","[PREMIUM]","[PREMIUM]","308","Section 308","n",5,"[]","2026-12-28 00:00:00","electronic","exchange",2,"[PREMIUM]","1,2,3,5"
"05VT8lOVNZO","2026-09-06 23:59:15.834","2026-09-17 23:20:56.782","05VT8lOVNZO","18377471","[PREMIUM]","[PREMIUM]","[PREMIUM]","208","Section 208","4",2,"[]","2027-01-06 00:00:00","electronic","exchange",2,"[PREMIUM]","2"
"05VT8lOVBq6","2026-09-06 23:59:15.834","2026-09-17 23:20:56.782","05VT8lOVBq6","18377471","[PREMIUM]","[PREMIUM]","[PREMIUM]","119","Section 119","4",4,"[]","2027-01-06 00:00:00","electronic","exchange",5,"[PREMIUM]","4"
"05VT8lOV3DA","2026-09-06 23:59:15.834","2026-09-17 23:20:56.782","05VT8lOV3DA","18377471","[PREMIUM]","[PREMIUM]","[PREMIUM]","307","Section 307","9",4,"[]","2027-01-06 00:00:00","electronic","exchange",3,"[PREMIUM]","4"
"05VT8lOVvmE","2026-09-06 23:59:15.834","2026-09-18 22:49:11.869","05VT8lOVvmE","18377471","[PREMIUM]","[PREMIUM]","[PREMIUM]","204","Section 204","3",2,"[]","2027-01-06 00:00:00","electronic","exchange",4,"[PREMIUM]","2"
"05VT8lOVZMm","2026-09-06 23:59:15.834","2026-09-18 22:49:11.869","05VT8lOVZMm","18377471","[PREMIUM]","[PREMIUM]","[PREMIUM]","328","Section 328","7",2,"[]","2027-01-06 00:00:00","electronic","exchange",5,"[PREMIUM]","2"
"05VT8lOP2gl","2026-09-06 23:59:15.834","2026-09-17 23:20:56.782","05VT8lOP2gl","18377471","[PREMIUM]","[PREMIUM]","[PREMIUM]","113","Section 113","4",2,"[]","2027-01-06 00:00:00","electronic","exchange",5,"[PREMIUM]","2"
"2v0czqrLdk6","2026-09-06 23:59:15.834","2026-09-11 16:58:54.886","2v0czqrLdk6","18377471","[PREMIUM]","[PREMIUM]","[PREMIUM]","317","Section 317","11",5,"[]","2027-01-06 00:00:00","electronic","exchange",5,"[PREMIUM]","1,3,5"
"2v0czqrLdjX","2026-09-06 23:59:15.834","2026-09-11 16:58:54.886","2v0czqrLdjX","18377471","[PREMIUM]","[PREMIUM]","[PREMIUM]","310","Section 310","12",6,"[]","2027-01-06 00:00:00","electronic","exchange",5,"[PREMIUM]","1,2,4,6"
"2v0czqrLKjd","2026-09-06 23:59:15.834","2026-09-11 16:58:54.886","2v0czqrLKjd","18377471","[PREMIUM]","[PREMIUM]","[PREMIUM]","107","Section 107","5",8,"[]","2027-01-06 00:00:00","electronic","exchange",4,"[PREMIUM]","1,2,3,4,6,8"
"2v0czqrLE8b","2026-09-06 23:59:15.834","2026-09-11 16:58:54.886","2v0czqrLE8b","18377471","[PREMIUM]","[PREMIUM]","[PREMIUM]","127","Section 127","3",2,"[]","2027-01-06 00:00:00","electronic","exchange",5,"[PREMIUM]","2"
"2v0czqrDAPp","2026-09-06 23:59:15.834","2026-09-17 23:20:56.782","2v0czqrDAPp","18377471","[PREMIUM]","[PREMIUM]","[PREMIUM]","320","Section 320","9",4,"[]","2027-01-06 00:00:00","electronic","exchange",3,"[PREMIUM]","4"
"2v0czqra0dN","2026-09-06 23:59:15.834","2026-09-18 22:49:11.869","2v0czqra0dN","18377471","[PREMIUM]","[PREMIUM]","[PREMIUM]","307","Section 307","9",2,"[]","2027-01-06 00:00:00","electronic","exchange",5,"[PREMIUM]","2"
"2v0czqragOR","2026-09-06 23:59:15.834","2026-09-17 23:20:56.782","2v0czqragOR","18377471","[PREMIUM]","[PREMIUM]","[PREMIUM]","218","Section 218","4",4,"[]","2027-01-06 00:00:00","electronic","exchange",3,"[PREMIUM]","4"
"2v0czqral0w","2026-09-06 23:59:15.834","2026-09-13 04:09:55.669","2v0czqral0w","18377471","[PREMIUM]","[PREMIUM]","[PREMIUM]","219","Section 219","6",2,"[]","2027-01-06 00:00:00","electronic","exchange",5,"[PREMIUM]","2"
"2v0czqra0aP","2026-09-06 23:59:15.834","2026-09-18 22:49:11.869","2v0czqra0aP","18377471","[PREMIUM]","[PREMIUM]","[PREMIUM]","121","Section 121","4",4,"[]","2027-01-06 00:00:00","electronic","exchange",4,"[PREMIUM]","1,2,4"
"2v0czqraEEX","2026-09-06 23:59:15.834","2026-09-17 23:20:56.782","2v0czqraEEX","18377471","[PREMIUM]","[PREMIUM]","[PREMIUM]","207","Section 207","3",2,"[]","2027-01-06 00:00:00","electronic","exchange",2,"[PREMIUM]","2"
"3q7fNLoD5Aw","2026-09-06 23:59:15.834","2026-09-17 23:20:56.782","3q7fNLoD5Aw","18377471","[PREMIUM]","[PREMIUM]","[PREMIUM]","112","Section 112","8",2,"[]","2027-01-06 00:00:00","electronic","exchange",5,"[PREMIUM]","2"
"3q7fNLoD8lX","2026-09-06 23:59:15.834","2026-09-18 22:49:11.869","3q7fNLoD8lX","18377471","[PREMIUM]","[PREMIUM]","[PREMIUM]","119","Section 119","15",2,"[]","2027-01-06 00:00:00","electronic","exchange",5,"[PREMIUM]","2"
"3q7fNLoDMGL","2026-09-06 23:59:15.834","2026-09-18 22:49:11.869","3q7fNLoDMGL","18377471","[PREMIUM]","[PREMIUM]","[PREMIUM]","222","Section 222","5",2,"[]","2027-01-06 00:00:00","electronic","exchange",5,"[PREMIUM]","2"
"3q7fNLoDj2g","2026-09-06 23:59:15.834","2026-09-17 23:20:56.782","3q7fNLoDj2g","18377471","[PREMIUM]","[PREMIUM]","[PREMIUM]","216","Section 216","4",4,"[]","2027-01-06 00:00:00","electronic","exchange",3,"[PREMIUM]","4"
"3q7fNLoD7dg","2026-09-06 23:59:15.834","2026-09-17 23:20:56.782","3q7fNLoD7dg","18377471","[PREMIUM]","[PREMIUM]","[PREMIUM]","113","Section 113","9",2,"[]","2027-01-06 00:00:00","electronic","exchange",5,"[PREMIUM]","2"
"3q7fNLodm5P","2026-09-06 23:59:15.834","2026-09-18 22:49:11.869","3q7fNLodm5P","18377471","[PREMIUM]","[PREMIUM]","[PREMIUM]","204","Section 204","4",4,"[]","2027-01-06 00:00:00","electronic","exchange",4,"[PREMIUM]","1,2,4"
"3q7fNLoDja8","2026-09-06 23:59:15.834","2026-09-17 23:20:56.782","3q7fNLoDja8","18377471","[PREMIUM]","[PREMIUM]","[PREMIUM]","320","Section 320","2",2,"[]","2027-01-06 00:00:00","electronic","exchange",2,"[PREMIUM]","2"
"3q7fNLoDzXw","2026-09-06 23:59:15.834","2026-09-17 23:20:56.782","3q7fNLoDzXw","18377471","[PREMIUM]","[PREMIUM]","[PREMIUM]","304","Section 304","5",2,"[]","2027-01-06 00:00:00","electronic","exchange",5,"[PREMIUM]","2"
"4vXcjR0Yw8D","2026-09-06 23:59:15.834","2026-09-17 23:20:56.782","4vXcjR0Yw8D","18377471","[PREMIUM]","[PREMIUM]","[PREMIUM]","311","Section 311","9",4,"[]","2027-01-06 00:00:00","electronic","exchange",3,"[PREMIUM]","4"
"4vXcjR0YPmw","2026-09-06 23:59:15.834","2026-09-17 23:20:56.782","4vXcjR0YPmw","18377471","[PREMIUM]","[PREMIUM]","[PREMIUM]","215","Section 215","1",2,"[]","2027-01-06 00:00:00","electronic","exchange",2,"[PREMIUM]","2"
"4vXcjR03Mo2","2026-09-06 23:59:15.834","2026-09-11 16:58:54.886","4vXcjR03Mo2","18377471","[PREMIUM]","[PREMIUM]","[PREMIUM]","302","Section 302","9",8,"[]","2027-01-06 00:00:00","electronic","exchange",5,"[PREMIUM]","1,2,3,4,6,8"
"4vXcjR0Y2V8","2026-09-06 23:59:15.834","2026-09-17 23:20:56.782","4vXcjR0Y2V8","18377471","[PREMIUM]","[PREMIUM]","[PREMIUM]","323L","Section 323 Loge","a",3,"[]","2027-01-06 00:00:00","electronic","exchange",4,"[PREMIUM]","3"
"4vXcjR0YXvB","2026-09-06 23:59:15.834","2026-09-18 22:49:11.869","4vXcjR0YXvB","18377471","[PREMIUM]","[PREMIUM]","[PREMIUM]","321","Section 321","9",2,"[]","2027-01-06 00:00:00","electronic","exchange",4,"[PREMIUM]","2"
"4vXcjR0oJGD","2026-09-06 23:59:15.834","2026-09-17 23:20:56.782","4vXcjR0oJGD","18377471","[PREMIUM]","[PREMIUM]","[PREMIUM]","323","Section 323","3",4,"[]","2027-01-06 00:00:00","electronic","exchange",3,"[PREMIUM]","4"
"4vXcjR0Y2B4","2026-09-06 23:59:15.834","2026-09-18 22:49:11.869","4vXcjR0Y2B4","18377471","[PREMIUM]","[PREMIUM]","[PREMIUM]","316","Section 316","10",4,"[]","2027-01-06 00:00:00","electronic","exchange",5,"[PREMIUM]","1,2,4"
"4vXcjR0YEBb","2026-09-06 23:59:15.834","2026-09-17 23:20:56.782","4vXcjR0YEBb","18377471","[PREMIUM]","[PREMIUM]","[PREMIUM]","116","Section 116","14",2,"[]","2027-01-06 00:00:00","electronic","exchange",5,"[PREMIUM]","2"
"4vXcjR03d5a","2026-09-06 23:59:15.834","2026-09-11 16:58:54.886","4vXcjR03d5a","18377471","[PREMIUM]","[PREMIUM]","[PREMIUM]","330","Section 330","9",2,"[]","2027-01-06 00:00:00","electronic","exchange",4,"[PREMIUM]","2"
"4vXcjR0odNR","2026-09-06 23:59:15.834","2026-09-17 23:20:56.782","4vXcjR0odNR","18377471","[PREMIUM]","[PREMIUM]","[PREMIUM]","121","Section 121","2",2,"[]","2027-01-06 00:00:00","electronic","exchange",4,"[PREMIUM]","2"
"4vXcjR03dja","2026-09-06 23:59:15.834","2026-09-11 16:58:54.886","4vXcjR03dja","18377471","[PREMIUM]","[PREMIUM]","[PREMIUM]","314","Section 314","12",2,"[]","2027-01-06 00:00:00","electronic","exchange",5,"[PREMIUM]","2"
"4vXcjR0YXB7","2026-09-06 23:59:15.834","2026-09-17 23:20:56.782","4vXcjR0YXB7","18377471","[PREMIUM]","[PREMIUM]","[PREMIUM]","302","Section 302","5",2,"[]","2027-01-06 00:00:00","electronic","exchange",2,"[PREMIUM]","2"
"5EjuZwde40G","2026-09-06 23:59:15.834","2026-09-11 16:58:54.886","5EjuZwde40G","18377471","[PREMIUM]","[PREMIUM]","[PREMIUM]","306","Section 306","11",4,"[]","2027-01-06 00:00:00","electronic","exchange",4,"[PREMIUM]","2,4"
"5EjuZwde4M2","2026-09-06 23:59:15.834","2026-09-11 16:58:54.886","5EjuZwde4M2","18377471","[PREMIUM]","[PREMIUM]","[PREMIUM]","118","Section 118","5",4,"[]","2027-01-06 00:00:00","electronic","exchange",3,"[PREMIUM]","2,4"
"5EjuZwdePg9","2026-09-06 23:59:15.834","2026-09-09 00:34:32.085","5EjuZwdePg9","18377471","[PREMIUM]","[PREMIUM]","[PREMIUM]","320","Section 320","7",4,"[]","2027-01-06 00:00:00","electronic","exchange",4,"[PREMIUM]","2,4"
"5EjuZwdzwnP","2026-09-06 23:59:15.834","2026-09-17 23:20:56.782","5EjuZwdzwnP","18377471","[PREMIUM]","[PREMIUM]","[PREMIUM]","322","Section 322","9",4,"[]","2027-01-06 00:00:00","electronic","exchange",2,"[PREMIUM]","4"
"5EjuZwdzwKq","2026-09-06 23:59:15.834","2026-09-18 22:49:11.869","5EjuZwdzwKq","18377471","[PREMIUM]","[PREMIUM]","[PREMIUM]","109","Section 109","8",2,"[]","2027-01-06 00:00:00","electronic","exchange",5,"[PREMIUM]","2"
"5EjuZwdnpaX","2026-09-06 23:59:15.834","2026-09-17 23:20:56.782","5EjuZwdnpaX","18377471","[PREMIUM]","[PREMIUM]","[PREMIUM]","202","Section 202","7",4,"[]","2027-01-06 00:00:00","electronic","exchange",4,"[PREMIUM]","4"
"5EjuZwdzjRv","2026-09-06 23:59:15.834","2026-09-17 23:20:56.782","5EjuZwdzjRv","18377471","[PREMIUM]","[PREMIUM]","[PREMIUM]","217","Section 217","2",4,"[]","2027-01-06 00:00:00","electronic","exchange",2,"[PREMIUM]","4"
"5EjuZwdnBLK","2026-09-06 23:59:15.834","2026-09-17 23:20:56.782","5EjuZwdnBLK","18377471","[PREMIUM]","[PREMIUM]","[PREMIUM]","306","Section 306","10",2,"[]","2027-01-06 00:00:00","electronic","exchange",4,"[PREMIUM]","2"
"5EjuZwdzMqk","2026-09-06 23:59:15.834","2026-09-18 22:49:11.869","5EjuZwdzMqk","18377471","[PREMIUM]","[PREMIUM]","[PREMIUM]","328","Section 328","9",2,"[]","2027-01-06 00:00:00","electronic","exchange",4,"[PREMIUM]","2"
"5EjuZwdz5Zq","2026-09-06 23:59:15.834","2026-09-13 04:09:55.669","5EjuZwdz5Zq","18377471","[PREMIUM]","[PREMIUM]","[PREMIUM]","117","Section 117","6",2,"[]","2027-01-06 00:00:00","electronic","exchange",5,"[PREMIUM]","2"
"6mOhkojX3al","2026-09-06 23:59:15.834","2026-09-11 16:58:54.886","6mOhkojX3al","18377471","[PREMIUM]","[PREMIUM]","[PREMIUM]","203","Section 203","4",2,"[]","2027-01-06 00:00:00","electronic","exchange",3,"[PREMIUM]","2"
"6mOhkojXr7P","2026-09-06 23:59:15.834","2026-09-11 16:58:54.886","6mOhkojXr7P","18377471","[PREMIUM]","[PREMIUM]","[PREMIUM]","224","Section 224","5",2,"[]","2027-01-06 00:00:00","electronic","exchange",5,"[PREMIUM]","2"
"6mOhkojzxMa","2026-09-06 23:59:15.834","2026-09-17 23:20:56.782","6mOhkojzxMa","18377471","[PREMIUM]","[PREMIUM]","[PREMIUM]","202","Section 202","5",4,"[]","2027-01-06 00:00:00","electronic","exchange",3,"[PREMIUM]","4"
"6mOhkojzrde","2026-09-06 23:59:15.834","2026-09-17 23:20:56.782","6mOhkojzrde","18377471","[PREMIUM]","[PREMIUM]","[PREMIUM]","324","Section 324","2",4,"[]","2027-01-06 00:00:00","electronic","exchange",3,"[PREMIUM]","4"
"6mOhkojzbGv","2026-09-06 23:59:15.834","2026-09-17 23:20:56.782","6mOhkojzbGv","18377471","[PREMIUM]","[PREMIUM]","[PREMIUM]","209","Section 209","6",4,"[]","2027-01-06 00:00:00","electronic","exchange",4,"[PREMIUM]","4"
"6mOhkojzVXg","2026-09-06 23:59:15.834","2026-09-18 22:49:11.869","6mOhkojzVXg","18377471","[PREMIUM]","[PREMIUM]","[PREMIUM]","318","Section 318","5",4,"[]","2027-01-06 00:00:00","electronic","exchange",5,"[PREMIUM]","1,2,4"
"6mOhkojzD48","2026-09-06 23:59:15.834","2026-09-18 22:49:11.869","6mOhkojzD48","18377471","[PREMIUM]","[PREMIUM]","[PREMIUM]","107","Section 107","2",4,"[]","2027-01-06 00:00:00","electronic","exchange",3,"[PREMIUM]","1,2,4"
"6mOhkojz89P","2026-09-06 23:59:15.834","2026-09-18 22:49:11.869","6mOhkojz89P","18377471","[PREMIUM]","[PREMIUM]","[PREMIUM]","324","Section 324","4",2,"[]","2027-01-06 00:00:00","electronic","exchange",5,"[PREMIUM]","2"
"6mOhkojz87x","2026-09-06 23:59:15.834","2026-09-13 04:09:55.669","6mOhkojz87x","18377471","[PREMIUM]","[PREMIUM]","[PREMIUM]","329","Section 329","3",4,"[]","2027-01-06 00:00:00","electronic","exchange",2,"[PREMIUM]","4"
"6mOhkojz3mB","2026-09-06 23:59:15.834","2026-09-18 22:49:11.869","6mOhkojz3mB","18377471","[PREMIUM]","[PREMIUM]","[PREMIUM]","317","Section 317","9",4,"[]","2027-01-06 00:00:00","electronic","exchange",5,"[PREMIUM]","1,2,4"
"6mOhkojz0bO","2026-09-06 23:59:15.834","2026-09-17 23:20:56.782","6mOhkojz0bO","18377471","[PREMIUM]","[PREMIUM]","[PREMIUM]","305","Section 305","6",4,"[]","2027-01-06 00:00:00","electronic","exchange",4,"[PREMIUM]","4"
"7KntAg2qoPa","2026-09-06 23:59:15.834","2026-09-17 23:20:56.782","7KntAg2qoPa","18377471","[PREMIUM]","[PREMIUM]","[PREMIUM]","315","Section 315","7",2,"[]","2027-01-06 00:00:00","electronic","exchange",4,"[PREMIUM]","2"
"7KntAg2wXvr","2026-09-06 23:59:15.834","2026-09-11 16:58:54.886","7KntAg2wXvr","18377471","[PREMIUM]","[PREMIUM]","[PREMIUM]","314","Section 314","6",2,"[]","2027-01-06 00:00:00","electronic","exchange",5,"[PREMIUM]","2"
"7KntAg2qPVz","2026-09-06 23:59:15.834","2026-09-17 23:20:56.782","7KntAg2qPVz","18377471","[PREMIUM]","[PREMIUM]","[PREMIUM]","118","Section 118","8",2,"[]","2027-01-06 00:00:00","electronic","exchange",5,"[PREMIUM]","2"
"7KntAg2ql72","2026-09-06 23:59:15.834","2026-09-17 23:20:56.782","7KntAg2ql72","18377471","[PREMIUM]","[PREMIUM]","[PREMIUM]","315","Section 315","2",2,"[]","2027-01-06 00:00:00","electronic","exchange",3,"[PREMIUM]","2"
"7KntAg2qnDJ","2026-09-06 23:59:15.834","2026-09-18 22:49:11.869","7KntAg2qnDJ","18377471","[PREMIUM]","[PREMIUM]","[PREMIUM]","322","Section 322","3",5,"[]","2027-01-06 00:00:00","electronic","exchange",5,"[PREMIUM]","1,2,3,5"
"7KntAg2wMNl","2026-09-06 23:59:15.834","2026-09-11 16:58:54.886","7KntAg2wMNl","18377471","[PREMIUM]","[PREMIUM]","[PREMIUM]","311","Section 311","11",8,"[]","2027-01-06 00:00:00","electronic","exchange",4,"[PREMIUM]","1,2,3,4,6,8"
"8lKt6aj5e0e","2026-09-06 23:59:15.834","2026-09-17 23:20:56.782","8lKt6aj5e0e","18377471","[PREMIUM]","[PREMIUM]","[PREMIUM]","302","Section 302","12",2,"[]","2027-01-06 00:00:00","electronic","exchange",3,"[PREMIUM]","2"
"8lKt6aj5lxJ","2026-09-06 23:59:15.834","2026-09-17 23:20:56.782","8lKt6aj5lxJ","18377471","[PREMIUM]","[PREMIUM]","[PREMIUM]","318","Section 318","11",2,"[]","2027-01-06 00:00:00","electronic","exchange",3,"[PREMIUM]","2"
"8lKt6aj5wb2","2026-09-06 23:59:15.834","2026-09-18 22:49:11.869","8lKt6aj5wb2","18377471","[PREMIUM]","[PREMIUM]","[PREMIUM]","323","Section 323","6",6,"[]","2027-01-06 00:00:00","electronic","exchange",4,"[PREMIUM]","1,2,3,4,6"
"8lKt6aj7Npw","2026-09-06 23:59:15.834","2026-09-11 16:58:54.886","8lKt6aj7Npw","18377471","[PREMIUM]","[PREMIUM]","[PREMIUM]","317","Section 317","8",2,"[]","2027-01-06 00:00:00","electronic","exchange",5,"[PREMIUM]","2"
"8lKt6aj5oql","2026-09-06 23:59:15.834","2026-09-18 22:49:11.869","8lKt6aj5oql","18377471","[PREMIUM]","[PREMIUM]","[PREMIUM]","219","Section 219","3",4,"[]","2027-01-06 00:00:00","electronic","exchange",4,"[PREMIUM]","1,2,4"
"8lKt6aj5B4l","2026-09-06 23:59:15.834","2026-09-17 23:20:56.782","8lKt6aj5B4l","18377471","[PREMIUM]","[PREMIUM]","[PREMIUM]","109","Section 109","4",2,"[]","2027-01-06 00:00:00","electronic","exchange",4,"[PREMIUM]","2"
"8lKt6aj5aba","2026-09-06 23:59:15.834","2026-09-17 23:20:56.782","8lKt6aj5aba","18377471","[PREMIUM]","[PREMIUM]","[PREMIUM]","314","Section 314","2",4,"[]","2027-01-06 00:00:00","electronic","exchange",3,"[PREMIUM]","4"
"8lKt6aj5eEE","2026-09-06 23:59:15.834","2026-09-17 23:20:56.782","8lKt6aj5eEE","18377471","[PREMIUM]","[PREMIUM]","[PREMIUM]","205","Section 205","4",2,"[]","2027-01-06 00:00:00","electronic","exchange",3,"[PREMIUM]","2"
"8lKt6aj7we3","2026-09-06 23:59:15.834","2026-09-11 16:58:54.886","8lKt6aj7we3","18377471","[PREMIUM]","[PREMIUM]","[PREMIUM]","217","Section 217","4",4,"[]","2027-01-06 00:00:00","electronic","exchange",3,"[PREMIUM]","2,4"
"8lKt6ajgPYd","2026-09-06 23:59:15.834","2026-09-17 23:20:56.782","8lKt6ajgPYd","18377471","[PREMIUM]","[PREMIUM]","[PREMIUM]","301","Section 301","8",4,"[]","2027-01-06 00:00:00","electronic","exchange",3,"[PREMIUM]","4"
"8lKt6ajgPM2","2026-09-06 23:59:15.834","2026-09-17 23:20:56.782","8lKt6ajgPM2","18377471","[PREMIUM]","[PREMIUM]","[PREMIUM]","326","Section 326","12",2,"[]","2027-01-06 00:00:00","electronic","exchange",3,"[PREMIUM]","2"
"8lKt6ajgPBV","2026-09-06 23:59:15.834","2026-09-18 22:49:11.869","8lKt6ajgPBV","18377471","[PREMIUM]","[PREMIUM]","[PREMIUM]","318","Section 318","7",5,"[]","2027-01-06 00:00:00","electronic","exchange",5,"[PREMIUM]","1,2,3,5"
"9P2c5MzDnq6","2026-09-06 23:59:15.834","2026-09-17 23:20:56.782","9P2c5MzDnq6","18377471","[PREMIUM]","[PREMIUM]","[PREMIUM]","323","Section 323","9",2,"[]","2027-01-06 00:00:00","electronic","exchange",2,"[PREMIUM]","2"
"9P2c5MzDn2Z","2026-09-06 23:59:15.834","2026-09-18 22:49:11.869","9P2c5MzDn2Z","18377471","[PREMIUM]","[PREMIUM]","[PREMIUM]","319","Section 319","11",2,"[]","2027-01-06 00:00:00","electronic","exchange",5,"[PREMIUM]","2"
"9P2c5MzlpBm","2026-09-06 23:59:15.834","2026-09-18 22:49:11.869","9P2c5MzlpBm","18377471","[PREMIUM]","[PREMIUM]","[PREMIUM]","220","Section 220","3",2,"[]","2027-01-06 00:00:00","electronic","exchange",3,"[PREMIUM]","2"
"9P2c5MzdRXj","2026-09-06 23:59:15.834","2026-09-11 16:58:54.886","9P2c5MzdRXj","18377471","[PREMIUM]","[PREMIUM]","[PREMIUM]","312","Section 312","7",4,"[]","2027-01-06 00:00:00","electronic","exchange",5,"[PREMIUM]","2,4"
"9P2c5MzD275","2026-09-06 23:59:15.834","2026-09-17 23:20:56.782","9P2c5MzD275","18377471","[PREMIUM]","[PREMIUM]","[PREMIUM]","106","Section 106","4",4,"[]","2027-01-06 00:00:00","electronic","exchange",3,"[PREMIUM]","4"
"9P2c5MzD29P","2026-09-06 23:59:15.834","2026-09-18 22:49:11.869","9P2c5MzD29P","18377471","[PREMIUM]","[PREMIUM]","[PREMIUM]","104","Section 104","6",2,"[]","2027-01-06 00:00:00","electronic","exchange",5,"[PREMIUM]","2"
"9P2c5MzD73X","2026-09-06 23:59:15.834","2026-09-18 22:49:11.869","9P2c5MzD73X","18377471","[PREMIUM]","[PREMIUM]","[PREMIUM]","328","Section 328","5",2,"[]","2027-01-06 00:00:00","electronic","exchange",4,"[PREMIUM]","2"
"9P2c5MzD79E","2026-09-06 23:59:15.834","2026-09-18 22:49:11.869","9P2c5MzD79E","18377471","[PREMIUM]","[PREMIUM]","[PREMIUM]","308","Section 308","6",4,"[]","2027-01-06 00:00:00","electronic","exchange",4,"[PREMIUM]","1,2,4"
"A6rs2KvGde9","2026-09-06 23:59:15.834","2026-09-11 16:58:54.886","A6rs2KvGde9","18377471","[PREMIUM]","[PREMIUM]","[PREMIUM]","304","Section 304","9",2,"[]","2027-01-06 00:00:00","electronic","exchange",5,"[PREMIUM]","2"
"A6rs2Kv08o7","2026-09-06 23:59:15.834","2026-09-17 23:20:56.782","A6rs2Kv08o7","18377471","[PREMIUM]","[PREMIUM]","[PREMIUM]","117","Section 117","1",2,"[]","2027-01-06 00:00:00","electronic","exchange",4,"[PREMIUM]","2"
"A6rs2Kv09G7","2026-09-06 23:59:15.834","2026-09-18 22:49:11.869","A6rs2Kv09G7","18377471","[PREMIUM]","[PREMIUM]","[PREMIUM]","104","Section 104","1",2,"[]","2027-01-06 00:00:00","electronic","exchange",3,"[PREMIUM]","2"
"A6rs2Kv0Njn","2026-09-06 23:59:15.834","2026-09-18 22:49:11.869","A6rs2Kv0Njn","18377471","[PREMIUM]","[PREMIUM]","[PREMIUM]","214","Section 214","6",3,"[]","2027-01-06 00:00:00","electronic","exchange",5,"[PREMIUM]","1,3"
"A6rs2KvLGAZ","2026-09-06 23:59:15.834","2026-09-17 23:20:56.782","A6rs2KvLGAZ","18377471","[PREMIUM]","[PREMIUM]","[PREMIUM]","304","Section 304","1",2,"[]","2027-01-06 00:00:00","electronic","exchange",4,"[PREMIUM]","2"
"A6rs2KvGo5M","2026-09-06 23:59:15.834","2026-09-11 16:58:54.886","A6rs2KvGo5M","18377471","[PREMIUM]","[PREMIUM]","[PREMIUM]","112","Section 112","7",2,"[]","2027-01-06 00:00:00","electronic","exchange",4,"[PREMIUM]","2"
"BALImMLP0qR","2026-09-06 23:59:15.834","2026-09-17 23:20:56.782","BALImMLP0qR","18377471","[PREMIUM]","[PREMIUM]","[PREMIUM]","325","Section 325","6",4,"[]","2027-01-06 00:00:00","electronic","exchange",3,"[PREMIUM]","4"
"BALImMLJOVG","2026-09-06 23:59:15.834","2026-09-11 16:58:54.886","BALImMLJOVG","18377471","[PREMIUM]","[PREMIUM]","[PREMIUM]","301","Section 301","7",2,"[]","2027-01-06 00:00:00","electronic","exchange",5,"[PREMIUM]","2"
"BALImMLRV6k","2026-09-06 23:59:15.834","2026-09-18 22:49:11.869","BALImMLRV6k","18377471","[PREMIUM]","[PREMIUM]","[PREMIUM]","307","Section 307","6",2,"[]","2027-01-06 00:00:00","electronic","exchange",5,"[PREMIUM]","2"
"BALImMLREKP","2026-09-06 23:59:15.834","2026-09-18 22:49:11.869","BALImMLREKP","18377471","[PREMIUM]","[PREMIUM]","[PREMIUM]","202","Section 202","4",2,"[]","2027-01-06 00:00:00","electronic","exchange",4,"[PREMIUM]","2"
"BALImMLRe8V","2026-09-06 23:59:15.834","2026-09-17 23:20:56.782","BALImMLRe8V","18377471","[PREMIUM]","[PREMIUM]","[PREMIUM]","310","Section 310","12",2,"[]","2027-01-06 00:00:00","electronic","exchange",3,"[PREMIUM]","2"
"BALImMLR4K5","2026-09-06 23:59:15.834","2026-09-17 23:20:56.782","BALImMLR4K5","18377471","[PREMIUM]","[PREMIUM]","[PREMIUM]","325","Section 325","9",2,"[]","2027-01-06 00:00:00","electronic","exchange",3,"[PREMIUM]","2"
"DdwHkM0DGln","2026-09-06 23:59:15.834","2026-09-17 23:20:56.782","DdwHkM0DGln","18377471","[PREMIUM]","[PREMIUM]","[PREMIUM]","112","Section 112","1",3,"[]","2027-01-06 00:00:00","electronic","exchange",5,"[PREMIUM]","3"
"DdwHkM0DGME","2026-09-06 23:59:15.834","2026-09-17 23:20:56.782","DdwHkM0DGME","18377471","[PREMIUM]","[PREMIUM]","[PREMIUM]","206","Section 206","5",2,"[]","2027-01-06 00:00:00","electronic","exchange",4,"[PREMIUM]","2"
"DdwHkM0vB8M","2026-09-06 23:59:15.834","2026-09-11 16:58:54.886","DdwHkM0vB8M","18377471","[PREMIUM]","[PREMIUM]","[PREMIUM]","207","Section 207","4",2,"[]","2027-01-06 00:00:00","electronic","exchange",3,"[PREMIUM]","2"
"DdwHkM0Ddlq","2026-09-06 23:59:15.834","2026-09-18 22:49:11.869","DdwHkM0Ddlq","18377471","[PREMIUM]","[PREMIUM]","[PREMIUM]","106","Section 106","4",6,"[]","2027-01-06 00:00:00","electronic","exchange",3,"[PREMIUM]","1,2,3,4,6"
"DdwHkM0DJ7n","2026-09-06 23:59:15.834","2026-09-17 23:20:56.782","DdwHkM0DJ7n","18377471","[PREMIUM]","[PREMIUM]","[PREMIUM]","222","Section 222","2",4,"[]","2027-01-06 00:00:00","electronic","exchange",2,"[PREMIUM]","4"
"DdwHkM0DZM4","2026-09-06 23:59:15.834","2026-09-09 00:34:32.085","DdwHkM0DZM4","18377471","[PREMIUM]","[PREMIUM]","[PREMIUM]","317","Section 317","8",2,"[]","2027-01-06 00:00:00","electronic","exchange",5,"[PREMIUM]","2"
"EroUXgYP0bX","2026-09-06 23:59:15.834","2026-09-18 22:49:11.869","EroUXgYP0bX","18377471","[PREMIUM]","[PREMIUM]","[PREMIUM]","109","Section 109","6",2,"[]","2027-01-06 00:00:00","electronic","exchange",5,"[PREMIUM]","2"
"EroUXgY27P8","2026-09-06 23:59:15.834","2026-09-17 23:20:56.782","EroUXgY27P8","18377471","[PREMIUM]","[PREMIUM]","[PREMIUM]","219","Section 219","5",4,"[]","2027-01-06 00:00:00","electronic","exchange",3,"[PREMIUM]","4"
"EroUXgYPDMX","2026-09-06 23:59:15.834","2026-09-17 23:20:56.782","EroUXgYPDMX","18377471","[PREMIUM]","[PREMIUM]","[PREMIUM]","103","Section 103","1",2,"[]","2027-01-06 00:00:00","electronic","exchange",5,"[PREMIUM]","2"
"EroUXgYPEAg","2026-09-06 23:59:15.834","2026-09-17 23:20:56.782","EroUXgYPEAg","18377471","[PREMIUM]","[PREMIUM]","[PREMIUM]","314","Section 314","6",4,"[]","2027-01-06 00:00:00","electronic","exchange",3,"[PREMIUM]","4"
"EroUXgYPG2k","2026-09-06 23:59:15.834","2026-09-17 23:20:56.782","EroUXgYPG2k","18377471","[PREMIUM]","[PREMIUM]","[PREMIUM]","203","Section 203","7",2,"[]","2027-01-06 00:00:00","electronic","exchange",3,"[PREMIUM]","2"
"EroUXgYPvvr","2026-09-06 23:59:15.834","2026-09-17 23:20:56.782","EroUXgYPvvr","18377471","[PREMIUM]","[PREMIUM]","[PREMIUM]","116","Section 116","9",2,"[]","2027-01-06 00:00:00","electronic","exchange",5,"[PREMIUM]","2"
"EroUXgYxvnp","2026-09-06 23:59:15.834","2026-09-11 16:58:54.886","EroUXgYxvnp","18377471","[PREMIUM]","[PREMIUM]","[PREMIUM]","117","Section 117","4",2,"[]","2027-01-06 00:00:00","electronic","exchange",3,"[PREMIUM]","2"
"GAaI60YG2Nr","2026-09-06 23:59:15.834","2026-09-17 23:20:56.782","GAaI60YG2Nr","18377471","[PREMIUM]","[PREMIUM]","[PREMIUM]","221","Section 221","3",2,"[]","2027-01-06 00:00:00","electronic","exchange",2,"[PREMIUM]","2"
"GAaI60YGVm4","2026-09-06 23:59:15.834","2026-09-18 22:49:11.869","GAaI60YGVm4","18377471","[PREMIUM]","[PREMIUM]","[PREMIUM]","312","Section 312","5",2,"[]","2027-01-06 00:00:00","electronic","exchange",5,"[PREMIUM]","2"
"GAaI60YGAYB","2026-09-06 23:59:15.834","2026-09-17 23:20:56.782","GAaI60YGAYB","18377471","[PREMIUM]","[PREMIUM]","[PREMIUM]","106","Section 106","2",4,"[]","2027-01-06 00:00:00","electronic","exchange",2,"[PREMIUM]","4"
"GAaI60YG4EE","2026-09-06 23:59:15.834","2026-09-17 23:20:56.782","GAaI60YG4EE","18377471","[PREMIUM]","[PREMIUM]","[PREMIUM]","121","Section 121","1",2,"[]","2027-01-06 00:00:00","electronic","exchange",5,"[PREMIUM]","2"
"GAaI60YGkGw","2026-09-06 23:59:15.834","2026-09-17 23:20:56.782","GAaI60YGkGw","18377471","[PREMIUM]","[PREMIUM]","[PREMIUM]","103","Section 103","4",2,"[]","2027-01-06 00:00:00","electronic","exchange",4,"[PREMIUM]","2"
"GAaI60YG7BR","2026-09-06 23:59:15.834","2026-09-17 23:20:56.782","GAaI60YG7BR","18377471","[PREMIUM]","[PREMIUM]","[PREMIUM]","115","Section 115","7",2,"[]","2027-01-06 00:00:00","electronic","exchange",5,"[PREMIUM]","2"
"GAaI60YGm9Z","2026-09-06 23:59:15.834","2026-09-17 23:20:56.782","GAaI60YGm9Z","18377471","[PREMIUM]","[PREMIUM]","[PREMIUM]","105","Section 105","1",2,"[]","2027-01-06 00:00:00","electronic","exchange",1,"[PREMIUM]","2"
"GAaI60YG9J4","2026-09-06 23:59:15.834","2026-09-18 22:49:11.869","GAaI60YG9J4","18377471","[PREMIUM]","[PREMIUM]","[PREMIUM]","106","Section 106","1",2,"[]","2027-01-06 00:00:00","electronic","exchange",0,"[PREMIUM]","2"
"GAaI60YGZGz","2026-09-06 23:59:15.834","2026-09-18 22:49:11.869","GAaI60YGZGz","18377471","[PREMIUM]","[PREMIUM]","[PREMIUM]","312","Section 312","9",4,"[]","2027-01-06 00:00:00","electronic","exchange",4,"[PREMIUM]","1,2,4"
"GAaI60YG8JD","2026-09-06 23:59:15.834","2026-09-18 22:49:11.869","GAaI60YG8JD","18377471","[PREMIUM]","[PREMIUM]","[PREMIUM]","330","Section 330","6",5,"[]","2027-01-06 00:00:00","electronic","exchange",4,"[PREMIUM]","1,2,3,5"
"GAaI60YG7Pk","2026-09-06 23:59:15.834","2026-09-18 22:49:11.869","GAaI60YG7Pk","18377471","[PREMIUM]","[PREMIUM]","[PREMIUM]","328","Section 328","10",2,"[]","2027-01-06 00:00:00","electronic","exchange",4,"[PREMIUM]","2"
"JABI3EYjExL","2026-09-06 23:59:15.834","2026-09-18 22:49:11.869","JABI3EYjExL","18377471","[PREMIUM]","[PREMIUM]","[PREMIUM]","326","Section 326","5",3,"[]","2027-01-06 00:00:00","electronic","exchange",4,"[PREMIUM]","1,3"
"JABI3EYRXE4","2026-09-06 23:59:15.834","2026-09-11 16:58:54.886","JABI3EYRXE4","18377471","[PREMIUM]","[PREMIUM]","[PREMIUM]","206","Section 206","6",4,"[]","2027-01-06 00:00:00","electronic","exchange",5,"[PREMIUM]","2,4"
"JABI3EYRqKL","2026-09-06 23:59:15.834","2026-09-11 16:58:54.886","JABI3EYRqKL","18377471","[PREMIUM]","[PREMIUM]","[PREMIUM]","327","Section 327","7",8,"[]","2027-01-06 00:00:00","electronic","exchange",4,"[PREMIUM]","1,2,3,4,6,8"
"JABI3EYjvZG","2026-09-06 23:59:15.834","2026-09-17 23:20:56.782","JABI3EYjvZG","18377471","[PREMIUM]","[PREMIUM]","[PREMIUM]","120","Section 120","1",2,"[]","2027-01-06 00:00:00","electronic","exchange",5,"[PREMIUM]","2"
"JABI3EYj8aN","2026-09-06 23:59:15.834","2026-09-18 22:49:11.869","JABI3EYj8aN","18377471","[PREMIUM]","[PREMIUM]","[PREMIUM]","220","Section 220","2",2,"[]","2027-01-06 00:00:00","electronic","exchange",3,"[PREMIUM]","2"
"JABI3EYj8ga","2026-09-06 23:59:15.834","2026-09-17 23:20:56.782","JABI3EYj8ga","18377471","[PREMIUM]","[PREMIUM]","[PREMIUM]","326","Section 326","9",2,"[]","2027-01-06 00:00:00","electronic","exchange",3,"[PREMIUM]","2"
"JABI3EYjoDl","2026-09-06 23:59:15.834","2026-09-18 22:49:11.869","JABI3EYjoDl","18377471","[PREMIUM]","[PREMIUM]","[PREMIUM]","105","Section 105","5",2,"[]","2027-01-06 00:00:00","electronic","exchange",4,"[PREMIUM]","2"
"JABI3EYjo5d","2026-09-06 23:59:15.834","2026-09-18 22:49:11.869","JABI3EYjo5d","18377471","[PREMIUM]","[PREMIUM]","[PREMIUM]","306","Section 306","8",2,"[]","2027-01-06 00:00:00","electronic","exchange",5,"[PREMIUM]","2"
"KezczqYOxNq","2026-09-06 23:59:15.834","2026-09-18 22:49:11.869","KezczqYOxNq","18377471","[PREMIUM]","[PREMIUM]","[PREMIUM]","121","Section 121","3",2,"[]","2027-01-06 00:00:00","electronic","exchange",3,"[PREMIUM]","2"
"KezczqYOXAL","2026-09-06 23:59:15.834","2026-09-17 23:20:56.782","KezczqYOXAL","18377471","[PREMIUM]","[PREMIUM]","[PREMIUM]","324","Section 324","5",4,"[]","2027-01-06 00:00:00","electronic","exchange",4,"[PREMIUM]","4"
"KezczqYOAp7","2026-09-06 23:59:15.834","2026-09-13 04:09:55.669","KezczqYOAp7","18377471","[PREMIUM]","[PREMIUM]","[PREMIUM]","117","Section 117","5",2,"[]","2027-01-06 00:00:00","electronic","exchange",4,"[PREMIUM]","2"
"KezczqYO7AK","2026-09-06 23:59:15.834","2026-09-17 23:20:56.782","KezczqYO7AK","18377471","[PREMIUM]","[PREMIUM]","[PREMIUM]","113","Section 113","3",3,"[]","2027-01-06 00:00:00","electronic","exchange",4,"[PREMIUM]","3"
"KezczqYO6oj","2026-09-06 23:59:15.834","2026-09-11 16:58:54.886","KezczqYO6oj","18377471","[PREMIUM]","[PREMIUM]","[PREMIUM]","119","Section 119","6",2,"[]","2027-01-06 00:00:00","electronic","exchange",5,"[PREMIUM]","2"
"KezczqYO3R9","2026-09-06 23:59:15.834","2026-09-17 23:20:56.782","KezczqYO3R9","18377471","[PREMIUM]","[PREMIUM]","[PREMIUM]","308","Section 308","5",2,"[]","2027-01-06 00:00:00","electronic","exchange",3,"[PREMIUM]","2"
"KezczqYO0xk","2026-09-06 23:59:15.834","2026-09-17 23:20:56.782","KezczqYO0xk","18377471","[PREMIUM]","[PREMIUM]","[PREMIUM]","316","Section 316","6",4,"[]","2027-01-06 00:00:00","electronic","exchange",3,"[PREMIUM]","4"
"KezczqYxMbG","2026-09-06 23:59:15.834","2026-09-11 16:58:54.886","KezczqYxMbG","18377471","[PREMIUM]","[PREMIUM]","[PREMIUM]","322","Section 322","3",3,"[]","2027-01-06 00:00:00","electronic","exchange",5,"[PREMIUM]","1,3"
"KezczqYxLbN","2026-09-06 23:59:15.834","2026-09-11 16:58:54.886","KezczqYxLbN","18377471","[PREMIUM]","[PREMIUM]","[PREMIUM]","307","Section 307","12",4,"[]","2027-01-06 00:00:00","electronic","exchange",5,"[PREMIUM]","2,4"
"LbviL8Y7ZBD","2026-09-06 23:59:15.834","2026-09-17 23:20:56.782","LbviL8Y7ZBD","18377471","[PREMIUM]","[PREMIUM]","[PREMIUM]","103","Section 103","6",2,"[]","2027-01-06 00:00:00","electronic","exchange",2,"[PREMIUM]","2"
"LbviL8Y7V0j","2026-09-06 23:59:15.834","2026-09-17 23:20:56.782","LbviL8Y7V0j","18377471","[PREMIUM]","[PREMIUM]","[PREMIUM]","304","Section 304","9",4,"[]","2027-01-06 00:00:00","electronic","exchange",4,"[PREMIUM]","4"
"LbviL8Y7AX0","2026-09-06 23:59:15.834","2026-09-18 22:49:11.869","LbviL8Y7AX0","18377471","[PREMIUM]","[PREMIUM]","[PREMIUM]","313","Section 313","10",4,"[]","2027-01-06 00:00:00","electronic","exchange",5,"[PREMIUM]","1,2,4"
"LbviL8YnZLz","2026-09-06 23:59:15.834","2026-09-17 23:20:56.782","LbviL8YnZLz","18377471","[PREMIUM]","[PREMIUM]","[PREMIUM]","321","Section 321","3",2,"[]","2027-01-06 00:00:00","electronic","exchange",2,"[PREMIUM]","2"
"LbviL8Ynl76","2026-09-06 23:59:15.834","2026-09-18 22:49:11.869","LbviL8Ynl76","18377471","[PREMIUM]","[PREMIUM]","[PREMIUM]","213","Section 213","5",2,"[]","2027-01-06 00:00:00","electronic","exchange",4,"[PREMIUM]","2"
"LbviL8YnK6z","2026-09-06 23:59:15.834","2026-09-17 23:20:56.782","LbviL8YnK6z","18377471","[PREMIUM]","[PREMIUM]","[PREMIUM]","323","Section 323","2",2,"[]","2027-01-06 00:00:00","electronic","exchange",2,"[PREMIUM]","2"
"LbviL8YnEk3","2026-09-06 23:59:15.834","2026-09-18 22:49:11.869","LbviL8YnEk3","18377471","[PREMIUM]","[PREMIUM]","[PREMIUM]","302","Section 302","5",2,"[]","2027-01-06 00:00:00","electronic","exchange",5,"[PREMIUM]","2"
"LbviL8Yn879","2026-09-06 23:59:15.834","2026-09-17 23:20:56.782","LbviL8Yn879","18377471","[PREMIUM]","[PREMIUM]","[PREMIUM]","107","Section 107","3",4,"[]","2027-01-06 00:00:00","electronic","exchange",3,"[PREMIUM]","4"
"LbviL8Yx0pV","2026-09-06 23:59:15.834","2026-09-11 16:58:54.886","LbviL8Yx0pV","18377471","[PREMIUM]","[PREMIUM]","[PREMIUM]","104","Section 104","2",4,"[]","2027-01-06 00:00:00","electronic","exchange",3,"[PREMIUM]","2,4"
"LbviL8YxkZm","2026-09-06 23:59:15.834","2026-09-11 16:58:54.886","LbviL8YxkZm","18377471","[PREMIUM]","[PREMIUM]","[PREMIUM]","106","Section 106","3",6,"[]","2027-01-06 00:00:00","electronic","exchange",2,"[PREMIUM]","1,2,4,6"
"LbviL8YxlM8","2026-09-06 23:59:15.834","2026-09-11 16:58:54.886","LbviL8YxlM8","18377471","[PREMIUM]","[PREMIUM]","[PREMIUM]","107","Section 107","2",2,"[]","2027-01-06 00:00:00","electronic","exchange",2,"[PREMIUM]","2"
"LbviL8Yn6pL","2026-09-06 23:59:15.834","2026-09-17 23:20:56.782","LbviL8Yn6pL","18377471","[PREMIUM]","[PREMIUM]","[PREMIUM]","112","Section 112","3",2,"[]","2027-01-06 00:00:00","electronic","exchange",4,"[PREMIUM]","2"
"MAeIP3YKgz5","2026-09-06 23:59:15.834","2026-09-13 04:09:55.669","MAeIP3YKgz5","18377471","[PREMIUM]","[PREMIUM]","[PREMIUM]","311","Section 311","4",4,"[]","2027-01-06 00:00:00","electronic","exchange",3,"[PREMIUM]","4"
"MAeIP3YqrNx","2026-09-06 23:59:15.834","2026-09-17 23:20:56.782","MAeIP3YqrNx","18377471","[PREMIUM]","[PREMIUM]","[PREMIUM]","322","Section 322","11",4,"[]","2027-01-06 00:00:00","electronic","exchange",3,"[PREMIUM]","4"
"MAeIP3YKGN0","2026-09-06 23:59:15.834","2026-09-17 23:20:56.782","MAeIP3YKGN0","18377471","[PREMIUM]","[PREMIUM]","[PREMIUM]","312","Section 312","6",4,"[]","2027-01-06 00:00:00","electronic","exchange",3,"[PREMIUM]","4"
"MAeIP3YqYAb","2026-09-06 23:59:15.834","2026-09-09 00:34:32.085","MAeIP3YqYAb","18377471","[PREMIUM]","[PREMIUM]","[PREMIUM]","207","Section 207","5",2,"[]","2027-01-06 00:00:00","electronic","exchange",4,"[PREMIUM]","2"
"MAeIP3YxAbD","2026-09-06 23:59:15.834","2026-09-11 16:58:54.886","MAeIP3YxAbD","18377471","[PREMIUM]","[PREMIUM]","[PREMIUM]","328","Section 328","7",4,"[]","2027-01-06 00:00:00","electronic","exchange",4,"[PREMIUM]","2,4"
"MAeIP3YxAYk","2026-09-06 23:59:15.834","2026-09-11 16:58:54.886","MAeIP3YxAYk","18377471","[PREMIUM]","[PREMIUM]","[PREMIUM]","117","Section 117","7",4,"[]","2027-01-06 00:00:00","electronic","exchange",4,"[PREMIUM]","2,4"
"NrqUv6Y2Xvn","2026-09-06 23:59:15.834","2026-09-13 04:09:55.669","NrqUv6Y2Xvn","18377471","[PREMIUM]","[PREMIUM]","[PREMIUM]","328","Section 328","2",2,"[]","2027-01-06 00:00:00","electronic","exchange",2,"[PREMIUM]","2"
"NrqUv6YroAm","2026-09-06 23:59:15.834","2026-09-17 23:20:56.782","NrqUv6YroAm","18377471","[PREMIUM]","[PREMIUM]","[PREMIUM]","205","Section 205","3",4,"[]","2027-01-06 00:00:00","electronic","exchange",5,"[PREMIUM]","4"
"NrqUv6Y2mnb","2026-09-06 23:59:15.834","2026-09-18 22:49:11.869","NrqUv6Y2mnb","18377471","[PREMIUM]","[PREMIUM]","[PREMIUM]","320","Section 320","5",2,"[]","2027-01-06 00:00:00","electronic","exchange",4,"[PREMIUM]","2"
"NrqUv6Y2m4X","2026-09-06 23:59:15.834","2026-09-18 22:49:11.869","NrqUv6Y2m4X","18377471","[PREMIUM]","[PREMIUM]","[PREMIUM]","327","Section 327","8",2,"[]","2027-01-06 00:00:00","electronic","exchange",5,"[PREMIUM]","2"
"NrqUv6Y24V8","2026-09-06 23:59:15.834","2026-09-17 23:20:56.782","NrqUv6Y24V8","18377471","[PREMIUM]","[PREMIUM]","[PREMIUM]","212","Section 212","4",2,"[]","2027-01-06 00:00:00","electronic","exchange",2,"[PREMIUM]","2"
"NrqUv6Y2ABp","2026-09-06 23:59:15.834","2026-09-18 22:49:11.869","NrqUv6Y2ABp","18377471","[PREMIUM]","[PREMIUM]","[PREMIUM]","104","Section 104","1",2,"[]","2027-01-06 00:00:00","electronic","exchange",4,"[PREMIUM]","2"
"NrqUv6Y2Kaq","2026-09-06 23:59:15.834","2026-09-18 22:49:11.869","NrqUv6Y2Kaq","18377471","[PREMIUM]","[PREMIUM]","[PREMIUM]","106","Section 106","4",2,"[]","2027-01-06 00:00:00","electronic","exchange",3,"[PREMIUM]","2"
"O7AhwKYxB80","2026-09-06 23:59:15.834","2026-09-11 16:58:54.886","O7AhwKYxB80","18377471","[PREMIUM]","[PREMIUM]","[PREMIUM]","218","Section 218","5",4,"[]","2027-01-06 00:00:00","electronic","exchange",4,"[PREMIUM]","2,4"
"O7AhwKYx02d","2026-09-06 23:59:15.834","2026-09-11 16:58:54.886","O7AhwKYx02d","18377471","[PREMIUM]","[PREMIUM]","[PREMIUM]","307","Section 307","6",2,"[]","2027-01-06 00:00:00","electronic","exchange",5,"[PREMIUM]","2"
"O7AhwKYpqJ4","2026-09-06 23:59:15.834","2026-09-18 22:49:11.869","O7AhwKYpqJ4","18377471","[PREMIUM]","[PREMIUM]","[PREMIUM]","210","Section 210","4",2,"[]","2027-01-06 00:00:00","electronic","exchange",5,"[PREMIUM]","2"
"O7AhwKYpMJG","2026-09-06 23:59:15.834","2026-09-18 22:49:11.869","O7AhwKYpMJG","18377471","[PREMIUM]","[PREMIUM]","[PREMIUM]","325","Section 325","6",2,"[]","2027-01-06 00:00:00","electronic","exchange",5,"[PREMIUM]","2"
"O7AhwKYp0z5","2026-09-06 23:59:15.834","2026-09-10 14:11:56.902","O7AhwKYp0z5","18377471","[PREMIUM]","[PREMIUM]","[PREMIUM]","105","Section 105","2",4,"[]","2027-01-06 00:00:00","electronic","exchange",2,"[PREMIUM]","1,2,4"
"PX0sgqYGpZV","2026-09-06 23:59:15.834","2026-09-18 22:49:11.869","PX0sgqYGpZV","18377471","[PREMIUM]","[PREMIUM]","[PREMIUM]","206","Section 206","5",2,"[]","2027-01-06 00:00:00","electronic","exchange",5,"[PREMIUM]","2"
"PX0sgqYGZll","2026-09-06 23:59:15.834","2026-09-18 22:49:11.869","PX0sgqYGZll","18377471","[PREMIUM]","[PREMIUM]","[PREMIUM]","305","Section 305","7",2,"[]","2027-01-06 00:00:00","electronic","exchange",5,"[PREMIUM]","2"
"PX0sgqYGM90","2026-09-06 23:59:15.834","2026-09-17 23:20:56.782","PX0sgqYGM90","18377471","[PREMIUM]","[PREMIUM]","[PREMIUM]","329","Section 329","5",2,"[]","2027-01-06 00:00:00","electronic","exchange",2,"[PREMIUM]","2"
"PX0sgqYG02Y","2026-09-06 23:59:15.834","2026-09-18 22:49:11.869","PX0sgqYG02Y","18377471","[PREMIUM]","[PREMIUM]","[PREMIUM]","107","Section 107","5",2,"[]","2027-01-06 00:00:00","electronic","exchange",4,"[PREMIUM]","2"
"PX0sgqYmAGx","2026-09-06 23:59:15.834","2026-09-11 16:58:54.886","PX0sgqYmAGx","18377471","[PREMIUM]","[PREMIUM]","[PREMIUM]","302","Section 302","6",4,"[]","2027-01-06 00:00:00","electronic","exchange",3,"[PREMIUM]","4"
"PX0sgqYm9An","2026-09-06 23:59:15.834","2026-09-17 23:20:56.782","PX0sgqYm9An","18377471","[PREMIUM]","[PREMIUM]","[PREMIUM]","121","Section 121","5",2,"[]","2027-01-06 00:00:00","electronic","exchange",5,"[PREMIUM]","2"
"ROXHz2Y6xg4","2026-09-06 23:59:15.834","2026-09-18 22:49:11.869","ROXHz2Y6xg4","18377471","[PREMIUM]","[PREMIUM]","[PREMIUM]","327","Section 327","9",2,"[]","2027-01-06 00:00:00","electronic","exchange",4,"[PREMIUM]","2"
"ROXHz2Y6eBv","2026-09-06 23:59:15.834","2026-09-17 23:20:56.782","ROXHz2Y6eBv","18377471","[PREMIUM]","[PREMIUM]","[PREMIUM]","219","Section 219","3",4,"[]","2027-01-06 00:00:00","electronic","exchange",2,"[PREMIUM]","4"
"ROXHz2Y6LpO","2026-09-06 23:59:15.834","2026-09-18 22:49:11.869","ROXHz2Y6LpO","18377471","[PREMIUM]","[PREMIUM]","[PREMIUM]","320","Section 320","7",4,"[]","2027-01-06 00:00:00","electronic","exchange",5,"[PREMIUM]","1,2,4"
"ROXHz2Y6EZl","2026-09-06 23:59:15.834","2026-09-17 23:20:56.782","ROXHz2Y6EZl","18377471","[PREMIUM]","[PREMIUM]","[PREMIUM]","305","Section 305","9",2,"[]","2027-01-06 00:00:00","electronic","exchange",3,"[PREMIUM]","2"
"ROXHz2YxXmk","2026-09-06 23:59:15.834","2026-09-11 16:58:54.886","ROXHz2YxXmk","18377471","[PREMIUM]","[PREMIUM]","[PREMIUM]","109","Section 109","12",2,"[]","2027-01-06 00:00:00","electronic","exchange",5,"[PREMIUM]","2"
"ROXHz2YxXKa","2026-09-06 23:59:15.834","2026-09-11 16:58:54.886","ROXHz2YxXKa","18377471","[PREMIUM]","[PREMIUM]","[PREMIUM]","319","Section 319","12",4,"[]","2027-01-06 00:00:00","electronic","exchange",4,"[PREMIUM]","2,4"
"V4KU04xrkeG","2026-09-06 23:59:15.834","2026-09-18 22:49:11.869","V4KU04xrkeG","18377471","[PREMIUM]","[PREMIUM]","[PREMIUM]","119","Section 119","3",2,"[]","2027-01-06 00:00:00","electronic","exchange",2,"[PREMIUM]","2"
"V4KU04xrjzz","2026-09-06 23:59:15.834","2026-09-17 23:20:56.782","V4KU04xrjzz","18377471","[PREMIUM]","[PREMIUM]","[PREMIUM]","217","Section 217","3",4,"[]","2027-01-06 00:00:00","electronic","exchange",3,"[PREMIUM]","4"
"V4KU04xrj8G","2026-09-06 23:59:15.834","2026-09-18 22:49:11.869","V4KU04xrj8G","18377471","[PREMIUM]","[PREMIUM]","[PREMIUM]","309","Section 309","10",2,"[]","2027-01-06 00:00:00","electronic","exchange",5,"[PREMIUM]","2"
"V4KU04xrAbN","2026-09-06 23:59:15.834","2026-09-17 23:20:56.782","V4KU04xrAbN","18377471","[PREMIUM]","[PREMIUM]","[PREMIUM]","104","Section 104","2",4,"[]","2027-01-06 00:00:00","electronic","exchange",4,"[PREMIUM]","4"
"V4KU04xr9b5","2026-09-06 23:59:15.834","2026-09-17 23:20:56.782","V4KU04xr9b5","18377471","[PREMIUM]","[PREMIUM]","[PREMIUM]","320","Section 320","12",2,"[]","2027-01-06 00:00:00","electronic","exchange",2,"[PREMIUM]","2"
"V4KU04xg2rB","2026-09-06 23:59:15.834","2026-09-17 23:20:56.782","V4KU04xg2rB","18377471","[PREMIUM]","[PREMIUM]","[PREMIUM]","319","Section 319","3",2,"[]","2027-01-06 00:00:00","electronic","exchange",5,"[PREMIUM]","2"
"V4KU04xroe9","2026-09-06 23:59:15.834","2026-09-17 23:20:56.782","V4KU04xroe9","18377471","[PREMIUM]","[PREMIUM]","[PREMIUM]","310","Section 310","9",2,"[]","2027-01-06 00:00:00","electronic","exchange",3,"[PREMIUM]","2"
"V4KU04xpXEm","2026-09-06 23:59:15.834","2026-09-11 16:58:54.886","V4KU04xpXEm","18377471","[PREMIUM]","[PREMIUM]","[PREMIUM]","322","Section 322","12",3,"[]","2027-01-06 00:00:00","electronic","exchange",5,"[PREMIUM]","1,3"
"X03tKlYkBEV","2026-09-06 23:59:15.834","2026-09-06 23:59:15.834","X03tKlYkBEV","18377471","[PREMIUM]","[PREMIUM]","[PREMIUM]","319","Section 319","1",2,"[]","2027-01-06 00:00:00","electronic","exchange",4,"[PREMIUM]","2"
"YgJtk0Ywk3z","2026-09-06 23:59:15.834","2026-09-18 22:49:11.869","YgJtk0Ywk3z","18377471","[PREMIUM]","[PREMIUM]","[PREMIUM]","120","Section 120","3",2,"[]","2027-01-06 00:00:00","electronic","exchange",4,"[PREMIUM]","2"
"YgJtk0Ywe86","2026-09-06 23:59:15.834","2026-09-18 22:49:11.869","YgJtk0Ywe86","18377471","[PREMIUM]","[PREMIUM]","[PREMIUM]","106","Section 106","3",4,"[]","2027-01-06 00:00:00","electronic","exchange",2,"[PREMIUM]","1,2,4"
"YgJtk0YwJlA","2026-09-06 23:59:15.834","2026-09-17 23:20:56.782","YgJtk0YwJlA","18377471","[PREMIUM]","[PREMIUM]","[PREMIUM]","301","Section 301","3",2,"[]","2027-01-06 00:00:00","electronic","exchange",3,"[PREMIUM]","2"
"YgJtk0YwAYm","2026-09-06 23:59:15.834","2026-09-18 22:49:11.869","YgJtk0YwAYm","18377471","[PREMIUM]","[PREMIUM]","[PREMIUM]","106","Section 106","10",2,"[]","2027-01-06 00:00:00","electronic","exchange",5,"[PREMIUM]","2"
"YgJtk0YwA8b","2026-09-06 23:59:15.834","2026-09-17 23:20:56.782","YgJtk0YwA8b","18377471","[PREMIUM]","[PREMIUM]","[PREMIUM]","119","Section 119","7",2,"[]","2027-01-06 00:00:00","electronic","exchange",4,"[PREMIUM]","2"
"YgJtk0YwA4x","2026-09-06 23:59:15.834","2026-09-17 23:20:56.782","YgJtk0YwA4x","18377471","[PREMIUM]","[PREMIUM]","[PREMIUM]","214","Section 214","2",2,"[]","2027-01-06 00:00:00","electronic","exchange",2,"[PREMIUM]","2"
"Zm9hvJYxrBv","2026-09-06 23:59:15.834","2026-09-11 16:58:54.886","Zm9hvJYxrBv","18377471","[PREMIUM]","[PREMIUM]","[PREMIUM]","308","Section 308","6",2,"[]","2027-01-06 00:00:00","electronic","exchange",4,"[PREMIUM]","2"
"Zm9hvJYorvY","2026-09-06 23:59:15.834","2026-09-17 23:20:56.782","Zm9hvJYorvY","18377471","[PREMIUM]","[PREMIUM]","[PREMIUM]","120","Section 120","2",4,"[]","2027-01-06 00:00:00","electronic","exchange",4,"[PREMIUM]","4"
"Zm9hvJYorj7","2026-09-06 23:59:15.834","2026-09-18 22:49:11.869","Zm9hvJYorj7","18377471","[PREMIUM]","[PREMIUM]","[PREMIUM]","322","Section 322","5",2,"[]","2027-01-06 00:00:00","electronic","exchange",5,"[PREMIUM]","2"
"Zm9hvJYoX0e","2026-09-06 23:59:15.834","2026-09-17 23:20:56.782","Zm9hvJYoX0e","18377471","[PREMIUM]","[PREMIUM]","[PREMIUM]","319","Section 319","2",2,"[]","2027-01-06 00:00:00","electronic","exchange",3,"[PREMIUM]","2"
"Zm9hvJYoVGA","2026-09-06 23:59:15.834","2026-09-18 22:49:11.869","Zm9hvJYoVGA","18377471","[PREMIUM]","[PREMIUM]","[PREMIUM]","307","Section 307","6",3,"[]","2027-01-06 00:00:00","electronic","exchange",5,"[PREMIUM]","1,3"
"agktlMY0OEk","2026-09-06 23:59:15.834","2026-09-13 04:09:55.669","agktlMY0OEk","18377471","[PREMIUM]","[PREMIUM]","[PREMIUM]","118","Section 118","6",2,"[]","2027-01-06 00:00:00","electronic","exchange",5,"[PREMIUM]","2"
"agktlMYgmK7","2026-09-06 23:59:15.834","2026-09-17 23:20:56.782","agktlMYgmK7","18377471","[PREMIUM]","[PREMIUM]","[PREMIUM]","209","Section 209","3",3,"[]","2027-01-06 00:00:00","electronic","exchange",2,"[PREMIUM]","3"
"agktlMYgbzP","2026-09-06 23:59:15.834","2026-09-17 23:20:56.782","agktlMYgbzP","18377471","[PREMIUM]","[PREMIUM]","[PREMIUM]","318","Section 318","6",4,"[]","2027-01-06 00:00:00","electronic","exchange",3,"[PREMIUM]","4"
"agktlMYgRrw","2026-09-06 23:59:15.834","2026-09-17 23:20:56.782","agktlMYgRrw","18377471","[PREMIUM]","[PREMIUM]","[PREMIUM]","317","Section 317","6",2,"[]","2027-01-06 00:00:00","electronic","exchange",3,"[PREMIUM]","2"
"agktlMYgL4j","2026-09-06 23:59:15.834","2026-09-17 23:20:56.782","agktlMYgL4j","18377471","[PREMIUM]","[PREMIUM]","[PREMIUM]","325","Section 325","3",2,"[]","2027-01-06 00:00:00","electronic","exchange",3,"[PREMIUM]","2"
"agktlMYg8wV","2026-09-06 23:59:15.834","2026-09-18 22:49:11.869","agktlMYg8wV","18377471","[PREMIUM]","[PREMIUM]","[PREMIUM]","322","Section 322","5",3,"[]","2027-01-06 00:00:00","electronic","exchange",5,"[PREMIUM]","1,3"
"agktlMYg4Gr","2026-09-06 23:59:15.834","2026-09-17 23:20:56.782","agktlMYg4Gr","18377471","[PREMIUM]","[PREMIUM]","[PREMIUM]","203","Section 203","4",4,"[]","2027-01-06 00:00:00","electronic","exchange",3,"[PREMIUM]","1,2,4"
"agktlMYxN9b","2026-09-06 23:59:15.834","2026-09-11 16:58:54.886","agktlMYxN9b","18377471","[PREMIUM]","[PREMIUM]","[PREMIUM]","315","Section 315","11",4,"[]","2027-01-06 00:00:00","electronic","exchange",5,"[PREMIUM]","2,4"
"b4wUaoYgLEZ","2026-09-06 23:59:15.834","2026-09-18 22:49:11.869","b4wUaoYgLEZ","18377471","[PREMIUM]","[PREMIUM]","[PREMIUM]","311","Section 311","11",2,"[]","2027-01-06 00:00:00","electronic","exchange",5,"[PREMIUM]","2"
"b4wUaoYgX4m","2026-09-06 23:59:15.834","2026-09-17 23:20:56.782","b4wUaoYgX4m","18377471","[PREMIUM]","[PREMIUM]","[PREMIUM]","211","Section 211","6",4,"[]","2027-01-06 00:00:00","electronic","exchange",3,"[PREMIUM]","4"
"b4wUaoYgoge","2026-09-06 23:59:15.834","2026-09-17 23:20:56.782","b4wUaoYgoge","18377471","[PREMIUM]","[PREMIUM]","[PREMIUM]","119","Section 119","3",2,"[]","2027-01-06 00:00:00","electronic","exchange",4,"[PREMIUM]","2"
"b4wUaoYX9rM","2026-09-06 23:59:15.834","2026-09-11 16:58:54.886","b4wUaoYX9rM","18377471","[PREMIUM]","[PREMIUM]","[PREMIUM]","330","Section 330","6",3,"[]","2027-01-06 00:00:00","electronic","exchange",4,"[PREMIUM]","1,3"
"b4wUaoYgLkG","2026-09-06 23:59:15.834","2026-09-17 23:20:56.782","b4wUaoYgLkG","18377471","[PREMIUM]","[PREMIUM]","[PREMIUM]","120","Section 120","3",2,"[]","2027-01-06 00:00:00","electronic","exchange",3,"[PREMIUM]","2"
"dNgUgpYE3np","2026-09-06 23:59:15.834","2026-09-11 16:58:54.886","dNgUgpYE3np","18377471","[PREMIUM]","[PREMIUM]","[PREMIUM]","326","Section 326","10",3,"[]","2027-01-06 00:00:00","electronic","exchange",4,"[PREMIUM]","1,3"
"dNgUgpYDxKE","2026-09-06 23:59:15.834","2026-09-18 22:49:11.869","dNgUgpYDxKE","18377471","[PREMIUM]","[PREMIUM]","[PREMIUM]","105","Section 105","3",2,"[]","2027-01-06 00:00:00","electronic","exchange",2,"[PREMIUM]","2"
"dNgUgpYDVZa","2026-09-06 23:59:15.834","2026-09-17 23:20:56.782","dNgUgpYDVZa","18377471","[PREMIUM]","[PREMIUM]","[PREMIUM]","319","Section 319","2",2,"[]","2027-01-06 00:00:00","electronic","exchange",3,"[PREMIUM]","2"
"dNgUgpYDMkN","2026-09-06 23:59:15.834","2026-09-17 23:20:56.782","dNgUgpYDMkN","18377471","[PREMIUM]","[PREMIUM]","[PREMIUM]","301L","Section 301 Loge","a",2,"[]","2027-01-06 00:00:00","electronic","exchange",3,"[PREMIUM]","2"
"dNgUgpYD3n9","2026-09-06 23:59:15.834","2026-09-17 23:20:56.782","dNgUgpYD3n9","18377471","[PREMIUM]","[PREMIUM]","[PREMIUM]","330","Section 330","12",2,"[]","2027-01-06 00:00:00","electronic","exchange",3,"[PREMIUM]","2"
"dNgUgpY5wXp","2026-09-06 23:59:15.834","2026-09-13 04:09:55.669","dNgUgpY5wXp","18377471","[PREMIUM]","[PREMIUM]","[PREMIUM]","310","Section 310","7",3,"[]","2027-01-06 00:00:00","electronic","exchange",5,"[PREMIUM]","1,3"
"dNgUgpY5G5d","2026-09-06 23:59:15.834","2026-09-17 23:20:56.782","dNgUgpY5G5d","18377471","[PREMIUM]","[PREMIUM]","[PREMIUM]","210","Section 210","6",2,"[]","2027-01-06 00:00:00","electronic","exchange",4,"[PREMIUM]","2"
"eeacK8Y9Joz","2026-09-06 23:59:15.834","2026-09-13 04:09:55.669","eeacK8Y9Joz","18377471","[PREMIUM]","[PREMIUM]","[PREMIUM]","312","Section 312","4",4,"[]","2027-01-06 00:00:00","electronic","exchange",4,"[PREMIUM]","4"
"eeacK8Y9w72","2026-09-06 23:59:15.834","2026-09-18 22:49:11.869","eeacK8Y9w72","18377471","[PREMIUM]","[PREMIUM]","[PREMIUM]","310","Section 310","8",2,"[]","2027-01-06 00:00:00","electronic","exchange",5,"[PREMIUM]","2"
"eeacK8Y9Zn4","2026-09-06 23:59:15.834","2026-09-18 22:49:11.869","eeacK8Y9Zn4","18377471","[PREMIUM]","[PREMIUM]","[PREMIUM]","107","Section 107","3",2,"[]","2027-01-06 00:00:00","electronic","exchange",4,"[PREMIUM]","2"
"eeacK8Y9Zl6","2026-09-06 23:59:15.834","2026-09-18 22:49:11.869","eeacK8Y9Zl6","18377471","[PREMIUM]","[PREMIUM]","[PREMIUM]","302","Section 302","6",2,"[]","2027-01-06 00:00:00","electronic","exchange",5,"[PREMIUM]","2"
"g48Ur6wOMwq","2026-09-06 23:59:15.834","2026-09-11 16:58:54.886","g48Ur6wOMwq","18377471","[PREMIUM]","[PREMIUM]","[PREMIUM]","306","Section 306","6",2,"[]","2027-01-06 00:00:00","electronic","exchange",4,"[PREMIUM]","2"
"g48Ur6wOJlb","2026-09-06 23:59:15.834","2026-09-11 16:58:54.886","g48Ur6wOJlb","18377471","[PREMIUM]","[PREMIUM]","[PREMIUM]","219","Section 219","3",2,"[]","2027-01-06 00:00:00","electronic","exchange",3,"[PREMIUM]","2"
"g48Ur6w0nnr","2026-09-06 23:59:15.834","2026-09-11 16:58:54.886","g48Ur6w0nnr","18377471","[PREMIUM]","[PREMIUM]","[PREMIUM]","111","Section 111","6",3,"[]","2027-01-06 00:00:00","electronic","exchange",5,"[PREMIUM]","3"
"g48Ur6w0LbZ","2026-09-06 23:59:15.834","2026-09-17 23:20:56.782","g48Ur6w0LbZ","18377471","[PREMIUM]","[PREMIUM]","[PREMIUM]","316L","Section 316 Loge","a",2,"[]","2027-01-06 00:00:00","electronic","exchange",3,"[PREMIUM]","2"
"g48Ur6w069m","2026-09-06 23:59:15.834","2026-09-17 23:20:56.782","g48Ur6w069m","18377471","[PREMIUM]","[PREMIUM]","[PREMIUM]","104","Section 104","1",4,"[]","2027-01-06 00:00:00","electronic","exchange",5,"[PREMIUM]","4"
"g48Ur6w04OL","2026-09-06 23:59:15.834","2026-09-18 22:49:11.869","g48Ur6w04OL","18377471","[PREMIUM]","[PREMIUM]","[PREMIUM]","118","Section 118","7",2,"[]","2027-01-06 00:00:00","electronic","exchange",5,"[PREMIUM]","2"
"g48Ur6wjVvK","2026-09-06 23:59:15.834","2026-09-17 23:20:56.782","g48Ur6wjVvK","18377471","[PREMIUM]","[PREMIUM]","[PREMIUM]","115","Section 115","9",3,"[]","2027-01-06 00:00:00","electronic","exchange",5,"[PREMIUM]","3"
"jDvszkDGjw0","2026-09-06 23:59:15.834","2026-09-17 23:20:56.782","jDvszkDGjw0","18377471","[PREMIUM]","[PREMIUM]","[PREMIUM]","205","Section 205","2",2,"[]","2027-01-06 00:00:00","electronic","exchange",3,"[PREMIUM]","2"
"jDvszkD9jvO","2026-09-06 23:59:15.834","2026-09-11 16:58:54.886","jDvszkD9jvO","18377471","[PREMIUM]","[PREMIUM]","[PREMIUM]","319","Section 319","7",3,"[]","2027-01-06 00:00:00","electronic","exchange",5,"[PREMIUM]","1,3"
"jDvszkDdeOX","2026-09-06 23:59:15.834","2026-09-18 22:49:11.869","jDvszkDdeOX","18377471","[PREMIUM]","[PREMIUM]","[PREMIUM]","319","Section 319","11",2,"[]","2027-01-06 00:00:00","electronic","exchange",5,"[PREMIUM]","2"
"jDvszkDdrYP","2026-09-06 23:59:15.834","2026-09-17 23:20:56.782","jDvszkDdrYP","18377471","[PREMIUM]","[PREMIUM]","[PREMIUM]","306","Section 306","6",2,"[]","2027-01-06 00:00:00","electronic","exchange",5,"[PREMIUM]","2"
"jDvszkDGakK","2026-09-06 23:59:15.834","2026-09-13 04:09:55.669","jDvszkDGakK","18377471","[PREMIUM]","[PREMIUM]","[PREMIUM]","327","Section 327","3",2,"[]","2027-01-06 00:00:00","electronic","exchange",3,"[PREMIUM]","2"
"jDvszkDG3YM","2026-09-06 23:59:15.834","2026-09-18 22:49:11.869","jDvszkDG3YM","18377471","[PREMIUM]","[PREMIUM]","[PREMIUM]","218","Section 218","5",2,"[]","2027-01-06 00:00:00","electronic","exchange",5,"[PREMIUM]","2"
"jDvszkDG8bl","2026-09-06 23:59:15.834","2026-09-13 04:09:55.669","jDvszkDG8bl","18377471","[PREMIUM]","[PREMIUM]","[PREMIUM]","111","Section 111","3",3,"[]","2027-01-06 00:00:00","electronic","exchange",4,"[PREMIUM]","3"
"jDvszkDGLx3","2026-09-06 23:59:15.834","2026-09-18 22:49:11.869","jDvszkDGLx3","18377471","[PREMIUM]","[PREMIUM]","[PREMIUM]","118","Section 118","5",6,"[]","2027-01-06 00:00:00","electronic","exchange",4,"[PREMIUM]","1,2,3,4,6"
"jDvszkD9qed","2026-09-06 23:59:15.834","2026-09-11 16:58:54.886","jDvszkD9qed","18377471","[PREMIUM]","[PREMIUM]","[PREMIUM]","326","Section 326","7",2,"[]","2027-01-06 00:00:00","electronic","exchange",4,"[PREMIUM]","2"
"jDvszkDGnKb","2026-09-06 23:59:15.834","2026-09-17 23:20:56.782","jDvszkDGnKb","18377471","[PREMIUM]","[PREMIUM]","[PREMIUM]","321","Section 321","4",4,"[]","2027-01-06 00:00:00","electronic","exchange",3,"[PREMIUM]","4"
"jDvszkDGkRx","2026-09-06 23:59:15.834","2026-09-17 23:20:56.782","jDvszkDGkRx","18377471","[PREMIUM]","[PREMIUM]","[PREMIUM]","317","Section 317","4",4,"[]","2027-01-06 00:00:00","electronic","exchange",3,"[PREMIUM]","4"
"kYet9m3lBg6","2026-09-06 23:59:15.834","2026-09-17 23:20:56.782","kYet9m3lBg6","18377471","[PREMIUM]","[PREMIUM]","[PREMIUM]","213","Section 213","5",4,"[]","2027-01-06 00:00:00","electronic","exchange",3,"[PREMIUM]","4"
"kYet9m3Ge5l","2026-09-06 23:59:15.834","2026-09-17 23:20:56.782","kYet9m3Ge5l","18377471","[PREMIUM]","[PREMIUM]","[PREMIUM]","310","Section 310","6",2,"[]","2027-01-06 00:00:00","electronic","exchange",3,"[PREMIUM]","2"
"kYet9m3ljRk","2026-09-06 23:59:15.834","2026-09-13 04:09:55.669","kYet9m3ljRk","18377471","[PREMIUM]","[PREMIUM]","[PREMIUM]","214","Section 214","3",2,"[]","2027-01-06 00:00:00","electronic","exchange",5,"[PREMIUM]","2"
"kYet9m3lPaB","2026-09-06 23:59:15.834","2026-09-17 23:20:56.782","kYet9m3lPaB","18377471","[PREMIUM]","[PREMIUM]","[PREMIUM]","309","Section 309","9",2,"[]","2027-01-06 00:00:00","electronic","exchange",2,"[PREMIUM]","2"
"kYet9m32O47","2026-09-06 23:59:15.834","2026-09-11 16:58:54.886","kYet9m32O47","18377471","[PREMIUM]","[PREMIUM]","[PREMIUM]","316","Section 316","6",3,"[]","2027-01-06 00:00:00","electronic","exchange",5,"[PREMIUM]","1,3"
"kYet9m3lzxa","2026-09-06 23:59:15.834","2026-09-17 23:20:56.782","kYet9m3lzxa","18377471","[PREMIUM]","[PREMIUM]","[PREMIUM]","210","Section 210","2",3,"[]","2027-01-06 00:00:00","electronic","exchange",2,"[PREMIUM]","3"
"kYet9m32P84","2026-09-06 23:59:15.834","2026-09-11 16:58:54.886","kYet9m32P84","18377471","[PREMIUM]","[PREMIUM]","[PREMIUM]","121","Section 121","4",2,"[]","2027-01-06 00:00:00","electronic","exchange",3,"[PREMIUM]","2"
"kYet9m3lVAG","2026-09-06 23:59:15.834","2026-09-13 04:09:55.669","kYet9m3lVAG","18377471","[PREMIUM]","[PREMIUM]","[PREMIUM]","309","Section 309","3",2,"[]","2027-01-06 00:00:00","electronic","exchange",3,"[PREMIUM]","2"
"kYet9m3lB0a","2026-09-06 23:59:15.834","2026-09-18 22:49:11.869","kYet9m3lB0a","18377471","[PREMIUM]","[PREMIUM]","[PREMIUM]","109","Section 109","3",2,"[]","2027-01-06 00:00:00","electronic","exchange",4,"[PREMIUM]","2"
"kYet9m32bOe","2026-09-06 23:59:15.834","2026-09-11 16:58:54.886","kYet9m32bOe","18377471","[PREMIUM]","[PREMIUM]","[PREMIUM]","320","Section 320","12",2,"[]","2027-01-06 00:00:00","electronic","exchange",4,"[PREMIUM]","2"
"kYet9m3lB2e","2026-09-06 23:59:15.834","2026-09-18 22:49:11.869","kYet9m3lB2e","18377471","[PREMIUM]","[PREMIUM]","[PREMIUM]","322","Section 322","10",2,"[]","2027-01-06 00:00:00","electronic","exchange",5,"[PREMIUM]","2"
"lxVsdR08k05","2026-09-06 23:59:15.834","2026-09-11 16:58:54.886","lxVsdR08k05","18377471","[PREMIUM]","[PREMIUM]","[PREMIUM]","321","Section 321","6",2,"[]","2027-01-06 00:00:00","electronic","exchange",3,"[PREMIUM]","2"
"lxVsdR07keM","2026-09-06 23:59:15.834","2026-09-17 23:20:56.782","lxVsdR07keM","18377471","[PREMIUM]","[PREMIUM]","[PREMIUM]","330","Section 330","6",4,"[]","2027-01-06 00:00:00","electronic","exchange",3,"[PREMIUM]","4"
"lxVsdR07bbm","2026-09-06 23:59:15.834","2026-09-17 23:20:56.782","lxVsdR07bbm","18377471","[PREMIUM]","[PREMIUM]","[PREMIUM]","206","Section 206","3",2,"[]","2027-01-06 00:00:00","electronic","exchange",3,"[PREMIUM]","2"
"lxVsdR07M72","2026-09-06 23:59:15.834","2026-09-17 23:20:56.782","lxVsdR07M72","18377471","[PREMIUM]","[PREMIUM]","[PREMIUM]","222","Section 222","7",2,"[]","2027-01-06 00:00:00","electronic","exchange",4,"[PREMIUM]","2"
"lxVsdR07L8O","2026-09-06 23:59:15.834","2026-09-17 23:20:56.782","lxVsdR07L8O","18377471","[PREMIUM]","[PREMIUM]","[PREMIUM]","107","Section 107","2",4,"[]","2027-01-06 00:00:00","electronic","exchange",3,"[PREMIUM]","4"
"lxVsdR04rmG","2026-09-06 23:59:15.834","2026-09-18 22:49:11.869","lxVsdR04rmG","18377471","[PREMIUM]","[PREMIUM]","[PREMIUM]","119","Section 119","9",2,"[]","2027-01-06 00:00:00","electronic","exchange",5,"[PREMIUM]","2"
"mxAs4xld9a7","2026-09-06 23:59:15.834","2026-09-11 16:58:54.886","mxAs4xld9a7","18377471","[PREMIUM]","[PREMIUM]","[PREMIUM]","105","Section 105","2",2,"[]","2027-01-06 00:00:00","electronic","exchange",2,"[PREMIUM]","2"
"mxAs4xldb42","2026-09-06 23:59:15.834","2026-09-11 16:58:54.886","mxAs4xldb42","18377471","[PREMIUM]","[PREMIUM]","[PREMIUM]","310","Section 310","7",8,"[]","2027-01-06 00:00:00","electronic","exchange",5,"[PREMIUM]","1,2,3,4,6,8"
"mxAs4xld9EK","2026-09-06 23:59:15.834","2026-09-11 16:58:54.886","mxAs4xld9EK","18377471","[PREMIUM]","[PREMIUM]","[PREMIUM]","318","Section 318","5",2,"[]","2027-01-06 00:00:00","electronic","exchange",4,"[PREMIUM]","2"
"mxAs4xldDGO","2026-09-06 23:59:15.834","2026-09-11 16:58:54.886","mxAs4xldDGO","18377471","[PREMIUM]","[PREMIUM]","[PREMIUM]","115","Section 115","15",2,"[]","2027-01-06 00:00:00","electronic","exchange",5,"[PREMIUM]","2"
"mxAs4xlZeNN","2026-09-06 23:59:15.834","2026-09-17 23:20:56.782","mxAs4xlZeNN","18377471","[PREMIUM]","[PREMIUM]","[PREMIUM]","307","Section 307","5",4,"[]","2027-01-06 00:00:00","electronic","exchange",2,"[PREMIUM]","4"
"mxAs4xlZPjM","2026-09-06 23:59:15.834","2026-09-18 22:49:11.869","mxAs4xlZPjM","18377471","[PREMIUM]","[PREMIUM]","[PREMIUM]","326","Section 326","7",4,"[]","2027-01-06 00:00:00","electronic","exchange",5,"[PREMIUM]","1,2,4"
"mxAs4xlX5ZP","2026-09-06 23:59:15.834","2026-09-13 04:09:55.669","mxAs4xlX5ZP","18377471","[PREMIUM]","[PREMIUM]","[PREMIUM]","117","Section 117","2",2,"[]","2027-01-06 00:00:00","electronic","exchange",5,"[PREMIUM]","2"
"nx0srKmBP2b","2026-09-06 23:59:15.834","2026-09-11 16:58:54.886","nx0srKmBP2b","18377471","[PREMIUM]","[PREMIUM]","[PREMIUM]","323","Section 323","12",2,"[]","2027-01-06 00:00:00","electronic","exchange",5,"[PREMIUM]","2"
"nx0srKmB4Yo","2026-09-06 23:59:15.834","2026-09-11 16:58:54.886","nx0srKmB4Yo","18377471","[PREMIUM]","[PREMIUM]","[PREMIUM]","111","Section 111","8",4,"[]","2027-01-06 00:00:00","electronic","exchange",5,"[PREMIUM]","2,4"
"nx0srKmz2YJ","2026-09-06 23:59:15.834","2026-09-18 22:49:11.869","nx0srKmz2YJ","18377471","[PREMIUM]","[PREMIUM]","[PREMIUM]","120","Section 120","2",2,"[]","2027-01-06 00:00:00","electronic","exchange",3,"[PREMIUM]","2"
"nx0srKmzPdN","2026-09-06 23:59:15.834","2026-09-17 23:20:56.782","nx0srKmzPdN","18377471","[PREMIUM]","[PREMIUM]","[PREMIUM]","327","Section 327","6",4,"[]","2027-01-06 00:00:00","electronic","exchange",2,"[PREMIUM]","4"
"nx0srKmzdz9","2026-09-06 23:59:15.834","2026-09-17 23:20:56.782","nx0srKmzdz9","18377471","[PREMIUM]","[PREMIUM]","[PREMIUM]","308","Section 308","12",2,"[]","2027-01-06 00:00:00","electronic","exchange",3,"[PREMIUM]","2"
"nx0srKmzqMz","2026-09-06 23:59:15.834","2026-09-17 23:20:56.782","nx0srKmzqMz","18377471","[PREMIUM]","[PREMIUM]","[PREMIUM]","326","Section 326","6",4,"[]","2027-01-06 00:00:00","electronic","exchange",2,"[PREMIUM]","4"
"nx0srKmzvJo","2026-09-06 23:59:15.834","2026-09-18 22:49:11.869","nx0srKmzvJo","18377471","[PREMIUM]","[PREMIUM]","[PREMIUM]","315","Section 315","11",2,"[]","2027-01-06 00:00:00","electronic","exchange",5,"[PREMIUM]","2"
"oV7Hb6eGBNK","2026-09-06 23:59:15.834","2026-09-11 16:58:54.886","oV7Hb6eGBNK","18377471","[PREMIUM]","[PREMIUM]","[PREMIUM]","325","Section 325","8",2,"[]","2027-01-06 00:00:00","electronic","exchange",5,"[PREMIUM]","2"
"oV7Hb6eGBjx","2026-09-06 23:59:15.834","2026-09-11 16:58:54.886","oV7Hb6eGBjx","18377471","[PREMIUM]","[PREMIUM]","[PREMIUM]","316","Section 316","10",6,"[]","2027-01-06 00:00:00","electronic","exchange",5,"[PREMIUM]","1,2,4,6"
"oV7Hb6eGdML","2026-09-06 23:59:15.834","2026-09-11 16:58:54.886","oV7Hb6eGdML","18377471","[PREMIUM]","[PREMIUM]","[PREMIUM]","313","Section 313","10",2,"[]","2027-01-06 00:00:00","electronic","exchange",4,"[PREMIUM]","2"
"oV7Hb6egqDg","2026-09-06 23:59:15.834","2026-09-18 22:49:11.869","oV7Hb6egqDg","18377471","[PREMIUM]","[PREMIUM]","[PREMIUM]","305","Section 305","8",2,"[]","2027-01-06 00:00:00","electronic","exchange",5,"[PREMIUM]","2"
"oV7Hb6egdJk","2026-09-06 23:59:15.834","2026-09-13 04:09:55.669","oV7Hb6egdJk","18377471","[PREMIUM]","[PREMIUM]","[PREMIUM]","316","Section 316","4",4,"[]","2027-01-06 00:00:00","electronic","exchange",4,"[PREMIUM]","4"
"oV7Hb6eGjl9","2026-09-06 23:59:15.834","2026-09-11 16:58:54.886","oV7Hb6eGjl9","18377471","[PREMIUM]","[PREMIUM]","[PREMIUM]","308","Section 308","11",2,"[]","2027-01-06 00:00:00","electronic","exchange",4,"[PREMIUM]","2"
"oV7Hb6egbka","2026-09-06 23:59:15.834","2026-09-18 22:49:11.869","oV7Hb6egbka","18377471","[PREMIUM]","[PREMIUM]","[PREMIUM]","330","Section 330","7",2,"[]","2027-01-06 00:00:00","electronic","exchange",4,"[PREMIUM]","2"
"oV7Hb6egXez","2026-09-06 23:59:15.834","2026-09-17 23:20:56.782","oV7Hb6egXez","18377471","[PREMIUM]","[PREMIUM]","[PREMIUM]","115","Section 115","10",2,"[]","2027-01-06 00:00:00","electronic","exchange",5,"[PREMIUM]","2"
"oV7Hb6eGo2v","2026-09-06 23:59:15.834","2026-09-11 16:58:54.886","oV7Hb6eGo2v","18377471","[PREMIUM]","[PREMIUM]","[PREMIUM]","312","Section 312","9",2,"[]","2027-01-06 00:00:00","electronic","exchange",4,"[PREMIUM]","2"
"oV7Hb6egBP7","2026-09-06 23:59:15.834","2026-09-17 23:20:56.782","oV7Hb6egBP7","18377471","[PREMIUM]","[PREMIUM]","[PREMIUM]","206","Section 206","4",2,"[]","2027-01-06 00:00:00","electronic","exchange",5,"[PREMIUM]","2"
"pVXHD7L8JOP","2026-09-06 23:59:15.834","2026-09-11 16:58:54.886","pVXHD7L8JOP","18377471","[PREMIUM]","[PREMIUM]","[PREMIUM]","204","Section 204","4",2,"[]","2027-01-06 00:00:00","electronic","exchange",4,"[PREMIUM]","2"
"pVXHD7L2Pp4","2026-09-06 23:59:15.834","2026-09-13 04:09:55.669","pVXHD7L2Pp4","18377471","[PREMIUM]","[PREMIUM]","[PREMIUM]","303","Section 303","2",4,"[]","2027-01-06 00:00:00","electronic","exchange",3,"[PREMIUM]","4"
"pVXHD7L2GYY","2026-09-06 23:59:15.834","2026-09-18 22:49:11.869","pVXHD7L2GYY","18377471","[PREMIUM]","[PREMIUM]","[PREMIUM]","323","Section 323","5",2,"[]","2027-01-06 00:00:00","electronic","exchange",4,"[PREMIUM]","2"
"pVXHD7L2Elz","2026-09-06 23:59:15.834","2026-09-17 23:20:56.782","pVXHD7L2Elz","18377471","[PREMIUM]","[PREMIUM]","[PREMIUM]","305","Section 305","4",2,"[]","2027-01-06 00:00:00","electronic","exchange",3,"[PREMIUM]","2"
"pVXHD7L2BeB","2026-09-06 23:59:15.834","2026-09-13 04:09:55.669","pVXHD7L2BeB","18377471","[PREMIUM]","[PREMIUM]","[PREMIUM]","313","Section 313","3",2,"[]","2027-01-06 00:00:00","electronic","exchange",4,"[PREMIUM]","2"
"pVXHD7L270M","2026-09-06 23:59:15.834","2026-09-17 23:20:56.782","pVXHD7L270M","18377471","[PREMIUM]","[PREMIUM]","[PREMIUM]","306","Section 306","7",2,"[]","2027-01-06 00:00:00","electronic","exchange",3,"[PREMIUM]","2"
"qVjH2mEgvre","2026-09-06 23:59:15.834","2026-09-18 22:49:11.869","qVjH2mEgvre","18377471","[PREMIUM]","[PREMIUM]","[PREMIUM]","325","Section 325","7",2,"[]","2027-01-06 00:00:00","electronic","exchange",5,"[PREMIUM]","2"
"qVjH2mE38r0","2026-09-06 23:59:15.834","2026-09-17 23:20:56.782","qVjH2mE38r0","18377471","[PREMIUM]","[PREMIUM]","[PREMIUM]","116","Section 116","12",2,"[]","2027-01-06 00:00:00","electronic","exchange",5,"[PREMIUM]","2"
"qVjH2mEgaL4","2026-09-06 23:59:15.834","2026-09-17 23:20:56.782","qVjH2mEgaL4","18377471","[PREMIUM]","[PREMIUM]","[PREMIUM]","310","Section 310","3",2,"[]","2027-01-06 00:00:00","electronic","exchange",3,"[PREMIUM]","2"
"qVjH2mEgpx6","2026-09-06 23:59:15.834","2026-09-17 23:20:56.782","qVjH2mEgpx6","18377471","[PREMIUM]","[PREMIUM]","[PREMIUM]","330","Section 330","5",2,"[]","2027-01-06 00:00:00","electronic","exchange",3,"[PREMIUM]","2"
"qVjH2mEgVdN","2026-09-06 23:59:15.834","2026-09-18 22:49:11.869","qVjH2mEgVdN","18377471","[PREMIUM]","[PREMIUM]","[PREMIUM]","313","Section 313","8",2,"[]","2027-01-06 00:00:00","electronic","exchange",5,"[PREMIUM]","2"
"qVjH2mEgOwe","2026-09-06 23:59:15.834","2026-09-13 04:09:55.669","qVjH2mEgOwe","18377471","[PREMIUM]","[PREMIUM]","[PREMIUM]","315","Section 315","4",4,"[]","2027-01-06 00:00:00","electronic","exchange",5,"[PREMIUM]","4"
"qVjH2mEgmm5","2026-09-06 23:59:15.834","2026-09-17 23:20:56.782","qVjH2mEgmm5","18377471","[PREMIUM]","[PREMIUM]","[PREMIUM]","109","Section 109","3",3,"[]","2027-01-06 00:00:00","electronic","exchange",3,"[PREMIUM]","3"
"qVjH2mEgJ6b","2026-09-06 23:59:15.834","2026-09-18 22:49:11.869","qVjH2mEgJ6b","18377471","[PREMIUM]","[PREMIUM]","[PREMIUM]","104","Section 104","2",4,"[]","2027-01-06 00:00:00","electronic","exchange",3,"[PREMIUM]","1,2,4"
"rVOHkpvb6eR","2026-09-06 23:59:15.834","2026-09-17 23:20:56.782","rVOHkpvb6eR","18377471","[PREMIUM]","[PREMIUM]","[PREMIUM]","105","Section 105","1",4,"[]","2027-01-06 00:00:00","electronic","exchange",1,"[PREMIUM]","4"
"rVOHkpv70p9","2026-09-06 23:59:15.834","2026-09-18 22:49:11.869","rVOHkpv70p9","18377471","[PREMIUM]","[PREMIUM]","[PREMIUM]","321","Section 321","10",2,"[]","2027-01-06 00:00:00","electronic","exchange",4,"[PREMIUM]","2"
"rVOHkpv7xZl","2026-09-06 23:59:15.834","2026-09-09 00:34:32.085","rVOHkpv7xZl","18377471","[PREMIUM]","[PREMIUM]","[PREMIUM]","311","Section 311","11",2,"[]","2027-01-06 00:00:00","electronic","exchange",5,"[PREMIUM]","2"
"rVOHkpvZG40","2026-09-06 23:59:15.834","2026-09-11 16:58:54.886","rVOHkpvZG40","18377471","[PREMIUM]","[PREMIUM]","[PREMIUM]","321","Section 321","11",2,"[]","2027-01-06 00:00:00","electronic","exchange",3,"[PREMIUM]","2"
"rVOHkpvZapB","2026-09-06 23:59:15.834","2026-09-11 16:58:54.886","rVOHkpvZapB","18377471","[PREMIUM]","[PREMIUM]","[PREMIUM]","221","Section 221","7",2,"[]","2027-01-06 00:00:00","electronic","exchange",4,"[PREMIUM]","2"
"rVOHkpvbpBj","2026-09-06 23:59:15.834","2026-09-18 22:49:11.869","rVOHkpvbpBj","18377471","[PREMIUM]","[PREMIUM]","[PREMIUM]","312","Section 312","5",2,"[]","2027-01-06 00:00:00","electronic","exchange",5,"[PREMIUM]","2"
"rVOHkpvbng6","2026-09-06 23:59:15.834","2026-09-18 22:49:11.869","rVOHkpvbng6","18377471","[PREMIUM]","[PREMIUM]","[PREMIUM]","106","Section 106","3",2,"[]","2027-01-06 00:00:00","electronic","exchange",2,"[PREMIUM]","2"
"rVOHkpvbaG6","2026-09-06 23:59:15.834","2026-09-17 23:20:56.782","rVOHkpvbaG6","18377471","[PREMIUM]","[PREMIUM]","[PREMIUM]","309","Section 309","6",4,"[]","2027-01-06 00:00:00","electronic","exchange",3,"[PREMIUM]","4"
"rVOHkpvba3w","2026-09-06 23:59:15.834","2026-09-17 23:20:56.782","rVOHkpvba3w","18377471","[PREMIUM]","[PREMIUM]","[PREMIUM]","218","Section 218","3",2,"[]","2027-01-06 00:00:00","electronic","exchange",2,"[PREMIUM]","2"
"rVOHkpvb5Db","2026-09-06 23:59:15.834","2026-09-18 22:49:11.869","rVOHkpvb5Db","18377471","[PREMIUM]","[PREMIUM]","[PREMIUM]","317","Section 317","11",7,"[]","2027-01-06 00:00:00","electronic","exchange",5,"[PREMIUM]","1,2,3,4,5,7"
"rVOHkpvbGeZ","2026-09-06 23:59:15.834","2026-09-17 23:20:56.782","rVOHkpvbGeZ","18377471","[PREMIUM]","[PREMIUM]","[PREMIUM]","328","Section 328","5",4,"[]","2027-01-06 00:00:00","electronic","exchange",2,"[PREMIUM]","4"
"rVOHkpvbGAN","2026-09-06 23:59:15.834","2026-09-17 23:20:56.782","rVOHkpvbGAN","18377471","[PREMIUM]","[PREMIUM]","[PREMIUM]","321","Section 321","7",2,"[]","2027-01-06 00:00:00","electronic","exchange",2,"[PREMIUM]","2"
"rVOHkpvbABw","2026-09-06 23:59:15.834","2026-09-08 00:20:28.643","rVOHkpvbABw","18377471","[PREMIUM]","[PREMIUM]","[PREMIUM]","211","Section 211","3",2,"[]","2027-01-06 00:00:00","electronic","exchange",3,"[PREMIUM]","2"
"vb3iPwZqBa3","2026-09-06 23:59:15.834","2026-09-11 16:58:54.886","vb3iPwZqBa3","18377471","[PREMIUM]","[PREMIUM]","[PREMIUM]","303","Section 303","8",2,"[]","2027-01-06 00:00:00","electronic","exchange",5,"[PREMIUM]","2"
"vb3iPwZbNkd","2026-09-06 23:59:15.834","2026-09-18 22:49:11.869","vb3iPwZbNkd","18377471","[PREMIUM]","[PREMIUM]","[PREMIUM]","218","Section 218","6",4,"[]","2027-01-06 00:00:00","electronic","exchange",5,"[PREMIUM]","1,2,4"
"vb3iPwZqBde","2026-09-06 23:59:15.834","2026-09-11 16:58:54.886","vb3iPwZqBde","18377471","[PREMIUM]","[PREMIUM]","[PREMIUM]","325","Section 325","10",2,"[]","2027-01-06 00:00:00","electronic","exchange",5,"[PREMIUM]","2"
"w3Jse8vn6ke","2026-09-06 23:59:15.834","2026-09-17 23:20:56.782","w3Jse8vn6ke","18377471","[PREMIUM]","[PREMIUM]","[PREMIUM]","308","Section 308","3",4,"[]","2027-01-06 00:00:00","electronic","exchange",3,"[PREMIUM]","4"
"w3Jse8vn98l","2026-09-06 23:59:15.834","2026-09-17 23:20:56.782","w3Jse8vn98l","18377471","[PREMIUM]","[PREMIUM]","[PREMIUM]","204","Section 204","2",4,"[]","2027-01-06 00:00:00","electronic","exchange",2,"[PREMIUM]","4"
"w3Jse8vn9MZ","2026-09-06 23:59:15.834","2026-09-17 23:20:56.782","w3Jse8vn9MZ","18377471","[PREMIUM]","[PREMIUM]","[PREMIUM]","220","Section 220","2",2,"[]","2027-01-06 00:00:00","electronic","exchange",2,"[PREMIUM]","2"
"w3Jse8vnKlJ","2026-09-06 23:59:15.834","2026-09-16 22:57:31.055","w3Jse8vnKlJ","18377471","[PREMIUM]","[PREMIUM]","[PREMIUM]","103","Section 103","5",2,"[]","2027-01-06 00:00:00","electronic","exchange",4,"[PREMIUM]","2"
"w3Jse8vnXnE","2026-09-06 23:59:15.834","2026-09-18 22:49:11.869","w3Jse8vnXnE","18377471","[PREMIUM]","[PREMIUM]","[PREMIUM]","312","Section 312","8",2,"[]","2027-01-06 00:00:00","electronic","exchange",5,"[PREMIUM]","2"
"w3Jse8vndNp","2026-09-06 23:59:15.834","2026-09-18 22:49:11.869","w3Jse8vndNp","18377471","[PREMIUM]","[PREMIUM]","[PREMIUM]","309","Section 309","11",2,"[]","2027-01-06 00:00:00","electronic","exchange",5,"[PREMIUM]","2"
"w3Jse8vnlMj","2026-09-06 23:59:15.834","2026-09-17 23:20:56.782","w3Jse8vnlMj","18377471","[PREMIUM]","[PREMIUM]","[PREMIUM]","121","Section 121","3",2,"[]","2027-01-06 00:00:00","electronic","exchange",3,"[PREMIUM]","2"
"w3Jse8vKmVd","2026-09-06 23:59:15.834","2026-09-11 16:58:54.886","w3Jse8vKmVd","18377471","[PREMIUM]","[PREMIUM]","[PREMIUM]","103","Section 103","9",3,"[]","2027-01-06 00:00:00","electronic","exchange",5,"[PREMIUM]","1,3"
"w3Jse8vKLJa","2026-09-06 23:59:15.834","2026-09-11 16:58:54.886","w3Jse8vKLJa","18377471","[PREMIUM]","[PREMIUM]","[PREMIUM]","323","Section 323","6",4,"[]","2027-01-06 00:00:00","electronic","exchange",4,"[PREMIUM]","2,4"
"w3Jse8vK6oe","2026-09-06 23:59:15.834","2026-09-11 16:58:54.886","w3Jse8vK6oe","18377471","[PREMIUM]","[PREMIUM]","[PREMIUM]","113","Section 113","14",2,"[]","2027-01-06 00:00:00","electronic","exchange",5,"[PREMIUM]","2"
"xb9imlgZrab","2026-09-06 23:59:15.834","2026-09-18 22:49:11.869","xb9imlgZrab","18377471","[PREMIUM]","[PREMIUM]","[PREMIUM]","103","Section 103","5",2,"[]","2027-01-06 00:00:00","electronic","exchange",4,"[PREMIUM]","2"
"xb9imlgZZMx","2026-09-06 23:59:15.834","2026-09-17 23:20:56.782","xb9imlgZZMx","18377471","[PREMIUM]","[PREMIUM]","[PREMIUM]","118","Section 118","3",2,"[]","2027-01-06 00:00:00","electronic","exchange",2,"[PREMIUM]","2"
"xb9imlgZ6wB","2026-09-06 23:59:15.834","2026-09-18 22:49:11.869","xb9imlgZ6wB","18377471","[PREMIUM]","[PREMIUM]","[PREMIUM]","307","Section 307","7",4,"[]","2027-01-06 00:00:00","electronic","exchange",5,"[PREMIUM]","1,2,4"
"xb9imlgZ67J","2026-09-06 23:59:15.834","2026-09-18 22:49:11.869","xb9imlgZ67J","18377471","[PREMIUM]","[PREMIUM]","[PREMIUM]","111","Section 111","9",2,"[]","2027-01-06 00:00:00","electronic","exchange",5,"[PREMIUM]","2"
"xb9imlgZ2ap","2026-09-06 23:59:15.834","2026-09-18 22:49:11.869","xb9imlgZ2ap","18377471","[PREMIUM]","[PREMIUM]","[PREMIUM]","206","Section 206","2",2,"[]","2027-01-06 00:00:00","electronic","exchange",3,"[PREMIUM]","2"
"xb9imlgEK2b","2026-09-06 23:59:15.834","2026-09-11 16:58:54.886","xb9imlgEK2b","18377471","[PREMIUM]","[PREMIUM]","[PREMIUM]","318","Section 318","8",7,"[]","2027-01-06 00:00:00","electronic","exchange",5,"[PREMIUM]","1,2,3,5,7"
"xb9imlgzvxE","2026-09-06 23:59:15.834","2026-09-17 23:20:56.782","xb9imlgzvxE","18377471","[PREMIUM]","[PREMIUM]","[PREMIUM]","103","Section 103","2",2,"[]","2027-01-06 00:00:00","electronic","exchange",4,"[PREMIUM]","2"
"z3Es6vMV7gJ","2026-09-06 23:59:15.834","2026-09-10 14:11:56.902","z3Es6vMV7gJ","18377471","[PREMIUM]","[PREMIUM]","[PREMIUM]","318","Section 318","3",2,"[]","2027-01-06 00:00:00","electronic","exchange",3,"[PREMIUM]","2"
"z3Es6vMJOdP","2026-09-06 23:59:15.834","2026-09-17 23:20:56.782","z3Es6vMJOdP","18377471","[PREMIUM]","[PREMIUM]","[PREMIUM]","303","Section 303","3",4,"[]","2027-01-06 00:00:00","electronic","exchange",4,"[PREMIUM]","4"
"z3Es6vMVlL8","2026-09-06 23:59:15.834","2026-09-13 04:09:55.669","z3Es6vMVlL8","18377471","[PREMIUM]","[PREMIUM]","[PREMIUM]","327","Section 327","9",2,"[]","2027-01-06 00:00:00","electronic","exchange",2,"[PREMIUM]","2"
"z3Es6vMVjVv","2026-09-06 23:59:15.834","2026-09-17 23:20:56.782","z3Es6vMVjVv","18377471","[PREMIUM]","[PREMIUM]","[PREMIUM]","306","Section 306","5",2,"[]","2027-01-06 00:00:00","electronic","exchange",3,"[PREMIUM]","2"
"z3Es6vMVED7","2026-09-06 23:59:15.834","2026-09-18 22:49:11.869","z3Es6vMVED7","18377471","[PREMIUM]","[PREMIUM]","[PREMIUM]","315","Section 315","4",2,"[]","2027-01-06 00:00:00","electronic","exchange",5,"[PREMIUM]","2"
"z3Es6vMV0qB","2026-09-06 23:59:15.834","2026-09-17 23:20:56.782","z3Es6vMV0qB","18377471","[PREMIUM]","[PREMIUM]","[PREMIUM]","313","Section 313","2",4,"[]","2027-01-06 00:00:00","electronic","exchange",2,"[PREMIUM]","4"
"z3Es6vMV43K","2026-09-06 23:59:15.834","2026-09-18 22:49:11.869","z3Es6vMV43K","18377471","[PREMIUM]","[PREMIUM]","[PREMIUM]","217","Section 217","4",2,"[]","2027-01-06 00:00:00","electronic","exchange",5,"[PREMIUM]","2"
"z3Es6vMV4Xp","2026-09-06 23:59:15.834","2026-09-18 22:49:11.869","z3Es6vMV4Xp","18377471","[PREMIUM]","[PREMIUM]","[PREMIUM]","315","Section 315","2",2,"[]","2027-01-06 00:00:00","electronic","exchange",5,"[PREMIUM]","2"
"05VT8lOeAK8","2026-09-06 23:59:12.921","2026-09-09 00:35:32.953","05VT8lOeAK8","18378365","[PREMIUM]","[PREMIUM]","[PREMIUM]","214","Section 214","14",4,"[]","2027-01-06 00:00:00","electronic","exchange",1,"[PREMIUM]","2,4"
"05VT8lOeA4G","2026-09-06 23:59:12.921","2026-09-09 00:35:32.953","05VT8lOeA4G","18378365","[PREMIUM]","[PREMIUM]","[PREMIUM]","123","Section 123","9",9,"[]","2027-01-06 00:00:00","electronic","exchange",1,"[PREMIUM]","2,3,4,5,6,7,8,9"
"2v0czqrvBZa","2026-09-06 23:59:12.921","2026-09-09 00:35:32.953","2v0czqrvBZa","18378365","[PREMIUM]","[PREMIUM]","[PREMIUM]","115","Section 115","8",5,"[]","2027-01-06 00:00:00","electronic","exchange",1,"[PREMIUM]","2,3,4,5"
"2v0czqrzYn6","2026-09-06 23:59:12.921","2026-09-19 22:52:06.810","2v0czqrzYn6","18378365","[PREMIUM]","[PREMIUM]","[PREMIUM]","205A","Section 205 A","3",2,"[]","2027-01-05 00:00:00","electronic","exchange",1,"[PREMIUM]","2"
"2v0czqrvBaR","2026-09-06 23:59:12.921","2026-09-09 00:35:32.953","2v0czqrvBaR","18378365","[PREMIUM]","[PREMIUM]","[PREMIUM]","224","Section 224","15",7,"[]","2027-01-06 00:00:00","electronic","exchange",1,"[PREMIUM]","2,3,4,5,6,7"
"3q7fNLoqGeJ","2026-09-06 23:59:12.921","2026-09-09 00:35:32.953","3q7fNLoqGeJ","18378365","[PREMIUM]","[PREMIUM]","[PREMIUM]","212","Section 212","15",5,"[]","2027-01-06 00:00:00","electronic","exchange",2,"[PREMIUM]","2,3,4,5"
"3q7fNLoqGYJ","2026-09-06 23:59:12.921","2026-09-09 00:35:32.953","3q7fNLoqGYJ","18378365","[PREMIUM]","[PREMIUM]","[PREMIUM]","115","Section 115","5",9,"[]","2027-01-06 00:00:00","electronic","exchange",1,"[PREMIUM]","2,3,4,5,6,7,8,9"
"3q7fNLoqGDb","2026-09-06 23:59:12.921","2026-09-09 00:35:32.953","3q7fNLoqGDb","18378365","[PREMIUM]","[PREMIUM]","[PREMIUM]","224","Section 224","15",4,"[]","2027-01-06 00:00:00","electronic","exchange",1,"[PREMIUM]","2,4"
"4vXcjR0Oa5K","2026-09-06 23:59:12.921","2026-09-09 00:35:32.953","4vXcjR0Oa5K","18378365","[PREMIUM]","[PREMIUM]","[PREMIUM]","208","Section 208","13",12,"[]","2027-01-06 00:00:00","electronic","exchange",1,"[PREMIUM]","2,3,4,5,6,7,8,9,10,11,12"
"4vXcjR0OaYE","2026-09-06 23:59:12.921","2026-09-09 00:35:32.953","4vXcjR0OaYE","18378365","[PREMIUM]","[PREMIUM]","[PREMIUM]","222","Section 222","6",8,"[]","2027-01-06 00:00:00","electronic","exchange",0,"[PREMIUM]","2,3,4,5,6,7,8"
"4vXcjR0Oa6K","2026-09-06 23:59:12.921","2026-09-09 00:35:32.953","4vXcjR0Oa6K","18378365","[PREMIUM]","[PREMIUM]","[PREMIUM]","109","Section 109","21",2,"[]","2027-01-06 00:00:00","electronic","exchange",1,"[PREMIUM]","2"
"5EjuZwd8Bz0","2026-09-06 23:59:12.921","2026-09-09 00:35:32.953","5EjuZwd8Bz0","18378365","[PREMIUM]","[PREMIUM]","[PREMIUM]","222A","Section 222 A","10",9,"[]","2027-01-06 00:00:00","electronic","exchange",0,"[PREMIUM]","2,3,4,5,6,7,8,9"
"5EjuZwd8Bak","2026-09-06 23:59:12.921","2026-09-09 00:35:32.953","5EjuZwd8Bak","18378365","[PREMIUM]","[PREMIUM]","[PREMIUM]","119","Section 119","10",10,"[]","2027-01-06 00:00:00","electronic","exchange",1,"[PREMIUM]","2,3,4,5,6,7,8,9,10"
"6mOhkojPEgb","2026-09-06 23:59:12.921","2026-09-09 00:35:32.953","6mOhkojPEgb","18378365","[PREMIUM]","[PREMIUM]","[PREMIUM]","110","Section 110","23",8,"[]","2027-01-06 00:00:00","electronic","exchange",2,"[PREMIUM]","2,3,4,5,6,7,8"
"6mOhkojPEYb","2026-09-06 23:59:12.921","2026-09-09 00:35:32.953","6mOhkojPEYb","18378365","[PREMIUM]","[PREMIUM]","[PREMIUM]","212","Section 212","10",7,"[]","2027-01-06 00:00:00","electronic","exchange",1,"[PREMIUM]","2,3,4,5,6,7"
"6mOhkojPEz5","2026-09-06 23:59:12.921","2026-09-09 00:35:32.953","6mOhkojPEz5","18378365","[PREMIUM]","[PREMIUM]","[PREMIUM]","224","Section 224","10",5,"[]","2027-01-06 00:00:00","electronic","exchange",1,"[PREMIUM]","2,3,4,5"
"7KntAg2YLq8","2026-09-06 23:59:12.921","2026-09-09 00:35:32.953","7KntAg2YLq8","18378365","[PREMIUM]","[PREMIUM]","[PREMIUM]","217A","Section 217 A","11",8,"[]","2027-01-06 00:00:00","electronic","exchange",1,"[PREMIUM]","2,3,4,5,6,7,8"
"7KntAg2YL9d","2026-09-06 23:59:12.921","2026-09-09 00:35:32.953","7KntAg2YL9d","18378365","[PREMIUM]","[PREMIUM]","[PREMIUM]","117","Section 117","14",4,"[]","2027-01-06 00:00:00","electronic","exchange",2,"[PREMIUM]","2,4"
"8lKt6ajEKRq","2026-09-06 23:59:12.921","2026-09-09 00:35:32.953","8lKt6ajEKRq","18378365","[PREMIUM]","[PREMIUM]","[PREMIUM]","205","Section 205","9",6,"[]","2027-01-06 00:00:00","electronic","exchange",1,"[PREMIUM]","2,3,4,5,6"
"8lKt6ajEK0q","2026-09-06 23:59:12.921","2026-09-09 00:35:32.953","8lKt6ajEK0q","18378365","[PREMIUM]","[PREMIUM]","[PREMIUM]","106","Section 106","11",7,"[]","2027-01-06 00:00:00","electronic","exchange",1,"[PREMIUM]","2,3,4,5,6,7"
"8lKt6ajEK5r","2026-09-06 23:59:12.921","2026-09-09 00:35:32.953","8lKt6ajEK5r","18378365","[PREMIUM]","[PREMIUM]","[PREMIUM]","219","Section 219","11",10,"[]","2027-01-06 00:00:00","electronic","exchange",1,"[PREMIUM]","2,3,4,5,6,7,8,9,10"
"9P2c5MzJbm2","2026-09-06 23:59:12.921","2026-09-09 00:35:32.953","9P2c5MzJbm2","18378365","[PREMIUM]","[PREMIUM]","[PREMIUM]","114","Section 114","17",2,"[]","2027-01-06 00:00:00","electronic","exchange",2,"[PREMIUM]","2"
"9P2c5MzJb42","2026-09-06 23:59:12.921","2026-09-08 00:20:31.464","9P2c5MzJb42","18378365","[PREMIUM]","[PREMIUM]","[PREMIUM]","212","Section 212","12",6,"[]","2027-01-06 00:00:00","electronic","exchange",1,"[PREMIUM]","2,3,4,5,6"
"9P2c5MzJbDg","2026-09-06 23:59:12.921","2026-09-09 00:35:32.953","9P2c5MzJbDg","18378365","[PREMIUM]","[PREMIUM]","[PREMIUM]","224","Section 224","12",4,"[]","2027-01-06 00:00:00","electronic","exchange",1,"[PREMIUM]","2,4"
"A6rs2KvkagB","2026-09-06 23:59:12.921","2026-09-09 00:35:32.953","A6rs2KvkagB","18378365","[PREMIUM]","[PREMIUM]","[PREMIUM]","123","Section 123","10",10,"[]","2027-01-06 00:00:00","electronic","exchange",1,"[PREMIUM]","2,3,4,5,6,7,8,9,10"
"A6rs2KvkaEB","2026-09-06 23:59:12.921","2026-09-09 00:35:32.953","A6rs2KvkaEB","18378365","[PREMIUM]","[PREMIUM]","[PREMIUM]","104","Section 104","12",2,"[]","2027-01-06 00:00:00","electronic","exchange",1,"[PREMIUM]","2"
"A6rs2Kvka7n","2026-09-06 23:59:12.921","2026-09-09 00:35:32.953","A6rs2Kvka7n","18378365","[PREMIUM]","[PREMIUM]","[PREMIUM]","214","Section 214","15",4,"[]","2027-01-06 00:00:00","electronic","exchange",2,"[PREMIUM]","2,4"
"BALImMLeYRd","2026-09-06 23:59:12.921","2026-09-09 00:35:32.953","BALImMLeYRd","18378365","[PREMIUM]","[PREMIUM]","[PREMIUM]","219","Section 219","10",13,"[]","2027-01-06 00:00:00","electronic","exchange",1,"[PREMIUM]","2,3,4,5,6,7,8,9,10,11,12,13"
"BALImMLeYlp","2026-09-06 23:59:12.921","2026-09-09 00:35:32.953","BALImMLeYlp","18378365","[PREMIUM]","[PREMIUM]","[PREMIUM]","202","Section 202","14",4,"[]","2027-01-06 00:00:00","electronic","exchange",2,"[PREMIUM]","2,4"
"BALImMLeY6p","2026-09-06 23:59:12.921","2026-09-09 00:35:32.953","BALImMLeY6p","18378365","[PREMIUM]","[PREMIUM]","[PREMIUM]","105","Section 105","16",11,"[]","2027-01-06 00:00:00","electronic","exchange",1,"[PREMIUM]","2,3,4,5,6,7,8,9,10,11"
"DdwHkM0PoOq","2026-09-06 23:59:12.921","2026-09-09 00:35:32.953","DdwHkM0PoOq","18378365","[PREMIUM]","[PREMIUM]","[PREMIUM]","214","Section 214","14",4,"[]","2027-01-06 00:00:00","electronic","exchange",1,"[PREMIUM]","2,4"
"DdwHkM0Po7P","2026-09-06 23:59:12.921","2026-09-09 00:35:32.953","DdwHkM0Po7P","18378365","[PREMIUM]","[PREMIUM]","[PREMIUM]","120","Section 120","22",5,"[]","2027-01-06 00:00:00","electronic","exchange",1,"[PREMIUM]","2,3,4,5"
"EroUXgYlrjm","2026-09-06 23:59:12.921","2026-09-09 00:35:32.953","EroUXgYlrjm","18378365","[PREMIUM]","[PREMIUM]","[PREMIUM]","208","Section 208","15",2,"[]","2027-01-06 00:00:00","electronic","exchange",1,"[PREMIUM]","2"
"EroUXgYlrPx","2026-09-06 23:59:12.921","2026-09-09 00:35:32.953","EroUXgYlrPx","18378365","[PREMIUM]","[PREMIUM]","[PREMIUM]","222","Section 222","8",6,"[]","2027-01-06 00:00:00","electronic","exchange",0,"[PREMIUM]","2,4,6"
"EroUXgYlrJm","2026-09-06 23:59:12.921","2026-09-09 00:35:32.953","EroUXgYlrJm","18378365","[PREMIUM]","[PREMIUM]","[PREMIUM]","110","Section 110","13",2,"[]","2027-01-06 00:00:00","electronic","exchange",1,"[PREMIUM]","2"
"GAaI60YpvPO","2026-09-06 23:59:12.921","2026-09-09 00:35:32.953","GAaI60YpvPO","18378365","[PREMIUM]","[PREMIUM]","[PREMIUM]","120","Section 120","14",4,"[]","2027-01-06 00:00:00","electronic","exchange",2,"[PREMIUM]","2,4"
"GAaI60Ypv2P","2026-09-06 23:59:12.921","2026-09-09 00:35:32.953","GAaI60Ypv2P","18378365","[PREMIUM]","[PREMIUM]","[PREMIUM]","214","Section 214","12",8,"[]","2027-01-06 00:00:00","electronic","exchange",1,"[PREMIUM]","2,3,4,5,6,7,8"
"JABI3EYlajM","2026-09-06 23:59:12.921","2026-09-09 00:35:32.953","JABI3EYlajM","18378365","[PREMIUM]","[PREMIUM]","[PREMIUM]","224","Section 224","13",4,"[]","2027-01-06 00:00:00","electronic","exchange",1,"[PREMIUM]","2,4"
"JABI3EYlawE","2026-09-06 23:59:12.921","2026-09-09 00:35:32.953","JABI3EYlawE","18378365","[PREMIUM]","[PREMIUM]","[PREMIUM]","212","Section 212","14",9,"[]","2027-01-06 00:00:00","electronic","exchange",2,"[PREMIUM]","2,3,4,5,6,7,8,9"
"JABI3EYlaPE","2026-09-06 23:59:12.921","2026-09-09 00:35:32.953","JABI3EYlaPE","18378365","[PREMIUM]","[PREMIUM]","[PREMIUM]","114","Section 114","17",6,"[]","2027-01-06 00:00:00","electronic","exchange",2,"[PREMIUM]","2,3,4,5,6"
"KezczqY5gwN","2026-09-06 23:59:12.921","2026-09-09 00:35:32.953","KezczqY5gwN","18378365","[PREMIUM]","[PREMIUM]","[PREMIUM]","115","Section 115","15",6,"[]","2027-01-06 00:00:00","electronic","exchange",1,"[PREMIUM]","2,3,4,5,6"
"KezczqY5gOq","2026-09-06 23:59:12.921","2026-09-09 00:35:32.953","KezczqY5gOq","18378365","[PREMIUM]","[PREMIUM]","[PREMIUM]","205A","Section 205 A","8",14,"[]","2027-01-06 00:00:00","electronic","exchange",1,"[PREMIUM]","2,3,4,5,6,7,8,9,10,11,12,13,14"
"LbviL8YvOo5","2026-09-06 23:59:12.921","2026-09-09 00:35:32.953","LbviL8YvOo5","18378365","[PREMIUM]","[PREMIUM]","[PREMIUM]","207","Section 207","12",4,"[]","2027-01-06 00:00:00","electronic","exchange",1,"[PREMIUM]","2,4"
"LbviL8YvOg5","2026-09-06 23:59:12.921","2026-09-09 00:35:32.953","LbviL8YvOg5","18378365","[PREMIUM]","[PREMIUM]","[PREMIUM]","109","Section 109","19",6,"[]","2027-01-06 00:00:00","electronic","exchange",1,"[PREMIUM]","2,3,4,5,6"
"LbviL8YvOnY","2026-09-06 23:59:12.921","2026-09-09 00:35:32.953","LbviL8YvOnY","18378365","[PREMIUM]","[PREMIUM]","[PREMIUM]","222","Section 222","1",14,"[]","2027-01-06 00:00:00","electronic","exchange",2,"[PREMIUM]","2,3,4,5,6,7,8,9,10,11,12,13,14"
"MAeIP3Yadbm","2026-09-06 23:59:12.921","2026-09-09 00:35:32.953","MAeIP3Yadbm","18378365","[PREMIUM]","[PREMIUM]","[PREMIUM]","205","Section 205","9",2,"[]","2027-01-06 00:00:00","electronic","exchange",1,"[PREMIUM]","2"
"MAeIP3YadKd","2026-09-06 23:59:12.921","2026-09-09 00:35:32.953","MAeIP3YadKd","18378365","[PREMIUM]","[PREMIUM]","[PREMIUM]","220","Section 220","13",8,"[]","2027-01-06 00:00:00","electronic","exchange",1,"[PREMIUM]","2,3,4,5,6,7,8"
"MAeIP3Yad8m","2026-09-06 23:59:12.921","2026-09-09 00:35:32.953","MAeIP3Yad8m","18378365","[PREMIUM]","[PREMIUM]","[PREMIUM]","106","Section 106","16",4,"[]","2027-01-06 00:00:00","electronic","exchange",1,"[PREMIUM]","2,4"
"NrqUv6YabwX","2026-09-06 23:59:12.921","2026-09-09 00:35:32.953","NrqUv6YabwX","18378365","[PREMIUM]","[PREMIUM]","[PREMIUM]","117","Section 117","22",4,"[]","2027-01-06 00:00:00","electronic","exchange",1,"[PREMIUM]","2,4"
"NrqUv6Yab2p","2026-09-06 23:59:12.921","2026-09-09 00:35:32.953","NrqUv6Yab2p","18378365","[PREMIUM]","[PREMIUM]","[PREMIUM]","219A","Section 219 A","9",11,"[]","2027-01-06 00:00:00","electronic","exchange",1,"[PREMIUM]","2,3,4,5,6,7,8,9,10,11"
"O7AhwKYglpp","2026-09-06 23:59:12.921","2026-09-09 00:35:32.953","O7AhwKYglpp","18378365","[PREMIUM]","[PREMIUM]","[PREMIUM]","207A","Section 207 A","7",3,"[]","2027-01-06 00:00:00","electronic","exchange",0,"[PREMIUM]","3"
"O7AhwKYglAB","2026-09-06 23:59:12.921","2026-09-09 00:35:32.953","O7AhwKYglAB","18378365","[PREMIUM]","[PREMIUM]","[PREMIUM]","115","Section 115","21",6,"[]","2027-01-06 00:00:00","electronic","exchange",1,"[PREMIUM]","2,3,4,5,6"
"PX0sgqYojVg","2026-09-06 23:59:12.921","2026-09-09 00:35:32.953","PX0sgqYojVg","18378365","[PREMIUM]","[PREMIUM]","[PREMIUM]","120","Section 120","13",2,"[]","2027-01-06 00:00:00","electronic","exchange",2,"[PREMIUM]","2"
"PX0sgqYojLd","2026-09-06 23:59:12.921","2026-09-09 00:35:32.953","PX0sgqYojLd","18378365","[PREMIUM]","[PREMIUM]","[PREMIUM]","212","Section 212","15",2,"[]","2027-01-06 00:00:00","electronic","exchange",2,"[PREMIUM]","2"
"ROXHz2YPBod","2026-09-06 23:59:12.921","2026-09-09 00:35:32.953","ROXHz2YPBod","18378365","[PREMIUM]","[PREMIUM]","[PREMIUM]","120","Section 120","13",2,"[]","2027-01-06 00:00:00","electronic","exchange",2,"[PREMIUM]","2"
"V4KU04J2oZ4","2026-09-06 23:59:12.921","2026-09-19 22:52:06.810","V4KU04J2oZ4","18378365","[PREMIUM]","[PREMIUM]","[PREMIUM]","219","Section 219","13",2,"['17','18']","2027-01-04 00:00:00","electronic","exchange",4,"[PREMIUM]","2"
"V4KU04xbGz5","2026-09-06 23:59:12.921","2026-09-09 00:35:32.953","V4KU04xbGz5","18378365","[PREMIUM]","[PREMIUM]","[PREMIUM]","104","Section 104","22",4,"[]","2027-01-06 00:00:00","electronic","exchange",2,"[PREMIUM]","2,4"
"V4KU04xbGP5","2026-09-06 23:59:12.921","2026-09-09 00:35:32.953","V4KU04xbGP5","18378365","[PREMIUM]","[PREMIUM]","[PREMIUM]","124","Section 124","12",7,"[]","2027-01-06 00:00:00","electronic","exchange",1,"[PREMIUM]","2,3,4,5,6,7"
"V4KU04xbGMb","2026-09-06 23:59:12.921","2026-09-09 00:35:32.953","V4KU04xbGMb","18378365","[PREMIUM]","[PREMIUM]","[PREMIUM]","218","Section 218","9",4,"[]","2027-01-06 00:00:00","electronic","exchange",1,"[PREMIUM]","2,4"
"X03tKlY62k5","2026-09-06 23:59:12.921","2026-09-09 00:35:32.953","X03tKlY62k5","18378365","[PREMIUM]","[PREMIUM]","[PREMIUM]","207A","Section 207 A","11",10,"[]","2027-01-06 00:00:00","electronic","exchange",1,"[PREMIUM]","1,2,3,4,5,6,7,8,10"
"X03tKlY62Pp","2026-09-06 23:59:12.921","2026-09-09 00:35:32.953","X03tKlY62Pp","18378365","[PREMIUM]","[PREMIUM]","[PREMIUM]","117","Section 117","12",9,"[]","2027-01-06 00:00:00","electronic","exchange",1,"[PREMIUM]","2,3,4,5,6,7,8,9"
"YgJtk0Y8rbz","2026-09-06 23:59:12.921","2026-09-06 23:59:12.921","YgJtk0Y8rbz","18378365","[PREMIUM]","[PREMIUM]","[PREMIUM]","118","Section 118","11",5,"[]","2027-01-06 00:00:00","electronic","exchange",1,"[PREMIUM]","2,3,4,5"
"YgJtk0Y8rwe","2026-09-06 23:59:12.921","2026-09-09 00:35:32.953","YgJtk0Y8rwe","18378365","[PREMIUM]","[PREMIUM]","[PREMIUM]","221A","Section 221 A","1",7,"[]","2027-01-06 00:00:00","electronic","exchange",2,"[PREMIUM]","2,3,4,5,6,7"
"Zm9hvJYA5oX","2026-09-06 23:59:12.921","2026-09-09 00:35:32.953","Zm9hvJYA5oX","18378365","[PREMIUM]","[PREMIUM]","[PREMIUM]","221A","Section 221 A","8",5,"[]","2027-01-06 00:00:00","electronic","exchange",1,"[PREMIUM]","2,3,4,5"
"Zm9hvJYA5kB","2026-09-06 23:59:12.921","2026-09-09 00:35:32.953","Zm9hvJYA5kB","18378365","[PREMIUM]","[PREMIUM]","[PREMIUM]","118","Section 118","23",4,"[]","2027-01-06 00:00:00","electronic","exchange",1,"[PREMIUM]","2,4"
"agktlMYkedj","2026-09-06 23:59:12.921","2026-09-09 00:35:32.953","agktlMYkedj","18378365","[PREMIUM]","[PREMIUM]","[PREMIUM]","206","Section 206","8",10,"[]","2027-01-06 00:00:00","electronic","exchange",1,"[PREMIUM]","2,3,4,5,6,7,8,9,10"
"agktlMYkegA","2026-09-06 23:59:12.921","2026-09-09 00:35:32.953","agktlMYkegA","18378365","[PREMIUM]","[PREMIUM]","[PREMIUM]","220","Section 220","14",3,"[]","2027-01-06 00:00:00","electronic","exchange",1,"[PREMIUM]","3"
"agktlMYkezj","2026-09-06 23:59:12.921","2026-09-09 00:35:32.953","agktlMYkezj","18378365","[PREMIUM]","[PREMIUM]","[PREMIUM]","106","Section 106","18",8,"[]","2027-01-06 00:00:00","electronic","exchange",1,"[PREMIUM]","2,3,4,5,6,7,8"
"b4wUaoYwxJ2","2026-09-06 23:59:12.921","2026-09-09 00:35:32.953","b4wUaoYwxJ2","18378365","[PREMIUM]","[PREMIUM]","[PREMIUM]","119","Section 119","24",6,"[]","2027-01-06 00:00:00","electronic","exchange",1,"[PREMIUM]","2,3,4,5,6"
"dNgUgpYVwer","2026-09-06 23:59:12.921","2026-09-09 00:35:32.953","dNgUgpYVwer","18378365","[PREMIUM]","[PREMIUM]","[PREMIUM]","120","Section 120","10",9,"[]","2027-01-06 00:00:00","electronic","exchange",1,"[PREMIUM]","2,3,4,5,6,7,8,9"
"eeacK8Y7zVq","2026-09-06 23:59:12.921","2026-09-09 00:35:32.953","eeacK8Y7zVq","18378365","[PREMIUM]","[PREMIUM]","[PREMIUM]","104","Section 104","23",9,"[]","2027-01-06 00:00:00","electronic","exchange",2,"[PREMIUM]","2,3,4,5,6,7,8,9"
"eeacK8Y7z0q","2026-09-06 23:59:12.921","2026-09-09 00:35:32.953","eeacK8Y7z0q","18378365","[PREMIUM]","[PREMIUM]","[PREMIUM]","201","Section 201","13",10,"[]","2027-01-06 00:00:00","electronic","exchange",1,"[PREMIUM]","2,3,4,5,6,7,8,9,10"
"eeacK8Y7z26","2026-09-06 23:59:12.921","2026-09-09 00:35:32.953","eeacK8Y7z26","18378365","[PREMIUM]","[PREMIUM]","[PREMIUM]","218","Section 218","9",2,"[]","2027-01-06 00:00:00","electronic","exchange",1,"[PREMIUM]","2"
"g48Ur6Nw04o","2026-09-06 23:59:12.921","2026-09-11 16:54:26.367","g48Ur6Nw04o","18378365","[PREMIUM]","[PREMIUM]","[PREMIUM]","223","Section 223","7",2,"['7','8']","2027-01-06 00:00:00","electronic","exchange",0,"[PREMIUM]","2"
"g48Ur6NvjG5","2026-09-06 23:59:12.921","2026-09-19 22:52:06.810","g48Ur6NvjG5","18378365","[PREMIUM]","[PREMIUM]","[PREMIUM]","116","Section 116","2",3,"['1','2','3']","2027-01-04 00:00:00","electronic","exchange",4,"[PREMIUM]","3"
"g48Ur6waYlv","2026-09-06 23:59:12.921","2026-09-09 00:35:32.953","g48Ur6waYlv","18378365","[PREMIUM]","[PREMIUM]","[PREMIUM]","107","Section 107","17",8,"[]","2027-01-06 00:00:00","electronic","exchange",1,"[PREMIUM]","2,3,4,5,6,7,8"
"g48Ur6waYZv","2026-09-06 23:59:12.921","2026-09-09 00:35:32.953","g48Ur6waYZv","18378365","[PREMIUM]","[PREMIUM]","[PREMIUM]","206","Section 206","9",11,"[]","2027-01-06 00:00:00","electronic","exchange",1,"[PREMIUM]","2,3,4,5,6,7,8,9,10,11"
"g48Ur6waY07","2026-09-06 23:59:12.921","2026-09-09 00:35:32.953","g48Ur6waY07","18378365","[PREMIUM]","[PREMIUM]","[PREMIUM]","220","Section 220","14",2,"[]","2027-01-06 00:00:00","electronic","exchange",1,"[PREMIUM]","2"
"jDvszkD6rGd","2026-09-06 23:59:12.921","2026-09-09 00:35:32.953","jDvszkD6rGd","18378365","[PREMIUM]","[PREMIUM]","[PREMIUM]","207A","Section 207 A","10",11,"[]","2027-01-06 00:00:00","electronic","exchange",1,"[PREMIUM]","2,3,4,5,6,7,8,9,10,11"
"jDvszkD6rnA","2026-09-06 23:59:12.921","2026-09-09 00:35:32.953","jDvszkD6rnA","18378365","[PREMIUM]","[PREMIUM]","[PREMIUM]","116","Section 116","13",8,"[]","2027-01-06 00:00:00","electronic","exchange",2,"[PREMIUM]","2,3,4,5,6,7,8"
"kYet9m3xwM5","2026-09-06 23:59:12.921","2026-09-09 00:35:32.953","kYet9m3xwM5","18378365","[PREMIUM]","[PREMIUM]","[PREMIUM]","109","Section 109","17",9,"[]","2027-01-06 00:00:00","electronic","exchange",1,"[PREMIUM]","2,3,4,5,6,7,8,9"
"kYet9m3xwlo","2026-09-06 23:59:12.921","2026-09-09 00:35:32.953","kYet9m3xwlo","18378365","[PREMIUM]","[PREMIUM]","[PREMIUM]","221","Section 221","12",6,"[]","2027-01-06 00:00:00","electronic","exchange",1,"[PREMIUM]","2,3,4,5,6"
"kYet9m3xwR5","2026-09-06 23:59:12.921","2026-09-09 00:35:32.953","kYet9m3xwR5","18378365","[PREMIUM]","[PREMIUM]","[PREMIUM]","207","Section 207","10",5,"[]","2027-01-06 00:00:00","electronic","exchange",1,"[PREMIUM]","2,3,4,5"
"lxVsdR0axMA","2026-09-06 23:59:12.921","2026-09-09 00:35:32.953","lxVsdR0axMA","18378365","[PREMIUM]","[PREMIUM]","[PREMIUM]","208","Section 208","14",10,"[]","2027-01-06 00:00:00","electronic","exchange",1,"[PREMIUM]","2,3,4,5,6,7,8,9,10"
"lxVsdR0axvA","2026-09-06 23:59:12.921","2026-09-09 00:35:32.953","lxVsdR0axvA","18378365","[PREMIUM]","[PREMIUM]","[PREMIUM]","109","Section 109","23",4,"[]","2027-01-06 00:00:00","electronic","exchange",2,"[PREMIUM]","2,4"
"lxVsdR0ax7z","2026-09-06 23:59:12.921","2026-09-09 00:35:32.953","lxVsdR0ax7z","18378365","[PREMIUM]","[PREMIUM]","[PREMIUM]","222","Section 222","7",10,"[]","2027-01-06 00:00:00","electronic","exchange",0,"[PREMIUM]","2,3,4,5,6,7,8,9,10"
"mxAs4xlBREE","2026-09-06 23:59:12.921","2026-09-09 00:35:32.953","mxAs4xlBREE","18378365","[PREMIUM]","[PREMIUM]","[PREMIUM]","120","Section 120","12",7,"[]","2027-01-06 00:00:00","electronic","exchange",2,"[PREMIUM]","2,3,4,5,6,7"
"nx0srKmG6zM","2026-09-06 23:59:12.921","2026-09-09 00:35:32.953","nx0srKmG6zM","18378365","[PREMIUM]","[PREMIUM]","[PREMIUM]","205A","Section 205 A","9",5,"[]","2027-01-06 00:00:00","electronic","exchange",1,"[PREMIUM]","2,3,4,5"
"nx0srKmG6kx","2026-09-06 23:59:12.921","2026-09-09 00:35:32.953","nx0srKmG6kx","18378365","[PREMIUM]","[PREMIUM]","[PREMIUM]","115","Section 115","19",4,"[]","2027-01-06 00:00:00","electronic","exchange",1,"[PREMIUM]","2,4"
"oV7Hb6NlZlx","2026-09-06 23:59:12.921","2026-09-19 22:52:06.810","oV7Hb6NlZlx","18378365","[PREMIUM]","[PREMIUM]","[PREMIUM]","205A","Section 205 A","3",2,"['1','2']","2027-01-04 00:00:00","electronic","exchange",1,"[PREMIUM]","2"
"oV7Hb6eZ3gL","2026-09-06 23:59:12.921","2026-09-09 00:35:32.953","oV7Hb6eZ3gL","18378365","[PREMIUM]","[PREMIUM]","[PREMIUM]","220","Section 220","15",11,"[]","2027-01-06 00:00:00","electronic","exchange",1,"[PREMIUM]","2,3,4,5,6,7,8,9,10,11"
"oV7Hb6eZ3me","2026-09-06 23:59:12.921","2026-09-09 00:35:32.953","oV7Hb6eZ3me","18378365","[PREMIUM]","[PREMIUM]","[PREMIUM]","206","Section 206","10",3,"[]","2027-01-06 00:00:00","electronic","exchange",1,"[PREMIUM]","3"
"oV7Hb6eZ38e","2026-09-06 23:59:12.921","2026-09-09 00:35:32.953","oV7Hb6eZ38e","18378365","[PREMIUM]","[PREMIUM]","[PREMIUM]","108","Section 108","16",10,"[]","2027-01-06 00:00:00","electronic","exchange",1,"[PREMIUM]","2,3,4,5,6,7,8,9,10"
"pVXHD7L6bao","2026-09-06 23:59:12.921","2026-09-09 00:35:32.953","pVXHD7L6bao","18378365","[PREMIUM]","[PREMIUM]","[PREMIUM]","118","Section 118","13",10,"[]","2027-01-06 00:00:00","electronic","exchange",2,"[PREMIUM]","2,3,4,5,6,7,8,9,10"
"pVXHD7L6b2O","2026-09-06 23:59:12.921","2026-09-09 00:35:32.953","pVXHD7L6b2O","18378365","[PREMIUM]","[PREMIUM]","[PREMIUM]","221A","Section 221 A","7",10,"[]","2027-01-06 00:00:00","electronic","exchange",1,"[PREMIUM]","2,3,4,5,6,7,8,9,10"
"qVjH2mEwegA","2026-09-06 23:59:12.921","2026-09-09 00:35:32.953","qVjH2mEwegA","18378365","[PREMIUM]","[PREMIUM]","[PREMIUM]","219A","Section 219 A","8",13,"[]","2027-01-06 00:00:00","electronic","exchange",1,"[PREMIUM]","2,3,4,5,6,7,8,9,10,11,12,13"
"qVjH2mEweYv","2026-09-06 23:59:12.921","2026-09-09 00:35:32.953","qVjH2mEweYv","18378365","[PREMIUM]","[PREMIUM]","[PREMIUM]","117","Section 117","21",7,"[]","2027-01-06 00:00:00","electronic","exchange",1,"[PREMIUM]","2,3,4,5,6,7"
"rVOHkpvewbN","2026-09-06 23:59:12.921","2026-09-09 00:35:32.953","rVOHkpvewbN","18378365","[PREMIUM]","[PREMIUM]","[PREMIUM]","222","Section 222","2",10,"[]","2027-01-06 00:00:00","electronic","exchange",1,"[PREMIUM]","2,3,4,5,6,7,8,9,10"
"rVOHkpvewMZ","2026-09-06 23:59:12.921","2026-09-09 00:35:32.953","rVOHkpvewMZ","18378365","[PREMIUM]","[PREMIUM]","[PREMIUM]","109","Section 109","21",3,"[]","2027-01-06 00:00:00","electronic","exchange",1,"[PREMIUM]","3"
"rVOHkpvew4Z","2026-09-06 23:59:12.921","2026-09-09 00:35:32.953","rVOHkpvew4Z","18378365","[PREMIUM]","[PREMIUM]","[PREMIUM]","207","Section 207","12",3,"[]","2027-01-06 00:00:00","electronic","exchange",1,"[PREMIUM]","3"
"vb3iPwZRmbn","2026-09-06 23:59:12.921","2026-09-09 00:35:32.953","vb3iPwZRmbn","18378365","[PREMIUM]","[PREMIUM]","[PREMIUM]","218","Section 218","10",5,"[]","2027-01-06 00:00:00","electronic","exchange",1,"[PREMIUM]","2,3,4,5"
"vb3iPwZRmp3","2026-09-06 23:59:12.921","2026-09-09 00:35:32.953","vb3iPwZRmp3","18378365","[PREMIUM]","[PREMIUM]","[PREMIUM]","201","Section 201","15",4,"[]","2027-01-06 00:00:00","electronic","exchange",2,"[PREMIUM]","2,4"
"vb3iPwZRmE3","2026-09-06 23:59:12.921","2026-09-09 00:35:32.953","vb3iPwZRmE3","18378365","[PREMIUM]","[PREMIUM]","[PREMIUM]","105","Section 105","15",2,"[]","2027-01-06 00:00:00","electronic","exchange",1,"[PREMIUM]","2"
"w3Jse8vYEXN","2026-09-06 23:59:12.921","2026-09-09 00:35:32.953","w3Jse8vYEXN","18378365","[PREMIUM]","[PREMIUM]","[PREMIUM]","108","Section 108","17",4,"[]","2027-01-06 00:00:00","electronic","exchange",1,"[PREMIUM]","2,4"
"w3Jse8veDMg","2026-09-06 23:59:12.921","2026-09-19 22:52:06.810","w3Jse8veDMg","18378365","[PREMIUM]","[PREMIUM]","[PREMIUM]","219","Section 219","13",2,"[]","2027-01-05 00:00:00","electronic","exchange",3,"[PREMIUM]","2"
"w3Jse8vYEoN","2026-09-06 23:59:12.921","2026-09-09 00:35:32.953","w3Jse8vYEoN","18378365","[PREMIUM]","[PREMIUM]","[PREMIUM]","207","Section 207","9",11,"[]","2027-01-06 00:00:00","electronic","exchange",1,"[PREMIUM]","2,3,4,5,6,7,8,9,10,11"
"w3Jse8vYEnb","2026-09-06 23:59:12.921","2026-09-09 00:35:32.953","w3Jse8vYEnb","18378365","[PREMIUM]","[PREMIUM]","[PREMIUM]","221","Section 221","9",5,"[]","2027-01-06 00:00:00","electronic","exchange",1,"[PREMIUM]","2,3,4,5"
"xb9imlgo7ZK","2026-09-06 23:59:12.921","2026-09-09 00:35:32.953","xb9imlgo7ZK","18378365","[PREMIUM]","[PREMIUM]","[PREMIUM]","221A","Section 221 A","9",9,"[]","2027-01-06 00:00:00","electronic","exchange",1,"[PREMIUM]","2,3,4,5,6,7,8,9"
"xb9imlgo73Y","2026-09-06 23:59:12.921","2026-09-09 00:35:32.953","xb9imlgo73Y","18378365","[PREMIUM]","[PREMIUM]","[PREMIUM]","118","Section 118","24",7,"[]","2027-01-06 00:00:00","electronic","exchange",1,"[PREMIUM]","2,3,4,5,6,7"
"z3Es6vMoG9G","2026-09-06 23:59:12.921","2026-09-09 00:35:32.953","z3Es6vMoG9G","18378365","[PREMIUM]","[PREMIUM]","[PREMIUM]","105","Section 105","15",2,"[]","2027-01-06 00:00:00","electronic","exchange",1,"[PREMIUM]","2"
"z3Es6vMoGVk","2026-09-06 23:59:12.921","2026-09-09 00:35:32.953","z3Es6vMoGVk","18378365","[PREMIUM]","[PREMIUM]","[PREMIUM]","218","Section 218","11",11,"[]","2027-01-06 00:00:00","electronic","exchange",1,"[PREMIUM]","2,3,4,5,6,7,8,9,10,11"
"z3Es6vMoGdG","2026-09-06 23:59:12.921","2026-09-09 00:35:32.953","z3Es6vMoGdG","18378365","[PREMIUM]","[PREMIUM]","[PREMIUM]","202","Section 202","12",2,"[]","2027-01-06 00:00:00","electronic","exchange",2,"[PREMIUM]","2"
"xb9imlNgZAV","2026-09-06 23:59:09.596","2026-09-11 16:58:53.765","xb9imlNgZAV","18378781","[PREMIUM]","[PREMIUM]","[PREMIUM]","1","Section 1","f",2,"[]","2027-01-06 00:00:00","electronic","exchange",0,"[PREMIUM]","2"
"3q7fNL24zZb","2026-09-06 23:59:07.084","2026-09-19 22:51:49.925","3q7fNL24zZb","18377062","[PREMIUM]","[PREMIUM]","[PREMIUM]","104","Section 104","7",4,"['7','8','9','10']","2027-01-03 00:00:00","electronic","exchange",0,"[PREMIUM]","2,4"
"5EjuZwd5349","2026-09-06 23:59:07.084","2026-09-10 14:11:11.521","5EjuZwd5349","18377062","[PREMIUM]","[PREMIUM]","[PREMIUM]","130","Section 130","4",3,"[]","2027-01-05 00:00:00","electronic","exchange",1,"[PREMIUM]","1,2,3"
"BALImML8Bg3","2026-09-06 23:59:07.084","2026-09-19 22:51:49.925","BALImML8Bg3","18377062","[PREMIUM]","[PREMIUM]","[PREMIUM]","342","Section 342","11",4,"[]","2027-01-04 00:00:00","electronic","exchange",1,"[PREMIUM]","4"
"ROXHz29x5lk","2026-09-06 23:59:07.084","2026-09-19 22:51:49.925","ROXHz29x5lk","18377062","[PREMIUM]","[PREMIUM]","[PREMIUM]","104","Section 104","6",2,"['7','8']","2027-01-03 00:00:00","electronic","exchange",0,"[PREMIUM]","2"
"Zm9hvJY2e00","2026-09-06 23:59:07.084","2026-09-19 22:51:49.925","Zm9hvJY2e00","18377062","[PREMIUM]","[PREMIUM]","[PREMIUM]","102","Section 102","19",3,"[]","2027-01-05 00:00:00","electronic","exchange",1,"[PREMIUM]","1,2,3"
"b4wUaoYNnpl","2026-09-06 23:59:07.084","2026-09-10 14:11:11.521","b4wUaoYNnpl","18377062","[PREMIUM]","[PREMIUM]","[PREMIUM]","124","Section 124","5",3,"[]","2027-01-05 00:00:00","electronic","exchange",1,"[PREMIUM]","1,2,3"
"dNgUgpY4Apk","2026-09-06 23:59:07.084","2026-09-19 22:51:49.925","dNgUgpY4Apk","18377062","[PREMIUM]","[PREMIUM]","[PREMIUM]","120","Section 120","19",2,"['5','6']","2027-01-03 00:00:00","electronic","exchange",4,"[PREMIUM]","2"
"dNgUgpYkmBM","2026-09-06 23:59:07.084","2026-09-19 22:51:49.925","dNgUgpYkmBM","18377062","[PREMIUM]","[PREMIUM]","[PREMIUM]","144","Section 144","6",3,"[]","2027-01-05 00:00:00","electronic","exchange",1,"[PREMIUM]","1,2,3"
"eeacK8YD37l","2026-09-06 23:59:07.084","2026-09-13 04:01:50.763","eeacK8YD37l","18377062","[PREMIUM]","[PREMIUM]","[PREMIUM]","120","Section 120","19",2,"[]","2027-01-04 00:00:00","electronic","exchange",5,"[PREMIUM]","2"
"kYet9m3Jll9","2026-09-06 23:59:07.084","2026-09-19 22:51:49.925","kYet9m3Jll9","18377062","[PREMIUM]","[PREMIUM]","[PREMIUM]","120","Section 120","19",2,"[]","2027-01-04 00:00:00","electronic","exchange",3,"[PREMIUM]","2"
"mxAs4xlvpKe","2026-09-06 23:59:07.084","2026-09-19 22:51:49.925","mxAs4xlvpKe","18377062","[PREMIUM]","[PREMIUM]","[PREMIUM]","124","Section 124","15",3,"[]","2027-01-05 00:00:00","electronic","exchange",1,"[PREMIUM]","1,2,3"
"nx0srKmzk2j","2026-09-06 23:59:07.084","2026-09-19 22:51:49.925","nx0srKmzk2j","18377062","[PREMIUM]","[PREMIUM]","[PREMIUM]","120","Section 120","19",2,"[]","2027-01-05 00:00:00","electronic","exchange",3,"[PREMIUM]","2"
"pVXHD7LjBJz","2026-09-06 23:59:07.084","2026-09-19 22:51:49.925","pVXHD7LjBJz","18377062","[PREMIUM]","[PREMIUM]","[PREMIUM]","260","Section 260","3",3,"[]","2027-01-05 00:00:00","electronic","exchange",0,"[PREMIUM]","1,2,3"
"pVXHD7NqgJ0","2026-09-06 23:59:07.084","2026-09-19 22:51:49.925","pVXHD7NqgJ0","18377062","[PREMIUM]","[PREMIUM]","[PREMIUM]","342","Section 342","11",4,"['11','12','13','14']","2027-01-03 00:00:00","electronic","exchange",1,"[PREMIUM]","2,4"
"xb9imlNgZ9d","2026-09-06 23:59:07.084","2026-09-11 16:58:29.677","xb9imlNgZ9d","18377062","[PREMIUM]","[PREMIUM]","[PREMIUM]","310","Section 310","15",2,"['1','2']","2027-01-05 00:00:00","electronic","exchange",0,"[PREMIUM]","2"
"xb9imlg6DxO","2026-09-06 23:59:07.084","2026-09-19 22:51:49.925","xb9imlg6DxO","18377062","[PREMIUM]","[PREMIUM]","[PREMIUM]","130","Section 130","3",3,"[]","2027-01-05 00:00:00","electronic","exchange",0,"[PREMIUM]","1,2,3"
"2v0czqrRdZj","2026-09-06 23:59:00.735","2026-09-19 22:51:43.841","2v0czqrRdZj","18376734","[PREMIUM]","[PREMIUM]","[PREMIUM]","315","Section 315","11",8,"[]","2027-01-05 00:00:00","electronic","exchange",2,"[PREMIUM]","1,2,3,4,5,6,8"
"3q7fNLo7xYm","2026-09-06 23:59:00.735","2026-09-19 22:51:43.841","3q7fNLo7xYm","18376734","[PREMIUM]","[PREMIUM]","[PREMIUM]","315","Section 315","10",2,"[]","2027-01-05 00:00:00","electronic","exchange",2,"[PREMIUM]","2"
"4vXcjR0Xd6k","2026-09-06 23:59:00.735","2026-09-19 22:51:43.841","4vXcjR0Xd6k","18376734","[PREMIUM]","[PREMIUM]","[PREMIUM]","108","Section 108","14",2,"[]","2027-01-05 00:00:00","electronic","exchange",2,"[PREMIUM]","2"
"6mOhkojONgE","2026-09-06 23:59:00.735","2026-09-19 22:51:43.841","6mOhkojONgE","18376734","[PREMIUM]","[PREMIUM]","[PREMIUM]","205","Section 205","3",4,"[]","2027-01-05 00:00:00","electronic","exchange",1,"[PREMIUM]","1,2,4"
"9P2c5Mz2Ymv","2026-09-06 23:59:00.735","2026-09-19 22:51:43.841","9P2c5Mz2Ymv","18376734","[PREMIUM]","[PREMIUM]","[PREMIUM]","313","Section 313","9",7,"[]","2027-01-05 00:00:00","electronic","exchange",2,"[PREMIUM]","1,2,3,4,5,7"
"EroUXgYDvJz","2026-09-06 23:59:00.735","2026-09-19 22:51:43.841","EroUXgYDvJz","18376734","[PREMIUM]","[PREMIUM]","[PREMIUM]","111","Section 111","15",4,"[]","2027-01-05 00:00:00","electronic","exchange",2,"[PREMIUM]","1,2,4"
"JABI3ENYje4","2026-09-06 23:59:00.735","2026-09-11 16:58:41.444","JABI3ENYje4","18376734","[PREMIUM]","[PREMIUM]","[PREMIUM]","107","Section 107","3",2,"[]","2027-01-05 00:00:00","electronic","exchange",1,"[PREMIUM]","2"
"JABI3EYBXPm","2026-09-06 23:59:00.735","2026-09-19 22:51:43.841","JABI3EYBXPm","18376734","[PREMIUM]","[PREMIUM]","[PREMIUM]","314","Section 314","2",4,"[]","2027-01-05 00:00:00","electronic","exchange",3,"[PREMIUM]","1,2,4"
"ROXHz2YMAJE","2026-09-06 23:59:00.735","2026-09-19 22:51:43.841","ROXHz2YMAJE","18376734","[PREMIUM]","[PREMIUM]","[PREMIUM]","117","Section 117","4",4,"['5','6','7','8']","2027-01-01 00:00:00","electronic","exchange",0,"[PREMIUM]","2,4"
"V4KU04xZewP","2026-09-06 23:59:00.735","2026-09-19 22:51:43.841","V4KU04xZewP","18376734","[PREMIUM]","[PREMIUM]","[PREMIUM]","218","Section 218","1",2,"['3','4']","2027-01-01 00:00:00","electronic","exchange",1,"[PREMIUM]","2"
"agktlMYp8OP","2026-09-06 23:59:00.735","2026-09-19 22:51:43.841","agktlMYp8OP","18376734","[PREMIUM]","[PREMIUM]","[PREMIUM]","116","Section 116","3",4,"['7','8','9','10']","2027-01-01 00:00:00","electronic","exchange",0,"[PREMIUM]","2,4"
"lxVsdR09kvn","2026-09-06 23:59:00.735","2026-09-19 22:51:43.841","lxVsdR09kvn","18376734","[PREMIUM]","[PREMIUM]","[PREMIUM]","110","Section 110","15",2,"[]","2027-01-05 00:00:00","electronic","exchange",2,"[PREMIUM]","2"
"lxVsdRN07wY","2026-09-06 23:59:00.735","2026-09-11 16:58:41.444","lxVsdRN07wY","18376734","[PREMIUM]","[PREMIUM]","[PREMIUM]","301","Section 301","3",2,"[]","2027-01-05 00:00:00","electronic","exchange",0,"[PREMIUM]","2"
"oV7Hb6ewXrE","2026-09-06 23:59:00.735","2026-09-19 22:51:43.841","oV7Hb6ewXrE","18376734","[PREMIUM]","[PREMIUM]","[PREMIUM]","109","Section 109","16",7,"[]","2027-01-05 00:00:00","electronic","exchange",2,"[PREMIUM]","1,2,3,4,5,7"
"rVOHkpNvbZA","2026-09-06 23:59:00.735","2026-09-11 16:58:41.444","rVOHkpNvbZA","18376734","[PREMIUM]","[PREMIUM]","[PREMIUM]","103","Section 103","7",2,"[]","2027-01-05 00:00:00","electronic","exchange",0,"[PREMIUM]","2"
"rVOHkpvLaMd","2026-09-06 23:59:00.735","2026-09-19 22:51:43.841","rVOHkpvLaMd","18376734","[PREMIUM]","[PREMIUM]","[PREMIUM]","108","Section 108","14",6,"[]","2027-01-05 00:00:00","electronic","exchange",2,"[PREMIUM]","1,2,3,4,6"
"05VT8lOE3Z5","2026-09-06 23:58:56.772","2026-09-06 23:58:56.772","05VT8lOE3Z5","18378617","[PREMIUM]","[PREMIUM]","[PREMIUM]","217","Section 217","4",5,"[]","2027-01-05 00:00:00","electronic","exchange",0,"[PREMIUM]","2,3,4,5"
"05VT8lOpY4g","2026-09-06 23:58:56.772","2026-09-06 23:58:56.772","05VT8lOpY4g","18378617","[PREMIUM]","[PREMIUM]","[PREMIUM]","117","Section 117","6",6,"[]","2027-01-05 00:00:00","electronic","exchange",0,"[PREMIUM]","2,3,4,5,6"
"05VT8lOpY87","2026-09-06 23:58:56.772","2026-09-06 23:58:56.772","05VT8lOpY87","18378617","[PREMIUM]","[PREMIUM]","[PREMIUM]","202","Section 202","1",4,"[]","2027-01-05 00:00:00","electronic","exchange",1,"[PREMIUM]","2,4"
"05VT8lOpYR7","2026-09-06 23:58:56.772","2026-09-06 23:58:56.772","05VT8lOpYR7","18378617","[PREMIUM]","[PREMIUM]","[PREMIUM]","208","Section 208","14",2,"[]","2027-01-05 00:00:00","electronic","exchange",0,"[PREMIUM]","2"
"05VT8lOpYjp","2026-09-06 23:58:56.772","2026-09-06 23:58:56.772","05VT8lOpYjp","18378617","[PREMIUM]","[PREMIUM]","[PREMIUM]","102","Section 102","13",5,"[]","2027-01-05 00:00:00","electronic","exchange",3,"[PREMIUM]","2,3,4,5"
"05VT8lOpYqg","2026-09-06 23:58:56.772","2026-09-06 23:58:56.772","05VT8lOpYqg","18378617","[PREMIUM]","[PREMIUM]","[PREMIUM]","110","Section 110","10",3,"[]","2027-01-05 00:00:00","electronic","exchange",1,"[PREMIUM]","3"
"05VT8lOpYwv","2026-09-06 23:58:56.772","2026-09-06 23:58:56.772","05VT8lOpYwv","18378617","[PREMIUM]","[PREMIUM]","[PREMIUM]","221","Section 221","8",4,"[]","2027-01-05 00:00:00","electronic","exchange",1,"[PREMIUM]","2,4"
"2v0czqrpM0l","2026-09-06 23:58:56.772","2026-09-06 23:58:56.772","2v0czqrpM0l","18378617","[PREMIUM]","[PREMIUM]","[PREMIUM]","216","Section 216","1",2,"[]","2027-01-05 00:00:00","electronic","exchange",1,"[PREMIUM]","2"
"2v0czqrpM2G","2026-09-06 23:58:56.772","2026-09-06 23:58:56.772","2v0czqrpM2G","18378617","[PREMIUM]","[PREMIUM]","[PREMIUM]","107","Section 107","17",2,"[]","2027-01-05 00:00:00","electronic","exchange",0,"[PREMIUM]","2"
"2v0czqrpM2X","2026-09-06 23:58:56.772","2026-09-06 23:58:56.772","2v0czqrpM2X","18378617","[PREMIUM]","[PREMIUM]","[PREMIUM]","106","Section 106","7",6,"[]","2027-01-05 00:00:00","electronic","exchange",1,"[PREMIUM]","2,3,4,5,6"
"2v0czqrpM4X","2026-09-06 23:58:56.772","2026-09-06 23:58:56.772","2v0czqrpM4X","18378617","[PREMIUM]","[PREMIUM]","[PREMIUM]","101","Section 101","6",6,"[]","2027-01-05 00:00:00","electronic","exchange",0,"[PREMIUM]","2,3,4,5,6"
"2v0czqrpMEr","2026-09-06 23:58:56.772","2026-09-06 23:58:56.772","2v0czqrpMEr","18378617","[PREMIUM]","[PREMIUM]","[PREMIUM]","225","Section 225","8",7,"[]","2027-01-05 00:00:00","electronic","exchange",0,"[PREMIUM]","2,3,4,5,6,7"
"2v0czqrpMN7","2026-09-06 23:58:56.772","2026-09-06 23:58:56.772","2v0czqrpMN7","18378617","[PREMIUM]","[PREMIUM]","[PREMIUM]","126","Section 126","21",6,"[]","2027-01-05 00:00:00","electronic","exchange",0,"[PREMIUM]","2,3,4,5,6"
"2v0czqrpMNG","2026-09-06 23:58:56.772","2026-09-06 23:58:56.772","2v0czqrpMNG","18378617","[PREMIUM]","[PREMIUM]","[PREMIUM]","123","Section 123","15",11,"[]","2027-01-05 00:00:00","electronic","exchange",0,"[PREMIUM]","2,3,4,5,6,7,8,9,10,11"
"2v0czqrpMZG","2026-09-06 23:58:56.772","2026-09-06 23:58:56.772","2v0czqrpMZG","18378617","[PREMIUM]","[PREMIUM]","[PREMIUM]","115","Section 115","18",3,"[]","2027-01-05 00:00:00","electronic","exchange",0,"[PREMIUM]","3"
"2v0czqrpMdr","2026-09-06 23:58:56.772","2026-09-06 23:58:56.772","2v0czqrpMdr","18378617","[PREMIUM]","[PREMIUM]","[PREMIUM]","218","Section 218","3",2,"[]","2027-01-05 00:00:00","electronic","exchange",5,"[PREMIUM]","2"
"2v0czqrpMl7","2026-09-06 23:58:56.772","2026-09-06 23:58:56.772","2v0czqrpMl7","18378617","[PREMIUM]","[PREMIUM]","[PREMIUM]","212","Section 212","14",5,"[]","2027-01-05 00:00:00","electronic","exchange",0,"[PREMIUM]","2,3,4,5"
"2v0czqrpMvP","2026-09-06 23:58:56.772","2026-09-06 23:58:56.772","2v0czqrpMvP","18378617","[PREMIUM]","[PREMIUM]","[PREMIUM]","214","Section 214","8",4,"[]","2027-01-05 00:00:00","electronic","exchange",1,"[PREMIUM]","2,4"
"2v0czqrpMz7","2026-09-06 23:58:56.772","2026-09-06 23:58:56.772","2v0czqrpMz7","18378617","[PREMIUM]","[PREMIUM]","[PREMIUM]","205","Section 205","11",10,"[]","2027-01-05 00:00:00","electronic","exchange",0,"[PREMIUM]","2,3,4,5,6,7,8,9,10"
"3q7fNLorPEV","2026-09-06 23:58:56.772","2026-09-06 23:58:56.772","3q7fNLorPEV","18378617","[PREMIUM]","[PREMIUM]","[PREMIUM]","217","Section 217","4",5,"[]","2027-01-05 00:00:00","electronic","exchange",0,"[PREMIUM]","2,3,4,5"
"3q7fNLopaxB","2026-09-06 23:58:56.772","2026-09-06 23:58:56.772","3q7fNLopaxB","18378617","[PREMIUM]","[PREMIUM]","[PREMIUM]","218","Section 218","1",10,"[]","2027-01-05 00:00:00","electronic","exchange",2,"[PREMIUM]","2,3,4,5,6,7,8,9,10"
"3q7fNLopavn","2026-09-06 23:58:56.772","2026-09-06 23:58:56.772","3q7fNLopavn","18378617","[PREMIUM]","[PREMIUM]","[PREMIUM]","214","Section 214","7",6,"[]","2027-01-05 00:00:00","electronic","exchange",1,"[PREMIUM]","2,3,4,5,6"
"3q7fNLopavM","2026-09-06 23:58:56.772","2026-09-06 23:58:56.772","3q7fNLopavM","18378617","[PREMIUM]","[PREMIUM]","[PREMIUM]","212","Section 212","13",4,"[]","2027-01-05 00:00:00","electronic","exchange",0,"[PREMIUM]","2,4"
"3q7fNLopakG","2026-09-06 23:58:56.772","2026-09-06 23:58:56.772","3q7fNLopakG","18378617","[PREMIUM]","[PREMIUM]","[PREMIUM]","101","Section 101","6",4,"[]","2027-01-05 00:00:00","electronic","exchange",0,"[PREMIUM]","2,4"
"3q7fNLopaej","2026-09-06 23:58:56.772","2026-09-06 23:58:56.772","3q7fNLopaej","18378617","[PREMIUM]","[PREMIUM]","[PREMIUM]","123","Section 123","9",6,"[]","2027-01-05 00:00:00","electronic","exchange",0,"[PREMIUM]","2,3,4,5,6"
"3q7fNLopaeM","2026-09-06 23:58:56.772","2026-09-06 23:58:56.772","3q7fNLopaeM","18378617","[PREMIUM]","[PREMIUM]","[PREMIUM]","126","Section 126","20",4,"[]","2027-01-05 00:00:00","electronic","exchange",0,"[PREMIUM]","2,4"
"3q7fNLopaYj","2026-09-06 23:58:56.772","2026-09-06 23:58:56.772","3q7fNLopaYj","18378617","[PREMIUM]","[PREMIUM]","[PREMIUM]","115","Section 115","6",6,"[]","2027-01-05 00:00:00","electronic","exchange",0,"[PREMIUM]","2,4,6"
"3q7fNLopaPB","2026-09-06 23:58:56.772","2026-09-06 23:58:56.772","3q7fNLopaPB","18378617","[PREMIUM]","[PREMIUM]","[PREMIUM]","225","Section 225","3",2,"[]","2027-01-05 00:00:00","electronic","exchange",5,"[PREMIUM]","2"
"3q7fNLopaNM","2026-09-06 23:58:56.772","2026-09-06 23:58:56.772","3q7fNLopaNM","18378617","[PREMIUM]","[PREMIUM]","[PREMIUM]","205","Section 205","4",2,"[]","2027-01-05 00:00:00","electronic","exchange",1,"[PREMIUM]","2"
"3q7fNLopaEN","2026-09-06 23:58:56.772","2026-09-06 23:58:56.772","3q7fNLopaEN","18378617","[PREMIUM]","[PREMIUM]","[PREMIUM]","215","Section 215","12",5,"[]","2027-01-05 00:00:00","electronic","exchange",1,"[PREMIUM]","1,2,3,5"
"3q7fNLopa8j","2026-09-06 23:58:56.772","2026-09-06 23:58:56.772","3q7fNLopa8j","18378617","[PREMIUM]","[PREMIUM]","[PREMIUM]","107","Section 107","17",2,"[]","2027-01-05 00:00:00","electronic","exchange",0,"[PREMIUM]","2"
"3q7fNLopa8G","2026-09-06 23:58:56.772","2026-09-06 23:58:56.772","3q7fNLopa8G","18378617","[PREMIUM]","[PREMIUM]","[PREMIUM]","106","Section 106","6",7,"[]","2027-01-05 00:00:00","electronic","exchange",1,"[PREMIUM]","2,3,4,5,6,7"
"4vXcjR0pJwx","2026-09-06 23:58:56.772","2026-09-06 23:58:56.772","4vXcjR0pJwx","18378617","[PREMIUM]","[PREMIUM]","[PREMIUM]","107","Section 107","9",4,"[]","2027-01-05 00:00:00","electronic","exchange",2,"[PREMIUM]","2,4"
"4vXcjR0pJ5x","2026-09-06 23:58:56.772","2026-09-06 23:58:56.772","4vXcjR0pJ5x","18378617","[PREMIUM]","[PREMIUM]","[PREMIUM]","121","Section 121","14",7,"[]","2027-01-05 00:00:00","electronic","exchange",0,"[PREMIUM]","2,3,4,5,6,7"
"4vXcjR0pJ52","2026-09-06 23:58:56.772","2026-09-06 23:58:56.772","4vXcjR0pJ52","18378617","[PREMIUM]","[PREMIUM]","[PREMIUM]","124","Section 124","21",6,"[]","2027-01-05 00:00:00","electronic","exchange",1,"[PREMIUM]","2,3,4,5,6"
"4vXcjR0pJlL","2026-09-06 23:58:56.772","2026-09-06 23:58:56.772","4vXcjR0pJlL","18378617","[PREMIUM]","[PREMIUM]","[PREMIUM]","215","Section 215","6",2,"[]","2027-01-05 00:00:00","electronic","exchange",1,"[PREMIUM]","2"
"4vXcjR0pJGw","2026-09-06 23:58:56.772","2026-09-06 23:58:56.772","4vXcjR0pJGw","18378617","[PREMIUM]","[PREMIUM]","[PREMIUM]","213","Section 213","14",2,"[]","2027-01-05 00:00:00","electronic","exchange",0,"[PREMIUM]","2"
"4vXcjR0pJj2","2026-09-06 23:58:56.772","2026-09-06 23:58:56.772","4vXcjR0pJj2","18378617","[PREMIUM]","[PREMIUM]","[PREMIUM]","204","Section 204","7",7,"[]","2027-01-05 00:00:00","electronic","exchange",1,"[PREMIUM]","2,3,4,5,6,7"
"4vXcjR0pJ6x","2026-09-06 23:58:56.772","2026-09-06 23:58:56.772","4vXcjR0pJ6x","18378617","[PREMIUM]","[PREMIUM]","[PREMIUM]","114","Section 114","7",4,"[]","2027-01-05 00:00:00","electronic","exchange",0,"[PREMIUM]","2,4"
"4vXcjR0pJdv","2026-09-06 23:58:56.772","2026-09-06 23:58:56.772","4vXcjR0pJdv","18378617","[PREMIUM]","[PREMIUM]","[PREMIUM]","216","Section 216","12",2,"[]","2027-01-05 00:00:00","electronic","exchange",0,"[PREMIUM]","2"
"4vXcjR0pJ4v","2026-09-06 23:58:56.772","2026-09-06 23:58:56.772","4vXcjR0pJ4v","18378617","[PREMIUM]","[PREMIUM]","[PREMIUM]","224","Section 224","2",2,"[]","2027-01-05 00:00:00","electronic","exchange",5,"[PREMIUM]","2"
"4vXcjR0pJG2","2026-09-06 23:58:56.772","2026-09-06 23:58:56.772","4vXcjR0pJG2","18378617","[PREMIUM]","[PREMIUM]","[PREMIUM]","211","Section 211","8",2,"[]","2027-01-05 00:00:00","electronic","exchange",2,"[PREMIUM]","2"
"4vXcjR0pJ8O","2026-09-06 23:58:56.772","2026-09-06 23:58:56.772","4vXcjR0pJ8O","18378617","[PREMIUM]","[PREMIUM]","[PREMIUM]","104","Section 104","8",4,"[]","2027-01-05 00:00:00","electronic","exchange",1,"[PREMIUM]","2,4"
"5EjuZwdpNZg","2026-09-06 23:58:56.772","2026-09-06 23:58:56.772","5EjuZwdpNZg","18378617","[PREMIUM]","[PREMIUM]","[PREMIUM]","128","Section 128","21",8,"[]","2027-01-05 00:00:00","electronic","exchange",2,"[PREMIUM]","2,3,4,5,6,7,8"
"5EjuZwdpNaP","2026-09-06 23:58:56.772","2026-09-06 23:58:56.772","5EjuZwdpNaP","18378617","[PREMIUM]","[PREMIUM]","[PREMIUM]","116","Section 116","18",3,"[]","2027-01-05 00:00:00","electronic","exchange",0,"[PREMIUM]","3"
"5EjuZwdpNqg","2026-09-06 23:58:56.772","2026-09-06 23:58:56.772","5EjuZwdpNqg","18378617","[PREMIUM]","[PREMIUM]","[PREMIUM]","207","Section 207","2",2,"[]","2027-01-05 00:00:00","electronic","exchange",4,"[PREMIUM]","2"
"5EjuZwdpNrP","2026-09-06 23:58:56.772","2026-09-06 23:58:56.772","5EjuZwdpNrP","18378617","[PREMIUM]","[PREMIUM]","[PREMIUM]","109","Section 109","18",4,"[]","2027-01-05 00:00:00","electronic","exchange",0,"[PREMIUM]","2,4"
"5EjuZwdpNVn","2026-09-06 23:58:56.772","2026-09-06 23:58:56.772","5EjuZwdpNVn","18378617","[PREMIUM]","[PREMIUM]","[PREMIUM]","219","Section 219","16",3,"[]","2027-01-05 00:00:00","electronic","exchange",2,"[PREMIUM]","3"
"5EjuZwdpN9n","2026-09-06 23:58:56.772","2026-09-06 23:58:56.772","5EjuZwdpN9n","18378617","[PREMIUM]","[PREMIUM]","[PREMIUM]","228","Section 228","1",2,"[]","2027-01-05 00:00:00","electronic","exchange",2,"[PREMIUM]","2"
"5EjuZwdpNXb","2026-09-06 23:58:56.772","2026-09-06 23:58:56.772","5EjuZwdpNXb","18378617","[PREMIUM]","[PREMIUM]","[PREMIUM]","102","Section 102","3",2,"[]","2027-01-05 00:00:00","electronic","exchange",4,"[PREMIUM]","2"
"6mOhkojdlxG","2026-09-06 23:58:56.772","2026-09-06 23:58:56.772","6mOhkojdlxG","18378617","[PREMIUM]","[PREMIUM]","[PREMIUM]","224","Section 224","9",6,"[]","2027-01-05 00:00:00","electronic","exchange",1,"[PREMIUM]","2,3,4,5,6"
"6mOhkojdlrB","2026-09-06 23:58:56.772","2026-09-06 23:58:56.772","6mOhkojdlrB","18378617","[PREMIUM]","[PREMIUM]","[PREMIUM]","215","Section 215","11",2,"[]","2027-01-05 00:00:00","electronic","exchange",1,"[PREMIUM]","2"
"6mOhkojdlkr","2026-09-06 23:58:56.772","2026-09-06 23:58:56.772","6mOhkojdlkr","18378617","[PREMIUM]","[PREMIUM]","[PREMIUM]","204","Section 204","15",8,"[]","2027-01-05 00:00:00","electronic","exchange",1,"[PREMIUM]","2,3,4,5,6,7,8"
"6mOhkojdlgX","2026-09-06 23:58:56.772","2026-09-06 23:58:56.772","6mOhkojdlgX","18378617","[PREMIUM]","[PREMIUM]","[PREMIUM]","115","Section 115","4",8,"[]","2027-01-05 00:00:00","electronic","exchange",0,"[PREMIUM]","2,3,4,5,6,7,8"
"6mOhkojdlYr","2026-09-06 23:58:56.772","2026-09-06 23:58:56.772","6mOhkojdlYr","18378617","[PREMIUM]","[PREMIUM]","[PREMIUM]","126","Section 126","11",4,"[]","2027-01-05 00:00:00","electronic","exchange",0,"[PREMIUM]","2,4"
"6mOhkojdlYX","2026-09-06 23:58:56.772","2026-09-06 23:58:56.772","6mOhkojdlYX","18378617","[PREMIUM]","[PREMIUM]","[PREMIUM]","121","Section 121","20",4,"[]","2027-01-05 00:00:00","electronic","exchange",1,"[PREMIUM]","2,4"
"6mOhkojdlNG","2026-09-06 23:58:56.772","2026-09-06 23:58:56.772","6mOhkojdlNG","18378617","[PREMIUM]","[PREMIUM]","[PREMIUM]","217","Section 217","4",3,"[]","2027-01-05 00:00:00","electronic","exchange",0,"[PREMIUM]","3"
"6mOhkojdlKr","2026-09-06 23:58:56.772","2026-09-06 23:58:56.772","6mOhkojdlKr","18378617","[PREMIUM]","[PREMIUM]","[PREMIUM]","212","Section 212","5",5,"[]","2027-01-05 00:00:00","electronic","exchange",1,"[PREMIUM]","2,3,4,5"
"6mOhkojdlKk","2026-09-06 23:58:56.772","2026-09-06 23:58:56.772","6mOhkojdlKk","18378617","[PREMIUM]","[PREMIUM]","[PREMIUM]","214","Section 214","3",3,"[]","2027-01-05 00:00:00","electronic","exchange",1,"[PREMIUM]","3"
"6mOhkojdlBp","2026-09-06 23:58:56.772","2026-09-06 23:58:56.772","6mOhkojdlBp","18378617","[PREMIUM]","[PREMIUM]","[PREMIUM]","104","Section 104","20",9,"[]","2027-01-05 00:00:00","electronic","exchange",0,"[PREMIUM]","2,3,4,5,6,7,8,9"
"6mOhkojdlBX","2026-09-06 23:58:56.772","2026-09-06 23:58:56.772","6mOhkojdlBX","18378617","[PREMIUM]","[PREMIUM]","[PREMIUM]","107","Section 107","12",3,"[]","2027-01-05 00:00:00","electronic","exchange",2,"[PREMIUM]","3"
"7KntAg2p84Z","2026-09-06 23:58:56.772","2026-09-06 23:58:56.772","7KntAg2p84Z","18378617","[PREMIUM]","[PREMIUM]","[PREMIUM]","101","Section 101","20",2,"[]","2027-01-05 00:00:00","electronic","exchange",0,"[PREMIUM]","2"
"7KntAg2p87k","2026-09-06 23:58:56.772","2026-09-06 23:58:56.772","7KntAg2p87k","18378617","[PREMIUM]","[PREMIUM]","[PREMIUM]","128","Section 128","4",5,"[]","2027-01-05 00:00:00","electronic","exchange",0,"[PREMIUM]","2,3,4,5"
"7KntAg2p89a","2026-09-06 23:58:56.772","2026-09-06 23:58:56.772","7KntAg2p89a","18378617","[PREMIUM]","[PREMIUM]","[PREMIUM]","116","Section 116","3",2,"[]","2027-01-05 00:00:00","electronic","exchange",2,"[PREMIUM]","2"
"7KntAg2p8Ak","2026-09-06 23:58:56.772","2026-09-06 23:58:56.772","7KntAg2p8Ak","18378617","[PREMIUM]","[PREMIUM]","[PREMIUM]","206","Section 206","6",6,"[]","2027-01-05 00:00:00","electronic","exchange",1,"[PREMIUM]","2,3,4,5,6"
"7KntAg2p8dG","2026-09-06 23:58:56.772","2026-09-06 23:58:56.772","7KntAg2p8dG","18378617","[PREMIUM]","[PREMIUM]","[PREMIUM]","218","Section 218","16",10,"[]","2027-01-05 00:00:00","electronic","exchange",1,"[PREMIUM]","2,3,4,5,6,7,8,9,10"
"7KntAg2p8ka","2026-09-06 23:58:56.772","2026-09-06 23:58:56.772","7KntAg2p8ka","18378617","[PREMIUM]","[PREMIUM]","[PREMIUM]","109","Section 109","5",4,"[]","2027-01-05 00:00:00","electronic","exchange",0,"[PREMIUM]","2,4"
"7KntAg2p8oG","2026-09-06 23:58:56.772","2026-09-06 23:58:56.772","7KntAg2p8oG","18378617","[PREMIUM]","[PREMIUM]","[PREMIUM]","226","Section 226","3",7,"[]","2027-01-05 00:00:00","electronic","exchange",0,"[PREMIUM]","2,3,4,5,6,7"
"8lKt6ajDxV6","2026-09-06 23:58:56.772","2026-09-10 14:08:36.130","8lKt6ajDxV6","18378617","[PREMIUM]","[PREMIUM]","[PREMIUM]","110","Section 110","10",3,"[]","2027-01-05 00:00:00","electronic","exchange",2,"[PREMIUM]","3"
"8lKt6ajplw0","2026-09-06 23:58:56.772","2026-09-06 23:58:56.772","8lKt6ajplw0","18378617","[PREMIUM]","[PREMIUM]","[PREMIUM]","223","Section 223","2",3,"[]","2027-01-05 00:00:00","electronic","exchange",1,"[PREMIUM]","3"
"8lKt6ajplvk","2026-09-06 23:58:56.772","2026-09-06 23:58:56.772","8lKt6ajplvk","18378617","[PREMIUM]","[PREMIUM]","[PREMIUM]","102","Section 102","24",2,"[]","2027-01-05 00:00:00","electronic","exchange",2,"[PREMIUM]","2"
"8lKt6ajplR4","2026-09-06 23:58:56.772","2026-09-06 23:58:56.772","8lKt6ajplR4","18378617","[PREMIUM]","[PREMIUM]","[PREMIUM]","120","Section 120","12",2,"[]","2027-01-05 00:00:00","electronic","exchange",0,"[PREMIUM]","2"
"8lKt6ajpl6M","2026-09-06 23:58:56.772","2026-09-06 23:58:56.772","8lKt6ajpl6M","18378617","[PREMIUM]","[PREMIUM]","[PREMIUM]","202","Section 202","14",4,"[]","2027-01-05 00:00:00","electronic","exchange",0,"[PREMIUM]","2,4"
"8lKt6ajpl3M","2026-09-06 23:58:56.772","2026-09-06 23:58:56.772","8lKt6ajpl3M","18378617","[PREMIUM]","[PREMIUM]","[PREMIUM]","210","Section 210","5",2,"[]","2027-01-05 00:00:00","electronic","exchange",1,"[PREMIUM]","2"
"8lKt6ajpl04","2026-09-06 23:58:56.772","2026-09-06 23:58:56.772","8lKt6ajpl04","18378617","[PREMIUM]","[PREMIUM]","[PREMIUM]","112","Section 112","13",6,"[]","2027-01-05 00:00:00","electronic","exchange",2,"[PREMIUM]","2,3,4,5,6"
"9P2c5Mzpj4Y","2026-09-06 23:58:56.772","2026-09-06 23:58:56.772","9P2c5Mzpj4Y","18378617","[PREMIUM]","[PREMIUM]","[PREMIUM]","126","Section 126","12",9,"[]","2027-01-05 00:00:00","electronic","exchange",0,"[PREMIUM]","2,3,4,5,6,7,8,9"
"9P2c5Mzpjxx","2026-09-06 23:58:56.772","2026-09-06 23:58:56.772","9P2c5Mzpjxx","18378617","[PREMIUM]","[PREMIUM]","[PREMIUM]","214","Section 214","4",9,"[]","2027-01-05 00:00:00","electronic","exchange",1,"[PREMIUM]","2,3,4,5,6,7,8,9"
"9P2c5MzpjxY","2026-09-06 23:58:56.772","2026-09-06 23:58:56.772","9P2c5MzpjxY","18378617","[PREMIUM]","[PREMIUM]","[PREMIUM]","212","Section 212","11",2,"[]","2027-01-05 00:00:00","electronic","exchange",0,"[PREMIUM]","2"
"9P2c5Mzpjmn","2026-09-06 23:58:56.772","2026-09-06 23:58:56.772","9P2c5Mzpjmn","18378617","[PREMIUM]","[PREMIUM]","[PREMIUM]","115","Section 115","5",6,"[]","2027-01-05 00:00:00","electronic","exchange",0,"[PREMIUM]","2,3,4,5,6"
"9P2c5MzpjYX","2026-09-06 23:58:56.772","2026-09-06 23:58:56.772","9P2c5MzpjYX","18378617","[PREMIUM]","[PREMIUM]","[PREMIUM]","217","Section 217","14",9,"[]","2027-01-05 00:00:00","electronic","exchange",0,"[PREMIUM]","2,3,4,5,6,7,8,9"
"9P2c5MzpjVw","2026-09-06 23:58:56.772","2026-09-06 23:58:56.772","9P2c5MzpjVw","18378617","[PREMIUM]","[PREMIUM]","[PREMIUM]","104","Section 104","23",6,"[]","2027-01-05 00:00:00","electronic","exchange",1,"[PREMIUM]","2,3,4,5,6"
"9P2c5MzpjVn","2026-09-06 23:58:56.772","2026-09-06 23:58:56.772","9P2c5MzpjVn","18378617","[PREMIUM]","[PREMIUM]","[PREMIUM]","107","Section 107","12",5,"[]","2027-01-05 00:00:00","electronic","exchange",2,"[PREMIUM]","2,3,4,5"
"9P2c5MzpjPX","2026-09-06 23:58:56.772","2026-09-06 23:58:56.772","9P2c5MzpjPX","18378617","[PREMIUM]","[PREMIUM]","[PREMIUM]","224","Section 224","11",6,"[]","2027-01-05 00:00:00","electronic","exchange",1,"[PREMIUM]","2,3,4,5,6"
"9P2c5MzpjEm","2026-09-06 23:58:56.772","2026-09-06 23:58:56.772","9P2c5MzpjEm","18378617","[PREMIUM]","[PREMIUM]","[PREMIUM]","215","Section 215","11",4,"[]","2027-01-05 00:00:00","electronic","exchange",1,"[PREMIUM]","2,4"
"9P2c5Mzpj5Y","2026-09-06 23:58:56.772","2026-09-06 23:58:56.772","9P2c5Mzpj5Y","18378617","[PREMIUM]","[PREMIUM]","[PREMIUM]","205","Section 205","1",2,"[]","2027-01-05 00:00:00","electronic","exchange",1,"[PREMIUM]","2"
"9P2c5Mzpj4n","2026-09-06 23:58:56.772","2026-09-06 23:58:56.772","9P2c5Mzpj4n","18378617","[PREMIUM]","[PREMIUM]","[PREMIUM]","123","Section 123","5",4,"[]","2027-01-05 00:00:00","electronic","exchange",1,"[PREMIUM]","2,4"
"A6rs2Kv8q2M","2026-09-06 23:58:56.772","2026-09-06 23:58:56.772","A6rs2Kv8q2M","18378617","[PREMIUM]","[PREMIUM]","[PREMIUM]","202","Section 202","2",6,"[]","2027-01-05 00:00:00","electronic","exchange",0,"[PREMIUM]","2,3,4,5,6"
"A6rs2Kv8qE2","2026-09-06 23:58:56.772","2026-09-06 23:58:56.772","A6rs2Kv8qE2","18378617","[PREMIUM]","[PREMIUM]","[PREMIUM]","117","Section 117","7",6,"[]","2027-01-05 00:00:00","electronic","exchange",1,"[PREMIUM]","2,3,4,5,6"
"A6rs2Kv8qRd","2026-09-06 23:58:56.772","2026-09-06 23:58:56.772","A6rs2Kv8qRd","18378617","[PREMIUM]","[PREMIUM]","[PREMIUM]","102","Section 102","16",4,"[]","2027-01-05 00:00:00","electronic","exchange",2,"[PREMIUM]","2,4"
"A6rs2Kv8qnM","2026-09-06 23:58:56.772","2026-09-06 23:58:56.772","A6rs2Kv8qnM","18378617","[PREMIUM]","[PREMIUM]","[PREMIUM]","209","Section 209","12",8,"[]","2027-01-05 00:00:00","electronic","exchange",0,"[PREMIUM]","2,3,4,5,6,7,8"
"A6rs2Kv8qom","2026-09-06 23:58:56.772","2026-09-06 23:58:56.772","A6rs2Kv8qom","18378617","[PREMIUM]","[PREMIUM]","[PREMIUM]","221","Section 221","16",4,"[]","2027-01-05 00:00:00","electronic","exchange",2,"[PREMIUM]","2,4"
"A6rs2Kv8qp2","2026-09-06 23:58:56.772","2026-09-06 23:58:56.772","A6rs2Kv8qp2","18378617","[PREMIUM]","[PREMIUM]","[PREMIUM]","110","Section 110","21",2,"[]","2027-01-05 00:00:00","electronic","exchange",0,"[PREMIUM]","2"
"BALImMLDKal","2026-09-06 23:58:56.772","2026-09-10 14:08:36.130","BALImMLDKal","18378617","[PREMIUM]","[PREMIUM]","[PREMIUM]","103","Section 103","9",2,"[]","2027-01-05 00:00:00","electronic","exchange",2,"[PREMIUM]","2"
"BALImMLZ46a","2026-09-06 23:58:56.772","2026-09-06 23:58:56.772","BALImMLZ46a","18378617","[PREMIUM]","[PREMIUM]","[PREMIUM]","112","Section 112","10",9,"[]","2027-01-05 00:00:00","electronic","exchange",1,"[PREMIUM]","2,3,4,5,6,7,8,9"
"BALImMLZ4BJ","2026-09-06 23:58:56.772","2026-09-06 23:58:56.772","BALImMLZ4BJ","18378617","[PREMIUM]","[PREMIUM]","[PREMIUM]","210","Section 210","5",2,"[]","2027-01-05 00:00:00","electronic","exchange",1,"[PREMIUM]","2"
"BALImMLZ4OK","2026-09-06 23:58:56.772","2026-09-06 23:58:56.772","BALImMLZ4OK","18378617","[PREMIUM]","[PREMIUM]","[PREMIUM]","223","Section 223","2",3,"[]","2027-01-05 00:00:00","electronic","exchange",5,"[PREMIUM]","3"
"BALImMLZ4la","2026-09-06 23:58:56.772","2026-09-06 23:58:56.772","BALImMLZ4la","18378617","[PREMIUM]","[PREMIUM]","[PREMIUM]","120","Section 120","9",7,"[]","2027-01-05 00:00:00","electronic","exchange",0,"[PREMIUM]","2,3,4,5,6,7"
"BALImMLZ4mJ","2026-09-06 23:58:56.772","2026-09-06 23:58:56.772","BALImMLZ4mJ","18378617","[PREMIUM]","[PREMIUM]","[PREMIUM]","202","Section 202","13",7,"[]","2027-01-05 00:00:00","electronic","exchange",0,"[PREMIUM]","2,3,4,5,6,7"
"BALImMLZ4zn","2026-09-06 23:58:56.772","2026-09-06 23:58:56.772","BALImMLZ4zn","18378617","[PREMIUM]","[PREMIUM]","[PREMIUM]","102","Section 102","21",6,"[]","2027-01-05 00:00:00","electronic","exchange",1,"[PREMIUM]","2,3,4,5,6"
"DdwHkM0ZlBd","2026-09-06 23:58:56.772","2026-09-06 23:58:56.772","DdwHkM0ZlBd","18378617","[PREMIUM]","[PREMIUM]","[PREMIUM]","221","Section 221","3",7,"[]","2027-01-05 00:00:00","electronic","exchange",5,"[PREMIUM]","2,3,4,5,6,7"
"DdwHkM0ZlzE","2026-09-06 23:58:56.772","2026-09-06 23:58:56.772","DdwHkM0ZlzE","18378617","[PREMIUM]","[PREMIUM]","[PREMIUM]","208","Section 208","14",2,"[]","2027-01-05 00:00:00","electronic","exchange",0,"[PREMIUM]","2"
"DdwHkM0Zl77","2026-09-06 23:58:56.772","2026-09-06 23:58:56.772","DdwHkM0Zl77","18378617","[PREMIUM]","[PREMIUM]","[PREMIUM]","117","Section 117","5",5,"[]","2027-01-05 00:00:00","electronic","exchange",0,"[PREMIUM]","2,3,4,5"
"DdwHkM0ZlJd","2026-09-06 23:58:56.772","2026-09-06 23:58:56.772","DdwHkM0ZlJd","18378617","[PREMIUM]","[PREMIUM]","[PREMIUM]","228","Section 228","15",3,"[]","2027-01-05 00:00:00","electronic","exchange",1,"[PREMIUM]","3"
"DdwHkM0ZlKl","2026-09-06 23:58:56.772","2026-09-06 23:58:56.772","DdwHkM0ZlKl","18378617","[PREMIUM]","[PREMIUM]","[PREMIUM]","102","Section 102","7",6,"[]","2027-01-05 00:00:00","electronic","exchange",1,"[PREMIUM]","2,3,4,5,6"
"DdwHkM0ZlkE","2026-09-06 23:58:56.772","2026-09-06 23:58:56.772","DdwHkM0ZlkE","18378617","[PREMIUM]","[PREMIUM]","[PREMIUM]","201","Section 201","12",9,"[]","2027-01-05 00:00:00","electronic","exchange",1,"[PREMIUM]","2,3,4,5,6,7,8,9"
"EroUXgYZ86w","2026-09-06 23:58:56.772","2026-09-06 23:58:56.772","EroUXgYZ86w","18378617","[PREMIUM]","[PREMIUM]","[PREMIUM]","107","Section 107","10",4,"[]","2027-01-05 00:00:00","electronic","exchange",2,"[PREMIUM]","2,4"
"EroUXgYZ8Jw","2026-09-06 23:58:56.772","2026-09-06 23:58:56.772","EroUXgYZ8Jw","18378617","[PREMIUM]","[PREMIUM]","[PREMIUM]","114","Section 114","21",6,"[]","2027-01-05 00:00:00","electronic","exchange",2,"[PREMIUM]","2,3,4,5,6"
"EroUXgYZ8B7","2026-09-06 23:58:56.772","2026-09-06 23:58:56.772","EroUXgYZ8B7","18378617","[PREMIUM]","[PREMIUM]","[PREMIUM]","224","Section 224","3",4,"[]","2027-01-05 00:00:00","electronic","exchange",1,"[PREMIUM]","2,4"
"EroUXgYZ8jw","2026-09-06 23:58:56.772","2026-09-06 23:58:56.772","EroUXgYZ8jw","18378617","[PREMIUM]","[PREMIUM]","[PREMIUM]","121","Section 121","15",2,"[]","2027-01-05 00:00:00","electronic","exchange",0,"[PREMIUM]","2"
"EroUXgYZ8jZ","2026-09-06 23:58:56.772","2026-09-06 23:58:56.772","EroUXgYZ8jZ","18378617","[PREMIUM]","[PREMIUM]","[PREMIUM]","126","Section 126","10",8,"[]","2027-01-05 00:00:00","electronic","exchange",0,"[PREMIUM]","2,3,4,5,6,7,8"
"EroUXgYZ8bj","2026-09-06 23:58:56.772","2026-09-06 23:58:56.772","EroUXgYZ8bj","18378617","[PREMIUM]","[PREMIUM]","[PREMIUM]","213","Section 213","16",4,"[]","2027-01-05 00:00:00","electronic","exchange",0,"[PREMIUM]","2,4"
"EroUXgYZ8bZ","2026-09-06 23:58:56.772","2026-09-06 23:58:56.772","EroUXgYZ8bZ","18378617","[PREMIUM]","[PREMIUM]","[PREMIUM]","212","Section 212","5",2,"[]","2027-01-05 00:00:00","electronic","exchange",1,"[PREMIUM]","2"
"EroUXgYZ8XZ","2026-09-06 23:58:56.772","2026-09-06 23:58:56.772","EroUXgYZ8XZ","18378617","[PREMIUM]","[PREMIUM]","[PREMIUM]","204","Section 204","13",8,"[]","2027-01-05 00:00:00","electronic","exchange",0,"[PREMIUM]","2,3,4,5,6,7,8"
"EroUXgYZ8KL","2026-09-06 23:58:56.772","2026-09-06 23:58:56.772","EroUXgYZ8KL","18378617","[PREMIUM]","[PREMIUM]","[PREMIUM]","215","Section 215","10",3,"[]","2027-01-05 00:00:00","electronic","exchange",1,"[PREMIUM]","3"
"EroUXgYZ86d","2026-09-06 23:58:56.772","2026-09-06 23:58:56.772","EroUXgYZ86d","18378617","[PREMIUM]","[PREMIUM]","[PREMIUM]","104","Section 104","19",4,"[]","2027-01-05 00:00:00","electronic","exchange",0,"[PREMIUM]","2,4"
"GAaI60YZVzk","2026-09-06 23:58:56.772","2026-09-06 23:58:56.772","GAaI60YZVzk","18378617","[PREMIUM]","[PREMIUM]","[PREMIUM]","102","Section 102","6",4,"[]","2027-01-05 00:00:00","electronic","exchange",0,"[PREMIUM]","2,4"
"GAaI60YZVdA","2026-09-06 23:58:56.772","2026-09-06 23:58:56.772","GAaI60YZVdA","18378617","[PREMIUM]","[PREMIUM]","[PREMIUM]","220","Section 220","10",4,"[]","2027-01-05 00:00:00","electronic","exchange",1,"[PREMIUM]","2,4"
"GAaI60YZVPL","2026-09-06 23:58:56.772","2026-09-06 23:58:56.772","GAaI60YZVPL","18378617","[PREMIUM]","[PREMIUM]","[PREMIUM]","117","Section 117","4",4,"[]","2027-01-05 00:00:00","electronic","exchange",0,"[PREMIUM]","2,4"
"GAaI60YZVOe","2026-09-06 23:58:56.772","2026-09-06 23:58:56.772","GAaI60YZVOe","18378617","[PREMIUM]","[PREMIUM]","[PREMIUM]","208","Section 208","12",8,"[]","2027-01-05 00:00:00","electronic","exchange",0,"[PREMIUM]","2,3,4,5,6,7,8"
"GAaI60YZVLL","2026-09-06 23:58:56.772","2026-09-06 23:58:56.772","GAaI60YZVLL","18378617","[PREMIUM]","[PREMIUM]","[PREMIUM]","110","Section 110","9",12,"[]","2027-01-05 00:00:00","electronic","exchange",1,"[PREMIUM]","2,3,4,5,6,7,8,9,10,11,12"
"GAaI60YZVAA","2026-09-06 23:58:56.772","2026-09-06 23:58:56.772","GAaI60YZVAA","18378617","[PREMIUM]","[PREMIUM]","[PREMIUM]","228","Section 228","14",8,"[]","2027-01-05 00:00:00","electronic","exchange",1,"[PREMIUM]","2,3,4,5,6,7,8"
"GAaI60YZV6e","2026-09-06 23:58:56.772","2026-09-06 23:58:56.772","GAaI60YZV6e","18378617","[PREMIUM]","[PREMIUM]","[PREMIUM]","201","Section 201","11",8,"[]","2027-01-05 00:00:00","electronic","exchange",1,"[PREMIUM]","2,3,4,5,6,7,8"
"JABI3EYZA5o","2026-09-06 23:58:56.772","2026-09-06 23:58:56.772","JABI3EYZA5o","18378617","[PREMIUM]","[PREMIUM]","[PREMIUM]","212","Section 212","11",9,"[]","2027-01-05 00:00:00","electronic","exchange",0,"[PREMIUM]","2,3,4,5,6,7,8,9"
"JABI3EYZAGw","2026-09-06 23:58:56.772","2026-09-06 23:58:56.772","JABI3EYZAGw","18378617","[PREMIUM]","[PREMIUM]","[PREMIUM]","215","Section 215","11",6,"[]","2027-01-05 00:00:00","electronic","exchange",1,"[PREMIUM]","2,3,4,5,6"
"JABI3EYZAXe","2026-09-06 23:58:56.772","2026-09-06 23:58:56.772","JABI3EYZAXe","18378617","[PREMIUM]","[PREMIUM]","[PREMIUM]","217","Section 217","16",4,"[]","2027-01-05 00:00:00","electronic","exchange",0,"[PREMIUM]","2,4"
"JABI3EYZAoe","2026-09-06 23:58:56.772","2026-09-06 23:58:56.772","JABI3EYZAoe","18378617","[PREMIUM]","[PREMIUM]","[PREMIUM]","225","Section 225","3",2,"[]","2027-01-05 00:00:00","electronic","exchange",5,"[PREMIUM]","2"
"JABI3EYZApk","2026-09-06 23:58:56.772","2026-09-06 23:58:56.772","JABI3EYZApk","18378617","[PREMIUM]","[PREMIUM]","[PREMIUM]","101","Section 101","5",4,"[]","2027-01-05 00:00:00","electronic","exchange",0,"[PREMIUM]","2,4"
"JABI3EYZAw8","2026-09-06 23:58:56.772","2026-09-06 23:58:56.772","JABI3EYZAw8","18378617","[PREMIUM]","[PREMIUM]","[PREMIUM]","123","Section 123","5",2,"[]","2027-01-05 00:00:00","electronic","exchange",1,"[PREMIUM]","2"
"JABI3EYZAwo","2026-09-06 23:58:56.772","2026-09-06 23:58:56.772","JABI3EYZAwo","18378617","[PREMIUM]","[PREMIUM]","[PREMIUM]","126","Section 126","13",3,"[]","2027-01-05 00:00:00","electronic","exchange",0,"[PREMIUM]","3"
"JABI3EYZA5l","2026-09-06 23:58:56.772","2026-09-06 23:58:56.772","JABI3EYZA5l","18378617","[PREMIUM]","[PREMIUM]","[PREMIUM]","214","Section 214","7",4,"[]","2027-01-05 00:00:00","electronic","exchange",1,"[PREMIUM]","2,4"
"JABI3EYZA4k","2026-09-06 23:58:56.772","2026-09-06 23:58:56.772","JABI3EYZA4k","18378617","[PREMIUM]","[PREMIUM]","[PREMIUM]","104","Section 104","23",4,"[]","2027-01-05 00:00:00","electronic","exchange",1,"[PREMIUM]","2,4"
"JABI3EYZA48","2026-09-06 23:58:56.772","2026-09-06 23:58:56.772","JABI3EYZA48","18378617","[PREMIUM]","[PREMIUM]","[PREMIUM]","107","Section 107","13",5,"[]","2027-01-05 00:00:00","electronic","exchange",3,"[PREMIUM]","2,3,4,5"
"JABI3EYZA3o","2026-09-06 23:58:56.772","2026-09-06 23:58:56.772","JABI3EYZA3o","18378617","[PREMIUM]","[PREMIUM]","[PREMIUM]","205","Section 205","4",4,"[]","2027-01-05 00:00:00","electronic","exchange",1,"[PREMIUM]","2,4"
"JABI3EYZAP8","2026-09-06 23:58:56.772","2026-09-06 23:58:56.772","JABI3EYZAP8","18378617","[PREMIUM]","[PREMIUM]","[PREMIUM]","115","Section 115","5",4,"[]","2027-01-05 00:00:00","electronic","exchange",0,"[PREMIUM]","2,4"
"KezczqYZDzv","2026-09-06 23:58:56.772","2026-09-06 23:58:56.772","KezczqYZDzv","18378617","[PREMIUM]","[PREMIUM]","[PREMIUM]","205","Section 205","13",6,"[]","2027-01-05 00:00:00","electronic","exchange",1,"[PREMIUM]","2,3,4,5,6"
"KezczqYZDwb","2026-09-06 23:58:56.772","2026-09-06 23:58:56.772","KezczqYZDwb","18378617","[PREMIUM]","[PREMIUM]","[PREMIUM]","115","Section 115","18",3,"[]","2027-01-05 00:00:00","electronic","exchange",0,"[PREMIUM]","3"
"KezczqYZDpv","2026-09-06 23:58:56.772","2026-09-06 23:58:56.772","KezczqYZDpv","18378617","[PREMIUM]","[PREMIUM]","[PREMIUM]","127","Section 127","4",8,"[]","2027-01-05 00:00:00","electronic","exchange",0,"[PREMIUM]","2,3,4,5,6,7,8"
"KezczqYZDXa","2026-09-06 23:58:56.772","2026-09-06 23:58:56.772","KezczqYZDXa","18378617","[PREMIUM]","[PREMIUM]","[PREMIUM]","101","Section 101","7",2,"[]","2027-01-05 00:00:00","electronic","exchange",0,"[PREMIUM]","2"
"KezczqYZDPb","2026-09-06 23:58:56.772","2026-09-06 23:58:56.772","KezczqYZDPb","18378617","[PREMIUM]","[PREMIUM]","[PREMIUM]","107","Section 107","18",4,"[]","2027-01-05 00:00:00","electronic","exchange",0,"[PREMIUM]","2,4"
"KezczqYZDLe","2026-09-06 23:58:56.772","2026-09-06 23:58:56.772","KezczqYZDLe","18378617","[PREMIUM]","[PREMIUM]","[PREMIUM]","225","Section 225","8",2,"[]","2027-01-05 00:00:00","electronic","exchange",0,"[PREMIUM]","2"
"KezczqYZD5J","2026-09-06 23:58:56.772","2026-09-06 23:58:56.772","KezczqYZD5J","18378617","[PREMIUM]","[PREMIUM]","[PREMIUM]","214","Section 214","8",2,"[]","2027-01-05 00:00:00","electronic","exchange",1,"[PREMIUM]","2"
"KezczqYZD0e","2026-09-06 23:58:56.772","2026-09-06 23:58:56.772","KezczqYZD0e","18378617","[PREMIUM]","[PREMIUM]","[PREMIUM]","218","Section 218","3",2,"[]","2027-01-05 00:00:00","electronic","exchange",0,"[PREMIUM]","2"
"LbviL8YKzOJ","2026-09-06 23:58:56.772","2026-09-06 23:58:56.772","LbviL8YKzOJ","18378617","[PREMIUM]","[PREMIUM]","[PREMIUM]","217","Section 217","4",5,"[]","2027-01-05 00:00:00","electronic","exchange",0,"[PREMIUM]","2,3,4,5"
"LbviL8YJ6ak","2026-09-06 23:58:56.772","2026-09-19 22:51:47.432","LbviL8YJ6ak","18378617","[PREMIUM]","[PREMIUM]","[PREMIUM]","217","Section 217","4",3,"[]","2027-01-05 00:00:00","electronic","exchange",0,"[PREMIUM]","1,2,3"
"LbviL8YZkl4","2026-09-06 23:58:56.772","2026-09-06 23:58:56.772","LbviL8YZkl4","18378617","[PREMIUM]","[PREMIUM]","[PREMIUM]","216","Section 216","10",4,"[]","2027-01-05 00:00:00","electronic","exchange",1,"[PREMIUM]","2,4"
"LbviL8YZkXn","2026-09-06 23:58:56.772","2026-09-06 23:58:56.772","LbviL8YZkXn","18378617","[PREMIUM]","[PREMIUM]","[PREMIUM]","211","Section 211","6",6,"[]","2027-01-05 00:00:00","electronic","exchange",1,"[PREMIUM]","2,3,4,5,6"
"LbviL8YZkXq","2026-09-06 23:58:56.772","2026-09-06 23:58:56.772","LbviL8YZkXq","18378617","[PREMIUM]","[PREMIUM]","[PREMIUM]","213","Section 213","7",9,"[]","2027-01-05 00:00:00","electronic","exchange",1,"[PREMIUM]","2,3,4,5,6,7,8,9"
"LbviL8YZkLn","2026-09-06 23:58:56.772","2026-09-06 23:58:56.772","LbviL8YZkLn","18378617","[PREMIUM]","[PREMIUM]","[PREMIUM]","204","Section 204","5",2,"[]","2027-01-05 00:00:00","electronic","exchange",1,"[PREMIUM]","2"
"LbviL8YZkGD","2026-09-06 23:58:56.772","2026-09-06 23:58:56.772","LbviL8YZkGD","18378617","[PREMIUM]","[PREMIUM]","[PREMIUM]","215","Section 215","5",8,"[]","2027-01-05 00:00:00","electronic","exchange",1,"[PREMIUM]","2,3,4,5,6,7,8"
"LbviL8YZka4","2026-09-06 23:58:56.772","2026-09-06 23:58:56.772","LbviL8YZka4","18378617","[PREMIUM]","[PREMIUM]","[PREMIUM]","223","Section 223","18",10,"[]","2027-01-05 00:00:00","electronic","exchange",2,"[PREMIUM]","2,3,4,5,6,7,8,9,10"
"LbviL8YZkdL","2026-09-06 23:58:56.772","2026-09-06 23:58:56.772","LbviL8YZkdL","18378617","[PREMIUM]","[PREMIUM]","[PREMIUM]","104","Section 104","6",7,"[]","2027-01-05 00:00:00","electronic","exchange",0,"[PREMIUM]","2,3,4,5,6,7"
"LbviL8YZkg9","2026-09-06 23:58:56.772","2026-09-06 23:58:56.772","LbviL8YZkg9","18378617","[PREMIUM]","[PREMIUM]","[PREMIUM]","114","Section 114","4",3,"[]","2027-01-05 00:00:00","electronic","exchange",0,"[PREMIUM]","3"
"LbviL8YZkr9","2026-09-06 23:58:56.772","2026-09-06 23:58:56.772","LbviL8YZkr9","18378617","[PREMIUM]","[PREMIUM]","[PREMIUM]","106","Section 106","23",4,"[]","2027-01-05 00:00:00","electronic","exchange",0,"[PREMIUM]","2,4"
"LbviL8YZkon","2026-09-06 23:58:56.772","2026-09-06 23:58:56.772","LbviL8YZkon","18378617","[PREMIUM]","[PREMIUM]","[PREMIUM]","124","Section 124","18",6,"[]","2027-01-05 00:00:00","electronic","exchange",1,"[PREMIUM]","2,3,4,5,6"
"LbviL8YZko9","2026-09-06 23:58:56.772","2026-09-06 23:58:56.772","LbviL8YZko9","18378617","[PREMIUM]","[PREMIUM]","[PREMIUM]","121","Section 121","5",10,"[]","2027-01-05 00:00:00","electronic","exchange",1,"[PREMIUM]","2,3,4,5,6,7,8,9,10"
"MAeIP3YZwbR","2026-09-06 23:58:56.772","2026-09-06 23:58:56.772","MAeIP3YZwbR","18378617","[PREMIUM]","[PREMIUM]","[PREMIUM]","120","Section 120","12",4,"[]","2027-01-05 00:00:00","electronic","exchange",0,"[PREMIUM]","2,4"
"MAeIP3YZwkv","2026-09-06 23:58:56.772","2026-09-06 23:58:56.772","MAeIP3YZwkv","18378617","[PREMIUM]","[PREMIUM]","[PREMIUM]","103","Section 103","5",6,"[]","2027-01-05 00:00:00","electronic","exchange",0,"[PREMIUM]","2,3,4,5,6"
"MAeIP3YZwGZ","2026-09-06 23:58:56.772","2026-09-06 23:58:56.772","MAeIP3YZwGZ","18378617","[PREMIUM]","[PREMIUM]","[PREMIUM]","214","Section 214","17",2,"[]","2027-01-05 00:00:00","electronic","exchange",1,"[PREMIUM]","2"
"MAeIP3YZwBO","2026-09-06 23:58:56.772","2026-09-06 23:58:56.772","MAeIP3YZwBO","18378617","[PREMIUM]","[PREMIUM]","[PREMIUM]","210","Section 210","6",6,"[]","2027-01-05 00:00:00","electronic","exchange",1,"[PREMIUM]","2,3,4,5,6"
"MAeIP3YZw8R","2026-09-06 23:58:56.772","2026-09-06 23:58:56.772","MAeIP3YZw8R","18378617","[PREMIUM]","[PREMIUM]","[PREMIUM]","112","Section 112","18",4,"[]","2027-01-05 00:00:00","electronic","exchange",0,"[PREMIUM]","2,4"
"MAeIP3YZw6b","2026-09-06 23:58:56.772","2026-09-06 23:58:56.772","MAeIP3YZw6b","18378617","[PREMIUM]","[PREMIUM]","[PREMIUM]","223","Section 223","3",3,"[]","2027-01-05 00:00:00","electronic","exchange",1,"[PREMIUM]","3"
"MAeIP3YZwPO","2026-09-06 23:58:56.772","2026-09-06 23:58:56.772","MAeIP3YZwPO","18378617","[PREMIUM]","[PREMIUM]","[PREMIUM]","202","Section 202","16",5,"[]","2027-01-05 00:00:00","electronic","exchange",0,"[PREMIUM]","2,3,4,5"
"MAeIP3YXLMB","2026-09-06 23:58:56.772","2026-09-10 14:08:36.130","MAeIP3YXLMB","18378617","[PREMIUM]","[PREMIUM]","[PREMIUM]","128","Section 128","7",2,"[]","2027-01-05 00:00:00","electronic","exchange",2,"[PREMIUM]","2"
"NrqUv6YZNwZ","2026-09-06 23:58:56.772","2026-09-06 23:58:56.772","NrqUv6YZNwZ","18378617","[PREMIUM]","[PREMIUM]","[PREMIUM]","116","Section 116","3",4,"[]","2027-01-05 00:00:00","electronic","exchange",2,"[PREMIUM]","2,4"
"NrqUv6YZNvk","2026-09-06 23:58:56.772","2026-09-06 23:58:56.772","NrqUv6YZNvk","18378617","[PREMIUM]","[PREMIUM]","[PREMIUM]","206","Section 206","10",7,"[]","2027-01-05 00:00:00","electronic","exchange",0,"[PREMIUM]","2,3,4,5,6,7"
"NrqUv6YZNkk","2026-09-06 23:58:56.772","2026-09-06 23:58:56.772","NrqUv6YZNkk","18378617","[PREMIUM]","[PREMIUM]","[PREMIUM]","128","Section 128","4",5,"[]","2027-01-05 00:00:00","electronic","exchange",0,"[PREMIUM]","2,3,4,5"
"NrqUv6YZNgZ","2026-09-06 23:58:56.772","2026-09-06 23:58:56.772","NrqUv6YZNgZ","18378617","[PREMIUM]","[PREMIUM]","[PREMIUM]","109","Section 109","8",4,"[]","2027-01-05 00:00:00","electronic","exchange",1,"[PREMIUM]","2,4"
"NrqUv6YZNOV","2026-09-06 23:58:56.772","2026-09-06 23:58:56.772","NrqUv6YZNOV","18378617","[PREMIUM]","[PREMIUM]","[PREMIUM]","101","Section 101","21",3,"[]","2027-01-05 00:00:00","electronic","exchange",1,"[PREMIUM]","3"
"NrqUv6YZNKl","2026-09-06 23:58:56.772","2026-09-06 23:58:56.772","NrqUv6YZNKl","18378617","[PREMIUM]","[PREMIUM]","[PREMIUM]","227","Section 227","3",3,"[]","2027-01-05 00:00:00","electronic","exchange",0,"[PREMIUM]","3"
"NrqUv6YZNAl","2026-09-06 23:58:56.772","2026-09-06 23:58:56.772","NrqUv6YZNAl","18378617","[PREMIUM]","[PREMIUM]","[PREMIUM]","219","Section 219","4",4,"[]","2027-01-05 00:00:00","electronic","exchange",1,"[PREMIUM]","2,4"
"O7AhwKY8BwX","2026-09-06 23:58:56.772","2026-09-06 23:58:56.772","O7AhwKY8BwX","18378617","[PREMIUM]","[PREMIUM]","[PREMIUM]","205","Section 205","16",5,"[]","2027-01-05 00:00:00","electronic","exchange",1,"[PREMIUM]","2,3,4,5"
"O7AhwKY8BqP","2026-09-06 23:58:56.772","2026-09-06 23:58:56.772","O7AhwKY8BqP","18378617","[PREMIUM]","[PREMIUM]","[PREMIUM]","225","Section 225","9",4,"[]","2027-01-05 00:00:00","electronic","exchange",0,"[PREMIUM]","2,4"
"O7AhwKY8BoX","2026-09-06 23:58:56.772","2026-09-06 23:58:56.772","O7AhwKY8BoX","18378617","[PREMIUM]","[PREMIUM]","[PREMIUM]","127","Section 127","9",10,"[]","2027-01-05 00:00:00","electronic","exchange",2,"[PREMIUM]","1,2,3,4,5,6,7,8,10"
"O7AhwKY8Bg3","2026-09-06 23:58:56.772","2026-09-06 23:58:56.772","O7AhwKY8Bg3","18378617","[PREMIUM]","[PREMIUM]","[PREMIUM]","214","Section 214","9",4,"[]","2027-01-05 00:00:00","electronic","exchange",1,"[PREMIUM]","2,4"
"O7AhwKY8Ber","2026-09-06 23:58:56.772","2026-09-06 23:58:56.772","O7AhwKY8Ber","18378617","[PREMIUM]","[PREMIUM]","[PREMIUM]","107","Section 107","20",4,"[]","2027-01-05 00:00:00","electronic","exchange",0,"[PREMIUM]","2,4"
"O7AhwKY8BNP","2026-09-06 23:58:56.772","2026-09-06 23:58:56.772","O7AhwKY8BNP","18378617","[PREMIUM]","[PREMIUM]","[PREMIUM]","218","Section 218","12",2,"[]","2027-01-05 00:00:00","electronic","exchange",1,"[PREMIUM]","2"
"O7AhwKY8BAr","2026-09-06 23:58:56.772","2026-09-06 23:58:56.772","O7AhwKY8BAr","18378617","[PREMIUM]","[PREMIUM]","[PREMIUM]","115","Section 115","20",5,"[]","2027-01-05 00:00:00","electronic","exchange",0,"[PREMIUM]","2,3,4,5"
"O7AhwKY8B5G","2026-09-06 23:58:56.772","2026-09-06 23:58:56.772","O7AhwKY8B5G","18378617","[PREMIUM]","[PREMIUM]","[PREMIUM]","101","Section 101","8",4,"[]","2027-01-05 00:00:00","electronic","exchange",0,"[PREMIUM]","2,4"
"O7AhwKvvGlv","2026-09-06 23:58:56.772","2026-09-19 22:51:47.432","O7AhwKvvGlv","18378617","[PREMIUM]","[PREMIUM]","[PREMIUM]","227","Section 227","12",2,"['12','13']","2027-01-03 00:00:00","electronic","exchange",3,"[PREMIUM]","2"
"PX0sgqY8wzz","2026-09-06 23:58:56.772","2026-09-06 23:58:56.772","PX0sgqY8wzz","18378617","[PREMIUM]","[PREMIUM]","[PREMIUM]","220","Section 220","8",2,"[]","2027-01-05 00:00:00","electronic","exchange",1,"[PREMIUM]","2"
"PX0sgqY8wgE","2026-09-06 23:58:56.772","2026-09-06 23:58:56.772","PX0sgqY8wgE","18378617","[PREMIUM]","[PREMIUM]","[PREMIUM]","201","Section 201","10",7,"[]","2027-01-05 00:00:00","electronic","exchange",1,"[PREMIUM]","2,3,4,5,6,7"
"PX0sgqY8wdN","2026-09-06 23:58:56.772","2026-09-06 23:58:56.772","PX0sgqY8wdN","18378617","[PREMIUM]","[PREMIUM]","[PREMIUM]","110","Section 110","8",9,"[]","2027-01-05 00:00:00","electronic","exchange",0,"[PREMIUM]","2,3,4,5,6,7,8,9"
"PX0sgqY8wbz","2026-09-06 23:58:56.772","2026-09-06 23:58:56.772","PX0sgqY8wbz","18378617","[PREMIUM]","[PREMIUM]","[PREMIUM]","228","Section 228","14",2,"[]","2027-01-05 00:00:00","electronic","exchange",1,"[PREMIUM]","2"
"PX0sgqY8wXE","2026-09-06 23:58:56.772","2026-09-06 23:58:56.772","PX0sgqY8wXE","18378617","[PREMIUM]","[PREMIUM]","[PREMIUM]","208","Section 208","6",7,"[]","2027-01-05 00:00:00","electronic","exchange",1,"[PREMIUM]","2,3,4,5,6,7"
"PX0sgqY8wVN","2026-09-06 23:58:56.772","2026-09-06 23:58:56.772","PX0sgqY8wVN","18378617","[PREMIUM]","[PREMIUM]","[PREMIUM]","117","Section 117","3",5,"[]","2027-01-05 00:00:00","electronic","exchange",5,"[PREMIUM]","2,3,4,5"
"PX0sgqY8wNm","2026-09-06 23:58:56.772","2026-09-06 23:58:56.772","PX0sgqY8wNm","18378617","[PREMIUM]","[PREMIUM]","[PREMIUM]","102","Section 102","6",3,"[]","2027-01-05 00:00:00","electronic","exchange",0,"[PREMIUM]","3"
"ROXHz2Y7gzB","2026-09-06 23:58:56.772","2026-09-06 23:58:56.772","ROXHz2Y7gzB","18378617","[PREMIUM]","[PREMIUM]","[PREMIUM]","201","Section 201","7",2,"[]","2027-01-05 00:00:00","electronic","exchange",2,"[PREMIUM]","2"
"ROXHz2Y7gvl","2026-09-06 23:58:56.772","2026-09-06 23:58:56.772","ROXHz2Y7gvl","18378617","[PREMIUM]","[PREMIUM]","[PREMIUM]","109","Section 109","21",4,"[]","2027-01-05 00:00:00","electronic","exchange",0,"[PREMIUM]","2,4"
"ROXHz2Y7gol","2026-09-06 23:58:56.772","2026-09-06 23:58:56.772","ROXHz2Y7gol","18378617","[PREMIUM]","[PREMIUM]","[PREMIUM]","116","Section 116","20",6,"[]","2027-01-05 00:00:00","electronic","exchange",1,"[PREMIUM]","2,4,6"
"ROXHz2Y7gZB","2026-09-06 23:58:56.772","2026-09-06 23:58:56.772","ROXHz2Y7gZB","18378617","[PREMIUM]","[PREMIUM]","[PREMIUM]","207","Section 207","10",4,"[]","2027-01-05 00:00:00","electronic","exchange",0,"[PREMIUM]","2,4"
"ROXHz2Y7gXM","2026-09-06 23:58:56.772","2026-09-06 23:58:56.772","ROXHz2Y7gXM","18378617","[PREMIUM]","[PREMIUM]","[PREMIUM]","228","Section 228","12",7,"[]","2027-01-05 00:00:00","electronic","exchange",0,"[PREMIUM]","2,3,4,5,6,7"
"ROXHz2Y7gV6","2026-09-06 23:58:56.772","2026-09-06 23:58:56.772","ROXHz2Y7gV6","18378617","[PREMIUM]","[PREMIUM]","[PREMIUM]","102","Section 102","6",2,"[]","2027-01-05 00:00:00","electronic","exchange",0,"[PREMIUM]","2"
"ROXHz2Y7gOM","2026-09-06 23:58:56.772","2026-09-06 23:58:56.772","ROXHz2Y7gOM","18378617","[PREMIUM]","[PREMIUM]","[PREMIUM]","220","Section 220","8",11,"[]","2027-01-05 00:00:00","electronic","exchange",1,"[PREMIUM]","2,3,4,5,6,7,8,9,10,11"
"V4KU04xn8zm","2026-09-06 23:58:56.772","2026-09-06 23:58:56.772","V4KU04xn8zm","18378617","[PREMIUM]","[PREMIUM]","[PREMIUM]","117","Section 117","8",3,"[]","2027-01-05 00:00:00","electronic","exchange",1,"[PREMIUM]","3"
"V4KU04xn8mx","2026-09-06 23:58:56.772","2026-09-06 23:58:56.772","V4KU04xn8mx","18378617","[PREMIUM]","[PREMIUM]","[PREMIUM]","209","Section 209","12",2,"[]","2027-01-05 00:00:00","electronic","exchange",0,"[PREMIUM]","2"
"V4KU04xn8XR","2026-09-06 23:58:56.772","2026-09-06 23:58:56.772","V4KU04xn8XR","18378617","[PREMIUM]","[PREMIUM]","[PREMIUM]","222","Section 222","9",9,"[]","2027-01-05 00:00:00","electronic","exchange",1,"[PREMIUM]","2,3,4,5,6,7,8,9"
"V4KU04xn8Om","2026-09-06 23:58:56.772","2026-09-06 23:58:56.772","V4KU04xn8Om","18378617","[PREMIUM]","[PREMIUM]","[PREMIUM]","110","Section 110","21",3,"[]","2027-01-05 00:00:00","electronic","exchange",0,"[PREMIUM]","3"
"V4KU04xn8AX","2026-09-06 23:58:56.772","2026-09-06 23:58:56.772","V4KU04xn8AX","18378617","[PREMIUM]","[PREMIUM]","[PREMIUM]","102","Section 102","18",5,"[]","2027-01-05 00:00:00","electronic","exchange",1,"[PREMIUM]","2,3,4,5"
"V4KU04xn80x","2026-09-06 23:58:56.772","2026-09-06 23:58:56.772","V4KU04xn80x","18378617","[PREMIUM]","[PREMIUM]","[PREMIUM]","202","Section 202","3",9,"[]","2027-01-05 00:00:00","electronic","exchange",1,"[PREMIUM]","2,3,4,5,6,7,8,9"
"X03tKlYB7RY","2026-09-06 23:58:56.772","2026-09-06 23:58:56.772","X03tKlYB7RY","18378617","[PREMIUM]","[PREMIUM]","[PREMIUM]","101","Section 101","19",3,"[]","2027-01-05 00:00:00","electronic","exchange",0,"[PREMIUM]","3"
"X03tKlYB7PD","2026-09-06 23:58:56.772","2026-09-06 23:58:56.772","X03tKlYB7PD","18378617","[PREMIUM]","[PREMIUM]","[PREMIUM]","116","Section 116","1",6,"[]","2027-01-05 00:00:00","electronic","exchange",1,"[PREMIUM]","2,3,4,5,6"
"X03tKlYB7Mw","2026-09-06 23:58:56.772","2026-09-06 23:58:56.772","X03tKlYB7Mw","18378617","[PREMIUM]","[PREMIUM]","[PREMIUM]","218","Section 218","15",6,"[]","2027-01-05 00:00:00","electronic","exchange",1,"[PREMIUM]","2,3,4,5,6"
"X03tKlYB7LR","2026-09-06 23:58:56.772","2026-09-06 23:58:56.772","X03tKlYB7LR","18378617","[PREMIUM]","[PREMIUM]","[PREMIUM]","127","Section 127","24",6,"[]","2027-01-05 00:00:00","electronic","exchange",1,"[PREMIUM]","2,3,4,5,6"
"X03tKlYB7KR","2026-09-06 23:58:56.772","2026-09-06 23:58:56.772","X03tKlYB7KR","18378617","[PREMIUM]","[PREMIUM]","[PREMIUM]","206","Section 206","4",5,"[]","2027-01-05 00:00:00","electronic","exchange",1,"[PREMIUM]","2,3,4,5"
"X03tKlYB7GD","2026-09-06 23:58:56.772","2026-09-06 23:58:56.772","X03tKlYB7GD","18378617","[PREMIUM]","[PREMIUM]","[PREMIUM]","107","Section 107","22",4,"[]","2027-01-05 00:00:00","electronic","exchange",0,"[PREMIUM]","2,4"
"X03tKlYB73w","2026-09-06 23:58:56.772","2026-09-06 23:58:56.772","X03tKlYB73w","18378617","[PREMIUM]","[PREMIUM]","[PREMIUM]","226","Section 226","3",2,"[]","2027-01-05 00:00:00","electronic","exchange",0,"[PREMIUM]","2"
"YgJtk0Y5XGk","2026-09-06 23:58:56.772","2026-09-06 23:58:56.772","YgJtk0Y5XGk","18378617","[PREMIUM]","[PREMIUM]","[PREMIUM]","128","Section 128","6",9,"[]","2027-01-05 00:00:00","electronic","exchange",0,"[PREMIUM]","2,3,4,5,6,7,8,9"
"YgJtk0Y5Xkk","2026-09-06 23:58:56.772","2026-09-06 23:58:56.772","YgJtk0Y5Xkk","18378617","[PREMIUM]","[PREMIUM]","[PREMIUM]","206","Section 206","10",2,"[]","2027-01-05 00:00:00","electronic","exchange",0,"[PREMIUM]","2"
"YgJtk0Y5XgA","2026-09-06 23:58:56.772","2026-09-06 23:58:56.772","YgJtk0Y5XgA","18378617","[PREMIUM]","[PREMIUM]","[PREMIUM]","109","Section 109","9",7,"[]","2027-01-05 00:00:00","electronic","exchange",1,"[PREMIUM]","2,3,4,5,6,7"
"YgJtk0Y5XeD","2026-09-06 23:58:56.772","2026-09-06 23:58:56.772","YgJtk0Y5XeD","18378617","[PREMIUM]","[PREMIUM]","[PREMIUM]","219","Section 219","10",4,"[]","2027-01-05 00:00:00","electronic","exchange",1,"[PREMIUM]","2,4"
"YgJtk0Y5XbA","2026-09-06 23:58:56.772","2026-09-06 23:58:56.772","YgJtk0Y5XbA","18378617","[PREMIUM]","[PREMIUM]","[PREMIUM]","116","Section 116","4",8,"[]","2027-01-05 00:00:00","electronic","exchange",0,"[PREMIUM]","2,3,4,5,6,7,8"
"YgJtk0Y5XRx","2026-09-06 23:58:56.772","2026-09-06 23:58:56.772","YgJtk0Y5XRx","18378617","[PREMIUM]","[PREMIUM]","[PREMIUM]","101","Section 101","21",2,"[]","2027-01-05 00:00:00","electronic","exchange",1,"[PREMIUM]","2"
"YgJtk0Y5XJD","2026-09-06 23:58:56.772","2026-09-06 23:58:56.772","YgJtk0Y5XJD","18378617","[PREMIUM]","[PREMIUM]","[PREMIUM]","227","Section 227","3",2,"[]","2027-01-05 00:00:00","electronic","exchange",4,"[PREMIUM]","2"
"Zm9hvJYqjvA","2026-09-06 23:58:56.772","2026-09-06 23:58:56.772","Zm9hvJYqjvA","18378617","[PREMIUM]","[PREMIUM]","[PREMIUM]","206","Section 206","14",3,"[]","2027-01-05 00:00:00","electronic","exchange",1,"[PREMIUM]","3"
"Zm9hvJYqjrw","2026-09-06 23:58:56.772","2026-09-06 23:58:56.772","Zm9hvJYqjrw","18378617","[PREMIUM]","[PREMIUM]","[PREMIUM]","219","Section 219","11",2,"[]","2027-01-05 00:00:00","electronic","exchange",1,"[PREMIUM]","2"
"Zm9hvJYqjk9","2026-09-06 23:58:56.772","2026-09-06 23:58:56.772","Zm9hvJYqjk9","18378617","[PREMIUM]","[PREMIUM]","[PREMIUM]","116","Section 116","6",2,"[]","2027-01-05 00:00:00","electronic","exchange",0,"[PREMIUM]","2"
"Zm9hvJYqjZb","2026-09-06 23:58:56.772","2026-09-06 23:58:56.772","Zm9hvJYqjZb","18378617","[PREMIUM]","[PREMIUM]","[PREMIUM]","101","Section 101","22",3,"[]","2027-01-05 00:00:00","electronic","exchange",1,"[PREMIUM]","3"
"Zm9hvJYqj9w","2026-09-06 23:58:56.772","2026-09-06 23:58:56.772","Zm9hvJYqj9w","18378617","[PREMIUM]","[PREMIUM]","[PREMIUM]","227","Section 227","12",2,"[]","2027-01-05 00:00:00","electronic","exchange",0,"[PREMIUM]","2"
"Zm9hvJYqj4A","2026-09-06 23:58:56.772","2026-09-06 23:58:56.772","Zm9hvJYqj4A","18378617","[PREMIUM]","[PREMIUM]","[PREMIUM]","128","Section 128","18",4,"[]","2027-01-05 00:00:00","electronic","exchange",2,"[PREMIUM]","2,4"
"Zm9hvJYqj39","2026-09-06 23:58:56.772","2026-09-06 23:58:56.772","Zm9hvJYqj39","18378617","[PREMIUM]","[PREMIUM]","[PREMIUM]","109","Section 109","10",2,"[]","2027-01-05 00:00:00","electronic","exchange",2,"[PREMIUM]","2"
"agktlMYL9JG","2026-09-06 23:58:56.772","2026-09-06 23:58:56.772","agktlMYL9JG","18378617","[PREMIUM]","[PREMIUM]","[PREMIUM]","103","Section 103","6",8,"[]","2027-01-05 00:00:00","electronic","exchange",0,"[PREMIUM]","2,3,4,5,6,7,8"
"agktlMYL9pp","2026-09-06 23:58:56.772","2026-09-06 23:58:56.772","agktlMYL9pp","18378617","[PREMIUM]","[PREMIUM]","[PREMIUM]","214","Section 214","17",4,"[]","2027-01-05 00:00:00","electronic","exchange",1,"[PREMIUM]","2,4"
"agktlMYL9ze","2026-09-06 23:58:56.772","2026-09-06 23:58:56.772","agktlMYL9ze","18378617","[PREMIUM]","[PREMIUM]","[PREMIUM]","112","Section 112","20",6,"[]","2027-01-05 00:00:00","electronic","exchange",0,"[PREMIUM]","2,3,4,5,6"
"agktlMYL9l4","2026-09-06 23:58:56.772","2026-09-06 23:58:56.772","agktlMYL9l4","18378617","[PREMIUM]","[PREMIUM]","[PREMIUM]","202","Section 202","16",2,"[]","2027-01-05 00:00:00","electronic","exchange",0,"[PREMIUM]","2"
"agktlMYL9de","2026-09-06 23:58:56.772","2026-09-06 23:58:56.772","agktlMYL9de","18378617","[PREMIUM]","[PREMIUM]","[PREMIUM]","120","Section 120","15",4,"[]","2027-01-05 00:00:00","electronic","exchange",0,"[PREMIUM]","2,4"
"agktlMYL9E4","2026-09-06 23:58:56.772","2026-09-06 23:58:56.772","agktlMYL9E4","18378617","[PREMIUM]","[PREMIUM]","[PREMIUM]","210","Section 210","14",5,"[]","2027-01-05 00:00:00","electronic","exchange",1,"[PREMIUM]","2,3,4,5"
"agktlMYL9nl","2026-09-06 23:58:56.772","2026-09-06 23:58:56.772","agktlMYL9nl","18378617","[PREMIUM]","[PREMIUM]","[PREMIUM]","223","Section 223","3",3,"[]","2027-01-05 00:00:00","electronic","exchange",5,"[PREMIUM]","3"
"b4wUaoYz62k","2026-09-06 23:58:56.772","2026-09-06 23:58:56.772","b4wUaoYz62k","18378617","[PREMIUM]","[PREMIUM]","[PREMIUM]","102","Section 102","4",10,"[]","2027-01-05 00:00:00","electronic","exchange",0,"[PREMIUM]","2,3,4,5,6,7,8,9,10"
"b4wUaoYz69E","2026-09-06 23:58:56.772","2026-09-06 23:58:56.772","b4wUaoYz69E","18378617","[PREMIUM]","[PREMIUM]","[PREMIUM]","228","Section 228","2",2,"[]","2027-01-05 00:00:00","electronic","exchange",1,"[PREMIUM]","2"
"b4wUaoYz6Je","2026-09-06 23:58:56.772","2026-09-06 23:58:56.772","b4wUaoYz6Je","18378617","[PREMIUM]","[PREMIUM]","[PREMIUM]","116","Section 116","18",3,"[]","2027-01-05 00:00:00","electronic","exchange",0,"[PREMIUM]","3"
"b4wUaoYz6ME","2026-09-06 23:58:56.772","2026-09-06 23:58:56.772","b4wUaoYz6ME","18378617","[PREMIUM]","[PREMIUM]","[PREMIUM]","220","Section 220","3",2,"[]","2027-01-05 00:00:00","electronic","exchange",1,"[PREMIUM]","2"
"b4wUaoYz6RP","2026-09-06 23:58:56.772","2026-09-06 23:58:56.772","b4wUaoYz6RP","18378617","[PREMIUM]","[PREMIUM]","[PREMIUM]","207","Section 207","7",11,"[]","2027-01-05 00:00:00","electronic","exchange",2,"[PREMIUM]","2,3,4,5,6,7,8,9,10,11"
"b4wUaoYz6aP","2026-09-06 23:58:56.772","2026-09-06 23:58:56.772","b4wUaoYz6aP","18378617","[PREMIUM]","[PREMIUM]","[PREMIUM]","128","Section 128","21",5,"[]","2027-01-05 00:00:00","electronic","exchange",2,"[PREMIUM]","1,2,3,5"
"b4wUaoYz6je","2026-09-06 23:58:56.772","2026-09-06 23:58:56.772","b4wUaoYz6je","18378617","[PREMIUM]","[PREMIUM]","[PREMIUM]","109","Section 109","19",3,"[]","2027-01-05 00:00:00","electronic","exchange",0,"[PREMIUM]","3"
"dNgUgpYRlrO","2026-09-06 23:58:56.772","2026-09-06 23:58:56.772","dNgUgpYRlrO","18378617","[PREMIUM]","[PREMIUM]","[PREMIUM]","109","Section 109","19",4,"[]","2027-01-05 00:00:00","electronic","exchange",0,"[PREMIUM]","2,4"
"dNgUgpYRlgq","2026-09-06 23:58:56.772","2026-09-06 23:58:56.772","dNgUgpYRlgq","18378617","[PREMIUM]","[PREMIUM]","[PREMIUM]","201","Section 201","6",6,"[]","2027-01-05 00:00:00","electronic","exchange",2,"[PREMIUM]","2,3,4,5,6"
"dNgUgpYRleO","2026-09-06 23:58:56.772","2026-09-06 23:58:56.772","dNgUgpYRleO","18378617","[PREMIUM]","[PREMIUM]","[PREMIUM]","116","Section 116","19",5,"[]","2027-01-05 00:00:00","electronic","exchange",1,"[PREMIUM]","2,3,4,5"
"dNgUgpYRlZq","2026-09-06 23:58:56.772","2026-09-06 23:58:56.772","dNgUgpYRlZq","18378617","[PREMIUM]","[PREMIUM]","[PREMIUM]","207","Section 207","9",2,"[]","2027-01-05 00:00:00","electronic","exchange",0,"[PREMIUM]","2"
"dNgUgpYRl7l","2026-09-06 23:58:56.772","2026-09-06 23:58:56.772","dNgUgpYRl7l","18378617","[PREMIUM]","[PREMIUM]","[PREMIUM]","228","Section 228","2",2,"[]","2027-01-05 00:00:00","electronic","exchange",5,"[PREMIUM]","2"
"dNgUgpYRl3l","2026-09-06 23:58:56.772","2026-09-06 23:58:56.772","dNgUgpYRl3l","18378617","[PREMIUM]","[PREMIUM]","[PREMIUM]","220","Section 220","4",2,"[]","2027-01-05 00:00:00","electronic","exchange",2,"[PREMIUM]","2"
"dNgUgpYRl2p","2026-09-06 23:58:56.772","2026-09-06 23:58:56.772","dNgUgpYRl2p","18378617","[PREMIUM]","[PREMIUM]","[PREMIUM]","102","Section 102","4",9,"[]","2027-01-05 00:00:00","electronic","exchange",0,"[PREMIUM]","2,3,4,5,6,7,8,9"
"eeacK8Ybp5D","2026-09-06 23:58:56.772","2026-09-06 23:58:56.772","eeacK8Ybp5D","18378617","[PREMIUM]","[PREMIUM]","[PREMIUM]","209","Section 209","13",4,"[]","2027-01-05 00:00:00","electronic","exchange",0,"[PREMIUM]","2,4"
"eeacK8YbpJe","2026-09-06 23:58:56.772","2026-09-06 23:58:56.772","eeacK8YbpJe","18378617","[PREMIUM]","[PREMIUM]","[PREMIUM]","222","Section 222","10",5,"[]","2027-01-05 00:00:00","electronic","exchange",1,"[PREMIUM]","2,3,4,5"
"eeacK8YbpKD","2026-09-06 23:58:56.772","2026-09-06 23:58:56.772","eeacK8YbpKD","18378617","[PREMIUM]","[PREMIUM]","[PREMIUM]","202","Section 202","4",9,"[]","2027-01-05 00:00:00","electronic","exchange",5,"[PREMIUM]","1,2,3,4,5,6,7,9"
"eeacK8YbpLm","2026-09-06 23:58:56.772","2026-09-06 23:58:56.772","eeacK8YbpLm","18378617","[PREMIUM]","[PREMIUM]","[PREMIUM]","102","Section 102","18",2,"[]","2027-01-05 00:00:00","electronic","exchange",1,"[PREMIUM]","2"
"eeacK8YbpR7","2026-09-06 23:58:56.772","2026-09-06 23:58:56.772","eeacK8YbpR7","18378617","[PREMIUM]","[PREMIUM]","[PREMIUM]","110","Section 110","23",8,"[]","2027-01-05 00:00:00","electronic","exchange",0,"[PREMIUM]","2,3,4,5,6,7,8"
"eeacK8YbpV7","2026-09-06 23:58:56.772","2026-09-06 23:58:56.772","eeacK8YbpV7","18378617","[PREMIUM]","[PREMIUM]","[PREMIUM]","117","Section 117","23",6,"[]","2027-01-05 00:00:00","electronic","exchange",1,"[PREMIUM]","2,3,4,5,6"
"g48Ur6wALzz","2026-09-06 23:58:56.772","2026-09-06 23:58:56.772","g48Ur6wALzz","18378617","[PREMIUM]","[PREMIUM]","[PREMIUM]","103","Section 103","7",8,"[]","2027-01-05 00:00:00","electronic","exchange",0,"[PREMIUM]","2,3,4,5,6,7,8"
"g48Ur6wALrb","2026-09-06 23:58:56.772","2026-09-06 23:58:56.772","g48Ur6wALrb","18378617","[PREMIUM]","[PREMIUM]","[PREMIUM]","203","Section 203","15",8,"[]","2027-01-05 00:00:00","electronic","exchange",0,"[PREMIUM]","2,3,4,5,6,7,8"
"g48Ur6wALpM","2026-09-06 23:58:56.772","2026-09-06 23:58:56.772","g48Ur6wALpM","18378617","[PREMIUM]","[PREMIUM]","[PREMIUM]","215","Section 215","3",4,"[]","2027-01-05 00:00:00","electronic","exchange",0,"[PREMIUM]","2,4"
"g48Ur6wALlq","2026-09-06 23:58:56.772","2026-09-06 23:58:56.772","g48Ur6wALlq","18378617","[PREMIUM]","[PREMIUM]","[PREMIUM]","113","Section 113","13",4,"[]","2027-01-05 00:00:00","electronic","exchange",2,"[PREMIUM]","2,4"
"g48Ur6wALZq","2026-09-06 23:58:56.772","2026-09-06 23:58:56.772","g48Ur6wALZq","18378617","[PREMIUM]","[PREMIUM]","[PREMIUM]","120","Section 120","20",6,"[]","2027-01-05 00:00:00","electronic","exchange",1,"[PREMIUM]","2,3,4,5,6"
"g48Ur6wALMG","2026-09-06 23:58:56.772","2026-09-06 23:58:56.772","g48Ur6wALMG","18378617","[PREMIUM]","[PREMIUM]","[PREMIUM]","223","Section 223","4",2,"[]","2027-01-05 00:00:00","electronic","exchange",5,"[PREMIUM]","2"
"g48Ur6wALGb","2026-09-06 23:58:56.772","2026-09-06 23:58:56.772","g48Ur6wALGb","18378617","[PREMIUM]","[PREMIUM]","[PREMIUM]","210","Section 210","15",4,"[]","2027-01-05 00:00:00","electronic","exchange",1,"[PREMIUM]","2,4"
"jDvszkDAVzv","2026-09-06 23:58:56.772","2026-09-06 23:58:56.772","jDvszkDAVzv","18378617","[PREMIUM]","[PREMIUM]","[PREMIUM]","206","Section 206","4",6,"[]","2027-01-05 00:00:00","electronic","exchange",1,"[PREMIUM]","2,3,4,5,6"
"jDvszkDAVq9","2026-09-06 23:58:56.772","2026-09-06 23:58:56.772","jDvszkDAVq9","18378617","[PREMIUM]","[PREMIUM]","[PREMIUM]","225","Section 225","12",8,"[]","2027-01-05 00:00:00","electronic","exchange",1,"[PREMIUM]","1,2,3,4,5,6,8"
"jDvszkDAVnG","2026-09-06 23:58:56.772","2026-09-06 23:58:56.772","jDvszkDAVnG","18378617","[PREMIUM]","[PREMIUM]","[PREMIUM]","115","Section 115","21",6,"[]","2027-01-05 00:00:00","electronic","exchange",1,"[PREMIUM]","2,3,4,5,6"
"jDvszkDAVlv","2026-09-06 23:58:56.772","2026-09-06 23:58:56.772","jDvszkDAVlv","18378617","[PREMIUM]","[PREMIUM]","[PREMIUM]","127","Section 127","22",4,"[]","2027-01-05 00:00:00","electronic","exchange",1,"[PREMIUM]","2,4"
"jDvszkDAVKG","2026-09-06 23:58:56.772","2026-09-06 23:58:56.772","jDvszkDAVKG","18378617","[PREMIUM]","[PREMIUM]","[PREMIUM]","107","Section 107","21",4,"[]","2027-01-05 00:00:00","electronic","exchange",0,"[PREMIUM]","2,4"
"jDvszkDAV6r","2026-09-06 23:58:56.772","2026-09-06 23:58:56.772","jDvszkDAV6r","18378617","[PREMIUM]","[PREMIUM]","[PREMIUM]","214","Section 214","15",4,"[]","2027-01-05 00:00:00","electronic","exchange",0,"[PREMIUM]","2,4"
"jDvszkDAV49","2026-09-06 23:58:56.772","2026-09-06 23:58:56.772","jDvszkDAV49","18378617","[PREMIUM]","[PREMIUM]","[PREMIUM]","218","Section 218","12",4,"[]","2027-01-05 00:00:00","electronic","exchange",1,"[PREMIUM]","2,4"
"jDvszkDAVRb","2026-09-06 23:58:56.772","2026-09-06 23:58:56.772","jDvszkDAVRb","18378617","[PREMIUM]","[PREMIUM]","[PREMIUM]","101","Section 101","19",4,"[]","2027-01-05 00:00:00","electronic","exchange",0,"[PREMIUM]","2,4"
"kYet9m3zgR4","2026-09-06 23:58:56.772","2026-09-06 23:58:56.772","kYet9m3zgR4","18378617","[PREMIUM]","[PREMIUM]","[PREMIUM]","124","Section 124","16",4,"[]","2027-01-05 00:00:00","electronic","exchange",0,"[PREMIUM]","2,4"
"kYet9m3zgRA","2026-09-06 23:58:56.772","2026-09-06 23:58:56.772","kYet9m3zgRA","18378617","[PREMIUM]","[PREMIUM]","[PREMIUM]","121","Section 121","4",2,"[]","2027-01-05 00:00:00","electronic","exchange",1,"[PREMIUM]","2"
"kYet9m3zgaR","2026-09-06 23:58:56.772","2026-09-06 23:58:56.772","kYet9m3zgaR","18378617","[PREMIUM]","[PREMIUM]","[PREMIUM]","103","Section 103","25",4,"[]","2027-01-05 00:00:00","electronic","exchange",0,"[PREMIUM]","2,4"
"kYet9m3zgbn","2026-09-06 23:58:56.772","2026-09-06 23:58:56.772","kYet9m3zgbn","18378617","[PREMIUM]","[PREMIUM]","[PREMIUM]","223","Section 223","18",4,"[]","2027-01-05 00:00:00","electronic","exchange",2,"[PREMIUM]","2,4"
"kYet9m3zgrn","2026-09-06 23:58:56.772","2026-09-06 23:58:56.772","kYet9m3zgrn","18378617","[PREMIUM]","[PREMIUM]","[PREMIUM]","216","Section 216","8",4,"[]","2027-01-05 00:00:00","electronic","exchange",1,"[PREMIUM]","2,4"
"kYet9m3zgMA","2026-09-06 23:58:56.772","2026-09-06 23:58:56.772","kYet9m3zgMA","18378617","[PREMIUM]","[PREMIUM]","[PREMIUM]","114","Section 114","3",2,"[]","2027-01-05 00:00:00","electronic","exchange",2,"[PREMIUM]","2"
"kYet9m3zgL4","2026-09-06 23:58:56.772","2026-09-06 23:58:56.772","kYet9m3zgL4","18378617","[PREMIUM]","[PREMIUM]","[PREMIUM]","211","Section 211","6",4,"[]","2027-01-05 00:00:00","electronic","exchange",1,"[PREMIUM]","2,4"
"kYet9m3zgL0","2026-09-06 23:58:56.772","2026-09-06 23:58:56.772","kYet9m3zgL0","18378617","[PREMIUM]","[PREMIUM]","[PREMIUM]","213","Section 213","6",6,"[]","2027-01-05 00:00:00","electronic","exchange",1,"[PREMIUM]","2,3,4,5,6"
"kYet9m3zgEA","2026-09-06 23:58:56.772","2026-09-06 23:58:56.772","kYet9m3zgEA","18378617","[PREMIUM]","[PREMIUM]","[PREMIUM]","106","Section 106","18",6,"[]","2027-01-05 00:00:00","electronic","exchange",0,"[PREMIUM]","2,3,4,5,6"
"kYet9m3zg94","2026-09-06 23:58:56.772","2026-09-06 23:58:56.772","kYet9m3zg94","18378617","[PREMIUM]","[PREMIUM]","[PREMIUM]","204","Section 204","2",2,"[]","2027-01-05 00:00:00","electronic","exchange",0,"[PREMIUM]","2"
"kYet9m3zgOD","2026-09-06 23:58:56.772","2026-09-06 23:58:56.772","kYet9m3zgOD","18378617","[PREMIUM]","[PREMIUM]","[PREMIUM]","215","Section 215","5",2,"[]","2027-01-05 00:00:00","electronic","exchange",1,"[PREMIUM]","2"
"lxVsdR0Djv5","2026-09-06 23:58:56.772","2026-09-06 23:58:56.772","lxVsdR0Djv5","18378617","[PREMIUM]","[PREMIUM]","[PREMIUM]","114","Section 114","21",4,"[]","2027-01-05 00:00:00","electronic","exchange",2,"[PREMIUM]","2,4"
"lxVsdR0Djqv","2026-09-06 23:58:56.772","2026-09-06 23:58:56.772","lxVsdR0Djqv","18378617","[PREMIUM]","[PREMIUM]","[PREMIUM]","213","Section 213","14",2,"[]","2027-01-05 00:00:00","electronic","exchange",0,"[PREMIUM]","2"
"lxVsdR0Djqj","2026-09-06 23:58:56.772","2026-09-06 23:58:56.772","lxVsdR0Djqj","18378617","[PREMIUM]","[PREMIUM]","[PREMIUM]","211","Section 211","11",10,"[]","2027-01-05 00:00:00","electronic","exchange",0,"[PREMIUM]","2,3,4,5,6,7,8,9,10"
"lxVsdR0Djo5","2026-09-06 23:58:56.772","2026-09-06 23:58:56.772","lxVsdR0Djo5","18378617","[PREMIUM]","[PREMIUM]","[PREMIUM]","107","Section 107","9",2,"[]","2027-01-05 00:00:00","electronic","exchange",2,"[PREMIUM]","2"
"lxVsdR0Djkx","2026-09-06 23:58:56.772","2026-09-06 23:58:56.772","lxVsdR0Djkx","18378617","[PREMIUM]","[PREMIUM]","[PREMIUM]","217","Section 217","3",2,"[]","2027-01-05 00:00:00","electronic","exchange",4,"[PREMIUM]","2"
"lxVsdR0Djdj","2026-09-06 23:58:56.772","2026-09-06 23:58:56.772","lxVsdR0Djdj","18378617","[PREMIUM]","[PREMIUM]","[PREMIUM]","204","Section 204","11",8,"[]","2027-01-05 00:00:00","electronic","exchange",0,"[PREMIUM]","2,3,4,5,6,7,8"
"lxVsdR0Djbx","2026-09-06 23:58:56.772","2026-09-06 23:58:56.772","lxVsdR0Djbx","18378617","[PREMIUM]","[PREMIUM]","[PREMIUM]","224","Section 224","2",2,"[]","2027-01-05 00:00:00","electronic","exchange",5,"[PREMIUM]","2"
"lxVsdR0DjZ6","2026-09-06 23:58:56.772","2026-09-06 23:58:56.772","lxVsdR0DjZ6","18378617","[PREMIUM]","[PREMIUM]","[PREMIUM]","215","Section 215","10",4,"[]","2027-01-05 00:00:00","electronic","exchange",1,"[PREMIUM]","2,4"
"lxVsdR0DjMj","2026-09-06 23:58:56.772","2026-09-06 23:58:56.772","lxVsdR0DjMj","18378617","[PREMIUM]","[PREMIUM]","[PREMIUM]","124","Section 124","22",2,"[]","2027-01-05 00:00:00","electronic","exchange",1,"[PREMIUM]","2"
"lxVsdR0DjM5","2026-09-06 23:58:56.772","2026-09-06 23:58:56.772","lxVsdR0DjM5","18378617","[PREMIUM]","[PREMIUM]","[PREMIUM]","121","Section 121","15",2,"[]","2027-01-05 00:00:00","electronic","exchange",0,"[PREMIUM]","2"
"lxVsdR0Dj2m","2026-09-06 23:58:56.772","2026-09-06 23:58:56.772","lxVsdR0Dj2m","18378617","[PREMIUM]","[PREMIUM]","[PREMIUM]","104","Section 104","12",5,"[]","2027-01-05 00:00:00","electronic","exchange",2,"[PREMIUM]","1,2,3,5"
"mxAs4xlDq4k","2026-09-06 23:58:56.772","2026-09-06 23:58:56.772","mxAs4xlDq4k","18378617","[PREMIUM]","[PREMIUM]","[PREMIUM]","201","Section 201","7",2,"[]","2027-01-05 00:00:00","electronic","exchange",2,"[PREMIUM]","2"
"mxAs4xlDq7D","2026-09-06 23:58:56.772","2026-09-06 23:58:56.772","mxAs4xlDq7D","18378617","[PREMIUM]","[PREMIUM]","[PREMIUM]","228","Section 228","11",4,"[]","2027-01-05 00:00:00","electronic","exchange",0,"[PREMIUM]","2,4"
"mxAs4xlDqr3","2026-09-06 23:58:56.772","2026-09-06 23:58:56.772","mxAs4xlDqr3","18378617","[PREMIUM]","[PREMIUM]","[PREMIUM]","109","Section 109","20",6,"[]","2027-01-05 00:00:00","electronic","exchange",0,"[PREMIUM]","2,3,4,5,6"
"mxAs4xlDq9D","2026-09-06 23:58:56.772","2026-09-06 23:58:56.772","mxAs4xlDq9D","18378617","[PREMIUM]","[PREMIUM]","[PREMIUM]","220","Section 220","4",4,"[]","2027-01-05 00:00:00","electronic","exchange",2,"[PREMIUM]","2,4"
"mxAs4xlDqjY","2026-09-06 23:58:56.772","2026-09-06 23:58:56.772","mxAs4xlDqjY","18378617","[PREMIUM]","[PREMIUM]","[PREMIUM]","102","Section 102","5",5,"[]","2027-01-05 00:00:00","electronic","exchange",1,"[PREMIUM]","1,2,3,5"
"mxAs4xlDqLk","2026-09-06 23:58:56.772","2026-09-06 23:58:56.772","mxAs4xlDqLk","18378617","[PREMIUM]","[PREMIUM]","[PREMIUM]","207","Section 207","9",2,"[]","2027-01-05 00:00:00","electronic","exchange",0,"[PREMIUM]","2"
"mxAs4xlDqE3","2026-09-06 23:58:56.772","2026-09-06 23:58:56.772","mxAs4xlDqE3","18378617","[PREMIUM]","[PREMIUM]","[PREMIUM]","116","Section 116","19",7,"[]","2027-01-05 00:00:00","electronic","exchange",1,"[PREMIUM]","2,3,4,5,6,7"
"nx0srKmAg45","2026-09-06 23:58:56.772","2026-09-06 23:58:56.772","nx0srKmAg45","18378617","[PREMIUM]","[PREMIUM]","[PREMIUM]","218","Section 218","4",11,"[]","2027-01-05 00:00:00","electronic","exchange",5,"[PREMIUM]","2,3,4,5,6,7,8,9,10,11"
"nx0srKmAg85","2026-09-06 23:58:56.772","2026-09-06 23:58:56.772","nx0srKmAg85","18378617","[PREMIUM]","[PREMIUM]","[PREMIUM]","225","Section 225","9",3,"[]","2027-01-05 00:00:00","electronic","exchange",0,"[PREMIUM]","3"
"nx0srKmAgGb","2026-09-06 23:58:56.772","2026-09-06 23:58:56.772","nx0srKmAgGb","18378617","[PREMIUM]","[PREMIUM]","[PREMIUM]","214","Section 214","8",3,"[]","2027-01-05 00:00:00","electronic","exchange",1,"[PREMIUM]","3"
"nx0srKmAgLJ","2026-09-06 23:58:56.772","2026-09-06 23:58:56.772","nx0srKmAgLJ","18378617","[PREMIUM]","[PREMIUM]","[PREMIUM]","101","Section 101","7",4,"[]","2027-01-05 00:00:00","electronic","exchange",0,"[PREMIUM]","2,4"
"nx0srKmAgVK","2026-09-06 23:58:56.772","2026-09-06 23:58:56.772","nx0srKmAgVK","18378617","[PREMIUM]","[PREMIUM]","[PREMIUM]","107","Section 107","19",4,"[]","2027-01-05 00:00:00","electronic","exchange",0,"[PREMIUM]","2,4"
"nx0srKmAgdR","2026-09-06 23:58:56.772","2026-09-06 23:58:56.772","nx0srKmAgdR","18378617","[PREMIUM]","[PREMIUM]","[PREMIUM]","127","Section 127","6",6,"[]","2027-01-05 00:00:00","electronic","exchange",0,"[PREMIUM]","2,3,4,5,6"
"nx0srKmAgkK","2026-09-06 23:58:56.772","2026-09-06 23:58:56.772","nx0srKmAgkK","18378617","[PREMIUM]","[PREMIUM]","[PREMIUM]","115","Section 115","20",7,"[]","2027-01-05 00:00:00","electronic","exchange",0,"[PREMIUM]","2,3,4,5,6,7"
"nx0srKmAgrR","2026-09-06 23:58:56.772","2026-09-06 23:58:56.772","nx0srKmAgrR","18378617","[PREMIUM]","[PREMIUM]","[PREMIUM]","205","Section 205","13",3,"[]","2027-01-05 00:00:00","electronic","exchange",1,"[PREMIUM]","3"
"oV7Hb6edKaA","2026-09-06 23:58:56.772","2026-09-06 23:58:56.772","oV7Hb6edKaA","18378617","[PREMIUM]","[PREMIUM]","[PREMIUM]","211","Section 211","4",4,"[]","2027-01-05 00:00:00","electronic","exchange",1,"[PREMIUM]","2,4"
"oV7Hb6edKmJ","2026-09-06 23:58:56.772","2026-09-06 23:58:56.772","oV7Hb6edKmJ","18378617","[PREMIUM]","[PREMIUM]","[PREMIUM]","121","Section 121","3",3,"[]","2027-01-05 00:00:00","electronic","exchange",0,"[PREMIUM]","3"
"oV7Hb6edKDY","2026-09-06 23:58:56.772","2026-09-06 23:58:56.772","oV7Hb6edKDY","18378617","[PREMIUM]","[PREMIUM]","[PREMIUM]","103","Section 103","9",2,"[]","2027-01-05 00:00:00","electronic","exchange",1,"[PREMIUM]","2"
"oV7Hb6edKYJ","2026-09-06 23:58:56.772","2026-09-06 23:58:56.772","oV7Hb6edKYJ","18378617","[PREMIUM]","[PREMIUM]","[PREMIUM]","106","Section 106","8",5,"[]","2027-01-05 00:00:00","electronic","exchange",1,"[PREMIUM]","2,3,4,5"
"oV7Hb6edK8J","2026-09-06 23:58:56.772","2026-09-06 23:58:56.772","oV7Hb6edK8J","18378617","[PREMIUM]","[PREMIUM]","[PREMIUM]","113","Section 113","22",3,"[]","2027-01-05 00:00:00","electronic","exchange",0,"[PREMIUM]","3"
"oV7Hb6edKmA","2026-09-06 23:58:56.772","2026-09-06 23:58:56.772","oV7Hb6edKmA","18378617","[PREMIUM]","[PREMIUM]","[PREMIUM]","123","Section 123","16",7,"[]","2027-01-05 00:00:00","electronic","exchange",1,"[PREMIUM]","1,2,3,4,5,7"
"oV7Hb6edKqZ","2026-09-06 23:58:56.772","2026-09-06 23:58:56.772","oV7Hb6edKqZ","18378617","[PREMIUM]","[PREMIUM]","[PREMIUM]","216","Section 216","4",9,"[]","2027-01-05 00:00:00","electronic","exchange",1,"[PREMIUM]","2,3,4,5,6,7,8,9"
"oV7Hb6e7NRr","2026-09-06 23:58:56.772","2026-09-06 23:58:56.772","oV7Hb6e7NRr","18378617","[PREMIUM]","[PREMIUM]","[PREMIUM]","217","Section 217","4",5,"[]","2027-01-05 00:00:00","electronic","exchange",1,"[PREMIUM]","1,2,3,5"
"oV7Hb6edKqj","2026-09-06 23:58:56.772","2026-09-06 23:58:56.772","oV7Hb6edKqj","18378617","[PREMIUM]","[PREMIUM]","[PREMIUM]","215","Section 215","3",2,"[]","2027-01-05 00:00:00","electronic","exchange",0,"[PREMIUM]","2"
"oV7Hb6edKbA","2026-09-06 23:58:56.772","2026-09-06 23:58:56.772","oV7Hb6edKbA","18378617","[PREMIUM]","[PREMIUM]","[PREMIUM]","203","Section 203","17",6,"[]","2027-01-05 00:00:00","electronic","exchange",0,"[PREMIUM]","2,3,4,5,6"
"oV7Hb6edKxZ","2026-09-06 23:58:56.772","2026-09-06 23:58:56.772","oV7Hb6edKxZ","18378617","[PREMIUM]","[PREMIUM]","[PREMIUM]","223","Section 223","4",5,"[]","2027-01-05 00:00:00","electronic","exchange",2,"[PREMIUM]","2,3,4,5"
"oV7Hb6edKao","2026-09-06 23:58:56.772","2026-09-06 23:58:56.772","oV7Hb6edKao","18378617","[PREMIUM]","[PREMIUM]","[PREMIUM]","213","Section 213","4",9,"[]","2027-01-05 00:00:00","electronic","exchange",0,"[PREMIUM]","2,3,4,5,6,7,8,9"
"pVXHD7LzMDm","2026-09-06 23:58:56.772","2026-09-06 23:58:56.772","pVXHD7LzMDm","18378617","[PREMIUM]","[PREMIUM]","[PREMIUM]","206","Section 206","13",6,"[]","2027-01-05 00:00:00","electronic","exchange",1,"[PREMIUM]","2,3,4,5,6"
"pVXHD7LzMpm","2026-09-06 23:58:56.772","2026-09-06 23:58:56.772","pVXHD7LzMpm","18378617","[PREMIUM]","[PREMIUM]","[PREMIUM]","128","Section 128","7",2,"[]","2027-01-05 00:00:00","electronic","exchange",1,"[PREMIUM]","2"
"pVXHD7LzMnV","2026-09-06 23:58:56.772","2026-09-06 23:58:56.772","pVXHD7LzMnV","18378617","[PREMIUM]","[PREMIUM]","[PREMIUM]","109","Section 109","10",5,"[]","2027-01-05 00:00:00","electronic","exchange",2,"[PREMIUM]","2,3,4,5"
"pVXHD7LzMkG","2026-09-06 23:58:56.772","2026-09-06 23:58:56.772","pVXHD7LzMkG","18378617","[PREMIUM]","[PREMIUM]","[PREMIUM]","101","Section 101","22",2,"[]","2027-01-05 00:00:00","electronic","exchange",1,"[PREMIUM]","2"
"pVXHD7LzMaV","2026-09-06 23:58:56.772","2026-09-06 23:58:56.772","pVXHD7LzMaV","18378617","[PREMIUM]","[PREMIUM]","[PREMIUM]","116","Section 116","5",4,"[]","2027-01-05 00:00:00","electronic","exchange",0,"[PREMIUM]","2,4"
"pVXHD7LzMV7","2026-09-06 23:58:56.772","2026-09-06 23:58:56.772","pVXHD7LzMV7","18378617","[PREMIUM]","[PREMIUM]","[PREMIUM]","219","Section 219","11",11,"[]","2027-01-05 00:00:00","electronic","exchange",1,"[PREMIUM]","2,3,4,5,6,7,8,9,10,11"
"pVXHD7LzMO7","2026-09-06 23:58:56.772","2026-09-06 23:58:56.772","pVXHD7LzMO7","18378617","[PREMIUM]","[PREMIUM]","[PREMIUM]","227","Section 227","12",2,"[]","2027-01-05 00:00:00","electronic","exchange",0,"[PREMIUM]","2"
"qVjH2mEAavO","2026-09-06 23:58:56.772","2026-09-06 23:58:56.772","qVjH2mEAavO","18378617","[PREMIUM]","[PREMIUM]","[PREMIUM]","226","Section 226","10",4,"[]","2027-01-05 00:00:00","electronic","exchange",0,"[PREMIUM]","2,4"
"qVjH2mEAakO","2026-09-06 23:58:56.772","2026-09-06 23:58:56.772","qVjH2mEAakO","18378617","[PREMIUM]","[PREMIUM]","[PREMIUM]","219","Section 219","1",8,"[]","2027-01-05 00:00:00","electronic","exchange",3,"[PREMIUM]","2,3,4,5,6,7,8"
"qVjH2mEAadY","2026-09-06 23:58:56.772","2026-09-06 23:58:56.772","qVjH2mEAadY","18378617","[PREMIUM]","[PREMIUM]","[PREMIUM]","128","Section 128","4",2,"[]","2027-01-05 00:00:00","electronic","exchange",0,"[PREMIUM]","2"
"qVjH2mEAaba","2026-09-06 23:58:56.772","2026-09-06 23:58:56.772","qVjH2mEAaba","18378617","[PREMIUM]","[PREMIUM]","[PREMIUM]","109","Section 109","8",2,"[]","2027-01-05 00:00:00","electronic","exchange",1,"[PREMIUM]","2"
"qVjH2mEAaYa","2026-09-06 23:58:56.772","2026-09-06 23:58:56.772","qVjH2mEAaYa","18378617","[PREMIUM]","[PREMIUM]","[PREMIUM]","116","Section 116","3",2,"[]","2027-01-05 00:00:00","electronic","exchange",2,"[PREMIUM]","2"
"qVjH2mEAaG5","2026-09-06 23:58:56.772","2026-09-06 23:58:56.772","qVjH2mEAaG5","18378617","[PREMIUM]","[PREMIUM]","[PREMIUM]","101","Section 101","20",2,"[]","2027-01-05 00:00:00","electronic","exchange",0,"[PREMIUM]","2"
"qVjH2mEAa2Y","2026-09-06 23:58:56.772","2026-09-06 23:58:56.772","qVjH2mEAa2Y","18378617","[PREMIUM]","[PREMIUM]","[PREMIUM]","206","Section 206","6",6,"[]","2027-01-05 00:00:00","electronic","exchange",1,"[PREMIUM]","2,3,4,5,6"
"rVOHkpvAJ87","2026-09-06 23:58:56.772","2026-09-06 23:58:56.772","rVOHkpvAJ87","18378617","[PREMIUM]","[PREMIUM]","[PREMIUM]","211","Section 211","7",4,"[]","2027-01-05 00:00:00","electronic","exchange",2,"[PREMIUM]","2,4"
"rVOHkpvAJ47","2026-09-06 23:58:56.772","2026-09-06 23:58:56.772","rVOHkpvAJ47","18378617","[PREMIUM]","[PREMIUM]","[PREMIUM]","124","Section 124","19",6,"[]","2027-01-05 00:00:00","electronic","exchange",1,"[PREMIUM]","2,3,4,5,6"
"rVOHkpvAJMv","2026-09-06 23:58:56.772","2026-09-06 23:58:56.772","rVOHkpvAJMv","18378617","[PREMIUM]","[PREMIUM]","[PREMIUM]","114","Section 114","4",2,"[]","2027-01-05 00:00:00","electronic","exchange",0,"[PREMIUM]","2"
"rVOHkpvAJ8X","2026-09-06 23:58:56.772","2026-09-06 23:58:56.772","rVOHkpvAJ8X","18378617","[PREMIUM]","[PREMIUM]","[PREMIUM]","213","Section 213","13",10,"[]","2027-01-05 00:00:00","electronic","exchange",0,"[PREMIUM]","2,3,4,5,6,7,8,9,10"
"rVOHkpvAJ6q","2026-09-06 23:58:56.772","2026-09-06 23:58:56.772","rVOHkpvAJ6q","18378617","[PREMIUM]","[PREMIUM]","[PREMIUM]","215","Section 215","6",4,"[]","2027-01-05 00:00:00","electronic","exchange",1,"[PREMIUM]","2,4"
"rVOHkpvAJKV","2026-09-06 23:58:56.772","2026-09-06 23:58:56.772","rVOHkpvAJKV","18378617","[PREMIUM]","[PREMIUM]","[PREMIUM]","224","Section 224","1",3,"[]","2027-01-05 00:00:00","electronic","exchange",3,"[PREMIUM]","3"
"rVOHkpvAJX8","2026-09-06 23:58:56.772","2026-09-06 23:58:56.772","rVOHkpvAJX8","18378617","[PREMIUM]","[PREMIUM]","[PREMIUM]","104","Section 104","7",8,"[]","2027-01-05 00:00:00","electronic","exchange",1,"[PREMIUM]","2,3,4,5,6,7,8"
"rVOHkpvAJaV","2026-09-06 23:58:56.772","2026-09-06 23:58:56.772","rVOHkpvAJaV","18378617","[PREMIUM]","[PREMIUM]","[PREMIUM]","216","Section 216","12",5,"[]","2027-01-05 00:00:00","electronic","exchange",0,"[PREMIUM]","2,3,4,5"
"rVOHkpvAJk7","2026-09-06 23:58:56.772","2026-09-06 23:58:56.772","rVOHkpvAJk7","18378617","[PREMIUM]","[PREMIUM]","[PREMIUM]","204","Section 204","5",2,"[]","2027-01-05 00:00:00","electronic","exchange",1,"[PREMIUM]","2"
"rVOHkpvAJ4v","2026-09-06 23:58:56.772","2026-09-06 23:58:56.772","rVOHkpvAJ4v","18378617","[PREMIUM]","[PREMIUM]","[PREMIUM]","121","Section 121","11",6,"[]","2027-01-05 00:00:00","electronic","exchange",0,"[PREMIUM]","2,3,4,5,6"
"rVOHkpvAJlv","2026-09-06 23:58:56.772","2026-09-06 23:58:56.772","rVOHkpvAJlv","18378617","[PREMIUM]","[PREMIUM]","[PREMIUM]","106","Section 106","24",4,"[]","2027-01-05 00:00:00","electronic","exchange",0,"[PREMIUM]","2,4"
"vb3iPwZjAY5","2026-09-06 23:58:56.772","2026-09-06 23:58:56.772","vb3iPwZjAY5","18378617","[PREMIUM]","[PREMIUM]","[PREMIUM]","210","Section 210","4",2,"[]","2027-01-05 00:00:00","electronic","exchange",5,"[PREMIUM]","2"
"vb3iPwZjAdk","2026-09-06 23:58:56.772","2026-09-06 23:58:56.772","vb3iPwZjAdk","18378617","[PREMIUM]","[PREMIUM]","[PREMIUM]","222","Section 222","10",8,"[]","2027-01-05 00:00:00","electronic","exchange",1,"[PREMIUM]","2,3,4,5,6,7,8"
"vb3iPwZjAE0","2026-09-06 23:58:56.772","2026-09-06 23:58:56.772","vb3iPwZjAE0","18378617","[PREMIUM]","[PREMIUM]","[PREMIUM]","117","Section 117","23",3,"[]","2027-01-05 00:00:00","electronic","exchange",1,"[PREMIUM]","3"
"vb3iPwZjAK0","2026-09-06 23:58:56.772","2026-09-06 23:58:56.772","vb3iPwZjAK0","18378617","[PREMIUM]","[PREMIUM]","[PREMIUM]","112","Section 112","9",4,"[]","2027-01-05 00:00:00","electronic","exchange",1,"[PREMIUM]","2,4"
"vb3iPwZjA7v","2026-09-06 23:58:56.772","2026-09-06 23:58:56.772","vb3iPwZjA7v","18378617","[PREMIUM]","[PREMIUM]","[PREMIUM]","102","Section 102","19",3,"[]","2027-01-05 00:00:00","electronic","exchange",1,"[PREMIUM]","3"
"vb3iPwZjAP5","2026-09-06 23:58:56.772","2026-09-06 23:58:56.772","vb3iPwZjAP5","18378617","[PREMIUM]","[PREMIUM]","[PREMIUM]","202","Section 202","8",7,"[]","2027-01-05 00:00:00","electronic","exchange",1,"[PREMIUM]","2,3,4,5,6,7"
"w3Jse8vO4oz","2026-09-06 23:58:56.772","2026-09-06 23:58:56.772","w3Jse8vO4oz","18378617","[PREMIUM]","[PREMIUM]","[PREMIUM]","121","Section 121","4",2,"[]","2027-01-05 00:00:00","electronic","exchange",1,"[PREMIUM]","2"
"w3Jse8vO4Xz","2026-09-06 23:58:56.772","2026-09-06 23:58:56.772","w3Jse8vO4Xz","18378617","[PREMIUM]","[PREMIUM]","[PREMIUM]","113","Section 113","22",2,"[]","2027-01-05 00:00:00","electronic","exchange",0,"[PREMIUM]","2"
"w3Jse8vO4Lw","2026-09-06 23:58:56.772","2026-09-06 23:58:56.772","w3Jse8vO4Lw","18378617","[PREMIUM]","[PREMIUM]","[PREMIUM]","215","Section 215","5",2,"[]","2027-01-05 00:00:00","electronic","exchange",1,"[PREMIUM]","2"
"w3Jse8vO4LD","2026-09-06 23:58:56.772","2026-09-06 23:58:56.772","w3Jse8vO4LD","18378617","[PREMIUM]","[PREMIUM]","[PREMIUM]","216","Section 216","6",12,"[]","2027-01-05 00:00:00","electronic","exchange",0,"[PREMIUM]","2,3,4,5,6,7,8,9,10,11,12"
"w3Jse8vO4o8","2026-09-06 23:58:56.772","2026-09-06 23:58:56.772","w3Jse8vO4o8","18378617","[PREMIUM]","[PREMIUM]","[PREMIUM]","124","Section 124","5",6,"[]","2027-01-05 00:00:00","electronic","exchange",1,"[PREMIUM]","2,3,4,5,6"
"w3Jse8vO4q8","2026-09-06 23:58:56.772","2026-09-06 23:58:56.772","w3Jse8vO4q8","18378617","[PREMIUM]","[PREMIUM]","[PREMIUM]","211","Section 211","5",4,"[]","2027-01-05 00:00:00","electronic","exchange",1,"[PREMIUM]","2,4"
"w3Jse8vO4e8","2026-09-06 23:58:56.772","2026-09-06 23:58:56.772","w3Jse8vO4e8","18378617","[PREMIUM]","[PREMIUM]","[PREMIUM]","203","Section 203","17",10,"[]","2027-01-05 00:00:00","electronic","exchange",0,"[PREMIUM]","1,2,3,4,5,6,7,8,10"
"w3Jse8vO42X","2026-09-06 23:58:56.772","2026-09-06 23:58:56.772","w3Jse8vO42X","18378617","[PREMIUM]","[PREMIUM]","[PREMIUM]","103","Section 103","23",4,"[]","2027-01-05 00:00:00","electronic","exchange",0,"[PREMIUM]","2,4"
"w3Jse8v058r","2026-09-06 23:58:56.772","2026-09-06 23:58:56.772","w3Jse8v058r","18378617","[PREMIUM]","[PREMIUM]","[PREMIUM]","217","Section 217","4",5,"[]","2027-01-05 00:00:00","electronic","exchange",1,"[PREMIUM]","1,2,3,5"
"w3Jse8vO4xD","2026-09-06 23:58:56.772","2026-09-06 23:58:56.772","w3Jse8vO4xD","18378617","[PREMIUM]","[PREMIUM]","[PREMIUM]","223","Section 223","11",9,"[]","2027-01-05 00:00:00","electronic","exchange",1,"[PREMIUM]","2,3,4,5,6,7,8,9"
"w3Jse8vO4Az","2026-09-06 23:58:56.772","2026-09-06 23:58:56.772","w3Jse8vO4Az","18378617","[PREMIUM]","[PREMIUM]","[PREMIUM]","106","Section 106","14",6,"[]","2027-01-05 00:00:00","electronic","exchange",3,"[PREMIUM]","2,4,6"
"xb9imlgvrmD","2026-09-06 23:58:56.772","2026-09-06 23:58:56.772","xb9imlgvrmD","18378617","[PREMIUM]","[PREMIUM]","[PREMIUM]","206","Section 206","14",6,"[]","2027-01-05 00:00:00","electronic","exchange",1,"[PREMIUM]","2,4,6"
"xb9imlgvrkp","2026-09-06 23:58:56.772","2026-09-06 23:58:56.772","xb9imlgvrkp","18378617","[PREMIUM]","[PREMIUM]","[PREMIUM]","109","Section 109","18",3,"[]","2027-01-05 00:00:00","electronic","exchange",0,"[PREMIUM]","3"
"xb9imlgvrRD","2026-09-06 23:58:56.772","2026-09-06 23:58:56.772","xb9imlgvrRD","18378617","[PREMIUM]","[PREMIUM]","[PREMIUM]","128","Section 128","19",7,"[]","2027-01-05 00:00:00","electronic","exchange",2,"[PREMIUM]","2,3,4,5,6,7"
"xb9imlgvrOZ","2026-09-06 23:58:56.772","2026-09-06 23:58:56.772","xb9imlgvrOZ","18378617","[PREMIUM]","[PREMIUM]","[PREMIUM]","219","Section 219","13",4,"[]","2027-01-05 00:00:00","electronic","exchange",1,"[PREMIUM]","2,4"
"xb9imlgvr8Z","2026-09-06 23:58:56.772","2026-09-06 23:58:56.772","xb9imlgvr8Z","18378617","[PREMIUM]","[PREMIUM]","[PREMIUM]","227","Section 227","16",12,"[]","2027-01-05 00:00:00","electronic","exchange",0,"[PREMIUM]","2,3,4,5,6,7,8,9,10,11,12"
"xb9imlgvr46","2026-09-06 23:58:56.772","2026-09-06 23:58:56.772","xb9imlgvr46","18378617","[PREMIUM]","[PREMIUM]","[PREMIUM]","101","Section 101","25",2,"[]","2027-01-05 00:00:00","electronic","exchange",1,"[PREMIUM]","2"
"xb9imlgvr3p","2026-09-06 23:58:56.772","2026-09-06 23:58:56.772","xb9imlgvr3p","18378617","[PREMIUM]","[PREMIUM]","[PREMIUM]","116","Section 116","6",10,"[]","2027-01-05 00:00:00","electronic","exchange",0,"[PREMIUM]","2,3,4,5,6,7,8,9,10"
"z3Es6vM2Pdz","2026-09-06 23:58:56.772","2026-09-06 23:58:56.772","z3Es6vM2Pdz","18378617","[PREMIUM]","[PREMIUM]","[PREMIUM]","120","Section 120","4",8,"[]","2027-01-05 00:00:00","electronic","exchange",1,"[PREMIUM]","2,3,4,5,6,7,8"
"z3Es6vM2Pax","2026-09-06 23:58:56.772","2026-09-06 23:58:56.772","z3Es6vM2Pax","18378617","[PREMIUM]","[PREMIUM]","[PREMIUM]","102","Section 102","19",6,"[]","2027-01-05 00:00:00","electronic","exchange",1,"[PREMIUM]","2,3,4,5,6"
"z3Es6vM2PDp","2026-09-06 23:58:56.772","2026-09-06 23:58:56.772","z3Es6vM2PDp","18378617","[PREMIUM]","[PREMIUM]","[PREMIUM]","210","Section 210","4",2,"[]","2027-01-05 00:00:00","electronic","exchange",1,"[PREMIUM]","2"
"z3Es6vM2P9z","2026-09-06 23:58:56.772","2026-09-06 23:58:56.772","z3Es6vM2P9z","18378617","[PREMIUM]","[PREMIUM]","[PREMIUM]","112","Section 112","9",2,"[]","2027-01-05 00:00:00","electronic","exchange",1,"[PREMIUM]","2"
"z3Es6vM2P8a","2026-09-06 23:58:56.772","2026-09-06 23:58:56.772","z3Es6vM2P8a","18378617","[PREMIUM]","[PREMIUM]","[PREMIUM]","222","Section 222","11",2,"[]","2027-01-05 00:00:00","electronic","exchange",1,"[PREMIUM]","2"
"z3Es6vM2P6p","2026-09-06 23:58:56.772","2026-09-06 23:58:56.772","z3Es6vM2P6p","18378617","[PREMIUM]","[PREMIUM]","[PREMIUM]","202","Section 202","12",6,"[]","2027-01-05 00:00:00","electronic","exchange",0,"[PREMIUM]","2,3,4,5,6"
"9P2c5Mk0deR","2026-09-06 23:58:49.372","2026-09-18 22:47:45.717","9P2c5Mk0deR","18376901","[PREMIUM]","[PREMIUM]","[PREMIUM]","442","Section 442","k",4,"[]","2027-01-03 00:00:00","electronic","exchange",1,"[PREMIUM]","4"
"agktlMY0ndr","2026-09-06 23:58:49.372","2026-09-13 04:01:14.524","agktlMY0ndr","18376901","[PREMIUM]","[PREMIUM]","[PREMIUM]","408","Section 408","a",2,"[]","2027-01-03 00:00:00","electronic","exchange",2,"[PREMIUM]","2"
"z3Es6vMJ8d8","2026-09-06 23:58:49.372","2026-09-13 04:01:14.524","z3Es6vMJ8d8","18376901","[PREMIUM]","[PREMIUM]","[PREMIUM]","403","Section 403","a",2,"[]","2027-01-03 00:00:00","electronic","exchange",5,"[PREMIUM]","2"
"6mOhkowaaaZ","2026-09-06 23:58:40.530","2026-09-06 23:58:40.530","6mOhkowaaaZ","18378777","[PREMIUM]","[PREMIUM]","[PREMIUM]","225","Section 225","g",2,"['2001','2002']","2027-01-02 00:00:00","electronic","exchange",2,"[PREMIUM]","1,2"
"9P2c5MKNNNe","2026-09-06 23:58:40.530","2026-09-06 23:58:40.530","9P2c5MKNNNe","18378777","[PREMIUM]","[PREMIUM]","[PREMIUM]","225","Section 225","g",1,"['1001']","2027-01-02 00:00:00","electronic","exchange",2,"[PREMIUM]","1"
"BALImM9r57P","2026-09-06 23:58:40.530","2026-09-06 23:58:40.530","BALImM9r57P","18378777","[PREMIUM]","[PREMIUM]","[PREMIUM]","2","Section 2","z",2,"['2001','2002']","2027-01-02 00:00:00","electronic","exchange",3,"[PREMIUM]","1,2"
"LbviL8zb8Ao","2026-09-06 23:58:40.530","2026-09-19 22:50:02.440","LbviL8zb8Ao","18378777","[PREMIUM]","[PREMIUM]","[PREMIUM]","19","Section 19","j",2,"['10','11']","2026-09-05 00:00:00","electronic","exchange",0,"[PREMIUM]","2"
"MAeIP3NRmEw","2026-09-06 23:58:40.530","2026-09-06 23:58:40.530","MAeIP3NRmEw","18378777","[PREMIUM]","[PREMIUM]","[PREMIUM]","2","Section 2","z",1,"['1001']","2027-01-02 00:00:00","electronic","exchange",3,"[PREMIUM]","1"
"PX0sgqav7Db","2026-09-06 23:58:40.530","2026-09-19 22:50:02.440","PX0sgqav7Db","18378777","[PREMIUM]","[PREMIUM]","[PREMIUM]","19","Section 19","j",2,"[]","2026-09-19 00:00:00","electronic","exchange",0,"[PREMIUM]","2"
"b4wUaorYgvv","2026-09-06 23:58:40.530","2026-09-11 16:35:02.419","b4wUaorYgvv","18378777","[PREMIUM]","[PREMIUM]","[PREMIUM]","226","Section 226","c",2,"[]","2027-01-01 00:00:00","electronic","exchange",0,"[PREMIUM]","2"
"kYet9mqXXXe","2026-09-06 23:58:40.530","2026-09-10 13:54:52.861","kYet9mqXXXe","18378777","[PREMIUM]","[PREMIUM]","[PREMIUM]","19","Section 19","u",1,"['1001']","2027-01-02 00:00:00","electronic","exchange",3,"[PREMIUM]","1"
"lxVsdRNrrna","2026-09-06 23:58:40.530","2026-09-06 23:58:40.530","lxVsdRNrrna","18378777","[PREMIUM]","[PREMIUM]","[PREMIUM]","3","Section 3","v",1,"['1001']","2027-01-02 00:00:00","electronic","exchange",1,"[PREMIUM]","1"
"qVjH2mNEgzl","2026-09-06 23:58:40.530","2026-09-11 16:35:02.419","qVjH2mNEgzl","18378777","[PREMIUM]","[PREMIUM]","[PREMIUM]","1","Section 1","f",2,"[]","2027-01-01 00:00:00","electronic","exchange",0,"[PREMIUM]","2"
"rVOHkpNYYVk","2026-09-06 23:58:40.530","2026-09-06 23:58:40.530","rVOHkpNYYVk","18378777","[PREMIUM]","[PREMIUM]","[PREMIUM]","3","Section 3","v",2,"['2001','2002']","2027-01-02 00:00:00","electronic","exchange",1,"[PREMIUM]","1,2"
"vb3iPwN3OGe","2026-09-06 23:58:40.530","2026-09-06 23:58:40.530","vb3iPwN3OGe","18378777","[PREMIUM]","[PREMIUM]","[PREMIUM]","9","Section 9","u",2,"['2001','2002']","2027-01-02 00:00:00","electronic","exchange",1,"[PREMIUM]","1,2"
"z3Es6vNeOZV","2026-09-06 23:58:40.530","2026-09-06 23:58:40.530","z3Es6vNeOZV","18378777","[PREMIUM]","[PREMIUM]","[PREMIUM]","9","Section 9","u",1,"['1001']","2027-01-02 00:00:00","electronic","exchange",1,"[PREMIUM]","1"
"2v0czqeraxw","2026-09-06 23:57:10.603","2026-09-11 16:41:54.562","2v0czqeraxw","18377962","[PREMIUM]","[PREMIUM]","[PREMIUM]","313","Section 313","g",2,"['10','11']","2027-01-01 00:00:00","electronic","exchange",0,"[PREMIUM]","2"
"kYet9mqVMeg","2026-09-06 23:57:10.603","2026-09-08 00:19:16.539","kYet9mqVMeg","18377962","[PREMIUM]","[PREMIUM]","[PREMIUM]","312","Section 312","h",2,"['23','24']","2026-12-30 00:00:00","electronic","exchange",2,"[PREMIUM]","2"
"oV7Hb6NeeL7","2026-09-06 23:57:10.603","2026-09-19 22:50:12.182","oV7Hb6NeeL7","18377962","[PREMIUM]","[PREMIUM]","[PREMIUM]","207","Section 207","c",2,"['9','10']","2026-12-30 00:00:00","electronic","exchange",1,"[PREMIUM]","2"
"rVOHkpNPrPz","2026-09-06 23:57:10.603","2026-09-19 22:50:12.182","rVOHkpNPrPz","18377962","[PREMIUM]","[PREMIUM]","[PREMIUM]","305","Section 305","dd",2,"['1','2']","2026-12-30 00:00:00","electronic","exchange",4,"[PREMIUM]","2"
"4vXcjRx0YKl","2026-09-06 23:56:49.824","2026-09-11 16:40:58.019","4vXcjRx0YKl","18377965","[PREMIUM]","[PREMIUM]","[PREMIUM]","313","Section 313","g",2,"['10','11']","2027-01-03 00:00:00","electronic","exchange",0,"[PREMIUM]","2"
"7KntAgZbLap","2026-09-06 23:56:49.824","2026-09-19 22:51:03.781","7KntAgZbLap","18377965","[PREMIUM]","[PREMIUM]","[PREMIUM]","302","Section 302","e",2,"['7','8']","2027-01-01 00:00:00","electronic","exchange",4,"[PREMIUM]","2"
"GAaI60Ybbrv","2026-09-06 23:56:49.824","2026-09-09 00:33:47.663","GAaI60Ybbrv","18377965","[PREMIUM]","[PREMIUM]","[PREMIUM]","314","Section 314","j",4,"[]","2027-01-03 00:00:00","electronic","exchange",0,"[PREMIUM]","1,2,3,4"
"KezczqYZGMb","2026-09-06 23:56:49.824","2026-09-13 04:01:32.248","KezczqYZGMb","18377965","[PREMIUM]","[PREMIUM]","[PREMIUM]","326","Section 326","f",2,"[]","2027-01-03 00:00:00","electronic","exchange",4,"[PREMIUM]","2"
"V4KU04x65NX","2026-09-06 23:56:49.824","2026-09-19 22:51:03.781","V4KU04x65NX","18377965","[PREMIUM]","[PREMIUM]","[PREMIUM]","106","Section 106","m",2,"[]","2027-01-02 00:00:00","electronic","exchange",2,"[PREMIUM]","2"
"jDvszkD4JEL","2026-09-06 23:56:49.824","2026-09-19 22:51:03.781","jDvszkD4JEL","18377965","[PREMIUM]","[PREMIUM]","[PREMIUM]","326","Section 326","f",2,"['9','10']","2027-01-01 00:00:00","electronic","exchange",3,"[PREMIUM]","2"
"lxVsdRN5xp8","2026-09-06 23:56:49.824","2026-09-19 22:51:03.781","lxVsdRN5xp8","18377965","[PREMIUM]","[PREMIUM]","[PREMIUM]","302","Section 302","dd",2,"['1','2']","2027-01-01 00:00:00","electronic","exchange",3,"[PREMIUM]","2"
"05VT8lO94JO","2026-09-06 23:56:34.537","2026-09-19 22:51:23.514","05VT8lO94JO","18378124","[PREMIUM]","[PREMIUM]","[PREMIUM]","322","Section 322","d",2,"[]","2027-01-04 00:00:00","electronic","exchange",2,"[PREMIUM]","1,2"
"Zm9hvJY26lP","2026-09-06 23:56:34.537","2026-09-08 00:19:59.845","Zm9hvJY26lP","18378124","[PREMIUM]","[PREMIUM]","[PREMIUM]","104","Section 104","k",6,"[]","2027-01-04 00:00:00","electronic","exchange",4,"[PREMIUM]","1,2,3,4,5,6"
"Zm9hvJYzMNK","2026-09-06 23:56:34.537","2026-09-19 22:51:23.514","Zm9hvJYzMNK","18378124","[PREMIUM]","[PREMIUM]","[PREMIUM]","328","Section 328","h",4,"[]","2027-01-04 00:00:00","electronic","exchange",2,"[PREMIUM]","1,2,3,4"
"xb9imlgO9nP","2026-09-06 23:56:34.537","2026-09-17 23:21:57.889","xb9imlgO9nP","18378124","[PREMIUM]","[PREMIUM]","[PREMIUM]","332","Section 332","q",2,"[]","2027-01-04 00:00:00","electronic","exchange",2,"[PREMIUM]","2"
"05VT8lOXZbM","2026-09-06 23:56:31.564","2026-09-06 23:56:31.564","05VT8lOXZbM","18378860","[PREMIUM]","[PREMIUM]","[PREMIUM]","424","Section 424","q",6,"[]","2027-01-03 00:00:00","electronic","exchange",3,"[PREMIUM]","1,2,4,6"
"3q7fNLo292P","2026-09-06 23:56:31.564","2026-09-06 23:56:31.564","3q7fNLo292P","18378860","[PREMIUM]","[PREMIUM]","[PREMIUM]","112","Section 112","p",6,"[]","2027-01-03 00:00:00","electronic","exchange",5,"[PREMIUM]","1,2,4,6"
"4vXcjRxnokk","2026-09-06 23:56:31.564","2026-09-19 22:51:16.441","4vXcjRxnokk","18378860","[PREMIUM]","[PREMIUM]","[PREMIUM]","120","Section 120","t",4,"['10','11','12','13']","2027-01-01 00:00:00","electronic","exchange",5,"[PREMIUM]","2,4"
"6mOhkojwqVq","2026-09-06 23:56:31.564","2026-09-06 23:56:31.564","6mOhkojwqVq","18378860","[PREMIUM]","[PREMIUM]","[PREMIUM]","406","Section 406","n",5,"[]","2027-01-03 00:00:00","electronic","exchange",3,"[PREMIUM]","1,3,5"
"9P2c5MzK3Kv","2026-09-06 23:56:31.564","2026-09-06 23:56:31.564","9P2c5MzK3Kv","18378860","[PREMIUM]","[PREMIUM]","[PREMIUM]","429","Section 429","k",4,"[]","2027-01-03 00:00:00","electronic","exchange",3,"[PREMIUM]","2,4"
"BALImMLDGw2","2026-09-06 23:56:31.564","2026-09-19 22:51:16.441","BALImMLDGw2","18378860","[PREMIUM]","[PREMIUM]","[PREMIUM]","430","Section 430","p",4,"[]","2027-01-03 00:00:00","electronic","exchange",0,"[PREMIUM]","2,4"
"DdwHkM0AJla","2026-09-06 23:56:31.564","2026-09-06 23:56:31.564","DdwHkM0AJla","18378860","[PREMIUM]","[PREMIUM]","[PREMIUM]","411","Section 411","m",8,"[]","2027-01-03 00:00:00","electronic","exchange",3,"[PREMIUM]","1,2,3,4,6,8"
"EroUXgYK4DP","2026-09-06 23:56:31.564","2026-09-19 22:51:16.441","EroUXgYK4DP","18378860","[PREMIUM]","[PREMIUM]","[PREMIUM]","113","Section 113","d",2,"[]","2027-01-02 00:00:00","electronic","exchange",2,"[PREMIUM]","2"
"EroUXgYo5da","2026-09-06 23:56:31.564","2026-09-06 23:56:31.564","EroUXgYo5da","18378860","[PREMIUM]","[PREMIUM]","[PREMIUM]","400","Section 400","p",8,"[]","2027-01-03 00:00:00","electronic","exchange",4,"[PREMIUM]","1,2,3,4,6,8"
"JABI3ENYeYo","2026-09-06 23:56:31.564","2026-09-19 22:51:16.441","JABI3ENYeYo","18378860","[PREMIUM]","[PREMIUM]","[PREMIUM]","411","Section 411","c",2,"['11','12']","2027-01-01 00:00:00","electronic","exchange",4,"[PREMIUM]","2"
"KezczqYeGkN","2026-09-06 23:56:31.564","2026-09-06 23:56:31.564","KezczqYeGkN","18378860","[PREMIUM]","[PREMIUM]","[PREMIUM]","216","Section 216","d",8,"[]","2027-01-03 00:00:00","electronic","exchange",5,"[PREMIUM]","1,2,3,4,6,8"
"LbviL8YzBGe","2026-09-06 23:56:31.564","2026-09-06 23:56:31.564","LbviL8YzBGe","18378860","[PREMIUM]","[PREMIUM]","[PREMIUM]","418","Section 418","m",8,"[]","2027-01-03 00:00:00","electronic","exchange",4,"[PREMIUM]","1,2,3,4,6,8"
"LbviL8zYn90","2026-09-06 23:56:31.564","2026-09-11 16:48:02.406","LbviL8zYn90","18378860","[PREMIUM]","[PREMIUM]","[PREMIUM]","431","Section 431","k",4,"['5','6','7','8']","2027-01-03 00:00:00","electronic","exchange",1,"[PREMIUM]","2,4"
"MAeIP3YNDM5","2026-09-06 23:56:31.564","2026-09-06 23:56:31.564","MAeIP3YNDM5","18378860","[PREMIUM]","[PREMIUM]","[PREMIUM]","428","Section 428","q",4,"[]","2027-01-03 00:00:00","electronic","exchange",3,"[PREMIUM]","2,4"
"NrqUv6Yo8xJ","2026-09-06 23:56:31.564","2026-09-06 23:56:31.564","NrqUv6Yo8xJ","18378860","[PREMIUM]","[PREMIUM]","[PREMIUM]","421","Section 421","l",4,"[]","2027-01-03 00:00:00","electronic","exchange",2,"[PREMIUM]","2,4"
"b4wUaoYrMxM","2026-09-06 23:56:31.564","2026-09-06 23:56:31.564","b4wUaoYrMxM","18378860","[PREMIUM]","[PREMIUM]","[PREMIUM]","412","Section 412","g",3,"[]","2027-01-03 00:00:00","electronic","exchange",2,"[PREMIUM]","1,3"
"mxAs4xlNkbg","2026-09-06 23:56:31.564","2026-09-06 23:56:31.564","mxAs4xlNkbg","18378860","[PREMIUM]","[PREMIUM]","[PREMIUM]","211","Section 211","d",3,"[]","2027-01-03 00:00:00","electronic","exchange",5,"[PREMIUM]","1,3"
"oV7Hb6eNjEo","2026-09-06 23:56:31.564","2026-09-06 23:56:31.564","oV7Hb6eNjEo","18378860","[PREMIUM]","[PREMIUM]","[PREMIUM]","217","Section 217","k",2,"[]","2027-01-03 00:00:00","electronic","exchange",5,"[PREMIUM]","2"
"pVXHD7LNV0n","2026-09-06 23:56:31.564","2026-09-06 23:56:31.564","pVXHD7LNV0n","18378860","[PREMIUM]","[PREMIUM]","[PREMIUM]","118","Section 118","w",7,"[]","2027-01-03 00:00:00","electronic","exchange",5,"[PREMIUM]","1,2,3,5,7"
"vb3iPwZNmm0","2026-09-06 23:56:31.564","2026-09-06 23:56:31.564","vb3iPwZNmm0","18378860","[PREMIUM]","[PREMIUM]","[PREMIUM]","228","Section 228","f",2,"[]","2027-01-03 00:00:00","electronic","exchange",4,"[PREMIUM]","2"
"w3Jse8NvnBx","2026-09-06 23:56:31.564","2026-09-11 16:48:02.406","w3Jse8NvnBx","18378860","[PREMIUM]","[PREMIUM]","[PREMIUM]","114","Section 114","d",2,"['5','6']","2027-01-03 00:00:00","electronic","exchange",0,"[PREMIUM]","2"
"2v0czqrGd4D","2026-09-06 23:56:03.191","2026-09-13 04:00:46.778","2v0czqrGd4D","18376978","[PREMIUM]","[PREMIUM]","[PREMIUM]","109","Section 109","18",2,"[]","2027-01-03 00:00:00","electronic","exchange",2,"[PREMIUM]","2"
"5EjuZwdj32M","2026-09-06 23:56:03.191","2026-09-19 22:51:20.956","5EjuZwdj32M","18376978","[PREMIUM]","[PREMIUM]","[PREMIUM]","306","Section 306","7",2,"[]","2027-01-03 00:00:00","electronic","exchange",0,"[PREMIUM]","2"
"GAaI60Ybrmz","2026-09-06 23:56:03.191","2026-09-19 22:51:20.956","GAaI60Ybrmz","18376978","[PREMIUM]","[PREMIUM]","[PREMIUM]","312","Section 312","3",4,"[]","2027-01-03 00:00:00","electronic","exchange",0,"[PREMIUM]","2,4"
"NrqUv6YmZGD","2026-09-06 23:56:03.191","2026-09-08 00:19:58.512","NrqUv6YmZGD","18376978","[PREMIUM]","[PREMIUM]","[PREMIUM]","209","Section 209","6",2,"['9','10']","2027-01-01 00:00:00","electronic","exchange",0,"[PREMIUM]","2"
"PX0sgqY75en","2026-09-06 23:56:03.191","2026-09-19 22:51:20.956","PX0sgqY75en","18376978","[PREMIUM]","[PREMIUM]","[PREMIUM]","300","Section 300","13",4,"[]","2027-01-03 00:00:00","electronic","exchange",0,"[PREMIUM]","2,4"
"ROXHz29bRRb","2026-09-06 23:56:03.191","2026-09-19 22:51:20.956","ROXHz29bRRb","18376978","[PREMIUM]","[PREMIUM]","[PREMIUM]","109","Section 109","23",2,"['7','8']","2027-01-01 00:00:00","electronic","exchange",4,"[PREMIUM]","2"
"V4KU04xevR0","2026-09-06 23:56:03.191","2026-09-19 22:51:20.956","V4KU04xevR0","18376978","[PREMIUM]","[PREMIUM]","[PREMIUM]","301","Section 301","13",4,"[]","2027-01-03 00:00:00","electronic","exchange",0,"[PREMIUM]","2,4"
"X03tKlYwXXK","2026-09-06 23:56:03.191","2026-09-08 00:19:58.512","X03tKlYwXXK","18376978","[PREMIUM]","[PREMIUM]","[PREMIUM]","209","Section 209","6",2,"[]","2027-01-03 00:00:00","electronic","exchange",5,"[PREMIUM]","2"
"Zm9hvJ8YogR","2026-09-06 23:56:03.191","2026-09-11 16:45:28.483","Zm9hvJ8YogR","18376978","[PREMIUM]","[PREMIUM]","[PREMIUM]","119","Section 119","8",2,"['8','9']","2027-01-03 00:00:00","electronic","exchange",0,"[PREMIUM]","2"
"dNgUgpYxmOK","2026-09-06 23:56:03.191","2026-09-19 22:51:20.956","dNgUgpYxmOK","18376978","[PREMIUM]","[PREMIUM]","[PREMIUM]","304","Section 304","13",4,"[]","2027-01-03 00:00:00","electronic","exchange",0,"[PREMIUM]","2,4"
"mxAs4xlApJJ","2026-09-06 23:56:03.191","2026-09-19 22:51:20.956","mxAs4xlApJJ","18376978","[PREMIUM]","[PREMIUM]","[PREMIUM]","122","Section 122","19",4,"[]","2027-01-03 00:00:00","electronic","exchange",0,"[PREMIUM]","2,4"
"vb3iPwZg04R","2026-09-06 23:56:03.191","2026-09-19 22:51:20.956","vb3iPwZg04R","18376978","[PREMIUM]","[PREMIUM]","[PREMIUM]","303","Section 303","13",4,"[]","2027-01-03 00:00:00","electronic","exchange",0,"[PREMIUM]","2,4"
"05VT8lODwg9","2026-09-06 23:55:59.813","2026-09-19 22:54:12.878","05VT8lODwg9","18376729","[PREMIUM]","[PREMIUM]","[PREMIUM]","116","Section 116","16",9,"[]","2027-01-01 00:00:00","electronic","exchange",1,"[PREMIUM]","1,2,3,4,5,6,7,9"
"A6rs2KvrogX","2026-09-06 23:55:59.813","2026-09-19 22:54:12.878","A6rs2KvrogX","18376729","[PREMIUM]","[PREMIUM]","[PREMIUM]","116","Section 116","18",4,"[]","2027-01-01 00:00:00","electronic","exchange",1,"[PREMIUM]","1,2,4"
"GAaI60YbdXJ","2026-09-06 23:55:59.813","2026-09-19 22:54:12.878","GAaI60YbdXJ","18376729","[PREMIUM]","[PREMIUM]","[PREMIUM]","116","Section 116","11",7,"[]","2027-01-01 00:00:00","electronic","exchange",1,"[PREMIUM]","1,2,3,4,5,7"
"KezczqeYOVz","2026-09-06 23:55:59.813","2026-09-11 16:30:53.880","KezczqeYOVz","18376729","[PREMIUM]","[PREMIUM]","[PREMIUM]","107","Section 107","3",2,"[]","2027-01-01 00:00:00","electronic","exchange",1,"[PREMIUM]","2"
"O7AhwKY7Nov","2026-09-06 23:55:59.813","2026-09-19 22:54:12.878","O7AhwKY7Nov","18376729","[PREMIUM]","[PREMIUM]","[PREMIUM]","304","Section 304","12",13,"[]","2027-01-01 00:00:00","electronic","exchange",2,"[PREMIUM]","1,2,3,4,5,6,7,8,9,10,11,13"
"X03tKlYbMLz","2026-09-06 23:55:59.813","2026-09-19 22:54:12.878","X03tKlYbMLz","18376729","[PREMIUM]","[PREMIUM]","[PREMIUM]","313","Section 313","9",2,"[]","2027-01-01 00:00:00","electronic","exchange",2,"[PREMIUM]","2"
"agktlMYxR7M","2026-09-06 23:55:59.813","2026-09-19 22:54:12.878","agktlMYxR7M","18376729","[PREMIUM]","[PREMIUM]","[PREMIUM]","119","Section 119","6",7,"[]","2027-01-01 00:00:00","electronic","exchange",1,"[PREMIUM]","1,2,3,4,5,7"
"dNgUgpYBxoX","2026-09-06 23:55:59.813","2026-09-19 22:54:12.878","dNgUgpYBxoX","18376729","[PREMIUM]","[PREMIUM]","[PREMIUM]","218","Section 218","1",2,"['3','4']","2026-12-28 00:00:00","electronic","exchange",0,"[PREMIUM]","2"
"g48Ur6wO2vo","2026-09-06 23:55:59.813","2026-09-19 22:54:12.878","g48Ur6wO2vo","18376729","[PREMIUM]","[PREMIUM]","[PREMIUM]","119","Section 119","8",4,"[]","2027-01-01 00:00:00","electronic","exchange",1,"[PREMIUM]","1,2,4"
"kYet9m3OJqY","2026-09-06 23:55:59.813","2026-09-19 22:54:12.878","kYet9m3OJqY","18376729","[PREMIUM]","[PREMIUM]","[PREMIUM]","117","Section 117","4",4,"['5','6','7','8']","2026-12-28 00:00:00","electronic","exchange",0,"[PREMIUM]","2,4"
"lxVsdR0Z9w4","2026-09-06 23:55:59.813","2026-09-19 22:54:12.878","lxVsdR0Z9w4","18376729","[PREMIUM]","[PREMIUM]","[PREMIUM]","116","Section 116","3",4,"['7','8','9','10']","2026-12-28 00:00:00","electronic","exchange",0,"[PREMIUM]","2,4"
"lxVsdRN078k","2026-09-06 23:55:59.813","2026-09-11 16:30:53.880","lxVsdRN078k","18376729","[PREMIUM]","[PREMIUM]","[PREMIUM]","103","Section 103","7",2,"[]","2027-01-01 00:00:00","electronic","exchange",0,"[PREMIUM]","2"
"rVOHkpNvbPB","2026-09-06 23:55:59.813","2026-09-11 16:30:53.880","rVOHkpNvbPB","18376729","[PREMIUM]","[PREMIUM]","[PREMIUM]","301","Section 301","3",2,"[]","2027-01-01 00:00:00","electronic","exchange",0,"[PREMIUM]","2"
"05VT8lOlqb7","2026-09-06 23:55:57.321","2026-09-19 22:51:16.569","05VT8lOlqb7","18377060","[PREMIUM]","[PREMIUM]","[PREMIUM]","304","Section 304","8",2,"[]","2027-01-03 00:00:00","electronic","exchange",0,"[PREMIUM]","2"
"05VT8lOlqBp","2026-09-06 23:55:57.321","2026-09-19 22:51:16.569","05VT8lOlqBp","18377060","[PREMIUM]","[PREMIUM]","[PREMIUM]","308","Section 308","14",4,"[]","2027-01-03 00:00:00","electronic","exchange",0,"[PREMIUM]","2,4"
"2v0czqrq2xG","2026-09-06 23:55:57.321","2026-09-19 22:51:16.569","2v0czqrq2xG","18377060","[PREMIUM]","[PREMIUM]","[PREMIUM]","312","Section 312","14",6,"[]","2027-01-03 00:00:00","electronic","exchange",0,"[PREMIUM]","1,2,3,4,5,6"
"4vXcjR0RwnA","2026-09-06 23:55:57.321","2026-09-19 22:51:16.569","4vXcjR0RwnA","18377060","[PREMIUM]","[PREMIUM]","[PREMIUM]","330","Section 330","14",4,"[]","2027-01-03 00:00:00","electronic","exchange",0,"[PREMIUM]","2,4"
"6mOhkojoB5X","2026-09-06 23:55:57.321","2026-09-19 22:51:16.569","6mOhkojoB5X","18377060","[PREMIUM]","[PREMIUM]","[PREMIUM]","372","Section 372","15",6,"[]","2027-01-03 00:00:00","electronic","exchange",0,"[PREMIUM]","1,2,3,4,5,6"
"7KntAg2gk6a","2026-09-06 23:55:57.321","2026-09-19 22:51:16.569","7KntAg2gk6a","18377060","[PREMIUM]","[PREMIUM]","[PREMIUM]","310","Section 310","15",6,"[]","2027-01-03 00:00:00","electronic","exchange",0,"[PREMIUM]","1,2,3,4,5,6"
"8lKt6ajaxLa","2026-09-06 23:55:57.321","2026-09-19 22:51:16.569","8lKt6ajaxLa","18377060","[PREMIUM]","[PREMIUM]","[PREMIUM]","342","Section 342","9",2,"[]","2027-01-03 00:00:00","electronic","exchange",0,"[PREMIUM]","2"
"9P2c5MzJGnJ","2026-09-06 23:55:57.321","2026-09-11 16:39:22.080","9P2c5MzJGnJ","18377060","[PREMIUM]","[PREMIUM]","[PREMIUM]","314","Section 314","11",2,"[]","2027-01-03 00:00:00","electronic","exchange",1,"[PREMIUM]","2"
"9P2c5MzMV9X","2026-09-06 23:55:57.321","2026-09-19 22:51:16.569","9P2c5MzMV9X","18377060","[PREMIUM]","[PREMIUM]","[PREMIUM]","312","Section 312","14",4,"[]","2027-01-03 00:00:00","electronic","exchange",0,"[PREMIUM]","2,4"
"9P2c5MzMVbm","2026-09-06 23:55:57.321","2026-09-19 22:51:16.569","9P2c5MzMVbm","18377060","[PREMIUM]","[PREMIUM]","[PREMIUM]","374","Section 374","15",6,"[]","2027-01-03 00:00:00","electronic","exchange",0,"[PREMIUM]","1,2,3,4,5,6"
"A6rs2KvKpv6","2026-09-06 23:55:57.321","2026-09-19 22:51:16.569","A6rs2KvKpv6","18377060","[PREMIUM]","[PREMIUM]","[PREMIUM]","312","Section 312","12",2,"[]","2027-01-03 00:00:00","electronic","exchange",0,"[PREMIUM]","2"
"BALImMLMKp8","2026-09-06 23:55:57.321","2026-09-19 22:51:16.569","BALImMLMKp8","18377060","[PREMIUM]","[PREMIUM]","[PREMIUM]","302","Section 302","11",2,"[]","2027-01-03 00:00:00","electronic","exchange",0,"[PREMIUM]","2"
"DdwHkM0M9x7","2026-09-06 23:55:57.321","2026-09-19 22:51:16.569","DdwHkM0M9x7","18377060","[PREMIUM]","[PREMIUM]","[PREMIUM]","308","Section 308","16",5,"[]","2027-01-03 00:00:00","electronic","exchange",0,"[PREMIUM]","1,2,3,5"
"DdwHkM0M9pY","2026-09-06 23:55:57.321","2026-09-19 22:51:16.569","DdwHkM0M9pY","18377060","[PREMIUM]","[PREMIUM]","[PREMIUM]","308","Section 308","12",4,"[]","2027-01-03 00:00:00","electronic","exchange",0,"[PREMIUM]","2,4"
"EroUXgYg6YO","2026-09-06 23:55:57.321","2026-09-19 22:51:16.569","EroUXgYg6YO","18377060","[PREMIUM]","[PREMIUM]","[PREMIUM]","308","Section 308","12",2,"[]","2027-01-03 00:00:00","electronic","exchange",0,"[PREMIUM]","2"
"JABI3ENR8bM","2026-09-06 23:55:57.321","2026-09-19 22:51:16.569","JABI3ENR8bM","18377060","[PREMIUM]","[PREMIUM]","[PREMIUM]","104","Section 104","7",4,"['7','8','9','10']","2027-01-01 00:00:00","electronic","exchange",0,"[PREMIUM]","2,4"
"JABI3EYE4O8","2026-09-06 23:55:57.321","2026-09-19 22:51:16.569","JABI3EYE4O8","18377060","[PREMIUM]","[PREMIUM]","[PREMIUM]","322","Section 322","14",6,"[]","2027-01-03 00:00:00","electronic","exchange",0,"[PREMIUM]","1,2,3,4,5,6"
"JABI3EYE4e9","2026-09-06 23:55:57.321","2026-09-19 22:51:16.569","JABI3EYE4e9","18377060","[PREMIUM]","[PREMIUM]","[PREMIUM]","302","Section 302","10",2,"[]","2027-01-03 00:00:00","electronic","exchange",0,"[PREMIUM]","2"
"KezczqY973k","2026-09-06 23:55:57.321","2026-09-19 22:51:16.569","KezczqY973k","18377060","[PREMIUM]","[PREMIUM]","[PREMIUM]","114","Section 114","22",2,"[]","2027-01-02 00:00:00","electronic","exchange",0,"[PREMIUM]","2"
"KezczqYqPnb","2026-09-06 23:55:57.321","2026-09-19 22:51:16.569","KezczqYqPnb","18377060","[PREMIUM]","[PREMIUM]","[PREMIUM]","310","Section 310","15",6,"[]","2027-01-03 00:00:00","electronic","exchange",0,"[PREMIUM]","1,2,3,4,5,6"
"MAeIP3Y3Lxv","2026-09-06 23:55:57.321","2026-09-19 22:51:16.569","MAeIP3Y3Lxv","18377060","[PREMIUM]","[PREMIUM]","[PREMIUM]","324","Section 324","13",4,"[]","2027-01-03 00:00:00","electronic","exchange",0,"[PREMIUM]","2,4"
"NrqUv6Y6gnk","2026-09-06 23:55:57.321","2026-09-19 22:51:16.569","NrqUv6Y6gnk","18377060","[PREMIUM]","[PREMIUM]","[PREMIUM]","310","Section 310","12",3,"[]","2027-01-03 00:00:00","electronic","exchange",0,"[PREMIUM]","3"
"Zm9hvJ8YobR","2026-09-06 23:55:57.321","2026-09-11 16:39:22.080","Zm9hvJ8YobR","18377060","[PREMIUM]","[PREMIUM]","[PREMIUM]","310","Section 310","15",2,"['1','2']","2027-01-03 00:00:00","electronic","exchange",0,"[PREMIUM]","2"
"agktlMY8kep","2026-09-06 23:55:57.321","2026-09-19 22:51:16.569","agktlMY8kep","18377060","[PREMIUM]","[PREMIUM]","[PREMIUM]","114","Section 114","22",2,"['1','2']","2027-01-01 00:00:00","electronic","exchange",0,"[PREMIUM]","2"
"kYet9m3mEjA","2026-09-06 23:55:57.321","2026-09-19 22:51:16.569","kYet9m3mEjA","18377060","[PREMIUM]","[PREMIUM]","[PREMIUM]","316","Section 316","13",4,"[]","2027-01-03 00:00:00","electronic","exchange",0,"[PREMIUM]","2,4"
"kYet9m3mE2R","2026-09-06 23:55:57.321","2026-09-19 22:51:16.569","kYet9m3mE2R","18377060","[PREMIUM]","[PREMIUM]","[PREMIUM]","376","Section 376","15",2,"[]","2027-01-03 00:00:00","electronic","exchange",0,"[PREMIUM]","2"
"qVjH2mE3nzk","2026-09-06 23:55:57.321","2026-09-19 22:51:16.569","qVjH2mE3nzk","18377060","[PREMIUM]","[PREMIUM]","[PREMIUM]","126","Section 126","5",2,"[]","2027-01-03 00:00:00","electronic","exchange",0,"[PREMIUM]","2"
"vb3iPwNqDkj","2026-09-06 23:55:57.321","2026-09-19 22:51:16.569","vb3iPwNqDkj","18377060","[PREMIUM]","[PREMIUM]","[PREMIUM]","104","Section 104","6",2,"['7','8']","2027-01-01 00:00:00","electronic","exchange",0,"[PREMIUM]","2"
"xb9imlglkGA","2026-09-06 23:55:57.321","2026-09-19 22:51:16.569","xb9imlglkGA","18377060","[PREMIUM]","[PREMIUM]","[PREMIUM]","318","Section 318","15",4,"[]","2027-01-03 00:00:00","electronic","exchange",0,"[PREMIUM]","2,4"
"2v0czqeexOJ","2026-09-06 23:55:50.384","2026-09-19 22:51:06.803","2v0czqeexOJ","18376733","[PREMIUM]","[PREMIUM]","[PREMIUM]","PR17","Premier 17","7",4,"['5','6','7','8']","2026-09-10 00:00:00","electronic","exchange",0,"[PREMIUM]","2,4"
"3q7fNL2oDOY","2026-09-06 23:55:50.384","2026-09-11 16:41:58.287","3q7fNL2oDOY","18376733","[PREMIUM]","[PREMIUM]","[PREMIUM]","107","Section 107","3",2,"[]","2027-01-03 00:00:00","electronic","exchange",0,"[PREMIUM]","2"
"4vXcjRx0Y3l","2026-09-06 23:55:50.384","2026-09-11 16:41:58.287","4vXcjRx0Y3l","18376733","[PREMIUM]","[PREMIUM]","[PREMIUM]","103","Section 103","7",2,"[]","2027-01-03 00:00:00","electronic","exchange",0,"[PREMIUM]","2"
"4vXcjRxxKrz","2026-09-06 23:55:50.384","2026-09-19 22:51:06.803","4vXcjRxxKrz","18376733","[PREMIUM]","[PREMIUM]","[PREMIUM]","PR12","Premier 12","10",10,"['8','9','10','11','12','13','14','15','16','17']","2026-09-10 00:00:00","electronic","exchange",0,"[PREMIUM]","1,2,3,4,5,6,7,8,10"
"5EjuZwd4jJ8","2026-09-06 23:55:50.384","2026-09-19 22:51:06.803","5EjuZwd4jJ8","18376733","[PREMIUM]","[PREMIUM]","[PREMIUM]","116","Section 116","3",4,"['7','8','9','10']","2026-12-30 00:00:00","electronic","exchange",1,"[PREMIUM]","2,4"
"6mOhkoww5M4","2026-09-06 23:55:50.384","2026-09-19 22:51:06.803","6mOhkoww5M4","18376733","[PREMIUM]","[PREMIUM]","[PREMIUM]","PR09","Premier 9","7",7,"['5','6','7','8','9','10','11']","2026-09-10 00:00:00","electronic","exchange",0,"[PREMIUM]","1,2,3,4,5,7"
"9P2c5MKKnXa","2026-09-06 23:55:50.384","2026-09-19 22:51:06.803","9P2c5MKKnXa","18376733","[PREMIUM]","[PREMIUM]","[PREMIUM]","PR17","Premier 17","12",10,"['3','4','5','6','7','8','9','10','11','12']","2026-09-10 00:00:00","electronic","exchange",0,"[PREMIUM]","1,2,3,4,5,6,7,8,10"
"BALImML9vEX","2026-09-06 23:55:50.384","2026-09-09 00:33:49.720","BALImML9vEX","18376733","[PREMIUM]","[PREMIUM]","[PREMIUM]","110","Section 110","14",6,"[]","2027-01-03 00:00:00","electronic","exchange",2,"[PREMIUM]","1,2,3,4,6"
"EroUXgoYPMp","2026-09-06 23:55:50.384","2026-09-11 16:41:58.287","EroUXgoYPMp","18376733","[PREMIUM]","[PREMIUM]","[PREMIUM]","301","Section 301","3",2,"[]","2027-01-03 00:00:00","electronic","exchange",0,"[PREMIUM]","2"
"EroUXgooEeo","2026-09-06 23:55:50.384","2026-09-19 22:51:06.803","EroUXgooEeo","18376733","[PREMIUM]","[PREMIUM]","[PREMIUM]","PR10","Premier 10","12",4,"['11','12','13','14']","2026-09-10 00:00:00","electronic","exchange",0,"[PREMIUM]","2,4"
"JABI3ENNOxR","2026-09-06 23:55:50.384","2026-09-19 22:51:06.803","JABI3ENNOxR","18376733","[PREMIUM]","[PREMIUM]","[PREMIUM]","PR11","Premier 11","11",3,"['11','12','13']","2026-09-10 00:00:00","electronic","exchange",0,"[PREMIUM]","1,3"
"JABI3ENNOx6","2026-09-06 23:55:50.384","2026-09-19 22:51:06.803","JABI3ENNOx6","18376733","[PREMIUM]","[PREMIUM]","[PREMIUM]","PR09","Premier 9","12",8,"['1','2','3','4','5','6','7','8']","2026-09-10 00:00:00","electronic","exchange",0,"[PREMIUM]","1,2,3,4,5,6,8"
"KezczqY8AbR","2026-09-06 23:55:50.384","2026-09-19 22:51:06.803","KezczqY8AbR","18376733","[PREMIUM]","[PREMIUM]","[PREMIUM]","107","Section 107","16",6,"[]","2027-01-03 00:00:00","electronic","exchange",2,"[PREMIUM]","1,2,3,4,6"
"LbviL8zzKpp","2026-09-06 23:55:50.384","2026-09-19 22:51:06.803","LbviL8zzKpp","18376733","[PREMIUM]","[PREMIUM]","[PREMIUM]","PR18","Premier 18","11",10,"['1','2','3','4','5','6','7','8','9','10']","2026-09-10 00:00:00","electronic","exchange",0,"[PREMIUM]","1,2,3,4,5,6,7,8,10"
