"_primaryKey","_firstSeenAt","_lastSeenAt","listingId","eventId","price","priceWithFees","fee","section","sectionFull","row","quantity","seats","inHandDate","deliveryType","marketplace","dealBucket","dealScore","splitType"
"05VT8lYYrbr","2026-08-26 23:59:47.848","2026-09-08 23:16:05.860","05VT8lYYrbr","18378578","[PREMIUM]","[PREMIUM]","[PREMIUM]","215","Section 215","12",6,"[]","2026-10-11 00:00:00","electronic","exchange",1,"[PREMIUM]","1,2,3,4,5,6"
"05VT8lYYr6P","2026-08-26 23:59:47.848","2026-09-08 23:16:05.860","05VT8lYYr6P","18378578","[PREMIUM]","[PREMIUM]","[PREMIUM]","207","Section 207","5",8,"[]","2026-10-11 00:00:00","electronic","exchange",2,"[PREMIUM]","1,2,3,4,5,6,7,8"
"05VT8lYYkqo","2026-08-26 23:59:47.848","2026-09-08 23:16:05.860","05VT8lYYkqo","18378578","[PREMIUM]","[PREMIUM]","[PREMIUM]","210","Section 210","6",4,"[]","2026-10-11 00:00:00","electronic","exchange",1,"[PREMIUM]","1,2,3,4"
"05VT8lYYkjo","2026-08-26 23:59:47.848","2026-09-08 23:16:05.860","05VT8lYYkjo","18378578","[PREMIUM]","[PREMIUM]","[PREMIUM]","206","Section 206","6",6,"[]","2026-10-11 00:00:00","electronic","exchange",1,"[PREMIUM]","1,2,3,4,5,6"
"05VT8lYYkZL","2026-08-26 23:59:47.848","2026-08-28 22:27:32.341","05VT8lYYkZL","18378578","[PREMIUM]","[PREMIUM]","[PREMIUM]","121","Section 121","3",7,"[]","2026-10-11 00:00:00","electronic","exchange",1,"[PREMIUM]","1,2,3,4,5,6,7"
"05VT8lYYk4p","2026-08-26 23:59:47.848","2026-09-08 23:16:05.860","05VT8lYYk4p","18378578","[PREMIUM]","[PREMIUM]","[PREMIUM]","107","Section 107","20",4,"[]","2026-10-11 00:00:00","electronic","exchange",0,"[PREMIUM]","1,2,3,4"
"05VT8lYYLVd","2026-08-26 23:59:47.848","2026-09-07 23:01:46.031","05VT8lYYLVd","18378578","[PREMIUM]","[PREMIUM]","[PREMIUM]","107","Section 107","12",5,"[]","2026-10-11 00:00:00","electronic","exchange",5,"[PREMIUM]","1,2,3,4,5"
"05VT8lYYJMJ","2026-08-26 23:59:47.848","2026-09-08 23:16:05.860","05VT8lYYJMJ","18378578","[PREMIUM]","[PREMIUM]","[PREMIUM]","104","Section 104","24",4,"[]","2026-10-11 00:00:00","electronic","exchange",1,"[PREMIUM]","1,2,3,4"
"05VT8lYVRq8","2026-08-26 23:59:47.848","2026-09-03 22:53:29.035","05VT8lYVRq8","18378578","[PREMIUM]","[PREMIUM]","[PREMIUM]","104","Section 104","10",5,"[]","2026-10-12 00:00:00","electronic","exchange",3,"[PREMIUM]","1,2,3,5"
"05VT8lYVRkJ","2026-08-26 23:59:47.848","2026-09-08 23:16:05.860","05VT8lYVRkJ","18378578","[PREMIUM]","[PREMIUM]","[PREMIUM]","207","Section 207","5",9,"[]","2026-10-12 00:00:00","electronic","exchange",2,"[PREMIUM]","1,2,3,4,5,6,7,9"
"05VT8lYVR9k","2026-08-26 23:59:47.848","2026-09-08 23:16:05.860","05VT8lYVR9k","18378578","[PREMIUM]","[PREMIUM]","[PREMIUM]","124","Section 124","18",6,"[]","2026-10-12 00:00:00","electronic","exchange",1,"[PREMIUM]","2,4,6"
"05VT8lYVR48","2026-08-26 23:59:47.848","2026-09-08 23:16:05.860","05VT8lYVR48","18378578","[PREMIUM]","[PREMIUM]","[PREMIUM]","106","Section 106","7",6,"[]","2026-10-12 00:00:00","electronic","exchange",1,"[PREMIUM]","2,4,6"
"05VT8lYVR0D","2026-08-26 23:59:47.848","2026-09-08 23:16:05.860","05VT8lYVR0D","18378578","[PREMIUM]","[PREMIUM]","[PREMIUM]","112","Section 112","23",2,"[]","2026-10-12 00:00:00","electronic","exchange",1,"[PREMIUM]","2"
"05VT8lYAwwY","2026-08-26 23:59:47.848","2026-08-26 23:59:47.848","05VT8lYAwwY","18378578","[PREMIUM]","[PREMIUM]","[PREMIUM]","213","Section 213","7",2,"[]","2026-10-12 00:00:00","electronic","exchange",1,"[PREMIUM]","2"
"2v0czqMBZ8q","2026-08-26 23:59:47.848","2026-08-26 23:59:47.848","2v0czqMBZ8q","18378578","[PREMIUM]","[PREMIUM]","[PREMIUM]","117","Section 117","23",6,"[]","2026-10-12 00:00:00","electronic","exchange",2,"[PREMIUM]","2,4,6"
"2v0czqMB6Vx","2026-08-26 23:59:47.848","2026-08-26 23:59:47.848","2v0czqMB6Vx","18378578","[PREMIUM]","[PREMIUM]","[PREMIUM]","218","Section 218","3",2,"[]","2026-10-12 00:00:00","electronic","exchange",4,"[PREMIUM]","2"
"2v0czqMalon","2026-08-26 23:59:47.848","2026-09-08 23:16:05.860","2v0czqMalon","18378578","[PREMIUM]","[PREMIUM]","[PREMIUM]","210","Section 210","14",5,"[]","2026-10-12 00:00:00","electronic","exchange",0,"[PREMIUM]","1,2,3,5"
"2v0czqMalm2","2026-08-26 23:59:47.848","2026-09-08 23:16:05.860","2v0czqMalm2","18378578","[PREMIUM]","[PREMIUM]","[PREMIUM]","213","Section 213","14",2,"[]","2026-10-12 00:00:00","electronic","exchange",0,"[PREMIUM]","2"
"2v0czqMalNR","2026-08-26 23:59:47.848","2026-09-08 23:16:05.860","2v0czqMalNR","18378578","[PREMIUM]","[PREMIUM]","[PREMIUM]","109","Section 109","18",4,"[]","2026-10-12 00:00:00","electronic","exchange",0,"[PREMIUM]","2,4"
"2v0czqMalKn","2026-08-26 23:59:47.848","2026-09-08 23:16:05.860","2v0czqMalKn","18378578","[PREMIUM]","[PREMIUM]","[PREMIUM]","202","Section 202","14",4,"[]","2026-10-12 00:00:00","electronic","exchange",0,"[PREMIUM]","2,4"
"2v0czqMalKe","2026-08-26 23:59:47.848","2026-08-27 23:59:18.226","2v0czqMalKe","18378578","[PREMIUM]","[PREMIUM]","[PREMIUM]","201","Section 201","6",4,"[]","2026-10-12 00:00:00","electronic","exchange",2,"[PREMIUM]","2,4"
"2v0czqMalEe","2026-08-26 23:59:47.848","2026-08-31 22:21:56.649","2v0czqMalEe","18378578","[PREMIUM]","[PREMIUM]","[PREMIUM]","120","Section 120","4",8,"[]","2026-10-12 00:00:00","electronic","exchange",1,"[PREMIUM]","1,2,3,4,5,6,8"
"2v0czqMal3k","2026-08-26 23:59:47.848","2026-08-29 22:27:21.711","2v0czqMal3k","18378578","[PREMIUM]","[PREMIUM]","[PREMIUM]","228","Section 228","15",10,"[]","2026-10-12 00:00:00","electronic","exchange",2,"[PREMIUM]","1,2,3,4,5,6,7,8,10"
"2v0czqMal3J","2026-08-26 23:59:47.848","2026-09-08 23:16:05.860","2v0czqMal3J","18378578","[PREMIUM]","[PREMIUM]","[PREMIUM]","223","Section 223","2",2,"[]","2026-10-12 00:00:00","electronic","exchange",2,"[PREMIUM]","2"
"2v0czqMal2V","2026-08-26 23:59:47.848","2026-08-26 23:59:47.848","2v0czqMal2V","18378578","[PREMIUM]","[PREMIUM]","[PREMIUM]","101","Section 101","4",2,"[]","2026-10-12 00:00:00","electronic","exchange",1,"[PREMIUM]","2"
"2v0czqMal2R","2026-08-26 23:59:47.848","2026-09-08 23:16:05.860","2v0czqMal2R","18378578","[PREMIUM]","[PREMIUM]","[PREMIUM]","102","Section 102","4",4,"[]","2026-10-12 00:00:00","electronic","exchange",0,"[PREMIUM]","2,4"
"2v0czqMal0v","2026-08-26 23:59:47.848","2026-09-08 23:16:05.860","2v0czqMal0v","18378578","[PREMIUM]","[PREMIUM]","[PREMIUM]","116","Section 116","3",2,"[]","2026-10-12 00:00:00","electronic","exchange",2,"[PREMIUM]","2"
"2v0czqMMozX","2026-08-26 23:59:47.848","2026-09-07 23:01:46.031","2v0czqMMozX","18378578","[PREMIUM]","[PREMIUM]","[PREMIUM]","115","Section 115","4",8,"[]","2026-10-11 00:00:00","electronic","exchange",0,"[PREMIUM]","1,2,3,4,5,6,7,8"
"2v0czqMMoZX","2026-08-26 23:59:47.848","2026-09-08 23:16:05.860","2v0czqMMoZX","18378578","[PREMIUM]","[PREMIUM]","[PREMIUM]","107","Section 107","11",5,"[]","2026-10-11 00:00:00","electronic","exchange",1,"[PREMIUM]","1,2,3,4,5"
"2v0czqMMoY7","2026-08-26 23:59:47.848","2026-09-08 23:16:05.860","2v0czqMMoY7","18378578","[PREMIUM]","[PREMIUM]","[PREMIUM]","101","Section 101","8",4,"[]","2026-10-11 00:00:00","electronic","exchange",1,"[PREMIUM]","1,2,3,4"
"2v0czqMMo24","2026-08-26 23:59:47.848","2026-09-08 23:16:05.860","2v0czqMMo24","18378578","[PREMIUM]","[PREMIUM]","[PREMIUM]","106","Section 106","23",4,"[]","2026-10-11 00:00:00","electronic","exchange",1,"[PREMIUM]","1,2,3,4"
"2v0czqMMm8N","2026-08-26 23:59:47.848","2026-09-01 22:35:41.605","2v0czqMMm8N","18378578","[PREMIUM]","[PREMIUM]","[PREMIUM]","202","Section 202","13",7,"[]","2026-10-11 00:00:00","electronic","exchange",1,"[PREMIUM]","1,2,3,4,5,6,7"
"2v0czqMMbZL","2026-08-26 23:59:47.848","2026-09-08 23:16:05.860","2v0czqMMbZL","18378578","[PREMIUM]","[PREMIUM]","[PREMIUM]","123","Section 123","16",8,"[]","2026-10-11 00:00:00","electronic","exchange",1,"[PREMIUM]","1,2,3,4,5,6,7,8"
"2v0czqMMbN0","2026-08-26 23:59:47.848","2026-09-08 23:16:05.860","2v0czqMMbN0","18378578","[PREMIUM]","[PREMIUM]","[PREMIUM]","216","Section 216","4",8,"[]","2026-10-11 00:00:00","electronic","exchange",1,"[PREMIUM]","1,2,3,4,5,6,7,8"
"2v0czqMMPzP","2026-08-26 23:59:47.848","2026-09-07 23:01:46.031","2v0czqMMPzP","18378578","[PREMIUM]","[PREMIUM]","[PREMIUM]","126","Section 126","13",3,"[]","2026-10-11 00:00:00","electronic","exchange",2,"[PREMIUM]","1,2,3"
"2v0czqMMPK4","2026-08-26 23:59:47.848","2026-09-07 23:01:46.031","2v0czqMMPK4","18378578","[PREMIUM]","[PREMIUM]","[PREMIUM]","115","Section 115","22",4,"[]","2026-10-11 00:00:00","electronic","exchange",2,"[PREMIUM]","1,2,3,4"
"2v0czqMMA7A","2026-08-26 23:59:47.848","2026-09-08 23:16:05.860","2v0czqMMA7A","18378578","[PREMIUM]","[PREMIUM]","[PREMIUM]","206","Section 206","4",5,"[]","2026-10-11 00:00:00","electronic","exchange",1,"[PREMIUM]","1,2,3,4,5"
"2v0czqMMA5M","2026-08-26 23:59:47.848","2026-09-08 23:16:05.860","2v0czqMMA5M","18378578","[PREMIUM]","[PREMIUM]","[PREMIUM]","214","Section 214","10",8,"[]","2026-10-11 00:00:00","electronic","exchange",1,"[PREMIUM]","1,2,3,4,5,6,7,8"
"2v0czqMvLKr","2026-08-26 23:59:47.848","2026-09-01 22:35:41.605","2v0czqMvLKr","18378578","[PREMIUM]","[PREMIUM]","[PREMIUM]","225","Section 225","14",2,"[]","2026-10-11 00:00:00","electronic","exchange",0,"[PREMIUM]","2"
"2v0czqMnYlK","2026-08-26 23:59:47.848","2026-09-07 23:01:46.031","2v0czqMnYlK","18378578","[PREMIUM]","[PREMIUM]","[PREMIUM]","115","Section 115","4",8,"[]","2026-10-11 00:00:00","electronic","exchange",0,"[PREMIUM]","1,2,3,4,5,6,7,8"
"3q7fNLaKnvP","2026-08-26 23:59:47.848","2026-09-07 23:01:46.031","3q7fNLaKnvP","18378578","[PREMIUM]","[PREMIUM]","[PREMIUM]","101","Section 101","9",5,"[]","2026-10-11 00:00:00","electronic","exchange",2,"[PREMIUM]","1,2,3,4,5"
"3q7fNLaDveb","2026-08-26 23:59:47.848","2026-09-08 23:16:05.860","3q7fNLaDveb","18378578","[PREMIUM]","[PREMIUM]","[PREMIUM]","109","Section 109","9",7,"[]","2026-10-12 00:00:00","electronic","exchange",1,"[PREMIUM]","1,2,3,4,5,7"
"3q7fNLaDvXk","2026-08-26 23:59:47.848","2026-08-28 22:27:32.341","3q7fNLaDvXk","18378578","[PREMIUM]","[PREMIUM]","[PREMIUM]","213","Section 213","13",8,"[]","2026-10-12 00:00:00","electronic","exchange",0,"[PREMIUM]","1,2,3,4,5,6,8"
"3q7fNLaDvVd","2026-08-26 23:59:47.848","2026-09-08 23:16:05.860","3q7fNLaDvVd","18378578","[PREMIUM]","[PREMIUM]","[PREMIUM]","210","Section 210","6",4,"[]","2026-10-12 00:00:00","electronic","exchange",1,"[PREMIUM]","2,4"
"3q7fNLaDvPo","2026-08-26 23:59:47.848","2026-09-08 23:16:05.860","3q7fNLaDvPo","18378578","[PREMIUM]","[PREMIUM]","[PREMIUM]","118","Section 118","23",4,"[]","2026-10-12 00:00:00","electronic","exchange",1,"[PREMIUM]","2,4"
"3q7fNLaDvMo","2026-08-26 23:59:47.848","2026-09-08 23:16:05.860","3q7fNLaDvMo","18378578","[PREMIUM]","[PREMIUM]","[PREMIUM]","128","Section 128","21",7,"[]","2026-10-12 00:00:00","electronic","exchange",2,"[PREMIUM]","1,2,3,4,5,7"
"3q7fNLaDvMd","2026-08-26 23:59:47.848","2026-09-01 22:35:41.605","3q7fNLaDvMd","18378578","[PREMIUM]","[PREMIUM]","[PREMIUM]","202","Section 202","13",7,"[]","2026-10-12 00:00:00","electronic","exchange",0,"[PREMIUM]","1,2,3,4,5,7"
"3q7fNLaDvJr","2026-08-26 23:59:47.848","2026-09-08 23:16:05.860","3q7fNLaDvJr","18378578","[PREMIUM]","[PREMIUM]","[PREMIUM]","228","Section 228","12",7,"[]","2026-10-12 00:00:00","electronic","exchange",1,"[PREMIUM]","1,2,3,4,5,7"
"3q7fNLaDvJR","2026-08-26 23:59:47.848","2026-09-08 23:16:05.860","3q7fNLaDvJR","18378578","[PREMIUM]","[PREMIUM]","[PREMIUM]","220","Section 220","4",4,"[]","2026-10-12 00:00:00","electronic","exchange",1,"[PREMIUM]","2,4"
"3q7fNLaDvEv","2026-08-26 23:59:47.848","2026-09-08 23:16:05.860","3q7fNLaDvEv","18378578","[PREMIUM]","[PREMIUM]","[PREMIUM]","116","Section 116","3",7,"[]","2026-10-12 00:00:00","electronic","exchange",2,"[PREMIUM]","1,2,3,4,5,7"
"3q7fNLaDv8b","2026-08-26 23:59:47.848","2026-08-31 22:21:56.649","3q7fNLaDv8b","18378578","[PREMIUM]","[PREMIUM]","[PREMIUM]","102","Section 102","3",4,"[]","2026-10-12 00:00:00","electronic","exchange",4,"[PREMIUM]","2,4"
"3q7fNLaAEK3","2026-08-26 23:59:47.848","2026-08-26 23:59:47.848","3q7fNLaAEK3","18378578","[PREMIUM]","[PREMIUM]","[PREMIUM]","128","Section 128","21",8,"[]","2026-10-12 00:00:00","electronic","exchange",4,"[PREMIUM]","1,2,3,4,5,6,7,8"
"3q7fNLa9bz5","2026-08-26 23:59:47.848","2026-08-26 23:59:47.848","3q7fNLa9bz5","18378578","[PREMIUM]","[PREMIUM]","[PREMIUM]","117","Section 117","23",6,"[]","2026-10-12 00:00:00","electronic","exchange",1,"[PREMIUM]","1,2,3,4,5,6"
"3q7fNLaaVnM","2026-08-26 23:59:47.848","2026-09-08 23:16:05.860","3q7fNLaaVnM","18378578","[PREMIUM]","[PREMIUM]","[PREMIUM]","101","Section 101","8",4,"[]","2026-10-11 00:00:00","electronic","exchange",1,"[PREMIUM]","1,2,3,4"
"3q7fNLaa0en","2026-08-26 23:59:47.848","2026-09-07 23:01:46.031","3q7fNLaa0en","18378578","[PREMIUM]","[PREMIUM]","[PREMIUM]","126","Section 126","12",8,"[]","2026-10-11 00:00:00","electronic","exchange",1,"[PREMIUM]","1,2,3,4,5,6,7,8"
"3q7fNLaa0b4","2026-08-26 23:59:47.848","2026-09-07 23:01:46.031","3q7fNLaa0b4","18378578","[PREMIUM]","[PREMIUM]","[PREMIUM]","110","Section 110","10",3,"[]","2026-10-11 00:00:00","electronic","exchange",2,"[PREMIUM]","1,2,3"
"3q7fNLaalY3","2026-08-26 23:59:47.848","2026-09-08 23:16:05.860","3q7fNLaalY3","18378578","[PREMIUM]","[PREMIUM]","[PREMIUM]","121","Section 121","11",6,"[]","2026-10-11 00:00:00","electronic","exchange",0,"[PREMIUM]","1,2,3,4,5,6"
"3q7fNLaaGw0","2026-08-26 23:59:47.848","2026-09-08 23:16:05.860","3q7fNLaaGw0","18378578","[PREMIUM]","[PREMIUM]","[PREMIUM]","208","Section 208","12",8,"[]","2026-10-11 00:00:00","electronic","exchange",0,"[PREMIUM]","1,2,3,4,5,6,7,8"
"3q7fNLaaX0n","2026-08-26 23:59:47.848","2026-09-08 23:16:05.860","3q7fNLaaX0n","18378578","[PREMIUM]","[PREMIUM]","[PREMIUM]","112","Section 112","20",6,"[]","2026-10-11 00:00:00","electronic","exchange",0,"[PREMIUM]","1,2,3,4,5,6"
"3q7fNLaaX0M","2026-08-26 23:59:47.848","2026-09-08 23:16:05.860","3q7fNLaaX0M","18378578","[PREMIUM]","[PREMIUM]","[PREMIUM]","110","Section 110","23",8,"[]","2026-10-11 00:00:00","electronic","exchange",1,"[PREMIUM]","1,2,3,4,5,6,7,8"
"3q7fNLaaRZl","2026-08-26 23:59:47.848","2026-09-08 23:16:05.860","3q7fNLaaRZl","18378578","[PREMIUM]","[PREMIUM]","[PREMIUM]","206","Section 206","6",6,"[]","2026-10-11 00:00:00","electronic","exchange",1,"[PREMIUM]","1,2,3,4,5,6"
"3q7fNLaaVXB","2026-08-26 23:59:47.848","2026-09-07 23:01:46.031","3q7fNLaaVXB","18378578","[PREMIUM]","[PREMIUM]","[PREMIUM]","117","Section 117","6",4,"[]","2026-10-11 00:00:00","electronic","exchange",1,"[PREMIUM]","1,2,3,4"
"3q7fNLaaVXD","2026-08-26 23:59:47.848","2026-09-08 23:16:05.860","3q7fNLaaVXD","18378578","[PREMIUM]","[PREMIUM]","[PREMIUM]","218","Section 218","1",8,"[]","2026-10-11 00:00:00","electronic","exchange",2,"[PREMIUM]","1,2,3,4,5,6,7,8"
"3q7fNLaaVgD","2026-08-26 23:59:47.848","2026-09-08 23:16:05.860","3q7fNLaaVgD","18378578","[PREMIUM]","[PREMIUM]","[PREMIUM]","124","Section 124","16",4,"[]","2026-10-11 00:00:00","electronic","exchange",1,"[PREMIUM]","1,2,3,4"
"4vXcjRJ2BG0","2026-08-26 23:59:47.848","2026-09-07 23:01:46.031","4vXcjRJ2BG0","18378578","[PREMIUM]","[PREMIUM]","[PREMIUM]","101","Section 101","6",6,"[]","2026-10-11 00:00:00","electronic","exchange",1,"[PREMIUM]","1,2,3,4,5,6"
"4vXcjRJYGwE","2026-08-26 23:59:47.848","2026-09-08 23:16:05.860","4vXcjRJYGwE","18378578","[PREMIUM]","[PREMIUM]","[PREMIUM]","101","Section 101","8",3,"[]","2026-10-12 00:00:00","electronic","exchange",0,"[PREMIUM]","3"
"4vXcjRJYGle","2026-08-26 23:59:47.848","2026-09-08 23:16:05.860","4vXcjRJYGle","18378578","[PREMIUM]","[PREMIUM]","[PREMIUM]","115","Section 115","20",5,"[]","2026-10-12 00:00:00","electronic","exchange",1,"[PREMIUM]","1,2,3,5"
"4vXcjRJYGda","2026-08-26 23:59:47.848","2026-09-02 22:52:40.294","4vXcjRJYGda","18378578","[PREMIUM]","[PREMIUM]","[PREMIUM]","116","Section 116","22",3,"[]","2026-10-12 00:00:00","electronic","exchange",3,"[PREMIUM]","3"
"4vXcjRJYGZM","2026-08-26 23:59:47.848","2026-09-08 23:16:05.860","4vXcjRJYGZM","18378578","[PREMIUM]","[PREMIUM]","[PREMIUM]","212","Section 212","6",9,"[]","2026-10-12 00:00:00","electronic","exchange",1,"[PREMIUM]","1,2,3,4,5,6,7,9"
"4vXcjRJYGRj","2026-08-26 23:59:47.848","2026-09-08 23:16:05.860","4vXcjRJYGRj","18378578","[PREMIUM]","[PREMIUM]","[PREMIUM]","218","Section 218","4",12,"[]","2026-10-12 00:00:00","electronic","exchange",2,"[PREMIUM]","1,2,3,4,5,6,7,8,9,10,12"
"4vXcjRJYGPq","2026-08-26 23:59:47.848","2026-09-08 23:16:05.860","4vXcjRJYGPq","18378578","[PREMIUM]","[PREMIUM]","[PREMIUM]","210","Section 210","3",4,"[]","2026-10-12 00:00:00","electronic","exchange",0,"[PREMIUM]","2,4"
"4vXcjRJYGMq","2026-08-26 23:59:47.848","2026-09-08 23:16:05.860","4vXcjRJYGMq","18378578","[PREMIUM]","[PREMIUM]","[PREMIUM]","201","Section 201","17",4,"[]","2026-10-12 00:00:00","electronic","exchange",1,"[PREMIUM]","2,4"
"4vXcjRJYGMa","2026-08-26 23:59:47.848","2026-09-08 23:16:05.860","4vXcjRJYGMa","18378578","[PREMIUM]","[PREMIUM]","[PREMIUM]","128","Section 128","4",5,"[]","2026-10-12 00:00:00","electronic","exchange",0,"[PREMIUM]","1,2,3,5"
"4vXcjRJYG9z","2026-08-26 23:59:47.848","2026-09-08 23:16:05.860","4vXcjRJYG9z","18378578","[PREMIUM]","[PREMIUM]","[PREMIUM]","225","Section 225","3",2,"[]","2026-10-12 00:00:00","electronic","exchange",2,"[PREMIUM]","2"
"4vXcjRJYG5J","2026-08-26 23:59:47.848","2026-09-08 23:16:05.860","4vXcjRJYG5J","18378578","[PREMIUM]","[PREMIUM]","[PREMIUM]","110","Section 110","10",3,"[]","2026-10-12 00:00:00","electronic","exchange",1,"[PREMIUM]","3"
"4vXcjRJYG5E","2026-08-26 23:59:47.848","2026-09-08 23:16:05.860","4vXcjRJYG5E","18378578","[PREMIUM]","[PREMIUM]","[PREMIUM]","107","Section 107","22",4,"[]","2026-10-12 00:00:00","electronic","exchange",0,"[PREMIUM]","2,4"
"4vXcjRJYG4a","2026-08-26 23:59:47.848","2026-09-07 23:01:46.031","4vXcjRJYG4a","18378578","[PREMIUM]","[PREMIUM]","[PREMIUM]","117","Section 117","8",4,"[]","2026-10-12 00:00:00","electronic","exchange",2,"[PREMIUM]","2,4"
"4vXcjRJNl2r","2026-08-26 23:59:47.848","2026-08-26 23:59:47.848","4vXcjRJNl2r","18378578","[PREMIUM]","[PREMIUM]","[PREMIUM]","117","Section 117","23",6,"[]","2026-10-12 00:00:00","electronic","exchange",1,"[PREMIUM]","1,2,3,4,5,6"
"4vXcjRJJv9l","2026-08-26 23:59:47.848","2026-08-27 23:59:18.226","4vXcjRJJv9l","18378578","[PREMIUM]","[PREMIUM]","[PREMIUM]","202","Section 202","12",4,"[]","2026-10-11 00:00:00","electronic","exchange",1,"[PREMIUM]","1,2,3,4"
"4vXcjRJJZ7w","2026-08-26 23:59:47.848","2026-09-08 23:16:05.860","4vXcjRJJZ7w","18378578","[PREMIUM]","[PREMIUM]","[PREMIUM]","112","Section 112","10",6,"[]","2026-10-11 00:00:00","electronic","exchange",1,"[PREMIUM]","1,2,3,4,5,6"
"4vXcjRJJPZv","2026-08-26 23:59:47.848","2026-08-31 22:21:56.649","4vXcjRJJPZv","18378578","[PREMIUM]","[PREMIUM]","[PREMIUM]","117","Section 117","3",5,"[]","2026-10-11 00:00:00","electronic","exchange",5,"[PREMIUM]","1,2,3,4,5"
"4vXcjRJJPZA","2026-08-26 23:59:47.848","2026-09-07 23:01:46.031","4vXcjRJJPZA","18378578","[PREMIUM]","[PREMIUM]","[PREMIUM]","216","Section 216","12",8,"[]","2026-10-11 00:00:00","electronic","exchange",1,"[PREMIUM]","1,2,3,4,5,6,7,8"
"4vXcjRJJPPv","2026-08-26 23:59:47.848","2026-09-06 22:42:06.584","4vXcjRJJPPv","18378578","[PREMIUM]","[PREMIUM]","[PREMIUM]","211","Section 211","11",8,"[]","2026-10-11 00:00:00","electronic","exchange",1,"[PREMIUM]","1,2,3,4,5,6,7,8"
"4vXcjRJJP84","2026-08-26 23:59:47.848","2026-09-08 23:16:05.860","4vXcjRJJP84","18378578","[PREMIUM]","[PREMIUM]","[PREMIUM]","103","Section 103","25",4,"[]","2026-10-11 00:00:00","electronic","exchange",1,"[PREMIUM]","1,2,3,4"
"4vXcjRJJDgn","2026-08-26 23:59:47.848","2026-09-08 23:16:05.860","4vXcjRJJDgn","18378578","[PREMIUM]","[PREMIUM]","[PREMIUM]","206","Section 206","6",6,"[]","2026-10-11 00:00:00","electronic","exchange",1,"[PREMIUM]","1,2,3,4,5,6"
"4vXcjRJJ7w2","2026-08-26 23:59:47.848","2026-09-07 23:01:46.031","4vXcjRJJ7w2","18378578","[PREMIUM]","[PREMIUM]","[PREMIUM]","127","Section 127","11",4,"[]","2026-10-11 00:00:00","electronic","exchange",3,"[PREMIUM]","1,2,3,4"
"4vXcjRJmK5j","2026-08-26 23:59:47.848","2026-09-02 22:52:40.294","4vXcjRJmK5j","18378578","[PREMIUM]","[PREMIUM]","[PREMIUM]","117","Section 117","23",3,"[]","2026-10-12 00:00:00","electronic","exchange",2,"[PREMIUM]","3"
"5EjuZwNNgrg","2026-08-26 23:59:47.848","2026-09-07 23:01:46.031","5EjuZwNNgrg","18378578","[PREMIUM]","[PREMIUM]","[PREMIUM]","102","Section 102","23",6,"[]","2026-10-11 00:00:00","electronic","exchange",4,"[PREMIUM]","1,2,3,4,5,6"
"5EjuZwNNgbV","2026-08-26 23:59:47.848","2026-09-07 23:01:46.031","5EjuZwNNgbV","18378578","[PREMIUM]","[PREMIUM]","[PREMIUM]","112","Section 112","10",6,"[]","2026-10-11 00:00:00","electronic","exchange",2,"[PREMIUM]","1,2,3,4,5,6"
"5EjuZwNNBGY","2026-08-26 23:59:47.848","2026-09-08 23:16:05.860","5EjuZwNNBGY","18378578","[PREMIUM]","[PREMIUM]","[PREMIUM]","209","Section 209","13",4,"[]","2026-10-11 00:00:00","electronic","exchange",0,"[PREMIUM]","1,2,3,4"
"5EjuZwNN0xX","2026-08-26 23:59:47.848","2026-08-27 23:59:18.226","5EjuZwNN0xX","18378578","[PREMIUM]","[PREMIUM]","[PREMIUM]","128","Section 128","3",4,"[]","2026-10-11 00:00:00","electronic","exchange",0,"[PREMIUM]","1,2,3,4"
"5EjuZwNN0rA","2026-08-26 23:59:47.848","2026-09-08 23:16:05.860","5EjuZwNN0rA","18378578","[PREMIUM]","[PREMIUM]","[PREMIUM]","209","Section 209","13",4,"[]","2026-10-11 00:00:00","electronic","exchange",0,"[PREMIUM]","1,2,3,4"
"5EjuZwNN0mb","2026-08-26 23:59:47.848","2026-09-08 23:16:05.860","5EjuZwNN0mb","18378578","[PREMIUM]","[PREMIUM]","[PREMIUM]","109","Section 109","10",5,"[]","2026-10-11 00:00:00","electronic","exchange",1,"[PREMIUM]","1,2,3,4,5"
"5EjuZwNN02X","2026-08-26 23:59:47.848","2026-09-08 23:16:05.860","5EjuZwNN02X","18378578","[PREMIUM]","[PREMIUM]","[PREMIUM]","120","Section 120","9",7,"[]","2026-10-11 00:00:00","electronic","exchange",0,"[PREMIUM]","1,2,3,4,5,6,7"
"5EjuZwNN00n","2026-08-26 23:59:47.848","2026-09-08 23:16:05.860","5EjuZwNN00n","18378578","[PREMIUM]","[PREMIUM]","[PREMIUM]","213","Section 213","7",8,"[]","2026-10-11 00:00:00","electronic","exchange",1,"[PREMIUM]","1,2,3,4,5,6,7,8"
"5EjuZwNBVD0","2026-08-26 23:59:47.848","2026-08-26 23:59:47.848","5EjuZwNBVD0","18378578","[PREMIUM]","[PREMIUM]","[PREMIUM]","206","Section 206","14",5,"[]","2026-10-12 00:00:00","electronic","exchange",1,"[PREMIUM]","1,2,3,4,5"
"5EjuZwNzqxD","2026-08-26 23:59:47.848","2026-09-01 22:35:41.605","5EjuZwNzqxD","18378578","[PREMIUM]","[PREMIUM]","[PREMIUM]","215","Section 215","7",2,"[]","2026-10-12 00:00:00","electronic","exchange",2,"[PREMIUM]","2"
"5EjuZwNzqr0","2026-08-26 23:59:47.848","2026-09-08 23:16:05.860","5EjuZwNzqr0","18378578","[PREMIUM]","[PREMIUM]","[PREMIUM]","103","Section 103","6",8,"[]","2026-10-12 00:00:00","electronic","exchange",0,"[PREMIUM]","1,2,3,4,5,6,8"
"5EjuZwNzqqY","2026-08-26 23:59:47.848","2026-09-08 23:16:05.860","5EjuZwNzqqY","18378578","[PREMIUM]","[PREMIUM]","[PREMIUM]","112","Section 112","13",4,"[]","2026-10-12 00:00:00","electronic","exchange",1,"[PREMIUM]","2,4"
"5EjuZwNzqPr","2026-08-26 23:59:47.848","2026-09-08 23:16:05.860","5EjuZwNzqPr","18378578","[PREMIUM]","[PREMIUM]","[PREMIUM]","206","Section 206","4",5,"[]","2026-10-12 00:00:00","electronic","exchange",1,"[PREMIUM]","1,2,3,5"
"5EjuZwNzqMr","2026-08-26 23:59:47.848","2026-08-27 23:59:18.226","5EjuZwNzqMr","18378578","[PREMIUM]","[PREMIUM]","[PREMIUM]","204","Section 204","7",7,"[]","2026-10-12 00:00:00","electronic","exchange",2,"[PREMIUM]","1,2,3,4,5,7"
"5EjuZwNzq9E","2026-08-26 23:59:47.848","2026-09-08 23:16:05.860","5EjuZwNzq9E","18378578","[PREMIUM]","[PREMIUM]","[PREMIUM]","121","Section 121","14",7,"[]","2026-10-12 00:00:00","electronic","exchange",0,"[PREMIUM]","1,2,3,4,5,7"
"5EjuZwNmLMV","2026-08-26 23:59:47.848","2026-08-28 22:27:32.341","5EjuZwNmLMV","18378578","[PREMIUM]","[PREMIUM]","[PREMIUM]","115","Section 115","12",2,"[]","2026-10-12 00:00:00","electronic","exchange",2,"[PREMIUM]","2"
"6mOhkodbZJ9","2026-08-26 23:59:47.848","2026-08-27 23:59:18.226","6mOhkodbZJ9","18378578","[PREMIUM]","[PREMIUM]","[PREMIUM]","102","Section 102","19",3,"[]","2026-10-12 00:00:00","electronic","exchange",1,"[PREMIUM]","1,2,3"
"6mOhkodRgkd","2026-08-26 23:59:47.848","2026-08-30 11:22:44.680","6mOhkodRgkd","18378578","[PREMIUM]","[PREMIUM]","[PREMIUM]","104","Section 104","20",2,"[]","2026-10-12 00:00:00","electronic","exchange",0,"[PREMIUM]","2"
"6mOhkolnLKd","2026-08-26 23:59:47.848","2026-09-07 23:01:46.031","6mOhkolnLKd","18378578","[PREMIUM]","[PREMIUM]","[PREMIUM]","102","Section 102","5",5,"[]","2026-10-11 00:00:00","electronic","exchange",2,"[PREMIUM]","1,2,3,4,5"
"6mOhkolnLK6","2026-08-26 23:59:47.848","2026-09-07 23:01:46.031","6mOhkolnLK6","18378578","[PREMIUM]","[PREMIUM]","[PREMIUM]","101","Section 101","8",4,"[]","2026-10-11 00:00:00","electronic","exchange",1,"[PREMIUM]","1,2,3,4"
"6mOhkollvmG","2026-08-26 23:59:47.848","2026-09-08 23:16:05.860","6mOhkollvmG","18378578","[PREMIUM]","[PREMIUM]","[PREMIUM]","216","Section 216","4",8,"[]","2026-10-11 00:00:00","electronic","exchange",1,"[PREMIUM]","1,2,3,4,5,6,7,8"
"6mOhkollvYp","2026-08-26 23:59:47.848","2026-09-08 23:16:05.860","6mOhkollvYp","18378578","[PREMIUM]","[PREMIUM]","[PREMIUM]","109","Section 109","7",4,"[]","2026-10-11 00:00:00","electronic","exchange",1,"[PREMIUM]","1,2,3,4"
"6mOhkollvLr","2026-08-26 23:59:47.848","2026-09-08 23:16:05.860","6mOhkollvLr","18378578","[PREMIUM]","[PREMIUM]","[PREMIUM]","101","Section 101","6",6,"[]","2026-10-11 00:00:00","electronic","exchange",0,"[PREMIUM]","1,2,3,4,5,6"
"6mOhkollv9v","2026-08-26 23:59:47.848","2026-09-08 23:16:05.860","6mOhkollv9v","18378578","[PREMIUM]","[PREMIUM]","[PREMIUM]","204","Section 204","13",5,"[]","2026-10-11 00:00:00","electronic","exchange",0,"[PREMIUM]","1,2,3,4,5"
"6mOhkollv9O","2026-08-26 23:59:47.848","2026-09-07 23:01:46.031","6mOhkollv9O","18378578","[PREMIUM]","[PREMIUM]","[PREMIUM]","203","Section 203","7",8,"[]","2026-10-11 00:00:00","electronic","exchange",2,"[PREMIUM]","1,2,3,4,5,6,7,8"
"6mOhkollv7O","2026-08-26 23:59:47.848","2026-09-08 23:16:05.860","6mOhkollv7O","18378578","[PREMIUM]","[PREMIUM]","[PREMIUM]","123","Section 123","16",8,"[]","2026-10-11 00:00:00","electronic","exchange",1,"[PREMIUM]","1,2,3,4,5,6,7,8"
"6mOhkollv0v","2026-08-26 23:59:47.848","2026-08-30 11:22:44.680","6mOhkollv0v","18378578","[PREMIUM]","[PREMIUM]","[PREMIUM]","208","Section 208","6",7,"[]","2026-10-11 00:00:00","electronic","exchange",3,"[PREMIUM]","1,2,3,4,5,6,7"
"6mOhkollqVP","2026-08-26 23:59:47.848","2026-09-08 23:16:05.860","6mOhkollqVP","18378578","[PREMIUM]","[PREMIUM]","[PREMIUM]","210","Section 210","3",4,"[]","2026-10-11 00:00:00","electronic","exchange",1,"[PREMIUM]","1,2,3,4"
"6mOhkollq3w","2026-08-26 23:59:47.848","2026-09-08 23:16:05.860","6mOhkollq3w","18378578","[PREMIUM]","[PREMIUM]","[PREMIUM]","207","Section 207","7",8,"[]","2026-10-11 00:00:00","electronic","exchange",1,"[PREMIUM]","1,2,3,4,5,6,7,8"
"6mOhkollpYJ","2026-08-26 23:59:47.848","2026-09-02 22:52:40.294","6mOhkollpYJ","18378578","[PREMIUM]","[PREMIUM]","[PREMIUM]","202","Section 202","4",6,"[]","2026-10-11 00:00:00","electronic","exchange",3,"[PREMIUM]","1,2,3,4,5,6"
"6mOhkollmZr","2026-08-26 23:59:47.848","2026-09-08 23:16:05.860","6mOhkollmZr","18378578","[PREMIUM]","[PREMIUM]","[PREMIUM]","110","Section 110","8",8,"[]","2026-10-11 00:00:00","electronic","exchange",1,"[PREMIUM]","1,2,3,4,5,6,7,8"
"6mOhkollZYk","2026-08-26 23:59:47.848","2026-08-28 22:27:32.341","6mOhkollZYk","18378578","[PREMIUM]","[PREMIUM]","[PREMIUM]","121","Section 121","5",8,"[]","2026-10-11 00:00:00","electronic","exchange",2,"[PREMIUM]","1,2,3,4,5,6,7,8"
"6mOhkolzKY5","2026-08-26 23:59:47.848","2026-09-08 23:16:05.860","6mOhkolzKY5","18378578","[PREMIUM]","[PREMIUM]","[PREMIUM]","109","Section 109","7",4,"[]","2026-10-12 00:00:00","electronic","exchange",1,"[PREMIUM]","2,4"
"6mOhkolzKA4","2026-08-26 23:59:47.848","2026-09-08 23:16:05.860","6mOhkolzKA4","18378578","[PREMIUM]","[PREMIUM]","[PREMIUM]","226","Section 226","3",5,"[]","2026-10-12 00:00:00","electronic","exchange",1,"[PREMIUM]","1,2,3,5"
"6mOhkolzKxM","2026-08-26 23:59:47.848","2026-08-31 22:21:56.649","6mOhkolzKxM","18378578","[PREMIUM]","[PREMIUM]","[PREMIUM]","118","Section 118","20",6,"[]","2026-10-12 00:00:00","electronic","exchange",1,"[PREMIUM]","2,4,6"
"6mOhkolzKvo","2026-08-26 23:59:47.848","2026-09-08 23:16:05.860","6mOhkolzKvo","18378578","[PREMIUM]","[PREMIUM]","[PREMIUM]","210","Section 210","5",2,"[]","2026-10-12 00:00:00","electronic","exchange",1,"[PREMIUM]","2"
"6mOhkolzKrg","2026-08-26 23:59:47.848","2026-08-26 23:59:47.848","6mOhkolzKrg","18378578","[PREMIUM]","[PREMIUM]","[PREMIUM]","115","Section 115","24",2,"[]","2026-10-12 00:00:00","electronic","exchange",2,"[PREMIUM]","2"
"6mOhkolzKoL","2026-08-26 23:59:47.848","2026-09-08 23:16:05.860","6mOhkolzKoL","18378578","[PREMIUM]","[PREMIUM]","[PREMIUM]","220","Section 220","3",4,"[]","2026-10-12 00:00:00","electronic","exchange",2,"[PREMIUM]","2,4"
"6mOhkolzKmm","2026-08-26 23:59:47.848","2026-08-28 22:27:32.341","6mOhkolzKmm","18378578","[PREMIUM]","[PREMIUM]","[PREMIUM]","213","Section 213","4",9,"[]","2026-10-12 00:00:00","electronic","exchange",1,"[PREMIUM]","1,2,3,4,5,6,7,9"
"6mOhkolzKB5","2026-08-26 23:59:47.848","2026-09-08 23:16:05.860","6mOhkolzKB5","18378578","[PREMIUM]","[PREMIUM]","[PREMIUM]","101","Section 101","21",2,"[]","2026-10-12 00:00:00","electronic","exchange",1,"[PREMIUM]","2"
"6mOhkolzKVM","2026-08-26 23:59:47.848","2026-09-08 23:16:05.860","6mOhkolzKVM","18378578","[PREMIUM]","[PREMIUM]","[PREMIUM]","128","Section 128","18",4,"[]","2026-10-12 00:00:00","electronic","exchange",1,"[PREMIUM]","2,4"
"6mOhkolzKVo","2026-08-26 23:59:47.848","2026-09-02 22:52:40.294","6mOhkolzKVo","18378578","[PREMIUM]","[PREMIUM]","[PREMIUM]","202","Section 202","4",6,"[]","2026-10-12 00:00:00","electronic","exchange",2,"[PREMIUM]","2,4,6"
"6mOhkolzKYN","2026-08-26 23:59:47.848","2026-09-08 23:16:05.860","6mOhkolzKYN","18378578","[PREMIUM]","[PREMIUM]","[PREMIUM]","112","Section 112","9",2,"[]","2026-10-12 00:00:00","electronic","exchange",1,"[PREMIUM]","2"
"7KntAg8Jb0A","2026-08-26 23:59:47.848","2026-08-30 11:22:44.680","7KntAg8Jb0A","18378578","[PREMIUM]","[PREMIUM]","[PREMIUM]","102","Section 102","18",2,"[]","2026-10-12 00:00:00","electronic","exchange",4,"[PREMIUM]","2"
"7KntAg8BEqP","2026-08-26 23:59:47.848","2026-08-26 23:59:47.848","7KntAg8BEqP","18378578","[PREMIUM]","[PREMIUM]","[PREMIUM]","204","Section 204","7",7,"[]","2026-10-12 00:00:00","electronic","exchange",2,"[PREMIUM]","1,2,3,4,5,6,7"
"7KntAg88r9X","2026-08-26 23:59:47.848","2026-09-08 23:16:05.860","7KntAg88r9X","18378578","[PREMIUM]","[PREMIUM]","[PREMIUM]","124","Section 124","19",5,"[]","2026-10-11 00:00:00","electronic","exchange",1,"[PREMIUM]","1,2,3,4,5"
"7KntAg88MXo","2026-08-26 23:59:47.848","2026-09-08 23:16:05.860","7KntAg88MXo","18378578","[PREMIUM]","[PREMIUM]","[PREMIUM]","219","Section 219","4",4,"[]","2026-10-11 00:00:00","electronic","exchange",1,"[PREMIUM]","1,2,3,4"
"7KntAg88MOY","2026-08-26 23:59:47.848","2026-09-08 23:16:05.860","7KntAg88MOY","18378578","[PREMIUM]","[PREMIUM]","[PREMIUM]","102","Section 102","22",6,"[]","2026-10-11 00:00:00","electronic","exchange",1,"[PREMIUM]","1,2,3,4,5,6"
"7KntAg88MMG","2026-08-26 23:59:47.848","2026-08-28 22:27:32.341","7KntAg88MMG","18378578","[PREMIUM]","[PREMIUM]","[PREMIUM]","213","Section 213","4",8,"[]","2026-10-11 00:00:00","electronic","exchange",1,"[PREMIUM]","1,2,3,4,5,6,7,8"
"7KntAg88MJk","2026-08-26 23:59:47.848","2026-09-08 23:16:05.860","7KntAg88MJk","18378578","[PREMIUM]","[PREMIUM]","[PREMIUM]","101","Section 101","9",5,"[]","2026-10-11 00:00:00","electronic","exchange",1,"[PREMIUM]","1,2,3,4,5"
"7KntAg88DE5","2026-08-26 23:59:47.848","2026-09-07 23:01:46.031","7KntAg88DE5","18378578","[PREMIUM]","[PREMIUM]","[PREMIUM]","109","Section 109","7",4,"[]","2026-10-11 00:00:00","electronic","exchange",2,"[PREMIUM]","1,2,3,4"
"7KntAg8qexx","2026-08-26 23:59:47.848","2026-09-07 23:01:46.031","7KntAg8qexx","18378578","[PREMIUM]","[PREMIUM]","[PREMIUM]","203","Section 203","7",4,"[]","2026-10-12 00:00:00","electronic","exchange",2,"[PREMIUM]","2,4"
"7KntAg8qeoR","2026-08-26 23:59:47.848","2026-08-28 22:27:32.341","7KntAg8qeoR","18378578","[PREMIUM]","[PREMIUM]","[PREMIUM]","121","Section 121","3",7,"[]","2026-10-12 00:00:00","electronic","exchange",1,"[PREMIUM]","1,2,3,4,5,7"
"7KntAg8qek8","2026-08-26 23:59:47.848","2026-09-06 22:42:06.584","7KntAg8qek8","18378578","[PREMIUM]","[PREMIUM]","[PREMIUM]","102","Section 102","7",6,"[]","2026-10-12 00:00:00","electronic","exchange",1,"[PREMIUM]","2,4,6"
"7KntAg8qeXJ","2026-08-26 23:59:47.848","2026-09-08 23:16:05.860","7KntAg8qeXJ","18378578","[PREMIUM]","[PREMIUM]","[PREMIUM]","214","Section 214","8",2,"[]","2026-10-12 00:00:00","electronic","exchange",1,"[PREMIUM]","2"
"7KntAg8qePx","2026-08-26 23:59:47.848","2026-09-08 23:16:05.860","7KntAg8qePx","18378578","[PREMIUM]","[PREMIUM]","[PREMIUM]","204","Section 204","16",5,"[]","2026-10-12 00:00:00","electronic","exchange",0,"[PREMIUM]","1,2,3,5"
"7KntAg8aJe4","2026-08-26 23:59:47.848","2026-09-07 23:01:46.031","7KntAg8aJe4","18378578","[PREMIUM]","[PREMIUM]","[PREMIUM]","101","Section 101","8",4,"[]","2026-10-11 00:00:00","electronic","exchange",1,"[PREMIUM]","1,2,3,4"
"7KntAgpZ8ZP","2026-08-26 23:59:47.848","2026-08-27 23:59:18.226","7KntAgpZ8ZP","18378578","[PREMIUM]","[PREMIUM]","[PREMIUM]","102","Section 102","6",2,"[]","2026-10-12 00:00:00","electronic","exchange",0,"[PREMIUM]","2"
"8lKt6alRoN3","2026-08-26 23:59:47.848","2026-08-27 23:59:18.226","8lKt6alRoN3","18378578","[PREMIUM]","[PREMIUM]","[PREMIUM]","102","Section 102","3",4,"[]","2026-10-12 00:00:00","electronic","exchange",2,"[PREMIUM]","1,2,3,4"
"8lKt6alRM2n","2026-08-26 23:59:47.848","2026-08-28 22:27:32.341","8lKt6alRM2n","18378578","[PREMIUM]","[PREMIUM]","[PREMIUM]","124","Section 124","19",6,"[]","2026-10-12 00:00:00","electronic","exchange",2,"[PREMIUM]","1,2,3,4,5,6"
"8lKt6alR6Ax","2026-08-26 23:59:47.848","2026-08-30 11:22:44.680","8lKt6alR6Ax","18378578","[PREMIUM]","[PREMIUM]","[PREMIUM]","201","Section 201","10",5,"[]","2026-10-12 00:00:00","electronic","exchange",1,"[PREMIUM]","2,3,4,5"
"8lKt6al53op","2026-08-26 23:59:47.848","2026-09-08 23:16:05.860","8lKt6al53op","18378578","[PREMIUM]","[PREMIUM]","[PREMIUM]","114","Section 114","5",8,"[]","2026-10-12 00:00:00","electronic","exchange",1,"[PREMIUM]","1,2,3,4,5,6,8"
"8lKt6al53mJ","2026-08-26 23:59:47.848","2026-09-08 23:16:05.860","8lKt6al53mJ","18378578","[PREMIUM]","[PREMIUM]","[PREMIUM]","208","Section 208","7",2,"[]","2026-10-12 00:00:00","electronic","exchange",1,"[PREMIUM]","2"
"8lKt6al53kY","2026-08-26 23:59:47.848","2026-09-08 23:16:05.860","8lKt6al53kY","18378578","[PREMIUM]","[PREMIUM]","[PREMIUM]","210","Section 210","15",4,"[]","2026-10-12 00:00:00","electronic","exchange",0,"[PREMIUM]","2,4"
"8lKt6al53Rr","2026-08-26 23:59:47.848","2026-09-08 23:16:05.860","8lKt6al53Rr","18378578","[PREMIUM]","[PREMIUM]","[PREMIUM]","107","Section 107","10",2,"[]","2026-10-12 00:00:00","electronic","exchange",1,"[PREMIUM]","2"
"8lKt6al53D8","2026-08-26 23:59:47.848","2026-09-08 23:16:05.860","8lKt6al53D8","18378578","[PREMIUM]","[PREMIUM]","[PREMIUM]","215","Section 215","11",8,"[]","2026-10-12 00:00:00","electronic","exchange",1,"[PREMIUM]","1,2,3,4,5,6,8"
"8lKt6al532R","2026-08-26 23:59:47.848","2026-09-08 23:16:05.860","8lKt6al532R","18378578","[PREMIUM]","[PREMIUM]","[PREMIUM]","126","Section 126","18",6,"[]","2026-10-12 00:00:00","electronic","exchange",0,"[PREMIUM]","2,4,6"
"8lKt6al0LDX","2026-08-26 23:59:47.848","2026-09-08 23:16:05.860","8lKt6al0LDX","18378578","[PREMIUM]","[PREMIUM]","[PREMIUM]","218","Section 218","10",3,"[]","2026-10-12 00:00:00","electronic","exchange",0,"[PREMIUM]","1,2,3"
"8lKt6allzkk","2026-08-26 23:59:47.848","2026-09-07 23:01:46.031","8lKt6allzkk","18378578","[PREMIUM]","[PREMIUM]","[PREMIUM]","116","Section 116","19",5,"[]","2026-10-11 00:00:00","electronic","exchange",3,"[PREMIUM]","1,2,3,4,5"
"8lKt6allmva","2026-08-26 23:59:47.848","2026-09-02 22:52:40.294","8lKt6allmva","18378578","[PREMIUM]","[PREMIUM]","[PREMIUM]","103","Section 103","9",2,"[]","2026-10-11 00:00:00","electronic","exchange",2,"[PREMIUM]","1,2"
"8lKt6allmm0","2026-08-26 23:59:47.848","2026-09-08 23:16:05.860","8lKt6allmm0","18378578","[PREMIUM]","[PREMIUM]","[PREMIUM]","215","Section 215","6",5,"[]","2026-10-11 00:00:00","electronic","exchange",1,"[PREMIUM]","1,2,3,4,5"
"8lKt6allkVw","2026-08-26 23:59:47.848","2026-09-07 23:01:46.031","8lKt6allkVw","18378578","[PREMIUM]","[PREMIUM]","[PREMIUM]","127","Section 127","6",4,"[]","2026-10-11 00:00:00","electronic","exchange",2,"[PREMIUM]","1,2,3,4"
"8lKt6allVvE","2026-08-26 23:59:47.848","2026-09-08 23:16:05.860","8lKt6allVvE","18378578","[PREMIUM]","[PREMIUM]","[PREMIUM]","120","Section 120","15",8,"[]","2026-10-11 00:00:00","electronic","exchange",1,"[PREMIUM]","1,2,3,4,5,6,7,8"
"8lKt6allVRd","2026-08-26 23:59:47.848","2026-09-08 23:16:05.860","8lKt6allVRd","18378578","[PREMIUM]","[PREMIUM]","[PREMIUM]","126","Section 126","21",6,"[]","2026-10-11 00:00:00","electronic","exchange",1,"[PREMIUM]","1,2,3,4,5,6"
"8lKt6allKK2","2026-08-26 23:59:47.848","2026-09-08 23:16:05.860","8lKt6allKK2","18378578","[PREMIUM]","[PREMIUM]","[PREMIUM]","206","Section 206","15",4,"[]","2026-10-11 00:00:00","electronic","exchange",1,"[PREMIUM]","1,2,3,4"
"8lKt6all4NN","2026-08-26 23:59:47.848","2026-08-27 23:59:18.226","8lKt6all4NN","18378578","[PREMIUM]","[PREMIUM]","[PREMIUM]","204","Section 204","7",7,"[]","2026-10-11 00:00:00","electronic","exchange",2,"[PREMIUM]","1,2,3,4,5,6,7"
"9P2c5MjDxqr","2026-08-26 23:59:47.848","2026-09-04 22:46:59.154","9P2c5MjDxqr","18378578","[PREMIUM]","[PREMIUM]","[PREMIUM]","220","Section 220","3",4,"[]","2026-10-12 00:00:00","electronic","exchange",2,"[PREMIUM]","2,4"
"9P2c5MjDxqa","2026-08-26 23:59:47.848","2026-09-08 23:16:05.860","9P2c5MjDxqa","18378578","[PREMIUM]","[PREMIUM]","[PREMIUM]","227","Section 227","3",2,"[]","2026-10-12 00:00:00","electronic","exchange",2,"[PREMIUM]","2"
"9P2c5MjDxo3","2026-08-26 23:59:47.848","2026-08-31 22:21:56.649","9P2c5MjDxo3","18378578","[PREMIUM]","[PREMIUM]","[PREMIUM]","213","Section 213","6",6,"[]","2026-10-12 00:00:00","electronic","exchange",1,"[PREMIUM]","2,4,6"
"9P2c5MjDxVg","2026-08-26 23:59:47.848","2026-09-08 23:16:05.860","9P2c5MjDxVg","18378578","[PREMIUM]","[PREMIUM]","[PREMIUM]","101","Section 101","22",2,"[]","2026-10-12 00:00:00","electronic","exchange",1,"[PREMIUM]","2"
"9P2c5MjDxRq","2026-08-26 23:59:47.848","2026-09-08 23:16:05.860","9P2c5MjDxRq","18378578","[PREMIUM]","[PREMIUM]","[PREMIUM]","202","Section 202","8",7,"[]","2026-10-12 00:00:00","electronic","exchange",1,"[PREMIUM]","1,2,3,4,5,7"
"9P2c5MjDxR9","2026-08-26 23:59:47.848","2026-09-08 23:16:05.860","9P2c5MjDxR9","18378578","[PREMIUM]","[PREMIUM]","[PREMIUM]","128","Section 128","19",4,"[]","2026-10-12 00:00:00","electronic","exchange",2,"[PREMIUM]","2,4"
"9P2c5MjDxP9","2026-08-26 23:59:47.848","2026-09-03 22:53:29.035","9P2c5MjDxP9","18378578","[PREMIUM]","[PREMIUM]","[PREMIUM]","118","Section 118","21",4,"[]","2026-10-12 00:00:00","electronic","exchange",1,"[PREMIUM]","2,4"
"9P2c5MjDxE4","2026-08-26 23:59:47.848","2026-08-26 23:59:47.848","9P2c5MjDxE4","18378578","[PREMIUM]","[PREMIUM]","[PREMIUM]","115","Section 115","24",2,"[]","2026-10-12 00:00:00","electronic","exchange",2,"[PREMIUM]","2"
"9P2c5MjDxBq","2026-08-26 23:59:47.848","2026-09-08 23:16:05.860","9P2c5MjDxBq","18378578","[PREMIUM]","[PREMIUM]","[PREMIUM]","210","Section 210","5",2,"[]","2026-10-12 00:00:00","electronic","exchange",1,"[PREMIUM]","2"
"9P2c5MjDx4g","2026-08-26 23:59:47.848","2026-09-08 23:16:05.860","9P2c5MjDx4g","18378578","[PREMIUM]","[PREMIUM]","[PREMIUM]","109","Section 109","8",2,"[]","2026-10-12 00:00:00","electronic","exchange",1,"[PREMIUM]","2"
"9P2c5MjAllD","2026-08-26 23:59:47.848","2026-08-26 23:59:47.848","9P2c5MjAllD","18378578","[PREMIUM]","[PREMIUM]","[PREMIUM]","120","Section 120","18",5,"[]","2026-10-12 00:00:00","electronic","exchange",2,"[PREMIUM]","1,2,3,4,5"
"9P2c5MjANGM","2026-08-26 23:59:47.848","2026-08-26 23:59:47.848","9P2c5MjANGM","18378578","[PREMIUM]","[PREMIUM]","[PREMIUM]","117","Section 117","23",4,"[]","2026-10-12 00:00:00","electronic","exchange",1,"[PREMIUM]","2,4"
"9P2c5MjjNqG","2026-08-26 23:59:47.848","2026-09-02 22:52:40.294","9P2c5MjjNqG","18378578","[PREMIUM]","[PREMIUM]","[PREMIUM]","202","Section 202","16",5,"[]","2026-10-11 00:00:00","electronic","exchange",2,"[PREMIUM]","1,2,3,4,5"
"9P2c5MjjBoX","2026-08-26 23:59:47.848","2026-09-08 23:16:05.860","9P2c5MjjBoX","18378578","[PREMIUM]","[PREMIUM]","[PREMIUM]","216","Section 216","6",7,"[]","2026-10-11 00:00:00","electronic","exchange",1,"[PREMIUM]","1,2,3,4,5,6,7"
"9P2c5MjjBOo","2026-08-26 23:59:47.848","2026-08-28 22:27:32.341","9P2c5MjjBOo","18378578","[PREMIUM]","[PREMIUM]","[PREMIUM]","102","Section 102","19",6,"[]","2026-10-11 00:00:00","electronic","exchange",3,"[PREMIUM]","1,2,3,4,5,6"
"9P2c5MjjBOM","2026-08-26 23:59:47.848","2026-09-06 22:42:06.584","9P2c5MjjBOM","18378578","[PREMIUM]","[PREMIUM]","[PREMIUM]","102","Section 102","7",6,"[]","2026-10-11 00:00:00","electronic","exchange",1,"[PREMIUM]","1,2,3,4,5,6"
"9P2c5MjjBLo","2026-08-26 23:59:47.848","2026-09-08 23:16:05.860","9P2c5MjjBLo","18378578","[PREMIUM]","[PREMIUM]","[PREMIUM]","104","Section 104","6",7,"[]","2026-10-11 00:00:00","electronic","exchange",1,"[PREMIUM]","1,2,3,4,5,6,7"
"9P2c5MjjBBX","2026-08-26 23:59:47.848","2026-09-05 22:56:28.839","9P2c5MjjBBX","18378578","[PREMIUM]","[PREMIUM]","[PREMIUM]","212","Section 212","5",5,"[]","2026-10-11 00:00:00","electronic","exchange",2,"[PREMIUM]","1,2,3,4,5"
"9P2c5MjjB6Y","2026-08-26 23:59:47.848","2026-09-08 23:16:05.860","9P2c5MjjB6Y","18378578","[PREMIUM]","[PREMIUM]","[PREMIUM]","101","Section 101","7",4,"[]","2026-10-11 00:00:00","electronic","exchange",0,"[PREMIUM]","1,2,3,4"
"9P2c5MjjB5n","2026-08-26 23:59:47.848","2026-09-08 23:16:05.860","9P2c5MjjB5n","18378578","[PREMIUM]","[PREMIUM]","[PREMIUM]","115","Section 115","5",3,"[]","2026-10-11 00:00:00","electronic","exchange",0,"[PREMIUM]","1,2,3"
"9P2c5MjjwR6","2026-08-26 23:59:47.848","2026-08-30 11:22:44.680","9P2c5MjjwR6","18378578","[PREMIUM]","[PREMIUM]","[PREMIUM]","203","Section 203","7",8,"[]","2026-10-11 00:00:00","electronic","exchange",2,"[PREMIUM]","1,2,3,4,5,6,7,8"
"9P2c5Mjjw7k","2026-08-26 23:59:47.848","2026-09-08 23:16:05.860","9P2c5Mjjw7k","18378578","[PREMIUM]","[PREMIUM]","[PREMIUM]","211","Section 211","7",4,"[]","2026-10-11 00:00:00","electronic","exchange",1,"[PREMIUM]","1,2,3,4"
"9P2c5MjjrXO","2026-08-26 23:59:47.848","2026-09-07 23:01:46.031","9P2c5MjjrXO","18378578","[PREMIUM]","[PREMIUM]","[PREMIUM]","102","Section 102","6",4,"[]","2026-10-11 00:00:00","electronic","exchange",1,"[PREMIUM]","1,2,3,4"
"9P2c5MjjrVY","2026-08-26 23:59:47.848","2026-09-07 23:01:46.031","9P2c5MjjrVY","18378578","[PREMIUM]","[PREMIUM]","[PREMIUM]","117","Section 117","6",4,"[]","2026-10-11 00:00:00","electronic","exchange",2,"[PREMIUM]","1,2,3,4"
"9P2c5MjjrDj","2026-08-26 23:59:47.848","2026-09-07 23:01:46.031","9P2c5MjjrDj","18378578","[PREMIUM]","[PREMIUM]","[PREMIUM]","103","Section 103","7",8,"[]","2026-10-11 00:00:00","electronic","exchange",1,"[PREMIUM]","1,2,3,4,5,6,7,8"
"9P2c5Mjjr4x","2026-08-26 23:59:47.848","2026-09-07 23:01:46.031","9P2c5Mjjr4x","18378578","[PREMIUM]","[PREMIUM]","[PREMIUM]","126","Section 126","11",4,"[]","2026-10-11 00:00:00","electronic","exchange",1,"[PREMIUM]","1,2,3,4"
"9P2c5MjjorY","2026-08-26 23:59:47.848","2026-09-08 23:16:05.860","9P2c5MjjorY","18378578","[PREMIUM]","[PREMIUM]","[PREMIUM]","110","Section 110","9",8,"[]","2026-10-11 00:00:00","electronic","exchange",1,"[PREMIUM]","1,2,3,4,5,6,7,8"
"9P2c5Mjjo0L","2026-08-26 23:59:47.848","2026-08-27 23:59:18.226","9P2c5Mjjo0L","18378578","[PREMIUM]","[PREMIUM]","[PREMIUM]","202","Section 202","12",4,"[]","2026-10-11 00:00:00","electronic","exchange",1,"[PREMIUM]","1,2,3,4"
"9P2c5MjjeVK","2026-08-26 23:59:47.848","2026-09-08 23:16:05.860","9P2c5MjjeVK","18378578","[PREMIUM]","[PREMIUM]","[PREMIUM]","118","Section 118","23",4,"[]","2026-10-11 00:00:00","electronic","exchange",1,"[PREMIUM]","1,2,3,4"
"9P2c5MjjbwP","2026-08-26 23:59:47.848","2026-09-08 23:16:05.860","9P2c5MjjbwP","18378578","[PREMIUM]","[PREMIUM]","[PREMIUM]","208","Section 208","13",4,"[]","2026-10-11 00:00:00","electronic","exchange",0,"[PREMIUM]","1,2,3,4"
"9P2c5Mpvm5E","2026-08-26 23:59:47.848","2026-08-30 11:22:44.680","9P2c5Mpvm5E","18378578","[PREMIUM]","[PREMIUM]","[PREMIUM]","104","Section 104","20",3,"[]","2026-10-12 00:00:00","electronic","exchange",0,"[PREMIUM]","3"
"A6rs2K8N9jZ","2026-08-26 23:59:47.848","2026-08-27 23:59:18.226","A6rs2K8N9jZ","18378578","[PREMIUM]","[PREMIUM]","[PREMIUM]","115","Section 115","22",4,"[]","2026-10-12 00:00:00","electronic","exchange",1,"[PREMIUM]","1,2,3,4"
"A6rs2K8waz2","2026-08-26 23:59:47.848","2026-09-08 23:16:05.860","A6rs2K8waz2","18378578","[PREMIUM]","[PREMIUM]","[PREMIUM]","113","Section 113","22",3,"['3','4','5']","2026-10-12 00:00:00","electronic","exchange",1,"[PREMIUM]","1,2,3"
"A6rs2Kq0npn","2026-08-26 23:59:47.848","2026-09-08 23:16:05.860","A6rs2Kq0npn","18378578","[PREMIUM]","[PREMIUM]","[PREMIUM]","104","Section 104","20",2,"[]","2026-10-12 00:00:00","electronic","exchange",0,"[PREMIUM]","2"
"A6rs2Kq0nmb","2026-08-26 23:59:47.848","2026-09-08 23:16:05.860","A6rs2Kq0nmb","18378578","[PREMIUM]","[PREMIUM]","[PREMIUM]","207","Section 207","7",11,"[]","2026-10-12 00:00:00","electronic","exchange",1,"[PREMIUM]","1,2,3,4,5,6,7,8,9,11"
"A6rs2Kq0ndK","2026-08-26 23:59:47.848","2026-09-08 23:16:05.860","A6rs2Kq0ndK","18378578","[PREMIUM]","[PREMIUM]","[PREMIUM]","112","Section 112","23",2,"[]","2026-10-12 00:00:00","electronic","exchange",1,"[PREMIUM]","2"
"A6rs2Kq0nV4","2026-08-26 23:59:47.848","2026-09-08 23:16:05.860","A6rs2Kq0nV4","18378578","[PREMIUM]","[PREMIUM]","[PREMIUM]","124","Section 124","19",5,"[]","2026-10-12 00:00:00","electronic","exchange",1,"[PREMIUM]","1,2,3,5"
"A6rs2Kq0nEn","2026-08-26 23:59:47.848","2026-08-26 23:59:47.848","A6rs2Kq0nEn","18378578","[PREMIUM]","[PREMIUM]","[PREMIUM]","106","Section 106","8",5,"[]","2026-10-12 00:00:00","electronic","exchange",2,"[PREMIUM]","1,2,3,5"
"A6rs2Kqqmmm","2026-08-26 23:59:47.848","2026-09-03 22:53:29.035","A6rs2Kqqmmm","18378578","[PREMIUM]","[PREMIUM]","[PREMIUM]","214","Section 214","8",4,"[]","2026-10-11 00:00:00","electronic","exchange",2,"[PREMIUM]","1,2,3,4"
"A6rs2Kqqmj6","2026-08-26 23:59:47.848","2026-09-08 23:16:05.860","A6rs2Kqqmj6","18378578","[PREMIUM]","[PREMIUM]","[PREMIUM]","128","Section 128","18",4,"[]","2026-10-11 00:00:00","electronic","exchange",2,"[PREMIUM]","1,2,3,4"
"A6rs2Kqqme6","2026-08-26 23:59:47.848","2026-09-08 23:16:05.860","A6rs2Kqqme6","18378578","[PREMIUM]","[PREMIUM]","[PREMIUM]","226","Section 226","3",5,"[]","2026-10-11 00:00:00","electronic","exchange",1,"[PREMIUM]","1,2,3,4,5"
"A6rs2KqqmRG","2026-08-26 23:59:47.848","2026-09-08 23:16:05.860","A6rs2KqqmRG","18378578","[PREMIUM]","[PREMIUM]","[PREMIUM]","206","Section 206","10",5,"[]","2026-10-11 00:00:00","electronic","exchange",0,"[PREMIUM]","1,2,3,4,5"
"A6rs2Kqqm22","2026-08-26 23:59:47.848","2026-09-08 23:16:05.860","A6rs2Kqqm22","18378578","[PREMIUM]","[PREMIUM]","[PREMIUM]","116","Section 116","3",4,"[]","2026-10-11 00:00:00","electronic","exchange",2,"[PREMIUM]","1,2,3,4"
"A6rs2Kqqbn6","2026-08-26 23:59:47.848","2026-09-08 23:16:05.860","A6rs2Kqqbn6","18378578","[PREMIUM]","[PREMIUM]","[PREMIUM]","219","Section 219","4",4,"[]","2026-10-11 00:00:00","electronic","exchange",1,"[PREMIUM]","1,2,3,4"
"A6rs2KqqbX9","2026-08-26 23:59:47.848","2026-09-05 22:56:28.839","A6rs2KqqbX9","18378578","[PREMIUM]","[PREMIUM]","[PREMIUM]","212","Section 212","5",5,"[]","2026-10-11 00:00:00","electronic","exchange",2,"[PREMIUM]","1,2,3,4,5"
"A6rs2Kqqaax","2026-08-26 23:59:47.848","2026-08-28 22:27:32.341","A6rs2Kqqaax","18378578","[PREMIUM]","[PREMIUM]","[PREMIUM]","213","Section 213","13",8,"[]","2026-10-11 00:00:00","electronic","exchange",1,"[PREMIUM]","1,2,3,4,5,6,7,8"
"A6rs2KqqBg0","2026-08-26 23:59:47.848","2026-08-28 22:27:32.341","A6rs2KqqBg0","18378578","[PREMIUM]","[PREMIUM]","[PREMIUM]","121","Section 121","3",7,"[]","2026-10-11 00:00:00","electronic","exchange",1,"[PREMIUM]","1,2,3,4,5,6,7"
"A6rs2Kqq6gO","2026-08-26 23:59:47.848","2026-09-08 23:16:05.860","A6rs2Kqq6gO","18378578","[PREMIUM]","[PREMIUM]","[PREMIUM]","126","Section 126","20",4,"[]","2026-10-11 00:00:00","electronic","exchange",1,"[PREMIUM]","1,2,3,4"
"A6rs2Kqq6Vn","2026-08-26 23:59:47.848","2026-09-08 23:16:05.860","A6rs2Kqq6Vn","18378578","[PREMIUM]","[PREMIUM]","[PREMIUM]","109","Section 109","19",4,"[]","2026-10-11 00:00:00","electronic","exchange",0,"[PREMIUM]","1,2,3,4"
"A6rs2Kqq6RR","2026-08-26 23:59:47.848","2026-09-08 23:16:05.860","A6rs2Kqq6RR","18378578","[PREMIUM]","[PREMIUM]","[PREMIUM]","120","Section 120","9",7,"[]","2026-10-11 00:00:00","electronic","exchange",0,"[PREMIUM]","1,2,3,4,5,6,7"
"A6rs2Kqgdma","2026-08-26 23:59:47.848","2026-08-27 23:59:18.226","A6rs2Kqgdma","18378578","[PREMIUM]","[PREMIUM]","[PREMIUM]","101","Section 101","4",2,"[]","2026-10-12 00:00:00","electronic","exchange",1,"[PREMIUM]","2"
"BALImM44rXY","2026-08-26 23:59:47.848","2026-09-08 23:16:05.860","BALImM44rXY","18378578","[PREMIUM]","[PREMIUM]","[PREMIUM]","202","Section 202","16",4,"[]","2026-10-11 00:00:00","electronic","exchange",1,"[PREMIUM]","1,2,3,4"
"BALImM44nzD","2026-08-26 23:59:47.848","2026-09-08 23:16:05.860","BALImM44nzD","18378578","[PREMIUM]","[PREMIUM]","[PREMIUM]","206","Section 206","14",6,"[]","2026-10-11 00:00:00","electronic","exchange",1,"[PREMIUM]","1,2,3,4,5,6"
"BALImM44nwk","2026-08-26 23:59:47.848","2026-09-08 23:16:05.860","BALImM44nwk","18378578","[PREMIUM]","[PREMIUM]","[PREMIUM]","121","Section 121","11",6,"[]","2026-10-11 00:00:00","electronic","exchange",0,"[PREMIUM]","1,2,3,4,5,6"
"BALImM44nnK","2026-08-26 23:59:47.848","2026-09-08 23:16:05.860","BALImM44nnK","18378578","[PREMIUM]","[PREMIUM]","[PREMIUM]","116","Section 116","19",5,"[]","2026-10-11 00:00:00","electronic","exchange",1,"[PREMIUM]","1,2,3,4,5"
"BALImM44nbk","2026-08-26 23:59:47.848","2026-09-08 23:16:05.860","BALImM44nbk","18378578","[PREMIUM]","[PREMIUM]","[PREMIUM]","102","Section 102","5",6,"[]","2026-10-11 00:00:00","electronic","exchange",1,"[PREMIUM]","1,2,3,4,5,6"
"BALImM44nKD","2026-08-26 23:59:47.848","2026-09-08 23:16:05.860","BALImM44nKD","18378578","[PREMIUM]","[PREMIUM]","[PREMIUM]","106","Section 106","7",6,"[]","2026-10-11 00:00:00","electronic","exchange",1,"[PREMIUM]","1,2,3,4,5,6"
"BALImM44dne","2026-08-26 23:59:47.848","2026-09-02 22:52:40.294","BALImM44dne","18378578","[PREMIUM]","[PREMIUM]","[PREMIUM]","205","Section 205","4",4,"[]","2026-10-11 00:00:00","electronic","exchange",2,"[PREMIUM]","1,2,3,4"
"BALImM44dEj","2026-08-26 23:59:47.848","2026-08-30 11:22:44.680","BALImM44dEj","18378578","[PREMIUM]","[PREMIUM]","[PREMIUM]","203","Section 203","5",4,"[]","2026-10-11 00:00:00","electronic","exchange",1,"[PREMIUM]","1,2,3,4"
"BALImM44an3","2026-08-26 23:59:47.848","2026-09-08 23:16:05.860","BALImM44an3","18378578","[PREMIUM]","[PREMIUM]","[PREMIUM]","107","Section 107","22",4,"[]","2026-10-11 00:00:00","electronic","exchange",1,"[PREMIUM]","1,2,3,4"
"BALImM442R9","2026-08-26 23:59:47.848","2026-09-07 23:01:46.031","BALImM442R9","18378578","[PREMIUM]","[PREMIUM]","[PREMIUM]","113","Section 113","13",4,"[]","2026-10-11 00:00:00","electronic","exchange",4,"[PREMIUM]","1,2,3,4"
"BALImM4lJkY","2026-08-26 23:59:47.848","2026-08-26 23:59:47.848","BALImM4lJkY","18378578","[PREMIUM]","[PREMIUM]","[PREMIUM]","101","Section 101","5",2,"[]","2026-10-12 00:00:00","electronic","exchange",0,"[PREMIUM]","2"
"BALImM4RBn5","2026-08-26 23:59:47.848","2026-09-08 23:16:05.860","BALImM4RBn5","18378578","[PREMIUM]","[PREMIUM]","[PREMIUM]","208","Section 208","7",8,"[]","2026-10-12 00:00:00","electronic","exchange",1,"[PREMIUM]","1,2,3,4,5,6,8"
"BALImM4RBld","2026-08-26 23:59:47.848","2026-09-08 23:16:05.860","BALImM4RBld","18378578","[PREMIUM]","[PREMIUM]","[PREMIUM]","107","Section 107","9",2,"[]","2026-10-12 00:00:00","electronic","exchange",1,"[PREMIUM]","2"
"BALImM4RBj6","2026-08-26 23:59:47.848","2026-09-08 23:16:05.860","BALImM4RBj6","18378578","[PREMIUM]","[PREMIUM]","[PREMIUM]","126","Section 126","13",3,"[]","2026-10-12 00:00:00","electronic","exchange",1,"[PREMIUM]","3"
"BALImM4RB04","2026-08-26 23:59:47.848","2026-09-08 23:16:05.860","BALImM4RB04","18378578","[PREMIUM]","[PREMIUM]","[PREMIUM]","114","Section 114","4",2,"[]","2026-10-12 00:00:00","electronic","exchange",0,"[PREMIUM]","2"
"DdwHkMZEg9R","2026-08-26 23:59:47.848","2026-08-31 22:21:56.649","DdwHkMZEg9R","18378578","[PREMIUM]","[PREMIUM]","[PREMIUM]","104","Section 104","24",4,"[]","2026-10-12 00:00:00","electronic","exchange",2,"[PREMIUM]","1,2,3,4"
"DdwHkMlladD","2026-08-26 23:59:47.848","2026-09-08 23:16:05.860","DdwHkMlladD","18378578","[PREMIUM]","[PREMIUM]","[PREMIUM]","213","Section 213","6",6,"[]","2026-10-11 00:00:00","electronic","exchange",1,"[PREMIUM]","1,2,3,4,5,6"
"DdwHkMllY5A","2026-08-26 23:59:47.848","2026-09-01 22:35:41.605","DdwHkMllY5A","18378578","[PREMIUM]","[PREMIUM]","[PREMIUM]","117","Section 117","4",4,"[]","2026-10-12 00:00:00","electronic","exchange",0,"[PREMIUM]","1,2,3,4"
"DdwHkMllLDo","2026-08-26 23:59:47.848","2026-09-02 22:52:40.294","DdwHkMllLDo","18378578","[PREMIUM]","[PREMIUM]","[PREMIUM]","103","Section 103","9",2,"[]","2026-10-11 00:00:00","electronic","exchange",2,"[PREMIUM]","1,2"
"DdwHkMllL56","2026-08-26 23:59:47.848","2026-09-07 23:01:46.031","DdwHkMllL56","18378578","[PREMIUM]","[PREMIUM]","[PREMIUM]","112","Section 112","13",4,"[]","2026-10-11 00:00:00","electronic","exchange",4,"[PREMIUM]","1,2,3,4"
"DdwHkMll2nY","2026-08-26 23:59:47.848","2026-09-08 23:16:05.860","DdwHkMll2nY","18378578","[PREMIUM]","[PREMIUM]","[PREMIUM]","120","Section 120","18",4,"[]","2026-10-11 00:00:00","electronic","exchange",1,"[PREMIUM]","1,2,3,4"
"DdwHkMll29V","2026-08-26 23:59:47.848","2026-09-08 23:16:05.860","DdwHkMll29V","18378578","[PREMIUM]","[PREMIUM]","[PREMIUM]","104","Section 104","24",4,"[]","2026-10-11 00:00:00","electronic","exchange",1,"[PREMIUM]","1,2,3,4"
"DdwHkMlE3vX","2026-08-26 23:59:47.848","2026-08-27 23:59:18.226","DdwHkMlE3vX","18378578","[PREMIUM]","[PREMIUM]","[PREMIUM]","117","Section 117","9",4,"[]","2026-10-10 00:00:00","electronic","exchange",2,"[PREMIUM]","1,2,3,4"
"DdwHkMlDzJb","2026-08-26 23:59:47.848","2026-09-07 23:01:46.031","DdwHkMlDzJb","18378578","[PREMIUM]","[PREMIUM]","[PREMIUM]","124","Section 124","17",4,"[]","2026-10-12 00:00:00","electronic","exchange",1,"[PREMIUM]","2,4"
"DdwHkMlDz9q","2026-08-26 23:59:47.848","2026-09-08 23:16:05.860","DdwHkMlDz9q","18378578","[PREMIUM]","[PREMIUM]","[PREMIUM]","104","Section 104","8",4,"[]","2026-10-12 00:00:00","electronic","exchange",1,"[PREMIUM]","2,4"
"DdwHkMlDz7q","2026-08-26 23:59:47.848","2026-09-08 23:16:05.860","DdwHkMlDz7q","18378578","[PREMIUM]","[PREMIUM]","[PREMIUM]","106","Section 106","6",7,"[]","2026-10-12 00:00:00","electronic","exchange",1,"[PREMIUM]","1,2,3,4,5,7"
"DdwHkMlDz2L","2026-08-26 23:59:47.848","2026-09-08 23:16:05.860","DdwHkMlDz2L","18378578","[PREMIUM]","[PREMIUM]","[PREMIUM]","207","Section 207","2",2,"[]","2026-10-12 00:00:00","electronic","exchange",2,"[PREMIUM]","2"
"DdwHkMlln3M","2026-08-26 23:59:47.848","2026-09-08 23:16:05.860","DdwHkMlln3M","18378578","[PREMIUM]","[PREMIUM]","[PREMIUM]","126","Section 126","20",4,"[]","2026-10-11 00:00:00","electronic","exchange",0,"[PREMIUM]","1,2,3,4"
"DdwHkMloaJ5","2026-08-26 23:59:47.848","2026-08-30 11:22:44.680","DdwHkMloaJ5","18378578","[PREMIUM]","[PREMIUM]","[PREMIUM]","203","Section 203","8",3,"[]","2026-10-12 00:00:00","electronic","exchange",1,"[PREMIUM]","3"
"DdwHkMlloap","2026-08-26 23:59:47.848","2026-09-06 22:42:06.584","DdwHkMlloap","18378578","[PREMIUM]","[PREMIUM]","[PREMIUM]","211","Section 211","11",8,"[]","2026-10-11 00:00:00","electronic","exchange",1,"[PREMIUM]","1,2,3,4,5,6,7,8"
"DdwHkMllrMz","2026-08-26 23:59:47.848","2026-09-07 23:01:46.031","DdwHkMllrMz","18378578","[PREMIUM]","[PREMIUM]","[PREMIUM]","216","Section 216","12",8,"[]","2026-10-11 00:00:00","electronic","exchange",1,"[PREMIUM]","1,2,3,4,5,6,7,8"
"DdwHkMlqdBZ","2026-08-26 23:59:47.848","2026-08-27 23:59:18.226","DdwHkMlqdBZ","18378578","[PREMIUM]","[PREMIUM]","[PREMIUM]","201","Section 201","10",5,"[]","2026-10-12 00:00:00","electronic","exchange",1,"[PREMIUM]","1,2,3,4,5"
"EroUXg8PbvN","2026-08-26 23:59:47.848","2026-09-01 22:35:41.605","EroUXg8PbvN","18378578","[PREMIUM]","[PREMIUM]","[PREMIUM]","117","Section 117","4",4,"[]","2026-10-12 00:00:00","electronic","exchange",0,"[PREMIUM]","2,4"
"EroUXg8PbqN","2026-08-26 23:59:47.848","2026-09-08 23:16:05.860","EroUXg8PbqN","18378578","[PREMIUM]","[PREMIUM]","[PREMIUM]","128","Section 128","4",2,"[]","2026-10-12 00:00:00","electronic","exchange",0,"[PREMIUM]","2"
"EroUXg8PbqD","2026-08-26 23:59:47.848","2026-08-31 22:21:56.649","EroUXg8PbqD","18378578","[PREMIUM]","[PREMIUM]","[PREMIUM]","202","Section 202","3",9,"[]","2026-10-12 00:00:00","electronic","exchange",2,"[PREMIUM]","1,2,3,4,5,6,7,9"
"EroUXg8Pbno","2026-08-26 23:59:47.848","2026-09-08 23:16:05.860","EroUXg8Pbno","18378578","[PREMIUM]","[PREMIUM]","[PREMIUM]","226","Section 226","3",2,"[]","2026-10-12 00:00:00","electronic","exchange",1,"[PREMIUM]","2"
"EroUXg8Pbjx","2026-08-26 23:59:47.848","2026-09-08 23:16:05.860","EroUXg8Pbjx","18378578","[PREMIUM]","[PREMIUM]","[PREMIUM]","109","Section 109","7",2,"[]","2026-10-12 00:00:00","electronic","exchange",1,"[PREMIUM]","2"
"EroUXg8PbjK","2026-08-26 23:59:47.848","2026-09-08 23:16:05.860","EroUXg8PbjK","18378578","[PREMIUM]","[PREMIUM]","[PREMIUM]","110","Section 110","23",8,"[]","2026-10-12 00:00:00","electronic","exchange",0,"[PREMIUM]","1,2,3,4,5,6,8"
"EroUXg8Pbgl","2026-08-26 23:59:47.848","2026-09-08 23:16:05.860","EroUXg8Pbgl","18378578","[PREMIUM]","[PREMIUM]","[PREMIUM]","219","Section 219","4",4,"[]","2026-10-12 00:00:00","electronic","exchange",1,"[PREMIUM]","2,4"
"EroUXg8PbK6","2026-08-26 23:59:47.848","2026-09-08 23:16:05.860","EroUXg8PbK6","18378578","[PREMIUM]","[PREMIUM]","[PREMIUM]","115","Section 115","22",4,"[]","2026-10-12 00:00:00","electronic","exchange",1,"[PREMIUM]","2,4"
"EroUXg8Pb6x","2026-08-26 23:59:47.848","2026-09-08 23:16:05.860","EroUXg8Pb6x","18378578","[PREMIUM]","[PREMIUM]","[PREMIUM]","101","Section 101","20",2,"[]","2026-10-12 00:00:00","electronic","exchange",1,"[PREMIUM]","2"
"EroUXg8Pb43","2026-08-26 23:59:47.848","2026-09-08 23:16:05.860","EroUXg8Pb43","18378578","[PREMIUM]","[PREMIUM]","[PREMIUM]","212","Section 212","13",4,"[]","2026-10-12 00:00:00","electronic","exchange",0,"[PREMIUM]","2,4"
"EroUXg8Pb3D","2026-08-26 23:59:47.848","2026-09-08 23:16:05.860","EroUXg8Pb3D","18378578","[PREMIUM]","[PREMIUM]","[PREMIUM]","210","Section 210","4",2,"[]","2026-10-12 00:00:00","electronic","exchange",1,"[PREMIUM]","2"
"EroUXg8G9bA","2026-08-26 23:59:47.848","2026-09-07 23:01:46.031","EroUXg8G9bA","18378578","[PREMIUM]","[PREMIUM]","[PREMIUM]","115","Section 115","5",6,"[]","2026-10-11 00:00:00","electronic","exchange",0,"[PREMIUM]","1,2,3,4,5,6"
"EroUXg88rrX","2026-08-26 23:59:47.848","2026-09-08 23:16:05.860","EroUXg88rrX","18378578","[PREMIUM]","[PREMIUM]","[PREMIUM]","209","Section 209","12",8,"[]","2026-10-11 00:00:00","electronic","exchange",0,"[PREMIUM]","1,2,3,4,5,6,7,8"
"EroUXg88rVK","2026-08-26 23:59:47.848","2026-09-08 23:16:05.860","EroUXg88rVK","18378578","[PREMIUM]","[PREMIUM]","[PREMIUM]","213","Section 213","16",4,"[]","2026-10-11 00:00:00","electronic","exchange",0,"[PREMIUM]","1,2,3,4"
"EroUXg88kqb","2026-08-26 23:59:47.848","2026-09-08 23:16:05.860","EroUXg88kqb","18378578","[PREMIUM]","[PREMIUM]","[PREMIUM]","210","Section 210","6",6,"[]","2026-10-11 00:00:00","electronic","exchange",1,"[PREMIUM]","1,2,3,4,5,6"
"EroUXg88kRY","2026-08-26 23:59:47.848","2026-09-08 23:16:05.860","EroUXg88kRY","18378578","[PREMIUM]","[PREMIUM]","[PREMIUM]","213","Section 213","7",8,"[]","2026-10-11 00:00:00","electronic","exchange",1,"[PREMIUM]","1,2,3,4,5,6,7,8"
"EroUXg88de4","2026-08-26 23:59:47.848","2026-09-07 23:01:46.031","EroUXg88de4","18378578","[PREMIUM]","[PREMIUM]","[PREMIUM]","116","Section 116","5",8,"[]","2026-10-11 00:00:00","electronic","exchange",1,"[PREMIUM]","1,2,3,4,5,6,7,8"
"EroUXg88d6Z","2026-08-26 23:59:47.848","2026-09-06 22:42:06.584","EroUXg88d6Z","18378578","[PREMIUM]","[PREMIUM]","[PREMIUM]","117","Section 117","7",6,"[]","2026-10-11 00:00:00","electronic","exchange",2,"[PREMIUM]","1,2,3,4,5,6"
"EroUXg884dZ","2026-08-26 23:59:47.848","2026-09-08 23:16:05.860","EroUXg884dZ","18378578","[PREMIUM]","[PREMIUM]","[PREMIUM]","109","Section 109","21",4,"[]","2026-10-11 00:00:00","electronic","exchange",0,"[PREMIUM]","1,2,3,4"
"EroUXg884ap","2026-08-26 23:59:47.848","2026-09-08 23:16:05.860","EroUXg884ap","18378578","[PREMIUM]","[PREMIUM]","[PREMIUM]","202","Section 202","8",7,"[]","2026-10-11 00:00:00","electronic","exchange",1,"[PREMIUM]","1,2,3,4,5,6,7"
"EroUXg883pO","2026-08-26 23:59:47.848","2026-09-08 23:16:05.860","EroUXg883pO","18378578","[PREMIUM]","[PREMIUM]","[PREMIUM]","123","Section 123","15",8,"[]","2026-10-11 00:00:00","electronic","exchange",1,"[PREMIUM]","1,2,3,4,5,6,7,8"
"EroUXg883Xd","2026-08-26 23:59:47.848","2026-09-08 23:16:05.860","EroUXg883Xd","18378578","[PREMIUM]","[PREMIUM]","[PREMIUM]","115","Section 115","4",7,"[]","2026-10-11 00:00:00","electronic","exchange",0,"[PREMIUM]","1,2,3,4,5,6,7"
"EroUXg883Jd","2026-08-26 23:59:47.848","2026-09-08 23:16:05.860","EroUXg883Jd","18378578","[PREMIUM]","[PREMIUM]","[PREMIUM]","107","Section 107","10",4,"[]","2026-10-11 00:00:00","electronic","exchange",1,"[PREMIUM]","1,2,3,4"
"EroUXg8836R","2026-08-26 23:59:47.848","2026-09-07 23:01:46.031","EroUXg8836R","18378578","[PREMIUM]","[PREMIUM]","[PREMIUM]","106","Section 106","18",4,"[]","2026-10-11 00:00:00","electronic","exchange",1,"[PREMIUM]","1,2,3,4"
"EroUXg8834O","2026-08-26 23:59:47.848","2026-09-08 23:16:05.860","EroUXg8834O","18378578","[PREMIUM]","[PREMIUM]","[PREMIUM]","117","Section 117","9",6,"[]","2026-10-11 00:00:00","electronic","exchange",1,"[PREMIUM]","1,2,3,4,5,6"
"EroUXg87Kn6","2026-08-26 23:59:47.848","2026-08-26 23:59:47.848","EroUXg87Kn6","18378578","[PREMIUM]","[PREMIUM]","[PREMIUM]","117","Section 117","23",6,"[]","2026-10-12 00:00:00","electronic","exchange",2,"[PREMIUM]","2,4,6"
"EroUXgZNj3B","2026-08-26 23:59:47.848","2026-09-03 22:53:29.035","EroUXgZNj3B","18378578","[PREMIUM]","[PREMIUM]","[PREMIUM]","104","Section 104","20",3,"[]","2026-10-12 00:00:00","electronic","exchange",1,"[PREMIUM]","3"
"GAaI60VXodV","2026-08-26 23:59:47.848","2026-08-26 23:59:47.848","GAaI60VXodV","18378578","[PREMIUM]","[PREMIUM]","[PREMIUM]","101","Section 101","4",2,"[]","2026-10-12 00:00:00","electronic","exchange",1,"[PREMIUM]","2"
"GAaI60VVvEa","2026-08-26 23:59:47.848","2026-09-08 23:16:05.860","GAaI60VVvEa","18378578","[PREMIUM]","[PREMIUM]","[PREMIUM]","208","Section 208","11",4,"[]","2026-10-11 00:00:00","electronic","exchange",0,"[PREMIUM]","1,2,3,4"
"GAaI60VVmgb","2026-08-26 23:59:47.848","2026-09-08 23:16:05.860","GAaI60VVmgb","18378578","[PREMIUM]","[PREMIUM]","[PREMIUM]","126","Section 126","18",6,"[]","2026-10-11 00:00:00","electronic","exchange",0,"[PREMIUM]","1,2,3,4,5,6"
"GAaI60VVl06","2026-08-26 23:59:47.848","2026-09-08 23:16:05.860","GAaI60VVl06","18378578","[PREMIUM]","[PREMIUM]","[PREMIUM]","202","Section 202","14",4,"[]","2026-10-11 00:00:00","electronic","exchange",1,"[PREMIUM]","1,2,3,4"
"GAaI60VVEK3","2026-08-26 23:59:47.848","2026-09-08 23:16:05.860","GAaI60VVEK3","18378578","[PREMIUM]","[PREMIUM]","[PREMIUM]","216","Section 216","6",7,"[]","2026-10-11 00:00:00","electronic","exchange",1,"[PREMIUM]","1,2,3,4,5,6,7"
"GAaI60VV9zN","2026-08-26 23:59:47.848","2026-09-08 23:16:05.860","GAaI60VV9zN","18378578","[PREMIUM]","[PREMIUM]","[PREMIUM]","103","Section 103","6",8,"[]","2026-10-11 00:00:00","electronic","exchange",0,"[PREMIUM]","1,2,3,4,5,6,7,8"
"GAaI60VV9qp","2026-08-26 23:59:47.848","2026-09-08 23:16:05.860","GAaI60VV9qp","18378578","[PREMIUM]","[PREMIUM]","[PREMIUM]","102","Section 102","4",4,"[]","2026-10-11 00:00:00","electronic","exchange",1,"[PREMIUM]","1,2,3,4"
"GAaI60VV9mp","2026-08-26 23:59:47.848","2026-09-08 23:16:05.860","GAaI60VV9mp","18378578","[PREMIUM]","[PREMIUM]","[PREMIUM]","225","Section 225","3",4,"[]","2026-10-11 00:00:00","electronic","exchange",1,"[PREMIUM]","1,2,3,4"
"GAaI60VV9LN","2026-08-26 23:59:47.848","2026-09-08 23:16:05.860","GAaI60VV9LN","18378578","[PREMIUM]","[PREMIUM]","[PREMIUM]","210","Section 210","6",6,"[]","2026-10-11 00:00:00","electronic","exchange",1,"[PREMIUM]","1,2,3,4,5,6"
"GAaI60VV3Gl","2026-08-26 23:59:47.848","2026-09-07 23:01:46.031","GAaI60VV3Gl","18378578","[PREMIUM]","[PREMIUM]","[PREMIUM]","109","Section 109","8",4,"[]","2026-10-11 00:00:00","electronic","exchange",2,"[PREMIUM]","1,2,3,4"
"GAaI60VGORr","2026-08-26 23:59:47.848","2026-09-08 23:16:05.860","GAaI60VGORr","18378578","[PREMIUM]","[PREMIUM]","[PREMIUM]","206","Section 206","15",4,"[]","2026-10-12 00:00:00","electronic","exchange",0,"[PREMIUM]","2,4"
"GAaI60VGOPP","2026-08-26 23:59:47.848","2026-09-08 23:16:05.860","GAaI60VGOPP","18378578","[PREMIUM]","[PREMIUM]","[PREMIUM]","104","Section 104","24",4,"[]","2026-10-12 00:00:00","electronic","exchange",1,"[PREMIUM]","2,4"
"GAaI60VGOLP","2026-08-26 23:59:47.848","2026-09-08 23:16:05.860","GAaI60VGOLP","18378578","[PREMIUM]","[PREMIUM]","[PREMIUM]","104","Section 104","7",8,"[]","2026-10-12 00:00:00","electronic","exchange",1,"[PREMIUM]","1,2,3,4,5,6,8"
"GAaI60VGOAo","2026-08-26 23:59:47.848","2026-09-08 23:16:05.860","GAaI60VGOAo","18378578","[PREMIUM]","[PREMIUM]","[PREMIUM]","124","Section 124","16",4,"[]","2026-10-12 00:00:00","electronic","exchange",1,"[PREMIUM]","2,4"
"GAaI60VxnJb","2026-08-26 23:59:47.848","2026-08-26 23:59:47.848","GAaI60VxnJb","18378578","[PREMIUM]","[PREMIUM]","[PREMIUM]","101","Section 101","17",2,"[]","2026-10-12 00:00:00","electronic","exchange",1,"[PREMIUM]","2"
"GAaI60VvRxX","2026-08-26 23:59:47.848","2026-09-02 22:52:40.294","GAaI60VvRxX","18378578","[PREMIUM]","[PREMIUM]","[PREMIUM]","203","Section 203","8",3,"[]","2026-10-12 00:00:00","electronic","exchange",1,"[PREMIUM]","3"
"GAaI60ZB3Dr","2026-08-26 23:59:47.848","2026-08-27 23:59:18.226","GAaI60ZB3Dr","18378578","[PREMIUM]","[PREMIUM]","[PREMIUM]","104","Section 104","20",3,"[]","2026-10-12 00:00:00","electronic","exchange",1,"[PREMIUM]","1,2,3"
"GAaI60ZworO","2026-08-26 23:59:47.848","2026-08-31 22:21:56.649","GAaI60ZworO","18378578","[PREMIUM]","[PREMIUM]","[PREMIUM]","118","Section 118","24",2,"[]","2026-10-12 00:00:00","electronic","exchange",1,"[PREMIUM]","2"
"JABI3EAB265","2026-08-26 23:59:47.848","2026-08-31 22:21:56.649","JABI3EAB265","18378578","[PREMIUM]","[PREMIUM]","[PREMIUM]","104","Section 104","20",3,"[]","2026-10-12 00:00:00","electronic","exchange",1,"[PREMIUM]","1,2,3"
"JABI3EAAvve","2026-08-26 23:59:47.848","2026-09-08 23:16:05.860","JABI3EAAvve","18378578","[PREMIUM]","[PREMIUM]","[PREMIUM]","212","Section 212","6",8,"[]","2026-10-11 00:00:00","electronic","exchange",1,"[PREMIUM]","1,2,3,4,5,6,7,8"
"JABI3EAAvpD","2026-08-26 23:59:47.848","2026-09-08 23:16:05.860","JABI3EAAvpD","18378578","[PREMIUM]","[PREMIUM]","[PREMIUM]","208","Section 208","7",8,"[]","2026-10-11 00:00:00","electronic","exchange",1,"[PREMIUM]","1,2,3,4,5,6,7,8"
"JABI3EAAvgD","2026-08-26 23:59:47.848","2026-09-08 23:16:05.860","JABI3EAAvgD","18378578","[PREMIUM]","[PREMIUM]","[PREMIUM]","204","Section 204","15",8,"[]","2026-10-11 00:00:00","electronic","exchange",0,"[PREMIUM]","1,2,3,4,5,6,7,8"
"JABI3EAAvg9","2026-08-26 23:59:47.848","2026-09-08 23:16:05.860","JABI3EAAvg9","18378578","[PREMIUM]","[PREMIUM]","[PREMIUM]","203","Section 203","8",3,"[]","2026-10-11 00:00:00","electronic","exchange",1,"[PREMIUM]","1,2,3"
"JABI3EAAvD9","2026-08-26 23:59:47.848","2026-09-08 23:16:05.860","JABI3EAAvD9","18378578","[PREMIUM]","[PREMIUM]","[PREMIUM]","123","Section 123","18",2,"[]","2026-10-11 00:00:00","electronic","exchange",1,"[PREMIUM]","1,2"
"JABI3EAAv7e","2026-08-26 23:59:47.848","2026-09-01 22:35:41.605","JABI3EAAv7e","18378578","[PREMIUM]","[PREMIUM]","[PREMIUM]","117","Section 117","4",4,"[]","2026-10-11 00:00:00","electronic","exchange",0,"[PREMIUM]","1,2,3,4"
"JABI3EAAv79","2026-08-26 23:59:47.848","2026-08-31 22:21:56.649","JABI3EAAv79","18378578","[PREMIUM]","[PREMIUM]","[PREMIUM]","118","Section 118","20",6,"[]","2026-10-11 00:00:00","electronic","exchange",1,"[PREMIUM]","1,2,3,4,5,6"
"JABI3EAArb2","2026-08-26 23:59:47.848","2026-09-07 23:01:46.031","JABI3EAArb2","18378578","[PREMIUM]","[PREMIUM]","[PREMIUM]","203","Section 203","7",8,"[]","2026-10-11 00:00:00","electronic","exchange",2,"[PREMIUM]","1,2,3,4,5,6,7,8"
"JABI3EAAarq","2026-08-26 23:59:47.848","2026-09-08 23:16:05.860","JABI3EAAarq","18378578","[PREMIUM]","[PREMIUM]","[PREMIUM]","210","Section 210","14",5,"[]","2026-10-11 00:00:00","electronic","exchange",1,"[PREMIUM]","1,2,3,4,5"
"JABI3EAAaan","2026-08-26 23:59:47.848","2026-09-08 23:16:05.860","JABI3EAAaan","18378578","[PREMIUM]","[PREMIUM]","[PREMIUM]","205","Section 205","13",6,"[]","2026-10-11 00:00:00","electronic","exchange",0,"[PREMIUM]","1,2,3,4,5,6"
"JABI3EAA72o","2026-08-26 23:59:47.848","2026-09-08 23:16:05.860","JABI3EAA72o","18378578","[PREMIUM]","[PREMIUM]","[PREMIUM]","110","Section 110","10",3,"[]","2026-10-11 00:00:00","electronic","exchange",1,"[PREMIUM]","1,2,3"
"JABI3EAA6dj","2026-08-26 23:59:47.848","2026-09-03 22:53:29.035","JABI3EAA6dj","18378578","[PREMIUM]","[PREMIUM]","[PREMIUM]","103","Section 103","23",4,"[]","2026-10-11 00:00:00","electronic","exchange",2,"[PREMIUM]","1,2,3,4"
"JABI3EAA2xp","2026-08-26 23:59:47.848","2026-09-07 23:01:46.031","JABI3EAA2xp","18378578","[PREMIUM]","[PREMIUM]","[PREMIUM]","128","Section 128","4",5,"[]","2026-10-11 00:00:00","electronic","exchange",1,"[PREMIUM]","1,2,3,4,5"
"JABI3EAA2jw","2026-08-26 23:59:47.848","2026-09-07 23:01:46.031","JABI3EAA2jw","18378578","[PREMIUM]","[PREMIUM]","[PREMIUM]","106","Section 106","6",7,"[]","2026-10-11 00:00:00","electronic","exchange",2,"[PREMIUM]","1,2,3,4,5,6,7"
"JABI3EAA2JL","2026-08-26 23:59:47.848","2026-09-07 23:01:46.031","JABI3EAA2JL","18378578","[PREMIUM]","[PREMIUM]","[PREMIUM]","110","Section 110","8",8,"[]","2026-10-11 00:00:00","electronic","exchange",1,"[PREMIUM]","1,2,3,4,5,6,7,8"
"JABI3EAA2D8","2026-08-26 23:59:47.848","2026-09-07 23:01:46.031","JABI3EAA2D8","18378578","[PREMIUM]","[PREMIUM]","[PREMIUM]","128","Section 128","21",7,"[]","2026-10-11 00:00:00","electronic","exchange",5,"[PREMIUM]","1,2,3,4,5,6,7"
"JABI3EA363o","2026-08-26 23:59:47.848","2026-09-03 22:53:29.035","JABI3EA363o","18378578","[PREMIUM]","[PREMIUM]","[PREMIUM]","201","Section 201","10",5,"[]","2026-10-12 00:00:00","electronic","exchange",2,"[PREMIUM]","1,2,3,5"
"JABI3EAmv5b","2026-08-26 23:59:47.848","2026-09-02 22:52:40.294","JABI3EAmv5b","18378578","[PREMIUM]","[PREMIUM]","[PREMIUM]","117","Section 117","23",3,"[]","2026-10-12 00:00:00","electronic","exchange",1,"[PREMIUM]","3"
"JABI3EAlRqe","2026-08-26 23:59:47.848","2026-09-07 23:01:46.031","JABI3EAlRqe","18378578","[PREMIUM]","[PREMIUM]","[PREMIUM]","120","Section 120","18",5,"[]","2026-10-11 00:00:00","electronic","exchange",3,"[PREMIUM]","5"
"JABI3EAj5wM","2026-08-26 23:59:47.848","2026-09-08 23:16:05.860","JABI3EAj5wM","18378578","[PREMIUM]","[PREMIUM]","[PREMIUM]","109","Section 109","8",4,"[]","2026-10-12 00:00:00","electronic","exchange",1,"[PREMIUM]","2,4"
"JABI3EAj5vj","2026-08-26 23:59:47.848","2026-09-08 23:16:05.860","JABI3EAj5vj","18378578","[PREMIUM]","[PREMIUM]","[PREMIUM]","210","Section 210","6",6,"[]","2026-10-12 00:00:00","electronic","exchange",1,"[PREMIUM]","2,4,6"
"JABI3EAj5qj","2026-08-26 23:59:47.848","2026-08-27 23:59:18.226","JABI3EAj5qj","18378578","[PREMIUM]","[PREMIUM]","[PREMIUM]","202","Section 202","12",4,"[]","2026-10-12 00:00:00","electronic","exchange",0,"[PREMIUM]","2,4"
"JABI3EAj5q0","2026-08-26 23:59:47.848","2026-09-08 23:16:05.860","JABI3EAj5q0","18378578","[PREMIUM]","[PREMIUM]","[PREMIUM]","128","Section 128","21",8,"[]","2026-10-12 00:00:00","electronic","exchange",2,"[PREMIUM]","1,2,3,4,5,6,8"
"JABI3EAj5o0","2026-08-26 23:59:47.848","2026-09-03 22:53:29.035","JABI3EAj5o0","18378578","[PREMIUM]","[PREMIUM]","[PREMIUM]","118","Section 118","22",4,"[]","2026-10-12 00:00:00","electronic","exchange",1,"[PREMIUM]","2,4"
"JABI3EAj5G3","2026-08-26 23:59:47.848","2026-09-08 23:16:05.860","JABI3EAj5G3","18378578","[PREMIUM]","[PREMIUM]","[PREMIUM]","116","Section 116","2",2,"[]","2026-10-12 00:00:00","electronic","exchange",1,"[PREMIUM]","2"
"JABI3EAj59R","2026-08-26 23:59:47.848","2026-08-31 22:21:56.649","JABI3EAj59R","18378578","[PREMIUM]","[PREMIUM]","[PREMIUM]","228","Section 228","11",4,"[]","2026-10-12 00:00:00","electronic","exchange",1,"[PREMIUM]","2,4"
"JABI3EAj596","2026-08-26 23:59:47.848","2026-09-08 23:16:05.860","JABI3EAj596","18378578","[PREMIUM]","[PREMIUM]","[PREMIUM]","220","Section 220","4",2,"[]","2026-10-12 00:00:00","electronic","exchange",1,"[PREMIUM]","2"
"JABI3EAj57g","2026-08-26 23:59:47.848","2026-09-08 23:16:05.860","JABI3EAj57g","18378578","[PREMIUM]","[PREMIUM]","[PREMIUM]","213","Section 213","7",9,"[]","2026-10-12 00:00:00","electronic","exchange",1,"[PREMIUM]","1,2,3,4,5,6,7,9"
"JABI3EAj54M","2026-08-26 23:59:47.848","2026-09-03 22:53:29.035","JABI3EAj54M","18378578","[PREMIUM]","[PREMIUM]","[PREMIUM]","101","Section 101","22",5,"[]","2026-10-12 00:00:00","electronic","exchange",2,"[PREMIUM]","1,2,3,5"
"JABI3EAdn5O","2026-08-26 23:59:47.848","2026-09-07 23:01:46.031","JABI3EAdn5O","18378578","[PREMIUM]","[PREMIUM]","[PREMIUM]","115","Section 115","5",3,"[]","2026-10-11 00:00:00","electronic","exchange",0,"[PREMIUM]","1,2,3"
"KezczqDOrkw","2026-08-26 23:59:47.848","2026-09-08 23:16:05.860","KezczqDOrkw","18378578","[PREMIUM]","[PREMIUM]","[PREMIUM]","213","Section 213","14",2,"[]","2026-10-12 00:00:00","electronic","exchange",0,"[PREMIUM]","2"
"KezczqDOrjD","2026-08-26 23:59:47.848","2026-09-02 22:52:40.294","KezczqDOrjD","18378578","[PREMIUM]","[PREMIUM]","[PREMIUM]","202","Section 202","16",5,"[]","2026-10-12 00:00:00","electronic","exchange",1,"[PREMIUM]","1,2,3,5"
"KezczqDOrPq","2026-08-26 23:59:47.848","2026-09-08 23:16:05.860","KezczqDOrPq","18378578","[PREMIUM]","[PREMIUM]","[PREMIUM]","102","Section 102","4",9,"[]","2026-10-12 00:00:00","electronic","exchange",0,"[PREMIUM]","1,2,3,4,5,6,7,9"
"KezczqDOrLA","2026-08-26 23:59:47.848","2026-09-08 23:16:05.860","KezczqDOrLA","18378578","[PREMIUM]","[PREMIUM]","[PREMIUM]","120","Section 120","9",7,"[]","2026-10-12 00:00:00","electronic","exchange",0,"[PREMIUM]","1,2,3,4,5,7"
"KezczqDOr68","2026-08-26 23:59:47.848","2026-09-08 23:16:05.860","KezczqDOr68","18378578","[PREMIUM]","[PREMIUM]","[PREMIUM]","228","Section 228","16",2,"[]","2026-10-12 00:00:00","electronic","exchange",1,"[PREMIUM]","2"
"KezczqDL8YK","2026-08-26 23:59:47.848","2026-08-27 23:59:18.226","KezczqDL8YK","18378578","[PREMIUM]","[PREMIUM]","[PREMIUM]","117","Section 117","4",4,"[]","2026-10-12 00:00:00","electronic","exchange",0,"[PREMIUM]","1,2,3,4"
"KezczqDDvzb","2026-08-26 23:59:47.848","2026-09-08 23:16:05.860","KezczqDDvzb","18378578","[PREMIUM]","[PREMIUM]","[PREMIUM]","115","Section 115","20",5,"[]","2026-10-11 00:00:00","electronic","exchange",1,"[PREMIUM]","1,2,3,4,5"
"KezczqDDvpa","2026-08-26 23:59:47.848","2026-09-08 23:16:05.860","KezczqDDvpa","18378578","[PREMIUM]","[PREMIUM]","[PREMIUM]","109","Section 109","8",4,"[]","2026-10-11 00:00:00","electronic","exchange",1,"[PREMIUM]","1,2,3,4"
"KezczqDDvld","2026-08-26 23:59:47.848","2026-09-08 23:16:05.860","KezczqDDvld","18378578","[PREMIUM]","[PREMIUM]","[PREMIUM]","116","Section 116","4",8,"[]","2026-10-11 00:00:00","electronic","exchange",0,"[PREMIUM]","1,2,3,4,5,6,7,8"
"KezczqDDvkd","2026-08-26 23:59:47.848","2026-09-08 23:16:05.860","KezczqDDvkd","18378578","[PREMIUM]","[PREMIUM]","[PREMIUM]","218","Section 218","4",8,"[]","2026-10-11 00:00:00","electronic","exchange",2,"[PREMIUM]","1,2,3,4,5,6,7,8"
"KezczqDDvXP","2026-08-26 23:59:47.848","2026-09-08 23:16:05.860","KezczqDDvXP","18378578","[PREMIUM]","[PREMIUM]","[PREMIUM]","208","Section 208","11",4,"[]","2026-10-11 00:00:00","electronic","exchange",0,"[PREMIUM]","1,2,3,4"
"KezczqDDv3P","2026-08-26 23:59:47.848","2026-09-08 23:16:05.860","KezczqDDv3P","18378578","[PREMIUM]","[PREMIUM]","[PREMIUM]","204","Section 204","16",5,"[]","2026-10-11 00:00:00","electronic","exchange",0,"[PREMIUM]","1,2,3,4,5"
"KezczqDDkJJ","2026-08-26 23:59:47.848","2026-09-08 23:16:05.860","KezczqDDkJJ","18378578","[PREMIUM]","[PREMIUM]","[PREMIUM]","124","Section 124","18",6,"[]","2026-10-11 00:00:00","electronic","exchange",1,"[PREMIUM]","1,2,3,4,5,6"
"KezczqDDgJk","2026-08-26 23:59:47.848","2026-09-08 23:16:05.860","KezczqDDgJk","18378578","[PREMIUM]","[PREMIUM]","[PREMIUM]","205","Section 205","16",5,"[]","2026-10-11 00:00:00","electronic","exchange",1,"[PREMIUM]","1,2,3,4,5"
"KezczqDDJp0","2026-08-26 23:59:47.848","2026-09-08 23:16:05.860","KezczqDDJp0","18378578","[PREMIUM]","[PREMIUM]","[PREMIUM]","214","Section 214","4",8,"[]","2026-10-11 00:00:00","electronic","exchange",1,"[PREMIUM]","1,2,3,4,5,6,7,8"
"KezczqDDGO5","2026-08-26 23:59:47.848","2026-09-07 23:01:46.031","KezczqDDGO5","18378578","[PREMIUM]","[PREMIUM]","[PREMIUM]","104","Section 104","6",7,"[]","2026-10-11 00:00:00","electronic","exchange",2,"[PREMIUM]","1,2,3,4,5,6,7"
"KezczqDDBrd","2026-08-26 23:59:47.848","2026-09-08 23:16:05.860","KezczqDDBrd","18378578","[PREMIUM]","[PREMIUM]","[PREMIUM]","225","Section 225","3",4,"[]","2026-10-11 00:00:00","electronic","exchange",1,"[PREMIUM]","1,2,3,4"
"KezczqDDBRK","2026-08-26 23:59:47.848","2026-09-08 23:16:05.860","KezczqDDBRK","18378578","[PREMIUM]","[PREMIUM]","[PREMIUM]","206","Section 206","4",6,"[]","2026-10-11 00:00:00","electronic","exchange",1,"[PREMIUM]","1,2,3,4,5,6"
"KezczqDrbLe","2026-08-26 23:59:47.848","2026-08-26 23:59:47.848","KezczqDrbLe","18378578","[PREMIUM]","[PREMIUM]","[PREMIUM]","208","Section 208","7",2,"[]","2026-10-12 00:00:00","electronic","exchange",2,"[PREMIUM]","2"
"KezczqDg0zp","2026-08-26 23:59:47.848","2026-08-26 23:59:47.848","KezczqDg0zp","18378578","[PREMIUM]","[PREMIUM]","[PREMIUM]","117","Section 117","23",6,"[]","2026-10-11 00:00:00","electronic","exchange",3,"[PREMIUM]","1,2,3,4,5,6"
"KezczqDg07n","2026-08-26 23:59:47.848","2026-08-26 23:59:47.848","KezczqDg07n","18378578","[PREMIUM]","[PREMIUM]","[PREMIUM]","213","Section 213","16",4,"[]","2026-10-12 00:00:00","electronic","exchange",0,"[PREMIUM]","1,2,3,4"
"KezczqZ9Axj","2026-08-26 23:59:47.848","2026-09-03 22:53:29.035","KezczqZ9Axj","18378578","[PREMIUM]","[PREMIUM]","[PREMIUM]","102","Section 102","19",3,"[]","2026-10-12 00:00:00","electronic","exchange",2,"[PREMIUM]","3"
"LbviL8ZJOKd","2026-08-26 23:59:47.848","2026-09-02 22:52:40.294","LbviL8ZJOKd","18378578","[PREMIUM]","[PREMIUM]","[PREMIUM]","115","Section 115","22",4,"[]","2026-10-12 00:00:00","electronic","exchange",1,"[PREMIUM]","2,4"
"LbviL8k0Bnw","2026-08-26 23:59:47.848","2026-08-28 22:27:32.341","LbviL8k0Bnw","18378578","[PREMIUM]","[PREMIUM]","[PREMIUM]","201","Section 201","10",5,"[]","2026-10-12 00:00:00","electronic","exchange",1,"[PREMIUM]","1,2,3,5"
"LbviL8kVGN3","2026-08-26 23:59:47.848","2026-08-26 23:59:47.848","LbviL8kVGN3","18378578","[PREMIUM]","[PREMIUM]","[PREMIUM]","214","Section 214","7",3,"[]","2026-10-12 00:00:00","electronic","exchange",1,"[PREMIUM]","1,2,3"
"LbviL8knXrY","2026-08-26 23:59:47.848","2026-09-08 23:16:05.860","LbviL8knXrY","18378578","[PREMIUM]","[PREMIUM]","[PREMIUM]","101","Section 101","7",2,"[]","2026-10-12 00:00:00","electronic","exchange",0,"[PREMIUM]","2"
"LbviL8kkDdG","2026-08-26 23:59:47.848","2026-09-08 23:16:05.860","LbviL8kkDdG","18378578","[PREMIUM]","[PREMIUM]","[PREMIUM]","207","Section 207","8",4,"[]","2026-10-11 00:00:00","electronic","exchange",1,"[PREMIUM]","1,2,3,4"
"LbviL8kkwpa","2026-08-26 23:59:47.848","2026-09-07 23:01:46.031","LbviL8kkwpa","18378578","[PREMIUM]","[PREMIUM]","[PREMIUM]","128","Section 128","4",6,"[]","2026-10-11 00:00:00","electronic","exchange",1,"[PREMIUM]","1,2,3,4,5,6"
"LbviL8knXoY","2026-08-26 23:59:47.848","2026-09-08 23:16:05.860","LbviL8knXoY","18378578","[PREMIUM]","[PREMIUM]","[PREMIUM]","107","Section 107","20",4,"[]","2026-10-12 00:00:00","electronic","exchange",0,"[PREMIUM]","2,4"
"LbviL8kkDMx","2026-08-26 23:59:47.848","2026-09-08 23:16:05.860","LbviL8kkDMx","18378578","[PREMIUM]","[PREMIUM]","[PREMIUM]","216","Section 216","10",4,"[]","2026-10-11 00:00:00","electronic","exchange",1,"[PREMIUM]","1,2,3,4"
"LbviL8kkDM4","2026-08-26 23:59:47.848","2026-09-08 23:16:05.860","LbviL8kkDM4","18378578","[PREMIUM]","[PREMIUM]","[PREMIUM]","215","Section 215","12",6,"[]","2026-10-11 00:00:00","electronic","exchange",1,"[PREMIUM]","1,2,3,4,5,6"
"LbviL8kkwnm","2026-08-26 23:59:47.848","2026-09-07 23:01:46.031","LbviL8kkwnm","18378578","[PREMIUM]","[PREMIUM]","[PREMIUM]","109","Section 109","10",5,"[]","2026-10-11 00:00:00","electronic","exchange",3,"[PREMIUM]","1,2,3,4,5"
"LbviL8kkwnD","2026-08-26 23:59:47.848","2026-09-07 23:01:46.031","LbviL8kkwnD","18378578","[PREMIUM]","[PREMIUM]","[PREMIUM]","109","Section 109","9",7,"[]","2026-10-11 00:00:00","electronic","exchange",3,"[PREMIUM]","1,2,3,4,5,6,7"
"LbviL8kkw2r","2026-08-26 23:59:47.848","2026-09-07 23:01:46.031","LbviL8kkw2r","18378578","[PREMIUM]","[PREMIUM]","[PREMIUM]","110","Section 110","9",8,"[]","2026-10-11 00:00:00","electronic","exchange",2,"[PREMIUM]","1,2,3,4,5,6,7,8"
"LbviL8knXle","2026-08-26 23:59:47.848","2026-09-08 23:16:05.860","LbviL8knXle","18378578","[PREMIUM]","[PREMIUM]","[PREMIUM]","116","Section 116","19",5,"[]","2026-10-12 00:00:00","electronic","exchange",1,"[PREMIUM]","1,2,3,5"
"LbviL8knXae","2026-08-26 23:59:47.848","2026-09-07 23:01:46.031","LbviL8knXae","18378578","[PREMIUM]","[PREMIUM]","[PREMIUM]","117","Section 117","6",4,"[]","2026-10-12 00:00:00","electronic","exchange",1,"[PREMIUM]","2,4"
"LbviL8knXMl","2026-08-26 23:59:47.848","2026-09-05 22:56:28.839","LbviL8knXMl","18378578","[PREMIUM]","[PREMIUM]","[PREMIUM]","212","Section 212","5",2,"[]","2026-10-12 00:00:00","electronic","exchange",2,"[PREMIUM]","2"
"LbviL8knXGM","2026-08-26 23:59:47.848","2026-09-08 23:16:05.860","LbviL8knXGM","18378578","[PREMIUM]","[PREMIUM]","[PREMIUM]","115","Section 115","5",6,"[]","2026-10-12 00:00:00","electronic","exchange",0,"[PREMIUM]","2,4,6"
"LbviL8knXEp","2026-08-26 23:59:47.848","2026-09-08 23:16:05.860","LbviL8knXEp","18378578","[PREMIUM]","[PREMIUM]","[PREMIUM]","224","Section 224","2",2,"[]","2026-10-12 00:00:00","electronic","exchange",2,"[PREMIUM]","2"
"LbviL8knXDK","2026-08-26 23:59:47.848","2026-09-08 23:16:05.860","LbviL8knXDK","18378578","[PREMIUM]","[PREMIUM]","[PREMIUM]","209","Section 209","12",2,"[]","2026-10-12 00:00:00","electronic","exchange",0,"[PREMIUM]","2"
"LbviL8knX8g","2026-08-26 23:59:47.848","2026-09-08 23:16:05.860","LbviL8knX8g","18378578","[PREMIUM]","[PREMIUM]","[PREMIUM]","217","Section 217","4",4,"[]","2026-10-12 00:00:00","electronic","exchange",0,"[PREMIUM]","2,4"
"LbviL8knX0e","2026-08-26 23:59:47.848","2026-09-08 23:16:05.860","LbviL8knX0e","18378578","[PREMIUM]","[PREMIUM]","[PREMIUM]","128","Section 128","3",7,"[]","2026-10-12 00:00:00","electronic","exchange",0,"[PREMIUM]","1,2,3,4,5,7"
"LbviL8knX0K","2026-08-26 23:59:47.848","2026-08-30 11:22:44.680","LbviL8knX0K","18378578","[PREMIUM]","[PREMIUM]","[PREMIUM]","201","Section 201","11",5,"[]","2026-10-12 00:00:00","electronic","exchange",2,"[PREMIUM]","1,2,3,5"
"LbviL8kkeXx","2026-08-26 23:59:47.848","2026-09-08 23:16:05.860","LbviL8kkeXx","18378578","[PREMIUM]","[PREMIUM]","[PREMIUM]","223","Section 223","4",5,"[]","2026-10-11 00:00:00","electronic","exchange",1,"[PREMIUM]","1,2,3,4,5"
"LbviL8knXo7","2026-08-26 23:59:47.848","2026-09-08 23:16:05.860","LbviL8knXo7","18378578","[PREMIUM]","[PREMIUM]","[PREMIUM]","110","Section 110","8",9,"[]","2026-10-12 00:00:00","electronic","exchange",0,"[PREMIUM]","1,2,3,4,5,6,7,9"
"LbviL8kkMwn","2026-08-26 23:59:47.848","2026-09-08 23:16:05.860","LbviL8kkMwn","18378578","[PREMIUM]","[PREMIUM]","[PREMIUM]","109","Section 109","21",6,"[]","2026-10-11 00:00:00","electronic","exchange",0,"[PREMIUM]","1,2,3,4,5,6"
"LbviL8kgr08","2026-08-26 23:59:47.848","2026-08-26 23:59:47.848","LbviL8kgr08","18378578","[PREMIUM]","[PREMIUM]","[PREMIUM]","101","Section 101","4",2,"[]","2026-10-12 00:00:00","electronic","exchange",1,"[PREMIUM]","2"
"LbviL8kk4D7","2026-08-26 23:59:47.848","2026-09-08 23:16:05.860","LbviL8kk4D7","18378578","[PREMIUM]","[PREMIUM]","[PREMIUM]","107","Section 107","19",4,"[]","2026-10-11 00:00:00","electronic","exchange",0,"[PREMIUM]","1,2,3,4"
"LbviL8kk4o6","2026-08-26 23:59:47.848","2026-08-29 22:27:21.711","LbviL8kk4o6","18378578","[PREMIUM]","[PREMIUM]","[PREMIUM]","215","Section 215","5",5,"[]","2026-10-11 00:00:00","electronic","exchange",3,"[PREMIUM]","1,2,3,4,5"
"LbviL8kkDqx","2026-08-26 23:59:47.848","2026-08-30 11:22:44.680","LbviL8kkDqx","18378578","[PREMIUM]","[PREMIUM]","[PREMIUM]","203","Section 203","7",8,"[]","2026-10-11 00:00:00","electronic","exchange",2,"[PREMIUM]","1,2,3,4,5,6,7,8"
"LbviL8kkDqG","2026-08-26 23:59:47.848","2026-08-27 23:59:18.226","LbviL8kkDqG","18378578","[PREMIUM]","[PREMIUM]","[PREMIUM]","204","Section 204","7",7,"[]","2026-10-11 00:00:00","electronic","exchange",2,"[PREMIUM]","1,2,3,4,5,6,7"
"LbviL8kkDgL","2026-08-26 23:59:47.848","2026-09-04 22:46:59.154","LbviL8kkDgL","18378578","[PREMIUM]","[PREMIUM]","[PREMIUM]","109","Section 109","5",4,"[]","2026-10-11 00:00:00","electronic","exchange",1,"[PREMIUM]","1,2,3,4"
"LbviL8kxvg6","2026-08-26 23:59:47.848","2026-08-30 11:22:44.680","LbviL8kxvg6","18378578","[PREMIUM]","[PREMIUM]","[PREMIUM]","101","Section 101","17",2,"['1','2']","2026-10-10 00:00:00","electronic","exchange",2,"[PREMIUM]","2"
"LbviL8kkwoq","2026-08-26 23:59:47.848","2026-09-07 23:01:46.031","LbviL8kkwoq","18378578","[PREMIUM]","[PREMIUM]","[PREMIUM]","126","Section 126","10",8,"[]","2026-10-11 00:00:00","electronic","exchange",0,"[PREMIUM]","1,2,3,4,5,6,7,8"
"MAeIP3Z2v7z","2026-08-26 23:59:47.848","2026-08-26 23:59:47.848","MAeIP3Z2v7z","18378578","[PREMIUM]","[PREMIUM]","[PREMIUM]","115","Section 115","24",2,"[]","2026-10-12 00:00:00","electronic","exchange",1,"[PREMIUM]","2"
"MAeIP3wKBoK","2026-08-26 23:59:47.848","2026-09-08 23:16:05.860","MAeIP3wKBoK","18378578","[PREMIUM]","[PREMIUM]","[PREMIUM]","211","Section 211","5",4,"[]","2026-10-12 00:00:00","electronic","exchange",1,"[PREMIUM]","2,4"
"MAeIP3wKBbd","2026-08-26 23:59:47.848","2026-09-08 23:16:05.860","MAeIP3wKBbd","18378578","[PREMIUM]","[PREMIUM]","[PREMIUM]","107","Section 107","10",4,"[]","2026-10-12 00:00:00","electronic","exchange",1,"[PREMIUM]","2,4"
"MAeIP3wKBXA","2026-08-26 23:59:47.848","2026-09-08 23:16:05.860","MAeIP3wKBXA","18378578","[PREMIUM]","[PREMIUM]","[PREMIUM]","215","Section 215","12",6,"[]","2026-10-12 00:00:00","electronic","exchange",1,"[PREMIUM]","2,4,6"
"MAeIP3wKBGG","2026-08-26 23:59:47.848","2026-09-08 23:16:05.860","MAeIP3wKBGG","18378578","[PREMIUM]","[PREMIUM]","[PREMIUM]","114","Section 114","7",5,"[]","2026-10-12 00:00:00","electronic","exchange",0,"[PREMIUM]","1,2,3,5"
"MAeIP3wKBDP","2026-08-26 23:59:47.848","2026-09-08 23:16:05.860","MAeIP3wKBDP","18378578","[PREMIUM]","[PREMIUM]","[PREMIUM]","126","Section 126","20",4,"[]","2026-10-12 00:00:00","electronic","exchange",0,"[PREMIUM]","2,4"
"MAeIP3wKBAr","2026-08-26 23:59:47.848","2026-09-08 23:16:05.860","MAeIP3wKBAr","18378578","[PREMIUM]","[PREMIUM]","[PREMIUM]","208","Section 208","11",4,"[]","2026-10-12 00:00:00","electronic","exchange",0,"[PREMIUM]","2,4"
"MAeIP3wwoxn","2026-08-26 23:59:47.848","2026-09-08 23:16:05.860","MAeIP3wwoxn","18378578","[PREMIUM]","[PREMIUM]","[PREMIUM]","201","Section 201","11",5,"[]","2026-10-11 00:00:00","electronic","exchange",1,"[PREMIUM]","1,2,3,4,5"
"MAeIP3wwo5O","2026-08-26 23:59:47.848","2026-09-08 23:16:05.860","MAeIP3wwo5O","18378578","[PREMIUM]","[PREMIUM]","[PREMIUM]","109","Section 109","18",4,"[]","2026-10-11 00:00:00","electronic","exchange",0,"[PREMIUM]","1,2,3,4"
"MAeIP3wwMVr","2026-08-26 23:59:47.848","2026-09-08 23:16:05.860","MAeIP3wwMVr","18378578","[PREMIUM]","[PREMIUM]","[PREMIUM]","112","Section 112","20",6,"[]","2026-10-11 00:00:00","electronic","exchange",1,"[PREMIUM]","1,2,3,4,5,6"
"MAeIP3wwAv0","2026-08-26 23:59:47.848","2026-09-08 23:16:05.860","MAeIP3wwAv0","18378578","[PREMIUM]","[PREMIUM]","[PREMIUM]","121","Section 121","13",7,"[]","2026-10-11 00:00:00","electronic","exchange",0,"[PREMIUM]","1,2,3,4,5,6,7"
"MAeIP3wwApb","2026-08-26 23:59:47.848","2026-09-08 23:16:05.860","MAeIP3wwApb","18378578","[PREMIUM]","[PREMIUM]","[PREMIUM]","211","Section 211","6",4,"[]","2026-10-11 00:00:00","electronic","exchange",1,"[PREMIUM]","1,2,3,4"
"MAeIP3wwAkl","2026-08-26 23:59:47.848","2026-09-08 23:16:05.860","MAeIP3wwAkl","18378578","[PREMIUM]","[PREMIUM]","[PREMIUM]","206","Section 206","15",4,"[]","2026-10-11 00:00:00","electronic","exchange",1,"[PREMIUM]","1,2,3,4"
"MAeIP3ww5bD","2026-08-26 23:59:47.848","2026-09-05 22:56:28.839","MAeIP3ww5bD","18378578","[PREMIUM]","[PREMIUM]","[PREMIUM]","127","Section 127","4",5,"[]","2026-10-11 00:00:00","electronic","exchange",1,"[PREMIUM]","1,2,3,4,5"
"MAeIP3ww5Kg","2026-08-26 23:59:47.848","2026-08-26 23:59:47.848","MAeIP3ww5Kg","18378578","[PREMIUM]","[PREMIUM]","[PREMIUM]","103","Section 103","5",6,"[]","2026-10-11 00:00:00","electronic","exchange",1,"[PREMIUM]","1,2,3,4,5,6"
"MAeIP3ww4o5","2026-08-26 23:59:47.848","2026-09-08 23:16:05.860","MAeIP3ww4o5","18378578","[PREMIUM]","[PREMIUM]","[PREMIUM]","211","Section 211","8",4,"[]","2026-10-11 00:00:00","electronic","exchange",1,"[PREMIUM]","1,2,3,4"
"MAeIP3ww4B0","2026-08-26 23:59:47.848","2026-09-08 23:16:05.860","MAeIP3ww4B0","18378578","[PREMIUM]","[PREMIUM]","[PREMIUM]","226","Section 226","3",5,"[]","2026-10-11 00:00:00","electronic","exchange",1,"[PREMIUM]","1,2,3,4,5"
"MAeIP3ww47p","2026-08-26 23:59:47.848","2026-09-08 23:16:05.860","MAeIP3ww47p","18378578","[PREMIUM]","[PREMIUM]","[PREMIUM]","212","Section 212","6",8,"[]","2026-10-11 00:00:00","electronic","exchange",1,"[PREMIUM]","1,2,3,4,5,6,7,8"
"MAeIP3wd8E5","2026-08-26 23:59:47.848","2026-08-26 23:59:47.848","MAeIP3wd8E5","18378578","[PREMIUM]","[PREMIUM]","[PREMIUM]","117","Section 117","23",6,"[]","2026-10-11 00:00:00","electronic","exchange",2,"[PREMIUM]","1,2,3,4,5,6"
"NrqUv6N2JE8","2026-08-26 23:59:47.848","2026-09-08 23:16:05.860","NrqUv6N2JE8","18378578","[PREMIUM]","[PREMIUM]","[PREMIUM]","214","Section 214","10",2,"[]","2026-10-12 00:00:00","electronic","exchange",1,"[PREMIUM]","2"
"NrqUv6NKlpd","2026-08-26 23:59:47.848","2026-09-01 22:35:41.605","NrqUv6NKlpd","18378578","[PREMIUM]","[PREMIUM]","[PREMIUM]","117","Section 117","4",4,"[]","2026-10-12 00:00:00","electronic","exchange",0,"[PREMIUM]","2,4"
"NrqUv6N2Jgp","2026-08-26 23:59:47.848","2026-08-27 23:59:18.226","NrqUv6N2Jgp","18378578","[PREMIUM]","[PREMIUM]","[PREMIUM]","102","Section 102","19",6,"[]","2026-10-12 00:00:00","electronic","exchange",1,"[PREMIUM]","2,4,6"
"NrqUv6N2JXz","2026-08-26 23:59:47.848","2026-09-08 23:16:05.860","NrqUv6N2JXz","18378578","[PREMIUM]","[PREMIUM]","[PREMIUM]","204","Section 204","2",2,"[]","2026-10-12 00:00:00","electronic","exchange",0,"[PREMIUM]","2"
"NrqUv6N2JRz","2026-08-26 23:59:47.848","2026-09-08 23:16:05.860","NrqUv6N2JRz","18378578","[PREMIUM]","[PREMIUM]","[PREMIUM]","205","Section 205","4",2,"[]","2026-10-12 00:00:00","electronic","exchange",1,"[PREMIUM]","2"
"NrqUv6N2JKm","2026-08-26 23:59:47.848","2026-09-08 23:16:05.860","NrqUv6N2JKm","18378578","[PREMIUM]","[PREMIUM]","[PREMIUM]","121","Section 121","4",2,"[]","2026-10-12 00:00:00","electronic","exchange",1,"[PREMIUM]","2"
"NrqUv6NbKaa","2026-08-26 23:59:47.848","2026-09-08 23:16:05.860","NrqUv6NbKaa","18378578","[PREMIUM]","[PREMIUM]","[PREMIUM]","218","Section 218","3",2,"['14','15']","2026-10-10 00:00:00","electronic","exchange",1,"[PREMIUM]","2"
"NrqUv6NNzwV","2026-08-26 23:59:47.848","2026-09-08 23:16:05.860","NrqUv6NNzwV","18378578","[PREMIUM]","[PREMIUM]","[PREMIUM]","107","Section 107","13",5,"[]","2026-10-11 00:00:00","electronic","exchange",2,"[PREMIUM]","1,2,3,4,5"
"NrqUv6NNzOM","2026-08-26 23:59:47.848","2026-09-08 23:16:05.860","NrqUv6NNzOM","18378578","[PREMIUM]","[PREMIUM]","[PREMIUM]","205","Section 205","13",6,"[]","2026-10-11 00:00:00","electronic","exchange",0,"[PREMIUM]","1,2,3,4,5,6"
"NrqUv6NNz7R","2026-08-26 23:59:47.848","2026-08-31 22:21:56.649","NrqUv6NNz7R","18378578","[PREMIUM]","[PREMIUM]","[PREMIUM]","120","Section 120","4",8,"[]","2026-10-11 00:00:00","electronic","exchange",2,"[PREMIUM]","1,2,3,4,5,6,7,8"
"NrqUv6NNeRr","2026-08-26 23:59:47.848","2026-09-08 23:16:05.860","NrqUv6NNeRr","18378578","[PREMIUM]","[PREMIUM]","[PREMIUM]","211","Section 211","5",4,"[]","2026-10-11 00:00:00","electronic","exchange",1,"[PREMIUM]","1,2,3,4"
"NrqUv6NNb8v","2026-08-26 23:59:47.848","2026-09-08 23:16:05.860","NrqUv6NNb8v","18378578","[PREMIUM]","[PREMIUM]","[PREMIUM]","204","Section 204","15",8,"[]","2026-10-11 00:00:00","electronic","exchange",0,"[PREMIUM]","1,2,3,4,5,6,7,8"
"NrqUv6NNMEZ","2026-08-26 23:59:47.848","2026-09-07 23:01:46.031","NrqUv6NNMEZ","18378578","[PREMIUM]","[PREMIUM]","[PREMIUM]","116","Section 116","25",4,"[]","2026-10-11 00:00:00","electronic","exchange",5,"[PREMIUM]","1,2,3,4"
"NrqUv6NN8Xp","2026-08-26 23:59:47.848","2026-09-08 23:16:05.860","NrqUv6NN8Xp","18378578","[PREMIUM]","[PREMIUM]","[PREMIUM]","109","Section 109","21",4,"[]","2026-10-11 00:00:00","electronic","exchange",1,"[PREMIUM]","1,2,3,4"
"NrqUv6NN78D","2026-08-26 23:59:47.848","2026-09-08 23:16:05.860","NrqUv6NN78D","18378578","[PREMIUM]","[PREMIUM]","[PREMIUM]","126","Section 126","10",8,"[]","2026-10-11 00:00:00","electronic","exchange",0,"[PREMIUM]","1,2,3,4,5,6,7,8"
"O7AhwKBBmmP","2026-08-26 23:59:47.848","2026-09-08 23:16:05.860","O7AhwKBBmmP","18378578","[PREMIUM]","[PREMIUM]","[PREMIUM]","212","Section 212","11",5,"[]","2026-10-11 00:00:00","electronic","exchange",0,"[PREMIUM]","1,2,3,4,5"
"O7AhwKBBma8","2026-08-26 23:59:47.848","2026-09-03 22:53:29.035","O7AhwKBBma8","18378578","[PREMIUM]","[PREMIUM]","[PREMIUM]","118","Section 118","22",4,"[]","2026-10-11 00:00:00","electronic","exchange",1,"[PREMIUM]","1,2,3,4"
"O7AhwKBBmX8","2026-08-26 23:59:47.848","2026-09-08 23:16:05.860","O7AhwKBBmX8","18378578","[PREMIUM]","[PREMIUM]","[PREMIUM]","124","Section 124","17",4,"[]","2026-10-11 00:00:00","electronic","exchange",1,"[PREMIUM]","1,2,3,4"
"O7AhwKBBmEo","2026-08-26 23:59:47.848","2026-09-02 22:52:40.294","O7AhwKBBmEo","18378578","[PREMIUM]","[PREMIUM]","[PREMIUM]","205","Section 205","4",4,"[]","2026-10-11 00:00:00","electronic","exchange",2,"[PREMIUM]","1,2,3,4"
"O7AhwKBBmAG","2026-08-26 23:59:47.848","2026-09-08 23:16:05.860","O7AhwKBBmAG","18378578","[PREMIUM]","[PREMIUM]","[PREMIUM]","107","Section 107","12",5,"[]","2026-10-11 00:00:00","electronic","exchange",2,"[PREMIUM]","1,2,3,4,5"
"O7AhwKBBm5o","2026-08-26 23:59:47.848","2026-09-08 23:16:05.860","O7AhwKBBm5o","18378578","[PREMIUM]","[PREMIUM]","[PREMIUM]","208","Section 208","12",8,"[]","2026-10-11 00:00:00","electronic","exchange",0,"[PREMIUM]","1,2,3,4,5,6,7,8"
"O7AhwKBBl9E","2026-08-26 23:59:47.848","2026-09-08 23:16:05.860","O7AhwKBBl9E","18378578","[PREMIUM]","[PREMIUM]","[PREMIUM]","212","Section 212","13",4,"[]","2026-10-11 00:00:00","electronic","exchange",0,"[PREMIUM]","1,2,3,4"
"O7AhwKBBLdN","2026-08-26 23:59:47.848","2026-09-08 23:16:05.860","O7AhwKBBLdN","18378578","[PREMIUM]","[PREMIUM]","[PREMIUM]","215","Section 215","11",4,"[]","2026-10-11 00:00:00","electronic","exchange",1,"[PREMIUM]","1,2,3,4"
"O7AhwKBB9oj","2026-08-26 23:59:47.848","2026-09-08 23:16:05.860","O7AhwKBB9oj","18378578","[PREMIUM]","[PREMIUM]","[PREMIUM]","126","Section 126","18",6,"[]","2026-10-11 00:00:00","electronic","exchange",0,"[PREMIUM]","1,2,3,4,5,6"
"O7AhwKBB372","2026-08-26 23:59:47.848","2026-09-08 23:16:05.860","O7AhwKBB372","18378578","[PREMIUM]","[PREMIUM]","[PREMIUM]","228","Section 228","12",7,"[]","2026-10-11 00:00:00","electronic","exchange",1,"[PREMIUM]","1,2,3,4,5,6,7"
"O7AhwKBpkqx","2026-08-26 23:59:47.848","2026-09-08 23:16:05.860","O7AhwKBpkqx","18378578","[PREMIUM]","[PREMIUM]","[PREMIUM]","120","Section 120","12",4,"[]","2026-10-12 00:00:00","electronic","exchange",0,"[PREMIUM]","2,4"
"O7AhwKBpkep","2026-08-26 23:59:47.848","2026-09-08 23:16:05.860","O7AhwKBpkep","18378578","[PREMIUM]","[PREMIUM]","[PREMIUM]","102","Section 102","5",5,"[]","2026-10-12 00:00:00","electronic","exchange",1,"[PREMIUM]","1,2,3,5"
"O7AhwKBpkaw","2026-08-26 23:59:47.848","2026-09-08 23:16:05.860","O7AhwKBpkaw","18378578","[PREMIUM]","[PREMIUM]","[PREMIUM]","214","Section 214","4",9,"[]","2026-10-12 00:00:00","electronic","exchange",1,"[PREMIUM]","1,2,3,4,5,6,7,9"
"PX0sgq8RO5g","2026-08-26 23:59:47.848","2026-08-31 22:21:56.649","PX0sgq8RO5g","18378578","[PREMIUM]","[PREMIUM]","[PREMIUM]","118","Section 118","20",6,"[]","2026-10-12 00:00:00","electronic","exchange",0,"[PREMIUM]","1,2,3,4,5,6"
"PX0sgqw2OzD","2026-08-26 23:59:47.848","2026-08-26 23:59:47.848","PX0sgqw2OzD","18378578","[PREMIUM]","[PREMIUM]","[PREMIUM]","101","Section 101","4",2,"[]","2026-10-12 00:00:00","electronic","exchange",1,"[PREMIUM]","2"
"PX0sgqwjzzG","2026-08-26 23:59:47.848","2026-08-30 11:22:44.680","PX0sgqwjzzG","18378578","[PREMIUM]","[PREMIUM]","[PREMIUM]","203","Section 203","5",5,"[]","2026-10-12 00:00:00","electronic","exchange",1,"[PREMIUM]","1,2,3,4,5"
"PX0sgqwjr3m","2026-08-26 23:59:47.848","2026-09-08 23:16:05.860","PX0sgqwjr3m","18378578","[PREMIUM]","[PREMIUM]","[PREMIUM]","203","Section 203","8",3,"[]","2026-10-12 00:00:00","electronic","exchange",1,"[PREMIUM]","3"
"PX0sgqwj3bM","2026-08-26 23:59:47.848","2026-08-26 23:59:47.848","PX0sgqwj3bM","18378578","[PREMIUM]","[PREMIUM]","[PREMIUM]","117","Section 117","23",6,"[]","2026-10-12 00:00:00","electronic","exchange",1,"[PREMIUM]","2,3,4,5,6"
"PX0sgqwGXdd","2026-08-26 23:59:47.848","2026-09-08 23:16:05.860","PX0sgqwGXdd","18378578","[PREMIUM]","[PREMIUM]","[PREMIUM]","104","Section 104","6",7,"[]","2026-10-12 00:00:00","electronic","exchange",0,"[PREMIUM]","1,2,3,4,5,7"
"PX0sgqwGXbb","2026-08-26 23:59:47.848","2026-09-08 23:16:05.860","PX0sgqwGXbb","18378578","[PREMIUM]","[PREMIUM]","[PREMIUM]","123","Section 123","18",2,"[]","2026-10-12 00:00:00","electronic","exchange",1,"[PREMIUM]","2"
"PX0sgqwGXVd","2026-08-26 23:59:47.848","2026-09-08 23:16:05.860","PX0sgqwGXVd","18378578","[PREMIUM]","[PREMIUM]","[PREMIUM]","104","Section 104","23",6,"[]","2026-10-12 00:00:00","electronic","exchange",1,"[PREMIUM]","2,4,6"
"PX0sgqwGX0o","2026-08-26 23:59:47.848","2026-09-08 23:16:05.860","PX0sgqwGX0o","18378578","[PREMIUM]","[PREMIUM]","[PREMIUM]","206","Section 206","14",6,"[]","2026-10-12 00:00:00","electronic","exchange",0,"[PREMIUM]","2,4,6"
"PX0sgqwwlbd","2026-08-26 23:59:47.848","2026-09-08 23:16:05.860","PX0sgqwwlbd","18378578","[PREMIUM]","[PREMIUM]","[PREMIUM]","107","Section 107","20",4,"[]","2026-10-11 00:00:00","electronic","exchange",1,"[PREMIUM]","1,2,3,4"
"PX0sgqwwkdY","2026-08-26 23:59:47.848","2026-09-08 23:16:05.860","PX0sgqwwkdY","18378578","[PREMIUM]","[PREMIUM]","[PREMIUM]","210","Section 210","3",4,"[]","2026-10-11 00:00:00","electronic","exchange",0,"[PREMIUM]","1,2,3,4"
"PX0sgqwwkVm","2026-08-26 23:59:47.848","2026-09-08 23:16:05.860","PX0sgqwwkVm","18378578","[PREMIUM]","[PREMIUM]","[PREMIUM]","107","Section 107","19",4,"[]","2026-10-11 00:00:00","electronic","exchange",0,"[PREMIUM]","1,2,3,4"
"PX0sgqwwk2m","2026-08-26 23:59:47.848","2026-08-26 23:59:47.848","PX0sgqwwk2m","18378578","[PREMIUM]","[PREMIUM]","[PREMIUM]","113","Section 113","22",6,"[]","2026-10-11 00:00:00","electronic","exchange",1,"[PREMIUM]","1,2,3,4,5,6"
"PX0sgqwwJPv","2026-08-26 23:59:47.848","2026-09-07 23:01:46.031","PX0sgqwwJPv","18378578","[PREMIUM]","[PREMIUM]","[PREMIUM]","116","Section 116","4",8,"[]","2026-10-11 00:00:00","electronic","exchange",0,"[PREMIUM]","1,2,3,4,5,6,7,8"
"PX0sgqww3Z5","2026-08-26 23:59:47.848","2026-09-08 23:16:05.860","PX0sgqww3Z5","18378578","[PREMIUM]","[PREMIUM]","[PREMIUM]","201","Section 201","11",5,"[]","2026-10-11 00:00:00","electronic","exchange",1,"[PREMIUM]","1,2,3,4,5"
"ROXHz27eKRd","2026-08-26 23:59:47.848","2026-08-31 22:21:56.649","ROXHz27eKRd","18378578","[PREMIUM]","[PREMIUM]","[PREMIUM]","118","Section 118","21",4,"[]","2026-10-12 00:00:00","electronic","exchange",1,"[PREMIUM]","1,2,3,4"
"ROXHz2g6Z8Y","2026-08-26 23:59:47.848","2026-09-08 23:16:05.860","ROXHz2g6Z8Y","18378578","[PREMIUM]","[PREMIUM]","[PREMIUM]","215","Section 215","11",4,"[]","2026-10-12 00:00:00","electronic","exchange",1,"[PREMIUM]","2,4"
"ROXHz2g6ZXO","2026-08-26 23:59:47.848","2026-09-08 23:16:05.860","ROXHz2g6ZXO","18378578","[PREMIUM]","[PREMIUM]","[PREMIUM]","123","Section 123","16",11,"[]","2026-10-12 00:00:00","electronic","exchange",1,"[PREMIUM]","1,2,3,4,5,6,7,8,9,11"
"ROXHz2g6ZrZ","2026-08-26 23:59:47.848","2026-09-08 23:16:05.860","ROXHz2g6ZrZ","18378578","[PREMIUM]","[PREMIUM]","[PREMIUM]","206","Section 206","10",2,"[]","2026-10-12 00:00:00","electronic","exchange",0,"[PREMIUM]","2"
"ROXHz2g6ZvV","2026-08-26 23:59:47.848","2026-09-08 23:16:05.860","ROXHz2g6ZvV","18378578","[PREMIUM]","[PREMIUM]","[PREMIUM]","103","Section 103","25",4,"[]","2026-10-12 00:00:00","electronic","exchange",1,"[PREMIUM]","2,4"
"ROXHz2ggqqM","2026-08-26 23:59:47.848","2026-09-08 23:16:05.860","ROXHz2ggqqM","18378578","[PREMIUM]","[PREMIUM]","[PREMIUM]","214","Section 214","4",8,"[]","2026-10-11 00:00:00","electronic","exchange",1,"[PREMIUM]","1,2,3,4,5,6,7,8"
"ROXHz2ggqnz","2026-08-26 23:59:47.848","2026-09-08 23:16:05.860","ROXHz2ggqnz","18378578","[PREMIUM]","[PREMIUM]","[PREMIUM]","223","Section 223","4",5,"[]","2026-10-11 00:00:00","electronic","exchange",1,"[PREMIUM]","1,2,3,4,5"
"ROXHz2ggqVJ","2026-08-26 23:59:47.848","2026-09-08 23:16:05.860","ROXHz2ggqVJ","18378578","[PREMIUM]","[PREMIUM]","[PREMIUM]","206","Section 206","6",6,"[]","2026-10-11 00:00:00","electronic","exchange",1,"[PREMIUM]","1,2,3,4,5,6"
"ROXHz2ggq8z","2026-08-26 23:59:47.848","2026-09-08 23:16:05.860","ROXHz2ggq8z","18378578","[PREMIUM]","[PREMIUM]","[PREMIUM]","128","Section 128","4",2,"[]","2026-10-11 00:00:00","electronic","exchange",0,"[PREMIUM]","1,2"
"ROXHz2ggGVr","2026-08-26 23:59:47.848","2026-09-08 23:16:05.860","ROXHz2ggGVr","18378578","[PREMIUM]","[PREMIUM]","[PREMIUM]","124","Section 124","16",4,"[]","2026-10-11 00:00:00","electronic","exchange",1,"[PREMIUM]","1,2,3,4"
"V4KU048GXXZ","2026-08-26 23:59:47.848","2026-08-26 23:59:47.848","V4KU048GXXZ","18378578","[PREMIUM]","[PREMIUM]","[PREMIUM]","102","Section 102","19",6,"[]","2026-10-12 00:00:00","electronic","exchange",2,"[PREMIUM]","1,2,3,4,5,6"
"V4KU048GXEJ","2026-08-26 23:59:47.848","2026-08-26 23:59:47.848","V4KU048GXEJ","18378578","[PREMIUM]","[PREMIUM]","[PREMIUM]","202","Section 202","1",2,"[]","2026-10-12 00:00:00","electronic","exchange",1,"[PREMIUM]","2"
"V4KU0489435","2026-08-26 23:59:47.848","2026-08-27 23:59:18.226","V4KU0489435","18378578","[PREMIUM]","[PREMIUM]","[PREMIUM]","117","Section 117","12",3,"[]","2026-10-10 00:00:00","electronic","exchange",2,"[PREMIUM]","1,2,3"
"V4KU0488VoR","2026-08-26 23:59:47.848","2026-09-08 23:16:05.860","V4KU0488VoR","18378578","[PREMIUM]","[PREMIUM]","[PREMIUM]","210","Section 210","15",4,"[]","2026-10-11 00:00:00","electronic","exchange",1,"[PREMIUM]","1,2,3,4"
"V4KU0488VPX","2026-08-26 23:59:47.848","2026-09-08 23:16:05.860","V4KU0488VPX","18378578","[PREMIUM]","[PREMIUM]","[PREMIUM]","114","Section 114","5",8,"[]","2026-10-11 00:00:00","electronic","exchange",1,"[PREMIUM]","1,2,3,4,5,6,7,8"
"V4KU0488VOL","2026-08-26 23:59:47.848","2026-09-08 23:16:05.860","V4KU0488VOL","18378578","[PREMIUM]","[PREMIUM]","[PREMIUM]","106","Section 106","6",7,"[]","2026-10-11 00:00:00","electronic","exchange",1,"[PREMIUM]","1,2,3,4,5,6,7"
"V4KU0488V3B","2026-08-26 23:59:47.848","2026-09-08 23:16:05.860","V4KU0488V3B","18378578","[PREMIUM]","[PREMIUM]","[PREMIUM]","128","Section 128","19",4,"[]","2026-10-11 00:00:00","electronic","exchange",2,"[PREMIUM]","1,2,3,4"
"V4KU0488GGk","2026-08-26 23:59:47.848","2026-09-08 23:16:05.860","V4KU0488GGk","18378578","[PREMIUM]","[PREMIUM]","[PREMIUM]","204","Section 204","16",5,"[]","2026-10-11 00:00:00","electronic","exchange",1,"[PREMIUM]","1,2,3,4,5"
"V4KU0488BaG","2026-08-26 23:59:47.848","2026-09-03 22:53:29.035","V4KU0488BaG","18378578","[PREMIUM]","[PREMIUM]","[PREMIUM]","214","Section 214","8",4,"[]","2026-10-11 00:00:00","electronic","exchange",2,"[PREMIUM]","1,2,3,4"
"V4KU04885Pl","2026-08-26 23:59:47.848","2026-08-26 23:59:47.848","V4KU04885Pl","18378578","[PREMIUM]","[PREMIUM]","[PREMIUM]","201","Section 201","6",4,"[]","2026-10-11 00:00:00","electronic","exchange",5,"[PREMIUM]","1,2,3,4"
"V4KU04885OO","2026-08-26 23:59:47.848","2026-09-03 22:53:29.035","V4KU04885OO","18378578","[PREMIUM]","[PREMIUM]","[PREMIUM]","118","Section 118","22",4,"[]","2026-10-11 00:00:00","electronic","exchange",2,"[PREMIUM]","1,2,3,4"
"V4KU048rmzb","2026-08-26 23:59:47.848","2026-08-26 23:59:47.848","V4KU048rmzb","18378578","[PREMIUM]","[PREMIUM]","[PREMIUM]","106","Section 106","9",6,"[]","2026-10-12 00:00:00","electronic","exchange",3,"[PREMIUM]","2,4,6"
"V4KU048rmZM","2026-08-26 23:59:47.848","2026-09-08 23:16:05.860","V4KU048rmZM","18378578","[PREMIUM]","[PREMIUM]","[PREMIUM]","113","Section 113","13",4,"[]","2026-10-12 00:00:00","electronic","exchange",1,"[PREMIUM]","2,4"
"V4KU048rmVY","2026-08-26 23:59:47.848","2026-09-08 23:16:05.860","V4KU048rmVY","18378578","[PREMIUM]","[PREMIUM]","[PREMIUM]","207","Section 207","8",2,"[]","2026-10-12 00:00:00","electronic","exchange",1,"[PREMIUM]","2"
"V4KU048rmK7","2026-08-26 23:59:47.848","2026-09-08 23:16:05.860","V4KU048rmK7","18378578","[PREMIUM]","[PREMIUM]","[PREMIUM]","124","Section 124","19",5,"[]","2026-10-12 00:00:00","electronic","exchange",1,"[PREMIUM]","1,2,3,5"
"V4KU048dJPD","2026-08-26 23:59:47.848","2026-08-31 22:21:56.649","V4KU048dJPD","18378578","[PREMIUM]","[PREMIUM]","[PREMIUM]","203","Section 203","5",4,"[]","2026-10-12 00:00:00","electronic","exchange",1,"[PREMIUM]","1,2,3,4"
"V4KU04ndj0z","2026-08-26 23:59:47.848","2026-08-31 22:21:56.649","V4KU04ndj0z","18378578","[PREMIUM]","[PREMIUM]","[PREMIUM]","104","Section 104","12",3,"[]","2026-10-12 00:00:00","electronic","exchange",3,"[PREMIUM]","1,2,3"
"V4KU04nj0q7","2026-08-26 23:59:47.848","2026-09-03 22:53:29.035","V4KU04nj0q7","18378578","[PREMIUM]","[PREMIUM]","[PREMIUM]","102","Section 102","19",3,"[]","2026-10-12 00:00:00","electronic","exchange",1,"[PREMIUM]","3"
"X03tKl77qLe","2026-08-26 23:59:47.848","2026-09-08 23:16:05.860","X03tKl77qLe","18378578","[PREMIUM]","[PREMIUM]","[PREMIUM]","123","Section 123","18",2,"[]","2026-10-11 00:00:00","electronic","exchange",1,"[PREMIUM]","1,2"
"X03tKl77eKD","2026-08-26 23:59:47.848","2026-09-01 22:35:41.605","X03tKl77eKD","18378578","[PREMIUM]","[PREMIUM]","[PREMIUM]","115","Section 115","21",8,"[]","2026-10-11 00:00:00","electronic","exchange",1,"[PREMIUM]","1,2,3,4,5,6,7,8"
"X03tKl7kO3n","2026-08-26 23:59:47.848","2026-09-08 23:16:05.860","X03tKl7kO3n","18378578","[PREMIUM]","[PREMIUM]","[PREMIUM]","120","Section 120","18",2,"[]","2026-10-12 00:00:00","electronic","exchange",1,"[PREMIUM]","2"
"X03tKl7kOr3","2026-08-26 23:59:47.848","2026-09-08 23:16:05.860","X03tKl7kOr3","18378578","[PREMIUM]","[PREMIUM]","[PREMIUM]","204","Section 204","15",8,"[]","2026-10-12 00:00:00","electronic","exchange",0,"[PREMIUM]","1,2,3,4,5,6,8"
"X03tKl7kOG5","2026-08-26 23:59:47.848","2026-09-08 23:16:05.860","X03tKl7kOG5","18378578","[PREMIUM]","[PREMIUM]","[PREMIUM]","102","Section 102","6",4,"[]","2026-10-12 00:00:00","electronic","exchange",0,"[PREMIUM]","2,4"
"X03tKl7kOE3","2026-08-26 23:59:47.848","2026-08-30 11:22:44.680","X03tKl7kOE3","18378578","[PREMIUM]","[PREMIUM]","[PREMIUM]","203","Section 203","7",8,"[]","2026-10-12 00:00:00","electronic","exchange",2,"[PREMIUM]","1,2,3,4,5,6,8"
"X03tKl7kO46","2026-08-26 23:59:47.848","2026-09-03 22:53:29.035","X03tKl7kO46","18378578","[PREMIUM]","[PREMIUM]","[PREMIUM]","214","Section 214","8",4,"[]","2026-10-12 00:00:00","electronic","exchange",1,"[PREMIUM]","2,4"
"X03tKlBmBJX","2026-08-26 23:59:47.848","2026-09-02 22:52:40.294","X03tKlBmBJX","18378578","[PREMIUM]","[PREMIUM]","[PREMIUM]","104","Section 104","20",2,"[]","2026-10-12 00:00:00","electronic","exchange",1,"[PREMIUM]","2"
"X03tKlB9X8B","2026-08-26 23:59:47.848","2026-09-08 23:16:05.860","X03tKlB9X8B","18378578","[PREMIUM]","[PREMIUM]","[PREMIUM]","104","Section 104","20",2,"[]","2026-10-12 00:00:00","electronic","exchange",1,"[PREMIUM]","2"
"YgJtk05pjmR","2026-08-26 23:59:47.848","2026-08-30 11:22:44.680","YgJtk05pjmR","18378578","[PREMIUM]","[PREMIUM]","[PREMIUM]","102","Section 102","6",2,"[]","2026-10-12 00:00:00","electronic","exchange",0,"[PREMIUM]","2"
"YgJtk0XJ6MR","2026-08-26 23:59:47.848","2026-09-01 22:35:41.605","YgJtk0XJ6MR","18378578","[PREMIUM]","[PREMIUM]","[PREMIUM]","117","Section 117","4",4,"[]","2026-10-12 00:00:00","electronic","exchange",0,"[PREMIUM]","2,4"
"YgJtk0XxDNa","2026-08-26 23:59:47.848","2026-09-01 22:35:41.605","YgJtk0XxDNa","18378578","[PREMIUM]","[PREMIUM]","[PREMIUM]","117","Section 117","6",2,"[]","2026-10-12 00:00:00","electronic","exchange",0,"[PREMIUM]","1,2"
"YgJtk0Xwqzd","2026-08-26 23:59:47.848","2026-09-06 22:42:06.584","YgJtk0Xwqzd","18378578","[PREMIUM]","[PREMIUM]","[PREMIUM]","205","Section 205","11",10,"[]","2026-10-12 00:00:00","electronic","exchange",1,"[PREMIUM]","1,2,3,4,5,6,7,8,10"
"YgJtk0Xwqld","2026-08-26 23:59:47.848","2026-09-08 23:16:05.860","YgJtk0Xwqld","18378578","[PREMIUM]","[PREMIUM]","[PREMIUM]","204","Section 204","4",5,"[]","2026-10-12 00:00:00","electronic","exchange",2,"[PREMIUM]","1,2,3,5"
"YgJtk0Xwqge","2026-08-26 23:59:47.848","2026-09-01 22:35:41.605","YgJtk0Xwqge","18378578","[PREMIUM]","[PREMIUM]","[PREMIUM]","102","Section 102","20",5,"[]","2026-10-12 00:00:00","electronic","exchange",1,"[PREMIUM]","1,2,3,5"
"YgJtk0XwqOL","2026-08-26 23:59:47.848","2026-09-08 23:16:05.860","YgJtk0XwqOL","18378578","[PREMIUM]","[PREMIUM]","[PREMIUM]","214","Section 214","17",2,"[]","2026-10-12 00:00:00","electronic","exchange",0,"[PREMIUM]","2"
"YgJtk0XwqJ0","2026-08-26 23:59:47.848","2026-08-28 22:27:32.341","YgJtk0XwqJ0","18378578","[PREMIUM]","[PREMIUM]","[PREMIUM]","121","Section 121","5",10,"[]","2026-10-12 00:00:00","electronic","exchange",2,"[PREMIUM]","1,2,3,4,5,6,7,8,10"
"YgJtk0XjNqG","2026-08-26 23:59:47.848","2026-09-07 23:01:46.031","YgJtk0XjNqG","18378578","[PREMIUM]","[PREMIUM]","[PREMIUM]","102","Section 102","5",6,"[]","2026-10-11 00:00:00","electronic","exchange",2,"[PREMIUM]","1,2,3,4,5,6"
"YgJtk0XZ7ZA","2026-08-26 23:59:47.848","2026-09-04 22:46:59.154","YgJtk0XZ7ZA","18378578","[PREMIUM]","[PREMIUM]","[PREMIUM]","117","Section 117","4",3,"[]","2026-10-12 00:00:00","electronic","exchange",2,"[PREMIUM]","1,3"
"YgJtk0XXmdm","2026-08-26 23:59:47.848","2026-09-08 23:16:05.860","YgJtk0XXmdm","18378578","[PREMIUM]","[PREMIUM]","[PREMIUM]","220","Section 220","3",4,"[]","2026-10-11 00:00:00","electronic","exchange",2,"[PREMIUM]","1,2,3,4"
"YgJtk0XXmRP","2026-08-26 23:59:47.848","2026-09-08 23:16:05.860","YgJtk0XXmRP","18378578","[PREMIUM]","[PREMIUM]","[PREMIUM]","205","Section 205","16",5,"[]","2026-10-11 00:00:00","electronic","exchange",1,"[PREMIUM]","1,2,3,4,5"
"YgJtk0XXmNk","2026-08-26 23:59:47.848","2026-09-03 22:53:29.035","YgJtk0XXmNk","18378578","[PREMIUM]","[PREMIUM]","[PREMIUM]","101","Section 101","22",8,"[]","2026-10-11 00:00:00","electronic","exchange",2,"[PREMIUM]","1,2,3,4,5,6,7,8"
"YgJtk0XXmGx","2026-08-26 23:59:47.848","2026-09-08 23:16:05.860","YgJtk0XXmGx","18378578","[PREMIUM]","[PREMIUM]","[PREMIUM]","109","Section 109","9",7,"[]","2026-10-11 00:00:00","electronic","exchange",1,"[PREMIUM]","1,2,3,4,5,6,7"
"YgJtk0XXPbR","2026-08-26 23:59:47.848","2026-09-08 23:16:05.860","YgJtk0XXPbR","18378578","[PREMIUM]","[PREMIUM]","[PREMIUM]","215","Section 215","6",5,"[]","2026-10-11 00:00:00","electronic","exchange",1,"[PREMIUM]","1,2,3,4,5"
"YgJtk0XXMOA","2026-08-26 23:59:47.848","2026-09-07 23:01:46.031","YgJtk0XXMOA","18378578","[PREMIUM]","[PREMIUM]","[PREMIUM]","116","Section 116","20",7,"[]","2026-10-11 00:00:00","electronic","exchange",2,"[PREMIUM]","1,2,3,4,5,6,7"
"YgJtk0XXM6g","2026-08-26 23:59:47.848","2026-09-07 23:01:46.031","YgJtk0XXM6g","18378578","[PREMIUM]","[PREMIUM]","[PREMIUM]","106","Section 106","7",6,"[]","2026-10-11 00:00:00","electronic","exchange",2,"[PREMIUM]","1,2,3,4,5,6"
"YgJtk0XXM27","2026-08-26 23:59:47.848","2026-09-06 22:42:06.584","YgJtk0XXM27","18378578","[PREMIUM]","[PREMIUM]","[PREMIUM]","102","Section 102","7",6,"[]","2026-10-11 00:00:00","electronic","exchange",2,"[PREMIUM]","1,2,3,4,5,6"
"YgJtk0XXLzj","2026-08-26 23:59:47.848","2026-09-07 23:01:46.031","YgJtk0XXLzj","18378578","[PREMIUM]","[PREMIUM]","[PREMIUM]","204","Section 204","7",6,"[]","2026-10-11 00:00:00","electronic","exchange",3,"[PREMIUM]","1,2,3,4,5,6"
"Zm9hvJj5p0r","2026-08-26 23:59:47.848","2026-09-03 22:53:29.035","Zm9hvJj5p0r","18378578","[PREMIUM]","[PREMIUM]","[PREMIUM]","203","Section 203","8",3,"[]","2026-10-12 00:00:00","electronic","exchange",1,"[PREMIUM]","3"
"Zm9hvJjo6a5","2026-08-26 23:59:47.848","2026-08-29 22:27:21.711","Zm9hvJjo6a5","18378578","[PREMIUM]","[PREMIUM]","[PREMIUM]","215","Section 215","5",5,"[]","2026-10-12 00:00:00","electronic","exchange",2,"[PREMIUM]","1,2,3,5"
"Zm9hvJjo6Xm","2026-08-26 23:59:47.848","2026-09-08 23:16:05.860","Zm9hvJjo6Xm","18378578","[PREMIUM]","[PREMIUM]","[PREMIUM]","204","Section 204","5",2,"[]","2026-10-12 00:00:00","electronic","exchange",1,"[PREMIUM]","2"
"Zm9hvJjo6Dm","2026-08-26 23:59:47.848","2026-09-08 23:16:05.860","Zm9hvJjo6Dm","18378578","[PREMIUM]","[PREMIUM]","[PREMIUM]","205","Section 205","16",5,"[]","2026-10-12 00:00:00","electronic","exchange",0,"[PREMIUM]","1,2,3,5"
"Zm9hvJjo69o","2026-08-26 23:59:47.848","2026-09-08 23:16:05.860","Zm9hvJjo69o","18378578","[PREMIUM]","[PREMIUM]","[PREMIUM]","121","Section 121","13",2,"[]","2026-10-12 00:00:00","electronic","exchange",0,"[PREMIUM]","2"
"Zm9hvJjo63X","2026-08-26 23:59:47.848","2026-09-08 23:16:05.860","Zm9hvJjo63X","18378578","[PREMIUM]","[PREMIUM]","[PREMIUM]","102","Section 102","23",4,"[]","2026-10-12 00:00:00","electronic","exchange",1,"[PREMIUM]","2,4"
"Zm9hvJjjVkb","2026-08-26 23:59:47.848","2026-09-03 22:53:29.035","Zm9hvJjjVkb","18378578","[PREMIUM]","[PREMIUM]","[PREMIUM]","107","Section 107","18",4,"[]","2026-10-11 00:00:00","electronic","exchange",1,"[PREMIUM]","1,2,3,4"
"Zm9hvJjjVaa","2026-08-26 23:59:47.848","2026-09-08 23:16:05.860","Zm9hvJjjVaa","18378578","[PREMIUM]","[PREMIUM]","[PREMIUM]","127","Section 127","11",4,"[]","2026-10-11 00:00:00","electronic","exchange",1,"[PREMIUM]","1,2,3,4"
"Zm9hvJjjVZn","2026-08-26 23:59:47.848","2026-09-08 23:16:05.860","Zm9hvJjjVZn","18378578","[PREMIUM]","[PREMIUM]","[PREMIUM]","102","Section 102","23",6,"[]","2026-10-11 00:00:00","electronic","exchange",1,"[PREMIUM]","1,2,3,4,5,6"
"Zm9hvJjjVBa","2026-08-26 23:59:47.848","2026-09-04 22:46:59.154","Zm9hvJjjVBa","18378578","[PREMIUM]","[PREMIUM]","[PREMIUM]","220","Section 220","3",4,"[]","2026-10-11 00:00:00","electronic","exchange",3,"[PREMIUM]","1,2,3,4"
"Zm9hvJjjV3n","2026-08-26 23:59:47.848","2026-09-08 23:16:05.860","Zm9hvJjjV3n","18378578","[PREMIUM]","[PREMIUM]","[PREMIUM]","209","Section 209","12",8,"[]","2026-10-11 00:00:00","electronic","exchange",0,"[PREMIUM]","1,2,3,4,5,6,7,8"
"Zm9hvJjjRXX","2026-08-26 23:59:47.848","2026-09-08 23:16:05.860","Zm9hvJjjRXX","18378578","[PREMIUM]","[PREMIUM]","[PREMIUM]","109","Section 109","21",6,"[]","2026-10-11 00:00:00","electronic","exchange",1,"[PREMIUM]","1,2,3,4,5,6"
"Zm9hvJjjR4k","2026-08-26 23:59:47.848","2026-08-31 22:21:56.649","Zm9hvJjjR4k","18378578","[PREMIUM]","[PREMIUM]","[PREMIUM]","118","Section 118","20",6,"[]","2026-10-11 00:00:00","electronic","exchange",1,"[PREMIUM]","1,2,3,4,5,6"
"Zm9hvJjjKZA","2026-08-26 23:59:47.848","2026-09-07 23:01:46.031","Zm9hvJjjKZA","18378578","[PREMIUM]","[PREMIUM]","[PREMIUM]","114","Section 114","24",8,"[]","2026-10-11 00:00:00","electronic","exchange",5,"[PREMIUM]","1,2,3,4,5,6,7,8"
"Zm9hvJjj55p","2026-08-26 23:59:47.848","2026-09-08 23:16:05.860","Zm9hvJjj55p","18378578","[PREMIUM]","[PREMIUM]","[PREMIUM]","204","Section 204","13",5,"[]","2026-10-11 00:00:00","electronic","exchange",0,"[PREMIUM]","1,2,3,4,5"
"agktlM99rrl","2026-08-26 23:59:47.848","2026-09-08 23:16:05.860","agktlM99rrl","18378578","[PREMIUM]","[PREMIUM]","[PREMIUM]","215","Section 215","11",4,"[]","2026-10-11 00:00:00","electronic","exchange",1,"[PREMIUM]","1,2,3,4"
"agktlM99rb7","2026-08-26 23:59:47.848","2026-09-08 23:16:05.860","agktlM99rb7","18378578","[PREMIUM]","[PREMIUM]","[PREMIUM]","228","Section 228","15",8,"[]","2026-10-11 00:00:00","electronic","exchange",1,"[PREMIUM]","1,2,3,4,5,6,7,8"
"agktlM99axZ","2026-08-26 23:59:47.848","2026-09-08 23:16:05.860","agktlM99axZ","18378578","[PREMIUM]","[PREMIUM]","[PREMIUM]","218","Section 218","1",8,"[]","2026-10-11 00:00:00","electronic","exchange",2,"[PREMIUM]","1,2,3,4,5,6,7,8"
"agktlM99ado","2026-08-26 23:59:47.848","2026-08-31 22:21:56.649","agktlM99ado","18378578","[PREMIUM]","[PREMIUM]","[PREMIUM]","202","Section 202","3",8,"[]","2026-10-11 00:00:00","electronic","exchange",2,"[PREMIUM]","1,2,3,4,5,6,7,8"
"agktlM99ZmV","2026-08-26 23:59:47.848","2026-09-08 23:16:05.860","agktlM99ZmV","18378578","[PREMIUM]","[PREMIUM]","[PREMIUM]","216","Section 216","8",4,"[]","2026-10-11 00:00:00","electronic","exchange",1,"[PREMIUM]","1,2,3,4"
"agktlM99Z5r","2026-08-26 23:59:47.848","2026-09-08 23:16:05.860","agktlM99Z5r","18378578","[PREMIUM]","[PREMIUM]","[PREMIUM]","203","Section 203","8",3,"[]","2026-10-11 00:00:00","electronic","exchange",1,"[PREMIUM]","1,2,3"
"agktlM99R64","2026-08-26 23:59:47.848","2026-09-08 23:16:05.860","agktlM99R64","18378578","[PREMIUM]","[PREMIUM]","[PREMIUM]","109","Section 109","19",4,"[]","2026-10-11 00:00:00","electronic","exchange",0,"[PREMIUM]","1,2,3,4"
"agktlM996d5","2026-08-26 23:59:47.848","2026-09-07 23:01:46.031","agktlM996d5","18378578","[PREMIUM]","[PREMIUM]","[PREMIUM]","117","Section 117","9",6,"[]","2026-10-11 00:00:00","electronic","exchange",4,"[PREMIUM]","1,2,3,4,5,6"
"agktlM9z28P","2026-08-26 23:59:47.848","2026-09-08 23:16:05.860","agktlM9z28P","18378578","[PREMIUM]","[PREMIUM]","[PREMIUM]","225","Section 225","8",3,"[]","2026-10-12 00:00:00","electronic","exchange",0,"[PREMIUM]","1,2,3"
"agktlM9vp8m","2026-08-26 23:59:47.848","2026-08-26 23:59:47.848","agktlM9vp8m","18378578","[PREMIUM]","[PREMIUM]","[PREMIUM]","201","Section 201","7",2,"[]","2026-10-12 00:00:00","electronic","exchange",3,"[PREMIUM]","2"
"agktlM9gErY","2026-08-26 23:59:47.848","2026-09-08 23:16:05.860","agktlM9gErY","18378578","[PREMIUM]","[PREMIUM]","[PREMIUM]","208","Section 208","12",8,"[]","2026-10-12 00:00:00","electronic","exchange",0,"[PREMIUM]","1,2,3,4,5,6,8"
"agktlM9gEpn","2026-08-26 23:59:47.848","2026-09-08 23:16:05.860","agktlM9gEpn","18378578","[PREMIUM]","[PREMIUM]","[PREMIUM]","114","Section 114","21",4,"[]","2026-10-12 00:00:00","electronic","exchange",1,"[PREMIUM]","2,4"
"agktlM9gEdA","2026-08-26 23:59:47.848","2026-09-08 23:16:05.860","agktlM9gEdA","18378578","[PREMIUM]","[PREMIUM]","[PREMIUM]","107","Section 107","11",5,"[]","2026-10-12 00:00:00","electronic","exchange",1,"[PREMIUM]","1,2,3,5"
"agktlM9gER0","2026-08-26 23:59:47.848","2026-09-08 23:16:05.860","agktlM9gER0","18378578","[PREMIUM]","[PREMIUM]","[PREMIUM]","211","Section 211","6",4,"[]","2026-10-12 00:00:00","electronic","exchange",1,"[PREMIUM]","2,4"
"agktlM9gENE","2026-08-26 23:59:47.848","2026-09-08 23:16:05.860","agktlM9gENE","18378578","[PREMIUM]","[PREMIUM]","[PREMIUM]","126","Section 126","21",6,"[]","2026-10-12 00:00:00","electronic","exchange",0,"[PREMIUM]","2,4,6"
"agktlM9gE8R","2026-08-26 23:59:47.848","2026-09-08 23:16:05.860","agktlM9gE8R","18378578","[PREMIUM]","[PREMIUM]","[PREMIUM]","215","Section 215","17",4,"[]","2026-10-12 00:00:00","electronic","exchange",1,"[PREMIUM]","2,4"
"agktlM9eBKN","2026-08-26 23:59:47.848","2026-08-26 23:59:47.848","agktlM9eBKN","18378578","[PREMIUM]","[PREMIUM]","[PREMIUM]","117","Section 117","23",6,"[]","2026-10-12 00:00:00","electronic","exchange",1,"[PREMIUM]","2,3,4,5,6"
"agktlML38Ax","2026-08-26 23:59:47.848","2026-09-03 22:53:29.035","agktlML38Ax","18378578","[PREMIUM]","[PREMIUM]","[PREMIUM]","115","Section 115","22",4,"[]","2026-10-12 00:00:00","electronic","exchange",2,"[PREMIUM]","2,4"
"agktlMLeRlE","2026-08-26 23:59:47.848","2026-09-02 22:52:40.294","agktlMLeRlE","18378578","[PREMIUM]","[PREMIUM]","[PREMIUM]","104","Section 104","23",4,"[]","2026-10-12 00:00:00","electronic","exchange",1,"[PREMIUM]","2,4"
"b4wUao6gRR7","2026-08-26 23:59:47.848","2026-09-08 23:16:05.860","b4wUao6gRR7","18378578","[PREMIUM]","[PREMIUM]","[PREMIUM]","112","Section 112","20",6,"[]","2026-10-12 00:00:00","electronic","exchange",0,"[PREMIUM]","2,4,6"
"b4wUao6gRLJ","2026-08-26 23:59:47.848","2026-09-08 23:16:05.860","b4wUao6gRLJ","18378578","[PREMIUM]","[PREMIUM]","[PREMIUM]","206","Section 206","6",6,"[]","2026-10-12 00:00:00","electronic","exchange",1,"[PREMIUM]","2,4,6"
"b4wUao6gR96","2026-08-26 23:59:47.848","2026-09-01 22:35:41.605","b4wUao6gR96","18378578","[PREMIUM]","[PREMIUM]","[PREMIUM]","121","Section 121","19",2,"[]","2026-10-12 00:00:00","electronic","exchange",1,"[PREMIUM]","2"
"b4wUao6gR8K","2026-08-26 23:59:47.848","2026-09-08 23:16:05.860","b4wUao6gR8K","18378578","[PREMIUM]","[PREMIUM]","[PREMIUM]","215","Section 215","7",2,"[]","2026-10-12 00:00:00","electronic","exchange",1,"[PREMIUM]","2"
"b4wUao6ao3n","2026-08-26 23:59:47.848","2026-08-30 11:22:44.680","b4wUao6ao3n","18378578","[PREMIUM]","[PREMIUM]","[PREMIUM]","201","Section 201","10",3,"[]","2026-10-12 00:00:00","electronic","exchange",1,"[PREMIUM]","1,3"
"b4wUao66mPX","2026-08-26 23:59:47.848","2026-09-08 23:16:05.860","b4wUao66mPX","18378578","[PREMIUM]","[PREMIUM]","[PREMIUM]","126","Section 126","12",8,"[]","2026-10-11 00:00:00","electronic","exchange",1,"[PREMIUM]","1,2,3,4,5,6,7,8"
"b4wUao66emj","2026-08-26 23:59:47.848","2026-09-08 23:16:05.860","b4wUao66emj","18378578","[PREMIUM]","[PREMIUM]","[PREMIUM]","120","Section 120","12",4,"[]","2026-10-11 00:00:00","electronic","exchange",0,"[PREMIUM]","1,2,3,4"
"b4wUao66eeE","2026-08-26 23:59:47.848","2026-08-28 22:27:32.341","b4wUao66eeE","18378578","[PREMIUM]","[PREMIUM]","[PREMIUM]","213","Section 213","13",8,"[]","2026-10-11 00:00:00","electronic","exchange",1,"[PREMIUM]","1,2,3,4,5,6,7,8"
"b4wUao66e8j","2026-08-26 23:59:47.848","2026-09-08 23:16:05.860","b4wUao66e8j","18378578","[PREMIUM]","[PREMIUM]","[PREMIUM]","128","Section 128","4",5,"[]","2026-10-11 00:00:00","electronic","exchange",0,"[PREMIUM]","1,2,3,4,5"
"b4wUao66e2V","2026-08-26 23:59:47.848","2026-09-08 23:16:05.860","b4wUao66e2V","18378578","[PREMIUM]","[PREMIUM]","[PREMIUM]","206","Section 206","4",6,"[]","2026-10-11 00:00:00","electronic","exchange",1,"[PREMIUM]","1,2,3,4,5,6"
"b4wUao66P4J","2026-08-26 23:59:47.848","2026-09-08 23:16:05.860","b4wUao66P4J","18378578","[PREMIUM]","[PREMIUM]","[PREMIUM]","104","Section 104","23",6,"[]","2026-10-11 00:00:00","electronic","exchange",1,"[PREMIUM]","1,2,3,4,5,6"
"b4wUao66P2M","2026-08-26 23:59:47.848","2026-09-08 23:16:05.860","b4wUao66P2M","18378578","[PREMIUM]","[PREMIUM]","[PREMIUM]","120","Section 120","18",4,"[]","2026-10-11 00:00:00","electronic","exchange",1,"[PREMIUM]","1,2,3,4"
"b4wUao667ob","2026-08-26 23:59:47.848","2026-08-30 11:22:44.680","b4wUao667ob","18378578","[PREMIUM]","[PREMIUM]","[PREMIUM]","201","Section 201","10",5,"[]","2026-10-11 00:00:00","electronic","exchange",3,"[PREMIUM]","1,2,3,4,5"
"b4wUao6xLX8","2026-08-26 23:59:47.848","2026-08-26 23:59:47.848","b4wUao6xLX8","18378578","[PREMIUM]","[PREMIUM]","[PREMIUM]","117","Section 117","23",6,"[]","2026-10-12 00:00:00","electronic","exchange",1,"[PREMIUM]","2,3,4,5,6"
"b4wUao6gRlJ","2026-08-26 23:59:47.848","2026-09-08 23:16:05.860","b4wUao6gRlJ","18378578","[PREMIUM]","[PREMIUM]","[PREMIUM]","204","Section 204","13",5,"[]","2026-10-12 00:00:00","electronic","exchange",0,"[PREMIUM]","1,2,3,5"
"b4wUao6gRjm","2026-08-26 23:59:47.848","2026-09-08 23:16:05.860","b4wUao6gRjm","18378578","[PREMIUM]","[PREMIUM]","[PREMIUM]","103","Section 103","7",8,"[]","2026-10-12 00:00:00","electronic","exchange",0,"[PREMIUM]","1,2,3,4,5,6,8"
"b4wUaoz0e3k","2026-08-26 23:59:47.848","2026-09-02 22:52:40.294","b4wUaoz0e3k","18378578","[PREMIUM]","[PREMIUM]","[PREMIUM]","102","Section 102","18",2,"['15','16']","2026-10-12 00:00:00","electronic","exchange",4,"[PREMIUM]","1,2"
"b4wUaozrlwx","2026-08-26 23:59:47.848","2026-08-30 11:22:44.680","b4wUaozrlwx","18378578","[PREMIUM]","[PREMIUM]","[PREMIUM]","102","Section 102","6",2,"[]","2026-10-12 00:00:00","electronic","exchange",1,"[PREMIUM]","2"
"b4wUaozOwEa","2026-08-26 23:59:47.848","2026-09-01 22:35:41.605","b4wUaozOwEa","18378578","[PREMIUM]","[PREMIUM]","[PREMIUM]","103","Section 103","19",2,"[]","2026-10-12 00:00:00","electronic","exchange",0,"[PREMIUM]","2"
"dNgUgplDZr0","2026-08-26 23:59:47.848","2026-09-02 22:52:40.294","dNgUgplDZr0","18378578","[PREMIUM]","[PREMIUM]","[PREMIUM]","103","Section 103","9",2,"[]","2026-10-12 00:00:00","electronic","exchange",2,"[PREMIUM]","2"
"dNgUgplDZM9","2026-08-26 23:59:47.848","2026-09-08 23:16:05.860","dNgUgplDZM9","18378578","[PREMIUM]","[PREMIUM]","[PREMIUM]","206","Section 206","6",6,"[]","2026-10-12 00:00:00","electronic","exchange",1,"[PREMIUM]","2,4,6"
"dNgUgplDZ7R","2026-08-26 23:59:47.848","2026-09-08 23:16:05.860","dNgUgplDZ7R","18378578","[PREMIUM]","[PREMIUM]","[PREMIUM]","123","Section 123","5",2,"[]","2026-10-12 00:00:00","electronic","exchange",1,"[PREMIUM]","2"
"dNgUgplDZ0z","2026-08-26 23:59:47.848","2026-09-08 23:16:05.860","dNgUgplDZ0z","18378578","[PREMIUM]","[PREMIUM]","[PREMIUM]","215","Section 215","7",2,"[]","2026-10-12 00:00:00","electronic","exchange",1,"[PREMIUM]","2"
"dNgUgplldeV","2026-08-26 23:59:47.848","2026-09-08 23:16:05.860","dNgUgplldeV","18378578","[PREMIUM]","[PREMIUM]","[PREMIUM]","124","Section 124","19",5,"[]","2026-10-11 00:00:00","electronic","exchange",1,"[PREMIUM]","1,2,3,4,5"
"dNgUgplld70","2026-08-26 23:59:47.848","2026-09-08 23:16:05.860","dNgUgplld70","18378578","[PREMIUM]","[PREMIUM]","[PREMIUM]","110","Section 110","23",8,"[]","2026-10-11 00:00:00","electronic","exchange",1,"[PREMIUM]","1,2,3,4,5,6,7,8"
"dNgUgpllXzN","2026-08-26 23:59:47.848","2026-09-07 23:01:46.031","dNgUgpllXzN","18378578","[PREMIUM]","[PREMIUM]","[PREMIUM]","128","Section 128","3",7,"[]","2026-10-11 00:00:00","electronic","exchange",0,"[PREMIUM]","1,2,3,4,5,6,7"
"dNgUgpllXeq","2026-08-26 23:59:47.848","2026-08-28 22:27:32.341","dNgUgpllXeq","18378578","[PREMIUM]","[PREMIUM]","[PREMIUM]","102","Section 102","19",6,"[]","2026-10-11 00:00:00","electronic","exchange",3,"[PREMIUM]","1,2,3,4,5,6"
"dNgUgpllX0O","2026-08-26 23:59:47.848","2026-09-07 23:01:46.031","dNgUgpllX0O","18378578","[PREMIUM]","[PREMIUM]","[PREMIUM]","128","Section 128","19",4,"[]","2026-10-11 00:00:00","electronic","exchange",5,"[PREMIUM]","1,2,3,4"
"dNgUgpllOdv","2026-08-26 23:59:47.848","2026-09-08 23:16:05.860","dNgUgpllOdv","18378578","[PREMIUM]","[PREMIUM]","[PREMIUM]","126","Section 126","13",3,"[]","2026-10-11 00:00:00","electronic","exchange",1,"[PREMIUM]","1,2,3"
"dNgUgpllKro","2026-08-26 23:59:47.848","2026-09-08 23:16:05.860","dNgUgpllKro","18378578","[PREMIUM]","[PREMIUM]","[PREMIUM]","104","Section 104","23",6,"[]","2026-10-11 00:00:00","electronic","exchange",1,"[PREMIUM]","1,2,3,4,5,6"
"dNgUgplw3n0","2026-08-26 23:59:47.848","2026-08-26 23:59:47.848","dNgUgplw3n0","18378578","[PREMIUM]","[PREMIUM]","[PREMIUM]","207","Section 207","8",6,"[]","2026-10-12 00:00:00","electronic","exchange",3,"[PREMIUM]","1,2,3,4,5,6"
"dNgUgpllKgO","2026-08-26 23:59:47.848","2026-09-08 23:16:05.860","dNgUgpllKgO","18378578","[PREMIUM]","[PREMIUM]","[PREMIUM]","116","Section 116","3",7,"[]","2026-10-11 00:00:00","electronic","exchange",2,"[PREMIUM]","1,2,3,4,5,6,7"
"dNgUgplw5OV","2026-08-26 23:59:47.848","2026-08-27 23:59:18.226","dNgUgplw5OV","18378578","[PREMIUM]","[PREMIUM]","[PREMIUM]","203","Section 203","7",7,"[]","2026-10-12 00:00:00","electronic","exchange",1,"[PREMIUM]","1,2,3,4,5,6,7"
"dNgUgpllK2o","2026-08-26 23:59:47.848","2026-08-26 23:59:47.848","dNgUgpllK2o","18378578","[PREMIUM]","[PREMIUM]","[PREMIUM]","103","Section 103","5",6,"[]","2026-10-11 00:00:00","electronic","exchange",1,"[PREMIUM]","1,2,3,4,5,6"
"dNgUgpllK0e","2026-08-26 23:59:47.848","2026-09-08 23:16:05.860","dNgUgpllK0e","18378578","[PREMIUM]","[PREMIUM]","[PREMIUM]","128","Section 128","4",6,"[]","2026-10-11 00:00:00","electronic","exchange",0,"[PREMIUM]","1,2,3,4,5,6"
"dNgUgpllqpN","2026-08-26 23:59:47.848","2026-09-08 23:16:05.860","dNgUgpllqpN","18378578","[PREMIUM]","[PREMIUM]","[PREMIUM]","201","Section 201","17",4,"[]","2026-10-11 00:00:00","electronic","exchange",1,"[PREMIUM]","1,2,3,4"
"eeacK8p08A3","2026-08-26 23:59:47.848","2026-08-26 23:59:47.848","eeacK8p08A3","18378578","[PREMIUM]","[PREMIUM]","[PREMIUM]","101","Section 101","4",2,"[]","2026-10-12 00:00:00","electronic","exchange",1,"[PREMIUM]","2"
"eeacK8p95ml","2026-08-26 23:59:47.848","2026-09-08 23:16:05.860","eeacK8p95ml","18378578","[PREMIUM]","[PREMIUM]","[PREMIUM]","126","Section 126","10",8,"[]","2026-10-12 00:00:00","electronic","exchange",0,"[PREMIUM]","1,2,3,4,5,6,8"
"eeacK8p95gz","2026-08-26 23:59:47.848","2026-09-08 23:16:05.860","eeacK8p95gz","18378578","[PREMIUM]","[PREMIUM]","[PREMIUM]","207","Section 207","9",2,"[]","2026-10-12 00:00:00","electronic","exchange",0,"[PREMIUM]","2"
"eeacK8p95d9","2026-08-26 23:59:47.848","2026-08-26 23:59:47.848","eeacK8p95d9","18378578","[PREMIUM]","[PREMIUM]","[PREMIUM]","113","Section 113","22",6,"[]","2026-10-12 00:00:00","electronic","exchange",1,"[PREMIUM]","2,4,6"
"eeacK8p95V6","2026-08-26 23:59:47.848","2026-09-07 23:01:46.031","eeacK8p95V6","18378578","[PREMIUM]","[PREMIUM]","[PREMIUM]","106","Section 106","18",4,"[]","2026-10-12 00:00:00","electronic","exchange",1,"[PREMIUM]","2,4"
"eeacK8ppzqO","2026-08-26 23:59:47.848","2026-09-08 23:16:05.860","eeacK8ppzqO","18378578","[PREMIUM]","[PREMIUM]","[PREMIUM]","212","Section 212","11",5,"[]","2026-10-11 00:00:00","electronic","exchange",0,"[PREMIUM]","1,2,3,4,5"
"eeacK8pp40A","2026-08-26 23:59:47.848","2026-09-08 23:16:05.860","eeacK8pp40A","18378578","[PREMIUM]","[PREMIUM]","[PREMIUM]","121","Section 121","13",7,"[]","2026-10-11 00:00:00","electronic","exchange",1,"[PREMIUM]","1,2,3,4,5,6,7"
"eeacK8ppx4r","2026-08-26 23:59:47.848","2026-09-08 23:16:05.860","eeacK8ppx4r","18378578","[PREMIUM]","[PREMIUM]","[PREMIUM]","126","Section 126","21",6,"[]","2026-10-11 00:00:00","electronic","exchange",0,"[PREMIUM]","1,2,3,4,5,6"
"eeacK8ppqBb","2026-08-26 23:59:47.848","2026-08-28 22:27:32.341","eeacK8ppqBb","18378578","[PREMIUM]","[PREMIUM]","[PREMIUM]","213","Section 213","4",8,"[]","2026-10-11 00:00:00","electronic","exchange",1,"[PREMIUM]","1,2,3,4,5,6,7,8"
"eeacK8ppglE","2026-08-26 23:59:47.848","2026-09-08 23:16:05.860","eeacK8ppglE","18378578","[PREMIUM]","[PREMIUM]","[PREMIUM]","102","Section 102","4",8,"[]","2026-10-11 00:00:00","electronic","exchange",1,"[PREMIUM]","1,2,3,4,5,6,7,8"
"eeacK8ppgge","2026-08-26 23:59:47.848","2026-09-08 23:16:05.860","eeacK8ppgge","18378578","[PREMIUM]","[PREMIUM]","[PREMIUM]","214","Section 214","10",8,"[]","2026-10-11 00:00:00","electronic","exchange",1,"[PREMIUM]","1,2,3,4,5,6,7,8"
"eeacK8ppgeE","2026-08-26 23:59:47.848","2026-08-31 22:21:56.649","eeacK8ppgeE","18378578","[PREMIUM]","[PREMIUM]","[PREMIUM]","228","Section 228","11",4,"[]","2026-10-11 00:00:00","electronic","exchange",2,"[PREMIUM]","1,2,3,4"
"eeacK8ppgMe","2026-08-26 23:59:47.848","2026-09-08 23:16:05.860","eeacK8ppgMe","18378578","[PREMIUM]","[PREMIUM]","[PREMIUM]","211","Section 211","5",4,"[]","2026-10-11 00:00:00","electronic","exchange",1,"[PREMIUM]","1,2,3,4"
"eeacK8ppgLZ","2026-08-26 23:59:47.848","2026-09-08 23:16:05.860","eeacK8ppgLZ","18378578","[PREMIUM]","[PREMIUM]","[PREMIUM]","103","Section 103","7",8,"[]","2026-10-11 00:00:00","electronic","exchange",0,"[PREMIUM]","1,2,3,4,5,6,7,8"
"eeacK8ppae7","2026-08-26 23:59:47.848","2026-09-07 23:01:46.031","eeacK8ppae7","18378578","[PREMIUM]","[PREMIUM]","[PREMIUM]","128","Section 128","18",4,"[]","2026-10-11 00:00:00","electronic","exchange",5,"[PREMIUM]","1,2,3,4"
"eeacK8ppa9N","2026-08-26 23:59:47.848","2026-09-04 22:46:59.154","eeacK8ppa9N","18378578","[PREMIUM]","[PREMIUM]","[PREMIUM]","109","Section 109","5",4,"[]","2026-10-11 00:00:00","electronic","exchange",1,"[PREMIUM]","1,2,3,4"
"g48Ur6A4RPO","2026-08-26 23:59:47.848","2026-08-26 23:59:47.848","g48Ur6A4RPO","18378578","[PREMIUM]","[PREMIUM]","[PREMIUM]","115","Section 115","24",2,"[]","2026-10-12 00:00:00","electronic","exchange",1,"[PREMIUM]","2"
"g48Ur6L0GJN","2026-08-26 23:59:47.848","2026-09-08 23:16:05.860","g48Ur6L0GJN","18378578","[PREMIUM]","[PREMIUM]","[PREMIUM]","208","Section 208","13",4,"[]","2026-10-12 00:00:00","electronic","exchange",0,"[PREMIUM]","2,4"
"g48Ur6L0Gpd","2026-08-26 23:59:47.848","2026-09-08 23:16:05.860","g48Ur6L0Gpd","18378578","[PREMIUM]","[PREMIUM]","[PREMIUM]","114","Section 114","21",2,"[]","2026-10-12 00:00:00","electronic","exchange",1,"[PREMIUM]","2"
"g48Ur6L0GnR","2026-08-26 23:59:47.848","2026-09-08 23:16:05.860","g48Ur6L0GnR","18378578","[PREMIUM]","[PREMIUM]","[PREMIUM]","216","Section 216","4",9,"[]","2026-10-12 00:00:00","electronic","exchange",1,"[PREMIUM]","1,2,3,4,5,6,7,9"
"g48Ur6L0Gda","2026-08-26 23:59:47.848","2026-09-05 22:56:28.839","g48Ur6L0Gda","18378578","[PREMIUM]","[PREMIUM]","[PREMIUM]","127","Section 127","4",5,"[]","2026-10-12 00:00:00","electronic","exchange",1,"[PREMIUM]","1,2,3,5"
"g48Ur6L0GZ7","2026-08-26 23:59:47.848","2026-09-08 23:16:05.860","g48Ur6L0GZ7","18378578","[PREMIUM]","[PREMIUM]","[PREMIUM]","107","Section 107","17",2,"[]","2026-10-12 00:00:00","electronic","exchange",0,"[PREMIUM]","2"
"g48Ur6L0G28","2026-08-26 23:59:47.848","2026-09-08 23:16:05.860","g48Ur6L0G28","18378578","[PREMIUM]","[PREMIUM]","[PREMIUM]","211","Section 211","6",6,"[]","2026-10-12 00:00:00","electronic","exchange",1,"[PREMIUM]","2,4,6"
"g48Ur6L0G6R","2026-08-26 23:59:47.848","2026-09-01 22:35:41.605","g48Ur6L0G6R","18378578","[PREMIUM]","[PREMIUM]","[PREMIUM]","216","Section 216","8",4,"[]","2026-10-12 00:00:00","electronic","exchange",1,"[PREMIUM]","2,4"
"g48Ur6Lq8ee","2026-08-26 23:59:47.848","2026-08-30 11:22:44.680","g48Ur6Lq8ee","18378578","[PREMIUM]","[PREMIUM]","[PREMIUM]","117","Section 117","23",3,"[]","2026-10-12 00:00:00","electronic","exchange",1,"[PREMIUM]","3"
"g48Ur6LX03d","2026-08-26 23:59:47.848","2026-09-01 22:35:41.605","g48Ur6LX03d","18378578","[PREMIUM]","[PREMIUM]","[PREMIUM]","113","Section 113","22",4,"[]","2026-10-12 00:00:00","electronic","exchange",2,"[PREMIUM]","1,2,4"
"g48Ur6LLmb5","2026-08-26 23:59:47.848","2026-09-08 23:16:05.860","g48Ur6LLmb5","18378578","[PREMIUM]","[PREMIUM]","[PREMIUM]","215","Section 215","17",6,"[]","2026-10-11 00:00:00","electronic","exchange",1,"[PREMIUM]","1,2,3,4,5,6"
"g48Ur6LLmP2","2026-08-26 23:59:47.848","2026-08-30 11:22:44.680","g48Ur6LLmP2","18378578","[PREMIUM]","[PREMIUM]","[PREMIUM]","208","Section 208","6",7,"[]","2026-10-11 00:00:00","electronic","exchange",3,"[PREMIUM]","1,2,3,4,5,6,7"
"g48Ur6LLm2m","2026-08-26 23:59:47.848","2026-09-08 23:16:05.860","g48Ur6LLm2m","18378578","[PREMIUM]","[PREMIUM]","[PREMIUM]","211","Section 211","6",6,"[]","2026-10-11 00:00:00","electronic","exchange",1,"[PREMIUM]","1,2,3,4,5,6"
"g48Ur6LLJxw","2026-08-26 23:59:47.848","2026-09-08 23:16:05.860","g48Ur6LLJxw","18378578","[PREMIUM]","[PREMIUM]","[PREMIUM]","128","Section 128","21",7,"[]","2026-10-11 00:00:00","electronic","exchange",2,"[PREMIUM]","1,2,3,4,5,6,7"
"g48Ur6LLJlz","2026-08-26 23:59:47.848","2026-09-08 23:16:05.860","g48Ur6LLJlz","18378578","[PREMIUM]","[PREMIUM]","[PREMIUM]","107","Section 107","22",4,"[]","2026-10-11 00:00:00","electronic","exchange",1,"[PREMIUM]","1,2,3,4"
"g48Ur6LLJeG","2026-08-26 23:59:47.848","2026-09-08 23:16:05.860","g48Ur6LLJeG","18378578","[PREMIUM]","[PREMIUM]","[PREMIUM]","211","Section 211","6",6,"[]","2026-10-11 00:00:00","electronic","exchange",1,"[PREMIUM]","1,2,3,4,5,6"
"g48Ur6LLJZz","2026-08-26 23:59:47.848","2026-09-08 23:16:05.860","g48Ur6LLJZz","18378578","[PREMIUM]","[PREMIUM]","[PREMIUM]","114","Section 114","21",4,"[]","2026-10-11 00:00:00","electronic","exchange",1,"[PREMIUM]","1,2,3,4"
"g48Ur6LLJKj","2026-08-26 23:59:47.848","2026-08-26 23:59:47.848","g48Ur6LLJKj","18378578","[PREMIUM]","[PREMIUM]","[PREMIUM]","106","Section 106","8",5,"[]","2026-10-11 00:00:00","electronic","exchange",3,"[PREMIUM]","1,2,3,4,5"
"g48Ur6LLJJG","2026-08-26 23:59:47.848","2026-09-08 23:16:05.860","g48Ur6LLJJG","18378578","[PREMIUM]","[PREMIUM]","[PREMIUM]","116","Section 116","20",7,"[]","2026-10-11 00:00:00","electronic","exchange",1,"[PREMIUM]","1,2,3,4,5,6,7"
"g48Ur6LL3Ze","2026-08-26 23:59:47.848","2026-09-07 23:01:46.031","g48Ur6LL3Ze","18378578","[PREMIUM]","[PREMIUM]","[PREMIUM]","117","Section 117","8",4,"[]","2026-10-11 00:00:00","electronic","exchange",3,"[PREMIUM]","1,2,3,4"
"g48Ur6LL3Kb","2026-08-26 23:59:47.848","2026-09-07 23:01:46.031","g48Ur6LL3Kb","18378578","[PREMIUM]","[PREMIUM]","[PREMIUM]","127","Section 127","9",8,"[]","2026-10-11 00:00:00","electronic","exchange",4,"[PREMIUM]","1,2,3,4,5,6,7,8"
"g48Ur6LL39L","2026-08-26 23:59:47.848","2026-08-27 23:59:18.226","g48Ur6LL39L","18378578","[PREMIUM]","[PREMIUM]","[PREMIUM]","128","Section 128","3",4,"[]","2026-10-11 00:00:00","electronic","exchange",0,"[PREMIUM]","1,2,3,4"
"g48Ur6LL304","2026-08-26 23:59:47.848","2026-09-03 22:53:29.035","g48Ur6LL304","18378578","[PREMIUM]","[PREMIUM]","[PREMIUM]","104","Section 104","10",5,"[]","2026-10-11 00:00:00","electronic","exchange",3,"[PREMIUM]","1,2,3,4,5"
"g48Ur6LL2O9","2026-08-26 23:59:47.848","2026-09-06 22:42:06.584","g48Ur6LL2O9","18378578","[PREMIUM]","[PREMIUM]","[PREMIUM]","201","Section 201","12",8,"[]","2026-10-11 00:00:00","electronic","exchange",4,"[PREMIUM]","1,2,3,4,5,6,7,8"
"jDvszkVl9PR","2026-08-26 23:59:47.848","2026-08-30 11:22:44.680","jDvszkVl9PR","18378578","[PREMIUM]","[PREMIUM]","[PREMIUM]","201","Section 201","10",5,"[]","2026-10-12 00:00:00","electronic","exchange",2,"[PREMIUM]","2,3,4,5"
"jDvszkVVpvz","2026-08-26 23:59:47.848","2026-09-06 22:42:06.584","jDvszkVVpvz","18378578","[PREMIUM]","[PREMIUM]","[PREMIUM]","205","Section 205","11",8,"[]","2026-10-11 00:00:00","electronic","exchange",1,"[PREMIUM]","1,2,3,4,5,6,7,8"
"jDvszkVVpp9","2026-08-26 23:59:47.848","2026-09-08 23:16:05.860","jDvszkVVpp9","18378578","[PREMIUM]","[PREMIUM]","[PREMIUM]","212","Section 212","13",4,"[]","2026-10-11 00:00:00","electronic","exchange",0,"[PREMIUM]","1,2,3,4"
"jDvszkVVpZj","2026-08-26 23:59:47.848","2026-09-08 23:16:05.860","jDvszkVVpZj","18378578","[PREMIUM]","[PREMIUM]","[PREMIUM]","127","Section 127","9",8,"[]","2026-10-11 00:00:00","electronic","exchange",1,"[PREMIUM]","1,2,3,4,5,6,7,8"
"jDvszkVVpRz","2026-08-26 23:59:47.848","2026-09-08 23:16:05.860","jDvszkVVpRz","18378578","[PREMIUM]","[PREMIUM]","[PREMIUM]","208","Section 208","13",4,"[]","2026-10-11 00:00:00","electronic","exchange",0,"[PREMIUM]","1,2,3,4"
"jDvszkVVp0j","2026-08-26 23:59:47.848","2026-09-08 23:16:05.860","jDvszkVVp0j","18378578","[PREMIUM]","[PREMIUM]","[PREMIUM]","219","Section 219","1",8,"[]","2026-10-11 00:00:00","electronic","exchange",2,"[PREMIUM]","1,2,3,4,5,6,7,8"
"jDvszkVVodm","2026-08-26 23:59:47.848","2026-09-07 23:01:46.031","jDvszkVVodm","18378578","[PREMIUM]","[PREMIUM]","[PREMIUM]","107","Section 107","11",5,"[]","2026-10-11 00:00:00","electronic","exchange",4,"[PREMIUM]","1,2,3,4,5"
"jDvszkVVoPz","2026-08-26 23:59:47.848","2026-09-06 22:42:06.584","jDvszkVVoPz","18378578","[PREMIUM]","[PREMIUM]","[PREMIUM]","101","Section 101","19",4,"[]","2026-10-11 00:00:00","electronic","exchange",2,"[PREMIUM]","1,2,3,4"
"jDvszkVVmPd","2026-08-26 23:59:47.848","2026-09-03 22:53:29.035","jDvszkVVmPd","18378578","[PREMIUM]","[PREMIUM]","[PREMIUM]","107","Section 107","18",4,"[]","2026-10-11 00:00:00","electronic","exchange",1,"[PREMIUM]","1,2,3,4"
"jDvszkVVNEj","2026-08-26 23:59:47.848","2026-09-08 23:16:05.860","jDvszkVVNEj","18378578","[PREMIUM]","[PREMIUM]","[PREMIUM]","220","Section 220","4",4,"[]","2026-10-11 00:00:00","electronic","exchange",1,"[PREMIUM]","1,2,3,4"
"jDvszkVVNB3","2026-08-26 23:59:47.848","2026-09-08 23:16:05.860","jDvszkVVNB3","18378578","[PREMIUM]","[PREMIUM]","[PREMIUM]","208","Section 208","7",8,"[]","2026-10-11 00:00:00","electronic","exchange",1,"[PREMIUM]","1,2,3,4,5,6,7,8"
"jDvszkVVN8q","2026-08-26 23:59:47.848","2026-09-08 23:16:05.860","jDvszkVVN8q","18378578","[PREMIUM]","[PREMIUM]","[PREMIUM]","215","Section 215","11",8,"[]","2026-10-11 00:00:00","electronic","exchange",1,"[PREMIUM]","1,2,3,4,5,6,7,8"
"jDvszkVGEqa","2026-08-26 23:59:47.848","2026-09-08 23:16:05.860","jDvszkVGEqa","18378578","[PREMIUM]","[PREMIUM]","[PREMIUM]","120","Section 120","15",9,"[]","2026-10-12 00:00:00","electronic","exchange",1,"[PREMIUM]","1,2,3,4,5,6,7,9"
"jDvszkVGEP4","2026-08-26 23:59:47.848","2026-08-31 22:21:56.649","jDvszkVGEP4","18378578","[PREMIUM]","[PREMIUM]","[PREMIUM]","203","Section 203","5",4,"[]","2026-10-12 00:00:00","electronic","exchange",1,"[PREMIUM]","2,4"
"jDvszkVGEKd","2026-08-26 23:59:47.848","2026-08-30 11:22:44.680","jDvszkVGEKd","18378578","[PREMIUM]","[PREMIUM]","[PREMIUM]","102","Section 102","6",2,"[]","2026-10-12 00:00:00","electronic","exchange",1,"[PREMIUM]","2"
"jDvszkVGE0E","2026-08-26 23:59:47.848","2026-09-07 23:01:46.031","jDvszkVGE0E","18378578","[PREMIUM]","[PREMIUM]","[PREMIUM]","214","Section 214","7",2,"[]","2026-10-12 00:00:00","electronic","exchange",1,"[PREMIUM]","2"
"jDvszkVEgpZ","2026-08-26 23:59:47.848","2026-08-31 22:21:56.649","jDvszkVEgpZ","18378578","[PREMIUM]","[PREMIUM]","[PREMIUM]","225","Section 225","8",3,"[]","2026-10-12 00:00:00","electronic","exchange",1,"[PREMIUM]","1,2,3"
"kYet9mglLrY","2026-08-26 23:59:47.848","2026-09-08 23:16:05.860","kYet9mglLrY","18378578","[PREMIUM]","[PREMIUM]","[PREMIUM]","116","Section 116","5",15,"[]","2026-10-12 00:00:00","electronic","exchange",0,"[PREMIUM]","1,2,3,4,5,6,7,8,9,10,11,12,13,15"
"kYet9mglLp2","2026-08-26 23:59:47.848","2026-09-08 23:16:05.860","kYet9mglLp2","18378578","[PREMIUM]","[PREMIUM]","[PREMIUM]","209","Section 209","12",8,"[]","2026-10-12 00:00:00","electronic","exchange",0,"[PREMIUM]","1,2,3,4,5,6,8"
"kYet9mglLmE","2026-08-26 23:59:47.848","2026-09-08 23:16:05.860","kYet9mglLmE","18378578","[PREMIUM]","[PREMIUM]","[PREMIUM]","217","Section 217","3",2,"[]","2026-10-12 00:00:00","electronic","exchange",1,"[PREMIUM]","2"
"kYet9mglLRo","2026-08-26 23:59:47.848","2026-09-08 23:16:05.860","kYet9mglLRo","18378578","[PREMIUM]","[PREMIUM]","[PREMIUM]","107","Section 107","19",4,"[]","2026-10-12 00:00:00","electronic","exchange",0,"[PREMIUM]","2,4"
"kYet9mglLRl","2026-08-26 23:59:47.848","2026-09-08 23:16:05.860","kYet9mglLRl","18378578","[PREMIUM]","[PREMIUM]","[PREMIUM]","109","Section 109","21",4,"[]","2026-10-12 00:00:00","electronic","exchange",0,"[PREMIUM]","2,4"
"kYet9mglLPY","2026-08-26 23:59:47.848","2026-09-08 23:16:05.860","kYet9mglLPY","18378578","[PREMIUM]","[PREMIUM]","[PREMIUM]","127","Section 127","11",4,"[]","2026-10-12 00:00:00","electronic","exchange",1,"[PREMIUM]","2,4"
"kYet9mglLP2","2026-08-26 23:59:47.848","2026-08-30 11:22:44.680","kYet9mglLP2","18378578","[PREMIUM]","[PREMIUM]","[PREMIUM]","201","Section 201","10",5,"[]","2026-10-12 00:00:00","electronic","exchange",2,"[PREMIUM]","1,2,3,5"
"kYet9mglLOp","2026-08-26 23:59:47.848","2026-09-07 23:01:46.031","kYet9mglLOp","18378578","[PREMIUM]","[PREMIUM]","[PREMIUM]","115","Section 115","4",8,"[]","2026-10-12 00:00:00","electronic","exchange",0,"[PREMIUM]","1,2,3,4,5,6,8"
"kYet9mglLKO","2026-08-26 23:59:47.848","2026-09-06 22:42:06.584","kYet9mglLKO","18378578","[PREMIUM]","[PREMIUM]","[PREMIUM]","211","Section 211","11",10,"[]","2026-10-12 00:00:00","electronic","exchange",0,"[PREMIUM]","1,2,3,4,5,6,7,8,10"
"kYet9mglLEo","2026-08-26 23:59:47.848","2026-09-08 23:16:05.860","kYet9mglLEo","18378578","[PREMIUM]","[PREMIUM]","[PREMIUM]","101","Section 101","6",6,"[]","2026-10-12 00:00:00","electronic","exchange",0,"[PREMIUM]","2,4,6"
"kYet9mglL4N","2026-08-26 23:59:47.848","2026-09-08 23:16:05.860","kYet9mglL4N","18378578","[PREMIUM]","[PREMIUM]","[PREMIUM]","224","Section 224","2",2,"[]","2026-10-12 00:00:00","electronic","exchange",2,"[PREMIUM]","2"
"kYet9mggppn","2026-08-26 23:59:47.848","2026-09-08 23:16:05.860","kYet9mggppn","18378578","[PREMIUM]","[PREMIUM]","[PREMIUM]","211","Section 211","7",4,"[]","2026-10-11 00:00:00","electronic","exchange",1,"[PREMIUM]","1,2,3,4"
"kYet9mggpkz","2026-08-26 23:59:47.848","2026-09-07 23:01:46.031","kYet9mggpkz","18378578","[PREMIUM]","[PREMIUM]","[PREMIUM]","204","Section 204","7",6,"[]","2026-10-11 00:00:00","electronic","exchange",3,"[PREMIUM]","1,2,3,4,5,6"
"kYet9mggpkV","2026-08-26 23:59:47.848","2026-08-30 11:22:44.680","kYet9mggpkV","18378578","[PREMIUM]","[PREMIUM]","[PREMIUM]","203","Section 203","5",4,"[]","2026-10-11 00:00:00","electronic","exchange",1,"[PREMIUM]","1,2,3,4"
"kYet9mggpaz","2026-08-26 23:59:47.848","2026-09-08 23:16:05.860","kYet9mggpaz","18378578","[PREMIUM]","[PREMIUM]","[PREMIUM]","207","Section 207","7",8,"[]","2026-10-11 00:00:00","electronic","exchange",1,"[PREMIUM]","1,2,3,4,5,6,7,8"
"kYet9mggpKV","2026-08-26 23:59:47.848","2026-09-08 23:16:05.860","kYet9mggpKV","18378578","[PREMIUM]","[PREMIUM]","[PREMIUM]","216","Section 216","8",4,"[]","2026-10-11 00:00:00","electronic","exchange",1,"[PREMIUM]","1,2,3,4"
"kYet9mggpEz","2026-08-26 23:59:47.848","2026-08-26 23:59:47.848","kYet9mggpEz","18378578","[PREMIUM]","[PREMIUM]","[PREMIUM]","106","Section 106","9",6,"[]","2026-10-11 00:00:00","electronic","exchange",4,"[PREMIUM]","1,2,3,4,5,6"
"kYet9mggpER","2026-08-26 23:59:47.848","2026-09-08 23:16:05.860","kYet9mggpER","18378578","[PREMIUM]","[PREMIUM]","[PREMIUM]","107","Section 107","9",4,"[]","2026-10-11 00:00:00","electronic","exchange",1,"[PREMIUM]","1,2,3,4"
"kYet9mggp0V","2026-08-26 23:59:47.848","2026-09-01 22:35:41.605","kYet9mggp0V","18378578","[PREMIUM]","[PREMIUM]","[PREMIUM]","121","Section 121","19",4,"[]","2026-10-11 00:00:00","electronic","exchange",1,"[PREMIUM]","1,2,3,4"
"kYet9mggnlZ","2026-08-26 23:59:47.848","2026-09-07 23:01:46.031","kYet9mggnlZ","18378578","[PREMIUM]","[PREMIUM]","[PREMIUM]","107","Section 107","10",4,"[]","2026-10-11 00:00:00","electronic","exchange",4,"[PREMIUM]","1,2,3,4"
"kYet9mggnlD","2026-08-26 23:59:47.848","2026-09-07 23:01:46.031","kYet9mggnlD","18378578","[PREMIUM]","[PREMIUM]","[PREMIUM]","107","Section 107","13",5,"[]","2026-10-11 00:00:00","electronic","exchange",5,"[PREMIUM]","1,2,3,4,5"
"kYet9mggner","2026-08-26 23:59:47.848","2026-09-07 23:01:46.031","kYet9mggner","18378578","[PREMIUM]","[PREMIUM]","[PREMIUM]","128","Section 128","4",2,"[]","2026-10-11 00:00:00","electronic","exchange",1,"[PREMIUM]","1,2"
"kYet9mggn4Z","2026-08-26 23:59:47.848","2026-09-07 23:01:46.031","kYet9mggn4Z","18378578","[PREMIUM]","[PREMIUM]","[PREMIUM]","104","Section 104","8",4,"[]","2026-10-11 00:00:00","electronic","exchange",2,"[PREMIUM]","1,2,3,4"
"kYet9mggYPo","2026-08-26 23:59:47.848","2026-09-08 23:16:05.860","kYet9mggYPo","18378578","[PREMIUM]","[PREMIUM]","[PREMIUM]","106","Section 106","23",4,"[]","2026-10-11 00:00:00","electronic","exchange",1,"[PREMIUM]","1,2,3,4"
"kYet9mggY8O","2026-08-26 23:59:47.848","2026-08-26 23:59:47.848","kYet9mggY8O","18378578","[PREMIUM]","[PREMIUM]","[PREMIUM]","113","Section 113","22",6,"[]","2026-10-11 00:00:00","electronic","exchange",2,"[PREMIUM]","1,2,3,4,5,6"
"kYet9mggKob","2026-08-26 23:59:47.848","2026-09-02 22:52:40.294","kYet9mggKob","18378578","[PREMIUM]","[PREMIUM]","[PREMIUM]","202","Section 202","4",6,"[]","2026-10-11 00:00:00","electronic","exchange",3,"[PREMIUM]","1,2,3,4,5,6"
"kYet9mggKn4","2026-08-26 23:59:47.848","2026-09-08 23:16:05.860","kYet9mggKn4","18378578","[PREMIUM]","[PREMIUM]","[PREMIUM]","109","Section 109","20",6,"[]","2026-10-11 00:00:00","electronic","exchange",0,"[PREMIUM]","1,2,3,4,5,6"
"kYet9mgg7Pa","2026-08-26 23:59:47.848","2026-09-08 23:16:05.860","kYet9mgg7Pa","18378578","[PREMIUM]","[PREMIUM]","[PREMIUM]","211","Section 211","6",4,"[]","2026-10-11 00:00:00","electronic","exchange",1,"[PREMIUM]","1,2,3,4"
"kYet9mgeYpo","2026-08-26 23:59:47.848","2026-09-08 23:16:05.860","kYet9mgeYpo","18378578","[PREMIUM]","[PREMIUM]","[PREMIUM]","128","Section 128","3",7,"[]","2026-10-12 00:00:00","electronic","exchange",0,"[PREMIUM]","1,2,3,4,5,7"
"kYet9mz6Rvk","2026-08-26 23:59:47.848","2026-09-08 23:16:05.860","kYet9mz6Rvk","18378578","[PREMIUM]","[PREMIUM]","[PREMIUM]","102","Section 102","19",4,"[]","2026-10-12 00:00:00","electronic","exchange",0,"[PREMIUM]","1,2,3,4"
"lxVsdRDKMgk","2026-08-26 23:59:47.848","2026-09-03 22:53:29.035","lxVsdRDKMgk","18378578","[PREMIUM]","[PREMIUM]","[PREMIUM]","104","Section 104","20",2,"[]","2026-10-12 00:00:00","electronic","exchange",1,"[PREMIUM]","2"
"lxVsdRDNAR6","2026-08-26 23:59:47.848","2026-08-30 11:22:44.680","lxVsdRDNAR6","18378578","[PREMIUM]","[PREMIUM]","[PREMIUM]","102","Section 102","6",2,"[]","2026-10-12 00:00:00","electronic","exchange",0,"[PREMIUM]","2"
"lxVsdRjKZpw","2026-08-26 23:59:47.848","2026-08-31 22:21:56.649","lxVsdRjKZpw","18378578","[PREMIUM]","[PREMIUM]","[PREMIUM]","109","Section 109","19",4,"[]","2026-10-12 00:00:00","electronic","exchange",0,"[PREMIUM]","1,2,3,4"
"lxVsdRj7qoz","2026-08-26 23:59:47.848","2026-09-06 22:42:06.584","lxVsdRj7qoz","18378578","[PREMIUM]","[PREMIUM]","[PREMIUM]","101","Section 101","19",4,"[]","2026-10-12 00:00:00","electronic","exchange",2,"[PREMIUM]","2,4"
"lxVsdRj7qkX","2026-08-26 23:59:47.848","2026-08-31 22:21:56.649","lxVsdRj7qkX","18378578","[PREMIUM]","[PREMIUM]","[PREMIUM]","117","Section 117","3",5,"[]","2026-10-12 00:00:00","electronic","exchange",5,"[PREMIUM]","1,2,3,5"
"lxVsdRj7qge","2026-08-26 23:59:47.848","2026-09-08 23:16:05.860","lxVsdRj7qge","18378578","[PREMIUM]","[PREMIUM]","[PREMIUM]","210","Section 210","4",2,"[]","2026-10-12 00:00:00","electronic","exchange",2,"[PREMIUM]","2"
"lxVsdRj7qbX","2026-08-26 23:59:47.848","2026-09-08 23:16:05.860","lxVsdRj7qbX","18378578","[PREMIUM]","[PREMIUM]","[PREMIUM]","117","Section 117","9",6,"[]","2026-10-12 00:00:00","electronic","exchange",1,"[PREMIUM]","2,4,6"
"lxVsdRj7qZ2","2026-08-26 23:59:47.848","2026-09-01 22:35:41.605","lxVsdRj7qZ2","18378578","[PREMIUM]","[PREMIUM]","[PREMIUM]","115","Section 115","21",8,"[]","2026-10-12 00:00:00","electronic","exchange",1,"[PREMIUM]","1,2,3,4,5,6,8"
"lxVsdRj7qYO","2026-08-26 23:59:47.848","2026-09-08 23:16:05.860","lxVsdRj7qYO","18378578","[PREMIUM]","[PREMIUM]","[PREMIUM]","212","Section 212","11",5,"[]","2026-10-12 00:00:00","electronic","exchange",0,"[PREMIUM]","1,2,3,5"
"lxVsdRj7qRq","2026-08-26 23:59:47.848","2026-09-08 23:16:05.860","lxVsdRj7qRq","18378578","[PREMIUM]","[PREMIUM]","[PREMIUM]","219","Section 219","1",8,"[]","2026-10-12 00:00:00","electronic","exchange",2,"[PREMIUM]","1,2,3,4,5,6,8"
"lxVsdRj7qMz","2026-08-26 23:59:47.848","2026-09-04 22:46:59.154","lxVsdRj7qMz","18378578","[PREMIUM]","[PREMIUM]","[PREMIUM]","109","Section 109","5",4,"[]","2026-10-12 00:00:00","electronic","exchange",1,"[PREMIUM]","2,4"
"lxVsdRj7qMD","2026-08-26 23:59:47.848","2026-08-26 23:59:47.848","lxVsdRj7qMD","18378578","[PREMIUM]","[PREMIUM]","[PREMIUM]","110","Section 110","21",2,"[]","2026-10-12 00:00:00","electronic","exchange",1,"[PREMIUM]","2"
"lxVsdRj7qL0","2026-08-26 23:59:47.848","2026-09-08 23:16:05.860","lxVsdRj7qL0","18378578","[PREMIUM]","[PREMIUM]","[PREMIUM]","225","Section 225","3",4,"[]","2026-10-12 00:00:00","electronic","exchange",1,"[PREMIUM]","2,4"
"lxVsdRj7qGe","2026-08-26 23:59:47.848","2026-09-08 23:16:05.860","lxVsdRj7qGe","18378578","[PREMIUM]","[PREMIUM]","[PREMIUM]","202","Section 202","1",2,"[]","2026-10-12 00:00:00","electronic","exchange",1,"[PREMIUM]","2"
"lxVsdRj7qGX","2026-08-26 23:59:47.848","2026-09-08 23:16:05.860","lxVsdRj7qGX","18378578","[PREMIUM]","[PREMIUM]","[PREMIUM]","128","Section 128","4",6,"[]","2026-10-12 00:00:00","electronic","exchange",0,"[PREMIUM]","2,4,6"
"lxVsdRjpmqp","2026-08-26 23:59:47.848","2026-09-07 23:01:46.031","lxVsdRjpmqp","18378578","[PREMIUM]","[PREMIUM]","[PREMIUM]","102","Section 102","4",4,"[]","2026-10-11 00:00:00","electronic","exchange",1,"[PREMIUM]","1,2,3,4"
"lxVsdRjjxnD","2026-08-26 23:59:47.848","2026-09-08 23:16:05.860","lxVsdRjjxnD","18378578","[PREMIUM]","[PREMIUM]","[PREMIUM]","203","Section 203","17",8,"[]","2026-10-11 00:00:00","electronic","exchange",0,"[PREMIUM]","1,2,3,4,5,6,7,8"
"lxVsdRjjr93","2026-08-26 23:59:47.848","2026-08-31 22:21:56.649","lxVsdRjjr93","18378578","[PREMIUM]","[PREMIUM]","[PREMIUM]","228","Section 228","11",4,"[]","2026-10-11 00:00:00","electronic","exchange",2,"[PREMIUM]","1,2,3,4"
"lxVsdRjjnGd","2026-08-26 23:59:47.848","2026-09-08 23:16:05.860","lxVsdRjjnGd","18378578","[PREMIUM]","[PREMIUM]","[PREMIUM]","210","Section 210","6",4,"[]","2026-10-11 00:00:00","electronic","exchange",1,"[PREMIUM]","1,2,3,4"
"lxVsdRjjgYx","2026-08-26 23:59:47.848","2026-09-08 23:16:05.860","lxVsdRjjgYx","18378578","[PREMIUM]","[PREMIUM]","[PREMIUM]","215","Section 215","17",6,"[]","2026-10-11 00:00:00","electronic","exchange",1,"[PREMIUM]","1,2,3,4,5,6"
"lxVsdRjjgYV","2026-08-26 23:59:47.848","2026-08-30 11:22:44.680","lxVsdRjjgYV","18378578","[PREMIUM]","[PREMIUM]","[PREMIUM]","217","Section 217","16",5,"[]","2026-10-11 00:00:00","electronic","exchange",1,"[PREMIUM]","1,2,3,4,5"
"lxVsdRjjg6V","2026-08-26 23:59:47.848","2026-09-08 23:16:05.860","lxVsdRjjg6V","18378578","[PREMIUM]","[PREMIUM]","[PREMIUM]","102","Section 102","6",4,"[]","2026-10-11 00:00:00","electronic","exchange",0,"[PREMIUM]","1,2,3,4"
"lxVsdRjjg6G","2026-08-26 23:59:47.848","2026-09-08 23:16:05.860","lxVsdRjjg6G","18378578","[PREMIUM]","[PREMIUM]","[PREMIUM]","102","Section 102","9",4,"[]","2026-10-11 00:00:00","electronic","exchange",1,"[PREMIUM]","1,2,3,4"
"lxVsdRjjYEv","2026-08-26 23:59:47.848","2026-09-08 23:16:05.860","lxVsdRjjYEv","18378578","[PREMIUM]","[PREMIUM]","[PREMIUM]","112","Section 112","13",4,"[]","2026-10-11 00:00:00","electronic","exchange",1,"[PREMIUM]","1,2,3,4"
"lxVsdRjjY0n","2026-08-26 23:59:47.848","2026-09-08 23:16:05.860","lxVsdRjjY0n","18378578","[PREMIUM]","[PREMIUM]","[PREMIUM]","202","Section 202","16",4,"[]","2026-10-11 00:00:00","electronic","exchange",1,"[PREMIUM]","1,2,3,4"
"lxVsdRjjJow","2026-08-26 23:59:47.848","2026-09-08 23:16:05.860","lxVsdRjjJow","18378578","[PREMIUM]","[PREMIUM]","[PREMIUM]","124","Section 124","17",4,"[]","2026-10-11 00:00:00","electronic","exchange",1,"[PREMIUM]","1,2,3,4"
"lxVsdRjjEPg","2026-08-26 23:59:47.848","2026-09-07 23:01:46.031","lxVsdRjjEPg","18378578","[PREMIUM]","[PREMIUM]","[PREMIUM]","114","Section 114","7",5,"[]","2026-10-11 00:00:00","electronic","exchange",1,"[PREMIUM]","1,2,3,4,5"
"lxVsdRjjEMv","2026-08-26 23:59:47.848","2026-08-31 22:21:56.649","lxVsdRjjEMv","18378578","[PREMIUM]","[PREMIUM]","[PREMIUM]","120","Section 120","4",8,"[]","2026-10-11 00:00:00","electronic","exchange",2,"[PREMIUM]","1,2,3,4,5,6,7,8"
"mxAs4xDVmP4","2026-08-26 23:59:47.848","2026-08-27 23:59:18.226","mxAs4xDVmP4","18378578","[PREMIUM]","[PREMIUM]","[PREMIUM]","104","Section 104","20",2,"[]","2026-10-12 00:00:00","electronic","exchange",1,"[PREMIUM]","2"
"mxAs4xq2XKX","2026-08-26 23:59:47.848","2026-08-26 23:59:47.848","mxAs4xq2XKX","18378578","[PREMIUM]","[PREMIUM]","[PREMIUM]","116","Section 116","19",5,"[]","2026-10-12 00:00:00","electronic","exchange",2,"[PREMIUM]","1,2,3,4,5"
"mxAs4xqqmZm","2026-08-26 23:59:47.848","2026-08-26 23:59:47.848","mxAs4xqqmZm","18378578","[PREMIUM]","[PREMIUM]","[PREMIUM]","106","Section 106","9",6,"[]","2026-10-11 00:00:00","electronic","exchange",4,"[PREMIUM]","1,2,3,4,5,6"
"mxAs4xqqm8o","2026-08-26 23:59:47.848","2026-09-07 23:01:46.031","mxAs4xqqm8o","18378578","[PREMIUM]","[PREMIUM]","[PREMIUM]","127","Section 127","6",4,"[]","2026-10-11 00:00:00","electronic","exchange",2,"[PREMIUM]","1,2,3,4"
"mxAs4xqqejV","2026-08-26 23:59:47.848","2026-09-08 23:16:05.860","mxAs4xqqejV","18378578","[PREMIUM]","[PREMIUM]","[PREMIUM]","206","Section 206","4",5,"[]","2026-10-11 00:00:00","electronic","exchange",1,"[PREMIUM]","1,2,3,4,5"
"mxAs4xqqeeD","2026-08-26 23:59:47.848","2026-09-08 23:16:05.860","mxAs4xqqeeD","18378578","[PREMIUM]","[PREMIUM]","[PREMIUM]","213","Section 213","16",4,"[]","2026-10-11 00:00:00","electronic","exchange",0,"[PREMIUM]","1,2,3,4"
"mxAs4xqqeJ8","2026-08-26 23:59:47.848","2026-09-08 23:16:05.860","mxAs4xqqeJ8","18378578","[PREMIUM]","[PREMIUM]","[PREMIUM]","120","Section 120","15",8,"[]","2026-10-11 00:00:00","electronic","exchange",1,"[PREMIUM]","1,2,3,4,5,6,7,8"
"mxAs4xqqe8Y","2026-08-26 23:59:47.848","2026-09-08 23:16:05.860","mxAs4xqqe8Y","18378578","[PREMIUM]","[PREMIUM]","[PREMIUM]","113","Section 113","13",4,"[]","2026-10-11 00:00:00","electronic","exchange",1,"[PREMIUM]","1,2,3,4"
"mxAs4xqqe38","2026-08-26 23:59:47.848","2026-09-08 23:16:05.860","mxAs4xqqe38","18378578","[PREMIUM]","[PREMIUM]","[PREMIUM]","116","Section 116","5",8,"[]","2026-10-11 00:00:00","electronic","exchange",0,"[PREMIUM]","1,2,3,4,5,6,7,8"
"mxAs4xqZLrz","2026-08-26 23:59:47.848","2026-09-03 22:53:29.035","mxAs4xqZLrz","18378578","[PREMIUM]","[PREMIUM]","[PREMIUM]","103","Section 103","23",4,"[]","2026-10-12 00:00:00","electronic","exchange",1,"[PREMIUM]","2,4"
"mxAs4xqZLn4","2026-08-26 23:59:47.848","2026-09-08 23:16:05.860","mxAs4xqZLn4","18378578","[PREMIUM]","[PREMIUM]","[PREMIUM]","206","Section 206","10",5,"[]","2026-10-12 00:00:00","electronic","exchange",0,"[PREMIUM]","1,2,3,5"
"mxAs4xqZL7K","2026-08-26 23:59:47.848","2026-09-08 23:16:05.860","mxAs4xqZL7K","18378578","[PREMIUM]","[PREMIUM]","[PREMIUM]","123","Section 123","15",11,"[]","2026-10-12 00:00:00","electronic","exchange",0,"[PREMIUM]","1,2,3,4,5,6,7,8,9,11"
"mxAs4xqZL3G","2026-08-26 23:59:47.848","2026-08-27 23:59:18.226","mxAs4xqZL3G","18378578","[PREMIUM]","[PREMIUM]","[PREMIUM]","215","Section 215","11",2,"[]","2026-10-12 00:00:00","electronic","exchange",1,"[PREMIUM]","2"
"nx0srKggvRg","2026-08-26 23:59:47.848","2026-09-03 22:53:29.035","nx0srKggvRg","18378578","[PREMIUM]","[PREMIUM]","[PREMIUM]","118","Section 118","21",4,"[]","2026-10-11 00:00:00","electronic","exchange",1,"[PREMIUM]","1,2,3,4"
"nx0srKggvLk","2026-08-26 23:59:47.848","2026-09-08 23:16:05.860","nx0srKggvLk","18378578","[PREMIUM]","[PREMIUM]","[PREMIUM]","104","Section 104","7",8,"[]","2026-10-11 00:00:00","electronic","exchange",1,"[PREMIUM]","1,2,3,4,5,6,7,8"
"nx0srKggv0k","2026-08-26 23:59:47.848","2026-09-01 22:35:41.605","nx0srKggv0k","18378578","[PREMIUM]","[PREMIUM]","[PREMIUM]","102","Section 102","20",5,"[]","2026-10-11 00:00:00","electronic","exchange",2,"[PREMIUM]","1,2,3,4,5"
"nx0srKggbwg","2026-08-26 23:59:47.848","2026-09-04 22:46:59.154","nx0srKggbwg","18378578","[PREMIUM]","[PREMIUM]","[PREMIUM]","220","Section 220","3",4,"[]","2026-10-11 00:00:00","electronic","exchange",3,"[PREMIUM]","1,2,3,4"
"nx0srKggRDb","2026-08-26 23:59:47.848","2026-09-08 23:16:05.860","nx0srKggRDb","18378578","[PREMIUM]","[PREMIUM]","[PREMIUM]","124","Section 124","19",5,"[]","2026-10-11 00:00:00","electronic","exchange",1,"[PREMIUM]","1,2,3,4,5"
"nx0srKggDPM","2026-08-26 23:59:47.848","2026-09-08 23:16:05.860","nx0srKggDPM","18378578","[PREMIUM]","[PREMIUM]","[PREMIUM]","109","Section 109","20",6,"[]","2026-10-11 00:00:00","electronic","exchange",1,"[PREMIUM]","1,2,3,4,5,6"
"nx0srKggDBn","2026-08-26 23:59:47.848","2026-09-08 23:16:05.860","nx0srKggDBn","18378578","[PREMIUM]","[PREMIUM]","[PREMIUM]","219","Section 219","1",8,"[]","2026-10-11 00:00:00","electronic","exchange",2,"[PREMIUM]","1,2,3,4,5,6,7,8"
"nx0srKgg9zj","2026-08-26 23:59:47.848","2026-09-07 23:01:46.031","nx0srKgg9zj","18378578","[PREMIUM]","[PREMIUM]","[PREMIUM]","104","Section 104","7",8,"[]","2026-10-11 00:00:00","electronic","exchange",2,"[PREMIUM]","1,2,3,4,5,6,7,8"
"nx0srKgg66X","2026-08-26 23:59:47.848","2026-09-08 23:16:05.860","nx0srKgg66X","18378578","[PREMIUM]","[PREMIUM]","[PREMIUM]","206","Section 206","10",5,"[]","2026-10-11 00:00:00","electronic","exchange",0,"[PREMIUM]","1,2,3,4,5"
"nx0srKgzwPA","2026-08-26 23:59:47.848","2026-09-08 23:16:05.860","nx0srKgzwPA","18378578","[PREMIUM]","[PREMIUM]","[PREMIUM]","202","Section 202","16",4,"[]","2026-10-12 00:00:00","electronic","exchange",0,"[PREMIUM]","2,4"
"nx0srKgzwVM","2026-08-26 23:59:47.848","2026-09-08 23:16:05.860","nx0srKgzwVM","18378578","[PREMIUM]","[PREMIUM]","[PREMIUM]","102","Section 102","5",6,"[]","2026-10-12 00:00:00","electronic","exchange",1,"[PREMIUM]","2,4,6"
"nx0srKgzwRd","2026-08-26 23:59:47.848","2026-09-08 23:16:05.860","nx0srKgzwRd","18378578","[PREMIUM]","[PREMIUM]","[PREMIUM]","213","Section 213","16",4,"[]","2026-10-12 00:00:00","electronic","exchange",0,"[PREMIUM]","2,4"
"nx0srKgxjrE","2026-08-26 23:59:47.848","2026-09-07 23:01:46.031","nx0srKgxjrE","18378578","[PREMIUM]","[PREMIUM]","[PREMIUM]","115","Section 115","4",7,"[]","2026-10-11 00:00:00","electronic","exchange",0,"[PREMIUM]","1,2,3,4,5,6,7"
"nx0srKgzw8l","2026-08-26 23:59:47.848","2026-09-08 23:16:05.860","nx0srKgzw8l","18378578","[PREMIUM]","[PREMIUM]","[PREMIUM]","120","Section 120","12",2,"[]","2026-10-12 00:00:00","electronic","exchange",0,"[PREMIUM]","2"
"oV7Hb6KKvld","2026-08-26 23:59:47.848","2026-09-03 22:53:29.035","oV7Hb6KKvld","18378578","[PREMIUM]","[PREMIUM]","[PREMIUM]","102","Section 102","8",8,"[]","2026-10-11 00:00:00","electronic","exchange",2,"[PREMIUM]","1,2,3,4,5,6,7,8"
"oV7Hb6KR4aV","2026-08-26 23:59:47.848","2026-09-07 23:01:46.031","oV7Hb6KR4aV","18378578","[PREMIUM]","[PREMIUM]","[PREMIUM]","101","Section 101","7",4,"[]","2026-10-11 00:00:00","electronic","exchange",1,"[PREMIUM]","1,2,3,4"
"oV7Hb6KK9GO","2026-08-26 23:59:47.848","2026-09-08 23:16:05.860","oV7Hb6KK9GO","18378578","[PREMIUM]","[PREMIUM]","[PREMIUM]","201","Section 201","17",4,"[]","2026-10-11 00:00:00","electronic","exchange",1,"[PREMIUM]","1,2,3,4"
"oV7Hb6KKr8p","2026-08-26 23:59:47.848","2026-09-08 23:16:05.860","oV7Hb6KKr8p","18378578","[PREMIUM]","[PREMIUM]","[PREMIUM]","121","Section 121","14",7,"[]","2026-10-11 00:00:00","electronic","exchange",1,"[PREMIUM]","1,2,3,4,5,6,7"
"oV7Hb6KKrmp","2026-08-26 23:59:47.848","2026-09-01 22:35:41.605","oV7Hb6KKrmp","18378578","[PREMIUM]","[PREMIUM]","[PREMIUM]","121","Section 121","19",4,"[]","2026-10-11 00:00:00","electronic","exchange",1,"[PREMIUM]","1,2,3,4"
"oV7Hb6KKo9N","2026-08-26 23:59:47.848","2026-09-06 22:42:06.584","oV7Hb6KKo9N","18378578","[PREMIUM]","[PREMIUM]","[PREMIUM]","117","Section 117","7",6,"[]","2026-10-11 00:00:00","electronic","exchange",2,"[PREMIUM]","1,2,3,4,5,6"
"oV7Hb6KKvA2","2026-08-26 23:59:47.848","2026-09-07 23:01:46.031","oV7Hb6KKvA2","18378578","[PREMIUM]","[PREMIUM]","[PREMIUM]","107","Section 107","9",4,"[]","2026-10-11 00:00:00","electronic","exchange",3,"[PREMIUM]","1,2,3,4"
"oV7Hb6KKoDR","2026-08-26 23:59:47.848","2026-09-08 23:16:05.860","oV7Hb6KKoDR","18378578","[PREMIUM]","[PREMIUM]","[PREMIUM]","207","Section 207","5",8,"[]","2026-10-11 00:00:00","electronic","exchange",2,"[PREMIUM]","1,2,3,4,5,6,7,8"
"oV7Hb6KKoMN","2026-08-26 23:59:47.848","2026-09-08 23:16:05.860","oV7Hb6KKoMN","18378578","[PREMIUM]","[PREMIUM]","[PREMIUM]","228","Section 228","16",3,"[]","2026-10-11 00:00:00","electronic","exchange",1,"[PREMIUM]","1,2,3"
"oV7Hb6KKvDJ","2026-08-26 23:59:47.848","2026-09-07 23:01:46.031","oV7Hb6KKvDJ","18378578","[PREMIUM]","[PREMIUM]","[PREMIUM]","114","Section 114","21",4,"[]","2026-10-11 00:00:00","electronic","exchange",4,"[PREMIUM]","1,2,3,4"
"oV7Hb6KKonN","2026-08-26 23:59:47.848","2026-08-26 23:59:47.848","oV7Hb6KKonN","18378578","[PREMIUM]","[PREMIUM]","[PREMIUM]","201","Section 201","6",4,"[]","2026-10-11 00:00:00","electronic","exchange",4,"[PREMIUM]","1,2,3,4"
"oV7Hb6KKvYA","2026-08-26 23:59:47.848","2026-09-01 22:35:41.605","oV7Hb6KKvYA","18378578","[PREMIUM]","[PREMIUM]","[PREMIUM]","117","Section 117","4",4,"[]","2026-10-11 00:00:00","electronic","exchange",1,"[PREMIUM]","1,2,3,4"
"oV7Hb6KKonR","2026-08-26 23:59:47.848","2026-09-08 23:16:05.860","oV7Hb6KKonR","18378578","[PREMIUM]","[PREMIUM]","[PREMIUM]","203","Section 203","17",8,"[]","2026-10-11 00:00:00","electronic","exchange",0,"[PREMIUM]","1,2,3,4,5,6,7,8"
"oV7Hb6KKvgj","2026-08-26 23:59:47.848","2026-08-26 23:59:47.848","oV7Hb6KKvgj","18378578","[PREMIUM]","[PREMIUM]","[PREMIUM]","106","Section 106","8",5,"[]","2026-10-11 00:00:00","electronic","exchange",3,"[PREMIUM]","1,2,3,4,5"
"oV7Hb6KKooZ","2026-08-26 23:59:47.848","2026-09-08 23:16:05.860","oV7Hb6KKooZ","18378578","[PREMIUM]","[PREMIUM]","[PREMIUM]","116","Section 116","22",8,"[]","2026-10-11 00:00:00","electronic","exchange",1,"[PREMIUM]","1,2,3,4,5,6,7,8"
"oV7Hb6KgaqP","2026-08-26 23:59:47.848","2026-09-08 23:16:05.860","oV7Hb6KgaqP","18378578","[PREMIUM]","[PREMIUM]","[PREMIUM]","114","Section 114","24",11,"[]","2026-10-12 00:00:00","electronic","exchange",1,"[PREMIUM]","1,2,3,4,5,6,7,8,9,11"
"oV7Hb6Kgaq4","2026-08-26 23:59:47.848","2026-09-08 23:16:05.860","oV7Hb6Kgaq4","18378578","[PREMIUM]","[PREMIUM]","[PREMIUM]","116","Section 116","3",4,"[]","2026-10-12 00:00:00","electronic","exchange",2,"[PREMIUM]","2,4"
"oV7Hb6Kgao5","2026-08-26 23:59:47.848","2026-08-27 23:59:18.226","oV7Hb6Kgao5","18378578","[PREMIUM]","[PREMIUM]","[PREMIUM]","208","Section 208","14",5,"[]","2026-10-12 00:00:00","electronic","exchange",1,"[PREMIUM]","1,2,3,5"
"oV7Hb6KgamL","2026-08-26 23:59:47.848","2026-09-08 23:16:05.860","oV7Hb6KgamL","18378578","[PREMIUM]","[PREMIUM]","[PREMIUM]","107","Section 107","17",2,"[]","2026-10-12 00:00:00","electronic","exchange",0,"[PREMIUM]","2"
"oV7Hb6Kgam6","2026-08-26 23:59:47.848","2026-09-08 23:16:05.860","oV7Hb6Kgam6","18378578","[PREMIUM]","[PREMIUM]","[PREMIUM]","109","Section 109","19",4,"[]","2026-10-12 00:00:00","electronic","exchange",0,"[PREMIUM]","2,4"
"oV7Hb6Kgaj4","2026-08-26 23:59:47.848","2026-09-07 23:01:46.031","oV7Hb6Kgaj4","18378578","[PREMIUM]","[PREMIUM]","[PREMIUM]","127","Section 127","6",4,"[]","2026-10-12 00:00:00","electronic","exchange",1,"[PREMIUM]","2,4"
"oV7Hb6KgaYL","2026-08-26 23:59:47.848","2026-08-26 23:59:47.848","oV7Hb6KgaYL","18378578","[PREMIUM]","[PREMIUM]","[PREMIUM]","101","Section 101","5",2,"[]","2026-10-12 00:00:00","electronic","exchange",0,"[PREMIUM]","2"
"oV7Hb6KgaP5","2026-08-26 23:59:47.848","2026-08-30 11:22:44.680","oV7Hb6KgaP5","18378578","[PREMIUM]","[PREMIUM]","[PREMIUM]","201","Section 201","7",2,"[]","2026-10-12 00:00:00","electronic","exchange",4,"[PREMIUM]","2"
"oV7Hb6KgaE3","2026-08-26 23:59:47.848","2026-09-08 23:16:05.860","oV7Hb6KgaE3","18378578","[PREMIUM]","[PREMIUM]","[PREMIUM]","223","Section 223","4",2,"[]","2026-10-12 00:00:00","electronic","exchange",2,"[PREMIUM]","2"
"oV7Hb6KgaAn","2026-08-26 23:59:47.848","2026-09-08 23:16:05.860","oV7Hb6KgaAn","18378578","[PREMIUM]","[PREMIUM]","[PREMIUM]","216","Section 216","6",7,"[]","2026-10-12 00:00:00","electronic","exchange",0,"[PREMIUM]","1,2,3,4,5,7"
"oV7Hb6Kga9K","2026-08-26 23:59:47.848","2026-09-08 23:16:05.860","oV7Hb6Kga9K","18378578","[PREMIUM]","[PREMIUM]","[PREMIUM]","211","Section 211","7",4,"[]","2026-10-12 00:00:00","electronic","exchange",1,"[PREMIUM]","2,4"
"oV7Hb6Kga6n","2026-08-26 23:59:47.848","2026-09-08 23:16:05.860","oV7Hb6Kga6n","18378578","[PREMIUM]","[PREMIUM]","[PREMIUM]","216","Section 216","10",4,"[]","2026-10-12 00:00:00","electronic","exchange",1,"[PREMIUM]","2,4"
"oV7Hb6dlk73","2026-08-26 23:59:47.848","2026-09-03 22:53:29.035","oV7Hb6dlk73","18378578","[PREMIUM]","[PREMIUM]","[PREMIUM]","104","Section 104","20",2,"[]","2026-10-12 00:00:00","electronic","exchange",0,"[PREMIUM]","2"
"oV7Hb6dlAm7","2026-08-26 23:59:47.848","2026-08-30 11:22:44.680","oV7Hb6dlAm7","18378578","[PREMIUM]","[PREMIUM]","[PREMIUM]","104","Section 104","23",6,"[]","2026-10-12 00:00:00","electronic","exchange",1,"[PREMIUM]","1,2,3,4,5,6"
"oV7Hb6dpmV9","2026-08-26 23:59:47.848","2026-08-31 22:21:56.649","oV7Hb6dpmV9","18378578","[PREMIUM]","[PREMIUM]","[PREMIUM]","102","Section 102","18",2,"[]","2026-10-12 00:00:00","electronic","exchange",1,"[PREMIUM]","2"
"pVXHD7M2mnO","2026-08-26 23:59:47.848","2026-09-08 23:16:05.860","pVXHD7M2mnO","18378578","[PREMIUM]","[PREMIUM]","[PREMIUM]","102","Section 102","22",6,"[]","2026-10-12 00:00:00","electronic","exchange",1,"[PREMIUM]","2,4,6"
"pVXHD7M2mdA","2026-08-26 23:59:47.848","2026-09-08 23:16:05.860","pVXHD7M2mdA","18378578","[PREMIUM]","[PREMIUM]","[PREMIUM]","214","Section 214","17",2,"[]","2026-10-12 00:00:00","electronic","exchange",0,"[PREMIUM]","2"
"pVXHD7M2mPd","2026-08-26 23:59:47.848","2026-09-08 23:16:05.860","pVXHD7M2mPd","18378578","[PREMIUM]","[PREMIUM]","[PREMIUM]","204","Section 204","5",2,"[]","2026-10-12 00:00:00","electronic","exchange",1,"[PREMIUM]","2"
"pVXHD7M2mOE","2026-08-26 23:59:47.848","2026-09-08 23:16:05.860","pVXHD7M2mOE","18378578","[PREMIUM]","[PREMIUM]","[PREMIUM]","121","Section 121","11",6,"[]","2026-10-12 00:00:00","electronic","exchange",0,"[PREMIUM]","2,4,6"
"pVXHD7M2m3d","2026-08-26 23:59:47.848","2026-09-08 23:16:05.860","pVXHD7M2m3d","18378578","[PREMIUM]","[PREMIUM]","[PREMIUM]","205","Section 205","13",6,"[]","2026-10-12 00:00:00","electronic","exchange",0,"[PREMIUM]","2,4,6"
"pVXHD7MMonl","2026-08-26 23:59:47.848","2026-08-27 23:59:18.226","pVXHD7MMonl","18378578","[PREMIUM]","[PREMIUM]","[PREMIUM]","208","Section 208","14",5,"[]","2026-10-11 00:00:00","electronic","exchange",1,"[PREMIUM]","1,2,3,4,5"
"pVXHD7MMoDV","2026-08-26 23:59:47.848","2026-09-08 23:16:05.860","pVXHD7MMoDV","18378578","[PREMIUM]","[PREMIUM]","[PREMIUM]","115","Section 115","22",4,"[]","2026-10-11 00:00:00","electronic","exchange",1,"[PREMIUM]","1,2,3,4"
"pVXHD7MMoBm","2026-08-26 23:59:47.848","2026-08-28 22:27:32.341","pVXHD7MMoBm","18378578","[PREMIUM]","[PREMIUM]","[PREMIUM]","102","Section 102","3",4,"[]","2026-10-11 00:00:00","electronic","exchange",5,"[PREMIUM]","1,2,3,4"
"pVXHD7MMl3M","2026-08-26 23:59:47.848","2026-09-08 23:16:05.860","pVXHD7MMl3M","18378578","[PREMIUM]","[PREMIUM]","[PREMIUM]","207","Section 207","8",4,"[]","2026-10-11 00:00:00","electronic","exchange",1,"[PREMIUM]","1,2,3,4"
"pVXHD7MMe3l","2026-08-26 23:59:47.848","2026-09-07 23:01:46.031","pVXHD7MMe3l","18378578","[PREMIUM]","[PREMIUM]","[PREMIUM]","115","Section 115","20",5,"[]","2026-10-11 00:00:00","electronic","exchange",2,"[PREMIUM]","1,2,3,4,5"
"pVXHD7MMb96","2026-08-26 23:59:47.848","2026-08-27 23:59:18.226","pVXHD7MMb96","18378578","[PREMIUM]","[PREMIUM]","[PREMIUM]","208","Section 208","14",5,"[]","2026-10-11 00:00:00","electronic","exchange",1,"[PREMIUM]","1,2,3,4,5"
"pVXHD7MMY9L","2026-08-26 23:59:47.848","2026-09-08 23:16:05.860","pVXHD7MMY9L","18378578","[PREMIUM]","[PREMIUM]","[PREMIUM]","126","Section 126","11",4,"[]","2026-10-11 00:00:00","electronic","exchange",0,"[PREMIUM]","1,2,3,4"
"pVXHD7MM9nR","2026-08-26 23:59:47.848","2026-09-08 23:16:05.860","pVXHD7MM9nR","18378578","[PREMIUM]","[PREMIUM]","[PREMIUM]","120","Section 120","12",4,"[]","2026-10-11 00:00:00","electronic","exchange",0,"[PREMIUM]","1,2,3,4"
"qVjH2mADJwq","2026-08-26 23:59:47.848","2026-08-30 11:22:44.680","qVjH2mADJwq","18378578","[PREMIUM]","[PREMIUM]","[PREMIUM]","115","Section 115","22",4,"[]","2026-10-12 00:00:00","electronic","exchange",1,"[PREMIUM]","2,4"
"qVjH2maaMMO","2026-08-26 23:59:47.848","2026-09-08 23:16:05.860","qVjH2maaMMO","18378578","[PREMIUM]","[PREMIUM]","[PREMIUM]","213","Section 213","6",6,"[]","2026-10-11 00:00:00","electronic","exchange",1,"[PREMIUM]","1,2,3,4,5,6"
"qVjH2maaMLP","2026-08-26 23:59:47.848","2026-09-08 23:16:05.860","qVjH2maaMLP","18378578","[PREMIUM]","[PREMIUM]","[PREMIUM]","118","Section 118","23",4,"[]","2026-10-11 00:00:00","electronic","exchange",1,"[PREMIUM]","1,2,3,4"
"qVjH2maaMGB","2026-08-26 23:59:47.848","2026-09-08 23:16:05.860","qVjH2maaMGB","18378578","[PREMIUM]","[PREMIUM]","[PREMIUM]","104","Section 104","8",4,"[]","2026-10-11 00:00:00","electronic","exchange",1,"[PREMIUM]","1,2,3,4"
"qVjH2maaMBY","2026-08-26 23:59:47.848","2026-09-06 22:42:06.584","qVjH2maaMBY","18378578","[PREMIUM]","[PREMIUM]","[PREMIUM]","101","Section 101","19",4,"[]","2026-10-11 00:00:00","electronic","exchange",2,"[PREMIUM]","1,2,3,4"
"qVjH2maaL0x","2026-08-26 23:59:47.848","2026-09-08 23:16:05.860","qVjH2maaL0x","18378578","[PREMIUM]","[PREMIUM]","[PREMIUM]","124","Section 124","19",5,"[]","2026-10-11 00:00:00","electronic","exchange",1,"[PREMIUM]","1,2,3,4,5"
"qVjH2mag7vn","2026-08-26 23:59:47.848","2026-08-28 22:27:32.341","qVjH2mag7vn","18378578","[PREMIUM]","[PREMIUM]","[PREMIUM]","121","Section 121","4",2,"[]","2026-10-12 00:00:00","electronic","exchange",1,"[PREMIUM]","2"
"qVjH2mag7qo","2026-08-26 23:59:47.848","2026-09-08 23:16:05.860","qVjH2mag7qo","18378578","[PREMIUM]","[PREMIUM]","[PREMIUM]","214","Section 214","10",8,"[]","2026-10-12 00:00:00","electronic","exchange",1,"[PREMIUM]","1,2,3,4,5,6,8"
"qVjH2mag7bA","2026-08-26 23:59:47.848","2026-09-03 22:53:29.035","qVjH2mag7bA","18378578","[PREMIUM]","[PREMIUM]","[PREMIUM]","102","Section 102","8",9,"[]","2026-10-12 00:00:00","electronic","exchange",1,"[PREMIUM]","1,2,3,4,5,6,7,9"
"qVjH2mag7PJ","2026-08-26 23:59:47.848","2026-09-08 23:16:05.860","qVjH2mag7PJ","18378578","[PREMIUM]","[PREMIUM]","[PREMIUM]","203","Section 203","17",12,"[]","2026-10-12 00:00:00","electronic","exchange",0,"[PREMIUM]","1,2,3,4,5,6,7,8,9,10,12"
"qVjH2mag7JJ","2026-08-26 23:59:47.848","2026-09-02 22:52:40.294","qVjH2mag7JJ","18378578","[PREMIUM]","[PREMIUM]","[PREMIUM]","205","Section 205","4",4,"[]","2026-10-12 00:00:00","electronic","exchange",2,"[PREMIUM]","2,4"
"qVjH2maal2P","2026-08-26 23:59:47.848","2026-09-08 23:16:05.860","qVjH2maal2P","18378578","[PREMIUM]","[PREMIUM]","[PREMIUM]","218","Section 218","4",8,"[]","2026-10-11 00:00:00","electronic","exchange",2,"[PREMIUM]","1,2,3,4,5,6,7,8"
"rVOHkpAdzj0","2026-08-26 23:59:47.848","2026-09-08 23:16:05.860","rVOHkpAdzj0","18378578","[PREMIUM]","[PREMIUM]","[PREMIUM]","112","Section 112","20",6,"[]","2026-10-12 00:00:00","electronic","exchange",1,"[PREMIUM]","1,2,3,4,6"
"rVOHkpAnqKN","2026-08-26 23:59:47.848","2026-08-30 11:22:44.680","rVOHkpAnqKN","18378578","[PREMIUM]","[PREMIUM]","[PREMIUM]","102","Section 102","19",3,"[]","2026-10-12 00:00:00","electronic","exchange",1,"[PREMIUM]","3"
"rVOHkpJMlGR","2026-08-26 23:59:47.848","2026-08-26 23:59:47.848","rVOHkpJMlGR","18378578","[PREMIUM]","[PREMIUM]","[PREMIUM]","101","Section 101","5",2,"[]","2026-10-12 00:00:00","electronic","exchange",0,"[PREMIUM]","2"
"rVOHkpJJwVr","2026-08-26 23:59:47.848","2026-09-08 23:16:05.860","rVOHkpJJwVr","18378578","[PREMIUM]","[PREMIUM]","[PREMIUM]","210","Section 210","15",4,"[]","2026-10-11 00:00:00","electronic","exchange",1,"[PREMIUM]","1,2,3,4"
"rVOHkpJJqvd","2026-08-26 23:59:47.848","2026-09-02 22:52:40.294","rVOHkpJJqvd","18378578","[PREMIUM]","[PREMIUM]","[PREMIUM]","202","Section 202","16",5,"[]","2026-10-11 00:00:00","electronic","exchange",2,"[PREMIUM]","1,2,3,4,5"
"rVOHkpJJoqV","2026-08-26 23:59:47.848","2026-09-08 23:16:05.860","rVOHkpJJoqV","18378578","[PREMIUM]","[PREMIUM]","[PREMIUM]","116","Section 116","25",4,"[]","2026-10-11 00:00:00","electronic","exchange",2,"[PREMIUM]","1,2,3,4"
"rVOHkpJJooV","2026-08-26 23:59:47.848","2026-09-08 23:16:05.860","rVOHkpJJooV","18378578","[PREMIUM]","[PREMIUM]","[PREMIUM]","211","Section 211","8",4,"[]","2026-10-11 00:00:00","electronic","exchange",1,"[PREMIUM]","1,2,3,4"
"rVOHkpJJokv","2026-08-26 23:59:47.848","2026-09-08 23:16:05.860","rVOHkpJJokv","18378578","[PREMIUM]","[PREMIUM]","[PREMIUM]","115","Section 115","5",6,"[]","2026-10-11 00:00:00","electronic","exchange",0,"[PREMIUM]","1,2,3,4,5,6"
"rVOHkpJJo48","2026-08-26 23:59:47.848","2026-09-08 23:16:05.860","rVOHkpJJo48","18378578","[PREMIUM]","[PREMIUM]","[PREMIUM]","114","Section 114","24",8,"[]","2026-10-11 00:00:00","electronic","exchange",1,"[PREMIUM]","1,2,3,4,5,6,7,8"
"rVOHkpJJm4L","2026-08-26 23:59:47.848","2026-09-08 23:16:05.860","rVOHkpJJm4L","18378578","[PREMIUM]","[PREMIUM]","[PREMIUM]","124","Section 124","18",6,"[]","2026-10-11 00:00:00","electronic","exchange",1,"[PREMIUM]","1,2,3,4,5,6"
"rVOHkpJJdl7","2026-08-26 23:59:47.848","2026-09-07 23:01:46.031","rVOHkpJJdl7","18378578","[PREMIUM]","[PREMIUM]","[PREMIUM]","102","Section 102","22",6,"[]","2026-10-11 00:00:00","electronic","exchange",3,"[PREMIUM]","1,2,3,4,5,6"
"rVOHkpJJdGa","2026-08-26 23:59:47.848","2026-09-01 22:35:41.605","rVOHkpJJdGa","18378578","[PREMIUM]","[PREMIUM]","[PREMIUM]","115","Section 115","21",8,"[]","2026-10-11 00:00:00","electronic","exchange",1,"[PREMIUM]","1,2,3,4,5,6,7,8"
"rVOHkpJJdDv","2026-08-26 23:59:47.848","2026-09-07 23:01:46.031","rVOHkpJJdDv","18378578","[PREMIUM]","[PREMIUM]","[PREMIUM]","116","Section 116","22",8,"[]","2026-10-11 00:00:00","electronic","exchange",4,"[PREMIUM]","1,2,3,4,5,6,7,8"
"rVOHkpJJYRA","2026-08-26 23:59:47.848","2026-09-08 23:16:05.860","rVOHkpJJYRA","18378578","[PREMIUM]","[PREMIUM]","[PREMIUM]","228","Section 228","16",3,"[]","2026-10-11 00:00:00","electronic","exchange",1,"[PREMIUM]","1,2,3"
"rVOHkpJb8qK","2026-08-26 23:59:47.848","2026-09-06 22:42:06.584","rVOHkpJb8qK","18378578","[PREMIUM]","[PREMIUM]","[PREMIUM]","212","Section 212","5",5,"[]","2026-10-12 00:00:00","electronic","exchange",2,"[PREMIUM]","1,2,3,5"
"rVOHkpJb8p4","2026-08-26 23:59:47.848","2026-09-08 23:16:05.860","rVOHkpJb8p4","18378578","[PREMIUM]","[PREMIUM]","[PREMIUM]","218","Section 218","1",9,"[]","2026-10-12 00:00:00","electronic","exchange",1,"[PREMIUM]","1,2,3,4,5,6,7,9"
"rVOHkpJb8oO","2026-08-26 23:59:47.848","2026-09-08 23:16:05.860","rVOHkpJb8oO","18378578","[PREMIUM]","[PREMIUM]","[PREMIUM]","209","Section 209","13",4,"[]","2026-10-12 00:00:00","electronic","exchange",0,"[PREMIUM]","2,4"
"rVOHkpJb8lN","2026-08-26 23:59:47.848","2026-09-08 23:16:05.860","rVOHkpJb8lN","18378578","[PREMIUM]","[PREMIUM]","[PREMIUM]","101","Section 101","7",4,"[]","2026-10-12 00:00:00","electronic","exchange",0,"[PREMIUM]","2,4"
"rVOHkpJb8aY","2026-08-26 23:59:47.848","2026-09-08 23:16:05.860","rVOHkpJb8aY","18378578","[PREMIUM]","[PREMIUM]","[PREMIUM]","116","Section 116","20",7,"[]","2026-10-12 00:00:00","electronic","exchange",1,"[PREMIUM]","1,2,3,4,5,7"
"rVOHkpJb8RP","2026-08-26 23:59:47.848","2026-09-08 23:16:05.860","rVOHkpJb8RP","18378578","[PREMIUM]","[PREMIUM]","[PREMIUM]","224","Section 224","3",4,"[]","2026-10-12 00:00:00","electronic","exchange",1,"[PREMIUM]","2,4"
"rVOHkpJb8KY","2026-08-26 23:59:47.848","2026-09-06 22:42:06.584","rVOHkpJb8KY","18378578","[PREMIUM]","[PREMIUM]","[PREMIUM]","117","Section 117","7",6,"[]","2026-10-12 00:00:00","electronic","exchange",2,"[PREMIUM]","2,4,6"
"rVOHkpJb8GY","2026-08-26 23:59:47.848","2026-08-27 23:59:18.226","rVOHkpJb8GY","18378578","[PREMIUM]","[PREMIUM]","[PREMIUM]","128","Section 128","3",4,"[]","2026-10-12 00:00:00","electronic","exchange",0,"[PREMIUM]","2,4"
"rVOHkpJb8GO","2026-08-26 23:59:47.848","2026-09-06 22:42:06.584","rVOHkpJb8GO","18378578","[PREMIUM]","[PREMIUM]","[PREMIUM]","201","Section 201","12",9,"[]","2026-10-12 00:00:00","electronic","exchange",3,"[PREMIUM]","1,2,3,4,5,6,7,9"
"rVOHkpJb86D","2026-08-26 23:59:47.848","2026-09-08 23:16:05.860","rVOHkpJb86D","18378578","[PREMIUM]","[PREMIUM]","[PREMIUM]","115","Section 115","5",3,"[]","2026-10-12 00:00:00","electronic","exchange",0,"[PREMIUM]","3"
"rVOHkpJb84r","2026-08-26 23:59:47.848","2026-09-08 23:16:05.860","rVOHkpJb84r","18378578","[PREMIUM]","[PREMIUM]","[PREMIUM]","110","Section 110","9",12,"[]","2026-10-12 00:00:00","electronic","exchange",1,"[PREMIUM]","1,2,3,4,5,6,7,8,9,10,12"
"rVOHkpJb84N","2026-08-26 23:59:47.848","2026-09-08 23:16:05.860","rVOHkpJb84N","18378578","[PREMIUM]","[PREMIUM]","[PREMIUM]","107","Section 107","21",4,"[]","2026-10-12 00:00:00","electronic","exchange",0,"[PREMIUM]","2,4"
"vb3iPwAbYzo","2026-08-26 23:59:47.848","2026-09-08 23:16:05.860","vb3iPwAbYzo","18378578","[PREMIUM]","[PREMIUM]","[PREMIUM]","207","Section 207","9",2,"[]","2026-10-12 00:00:00","electronic","exchange",0,"[PREMIUM]","2"
"vb3iPwAbYrM","2026-08-26 23:59:47.848","2026-09-08 23:16:05.860","vb3iPwAbYrM","18378578","[PREMIUM]","[PREMIUM]","[PREMIUM]","114","Section 114","3",2,"[]","2026-10-12 00:00:00","electronic","exchange",1,"[PREMIUM]","2"
"vb3iPwAbYpn","2026-08-26 23:59:47.848","2026-09-08 23:16:05.860","vb3iPwAbYpn","18378578","[PREMIUM]","[PREMIUM]","[PREMIUM]","106","Section 106","23",4,"[]","2026-10-12 00:00:00","electronic","exchange",1,"[PREMIUM]","2,4"
"vb3iPwAbY87","2026-08-26 23:59:47.848","2026-09-08 23:16:05.860","vb3iPwAbY87","18378578","[PREMIUM]","[PREMIUM]","[PREMIUM]","126","Section 126","11",4,"[]","2026-10-12 00:00:00","electronic","exchange",0,"[PREMIUM]","2,4"
"vb3iPwAAzzk","2026-08-26 23:59:47.848","2026-08-29 22:27:21.711","vb3iPwAAzzk","18378578","[PREMIUM]","[PREMIUM]","[PREMIUM]","215","Section 215","5",5,"[]","2026-10-11 00:00:00","electronic","exchange",3,"[PREMIUM]","1,2,3,4,5"
"vb3iPwAAzkm","2026-08-26 23:59:47.848","2026-09-08 23:16:05.860","vb3iPwAAzkm","18378578","[PREMIUM]","[PREMIUM]","[PREMIUM]","128","Section 128","21",8,"[]","2026-10-11 00:00:00","electronic","exchange",2,"[PREMIUM]","1,2,3,4,5,6,7,8"
"vb3iPwAAzam","2026-08-26 23:59:47.848","2026-09-08 23:16:05.860","vb3iPwAAzam","18378578","[PREMIUM]","[PREMIUM]","[PREMIUM]","228","Section 228","12",7,"[]","2026-10-11 00:00:00","electronic","exchange",1,"[PREMIUM]","1,2,3,4,5,6,7"
"vb3iPwAAzKJ","2026-08-26 23:59:47.848","2026-09-08 23:16:05.860","vb3iPwAAzKJ","18378578","[PREMIUM]","[PREMIUM]","[PREMIUM]","210","Section 210","14",5,"[]","2026-10-11 00:00:00","electronic","exchange",0,"[PREMIUM]","1,2,3,4,5"
"vb3iPwAAxYm","2026-08-26 23:59:47.848","2026-09-08 23:16:05.860","vb3iPwAAxYm","18378578","[PREMIUM]","[PREMIUM]","[PREMIUM]","220","Section 220","3",4,"[]","2026-10-11 00:00:00","electronic","exchange",2,"[PREMIUM]","1,2,3,4"
"vb3iPwAAnVg","2026-08-26 23:59:47.848","2026-09-07 23:01:46.031","vb3iPwAAnVg","18378578","[PREMIUM]","[PREMIUM]","[PREMIUM]","102","Section 102","9",4,"[]","2026-10-11 00:00:00","electronic","exchange",2,"[PREMIUM]","1,2,3,4"
"vb3iPwAA6vn","2026-08-26 23:59:47.848","2026-09-08 23:16:05.860","vb3iPwAA6vn","18378578","[PREMIUM]","[PREMIUM]","[PREMIUM]","107","Section 107","21",4,"[]","2026-10-11 00:00:00","electronic","exchange",1,"[PREMIUM]","1,2,3,4"
"vb3iPwAA6Xo","2026-08-26 23:59:47.848","2026-09-08 23:16:05.860","vb3iPwAA6Xo","18378578","[PREMIUM]","[PREMIUM]","[PREMIUM]","103","Section 103","25",4,"[]","2026-10-11 00:00:00","electronic","exchange",1,"[PREMIUM]","1,2,3,4"
"vb3iPwAA3wx","2026-08-26 23:59:47.848","2026-09-08 23:16:05.860","vb3iPwAA3wx","18378578","[PREMIUM]","[PREMIUM]","[PREMIUM]","228","Section 228","15",8,"[]","2026-10-11 00:00:00","electronic","exchange",1,"[PREMIUM]","1,2,3,4,5,6,7,8"
"vb3iPwAA3ex","2026-08-26 23:59:47.848","2026-09-01 22:35:41.605","vb3iPwAA3ex","18378578","[PREMIUM]","[PREMIUM]","[PREMIUM]","202","Section 202","13",7,"[]","2026-10-11 00:00:00","electronic","exchange",1,"[PREMIUM]","1,2,3,4,5,6,7"
"vb3iPwApwOq","2026-08-26 23:59:47.848","2026-08-26 23:59:47.848","vb3iPwApwOq","18378578","[PREMIUM]","[PREMIUM]","[PREMIUM]","101","Section 101","5",2,"[]","2026-10-12 00:00:00","electronic","exchange",0,"[PREMIUM]","2"
"vb3iPwjZv3N","2026-08-26 23:59:47.848","2026-08-30 11:22:44.680","vb3iPwjZv3N","18378578","[PREMIUM]","[PREMIUM]","[PREMIUM]","102","Section 102","6",2,"[]","2026-10-12 00:00:00","electronic","exchange",0,"[PREMIUM]","2"
"w3Jse846Knl","2026-08-26 23:59:47.848","2026-09-01 22:35:41.605","w3Jse846Knl","18378578","[PREMIUM]","[PREMIUM]","[PREMIUM]","117","Section 117","4",4,"[]","2026-10-12 00:00:00","electronic","exchange",0,"[PREMIUM]","2,4"
"w3Jse844rnw","2026-08-26 23:59:47.848","2026-09-07 23:01:46.031","w3Jse844rnw","18378578","[PREMIUM]","[PREMIUM]","[PREMIUM]","103","Section 103","6",8,"[]","2026-10-11 00:00:00","electronic","exchange",1,"[PREMIUM]","1,2,3,4,5,6,7,8"
"w3Jse844llD","2026-08-26 23:59:47.848","2026-09-08 23:16:05.860","w3Jse844llD","18378578","[PREMIUM]","[PREMIUM]","[PREMIUM]","215","Section 215","11",8,"[]","2026-10-11 00:00:00","electronic","exchange",1,"[PREMIUM]","1,2,3,4,5,6,7,8"
"w3Jse844lg5","2026-08-26 23:59:47.848","2026-09-07 23:01:46.031","w3Jse844lg5","18378578","[PREMIUM]","[PREMIUM]","[PREMIUM]","117","Section 117","8",4,"[]","2026-10-11 00:00:00","electronic","exchange",3,"[PREMIUM]","1,2,3,4"
"w3Jse844lG5","2026-08-26 23:59:47.848","2026-09-08 23:16:05.860","w3Jse844lG5","18378578","[PREMIUM]","[PREMIUM]","[PREMIUM]","102","Section 102","5",5,"[]","2026-10-11 00:00:00","electronic","exchange",1,"[PREMIUM]","1,2,3,4,5"
"w3Jse844lG4","2026-08-26 23:59:47.848","2026-09-03 22:53:29.035","w3Jse844lG4","18378578","[PREMIUM]","[PREMIUM]","[PREMIUM]","102","Section 102","8",8,"[]","2026-10-11 00:00:00","electronic","exchange",1,"[PREMIUM]","1,2,3,4,5,6,7,8"
"w3Jse844l35","2026-08-26 23:59:47.848","2026-09-08 23:16:05.860","w3Jse844l35","18378578","[PREMIUM]","[PREMIUM]","[PREMIUM]","121","Section 121","14",7,"[]","2026-10-11 00:00:00","electronic","exchange",1,"[PREMIUM]","1,2,3,4,5,6,7"
"w3Jse844l24","2026-08-26 23:59:47.848","2026-09-03 22:53:29.035","w3Jse844l24","18378578","[PREMIUM]","[PREMIUM]","[PREMIUM]","103","Section 103","23",4,"[]","2026-10-11 00:00:00","electronic","exchange",1,"[PREMIUM]","1,2,3,4"
"w3Jse844gBx","2026-08-26 23:59:47.848","2026-08-31 22:21:56.649","w3Jse844gBx","18378578","[PREMIUM]","[PREMIUM]","[PREMIUM]","202","Section 202","3",8,"[]","2026-10-11 00:00:00","electronic","exchange",2,"[PREMIUM]","1,2,3,4,5,6,7,8"
"w3Jse844gBq","2026-08-26 23:59:47.848","2026-09-08 23:16:05.860","w3Jse844gBq","18378578","[PREMIUM]","[PREMIUM]","[PREMIUM]","202","Section 202","14",4,"[]","2026-10-11 00:00:00","electronic","exchange",0,"[PREMIUM]","1,2,3,4"
"w3Jse844ZoJ","2026-08-26 23:59:47.848","2026-09-03 22:53:29.035","w3Jse844ZoJ","18378578","[PREMIUM]","[PREMIUM]","[PREMIUM]","118","Section 118","21",4,"[]","2026-10-11 00:00:00","electronic","exchange",1,"[PREMIUM]","1,2,3,4"
"w3Jse844ZXJ","2026-08-26 23:59:47.848","2026-09-08 23:16:05.860","w3Jse844ZXJ","18378578","[PREMIUM]","[PREMIUM]","[PREMIUM]","123","Section 123","15",8,"[]","2026-10-11 00:00:00","electronic","exchange",1,"[PREMIUM]","1,2,3,4,5,6,7,8"
"w3Jse844EzP","2026-08-26 23:59:47.848","2026-08-30 11:22:44.680","w3Jse844EzP","18378578","[PREMIUM]","[PREMIUM]","[PREMIUM]","217","Section 217","16",5,"[]","2026-10-11 00:00:00","electronic","exchange",1,"[PREMIUM]","1,2,3,4,5"
"w3Jse844EE3","2026-08-26 23:59:47.848","2026-09-08 23:16:05.860","w3Jse844EE3","18378578","[PREMIUM]","[PREMIUM]","[PREMIUM]","206","Section 206","14",6,"[]","2026-10-11 00:00:00","electronic","exchange",1,"[PREMIUM]","1,2,3,4,5,6"
"w3Jse8447aL","2026-08-26 23:59:47.848","2026-09-08 23:16:05.860","w3Jse8447aL","18378578","[PREMIUM]","[PREMIUM]","[PREMIUM]","202","Section 202","8",7,"[]","2026-10-11 00:00:00","electronic","exchange",1,"[PREMIUM]","1,2,3,4,5,6,7"
"w3Jse84479K","2026-08-26 23:59:47.848","2026-09-06 22:42:06.584","w3Jse84479K","18378578","[PREMIUM]","[PREMIUM]","[PREMIUM]","201","Section 201","12",8,"[]","2026-10-11 00:00:00","electronic","exchange",4,"[PREMIUM]","1,2,3,4,5,6,7,8"
"w3Jse84RDqa","2026-08-26 23:59:47.848","2026-09-07 23:01:46.031","w3Jse84RDqa","18378578","[PREMIUM]","[PREMIUM]","[PREMIUM]","114","Section 114","5",8,"[]","2026-10-11 00:00:00","electronic","exchange",3,"[PREMIUM]","1,2,3,4,5,6,7,8"
"w3Jse84qOq7","2026-08-26 23:59:47.848","2026-09-08 23:16:05.860","w3Jse84qOq7","18378578","[PREMIUM]","[PREMIUM]","[PREMIUM]","225","Section 225","12",2,"['19','20']","2026-07-21 00:00:00","electronic","exchange",0,"[PREMIUM]","2"
"w3Jse84nqxr","2026-08-26 23:59:47.848","2026-09-08 23:16:05.860","w3Jse84nqxr","18378578","[PREMIUM]","[PREMIUM]","[PREMIUM]","116","Section 116","4",8,"[]","2026-10-12 00:00:00","electronic","exchange",0,"[PREMIUM]","1,2,3,4,5,6,8"
"w3Jse84nqwr","2026-08-26 23:59:47.848","2026-08-31 22:21:56.649","w3Jse84nqwr","18378578","[PREMIUM]","[PREMIUM]","[PREMIUM]","127","Section 127","9",11,"[]","2026-10-12 00:00:00","electronic","exchange",5,"[PREMIUM]","1,2,3,4,5,6,7,8,9,11"
"w3Jse84nqwp","2026-08-26 23:59:47.848","2026-08-30 11:22:44.680","w3Jse84nqwp","18378578","[PREMIUM]","[PREMIUM]","[PREMIUM]","201","Section 201","7",2,"[]","2026-10-12 00:00:00","electronic","exchange",4,"[PREMIUM]","2"
"w3Jse84nqod","2026-08-26 23:59:47.848","2026-09-08 23:16:05.860","w3Jse84nqod","18378578","[PREMIUM]","[PREMIUM]","[PREMIUM]","109","Section 109","20",6,"[]","2026-10-12 00:00:00","electronic","exchange",0,"[PREMIUM]","2,4,6"
"w3Jse84nqob","2026-08-26 23:59:47.848","2026-09-03 22:53:29.035","w3Jse84nqob","18378578","[PREMIUM]","[PREMIUM]","[PREMIUM]","107","Section 107","18",4,"[]","2026-10-12 00:00:00","electronic","exchange",1,"[PREMIUM]","2,4"
"w3Jse84nqlp","2026-08-26 23:59:47.848","2026-08-27 23:59:18.226","w3Jse84nqlp","18378578","[PREMIUM]","[PREMIUM]","[PREMIUM]","208","Section 208","14",2,"[]","2026-10-12 00:00:00","electronic","exchange",1,"[PREMIUM]","2"
"w3Jse84nqgO","2026-08-26 23:59:47.848","2026-09-08 23:16:05.860","w3Jse84nqgO","18378578","[PREMIUM]","[PREMIUM]","[PREMIUM]","211","Section 211","8",4,"[]","2026-10-12 00:00:00","electronic","exchange",1,"[PREMIUM]","2,4"
"w3Jse84nqdj","2026-08-26 23:59:47.848","2026-09-08 23:16:05.860","w3Jse84nqdj","18378578","[PREMIUM]","[PREMIUM]","[PREMIUM]","223","Section 223","4",5,"[]","2026-10-12 00:00:00","electronic","exchange",1,"[PREMIUM]","1,2,3,5"
"w3Jse84nqLm","2026-08-26 23:59:47.848","2026-09-08 23:16:05.860","w3Jse84nqLm","18378578","[PREMIUM]","[PREMIUM]","[PREMIUM]","115","Section 115","4",7,"[]","2026-10-12 00:00:00","electronic","exchange",0,"[PREMIUM]","1,2,3,4,5,7"
"w3Jse84nqAb","2026-08-26 23:59:47.848","2026-09-08 23:16:05.860","w3Jse84nqAb","18378578","[PREMIUM]","[PREMIUM]","[PREMIUM]","101","Section 101","6",4,"[]","2026-10-12 00:00:00","electronic","exchange",0,"[PREMIUM]","2,4"
"w3Jse84nq82","2026-08-26 23:59:47.848","2026-09-07 23:01:46.031","w3Jse84nq82","18378578","[PREMIUM]","[PREMIUM]","[PREMIUM]","216","Section 216","12",12,"[]","2026-10-12 00:00:00","electronic","exchange",1,"[PREMIUM]","1,2,3,4,5,6,7,8,9,10,12"
"w3Jse8Ob7Jj","2026-08-26 23:59:47.848","2026-09-03 22:53:29.035","w3Jse8Ob7Jj","18378578","[PREMIUM]","[PREMIUM]","[PREMIUM]","104","Section 104","20",3,"[]","2026-10-12 00:00:00","electronic","exchange",0,"[PREMIUM]","3"
"xb9imlr0Dm8","2026-08-26 23:59:47.848","2026-09-07 23:01:46.031","xb9imlr0Dm8","18378578","[PREMIUM]","[PREMIUM]","[PREMIUM]","102","Section 102","4",8,"[]","2026-10-11 00:00:00","electronic","exchange",1,"[PREMIUM]","1,2,3,4,5,6,7,8"
"xb9imlrrqpK","2026-08-26 23:59:47.848","2026-09-07 23:01:46.031","xb9imlrrqpK","18378578","[PREMIUM]","[PREMIUM]","[PREMIUM]","106","Section 106","18",4,"[]","2026-10-11 00:00:00","electronic","exchange",1,"[PREMIUM]","1,2,3,4"
"xb9imlrrd6k","2026-08-26 23:59:47.848","2026-09-08 23:16:05.860","xb9imlrrd6k","18378578","[PREMIUM]","[PREMIUM]","[PREMIUM]","216","Section 216","10",4,"[]","2026-10-11 00:00:00","electronic","exchange",1,"[PREMIUM]","1,2,3,4"
"xb9imlrrLk7","2026-08-26 23:59:47.848","2026-09-03 22:53:29.035","xb9imlrrLk7","18378578","[PREMIUM]","[PREMIUM]","[PREMIUM]","104","Section 104","10",5,"[]","2026-10-11 00:00:00","electronic","exchange",3,"[PREMIUM]","1,2,3,4,5"
"xb9imlrrLje","2026-08-26 23:59:47.848","2026-09-08 23:16:05.860","xb9imlrrLje","18378578","[PREMIUM]","[PREMIUM]","[PREMIUM]","220","Section 220","4",4,"[]","2026-10-11 00:00:00","electronic","exchange",1,"[PREMIUM]","1,2,3,4"
"xb9imlrrLYe","2026-08-26 23:59:47.848","2026-09-08 23:16:05.860","xb9imlrrLYe","18378578","[PREMIUM]","[PREMIUM]","[PREMIUM]","128","Section 128","3",7,"[]","2026-10-11 00:00:00","electronic","exchange",0,"[PREMIUM]","1,2,3,4,5,6,7"
"xb9imlrr7dn","2026-08-26 23:59:47.848","2026-09-06 22:42:06.584","xb9imlrr7dn","18378578","[PREMIUM]","[PREMIUM]","[PREMIUM]","205","Section 205","11",8,"[]","2026-10-11 00:00:00","electronic","exchange",1,"[PREMIUM]","1,2,3,4,5,6,7,8"
"xb9imlrZap4","2026-08-26 23:59:47.848","2026-09-07 23:01:46.031","xb9imlrZap4","18378578","[PREMIUM]","[PREMIUM]","[PREMIUM]","204","Section 204","7",6,"[]","2026-10-12 00:00:00","electronic","exchange",2,"[PREMIUM]","2,4,6"
"xb9imlrZakK","2026-08-26 23:59:47.848","2026-08-26 23:59:47.848","xb9imlrZakK","18378578","[PREMIUM]","[PREMIUM]","[PREMIUM]","103","Section 103","5",6,"[]","2026-10-12 00:00:00","electronic","exchange",0,"[PREMIUM]","2,4,6"
"xb9imlrZaan","2026-08-26 23:59:47.848","2026-09-08 23:16:05.860","xb9imlrZaan","18378578","[PREMIUM]","[PREMIUM]","[PREMIUM]","112","Section 112","10",6,"[]","2026-10-12 00:00:00","electronic","exchange",1,"[PREMIUM]","2,4,6"
"xb9imlrZaYG","2026-08-26 23:59:47.848","2026-09-08 23:16:05.860","xb9imlrZaYG","18378578","[PREMIUM]","[PREMIUM]","[PREMIUM]","215","Section 215","6",5,"[]","2026-10-12 00:00:00","electronic","exchange",1,"[PREMIUM]","1,2,3,5"
"xb9imlrZaK4","2026-08-26 23:59:47.848","2026-09-08 23:16:05.860","xb9imlrZaK4","18378578","[PREMIUM]","[PREMIUM]","[PREMIUM]","206","Section 206","4",6,"[]","2026-10-12 00:00:00","electronic","exchange",1,"[PREMIUM]","2,4,6"
"xb9imlrZa8z","2026-08-26 23:59:47.848","2026-09-08 23:16:05.860","xb9imlrZa8z","18378578","[PREMIUM]","[PREMIUM]","[PREMIUM]","121","Section 121","13",7,"[]","2026-10-12 00:00:00","electronic","exchange",0,"[PREMIUM]","1,2,3,4,5,7"
"xb9imlrwxrR","2026-08-26 23:59:47.848","2026-08-31 22:21:56.649","xb9imlrwxrR","18378578","[PREMIUM]","[PREMIUM]","[PREMIUM]","109","Section 109","11",3,"[]","2026-10-12 00:00:00","electronic","exchange",3,"[PREMIUM]","1,2,3"
"xb9imlv924X","2026-08-26 23:59:47.848","2026-09-03 22:53:29.035","xb9imlv924X","18378578","[PREMIUM]","[PREMIUM]","[PREMIUM]","115","Section 115","22",4,"[]","2026-10-12 00:00:00","electronic","exchange",1,"[PREMIUM]","2,4"
"z3Es6vPGoPP","2026-08-26 23:59:47.848","2026-08-26 23:59:47.848","z3Es6vPGoPP","18378578","[PREMIUM]","[PREMIUM]","[PREMIUM]","117","Section 117","23",6,"[]","2026-10-12 00:00:00","electronic","exchange",1,"[PREMIUM]","1,2,3,4,5,6"
"z3Es6vPdvOw","2026-08-26 23:59:47.848","2026-08-30 11:22:44.680","z3Es6vPdvOw","18378578","[PREMIUM]","[PREMIUM]","[PREMIUM]","201","Section 201","10",5,"[]","2026-10-12 00:00:00","electronic","exchange",1,"[PREMIUM]","2,3,4,5"
"z3Es6vPdAge","2026-08-26 23:59:47.848","2026-08-26 23:59:47.848","z3Es6vPdAge","18378578","[PREMIUM]","[PREMIUM]","[PREMIUM]","101","Section 101","4",2,"[]","2026-10-12 00:00:00","electronic","exchange",2,"[PREMIUM]","2"
"z3Es6vPVDmg","2026-08-26 23:59:47.848","2026-08-30 11:22:44.680","z3Es6vPVDmg","18378578","[PREMIUM]","[PREMIUM]","[PREMIUM]","208","Section 208","6",7,"[]","2026-10-12 00:00:00","electronic","exchange",2,"[PREMIUM]","1,2,3,4,5,7"
"z3Es6vPVDdk","2026-08-26 23:59:47.848","2026-09-08 23:16:05.860","z3Es6vPVDdk","18378578","[PREMIUM]","[PREMIUM]","[PREMIUM]","107","Section 107","9",4,"[]","2026-10-12 00:00:00","electronic","exchange",1,"[PREMIUM]","2,4"
"z3Es6vPVD7j","2026-08-26 23:59:47.848","2026-09-08 23:16:05.860","z3Es6vPVD7j","18378578","[PREMIUM]","[PREMIUM]","[PREMIUM]","114","Section 114","4",2,"[]","2026-10-12 00:00:00","electronic","exchange",0,"[PREMIUM]","2"
"z3Es6vPVD4R","2026-08-26 23:59:47.848","2026-09-08 23:16:05.860","z3Es6vPVD4R","18378578","[PREMIUM]","[PREMIUM]","[PREMIUM]","126","Section 126","12",9,"[]","2026-10-12 00:00:00","electronic","exchange",0,"[PREMIUM]","1,2,3,4,5,6,7,9"
"z3Es6vPPzRp","2026-08-26 23:59:47.848","2026-09-01 22:35:41.605","z3Es6vPPzRp","18378578","[PREMIUM]","[PREMIUM]","[PREMIUM]","102","Section 102","20",5,"[]","2026-10-11 00:00:00","electronic","exchange",2,"[PREMIUM]","1,2,3,4,5"
"z3Es6vPPzLz","2026-08-26 23:59:47.848","2026-09-07 23:01:46.031","z3Es6vPPzLz","18378578","[PREMIUM]","[PREMIUM]","[PREMIUM]","128","Section 128","21",8,"[]","2026-10-11 00:00:00","electronic","exchange",5,"[PREMIUM]","1,2,3,4,5,6,7,8"
"z3Es6vPPz0Z","2026-08-26 23:59:47.848","2026-09-03 22:53:29.035","z3Es6vPPz0Z","18378578","[PREMIUM]","[PREMIUM]","[PREMIUM]","101","Section 101","22",8,"[]","2026-10-11 00:00:00","electronic","exchange",2,"[PREMIUM]","1,2,3,4,5,6,7,8"
"z3Es6vPPmnr","2026-08-26 23:59:47.848","2026-08-28 22:27:32.341","z3Es6vPPmnr","18378578","[PREMIUM]","[PREMIUM]","[PREMIUM]","121","Section 121","5",8,"[]","2026-10-11 00:00:00","electronic","exchange",2,"[PREMIUM]","1,2,3,4,5,6,7,8"
"z3Es6vPPmdx","2026-08-26 23:59:47.848","2026-09-08 23:16:05.860","z3Es6vPPmdx","18378578","[PREMIUM]","[PREMIUM]","[PREMIUM]","114","Section 114","7",5,"[]","2026-10-11 00:00:00","electronic","exchange",0,"[PREMIUM]","1,2,3,4,5"
"z3Es6vPPm9x","2026-08-26 23:59:47.848","2026-09-08 23:16:05.860","z3Es6vPPm9x","18378578","[PREMIUM]","[PREMIUM]","[PREMIUM]","107","Section 107","21",4,"[]","2026-10-11 00:00:00","electronic","exchange",1,"[PREMIUM]","1,2,3,4"
"z3Es6vPPk0k","2026-08-26 23:59:47.848","2026-09-08 23:16:05.860","z3Es6vPPk0k","18378578","[PREMIUM]","[PREMIUM]","[PREMIUM]","109","Section 109","18",4,"[]","2026-10-11 00:00:00","electronic","exchange",0,"[PREMIUM]","1,2,3,4"
"z3Es6vPPXk2","2026-08-26 23:59:47.848","2026-09-05 22:56:28.839","z3Es6vPPXk2","18378578","[PREMIUM]","[PREMIUM]","[PREMIUM]","127","Section 127","4",5,"[]","2026-10-11 00:00:00","electronic","exchange",1,"[PREMIUM]","1,2,3,4,5"
"z3Es6vPPXAe","2026-08-26 23:59:47.848","2026-08-30 11:22:44.680","z3Es6vPPXAe","18378578","[PREMIUM]","[PREMIUM]","[PREMIUM]","201","Section 201","10",5,"[]","2026-10-11 00:00:00","electronic","exchange",3,"[PREMIUM]","1,2,3,4,5"
"z3Es6vPgzEb","2026-08-26 23:59:47.848","2026-08-27 23:59:18.226","z3Es6vPgzEb","18378578","[PREMIUM]","[PREMIUM]","[PREMIUM]","117","Section 117","23",3,"[]","2026-10-12 00:00:00","electronic","exchange",1,"[PREMIUM]","1,2,3"
"05VT8lYYvxA","2026-08-26 23:59:46.829","2026-09-08 23:15:13.450","05VT8lYYvxA","18378411","[PREMIUM]","[PREMIUM]","[PREMIUM]","315","Section 315","f",7,"[]","2026-10-08 00:00:00","electronic","exchange",0,"[PREMIUM]","1,2,3,4,5,6,7"
"05VT8lYYvj6","2026-08-26 23:59:46.829","2026-09-08 23:15:13.450","05VT8lYYvj6","18378411","[PREMIUM]","[PREMIUM]","[PREMIUM]","307","Section 307","h",8,"[]","2026-10-08 00:00:00","electronic","exchange",0,"[PREMIUM]","1,2,3,4,5,6,7,8"
"05VT8lYYvZN","2026-08-26 23:59:46.829","2026-09-04 11:15:44.621","05VT8lYYvZN","18378411","[PREMIUM]","[PREMIUM]","[PREMIUM]","325","Section 325","d",6,"[]","2026-10-08 00:00:00","electronic","exchange",2,"[PREMIUM]","1,2,3,4,5,6"
"05VT8lYYrPw","2026-08-26 23:59:46.829","2026-09-08 23:15:13.450","05VT8lYYrPw","18378411","[PREMIUM]","[PREMIUM]","[PREMIUM]","304","Section 304","n",8,"[]","2026-10-08 00:00:00","electronic","exchange",1,"[PREMIUM]","1,2,3,4,5,6,7,8"
"05VT8lYX5a2","2026-08-26 23:59:46.829","2026-08-26 23:59:46.829","05VT8lYX5a2","18378411","[PREMIUM]","[PREMIUM]","[PREMIUM]","304","Section 304","k",1,"[]","2026-10-09 00:00:00","electronic","exchange",3,"[PREMIUM]","1"
"05VT8lYok9d","2026-08-26 23:59:46.829","2026-08-27 23:54:04.558","05VT8lYok9d","18378411","[PREMIUM]","[PREMIUM]","[PREMIUM]","119T","119 Terrace","hh",4,"[]","2026-10-09 00:00:00","electronic","exchange",2,"[PREMIUM]","1,2,3,4"
"2v0czqMMob5","2026-08-26 23:59:46.829","2026-09-08 23:15:13.450","2v0czqMMob5","18378411","[PREMIUM]","[PREMIUM]","[PREMIUM]","116","Section 116","w",2,"[]","2026-10-08 00:00:00","electronic","exchange",3,"[PREMIUM]","1,2"
"2v0czqMMJkN","2026-08-26 23:59:46.829","2026-09-08 23:15:13.450","2v0czqMMJkN","18378411","[PREMIUM]","[PREMIUM]","[PREMIUM]","307","Section 307","q",5,"[]","2026-10-08 00:00:00","electronic","exchange",0,"[PREMIUM]","1,2,3,4,5"
"2v0czqMMApq","2026-08-26 23:59:46.829","2026-09-08 23:15:13.450","2v0czqMMApq","18378411","[PREMIUM]","[PREMIUM]","[PREMIUM]","319","Section 319","n",7,"[]","2026-10-08 00:00:00","electronic","exchange",1,"[PREMIUM]","1,2,3,4,5,6,7"
"2v0czqMM7wz","2026-08-26 23:59:46.829","2026-09-07 23:00:29.903","2v0czqMM7wz","18378411","[PREMIUM]","[PREMIUM]","[PREMIUM]","327","Section 327","q",6,"[]","2026-10-08 00:00:00","electronic","exchange",4,"[PREMIUM]","1,2,3,4,5,6"
"2v0czqMM7mz","2026-08-26 23:59:46.829","2026-09-08 23:15:13.450","2v0czqMM7mz","18378411","[PREMIUM]","[PREMIUM]","[PREMIUM]","321","Section 321","m",6,"[]","2026-10-08 00:00:00","electronic","exchange",1,"[PREMIUM]","1,2,3,4,5,6"
"3q7fNLaa9bm","2026-08-26 23:59:46.829","2026-09-08 23:15:13.450","3q7fNLaa9bm","18378411","[PREMIUM]","[PREMIUM]","[PREMIUM]","311","Section 311","p",8,"[]","2026-10-08 00:00:00","electronic","exchange",1,"[PREMIUM]","1,2,3,4,5,6,7,8"
"3q7fNLaa9xx","2026-08-26 23:59:46.829","2026-09-08 23:15:13.450","3q7fNLaa9xx","18378411","[PREMIUM]","[PREMIUM]","[PREMIUM]","329","Section 329","p",8,"[]","2026-10-08 00:00:00","electronic","exchange",1,"[PREMIUM]","1,2,3,4,5,6,7,8"
"3q7fNLaqPDw","2026-08-26 23:59:46.829","2026-08-26 23:59:46.829","3q7fNLaqPDw","18378411","[PREMIUM]","[PREMIUM]","[PREMIUM]","334","Section 334","b",2,"[]","2026-10-09 00:00:00","electronic","exchange",5,"[PREMIUM]","2"
"3q7fNLaaZkO","2026-08-26 23:59:46.829","2026-09-08 23:15:13.450","3q7fNLaaZkO","18378411","[PREMIUM]","[PREMIUM]","[PREMIUM]","305","Section 305","m",8,"[]","2026-10-08 00:00:00","electronic","exchange",0,"[PREMIUM]","1,2,3,4,5,6,7,8"
"3q7fNLaaVlz","2026-08-26 23:59:46.829","2026-09-08 23:15:13.450","3q7fNLaaVlz","18378411","[PREMIUM]","[PREMIUM]","[PREMIUM]","116","Section 116","u",4,"[]","2026-10-08 00:00:00","electronic","exchange",3,"[PREMIUM]","1,2,3,4"
"3q7fNLprE3v","2026-08-26 23:59:46.829","2026-09-08 23:15:13.450","3q7fNLprE3v","18378411","[PREMIUM]","[PREMIUM]","[PREMIUM]","305","Section 305","p",4,"[]","2026-10-08 00:00:00","electronic","exchange",1,"[PREMIUM]","1,2,3,4"
"4vXcjRJK7m2","2026-08-26 23:59:46.829","2026-08-26 23:59:46.829","4vXcjRJK7m2","18378411","[PREMIUM]","[PREMIUM]","[PREMIUM]","105","Section 105","h",2,"[]","2026-10-09 00:00:00","electronic","exchange",5,"[PREMIUM]","2"
"4vXcjRJJv7O","2026-08-26 23:59:46.829","2026-09-08 23:15:13.450","4vXcjRJJv7O","18378411","[PREMIUM]","[PREMIUM]","[PREMIUM]","314","Section 314","h",8,"[]","2026-10-08 00:00:00","electronic","exchange",0,"[PREMIUM]","1,2,3,4,5,6,7,8"
"4vXcjRJJgZZ","2026-08-26 23:59:46.829","2026-09-08 23:15:13.450","4vXcjRJJgZZ","18378411","[PREMIUM]","[PREMIUM]","[PREMIUM]","319","Section 319","n",7,"[]","2026-10-08 00:00:00","electronic","exchange",1,"[PREMIUM]","1,2,3,4,5,6,7"
"4vXcjRJJgZR","2026-08-26 23:59:46.829","2026-09-08 23:15:13.450","4vXcjRJJgZR","18378411","[PREMIUM]","[PREMIUM]","[PREMIUM]","317","Section 317","k",8,"[]","2026-10-08 00:00:00","electronic","exchange",1,"[PREMIUM]","1,2,3,4,5,6,7,8"
"5EjuZwNNPxv","2026-08-26 23:59:46.829","2026-09-08 23:15:13.450","5EjuZwNNPxv","18378411","[PREMIUM]","[PREMIUM]","[PREMIUM]","324","Section 324","f",6,"[]","2026-10-08 00:00:00","electronic","exchange",0,"[PREMIUM]","1,2,3,4,5,6"
"5EjuZwNNPXz","2026-08-26 23:59:46.829","2026-09-08 23:15:13.450","5EjuZwNNPXz","18378411","[PREMIUM]","[PREMIUM]","[PREMIUM]","306","Section 306","q",8,"[]","2026-10-08 00:00:00","electronic","exchange",1,"[PREMIUM]","1,2,3,4,5,6,7,8"
"5EjuZwNNG4G","2026-08-26 23:59:46.829","2026-08-30 22:48:11.584","5EjuZwNNG4G","18378411","[PREMIUM]","[PREMIUM]","[PREMIUM]","302","Section 302","r",4,"[]","2026-10-08 00:00:00","electronic","exchange",2,"[PREMIUM]","1,2,3,4"
"5EjuZwNN0YM","2026-08-26 23:59:46.829","2026-08-30 22:48:11.584","5EjuZwNN0YM","18378411","[PREMIUM]","[PREMIUM]","[PREMIUM]","302","Section 302","r",4,"[]","2026-10-08 00:00:00","electronic","exchange",2,"[PREMIUM]","1,2,3,4"
"6mOhkod5r6g","2026-08-26 23:59:46.829","2026-09-08 23:15:13.450","6mOhkod5r6g","18378411","[PREMIUM]","[PREMIUM]","[PREMIUM]","318","Section 318","q",7,"[]","2026-10-08 00:00:00","electronic","exchange",1,"[PREMIUM]","1,2,3,4,5,6,7"
"6mOhkollvp6","2026-08-26 23:59:46.829","2026-08-31 22:20:57.710","6mOhkollvp6","18378411","[PREMIUM]","[PREMIUM]","[PREMIUM]","116","Section 116","e",8,"[]","2026-10-08 00:00:00","electronic","exchange",1,"[PREMIUM]","1,2,3,4,5,6,7,8"
"6mOhkollaZv","2026-08-26 23:59:46.829","2026-09-04 11:15:44.621","6mOhkollaZv","18378411","[PREMIUM]","[PREMIUM]","[PREMIUM]","325","Section 325","d",6,"[]","2026-10-08 00:00:00","electronic","exchange",3,"[PREMIUM]","1,2,3,4,5,6"
"6mOhkollaNl","2026-08-26 23:59:46.829","2026-08-26 23:59:46.829","6mOhkollaNl","18378411","[PREMIUM]","[PREMIUM]","[PREMIUM]","329","Section 329","l",5,"[]","2026-10-08 00:00:00","electronic","exchange",1,"[PREMIUM]","1,2,3,4,5"
"6mOhkoll3mJ","2026-08-26 23:59:46.829","2026-08-30 22:48:11.584","6mOhkoll3mJ","18378411","[PREMIUM]","[PREMIUM]","[PREMIUM]","318","Section 318","g",4,"[]","2026-10-08 00:00:00","electronic","exchange",2,"[PREMIUM]","1,2,3,4"
"6mOhkolw92d","2026-08-26 23:59:46.829","2026-08-26 23:59:46.829","6mOhkolw92d","18378411","[PREMIUM]","[PREMIUM]","[PREMIUM]","110","Section 110","k",2,"[]","2026-10-09 00:00:00","electronic","exchange",2,"[PREMIUM]","2"
"7KntAg88vYY","2026-08-26 23:59:46.829","2026-08-26 23:59:46.829","7KntAg88vYY","18378411","[PREMIUM]","[PREMIUM]","[PREMIUM]","315","Section 315","g",8,"[]","2026-10-08 00:00:00","electronic","exchange",4,"[PREMIUM]","1,2,3,4,5,6,7,8"
"7KntAg88Pmv","2026-08-26 23:59:46.829","2026-09-08 23:15:13.450","7KntAg88Pmv","18378411","[PREMIUM]","[PREMIUM]","[PREMIUM]","321","Section 321","p",4,"[]","2026-10-08 00:00:00","electronic","exchange",1,"[PREMIUM]","1,2,3,4"
"7KntAg85qPl","2026-08-26 23:59:46.829","2026-09-08 23:15:13.450","7KntAg85qPl","18378411","[PREMIUM]","[PREMIUM]","[PREMIUM]","319","Section 319","p",2,"[]","2026-10-09 00:00:00","electronic","exchange",0,"[PREMIUM]","2"
"8lKt6allrwz","2026-08-26 23:59:46.829","2026-09-08 23:15:13.450","8lKt6allrwz","18378411","[PREMIUM]","[PREMIUM]","[PREMIUM]","332","Section 332","k",8,"[]","2026-10-08 00:00:00","electronic","exchange",1,"[PREMIUM]","1,2,3,4,5,6,7,8"
"8lKt6all8B9","2026-08-26 23:59:46.829","2026-09-07 23:00:29.903","8lKt6all8B9","18378411","[PREMIUM]","[PREMIUM]","[PREMIUM]","325","Section 325","n",6,"[]","2026-10-08 00:00:00","electronic","exchange",5,"[PREMIUM]","1,2,3,4,5,6"
"8lKt6all4gO","2026-08-26 23:59:46.829","2026-09-08 23:15:13.450","8lKt6all4gO","18378411","[PREMIUM]","[PREMIUM]","[PREMIUM]","318","Section 318","m",8,"[]","2026-10-08 00:00:00","electronic","exchange",1,"[PREMIUM]","1,2,3,4,5,6,7,8"
"9P2c5MjjNro","2026-08-26 23:59:46.829","2026-09-04 11:15:44.621","9P2c5MjjNro","18378411","[PREMIUM]","[PREMIUM]","[PREMIUM]","324","Section 324","e",8,"[]","2026-10-08 00:00:00","electronic","exchange",3,"[PREMIUM]","1,2,3,4,5,6,7,8"
"9P2c5MjjNGv","2026-08-26 23:59:46.829","2026-09-08 23:15:13.450","9P2c5MjjNGv","18378411","[PREMIUM]","[PREMIUM]","[PREMIUM]","307","Section 307","n",7,"[]","2026-10-08 00:00:00","electronic","exchange",0,"[PREMIUM]","1,2,3,4,5,6,7"
"9P2c5MjjBed","2026-08-26 23:59:46.829","2026-09-08 23:15:13.450","9P2c5MjjBed","18378411","[PREMIUM]","[PREMIUM]","[PREMIUM]","116","Section 116","f",6,"[]","2026-10-08 00:00:00","electronic","exchange",2,"[PREMIUM]","1,2,3,4,5,6"
"9P2c5Mjj7VA","2026-08-26 23:59:46.829","2026-08-30 22:48:11.584","9P2c5Mjj7VA","18378411","[PREMIUM]","[PREMIUM]","[PREMIUM]","308","Section 308","g",4,"[]","2026-10-08 00:00:00","electronic","exchange",2,"[PREMIUM]","1,2,3,4"
"9P2c5Mjj73V","2026-08-26 23:59:46.829","2026-09-08 23:15:13.450","9P2c5Mjj73V","18378411","[PREMIUM]","[PREMIUM]","[PREMIUM]","327","Section 327","j",8,"[]","2026-10-08 00:00:00","electronic","exchange",0,"[PREMIUM]","1,2,3,4,5,6,7,8"
"9P2c5Mjjwlb","2026-08-26 23:59:46.829","2026-09-08 23:15:13.450","9P2c5Mjjwlb","18378411","[PREMIUM]","[PREMIUM]","[PREMIUM]","304","Section 304","m",8,"[]","2026-10-08 00:00:00","electronic","exchange",1,"[PREMIUM]","1,2,3,4,5,6,7,8"
"9P2c5Mjjeq9","2026-08-26 23:59:46.829","2026-09-08 23:15:13.450","9P2c5Mjjeq9","18378411","[PREMIUM]","[PREMIUM]","[PREMIUM]","107","Section 107","kk",8,"[]","2026-10-08 00:00:00","electronic","exchange",1,"[PREMIUM]","1,2,3,4,5,6,7,8"
"9P2c5MpnEa4","2026-08-26 23:59:46.829","2026-09-08 23:15:13.450","9P2c5MpnEa4","18378411","[PREMIUM]","[PREMIUM]","[PREMIUM]","318","Section 318","p",4,"[]","2026-10-08 00:00:00","electronic","exchange",1,"[PREMIUM]","1,2,3,4"
"A6rs2KqqJpJ","2026-08-26 23:59:46.829","2026-09-08 23:15:13.450","A6rs2KqqJpJ","18378411","[PREMIUM]","[PREMIUM]","[PREMIUM]","311","Section 311","j",8,"[]","2026-10-08 00:00:00","electronic","exchange",1,"[PREMIUM]","1,2,3,4,5,6,7,8"
"A6rs2KqqAdE","2026-08-26 23:59:46.829","2026-09-08 23:15:13.450","A6rs2KqqAdE","18378411","[PREMIUM]","[PREMIUM]","[PREMIUM]","325","Section 325","q",8,"[]","2026-10-08 00:00:00","electronic","exchange",1,"[PREMIUM]","1,2,3,4,5,6,7,8"
"A6rs2KqqALX","2026-08-26 23:59:46.829","2026-09-07 23:00:29.903","A6rs2KqqALX","18378411","[PREMIUM]","[PREMIUM]","[PREMIUM]","309","Section 309","p",7,"[]","2026-10-08 00:00:00","electronic","exchange",5,"[PREMIUM]","1,2,3,4,5,6,7"
"BALImM44rNb","2026-08-26 23:59:46.829","2026-09-08 23:15:13.450","BALImM44rNb","18378411","[PREMIUM]","[PREMIUM]","[PREMIUM]","314","Section 314","p",5,"[]","2026-10-08 00:00:00","electronic","exchange",1,"[PREMIUM]","1,2,3,4,5"
"BALImM44r2D","2026-08-26 23:59:46.829","2026-09-08 23:15:13.450","BALImM44r2D","18378411","[PREMIUM]","[PREMIUM]","[PREMIUM]","324","Section 324","g",8,"[]","2026-10-08 00:00:00","electronic","exchange",1,"[PREMIUM]","1,2,3,4,5,6,7,8"
"BALImM44r0G","2026-08-26 23:59:46.829","2026-09-08 23:15:13.450","BALImM44r0G","18378411","[PREMIUM]","[PREMIUM]","[PREMIUM]","326","Section 326","p",5,"[]","2026-10-08 00:00:00","electronic","exchange",1,"[PREMIUM]","1,2,3,4,5"
"BALImM44VxL","2026-08-26 23:59:46.829","2026-09-02 22:49:36.199","BALImM44VxL","18378411","[PREMIUM]","[PREMIUM]","[PREMIUM]","316","Section 316","g",7,"[]","2026-10-08 00:00:00","electronic","exchange",2,"[PREMIUM]","1,2,3,4,5,6,7"
"DdwHkMllaGR","2026-08-26 23:59:46.829","2026-08-29 22:25:06.156","DdwHkMllaGR","18378411","[PREMIUM]","[PREMIUM]","[PREMIUM]","318","Section 318","k",7,"[]","2026-10-08 00:00:00","electronic","exchange",3,"[PREMIUM]","1,2,3,4,5,6,7"
"DdwHkMllKEp","2026-08-26 23:59:46.829","2026-09-08 23:15:13.450","DdwHkMllKEp","18378411","[PREMIUM]","[PREMIUM]","[PREMIUM]","105C","105 Club","cc",2,"[]","2026-10-08 00:00:00","electronic","exchange",0,"[PREMIUM]","2"
"DdwHkMll3Ob","2026-08-26 23:59:46.829","2026-08-30 22:48:11.584","DdwHkMll3Ob","18378411","[PREMIUM]","[PREMIUM]","[PREMIUM]","318","Section 318","g",4,"[]","2026-10-08 00:00:00","electronic","exchange",2,"[PREMIUM]","1,2,3,4"
"DdwHkMll239","2026-08-26 23:59:46.829","2026-09-08 23:15:13.450","DdwHkMll239","18378411","[PREMIUM]","[PREMIUM]","[PREMIUM]","330","Section 330","m",7,"[]","2026-10-08 00:00:00","electronic","exchange",0,"[PREMIUM]","1,2,3,4,5,6,7"
"DdwHkMllrLV","2026-08-26 23:59:46.829","2026-09-08 23:15:13.450","DdwHkMllrLV","18378411","[PREMIUM]","[PREMIUM]","[PREMIUM]","332","Section 332","e",7,"[]","2026-10-08 00:00:00","electronic","exchange",1,"[PREMIUM]","1,2,3,4,5,6,7"
"DdwHkMllrgB","2026-08-26 23:59:46.829","2026-09-08 23:15:13.450","DdwHkMllrgB","18378411","[PREMIUM]","[PREMIUM]","[PREMIUM]","307","Section 307","q",6,"[]","2026-10-08 00:00:00","electronic","exchange",0,"[PREMIUM]","1,2,3,4,5,6"
"EroUXg88zVd","2026-08-26 23:59:46.829","2026-09-08 23:15:13.450","EroUXg88zVd","18378411","[PREMIUM]","[PREMIUM]","[PREMIUM]","307","Section 307","h",8,"[]","2026-10-08 00:00:00","electronic","exchange",0,"[PREMIUM]","1,2,3,4,5,6,7,8"
"EroUXg88kGk","2026-08-26 23:59:46.829","2026-09-04 11:15:44.621","EroUXg88kGk","18378411","[PREMIUM]","[PREMIUM]","[PREMIUM]","306","Section 306","n",4,"[]","2026-10-08 00:00:00","electronic","exchange",3,"[PREMIUM]","1,2,3,4"
"EroUXg88Rp5","2026-08-26 23:59:46.829","2026-09-08 23:15:13.450","EroUXg88Rp5","18378411","[PREMIUM]","[PREMIUM]","[PREMIUM]","326","Section 326","p",8,"[]","2026-10-08 00:00:00","electronic","exchange",1,"[PREMIUM]","1,2,3,4,5,6,7,8"
"EroUXg88RJr","2026-08-26 23:59:46.829","2026-09-08 23:15:13.450","EroUXg88RJr","18378411","[PREMIUM]","[PREMIUM]","[PREMIUM]","314","Section 314","j",8,"[]","2026-10-08 00:00:00","electronic","exchange",0,"[PREMIUM]","1,2,3,4,5,6,7,8"
"EroUXg88R4P","2026-08-26 23:59:46.829","2026-09-08 23:15:13.450","EroUXg88R4P","18378411","[PREMIUM]","[PREMIUM]","[PREMIUM]","317","Section 317","l",8,"[]","2026-10-08 00:00:00","electronic","exchange",1,"[PREMIUM]","1,2,3,4,5,6,7,8"
"EroUXg88R45","2026-08-26 23:59:46.829","2026-08-31 22:20:57.710","EroUXg88R45","18378411","[PREMIUM]","[PREMIUM]","[PREMIUM]","321","Section 321","f",8,"[]","2026-10-08 00:00:00","electronic","exchange",5,"[PREMIUM]","1,2,3,4,5,6,7,8"
"GAaI60VVlJ5","2026-08-26 23:59:46.829","2026-09-08 23:15:13.450","GAaI60VVlJ5","18378411","[PREMIUM]","[PREMIUM]","[PREMIUM]","330","Section 330","m",7,"[]","2026-10-08 00:00:00","electronic","exchange",0,"[PREMIUM]","1,2,3,4,5,6,7"
"GAaI60VVRmE","2026-08-26 23:59:46.829","2026-09-08 23:15:13.450","GAaI60VVRmE","18378411","[PREMIUM]","[PREMIUM]","[PREMIUM]","314","Section 314","p",5,"[]","2026-10-08 00:00:00","electronic","exchange",0,"[PREMIUM]","1,2,3,4,5"
"JABI3EAArdK","2026-08-26 23:59:46.829","2026-09-08 23:15:13.450","JABI3EAArdK","18378411","[PREMIUM]","[PREMIUM]","[PREMIUM]","321","Section 321","m",6,"[]","2026-10-08 00:00:00","electronic","exchange",1,"[PREMIUM]","1,2,3,4,5,6"
"JABI3EAArdJ","2026-08-26 23:59:46.829","2026-09-08 23:15:13.450","JABI3EAArdJ","18378411","[PREMIUM]","[PREMIUM]","[PREMIUM]","305","Section 305","m",8,"[]","2026-10-08 00:00:00","electronic","exchange",1,"[PREMIUM]","1,2,3,4,5,6,7,8"
"JABI3EAAk2D","2026-08-26 23:59:46.829","2026-09-08 23:15:13.450","JABI3EAAk2D","18378411","[PREMIUM]","[PREMIUM]","[PREMIUM]","311","Section 311","g",8,"[]","2026-10-08 00:00:00","electronic","exchange",1,"[PREMIUM]","1,2,3,4,5,6,7,8"
"JABI3EAAb7P","2026-08-26 23:59:46.829","2026-09-08 23:15:13.450","JABI3EAAb7P","18378411","[PREMIUM]","[PREMIUM]","[PREMIUM]","321","Section 321","k",4,"[]","2026-10-08 00:00:00","electronic","exchange",1,"[PREMIUM]","1,2,3,4"
"JABI3EAVakR","2026-08-26 23:59:46.829","2026-09-08 23:15:13.450","JABI3EAVakR","18378411","[PREMIUM]","[PREMIUM]","[PREMIUM]","304","Section 304","k",1,"['16']","2026-10-07 00:00:00","electronic","exchange",0,"[PREMIUM]","1"
"JABI3EZOGL3","2026-08-26 23:59:46.829","2026-09-08 23:15:13.450","JABI3EZOGL3","18378411","[PREMIUM]","[PREMIUM]","[PREMIUM]","305","Section 305","q",3,"[]","2026-10-08 00:00:00","electronic","exchange",1,"[PREMIUM]","1,2,3"
"JABI3EZeZBp","2026-08-26 23:59:46.829","2026-09-08 23:15:13.450","JABI3EZeZBp","18378411","[PREMIUM]","[PREMIUM]","[PREMIUM]","307","Section 307","l",4,"[]","2026-10-09 00:00:00","electronic","exchange",0,"[PREMIUM]","1,2,4"
"KezczqDDRkr","2026-08-26 23:59:46.829","2026-09-08 23:15:13.450","KezczqDDRkr","18378411","[PREMIUM]","[PREMIUM]","[PREMIUM]","321","Section 321","n",8,"[]","2026-10-08 00:00:00","electronic","exchange",1,"[PREMIUM]","1,2,3,4,5,6,7,8"
"KezczqDDRPY","2026-08-26 23:59:46.829","2026-09-08 23:15:13.450","KezczqDDRPY","18378411","[PREMIUM]","[PREMIUM]","[PREMIUM]","308","Section 308","h",8,"[]","2026-10-08 00:00:00","electronic","exchange",0,"[PREMIUM]","1,2,3,4,5,6,7,8"
"KezczqDDGJG","2026-08-26 23:59:46.829","2026-09-07 23:00:29.903","KezczqDDGJG","18378411","[PREMIUM]","[PREMIUM]","[PREMIUM]","116","Section 116","w",2,"[]","2026-10-08 00:00:00","electronic","exchange",5,"[PREMIUM]","1,2"
"KezczqZnM7m","2026-08-26 23:59:46.829","2026-09-08 23:15:13.450","KezczqZnM7m","18378411","[PREMIUM]","[PREMIUM]","[PREMIUM]","304","Section 304","r",3,"[]","2026-10-08 00:00:00","electronic","exchange",1,"[PREMIUM]","1,2,3"
"LbviL8kYoAg","2026-08-26 23:59:46.829","2026-09-02 22:49:36.199","LbviL8kYoAg","18378411","[PREMIUM]","[PREMIUM]","[PREMIUM]","320","Section 320","d",4,"['1','2','3','4']","2026-10-07 00:00:00","electronic","exchange",0,"[PREMIUM]","4"
"LbviL8kkRg5","2026-08-26 23:59:46.829","2026-09-08 23:15:13.450","LbviL8kkRg5","18378411","[PREMIUM]","[PREMIUM]","[PREMIUM]","314","Section 314","l",4,"[]","2026-10-08 00:00:00","electronic","exchange",0,"[PREMIUM]","1,2,3,4"
"LbviL8kkD4A","2026-08-26 23:59:46.829","2026-09-08 23:15:13.450","LbviL8kkD4A","18378411","[PREMIUM]","[PREMIUM]","[PREMIUM]","107","Section 107","kk",8,"[]","2026-10-08 00:00:00","electronic","exchange",1,"[PREMIUM]","1,2,3,4,5,6,7,8"
"MAeIP3wwpvw","2026-08-26 23:59:46.829","2026-09-08 23:15:13.450","MAeIP3wwpvw","18378411","[PREMIUM]","[PREMIUM]","[PREMIUM]","325","Section 325","q",8,"[]","2026-10-08 00:00:00","electronic","exchange",1,"[PREMIUM]","1,2,3,4,5,6,7,8"
"MAeIP3wwpL8","2026-08-26 23:59:46.829","2026-09-08 23:15:13.450","MAeIP3wwpL8","18378411","[PREMIUM]","[PREMIUM]","[PREMIUM]","313","Section 313","h",4,"[]","2026-10-08 00:00:00","electronic","exchange",0,"[PREMIUM]","1,2,3,4"
"MAeIP3wwR9L","2026-08-26 23:59:46.829","2026-09-08 23:15:13.450","MAeIP3wwR9L","18378411","[PREMIUM]","[PREMIUM]","[PREMIUM]","314","Section 314","l",5,"[]","2026-10-08 00:00:00","electronic","exchange",0,"[PREMIUM]","1,2,3,4,5"
"MAeIP3wwR5l","2026-08-26 23:59:46.829","2026-09-08 23:15:13.450","MAeIP3wwR5l","18378411","[PREMIUM]","[PREMIUM]","[PREMIUM]","307","Section 307","g",7,"[]","2026-10-08 00:00:00","electronic","exchange",0,"[PREMIUM]","1,2,3,4,5,6,7"
"MAeIP3ww4jl","2026-08-26 23:59:46.829","2026-09-08 23:15:13.450","MAeIP3ww4jl","18378411","[PREMIUM]","[PREMIUM]","[PREMIUM]","316","Section 316","h",7,"[]","2026-10-08 00:00:00","electronic","exchange",0,"[PREMIUM]","1,2,3,4,5,6,7"
"MAeIP3wa4Yz","2026-08-26 23:59:46.829","2026-09-08 23:15:13.450","MAeIP3wa4Yz","18378411","[PREMIUM]","[PREMIUM]","[PREMIUM]","304","Section 304","b",2,"[]","2026-10-08 00:00:00","electronic","exchange",0,"[PREMIUM]","2"
"NrqUv6Njwqo","2026-08-26 23:59:46.829","2026-08-26 23:59:46.829","NrqUv6Njwqo","18378411","[PREMIUM]","[PREMIUM]","[PREMIUM]","309","Section 309","e",3,"[]","2026-10-09 00:00:00","electronic","exchange",2,"[PREMIUM]","1,2,3"
"NrqUv6NegAa","2026-08-26 23:59:46.829","2026-08-26 23:59:46.829","NrqUv6NegAa","18378411","[PREMIUM]","[PREMIUM]","[PREMIUM]","308","Section 308","p",2,"[]","2026-10-09 00:00:00","electronic","exchange",3,"[PREMIUM]","2"
"NrqUv6NNREb","2026-08-26 23:59:46.829","2026-09-02 22:49:36.199","NrqUv6NNREb","18378411","[PREMIUM]","[PREMIUM]","[PREMIUM]","323","Section 323","j",8,"[]","2026-10-08 00:00:00","electronic","exchange",2,"[PREMIUM]","1,2,3,4,5,6,7,8"
"NrqUv6Z3px0","2026-08-26 23:59:46.829","2026-09-08 23:15:13.450","NrqUv6Z3px0","18378411","[PREMIUM]","[PREMIUM]","[PREMIUM]","317","Section 317","q",4,"[]","2026-10-08 00:00:00","electronic","exchange",1,"[PREMIUM]","1,2,3,4"
"O7AhwKBBLzY","2026-08-26 23:59:46.829","2026-09-08 23:15:13.450","O7AhwKBBLzY","18378411","[PREMIUM]","[PREMIUM]","[PREMIUM]","306","Section 306","q",8,"[]","2026-10-08 00:00:00","electronic","exchange",1,"[PREMIUM]","1,2,3,4,5,6,7,8"
"O7AhwKBBLno","2026-08-26 23:59:46.829","2026-09-08 23:15:13.450","O7AhwKBBLno","18378411","[PREMIUM]","[PREMIUM]","[PREMIUM]","325","Section 325","g",7,"[]","2026-10-08 00:00:00","electronic","exchange",1,"[PREMIUM]","1,2,3,4,5,6,7"
"O7AhwKBBLbO","2026-08-26 23:59:46.829","2026-08-31 22:20:57.710","O7AhwKBBLbO","18378411","[PREMIUM]","[PREMIUM]","[PREMIUM]","321","Section 321","f",8,"[]","2026-10-08 00:00:00","electronic","exchange",5,"[PREMIUM]","1,2,3,4,5,6,7,8"
"O7AhwKBB05D","2026-08-26 23:59:46.829","2026-09-04 11:15:44.621","O7AhwKBB05D","18378411","[PREMIUM]","[PREMIUM]","[PREMIUM]","305","Section 305","n",8,"[]","2026-10-08 00:00:00","electronic","exchange",2,"[PREMIUM]","1,2,3,4,5,6,7,8"
"PX0sgqwPA8J","2026-08-26 23:59:46.829","2026-08-26 23:59:46.829","PX0sgqwPA8J","18378411","[PREMIUM]","[PREMIUM]","[PREMIUM]","309","Section 309","e",2,"[]","2026-10-09 00:00:00","electronic","exchange",2,"[PREMIUM]","2"
"PX0sgqwwkln","2026-08-26 23:59:46.829","2026-09-08 23:15:13.450","PX0sgqwwkln","18378411","[PREMIUM]","[PREMIUM]","[PREMIUM]","304","Section 304","n",8,"[]","2026-10-08 00:00:00","electronic","exchange",1,"[PREMIUM]","1,2,3,4,5,6,7,8"
"PX0sgqwwJ9O","2026-08-26 23:59:46.829","2026-08-31 22:20:57.710","PX0sgqwwJ9O","18378411","[PREMIUM]","[PREMIUM]","[PREMIUM]","116","Section 116","e",8,"[]","2026-10-08 00:00:00","electronic","exchange",1,"[PREMIUM]","1,2,3,4,5,6,7,8"
"PX0sgqww0dB","2026-08-26 23:59:46.829","2026-09-08 23:15:13.450","PX0sgqww0dB","18378411","[PREMIUM]","[PREMIUM]","[PREMIUM]","311","Section 311","g",8,"[]","2026-10-08 00:00:00","electronic","exchange",0,"[PREMIUM]","1,2,3,4,5,6,7,8"
"PX0sgqww0Kx","2026-08-26 23:59:46.829","2026-09-01 22:34:51.954","PX0sgqww0Kx","18378411","[PREMIUM]","[PREMIUM]","[PREMIUM]","325","Section 325","a",7,"[]","2026-10-08 00:00:00","electronic","exchange",5,"[PREMIUM]","1,2,3,4,5,6,7"
"ROXHz2glnmN","2026-08-26 23:59:46.829","2026-08-26 23:59:46.829","ROXHz2glnmN","18378411","[PREMIUM]","[PREMIUM]","[PREMIUM]","307","Section 307","r",2,"[]","2026-10-09 00:00:00","electronic","exchange",1,"[PREMIUM]","2"
"ROXHz2ggrnp","2026-08-26 23:59:46.829","2026-09-08 23:15:13.450","ROXHz2ggrnp","18378411","[PREMIUM]","[PREMIUM]","[PREMIUM]","314","Section 314","l",5,"[]","2026-10-08 00:00:00","electronic","exchange",0,"[PREMIUM]","1,2,3,4,5"
"ROXHz2ggpaX","2026-08-26 23:59:46.829","2026-09-07 23:00:29.903","ROXHz2ggpaX","18378411","[PREMIUM]","[PREMIUM]","[PREMIUM]","116","Section 116","u",4,"[]","2026-10-08 00:00:00","electronic","exchange",5,"[PREMIUM]","1,2,3,4"
"ROXHz2ggbMN","2026-08-26 23:59:46.829","2026-09-08 23:15:13.450","ROXHz2ggbMN","18378411","[PREMIUM]","[PREMIUM]","[PREMIUM]","317","Section 317","k",8,"[]","2026-10-08 00:00:00","electronic","exchange",1,"[PREMIUM]","1,2,3,4,5,6,7,8"
"ROXHz2gYqPp","2026-08-26 23:59:46.829","2026-08-26 23:59:46.829","ROXHz2gYqPp","18378411","[PREMIUM]","[PREMIUM]","[PREMIUM]","320","Section 320","d",4,"[]","2026-10-09 00:00:00","electronic","exchange",1,"[PREMIUM]","4"
"V4KU0488o7e","2026-08-26 23:59:46.829","2026-09-08 23:15:13.450","V4KU0488o7e","18378411","[PREMIUM]","[PREMIUM]","[PREMIUM]","325","Section 325","e",8,"[]","2026-10-08 00:00:00","electronic","exchange",0,"[PREMIUM]","1,2,3,4,5,6,7,8"
"V4KU0488YZP","2026-08-26 23:59:46.829","2026-09-03 22:48:25.598","V4KU0488YZP","18378411","[PREMIUM]","[PREMIUM]","[PREMIUM]","333","Section 333","l",7,"[]","2026-10-08 00:00:00","electronic","exchange",5,"[PREMIUM]","1,2,3,4,5,6,7"
"V4KU0488V50","2026-08-26 23:59:46.829","2026-09-08 23:15:13.450","V4KU0488V50","18378411","[PREMIUM]","[PREMIUM]","[PREMIUM]","330","Section 330","q",7,"[]","2026-10-08 00:00:00","electronic","exchange",1,"[PREMIUM]","1,2,3,4,5,6,7"
"V4KU0488N5r","2026-08-26 23:59:46.829","2026-08-28 22:26:41.809","V4KU0488N5r","18378411","[PREMIUM]","[PREMIUM]","[PREMIUM]","103","Section 103","e",6,"[]","2026-10-08 00:00:00","electronic","exchange",1,"[PREMIUM]","1,2,3,4,5,6"
"V4KU048l0o6","2026-08-26 23:59:46.829","2026-09-02 22:49:36.199","V4KU048l0o6","18378411","[PREMIUM]","[PREMIUM]","[PREMIUM]","320","Section 320","d",4,"[]","2026-10-08 00:00:00","electronic","exchange",0,"[PREMIUM]","4"
"X03tKl77rGx","2026-08-26 23:59:46.829","2026-09-07 23:00:29.903","X03tKl77rGx","18378411","[PREMIUM]","[PREMIUM]","[PREMIUM]","309","Section 309","p",7,"[]","2026-10-08 00:00:00","electronic","exchange",5,"[PREMIUM]","1,2,3,4,5,6,7"
"X03tKl77rAq","2026-08-26 23:59:46.829","2026-09-08 23:15:13.450","X03tKl77rAq","18378411","[PREMIUM]","[PREMIUM]","[PREMIUM]","329","Section 329","p",8,"[]","2026-10-08 00:00:00","electronic","exchange",1,"[PREMIUM]","1,2,3,4,5,6,7,8"
"X03tKl77eqk","2026-08-26 23:59:46.829","2026-09-08 23:15:13.450","X03tKl77eqk","18378411","[PREMIUM]","[PREMIUM]","[PREMIUM]","116","Section 116","f",4,"[]","2026-10-08 00:00:00","electronic","exchange",5,"[PREMIUM]","1,2,3,4"
"YgJtk0XXzRB","2026-08-26 23:59:46.829","2026-09-04 11:15:44.621","YgJtk0XXzRB","18378411","[PREMIUM]","[PREMIUM]","[PREMIUM]","306","Section 306","n",4,"[]","2026-10-08 00:00:00","electronic","exchange",2,"[PREMIUM]","1,2,3,4"
"YgJtk0XXmP5","2026-08-26 23:59:46.829","2026-09-06 22:40:58.866","YgJtk0XXmP5","18378411","[PREMIUM]","[PREMIUM]","[PREMIUM]","124","Section 124","dd",7,"[]","2026-10-08 00:00:00","electronic","exchange",5,"[PREMIUM]","1,2,3,4,5,6,7"
"Zm9hvJjjDa7","2026-08-26 23:59:46.829","2026-09-04 11:15:44.621","Zm9hvJjjDa7","18378411","[PREMIUM]","[PREMIUM]","[PREMIUM]","324","Section 324","e",8,"[]","2026-10-08 00:00:00","electronic","exchange",2,"[PREMIUM]","1,2,3,4,5,6,7,8"
"agktlM92eeP","2026-08-26 23:59:46.829","2026-09-08 23:15:13.450","agktlM92eeP","18378411","[PREMIUM]","[PREMIUM]","[PREMIUM]","110","Section 110","k",2,"['3','4']","2026-10-07 00:00:00","electronic","exchange",2,"[PREMIUM]","2"
"b4wUao6Rjzb","2026-08-26 23:59:46.829","2026-08-26 23:59:46.829","b4wUao6Rjzb","18378411","[PREMIUM]","[PREMIUM]","[PREMIUM]","116","Section 116","w",3,"[]","2026-10-07 00:00:00","electronic","exchange",5,"[PREMIUM]","1,2,3"
"b4wUao66ZBV","2026-08-26 23:59:46.829","2026-09-08 23:15:13.450","b4wUao66ZBV","18378411","[PREMIUM]","[PREMIUM]","[PREMIUM]","314","Section 314","j",8,"[]","2026-10-08 00:00:00","electronic","exchange",0,"[PREMIUM]","1,2,3,4,5,6,7,8"
"b4wUao66Lj4","2026-08-26 23:59:46.829","2026-08-31 22:20:57.710","b4wUao66Lj4","18378411","[PREMIUM]","[PREMIUM]","[PREMIUM]","310","Section 310","q",8,"[]","2026-10-08 00:00:00","electronic","exchange",4,"[PREMIUM]","1,2,3,4,5,6,7,8"
"b4wUao667pZ","2026-08-26 23:59:46.829","2026-09-08 23:15:13.450","b4wUao667pZ","18378411","[PREMIUM]","[PREMIUM]","[PREMIUM]","321","Section 321","n",8,"[]","2026-10-08 00:00:00","electronic","exchange",1,"[PREMIUM]","1,2,3,4,5,6,7,8"
"b4wUao62d39","2026-08-26 23:59:46.829","2026-09-08 23:15:13.450","b4wUao62d39","18378411","[PREMIUM]","[PREMIUM]","[PREMIUM]","307","Section 307","r",2,"['1','2']","2026-10-07 00:00:00","electronic","exchange",0,"[PREMIUM]","2"
"dNgUgplngMG","2026-08-26 23:59:46.829","2026-09-08 23:15:13.450","dNgUgplngMG","18378411","[PREMIUM]","[PREMIUM]","[PREMIUM]","303","Section 303","j",3,"[]","2026-10-08 00:00:00","electronic","exchange",0,"[PREMIUM]","3"
"dNgUgpllqBw","2026-08-26 23:59:46.829","2026-09-08 23:15:13.450","dNgUgpllqBw","18378411","[PREMIUM]","[PREMIUM]","[PREMIUM]","321","Section 321","k",4,"[]","2026-10-08 00:00:00","electronic","exchange",1,"[PREMIUM]","1,2,3,4"
"dNgUgpllLk5","2026-08-26 23:59:46.829","2026-09-08 23:15:13.450","dNgUgpllLk5","18378411","[PREMIUM]","[PREMIUM]","[PREMIUM]","314","Section 314","l",4,"[]","2026-10-08 00:00:00","electronic","exchange",0,"[PREMIUM]","1,2,3,4"
"dNgUgpllKdK","2026-08-26 23:59:46.829","2026-09-08 23:15:13.450","dNgUgpllKdK","18378411","[PREMIUM]","[PREMIUM]","[PREMIUM]","304","Section 304","m",8,"[]","2026-10-08 00:00:00","electronic","exchange",1,"[PREMIUM]","1,2,3,4,5,6,7,8"
"eeacK8poKMn","2026-08-26 23:59:46.829","2026-09-08 23:15:13.450","eeacK8poKMn","18378411","[PREMIUM]","[PREMIUM]","[PREMIUM]","307","Section 307","r",2,"[]","2026-10-08 00:00:00","electronic","exchange",0,"[PREMIUM]","2"
"eeacK8ppa4v","2026-08-26 23:59:46.829","2026-09-07 23:00:29.903","eeacK8ppa4v","18378411","[PREMIUM]","[PREMIUM]","[PREMIUM]","116","Section 116","f",6,"[]","2026-10-08 00:00:00","electronic","exchange",2,"[PREMIUM]","1,2,3,4,5,6"
"eeacK8pp4m6","2026-08-26 23:59:46.829","2026-09-06 22:40:58.866","eeacK8pp4m6","18378411","[PREMIUM]","[PREMIUM]","[PREMIUM]","124","Section 124","dd",7,"[]","2026-10-08 00:00:00","electronic","exchange",5,"[PREMIUM]","1,2,3,4,5,6,7"
"eeacK8ppEaZ","2026-08-26 23:59:46.829","2026-09-08 23:15:13.450","eeacK8ppEaZ","18378411","[PREMIUM]","[PREMIUM]","[PREMIUM]","324","Section 324","f",6,"[]","2026-10-08 00:00:00","electronic","exchange",1,"[PREMIUM]","1,2,3,4,5,6"
"eeacK8ppMxA","2026-08-26 23:59:46.829","2026-08-26 23:59:46.829","eeacK8ppMxA","18378411","[PREMIUM]","[PREMIUM]","[PREMIUM]","315","Section 315","g",8,"[]","2026-10-08 00:00:00","electronic","exchange",4,"[PREMIUM]","1,2,3,4,5,6,7,8"
"g48Ur6LLezr","2026-08-26 23:59:46.829","2026-09-08 23:15:13.450","g48Ur6LLezr","18378411","[PREMIUM]","[PREMIUM]","[PREMIUM]","307","Section 307","q",6,"[]","2026-10-08 00:00:00","electronic","exchange",0,"[PREMIUM]","1,2,3,4,5,6"
"g48Ur6LLJmY","2026-08-26 23:59:46.829","2026-09-03 22:48:25.598","g48Ur6LLJmY","18378411","[PREMIUM]","[PREMIUM]","[PREMIUM]","333","Section 333","l",7,"[]","2026-10-08 00:00:00","electronic","exchange",5,"[PREMIUM]","1,2,3,4,5,6,7"
"jDvszkAaj9N","2026-08-26 23:59:46.829","2026-09-08 23:15:13.450","jDvszkAaj9N","18378411","[PREMIUM]","[PREMIUM]","[PREMIUM]","317","Section 317","p",7,"[]","2026-10-08 00:00:00","electronic","exchange",1,"[PREMIUM]","1,2,3,4,5,6,7"
"jDvszkVVmEo","2026-08-26 23:59:46.829","2026-09-01 22:34:51.954","jDvszkVVmEo","18378411","[PREMIUM]","[PREMIUM]","[PREMIUM]","325","Section 325","a",7,"[]","2026-10-08 00:00:00","electronic","exchange",5,"[PREMIUM]","1,2,3,4,5,6,7"
"kYet9mg2G7v","2026-08-26 23:59:46.829","2026-08-30 22:48:11.584","kYet9mg2G7v","18378411","[PREMIUM]","[PREMIUM]","[PREMIUM]","119T","119 Terrace","hh",2,"[]","2026-10-08 00:00:00","electronic","exchange",1,"[PREMIUM]","2"
