"_primaryKey","_firstSeenAt","_lastSeenAt","listingId","eventId","price","priceWithFees","fee","section","sectionFull","row","quantity","seats","inHandDate","deliveryType","marketplace","dealBucket","dealScore","splitType"
"2v0cz3AJ9bM","2026-08-15 23:59:40.958","2026-08-19 12:15:37.908","2v0cz3AJ9bM","18377297","[PREMIUM]","[PREMIUM]","[PREMIUM]","116","Section 116","18",8,"[]","2026-12-01 00:00:00","electronic","exchange",2,"[PREMIUM]","1,2,3,4,5,6,7,8"
"oV7HbEk7G3E","2026-08-15 23:59:40.958","2026-08-28 22:42:11.021","oV7HbEk7G3E","18377297","[PREMIUM]","[PREMIUM]","[PREMIUM]","M8","Mezzanine 8","1",3,"[]","2026-12-02 00:00:00","electronic","exchange",0,"[PREMIUM]","1,2,3"
"05VT8Kr2vMb","2026-08-15 23:59:35.473","2026-08-28 22:37:09.777","05VT8Kr2vMb","18377042","[PREMIUM]","[PREMIUM]","[PREMIUM]","328","Section 328","10",6,"[]","2026-11-08 00:00:00","electronic","exchange",1,"[PREMIUM]","1,2,3,4,5,6"
"2v0cz3AOomo","2026-08-15 23:59:35.473","2026-08-28 22:37:09.777","2v0cz3AOomo","18377042","[PREMIUM]","[PREMIUM]","[PREMIUM]","374","Section 374","15",4,"[]","2026-11-08 00:00:00","electronic","exchange",1,"[PREMIUM]","1,2,3,4"
"3q7fNJRmVg0","2026-08-15 23:59:35.473","2026-08-28 22:37:09.777","3q7fNJRmVg0","18377042","[PREMIUM]","[PREMIUM]","[PREMIUM]","324","Section 324","15",6,"[]","2026-11-08 00:00:00","electronic","exchange",5,"[PREMIUM]","1,2,3,4,5,6"
"3q7fNJRmVXZ","2026-08-15 23:59:35.473","2026-08-28 22:37:09.777","3q7fNJRmVXZ","18377042","[PREMIUM]","[PREMIUM]","[PREMIUM]","368","Section 368","15",8,"[]","2026-11-08 00:00:00","electronic","exchange",1,"[PREMIUM]","1,2,3,4,5,6,7,8"
"4vXcj9Daorg","2026-08-15 23:59:35.473","2026-08-19 11:30:30.500","4vXcj9Daorg","18377042","[PREMIUM]","[PREMIUM]","[PREMIUM]","110","Section 110","4",4,"[]","2026-11-18 00:00:00","electronic","exchange",1,"[PREMIUM]","1,2,3,4"
"4vXcj9DrPZ6","2026-08-15 23:59:35.473","2026-08-28 22:37:09.777","4vXcj9DrPZ6","18377042","[PREMIUM]","[PREMIUM]","[PREMIUM]","364","Section 364","15",4,"[]","2026-11-08 00:00:00","electronic","exchange",1,"[PREMIUM]","1,2,3,4"
"6mOhkAqMvmK","2026-08-15 23:59:35.473","2026-08-28 22:37:09.777","6mOhkAqMvmK","18377042","[PREMIUM]","[PREMIUM]","[PREMIUM]","350","Section 350","15",6,"[]","2026-11-08 00:00:00","electronic","exchange",1,"[PREMIUM]","1,2,3,4,5,6"
"8lKt6Y4P89l","2026-08-15 23:59:35.473","2026-08-28 22:37:09.777","8lKt6Y4P89l","18377042","[PREMIUM]","[PREMIUM]","[PREMIUM]","304","Section 304","16",8,"[]","2026-11-08 00:00:00","electronic","exchange",5,"[PREMIUM]","1,2,3,4,5,6,7,8"
"9P2c5qwXBoJ","2026-08-15 23:59:35.473","2026-08-28 22:37:09.777","9P2c5qwXBoJ","18377042","[PREMIUM]","[PREMIUM]","[PREMIUM]","326","Section 326","15",8,"[]","2026-11-08 00:00:00","electronic","exchange",1,"[PREMIUM]","1,2,3,4,5,6,7,8"
"9P2c5qwNZMz","2026-08-15 23:59:35.473","2026-08-28 22:37:09.777","9P2c5qwNZMz","18377042","[PREMIUM]","[PREMIUM]","[PREMIUM]","322","Section 322","11",2,"[]","2026-11-17 00:00:00","electronic","exchange",4,"[PREMIUM]","2"
"A6rs27bDJ9r","2026-08-15 23:59:35.473","2026-08-18 14:01:11.781","A6rs27bDJ9r","18377042","[PREMIUM]","[PREMIUM]","[PREMIUM]","380","Section 380","16",8,"[]","2026-11-08 00:00:00","electronic","exchange",5,"[PREMIUM]","1,2,3,4,5,6,7,8"
"BALImXdg7v2","2026-08-15 23:59:35.473","2026-08-22 23:32:49.788","BALImXdg7v2","18377042","[PREMIUM]","[PREMIUM]","[PREMIUM]","132","Section 132","17",5,"[]","2026-11-18 00:00:00","electronic","exchange",1,"[PREMIUM]","1,2,3,4,5"
"BALImXrE5wj","2026-08-15 23:59:35.473","2026-08-15 23:59:35.473","BALImXrE5wj","18377042","[PREMIUM]","[PREMIUM]","[PREMIUM]","104","Section 104","17",4,"[]","2026-11-17 00:00:00","electronic","exchange",2,"[PREMIUM]","4"
"DdwHkOaEb4g","2026-08-15 23:59:35.473","2026-08-28 22:37:09.777","DdwHkOaEb4g","18377042","[PREMIUM]","[PREMIUM]","[PREMIUM]","320","Section 320","10",4,"[]","2026-11-08 00:00:00","electronic","exchange",5,"[PREMIUM]","1,2,3,4"
"Kezcz6BaXap","2026-08-15 23:59:35.473","2026-08-28 22:37:09.777","Kezcz6BaXap","18377042","[PREMIUM]","[PREMIUM]","[PREMIUM]","308","Section 308","7",3,"[]","2026-11-18 00:00:00","electronic","exchange",1,"[PREMIUM]","1,2,3"
"LbviLEeNb27","2026-08-15 23:59:35.473","2026-08-28 22:37:09.777","LbviLEeNb27","18377042","[PREMIUM]","[PREMIUM]","[PREMIUM]","126","Section 126","5",4,"[]","2026-11-18 00:00:00","electronic","exchange",0,"[PREMIUM]","1,2,3,4"
"LbviLEepDMd","2026-08-15 23:59:35.473","2026-08-28 22:37:09.777","LbviLEepDMd","18377042","[PREMIUM]","[PREMIUM]","[PREMIUM]","358","Section 358","15",6,"[]","2026-11-08 00:00:00","electronic","exchange",1,"[PREMIUM]","1,2,3,4,5,6"
"LbviLEekg9r","2026-08-15 23:59:35.473","2026-08-28 22:37:09.777","LbviLEekg9r","18377042","[PREMIUM]","[PREMIUM]","[PREMIUM]","104","Section 104","5",2,"[]","2026-11-17 00:00:00","electronic","exchange",3,"[PREMIUM]","2"
"MAeIPl4mpVZ","2026-08-15 23:59:35.473","2026-08-28 22:37:09.777","MAeIPl4mpVZ","18377042","[PREMIUM]","[PREMIUM]","[PREMIUM]","326","Section 326","10",8,"[]","2026-11-08 00:00:00","electronic","exchange",1,"[PREMIUM]","1,2,3,4,5,6,7,8"
"O7AhwrL3pOv","2026-08-15 23:59:35.473","2026-08-28 22:37:09.777","O7AhwrL3pOv","18377042","[PREMIUM]","[PREMIUM]","[PREMIUM]","330","Section 330","6",3,"[]","2026-11-18 00:00:00","electronic","exchange",1,"[PREMIUM]","1,2,3"
"X03tKjv9kmz","2026-08-15 23:59:35.473","2026-08-28 22:37:09.777","X03tKjv9kmz","18377042","[PREMIUM]","[PREMIUM]","[PREMIUM]","368","Section 368","7",3,"[]","2026-11-18 00:00:00","electronic","exchange",4,"[PREMIUM]","1,2,3"
"agktlDZOBqp","2026-08-15 23:59:35.473","2026-08-28 22:37:09.777","agktlDZOBqp","18377042","[PREMIUM]","[PREMIUM]","[PREMIUM]","324","Section 324","10",4,"[]","2026-11-08 00:00:00","electronic","exchange",5,"[PREMIUM]","1,2,3,4"
"b4wUaG7ZN4v","2026-08-15 23:59:35.473","2026-08-16 22:27:09.512","b4wUaG7ZN4v","18377042","[PREMIUM]","[PREMIUM]","[PREMIUM]","104","Section 104","12",2,"[]","2026-11-17 00:00:00","electronic","exchange",5,"[PREMIUM]","2"
"g48UromVe8M","2026-08-15 23:59:35.473","2026-08-28 22:37:09.777","g48UromVe8M","18377042","[PREMIUM]","[PREMIUM]","[PREMIUM]","322","Section 322","10",4,"[]","2026-11-08 00:00:00","electronic","exchange",1,"[PREMIUM]","1,2,3,4"
"jDvsz7NVvm5","2026-08-15 23:59:35.473","2026-08-18 14:01:11.781","jDvsz7NVvm5","18377042","[PREMIUM]","[PREMIUM]","[PREMIUM]","380","Section 380","16",2,"[]","2026-11-18 00:00:00","electronic","exchange",1,"[PREMIUM]","2"
"jDvsz7NY0VM","2026-08-15 23:59:35.473","2026-08-28 22:37:09.777","jDvsz7NY0VM","18377042","[PREMIUM]","[PREMIUM]","[PREMIUM]","104","Section 104","5",2,"[]","2026-11-17 00:00:00","electronic","exchange",2,"[PREMIUM]","2"
"jDvsz7NeGJx","2026-08-15 23:59:35.473","2026-08-28 22:37:09.777","jDvsz7NeGJx","18377042","[PREMIUM]","[PREMIUM]","[PREMIUM]","324","Section 324","13",2,"[]","2026-11-18 00:00:00","electronic","exchange",1,"[PREMIUM]","2"
"kYet94785Bl","2026-08-15 23:59:35.473","2026-08-19 11:30:30.500","kYet94785Bl","18377042","[PREMIUM]","[PREMIUM]","[PREMIUM]","124","Section 124","4",5,"[]","2026-11-18 00:00:00","electronic","exchange",0,"[PREMIUM]","1,2,3,4,5"
"kYet947epKk","2026-08-15 23:59:35.473","2026-08-28 22:37:09.777","kYet947epKk","18377042","[PREMIUM]","[PREMIUM]","[PREMIUM]","366","Section 366","15",8,"[]","2026-11-08 00:00:00","electronic","exchange",1,"[PREMIUM]","1,2,3,4,5,6,7,8"
"lxVsdLnPgYM","2026-08-15 23:59:35.473","2026-08-28 22:37:09.777","lxVsdLnPgYM","18377042","[PREMIUM]","[PREMIUM]","[PREMIUM]","352","Section 352","15",6,"[]","2026-11-08 00:00:00","electronic","exchange",1,"[PREMIUM]","1,2,3,4,5,6"
"lxVsdLxm92o","2026-08-15 23:59:35.473","2026-08-28 22:37:09.777","lxVsdLxm92o","18377042","[PREMIUM]","[PREMIUM]","[PREMIUM]","302","Section 302","6",2,"[]","2026-11-17 00:00:00","electronic","exchange",4,"[PREMIUM]","2"
"nx0srMbXzJm","2026-08-15 23:59:35.473","2026-08-28 22:37:09.777","nx0srMbXzJm","18377042","[PREMIUM]","[PREMIUM]","[PREMIUM]","356","Section 356","7",3,"[]","2026-11-18 00:00:00","electronic","exchange",1,"[PREMIUM]","1,2,3"
"oV7HbEkLBRj","2026-08-15 23:59:35.473","2026-08-18 14:01:11.781","oV7HbEkLBRj","18377042","[PREMIUM]","[PREMIUM]","[PREMIUM]","378","Section 378","16",8,"[]","2026-11-08 00:00:00","electronic","exchange",5,"[PREMIUM]","1,2,3,4,5,6,7,8"
"rVOHkRVxoql","2026-08-15 23:59:35.473","2026-08-28 22:37:09.777","rVOHkRVxoql","18377042","[PREMIUM]","[PREMIUM]","[PREMIUM]","360","Section 360","15",4,"[]","2026-11-08 00:00:00","electronic","exchange",1,"[PREMIUM]","1,2,3,4"
"vb3iPexr20R","2026-08-15 23:59:35.473","2026-08-28 00:24:30.287","vb3iPexr20R","18377042","[PREMIUM]","[PREMIUM]","[PREMIUM]","324","Section 324","8",8,"[]","2026-11-18 00:00:00","electronic","exchange",1,"[PREMIUM]","1,2,3,4,5,6,7,8"
"w3Jsed7zmRw","2026-08-15 23:59:35.473","2026-08-28 22:37:09.777","w3Jsed7zmRw","18377042","[PREMIUM]","[PREMIUM]","[PREMIUM]","322","Section 322","14",6,"[]","2026-11-08 00:00:00","electronic","exchange",1,"[PREMIUM]","1,2,3,4,5,6"
"w3Jsed7zlg3","2026-08-15 23:59:35.473","2026-08-28 22:37:09.777","w3Jsed7zlg3","18377042","[PREMIUM]","[PREMIUM]","[PREMIUM]","356","Section 356","15",4,"[]","2026-11-08 00:00:00","electronic","exchange",5,"[PREMIUM]","1,2,3,4"
"xb9imBdGZ4M","2026-08-15 23:59:35.473","2026-08-28 22:37:09.777","xb9imBdGZ4M","18377042","[PREMIUM]","[PREMIUM]","[PREMIUM]","128","Section 128","13",2,"[]","2026-11-18 00:00:00","electronic","exchange",1,"[PREMIUM]","2"
"xb9imBddgmr","2026-08-15 23:59:35.473","2026-08-28 22:37:09.777","xb9imBddgmr","18377042","[PREMIUM]","[PREMIUM]","[PREMIUM]","134","Section 134","5",2,"[]","2026-11-17 00:00:00","electronic","exchange",2,"[PREMIUM]","2"
"A6rs27A7JGB","2026-08-15 23:59:15.756","2026-08-28 22:40:13.351","A6rs27A7JGB","18377456","[PREMIUM]","[PREMIUM]","[PREMIUM]","206","Section 206","4",2,"[]","2026-11-28 00:00:00","electronic","exchange",2,"[PREMIUM]","2"
"NrqUv4e8kmz","2026-08-15 23:59:15.756","2026-08-19 12:01:15.128","NrqUv4e8kmz","18377456","[PREMIUM]","[PREMIUM]","[PREMIUM]","323","Section 323","8",6,"[]","2026-11-29 00:00:00","electronic","exchange",2,"[PREMIUM]","1,2,3,4,5,6"
"NrqUv4eMAmx","2026-08-15 23:59:15.756","2026-08-16 22:28:33.196","NrqUv4eMAmx","18377456","[PREMIUM]","[PREMIUM]","[PREMIUM]","303","Section 303","7",3,"[]","2026-11-29 00:00:00","electronic","exchange",5,"[PREMIUM]","1,3"
"agktlDZD658","2026-08-15 23:59:15.756","2026-08-28 22:40:13.351","agktlDZD658","18377456","[PREMIUM]","[PREMIUM]","[PREMIUM]","323","Section 323","9",2,"[]","2026-11-29 00:00:00","electronic","exchange",0,"[PREMIUM]","2"
"eeacK2q4KkP","2026-08-15 23:59:15.756","2026-08-16 22:28:33.196","eeacK2q4KkP","18377456","[PREMIUM]","[PREMIUM]","[PREMIUM]","106","Section 106","9",2,"[]","2026-11-29 00:00:00","electronic","exchange",5,"[PREMIUM]","2"
"eeacK2qrYPO","2026-08-15 23:59:15.756","2026-08-16 22:28:33.196","eeacK2qrYPO","18377456","[PREMIUM]","[PREMIUM]","[PREMIUM]","121","Section 121","3",2,"[]","2026-11-29 00:00:00","electronic","exchange",4,"[PREMIUM]","2"
"kYet947jaVB","2026-08-15 23:59:15.756","2026-08-15 23:59:15.756","kYet947jaVB","18377456","[PREMIUM]","[PREMIUM]","[PREMIUM]","103","Section 103","4",2,"[]","2026-11-28 00:00:00","electronic","exchange",2,"[PREMIUM]","2"
"oV7HbEkE0A8","2026-08-15 23:59:15.756","2026-08-28 22:40:13.351","oV7HbEkE0A8","18377456","[PREMIUM]","[PREMIUM]","[PREMIUM]","103","Section 103","16",4,"[]","2026-11-28 00:00:00","electronic","exchange",1,"[PREMIUM]","4"
"qVjH2Vl02RM","2026-08-15 23:59:15.756","2026-08-16 22:28:33.196","qVjH2Vl02RM","18377456","[PREMIUM]","[PREMIUM]","[PREMIUM]","119","Section 119","10",2,"[]","2026-11-29 00:00:00","electronic","exchange",5,"[PREMIUM]","2"
"w3Jsed7drwn","2026-08-15 23:59:15.756","2026-08-28 22:40:13.351","w3Jsed7drwn","18377456","[PREMIUM]","[PREMIUM]","[PREMIUM]","330","Section 330","9",2,"[]","2026-11-29 00:00:00","electronic","exchange",0,"[PREMIUM]","2"
"PX0sgL3A3o7","2026-08-15 23:58:51.354","2026-08-23 22:48:10.751","PX0sgL3A3o7","18378438","[PREMIUM]","[PREMIUM]","[PREMIUM]","301","Section 301","p",2,"['1','2']","2026-12-01 00:00:00","electronic","exchange",0,"[PREMIUM]","2"
"05VT8KrwrZb","2026-08-15 23:58:37.216","2026-08-15 23:58:37.216","05VT8KrwrZb","18377214","[PREMIUM]","[PREMIUM]","[PREMIUM]","317","Section 317","9",4,"[]","2026-11-28 00:00:00","electronic","exchange",2,"[PREMIUM]","1,2,3,4"
"05VT8KrwrMO","2026-08-15 23:58:37.216","2026-08-15 23:58:37.216","05VT8KrwrMO","18377214","[PREMIUM]","[PREMIUM]","[PREMIUM]","317","Section 317","9",8,"[]","2026-11-27 00:00:00","electronic","exchange",5,"[PREMIUM]","1,2,3,4,5,6,7,8"
"05VT8Krdzxw","2026-08-15 23:58:37.216","2026-08-24 23:35:05.088","05VT8Krdzxw","18377214","[PREMIUM]","[PREMIUM]","[PREMIUM]","219","Section 219","3",2,"[]","2026-11-27 00:00:00","electronic","exchange",2,"[PREMIUM]","2"
"2v0cz3A9R6o","2026-08-15 23:58:37.216","2026-08-19 12:00:55.413","2v0cz3A9R6o","18377214","[PREMIUM]","[PREMIUM]","[PREMIUM]","315","Section 315","10",6,"[]","2026-11-27 00:00:00","electronic","exchange",5,"[PREMIUM]","1,2,3,4,5,6"
"2v0cz3AXV7Z","2026-08-15 23:58:37.216","2026-08-28 22:40:12.975","2v0cz3AXV7Z","18377214","[PREMIUM]","[PREMIUM]","[PREMIUM]","334","Section 334","3",2,"[]","2026-11-27 00:00:00","electronic","exchange",3,"[PREMIUM]","2"
"3q7fNJRaXG9","2026-08-15 23:58:37.216","2026-08-19 12:00:55.413","3q7fNJRaXG9","18377214","[PREMIUM]","[PREMIUM]","[PREMIUM]","327","Section 327","12",8,"[]","2026-11-27 00:00:00","electronic","exchange",3,"[PREMIUM]","1,2,3,4,5,6,7,8"
"4vXcj9Dlawo","2026-08-15 23:58:37.216","2026-08-15 23:58:37.216","4vXcj9Dlawo","18377214","[PREMIUM]","[PREMIUM]","[PREMIUM]","318","Section 318","11",8,"[]","2026-11-28 00:00:00","electronic","exchange",2,"[PREMIUM]","1,2,3,4,5,6,7,8"
"4vXcj9DmNMg","2026-08-15 23:58:37.216","2026-08-28 22:40:12.975","4vXcj9DmNMg","18377214","[PREMIUM]","[PREMIUM]","[PREMIUM]","301","Section 301","15",3,"[]","2026-11-27 00:00:00","electronic","exchange",2,"[PREMIUM]","3"
"5EjuZ6G4k8O","2026-08-15 23:58:37.216","2026-08-15 23:58:37.216","5EjuZ6G4k8O","18377214","[PREMIUM]","[PREMIUM]","[PREMIUM]","317","Section 317","9",8,"[]","2026-11-27 00:00:00","electronic","exchange",3,"[PREMIUM]","2,3,4,5,6,7,8"
"5EjuZ6G6Y4R","2026-08-15 23:58:37.216","2026-08-15 23:58:37.216","5EjuZ6G6Y4R","18377214","[PREMIUM]","[PREMIUM]","[PREMIUM]","329","Section 329","12",14,"[]","2026-11-28 00:00:00","electronic","exchange",2,"[PREMIUM]","1,2,3,4,5,6,7,8,9,10,11,12,13,14"
"8lKt6Y45wX4","2026-08-15 23:58:37.216","2026-08-15 23:58:37.216","8lKt6Y45wX4","18377214","[PREMIUM]","[PREMIUM]","[PREMIUM]","311","Section 311","3",7,"[]","2026-11-27 00:00:00","electronic","exchange",2,"[PREMIUM]","1,2,3,4,5,6,7"
"8lKt6Y4AwNk","2026-08-15 23:58:37.216","2026-08-15 23:58:37.216","8lKt6Y4AwNk","18377214","[PREMIUM]","[PREMIUM]","[PREMIUM]","306","Section 306","8",14,"[]","2026-11-28 00:00:00","electronic","exchange",0,"[PREMIUM]","1,2,3,4,5,6,7,8,9,10,11,12,13,14"
"9P2c5qwD274","2026-08-15 23:58:37.216","2026-08-15 23:58:37.216","9P2c5qwD274","18377214","[PREMIUM]","[PREMIUM]","[PREMIUM]","329","Section 329","12",8,"[]","2026-11-27 00:00:00","electronic","exchange",4,"[PREMIUM]","1,2,3,4,5,6,7,8"
"9P2c5qwYNVN","2026-08-15 23:58:37.216","2026-08-19 12:00:55.413","9P2c5qwYNVN","18377214","[PREMIUM]","[PREMIUM]","[PREMIUM]","307","Section 307","4",7,"[]","2026-11-27 00:00:00","electronic","exchange",2,"[PREMIUM]","1,2,3,4,5,6,7"
"A6rs27b56g9","2026-08-15 23:58:37.216","2026-08-15 23:58:37.216","A6rs27b56g9","18377214","[PREMIUM]","[PREMIUM]","[PREMIUM]","324","Section 324","5",8,"[]","2026-11-27 00:00:00","electronic","exchange",5,"[PREMIUM]","1,2,3,4,5,6,7,8"
"A6rs27bYegq","2026-08-15 23:58:37.216","2026-08-28 22:40:12.975","A6rs27bYegq","18377214","[PREMIUM]","[PREMIUM]","[PREMIUM]","334","Section 334","3",1,"[]","2026-11-28 00:00:00","electronic","exchange",2,"[PREMIUM]","1"
"A6rs27bOzmV","2026-08-15 23:58:37.216","2026-08-28 22:40:12.975","A6rs27bOzmV","18377214","[PREMIUM]","[PREMIUM]","[PREMIUM]","320","Section 320","6",1,"[]","2026-11-27 00:00:00","electronic","exchange",4,"[PREMIUM]","1"
"BALImXdRaN4","2026-08-15 23:58:37.216","2026-08-28 22:40:12.975","BALImXdRaN4","18377214","[PREMIUM]","[PREMIUM]","[PREMIUM]","122","Section 122","3",2,"[]","2026-11-27 00:00:00","electronic","exchange",5,"[PREMIUM]","2"
"EroUXnkPgVK","2026-08-15 23:58:37.216","2026-08-15 23:58:37.216","EroUXnkPgVK","18377214","[PREMIUM]","[PREMIUM]","[PREMIUM]","329","Section 329","12",8,"[]","2026-11-27 00:00:00","electronic","exchange",4,"[PREMIUM]","1,2,3,4,5,6,7,8"
"EroUXnk7NBg","2026-08-15 23:58:37.216","2026-08-28 22:40:12.975","EroUXnk7NBg","18377214","[PREMIUM]","[PREMIUM]","[PREMIUM]","314","Section 314","2",2,"[]","2026-11-27 00:00:00","electronic","exchange",5,"[PREMIUM]","2"
"JABI39rKmoz","2026-08-15 23:58:37.216","2026-08-28 22:40:12.975","JABI39rKmoz","18377214","[PREMIUM]","[PREMIUM]","[PREMIUM]","332","Section 332","17",4,"[]","2026-11-27 00:00:00","electronic","exchange",4,"[PREMIUM]","4"
"JABI39rOVgN","2026-08-15 23:58:37.216","2026-08-28 22:40:12.975","JABI39rOVgN","18377214","[PREMIUM]","[PREMIUM]","[PREMIUM]","302","Section 302","15",3,"[]","2026-11-28 00:00:00","electronic","exchange",0,"[PREMIUM]","1,2,3"
"LbviLEeleNN","2026-08-15 23:58:37.216","2026-08-19 12:00:55.413","LbviLEeleNN","18377214","[PREMIUM]","[PREMIUM]","[PREMIUM]","307","Section 307","4",7,"[]","2026-11-27 00:00:00","electronic","exchange",2,"[PREMIUM]","1,2,3,4,5,6,7"
"LbviLEenl9L","2026-08-15 23:58:37.216","2026-08-15 23:58:37.216","LbviLEenl9L","18377214","[PREMIUM]","[PREMIUM]","[PREMIUM]","311","Section 311","3",7,"[]","2026-11-27 00:00:00","electronic","exchange",2,"[PREMIUM]","1,2,3,4,5,6,7"
"NrqUv4e4GM5","2026-08-15 23:58:37.216","2026-08-15 23:58:37.216","NrqUv4e4GM5","18377214","[PREMIUM]","[PREMIUM]","[PREMIUM]","329","Section 329","12",14,"[]","2026-11-27 00:00:00","electronic","exchange",2,"[PREMIUM]","2,3,4,5,6,7,8,9,10,11,12,13,14"
"NrqUv4edJbp","2026-08-15 23:58:37.216","2026-08-15 23:58:37.216","NrqUv4edJbp","18377214","[PREMIUM]","[PREMIUM]","[PREMIUM]","306","Section 306","8",14,"[]","2026-11-27 00:00:00","electronic","exchange",0,"[PREMIUM]","2,3,4,5,6,7,8,9,10,11,12,13,14"
"NrqUv4e90A7","2026-08-15 23:58:37.216","2026-08-28 22:40:12.975","NrqUv4e90A7","18377214","[PREMIUM]","[PREMIUM]","[PREMIUM]","110","Section 110","18",4,"[]","2026-11-27 00:00:00","electronic","exchange",2,"[PREMIUM]","4"
"PX0sgL3q5Ba","2026-08-15 23:58:37.216","2026-08-19 12:00:55.413","PX0sgL3q5Ba","18377214","[PREMIUM]","[PREMIUM]","[PREMIUM]","327","Section 327","12",8,"[]","2026-11-28 00:00:00","electronic","exchange",1,"[PREMIUM]","1,2,3,4,5,6,7,8"
"ROXHzwba79M","2026-08-15 23:58:37.216","2026-08-18 14:36:43.014","ROXHzwba79M","18377214","[PREMIUM]","[PREMIUM]","[PREMIUM]","306","Section 306","9",10,"[]","2026-11-28 00:00:00","electronic","exchange",1,"[PREMIUM]","1,2,3,4,5,6,7,8,9,10"
"V4KU0MB47DM","2026-08-15 23:58:37.216","2026-08-15 23:58:37.216","V4KU0MB47DM","18377214","[PREMIUM]","[PREMIUM]","[PREMIUM]","311","Section 311","3",7,"[]","2026-11-28 00:00:00","electronic","exchange",0,"[PREMIUM]","1,2,3,4,5,6,7"
"V4KU0MBr8G0","2026-08-15 23:58:37.216","2026-08-19 12:00:55.413","V4KU0MBr8G0","18377214","[PREMIUM]","[PREMIUM]","[PREMIUM]","313","Section 313","12",10,"[]","2026-11-28 00:00:00","electronic","exchange",2,"[PREMIUM]","1,2,3,4,5,6,7,8,9,10"
"V4KU0MBXBe9","2026-08-15 23:58:37.216","2026-08-19 12:00:55.413","V4KU0MBXBe9","18377214","[PREMIUM]","[PREMIUM]","[PREMIUM]","307","Section 307","4",7,"[]","2026-11-28 00:00:00","electronic","exchange",1,"[PREMIUM]","1,2,3,4,5,6,7"
"YgJtk6La3eO","2026-08-15 23:58:37.216","2026-08-18 14:36:43.014","YgJtk6La3eO","18377214","[PREMIUM]","[PREMIUM]","[PREMIUM]","102","Section 102","12",2,"[]","2026-11-27 00:00:00","electronic","exchange",2,"[PREMIUM]","2"
"YgJtk6La3m4","2026-08-15 23:58:37.216","2026-08-28 22:40:12.975","YgJtk6La3m4","18377214","[PREMIUM]","[PREMIUM]","[PREMIUM]","327","Section 327","2",2,"[]","2026-11-27 00:00:00","electronic","exchange",5,"[PREMIUM]","2"
"Zm9hvwGMLXM","2026-08-15 23:58:37.216","2026-08-28 22:40:12.975","Zm9hvwGMLXM","18377214","[PREMIUM]","[PREMIUM]","[PREMIUM]","110","Section 110","2",2,"[]","2026-11-27 00:00:00","electronic","exchange",5,"[PREMIUM]","2"
"agktlDZAvrw","2026-08-15 23:58:37.216","2026-08-28 22:40:12.975","agktlDZAvrw","18377214","[PREMIUM]","[PREMIUM]","[PREMIUM]","303","Section 303","9",2,"[]","2026-11-27 00:00:00","electronic","exchange",4,"[PREMIUM]","2"
"b4wUaG7v4bD","2026-08-15 23:58:37.216","2026-08-15 23:58:37.216","b4wUaG7v4bD","18377214","[PREMIUM]","[PREMIUM]","[PREMIUM]","306","Section 306","8",8,"[]","2026-11-27 00:00:00","electronic","exchange",1,"[PREMIUM]","1,2,3,4,5,6,7,8"
"b4wUaG7r4AV","2026-08-15 23:58:37.216","2026-08-28 22:40:12.975","b4wUaG7r4AV","18377214","[PREMIUM]","[PREMIUM]","[PREMIUM]","308","Section 308","1",6,"['3','4','5','6','7','8']","2026-11-28 00:00:00","electronic","exchange",3,"[PREMIUM]","2,4,6"
"dNgUg6LPKDx","2026-08-15 23:58:37.216","2026-08-28 22:40:12.975","dNgUg6LPKDx","18377214","[PREMIUM]","[PREMIUM]","[PREMIUM]","304","Section 304","18",4,"[]","2026-11-27 00:00:00","electronic","exchange",0,"[PREMIUM]","4"
"dNgUg6qGn3g","2026-08-15 23:58:37.216","2026-08-16 22:28:30.542","dNgUg6qGn3g","18377214","[PREMIUM]","[PREMIUM]","[PREMIUM]","118","Section 118","18",2,"[]","2026-11-27 00:00:00","electronic","exchange",5,"[PREMIUM]","2"
"dNgUg6qLR8e","2026-08-15 23:58:37.216","2026-08-19 12:00:55.413","dNgUg6qLR8e","18377214","[PREMIUM]","[PREMIUM]","[PREMIUM]","214","Section 214","1",4,"[]","2026-11-28 00:00:00","electronic","exchange",1,"[PREMIUM]","1,2,3,4"
"dNgUg6qRRVZ","2026-08-15 23:58:37.216","2026-08-19 12:00:55.413","dNgUg6qRRVZ","18377214","[PREMIUM]","[PREMIUM]","[PREMIUM]","107","Section 107","10",2,"[]","2026-11-28 00:00:00","electronic","exchange",3,"[PREMIUM]","1,2"
"dNgUg6qGnMN","2026-08-15 23:58:37.216","2026-08-28 22:40:12.975","dNgUg6qGnMN","18377214","[PREMIUM]","[PREMIUM]","[PREMIUM]","220","Section 220","1",2,"[]","2026-11-27 00:00:00","electronic","exchange",1,"[PREMIUM]","2"
"dNgUg6qj5Ao","2026-08-15 23:58:37.216","2026-08-28 22:40:12.975","dNgUg6qj5Ao","18377214","[PREMIUM]","[PREMIUM]","[PREMIUM]","309","Section 309","2",2,"['11','12']","2026-11-28 00:00:00","electronic","exchange",1,"[PREMIUM]","2"
"eeacK2q8eO9","2026-08-15 23:58:37.216","2026-08-20 23:38:19.376","eeacK2q8eO9","18377214","[PREMIUM]","[PREMIUM]","[PREMIUM]","329","Section 329","12",8,"[]","2026-11-28 00:00:00","electronic","exchange",1,"[PREMIUM]","1,2,3,4,5,6,7,8"
"eeacK2qJqjM","2026-08-15 23:58:37.216","2026-08-15 23:58:37.216","eeacK2qJqjM","18377214","[PREMIUM]","[PREMIUM]","[PREMIUM]","317","Section 317","9",8,"[]","2026-11-28 00:00:00","electronic","exchange",3,"[PREMIUM]","1,2,3,4,5,6,7,8"
"eeacK2q9pz5","2026-08-15 23:58:37.216","2026-08-19 12:00:55.413","eeacK2q9pz5","18377214","[PREMIUM]","[PREMIUM]","[PREMIUM]","317","Section 317","10",4,"[]","2026-11-28 00:00:00","electronic","exchange",3,"[PREMIUM]","1,2,3,4"
"jDvsz7N5O4q","2026-08-15 23:58:37.216","2026-08-28 22:40:12.975","jDvsz7N5O4q","18377214","[PREMIUM]","[PREMIUM]","[PREMIUM]","230","Section 230","8",4,"[]","2026-11-27 00:00:00","electronic","exchange",5,"[PREMIUM]","4"
"kYet947lExE","2026-08-15 23:58:37.216","2026-08-15 23:58:37.216","kYet947lExE","18377214","[PREMIUM]","[PREMIUM]","[PREMIUM]","311","Section 311","3",7,"[]","2026-11-28 00:00:00","electronic","exchange",1,"[PREMIUM]","1,2,3,4,5,6,7"
"kYet947zlJb","2026-08-15 23:58:37.216","2026-08-19 12:00:55.413","kYet947zlJb","18377214","[PREMIUM]","[PREMIUM]","[PREMIUM]","104","Section 104","18",2,"[]","2026-11-27 00:00:00","electronic","exchange",3,"[PREMIUM]","2"
"kYet947vNb6","2026-08-15 23:58:37.216","2026-08-28 22:40:12.975","kYet947vNb6","18377214","[PREMIUM]","[PREMIUM]","[PREMIUM]","305","Section 305","6",4,"[]","2026-11-27 00:00:00","electronic","exchange",5,"[PREMIUM]","4"
"lxVsdLnNJYa","2026-08-15 23:58:37.216","2026-08-28 22:40:12.975","lxVsdLnNJYa","18377214","[PREMIUM]","[PREMIUM]","[PREMIUM]","315","Section 315","10",6,"[]","2026-11-28 00:00:00","electronic","exchange",1,"[PREMIUM]","1,2,3,4,5,6"
"mxAs4YMNXPV","2026-08-15 23:58:37.216","2026-08-28 22:40:12.975","mxAs4YMNXPV","18377214","[PREMIUM]","[PREMIUM]","[PREMIUM]","307","Section 307","2",8,"['9','10','11','12','13','14','15','16']","2026-11-28 00:00:00","electronic","exchange",4,"[PREMIUM]","1,2,3,4,5,6,8"
"oV7HbEkknoj","2026-08-15 23:58:37.216","2026-08-23 22:47:35.123","oV7HbEkknoj","18377214","[PREMIUM]","[PREMIUM]","[PREMIUM]","306","Section 306","9",8,"[]","2026-11-28 00:00:00","electronic","exchange",0,"[PREMIUM]","1,2,3,4,5,6,7,8"
"pVXHDElwqPb","2026-08-15 23:58:37.216","2026-08-18 14:36:43.014","pVXHDElwqPb","18377214","[PREMIUM]","[PREMIUM]","[PREMIUM]","101","Section 101","12",4,"[]","2026-11-27 00:00:00","electronic","exchange",1,"[PREMIUM]","4"
"qVjH2VlaJYm","2026-08-15 23:58:37.216","2026-08-23 22:47:35.123","qVjH2VlaJYm","18377214","[PREMIUM]","[PREMIUM]","[PREMIUM]","110","Section 110","15",2,"[]","2026-11-28 00:00:00","electronic","exchange",2,"[PREMIUM]","2"
"qVjH2VlaLjb","2026-08-15 23:58:37.216","2026-08-19 12:00:55.413","qVjH2VlaLjb","18377214","[PREMIUM]","[PREMIUM]","[PREMIUM]","327","Section 327","12",8,"[]","2026-11-27 00:00:00","electronic","exchange",3,"[PREMIUM]","1,2,3,4,5,6,7,8"
"rVOHkRV0jr6","2026-08-15 23:58:37.216","2026-08-19 12:00:55.413","rVOHkRV0jr6","18377214","[PREMIUM]","[PREMIUM]","[PREMIUM]","315","Section 315","10",6,"[]","2026-11-27 00:00:00","electronic","exchange",5,"[PREMIUM]","2,3,4,5,6"
"vb3iPex53rD","2026-08-15 23:58:37.216","2026-08-19 12:00:55.413","vb3iPex53rD","18377214","[PREMIUM]","[PREMIUM]","[PREMIUM]","315","Section 315","10",6,"[]","2026-11-28 00:00:00","electronic","exchange",5,"[PREMIUM]","1,2,3,4,5,6"
"vb3iPexrYNV","2026-08-15 23:58:37.216","2026-08-19 12:00:55.413","vb3iPexrYNV","18377214","[PREMIUM]","[PREMIUM]","[PREMIUM]","303","Section 303","10",8,"[]","2026-11-27 00:00:00","electronic","exchange",3,"[PREMIUM]","1,2,3,4,5,6,7,8"
"w3Jsed7jkme","2026-08-15 23:58:37.216","2026-08-28 22:40:12.975","w3Jsed7jkme","18377214","[PREMIUM]","[PREMIUM]","[PREMIUM]","303","Section 303","4",4,"[]","2026-11-27 00:00:00","electronic","exchange",5,"[PREMIUM]","4"
"xb9imBdrakn","2026-08-15 23:58:37.216","2026-08-19 12:00:55.413","xb9imBdrakn","18377214","[PREMIUM]","[PREMIUM]","[PREMIUM]","104","Section 104","18",2,"[]","2026-11-28 00:00:00","electronic","exchange",3,"[PREMIUM]","2"
"z3Es6qK23kD","2026-08-15 23:58:37.216","2026-08-19 12:00:55.413","z3Es6qK23kD","18377214","[PREMIUM]","[PREMIUM]","[PREMIUM]","327","Section 327","12",11,"[]","2026-11-27 00:00:00","electronic","exchange",2,"[PREMIUM]","2,3,4,5,6,7,8,9,10,11"
"8lKt6Y4A2ep","2026-08-15 23:58:18.140","2026-08-28 11:21:35.370","8lKt6Y4A2ep","18377294","[PREMIUM]","[PREMIUM]","[PREMIUM]","102","Section 102","15",2,"[]","2026-11-30 00:00:00","electronic","exchange",1,"[PREMIUM]","2"
"GAaI62E2E0Y","2026-08-15 23:58:18.140","2026-08-15 23:58:18.140","GAaI62E2E0Y","18377294","[PREMIUM]","[PREMIUM]","[PREMIUM]","126","Section 126","19",2,"[]","2026-11-29 00:00:00","electronic","exchange",0,"[PREMIUM]","2"
"vb3iPexJPGj","2026-08-15 23:58:18.140","2026-08-22 23:39:44.987","vb3iPexJPGj","18377294","[PREMIUM]","[PREMIUM]","[PREMIUM]","126","Section 126","19",2,"[]","2026-11-30 00:00:00","electronic","exchange",1,"[PREMIUM]","2"
"z3Es6qKjRpN","2026-08-15 23:58:18.140","2026-08-28 11:21:35.370","z3Es6qKjRpN","18377294","[PREMIUM]","[PREMIUM]","[PREMIUM]","108","Section 108","3",2,"[]","2026-11-29 00:00:00","electronic","exchange",1,"[PREMIUM]","2"
"NrqUv4e03EO","2026-08-15 23:58:14.251","2026-08-28 22:40:25.685","NrqUv4e03EO","18376713","[PREMIUM]","[PREMIUM]","[PREMIUM]","PR07","Premier 7","2",4,"['8','9','10','11']","2026-11-27 00:00:00","electronic","exchange",1,"[PREMIUM]","2,4"
"YgJtk6L3oOg","2026-08-15 23:58:14.251","2026-08-28 22:40:25.685","YgJtk6L3oOg","18376713","[PREMIUM]","[PREMIUM]","[PREMIUM]","PR07","Premier 7","2",3,"[]","2026-11-27 00:00:00","electronic","exchange",1,"[PREMIUM]","3"
"qVjH2Vl6pqZ","2026-08-15 23:58:14.251","2026-08-28 22:40:25.685","qVjH2Vl6pqZ","18376713","[PREMIUM]","[PREMIUM]","[PREMIUM]","PR03","Premier 3","1",2,"['1','2']","2026-11-27 00:00:00","electronic","exchange",2,"[PREMIUM]","2"
"2v0cz3AeMpX","2026-08-15 23:58:07.740","2026-08-28 22:40:26.024","2v0cz3AeMpX","18376885","[PREMIUM]","[PREMIUM]","[PREMIUM]","222","Section 222","p",12,"['3','4','5','6','7','8','9','10','11','12','13','14']","2026-11-29 00:00:00","electronic","exchange",0,"[PREMIUM]","1,2,3,4,5,6,7,8,9,10,12"
"2v0cz3AeMM4","2026-08-15 23:58:07.740","2026-08-28 22:40:26.024","2v0cz3AeMM4","18376885","[PREMIUM]","[PREMIUM]","[PREMIUM]","222","Section 222","s",6,"[]","2026-11-29 00:00:00","electronic","exchange",0,"[PREMIUM]","1,2,3,4,6"
"4vXcj9DxJJO","2026-08-15 23:58:07.740","2026-08-28 22:40:26.024","4vXcj9DxJJO","18376885","[PREMIUM]","[PREMIUM]","[PREMIUM]","222","Section 222","p",12,"[]","2026-11-29 00:00:00","electronic","exchange",0,"[PREMIUM]","1,2,3,4,5,6,7,8,9,10,12"
"GAaI62ENVZk","2026-08-15 23:58:07.740","2026-08-28 22:40:26.024","GAaI62ENVZk","18376885","[PREMIUM]","[PREMIUM]","[PREMIUM]","222","Section 222","f",4,"['7','8','9','10']","2026-11-29 00:00:00","electronic","exchange",0,"[PREMIUM]","1,2,4"
"JABI39rNAZk","2026-08-15 23:58:07.740","2026-08-28 22:40:26.024","JABI39rNAZk","18376885","[PREMIUM]","[PREMIUM]","[PREMIUM]","222","Section 222","f",4,"[]","2026-11-29 00:00:00","electronic","exchange",0,"[PREMIUM]","2,4"
"lxVsdLnNjjm","2026-08-15 23:58:07.740","2026-08-28 22:40:26.024","lxVsdLnNjjm","18376885","[PREMIUM]","[PREMIUM]","[PREMIUM]","222","Section 222","s",6,"['5','6','7','8','9','10']","2026-11-29 00:00:00","electronic","exchange",0,"[PREMIUM]","1,2,3,4,6"
"7KntAlvaVMO","2026-08-15 23:58:01.754","2026-08-15 23:58:01.754","7KntAlvaVMO","18377786","[PREMIUM]","[PREMIUM]","[PREMIUM]","227","Section 227","3",2,"[]","2026-11-30 00:00:00","electronic","exchange",2,"[PREMIUM]","2"
"NrqUv4eqMZe","2026-08-15 23:58:01.754","2026-08-15 23:58:01.754","NrqUv4eqMZe","18377786","[PREMIUM]","[PREMIUM]","[PREMIUM]","213","Section 213","5",2,"[]","2026-11-30 00:00:00","electronic","exchange",2,"[PREMIUM]","2"
"b4wUaG7Zr3L","2026-08-15 23:58:01.754","2026-08-15 23:58:01.754","b4wUaG7Zr3L","18377786","[PREMIUM]","[PREMIUM]","[PREMIUM]","213","Section 213","5",2,"['5','6']","2026-11-30 00:00:00","electronic","exchange",2,"[PREMIUM]","2"
"kYet94783ow","2026-08-15 23:58:01.754","2026-08-15 23:58:01.754","kYet94783ow","18377786","[PREMIUM]","[PREMIUM]","[PREMIUM]","16","Section 16","20",2,"[]","2026-11-30 00:00:00","electronic","exchange",3,"[PREMIUM]","2"
"xb9imB5q98q","2026-08-15 23:58:01.754","2026-08-15 23:58:01.754","xb9imB5q98q","18377786","[PREMIUM]","[PREMIUM]","[PREMIUM]","227","Section 227","2",4,"['10','11','12','13']","2026-11-30 00:00:00","electronic","exchange",1,"[PREMIUM]","4"
"2v0cz3AXrzg","2026-08-15 23:57:58.274","2026-08-28 22:40:23.057","2v0cz3AXrzg","18378847","[PREMIUM]","[PREMIUM]","[PREMIUM]","417","Section 417","d",2,"[]","2026-11-29 00:00:00","electronic","exchange",3,"[PREMIUM]","2"
"3q7fNJR7a7x","2026-08-15 23:57:58.274","2026-08-23 22:48:07.794","3q7fNJR7a7x","18378847","[PREMIUM]","[PREMIUM]","[PREMIUM]","423","Section 423","n",6,"[]","2026-11-30 00:00:00","electronic","exchange",2,"[PREMIUM]","6"
"3q7fNJRw696","2026-08-15 23:57:58.274","2026-08-28 22:40:23.057","3q7fNJRw696","18378847","[PREMIUM]","[PREMIUM]","[PREMIUM]","411","Section 411","b",2,"['3','4']","2026-07-20 00:00:00","electronic","exchange",0,"[PREMIUM]","2"
"LbviLEemkm8","2026-08-15 23:57:58.274","2026-08-21 23:34:03.592","LbviLEemkm8","18378847","[PREMIUM]","[PREMIUM]","[PREMIUM]","416","Section 416","g",5,"[]","2026-11-30 00:00:00","electronic","exchange",2,"[PREMIUM]","5"
"YgJtk6LDXBb","2026-08-15 23:57:58.274","2026-08-23 22:48:07.794","YgJtk6LDXBb","18378847","[PREMIUM]","[PREMIUM]","[PREMIUM]","101","Section 101","p",4,"[]","2026-11-30 00:00:00","electronic","exchange",1,"[PREMIUM]","4"
"g48Urom8xlg","2026-08-15 23:57:58.274","2026-08-28 22:40:23.057","g48Urom8xlg","18378847","[PREMIUM]","[PREMIUM]","[PREMIUM]","101","Section 101","q",4,"[]","2026-11-29 00:00:00","electronic","exchange",1,"[PREMIUM]","4"
"nx0srMblrx6","2026-08-15 23:57:58.274","2026-08-15 23:57:58.274","nx0srMblrx6","18378847","[PREMIUM]","[PREMIUM]","[PREMIUM]","109","Section 109","h",2,"[]","2026-11-30 00:00:00","electronic","exchange",5,"[PREMIUM]","1,2"
"05VT8Kr29bo","2026-08-15 23:57:55.735","2026-08-15 23:57:55.735","05VT8Kr29bo","18378271","[PREMIUM]","[PREMIUM]","[PREMIUM]","01","Section 1","a",4,"[]","2026-11-30 00:00:00","electronic","exchange",0,"[PREMIUM]","4"
"3q7fNJRGP8q","2026-08-15 23:57:55.735","2026-08-28 22:40:22.809","3q7fNJRGP8q","18378271","[PREMIUM]","[PREMIUM]","[PREMIUM]","108","Section 108","g",3,"[]","2026-11-29 00:00:00","electronic","exchange",1,"[PREMIUM]","3"
"5EjuZ6GOEbK","2026-08-15 23:57:55.735","2026-08-28 22:40:22.809","5EjuZ6GOEbK","18378271","[PREMIUM]","[PREMIUM]","[PREMIUM]","115","Section 115","e",3,"[]","2026-11-29 00:00:00","electronic","exchange",0,"[PREMIUM]","3"
"5EjuZ6GB9k3","2026-08-15 23:57:55.735","2026-08-28 22:40:22.809","5EjuZ6GB9k3","18378271","[PREMIUM]","[PREMIUM]","[PREMIUM]","110","Section 110","j",2,"[]","2026-11-29 00:00:00","electronic","exchange",3,"[PREMIUM]","2"
"7KntAlv5v7D","2026-08-15 23:57:55.735","2026-08-15 23:57:55.735","7KntAlv5v7D","18378271","[PREMIUM]","[PREMIUM]","[PREMIUM]","06","Section 6","m",4,"[]","2026-11-30 00:00:00","electronic","exchange",5,"[PREMIUM]","4"
"7KntAlvLo44","2026-08-15 23:57:55.735","2026-08-25 22:44:41.263","7KntAlvLo44","18378271","[PREMIUM]","[PREMIUM]","[PREMIUM]","6","Section 6","p",3,"[]","2026-11-29 00:00:00","electronic","exchange",2,"[PREMIUM]","3"
"8lKt6Y4geYM","2026-08-15 23:57:55.735","2026-08-15 23:57:55.735","8lKt6Y4geYM","18378271","[PREMIUM]","[PREMIUM]","[PREMIUM]","215","Section 215","h",2,"[]","2026-11-30 00:00:00","electronic","exchange",5,"[PREMIUM]","2"
"8lKt6Y4K2x7","2026-08-15 23:57:55.735","2026-08-28 00:48:24.477","8lKt6Y4K2x7","18378271","[PREMIUM]","[PREMIUM]","[PREMIUM]","3","Section 3","q",2,"[]","2026-11-29 00:00:00","electronic","exchange",1,"[PREMIUM]","2"
"BALImXdL2ZK","2026-08-15 23:57:55.735","2026-08-28 22:40:22.809","BALImXdL2ZK","18378271","[PREMIUM]","[PREMIUM]","[PREMIUM]","06","Section 6","m",4,"[]","2026-11-29 00:00:00","electronic","exchange",3,"[PREMIUM]","4"
"DdwHkOaGA4P","2026-08-15 23:57:55.735","2026-08-19 12:06:29.191","DdwHkOaGA4P","18378271","[PREMIUM]","[PREMIUM]","[PREMIUM]","07","Section 7","w",4,"[]","2026-11-29 00:00:00","electronic","exchange",1,"[PREMIUM]","1,2,3,4"
"DdwHkOaoJN9","2026-08-15 23:57:55.735","2026-08-28 22:40:22.809","DdwHkOaoJN9","18378271","[PREMIUM]","[PREMIUM]","[PREMIUM]","105","Section 105","p",4,"[]","2026-11-29 00:00:00","electronic","exchange",3,"[PREMIUM]","4"
"DdwHkOaoJ9e","2026-08-15 23:57:55.735","2026-08-28 22:40:22.809","DdwHkOaoJ9e","18378271","[PREMIUM]","[PREMIUM]","[PREMIUM]","6","Section 6","g",4,"[]","2026-11-29 00:00:00","electronic","exchange",4,"[PREMIUM]","4"
"EroUXnkrBpA","2026-08-15 23:57:55.735","2026-08-28 22:40:22.809","EroUXnkrBpA","18378271","[PREMIUM]","[PREMIUM]","[PREMIUM]","108","Section 108","f",3,"[]","2026-11-29 00:00:00","electronic","exchange",2,"[PREMIUM]","3"
"GAaI62EDJ5g","2026-08-15 23:57:55.735","2026-08-15 23:57:55.735","GAaI62EDJ5g","18378271","[PREMIUM]","[PREMIUM]","[PREMIUM]","26","Section 26","r",2,"[]","2026-11-30 00:00:00","electronic","exchange",5,"[PREMIUM]","2"
"JABI39rd029","2026-08-15 23:57:55.735","2026-08-15 23:57:55.735","JABI39rd029","18378271","[PREMIUM]","[PREMIUM]","[PREMIUM]","213","Section 213","h",2,"[]","2026-11-30 00:00:00","electronic","exchange",5,"[PREMIUM]","2"
"JABI39rZ5vx","2026-08-15 23:57:55.735","2026-08-19 12:06:29.191","JABI39rZ5vx","18378271","[PREMIUM]","[PREMIUM]","[PREMIUM]","07","Section 7","w",4,"[]","2026-11-30 00:00:00","electronic","exchange",1,"[PREMIUM]","1,2,3,4"
"MAeIPl43EJM","2026-08-15 23:57:55.735","2026-08-28 22:40:22.809","MAeIPl43EJM","18378271","[PREMIUM]","[PREMIUM]","[PREMIUM]","21","Section 21","d",2,"['7','8']","2026-09-10 00:00:00","electronic","exchange",1,"[PREMIUM]","2"
"O7AhwrL32dg","2026-08-15 23:57:55.735","2026-08-19 12:06:29.191","O7AhwrL32dg","18378271","[PREMIUM]","[PREMIUM]","[PREMIUM]","101","Section 101","b",2,"[]","2026-11-29 00:00:00","electronic","exchange",0,"[PREMIUM]","2"
"ROXHzwbgaa7","2026-08-15 23:57:55.735","2026-08-28 22:40:22.809","ROXHzwbgaa7","18378271","[PREMIUM]","[PREMIUM]","[PREMIUM]","215","Section 215","c",2,"[]","2026-11-29 00:00:00","electronic","exchange",4,"[PREMIUM]","2"
"V4KU0MBwMnP","2026-08-15 23:57:55.735","2026-08-28 22:40:22.809","V4KU0MBwMnP","18378271","[PREMIUM]","[PREMIUM]","[PREMIUM]","118","Section 118","q",3,"[]","2026-11-29 00:00:00","electronic","exchange",3,"[PREMIUM]","3"
"X03tKjv23RA","2026-08-15 23:57:55.735","2026-08-28 22:40:22.809","X03tKjv23RA","18378271","[PREMIUM]","[PREMIUM]","[PREMIUM]","108","Section 108","d",3,"[]","2026-11-29 00:00:00","electronic","exchange",2,"[PREMIUM]","3"
"agktlDZAD0M","2026-08-15 23:57:55.735","2026-08-28 22:40:22.809","agktlDZAD0M","18378271","[PREMIUM]","[PREMIUM]","[PREMIUM]","226","Section 226","l",5,"[]","2026-11-29 00:00:00","electronic","exchange",2,"[PREMIUM]","5"
"b4wUaG7pqNK","2026-08-15 23:57:55.735","2026-08-19 12:06:29.191","b4wUaG7pqNK","18378271","[PREMIUM]","[PREMIUM]","[PREMIUM]","07","Section 7","w",4,"[]","2026-11-29 00:00:00","electronic","exchange",1,"[PREMIUM]","1,2,3,4"
"g48UromLoxX","2026-08-15 23:57:55.735","2026-08-15 23:57:55.735","g48UromLoxX","18378271","[PREMIUM]","[PREMIUM]","[PREMIUM]","123","Section 123","q",4,"[]","2026-11-30 00:00:00","electronic","exchange",5,"[PREMIUM]","4"
"g48UromB385","2026-08-15 23:57:55.735","2026-08-15 23:57:55.735","g48UromB385","18378271","[PREMIUM]","[PREMIUM]","[PREMIUM]","13","Section 13","k",2,"[]","2026-11-30 00:00:00","electronic","exchange",4,"[PREMIUM]","2"
"jDvsz7NGDPE","2026-08-15 23:57:55.735","2026-08-15 23:57:55.735","jDvsz7NGDPE","18378271","[PREMIUM]","[PREMIUM]","[PREMIUM]","215","Section 215","g",2,"[]","2026-11-30 00:00:00","electronic","exchange",4,"[PREMIUM]","2"
"kYet947YpAq","2026-08-15 23:57:55.735","2026-08-15 23:57:55.735","kYet947YpAq","18378271","[PREMIUM]","[PREMIUM]","[PREMIUM]","226","Section 226","g",2,"[]","2026-11-30 00:00:00","electronic","exchange",2,"[PREMIUM]","2"
"oV7HbEkvMpN","2026-08-15 23:57:55.735","2026-08-28 22:40:22.809","oV7HbEkvMpN","18378271","[PREMIUM]","[PREMIUM]","[PREMIUM]","06","Section 6","w",2,"[]","2026-11-30 00:00:00","electronic","exchange",1,"[PREMIUM]","2"
"rVOHkRVgmGP","2026-08-15 23:57:55.735","2026-08-15 23:57:55.735","rVOHkRVgmGP","18378271","[PREMIUM]","[PREMIUM]","[PREMIUM]","26","Section 26","z",2,"[]","2026-11-30 00:00:00","electronic","exchange",5,"[PREMIUM]","2"
"xb9imBd78eo","2026-08-15 23:57:55.735","2026-08-28 22:40:22.809","xb9imBd78eo","18378271","[PREMIUM]","[PREMIUM]","[PREMIUM]","8","Section 8","f",2,"[]","2026-11-29 00:00:00","electronic","exchange",1,"[PREMIUM]","2"
"z3Es6qKG4a5","2026-08-15 23:57:55.735","2026-08-28 22:40:22.809","z3Es6qKG4a5","18378271","[PREMIUM]","[PREMIUM]","[PREMIUM]","1","Section 1","h",4,"[]","2026-11-29 00:00:00","electronic","exchange",2,"[PREMIUM]","4"
"BALImXdAJ5Z","2026-08-15 23:57:45.384","2026-08-16 22:28:33.735","BALImXdAJ5Z","18377619","[PREMIUM]","[PREMIUM]","[PREMIUM]","211","Section 211","13",4,"['1','2','3','4']","2026-11-29 00:00:00","electronic","exchange",1,"[PREMIUM]","4"
"LbviLEeAPVP","2026-08-15 23:57:42.673","2026-08-28 22:40:17.916","LbviLEeAPVP","18378024","[PREMIUM]","[PREMIUM]","[PREMIUM]","112","Section 112","d",2,"[]","2026-11-29 00:00:00","electronic","exchange",0,"[PREMIUM]","2"
"agktlDZjKAk","2026-08-15 23:57:42.673","2026-08-20 23:38:35.528","agktlDZjKAk","18378024","[PREMIUM]","[PREMIUM]","[PREMIUM]","113","Section 113","h",2,"[]","2026-11-29 00:00:00","electronic","exchange",1,"[PREMIUM]","2"
"2v0cz3BV4aM","2026-08-15 23:57:39.202","2026-08-21 23:32:19.904","2v0cz3BV4aM","18378520","[PREMIUM]","[PREMIUM]","[PREMIUM]","LOGE19","Section Loge 19","26",2,"[]","2026-11-27 00:00:00","electronic","exchange",1,"[PREMIUM]","2"
"4vXcj9Dk5Rq","2026-08-15 23:57:39.202","2026-08-28 22:40:11.450","4vXcj9Dk5Rq","18378520","[PREMIUM]","[PREMIUM]","[PREMIUM]","LOGE19","Section Loge 19","1",2,"['1','2']","2026-11-28 00:00:00","electronic","exchange",5,"[PREMIUM]","2"
"6mOhkAqaA6a","2026-08-15 23:57:39.202","2026-08-28 22:40:11.450","6mOhkAqaA6a","18378520","[PREMIUM]","[PREMIUM]","[PREMIUM]","LOGE12","Section Loge 12","9",4,"[]","2026-11-27 00:00:00","electronic","exchange",2,"[PREMIUM]","4"
"6mOhkAqEj58","2026-08-15 23:57:39.202","2026-08-28 22:40:11.450","6mOhkAqEj58","18378520","[PREMIUM]","[PREMIUM]","[PREMIUM]","LOGE16","Section Loge 16","9",3,"[]","2026-11-27 00:00:00","electronic","exchange",3,"[PREMIUM]","3"
"A6rs27bA7lV","2026-08-15 23:57:39.202","2026-08-28 22:40:11.450","A6rs27bA7lV","18378520","[PREMIUM]","[PREMIUM]","[PREMIUM]","BAL303","Balcony 303","8",4,"[]","2026-11-27 00:00:00","electronic","exchange",2,"[PREMIUM]","4"
"A6rs27bA75V","2026-08-15 23:57:39.202","2026-08-28 22:40:11.450","A6rs27bA75V","18378520","[PREMIUM]","[PREMIUM]","[PREMIUM]","LOGE17","Section Loge 17","15",4,"[]","2026-11-27 00:00:00","electronic","exchange",3,"[PREMIUM]","4"
"BALImXdYLZv","2026-08-15 23:57:39.202","2026-08-28 22:40:11.450","BALImXdYLZv","18378520","[PREMIUM]","[PREMIUM]","[PREMIUM]","LOGE9","Section Loge 9","7",4,"[]","2026-11-27 00:00:00","electronic","exchange",2,"[PREMIUM]","4"
"EroUXnkd4x5","2026-08-15 23:57:39.202","2026-08-28 22:40:11.450","EroUXnkd4x5","18378520","[PREMIUM]","[PREMIUM]","[PREMIUM]","LOGE18","Section Loge 18","9",2,"['3','4']","2026-07-20 00:00:00","electronic","exchange",0,"[PREMIUM]","2"
"EroUXnk7wKk","2026-08-15 23:57:39.202","2026-08-28 22:40:11.450","EroUXnk7wKk","18378520","[PREMIUM]","[PREMIUM]","[PREMIUM]","BAL328","Balcony 328","8",4,"[]","2026-11-27 00:00:00","electronic","exchange",2,"[PREMIUM]","4"
"GAaI62EjwAX","2026-08-15 23:57:39.202","2026-08-19 12:01:04.611","GAaI62EjwAX","18378520","[PREMIUM]","[PREMIUM]","[PREMIUM]","BAL323","Balcony 323","15",2,"[]","2026-11-27 00:00:00","electronic","exchange",4,"[PREMIUM]","2"
"GAaI62Ejw9B","2026-08-15 23:57:39.202","2026-08-28 22:40:11.450","GAaI62Ejw9B","18378520","[PREMIUM]","[PREMIUM]","[PREMIUM]","BAL314","Balcony 314","5",2,"[]","2026-11-27 00:00:00","electronic","exchange",1,"[PREMIUM]","2"
"JABI39rKLoK","2026-08-15 23:57:39.202","2026-08-28 22:40:11.450","JABI39rKLoK","18378520","[PREMIUM]","[PREMIUM]","[PREMIUM]","BAL315","Balcony 315","4",2,"[]","2026-11-27 00:00:00","electronic","exchange",2,"[PREMIUM]","2"
"PX0sgL39Lvw","2026-08-15 23:57:39.202","2026-08-28 22:40:11.450","PX0sgL39Lvw","18378520","[PREMIUM]","[PREMIUM]","[PREMIUM]","LOGE3","Section Loge 3","13",4,"[]","2026-11-27 00:00:00","electronic","exchange",3,"[PREMIUM]","4"
"V4KU0MBw69v","2026-08-15 23:57:39.202","2026-08-20 23:38:23.427","V4KU0MBw69v","18378520","[PREMIUM]","[PREMIUM]","[PREMIUM]","BAL309","Balcony 309","5",2,"[]","2026-11-27 00:00:00","electronic","exchange",3,"[PREMIUM]","2"
"YgJtk6L76n4","2026-08-15 23:57:39.202","2026-08-19 12:01:04.611","YgJtk6L76n4","18378520","[PREMIUM]","[PREMIUM]","[PREMIUM]","LOGE21","Section Loge 21","5",1,"[]","2026-11-27 00:00:00","electronic","exchange",4,"[PREMIUM]","1"
"Zm9hvwG5Yjv","2026-08-15 23:57:39.202","2026-08-25 22:44:27.677","Zm9hvwG5Yjv","18378520","[PREMIUM]","[PREMIUM]","[PREMIUM]","LOGE1","Section Loge 1","12",4,"[]","2026-11-27 00:00:00","electronic","exchange",3,"[PREMIUM]","4"
"agktlDZ7pxA","2026-08-15 23:57:39.202","2026-08-28 22:40:11.450","agktlDZ7pxA","18378520","[PREMIUM]","[PREMIUM]","[PREMIUM]","BAL306","Balcony 306","7",2,"[]","2026-11-27 00:00:00","electronic","exchange",4,"[PREMIUM]","2"
"eeacK2qP3g3","2026-08-15 23:57:39.202","2026-08-24 23:35:08.273","eeacK2qP3g3","18378520","[PREMIUM]","[PREMIUM]","[PREMIUM]","BAL317","Balcony 317","5",4,"[]","2026-11-27 00:00:00","electronic","exchange",2,"[PREMIUM]","4"
"g48UromqwPE","2026-08-15 23:57:39.202","2026-08-28 22:40:11.450","g48UromqwPE","18378520","[PREMIUM]","[PREMIUM]","[PREMIUM]","LOGE3","Section Loge 3","12",2,"[]","2026-11-27 00:00:00","electronic","exchange",3,"[PREMIUM]","2"
"lxVsdLnrL88","2026-08-15 23:57:39.202","2026-08-23 22:47:39.279","lxVsdLnrL88","18378520","[PREMIUM]","[PREMIUM]","[PREMIUM]","LOGE18","Section Loge 18","13",2,"[]","2026-11-27 00:00:00","electronic","exchange",2,"[PREMIUM]","2"
"lxVsdLnx0ek","2026-08-15 23:57:39.202","2026-08-19 12:01:04.611","lxVsdLnx0ek","18378520","[PREMIUM]","[PREMIUM]","[PREMIUM]","LOGE1","Section Loge 1","6",2,"[]","2026-11-27 00:00:00","electronic","exchange",1,"[PREMIUM]","2"
"mxAs4YMw8A4","2026-08-15 23:57:39.202","2026-08-28 22:40:11.450","mxAs4YMw8A4","18378520","[PREMIUM]","[PREMIUM]","[PREMIUM]","LOGE18","Section Loge 18","1",3,"['8','9','10']","2026-11-28 00:00:00","electronic","exchange",5,"[PREMIUM]","3"
"oV7HbEk2E5m","2026-08-15 23:57:39.202","2026-08-24 23:35:08.273","oV7HbEk2E5m","18378520","[PREMIUM]","[PREMIUM]","[PREMIUM]","LOGE11","Section Loge 11","4",4,"[]","2026-11-27 00:00:00","electronic","exchange",1,"[PREMIUM]","4"
"pVXHDElbLod","2026-08-15 23:57:39.202","2026-08-16 22:28:31.539","pVXHDElbLod","18378520","[PREMIUM]","[PREMIUM]","[PREMIUM]","LOGE9","Section Loge 9","5",2,"[]","2026-11-27 00:00:00","electronic","exchange",2,"[PREMIUM]","2"
"pVXHDElAExj","2026-08-15 23:57:39.202","2026-08-28 22:40:11.450","pVXHDElAExj","18378520","[PREMIUM]","[PREMIUM]","[PREMIUM]","LOGE19","Section Loge 19","18",4,"[]","2026-11-27 00:00:00","electronic","exchange",3,"[PREMIUM]","4"
"qVjH2Vl4Rv9","2026-08-15 23:57:39.202","2026-08-21 23:32:19.904","qVjH2Vl4Rv9","18378520","[PREMIUM]","[PREMIUM]","[PREMIUM]","BAL313","Balcony 313","6",2,"[]","2026-11-27 00:00:00","electronic","exchange",2,"[PREMIUM]","2"
"rVOHkRVj0G5","2026-08-15 23:57:39.202","2026-08-28 22:40:11.450","rVOHkRVj0G5","18378520","[PREMIUM]","[PREMIUM]","[PREMIUM]","BAL309","Balcony 309","11",4,"[]","2026-11-27 00:00:00","electronic","exchange",4,"[PREMIUM]","4"
"3q7fNJRpDKL","2026-08-15 23:57:29.778","2026-08-28 22:40:01.143","3q7fNJRpDKL","18377047","[PREMIUM]","[PREMIUM]","[PREMIUM]","334","Section 334","10",2,"[]","2026-11-27 00:00:00","electronic","exchange",2,"[PREMIUM]","2"
"DdwHkOaD9aD","2026-08-15 23:57:29.778","2026-08-15 23:57:29.778","DdwHkOaD9aD","18377047","[PREMIUM]","[PREMIUM]","[PREMIUM]","334","Section 334","11",6,"[]","2026-11-27 00:00:00","electronic","exchange",1,"[PREMIUM]","1,2,3,4,5,6"
"Kezcz6BJj0r","2026-08-15 23:57:29.778","2026-08-15 23:57:29.778","Kezcz6BJj0r","18377047","[PREMIUM]","[PREMIUM]","[PREMIUM]","324","Section 324","10",8,"[]","2026-11-27 00:00:00","electronic","exchange",2,"[PREMIUM]","1,2,3,4,5,6,7,8"
"LbviLEeZnNb","2026-08-15 23:57:29.778","2026-08-16 22:28:22.077","LbviLEeZnNb","18377047","[PREMIUM]","[PREMIUM]","[PREMIUM]","312","Section 312","11",6,"[]","2026-11-27 00:00:00","electronic","exchange",1,"[PREMIUM]","1,2,3,4,5,6"
"MAeIPl4nYX8","2026-08-15 23:57:29.778","2026-08-27 00:20:17.228","MAeIPl4nYX8","18377047","[PREMIUM]","[PREMIUM]","[PREMIUM]","134","Section 134","19",4,"[]","2026-11-27 00:00:00","electronic","exchange",2,"[PREMIUM]","1,2,3,4"
"PX0sgL3w7a6","2026-08-15 23:57:29.778","2026-08-20 23:36:21.807","PX0sgL3w7a6","18377047","[PREMIUM]","[PREMIUM]","[PREMIUM]","319","Section 319","3",8,"[]","2026-11-27 00:00:00","electronic","exchange",5,"[PREMIUM]","1,2,3,4,5,6,7,8"
"PX0sgL36Y33","2026-08-15 23:57:29.778","2026-08-28 22:40:01.143","PX0sgL36Y33","18377047","[PREMIUM]","[PREMIUM]","[PREMIUM]","378","Section 378","10",3,"[]","2026-11-27 00:00:00","electronic","exchange",2,"[PREMIUM]","1,2,3"
"ROXHzwbxj9p","2026-08-15 23:57:29.778","2026-08-27 00:20:17.228","ROXHzwbxj9p","18377047","[PREMIUM]","[PREMIUM]","[PREMIUM]","118","Section 118","20",2,"[]","2026-11-27 00:00:00","electronic","exchange",2,"[PREMIUM]","2"
"ROXHzwbJYbG","2026-08-15 23:57:29.778","2026-08-28 22:40:01.143","ROXHzwbJYbG","18377047","[PREMIUM]","[PREMIUM]","[PREMIUM]","380","Section 380","11",3,"[]","2026-11-27 00:00:00","electronic","exchange",1,"[PREMIUM]","1,2,3"
"YgJtk6LKYPg","2026-08-15 23:57:29.778","2026-08-28 22:40:01.143","YgJtk6LKYPg","18377047","[PREMIUM]","[PREMIUM]","[PREMIUM]","378","Section 378","7",3,"[]","2026-11-27 00:00:00","electronic","exchange",5,"[PREMIUM]","1,2,3"
"Zm9hvwGPYR4","2026-08-15 23:57:29.778","2026-08-28 22:40:01.143","Zm9hvwGPYR4","18377047","[PREMIUM]","[PREMIUM]","[PREMIUM]","361","Section 361","3",3,"[]","2026-11-27 00:00:00","electronic","exchange",5,"[PREMIUM]","1,2,3"
"b4wUaG7vYPw","2026-08-15 23:57:29.778","2026-08-28 22:40:01.143","b4wUaG7vYPw","18377047","[PREMIUM]","[PREMIUM]","[PREMIUM]","306","Section 306","10",3,"[]","2026-11-27 00:00:00","electronic","exchange",2,"[PREMIUM]","1,2,3"
"dNgUg6q5VjX","2026-08-15 23:57:29.778","2026-08-25 22:44:16.578","dNgUg6q5VjX","18377047","[PREMIUM]","[PREMIUM]","[PREMIUM]","310","Section 310","8",2,"[]","2026-11-27 00:00:00","electronic","exchange",1,"[PREMIUM]","2"
"dNgUg6qNYdm","2026-08-15 23:57:29.778","2026-08-28 22:40:01.143","dNgUg6qNYdm","18377047","[PREMIUM]","[PREMIUM]","[PREMIUM]","346","Section 346","10",3,"[]","2026-11-27 00:00:00","electronic","exchange",2,"[PREMIUM]","1,2,3"
"eeacK2qna7M","2026-08-15 23:57:29.778","2026-08-28 22:40:01.143","eeacK2qna7M","18377047","[PREMIUM]","[PREMIUM]","[PREMIUM]","238","Section 238","2",2,"[]","2026-11-26 00:00:00","electronic","exchange",0,"[PREMIUM]","2"
"kYet94730je","2026-08-15 23:57:29.778","2026-08-23 22:47:28.574","kYet94730je","18377047","[PREMIUM]","[PREMIUM]","[PREMIUM]","146","Section 146","16",4,"[]","2026-11-27 00:00:00","electronic","exchange",2,"[PREMIUM]","1,2,3,4"
"mxAs4YMGlMm","2026-08-15 23:57:29.778","2026-08-15 23:57:29.778","mxAs4YMGlMm","18377047","[PREMIUM]","[PREMIUM]","[PREMIUM]","112","Section 112","9",3,"[]","2026-11-27 00:00:00","electronic","exchange",0,"[PREMIUM]","1,2,3"
"nx0srMbDGA2","2026-08-15 23:57:29.778","2026-08-15 23:57:29.778","nx0srMbDGA2","18377047","[PREMIUM]","[PREMIUM]","[PREMIUM]","316","Section 316","13",4,"[]","2026-11-27 00:00:00","electronic","exchange",2,"[PREMIUM]","1,2,3,4"
"pVXHDElZL9a","2026-08-15 23:57:29.778","2026-08-28 22:40:01.143","pVXHDElZL9a","18377047","[PREMIUM]","[PREMIUM]","[PREMIUM]","313","Section 313","3",3,"[]","2026-11-27 00:00:00","electronic","exchange",5,"[PREMIUM]","1,2,3"
"rVOHkRVVB3R","2026-08-15 23:57:29.778","2026-08-19 11:59:58.574","rVOHkRVVB3R","18377047","[PREMIUM]","[PREMIUM]","[PREMIUM]","102","Section 102","11",2,"[]","2026-11-26 00:00:00","electronic","exchange",5,"[PREMIUM]","2"
"rVOHkRVxa2o","2026-08-15 23:57:29.778","2026-08-28 22:40:01.143","rVOHkRVxa2o","18377047","[PREMIUM]","[PREMIUM]","[PREMIUM]","148","Section 148","4",3,"[]","2026-11-27 00:00:00","electronic","exchange",2,"[PREMIUM]","1,2,3"
"rVOHkRV2laq","2026-08-15 23:57:29.778","2026-08-28 22:40:01.143","rVOHkRV2laq","18377047","[PREMIUM]","[PREMIUM]","[PREMIUM]","312","Section 312","14",3,"[]","2026-11-27 00:00:00","electronic","exchange",2,"[PREMIUM]","1,2,3"
"w3JsedPORbr","2026-08-15 23:57:29.778","2026-08-15 23:57:29.778","w3JsedPORbr","18377047","[PREMIUM]","[PREMIUM]","[PREMIUM]","358","Section 358","11",4,"[]","2026-11-26 00:00:00","electronic","exchange",2,"[PREMIUM]","4"
"xb9imBdAgqm","2026-08-15 23:57:29.778","2026-08-25 22:44:16.578","xb9imBdAgqm","18377047","[PREMIUM]","[PREMIUM]","[PREMIUM]","357","Section 357","1",3,"[]","2026-11-27 00:00:00","electronic","exchange",3,"[PREMIUM]","1,2,3"
"lxVsdLn7aNP","2026-08-15 23:57:16.154","2026-08-28 11:15:42.910","lxVsdLn7aNP","18376960","[PREMIUM]","[PREMIUM]","[PREMIUM]","323","Section 323","10",4,"['17','18','19','20']","2026-11-26 00:00:00","electronic","exchange",0,"[PREMIUM]","1,2,4"
"oV7HbEk5bDl","2026-08-15 23:57:16.154","2026-08-28 11:15:42.910","oV7HbEk5bDl","18376960","[PREMIUM]","[PREMIUM]","[PREMIUM]","113","Section 113","29",3,"['3','4','5']","2026-11-26 00:00:00","electronic","exchange",0,"[PREMIUM]","1,3"
"7KntAlvzNG3","2026-08-15 23:55:52.397","2026-08-28 22:40:06.625","7KntAlvzNG3","18378353","[PREMIUM]","[PREMIUM]","[PREMIUM]","102","Section 102","3",2,"[]","2026-11-26 00:00:00","electronic","exchange",0,"[PREMIUM]","2"
"EroUXnkkwKG","2026-08-15 23:55:52.397","2026-08-28 22:40:06.625","EroUXnkkwKG","18378353","[PREMIUM]","[PREMIUM]","[PREMIUM]","111","Section 111","6",4,"['6','7','8','9']","2026-11-27 00:00:00","electronic","exchange",0,"[PREMIUM]","1,2,4"
"jDvsz7NovON","2026-08-15 23:55:52.397","2026-08-18 17:24:07.993","jDvsz7NovON","18378353","[PREMIUM]","[PREMIUM]","[PREMIUM]","Revolutionary Row","Revolutionary Row","1",5,"['109','110','111','112','113']","2026-11-27 00:00:00","electronic","exchange",2,"[PREMIUM]","1,2,3,5"
"3q7fNJR3Brr","2026-08-15 23:55:48.981","2026-08-18 14:36:23.333","3q7fNJR3Brr","18378022","[PREMIUM]","[PREMIUM]","[PREMIUM]","116","Section 116","j",6,"[]","2026-11-27 00:00:00","electronic","exchange",0,"[PREMIUM]","1,2,3,4,5,6"
"5EjuZ6G7XBk","2026-08-15 23:55:48.981","2026-08-28 22:39:59.994","5EjuZ6G7XBk","18378022","[PREMIUM]","[PREMIUM]","[PREMIUM]","206","Section 206","b",8,"[]","2026-11-27 00:00:00","electronic","exchange",0,"[PREMIUM]","1,2,3,4,5,6,7,8"
"8lKt6Y4oaDe","2026-08-15 23:55:48.981","2026-08-16 22:28:13.408","8lKt6Y4oaDe","18378022","[PREMIUM]","[PREMIUM]","[PREMIUM]","101","Section 101","l",2,"[]","2026-11-27 00:00:00","electronic","exchange",0,"[PREMIUM]","1,2"
"jDvsz7NAejj","2026-08-15 23:55:48.981","2026-08-19 12:00:05.346","jDvsz7NAejj","18378022","[PREMIUM]","[PREMIUM]","[PREMIUM]","202","Section 202","c",4,"[]","2026-11-27 00:00:00","electronic","exchange",1,"[PREMIUM]","1,2,4"
"nx0srMbl5ox","2026-08-15 23:55:48.981","2026-08-19 12:00:05.346","nx0srMbl5ox","18378022","[PREMIUM]","[PREMIUM]","[PREMIUM]","116","Section 116","j",6,"[]","2026-11-26 00:00:00","electronic","exchange",1,"[PREMIUM]","1,2,3,4,5,6"
"pVXHDElRnmo","2026-08-15 23:55:48.981","2026-08-19 12:00:05.346","pVXHDElRnmo","18378022","[PREMIUM]","[PREMIUM]","[PREMIUM]","202","Section 202","b",4,"[]","2026-11-27 00:00:00","electronic","exchange",2,"[PREMIUM]","1,2,3,4"
"xb9imBdPq3q","2026-08-15 23:55:48.981","2026-08-19 12:00:05.346","xb9imBdPq3q","18378022","[PREMIUM]","[PREMIUM]","[PREMIUM]","119","Section 119","k",4,"[]","2026-11-26 00:00:00","electronic","exchange",2,"[PREMIUM]","1,2,3,4"
"05VT8KrOwqq","2026-08-15 23:55:48.719","2026-08-16 12:34:12.842","05VT8KrOwqq","18377784","[PREMIUM]","[PREMIUM]","[PREMIUM]","116","Section 116","1",2,"[]","2026-11-27 00:00:00","electronic","exchange",2,"[PREMIUM]","2"
"05VT8KrOkkv","2026-08-15 23:55:48.719","2026-08-21 23:33:41.358","05VT8KrOkkv","18377784","[PREMIUM]","[PREMIUM]","[PREMIUM]","131","Section 131","4",2,"[]","2026-11-27 00:00:00","electronic","exchange",3,"[PREMIUM]","2"
"2v0cz3ArEBn","2026-08-15 23:55:48.719","2026-08-16 12:34:12.842","2v0cz3ArEBn","18377784","[PREMIUM]","[PREMIUM]","[PREMIUM]","121","Section 121","7",4,"[]","2026-11-27 00:00:00","electronic","exchange",5,"[PREMIUM]","4"
"2v0cz3Ar70b","2026-08-15 23:55:48.719","2026-08-21 23:33:41.358","2v0cz3Ar70b","18377784","[PREMIUM]","[PREMIUM]","[PREMIUM]","212","Section 212","3",2,"[]","2026-11-27 00:00:00","electronic","exchange",4,"[PREMIUM]","2"
"3q7fNJRoMaG","2026-08-15 23:55:48.719","2026-08-16 12:34:12.842","3q7fNJRoMaG","18377784","[PREMIUM]","[PREMIUM]","[PREMIUM]","210","Section 210","3",2,"[]","2026-11-27 00:00:00","electronic","exchange",2,"[PREMIUM]","2"
"3q7fNJRoVB2","2026-08-15 23:55:48.719","2026-08-21 23:33:41.358","3q7fNJRoVB2","18377784","[PREMIUM]","[PREMIUM]","[PREMIUM]","130","Section 130","4",2,"[]","2026-11-27 00:00:00","electronic","exchange",3,"[PREMIUM]","2"
"3q7fNJRoZM3","2026-08-15 23:55:48.719","2026-08-21 23:33:41.358","3q7fNJRoZM3","18377784","[PREMIUM]","[PREMIUM]","[PREMIUM]","118","Section 118","7",2,"[]","2026-11-27 00:00:00","electronic","exchange",3,"[PREMIUM]","2"
"4vXcj9D04JK","2026-08-15 23:55:48.719","2026-08-21 23:33:41.358","4vXcj9D04JK","18377784","[PREMIUM]","[PREMIUM]","[PREMIUM]","RST2","Restaurant Ledge 2","b",2,"[]","2026-11-27 00:00:00","electronic","exchange",2,"[PREMIUM]","2"
"4vXcj9D04RZ","2026-08-15 23:55:48.719","2026-08-18 14:41:47.663","4vXcj9D04RZ","18377784","[PREMIUM]","[PREMIUM]","[PREMIUM]","104","Section 104","1",3,"[]","2026-11-27 00:00:00","electronic","exchange",3,"[PREMIUM]","3"
"4vXcj9D04V6","2026-08-15 23:55:48.719","2026-08-21 23:33:41.358","4vXcj9D04V6","18377784","[PREMIUM]","[PREMIUM]","[PREMIUM]","PL6","Section PL 6","2",3,"[]","2026-11-27 00:00:00","electronic","exchange",3,"[PREMIUM]","3"
"4vXcj9D04nB","2026-08-15 23:55:48.719","2026-08-20 23:42:43.782","4vXcj9D04nB","18377784","[PREMIUM]","[PREMIUM]","[PREMIUM]","PL13","Section PL 13","2",2,"[]","2026-11-27 00:00:00","electronic","exchange",5,"[PREMIUM]","2"
"4vXcj9D0gjd","2026-08-15 23:55:48.719","2026-08-21 23:33:41.358","4vXcj9D0gjd","18377784","[PREMIUM]","[PREMIUM]","[PREMIUM]","4","Section 4","9",4,"[]","2026-11-27 00:00:00","electronic","exchange",5,"[PREMIUM]","4"
"5EjuZ6Gd9gE","2026-08-15 23:55:48.719","2026-08-21 23:33:41.358","5EjuZ6Gd9gE","18377784","[PREMIUM]","[PREMIUM]","[PREMIUM]","102","Section 102","3",2,"[]","2026-11-27 00:00:00","electronic","exchange",4,"[PREMIUM]","2"
"5EjuZ6GdPBR","2026-08-15 23:55:48.719","2026-08-21 23:33:41.358","5EjuZ6GdPBR","18377784","[PREMIUM]","[PREMIUM]","[PREMIUM]","13","Section 13","8",4,"[]","2026-11-27 00:00:00","electronic","exchange",5,"[PREMIUM]","4"
"6mOhkAqjNY4","2026-08-15 23:55:48.719","2026-08-21 23:33:41.358","6mOhkAqjNY4","18377784","[PREMIUM]","[PREMIUM]","[PREMIUM]","6","Section 6","9",4,"[]","2026-11-27 00:00:00","electronic","exchange",5,"[PREMIUM]","4"
"6mOhkAqjxk2","2026-08-15 23:55:48.719","2026-08-18 14:41:47.663","6mOhkAqjxk2","18377784","[PREMIUM]","[PREMIUM]","[PREMIUM]","RST4","Restaurant Ledge 4","b",2,"[]","2026-11-27 00:00:00","electronic","exchange",3,"[PREMIUM]","2"
"6mOhkAqj3K3","2026-08-15 23:55:48.719","2026-08-21 23:33:41.358","6mOhkAqj3K3","18377784","[PREMIUM]","[PREMIUM]","[PREMIUM]","126","Section 126","5",2,"[]","2026-11-27 00:00:00","electronic","exchange",4,"[PREMIUM]","2"
"6mOhkAqj3gR","2026-08-15 23:55:48.719","2026-08-19 12:02:44.160","6mOhkAqj3gR","18377784","[PREMIUM]","[PREMIUM]","[PREMIUM]","211","Section 211","5",2,"[]","2026-11-27 00:00:00","electronic","exchange",2,"[PREMIUM]","2"
"7KntAlv2o3b","2026-08-15 23:55:48.719","2026-08-21 23:33:41.358","7KntAlv2o3b","18377784","[PREMIUM]","[PREMIUM]","[PREMIUM]","PL19","Section PL 19","3",4,"[]","2026-11-27 00:00:00","electronic","exchange",0,"[PREMIUM]","4"
"7KntAlv2X5n","2026-08-15 23:55:48.719","2026-08-21 23:33:41.358","7KntAlv2X5n","18377784","[PREMIUM]","[PREMIUM]","[PREMIUM]","120","Section 120","3",2,"[]","2026-11-27 00:00:00","electronic","exchange",2,"[PREMIUM]","2"
"7KntAlv2PNJ","2026-08-15 23:55:48.719","2026-08-21 23:33:41.358","7KntAlv2PNJ","18377784","[PREMIUM]","[PREMIUM]","[PREMIUM]","1","Section 1","14",2,"[]","2026-11-27 00:00:00","electronic","exchange",5,"[PREMIUM]","2"
"8lKt6Y4j28m","2026-08-15 23:55:48.719","2026-08-21 23:33:41.358","8lKt6Y4j28m","18377784","[PREMIUM]","[PREMIUM]","[PREMIUM]","22","Section 22","8",2,"[]","2026-11-27 00:00:00","electronic","exchange",5,"[PREMIUM]","2"
"8lKt6Y4j2Dd","2026-08-15 23:55:48.719","2026-08-19 12:02:44.160","8lKt6Y4j2Dd","18377784","[PREMIUM]","[PREMIUM]","[PREMIUM]","213","Section 213","2",3,"[]","2026-11-27 00:00:00","electronic","exchange",1,"[PREMIUM]","3"
"9P2c5qwzY4p","2026-08-15 23:55:48.719","2026-08-21 23:33:41.358","9P2c5qwzY4p","18377784","[PREMIUM]","[PREMIUM]","[PREMIUM]","PL7","Section PL 7","3",4,"[]","2026-11-27 00:00:00","electronic","exchange",2,"[PREMIUM]","4"
"9P2c5qwz7eG","2026-08-15 23:55:48.719","2026-08-21 23:33:41.358","9P2c5qwz7eG","18377784","[PREMIUM]","[PREMIUM]","[PREMIUM]","125","Section 125","4",2,"[]","2026-11-27 00:00:00","electronic","exchange",4,"[PREMIUM]","2"
"9P2c5qwzRMX","2026-08-15 23:55:48.719","2026-08-20 23:42:43.782","9P2c5qwzRMX","18377784","[PREMIUM]","[PREMIUM]","[PREMIUM]","12","Section 12","10",2,"[]","2026-11-27 00:00:00","electronic","exchange",4,"[PREMIUM]","2"
"9P2c5qwzRPY","2026-08-15 23:55:48.719","2026-08-21 23:33:41.358","9P2c5qwzRPY","18377784","[PREMIUM]","[PREMIUM]","[PREMIUM]","6","Section 6","13",4,"[]","2026-11-27 00:00:00","electronic","exchange",5,"[PREMIUM]","4"
"9P2c5qwzovz","2026-08-15 23:55:48.719","2026-08-21 23:33:41.358","9P2c5qwzovz","18377784","[PREMIUM]","[PREMIUM]","[PREMIUM]","128","Section 128","4",2,"[]","2026-11-27 00:00:00","electronic","exchange",5,"[PREMIUM]","2"
"A6rs27bvXqd","2026-08-15 23:55:48.719","2026-08-21 23:33:41.358","A6rs27bvXqd","18377784","[PREMIUM]","[PREMIUM]","[PREMIUM]","9","Section 9","6",2,"[]","2026-11-27 00:00:00","electronic","exchange",2,"[PREMIUM]","2"
"A6rs27bvXnX","2026-08-15 23:55:48.719","2026-08-21 23:33:41.358","A6rs27bvXnX","18377784","[PREMIUM]","[PREMIUM]","[PREMIUM]","3","Section 3","17",2,"[]","2026-11-27 00:00:00","electronic","exchange",5,"[PREMIUM]","2"
"A6rs27bvXPP","2026-08-15 23:55:48.719","2026-08-21 23:33:41.358","A6rs27bvXPP","18377784","[PREMIUM]","[PREMIUM]","[PREMIUM]","106","Section 106","1",3,"[]","2026-11-27 00:00:00","electronic","exchange",4,"[PREMIUM]","3"
"A6rs27bvX40","2026-08-15 23:55:48.719","2026-08-21 23:33:41.358","A6rs27bvX40","18377784","[PREMIUM]","[PREMIUM]","[PREMIUM]","11","Section 11","15",2,"[]","2026-11-27 00:00:00","electronic","exchange",4,"[PREMIUM]","2"
"A6rs27bvJ4O","2026-08-15 23:55:48.719","2026-08-16 12:34:12.842","A6rs27bvJ4O","18377784","[PREMIUM]","[PREMIUM]","[PREMIUM]","15","Section 15","10",4,"[]","2026-11-27 00:00:00","electronic","exchange",5,"[PREMIUM]","4"
"A6rs27bv4Z5","2026-08-15 23:55:48.719","2026-08-21 23:33:41.358","A6rs27bv4Z5","18377784","[PREMIUM]","[PREMIUM]","[PREMIUM]","106","Section 106","10",2,"[]","2026-11-27 00:00:00","electronic","exchange",2,"[PREMIUM]","2"
"DdwHkOa0dMY","2026-08-15 23:55:48.719","2026-08-16 12:34:12.842","DdwHkOa0dMY","18377784","[PREMIUM]","[PREMIUM]","[PREMIUM]","103","Section 103","2",4,"[]","2026-11-27 00:00:00","electronic","exchange",5,"[PREMIUM]","4"
"DdwHkOa0d6n","2026-08-15 23:55:48.719","2026-08-21 23:33:41.358","DdwHkOa0d6n","18377784","[PREMIUM]","[PREMIUM]","[PREMIUM]","232","Section 232","2",4,"[]","2026-11-27 00:00:00","electronic","exchange",2,"[PREMIUM]","4"
"DdwHkOa0JrL","2026-08-15 23:55:48.719","2026-08-18 14:41:47.663","DdwHkOa0JrL","18377784","[PREMIUM]","[PREMIUM]","[PREMIUM]","15","Section 15","10",2,"[]","2026-11-27 00:00:00","electronic","exchange",5,"[PREMIUM]","2"
"DdwHkOa0JLb","2026-08-15 23:55:48.719","2026-08-18 14:41:47.663","DdwHkOa0JLb","18377784","[PREMIUM]","[PREMIUM]","[PREMIUM]","17","Section 17","21",2,"[]","2026-11-27 00:00:00","electronic","exchange",4,"[PREMIUM]","2"
"DdwHkOa0J0q","2026-08-15 23:55:48.719","2026-08-21 23:33:41.358","DdwHkOa0J0q","18377784","[PREMIUM]","[PREMIUM]","[PREMIUM]","115","Section 115","2",4,"[]","2026-11-27 00:00:00","electronic","exchange",4,"[PREMIUM]","4"
"EroUXnkY3BL","2026-08-15 23:55:48.719","2026-08-21 23:33:41.358","EroUXnkY3BL","18377784","[PREMIUM]","[PREMIUM]","[PREMIUM]","16","Section 16","13",4,"[]","2026-11-27 00:00:00","electronic","exchange",5,"[PREMIUM]","4"
"EroUXnkYRbq","2026-08-15 23:55:48.719","2026-08-21 23:33:41.358","EroUXnkYRbq","18377784","[PREMIUM]","[PREMIUM]","[PREMIUM]","4","Section 4","14",2,"[]","2026-11-27 00:00:00","electronic","exchange",5,"[PREMIUM]","2"
"EroUXnkYRvX","2026-08-15 23:55:48.719","2026-08-16 12:34:12.842","EroUXnkYRvX","18377784","[PREMIUM]","[PREMIUM]","[PREMIUM]","115","Section 115","3",4,"[]","2026-11-27 00:00:00","electronic","exchange",5,"[PREMIUM]","4"
"EroUXnkY3qL","2026-08-15 23:55:48.719","2026-08-21 23:33:41.358","EroUXnkY3qL","18377784","[PREMIUM]","[PREMIUM]","[PREMIUM]","11","Section 11","15",2,"[]","2026-11-27 00:00:00","electronic","exchange",4,"[PREMIUM]","2"
"EroUXnkY3Xw","2026-08-15 23:55:48.719","2026-08-21 23:33:41.358","EroUXnkY3Xw","18377784","[PREMIUM]","[PREMIUM]","[PREMIUM]","103","Section 103","10",2,"[]","2026-11-27 00:00:00","electronic","exchange",2,"[PREMIUM]","2"
"GAaI62EYoq9","2026-08-15 23:55:48.719","2026-08-21 23:33:41.358","GAaI62EYoq9","18377784","[PREMIUM]","[PREMIUM]","[PREMIUM]","130","Section 130","4",4,"[]","2026-11-27 00:00:00","electronic","exchange",2,"[PREMIUM]","4"
"GAaI62EYAYP","2026-08-15 23:55:48.719","2026-08-16 12:34:12.842","GAaI62EYAYP","18377784","[PREMIUM]","[PREMIUM]","[PREMIUM]","118","Section 118","1",2,"[]","2026-11-27 00:00:00","electronic","exchange",2,"[PREMIUM]","2"
"JABI39rYb6B","2026-08-15 23:55:48.719","2026-08-16 12:34:12.842","JABI39rYb6B","18377784","[PREMIUM]","[PREMIUM]","[PREMIUM]","PL10","Section PL 10","2",4,"[]","2026-11-27 00:00:00","electronic","exchange",5,"[PREMIUM]","4"
"JABI39rYbK6","2026-08-15 23:55:48.719","2026-08-21 23:33:41.358","JABI39rYbK6","18377784","[PREMIUM]","[PREMIUM]","[PREMIUM]","5","Section 5","15",4,"[]","2026-11-27 00:00:00","electronic","exchange",4,"[PREMIUM]","4"
"JABI39rYvqw","2026-08-15 23:55:48.719","2026-08-21 23:33:41.358","JABI39rYvqw","18377784","[PREMIUM]","[PREMIUM]","[PREMIUM]","10","Section 10","6",4,"[]","2026-11-27 00:00:00","electronic","exchange",3,"[PREMIUM]","4"
"JABI39rYvkX","2026-08-15 23:55:48.719","2026-08-21 23:33:41.358","JABI39rYvkX","18377784","[PREMIUM]","[PREMIUM]","[PREMIUM]","114","Section 114","2",4,"[]","2026-11-27 00:00:00","electronic","exchange",4,"[PREMIUM]","4"
"JABI39rYq7l","2026-08-15 23:55:48.719","2026-08-16 12:34:12.842","JABI39rYq7l","18377784","[PREMIUM]","[PREMIUM]","[PREMIUM]","233","Section 233","9",2,"[]","2026-11-27 00:00:00","electronic","exchange",5,"[PREMIUM]","2"
"Kezcz6BYvld","2026-08-15 23:55:48.719","2026-08-21 23:33:41.358","Kezcz6BYvld","18377784","[PREMIUM]","[PREMIUM]","[PREMIUM]","102","Section 102","3",3,"[]","2026-11-27 00:00:00","electronic","exchange",4,"[PREMIUM]","3"
"Kezcz6BYjAK","2026-08-15 23:55:48.719","2026-08-16 12:34:12.842","Kezcz6BYjAK","18377784","[PREMIUM]","[PREMIUM]","[PREMIUM]","214","Section 214","2",3,"[]","2026-11-27 00:00:00","electronic","exchange",2,"[PREMIUM]","3"
"Kezcz6BYLZN","2026-08-15 23:55:48.719","2026-08-21 23:33:41.358","Kezcz6BYLZN","18377784","[PREMIUM]","[PREMIUM]","[PREMIUM]","110","Section 110","5",2,"[]","2026-11-27 00:00:00","electronic","exchange",3,"[PREMIUM]","2"
"LbviLEeY0Mq","2026-08-15 23:55:48.719","2026-08-18 14:41:47.663","LbviLEeY0Mq","18377784","[PREMIUM]","[PREMIUM]","[PREMIUM]","9","Section 9","9",2,"[]","2026-11-27 00:00:00","electronic","exchange",2,"[PREMIUM]","2"
"LbviLEeYDMx","2026-08-15 23:55:48.719","2026-08-21 23:33:41.358","LbviLEeYDMx","18377784","[PREMIUM]","[PREMIUM]","[PREMIUM]","112","Section 112","3",4,"[]","2026-11-27 00:00:00","electronic","exchange",5,"[PREMIUM]","4"
"LbviLEeYME8","2026-08-15 23:55:48.719","2026-08-21 23:33:41.358","LbviLEeYME8","18377784","[PREMIUM]","[PREMIUM]","[PREMIUM]","2","Section 2","8",4,"[]","2026-11-27 00:00:00","electronic","exchange",5,"[PREMIUM]","4"
"LbviLEeYR4b","2026-08-15 23:55:48.719","2026-08-18 14:41:47.663","LbviLEeYR4b","18377784","[PREMIUM]","[PREMIUM]","[PREMIUM]","227","Section 227","2",2,"[]","2026-11-27 00:00:00","electronic","exchange",1,"[PREMIUM]","2"
"LbviLEeYaee","2026-08-15 23:55:48.719","2026-08-18 14:41:47.663","LbviLEeYaee","18377784","[PREMIUM]","[PREMIUM]","[PREMIUM]","212","Section 212","2",3,"[]","2026-11-27 00:00:00","electronic","exchange",3,"[PREMIUM]","3"
"MAeIPl4YpL8","2026-08-15 23:55:48.719","2026-08-21 23:33:41.358","MAeIPl4YpL8","18377784","[PREMIUM]","[PREMIUM]","[PREMIUM]","15","Section 15","8",2,"[]","2026-11-27 00:00:00","electronic","exchange",5,"[PREMIUM]","2"
"MAeIPl4Ypbm","2026-08-15 23:55:48.719","2026-08-21 23:33:41.358","MAeIPl4Ypbm","18377784","[PREMIUM]","[PREMIUM]","[PREMIUM]","101","Section 101","11",2,"[]","2026-11-27 00:00:00","electronic","exchange",2,"[PREMIUM]","2"
"MAeIPl4YAe0","2026-08-15 23:55:48.719","2026-08-21 23:33:41.358","MAeIPl4YAe0","18377784","[PREMIUM]","[PREMIUM]","[PREMIUM]","124","Section 124","4",2,"[]","2026-11-27 00:00:00","electronic","exchange",2,"[PREMIUM]","2"
"MAeIPl4YDx7","2026-08-15 23:55:48.719","2026-08-19 12:02:44.160","MAeIPl4YDx7","18377784","[PREMIUM]","[PREMIUM]","[PREMIUM]","21","Section 21","6",4,"[]","2026-11-27 00:00:00","electronic","exchange",4,"[PREMIUM]","4"
"NrqUv4eYRK2","2026-08-15 23:55:48.719","2026-08-21 23:33:41.358","NrqUv4eYRK2","18377784","[PREMIUM]","[PREMIUM]","[PREMIUM]","128","Section 128","7",2,"[]","2026-11-27 00:00:00","electronic","exchange",5,"[PREMIUM]","2"
"NrqUv4eYRB0","2026-08-15 23:55:48.719","2026-08-16 12:34:12.842","NrqUv4eYRB0","18377784","[PREMIUM]","[PREMIUM]","[PREMIUM]","124","Section 124","4",3,"[]","2026-11-27 00:00:00","electronic","exchange",5,"[PREMIUM]","3"
"NrqUv4eYR8a","2026-08-15 23:55:48.719","2026-08-16 12:34:12.842","NrqUv4eYR8a","18377784","[PREMIUM]","[PREMIUM]","[PREMIUM]","117","Section 117","13",2,"[]","2026-11-27 00:00:00","electronic","exchange",3,"[PREMIUM]","2"
"NrqUv4eY7xa","2026-08-15 23:55:48.719","2026-08-16 12:34:12.842","NrqUv4eY7xa","18377784","[PREMIUM]","[PREMIUM]","[PREMIUM]","14","Section 14","15",2,"[]","2026-11-27 00:00:00","electronic","exchange",5,"[PREMIUM]","2"
"NrqUv4eY70E","2026-08-15 23:55:48.719","2026-08-21 23:33:41.358","NrqUv4eY70E","18377784","[PREMIUM]","[PREMIUM]","[PREMIUM]","128","Section 128","8",2,"[]","2026-11-27 00:00:00","electronic","exchange",5,"[PREMIUM]","2"
"O7AhwrLY0dw","2026-08-15 23:55:48.719","2026-08-21 23:33:41.358","O7AhwrLY0dw","18377784","[PREMIUM]","[PREMIUM]","[PREMIUM]","109","Section 109","3",4,"[]","2026-11-27 00:00:00","electronic","exchange",5,"[PREMIUM]","4"
"O7AhwrLY0oB","2026-08-15 23:55:48.719","2026-08-21 23:33:41.358","O7AhwrLY0oB","18377784","[PREMIUM]","[PREMIUM]","[PREMIUM]","7","Section 7","10",4,"[]","2026-11-27 00:00:00","electronic","exchange",5,"[PREMIUM]","4"
"O7AhwrLYjog","2026-08-15 23:55:48.719","2026-08-21 23:33:41.358","O7AhwrLYjog","18377784","[PREMIUM]","[PREMIUM]","[PREMIUM]","18","Section 18","17",2,"[]","2026-11-27 00:00:00","electronic","exchange",3,"[PREMIUM]","2"
"O7AhwrLY05D","2026-08-15 23:55:48.719","2026-08-21 23:33:41.358","O7AhwrLY05D","18377784","[PREMIUM]","[PREMIUM]","[PREMIUM]","14","Section 14","7",2,"[]","2026-11-27 00:00:00","electronic","exchange",5,"[PREMIUM]","2"
"PX0sgL3Y0dB","2026-08-15 23:55:48.719","2026-08-21 23:33:41.358","PX0sgL3Y0dB","18377784","[PREMIUM]","[PREMIUM]","[PREMIUM]","3","Section 3","8",4,"[]","2026-11-27 00:00:00","electronic","exchange",5,"[PREMIUM]","4"
"PX0sgL3Y0ra","2026-08-15 23:55:48.719","2026-08-16 12:34:12.842","PX0sgL3Y0ra","18377784","[PREMIUM]","[PREMIUM]","[PREMIUM]","233","Section 233","5",3,"[]","2026-11-27 00:00:00","electronic","exchange",5,"[PREMIUM]","3"
"PX0sgL3YO2R","2026-08-15 23:55:48.719","2026-08-21 23:33:41.358","PX0sgL3YO2R","18377784","[PREMIUM]","[PREMIUM]","[PREMIUM]","111","Section 111","3",4,"[]","2026-11-27 00:00:00","electronic","exchange",5,"[PREMIUM]","4"
"PX0sgL3Ykbp","2026-08-15 23:55:48.719","2026-08-21 23:33:41.358","PX0sgL3Ykbp","18377784","[PREMIUM]","[PREMIUM]","[PREMIUM]","212","Section 212","4",2,"[]","2026-11-27 00:00:00","electronic","exchange",4,"[PREMIUM]","2"
"V4KU0MBxKpk","2026-08-15 23:55:48.719","2026-08-18 14:41:47.663","V4KU0MBxKpk","18377784","[PREMIUM]","[PREMIUM]","[PREMIUM]","17","Section 17","17",2,"[]","2026-11-27 00:00:00","electronic","exchange",5,"[PREMIUM]","2"
"V4KU0MBxV94","2026-08-15 23:55:48.719","2026-08-21 23:33:41.358","V4KU0MBxV94","18377784","[PREMIUM]","[PREMIUM]","[PREMIUM]","110","Section 110","4",2,"[]","2026-11-27 00:00:00","electronic","exchange",4,"[PREMIUM]","2"
"V4KU0MBxXbM","2026-08-15 23:55:48.719","2026-08-21 23:33:41.358","V4KU0MBxXbM","18377784","[PREMIUM]","[PREMIUM]","[PREMIUM]","PL8","Section PL 8","4",2,"[]","2026-11-27 00:00:00","electronic","exchange",0,"[PREMIUM]","2"
"X03tKjvY3LV","2026-08-15 23:55:48.719","2026-08-21 23:33:41.358","X03tKjvY3LV","18377784","[PREMIUM]","[PREMIUM]","[PREMIUM]","126","Section 126","1",2,"[]","2026-11-27 00:00:00","electronic","exchange",3,"[PREMIUM]","2"
"X03tKjvYEmP","2026-08-15 23:55:48.719","2026-08-21 23:33:41.358","X03tKjvYEmP","18377784","[PREMIUM]","[PREMIUM]","[PREMIUM]","PL19","Section PL 19","3",2,"[]","2026-11-27 00:00:00","electronic","exchange",0,"[PREMIUM]","2"
"X03tKjvYEBY","2026-08-15 23:55:48.719","2026-08-18 14:41:47.663","X03tKjvYEBY","18377784","[PREMIUM]","[PREMIUM]","[PREMIUM]","128","Section 128","2",2,"[]","2026-11-27 00:00:00","electronic","exchange",4,"[PREMIUM]","2"
"X03tKjvYE0d","2026-08-15 23:55:48.719","2026-08-16 12:34:12.842","X03tKjvYE0d","18377784","[PREMIUM]","[PREMIUM]","[PREMIUM]","102","Section 102","2",2,"[]","2026-11-27 00:00:00","electronic","exchange",5,"[PREMIUM]","2"
"X03tKjvY393","2026-08-15 23:55:48.719","2026-08-16 12:34:12.842","X03tKjvY393","18377784","[PREMIUM]","[PREMIUM]","[PREMIUM]","113","Section 113","2",4,"[]","2026-11-27 00:00:00","electronic","exchange",5,"[PREMIUM]","4"
"X03tKjvYem2","2026-08-15 23:55:48.719","2026-08-16 12:34:12.842","X03tKjvYem2","18377784","[PREMIUM]","[PREMIUM]","[PREMIUM]","216","Section 216","4",2,"[]","2026-11-27 00:00:00","electronic","exchange",5,"[PREMIUM]","2"
"YgJtk6LYlEP","2026-08-15 23:55:48.719","2026-08-16 12:34:12.842","YgJtk6LYlEP","18377784","[PREMIUM]","[PREMIUM]","[PREMIUM]","PL5","Section PL 5","2",2,"[]","2026-11-27 00:00:00","electronic","exchange",5,"[PREMIUM]","2"
"YgJtk6LYz6o","2026-08-15 23:55:48.719","2026-08-21 23:33:41.358","YgJtk6LYz6o","18377784","[PREMIUM]","[PREMIUM]","[PREMIUM]","18","Section 18","10",4,"[]","2026-11-27 00:00:00","electronic","exchange",5,"[PREMIUM]","4"
"YgJtk6LYzOa","2026-08-15 23:55:48.719","2026-08-21 23:33:41.358","YgJtk6LYzOa","18377784","[PREMIUM]","[PREMIUM]","[PREMIUM]","105","Section 105","2",4,"[]","2026-11-27 00:00:00","electronic","exchange",4,"[PREMIUM]","4"
"YgJtk6LYJg2","2026-08-15 23:55:48.719","2026-08-21 23:33:41.358","YgJtk6LYJg2","18377784","[PREMIUM]","[PREMIUM]","[PREMIUM]","PL10","Section PL 10","gl1",3,"[]","2026-11-27 00:00:00","electronic","exchange",3,"[PREMIUM]","3"
"Zm9hvwGYXjb","2026-08-15 23:55:48.719","2026-08-16 12:34:12.842","Zm9hvwGYXjb","18377784","[PREMIUM]","[PREMIUM]","[PREMIUM]","110","Section 110","3",2,"[]","2026-11-27 00:00:00","electronic","exchange",4,"[PREMIUM]","2"
"Zm9hvwGYX6l","2026-08-15 23:55:48.719","2026-08-21 23:33:41.358","Zm9hvwGYX6l","18377784","[PREMIUM]","[PREMIUM]","[PREMIUM]","122","Section 122","10",2,"[]","2026-11-27 00:00:00","electronic","exchange",2,"[PREMIUM]","2"
"Zm9hvwGY9lk","2026-08-15 23:55:48.719","2026-08-16 12:34:12.842","Zm9hvwGY9lk","18377784","[PREMIUM]","[PREMIUM]","[PREMIUM]","216","Section 216","4",3,"[]","2026-11-27 00:00:00","electronic","exchange",5,"[PREMIUM]","3"
"agktlDZY53p","2026-08-15 23:55:48.719","2026-08-21 23:33:41.358","agktlDZY53p","18377784","[PREMIUM]","[PREMIUM]","[PREMIUM]","117","Section 117","11",3,"[]","2026-11-27 00:00:00","electronic","exchange",2,"[PREMIUM]","3"
"agktlDZY58l","2026-08-15 23:55:48.719","2026-08-21 23:33:41.358","agktlDZY58l","18377784","[PREMIUM]","[PREMIUM]","[PREMIUM]","PL19","Section PL 19","3",2,"[]","2026-11-27 00:00:00","electronic","exchange",0,"[PREMIUM]","2"
"agktlDZY5ne","2026-08-15 23:55:48.719","2026-08-16 12:34:12.842","agktlDZY5ne","18377784","[PREMIUM]","[PREMIUM]","[PREMIUM]","11","Section 11","19",2,"[]","2026-11-27 00:00:00","electronic","exchange",5,"[PREMIUM]","2"
"agktlDZYrnx","2026-08-15 23:55:48.719","2026-08-21 23:33:41.358","agktlDZYrnx","18377784","[PREMIUM]","[PREMIUM]","[PREMIUM]","21","Section 21","7",4,"[]","2026-11-27 00:00:00","electronic","exchange",5,"[PREMIUM]","4"
"b4wUaG7YLxN","2026-08-15 23:55:48.719","2026-08-21 23:33:41.358","b4wUaG7YLxN","18377784","[PREMIUM]","[PREMIUM]","[PREMIUM]","232","Section 232","4",2,"[]","2026-11-27 00:00:00","electronic","exchange",2,"[PREMIUM]","2"
"b4wUaG7YMnA","2026-08-15 23:55:48.719","2026-08-21 23:33:41.358","b4wUaG7YMnA","18377784","[PREMIUM]","[PREMIUM]","[PREMIUM]","PL14","Section PL 14","2",2,"[]","2026-11-27 00:00:00","electronic","exchange",4,"[PREMIUM]","2"
"b4wUaG7Yloj","2026-08-15 23:55:48.719","2026-08-16 12:34:12.842","b4wUaG7Yloj","18377784","[PREMIUM]","[PREMIUM]","[PREMIUM]","120","Section 120","2",2,"[]","2026-11-27 00:00:00","electronic","exchange",3,"[PREMIUM]","2"
"dNgUg6qYMxz","2026-08-15 23:55:48.719","2026-08-21 23:33:41.358","dNgUg6qYMxz","18377784","[PREMIUM]","[PREMIUM]","[PREMIUM]","133","Section 133","6",4,"[]","2026-11-27 00:00:00","electronic","exchange",5,"[PREMIUM]","4"
"dNgUg6qYMoM","2026-08-15 23:55:48.719","2026-08-21 23:33:41.358","dNgUg6qYMoM","18377784","[PREMIUM]","[PREMIUM]","[PREMIUM]","123","Section 123","11",2,"[]","2026-11-27 00:00:00","electronic","exchange",2,"[PREMIUM]","2"
"eeacK2qYBGe","2026-08-15 23:55:48.719","2026-08-21 23:33:41.358","eeacK2qYBGe","18377784","[PREMIUM]","[PREMIUM]","[PREMIUM]","9","Section 9","7",4,"[]","2026-11-27 00:00:00","electronic","exchange",2,"[PREMIUM]","4"
"eeacK2qYMdp","2026-08-15 23:55:48.719","2026-08-21 23:33:41.358","eeacK2qYMdp","18377784","[PREMIUM]","[PREMIUM]","[PREMIUM]","1","Section 1","14",4,"[]","2026-11-27 00:00:00","electronic","exchange",5,"[PREMIUM]","4"
"eeacK2qYmY6","2026-08-15 23:55:48.719","2026-08-18 14:41:47.663","eeacK2qYmY6","18377784","[PREMIUM]","[PREMIUM]","[PREMIUM]","5","Section 5","10",4,"[]","2026-11-27 00:00:00","electronic","exchange",4,"[PREMIUM]","4"
"g48Uromwe2O","2026-08-15 23:55:48.719","2026-08-21 23:33:41.358","g48Uromwe2O","18377784","[PREMIUM]","[PREMIUM]","[PREMIUM]","127","Section 127","6",2,"[]","2026-11-27 00:00:00","electronic","exchange",4,"[PREMIUM]","2"
"jDvsz7NDBLa","2026-08-15 23:55:48.719","2026-08-21 23:33:41.358","jDvsz7NDBLa","18377784","[PREMIUM]","[PREMIUM]","[PREMIUM]","104","Section 104","2",4,"[]","2026-11-27 00:00:00","electronic","exchange",5,"[PREMIUM]","4"
"jDvsz7NDp0j","2026-08-15 23:55:48.719","2026-08-21 23:33:41.358","jDvsz7NDp0j","18377784","[PREMIUM]","[PREMIUM]","[PREMIUM]","129","Section 129","8",3,"[]","2026-11-27 00:00:00","electronic","exchange",5,"[PREMIUM]","3"
"jDvsz7NDBxN","2026-08-15 23:55:48.719","2026-08-19 12:02:44.160","jDvsz7NDBxN","18377784","[PREMIUM]","[PREMIUM]","[PREMIUM]","122","Section 122","9",2,"[]","2026-11-27 00:00:00","electronic","exchange",3,"[PREMIUM]","2"
"jDvsz7NDBNn","2026-08-15 23:55:48.719","2026-08-21 23:33:41.358","jDvsz7NDBNn","18377784","[PREMIUM]","[PREMIUM]","[PREMIUM]","22","Section 22","9",3,"[]","2026-11-27 00:00:00","electronic","exchange",5,"[PREMIUM]","3"
"jDvsz7ND46N","2026-08-15 23:55:48.719","2026-08-21 23:33:41.358","jDvsz7ND46N","18377784","[PREMIUM]","[PREMIUM]","[PREMIUM]","123","Section 123","8",2,"[]","2026-11-27 00:00:00","electronic","exchange",2,"[PREMIUM]","2"
"kYet9473Dqp","2026-08-15 23:55:48.719","2026-08-21 23:33:41.358","kYet9473Dqp","18377784","[PREMIUM]","[PREMIUM]","[PREMIUM]","10","Section 10","4",4,"[]","2026-11-27 00:00:00","electronic","exchange",3,"[PREMIUM]","4"
"kYet9473rgj","2026-08-15 23:55:48.719","2026-08-21 23:33:41.358","kYet9473rgj","18377784","[PREMIUM]","[PREMIUM]","[PREMIUM]","2","Section 2","7",4,"[]","2026-11-27 00:00:00","electronic","exchange",5,"[PREMIUM]","4"
"kYet9473ppn","2026-08-15 23:55:48.719","2026-08-21 23:33:41.358","kYet9473ppn","18377784","[PREMIUM]","[PREMIUM]","[PREMIUM]","229","Section 229","4",4,"[]","2026-11-27 00:00:00","electronic","exchange",4,"[PREMIUM]","4"
"kYet9473PK0","2026-08-15 23:55:48.719","2026-08-18 14:41:47.663","kYet9473PK0","18377784","[PREMIUM]","[PREMIUM]","[PREMIUM]","131","Section 131","4",4,"[]","2026-11-27 00:00:00","electronic","exchange",4,"[PREMIUM]","4"
"lxVsdLn0bxO","2026-08-15 23:55:48.719","2026-08-21 23:33:41.358","lxVsdLn0bxO","18377784","[PREMIUM]","[PREMIUM]","[PREMIUM]","7","Section 7","9",4,"[]","2026-11-27 00:00:00","electronic","exchange",5,"[PREMIUM]","4"
"lxVsdLn0blp","2026-08-15 23:55:48.719","2026-08-18 14:41:47.663","lxVsdLn0blp","18377784","[PREMIUM]","[PREMIUM]","[PREMIUM]","117","Section 117","10",2,"[]","2026-11-27 00:00:00","electronic","exchange",2,"[PREMIUM]","2"
"lxVsdLn0Gb5","2026-08-15 23:55:48.719","2026-08-21 23:33:41.358","lxVsdLn0Gb5","18377784","[PREMIUM]","[PREMIUM]","[PREMIUM]","125","Section 125","6",3,"[]","2026-11-27 00:00:00","electronic","exchange",5,"[PREMIUM]","3"
"mxAs4YMl7dv","2026-08-15 23:55:48.719","2026-08-21 23:33:41.358","mxAs4YMl7dv","18377784","[PREMIUM]","[PREMIUM]","[PREMIUM]","20","Section 20","15",4,"[]","2026-11-27 00:00:00","electronic","exchange",4,"[PREMIUM]","4"
"mxAs4YMl7bx","2026-08-15 23:55:48.719","2026-08-21 23:33:41.358","mxAs4YMl7bx","18377784","[PREMIUM]","[PREMIUM]","[PREMIUM]","107","Section 107","14",2,"[]","2026-11-27 00:00:00","electronic","exchange",2,"[PREMIUM]","2"
"mxAs4YMln6K","2026-08-15 23:55:48.719","2026-08-21 23:33:41.358","mxAs4YMln6K","18377784","[PREMIUM]","[PREMIUM]","[PREMIUM]","116","Section 116","3",4,"[]","2026-11-27 00:00:00","electronic","exchange",2,"[PREMIUM]","4"
"mxAs4YMlbOV","2026-08-15 23:55:48.719","2026-08-19 12:02:44.160","mxAs4YMlbOV","18377784","[PREMIUM]","[PREMIUM]","[PREMIUM]","227","Section 227","2",2,"[]","2026-11-27 00:00:00","electronic","exchange",1,"[PREMIUM]","2"
"nx0srMbm4gw","2026-08-15 23:55:48.719","2026-08-20 23:42:43.782","nx0srMbm4gw","18377784","[PREMIUM]","[PREMIUM]","[PREMIUM]","22","Section 22","9",2,"[]","2026-11-27 00:00:00","electronic","exchange",3,"[PREMIUM]","2"
"nx0srMbm8Je","2026-08-15 23:55:48.719","2026-08-20 23:42:43.782","nx0srMbm8Je","18377784","[PREMIUM]","[PREMIUM]","[PREMIUM]","118","Section 118","7",2,"[]","2026-11-27 00:00:00","electronic","exchange",3,"[PREMIUM]","2"
"nx0srMbmPJ0","2026-08-15 23:55:48.719","2026-08-16 12:34:12.842","nx0srMbmPJ0","18377784","[PREMIUM]","[PREMIUM]","[PREMIUM]","208","Section 208","8",4,"[]","2026-11-27 00:00:00","electronic","exchange",5,"[PREMIUM]","4"
"nx0srMbmqj3","2026-08-15 23:55:48.719","2026-08-19 12:02:44.160","nx0srMbmqj3","18377784","[PREMIUM]","[PREMIUM]","[PREMIUM]","113","Section 113","4",2,"[]","2026-11-27 00:00:00","electronic","exchange",2,"[PREMIUM]","2"
"oV7HbEkeBNP","2026-08-15 23:55:48.719","2026-08-16 12:34:12.842","oV7HbEkeBNP","18377784","[PREMIUM]","[PREMIUM]","[PREMIUM]","233","Section 233","3",2,"[]","2026-11-27 00:00:00","electronic","exchange",4,"[PREMIUM]","2"
"oV7HbEkexKq","2026-08-15 23:55:48.719","2026-08-18 14:41:47.663","oV7HbEkexKq","18377784","[PREMIUM]","[PREMIUM]","[PREMIUM]","226","Section 226","2",2,"[]","2026-11-27 00:00:00","electronic","exchange",2,"[PREMIUM]","2"
"oV7HbEke93r","2026-08-15 23:55:48.719","2026-08-21 23:33:41.358","oV7HbEke93r","18377784","[PREMIUM]","[PREMIUM]","[PREMIUM]","17","Section 17","18",4,"[]","2026-11-27 00:00:00","electronic","exchange",4,"[PREMIUM]","4"
"oV7HbEkejav","2026-08-15 23:55:48.719","2026-08-16 12:34:12.842","oV7HbEkejav","18377784","[PREMIUM]","[PREMIUM]","[PREMIUM]","231","Section 231","2",2,"[]","2026-11-27 00:00:00","electronic","exchange",2,"[PREMIUM]","2"
"oV7HbEkejk5","2026-08-15 23:55:48.719","2026-08-18 14:41:47.663","oV7HbEkejk5","18377784","[PREMIUM]","[PREMIUM]","[PREMIUM]","129","Section 129","2",4,"[]","2026-11-27 00:00:00","electronic","exchange",5,"[PREMIUM]","4"
"pVXHDElLYNg","2026-08-15 23:55:48.719","2026-08-21 23:33:41.358","pVXHDElLYNg","18377784","[PREMIUM]","[PREMIUM]","[PREMIUM]","231","Section 231","4",2,"[]","2026-11-27 00:00:00","electronic","exchange",2,"[PREMIUM]","2"
"pVXHDElLVOg","2026-08-15 23:55:48.719","2026-08-21 23:33:41.358","pVXHDElLVOg","18377784","[PREMIUM]","[PREMIUM]","[PREMIUM]","116","Section 116","5",2,"[]","2026-11-27 00:00:00","electronic","exchange",2,"[PREMIUM]","2"
"pVXHDElLPwP","2026-08-15 23:55:48.719","2026-08-16 12:34:12.842","pVXHDElLPwP","18377784","[PREMIUM]","[PREMIUM]","[PREMIUM]","4","Section 4","18",2,"[]","2026-11-27 00:00:00","electronic","exchange",5,"[PREMIUM]","2"
"qVjH2VlEvJN","2026-08-15 23:55:48.719","2026-08-18 14:41:47.663","qVjH2VlEvJN","18377784","[PREMIUM]","[PREMIUM]","[PREMIUM]","127","Section 127","4",2,"[]","2026-11-27 00:00:00","electronic","exchange",3,"[PREMIUM]","2"
"qVjH2VlEPDe","2026-08-15 23:55:48.719","2026-08-21 23:33:41.358","qVjH2VlEPDe","18377784","[PREMIUM]","[PREMIUM]","[PREMIUM]","109","Section 109","5",4,"[]","2026-11-27 00:00:00","electronic","exchange",4,"[PREMIUM]","4"
"qVjH2VlELEp","2026-08-15 23:55:48.719","2026-08-16 12:34:12.842","qVjH2VlELEp","18377784","[PREMIUM]","[PREMIUM]","[PREMIUM]","216","Section 216","6",2,"[]","2026-11-27 00:00:00","electronic","exchange",5,"[PREMIUM]","2"
"rVOHkRVvq5d","2026-08-15 23:55:48.719","2026-08-21 23:33:41.358","rVOHkRVvq5d","18377784","[PREMIUM]","[PREMIUM]","[PREMIUM]","121","Section 121","10",2,"[]","2026-11-27 00:00:00","electronic","exchange",2,"[PREMIUM]","2"
"rVOHkRVvol8","2026-08-15 23:55:48.719","2026-08-16 12:34:12.842","rVOHkRVvol8","18377784","[PREMIUM]","[PREMIUM]","[PREMIUM]","3","Section 3","12",2,"[]","2026-11-27 00:00:00","electronic","exchange",5,"[PREMIUM]","2"
"rVOHkRVvKPe","2026-08-15 23:55:48.719","2026-08-16 12:34:12.842","rVOHkRVvKPe","18377784","[PREMIUM]","[PREMIUM]","[PREMIUM]","120","Section 120","4",2,"[]","2026-11-27 00:00:00","electronic","exchange",3,"[PREMIUM]","2"
"rVOHkRVvBBL","2026-08-15 23:55:48.719","2026-08-16 12:34:12.842","rVOHkRVvBBL","18377784","[PREMIUM]","[PREMIUM]","[PREMIUM]","208","Section 208","6",2,"[]","2026-11-27 00:00:00","electronic","exchange",5,"[PREMIUM]","2"
"vb3iPexZ83o","2026-08-15 23:55:48.719","2026-08-16 12:34:12.842","vb3iPexZ83o","18377784","[PREMIUM]","[PREMIUM]","[PREMIUM]","12","Section 12","4",2,"[]","2026-11-27 00:00:00","electronic","exchange",5,"[PREMIUM]","2"
"vb3iPexZBJo","2026-08-15 23:55:48.719","2026-08-21 23:33:41.358","vb3iPexZBJo","18377784","[PREMIUM]","[PREMIUM]","[PREMIUM]","213","Section 213","2",2,"[]","2026-11-27 00:00:00","electronic","exchange",1,"[PREMIUM]","2"
"vb3iPexZzxR","2026-08-15 23:55:48.719","2026-08-21 23:33:41.358","vb3iPexZzxR","18377784","[PREMIUM]","[PREMIUM]","[PREMIUM]","103","Section 103","9",2,"[]","2026-11-27 00:00:00","electronic","exchange",2,"[PREMIUM]","2"
"vb3iPexZz6R","2026-08-15 23:55:48.719","2026-08-21 23:33:41.358","vb3iPexZz6R","18377784","[PREMIUM]","[PREMIUM]","[PREMIUM]","211","Section 211","4",4,"[]","2026-11-27 00:00:00","electronic","exchange",2,"[PREMIUM]","4"
"vb3iPexZ8VB","2026-08-15 23:55:48.719","2026-08-21 23:33:41.358","vb3iPexZ8VB","18377784","[PREMIUM]","[PREMIUM]","[PREMIUM]","13","Section 13","7",4,"[]","2026-11-27 00:00:00","electronic","exchange",5,"[PREMIUM]","4"
"w3Jsed7vxoj","2026-08-15 23:55:48.719","2026-08-18 14:41:47.663","w3Jsed7vxoj","18377784","[PREMIUM]","[PREMIUM]","[PREMIUM]","RST3","Restaurant Ledge 3","b",4,"[]","2026-11-27 00:00:00","electronic","exchange",3,"[PREMIUM]","4"
"w3Jsed7vmaO","2026-08-15 23:55:48.719","2026-08-21 23:33:41.358","w3Jsed7vmaO","18377784","[PREMIUM]","[PREMIUM]","[PREMIUM]","1","Section 1","8",2,"[]","2026-11-27 00:00:00","electronic","exchange",5,"[PREMIUM]","2"
"w3Jsed7v6vb","2026-08-15 23:55:48.719","2026-08-18 14:41:47.663","w3Jsed7v6vb","18377784","[PREMIUM]","[PREMIUM]","[PREMIUM]","114","Section 114","1",4,"[]","2026-11-27 00:00:00","electronic","exchange",3,"[PREMIUM]","4"
"w3Jsed7v6gk","2026-08-15 23:55:48.719","2026-08-18 14:41:47.663","w3Jsed7v6gk","18377784","[PREMIUM]","[PREMIUM]","[PREMIUM]","16","Section 16","10",4,"[]","2026-11-27 00:00:00","electronic","exchange",5,"[PREMIUM]","4"
"xb9imBdgjAV","2026-08-15 23:55:48.719","2026-08-21 23:33:41.358","xb9imBdgjAV","18377784","[PREMIUM]","[PREMIUM]","[PREMIUM]","133","Section 133","7",4,"[]","2026-11-27 00:00:00","electronic","exchange",5,"[PREMIUM]","4"
"xb9imBdgKNg","2026-08-15 23:55:48.719","2026-08-21 23:33:41.358","xb9imBdgKNg","18377784","[PREMIUM]","[PREMIUM]","[PREMIUM]","111","Section 111","3",4,"[]","2026-11-27 00:00:00","electronic","exchange",5,"[PREMIUM]","4"
"xb9imBdgKBb","2026-08-15 23:55:48.719","2026-08-21 23:33:41.358","xb9imBdgKBb","18377784","[PREMIUM]","[PREMIUM]","[PREMIUM]","108","Section 108","6",4,"[]","2026-11-27 00:00:00","electronic","exchange",5,"[PREMIUM]","4"
"z3Es6qKM0dq","2026-08-15 23:55:48.719","2026-08-21 23:33:41.358","z3Es6qKM0dq","18377784","[PREMIUM]","[PREMIUM]","[PREMIUM]","18","Section 18","11",2,"[]","2026-11-27 00:00:00","electronic","exchange",2,"[PREMIUM]","2"
"z3Es6qKM4JL","2026-08-15 23:55:48.719","2026-08-21 23:33:41.358","z3Es6qKM4JL","18377784","[PREMIUM]","[PREMIUM]","[PREMIUM]","112","Section 112","2",3,"[]","2026-11-27 00:00:00","electronic","exchange",5,"[PREMIUM]","3"
"z3Es6qKM0wM","2026-08-15 23:55:48.719","2026-08-21 23:33:41.358","z3Es6qKM0wM","18377784","[PREMIUM]","[PREMIUM]","[PREMIUM]","12","Section 12","8",4,"[]","2026-11-27 00:00:00","electronic","exchange",5,"[PREMIUM]","4"
"z3Es6qKM4kR","2026-08-15 23:55:48.719","2026-08-16 12:34:12.842","z3Es6qKM4kR","18377784","[PREMIUM]","[PREMIUM]","[PREMIUM]","14","Section 14","7",4,"[]","2026-11-27 00:00:00","electronic","exchange",5,"[PREMIUM]","4"
"z3Es6qKM0nd","2026-08-15 23:55:48.719","2026-08-20 23:42:43.782","z3Es6qKM0nd","18377784","[PREMIUM]","[PREMIUM]","[PREMIUM]","215","Section 215","3",4,"[]","2026-11-27 00:00:00","electronic","exchange",3,"[PREMIUM]","4"
"EroUXnkMpbr","2026-08-15 23:55:45.813","2026-08-19 12:00:01.452","EroUXnkMpbr","18377293","[PREMIUM]","[PREMIUM]","[PREMIUM]","119","Section 119","13",2,"[]","2026-11-27 00:00:00","electronic","exchange",2,"[PREMIUM]","2"
"V4KU0MBEB2k","2026-08-15 23:55:45.813","2026-08-28 22:40:06.099","V4KU0MBEB2k","18377293","[PREMIUM]","[PREMIUM]","[PREMIUM]","119","Section 119","11",2,"[]","2026-11-27 00:00:00","electronic","exchange",1,"[PREMIUM]","2"
"g48UromVKKg","2026-08-15 23:55:45.813","2026-08-28 22:40:06.099","g48UromVKKg","18377293","[PREMIUM]","[PREMIUM]","[PREMIUM]","119","Section 119","11",2,"[]","2026-11-28 00:00:00","electronic","exchange",2,"[PREMIUM]","2"
"JABI39r92jp","2026-08-15 23:55:41.618","2026-08-28 22:39:37.114","JABI39r92jp","18377131","[PREMIUM]","[PREMIUM]","[PREMIUM]","223","Section 223","7",4,"[]","2026-11-26 00:00:00","electronic","exchange",0,"[PREMIUM]","2,4"
"2v0cz3BY6JM","2026-08-15 23:55:41.399","2026-08-28 22:38:28.618","2v0cz3BY6JM","18377043","[PREMIUM]","[PREMIUM]","[PREMIUM]","301","Section 301","1",2,"[]","2026-11-23 00:00:00","electronic","exchange",5,"[PREMIUM]","2"
"2v0cz3AxdN6","2026-08-15 23:55:41.399","2026-08-28 22:38:28.618","2v0cz3AxdN6","18377043","[PREMIUM]","[PREMIUM]","[PREMIUM]","238","Section 238","2",2,"[]","2026-11-23 00:00:00","electronic","exchange",0,"[PREMIUM]","2"
"5EjuZ6GKjmb","2026-08-15 23:55:41.399","2026-08-28 22:38:28.618","5EjuZ6GKjmb","18377043","[PREMIUM]","[PREMIUM]","[PREMIUM]","324","Section 324","9",4,"[]","2026-11-24 00:00:00","electronic","exchange",5,"[PREMIUM]","1,2,3,4"
"6mOhkAqM3nB","2026-08-15 23:55:41.399","2026-08-28 22:38:28.618","6mOhkAqM3nB","18377043","[PREMIUM]","[PREMIUM]","[PREMIUM]","302","Section 302","13",5,"[]","2026-11-24 00:00:00","electronic","exchange",1,"[PREMIUM]","1,2,3,4,5"
"9P2c5qw924w","2026-08-15 23:55:41.399","2026-08-28 22:38:28.618","9P2c5qw924w","18377043","[PREMIUM]","[PREMIUM]","[PREMIUM]","328","Section 328","10",8,"[]","2026-11-24 00:00:00","electronic","exchange",2,"[PREMIUM]","1,2,3,4,5,6,7,8"
"DdwHkOaD9da","2026-08-15 23:55:41.399","2026-08-25 22:43:51.398","DdwHkOaD9da","18377043","[PREMIUM]","[PREMIUM]","[PREMIUM]","354","Section 354","7",2,"[]","2026-11-24 00:00:00","electronic","exchange",5,"[PREMIUM]","2"
"EroUXnkMDjd","2026-08-15 23:55:41.399","2026-08-28 22:38:28.618","EroUXnkMDjd","18377043","[PREMIUM]","[PREMIUM]","[PREMIUM]","356","Section 356","15",8,"[]","2026-11-24 00:00:00","electronic","exchange",1,"[PREMIUM]","1,2,3,4,5,6,7,8"
"JABI39rxbdw","2026-08-15 23:55:41.399","2026-08-28 22:38:28.618","JABI39rxbdw","18377043","[PREMIUM]","[PREMIUM]","[PREMIUM]","128","Section 128","15",2,"[]","2026-11-24 00:00:00","electronic","exchange",1,"[PREMIUM]","2"
"LbviLEeKlgO","2026-08-15 23:55:41.399","2026-08-28 22:38:28.618","LbviLEeKlgO","18377043","[PREMIUM]","[PREMIUM]","[PREMIUM]","302","Section 302","8",2,"[]","2026-11-23 00:00:00","electronic","exchange",1,"[PREMIUM]","2"
"LbviLEeeNx4","2026-08-15 23:55:41.399","2026-08-28 22:38:28.618","LbviLEeeNx4","18377043","[PREMIUM]","[PREMIUM]","[PREMIUM]","210","Section 210","4",2,"[]","2026-11-24 00:00:00","electronic","exchange",2,"[PREMIUM]","2"
"ROXHzwbEOoK","2026-08-15 23:55:41.399","2026-08-28 22:38:28.618","ROXHzwbEOoK","18377043","[PREMIUM]","[PREMIUM]","[PREMIUM]","322","Section 322","11",2,"[]","2026-11-23 00:00:00","electronic","exchange",1,"[PREMIUM]","2"
"X03tKjvJbLY","2026-08-15 23:55:41.399","2026-08-28 22:38:28.618","X03tKjvJbLY","18377043","[PREMIUM]","[PREMIUM]","[PREMIUM]","320","Section 320","10",6,"[]","2026-11-24 00:00:00","electronic","exchange",5,"[PREMIUM]","1,2,3,4,5,6"
"YgJtk6L2DGx","2026-08-15 23:55:41.399","2026-08-28 22:38:28.618","YgJtk6L2DGx","18377043","[PREMIUM]","[PREMIUM]","[PREMIUM]","352","Section 352","15",4,"[]","2026-11-24 00:00:00","electronic","exchange",1,"[PREMIUM]","1,2,3,4"
"Zm9hvwGoZ7p","2026-08-15 23:55:41.399","2026-08-28 22:38:28.618","Zm9hvwGoZ7p","18377043","[PREMIUM]","[PREMIUM]","[PREMIUM]","346","Section 346","8",3,"[]","2026-11-24 00:00:00","electronic","exchange",1,"[PREMIUM]","1,2,3"
"Zm9hvwGJvqA","2026-08-15 23:55:41.399","2026-08-28 22:38:28.618","Zm9hvwGJvqA","18377043","[PREMIUM]","[PREMIUM]","[PREMIUM]","336","Section 336","6",3,"[]","2026-11-24 00:00:00","electronic","exchange",1,"[PREMIUM]","1,2,3"
"agktlDZV9Zq","2026-08-15 23:55:41.399","2026-08-28 22:38:28.618","agktlDZV9Zq","18377043","[PREMIUM]","[PREMIUM]","[PREMIUM]","212","Section 212","2",3,"[]","2026-11-24 00:00:00","electronic","exchange",1,"[PREMIUM]","1,2,3"
"agktlDZj8zG","2026-08-15 23:55:41.399","2026-08-28 22:38:28.618","agktlDZj8zG","18377043","[PREMIUM]","[PREMIUM]","[PREMIUM]","378","Section 378","16",6,"[]","2026-11-24 00:00:00","electronic","exchange",5,"[PREMIUM]","1,2,3,4,5,6"
"b4wUaG7bkdk","2026-08-15 23:55:41.399","2026-08-28 22:38:28.618","b4wUaG7bkdk","18377043","[PREMIUM]","[PREMIUM]","[PREMIUM]","350","Section 350","15",6,"[]","2026-11-24 00:00:00","electronic","exchange",1,"[PREMIUM]","1,2,3,4,5,6"
"dNgUg6qX0ko","2026-08-15 23:55:41.399","2026-08-28 22:38:28.618","dNgUg6qX0ko","18377043","[PREMIUM]","[PREMIUM]","[PREMIUM]","216","Section 216","1",2,"[]","2026-11-24 00:00:00","electronic","exchange",0,"[PREMIUM]","2"
"eeacK2qNjVm","2026-08-15 23:55:41.399","2026-08-28 22:38:28.618","eeacK2qNjVm","18377043","[PREMIUM]","[PREMIUM]","[PREMIUM]","380","Section 380","16",8,"[]","2026-11-24 00:00:00","electronic","exchange",5,"[PREMIUM]","1,2,3,4,5,6,7,8"
"g48Urom9nlz","2026-08-15 23:55:41.399","2026-08-28 22:38:28.618","g48Urom9nlz","18377043","[PREMIUM]","[PREMIUM]","[PREMIUM]","374","Section 374","15",4,"[]","2026-11-24 00:00:00","electronic","exchange",1,"[PREMIUM]","1,2,3,4"
"jDvsz7Ne8Ax","2026-08-15 23:55:41.399","2026-08-20 23:35:58.823","jDvsz7Ne8Ax","18377043","[PREMIUM]","[PREMIUM]","[PREMIUM]","148","Section 148","20",2,"[]","2026-11-23 00:00:00","electronic","exchange",5,"[PREMIUM]","2"
"kYet947AJRR","2026-08-15 23:55:41.399","2026-08-28 22:38:28.618","kYet947AJRR","18377043","[PREMIUM]","[PREMIUM]","[PREMIUM]","120","Section 120","7",6,"[]","2026-11-24 00:00:00","electronic","exchange",3,"[PREMIUM]","1,2,3,4,5,6"
"lxVsdLnw9vm","2026-08-15 23:55:41.399","2026-08-28 22:38:28.618","lxVsdLnw9vm","18377043","[PREMIUM]","[PREMIUM]","[PREMIUM]","372","Section 372","10",4,"[]","2026-11-24 00:00:00","electronic","exchange",5,"[PREMIUM]","1,2,3,4"
"nx0srMbo4Vo","2026-08-15 23:55:41.399","2026-08-19 11:50:41.422","nx0srMbo4Vo","18377043","[PREMIUM]","[PREMIUM]","[PREMIUM]","254","Section 254","4",2,"[]","2026-11-23 00:00:00","electronic","exchange",2,"[PREMIUM]","2"
"pVXHDEl7Dzm","2026-08-15 23:55:41.399","2026-08-28 22:38:28.618","pVXHDEl7Dzm","18377043","[PREMIUM]","[PREMIUM]","[PREMIUM]","304","Section 304","10",8,"[]","2026-11-24 00:00:00","electronic","exchange",1,"[PREMIUM]","1,2,3,4,5,6,7,8"
"qVjH2Vljrd5","2026-08-15 23:55:41.399","2026-08-28 22:38:28.618","qVjH2Vljrd5","18377043","[PREMIUM]","[PREMIUM]","[PREMIUM]","326","Section 326","9",8,"[]","2026-11-24 00:00:00","electronic","exchange",1,"[PREMIUM]","1,2,3,4,5,6,7,8"
"rVOHkRV77Vq","2026-08-15 23:55:41.399","2026-08-16 22:27:55.347","rVOHkRV77Vq","18377043","[PREMIUM]","[PREMIUM]","[PREMIUM]","310","Section 310","11",7,"[]","2026-11-24 00:00:00","electronic","exchange",0,"[PREMIUM]","1,2,3,4,5,6,7"
"rVOHkRVPLM8","2026-08-15 23:55:41.399","2026-08-28 22:38:28.618","rVOHkRVPLM8","18377043","[PREMIUM]","[PREMIUM]","[PREMIUM]","358","Section 358","15",6,"[]","2026-11-24 00:00:00","electronic","exchange",1,"[PREMIUM]","1,2,3,4,5,6"
"vb3iPexVgEv","2026-08-15 23:55:41.399","2026-08-28 22:38:28.618","vb3iPexVgEv","18377043","[PREMIUM]","[PREMIUM]","[PREMIUM]","306","Section 306","14",6,"[]","2026-11-24 00:00:00","electronic","exchange",2,"[PREMIUM]","1,2,3,4,5,6"
"9P2c5qwEDxV","2026-08-15 23:55:37.043","2026-08-19 12:00:11.431","9P2c5qwEDxV","18377949","[PREMIUM]","[PREMIUM]","[PREMIUM]","326","Section 326","t",6,"[]","2026-11-27 00:00:00","electronic","exchange",0,"[PREMIUM]","1,2,3,4,5,6"
"b4wUaG7ZlwV","2026-08-15 23:55:37.043","2026-08-15 23:55:37.043","b4wUaG7ZlwV","18377949","[PREMIUM]","[PREMIUM]","[PREMIUM]","328","Section 328","e",2,"[]","2026-11-26 00:00:00","electronic","exchange",5,"[PREMIUM]","2"
"z3Es6qKYJ6a","2026-08-15 23:55:37.043","2026-08-28 22:39:56.511","z3Es6qKYJ6a","18377949","[PREMIUM]","[PREMIUM]","[PREMIUM]","323","Section 323","l",4,"[]","2026-11-26 00:00:00","electronic","exchange",1,"[PREMIUM]","4"
"7KntAlvzxr5","2026-08-15 23:55:32.919","2026-08-28 22:39:23.116","7KntAlvzxr5","18379007","[PREMIUM]","[PREMIUM]","[PREMIUM]","121","Section 121","b",4,"[]","2026-11-25 00:00:00","electronic","exchange",5,"[PREMIUM]","2,4"
"7KntAlvE80a","2026-08-15 23:55:32.919","2026-08-28 22:39:23.116","7KntAlvE80a","18379007","[PREMIUM]","[PREMIUM]","[PREMIUM]","104","Section 104","c",2,"[]","2026-11-25 00:00:00","electronic","exchange",0,"[PREMIUM]","2"
"agktlDZ09ne","2026-08-15 23:55:32.919","2026-08-28 22:39:23.116","agktlDZ09ne","18379007","[PREMIUM]","[PREMIUM]","[PREMIUM]","104","Section 104","c",2,"[]","2026-11-25 00:00:00","electronic","exchange",0,"[PREMIUM]","2"
"lxVsdLn4jZ5","2026-08-15 23:55:32.919","2026-08-15 23:55:32.919","lxVsdLn4jZ5","18379007","[PREMIUM]","[PREMIUM]","[PREMIUM]","106","Section 106","b",2,"[]","2026-11-25 00:00:00","electronic","exchange",0,"[PREMIUM]","2"
"05VT8KraB2l","2026-08-15 23:55:16.279","2026-08-16 22:28:19.939","05VT8KraB2l","18377616","[PREMIUM]","[PREMIUM]","[PREMIUM]","211","Section 211","13",4,"['1','2','3','4']","2026-11-27 00:00:00","electronic","exchange",1,"[PREMIUM]","4"
"JABI39rO5Kq","2026-08-15 23:55:16.279","2026-08-19 12:00:43.251","JABI39rO5Kq","18377616","[PREMIUM]","[PREMIUM]","[PREMIUM]","119","Section 119","22",2,"[]","2026-11-27 00:00:00","electronic","exchange",5,"[PREMIUM]","2"
"3q7fNJRKz9j","2026-08-15 23:55:05.999","2026-08-16 22:28:10.941","3q7fNJRKz9j","18378435","[PREMIUM]","[PREMIUM]","[PREMIUM]","334","Section 334","q",4,"['1','2','3','4']","2026-11-26 00:00:00","electronic","exchange",1,"[PREMIUM]","2,4"
"9P2c5qwXwzL","2026-08-15 23:55:05.999","2026-08-28 11:19:24.960","9P2c5qwXwzL","18378435","[PREMIUM]","[PREMIUM]","[PREMIUM]","301","Section 301","p",2,"['1','2']","2026-11-27 00:00:00","electronic","exchange",2,"[PREMIUM]","2"
"4vXcj9DqN0K","2026-08-15 23:55:03.783","2026-08-19 11:55:35.551","4vXcj9DqN0K","18376712","[PREMIUM]","[PREMIUM]","[PREMIUM]","306","Section 306","4",2,"[]","2026-07-24 00:00:00","electronic","exchange",0,"[PREMIUM]","2"
"9P2c5qwAgo4","2026-08-15 23:55:03.783","2026-08-28 22:39:53.911","9P2c5qwAgo4","18376712","[PREMIUM]","[PREMIUM]","[PREMIUM]","PR03","Premier 3","1",2,"['1','2']","2026-11-24 00:00:00","electronic","exchange",1,"[PREMIUM]","2"
"JABI39rm873","2026-08-15 23:55:03.783","2026-08-28 22:39:53.911","JABI39rm873","18376712","[PREMIUM]","[PREMIUM]","[PREMIUM]","PR07","Premier 7","2",4,"['8','9','10','11']","2026-11-24 00:00:00","electronic","exchange",1,"[PREMIUM]","2,4"
"oV7HbEkJ794","2026-08-15 23:55:03.783","2026-08-28 22:39:53.911","oV7HbEkJ794","18376712","[PREMIUM]","[PREMIUM]","[PREMIUM]","PR07","Premier 7","2",3,"[]","2026-11-24 00:00:00","electronic","exchange",1,"[PREMIUM]","3"
"1rpz9q6","2026-08-15 23:54:58.861","2026-08-28 22:39:50.036","1rpz9q6","18362737","[PREMIUM]","[PREMIUM]","[PREMIUM]","120","Section 120","3",2,"['13','14']",,"electronic","open_marketplace",0,"[PREMIUM]","2"
"2k8eqr7","2026-08-15 23:54:58.861","2026-08-28 22:39:50.036","2k8eqr7","18362737","[PREMIUM]","[PREMIUM]","[PREMIUM]","114","Section 114","25",2,"['15','16']",,"electronic","open_marketplace",2,"[PREMIUM]","2"
"2k88op1","2026-08-15 23:54:58.861","2026-08-28 22:39:50.036","2k88op1","18362737","[PREMIUM]","[PREMIUM]","[PREMIUM]","105","Section 105","15",4,"['12','13','14','15']",,"electronic","open_marketplace",0,"[PREMIUM]","2,4"
"7KntAlM9OLl","2026-08-15 23:54:58.861","2026-08-28 22:39:50.036","7KntAlM9OLl","18362737","[PREMIUM]","[PREMIUM]","[PREMIUM]","119","Section 119","7",8,"['1','2','3','4','5','6','7','8']","2026-08-11 00:00:00","electronic","exchange",0,"[PREMIUM]","1,2,3,4,5,6,8"
"Kezcz6vw0gl","2026-08-15 23:54:58.861","2026-08-18 14:33:28.479","Kezcz6vw0gl","18362737","[PREMIUM]","[PREMIUM]","[PREMIUM]","CL10","Club 10","1",4,"['7','8','9','10']","2026-08-11 00:00:00","electronic","exchange",0,"[PREMIUM]","1,2,4"
"dmrrmkk","2026-08-15 23:54:58.861","2026-08-28 22:39:50.036","dmrrmkk","18362737","[PREMIUM]","[PREMIUM]","[PREMIUM]","309","Section 309","8",2,"['20','21']",,"electronic","open_marketplace",4,"[PREMIUM]","2"
"g47x4p0","2026-08-15 23:54:58.861","2026-08-28 22:39:50.036","g47x4p0","18362737","[PREMIUM]","[PREMIUM]","[PREMIUM]","118","Section 118","3",2,"['3','4']",,"electronic","open_marketplace",0,"[PREMIUM]","2"
"l_0eejqDkiwgx4MSg6VgYZI0GeXGdH1qk9L3F5X6pMQh1N1W0vfd18wQpSWLI1EfPw","2026-08-15 23:54:58.861","2026-08-28 22:39:50.036","l_0eejqDkiwgx4MSg6VgYZI0GeXGdH1qk9L3F5X6pMQh1N1W0vfd18wQpSWLI1EfPw","18362737","[PREMIUM]","[PREMIUM]","[PREMIUM]","324","Section 324","16",8,"['1','2','3','4','5','6','7','8']",,"sg_app","open",1,"[PREMIUM]","1,2,3,4,5,6,8"
"l_455LMrAtx0qPLCE2DEJliybk2bEU39kL4lCGpdDwxtRdRMz3sM6DRxLcD2U5Qilx","2026-08-15 23:54:58.861","2026-08-23 22:47:04.906","l_455LMrAtx0qPLCE2DEJliybk2bEU39kL4lCGpdDwxtRdRMz3sM6DRxLcD2U5Qilx","18362737","[PREMIUM]","[PREMIUM]","[PREMIUM]","111","Section 111","15",2,"['22','23']",,"sg_app","open",0,"[PREMIUM]","2"
"l_455LMrAtx0qPLCE2DEJliybk2bEUND8429cGpdDwxtRdRMz3sM6DRxLcD2U23CJG","2026-08-15 23:54:58.861","2026-08-28 00:40:27.424","l_455LMrAtx0qPLCE2DEJliybk2bEUND8429cGpdDwxtRdRMz3sM6DRxLcD2U23CJG","18362737","[PREMIUM]","[PREMIUM]","[PREMIUM]","112","Section 112","12",2,"['3','4']",,"sg_app","open",3,"[PREMIUM]","2"
"l_R22GlQyI4dzQpCN8MNZdhyX5GXgUqZ5BjNtb0Jd5phDnDbJ9FW0zlXec6dURXugJ","2026-08-15 23:54:58.861","2026-08-28 00:40:27.424","l_R22GlQyI4dzQpCN8MNZdhyX5GXgUqZ5BjNtb0Jd5phDnDbJ9FW0zlXec6dURXugJ","18362737","[PREMIUM]","[PREMIUM]","[PREMIUM]","312","Section 312","15",8,"['11','12','13','14','15','16','17','18']",,"sg_app","open",2,"[PREMIUM]","1,2,3,4,5,6,8"
"l_rQQjD9xFpnVwWsJ4vJRQUrPjMPKu8vjQjpIPzQn4KuPwP5ljiVPnj9lfr8Iw1CnR","2026-08-15 23:54:58.861","2026-08-25 22:44:10.268","l_rQQjD9xFpnVwWsJ4vJRQUrPjMPKu8vjQjpIPzQn4KuPwP5ljiVPnj9lfr8Iw1CnR","18362737","[PREMIUM]","[PREMIUM]","[PREMIUM]","313","Section 313","16",6,"['14','15','16','17','18','19']",,"sg_app","open",2,"[PREMIUM]","1,2,3,4,6"
"l_w88mDbxUkrPZJsAQmAxwSv1N81Jf5R8jW2ubnz39dFnrn39QuBX93DmugPILluxJ","2026-08-15 23:54:58.861","2026-08-28 22:39:50.036","l_w88mDbxUkrPZJsAQmAxwSv1N81Jf5R8jW2ubnz39dFnrn39QuBX93DmugPILluxJ","18362737","[PREMIUM]","[PREMIUM]","[PREMIUM]","306","Section 306","13",6,"['1','2','3','4','5','6']",,"sg_app","open",5,"[PREMIUM]","1,2,3,4,6"
"v6qqj8n","2026-08-15 23:54:58.861","2026-08-28 22:39:50.036","v6qqj8n","18362737","[PREMIUM]","[PREMIUM]","[PREMIUM]","111","Section 111","11",4,"['1','2','3','4']",,"electronic","open_marketplace",1,"[PREMIUM]","4"
"y4q2007","2026-08-15 23:54:58.861","2026-08-15 23:54:58.861","y4q2007","18362737","[PREMIUM]","[PREMIUM]","[PREMIUM]","329","Section 329","4",2,"['11','12']",,"electronic","open_marketplace",5,"[PREMIUM]","2"
"6mOhkAqrXLk","2026-08-15 23:54:54.074","2026-08-16 22:28:08.232","6mOhkAqrXLk","18378764","[PREMIUM]","[PREMIUM]","[PREMIUM]","205","Section 205","i",2,"[]","2026-11-27 00:00:00","electronic","exchange",3,"[PREMIUM]","1,2"
"2v0cz3AxVek","2026-08-15 23:54:51.228","2026-08-16 22:27:39.748","2v0cz3AxVek","18378677","[PREMIUM]","[PREMIUM]","[PREMIUM]","212","Section 212","f",3,"[]","2026-11-21 00:00:00","electronic","exchange",1,"[PREMIUM]","1,2,3"
"3q7fNJR3j4K","2026-08-15 23:54:51.228","2026-08-28 11:15:30.976","3q7fNJR3j4K","18378677","[PREMIUM]","[PREMIUM]","[PREMIUM]","115","Section 115","g",2,"[]","2026-11-20 00:00:00","electronic","exchange",1,"[PREMIUM]","2"
"6mOhkAqGpM0","2026-08-15 23:54:51.228","2026-08-28 11:15:30.976","6mOhkAqGpM0","18378677","[PREMIUM]","[PREMIUM]","[PREMIUM]","326","Section 326","k",4,"['16','17','18','19']","2026-11-21 00:00:00","electronic","exchange",0,"[PREMIUM]","1,2,4"
"7KntAlv57xp","2026-08-15 23:54:51.228","2026-08-28 11:15:30.976","7KntAlv57xp","18378677","[PREMIUM]","[PREMIUM]","[PREMIUM]","110","Section 110","p",4,"[]","2026-11-20 00:00:00","electronic","exchange",4,"[PREMIUM]","4"
"A6rs27bbvg0","2026-08-15 23:54:51.228","2026-08-18 14:11:50.161","A6rs27bbvg0","18378677","[PREMIUM]","[PREMIUM]","[PREMIUM]","330","Section 330","j",4,"[]","2026-11-20 00:00:00","electronic","exchange",3,"[PREMIUM]","4"
"A6rs27brkZg","2026-08-15 23:54:51.228","2026-08-28 11:15:30.976","A6rs27brkZg","18378677","[PREMIUM]","[PREMIUM]","[PREMIUM]","101","Section 101","j",2,"[]","2026-11-20 00:00:00","electronic","exchange",1,"[PREMIUM]","2"
"GAaI62EY8X9","2026-08-15 23:54:51.228","2026-08-28 11:15:30.976","GAaI62EY8X9","18378677","[PREMIUM]","[PREMIUM]","[PREMIUM]","116","Section 116","j",4,"[]","2026-11-20 00:00:00","electronic","exchange",0,"[PREMIUM]","2,4"
"PX0sgL3Ym20","2026-08-15 23:54:51.228","2026-08-28 11:15:30.976","PX0sgL3Ym20","18378677","[PREMIUM]","[PREMIUM]","[PREMIUM]","117","Section 117","t",4,"[]","2026-11-20 00:00:00","electronic","exchange",2,"[PREMIUM]","2,4"
"agktlDZKdNw","2026-08-15 23:54:51.228","2026-08-28 11:15:30.976","agktlDZKdNw","18378677","[PREMIUM]","[PREMIUM]","[PREMIUM]","109","Section 109","d",2,"[]","2026-11-20 00:00:00","electronic","exchange",1,"[PREMIUM]","2"
"g48UromBZdl","2026-08-15 23:54:51.228","2026-08-28 11:15:30.976","g48UromBZdl","18378677","[PREMIUM]","[PREMIUM]","[PREMIUM]","115","Section 115","g",2,"[]","2026-11-20 00:00:00","electronic","exchange",1,"[PREMIUM]","2"
"lxVsdLnK33o","2026-08-15 23:54:51.228","2026-08-20 23:25:09.266","lxVsdLnK33o","18378677","[PREMIUM]","[PREMIUM]","[PREMIUM]","117","Section 117","l",7,"[]","2026-11-21 00:00:00","electronic","exchange",1,"[PREMIUM]","1,2,3,4,5,6,7"
"nx0srMbmZep","2026-08-15 23:54:51.228","2026-08-28 11:15:30.976","nx0srMbmZep","18378677","[PREMIUM]","[PREMIUM]","[PREMIUM]","310","Section 310","k",4,"[]","2026-11-20 00:00:00","electronic","exchange",0,"[PREMIUM]","2,4"
"qVjH2VlNmDM","2026-08-15 23:54:51.228","2026-08-16 22:27:39.748","qVjH2VlNmDM","18378677","[PREMIUM]","[PREMIUM]","[PREMIUM]","112","Section 112","s",3,"[]","2026-11-21 00:00:00","electronic","exchange",1,"[PREMIUM]","1,2,3"
"rVOHkRVv7X7","2026-08-15 23:54:51.228","2026-08-28 11:15:30.976","rVOHkRVv7X7","18378677","[PREMIUM]","[PREMIUM]","[PREMIUM]","201","Section 201","c",2,"[]","2026-11-20 00:00:00","electronic","exchange",2,"[PREMIUM]","2"
"z3Es6qKM2Gp","2026-08-15 23:54:51.228","2026-08-28 11:15:30.976","z3Es6qKM2Gp","18378677","[PREMIUM]","[PREMIUM]","[PREMIUM]","108","Section 108","p",4,"[]","2026-11-20 00:00:00","electronic","exchange",0,"[PREMIUM]","2,4"
"DdwHkOa8EYe","2026-08-15 23:54:18.679","2026-08-28 22:39:45.840","DdwHkOa8EYe","18376802","[PREMIUM]","[PREMIUM]","[PREMIUM]","108","Section 108","27",5,"[]","2026-11-26 00:00:00","electronic","exchange",3,"[PREMIUM]","1,2,3,4,5"
"kYet9475RpY","2026-08-15 23:54:18.679","2026-08-19 11:54:05.453","kYet9475RpY","18376802","[PREMIUM]","[PREMIUM]","[PREMIUM]","108","Section 108","24",2,"[]","2026-11-26 00:00:00","electronic","exchange",3,"[PREMIUM]","2"
"2v0cz3ARegn","2026-08-15 23:54:15.735","2026-08-28 22:39:37.983","2v0cz3ARegn","18377212","[PREMIUM]","[PREMIUM]","[PREMIUM]","313","Section 313","12",8,"[]","2026-11-26 00:00:00","electronic","exchange",1,"[PREMIUM]","1,2,3,4,5,6,7,8"
"3q7fNJRlYVM","2026-08-15 23:54:15.735","2026-08-16 22:28:05.969","3q7fNJRlYVM","18377212","[PREMIUM]","[PREMIUM]","[PREMIUM]","306","Section 306","8",11,"[]","2026-11-25 00:00:00","electronic","exchange",0,"[PREMIUM]","2,3,4,5,6,7,8,9,10,11"
"3q7fNJRGRKA","2026-08-15 23:54:15.735","2026-08-28 22:39:37.983","3q7fNJRGRKA","18377212","[PREMIUM]","[PREMIUM]","[PREMIUM]","314","Section 314","2",2,"[]","2026-11-25 00:00:00","electronic","exchange",5,"[PREMIUM]","2"
"3q7fNJRDljv","2026-08-15 23:54:15.735","2026-08-28 22:39:37.983","3q7fNJRDljv","18377212","[PREMIUM]","[PREMIUM]","[PREMIUM]","122","Section 122","3",2,"[]","2026-11-25 00:00:00","electronic","exchange",5,"[PREMIUM]","2"
"5EjuZ6GBGEw","2026-08-15 23:54:15.735","2026-08-21 23:27:30.113","5EjuZ6GBGEw","18377212","[PREMIUM]","[PREMIUM]","[PREMIUM]","110","Section 110","2",2,"[]","2026-11-25 00:00:00","electronic","exchange",2,"[PREMIUM]","2"
"5EjuZ6Gol3L","2026-08-15 23:54:15.735","2026-08-16 22:28:05.969","5EjuZ6Gol3L","18377212","[PREMIUM]","[PREMIUM]","[PREMIUM]","101","Section 101","19",8,"[]","2026-11-25 00:00:00","electronic","exchange",4,"[PREMIUM]","1,2,3,4,5,6,7,8"
"6mOhkAqnzmO","2026-08-15 23:54:15.735","2026-08-19 11:53:50.157","6mOhkAqnzmO","18377212","[PREMIUM]","[PREMIUM]","[PREMIUM]","107","Section 107","10",2,"[]","2026-11-26 00:00:00","electronic","exchange",2,"[PREMIUM]","1,2"
"7KntAlvBY3b","2026-08-15 23:54:15.735","2026-08-16 22:28:05.969","7KntAlvBY3b","18377212","[PREMIUM]","[PREMIUM]","[PREMIUM]","330","Section 330","7",7,"[]","2026-11-25 00:00:00","electronic","exchange",4,"[PREMIUM]","2,3,4,5,6,7"
"8lKt6Y4Kreg","2026-08-15 23:54:15.735","2026-08-19 11:53:50.157","8lKt6Y4Kreg","18377212","[PREMIUM]","[PREMIUM]","[PREMIUM]","103","Section 103","19",8,"[]","2026-11-26 00:00:00","electronic","exchange",2,"[PREMIUM]","1,2,3,4,5,6,7,8"
"9P2c5qw2xmP","2026-08-15 23:54:15.735","2026-08-16 22:28:05.969","9P2c5qw2xmP","18377212","[PREMIUM]","[PREMIUM]","[PREMIUM]","314","Section 314","12",7,"[]","2026-11-25 00:00:00","electronic","exchange",2,"[PREMIUM]","1,2,3,4,5,6,7"
"9P2c5qwan6L","2026-08-15 23:54:15.735","2026-08-16 22:28:05.969","9P2c5qwan6L","18377212","[PREMIUM]","[PREMIUM]","[PREMIUM]","101","Section 101","19",8,"[]","2026-11-25 00:00:00","electronic","exchange",2,"[PREMIUM]","2,3,4,5,6,7,8"
"9P2c5qwr70B","2026-08-15 23:54:15.735","2026-08-19 11:53:50.157","9P2c5qwr70B","18377212","[PREMIUM]","[PREMIUM]","[PREMIUM]","306","Section 306","8",2,"[]","2026-11-26 00:00:00","electronic","exchange",0,"[PREMIUM]","2"
"A6rs27bA7P0","2026-08-15 23:54:15.735","2026-08-18 14:33:10.419","A6rs27bA7P0","18377212","[PREMIUM]","[PREMIUM]","[PREMIUM]","334","Section 334","12",3,"[]","2026-11-25 00:00:00","electronic","exchange",3,"[PREMIUM]","3"
"DdwHkOaZVXR","2026-08-15 23:54:15.735","2026-08-19 11:53:50.157","DdwHkOaZVXR","18377212","[PREMIUM]","[PREMIUM]","[PREMIUM]","322","Section 322","13",8,"[]","2026-11-25 00:00:00","electronic","exchange",3,"[PREMIUM]","1,2,3,4,5,6,7,8"
"DdwHkOao6Lg","2026-08-15 23:54:15.735","2026-08-19 11:53:50.157","DdwHkOao6Lg","18377212","[PREMIUM]","[PREMIUM]","[PREMIUM]","103","Section 103","19",8,"[]","2026-11-25 00:00:00","electronic","exchange",2,"[PREMIUM]","2,3,4,5,6,7,8"
"DdwHkOawka9","2026-08-15 23:54:15.735","2026-08-16 22:28:05.969","DdwHkOawka9","18377212","[PREMIUM]","[PREMIUM]","[PREMIUM]","314","Section 314","12",7,"[]","2026-11-26 00:00:00","electronic","exchange",1,"[PREMIUM]","1,2,3,4,5,6,7"
"JABI39r2b07","2026-08-15 23:54:15.735","2026-08-16 22:28:05.969","JABI39r2b07","18377212","[PREMIUM]","[PREMIUM]","[PREMIUM]","324","Section 324","13",6,"[]","2026-11-26 00:00:00","electronic","exchange",1,"[PREMIUM]","1,2,3,4,5,6"
"Kezcz6BgBNV","2026-08-15 23:54:15.735","2026-08-15 23:54:15.735","Kezcz6BgBNV","18377212","[PREMIUM]","[PREMIUM]","[PREMIUM]","220","Section 220","1",2,"[]","2026-11-25 00:00:00","electronic","exchange",2,"[PREMIUM]","2"
"LbviLEeVqM5","2026-08-15 23:54:15.735","2026-08-19 11:53:50.157","LbviLEeVqM5","18377212","[PREMIUM]","[PREMIUM]","[PREMIUM]","334","Section 334","16",10,"[]","2026-11-26 00:00:00","electronic","exchange",2,"[PREMIUM]","1,2,3,4,5,6,7,8,9,10"
"LbviLEeOe2P","2026-08-15 23:54:15.735","2026-08-28 22:39:37.983","LbviLEeOe2P","18377212","[PREMIUM]","[PREMIUM]","[PREMIUM]","121","Section 121","19",4,"[]","2026-11-25 00:00:00","electronic","exchange",3,"[PREMIUM]","4"
"O7AhwrLlj8G","2026-08-15 23:54:15.735","2026-08-19 11:53:50.157","O7AhwrLlj8G","18377212","[PREMIUM]","[PREMIUM]","[PREMIUM]","103","Section 103","19",8,"[]","2026-11-25 00:00:00","electronic","exchange",3,"[PREMIUM]","1,2,3,4,5,6,7,8"
"PX0sgL3386v","2026-08-15 23:54:15.735","2026-08-15 23:54:15.735","PX0sgL3386v","18377212","[PREMIUM]","[PREMIUM]","[PREMIUM]","306","Section 306","8",2,"[]","2026-11-26 00:00:00","electronic","exchange",0,"[PREMIUM]","1,2"
"PX0sgL3GzYm","2026-08-15 23:54:15.735","2026-08-28 22:39:37.983","PX0sgL3GzYm","18377212","[PREMIUM]","[PREMIUM]","[PREMIUM]","214","Section 214","7",3,"['4','5','6']","2026-11-26 00:00:00","electronic","exchange",4,"[PREMIUM]","1,3"
"ROXHzwbmmg3","2026-08-15 23:54:15.735","2026-08-19 11:53:50.157","ROXHzwbmmg3","18377212","[PREMIUM]","[PREMIUM]","[PREMIUM]","328","Section 328","12",4,"[]","2026-11-25 00:00:00","electronic","exchange",2,"[PREMIUM]","1,2,3,4"
"V4KU0MBGBg9","2026-08-15 23:54:15.735","2026-08-18 14:33:10.419","V4KU0MBGBg9","18377212","[PREMIUM]","[PREMIUM]","[PREMIUM]","218","Section 218","8",2,"[]","2026-11-25 00:00:00","electronic","exchange",5,"[PREMIUM]","2"
"V4KU0MBYPkG","2026-08-15 23:54:15.735","2026-08-28 22:39:37.983","V4KU0MBYPkG","18377212","[PREMIUM]","[PREMIUM]","[PREMIUM]","110","Section 110","15",2,"[]","2026-11-26 00:00:00","electronic","exchange",2,"[PREMIUM]","2"
"X03tKjv0e5B","2026-08-15 23:54:15.735","2026-08-16 22:28:05.969","X03tKjv0e5B","18377212","[PREMIUM]","[PREMIUM]","[PREMIUM]","103","Section 103","17",6,"[]","2026-11-26 00:00:00","electronic","exchange",2,"[PREMIUM]","1,2,3,4,5,6"
"X03tKjvoqA7","2026-08-15 23:54:15.735","2026-08-18 14:33:10.419","X03tKjvoqA7","18377212","[PREMIUM]","[PREMIUM]","[PREMIUM]","101","Section 101","19",6,"[]","2026-11-26 00:00:00","electronic","exchange",1,"[PREMIUM]","1,2,3,4,5,6"
"X03tKjvp36K","2026-08-15 23:54:15.735","2026-08-18 14:33:10.419","X03tKjvp36K","18377212","[PREMIUM]","[PREMIUM]","[PREMIUM]","311","Section 311","7",4,"[]","2026-11-26 00:00:00","electronic","exchange",0,"[PREMIUM]","1,2,3,4"
"YgJtk6L382o","2026-08-15 23:54:15.735","2026-08-16 22:28:05.969","YgJtk6L382o","18377212","[PREMIUM]","[PREMIUM]","[PREMIUM]","330","Section 330","12",6,"[]","2026-11-25 00:00:00","electronic","exchange",1,"[PREMIUM]","2,3,4,5,6"
"eeacK2qNN3E","2026-08-15 23:54:15.735","2026-08-19 11:53:50.157","eeacK2qNN3E","18377212","[PREMIUM]","[PREMIUM]","[PREMIUM]","328","Section 328","12",4,"[]","2026-11-25 00:00:00","electronic","exchange",2,"[PREMIUM]","1,2,3,4"
"kYet947m7XN","2026-08-15 23:54:15.735","2026-08-16 22:28:05.969","kYet947m7XN","18377212","[PREMIUM]","[PREMIUM]","[PREMIUM]","314","Section 314","12",7,"[]","2026-11-25 00:00:00","electronic","exchange",1,"[PREMIUM]","2,3,4,5,6,7"
"kYet947X4d0","2026-08-15 23:54:15.735","2026-08-28 22:39:37.983","kYet947X4d0","18377212","[PREMIUM]","[PREMIUM]","[PREMIUM]","301","Section 301","15",3,"[]","2026-11-25 00:00:00","electronic","exchange",5,"[PREMIUM]","3"
"lxVsdLn76Y4","2026-08-15 23:54:15.735","2026-08-18 14:33:10.419","lxVsdLn76Y4","18377212","[PREMIUM]","[PREMIUM]","[PREMIUM]","122","Section 122","11",2,"[]","2026-11-26 00:00:00","electronic","exchange",1,"[PREMIUM]","2"
"lxVsdLnPk9r","2026-08-15 23:54:15.735","2026-08-23 22:46:49.775","lxVsdLnPk9r","18377212","[PREMIUM]","[PREMIUM]","[PREMIUM]","328","Section 328","12",4,"[]","2026-11-26 00:00:00","electronic","exchange",0,"[PREMIUM]","1,2,3,4"
"lxVsdLnz5AA","2026-08-15 23:54:15.735","2026-08-16 22:28:05.969","lxVsdLnz5AA","18377212","[PREMIUM]","[PREMIUM]","[PREMIUM]","101","Section 101","19",8,"[]","2026-11-25 00:00:00","electronic","exchange",3,"[PREMIUM]","1,2,3,4,5,6,7,8"
"lxVsdLnxnVK","2026-08-15 23:54:15.735","2026-08-28 22:39:37.983","lxVsdLnxnVK","18377212","[PREMIUM]","[PREMIUM]","[PREMIUM]","105","Section 105","17",2,"[]","2026-11-25 00:00:00","electronic","exchange",5,"[PREMIUM]","2"
"mxAs4YM0EvE","2026-08-15 23:54:15.735","2026-08-19 11:53:50.157","mxAs4YM0EvE","18377212","[PREMIUM]","[PREMIUM]","[PREMIUM]","109","Section 109","11",2,"[]","2026-11-26 00:00:00","electronic","exchange",1,"[PREMIUM]","2"
"oV7HbEkAaPK","2026-08-15 23:54:15.735","2026-08-16 22:28:05.969","oV7HbEkAaPK","18377212","[PREMIUM]","[PREMIUM]","[PREMIUM]","314","Section 314","12",7,"[]","2026-11-25 00:00:00","electronic","exchange",2,"[PREMIUM]","1,2,3,4,5,6,7"
"vb3iPexxxaa","2026-08-15 23:54:15.735","2026-08-16 22:28:05.969","vb3iPexxxaa","18377212","[PREMIUM]","[PREMIUM]","[PREMIUM]","306","Section 306","8",11,"[]","2026-11-26 00:00:00","electronic","exchange",0,"[PREMIUM]","1,2,3,4,5,6,7,8,9,10,11"
"w3Jsed7kGgN","2026-08-15 23:54:15.735","2026-08-16 22:28:05.969","w3Jsed7kGgN","18377212","[PREMIUM]","[PREMIUM]","[PREMIUM]","330","Section 330","7",7,"[]","2026-11-26 00:00:00","electronic","exchange",4,"[PREMIUM]","1,2,3,4,5,6,7"
"xb9imBdG36Y","2026-08-15 23:54:15.735","2026-08-18 14:33:10.419","xb9imBdG36Y","18377212","[PREMIUM]","[PREMIUM]","[PREMIUM]","102","Section 102","18",2,"[]","2026-11-26 00:00:00","electronic","exchange",2,"[PREMIUM]","2"
"xb9imBdqexN","2026-08-15 23:54:15.735","2026-08-19 11:53:50.157","xb9imBdqexN","18377212","[PREMIUM]","[PREMIUM]","[PREMIUM]","334","Section 334","16",6,"[]","2026-11-26 00:00:00","electronic","exchange",1,"[PREMIUM]","1,2,3,4,5,6"
"z3Es6qKKKnL","2026-08-15 23:54:15.735","2026-08-18 14:33:10.419","z3Es6qKKKnL","18377212","[PREMIUM]","[PREMIUM]","[PREMIUM]","312","Section 312","9",4,"[]","2026-11-26 00:00:00","electronic","exchange",0,"[PREMIUM]","1,2,3,4"
"z3Es6qKkL7P","2026-08-15 23:54:15.735","2026-08-16 22:28:05.969","z3Es6qKkL7P","18377212","[PREMIUM]","[PREMIUM]","[PREMIUM]","330","Section 330","7",4,"[]","2026-11-26 00:00:00","electronic","exchange",2,"[PREMIUM]","1,2,3,4"
"z3Es6qKGKJX","2026-08-15 23:54:15.735","2026-08-28 22:39:37.983","z3Es6qKGKJX","18377212","[PREMIUM]","[PREMIUM]","[PREMIUM]","101","Section 101","12",4,"[]","2026-11-25 00:00:00","electronic","exchange",1,"[PREMIUM]","4"
"3q7fNJRGR2z","2026-08-15 23:54:14.489","2026-08-23 22:46:36.274","3q7fNJRGR2z","18378351","[PREMIUM]","[PREMIUM]","[PREMIUM]","102","Section 102","3",2,"[]","2026-11-26 00:00:00","electronic","exchange",5,"[PREMIUM]","2"
"6mOhkAqq6rl","2026-08-15 23:54:14.489","2026-08-28 22:39:18.258","6mOhkAqq6rl","18378351","[PREMIUM]","[PREMIUM]","[PREMIUM]","111","Section 111","6",4,"['6','7','8','9']","2026-11-26 00:00:00","electronic","exchange",0,"[PREMIUM]","1,2,4"
"9P2c5qwaJM5","2026-08-15 23:54:14.489","2026-08-19 11:51:19.540","9P2c5qwaJM5","18378351","[PREMIUM]","[PREMIUM]","[PREMIUM]","109","Section 109","17",4,"[]","2026-11-25 00:00:00","electronic","exchange",2,"[PREMIUM]","1,2,3,4"
"Kezcz6BxGx0","2026-08-15 23:54:14.489","2026-08-19 11:51:19.540","Kezcz6BxGx0","18378351","[PREMIUM]","[PREMIUM]","[PREMIUM]","109","Section 109","17",4,"[]","2026-11-25 00:00:00","electronic","exchange",2,"[PREMIUM]","1,2,3,4"
"LbviLEex6YM","2026-08-15 23:54:14.489","2026-08-19 11:51:19.540","LbviLEex6YM","18378351","[PREMIUM]","[PREMIUM]","[PREMIUM]","109","Section 109","17",4,"[]","2026-11-26 00:00:00","electronic","exchange",1,"[PREMIUM]","2,4"
"V4KU0MBpRqd","2026-08-15 23:54:14.489","2026-08-19 11:51:19.540","V4KU0MBpRqd","18378351","[PREMIUM]","[PREMIUM]","[PREMIUM]","109","Section 109","17",4,"[]","2026-11-26 00:00:00","electronic","exchange",1,"[PREMIUM]","2,4"
"V4KU0MBxRvO","2026-08-15 23:54:14.489","2026-08-28 22:39:18.258","V4KU0MBxRvO","18378351","[PREMIUM]","[PREMIUM]","[PREMIUM]","205A","Section 205 A","3",2,"[]","2026-11-25 00:00:00","electronic","exchange",2,"[PREMIUM]","2"
"dNgUg6qE7Nv","2026-08-15 23:54:14.489","2026-08-19 11:51:19.540","dNgUg6qE7Nv","18378351","[PREMIUM]","[PREMIUM]","[PREMIUM]","109","Section 109","17",4,"[]","2026-11-26 00:00:00","electronic","exchange",1,"[PREMIUM]","1,2,3,4"
"mxAs4YMmz2d","2026-08-15 23:54:14.489","2026-08-15 23:54:14.489","mxAs4YMmz2d","18378351","[PREMIUM]","[PREMIUM]","[PREMIUM]","Revolutionary Row","Revolutionary Row","1",5,"['109','110','111','112','113']","2026-11-26 00:00:00","electronic","exchange",5,"[PREMIUM]","1,2,3,5"
"rVOHkRVZo0N","2026-08-15 23:54:14.489","2026-08-19 11:51:19.540","rVOHkRVZo0N","18378351","[PREMIUM]","[PREMIUM]","[PREMIUM]","109","Section 109","17",4,"[]","2026-11-26 00:00:00","electronic","exchange",1,"[PREMIUM]","2,4"
"2v0cz3ArGOg","2026-08-15 23:54:11.783","2026-08-28 22:42:03.427","2v0cz3ArGOg","18378846","[PREMIUM]","[PREMIUM]","[PREMIUM]","432","Section 432","p",6,"[]","2026-11-26 00:00:00","electronic","exchange",2,"[PREMIUM]","1,2,3,4,5,6"
"9P2c5qw8Rgp","2026-08-15 23:54:11.783","2026-08-19 11:53:56.561","9P2c5qw8Rgp","18378846","[PREMIUM]","[PREMIUM]","[PREMIUM]","433","Section 433","k",6,"[]","2026-11-26 00:00:00","electronic","exchange",1,"[PREMIUM]","1,2,3,4,5,6"
"A6rs27bAedB","2026-08-15 23:54:11.783","2026-08-28 22:42:03.427","A6rs27bAedB","18378846","[PREMIUM]","[PREMIUM]","[PREMIUM]","229","Section 229","a",2,"[]","2026-11-25 00:00:00","electronic","exchange",2,"[PREMIUM]","2"
"GAaI62EVl3E","2026-08-15 23:54:11.783","2026-08-28 22:42:03.427","GAaI62EVl3E","18378846","[PREMIUM]","[PREMIUM]","[PREMIUM]","109","Section 109","d",2,"[]","2026-11-25 00:00:00","electronic","exchange",2,"[PREMIUM]","2"
"JABI39rBABG","2026-08-15 23:54:11.783","2026-08-23 22:48:18.844","JABI39rBABG","18378846","[PREMIUM]","[PREMIUM]","[PREMIUM]","201","Section 201","g",6,"[]","2026-11-26 00:00:00","electronic","exchange",1,"[PREMIUM]","6"
"JABI39rkDX7","2026-08-15 23:54:11.783","2026-08-28 22:42:03.427","JABI39rkDX7","18378846","[PREMIUM]","[PREMIUM]","[PREMIUM]","426","Section 426","a",2,"[]","2026-11-25 00:00:00","electronic","exchange",2,"[PREMIUM]","2"
"Kezcz6BY94X","2026-08-15 23:54:11.783","2026-08-28 22:42:03.427","Kezcz6BY94X","18378846","[PREMIUM]","[PREMIUM]","[PREMIUM]","433","Section 433","p",6,"[]","2026-11-26 00:00:00","electronic","exchange",2,"[PREMIUM]","1,2,3,4,5,6"
"O7AhwrLY4OA","2026-08-15 23:54:11.783","2026-08-28 22:42:03.427","O7AhwrLY4OA","18378846","[PREMIUM]","[PREMIUM]","[PREMIUM]","415","Section 415","m",2,"[]","2026-11-26 00:00:00","electronic","exchange",2,"[PREMIUM]","1,2"
"jDvsz7NDMJl","2026-08-15 23:54:11.783","2026-08-28 22:42:03.427","jDvsz7NDMJl","18378846","[PREMIUM]","[PREMIUM]","[PREMIUM]","408","Section 408","p",2,"[]","2026-11-26 00:00:00","electronic","exchange",2,"[PREMIUM]","1,2"
"nx0srMbmnJV","2026-08-15 23:54:11.783","2026-08-25 22:44:02.886","nx0srMbmnJV","18378846","[PREMIUM]","[PREMIUM]","[PREMIUM]","426","Section 426","p",6,"[]","2026-11-26 00:00:00","electronic","exchange",2,"[PREMIUM]","1,2,3,4,5,6"
"pVXHDEl4M4p","2026-08-15 23:54:11.783","2026-08-21 23:27:21.081","pVXHDEl4M4p","18378846","[PREMIUM]","[PREMIUM]","[PREMIUM]","202","Section 202","d",4,"[]","2026-11-26 00:00:00","electronic","exchange",2,"[PREMIUM]","4"
"2v0cz3AJNKO","2026-08-15 23:54:11.364","2026-08-23 22:48:07.243","2v0cz3AJNKO","18378681","[PREMIUM]","[PREMIUM]","[PREMIUM]","305","Section 305","c",2,"[]","2026-11-25 00:00:00","electronic","exchange",3,"[PREMIUM]","2"
"3q7fNJR9j76","2026-08-15 23:54:11.364","2026-08-19 11:55:31.970","3q7fNJR9j76","18378681","[PREMIUM]","[PREMIUM]","[PREMIUM]","320","Section 320","s",4,"[]","2026-11-25 00:00:00","electronic","exchange",4,"[PREMIUM]","4"
"3q7fNJRbeKr","2026-08-15 23:54:11.364","2026-08-28 11:20:54.372","3q7fNJRbeKr","18378681","[PREMIUM]","[PREMIUM]","[PREMIUM]","327","Section 327","k",4,"[]","2026-11-25 00:00:00","electronic","exchange",2,"[PREMIUM]","4"
"5EjuZ6GO5nK","2026-08-15 23:54:11.364","2026-08-18 14:28:43.535","5EjuZ6GO5nK","18378681","[PREMIUM]","[PREMIUM]","[PREMIUM]","214","Section 214","a",4,"[]","2026-11-25 00:00:00","electronic","exchange",4,"[PREMIUM]","4"
"5EjuZ6GOdM6","2026-08-15 23:54:11.364","2026-08-28 11:20:54.372","5EjuZ6GOdM6","18378681","[PREMIUM]","[PREMIUM]","[PREMIUM]","330","Section 330","j",4,"[]","2026-11-25 00:00:00","electronic","exchange",5,"[PREMIUM]","4"
"6mOhkAqbYn4","2026-08-15 23:54:11.364","2026-08-28 11:20:54.372","6mOhkAqbYn4","18378681","[PREMIUM]","[PREMIUM]","[PREMIUM]","101","Section 101","j",2,"[]","2026-11-25 00:00:00","electronic","exchange",0,"[PREMIUM]","2"
"6mOhkAqaYVD","2026-08-15 23:54:11.364","2026-08-28 11:20:54.372","6mOhkAqaYVD","18378681","[PREMIUM]","[PREMIUM]","[PREMIUM]","309","Section 309","k",2,"[]","2026-11-25 00:00:00","electronic","exchange",4,"[PREMIUM]","2"
"8lKt6Y4jDej","2026-08-15 23:54:11.364","2026-08-28 11:20:54.372","8lKt6Y4jDej","18378681","[PREMIUM]","[PREMIUM]","[PREMIUM]","117","Section 117","t",4,"[]","2026-11-25 00:00:00","electronic","exchange",1,"[PREMIUM]","2,4"
"9P2c5qwzMYE","2026-08-15 23:54:11.364","2026-08-28 11:20:54.372","9P2c5qwzMYE","18378681","[PREMIUM]","[PREMIUM]","[PREMIUM]","108","Section 108","p",4,"[]","2026-11-25 00:00:00","electronic","exchange",1,"[PREMIUM]","2,4"
"9P2c5qwNZql","2026-08-15 23:54:11.364","2026-08-28 11:20:54.372","9P2c5qwNZql","18378681","[PREMIUM]","[PREMIUM]","[PREMIUM]","305","Section 305","c",3,"[]","2026-11-25 00:00:00","electronic","exchange",4,"[PREMIUM]","3"
"9P2c5qwG48a","2026-08-15 23:54:11.364","2026-08-28 11:20:54.372","9P2c5qwG48a","18378681","[PREMIUM]","[PREMIUM]","[PREMIUM]","122","Section 122","u",4,"[]","2026-11-25 00:00:00","electronic","exchange",1,"[PREMIUM]","4"
"X03tKjvw9lD","2026-08-15 23:54:11.364","2026-08-28 11:20:54.372","X03tKjvw9lD","18378681","[PREMIUM]","[PREMIUM]","[PREMIUM]","115","Section 115","g",2,"[]","2026-11-25 00:00:00","electronic","exchange",2,"[PREMIUM]","2"
"X03tKjv9YEz","2026-08-15 23:54:11.364","2026-08-28 11:20:54.372","X03tKjv9YEz","18378681","[PREMIUM]","[PREMIUM]","[PREMIUM]","309","Section 309","b",2,"[]","2026-11-25 00:00:00","electronic","exchange",2,"[PREMIUM]","2"
"agktlDZY832","2026-08-15 23:54:11.364","2026-08-28 11:20:54.372","agktlDZY832","18378681","[PREMIUM]","[PREMIUM]","[PREMIUM]","116","Section 116","j",4,"[]","2026-11-25 00:00:00","electronic","exchange",0,"[PREMIUM]","2,4"
"agktlDZKdnw","2026-08-15 23:54:11.364","2026-08-28 11:20:54.372","agktlDZKdnw","18378681","[PREMIUM]","[PREMIUM]","[PREMIUM]","328","Section 328","b",2,"[]","2026-11-25 00:00:00","electronic","exchange",2,"[PREMIUM]","2"
"agktlDZK48X","2026-08-15 23:54:11.364","2026-08-18 14:28:43.535","agktlDZK48X","18378681","[PREMIUM]","[PREMIUM]","[PREMIUM]","201","Section 201","c",2,"[]","2026-11-25 00:00:00","electronic","exchange",2,"[PREMIUM]","2"
"g48Uromwn9q","2026-08-15 23:54:11.364","2026-08-28 11:20:54.372","g48Uromwn9q","18378681","[PREMIUM]","[PREMIUM]","[PREMIUM]","310","Section 310","k",4,"[]","2026-11-25 00:00:00","electronic","exchange",0,"[PREMIUM]","2,4"
"kYet947mLml","2026-08-15 23:54:11.364","2026-08-15 23:54:11.364","kYet947mLml","18378681","[PREMIUM]","[PREMIUM]","[PREMIUM]","129","Section 129","c",2,"[]","2026-11-25 00:00:00","electronic","exchange",1,"[PREMIUM]","2"
"kYet94Xm8bB","2026-08-15 23:54:11.364","2026-08-15 23:54:11.364","kYet94Xm8bB","18378681","[PREMIUM]","[PREMIUM]","[PREMIUM]","106","Section 106","r",2,"[]","2026-11-25 00:00:00","electronic","exchange",3,"[PREMIUM]","2"
"kYet947odp5","2026-08-15 23:54:11.364","2026-08-28 11:20:54.372","kYet947odp5","18378681","[PREMIUM]","[PREMIUM]","[PREMIUM]","206","Section 206","b",2,"[]","2026-11-26 00:00:00","electronic","exchange",1,"[PREMIUM]","2"
"lxVsdLnnxDX","2026-08-15 23:54:11.364","2026-08-19 11:55:31.970","lxVsdLnnxDX","18378681","[PREMIUM]","[PREMIUM]","[PREMIUM]","211","Section 211","j",4,"[]","2026-11-26 00:00:00","electronic","exchange",1,"[PREMIUM]","1,2,4"
"pVXHDEAEbYG","2026-08-15 23:54:11.364","2026-08-15 23:54:11.364","pVXHDEAEbYG","18378681","[PREMIUM]","[PREMIUM]","[PREMIUM]","108","Section 108","l",2,"[]","2026-11-25 00:00:00","electronic","exchange",2,"[PREMIUM]","2"
"pVXHDEweerr","2026-08-15 23:54:11.364","2026-08-15 23:54:11.364","pVXHDEweerr","18378681","[PREMIUM]","[PREMIUM]","[PREMIUM]","201","Section 201","d",2,"[]","2026-11-25 00:00:00","electronic","exchange",3,"[PREMIUM]","2"
"pVXHDElAj7k","2026-08-15 23:54:11.364","2026-08-28 11:20:54.372","pVXHDElAj7k","18378681","[PREMIUM]","[PREMIUM]","[PREMIUM]","313","Section 313","a",3,"[]","2026-11-25 00:00:00","electronic","exchange",3,"[PREMIUM]","3"
"vb3iPex3JGE","2026-08-15 23:54:11.364","2026-08-28 11:20:54.372","vb3iPex3JGE","18378681","[PREMIUM]","[PREMIUM]","[PREMIUM]","325","Section 325","j",3,"[]","2026-11-25 00:00:00","electronic","exchange",5,"[PREMIUM]","3"
"05VT8Kr0RXA","2026-08-15 23:54:08.115","2026-08-16 12:34:54.199","05VT8Kr0RXA","18378019","[PREMIUM]","[PREMIUM]","[PREMIUM]","117","Section 117","p",4,"[]","2026-11-17 00:00:00","electronic","exchange",1,"[PREMIUM]","1,2,3,4"
"05VT8KrJROn","2026-08-15 23:54:08.115","2026-08-28 22:36:52.785","05VT8KrJROn","18378019","[PREMIUM]","[PREMIUM]","[PREMIUM]","107","Section 107","d",2,"[]","2026-11-17 00:00:00","electronic","exchange",2,"[PREMIUM]","2"
"EroUXnkg5qL","2026-08-15 23:54:08.115","2026-08-28 22:36:52.785","EroUXnkg5qL","18378019","[PREMIUM]","[PREMIUM]","[PREMIUM]","229","Section 229","j",2,"[]","2026-11-17 00:00:00","electronic","exchange",2,"[PREMIUM]","2"
"O7AhwrLLlNw","2026-08-15 23:54:08.115","2026-08-21 23:14:56.353","O7AhwrLLlNw","18378019","[PREMIUM]","[PREMIUM]","[PREMIUM]","118","Section 118","m",2,"[]","2026-11-18 00:00:00","electronic","exchange",0,"[PREMIUM]","2"
"X03tKjvv2M6","2026-08-15 23:54:08.115","2026-08-21 23:14:56.353","X03tKjvv2M6","18378019","[PREMIUM]","[PREMIUM]","[PREMIUM]","118","Section 118","l",2,"[]","2026-11-18 00:00:00","electronic","exchange",0,"[PREMIUM]","2"
"agktlDZMGBp","2026-08-15 23:54:08.115","2026-08-28 22:36:52.785","agktlDZMGBp","18378019","[PREMIUM]","[PREMIUM]","[PREMIUM]","120","Section 120","q",2,"[]","2026-11-17 00:00:00","electronic","exchange",0,"[PREMIUM]","2"
"dNgUg6qJLgg","2026-08-15 23:54:08.115","2026-08-28 22:36:52.785","dNgUg6qJLgg","18378019","[PREMIUM]","[PREMIUM]","[PREMIUM]","102","Section 102","c",2,"[]","2026-11-17 00:00:00","electronic","exchange",0,"[PREMIUM]","2"
"jDvsz7NNr4E","2026-08-15 23:54:08.115","2026-08-18 14:04:15.289","jDvsz7NNr4E","18378019","[PREMIUM]","[PREMIUM]","[PREMIUM]","101","Section 101","q",2,"[]","2026-11-18 00:00:00","electronic","exchange",2,"[PREMIUM]","2"
"nx0srMbb64d","2026-08-15 23:54:08.115","2026-08-23 22:44:46.769","nx0srMbb64d","18378019","[PREMIUM]","[PREMIUM]","[PREMIUM]","102","Section 102","q",4,"[]","2026-11-18 00:00:00","electronic","exchange",2,"[PREMIUM]","1,2,3,4"
"2v0cz3AAjGX","2026-08-15 23:54:06.286","2026-08-19 11:49:25.425","2v0cz3AAjGX","18378600","[PREMIUM]","[PREMIUM]","[PREMIUM]","206","Section 206","12",5,"[]","2026-11-25 00:00:00","electronic","exchange",2,"[PREMIUM]","1,2,3,4,5"
"2v0cz3AB7rE","2026-08-15 23:54:06.286","2026-08-28 11:21:04.978","2v0cz3AB7rE","18378600","[PREMIUM]","[PREMIUM]","[PREMIUM]","225","Section 225","11",2,"[]","2026-11-25 00:00:00","electronic","exchange",3,"[PREMIUM]","2"
"3q7fNJRR9Gq","2026-08-15 23:54:06.286","2026-08-16 22:27:57.854","3q7fNJRR9Gq","18378600","[PREMIUM]","[PREMIUM]","[PREMIUM]","209","Section 209","11",8,"[]","2026-11-26 00:00:00","electronic","exchange",5,"[PREMIUM]","1,2,3,4,5,6,8"
"6mOhkAqE3wg","2026-08-15 23:54:06.286","2026-08-28 11:21:04.978","6mOhkAqE3wg","18378600","[PREMIUM]","[PREMIUM]","[PREMIUM]","110","Section 110","16",2,"[]","2026-11-25 00:00:00","electronic","exchange",2,"[PREMIUM]","2"
"7KntAlvvM69","2026-08-15 23:54:06.286","2026-08-16 22:27:57.854","7KntAlvvM69","18378600","[PREMIUM]","[PREMIUM]","[PREMIUM]","206","Section 206","11",14,"[]","2026-11-26 00:00:00","electronic","exchange",1,"[PREMIUM]","2,3,4,5,6,7,8,9,10,11,12,13,14"
"7KntAlvvme6","2026-08-15 23:54:06.286","2026-08-16 22:27:57.854","7KntAlvvme6","18378600","[PREMIUM]","[PREMIUM]","[PREMIUM]","206","Section 206","11",14,"[]","2026-11-26 00:00:00","electronic","exchange",1,"[PREMIUM]","1,2,3,4,5,6,7,8,9,10,11,12,13,14"
"7KntAlvLv07","2026-08-15 23:54:06.286","2026-08-16 22:27:57.854","7KntAlvLv07","18378600","[PREMIUM]","[PREMIUM]","[PREMIUM]","102","Section 102","8",2,"[]","2026-11-26 00:00:00","electronic","exchange",0,"[PREMIUM]","2"
"8lKt6Y4K8Lp","2026-08-15 23:54:06.286","2026-08-28 11:21:04.978","8lKt6Y4K8Lp","18378600","[PREMIUM]","[PREMIUM]","[PREMIUM]","102","Section 102","2",4,"[]","2026-11-25 00:00:00","electronic","exchange",4,"[PREMIUM]","4"
"8lKt6Y4Zab5","2026-08-15 23:54:06.286","2026-08-28 11:21:04.978","8lKt6Y4Zab5","18378600","[PREMIUM]","[PREMIUM]","[PREMIUM]","117","Section 117","11",2,"[]","2026-11-25 00:00:00","electronic","exchange",2,"[PREMIUM]","2"
"9P2c5qwvl0M","2026-08-15 23:54:06.286","2026-08-28 11:21:04.978","9P2c5qwvl0M","18378600","[PREMIUM]","[PREMIUM]","[PREMIUM]","104","Section 104","21",3,"[]","2026-11-25 00:00:00","electronic","exchange",2,"[PREMIUM]","3"
"A6rs27bbXzx","2026-08-15 23:54:06.286","2026-08-16 22:27:57.854","A6rs27bbXzx","18378600","[PREMIUM]","[PREMIUM]","[PREMIUM]","206","Section 206","11",14,"[]","2026-11-25 00:00:00","electronic","exchange",1,"[PREMIUM]","2,3,4,5,6,7,8,9,10,11,12,13,14"
"BALImXddw34","2026-08-15 23:54:06.286","2026-08-19 11:49:25.425","BALImXddw34","18378600","[PREMIUM]","[PREMIUM]","[PREMIUM]","206","Section 206","12",3,"[]","2026-11-26 00:00:00","electronic","exchange",2,"[PREMIUM]","3"
"JABI39rreJk","2026-08-15 23:54:06.286","2026-08-16 22:27:57.854","JABI39rreJk","18378600","[PREMIUM]","[PREMIUM]","[PREMIUM]","206","Section 206","11",8,"[]","2026-11-25 00:00:00","electronic","exchange",2,"[PREMIUM]","1,2,3,4,5,6,7,8"
"NrqUv4eMAbo","2026-08-15 23:54:06.286","2026-08-18 14:22:40.247","NrqUv4eMAbo","18378600","[PREMIUM]","[PREMIUM]","[PREMIUM]","101","Section 101","22",2,"[]","2026-11-25 00:00:00","electronic","exchange",0,"[PREMIUM]","2"
"NrqUv4e97A5","2026-08-15 23:54:06.286","2026-08-16 22:27:57.854","NrqUv4e97A5","18378600","[PREMIUM]","[PREMIUM]","[PREMIUM]","102","Section 102","8",2,"[]","2026-11-25 00:00:00","electronic","exchange",1,"[PREMIUM]","2"
"ROXHzwb32k9","2026-08-15 23:54:06.286","2026-08-18 14:22:40.247","ROXHzwb32k9","18378600","[PREMIUM]","[PREMIUM]","[PREMIUM]","214","Section 214","17",2,"[]","2026-11-25 00:00:00","electronic","exchange",2,"[PREMIUM]","2"
"X03tKjvvkd3","2026-08-15 23:54:06.286","2026-08-16 22:27:57.854","X03tKjvvkd3","18378600","[PREMIUM]","[PREMIUM]","[PREMIUM]","206","Section 206","11",14,"[]","2026-11-25 00:00:00","electronic","exchange",1,"[PREMIUM]","2,3,4,5,6,7,8,9,10,11,12,13,14"
"X03tKjvv8qB","2026-08-15 23:54:06.286","2026-08-16 22:27:57.854","X03tKjvv8qB","18378600","[PREMIUM]","[PREMIUM]","[PREMIUM]","206","Section 206","12",5,"[]","2026-11-25 00:00:00","electronic","exchange",2,"[PREMIUM]","1,2,3,4,5"
"agktlDZA04e","2026-08-15 23:54:06.286","2026-08-28 11:21:04.978","agktlDZA04e","18378600","[PREMIUM]","[PREMIUM]","[PREMIUM]","102","Section 102","6",2,"[]","2026-11-25 00:00:00","electronic","exchange",1,"[PREMIUM]","2"
"dNgUg6qkpxN","2026-08-15 23:54:06.286","2026-08-28 00:36:45.494","dNgUg6qkpxN","18378600","[PREMIUM]","[PREMIUM]","[PREMIUM]","214","Section 214","17",2,"[]","2026-11-25 00:00:00","electronic","exchange",1,"[PREMIUM]","2"
"jDvsz7N9z8j","2026-08-15 23:54:06.286","2026-08-15 23:54:06.286","jDvsz7N9z8j","18378600","[PREMIUM]","[PREMIUM]","[PREMIUM]","225","Section 225","8",2,"['5','6']","2026-11-26 00:00:00","electronic","exchange",5,"[PREMIUM]","1,2"
"kYet947lYBp","2026-08-15 23:54:06.286","2026-08-28 11:21:04.978","kYet947lYBp","18378600","[PREMIUM]","[PREMIUM]","[PREMIUM]","117","Section 117","11",2,"[]","2026-11-25 00:00:00","electronic","exchange",2,"[PREMIUM]","2"
"mxAs4YVr224","2026-08-15 23:54:06.286","2026-08-28 11:21:04.978","mxAs4YVr224","18378600","[PREMIUM]","[PREMIUM]","[PREMIUM]","224","Section 224","6",2,"[]","2026-11-25 00:00:00","electronic","exchange",2,"[PREMIUM]","2"
"nx0srMb60AZ","2026-08-15 23:54:06.286","2026-08-16 22:27:57.854","nx0srMb60AZ","18378600","[PREMIUM]","[PREMIUM]","[PREMIUM]","102","Section 102","8",2,"[]","2026-11-26 00:00:00","electronic","exchange",1,"[PREMIUM]","2"
"nx0srMbBxGa","2026-08-15 23:54:06.286","2026-08-16 22:27:57.854","nx0srMbBxGa","18378600","[PREMIUM]","[PREMIUM]","[PREMIUM]","225","Section 225","8",2,"[]","2026-11-26 00:00:00","electronic","exchange",5,"[PREMIUM]","2"
"oV7HbEkVjDM","2026-08-15 23:54:06.286","2026-08-16 22:27:57.854","oV7HbEkVjDM","18378600","[PREMIUM]","[PREMIUM]","[PREMIUM]","102","Section 102","8",2,"[]","2026-11-25 00:00:00","electronic","exchange",1,"[PREMIUM]","2"
"pVXHDElwVje","2026-08-15 23:54:06.286","2026-08-16 22:27:57.854","pVXHDElwVje","18378600","[PREMIUM]","[PREMIUM]","[PREMIUM]","102","Section 102","8",2,"[]","2026-11-26 00:00:00","electronic","exchange",1,"[PREMIUM]","2"
"pVXHDEll2Bd","2026-08-15 23:54:06.286","2026-08-19 11:49:25.425","pVXHDEll2Bd","18378600","[PREMIUM]","[PREMIUM]","[PREMIUM]","206","Section 206","12",3,"[]","2026-11-25 00:00:00","electronic","exchange",1,"[PREMIUM]","3"
"pVXHDElqPgz","2026-08-15 23:54:06.286","2026-08-16 22:27:57.854","pVXHDElqPgz","18378600","[PREMIUM]","[PREMIUM]","[PREMIUM]","208","Section 208","8",8,"[]","2026-11-25 00:00:00","electronic","exchange",3,"[PREMIUM]","1,2,3,4,5,6,7,8"
"qVjH2VleJzG","2026-08-15 23:54:06.286","2026-08-16 22:27:57.854","qVjH2VleJzG","18378600","[PREMIUM]","[PREMIUM]","[PREMIUM]","102","Section 102","5",2,"[]","2026-11-25 00:00:00","electronic","exchange",2,"[PREMIUM]","2"
"qVjH2VllMpd","2026-08-15 23:54:06.286","2026-08-19 11:49:25.425","qVjH2VllMpd","18378600","[PREMIUM]","[PREMIUM]","[PREMIUM]","206","Section 206","12",3,"[]","2026-11-26 00:00:00","electronic","exchange",1,"[PREMIUM]","3"
"qVjH2Vllq7D","2026-08-15 23:54:06.286","2026-08-18 14:22:40.247","qVjH2Vllq7D","18378600","[PREMIUM]","[PREMIUM]","[PREMIUM]","206","Section 206","12",3,"[]","2026-11-26 00:00:00","electronic","exchange",1,"[PREMIUM]","1,2,3"
"vb3iPexxvLj","2026-08-15 23:54:06.286","2026-08-19 11:49:25.425","vb3iPexxvLj","18378600","[PREMIUM]","[PREMIUM]","[PREMIUM]","206","Section 206","12",3,"[]","2026-11-25 00:00:00","electronic","exchange",1,"[PREMIUM]","3"
"z3Es6qKKnwj","2026-08-15 23:54:06.286","2026-08-16 22:27:57.854","z3Es6qKKnwj","18378600","[PREMIUM]","[PREMIUM]","[PREMIUM]","206","Section 206","11",8,"[]","2026-11-26 00:00:00","electronic","exchange",2,"[PREMIUM]","1,2,3,4,5,6,8"
"MAeIPl4nxKP","2026-08-15 23:54:05.737","2026-08-18 14:22:53.654","MAeIPl4nxKP","18377783","[PREMIUM]","[PREMIUM]","[PREMIUM]","208","Section 208","8",2,"[]","2026-11-26 00:00:00","electronic","exchange",5,"[PREMIUM]","2"
"YgJtk6L3xw0","2026-08-15 23:54:05.737","2026-08-16 22:27:57.396","YgJtk6L3xw0","18377783","[PREMIUM]","[PREMIUM]","[PREMIUM]","131","Section 131","4",4,"[]","2026-11-26 00:00:00","electronic","exchange",4,"[PREMIUM]","4"
"b4wUaG7VXNn","2026-08-15 23:54:05.737","2026-08-18 14:22:53.654","b4wUaG7VXNn","18377783","[PREMIUM]","[PREMIUM]","[PREMIUM]","11","Section 11","15",2,"[]","2026-11-26 00:00:00","electronic","exchange",3,"[PREMIUM]","2"
"b4wUaG7VX4J","2026-08-15 23:54:05.737","2026-08-16 22:27:57.396","b4wUaG7VX4J","18377783","[PREMIUM]","[PREMIUM]","[PREMIUM]","226","Section 226","2",2,"[]","2026-11-26 00:00:00","electronic","exchange",4,"[PREMIUM]","2"
"g48Urom7kKq","2026-08-15 23:54:05.737","2026-08-16 22:27:57.396","g48Urom7kKq","18377783","[PREMIUM]","[PREMIUM]","[PREMIUM]","109","Section 109","3",4,"[]","2026-11-26 00:00:00","electronic","exchange",4,"[PREMIUM]","4"
"jDvsz7NO9Ga","2026-08-15 23:54:05.737","2026-08-16 22:27:57.396","jDvsz7NO9Ga","18377783","[PREMIUM]","[PREMIUM]","[PREMIUM]","5","Section 5","10",4,"[]","2026-11-26 00:00:00","electronic","exchange",4,"[PREMIUM]","4"
"kYet947N2lY","2026-08-15 23:54:05.737","2026-08-18 14:22:53.654","kYet947N2lY","18377783","[PREMIUM]","[PREMIUM]","[PREMIUM]","232","Section 232","2",4,"[]","2026-11-26 00:00:00","electronic","exchange",2,"[PREMIUM]","4"
"oV7HbEkJ0z7","2026-08-15 23:54:05.737","2026-08-16 22:27:57.396","oV7HbEkJ0z7","18377783","[PREMIUM]","[PREMIUM]","[PREMIUM]","118","Section 118","1",2,"[]","2026-11-26 00:00:00","electronic","exchange",2,"[PREMIUM]","2"
"oV7HbEkJGOO","2026-08-15 23:54:05.737","2026-08-18 14:22:53.654","oV7HbEkJGOO","18377783","[PREMIUM]","[PREMIUM]","[PREMIUM]","127","Section 127","4",2,"[]","2026-11-26 00:00:00","electronic","exchange",3,"[PREMIUM]","2"
"qVjH2Vl6Rq5","2026-08-15 23:54:05.737","2026-08-18 14:22:53.654","qVjH2Vl6Rq5","18377783","[PREMIUM]","[PREMIUM]","[PREMIUM]","17","Section 17","6",4,"[]","2026-11-26 00:00:00","electronic","exchange",4,"[PREMIUM]","4"
"qVjH2Vl6KE7","2026-08-15 23:54:05.737","2026-08-18 14:22:53.654","qVjH2Vl6KE7","18377783","[PREMIUM]","[PREMIUM]","[PREMIUM]","20","Section 20","15",4,"[]","2026-11-26 00:00:00","electronic","exchange",3,"[PREMIUM]","4"
"z3Es6qKgAME","2026-08-15 23:54:05.737","2026-08-18 14:22:53.654","z3Es6qKgAME","18377783","[PREMIUM]","[PREMIUM]","[PREMIUM]","2","Section 2","7",4,"[]","2026-11-26 00:00:00","electronic","exchange",5,"[PREMIUM]","4"
"2v0cz3AAV0w","2026-08-15 23:54:03.592","2026-08-28 22:38:49.209","2v0cz3AAV0w","18378518","[PREMIUM]","[PREMIUM]","[PREMIUM]","BAL323","Balcony 323","13",3,"['20','21','22']","2026-11-25 00:00:00","electronic","exchange",0,"[PREMIUM]","3"
"3q7fNJRGqvk","2026-08-15 23:54:03.592","2026-08-16 22:27:59.231","3q7fNJRGqvk","18378518","[PREMIUM]","[PREMIUM]","[PREMIUM]","LOGE8","Section Loge 8","22",4,"[]","2026-11-25 00:00:00","electronic","exchange",5,"[PREMIUM]","4"
"3q7fNJR9oMm","2026-08-15 23:54:03.592","2026-08-28 22:38:49.209","3q7fNJR9oMm","18378518","[PREMIUM]","[PREMIUM]","[PREMIUM]","LOGE3","Section Loge 3","12",2,"[]","2026-11-25 00:00:00","electronic","exchange",4,"[PREMIUM]","2"
"4vXcj9Dv66J","2026-08-15 23:54:03.592","2026-08-18 14:28:16.285","4vXcj9Dv66J","18378518","[PREMIUM]","[PREMIUM]","[PREMIUM]","BAL321","Balcony 321","5",2,"[]","2026-11-26 00:00:00","electronic","exchange",5,"[PREMIUM]","1,2"
"4vXcj9DN7VP","2026-08-15 23:54:03.592","2026-08-24 23:32:33.194","4vXcj9DN7VP","18378518","[PREMIUM]","[PREMIUM]","[PREMIUM]","LOGE11","Section Loge 11","4",4,"[]","2026-11-25 00:00:00","electronic","exchange",1,"[PREMIUM]","4"
"5EjuZ6GDggb","2026-08-15 23:54:03.592","2026-08-21 23:24:22.448","5EjuZ6GDggb","18378518","[PREMIUM]","[PREMIUM]","[PREMIUM]","LOGE11","Section Loge 11","3",2,"[]","2026-11-25 00:00:00","electronic","exchange",1,"[PREMIUM]","2"
"8lKt6Y4KEav","2026-08-15 23:54:03.592","2026-08-28 22:38:49.209","8lKt6Y4KEav","18378518","[PREMIUM]","[PREMIUM]","[PREMIUM]","LOGE17","Section Loge 17","15",4,"[]","2026-11-25 00:00:00","electronic","exchange",5,"[PREMIUM]","4"
"DdwHkOaoPBK","2026-08-15 23:54:03.592","2026-08-28 22:38:49.209","DdwHkOaoPBK","18378518","[PREMIUM]","[PREMIUM]","[PREMIUM]","LOGE9","Section Loge 9","7",4,"[]","2026-11-25 00:00:00","electronic","exchange",3,"[PREMIUM]","4"
"DdwHkOaeLgz","2026-08-15 23:54:03.592","2026-08-28 22:38:49.209","DdwHkOaeLgz","18378518","[PREMIUM]","[PREMIUM]","[PREMIUM]","BAL328","Balcony 328","8",4,"[]","2026-11-25 00:00:00","electronic","exchange",3,"[PREMIUM]","4"
"JABI39raljB","2026-08-15 23:54:03.592","2026-08-28 22:38:49.209","JABI39raljB","18378518","[PREMIUM]","[PREMIUM]","[PREMIUM]","LOGE19","Section Loge 19","18",4,"[]","2026-11-25 00:00:00","electronic","exchange",5,"[PREMIUM]","4"
"kYet947q0XK","2026-08-15 23:54:03.592","2026-08-21 23:24:22.448","kYet947q0XK","18378518","[PREMIUM]","[PREMIUM]","[PREMIUM]","BAL324","Balcony 324","2",2,"[]","2026-11-25 00:00:00","electronic","exchange",1,"[PREMIUM]","2"
"lxVsdLnKEAn","2026-08-15 23:54:03.592","2026-08-28 22:38:49.209","lxVsdLnKEAn","18378518","[PREMIUM]","[PREMIUM]","[PREMIUM]","LOGE16","Section Loge 16","9",3,"[]","2026-11-25 00:00:00","electronic","exchange",3,"[PREMIUM]","3"
"qVjH2Vl0drJ","2026-08-15 23:54:03.592","2026-08-28 22:38:49.209","qVjH2Vl0drJ","18378518","[PREMIUM]","[PREMIUM]","[PREMIUM]","LOGE18","Section Loge 18","1",3,"['8','9','10']","2026-11-26 00:00:00","electronic","exchange",4,"[PREMIUM]","3"
"rVOHkRVm4pO","2026-08-15 23:54:03.592","2026-08-28 22:38:49.209","rVOHkRVm4pO","18378518","[PREMIUM]","[PREMIUM]","[PREMIUM]","LOGE19","Section Loge 19","1",2,"['1','2']","2026-11-26 00:00:00","electronic","exchange",2,"[PREMIUM]","2"
"rVOHkRVEdJP","2026-08-15 23:54:03.592","2026-08-28 22:38:49.209","rVOHkRVEdJP","18378518","[PREMIUM]","[PREMIUM]","[PREMIUM]","LOGE1","Section Loge 1","12",4,"[]","2026-11-25 00:00:00","electronic","exchange",2,"[PREMIUM]","4"
"xb9imBdd985","2026-08-15 23:54:03.592","2026-08-25 22:43:54.066","xb9imBdd985","18378518","[PREMIUM]","[PREMIUM]","[PREMIUM]","LOGE12","Section Loge 12","9",4,"[]","2026-11-25 00:00:00","electronic","exchange",4,"[PREMIUM]","4"
"z3Es6qKJ7xa","2026-08-15 23:54:03.592","2026-08-28 22:38:49.209","z3Es6qKJ7xa","18378518","[PREMIUM]","[PREMIUM]","[PREMIUM]","LOGE16","Section Loge 16","11",2,"[]","2026-11-25 00:00:00","electronic","exchange",3,"[PREMIUM]","2"
"05VT8Krda97","2026-08-15 23:53:58.225","2026-08-27 00:18:41.783","05VT8Krda97","18376881","[PREMIUM]","[PREMIUM]","[PREMIUM]","213","Section 213","c",2,"[]","2026-11-25 00:00:00","electronic","exchange",2,"[PREMIUM]","2"
"4vXcj9DmzXv","2026-08-15 23:53:58.225","2026-08-28 22:38:36.307","4vXcj9DmzXv","18376881","[PREMIUM]","[PREMIUM]","[PREMIUM]","209","Section 209","p",4,"[]","2026-11-25 00:00:00","electronic","exchange",2,"[PREMIUM]","4"
"8lKt6Y4GAMl","2026-08-15 23:53:58.225","2026-08-28 22:38:36.307","8lKt6Y4GAMl","18376881","[PREMIUM]","[PREMIUM]","[PREMIUM]","434","Section 434","a",4,"[]","2026-11-25 00:00:00","electronic","exchange",1,"[PREMIUM]","4"
"BALImXdkYja","2026-08-15 23:53:58.225","2026-08-22 23:36:11.885","BALImXdkYja","18376881","[PREMIUM]","[PREMIUM]","[PREMIUM]","222","Section 222","p",12,"[]","2026-11-25 00:00:00","electronic","exchange",1,"[PREMIUM]","1,2,3,4,5,6,7,8,9,10,12"
"EroUXnkNk0Z","2026-08-15 23:53:58.225","2026-08-28 22:38:36.307","EroUXnkNk0Z","18376881","[PREMIUM]","[PREMIUM]","[PREMIUM]","206","Section 206","m",4,"[]","2026-11-25 00:00:00","electronic","exchange",1,"[PREMIUM]","2,4"
"EroUXnk7aZd","2026-08-15 23:53:58.225","2026-08-28 22:38:36.307","EroUXnk7aZd","18376881","[PREMIUM]","[PREMIUM]","[PREMIUM]","412","Section 412","m",4,"[]","2026-11-25 00:00:00","electronic","exchange",1,"[PREMIUM]","4"
"LbviLEeVOan","2026-08-15 23:53:58.225","2026-08-28 22:38:36.307","LbviLEeVOan","18376881","[PREMIUM]","[PREMIUM]","[PREMIUM]","222","Section 222","p",8,"['3','4','5','6','7','8','9','10']","2026-11-25 00:00:00","electronic","exchange",0,"[PREMIUM]","1,2,3,4,5,6,8"
"LbviLEeVeJn","2026-08-15 23:53:58.225","2026-08-28 22:38:36.307","LbviLEeVeJn","18376881","[PREMIUM]","[PREMIUM]","[PREMIUM]","222","Section 222","f",4,"[]","2026-11-25 00:00:00","electronic","exchange",0,"[PREMIUM]","2,4"
"NrqUv4e9d39","2026-08-15 23:53:58.225","2026-08-28 22:38:36.307","NrqUv4e9d39","18376881","[PREMIUM]","[PREMIUM]","[PREMIUM]","436","Section 436","a",2,"[]","2026-11-25 00:00:00","electronic","exchange",1,"[PREMIUM]","2"
"O7AhwrLbLZX","2026-08-15 23:53:58.225","2026-08-22 23:36:11.885","O7AhwrLbLZX","18376881","[PREMIUM]","[PREMIUM]","[PREMIUM]","206","Section 206","r",5,"[]","2026-11-25 00:00:00","electronic","exchange",1,"[PREMIUM]","1,2,3,5"
"PX0sgL3E6qX","2026-08-15 23:53:58.225","2026-08-28 22:38:36.307","PX0sgL3E6qX","18376881","[PREMIUM]","[PREMIUM]","[PREMIUM]","433","Section 433","a",2,"[]","2026-11-25 00:00:00","electronic","exchange",1,"[PREMIUM]","2"
"Zm9hvwGMP09","2026-08-15 23:53:58.225","2026-08-28 22:38:36.307","Zm9hvwGMP09","18376881","[PREMIUM]","[PREMIUM]","[PREMIUM]","205","Section 205","p",4,"[]","2026-11-25 00:00:00","electronic","exchange",2,"[PREMIUM]","4"
"pVXHDElwZ2l","2026-08-15 23:53:58.225","2026-08-28 22:38:36.307","pVXHDElwZ2l","18376881","[PREMIUM]","[PREMIUM]","[PREMIUM]","217","Section 217","f",2,"[]","2026-11-25 00:00:00","electronic","exchange",1,"[PREMIUM]","2"
"2v0cz3AnXOv","2026-08-15 23:53:54.899","2026-08-20 11:30:29.061","2v0cz3AnXOv","18377290","[PREMIUM]","[PREMIUM]","[PREMIUM]","212","Section 212","5",2,"[]","2026-11-24 00:00:00","electronic","exchange",2,"[PREMIUM]","1,2"
"3q7fNJRdnbA","2026-08-15 23:53:54.899","2026-08-28 22:38:20.277","3q7fNJRdnbA","18377290","[PREMIUM]","[PREMIUM]","[PREMIUM]","108","Section 108","3",2,"[]","2026-11-23 00:00:00","electronic","exchange",0,"[PREMIUM]","2"
"5EjuZ6GlKaq","2026-08-15 23:53:54.899","2026-08-28 22:38:20.277","5EjuZ6GlKaq","18377290","[PREMIUM]","[PREMIUM]","[PREMIUM]","102","Section 102","21",8,"[]","2026-11-24 00:00:00","electronic","exchange",1,"[PREMIUM]","1,2,3,4,5,6,7,8"
"6mOhkAEkKn6","2026-08-15 23:53:54.899","2026-08-28 22:38:20.277","6mOhkAEkKn6","18377290","[PREMIUM]","[PREMIUM]","[PREMIUM]","221","Section 221","1",2,"[]","2026-11-23 00:00:00","electronic","exchange",2,"[PREMIUM]","2"
"6mOhkAqzLnd","2026-08-15 23:53:54.899","2026-08-28 22:38:20.277","6mOhkAqzLnd","18377290","[PREMIUM]","[PREMIUM]","[PREMIUM]","211","Section 211","4",7,"[]","2026-11-24 00:00:00","electronic","exchange",2,"[PREMIUM]","1,2,3,4,5,6,7"
"6mOhkAqo3ok","2026-08-15 23:53:54.899","2026-08-28 22:38:20.277","6mOhkAqo3ok","18377290","[PREMIUM]","[PREMIUM]","[PREMIUM]","126","Section 126","19",2,"[]","2026-11-25 00:00:00","electronic","exchange",0,"[PREMIUM]","2"
"6mOhkAqJLba","2026-08-15 23:53:54.899","2026-08-28 22:38:20.277","6mOhkAqJLba","18377290","[PREMIUM]","[PREMIUM]","[PREMIUM]","111","Section 111","10",2,"[]","2026-11-23 00:00:00","electronic","exchange",0,"[PREMIUM]","2"
"EroUXnk2xMZ","2026-08-15 23:53:54.899","2026-08-20 11:30:29.061","EroUXnk2xMZ","18377290","[PREMIUM]","[PREMIUM]","[PREMIUM]","212","Section 212","4",4,"[]","2026-11-24 00:00:00","electronic","exchange",3,"[PREMIUM]","1,2,3,4"
"MAeIPl4YKGw","2026-08-15 23:53:54.899","2026-08-23 22:46:14.363","MAeIPl4YKGw","18377290","[PREMIUM]","[PREMIUM]","[PREMIUM]","109","Section 109","4",2,"[]","2026-11-24 00:00:00","electronic","exchange",0,"[PREMIUM]","2"
"X03tKjvzo8K","2026-08-15 23:53:54.899","2026-08-20 11:30:29.061","X03tKjvzo8K","18377290","[PREMIUM]","[PREMIUM]","[PREMIUM]","102","Section 102","21",8,"[]","2026-11-23 00:00:00","electronic","exchange",4,"[PREMIUM]","1,2,3,4,5,6,7,8"
"lxVsdLn48wj","2026-08-15 23:53:54.899","2026-08-20 11:30:29.061","lxVsdLn48wj","18377290","[PREMIUM]","[PREMIUM]","[PREMIUM]","211","Section 211","4",7,"[]","2026-11-24 00:00:00","electronic","exchange",3,"[PREMIUM]","1,2,3,4,5,6,7"
"w3JsedPO5av","2026-08-15 23:53:54.899","2026-08-15 23:53:54.899","w3JsedPO5av","18377290","[PREMIUM]","[PREMIUM]","[PREMIUM]","101","Section 101","24",2,"[]","2026-11-23 00:00:00","electronic","exchange",2,"[PREMIUM]","2"
"xb9imBdBPXm","2026-08-15 23:53:54.899","2026-08-28 22:38:20.277","xb9imBdBPXm","18377290","[PREMIUM]","[PREMIUM]","[PREMIUM]","126","Section 126","19",2,"['9','10']","2026-11-25 00:00:00","electronic","exchange",0,"[PREMIUM]","2"
"z3Es6qKg4b2","2026-08-15 23:53:54.899","2026-08-20 11:30:29.061","z3Es6qKg4b2","18377290","[PREMIUM]","[PREMIUM]","[PREMIUM]","228","Section 228","11",4,"[]","2026-11-23 00:00:00","electronic","exchange",2,"[PREMIUM]","1,2,3,4"
"3q7fNJROGVw","2026-08-15 23:53:52.976","2026-08-28 22:37:44.377","3q7fNJROGVw","18379003","[PREMIUM]","[PREMIUM]","[PREMIUM]","112","Section 112","r",7,"[]","2026-11-24 00:00:00","electronic","exchange",3,"[PREMIUM]","1,2,3,4,5,6,7"
"4vXcj9DVEB5","2026-08-15 23:53:52.976","2026-08-19 11:47:57.365","4vXcj9DVEB5","18379003","[PREMIUM]","[PREMIUM]","[PREMIUM]","101","Section 101","l",6,"[]","2026-11-23 00:00:00","electronic","exchange",5,"[PREMIUM]","1,2,3,4,5,6"
"7KntAlvKbRe","2026-08-15 23:53:52.976","2026-08-19 11:47:57.365","7KntAlvKbRe","18379003","[PREMIUM]","[PREMIUM]","[PREMIUM]","101","Section 101","f",8,"[]","2026-11-23 00:00:00","electronic","exchange",5,"[PREMIUM]","1,2,3,4,5,6,7,8"
"7KntAlvKVKV","2026-08-15 23:53:52.976","2026-08-19 11:47:57.365","7KntAlvKVKV","18379003","[PREMIUM]","[PREMIUM]","[PREMIUM]","101","Section 101","f",8,"[]","2026-11-24 00:00:00","electronic","exchange",4,"[PREMIUM]","1,2,3,4,5,6,7,8"
"9P2c5qw84eY","2026-08-15 23:53:52.976","2026-08-28 22:37:44.377","9P2c5qw84eY","18379003","[PREMIUM]","[PREMIUM]","[PREMIUM]","104","Section 104","c",2,"[]","2026-11-23 00:00:00","electronic","exchange",0,"[PREMIUM]","2"
"A6rs27blMZE","2026-08-15 23:53:52.976","2026-08-19 11:47:57.365","A6rs27blMZE","18379003","[PREMIUM]","[PREMIUM]","[PREMIUM]","101","Section 101","e",5,"[]","2026-11-24 00:00:00","electronic","exchange",3,"[PREMIUM]","1,2,3,4,5"
"V4KU0MBkPBx","2026-08-15 23:53:52.976","2026-08-28 22:37:44.377","V4KU0MBkPBx","18379003","[PREMIUM]","[PREMIUM]","[PREMIUM]","106","Section 106","b",2,"[]","2026-11-23 00:00:00","electronic","exchange",0,"[PREMIUM]","2"
"eeacK2qr0a7","2026-08-15 23:53:52.976","2026-08-19 11:47:57.365","eeacK2qr0a7","18379003","[PREMIUM]","[PREMIUM]","[PREMIUM]","211","Section 211","e",2,"[]","2026-11-23 00:00:00","electronic","exchange",2,"[PREMIUM]","2"
"eeacK2qqaVL","2026-08-15 23:53:52.976","2026-08-28 22:37:44.377","eeacK2qqaVL","18379003","[PREMIUM]","[PREMIUM]","[PREMIUM]","204","Section 204","a",2,"[]","2026-11-23 00:00:00","electronic","exchange",2,"[PREMIUM]","2"
"lxVsdLnNYAE","2026-08-15 23:53:52.976","2026-08-23 22:46:03.936","lxVsdLnNYAE","18379003","[PREMIUM]","[PREMIUM]","[PREMIUM]","101","Section 101","e",5,"[]","2026-11-24 00:00:00","electronic","exchange",3,"[PREMIUM]","1,2,3,4,5"
"lxVsdLnzXgo","2026-08-15 23:53:52.976","2026-08-19 11:47:57.365","lxVsdLnzXgo","18379003","[PREMIUM]","[PREMIUM]","[PREMIUM]","101","Section 101","l",8,"[]","2026-11-24 00:00:00","electronic","exchange",3,"[PREMIUM]","1,2,3,4,5,6,7,8"
"oV7HbEk58aR","2026-08-15 23:53:52.976","2026-08-28 22:37:44.377","oV7HbEk58aR","18379003","[PREMIUM]","[PREMIUM]","[PREMIUM]","121","Section 121","b",4,"[]","2026-11-23 00:00:00","electronic","exchange",5,"[PREMIUM]","2,4"
"pVXHDElx5g9","2026-08-15 23:53:52.976","2026-08-19 11:47:57.365","pVXHDElx5g9","18379003","[PREMIUM]","[PREMIUM]","[PREMIUM]","101","Section 101","l",6,"[]","2026-11-23 00:00:00","electronic","exchange",5,"[PREMIUM]","1,2,3,4,5,6"
"pVXHDElRp9m","2026-08-15 23:53:52.976","2026-08-28 22:37:44.377","pVXHDElRp9m","18379003","[PREMIUM]","[PREMIUM]","[PREMIUM]","104","Section 104","c",2,"[]","2026-11-23 00:00:00","electronic","exchange",0,"[PREMIUM]","2"
"w3Jsed77roZ","2026-08-15 23:53:52.976","2026-08-21 23:22:35.637","w3Jsed77roZ","18379003","[PREMIUM]","[PREMIUM]","[PREMIUM]","217","Section 217","a",2,"[]","2026-11-23 00:00:00","electronic","exchange",2,"[PREMIUM]","2"
"2v0cz3AAaYn","2026-08-15 23:53:52.540","2026-08-18 14:20:24.922","2v0cz3AAaYn","18376959","[PREMIUM]","[PREMIUM]","[PREMIUM]","117","Section 117","7",2,"[]","2026-11-24 00:00:00","electronic","exchange",1,"[PREMIUM]","2"
"9P2c5qwwXP5","2026-08-15 23:53:52.540","2026-08-18 14:20:24.922","9P2c5qwwXP5","18376959","[PREMIUM]","[PREMIUM]","[PREMIUM]","117","Section 117","7",2,"[]","2026-11-24 00:00:00","electronic","exchange",0,"[PREMIUM]","2"
"YgJtk6LKJ2v","2026-08-15 23:53:52.540","2026-08-18 14:20:24.922","YgJtk6LKJ2v","18376959","[PREMIUM]","[PREMIUM]","[PREMIUM]","323","Section 323","12",2,"[]","2026-11-24 00:00:00","electronic","exchange",1,"[PREMIUM]","2"
"agktlDZvk2A","2026-08-15 23:53:52.540","2026-08-18 14:20:24.922","agktlDZvk2A","18376959","[PREMIUM]","[PREMIUM]","[PREMIUM]","325","Section 325","6",4,"[]","2026-11-24 00:00:00","electronic","exchange",1,"[PREMIUM]","1,2,4"
"kYet94770ZY","2026-08-15 23:53:52.540","2026-08-28 11:16:47.631","kYet94770ZY","18376959","[PREMIUM]","[PREMIUM]","[PREMIUM]","302","Section 302","8",2,"[]","2026-11-24 00:00:00","electronic","exchange",1,"[PREMIUM]","2"
"lxVsdLnn8Va","2026-08-15 23:53:52.540","2026-08-18 14:20:24.922","lxVsdLnn8Va","18376959","[PREMIUM]","[PREMIUM]","[PREMIUM]","117","Section 117","7",2,"[]","2026-11-24 00:00:00","electronic","exchange",1,"[PREMIUM]","2"
"z3Es6qKA5p9","2026-08-15 23:53:52.540","2026-08-28 11:16:47.631","z3Es6qKA5p9","18376959","[PREMIUM]","[PREMIUM]","[PREMIUM]","307","Section 307","2",4,"['15','16','17','18']","2026-07-21 00:00:00","electronic","exchange",0,"[PREMIUM]","1,2,4"
"eeacK2qq4JD","2026-08-15 23:53:50.699","2026-08-28 22:42:24.022","eeacK2qq4JD","18377948","[PREMIUM]","[PREMIUM]","[PREMIUM]","104","Section 104","h",2,"[]","2026-11-23 00:00:00","electronic","exchange",1,"[PREMIUM]","2"
"mxAs4YMw8g4","2026-08-15 23:53:50.699","2026-08-19 11:47:45.202","mxAs4YMw8g4","18377948","[PREMIUM]","[PREMIUM]","[PREMIUM]","333","Section 333","j",7,"[]","2026-11-23 00:00:00","electronic","exchange",1,"[PREMIUM]","1,2,3,4,5,6,7"
"05VT8Krn4NM","2026-08-15 23:53:49.261","2026-08-28 00:31:25.227","05VT8Krn4NM","18378678","[PREMIUM]","[PREMIUM]","[PREMIUM]","309","Section 309","b",2,"[]","2026-11-23 00:00:00","electronic","exchange",3,"[PREMIUM]","2"
"2v0cz3AJp43","2026-08-15 23:53:49.261","2026-08-18 14:17:58.622","2v0cz3AJp43","18378678","[PREMIUM]","[PREMIUM]","[PREMIUM]","330","Section 330","j",4,"[]","2026-11-23 00:00:00","electronic","exchange",2,"[PREMIUM]","4"
"2v0cz3ArBPo","2026-08-15 23:53:49.261","2026-08-19 11:45:10.383","2v0cz3ArBPo","18378678","[PREMIUM]","[PREMIUM]","[PREMIUM]","322","Section 322","l",4,"[]","2026-11-24 00:00:00","electronic","exchange",1,"[PREMIUM]","1,2,3,4"
"6mOhkAqag8L","2026-08-15 23:53:49.261","2026-08-28 22:37:37.284","6mOhkAqag8L","18378678","[PREMIUM]","[PREMIUM]","[PREMIUM]","115","Section 115","g",2,"[]","2026-11-23 00:00:00","electronic","exchange",1,"[PREMIUM]","2"
"7KntAlv0Dze","2026-08-15 23:53:49.261","2026-08-28 22:37:37.284","7KntAlv0Dze","18378678","[PREMIUM]","[PREMIUM]","[PREMIUM]","129","Section 129","c",2,"[]","2026-11-23 00:00:00","electronic","exchange",1,"[PREMIUM]","2"
"9P2c5qwv93E","2026-08-15 23:53:49.261","2026-08-28 22:37:37.284","9P2c5qwv93E","18378678","[PREMIUM]","[PREMIUM]","[PREMIUM]","309","Section 309","k",2,"[]","2026-11-23 00:00:00","electronic","exchange",3,"[PREMIUM]","2"
"A6rs27bv7Va","2026-08-15 23:53:49.261","2026-08-28 22:37:37.284","A6rs27bv7Va","18378678","[PREMIUM]","[PREMIUM]","[PREMIUM]","116","Section 116","j",4,"[]","2026-11-23 00:00:00","electronic","exchange",0,"[PREMIUM]","2,4"
"BALImXdDBzd","2026-08-15 23:53:49.261","2026-08-28 22:37:37.284","BALImXdDBzd","18378678","[PREMIUM]","[PREMIUM]","[PREMIUM]","122","Section 122","u",4,"[]","2026-11-23 00:00:00","electronic","exchange",1,"[PREMIUM]","4"
"BALImXdpoKZ","2026-08-15 23:53:49.261","2026-08-25 22:43:39.451","BALImXdpoKZ","18378678","[PREMIUM]","[PREMIUM]","[PREMIUM]","313","Section 313","j",2,"[]","2026-11-23 00:00:00","electronic","exchange",2,"[PREMIUM]","2"
"DdwHkOaV72o","2026-08-15 23:53:49.261","2026-08-19 11:45:10.383","DdwHkOaV72o","18378678","[PREMIUM]","[PREMIUM]","[PREMIUM]","318","Section 318","k",2,"[]","2026-11-24 00:00:00","electronic","exchange",1,"[PREMIUM]","1,2"
"DdwHkOa0OJa","2026-08-15 23:53:49.261","2026-08-28 22:37:37.284","DdwHkOa0OJa","18378678","[PREMIUM]","[PREMIUM]","[PREMIUM]","117","Section 117","t",4,"[]","2026-11-23 00:00:00","electronic","exchange",2,"[PREMIUM]","2,4"
"EroUXnkzJml","2026-08-15 23:53:49.261","2026-08-27 00:18:21.897","EroUXnkzJml","18378678","[PREMIUM]","[PREMIUM]","[PREMIUM]","301","Section 301","a",2,"[]","2026-11-23 00:00:00","electronic","exchange",3,"[PREMIUM]","2"
"EroUXnkzJDo","2026-08-15 23:53:49.261","2026-08-28 22:37:37.284","EroUXnkzJDo","18378678","[PREMIUM]","[PREMIUM]","[PREMIUM]","101","Section 101","r",4,"[]","2026-11-23 00:00:00","electronic","exchange",2,"[PREMIUM]","4"
"JABI39rKeDX","2026-08-15 23:53:49.261","2026-08-15 23:53:49.261","JABI39rKeDX","18378678","[PREMIUM]","[PREMIUM]","[PREMIUM]","129","Section 129","c",2,"[]","2026-11-23 00:00:00","electronic","exchange",2,"[PREMIUM]","2"
"Kezcz6BM7G3","2026-08-15 23:53:49.261","2026-08-22 23:35:49.815","Kezcz6BM7G3","18378678","[PREMIUM]","[PREMIUM]","[PREMIUM]","319","Section 319","h",8,"[]","2026-11-24 00:00:00","electronic","exchange",1,"[PREMIUM]","1,2,3,4,5,6,7,8"
"NrqUv4erVKJ","2026-08-15 23:53:49.261","2026-08-28 22:37:37.284","NrqUv4erVKJ","18378678","[PREMIUM]","[PREMIUM]","[PREMIUM]","129","Section 129","c",2,"[]","2026-11-23 00:00:00","electronic","exchange",1,"[PREMIUM]","2"
"NrqUv4eqwno","2026-08-15 23:53:49.261","2026-08-28 22:37:37.284","NrqUv4eqwno","18378678","[PREMIUM]","[PREMIUM]","[PREMIUM]","305","Section 305","c",3,"[]","2026-11-23 00:00:00","electronic","exchange",4,"[PREMIUM]","3"
"O7AhwrLlEX7","2026-08-15 23:53:49.261","2026-08-28 22:37:37.284","O7AhwrLlEX7","18378678","[PREMIUM]","[PREMIUM]","[PREMIUM]","207","Section 207","b",3,"[]","2026-11-24 00:00:00","electronic","exchange",1,"[PREMIUM]","1,2,3"
"ROXHzwbaoAn","2026-08-15 23:53:49.261","2026-08-28 22:37:37.284","ROXHzwbaoAn","18378678","[PREMIUM]","[PREMIUM]","[PREMIUM]","118","Section 118","p",4,"[]","2026-11-23 00:00:00","electronic","exchange",2,"[PREMIUM]","4"
"V4KU0MBxMKw","2026-08-15 23:53:49.261","2026-08-28 22:37:37.284","V4KU0MBxMKw","18378678","[PREMIUM]","[PREMIUM]","[PREMIUM]","310","Section 310","k",4,"[]","2026-11-23 00:00:00","electronic","exchange",0,"[PREMIUM]","2,4"
"V4KU0MBem3b","2026-08-15 23:53:49.261","2026-08-28 22:37:37.284","V4KU0MBem3b","18378678","[PREMIUM]","[PREMIUM]","[PREMIUM]","216","Section 216","d",2,"[]","2026-11-23 00:00:00","electronic","exchange",1,"[PREMIUM]","2"
"YgJtk6La2OG","2026-08-15 23:53:49.261","2026-08-28 22:37:37.284","YgJtk6La2OG","18378678","[PREMIUM]","[PREMIUM]","[PREMIUM]","316","Section 316","a",1,"[]","2026-11-23 00:00:00","electronic","exchange",2,"[PREMIUM]","1"
"b4wUaG70bJz","2026-08-15 23:53:49.261","2026-08-18 14:17:58.622","b4wUaG70bJz","18378678","[PREMIUM]","[PREMIUM]","[PREMIUM]","214","Section 214","a",4,"[]","2026-11-23 00:00:00","electronic","exchange",3,"[PREMIUM]","4"
"dNgUg6qYqEE","2026-08-15 23:53:49.261","2026-08-28 22:37:37.284","dNgUg6qYqEE","18378678","[PREMIUM]","[PREMIUM]","[PREMIUM]","330","Section 330","k",3,"[]","2026-11-23 00:00:00","electronic","exchange",0,"[PREMIUM]","1,3"
"eeacK2q3wZG","2026-08-15 23:53:49.261","2026-08-28 22:37:37.284","eeacK2q3wZG","18378678","[PREMIUM]","[PREMIUM]","[PREMIUM]","CLUB12","The Mark Club 12","a",2,"[]","2026-11-23 00:00:00","electronic","exchange",1,"[PREMIUM]","2"
"eeacK2qEVwd","2026-08-15 23:53:49.261","2026-08-28 22:37:37.284","eeacK2qEVwd","18378678","[PREMIUM]","[PREMIUM]","[PREMIUM]","304","Section 304","g",3,"[]","2026-11-23 00:00:00","electronic","exchange",1,"[PREMIUM]","3"
"g48UromBlbR","2026-08-15 23:53:49.261","2026-08-28 22:37:37.284","g48UromBlbR","18378678","[PREMIUM]","[PREMIUM]","[PREMIUM]","330","Section 330","m",3,"[]","2026-11-23 00:00:00","electronic","exchange",1,"[PREMIUM]","3"
"lxVsdLn07eM","2026-08-15 23:53:49.261","2026-08-28 22:37:37.284","lxVsdLn07eM","18378678","[PREMIUM]","[PREMIUM]","[PREMIUM]","108","Section 108","p",4,"[]","2026-11-23 00:00:00","electronic","exchange",1,"[PREMIUM]","2,4"
"lxVsdLnrv90","2026-08-15 23:53:49.261","2026-08-28 22:37:37.284","lxVsdLnrv90","18378678","[PREMIUM]","[PREMIUM]","[PREMIUM]","315","Section 315","b",2,"[]","2026-11-23 00:00:00","electronic","exchange",2,"[PREMIUM]","2"
"mxAs4YMkEAe","2026-08-15 23:53:49.261","2026-08-24 23:23:20.005","mxAs4YMkEAe","18378678","[PREMIUM]","[PREMIUM]","[PREMIUM]","CLUB12","The Mark Club 12","a",2,"[]","2026-11-23 00:00:00","electronic","exchange",1,"[PREMIUM]","2"
"nx0srMbXkEn","2026-08-15 23:53:49.261","2026-08-15 23:53:49.261","nx0srMbXkEn","18378678","[PREMIUM]","[PREMIUM]","[PREMIUM]","305","Section 305","c",2,"[]","2026-11-23 00:00:00","electronic","exchange",3,"[PREMIUM]","2"
"nx0srMbl7Yr","2026-08-15 23:53:49.261","2026-08-28 22:37:37.284","nx0srMbl7Yr","18378678","[PREMIUM]","[PREMIUM]","[PREMIUM]","115","Section 115","g",2,"[]","2026-11-23 00:00:00","electronic","exchange",1,"[PREMIUM]","2"
"qVjH2VllAp2","2026-08-15 23:53:49.261","2026-08-28 22:37:37.284","qVjH2VllAp2","18378678","[PREMIUM]","[PREMIUM]","[PREMIUM]","103","Section 103","p",2,"[]","2026-11-24 00:00:00","electronic","exchange",1,"[PREMIUM]","2"
"vb3iPex6KnZ","2026-08-15 23:53:49.261","2026-08-28 22:37:37.284","vb3iPex6KnZ","18378678","[PREMIUM]","[PREMIUM]","[PREMIUM]","329","Section 329","r",8,"[]","2026-11-24 00:00:00","electronic","exchange",1,"[PREMIUM]","1,2,3,4,5,6,7,8"
"LbviLEe33rX","2026-08-15 23:53:48.639","2026-08-19 11:45:43.922","LbviLEe33rX","18378021","[PREMIUM]","[PREMIUM]","[PREMIUM]","233","Section 233","a",8,"[]","2026-11-23 00:00:00","electronic","exchange",3,"[PREMIUM]","1,2,3,4,5,6,7,8"
"lxVsdLnPwGV","2026-08-15 23:53:48.639","2026-08-23 22:46:09.376","lxVsdLnPwGV","18378021","[PREMIUM]","[PREMIUM]","[PREMIUM]","202","Section 202","a",4,"[]","2026-11-24 00:00:00","electronic","exchange",5,"[PREMIUM]","4"
"2v0cz3Ablrp","2026-08-15 23:53:47.544","2026-08-20 23:27:09.408","2v0cz3Ablrp","18378845","[PREMIUM]","[PREMIUM]","[PREMIUM]","101","Section 101","n",2,"[]","2026-11-23 00:00:00","electronic","exchange",4,"[PREMIUM]","2"
"2v0cz3A0XOq","2026-08-15 23:53:47.544","2026-08-28 22:37:37.294","2v0cz3A0XOq","18378845","[PREMIUM]","[PREMIUM]","[PREMIUM]","407","Section 407","j",2,"[]","2026-11-23 00:00:00","electronic","exchange",1,"[PREMIUM]","2"
"3q7fNJR7ngx","2026-08-15 23:53:47.544","2026-08-21 23:24:08.052","3q7fNJR7ngx","18378845","[PREMIUM]","[PREMIUM]","[PREMIUM]","407","Section 407","g",2,"[]","2026-11-24 00:00:00","electronic","exchange",2,"[PREMIUM]","2"
"3q7fNJR9Oqw","2026-08-15 23:53:47.544","2026-08-28 00:31:29.293","3q7fNJR9Oqw","18378845","[PREMIUM]","[PREMIUM]","[PREMIUM]","110","Section 110","m",4,"[]","2026-11-23 00:00:00","electronic","exchange",0,"[PREMIUM]","4"
"3q7fNJRdbKB","2026-08-15 23:53:47.544","2026-08-20 23:27:09.408","3q7fNJRdbKB","18378845","[PREMIUM]","[PREMIUM]","[PREMIUM]","429","Section 429","j",4,"[]","2026-11-23 00:00:00","electronic","exchange",1,"[PREMIUM]","4"
"4vXcj9DlmrV","2026-08-15 23:53:47.544","2026-08-28 22:37:37.294","4vXcj9DlmrV","18378845","[PREMIUM]","[PREMIUM]","[PREMIUM]","117","Section 117","j",2,"[]","2026-11-23 00:00:00","electronic","exchange",0,"[PREMIUM]","2"
"6mOhkAqOL7l","2026-08-15 23:53:47.544","2026-08-21 23:24:08.052","6mOhkAqOL7l","18378845","[PREMIUM]","[PREMIUM]","[PREMIUM]","102","Section 102","q",3,"[]","2026-11-24 00:00:00","electronic","exchange",1,"[PREMIUM]","3"
"7KntAlvreVM","2026-08-15 23:53:47.544","2026-08-28 22:37:37.294","7KntAlvreVM","18378845","[PREMIUM]","[PREMIUM]","[PREMIUM]","103","Section 103","e",2,"[]","2026-11-23 00:00:00","electronic","exchange",3,"[PREMIUM]","2"
"7KntAlvVAEw","2026-08-15 23:53:47.544","2026-08-28 22:37:37.294","7KntAlvVAEw","18378845","[PREMIUM]","[PREMIUM]","[PREMIUM]","433","Section 433","q",6,"[]","2026-11-24 00:00:00","electronic","exchange",1,"[PREMIUM]","1,2,3,4,5,6"
"9P2c5qwdLLN","2026-08-15 23:53:47.544","2026-08-28 22:37:37.294","9P2c5qwdLLN","18378845","[PREMIUM]","[PREMIUM]","[PREMIUM]","106","Section 106","o",7,"['4','5','6','7','8','9','10']","2026-07-20 00:00:00","electronic","exchange",0,"[PREMIUM]","1,2,3,4,5,7"
"A6rs27bAMbv","2026-08-15 23:53:47.544","2026-08-16 22:27:49.479","A6rs27bAMbv","18378845","[PREMIUM]","[PREMIUM]","[PREMIUM]","226","Section 226","d",2,"[]","2026-11-23 00:00:00","electronic","exchange",2,"[PREMIUM]","2"
"DdwHkOa5JAG","2026-08-15 23:53:47.544","2026-08-16 22:27:49.479","DdwHkOa5JAG","18378845","[PREMIUM]","[PREMIUM]","[PREMIUM]","112","Section 112","j",6,"[]","2026-11-24 00:00:00","electronic","exchange",1,"[PREMIUM]","6"
"DdwHkOa3zAx","2026-08-15 23:53:47.544","2026-08-28 22:37:37.294","DdwHkOa3zAx","18378845","[PREMIUM]","[PREMIUM]","[PREMIUM]","103","Section 103","d",2,"[]","2026-11-23 00:00:00","electronic","exchange",3,"[PREMIUM]","2"
"EroUXnkD9po","2026-08-15 23:53:47.544","2026-08-18 14:18:36.127","EroUXnkD9po","18378845","[PREMIUM]","[PREMIUM]","[PREMIUM]","119","Section 119","e",2,"[]","2026-11-24 00:00:00","electronic","exchange",1,"[PREMIUM]","2"
"LbviLEe4XAO","2026-08-15 23:53:47.544","2026-08-28 22:37:37.294","LbviLEe4XAO","18378845","[PREMIUM]","[PREMIUM]","[PREMIUM]","101","Section 101","f",2,"[]","2026-11-23 00:00:00","electronic","exchange",2,"[PREMIUM]","2"
"MAeIPl4965O","2026-08-15 23:53:47.544","2026-08-23 22:45:50.567","MAeIPl4965O","18378845","[PREMIUM]","[PREMIUM]","[PREMIUM]","110","Section 110","l",4,"[]","2026-11-24 00:00:00","electronic","exchange",0,"[PREMIUM]","4"
"NrqUv4edvrG","2026-08-15 23:53:47.544","2026-08-28 22:37:37.294","NrqUv4edvrG","18378845","[PREMIUM]","[PREMIUM]","[PREMIUM]","432","Section 432","p",6,"[]","2026-11-24 00:00:00","electronic","exchange",2,"[PREMIUM]","1,2,3,4,5,6"
"ROXHzwbJz0g","2026-08-15 23:53:47.544","2026-08-27 00:18:18.869","ROXHzwbJz0g","18378845","[PREMIUM]","[PREMIUM]","[PREMIUM]","402","Section 402","n",2,"[]","2026-11-24 00:00:00","electronic","exchange",1,"[PREMIUM]","1,2"
"V4KU0MBgeKJ","2026-08-15 23:53:47.544","2026-08-28 22:37:37.294","V4KU0MBgeKJ","18378845","[PREMIUM]","[PREMIUM]","[PREMIUM]","102","Section 102","q",3,"['11','12','13']","2026-07-20 00:00:00","electronic","exchange",0,"[PREMIUM]","1,3"
"YgJtk6LKkEV","2026-08-15 23:53:47.544","2026-08-25 22:43:42.124","YgJtk6LKkEV","18378845","[PREMIUM]","[PREMIUM]","[PREMIUM]","425","Section 425","o",6,"[]","2026-11-24 00:00:00","electronic","exchange",2,"[PREMIUM]","1,2,3,4,5,6"
"b4wUaG7PRba","2026-08-15 23:53:47.544","2026-08-28 22:37:37.294","b4wUaG7PRba","18378845","[PREMIUM]","[PREMIUM]","[PREMIUM]","101","Section 101","e",2,"[]","2026-11-23 00:00:00","electronic","exchange",2,"[PREMIUM]","2"
"b4wUaG7k8ox","2026-08-15 23:53:47.544","2026-08-28 22:37:37.294","b4wUaG7k8ox","18378845","[PREMIUM]","[PREMIUM]","[PREMIUM]","110","Section 110","l",4,"['7','8','9','10']","2026-07-20 00:00:00","electronic","exchange",0,"[PREMIUM]","2,4"
"jDvsz7N3EwM","2026-08-15 23:53:47.544","2026-08-21 23:24:08.052","jDvsz7N3EwM","18378845","[PREMIUM]","[PREMIUM]","[PREMIUM]","429","Section 429","g",4,"[]","2026-11-24 00:00:00","electronic","exchange",2,"[PREMIUM]","4"
"lxVsdLnJqwR","2026-08-15 23:53:47.544","2026-08-28 22:37:37.294","lxVsdLnJqwR","18378845","[PREMIUM]","[PREMIUM]","[PREMIUM]","229","Section 229","a",2,"[]","2026-11-23 00:00:00","electronic","exchange",2,"[PREMIUM]","2"
"mxAs4YMG4XO","2026-08-15 23:53:47.544","2026-08-25 22:43:42.124","mxAs4YMG4XO","18378845","[PREMIUM]","[PREMIUM]","[PREMIUM]","409","Section 409","p",6,"[]","2026-11-24 00:00:00","electronic","exchange",1,"[PREMIUM]","1,2,3,4,5,6"
"oV7HbEkralG","2026-08-15 23:53:47.544","2026-08-28 22:37:37.294","oV7HbEkralG","18378845","[PREMIUM]","[PREMIUM]","[PREMIUM]","431","Section 431","g",2,"[]","2026-11-23 00:00:00","electronic","exchange",2,"[PREMIUM]","2"
"pVXHDElZDvg","2026-08-15 23:53:47.544","2026-08-25 22:43:42.124","pVXHDElZDvg","18378845","[PREMIUM]","[PREMIUM]","[PREMIUM]","426","Section 426","p",6,"[]","2026-11-24 00:00:00","electronic","exchange",2,"[PREMIUM]","1,2,3,4,5,6"
"w3Jsed7Zqb0","2026-08-15 23:53:47.544","2026-08-28 22:37:37.294","w3Jsed7Zqb0","18378845","[PREMIUM]","[PREMIUM]","[PREMIUM]","115","Section 115","g",4,"[]","2026-11-23 00:00:00","electronic","exchange",4,"[PREMIUM]","4"
"05VT8Kr2Ro9","2026-08-15 23:53:47.429","2026-08-28 11:17:12.576","05VT8Kr2Ro9","18378516","[PREMIUM]","[PREMIUM]","[PREMIUM]","LOGE2","Section Loge 2","13",2,"['5','6']","2026-11-24 00:00:00","electronic","exchange",2,"[PREMIUM]","2"
"3q7fNJRl8zZ","2026-08-15 23:53:47.429","2026-08-25 22:43:48.837","3q7fNJRl8zZ","18378516","[PREMIUM]","[PREMIUM]","[PREMIUM]","BAL305","Balcony 305","3",4,"[]","2026-11-23 00:00:00","electronic","exchange",2,"[PREMIUM]","4"
"3q7fNJRG9l5","2026-08-15 23:53:47.429","2026-08-28 11:17:12.576","3q7fNJRG9l5","18378516","[PREMIUM]","[PREMIUM]","[PREMIUM]","LOGE3","Section Loge 3","12",2,"[]","2026-11-23 00:00:00","electronic","exchange",3,"[PREMIUM]","2"
"4vXcj9DvJ8g","2026-08-15 23:53:47.429","2026-08-19 11:43:47.834","4vXcj9DvJ8g","18378516","[PREMIUM]","[PREMIUM]","[PREMIUM]","LOGE21","Section Loge 21","14",2,"[]","2026-11-23 00:00:00","electronic","exchange",2,"[PREMIUM]","2"
"5EjuZ6GYmjr","2026-08-15 23:53:47.429","2026-08-28 11:17:12.576","5EjuZ6GYmjr","18378516","[PREMIUM]","[PREMIUM]","[PREMIUM]","LOGE18","Section Loge 18","1",3,"['8','9','10']","2026-11-24 00:00:00","electronic","exchange",5,"[PREMIUM]","3"
"6mOhkAqE58m","2026-08-15 23:53:47.429","2026-08-28 11:17:12.576","6mOhkAqE58m","18378516","[PREMIUM]","[PREMIUM]","[PREMIUM]","BAL316","Balcony 316","13",2,"[]","2026-11-23 00:00:00","electronic","exchange",2,"[PREMIUM]","2"
"6mOhkAqalga","2026-08-15 23:53:47.429","2026-08-25 22:43:48.837","6mOhkAqalga","18378516","[PREMIUM]","[PREMIUM]","[PREMIUM]","BAL327","Balcony 327","9",3,"[]","2026-11-23 00:00:00","electronic","exchange",3,"[PREMIUM]","3"
"BALImXda6do","2026-08-15 23:53:47.429","2026-08-23 22:45:57.901","BALImXda6do","18378516","[PREMIUM]","[PREMIUM]","[PREMIUM]","LOGE14","Section Loge 14","8",2,"[]","2026-11-23 00:00:00","electronic","exchange",3,"[PREMIUM]","2"
"BALImXdaKNO","2026-08-15 23:53:47.429","2026-08-18 14:18:25.717","BALImXdaKNO","18378516","[PREMIUM]","[PREMIUM]","[PREMIUM]","LOGE3","Section Loge 3","2",2,"[]","2026-11-23 00:00:00","electronic","exchange",2,"[PREMIUM]","2"
"BALImXdJYR6","2026-08-15 23:53:47.429","2026-08-28 11:17:12.576","BALImXdJYR6","18378516","[PREMIUM]","[PREMIUM]","[PREMIUM]","BAL306","Balcony 306","10",2,"[]","2026-11-23 00:00:00","electronic","exchange",2,"[PREMIUM]","2"
"JABI39rxnGB","2026-08-15 23:53:47.429","2026-08-28 11:17:12.576","JABI39rxnGB","18378516","[PREMIUM]","[PREMIUM]","[PREMIUM]","BAL316","Balcony 316","11",4,"['17','18','19','20']","2026-11-24 00:00:00","electronic","exchange",1,"[PREMIUM]","2,4"
"Kezcz6B4mMO","2026-08-15 23:53:47.429","2026-08-28 11:17:12.576","Kezcz6B4mMO","18378516","[PREMIUM]","[PREMIUM]","[PREMIUM]","BAL301","Balcony 301","13",4,"['3','4','5','6']","2026-11-24 00:00:00","electronic","exchange",1,"[PREMIUM]","2,4"
"LbviLEe4geJ","2026-08-15 23:53:47.429","2026-08-21 23:23:57.468","LbviLEe4geJ","18378516","[PREMIUM]","[PREMIUM]","[PREMIUM]","LOGE11","Section Loge 11","3",2,"[]","2026-11-23 00:00:00","electronic","exchange",2,"[PREMIUM]","2"
"PX0sgL3ldr7","2026-08-15 23:53:47.429","2026-08-28 11:17:12.576","PX0sgL3ldr7","18378516","[PREMIUM]","[PREMIUM]","[PREMIUM]","LOGE17","Section Loge 17","15",4,"[]","2026-11-23 00:00:00","electronic","exchange",4,"[PREMIUM]","4"
"PX0sgL3MdP3","2026-08-15 23:53:47.429","2026-08-24 23:25:44.368","PX0sgL3MdP3","18378516","[PREMIUM]","[PREMIUM]","[PREMIUM]","LOGE15","Section Loge 15","17",3,"[]","2026-11-23 00:00:00","electronic","exchange",1,"[PREMIUM]","3"
"ROXHzwbGoa9","2026-08-15 23:53:47.429","2026-08-23 22:45:57.901","ROXHzwbGoa9","18378516","[PREMIUM]","[PREMIUM]","[PREMIUM]","LOGE18","Section Loge 18","20",2,"[]","2026-11-23 00:00:00","electronic","exchange",4,"[PREMIUM]","2"
"V4KU0MBdm6o","2026-08-15 23:53:47.429","2026-08-28 11:17:12.576","V4KU0MBdm6o","18378516","[PREMIUM]","[PREMIUM]","[PREMIUM]","CLB139","Club 139","g",2,"['5','6']","2026-11-24 00:00:00","electronic","exchange",2,"[PREMIUM]","2"
"X03tKjvqP9d","2026-08-15 23:53:47.429","2026-08-28 11:17:12.576","X03tKjvqP9d","18378516","[PREMIUM]","[PREMIUM]","[PREMIUM]","LOGE9","Section Loge 9","7",4,"[]","2026-11-23 00:00:00","electronic","exchange",2,"[PREMIUM]","4"
"b4wUaG7PjN5","2026-08-15 23:53:47.429","2026-08-16 22:28:00.681","b4wUaG7PjN5","18378516","[PREMIUM]","[PREMIUM]","[PREMIUM]","LOGE14","Section Loge 14","2",2,"[]","2026-11-23 00:00:00","electronic","exchange",2,"[PREMIUM]","2"
"jDvsz7Nmn5Y","2026-08-15 23:53:47.429","2026-08-28 11:17:12.576","jDvsz7Nmn5Y","18378516","[PREMIUM]","[PREMIUM]","[PREMIUM]","LOGE18","Section Loge 18","13",2,"[]","2026-11-23 00:00:00","electronic","exchange",2,"[PREMIUM]","2"
"kYet9473dAw","2026-08-15 23:53:47.429","2026-08-28 11:17:12.576","kYet9473dAw","18378516","[PREMIUM]","[PREMIUM]","[PREMIUM]","BAL302","Balcony 302","9",2,"[]","2026-11-23 00:00:00","electronic","exchange",3,"[PREMIUM]","2"
"kYet947YRm2","2026-08-15 23:53:47.429","2026-08-28 11:17:12.576","kYet947YRm2","18378516","[PREMIUM]","[PREMIUM]","[PREMIUM]","LOGE19","Section Loge 19","1",2,"['1','2']","2026-11-24 00:00:00","electronic","exchange",4,"[PREMIUM]","2"
"kYet947YM7r","2026-08-15 23:53:47.429","2026-08-28 11:17:12.576","kYet947YM7r","18378516","[PREMIUM]","[PREMIUM]","[PREMIUM]","LOGE4","Section Loge 4","26",4,"[]","2026-11-23 00:00:00","electronic","exchange",3,"[PREMIUM]","4"
"lxVsdLnJvXJ","2026-08-15 23:53:47.429","2026-08-28 11:17:12.576","lxVsdLnJvXJ","18378516","[PREMIUM]","[PREMIUM]","[PREMIUM]","LOGE16","Section Loge 16","9",3,"[]","2026-11-23 00:00:00","electronic","exchange",3,"[PREMIUM]","3"
"nx0srMbDkap","2026-08-15 23:53:47.429","2026-08-28 11:17:12.576","nx0srMbDkap","18378516","[PREMIUM]","[PREMIUM]","[PREMIUM]","LOGE19","Section Loge 19","18",4,"[]","2026-11-23 00:00:00","electronic","exchange",4,"[PREMIUM]","4"
"oV7HbEkegBe","2026-08-15 23:53:47.429","2026-08-23 22:45:57.901","oV7HbEkegBe","18378516","[PREMIUM]","[PREMIUM]","[PREMIUM]","BAL306","Balcony 306","10",2,"[]","2026-11-24 00:00:00","electronic","exchange",2,"[PREMIUM]","2"
"qVjH2Vl0Y80","2026-08-15 23:53:47.429","2026-08-24 23:25:44.368","qVjH2Vl0Y80","18378516","[PREMIUM]","[PREMIUM]","[PREMIUM]","LOGE11","Section Loge 11","4",4,"[]","2026-11-23 00:00:00","electronic","exchange",2,"[PREMIUM]","4"
"rVOHkRVmMw3","2026-08-15 23:53:47.429","2026-08-28 11:17:12.576","rVOHkRVmMw3","18378516","[PREMIUM]","[PREMIUM]","[PREMIUM]","LOGE3","Section Loge 3","13",4,"[]","2026-11-23 00:00:00","electronic","exchange",3,"[PREMIUM]","4"
"w3Jsed7ZXPL","2026-08-15 23:53:47.429","2026-08-28 11:17:12.576","w3Jsed7ZXPL","18378516","[PREMIUM]","[PREMIUM]","[PREMIUM]","LOGE12","Section Loge 12","9",4,"[]","2026-11-23 00:00:00","electronic","exchange",2,"[PREMIUM]","4"
"xb9imBd6mMv","2026-08-15 23:53:47.429","2026-08-23 22:45:57.901","xb9imBd6mMv","18378516","[PREMIUM]","[PREMIUM]","[PREMIUM]","LOGE15","Section Loge 15","16",3,"[]","2026-11-24 00:00:00","electronic","exchange",1,"[PREMIUM]","3"
"05VT8KrB9Bn","2026-08-15 23:53:43.755","2026-08-29 11:26:29.628","05VT8KrB9Bn","18377367","[PREMIUM]","[PREMIUM]","[PREMIUM]","301","Section 301","9",3,"[]","2026-11-11 00:00:00","electronic","exchange",3,"[PREMIUM]","3"
"2v0cz3AV06d","2026-08-15 23:53:43.755","2026-08-29 11:26:29.628","2v0cz3AV06d","18377367","[PREMIUM]","[PREMIUM]","[PREMIUM]","315","Section 315","13",4,"[]","2026-09-22 00:00:00","electronic","exchange",1,"[PREMIUM]","2,4"
"4vXcj9Drn6x","2026-08-15 23:53:43.755","2026-08-19 16:46:52.612","4vXcj9Drn6x","18377367","[PREMIUM]","[PREMIUM]","[PREMIUM]","102","Section 102","23",2,"[]","2026-11-12 00:00:00","electronic","exchange",1,"[PREMIUM]","2"
"4vXcj9DNMvN","2026-08-15 23:53:43.755","2026-08-29 11:26:29.628","4vXcj9DNMvN","18377367","[PREMIUM]","[PREMIUM]","[PREMIUM]","322","Section 322","11",9,"['101','102','103','104','105','106','107','108','109']","2026-09-24 00:00:00","electronic","exchange",1,"[PREMIUM]","1,2,3,4,5,6,7,9"
"5EjuZ6G6GZ2","2026-08-15 23:53:43.755","2026-08-16 22:26:32.534","5EjuZ6G6GZ2","18377367","[PREMIUM]","[PREMIUM]","[PREMIUM]","326","Section 326","10",2,"[]","2026-11-12 00:00:00","electronic","exchange",0,"[PREMIUM]","2"
"5EjuZ6Ge9Ko","2026-08-15 23:53:43.755","2026-08-29 11:26:29.628","5EjuZ6Ge9Ko","18377367","[PREMIUM]","[PREMIUM]","[PREMIUM]","121","Section 121","20",2,"[]","2026-11-11 00:00:00","electronic","exchange",0,"[PREMIUM]","2"
"6mOhkAqGVae","2026-08-15 23:53:43.755","2026-08-29 11:26:29.628","6mOhkAqGVae","18377367","[PREMIUM]","[PREMIUM]","[PREMIUM]","322","Section 322","10",4,"['105','106','107','108']","2026-09-22 00:00:00","electronic","exchange",0,"[PREMIUM]","1,2,4"
"9P2c5qwARNz","2026-08-15 23:53:43.755","2026-08-29 11:26:29.628","9P2c5qwARNz","18377367","[PREMIUM]","[PREMIUM]","[PREMIUM]","315","Section 315","13",4,"['8','9','10','11']","2026-09-22 00:00:00","electronic","exchange",1,"[PREMIUM]","1,2,4"
"A6rs27ba0AD","2026-08-15 23:53:43.755","2026-08-20 11:35:12.900","A6rs27ba0AD","18377367","[PREMIUM]","[PREMIUM]","[PREMIUM]","122","Section 122","7",4,"[]","2026-11-12 00:00:00","electronic","exchange",1,"[PREMIUM]","1,2,3,4"
"DdwHkOaOaPR","2026-08-15 23:53:43.755","2026-08-29 11:26:29.628","DdwHkOaOaPR","18377367","[PREMIUM]","[PREMIUM]","[PREMIUM]","302","Section 302","2",2,"[]","2026-11-12 00:00:00","electronic","exchange",0,"[PREMIUM]","2"
"EroUXnkNqzM","2026-08-15 23:53:43.755","2026-08-29 11:26:29.628","EroUXnkNqzM","18377367","[PREMIUM]","[PREMIUM]","[PREMIUM]","312","Section 312","8",4,"['101','102','103','104']","2026-09-22 00:00:00","electronic","exchange",1,"[PREMIUM]","1,2,4"
"GAaI62ExAxg","2026-08-15 23:53:43.755","2026-08-29 11:26:29.628","GAaI62ExAxg","18377367","[PREMIUM]","[PREMIUM]","[PREMIUM]","302","Section 302","9",1,"[]","2026-11-11 00:00:00","electronic","exchange",3,"[PREMIUM]","1"
"JABI39rmqkN","2026-08-15 23:53:43.755","2026-08-29 11:26:29.628","JABI39rmqkN","18377367","[PREMIUM]","[PREMIUM]","[PREMIUM]","320","Section 320","13",4,"['3','4','5','6']","2026-09-24 00:00:00","electronic","exchange",1,"[PREMIUM]","1,2,4"
"JABI39rmGLZ","2026-08-15 23:53:43.755","2026-08-29 11:26:29.628","JABI39rmGLZ","18377367","[PREMIUM]","[PREMIUM]","[PREMIUM]","320","Section 320","12",6,"[]","2026-09-24 00:00:00","electronic","exchange",1,"[PREMIUM]","1,2,3,4,6"
"LbviLEeVG5D","2026-08-15 23:53:43.755","2026-08-29 11:26:29.628","LbviLEeVG5D","18377367","[PREMIUM]","[PREMIUM]","[PREMIUM]","320","Section 320","13",4,"[]","2026-09-24 00:00:00","electronic","exchange",1,"[PREMIUM]","2,4"
"PX0sgL3YG77","2026-08-15 23:53:43.755","2026-08-29 11:26:29.628","PX0sgL3YG77","18377367","[PREMIUM]","[PREMIUM]","[PREMIUM]","323","Section 323","5",2,"[]","2026-11-11 00:00:00","electronic","exchange",2,"[PREMIUM]","2"
"X03tKjvjvK7","2026-08-15 23:53:43.755","2026-08-29 11:26:29.628","X03tKjvjvK7","18377367","[PREMIUM]","[PREMIUM]","[PREMIUM]","316","Section 316","9",2,"[]","2026-11-12 00:00:00","electronic","exchange",0,"[PREMIUM]","2"
"YgJtk6L3Avg","2026-08-15 23:53:43.755","2026-08-29 11:26:29.628","YgJtk6L3Avg","18377367","[PREMIUM]","[PREMIUM]","[PREMIUM]","322","Section 322","11",9,"[]","2026-09-24 00:00:00","electronic","exchange",0,"[PREMIUM]","1,2,3,4,5,6,7,9"
"Zm9hvwGwGAK","2026-08-15 23:53:43.755","2026-08-29 11:26:29.628","Zm9hvwGwGAK","18377367","[PREMIUM]","[PREMIUM]","[PREMIUM]","302","Section 302","2",4,"[]","2026-11-12 00:00:00","electronic","exchange",1,"[PREMIUM]","2,4"
"b4wUaG7X9bX","2026-08-15 23:53:43.755","2026-08-16 22:26:32.534","b4wUaG7X9bX","18377367","[PREMIUM]","[PREMIUM]","[PREMIUM]","323","Section 323","2",2,"[]","2026-11-11 00:00:00","electronic","exchange",1,"[PREMIUM]","2"
"dNgUg6qE7zv","2026-08-15 23:53:43.755","2026-08-29 11:26:29.628","dNgUg6qE7zv","18377367","[PREMIUM]","[PREMIUM]","[PREMIUM]","323","Section 323","9",2,"[]","2026-11-11 00:00:00","electronic","exchange",1,"[PREMIUM]","2"
"g48UromOd9e","2026-08-15 23:53:43.755","2026-08-18 11:54:12.709","g48UromOd9e","18377367","[PREMIUM]","[PREMIUM]","[PREMIUM]","121","Section 121","20",2,"[]","2026-11-11 00:00:00","electronic","exchange",0,"[PREMIUM]","2"
"g48Uromm9JA","2026-08-15 23:53:43.755","2026-08-24 11:18:38.298","g48Uromm9JA","18377367","[PREMIUM]","[PREMIUM]","[PREMIUM]","324","Section 324","11",4,"[]","2026-11-12 00:00:00","electronic","exchange",2,"[PREMIUM]","4"
"lxVsdLrgLGq","2026-08-15 23:53:43.755","2026-08-21 14:37:18.009","lxVsdLrgLGq","18377367","[PREMIUM]","[PREMIUM]","[PREMIUM]","301","Section 301","12",2,"[]","2026-11-11 00:00:00","electronic","exchange",2,"[PREMIUM]","2"
"lxVsdLnKGrP","2026-08-15 23:53:43.755","2026-08-29 11:26:29.628","lxVsdLnKGrP","18377367","[PREMIUM]","[PREMIUM]","[PREMIUM]","320","Section 320","12",6,"['7','8','9','10','11','12']","2026-09-24 00:00:00","electronic","exchange",2,"[PREMIUM]","1,2,3,4,6"
"nx0srMbMbw0","2026-08-15 23:53:43.755","2026-08-29 11:26:29.628","nx0srMbMbw0","18377367","[PREMIUM]","[PREMIUM]","[PREMIUM]","303","Section 303","12",4,"[]","2026-11-12 00:00:00","electronic","exchange",0,"[PREMIUM]","2,4"
"rVOHkRVRV85","2026-08-15 23:53:43.755","2026-08-29 11:26:29.628","rVOHkRVRV85","18377367","[PREMIUM]","[PREMIUM]","[PREMIUM]","315","Section 315","11",6,"[]","2026-11-12 00:00:00","electronic","exchange",0,"[PREMIUM]","2,4,6"
"rVOHkRVE60q","2026-08-15 23:53:43.755","2026-08-29 11:26:29.628","rVOHkRVE60q","18377367","[PREMIUM]","[PREMIUM]","[PREMIUM]","312","Section 312","8",4,"[]","2026-09-22 00:00:00","electronic","exchange",0,"[PREMIUM]","2,4"
"rVOHkRVE60p","2026-08-15 23:53:43.755","2026-08-29 11:26:29.628","rVOHkRVE60p","18377367","[PREMIUM]","[PREMIUM]","[PREMIUM]","322","Section 322","10",4,"[]","2026-09-22 00:00:00","electronic","exchange",0,"[PREMIUM]","2,4"
"w3Jsed7d7qn","2026-08-15 23:53:43.755","2026-08-29 11:26:29.628","w3Jsed7d7qn","18377367","[PREMIUM]","[PREMIUM]","[PREMIUM]","315","Section 315","2",2,"[]","2026-11-12 00:00:00","electronic","exchange",0,"[PREMIUM]","2"
"w3Jsed7K657","2026-08-15 23:53:43.755","2026-08-29 11:26:29.628","w3Jsed7K657","18377367","[PREMIUM]","[PREMIUM]","[PREMIUM]","120","Section 120","2",3,"[]","2026-11-11 00:00:00","electronic","exchange",1,"[PREMIUM]","3"
"z3Es6qKqKDK","2026-08-15 23:53:43.755","2026-08-29 11:26:29.628","z3Es6qKqKDK","18377367","[PREMIUM]","[PREMIUM]","[PREMIUM]","326","Section 326","9",2,"[]","2026-11-12 00:00:00","electronic","exchange",2,"[PREMIUM]","2"
"05VT8Kk8zev","2026-08-15 23:53:42.689","2026-08-28 22:39:09.493","05VT8Kk8zev","18362736","[PREMIUM]","[PREMIUM]","[PREMIUM]","118","Section 118","3",4,"['11','12','13','14']","2026-08-11 00:00:00","electronic","exchange",0,"[PREMIUM]","1,2,4"
"3q7fNJVNwEk","2026-08-15 23:53:42.689","2026-08-28 22:39:09.493","3q7fNJVNwEk","18362736","[PREMIUM]","[PREMIUM]","[PREMIUM]","119","Section 119","7",8,"['1','2','3','4','5','6','7','8']","2026-08-11 00:00:00","electronic","exchange",0,"[PREMIUM]","1,2,3,4,5,6,8"
"6gek84j","2026-08-15 23:53:42.689","2026-08-28 22:39:09.493","6gek84j","18362736","[PREMIUM]","[PREMIUM]","[PREMIUM]","315","Section 315","1",2,"['7','8']",,"electronic","open_marketplace",5,"[PREMIUM]","2"
"ekdekxx","2026-08-15 23:53:42.689","2026-08-28 22:39:09.493","ekdekxx","18362736","[PREMIUM]","[PREMIUM]","[PREMIUM]","118","Section 118","3",2,"['3','4']",,"electronic","open_marketplace",0,"[PREMIUM]","2"
"l_6rxWz5bH6PzkdZf3yl35KIBr3DRktlQd4XkfPWAejGtJrJQKjHmx2rXMUerI63I5b","2026-08-15 23:53:42.689","2026-08-15 23:53:42.689","l_6rxWz5bH6PzkdZf3yl35KIBr3DRktlQd4XkfPWAejGtJrJQKjHmx2rXMUerI63I5b","18362736","[PREMIUM]","[PREMIUM]","[PREMIUM]","326","Section 326","14",16,"['1','2','3','4','5','6','7','8','9','10','11','12','13','14','15','16']",,"sg_app","open",0,"[PREMIUM]","1,2,3,4,5,6,7,8,9,10,11,12,13,14,16"
"l_6rxWz5bH6PzkdZf3yl35KIBr3DRktVybBbwIPWAe2nuJrJQKjHmx2rXMUerIlMHQ2","2026-08-15 23:53:42.689","2026-08-28 22:39:09.493","l_6rxWz5bH6PzkdZf3yl35KIBr3DRktVybBbwIPWAe2nuJrJQKjHmx2rXMUerIlMHQ2","18362736","[PREMIUM]","[PREMIUM]","[PREMIUM]","313","Section 313","15",4,"['11','12','13','14']",,"sg_app","open",1,"[PREMIUM]","1,2,4"
"l_Vklb8RJiVPBQYecXEJXjNhn4D1P8FjpBD1wsxXq2wyC6L6V3qsdj0JMZSVqILQhl0","2026-08-15 23:53:42.689","2026-08-23 22:45:55.741","l_Vklb8RJiVPBQYecXEJXjNhn4D1P8FjpBD1wsxXq2wyC6L6V3qsdj0JMZSVqILQhl0","18362736","[PREMIUM]","[PREMIUM]","[PREMIUM]","331","Section 331","13",8,"['7','8','9','10','11','12','13','14']",,"sg_app","open",1,"[PREMIUM]","1,2,3,4,5,6,8"
"l_Vklb8RJiVPBQYecXEJXjNhn4D1P8FGdmg9ksxXq2wyC6L6V3qsdj0JMZSVqIVkT1D","2026-08-15 23:53:42.689","2026-08-27 00:18:01.639","l_Vklb8RJiVPBQYecXEJXjNhn4D1P8FGdmg9ksxXq2wyC6L6V3qsdj0JMZSVqIVkT1D","18362736","[PREMIUM]","[PREMIUM]","[PREMIUM]","324","Section 324","16",8,"['9','10','11','12','13','14','15','16']",,"sg_app","open",2,"[PREMIUM]","1,2,3,4,5,6,8"
"l_YLjr8G5ukvpRMlujwyjV8h3pn0rECd3rj0AiRG9zWKcJlJ8yZHNwk36dHYWIn1hVE","2026-08-15 23:53:42.689","2026-08-25 22:43:44.133","l_YLjr8G5ukvpRMlujwyjV8h3pn0rECd3rj0AiRG9zWKcJlJ8yZHNwk36dHYWIn1hVE","18362736","[PREMIUM]","[PREMIUM]","[PREMIUM]","311","Section 311","15",6,"['12','13','14','15','16','17']",,"sg_app","open",2,"[PREMIUM]","1,2,3,4,6"
"l_bJNm8ALuWM8m1Ksjvgj3AhnqkrYJFjdxA00TyG0qnBclblBjYizPrZ6dsr5IRrF8Q","2026-08-15 23:53:42.689","2026-08-18 14:20:13.067","l_bJNm8ALuWM8m1Ksjvgj3AhnqkrYJFjdxA00TyG0qnBclblBjYizPrZ6dsr5IRrF8Q","18362736","[PREMIUM]","[PREMIUM]","[PREMIUM]","303","Section 303","16",4,"['7','8','9','10']",,"sg_app","open",1,"[PREMIUM]","1,2,4"
"l_bJNm8ALuWM8m1Ksjvgj3AhnqkrYJFK5LWkDCyG0qxDIlblBjYizPrZ6dsr5IylHPV","2026-08-15 23:53:42.689","2026-08-28 22:39:09.493","l_bJNm8ALuWM8m1Ksjvgj3AhnqkrYJFK5LWkDCyG0qxDIlblBjYizPrZ6dsr5IylHPV","18362736","[PREMIUM]","[PREMIUM]","[PREMIUM]","116","Section 116","4",1,"['8']",,"sg_app","open",0,"[PREMIUM]","1"
"l_bJNm8ALuWM8m1Ksjvgj3AhnqkrYJF4RP3NwfyG0pPbIlblBjYizPrZ6dsr5IEmHvr","2026-08-15 23:53:42.689","2026-08-28 22:39:09.493","l_bJNm8ALuWM8m1Ksjvgj3AhnqkrYJF4RP3NwfyG0pPbIlblBjYizPrZ6dsr5IEmHvr","18362736","[PREMIUM]","[PREMIUM]","[PREMIUM]","326","Section 326","14",6,"['17','18','19','20','21','22']",,"sg_app","open",2,"[PREMIUM]","1,2,3,4,6"
"l_mlP5YdWTr6AQ0BsMrqMzXUGqnbX2cQ5P9NeURE3KmAc2L2l5jH6rWJ5ATpWIW4iwp","2026-08-15 23:53:42.689","2026-08-23 22:45:55.741","l_mlP5YdWTr6AQ0BsMrqMzXUGqnbX2cQ5P9NeURE3KmAc2L2l5jH6rWJ5ATpWIW4iwp","18362736","[PREMIUM]","[PREMIUM]","[PREMIUM]","312","Section 312","16",6,"['3','4','5','6','7','8']",,"sg_app","open",2,"[PREMIUM]","1,2,3,4,6"
"l_jlYJ9NGT0WRADJuZWvZplUGvNPR9c4q2QjjT1dZ36NCMWM2xXfAmQNkdhkxIPLCMb","2026-08-15 23:53:42.689","2026-08-28 22:39:09.493","l_jlYJ9NGT0WRADJuZWvZplUGvNPR9c4q2QjjT1dZ36NCMWM2xXfAmQNkdhkxIPLCMb","18362736","[PREMIUM]","[PREMIUM]","[PREMIUM]","102","Section 102","12",3,"['12','13','14']",,"sg_app","open",0,"[PREMIUM]","1,3"
"l_vlZ4Qw9TyD0bmrSBJnBP3IQny9AqUx4J5RrcZPgWBAtLgLAGySlX0J9BFvnIgnsYx","2026-08-15 23:53:42.689","2026-08-25 22:43:44.133","l_vlZ4Qw9TyD0bmrSBJnBP3IQny9AqUx4J5RrcZPgWBAtLgLAGySlX0J9BFvnIgnsYx","18362736","[PREMIUM]","[PREMIUM]","[PREMIUM]","323","Section 323","15",6,"['1','2','3','4','5','6']",,"sg_app","open",4,"[PREMIUM]","1,2,3,4,6"
"l_vlZ4Qw9TyD0bmrSBJnBP3IQny9AqU8JN9kzHZPg5nZiLgLAGySlX0J9BFvnI16UBb","2026-08-15 23:53:42.689","2026-08-25 22:43:44.133","l_vlZ4Qw9TyD0bmrSBJnBP3IQny9AqU8JN9kzHZPg5nZiLgLAGySlX0J9BFvnI16UBb","18362736","[PREMIUM]","[PREMIUM]","[PREMIUM]","129","Section 129","26",6,"['5','6','7','8','9','10']",,"sg_app","open",2,"[PREMIUM]","1,2,3,4,6"
"l_vlZ4Qw9TyD0bmrSBJnBP3IQny9AqUgE8w1MHZPgWRjFLgLAGySlX0J9BFvnI2WTgx","2026-08-15 23:53:42.689","2026-08-16 22:27:48.266","l_vlZ4Qw9TyD0bmrSBJnBP3IQny9AqUgE8w1MHZPgWRjFLgLAGySlX0J9BFvnI2WTgx","18362736","[PREMIUM]","[PREMIUM]","[PREMIUM]","312","Section 312","15",10,"['7','8','9','10','11','12','13','14','15','16']",,"sg_app","open",2,"[PREMIUM]","1,2,3,4,5,6,7,8,10"
"l_xvredL9HJNjZnkIxqRxLBc0RJGdYuBpZ8DDFW3DkVNU1Q1bVMfdwlkZgS65U3KhlA","2026-08-15 23:53:42.689","2026-08-25 22:43:44.133","l_xvredL9HJNjZnkIxqRxLBc0RJGdYuBpZ8DDFW3DkVNU1Q1bVMfdwlkZgS65U3KhlA","18362736","[PREMIUM]","[PREMIUM]","[PREMIUM]","303","Section 303","14",3,"['9','10','11']",,"sg_app","open",1,"[PREMIUM]","1,3"
"p100qg8","2026-08-15 23:53:42.689","2026-08-28 22:39:09.493","p100qg8","18362736","[PREMIUM]","[PREMIUM]","[PREMIUM]","111","Section 111","11",4,"['1','2','3','4']",,"electronic","open_marketplace",2,"[PREMIUM]","4"
"vb3iPezpR0j","2026-08-15 23:53:42.689","2026-08-28 22:39:09.493","vb3iPezpR0j","18362736","[PREMIUM]","[PREMIUM]","[PREMIUM]","CL10","Club 10","1",4,"['7','8','9','10']","2026-08-11 00:00:00","electronic","exchange",0,"[PREMIUM]","1,2,4"
"y4q207y","2026-08-15 23:53:42.689","2026-08-28 22:39:09.493","y4q207y","18362736","[PREMIUM]","[PREMIUM]","[PREMIUM]","114","Section 114","25",2,"['15','16']",,"electronic","open_marketplace",1,"[PREMIUM]","2"
"3q7fNJRpvVO","2026-08-15 23:53:35.775","2026-08-19 11:44:13.414","3q7fNJRpvVO","18378266","[PREMIUM]","[PREMIUM]","[PREMIUM]","116","Section 116","bar",7,"[]","2026-11-24 00:00:00","electronic","exchange",4,"[PREMIUM]","1,2,3,4,5,6,7"
"3q7fNJRlX6P","2026-08-15 23:53:35.775","2026-08-18 14:15:15.686","3q7fNJRlX6P","18378266","[PREMIUM]","[PREMIUM]","[PREMIUM]","115","Section 115","c",2,"[]","2026-11-23 00:00:00","electronic","exchange",2,"[PREMIUM]","2"
"3q7fNJRwrre","2026-08-15 23:53:35.775","2026-08-28 22:37:37.807","3q7fNJRwrre","18378266","[PREMIUM]","[PREMIUM]","[PREMIUM]","202","Section 202","a",4,"[]","2026-11-23 00:00:00","electronic","exchange",1,"[PREMIUM]","4"
"4vXcj9DXnz7","2026-08-15 23:53:35.775","2026-08-15 23:53:35.775","4vXcj9DXnz7","18378266","[PREMIUM]","[PREMIUM]","[PREMIUM]","107","Section 107","b",3,"['4','5','6']","2026-11-24 00:00:00","electronic","exchange",5,"[PREMIUM]","1,2,3"
"6mOhkAqR5Ob","2026-08-15 23:53:35.775","2026-08-28 22:37:37.807","6mOhkAqR5Ob","18378266","[PREMIUM]","[PREMIUM]","[PREMIUM]","21","Section 21","q",4,"[]","2026-11-23 00:00:00","electronic","exchange",3,"[PREMIUM]","4"
"6mOhkAqEaPq","2026-08-15 23:53:35.775","2026-08-28 22:37:37.807","6mOhkAqEaPq","18378266","[PREMIUM]","[PREMIUM]","[PREMIUM]","102","Section 102","e",4,"[]","2026-11-23 00:00:00","electronic","exchange",1,"[PREMIUM]","4"
"7KntAlvpmPX","2026-08-15 23:53:35.775","2026-08-19 11:44:13.414","7KntAlvpmPX","18378266","[PREMIUM]","[PREMIUM]","[PREMIUM]","116","Section 116","bar",4,"[]","2026-11-24 00:00:00","electronic","exchange",2,"[PREMIUM]","1,2,3,4"
"7KntAlvaNln","2026-08-15 23:53:35.775","2026-08-28 22:37:37.807","7KntAlvaNln","18378266","[PREMIUM]","[PREMIUM]","[PREMIUM]","115","Section 115","c",2,"[]","2026-11-23 00:00:00","electronic","exchange",2,"[PREMIUM]","2"
"8lKt6Y45p9z","2026-08-15 23:53:35.775","2026-08-15 23:53:35.775","8lKt6Y45p9z","18378266","[PREMIUM]","[PREMIUM]","[PREMIUM]","107","Section 107","f",3,"['12','13','14']","2026-11-24 00:00:00","electronic","exchange",5,"[PREMIUM]","1,2,3"
"EroUXnkO6x6","2026-08-15 23:53:35.775","2026-08-18 14:15:15.686","EroUXnkO6x6","18378266","[PREMIUM]","[PREMIUM]","[PREMIUM]","107","Section 107","b",3,"[]","2026-11-24 00:00:00","electronic","exchange",4,"[PREMIUM]","1,3"
"JABI39rNgwV","2026-08-15 23:53:35.775","2026-08-19 11:44:13.414","JABI39rNgwV","18378266","[PREMIUM]","[PREMIUM]","[PREMIUM]","207","Section 207","a",6,"[]","2026-11-24 00:00:00","electronic","exchange",5,"[PREMIUM]","1,2,3,4,5,6"
"Kezcz6BoDkZ","2026-08-15 23:53:35.775","2026-08-16 22:27:47.666","Kezcz6BoDkZ","18378266","[PREMIUM]","[PREMIUM]","[PREMIUM]","06","Section 6","l",2,"[]","2026-11-24 00:00:00","electronic","exchange",0,"[PREMIUM]","2"
"NrqUv4e0mox","2026-08-15 23:53:35.775","2026-08-15 23:53:35.775","NrqUv4e0mox","18378266","[PREMIUM]","[PREMIUM]","[PREMIUM]","06","Section 6","u",2,"[]","2026-11-24 00:00:00","electronic","exchange",1,"[PREMIUM]","2"
"O7AhwrL6JJn","2026-08-15 23:53:35.775","2026-08-28 22:37:37.807","O7AhwrL6JJn","18378266","[PREMIUM]","[PREMIUM]","[PREMIUM]","216","Section 216","g",1,"[]","2026-11-23 00:00:00","electronic","exchange",2,"[PREMIUM]","1"
"O7AhwrLYOrP","2026-08-15 23:53:35.775","2026-08-28 22:37:37.807","O7AhwrLYOrP","18378266","[PREMIUM]","[PREMIUM]","[PREMIUM]","26","Section 26","r",2,"[]","2026-11-23 00:00:00","electronic","exchange",2,"[PREMIUM]","2"
"PX0sgL38XlK","2026-08-15 23:53:35.775","2026-08-19 11:44:13.414","PX0sgL38XlK","18378266","[PREMIUM]","[PREMIUM]","[PREMIUM]","116","Section 116","bar",7,"[]","2026-11-23 00:00:00","electronic","exchange",5,"[PREMIUM]","1,2,3,4,5,6,7"
"PX0sgL3leYn","2026-08-15 23:53:35.775","2026-08-28 22:37:37.807","PX0sgL3leYn","18378266","[PREMIUM]","[PREMIUM]","[PREMIUM]","214","Section 214","g",4,"[]","2026-11-23 00:00:00","electronic","exchange",2,"[PREMIUM]","4"
"X03tKjv54wp","2026-08-15 23:53:35.775","2026-08-19 11:44:13.414","X03tKjv54wp","18378266","[PREMIUM]","[PREMIUM]","[PREMIUM]","8","Section 8","d",2,"[]","2026-11-23 00:00:00","electronic","exchange",1,"[PREMIUM]","2"
"X03tKjvJ36Z","2026-08-15 23:53:35.775","2026-08-19 11:44:13.414","X03tKjvJ36Z","18378266","[PREMIUM]","[PREMIUM]","[PREMIUM]","207","Section 207","a",4,"[]","2026-11-24 00:00:00","electronic","exchange",4,"[PREMIUM]","1,2,3,4"
"YgJtk6LaR2M","2026-08-15 23:53:35.775","2026-08-20 23:27:06.799","YgJtk6LaR2M","18378266","[PREMIUM]","[PREMIUM]","[PREMIUM]","2","Section 2","f",2,"['3','4']","2026-11-22 00:00:00","electronic","exchange",0,"[PREMIUM]","2"
"Zm9hvwGOPe2","2026-08-15 23:53:35.775","2026-08-19 11:44:13.414","Zm9hvwGOPe2","18378266","[PREMIUM]","[PREMIUM]","[PREMIUM]","115","Section 115","bar",2,"[]","2026-11-24 00:00:00","electronic","exchange",5,"[PREMIUM]","2"
"Zm9hvwGMgg7","2026-08-15 23:53:35.775","2026-08-16 22:27:47.666","Zm9hvwGMgg7","18378266","[PREMIUM]","[PREMIUM]","[PREMIUM]","214","Section 214","f",2,"[]","2026-11-23 00:00:00","electronic","exchange",1,"[PREMIUM]","2"
"agktlDZaR23","2026-08-15 23:53:35.775","2026-08-28 22:37:37.807","agktlDZaR23","18378266","[PREMIUM]","[PREMIUM]","[PREMIUM]","117","Section 117","b",2,"[]","2026-11-23 00:00:00","electronic","exchange",3,"[PREMIUM]","2"
"g48UromE2kg","2026-08-15 23:53:35.775","2026-08-28 22:37:37.807","g48UromE2kg","18378266","[PREMIUM]","[PREMIUM]","[PREMIUM]","126","Section 126","e",2,"[]","2026-11-23 00:00:00","electronic","exchange",1,"[PREMIUM]","2"
"g48Urom6bqB","2026-08-15 23:53:35.775","2026-08-28 22:37:37.807","g48Urom6bqB","18378266","[PREMIUM]","[PREMIUM]","[PREMIUM]","21","Section 21","d",2,"['7','8']","2026-09-10 00:00:00","electronic","exchange",2,"[PREMIUM]","2"
"kYet947YK5m","2026-08-15 23:53:35.775","2026-08-15 23:53:35.775","kYet947YK5m","18378266","[PREMIUM]","[PREMIUM]","[PREMIUM]","21","Section 21","d",2,"[]","2026-11-23 00:00:00","electronic","exchange",4,"[PREMIUM]","2"
"lxVsdLnpBZq","2026-08-15 23:53:35.775","2026-08-19 11:44:13.414","lxVsdLnpBZq","18378266","[PREMIUM]","[PREMIUM]","[PREMIUM]","115","Section 115","c",2,"[]","2026-11-24 00:00:00","electronic","exchange",4,"[PREMIUM]","2"
"mxAs4YMRkr4","2026-08-15 23:53:35.775","2026-08-28 22:37:37.807","mxAs4YMRkr4","18378266","[PREMIUM]","[PREMIUM]","[PREMIUM]","26","Section 26","r",2,"[]","2026-11-23 00:00:00","electronic","exchange",3,"[PREMIUM]","2"
"nx0srMbxz0k","2026-08-15 23:53:35.775","2026-08-15 23:53:35.775","nx0srMbxz0k","18378266","[PREMIUM]","[PREMIUM]","[PREMIUM]","115","Section 115","c",2,"['13','14']","2026-11-24 00:00:00","electronic","exchange",5,"[PREMIUM]","2"
"oV7HbEk2eqq","2026-08-15 23:53:35.775","2026-08-15 23:53:35.775","oV7HbEk2eqq","18378266","[PREMIUM]","[PREMIUM]","[PREMIUM]","06","Section 6","l",2,"['6','7']","2026-11-24 00:00:00","electronic","exchange",4,"[PREMIUM]","1,2"
"rVOHkRVEL0N","2026-08-15 23:53:35.775","2026-08-28 22:37:37.807","rVOHkRVEL0N","18378266","[PREMIUM]","[PREMIUM]","[PREMIUM]","04","Section 4","l",2,"[]","2026-11-24 00:00:00","electronic","exchange",0,"[PREMIUM]","2"
"vb3iPexrexK","2026-08-15 23:53:35.775","2026-08-15 23:53:35.775","vb3iPexrexK","18378266","[PREMIUM]","[PREMIUM]","[PREMIUM]","224","Section 224","a",8,"['3','4','5','6','7','8','9','10']","2026-11-24 00:00:00","electronic","exchange",5,"[PREMIUM]","1,2,3,4,5,6,7,8"
"w3Jsed77YAX","2026-08-15 23:53:35.775","2026-08-16 22:27:47.666","w3Jsed77YAX","18378266","[PREMIUM]","[PREMIUM]","[PREMIUM]","06","Section 6","l",2,"[]","2026-11-24 00:00:00","electronic","exchange",5,"[PREMIUM]","2"
"w3Jsed7Zgvk","2026-08-15 23:53:35.775","2026-08-21 23:27:15.112","w3Jsed7Zgvk","18378266","[PREMIUM]","[PREMIUM]","[PREMIUM]","1","Section 1","h",4,"[]","2026-11-23 00:00:00","electronic","exchange",5,"[PREMIUM]","4"
"w3Jsed7j0jd","2026-08-15 23:53:35.775","2026-08-23 22:45:49.514","w3Jsed7j0jd","18378266","[PREMIUM]","[PREMIUM]","[PREMIUM]","108","Section 108","e",2,"[]","2026-11-23 00:00:00","electronic","exchange",2,"[PREMIUM]","2"
"xb9imBdqjA8","2026-08-15 23:53:35.775","2026-08-28 22:37:37.807","xb9imBdqjA8","18378266","[PREMIUM]","[PREMIUM]","[PREMIUM]","2","Section 2","d",3,"[]","2026-11-23 00:00:00","electronic","exchange",3,"[PREMIUM]","3"
"z3Es6qK7rev","2026-08-15 23:53:35.775","2026-08-19 11:44:13.414","z3Es6qK7rev","18378266","[PREMIUM]","[PREMIUM]","[PREMIUM]","224","Section 224","a",8,"[]","2026-11-24 00:00:00","electronic","exchange",5,"[PREMIUM]","1,2,3,4,5,6,8"
"5EjuZ6GGXKp","2026-08-15 23:53:35.621","2026-08-28 22:37:41.230","5EjuZ6GGXKp","18296646","[PREMIUM]","[PREMIUM]","[PREMIUM]","117","Section 117","3",3,"['3','4','5']","2026-11-24 00:00:00","electronic","exchange",1,"[PREMIUM]","1,2,3"
"Kezcz6BB3Xe","2026-08-15 23:53:35.621","2026-08-28 22:37:41.230","Kezcz6BB3Xe","18296646","[PREMIUM]","[PREMIUM]","[PREMIUM]","CLUB 05","Club 05","2",2,"['11','12']","2026-11-24 00:00:00","electronic","exchange",2,"[PREMIUM]","2"
"LbviLEeeqd4","2026-08-15 23:53:35.621","2026-08-28 22:37:41.230","LbviLEeeqd4","18296646","[PREMIUM]","[PREMIUM]","[PREMIUM]","CLUB 27","Club 27","1",2,"['5','6']","2026-11-24 00:00:00","electronic","exchange",3,"[PREMIUM]","2"
"MAeIPl44eeb","2026-08-15 23:53:35.621","2026-08-28 22:37:41.230","MAeIPl44eeb","18296646","[PREMIUM]","[PREMIUM]","[PREMIUM]","116","Section 116","5",2,"['5','6']","2026-11-24 00:00:00","electronic","exchange",0,"[PREMIUM]","2"
"Zm9hvwGGZEO","2026-08-15 23:53:35.621","2026-08-25 22:43:34.060","Zm9hvwGGZEO","18296646","[PREMIUM]","[PREMIUM]","[PREMIUM]","CLUB 03","Club 03","1",5,"['1','2','3','4','5']","2026-11-24 00:00:00","electronic","exchange",1,"[PREMIUM]","1,2,3,5"
"kpj2nq4","2026-08-15 23:53:35.621","2026-08-28 22:37:41.230","kpj2nq4","18296646","[PREMIUM]","[PREMIUM]","[PREMIUM]","110","Section 110","10",2,"['12','13']",,"electronic","open_marketplace",1,"[PREMIUM]","2"
"o2nvxo2","2026-08-15 23:53:35.621","2026-08-20 23:27:15.938","o2nvxo2","18296646","[PREMIUM]","[PREMIUM]","[PREMIUM]","209","Section 209","3",2,"['12','13']",,"electronic","open_marketplace",1,"[PREMIUM]","2"
"p100wq6","2026-08-15 23:53:35.621","2026-08-28 22:37:41.230","p100wq6","18296646","[PREMIUM]","[PREMIUM]","[PREMIUM]","206","Section 206","1",2,"['7','8']",,"electronic","open_marketplace",3,"[PREMIUM]","2"
"xb9imBdd4Jr","2026-08-15 23:53:35.621","2026-08-28 22:37:41.230","xb9imBdd4Jr","18296646","[PREMIUM]","[PREMIUM]","[PREMIUM]","116","Section 116","3",3,"['14','15','16']","2026-11-24 00:00:00","electronic","exchange",1,"[PREMIUM]","1,2,3"
"y4qq0y6","2026-08-15 23:53:35.621","2026-08-28 22:37:41.230","y4qq0y6","18296646","[PREMIUM]","[PREMIUM]","[PREMIUM]","207","Section 207","1",2,"['5','6']",,"electronic","open_marketplace",1,"[PREMIUM]","2"
"05VT8KrYxmr","2026-08-15 23:53:28.755","2026-08-28 11:23:18.200","05VT8KrYxmr","18376878","[PREMIUM]","[PREMIUM]","[PREMIUM]","225","Section 225","d",8,"['1','2','3','4','5','6','7','8']","2026-11-23 00:00:00","electronic","exchange",0,"[PREMIUM]","1,2,3,4,5,6,8"
"BALImXdNOoR","2026-08-15 23:53:28.755","2026-08-28 11:23:18.200","BALImXdNOoR","18376878","[PREMIUM]","[PREMIUM]","[PREMIUM]","224","Section 224","h",4,"[]","2026-11-23 00:00:00","electronic","exchange",0,"[PREMIUM]","4"
"V4KU0MBNmjm","2026-08-15 23:53:28.755","2026-08-28 11:23:18.200","V4KU0MBNmjm","18376878","[PREMIUM]","[PREMIUM]","[PREMIUM]","217","Section 217","h",2,"[]","2026-11-23 00:00:00","electronic","exchange",2,"[PREMIUM]","2"
"2v0cz3A3PaZ","2026-08-15 23:53:27.388","2026-08-19 11:41:34.613","2v0cz3A3PaZ","18377129","[PREMIUM]","[PREMIUM]","[PREMIUM]","223","Section 223","7",4,"[]","2026-11-23 00:00:00","electronic","exchange",0,"[PREMIUM]","2,4"
"9P2c5qwMB3d","2026-08-15 23:53:27.388","2026-08-28 22:37:33.936","9P2c5qwMB3d","18377129","[PREMIUM]","[PREMIUM]","[PREMIUM]","215","Section 215","1",2,"[]","2026-11-23 00:00:00","electronic","exchange",0,"[PREMIUM]","2"
"w3Jsed7aD3V","2026-08-15 23:53:26.278","2026-08-23 22:45:44.359","w3Jsed7aD3V","18376797","[PREMIUM]","[PREMIUM]","[PREMIUM]","321","Section 321","8",4,"[]","2026-11-22 00:00:00","electronic","exchange",1,"[PREMIUM]","4"
"2v0cz3A5ME7","2026-08-15 23:53:19.426","2026-08-25 22:43:25.672","2v0cz3A5ME7","18378599","[PREMIUM]","[PREMIUM]","[PREMIUM]","214","Section 214","17",2,"[]","2026-11-21 00:00:00","electronic","exchange",2,"[PREMIUM]","2"
"3q7fNJROAon","2026-08-15 23:53:19.426","2026-08-27 00:17:28.504","3q7fNJROAon","18378599","[PREMIUM]","[PREMIUM]","[PREMIUM]","103","Section 103","4",6,"[]","2026-11-22 00:00:00","electronic","exchange",0,"[PREMIUM]","1,2,3,4,5,6"
"3q7fNJRjaYa","2026-08-15 23:53:19.426","2026-08-28 22:37:29.408","3q7fNJRjaYa","18378599","[PREMIUM]","[PREMIUM]","[PREMIUM]","214","Section 214","17",2,"[]","2026-11-21 00:00:00","electronic","exchange",2,"[PREMIUM]","2"
"5EjuZ6GGZbn","2026-08-15 23:53:19.426","2026-08-19 11:39:54.338","5EjuZ6GGZbn","18378599","[PREMIUM]","[PREMIUM]","[PREMIUM]","101","Section 101","5",4,"[]","2026-11-22 00:00:00","electronic","exchange",0,"[PREMIUM]","2,4"
"6mOhkAqpMDm","2026-08-15 23:53:19.426","2026-08-19 11:39:54.338","6mOhkAqpMDm","18378599","[PREMIUM]","[PREMIUM]","[PREMIUM]","218","Section 218","10",3,"[]","2026-11-22 00:00:00","electronic","exchange",1,"[PREMIUM]","1,2,3"
"7KntAlvgbRD","2026-08-15 23:53:19.426","2026-08-19 11:39:54.338","7KntAlvgbRD","18378599","[PREMIUM]","[PREMIUM]","[PREMIUM]","201","Section 201","7",2,"[]","2026-11-22 00:00:00","electronic","exchange",2,"[PREMIUM]","2"
"9P2c5qwM28k","2026-08-15 23:53:19.426","2026-08-19 11:39:54.338","9P2c5qwM28k","18378599","[PREMIUM]","[PREMIUM]","[PREMIUM]","201","Section 201","7",2,"[]","2026-11-22 00:00:00","electronic","exchange",2,"[PREMIUM]","2"
"9P2c5qweXg3","2026-08-15 23:53:19.426","2026-08-19 11:39:54.338","9P2c5qweXg3","18378599","[PREMIUM]","[PREMIUM]","[PREMIUM]","218","Section 218","10",3,"[]","2026-11-22 00:00:00","electronic","exchange",1,"[PREMIUM]","1,2,3"
"9P2c5qwZjPY","2026-08-15 23:53:19.426","2026-08-28 22:37:29.408","9P2c5qwZjPY","18378599","[PREMIUM]","[PREMIUM]","[PREMIUM]","225","Section 225","17",2,"[]","2026-11-21 00:00:00","electronic","exchange",2,"[PREMIUM]","2"
"A6rs27bbBKY","2026-08-15 23:53:19.426","2026-08-28 22:37:29.408","A6rs27bbBKY","18378599","[PREMIUM]","[PREMIUM]","[PREMIUM]","106","Section 106","4",2,"['3','4']","2026-11-22 00:00:00","electronic","exchange",2,"[PREMIUM]","1,2"
"A6rs27bOraX","2026-08-15 23:53:19.426","2026-08-28 22:37:29.408","A6rs27bOraX","18378599","[PREMIUM]","[PREMIUM]","[PREMIUM]","114","Section 114","13",2,"[]","2026-11-21 00:00:00","electronic","exchange",2,"[PREMIUM]","2"
"DdwHkOaro88","2026-08-15 23:53:19.426","2026-08-19 11:39:54.338","DdwHkOaro88","18378599","[PREMIUM]","[PREMIUM]","[PREMIUM]","101","Section 101","5",4,"[]","2026-11-22 00:00:00","electronic","exchange",0,"[PREMIUM]","1,2,3,4"
"DdwHkOajwEz","2026-08-15 23:53:19.426","2026-08-28 22:37:29.408","DdwHkOajwEz","18378599","[PREMIUM]","[PREMIUM]","[PREMIUM]","213","Section 213","14",4,"[]","2026-11-21 00:00:00","electronic","exchange",1,"[PREMIUM]","4"
"GAaI62E0K5d","2026-08-15 23:53:19.426","2026-08-19 11:39:54.338","GAaI62E0K5d","18378599","[PREMIUM]","[PREMIUM]","[PREMIUM]","201","Section 201","7",2,"[]","2026-11-22 00:00:00","electronic","exchange",3,"[PREMIUM]","2"
"JABI39rd76M","2026-08-15 23:53:19.426","2026-08-19 11:39:54.338","JABI39rd76M","18378599","[PREMIUM]","[PREMIUM]","[PREMIUM]","110","Section 110","23",6,"[]","2026-11-21 00:00:00","electronic","exchange",2,"[PREMIUM]","1,2,3,4,5,6"
"JABI39rEBdL","2026-08-15 23:53:19.426","2026-08-19 11:39:54.338","JABI39rEBdL","18378599","[PREMIUM]","[PREMIUM]","[PREMIUM]","201","Section 201","7",2,"[]","2026-11-22 00:00:00","electronic","exchange",2,"[PREMIUM]","2"
"Kezcz6BJznp","2026-08-15 23:53:19.426","2026-08-19 11:39:54.338","Kezcz6BJznp","18378599","[PREMIUM]","[PREMIUM]","[PREMIUM]","106","Section 106","4",2,"[]","2026-11-22 00:00:00","electronic","exchange",3,"[PREMIUM]","2"
"LbviLEe86kd","2026-08-15 23:53:19.426","2026-08-19 11:39:54.338","LbviLEe86kd","18378599","[PREMIUM]","[PREMIUM]","[PREMIUM]","201","Section 201","7",2,"[]","2026-11-22 00:00:00","electronic","exchange",3,"[PREMIUM]","2"
"MAeIPl4RlaD","2026-08-15 23:53:19.426","2026-08-28 22:37:29.408","MAeIPl4RlaD","18378599","[PREMIUM]","[PREMIUM]","[PREMIUM]","215","Section 215","5",3,"[]","2026-11-21 00:00:00","electronic","exchange",5,"[PREMIUM]","3"
"NrqUv4eezr5","2026-08-15 23:53:19.426","2026-08-16 22:27:45.777","NrqUv4eezr5","18378599","[PREMIUM]","[PREMIUM]","[PREMIUM]","214","Section 214","5",2,"[]","2026-11-22 00:00:00","electronic","exchange",0,"[PREMIUM]","2"
"PX0sgL3qrnB","2026-08-15 23:53:19.426","2026-08-19 11:39:54.338","PX0sgL3qrnB","18378599","[PREMIUM]","[PREMIUM]","[PREMIUM]","201","Section 201","7",2,"[]","2026-11-22 00:00:00","electronic","exchange",3,"[PREMIUM]","2"
"PX0sgL39Gl0","2026-08-15 23:53:19.426","2026-08-28 22:37:29.408","PX0sgL39Gl0","18378599","[PREMIUM]","[PREMIUM]","[PREMIUM]","101","Section 101","3",2,"[]","2026-11-21 00:00:00","electronic","exchange",0,"[PREMIUM]","2"
"ROXHzwbB8oq","2026-08-15 23:53:19.426","2026-08-28 22:37:29.408","ROXHzwbB8oq","18378599","[PREMIUM]","[PREMIUM]","[PREMIUM]","128","Section 128","6",1,"[]","2026-11-21 00:00:00","electronic","exchange",1,"[PREMIUM]","1"
"X03tKjvlond","2026-08-15 23:53:19.426","2026-08-19 11:39:54.338","X03tKjvlond","18378599","[PREMIUM]","[PREMIUM]","[PREMIUM]","201","Section 201","7",2,"[]","2026-11-22 00:00:00","electronic","exchange",2,"[PREMIUM]","2"
"X03tKjv9k08","2026-08-15 23:53:19.426","2026-08-28 22:37:29.408","X03tKjv9k08","18378599","[PREMIUM]","[PREMIUM]","[PREMIUM]","102","Section 102","6",2,"[]","2026-11-21 00:00:00","electronic","exchange",2,"[PREMIUM]","2"
"X03tKjvg8dr","2026-08-15 23:53:19.426","2026-08-28 22:37:29.408","X03tKjvg8dr","18378599","[PREMIUM]","[PREMIUM]","[PREMIUM]","127","Section 127","6",2,"[]","2026-11-21 00:00:00","electronic","exchange",1,"[PREMIUM]","2"
"Zm9hvwGJ2Nb","2026-08-15 23:53:19.426","2026-08-19 11:39:54.338","Zm9hvwGJ2Nb","18378599","[PREMIUM]","[PREMIUM]","[PREMIUM]","201","Section 201","7",2,"[]","2026-11-22 00:00:00","electronic","exchange",5,"[PREMIUM]","2"
"b4wUaG7zV4x","2026-08-15 23:53:19.426","2026-08-28 22:37:29.408","b4wUaG7zV4x","18378599","[PREMIUM]","[PREMIUM]","[PREMIUM]","117","Section 117","5",3,"[]","2026-11-22 00:00:00","electronic","exchange",0,"[PREMIUM]","1,2,3"
"eeacK2qPGRD","2026-08-15 23:53:19.426","2026-08-28 22:37:29.408","eeacK2qPGRD","18378599","[PREMIUM]","[PREMIUM]","[PREMIUM]","114","Section 114","13",1,"[]","2026-11-21 00:00:00","electronic","exchange",2,"[PREMIUM]","1"
"g48Urom6bLJ","2026-08-15 23:53:19.426","2026-08-19 11:39:54.338","g48Urom6bLJ","18378599","[PREMIUM]","[PREMIUM]","[PREMIUM]","201","Section 201","7",2,"[]","2026-11-22 00:00:00","electronic","exchange",3,"[PREMIUM]","2"
"jDvsz7NMRn8","2026-08-15 23:53:19.426","2026-08-19 11:39:54.338","jDvsz7NMRn8","18378599","[PREMIUM]","[PREMIUM]","[PREMIUM]","116","Section 116","4",8,"[]","2026-11-22 00:00:00","electronic","exchange",0,"[PREMIUM]","1,2,3,4,5,6,8"
"jDvsz7NeOYJ","2026-08-15 23:53:19.426","2026-08-19 11:39:54.338","jDvsz7NeOYJ","18378599","[PREMIUM]","[PREMIUM]","[PREMIUM]","101","Section 101","5",4,"[]","2026-11-22 00:00:00","electronic","exchange",0,"[PREMIUM]","2,4"
"lxVsdLnelbY","2026-08-15 23:53:19.426","2026-08-19 11:39:54.338","lxVsdLnelbY","18378599","[PREMIUM]","[PREMIUM]","[PREMIUM]","116","Section 116","4",8,"[]","2026-11-22 00:00:00","electronic","exchange",0,"[PREMIUM]","2,3,4,5,6,7,8"
"lxVsdLnr9ak","2026-08-15 23:53:19.426","2026-08-28 22:37:29.408","lxVsdLnr9ak","18378599","[PREMIUM]","[PREMIUM]","[PREMIUM]","101","Section 101","5",4,"[]","2026-11-22 00:00:00","electronic","exchange",0,"[PREMIUM]","1,2,3,4"
"oV7HbEkrll0","2026-08-15 23:53:19.426","2026-08-19 11:39:54.338","oV7HbEkrll0","18378599","[PREMIUM]","[PREMIUM]","[PREMIUM]","218","Section 218","10",3,"[]","2026-11-22 00:00:00","electronic","exchange",1,"[PREMIUM]","3"
"w3Jsed7ZbbK","2026-08-15 23:53:19.426","2026-08-19 11:39:54.338","w3Jsed7ZbbK","18378599","[PREMIUM]","[PREMIUM]","[PREMIUM]","218","Section 218","10",3,"[]","2026-11-22 00:00:00","electronic","exchange",1,"[PREMIUM]","3"
"w3Jsed7MBRz","2026-08-15 23:53:19.426","2026-08-28 22:37:29.408","w3Jsed7MBRz","18378599","[PREMIUM]","[PREMIUM]","[PREMIUM]","117","Section 117","3",2,"[]","2026-11-22 00:00:00","electronic","exchange",5,"[PREMIUM]","2"
"xb9imBdl6z6","2026-08-15 23:53:19.426","2026-08-19 11:39:54.338","xb9imBdl6z6","18378599","[PREMIUM]","[PREMIUM]","[PREMIUM]","201","Section 201","7",2,"[]","2026-11-22 00:00:00","electronic","exchange",5,"[PREMIUM]","2"
"05VT8KrdNB0","2026-08-15 23:53:15.633","2026-08-23 11:24:44.208","05VT8KrdNB0","18378265","[PREMIUM]","[PREMIUM]","[PREMIUM]","102","Section 102","e",2,"[]","2026-11-21 00:00:00","electronic","exchange",1,"[PREMIUM]","2"
"2v0cz3AG2qn","2026-08-15 23:53:15.633","2026-08-16 22:27:43.309","2v0cz3AG2qn","18378265","[PREMIUM]","[PREMIUM]","[PREMIUM]","201","Section 201","b",2,"[]","2026-11-22 00:00:00","electronic","exchange",4,"[PREMIUM]","2"
"2v0cz3ABJ4e","2026-08-15 23:53:15.633","2026-08-28 22:39:34.510","2v0cz3ABJ4e","18378265","[PREMIUM]","[PREMIUM]","[PREMIUM]","214","Section 214","g",4,"[]","2026-11-21 00:00:00","electronic","exchange",4,"[PREMIUM]","4"
"6mOhkAqpN3d","2026-08-15 23:53:15.633","2026-08-15 23:53:15.633","6mOhkAqpN3d","18378265","[PREMIUM]","[PREMIUM]","[PREMIUM]","03","Section 3","w",2,"[]","2026-11-22 00:00:00","electronic","exchange",4,"[PREMIUM]","2"
"6mOhkAqpR2N","2026-08-15 23:53:15.633","2026-08-15 23:53:15.633","6mOhkAqpR2N","18378265","[PREMIUM]","[PREMIUM]","[PREMIUM]","106","Section 106","m",2,"[]","2026-11-22 00:00:00","electronic","exchange",2,"[PREMIUM]","2"
"6mOhkAqR885","2026-08-15 23:53:15.633","2026-08-28 22:39:34.510","6mOhkAqR885","18378265","[PREMIUM]","[PREMIUM]","[PREMIUM]","108","Section 108","f",3,"[]","2026-11-21 00:00:00","electronic","exchange",2,"[PREMIUM]","3"
"7KntAlvge4e","2026-08-15 23:53:15.633","2026-08-19 11:47:52.486","7KntAlvge4e","18378265","[PREMIUM]","[PREMIUM]","[PREMIUM]","201","Section 201","b",2,"[]","2026-11-22 00:00:00","electronic","exchange",0,"[PREMIUM]","2"
"7KntAlvzRqj","2026-08-15 23:53:15.633","2026-08-28 22:39:34.510","7KntAlvzRqj","18378265","[PREMIUM]","[PREMIUM]","[PREMIUM]","114","Section 114","b",2,"[]","2026-11-21 00:00:00","electronic","exchange",1,"[PREMIUM]","2"
"8lKt6Y4KrxJ","2026-08-15 23:53:15.633","2026-08-28 22:39:34.510","8lKt6Y4KrxJ","18378265","[PREMIUM]","[PREMIUM]","[PREMIUM]","1","Section 1","h",4,"[]","2026-11-21 00:00:00","electronic","exchange",2,"[PREMIUM]","4"
"A6rs27bA84X","2026-08-15 23:53:15.633","2026-08-25 22:43:26.063","A6rs27bA84X","18378265","[PREMIUM]","[PREMIUM]","[PREMIUM]","115","Section 115","e",3,"[]","2026-11-21 00:00:00","electronic","exchange",0,"[PREMIUM]","3"
"A6rs27bBmxX","2026-08-15 23:53:15.633","2026-08-15 23:53:15.633","A6rs27bBmxX","18378265","[PREMIUM]","[PREMIUM]","[PREMIUM]","106","Section 106","m",2,"[]","2026-11-22 00:00:00","electronic","exchange",2,"[PREMIUM]","2"
"DdwHkOajgV8","2026-08-15 23:53:15.633","2026-08-28 22:39:34.510","DdwHkOajgV8","18378265","[PREMIUM]","[PREMIUM]","[PREMIUM]","COVE24","Section Cove 24","aa",4,"[]","2026-11-21 00:00:00","electronic","exchange",2,"[PREMIUM]","4"
"GAaI62Ej420","2026-08-15 23:53:15.633","2026-08-23 11:24:44.208","GAaI62Ej420","18378265","[PREMIUM]","[PREMIUM]","[PREMIUM]","108","Section 108","e",2,"[]","2026-11-21 00:00:00","electronic","exchange",2,"[PREMIUM]","2"
"GAaI62Ejkqz","2026-08-15 23:53:15.633","2026-08-28 22:39:34.510","GAaI62Ejkqz","18378265","[PREMIUM]","[PREMIUM]","[PREMIUM]","114","Section 114","b",2,"[]","2026-11-21 00:00:00","electronic","exchange",1,"[PREMIUM]","2"
"JABI39r6bbD","2026-08-15 23:53:15.633","2026-08-15 23:53:15.633","JABI39r6bbD","18378265","[PREMIUM]","[PREMIUM]","[PREMIUM]","16","Section 16","z",4,"[]","2026-11-22 00:00:00","electronic","exchange",3,"[PREMIUM]","4"
"JABI39rKMMM","2026-08-15 23:53:15.633","2026-08-28 22:39:34.510","JABI39rKMMM","18378265","[PREMIUM]","[PREMIUM]","[PREMIUM]","101","Section 101","b",2,"[]","2026-11-21 00:00:00","electronic","exchange",1,"[PREMIUM]","2"
"Kezcz64xYRv","2026-08-15 23:53:15.633","2026-08-28 22:39:34.510","Kezcz64xYRv","18378265","[PREMIUM]","[PREMIUM]","[PREMIUM]","115","Section 115","bar",2,"[]","2026-11-21 00:00:00","electronic","exchange",0,"[PREMIUM]","2"
"Kezcz6BajGJ","2026-08-15 23:53:15.633","2026-08-19 11:47:52.486","Kezcz6BajGJ","18378265","[PREMIUM]","[PREMIUM]","[PREMIUM]","204","Section 204","b",8,"[]","2026-11-21 00:00:00","electronic","exchange",3,"[PREMIUM]","1,2,3,4,5,6,7,8"
"Kezcz6BgoPD","2026-08-15 23:53:15.633","2026-08-28 22:39:34.510","Kezcz6BgoPD","18378265","[PREMIUM]","[PREMIUM]","[PREMIUM]","COVE04","Section Cove 4","aa",4,"[]","2026-11-21 00:00:00","electronic","exchange",3,"[PREMIUM]","4"
"MAeIPl4J9Ed","2026-08-15 23:53:15.633","2026-08-15 23:53:15.633","MAeIPl4J9Ed","18378265","[PREMIUM]","[PREMIUM]","[PREMIUM]","20","Section 20","k",4,"[]","2026-11-21 00:00:00","electronic","exchange",3,"[PREMIUM]","4"
"MAeIPlnvagk","2026-08-15 23:53:15.633","2026-08-28 22:39:34.510","MAeIPlnvagk","18378265","[PREMIUM]","[PREMIUM]","[PREMIUM]","108","Section 108","g",3,"[]","2026-11-21 00:00:00","electronic","exchange",2,"[PREMIUM]","3"
"O7AhwrL6dxV","2026-08-15 23:53:15.633","2026-08-28 22:39:34.510","O7AhwrL6dxV","18378265","[PREMIUM]","[PREMIUM]","[PREMIUM]","106","Section 106","g",2,"[]","2026-11-21 00:00:00","electronic","exchange",2,"[PREMIUM]","2"
"YgJtk6L3lMK","2026-08-15 23:53:15.633","2026-08-19 11:47:52.486","YgJtk6L3lMK","18378265","[PREMIUM]","[PREMIUM]","[PREMIUM]","212","Section 212","e",6,"[]","2026-11-21 00:00:00","electronic","exchange",4,"[PREMIUM]","1,2,3,4,5,6"
"YgJtk6L75dV","2026-08-15 23:53:15.633","2026-08-28 22:39:34.510","YgJtk6L75dV","18378265","[PREMIUM]","[PREMIUM]","[PREMIUM]","24","Section 24","f",4,"[]","2026-11-21 00:00:00","electronic","exchange",2,"[PREMIUM]","4"
"Zm9hvwGJORK","2026-08-15 23:53:15.633","2026-08-28 22:39:34.510","Zm9hvwGJORK","18378265","[PREMIUM]","[PREMIUM]","[PREMIUM]","115","Section 115","c",2,"[]","2026-11-21 00:00:00","electronic","exchange",1,"[PREMIUM]","2"
"agktlDZA4gB","2026-08-15 23:53:15.633","2026-08-28 22:39:34.510","agktlDZA4gB","18378265","[PREMIUM]","[PREMIUM]","[PREMIUM]","8","Section 8","f",2,"[]","2026-11-21 00:00:00","electronic","exchange",1,"[PREMIUM]","2"
"b4wUaG7VlBX","2026-08-15 23:53:15.633","2026-08-19 11:47:52.486","b4wUaG7VlBX","18378265","[PREMIUM]","[PREMIUM]","[PREMIUM]","224","Section 224","b",5,"[]","2026-11-21 00:00:00","electronic","exchange",3,"[PREMIUM]","1,2,3,4,5"
"b4wUaG7PLeV","2026-08-15 23:53:15.633","2026-08-15 23:53:15.633","b4wUaG7PLeV","18378265","[PREMIUM]","[PREMIUM]","[PREMIUM]","25","Section 25","bar",2,"[]","2026-11-22 00:00:00","electronic","exchange",5,"[PREMIUM]","2"
"dNgUg6qwLZ6","2026-08-15 23:53:15.633","2026-08-19 11:47:52.486","dNgUg6qwLZ6","18378265","[PREMIUM]","[PREMIUM]","[PREMIUM]","8","Section 8","d",2,"[]","2026-11-21 00:00:00","electronic","exchange",1,"[PREMIUM]","2"
"eeacK2qEo78","2026-08-15 23:53:15.633","2026-08-15 23:53:15.633","eeacK2qEo78","18378265","[PREMIUM]","[PREMIUM]","[PREMIUM]","06","Section 6","v",2,"[]","2026-11-22 00:00:00","electronic","exchange",1,"[PREMIUM]","2"
"g48UromYBlN","2026-08-15 23:53:15.633","2026-08-28 22:39:34.510","g48UromYBlN","18378265","[PREMIUM]","[PREMIUM]","[PREMIUM]","118","Section 118","q",3,"[]","2026-11-21 00:00:00","electronic","exchange",3,"[PREMIUM]","3"
"jDvsz7N36RO","2026-08-15 23:53:15.633","2026-08-28 22:39:34.510","jDvsz7N36RO","18378265","[PREMIUM]","[PREMIUM]","[PREMIUM]","214","Section 214","g",4,"[]","2026-11-21 00:00:00","electronic","exchange",4,"[PREMIUM]","4"
"kYet9477PB5","2026-08-15 23:53:15.633","2026-08-15 23:53:15.633","kYet9477PB5","18378265","[PREMIUM]","[PREMIUM]","[PREMIUM]","06","Section 6","y",4,"[]","2026-11-22 00:00:00","electronic","exchange",1,"[PREMIUM]","1,2,4"
"kYet947Xz0x","2026-08-15 23:53:15.633","2026-08-28 22:39:34.510","kYet947Xz0x","18378265","[PREMIUM]","[PREMIUM]","[PREMIUM]","21","Section 21","d",2,"[]","2026-11-21 00:00:00","electronic","exchange",3,"[PREMIUM]","2"
"kYet947Xzkq","2026-08-15 23:53:15.633","2026-08-28 22:39:34.510","kYet947Xzkq","18378265","[PREMIUM]","[PREMIUM]","[PREMIUM]","215","Section 215","b",5,"[]","2026-11-21 00:00:00","electronic","exchange",1,"[PREMIUM]","5"
"kYet947vB5O","2026-08-15 23:53:15.633","2026-08-28 22:39:34.510","kYet947vB5O","18378265","[PREMIUM]","[PREMIUM]","[PREMIUM]","216","Section 216","g",1,"[]","2026-11-21 00:00:00","electronic","exchange",2,"[PREMIUM]","1"
"nx0srMbD8Po","2026-08-15 23:53:15.633","2026-08-15 23:53:15.633","nx0srMbD8Po","18378265","[PREMIUM]","[PREMIUM]","[PREMIUM]","25","Section 25","m",4,"[]","2026-11-22 00:00:00","electronic","exchange",2,"[PREMIUM]","4"
"oV7HbEk6wV3","2026-08-15 23:53:15.633","2026-08-28 22:39:34.510","oV7HbEk6wV3","18378265","[PREMIUM]","[PREMIUM]","[PREMIUM]","21","Section 21","d",2,"['7','8']","2026-09-10 00:00:00","electronic","exchange",2,"[PREMIUM]","2"
"rVOHkRVxMB7","2026-08-15 23:53:15.633","2026-08-16 22:27:43.309","rVOHkRVxMB7","18378265","[PREMIUM]","[PREMIUM]","[PREMIUM]","01","Section 1","a",4,"[]","2026-11-22 00:00:00","electronic","exchange",1,"[PREMIUM]","4"
"w3Jsed7j9ad","2026-08-15 23:53:15.633","2026-08-28 22:39:34.510","w3Jsed7j9ad","18378265","[PREMIUM]","[PREMIUM]","[PREMIUM]","1","Section 1","d",2,"[]","2026-11-21 00:00:00","electronic","exchange",1,"[PREMIUM]","2"
"w3Jsed7j9Vb","2026-08-15 23:53:15.633","2026-08-28 22:39:34.510","w3Jsed7j9Vb","18378265","[PREMIUM]","[PREMIUM]","[PREMIUM]","214","Section 214","a",4,"[]","2026-11-21 00:00:00","electronic","exchange",0,"[PREMIUM]","4"
"9P2c5qwjxvl","2026-08-15 23:53:12.815","2026-08-16 22:27:39.434","9P2c5qwjxvl","18377455","[PREMIUM]","[PREMIUM]","[PREMIUM]","207","Section 207","6",4,"[]","2026-11-22 00:00:00","electronic","exchange",4,"[PREMIUM]","2,4"
"MAeIPl4RK5a","2026-08-15 23:53:12.815","2026-08-28 00:28:57.784","MAeIPl4RK5a","18377455","[PREMIUM]","[PREMIUM]","[PREMIUM]","301","Section 301 Loge","a",2,"[]","2026-11-21 00:00:00","electronic","exchange",0,"[PREMIUM]","2"
"kYet947gLvj","2026-08-15 23:53:12.815","2026-08-16 22:27:39.434","kYet947gLvj","18377455","[PREMIUM]","[PREMIUM]","[PREMIUM]","220","Section 220","3",2,"[]","2026-11-22 00:00:00","electronic","exchange",2,"[PREMIUM]","2"
"kYet9474nPG","2026-08-15 23:53:12.815","2026-08-28 22:37:28.193","kYet9474nPG","18377455","[PREMIUM]","[PREMIUM]","[PREMIUM]","323","Section 323","9",2,"[]","2026-11-22 00:00:00","electronic","exchange",0,"[PREMIUM]","2"
"nx0srMbA6bw","2026-08-15 23:53:12.815","2026-08-16 22:27:39.434","nx0srMbA6bw","18377455","[PREMIUM]","[PREMIUM]","[PREMIUM]","109","Section 109","8",2,"[]","2026-11-22 00:00:00","electronic","exchange",0,"[PREMIUM]","2"
"qVjH2Vl8gom","2026-08-15 23:53:12.815","2026-08-28 00:28:57.784","qVjH2Vl8gom","18377455","[PREMIUM]","[PREMIUM]","[PREMIUM]","116","Section 116","12",2,"[]","2026-11-21 00:00:00","electronic","exchange",5,"[PREMIUM]","2"
"qVjH2VlKqBw","2026-08-15 23:53:12.815","2026-08-28 00:28:57.784","qVjH2VlKqBw","18377455","[PREMIUM]","[PREMIUM]","[PREMIUM]","103","Section 103","16",4,"[]","2026-11-21 00:00:00","electronic","exchange",2,"[PREMIUM]","4"
"rVOHkRVRdGJ","2026-08-15 23:53:12.815","2026-08-28 22:37:28.193","rVOHkRVRdGJ","18377455","[PREMIUM]","[PREMIUM]","[PREMIUM]","330","Section 330","9",2,"[]","2026-11-22 00:00:00","electronic","exchange",0,"[PREMIUM]","2"
"GAaI62EaEp0","2026-08-15 23:53:08.798","2026-08-28 11:18:50.906","GAaI62EaEp0","18378431","[PREMIUM]","[PREMIUM]","[PREMIUM]","301","Section 301","p",2,"['1','2']","2026-11-21 00:00:00","electronic","exchange",0,"[PREMIUM]","2"
"2v0cz3AMmjK","2026-08-15 23:53:07.381","2026-08-19 11:39:19.305","2v0cz3AMmjK","18377947","[PREMIUM]","[PREMIUM]","[PREMIUM]","333","Section 333","j",8,"[]","2026-11-20 00:00:00","electronic","exchange",1,"[PREMIUM]","1,2,3,4,5,6,7,8"
"3q7fNJRG00q","2026-08-15 23:53:07.381","2026-08-16 22:27:39.498","3q7fNJRG00q","18377947","[PREMIUM]","[PREMIUM]","[PREMIUM]","112","Section 112","f",2,"[]","2026-11-20 00:00:00","electronic","exchange",2,"[PREMIUM]","2"
"6mOhkAq8kbK","2026-08-15 23:53:07.381","2026-08-16 22:27:39.498","6mOhkAq8kbK","18377947","[PREMIUM]","[PREMIUM]","[PREMIUM]","108","Section 108","d",2,"[]","2026-11-21 00:00:00","electronic","exchange",1,"[PREMIUM]","2"
"Kezcz6BEbjx","2026-08-15 23:53:07.381","2026-08-15 23:53:07.381","Kezcz6BEbjx","18377947","[PREMIUM]","[PREMIUM]","[PREMIUM]","328","Section 328","s",7,"[]","2026-11-20 00:00:00","electronic","exchange",1,"[PREMIUM]","1,2,3,4,5,6,7"
"ROXHzwb0Bd6","2026-08-15 23:53:07.381","2026-08-28 22:37:19.904","ROXHzwb0Bd6","18377947","[PREMIUM]","[PREMIUM]","[PREMIUM]","108","Section 108","d",2,"[]","2026-11-20 00:00:00","electronic","exchange",0,"[PREMIUM]","2"
"V4KU0MBB7nb","2026-08-15 23:53:07.381","2026-08-28 22:37:19.904","V4KU0MBB7nb","18377947","[PREMIUM]","[PREMIUM]","[PREMIUM]","312","Section 312","c",2,"[]","2026-11-20 00:00:00","electronic","exchange",2,"[PREMIUM]","2"
"YgJtk6L4NrY","2026-08-15 23:53:07.381","2026-08-28 22:37:19.904","YgJtk6L4NrY","18377947","[PREMIUM]","[PREMIUM]","[PREMIUM]","101","Section 101","r",4,"[]","2026-11-20 00:00:00","electronic","exchange",0,"[PREMIUM]","4"
"agktlDZeGwP","2026-08-15 23:53:07.381","2026-08-28 22:37:19.904","agktlDZeGwP","18377947","[PREMIUM]","[PREMIUM]","[PREMIUM]","114","Section 114","n",3,"[]","2026-11-21 00:00:00","electronic","exchange",1,"[PREMIUM]","1,2,3"
"dNgUg6qbmwb","2026-08-15 23:53:07.381","2026-08-28 22:37:19.904","dNgUg6qbmwb","18377947","[PREMIUM]","[PREMIUM]","[PREMIUM]","108","Section 108","d",2,"[]","2026-11-20 00:00:00","electronic","exchange",0,"[PREMIUM]","2"
"g48UromL2Bx","2026-08-15 23:53:07.381","2026-08-19 11:39:19.305","g48UromL2Bx","18377947","[PREMIUM]","[PREMIUM]","[PREMIUM]","333","Section 333","j",8,"[]","2026-11-20 00:00:00","electronic","exchange",1,"[PREMIUM]","1,2,3,4,5,6,7,8"
"nx0srMbmEzZ","2026-08-15 23:53:07.381","2026-08-28 22:37:19.904","nx0srMbmEzZ","18377947","[PREMIUM]","[PREMIUM]","[PREMIUM]","334","Section 334","c",2,"[]","2026-11-21 00:00:00","electronic","exchange",1,"[PREMIUM]","2"
"oV7HbEkkMqL","2026-08-15 23:53:07.381","2026-08-20 23:25:12.525","oV7HbEkkMqL","18377947","[PREMIUM]","[PREMIUM]","[PREMIUM]","107","Section 107","l",2,"[]","2026-11-20 00:00:00","electronic","exchange",4,"[PREMIUM]","2"
"05VT8Kr7b65","2026-08-15 23:53:06.308","2026-08-19 11:37:44.529","05VT8Kr7b65","18378597","[PREMIUM]","[PREMIUM]","[PREMIUM]","204","Section 204","11",6,"[]","2026-11-20 00:00:00","electronic","exchange",0,"[PREMIUM]","2,3,4,5,6"
"2v0cz3AOon2","2026-08-15 23:53:06.308","2026-08-19 11:37:44.529","2v0cz3AOon2","18378597","[PREMIUM]","[PREMIUM]","[PREMIUM]","212","Section 212","11",8,"[]","2026-11-19 00:00:00","electronic","exchange",2,"[PREMIUM]","1,2,3,4,5,6,7,8"
"2v0cz3AbYq6","2026-08-15 23:53:06.308","2026-08-23 22:45:23.467","2v0cz3AbYq6","18378597","[PREMIUM]","[PREMIUM]","[PREMIUM]","218","Section 218","3",2,"[]","2026-11-20 00:00:00","electronic","exchange",0,"[PREMIUM]","2"
"2v0cz3Aj5Y3","2026-08-15 23:53:06.308","2026-08-19 11:37:44.529","2v0cz3Aj5Y3","18378597","[PREMIUM]","[PREMIUM]","[PREMIUM]","204","Section 204","11",6,"[]","2026-11-20 00:00:00","electronic","exchange",1,"[PREMIUM]","2,4,6"
"3q7fNJRRd9w","2026-08-15 23:53:06.308","2026-08-19 11:37:44.529","3q7fNJRRd9w","18378597","[PREMIUM]","[PREMIUM]","[PREMIUM]","128","Section 128","21",6,"[]","2026-11-20 00:00:00","electronic","exchange",3,"[PREMIUM]","2,3,4,5,6"
"3q7fNJRlnL6","2026-08-15 23:53:06.308","2026-08-27 00:16:55.126","3q7fNJRlnL6","18378597","[PREMIUM]","[PREMIUM]","[PREMIUM]","214","Section 214","5",2,"[]","2026-11-20 00:00:00","electronic","exchange",0,"[PREMIUM]","2"
"4vXcj9DXDqj","2026-08-15 23:53:06.308","2026-08-28 00:27:32.968","4vXcj9DXDqj","18378597","[PREMIUM]","[PREMIUM]","[PREMIUM]","214","Section 214","17",2,"[]","2026-11-19 00:00:00","electronic","exchange",1,"[PREMIUM]","2"
"4vXcj9DDqP2","2026-08-15 23:53:06.308","2026-08-19 11:37:44.529","4vXcj9DDqP2","18378597","[PREMIUM]","[PREMIUM]","[PREMIUM]","116","Section 116","5",2,"[]","2026-11-20 00:00:00","electronic","exchange",1,"[PREMIUM]","2"
"4vXcj9DrBYX","2026-08-15 23:53:06.308","2026-08-19 11:37:44.529","4vXcj9DrBYX","18378597","[PREMIUM]","[PREMIUM]","[PREMIUM]","204","Section 204","11",6,"[]","2026-11-20 00:00:00","electronic","exchange",0,"[PREMIUM]","2,3,4,5,6"
