"_primaryKey","_firstSeenAt","_lastSeenAt","listingId","eventId","price","priceWithFees","fee","section","sectionFull","row","quantity","seats","inHandDate","deliveryType","marketplace","dealBucket","dealScore","splitType"
"4vXcjX5ZRz0","2026-09-18 23:59:56.752","2026-10-01 23:20:36.622","4vXcjX5ZRz0","18495119","[PREMIUM]","[PREMIUM]","[PREMIUM]","103","Section 103","k",4,"[]","2027-03-08 00:00:00","mobile_transfer","exchange",2,"[PREMIUM]","4"
"YgJtkDbXKGe","2026-09-18 23:59:56.752","2026-09-28 00:42:16.510","YgJtkDbXKGe","18495119","[PREMIUM]","[PREMIUM]","[PREMIUM]","222","Section 222","s",3,"[]","2027-03-08 00:00:00","mobile_transfer","exchange",2,"[PREMIUM]","3"
"YgJtkDkL68M","2026-09-18 23:59:56.752","2026-09-28 23:52:33.872","YgJtkDkL68M","18495119","[PREMIUM]","[PREMIUM]","[PREMIUM]","211","Section 211","q",3,"[]","2027-03-08 00:00:00","mobile_transfer","exchange",2,"[PREMIUM]","3"
"rVOHkLXLg7N","2026-09-18 23:59:56.752","2026-10-01 23:20:36.622","rVOHkLXLg7N","18495119","[PREMIUM]","[PREMIUM]","[PREMIUM]","205","Section 205","r",2,"[]","2027-03-09 00:00:00","mobile_transfer","exchange",0,"[PREMIUM]","2"
"4vXcjX8Xjkm","2026-09-18 23:59:52.023","2026-10-01 23:19:05.400","4vXcjX8Xjkm","18494896","[PREMIUM]","[PREMIUM]","[PREMIUM]","224","Section 224","15",2,"['1','2']","2026-09-17 00:00:00","mobile_transfer","exchange",5,"[PREMIUM]","2"
"YgJtkDRDkM6","2026-09-18 23:59:52.023","2026-10-01 23:19:05.400","YgJtkDRDkM6","18494896","[PREMIUM]","[PREMIUM]","[PREMIUM]","224","Section 224","15",3,"['6','7','8']","2026-09-17 00:00:00","mobile_transfer","exchange",6,"[PREMIUM]","3"
"agktl8G3Lz5","2026-09-18 23:59:52.023","2026-09-22 01:09:09.454","agktl8G3Lz5","18494896","[PREMIUM]","[PREMIUM]","[PREMIUM]","105","Section 105","1",3,"[]","2027-02-28 00:00:00","electronic","exchange",1,"[PREMIUM]","1,2,3"
"nx0srE0k4RV","2026-09-18 23:59:52.023","2026-10-01 23:19:05.400","nx0srE0k4RV","18494896","[PREMIUM]","[PREMIUM]","[PREMIUM]","417","Section 417","7",2,"[]","2027-03-01 00:00:00","mobile_transfer","exchange",5,"[PREMIUM]","1,2"
"rVOHkLzZbxz","2026-09-18 23:59:52.023","2026-10-01 23:19:05.400","rVOHkLzZbxz","18494896","[PREMIUM]","[PREMIUM]","[PREMIUM]","312","Section 312","2",2,"['1','2']","2027-03-01 00:00:00","mobile_transfer","exchange",0,"[PREMIUM]","2"
"05VT8Dj7xGM","2026-09-18 23:59:47.716","2026-10-01 23:20:34.327","05VT8Dj7xGM","18496417","[PREMIUM]","[PREMIUM]","[PREMIUM]","112","Section 112","c",3,"['6','7','8']","2027-03-07 00:00:00","mobile_transfer","exchange",0,"[PREMIUM]","3"
"4vXcjXep9LZ","2026-09-18 23:59:47.716","2026-09-24 01:02:24.747","4vXcjXep9LZ","18496417","[PREMIUM]","[PREMIUM]","[PREMIUM]","205","Section 205","h",3,"[]","2027-03-09 00:00:00","electronic","exchange",1,"[PREMIUM]","1,2,3"
"4vXcjXeo28M","2026-09-18 23:59:47.716","2026-09-18 23:59:47.716","4vXcjXeo28M","18496417","[PREMIUM]","[PREMIUM]","[PREMIUM]","119","Section 119","g",7,"['1','2','3','4','5','6','7']","2027-03-10 00:00:00","electronic","exchange",0,"[PREMIUM]","1,2,3,4,5,6,7"
"5EjuZjk57lY","2026-09-18 23:59:47.716","2026-09-18 23:59:47.716","5EjuZjk57lY","18496417","[PREMIUM]","[PREMIUM]","[PREMIUM]","227","Section 227","j",3,"[]","2027-03-09 00:00:00","electronic","exchange",0,"[PREMIUM]","1,2,3"
"7KntAnOEpeO","2026-09-18 23:59:47.716","2026-09-18 23:59:47.716","7KntAnOEpeO","18496417","[PREMIUM]","[PREMIUM]","[PREMIUM]","116","Section 116","e",5,"['5','6','7','8','9']","2027-03-10 00:00:00","electronic","exchange",1,"[PREMIUM]","1,2,3,4,5"
"KezczbXxbBZ","2026-09-18 23:59:47.716","2026-09-26 23:04:45.185","KezczbXxbBZ","18496417","[PREMIUM]","[PREMIUM]","[PREMIUM]","221","Section 221","c",2,"['9','10']","2027-03-07 00:00:00","mobile_transfer","exchange",2,"[PREMIUM]","2"
"LbviLmdYqvY","2026-09-18 23:59:47.716","2026-10-01 23:20:34.327","LbviLmdYqvY","18496417","[PREMIUM]","[PREMIUM]","[PREMIUM]","112","Section 112","c",3,"[]","2027-03-08 00:00:00","mobile_transfer","exchange",0,"[PREMIUM]","3"
"ROXHzAlNrg4","2026-09-18 23:59:47.716","2026-10-01 23:20:34.327","ROXHzAlNrg4","18496417","[PREMIUM]","[PREMIUM]","[PREMIUM]","110","Section 110","m",2,"[]","2027-03-09 00:00:00","mobile_transfer","exchange",0,"[PREMIUM]","2"
"oV7HbAnElkv","2026-09-18 23:59:47.716","2026-09-18 23:59:47.716","oV7HbAnElkv","18496417","[PREMIUM]","[PREMIUM]","[PREMIUM]","227","Section 227","j",3,"['5','6','7']","2027-03-10 00:00:00","electronic","exchange",1,"[PREMIUM]","1,2,3"
"rVOHkLXvzer","2026-09-18 23:59:47.716","2026-10-01 23:20:34.327","rVOHkLXvzer","18496417","[PREMIUM]","[PREMIUM]","[PREMIUM]","221","Section 221","c",2,"[]","2027-03-08 00:00:00","mobile_transfer","exchange",2,"[PREMIUM]","2"
"xb9imMeznZw","2026-09-18 23:59:47.716","2026-09-18 23:59:47.716","xb9imMeznZw","18496417","[PREMIUM]","[PREMIUM]","[PREMIUM]","227","Section 227","j",3,"[]","2027-03-09 00:00:00","electronic","exchange",1,"[PREMIUM]","1,2,3"
"05VT8D52J9G","2026-09-18 23:59:45.973","2026-09-18 23:59:45.973","05VT8D52J9G","18495945","[PREMIUM]","[PREMIUM]","[PREMIUM]","230","Section 230","1",5,"['1','2','3','4','5']",,"electronic","exchange",0,"[PREMIUM]","1,2,3,5"
"05VT8D5Y06v","2026-09-18 23:59:45.973","2026-09-22 01:10:49.933","05VT8D5Y06v","18495945","[PREMIUM]","[PREMIUM]","[PREMIUM]","125","Section 125","23",7,"[]","2027-03-08 00:00:00","electronic","exchange",0,"[PREMIUM]","1,2,3,4,5,7"
"05VT8D5Y0xL","2026-09-18 23:59:45.973","2026-10-01 23:20:34.612","05VT8D5Y0xL","18495945","[PREMIUM]","[PREMIUM]","[PREMIUM]","225","Section 225","5",7,"[]","2027-03-08 00:00:00","mobile_transfer","exchange",1,"[PREMIUM]","2,3,4,5,6,7"
"2v0czRgM0Kr","2026-09-18 23:59:45.973","2026-09-22 23:28:21.292","2v0czRgM0Kr","18495945","[PREMIUM]","[PREMIUM]","[PREMIUM]","122","Section 122","22",6,"[]","2027-03-08 00:00:00","electronic","exchange",1,"[PREMIUM]","2,3,4,5,6"
"2v0czRgM0dl","2026-09-18 23:59:45.973","2026-10-01 23:20:34.612","2v0czRgM0dl","18495945","[PREMIUM]","[PREMIUM]","[PREMIUM]","104","Section 104","24",4,"[]","2027-03-08 00:00:00","mobile_transfer","exchange",1,"[PREMIUM]","2,4"
"2v0czRgM0m4","2026-09-18 23:59:45.973","2026-10-01 23:20:34.612","2v0czRgM0m4","18495945","[PREMIUM]","[PREMIUM]","[PREMIUM]","227","Section 227","12",4,"[]","2027-03-08 00:00:00","mobile_transfer","exchange",1,"[PREMIUM]","2,4"
"2v0czRgM0oD","2026-09-18 23:59:45.973","2026-10-01 23:20:34.612","2v0czRgM0oD","18495945","[PREMIUM]","[PREMIUM]","[PREMIUM]","213","Section 213","3",4,"[]","2027-03-08 00:00:00","mobile_transfer","exchange",0,"[PREMIUM]","2,4"
"2v0czRgM07r","2026-09-18 23:59:45.973","2026-10-01 23:20:34.612","2v0czRgM07r","18495945","[PREMIUM]","[PREMIUM]","[PREMIUM]","211","Section 211","2",4,"[]","2027-03-08 00:00:00","mobile_transfer","exchange",0,"[PREMIUM]","2,4"
"3q7fN75aEX5","2026-09-18 23:59:45.973","2026-09-28 23:52:28.471","3q7fN75aEX5","18495945","[PREMIUM]","[PREMIUM]","[PREMIUM]","102","Section 102","23",21,"[]","2027-03-08 00:00:00","mobile_transfer","exchange",1,"[PREMIUM]","2,3,4,5,6,7,8,9,10,11,12,13,14,15,16,17,18,19,20,21"
"3q7fN75aqXp","2026-09-18 23:59:45.973","2026-10-01 23:20:34.612","3q7fN75aqXp","18495945","[PREMIUM]","[PREMIUM]","[PREMIUM]","215","Section 215","2",8,"[]","2027-03-07 00:00:00","mobile_transfer","exchange",2,"[PREMIUM]","1,2,3,4,5,6,7,8"
"3q7fN75aEXD","2026-09-18 23:59:45.973","2026-10-01 23:20:34.612","3q7fN75aEXD","18495945","[PREMIUM]","[PREMIUM]","[PREMIUM]","226","Section 226","5",6,"[]","2027-03-08 00:00:00","mobile_transfer","exchange",0,"[PREMIUM]","2,4,6"
"4vXcjXeJlZA","2026-09-18 23:59:45.973","2026-10-01 23:20:34.612","4vXcjXeJlZA","18495945","[PREMIUM]","[PREMIUM]","[PREMIUM]","226","Section 226","3",2,"[]","2027-03-08 00:00:00","mobile_transfer","exchange",0,"[PREMIUM]","2"
"4vXcjXeJl4v","2026-09-18 23:59:45.973","2026-10-01 23:20:34.612","4vXcjXeJl4v","18495945","[PREMIUM]","[PREMIUM]","[PREMIUM]","104","Section 104","24",4,"[]","2027-03-08 00:00:00","mobile_transfer","exchange",1,"[PREMIUM]","2,4"
"5EjuZjkN4Mn","2026-09-18 23:59:45.973","2026-10-01 23:20:34.612","5EjuZjkN4Mn","18495945","[PREMIUM]","[PREMIUM]","[PREMIUM]","125","Section 125","20",6,"[]","2027-03-08 00:00:00","mobile_transfer","exchange",0,"[PREMIUM]","2,3,4,5,6"
"6mOhkO9E69o","2026-09-18 23:59:45.973","2026-09-18 23:59:45.973","6mOhkO9E69o","18495945","[PREMIUM]","[PREMIUM]","[PREMIUM]","230","Section 230","1",8,"['13','14','15','16','17','18','19','20']",,"electronic","exchange",0,"[PREMIUM]","1,2,3,4,5,6,8"
"6mOhkO9lrmO","2026-09-18 23:59:45.973","2026-10-01 23:20:34.612","6mOhkO9lrmO","18495945","[PREMIUM]","[PREMIUM]","[PREMIUM]","226","Section 226","4",4,"[]","2027-03-08 00:00:00","mobile_transfer","exchange",0,"[PREMIUM]","2,4"
"6mOhkO9lrVG","2026-09-18 23:59:45.973","2026-10-01 23:20:34.612","6mOhkO9lrVG","18495945","[PREMIUM]","[PREMIUM]","[PREMIUM]","120","Section 120","22",9,"[]","2027-03-08 00:00:00","mobile_transfer","exchange",2,"[PREMIUM]","2,3,4,5,6,7,8,9"
"6mOhkO9lrNB","2026-09-18 23:59:45.973","2026-10-01 23:20:34.612","6mOhkO9lrNB","18495945","[PREMIUM]","[PREMIUM]","[PREMIUM]","104","Section 104","23",4,"[]","2027-03-08 00:00:00","mobile_transfer","exchange",1,"[PREMIUM]","2,4"
"6mOhkO9lr3O","2026-09-18 23:59:45.973","2026-10-01 23:20:34.612","6mOhkO9lr3O","18495945","[PREMIUM]","[PREMIUM]","[PREMIUM]","211","Section 211","3",4,"[]","2027-03-08 00:00:00","mobile_transfer","exchange",0,"[PREMIUM]","2,4"
"7KntAnOLwPD","2026-09-18 23:59:45.973","2026-09-18 23:59:45.973","7KntAnOLwPD","18495945","[PREMIUM]","[PREMIUM]","[PREMIUM]","210","Section 210","5",8,"['5','6','7','8','9','10','11','12']",,"electronic","exchange",0,"[PREMIUM]","1,2,3,4,5,6,8"
"7KntAnO80oG","2026-09-18 23:59:45.973","2026-10-01 23:20:34.612","7KntAnO80oG","18495945","[PREMIUM]","[PREMIUM]","[PREMIUM]","115","Section 115","22",19,"[]","2027-03-08 00:00:00","mobile_transfer","exchange",0,"[PREMIUM]","2,3,4,5,6,7,8,9,10,11,12,13,14,15,16,17,18,19"
"7KntAnO80XY","2026-09-18 23:59:45.973","2026-10-01 23:20:34.612","7KntAnO80XY","18495945","[PREMIUM]","[PREMIUM]","[PREMIUM]","228","Section 228","4",4,"[]","2027-03-08 00:00:00","mobile_transfer","exchange",1,"[PREMIUM]","2,4"
"7KntAnO80Po","2026-09-18 23:59:45.973","2026-10-01 23:20:34.612","7KntAnO80Po","18495945","[PREMIUM]","[PREMIUM]","[PREMIUM]","211","Section 211","12",4,"[]","2027-03-08 00:00:00","mobile_transfer","exchange",1,"[PREMIUM]","2,4"
"9P2c52Obd3b","2026-09-18 23:59:45.973","2026-09-18 23:59:45.973","9P2c52Obd3b","18495945","[PREMIUM]","[PREMIUM]","[PREMIUM]","118","Section 118","19",8,"['8','9','10','11','12','13','14','15']",,"electronic","exchange",0,"[PREMIUM]","1,2,3,4,5,6,8"
"9P2c52OjEoo","2026-09-18 23:59:45.973","2026-10-01 23:20:34.612","9P2c52OjEoo","18495945","[PREMIUM]","[PREMIUM]","[PREMIUM]","227","Section 227","4",5,"[]","2027-03-08 00:00:00","mobile_transfer","exchange",0,"[PREMIUM]","2,3,4,5"
"A6rs2rjqdm6","2026-09-18 23:59:45.973","2026-10-01 23:20:34.612","A6rs2rjqdm6","18495945","[PREMIUM]","[PREMIUM]","[PREMIUM]","212","Section 212","3",4,"[]","2027-03-08 00:00:00","mobile_transfer","exchange",0,"[PREMIUM]","2,4"
"A6rs2rjqdVm","2026-09-18 23:59:45.973","2026-10-01 23:20:34.612","A6rs2rjqdVm","18495945","[PREMIUM]","[PREMIUM]","[PREMIUM]","117","Section 117","27",15,"[]","2027-03-08 00:00:00","mobile_transfer","exchange",1,"[PREMIUM]","1,2,3,4,5,6,7,8,9,10,11,12,13,15"
"BALImDb40jK","2026-09-18 23:59:45.973","2026-10-01 23:20:34.612","BALImDb40jK","18495945","[PREMIUM]","[PREMIUM]","[PREMIUM]","118","Section 118","26",13,"[]","2027-03-08 00:00:00","mobile_transfer","exchange",0,"[PREMIUM]","2,3,4,5,6,7,8,9,10,11,12,13"
"DdwHkw6lGbY","2026-09-18 23:59:45.973","2026-10-01 23:20:34.612","DdwHkw6lGbY","18495945","[PREMIUM]","[PREMIUM]","[PREMIUM]","212","Section 212","3",4,"[]","2027-03-08 00:00:00","mobile_transfer","exchange",0,"[PREMIUM]","2,4"
"EroUXD58KR7","2026-09-18 23:59:45.973","2026-10-01 23:20:34.612","EroUXD58KR7","18495945","[PREMIUM]","[PREMIUM]","[PREMIUM]","210","Section 210","4",2,"[]","2027-03-08 00:00:00","mobile_transfer","exchange",1,"[PREMIUM]","2"
"EroUXD58K4R","2026-09-18 23:59:45.973","2026-10-01 23:20:34.612","EroUXD58K4R","18495945","[PREMIUM]","[PREMIUM]","[PREMIUM]","227","Section 227","3",6,"[]","2027-03-08 00:00:00","mobile_transfer","exchange",0,"[PREMIUM]","2,3,4,5,6"
"EroUXD58K3O","2026-09-18 23:59:45.973","2026-10-01 23:20:34.612","EroUXD58K3O","18495945","[PREMIUM]","[PREMIUM]","[PREMIUM]","213","Section 213","3",6,"[]","2027-03-08 00:00:00","mobile_transfer","exchange",0,"[PREMIUM]","2,3,4,5,6"
"GAaI6b5VJAA","2026-09-18 23:59:45.973","2026-10-01 23:20:34.612","GAaI6b5VJAA","18495945","[PREMIUM]","[PREMIUM]","[PREMIUM]","117","Section 117","23",5,"[]","2027-03-08 00:00:00","mobile_transfer","exchange",1,"[PREMIUM]","2,3,4,5"
"JABI3BgaRoz","2026-09-18 23:59:45.973","2026-09-18 23:59:45.973","JABI3BgaRoz","18495945","[PREMIUM]","[PREMIUM]","[PREMIUM]","126","Section 126","19",8,"['8','9','10','11','12','13','14','15']",,"electronic","exchange",0,"[PREMIUM]","1,2,3,4,5,6,8"
"JABI3BgAGoe","2026-09-18 23:59:45.973","2026-10-01 23:20:34.612","JABI3BgAGoe","18495945","[PREMIUM]","[PREMIUM]","[PREMIUM]","109","Section 109","19",5,"[]","2027-03-08 00:00:00","mobile_transfer","exchange",3,"[PREMIUM]","2,3,4,5"
"Kezczb3DMRd","2026-09-18 23:59:45.973","2026-10-01 23:20:34.612","Kezczb3DMRd","18495945","[PREMIUM]","[PREMIUM]","[PREMIUM]","211","Section 211","4",8,"[]","2027-03-08 00:00:00","mobile_transfer","exchange",0,"[PREMIUM]","2,3,4,5,6,7,8"
"Kezczb3DMLe","2026-09-18 23:59:45.973","2026-10-01 23:20:34.612","Kezczb3DMLe","18495945","[PREMIUM]","[PREMIUM]","[PREMIUM]","111","Section 111","14",4,"[]","2027-03-08 00:00:00","mobile_transfer","exchange",1,"[PREMIUM]","2,4"
"Kezczb3DMkP","2026-09-18 23:59:45.973","2026-09-22 01:10:49.933","Kezczb3DMkP","18495945","[PREMIUM]","[PREMIUM]","[PREMIUM]","103","Section 103","22",17,"[]","2027-03-08 00:00:00","electronic","exchange",1,"[PREMIUM]","2,3,4,5,6,7,8,9,10,11,12,13,14,15,16,17"
"Kezczb3gxJB","2026-09-18 23:59:45.973","2026-09-18 23:59:45.973","Kezczb3gxJB","18495945","[PREMIUM]","[PREMIUM]","[PREMIUM]","M21","Mezzanine 21","4",8,"['9','10','11','12','13','14','15','16']",,"electronic","exchange",1,"[PREMIUM]","1,2,3,4,5,6,8"
"LbviLmqkGRx","2026-09-18 23:59:45.973","2026-10-01 23:20:34.612","LbviLmqkGRx","18495945","[PREMIUM]","[PREMIUM]","[PREMIUM]","211","Section 211","3",4,"[]","2027-03-08 00:00:00","mobile_transfer","exchange",0,"[PREMIUM]","2,4"
"LbviLmqkGR4","2026-09-18 23:59:45.973","2026-10-01 23:20:34.612","LbviLmqkGR4","18495945","[PREMIUM]","[PREMIUM]","[PREMIUM]","210","Section 210","3",6,"[]","2027-03-08 00:00:00","mobile_transfer","exchange",0,"[PREMIUM]","2,3,4,5,6"
"LbviLmqkGMx","2026-09-18 23:59:45.973","2026-10-01 23:20:34.612","LbviLmqkGMx","18495945","[PREMIUM]","[PREMIUM]","[PREMIUM]","226","Section 226","3",4,"[]","2027-03-08 00:00:00","mobile_transfer","exchange",0,"[PREMIUM]","2,4"
"MAeIPXewGo0","2026-09-18 23:59:45.973","2026-10-01 23:20:34.612","MAeIPXewGo0","18495945","[PREMIUM]","[PREMIUM]","[PREMIUM]","226","Section 226","2",2,"[]","2027-03-08 00:00:00","mobile_transfer","exchange",0,"[PREMIUM]","2"
"NrqUvm5NpzR","2026-09-18 23:59:45.973","2026-10-01 23:20:34.612","NrqUvm5NpzR","18495945","[PREMIUM]","[PREMIUM]","[PREMIUM]","213","Section 213","4",2,"[]","2027-03-08 00:00:00","mobile_transfer","exchange",1,"[PREMIUM]","2"
"O7Ahw7EBMao","2026-09-18 23:59:45.973","2026-10-01 23:20:34.612","O7Ahw7EBMao","18495945","[PREMIUM]","[PREMIUM]","[PREMIUM]","228","Section 228","2",4,"[]","2027-03-08 00:00:00","mobile_transfer","exchange",0,"[PREMIUM]","2,4"
"PX0sg7njxKw","2026-09-18 23:59:45.973","2026-09-18 23:59:45.973","PX0sg7njxKw","18495945","[PREMIUM]","[PREMIUM]","[PREMIUM]","228","Section 228","6",8,"['1','2','3','4','5','6','7','8']",,"electronic","exchange",0,"[PREMIUM]","1,2,3,4,5,6,8"
"PX0sg7nwBkX","2026-09-18 23:59:45.973","2026-10-01 23:20:34.612","PX0sg7nwBkX","18495945","[PREMIUM]","[PREMIUM]","[PREMIUM]","225","Section 225","4",7,"[]","2027-03-08 00:00:00","mobile_transfer","exchange",1,"[PREMIUM]","2,3,4,5,6,7"
"ROXHzAlgMKM","2026-09-18 23:59:45.973","2026-10-01 23:20:34.612","ROXHzAlgMKM","18495945","[PREMIUM]","[PREMIUM]","[PREMIUM]","125","Section 125","22",11,"[]","2027-03-08 00:00:00","mobile_transfer","exchange",0,"[PREMIUM]","2,3,4,5,6,7,8,9,10,11"
"V4KU0e38ZRB","2026-09-18 23:59:45.973","2026-10-01 23:20:34.612","V4KU0e38ZRB","18495945","[PREMIUM]","[PREMIUM]","[PREMIUM]","225","Section 225","12",2,"[]","2027-03-08 00:00:00","mobile_transfer","exchange",1,"[PREMIUM]","2"
"X03tKbA7peM","2026-09-18 23:59:45.973","2026-10-01 23:20:34.612","X03tKbA7peM","18495945","[PREMIUM]","[PREMIUM]","[PREMIUM]","213","Section 213","4",4,"[]","2027-03-08 00:00:00","mobile_transfer","exchange",1,"[PREMIUM]","2,4"
"X03tKbA7p4O","2026-09-18 23:59:45.973","2026-10-01 23:20:34.612","X03tKbA7p4O","18495945","[PREMIUM]","[PREMIUM]","[PREMIUM]","228","Section 228","4",6,"[]","2027-03-08 00:00:00","mobile_transfer","exchange",1,"[PREMIUM]","2,3,4,5,6"
"YgJtkD9XAlD","2026-09-18 23:59:45.973","2026-10-01 23:20:34.612","YgJtkD9XAlD","18495945","[PREMIUM]","[PREMIUM]","[PREMIUM]","124","Section 124","23",13,"[]","2027-03-08 00:00:00","mobile_transfer","exchange",2,"[PREMIUM]","2,3,4,5,6,7,8,9,10,11,12,13"
"agktl8Gjdv5","2026-09-18 23:59:45.973","2026-09-18 23:59:45.973","agktl8Gjdv5","18495945","[PREMIUM]","[PREMIUM]","[PREMIUM]","106","Section 106","18",5,"['1','2','3','4','5']",,"electronic","exchange",5,"[PREMIUM]","1,2,3,5"
"agktl8GOeEG","2026-09-18 23:59:45.973","2026-09-18 23:59:45.973","agktl8GOeEG","18495945","[PREMIUM]","[PREMIUM]","[PREMIUM]","106","Section 106","18",8,"['9','10','11','12','13','14','15','16']",,"electronic","exchange",5,"[PREMIUM]","1,2,3,4,5,6,8"
"agktl8G9p5l","2026-09-18 23:59:45.973","2026-10-01 23:20:34.612","agktl8G9p5l","18495945","[PREMIUM]","[PREMIUM]","[PREMIUM]","210","Section 210","2",8,"[]","2027-03-08 00:00:00","mobile_transfer","exchange",0,"[PREMIUM]","2,3,4,5,6,7,8"
"Zm9hvlmj0Va","2026-09-18 23:59:45.973","2026-10-01 23:20:34.612","Zm9hvlmj0Va","18495945","[PREMIUM]","[PREMIUM]","[PREMIUM]","225","Section 225","3",4,"[]","2027-03-08 00:00:00","mobile_transfer","exchange",1,"[PREMIUM]","2,4"
"Zm9hvlmj0Da","2026-09-18 23:59:45.973","2026-10-01 23:20:34.612","Zm9hvlmj0Da","18495945","[PREMIUM]","[PREMIUM]","[PREMIUM]","212","Section 212","2",6,"[]","2027-03-08 00:00:00","mobile_transfer","exchange",0,"[PREMIUM]","2,3,4,5,6"
"Zm9hvlmj09w","2026-09-18 23:59:45.973","2026-10-01 23:20:34.612","Zm9hvlmj09w","18495945","[PREMIUM]","[PREMIUM]","[PREMIUM]","115","Section 115","25",5,"[]","2027-03-08 00:00:00","mobile_transfer","exchange",1,"[PREMIUM]","1,2,3,5"
"b4wUak36pej","2026-09-18 23:59:45.973","2026-10-01 23:20:34.612","b4wUak36pej","18495945","[PREMIUM]","[PREMIUM]","[PREMIUM]","225","Section 225","4",4,"[]","2027-03-08 00:00:00","mobile_transfer","exchange",1,"[PREMIUM]","2,4"
"b4wUak36p9E","2026-09-18 23:59:45.973","2026-10-01 23:20:34.612","b4wUak36p9E","18495945","[PREMIUM]","[PREMIUM]","[PREMIUM]","117","Section 117","19",4,"[]","2027-03-08 00:00:00","mobile_transfer","exchange",1,"[PREMIUM]","2,4"
"dNgUgxalBMe","2026-09-18 23:59:45.973","2026-10-01 23:20:34.612","dNgUgxalBMe","18495945","[PREMIUM]","[PREMIUM]","[PREMIUM]","212","Section 212","2",5,"[]","2027-03-08 00:00:00","mobile_transfer","exchange",0,"[PREMIUM]","2,3,4,5"
"g48UrnxYOAX","2026-09-18 23:59:45.973","2026-09-18 23:59:45.973","g48UrnxYOAX","18495945","[PREMIUM]","[PREMIUM]","[PREMIUM]","113","Section 113","20",8,"['5','6','7','8','9','10','11','12']",,"electronic","exchange",1,"[PREMIUM]","1,2,3,4,5,6,8"
"g48UrnxLpdG","2026-09-18 23:59:45.973","2026-09-22 01:10:49.933","g48UrnxLpdG","18495945","[PREMIUM]","[PREMIUM]","[PREMIUM]","118","Section 118","27",11,"[]","2027-03-08 00:00:00","electronic","exchange",0,"[PREMIUM]","1,2,3,4,5,6,7,8,9,11"
"g48UrnxLpJw","2026-09-18 23:59:45.973","2026-10-01 23:20:34.612","g48UrnxLpJw","18495945","[PREMIUM]","[PREMIUM]","[PREMIUM]","213","Section 213","2",4,"[]","2027-03-08 00:00:00","mobile_transfer","exchange",0,"[PREMIUM]","2,4"
"jDvsz3vVj0z","2026-09-18 23:59:45.973","2026-10-01 23:20:34.612","jDvsz3vVj0z","18495945","[PREMIUM]","[PREMIUM]","[PREMIUM]","228","Section 228","3",4,"[]","2027-03-08 00:00:00","mobile_transfer","exchange",1,"[PREMIUM]","2,4"
"jDvsz3vVjP9","2026-09-18 23:59:45.973","2026-10-01 23:20:34.612","jDvsz3vVjP9","18495945","[PREMIUM]","[PREMIUM]","[PREMIUM]","124","Section 124","22",10,"[]","2027-03-08 00:00:00","mobile_transfer","exchange",2,"[PREMIUM]","2,3,4,5,6,7,8,9,10"
"kYet9JkgOPn","2026-09-18 23:59:45.973","2026-09-28 23:52:28.471","kYet9JkgOPn","18495945","[PREMIUM]","[PREMIUM]","[PREMIUM]","119","Section 119","19",4,"[]","2027-03-08 00:00:00","mobile_transfer","exchange",0,"[PREMIUM]","2,4"
"kYet9JkgOpV","2026-09-18 23:59:45.973","2026-10-01 23:20:34.612","kYet9JkgOpV","18495945","[PREMIUM]","[PREMIUM]","[PREMIUM]","213","Section 213","2",4,"[]","2027-03-08 00:00:00","mobile_transfer","exchange",0,"[PREMIUM]","2,4"
"nx0srE0g2Rk","2026-09-18 23:59:45.973","2026-10-01 23:20:34.612","nx0srE0g2Rk","18495945","[PREMIUM]","[PREMIUM]","[PREMIUM]","228","Section 228","1",4,"[]","2027-03-08 00:00:00","mobile_transfer","exchange",0,"[PREMIUM]","2,4"
"oV7HbAnKq9N","2026-09-18 23:59:45.973","2026-10-01 23:20:34.612","oV7HbAnKq9N","18495945","[PREMIUM]","[PREMIUM]","[PREMIUM]","226","Section 226","2",2,"[]","2027-03-08 00:00:00","mobile_transfer","exchange",0,"[PREMIUM]","2"
"qVjH2rZa9LB","2026-09-18 23:59:45.973","2026-10-01 23:20:34.612","qVjH2rZa9LB","18495945","[PREMIUM]","[PREMIUM]","[PREMIUM]","228","Section 228","12",2,"[]","2027-03-08 00:00:00","mobile_transfer","exchange",1,"[PREMIUM]","2"
"rVOHkLzJ6qa","2026-09-18 23:59:45.973","2026-10-01 23:20:34.612","rVOHkLzJ6qa","18495945","[PREMIUM]","[PREMIUM]","[PREMIUM]","227","Section 227","2",3,"[]","2027-03-08 00:00:00","mobile_transfer","exchange",0,"[PREMIUM]","3"
"rVOHkLzJ6aq","2026-09-18 23:59:45.973","2026-10-01 23:20:34.612","rVOHkLzJ6aq","18495945","[PREMIUM]","[PREMIUM]","[PREMIUM]","104","Section 104","23",2,"[]","2027-03-08 00:00:00","mobile_transfer","exchange",1,"[PREMIUM]","2"
"rVOHkLzJ6GV","2026-09-18 23:59:45.973","2026-10-01 23:20:34.612","rVOHkLzJ6GV","18495945","[PREMIUM]","[PREMIUM]","[PREMIUM]","119","Section 119","22",19,"[]","2027-03-08 00:00:00","mobile_transfer","exchange",0,"[PREMIUM]","2,3,4,5,6,7,8,9,10,11,12,13,14,15,16,17,18,19"
"vb3iPgkArvk","2026-09-18 23:59:45.973","2026-10-01 23:20:34.612","vb3iPgkArvk","18495945","[PREMIUM]","[PREMIUM]","[PREMIUM]","210","Section 210","1",8,"[]","2027-03-08 00:00:00","mobile_transfer","exchange",0,"[PREMIUM]","2,3,4,5,6,7,8"
"w3JseaG4Lg4","2026-09-18 23:59:45.973","2026-10-01 23:20:34.612","w3JseaG4Lg4","18495945","[PREMIUM]","[PREMIUM]","[PREMIUM]","227","Section 227","2",6,"[]","2027-03-08 00:00:00","mobile_transfer","exchange",0,"[PREMIUM]","2,3,4,5,6"
"z3Es6BLP7Xr","2026-09-18 23:59:45.973","2026-09-30 01:13:17.412","z3Es6BLP7Xr","18495945","[PREMIUM]","[PREMIUM]","[PREMIUM]","226","Section 226","1",4,"[]","2027-03-08 00:00:00","mobile_transfer","exchange",0,"[PREMIUM]","2,4"
"z3Es6BLP7mr","2026-09-18 23:59:45.973","2026-10-01 23:20:34.612","z3Es6BLP7mr","18495945","[PREMIUM]","[PREMIUM]","[PREMIUM]","212","Section 212","4",5,"[]","2027-03-08 00:00:00","mobile_transfer","exchange",0,"[PREMIUM]","1,2,3,5"
"2v0czR4b92A","2026-09-18 23:59:39.756","2026-09-18 23:59:39.756","2v0czR4b92A","18495192","[PREMIUM]","[PREMIUM]","[PREMIUM]","410","Section 410","8",3,"[]","2027-03-09 00:00:00","electronic","exchange",1,"[PREMIUM]","1,3"
"4vXcjX8kbGR","2026-09-18 23:59:39.756","2026-09-18 23:59:39.756","4vXcjX8kbGR","18495192","[PREMIUM]","[PREMIUM]","[PREMIUM]","302","Section 302","5",5,"[]","2027-03-09 00:00:00","electronic","exchange",2,"[PREMIUM]","1,2,3,5"
"6mOhkO0p40P","2026-09-18 23:59:39.756","2026-09-18 23:59:39.756","6mOhkO0p40P","18495192","[PREMIUM]","[PREMIUM]","[PREMIUM]","301","Section 301","5",5,"[]","2027-03-09 00:00:00","electronic","exchange",2,"[PREMIUM]","1,2,3,5"
"6mOhkO0j9PN","2026-09-18 23:59:39.756","2026-10-01 23:20:29.856","6mOhkO0j9PN","18495192","[PREMIUM]","[PREMIUM]","[PREMIUM]","120","Section 120","6",2,"[]","2027-03-08 00:00:00","mobile_transfer","exchange",1,"[PREMIUM]","2"
"A6rs2rRMdvx","2026-09-18 23:59:39.756","2026-09-26 23:04:48.739","A6rs2rRMdvx","18495192","[PREMIUM]","[PREMIUM]","[PREMIUM]","119","Section 119","12",2,"['1','2']","2027-03-07 00:00:00","mobile_transfer","exchange",1,"[PREMIUM]","2"
"EroUXDLY5lx","2026-09-18 23:59:39.756","2026-10-01 23:20:29.856","EroUXDLY5lx","18495192","[PREMIUM]","[PREMIUM]","[PREMIUM]","CS","Courtside South","cc",2,"[]","2027-03-08 00:00:00","mobile_transfer","exchange",2,"[PREMIUM]","2"
"LbviLmqjN9d","2026-09-18 23:59:39.756","2026-09-18 23:59:39.756","LbviLmqjN9d","18495192","[PREMIUM]","[PREMIUM]","[PREMIUM]","411","Section 411","7",5,"[]","2027-03-09 00:00:00","electronic","exchange",1,"[PREMIUM]","1,2,3,5"
"PX0sg7NlrOD","2026-09-18 23:59:39.756","2026-09-18 23:59:39.756","PX0sg7NlrOD","18495192","[PREMIUM]","[PREMIUM]","[PREMIUM]","413","Section 413","6",6,"[]","2027-03-09 00:00:00","electronic","exchange",1,"[PREMIUM]","1,2,3,4,6"
"ROXHzAlDqmP","2026-09-18 23:59:39.756","2026-10-01 00:41:55.953","ROXHzAlDqmP","18495192","[PREMIUM]","[PREMIUM]","[PREMIUM]","101","Section 101","5",2,"[]","2027-03-08 00:00:00","mobile_transfer","exchange",1,"[PREMIUM]","2"
"YgJtkDRPoM4","2026-09-18 23:59:39.756","2026-09-18 23:59:39.756","YgJtkDRPoM4","18495192","[PREMIUM]","[PREMIUM]","[PREMIUM]","409","Section 409","7",6,"[]","2027-03-09 00:00:00","electronic","exchange",1,"[PREMIUM]","1,2,3,4,6"
"YgJtkDRPBZV","2026-09-18 23:59:39.756","2026-09-18 23:59:39.756","YgJtkDRPBZV","18495192","[PREMIUM]","[PREMIUM]","[PREMIUM]","408","Section 408","3",6,"[]","2027-03-09 00:00:00","electronic","exchange",1,"[PREMIUM]","1,2,3,4,6"
"kYet9JaAKx8","2026-09-18 23:59:39.756","2026-10-01 23:20:29.856","kYet9JaAKx8","18495192","[PREMIUM]","[PREMIUM]","[PREMIUM]","101","Section 101","5",2,"['17','18']","2027-03-07 00:00:00","mobile_transfer","exchange",1,"[PREMIUM]","2"
"lxVsd9206az","2026-09-18 23:59:39.756","2026-10-01 23:20:29.856","lxVsd9206az","18495192","[PREMIUM]","[PREMIUM]","[PREMIUM]","119","Section 119","12",2,"[]","2027-03-08 00:00:00","mobile_transfer","exchange",1,"[PREMIUM]","2"
"mxAs4AjwgbZ","2026-09-18 23:59:39.756","2026-09-18 23:59:39.756","mxAs4AjwgbZ","18495192","[PREMIUM]","[PREMIUM]","[PREMIUM]","408","Section 408","6",6,"[]","2027-03-09 00:00:00","electronic","exchange",1,"[PREMIUM]","1,2,3,4,6"
"oV7HbAnmN8L","2026-09-18 23:59:39.756","2026-09-18 23:59:39.756","oV7HbAnmN8L","18495192","[PREMIUM]","[PREMIUM]","[PREMIUM]","409","Section 409","3",6,"[]","2027-03-09 00:00:00","electronic","exchange",1,"[PREMIUM]","1,2,3,4,6"
"oV7HbAnwnNo","2026-09-18 23:59:39.756","2026-10-01 23:20:29.856","oV7HbAnwnNo","18495192","[PREMIUM]","[PREMIUM]","[PREMIUM]","307","Section 307","3",7,"['5','6','7','8','9','10','11']","2027-03-06 00:00:00","mobile_transfer","exchange",0,"[PREMIUM]","1,2,3,4,5,7"
"oV7HbADenZ6","2026-09-18 23:59:39.756","2026-10-01 23:20:29.856","oV7HbADenZ6","18495192","[PREMIUM]","[PREMIUM]","[PREMIUM]","101","Section 101","5",2,"[]","2027-03-08 00:00:00","mobile_transfer","exchange",1,"[PREMIUM]","2"
"pVXHD4k9Gej","2026-09-18 23:59:39.756","2026-09-18 23:59:39.756","pVXHD4k9Gej","18495192","[PREMIUM]","[PREMIUM]","[PREMIUM]","412","Section 412","7",6,"[]","2027-03-09 00:00:00","electronic","exchange",1,"[PREMIUM]","1,2,3,4,6"
"z3Es6BLjxVA","2026-09-18 23:59:39.756","2026-10-01 23:20:29.856","z3Es6BLjxVA","18495192","[PREMIUM]","[PREMIUM]","[PREMIUM]","119","Section 119","12",2,"[]","2027-03-08 00:00:00","mobile_transfer","exchange",1,"[PREMIUM]","2"
"7KntAn4bAx7","2026-09-18 23:59:33.423","2026-10-01 23:20:32.762","7KntAn4bAx7","18495045","[PREMIUM]","[PREMIUM]","[PREMIUM]","214","Section 214","3",4,"['12','13','14','15']","2027-03-06 00:00:00","mobile_transfer","exchange",4,"[PREMIUM]","4"
"8lKt6DvrvRV","2026-09-18 23:59:33.423","2026-09-26 01:40:21.816","8lKt6DvrvRV","18495045","[PREMIUM]","[PREMIUM]","[PREMIUM]","104","Section 104","16",4,"[]","2027-03-07 00:00:00","mobile_transfer","exchange",1,"[PREMIUM]","4"
"9P2c52OAboO","2026-09-18 23:59:33.423","2026-09-28 00:44:09.675","9P2c52OAboO","18495045","[PREMIUM]","[PREMIUM]","[PREMIUM]","219","Section 219","17",2,"['5','6']","2027-03-06 00:00:00","mobile_transfer","exchange",3,"[PREMIUM]","2"
"DdwHkwKwX0Z","2026-09-18 23:59:33.423","2026-10-01 23:20:32.762","DdwHkwKwX0Z","18495045","[PREMIUM]","[PREMIUM]","[PREMIUM]","214","Section 214","3",4,"[]","2027-03-07 00:00:00","mobile_transfer","exchange",2,"[PREMIUM]","4"
"KezczbX4L4d","2026-09-18 23:59:33.423","2026-10-01 23:20:32.762","KezczbX4L4d","18495045","[PREMIUM]","[PREMIUM]","[PREMIUM]","205","Section 205","21",2,"['7','8']","2027-03-08 00:00:00","mobile_transfer","exchange",1,"[PREMIUM]","2"
"NrqUvm5zoOa","2026-09-18 23:59:33.423","2026-09-18 23:59:33.423","NrqUvm5zoOa","18495045","[PREMIUM]","[PREMIUM]","[PREMIUM]","204","Section 204","10",1,"['5']","2027-03-06 00:00:00","electronic","exchange",4,"[PREMIUM]","1"
"V4KU0e3YJeo","2026-09-18 23:59:33.423","2026-10-01 23:20:32.762","V4KU0e3YJeo","18495045","[PREMIUM]","[PREMIUM]","[PREMIUM]","206","Section 206","12",2,"[]","2027-03-08 00:00:00","mobile_transfer","exchange",2,"[PREMIUM]","2"
"V4KU0e3YJBL","2026-09-18 23:59:33.423","2026-10-01 23:20:32.762","V4KU0e3YJBL","18495045","[PREMIUM]","[PREMIUM]","[PREMIUM]","202","Section 202","11",3,"[]","2027-03-08 00:00:00","mobile_transfer","exchange",1,"[PREMIUM]","1,3"
"X03tKbA9R8R","2026-09-18 23:59:33.423","2026-09-28 00:44:09.675","X03tKbA9R8R","18495045","[PREMIUM]","[PREMIUM]","[PREMIUM]","121","Section 121","14",1,"['15']","2027-03-06 00:00:00","mobile_transfer","exchange",5,"[PREMIUM]","1"
"X03tKbA9ZgD","2026-09-18 23:59:33.423","2026-10-01 23:20:32.762","X03tKbA9ZgD","18495045","[PREMIUM]","[PREMIUM]","[PREMIUM]","206","Section 206","12",2,"[]","2027-03-08 00:00:00","mobile_transfer","exchange",2,"[PREMIUM]","2"
"YgJtkDR2rqz","2026-09-18 23:59:33.423","2026-09-26 01:40:21.816","YgJtkDR2rqz","18495045","[PREMIUM]","[PREMIUM]","[PREMIUM]","104","Section 104","16",4,"['7','8','9','10']","2027-03-06 00:00:00","mobile_transfer","exchange",2,"[PREMIUM]","2,4"
"YgJtkDkzm6K","2026-09-18 23:59:33.423","2026-09-18 23:59:33.423","YgJtkDkzm6K","18495045","[PREMIUM]","[PREMIUM]","[PREMIUM]","104","Section 104","9",2,"[]","2027-03-07 00:00:00","electronic","exchange",1,"[PREMIUM]","2"
"agktl8GP4Xe","2026-09-18 23:59:33.423","2026-10-01 23:20:32.762","agktl8GP4Xe","18495045","[PREMIUM]","[PREMIUM]","[PREMIUM]","204","Section 204","10",2,"[]","2027-03-07 00:00:00","mobile_transfer","exchange",0,"[PREMIUM]","2"
"Zm9hvlmn8Jl","2026-09-18 23:59:33.423","2026-10-01 23:20:32.762","Zm9hvlmn8Jl","18495045","[PREMIUM]","[PREMIUM]","[PREMIUM]","220","Section 220","16",4,"[]","2027-03-08 00:00:00","mobile_transfer","exchange",2,"[PREMIUM]","2,4"
"lxVsd92PqnY","2026-09-18 23:59:33.423","2026-09-26 01:40:21.816","lxVsd92PqnY","18495045","[PREMIUM]","[PREMIUM]","[PREMIUM]","104","Section 104","16",4,"[]","2027-03-07 00:00:00","mobile_transfer","exchange",2,"[PREMIUM]","2,4"
"lxVsd9667mA","2026-09-18 23:59:33.423","2026-10-01 23:20:32.762","lxVsd9667mA","18495045","[PREMIUM]","[PREMIUM]","[PREMIUM]","204","Section 204","10",2,"[]","2027-03-07 00:00:00","mobile_transfer","exchange",0,"[PREMIUM]","2"
"mxAs4AjlzpR","2026-09-18 23:59:33.423","2026-10-01 23:20:32.762","mxAs4AjlzpR","18495045","[PREMIUM]","[PREMIUM]","[PREMIUM]","108","Section 108","7",1,"[]","2027-03-07 00:00:00","mobile_transfer","exchange",1,"[PREMIUM]","1"
"qVjH2rGEZBd","2026-09-18 23:59:33.423","2026-10-01 23:20:32.762","qVjH2rGEZBd","18495045","[PREMIUM]","[PREMIUM]","[PREMIUM]","214","Section 214","3",4,"[]","2027-03-07 00:00:00","mobile_transfer","exchange",2,"[PREMIUM]","4"
"05VT8D5XNDn","2026-09-18 23:59:28.316","2026-09-19 23:59:20.948","05VT8D5XNDn","18495791","[PREMIUM]","[PREMIUM]","[PREMIUM]","113","Section 113","11",4,"[]","2027-03-08 00:00:00","electronic","exchange",4,"[PREMIUM]","4"
"05VT8D56Nka","2026-09-18 23:59:28.316","2026-09-22 01:10:46.362","05VT8D56Nka","18495791","[PREMIUM]","[PREMIUM]","[PREMIUM]","309","Section 309","8",10,"[]","2027-03-08 00:00:00","electronic","exchange",1,"[PREMIUM]","1,2,3,4,5,6,7,8,9,10"
"05VT8D56PzR","2026-09-18 23:59:28.316","2026-09-22 01:10:46.362","05VT8D56PzR","18495791","[PREMIUM]","[PREMIUM]","[PREMIUM]","109","Section 109","9",5,"[]","2027-03-08 00:00:00","electronic","exchange",1,"[PREMIUM]","1,2,3,4,5"
"05VT8DjJkXD","2026-09-18 23:59:28.316","2026-10-01 23:20:33.669","05VT8DjJkXD","18495791","[PREMIUM]","[PREMIUM]","[PREMIUM]","102","Section 102","10",8,"[]","2027-03-08 00:00:00","mobile_transfer","exchange",0,"[PREMIUM]","1,2,3,4,5,6,7,8"
"05VT8DjJk3D","2026-09-18 23:59:28.316","2026-10-01 23:20:33.669","05VT8DjJk3D","18495791","[PREMIUM]","[PREMIUM]","[PREMIUM]","104","Section 104","7",4,"[]","2027-03-08 00:00:00","mobile_transfer","exchange",0,"[PREMIUM]","1,2,3,4"
"05VT8D5PadA","2026-09-18 23:59:28.316","2026-10-01 23:20:33.669","05VT8D5PadA","18495791","[PREMIUM]","[PREMIUM]","[PREMIUM]","306","Section 306","10",8,"['9','10','11','12','13','14','15','16']","2026-08-19 00:00:00","mobile_transfer","exchange",0,"[PREMIUM]","1,2,3,4,5,6,8"
"2v0czR4borv","2026-09-18 23:59:28.316","2026-10-01 00:41:39.707","2v0czR4borv","18495791","[PREMIUM]","[PREMIUM]","[PREMIUM]","113","Section 113","2",2,"[]","2027-03-08 00:00:00","mobile_transfer","exchange",1,"[PREMIUM]","2"
"2v0czR4boev","2026-09-18 23:59:28.316","2026-10-01 00:41:39.707","2v0czR4boev","18495791","[PREMIUM]","[PREMIUM]","[PREMIUM]","322","Section 322","7",6,"[]","2027-03-08 00:00:00","mobile_transfer","exchange",0,"[PREMIUM]","1,2,3,4,5,6"
"2v0czR4bo9v","2026-09-18 23:59:28.316","2026-10-01 23:20:33.669","2v0czR4bo9v","18495791","[PREMIUM]","[PREMIUM]","[PREMIUM]","327","Section 327","1",8,"[]","2027-03-08 00:00:00","mobile_transfer","exchange",1,"[PREMIUM]","1,2,3,4,5,6,7,8"
"2v0czRgKqj0","2026-09-18 23:59:28.316","2026-09-22 01:10:46.362","2v0czRgKqj0","18495791","[PREMIUM]","[PREMIUM]","[PREMIUM]","317","Section 317","6",6,"[]","2027-03-08 00:00:00","electronic","exchange",1,"[PREMIUM]","1,2,3,4,5,6"
"2v0czRgKK2j","2026-09-18 23:59:28.316","2026-09-22 01:10:46.362","2v0czRgKK2j","18495791","[PREMIUM]","[PREMIUM]","[PREMIUM]","217","Section 217","8",2,"[]","2027-03-08 00:00:00","electronic","exchange",2,"[PREMIUM]","2"
"2v0czRgK4Nq","2026-09-18 23:59:28.316","2026-09-22 01:10:46.362","2v0czRgK4Nq","18495791","[PREMIUM]","[PREMIUM]","[PREMIUM]","102","Section 102","11",4,"[]","2027-03-08 00:00:00","electronic","exchange",0,"[PREMIUM]","1,2,3,4"
"3q7fN75Md6l","2026-09-18 23:59:28.316","2026-09-22 01:10:46.362","3q7fN75Md6l","18495791","[PREMIUM]","[PREMIUM]","[PREMIUM]","106","Section 106","4",4,"[]","2027-03-08 00:00:00","electronic","exchange",0,"[PREMIUM]","1,2,3,4"
"3q7fN75MVV5","2026-09-18 23:59:28.316","2026-09-22 01:10:46.362","3q7fN75MVV5","18495791","[PREMIUM]","[PREMIUM]","[PREMIUM]","332","Section 332","6",7,"[]","2027-03-08 00:00:00","electronic","exchange",0,"[PREMIUM]","1,2,3,4,5,6,7"
"3q7fN75dE6Z","2026-09-18 23:59:28.316","2026-10-01 00:41:39.707","3q7fN75dE6Z","18495791","[PREMIUM]","[PREMIUM]","[PREMIUM]","215","Section 215","8",2,"[]","2027-03-08 00:00:00","mobile_transfer","exchange",0,"[PREMIUM]","2"
"3q7fN7klV6v","2026-09-18 23:59:28.316","2026-10-01 23:20:33.669","3q7fN7klV6v","18495791","[PREMIUM]","[PREMIUM]","[PREMIUM]","330","Section 330","7",8,"[]","2027-03-08 00:00:00","mobile_transfer","exchange",0,"[PREMIUM]","1,2,3,4,5,6,7,8"
"3q7fN7klV2v","2026-09-18 23:59:28.316","2026-10-01 00:41:39.707","3q7fN7klV2v","18495791","[PREMIUM]","[PREMIUM]","[PREMIUM]","119","Section 119","7",2,"[]","2027-03-08 00:00:00","mobile_transfer","exchange",0,"[PREMIUM]","1,2"
"4vXcjX8kPxe","2026-09-18 23:59:28.316","2026-10-01 00:41:39.707","4vXcjX8kPxe","18495791","[PREMIUM]","[PREMIUM]","[PREMIUM]","103","Section 103","6",2,"[]","2027-03-08 00:00:00","mobile_transfer","exchange",0,"[PREMIUM]","1,2"
"4vXcjX8kPEe","2026-09-18 23:59:28.316","2026-09-18 23:59:28.316","4vXcjX8kPEe","18495791","[PREMIUM]","[PREMIUM]","[PREMIUM]","208","Section 208","3",2,"[]","2027-03-08 00:00:00","electronic","exchange",0,"[PREMIUM]","1,2"
"4vXcjXeM6G8","2026-09-18 23:59:28.316","2026-09-22 01:10:46.362","4vXcjXeM6G8","18495791","[PREMIUM]","[PREMIUM]","[PREMIUM]","216","Section 216","8",2,"[]","2027-03-08 00:00:00","electronic","exchange",1,"[PREMIUM]","2"
"4vXcjXeMdBq","2026-09-18 23:59:28.316","2026-09-22 01:10:46.362","4vXcjXeMdBq","18495791","[PREMIUM]","[PREMIUM]","[PREMIUM]","330","Section 330","13",4,"[]","2027-03-08 00:00:00","electronic","exchange",0,"[PREMIUM]","1,2,3,4"
"4vXcjXeM5OP","2026-09-18 23:59:28.316","2026-09-22 01:10:46.362","4vXcjXeM5OP","18495791","[PREMIUM]","[PREMIUM]","[PREMIUM]","122","Section 122","14",2,"[]","2027-03-08 00:00:00","electronic","exchange",1,"[PREMIUM]","2"
"4vXcjXjDXNM","2026-09-18 23:59:28.316","2026-10-01 23:20:33.669","4vXcjXjDXNM","18495791","[PREMIUM]","[PREMIUM]","[PREMIUM]","307","Section 307","13",4,"[]","2027-03-07 00:00:00","mobile_transfer","exchange",2,"[PREMIUM]","4"
"5EjuZjXY0l7","2026-09-18 23:59:28.316","2026-10-01 00:41:39.707","5EjuZjXY0l7","18495791","[PREMIUM]","[PREMIUM]","[PREMIUM]","109","Section 109","6",2,"[]","2027-03-08 00:00:00","mobile_transfer","exchange",0,"[PREMIUM]","1,2"
"5EjuZjkMzjZ","2026-09-18 23:59:28.316","2026-09-22 01:10:46.362","5EjuZjkMzjZ","18495791","[PREMIUM]","[PREMIUM]","[PREMIUM]","309","Section 309","11",12,"[]","2027-03-08 00:00:00","electronic","exchange",1,"[PREMIUM]","1,2,3,4,5,6,7,8,9,10,11,12"
"5EjuZjkMZl8","2026-09-18 23:59:28.316","2026-09-22 01:10:46.362","5EjuZjkMZl8","18495791","[PREMIUM]","[PREMIUM]","[PREMIUM]","328","Section 328","7",12,"[]","2027-03-08 00:00:00","electronic","exchange",0,"[PREMIUM]","1,2,3,4,5,6,7,8,9,10,11,12"
"5EjuZjkMPvE","2026-09-18 23:59:28.316","2026-09-22 01:10:46.362","5EjuZjkMPvE","18495791","[PREMIUM]","[PREMIUM]","[PREMIUM]","110","Section 110","19",3,"[]","2027-03-08 00:00:00","electronic","exchange",1,"[PREMIUM]","1,2,3"
"5EjuZjXY077","2026-09-18 23:59:28.316","2026-10-01 23:20:33.669","5EjuZjXY077","18495791","[PREMIUM]","[PREMIUM]","[PREMIUM]","112","Section 112","4",3,"[]","2027-03-08 00:00:00","mobile_transfer","exchange",0,"[PREMIUM]","1,2,3"
"6mOhkO0pv4g","2026-09-18 23:59:28.316","2026-09-18 23:59:28.316","6mOhkO0pv4g","18495791","[PREMIUM]","[PREMIUM]","[PREMIUM]","301","Section 301","2",6,"[]","2027-03-08 00:00:00","electronic","exchange",0,"[PREMIUM]","1,2,3,4,5,6"
"6mOhkO9Vond","2026-09-18 23:59:28.316","2026-09-22 01:10:46.362","6mOhkO9Vond","18495791","[PREMIUM]","[PREMIUM]","[PREMIUM]","120","Section 120","19",10,"[]","2027-03-08 00:00:00","electronic","exchange",1,"[PREMIUM]","1,2,3,4,5,6,7,8,9,10"
"6mOhkO9Vmaz","2026-09-18 23:59:28.316","2026-09-22 01:10:46.362","6mOhkO9Vmaz","18495791","[PREMIUM]","[PREMIUM]","[PREMIUM]","234","Section 234","8",8,"[]","2027-03-08 00:00:00","electronic","exchange",2,"[PREMIUM]","1,2,3,4,5,6,7,8"
"6mOhkO9erAE","2026-09-18 23:59:28.316","2026-09-22 01:10:46.362","6mOhkO9erAE","18495791","[PREMIUM]","[PREMIUM]","[PREMIUM]","327","Section 327","8",6,"[]","2027-03-08 00:00:00","electronic","exchange",1,"[PREMIUM]","1,2,3,4,5,6"
"6mOhkO0pvwg","2026-09-18 23:59:28.316","2026-10-01 23:20:33.669","6mOhkO0pvwg","18495791","[PREMIUM]","[PREMIUM]","[PREMIUM]","205","Section 205","8",8,"[]","2027-03-08 00:00:00","mobile_transfer","exchange",0,"[PREMIUM]","1,2,3,4,5,6,7,8"
"7KntAnOxqXE","2026-09-18 23:59:28.316","2026-09-22 01:10:46.362","7KntAnOxqXE","18495791","[PREMIUM]","[PREMIUM]","[PREMIUM]","230","Section 230","8",6,"[]","2027-03-08 00:00:00","electronic","exchange",1,"[PREMIUM]","1,2,3,4,5,6"
"7KntAn4rMbL","2026-09-18 23:59:28.316","2026-10-01 23:20:33.669","7KntAn4rMbL","18495791","[PREMIUM]","[PREMIUM]","[PREMIUM]","230","Section 230","6",3,"[]","2027-03-08 00:00:00","mobile_transfer","exchange",0,"[PREMIUM]","1,2,3"
"8lKt6DONp7G","2026-09-18 23:59:28.316","2026-09-22 01:10:46.362","8lKt6DONp7G","18495791","[PREMIUM]","[PREMIUM]","[PREMIUM]","334","Section 334","6",10,"[]","2027-03-08 00:00:00","electronic","exchange",1,"[PREMIUM]","1,2,3,4,5,6,7,8,9,10"
"8lKt6DON5qY","2026-09-18 23:59:28.316","2026-09-21 00:33:51.576","8lKt6DON5qY","18495791","[PREMIUM]","[PREMIUM]","[PREMIUM]","333","Section 333","15",12,"[]","2027-03-08 00:00:00","electronic","exchange",0,"[PREMIUM]","1,2,3,4,5,6,7,8,9,10,11,12"
"8lKt6DONREj","2026-09-18 23:59:28.316","2026-09-22 01:10:46.362","8lKt6DONREj","18495791","[PREMIUM]","[PREMIUM]","[PREMIUM]","121","Section 121","11",4,"[]","2027-03-08 00:00:00","electronic","exchange",1,"[PREMIUM]","1,2,3,4"
"8lKt6Dv32A6","2026-09-18 23:59:28.316","2026-09-18 23:59:28.316","8lKt6Dv32A6","18495791","[PREMIUM]","[PREMIUM]","[PREMIUM]","301","Section 301","2",8,"[]","2027-03-07 00:00:00","electronic","exchange",1,"[PREMIUM]","1,2,3,4,5,6,7,8"
"8lKt6DvVmLp","2026-09-18 23:59:28.316","2026-10-01 00:41:39.707","8lKt6DvVmLp","18495791","[PREMIUM]","[PREMIUM]","[PREMIUM]","213","Section 213","8",6,"[]","2027-03-08 00:00:00","mobile_transfer","exchange",0,"[PREMIUM]","1,2,3,4,5,6"
"8lKt6DvVmdp","2026-09-18 23:59:28.316","2026-10-01 23:20:33.669","8lKt6DvVmdp","18495791","[PREMIUM]","[PREMIUM]","[PREMIUM]","223","Section 223","2",4,"[]","2027-03-08 00:00:00","mobile_transfer","exchange",0,"[PREMIUM]","1,2,3,4"
"9P2c52LeBz4","2026-09-18 23:59:28.316","2026-10-01 00:41:39.707","9P2c52LeBz4","18495791","[PREMIUM]","[PREMIUM]","[PREMIUM]","202","Section 202","6",6,"[]","2027-03-08 00:00:00","mobile_transfer","exchange",0,"[PREMIUM]","1,2,3,4,5,6"
"9P2c52LeBk4","2026-09-18 23:59:28.316","2026-10-01 23:20:33.669","9P2c52LeBk4","18495791","[PREMIUM]","[PREMIUM]","[PREMIUM]","325","Section 325","1",8,"[]","2027-03-08 00:00:00","mobile_transfer","exchange",0,"[PREMIUM]","1,2,3,4,5,6,7,8"
"9P2c52LeBK4","2026-09-18 23:59:28.316","2026-10-01 23:20:33.669","9P2c52LeBK4","18495791","[PREMIUM]","[PREMIUM]","[PREMIUM]","317","Section 317","2",2,"[]","2027-03-08 00:00:00","mobile_transfer","exchange",0,"[PREMIUM]","2"
"A6rs2rjXj8q","2026-09-18 23:59:28.316","2026-09-22 01:10:46.362","A6rs2rjXj8q","18495791","[PREMIUM]","[PREMIUM]","[PREMIUM]","322","Section 322","16",9,"[]","2027-03-08 00:00:00","electronic","exchange",1,"[PREMIUM]","1,2,3,4,5,6,7,8,9"
"A6rs2rjxMOO","2026-09-18 23:59:28.316","2026-09-25 00:41:50.242","A6rs2rjxMOO","18495791","[PREMIUM]","[PREMIUM]","[PREMIUM]","333","Section 333","5",8,"['1','2','3','4','5','6','7','8']","2026-08-19 00:00:00","electronic","exchange",0,"[PREMIUM]","1,2,3,4,5,6,8"
"A6rs2rR6m5K","2026-09-18 23:59:28.316","2026-10-01 23:20:33.669","A6rs2rR6m5K","18495791","[PREMIUM]","[PREMIUM]","[PREMIUM]","106","Section 106","4",8,"[]","2027-03-08 00:00:00","mobile_transfer","exchange",0,"[PREMIUM]","1,2,3,4,5,6,7,8"
"A6rs2rR6m3K","2026-09-18 23:59:28.316","2026-10-01 23:20:33.669","A6rs2rR6m3K","18495791","[PREMIUM]","[PREMIUM]","[PREMIUM]","314","Section 314","5",8,"[]","2027-03-08 00:00:00","mobile_transfer","exchange",0,"[PREMIUM]","1,2,3,4,5,6,7,8"
"BALImDbERY5","2026-09-18 23:59:28.316","2026-09-21 00:33:51.576","BALImDbERY5","18495791","[PREMIUM]","[PREMIUM]","[PREMIUM]","302","Section 302","15",12,"[]","2027-03-08 00:00:00","electronic","exchange",0,"[PREMIUM]","1,2,3,4,5,6,7,8,9,10,11,12"
"BALImDbER7B","2026-09-18 23:59:28.316","2026-09-22 01:10:46.362","BALImDbER7B","18495791","[PREMIUM]","[PREMIUM]","[PREMIUM]","113","Section 113","2",2,"[]","2027-03-08 00:00:00","electronic","exchange",1,"[PREMIUM]","2"
"BALImDzanv4","2026-09-18 23:59:28.316","2026-10-01 23:20:33.669","BALImDzanv4","18495791","[PREMIUM]","[PREMIUM]","[PREMIUM]","307","Section 307","2",8,"[]","2027-03-08 00:00:00","mobile_transfer","exchange",0,"[PREMIUM]","1,2,3,4,5,6,7,8"
"BALImDzan94","2026-09-18 23:59:28.316","2026-10-01 23:20:33.669","BALImDzan94","18495791","[PREMIUM]","[PREMIUM]","[PREMIUM]","CTSDE","Courtside East","a",2,"[]","2027-03-08 00:00:00","mobile_transfer","exchange",0,"[PREMIUM]","1,2"
"DdwHkw6dGGv","2026-09-18 23:59:28.316","2026-09-22 01:10:46.362","DdwHkw6dGGv","18495791","[PREMIUM]","[PREMIUM]","[PREMIUM]","316","Section 316","2",2,"[]","2027-03-08 00:00:00","electronic","exchange",1,"[PREMIUM]","2"
"DdwHkwK32V5","2026-09-18 23:59:28.316","2026-10-01 00:41:39.707","DdwHkwK32V5","18495791","[PREMIUM]","[PREMIUM]","[PREMIUM]","219","Section 219","7",4,"[]","2027-03-08 00:00:00","mobile_transfer","exchange",0,"[PREMIUM]","1,2,3,4"
"EroUXD5qDR6","2026-09-18 23:59:28.316","2026-09-21 00:33:51.576","EroUXD5qDR6","18495791","[PREMIUM]","[PREMIUM]","[PREMIUM]","206","Section 206","8",6,"[]","2027-03-08 00:00:00","electronic","exchange",1,"[PREMIUM]","1,2,3,4,5,6"
"EroUXD5qjr4","2026-09-18 23:59:28.316","2026-09-22 01:10:46.362","EroUXD5qjr4","18495791","[PREMIUM]","[PREMIUM]","[PREMIUM]","120","Section 120","9",2,"[]","2027-03-08 00:00:00","electronic","exchange",1,"[PREMIUM]","2"
"EroUXDLV3Y6","2026-09-18 23:59:28.316","2026-10-01 23:20:33.669","EroUXDLV3Y6","18495791","[PREMIUM]","[PREMIUM]","[PREMIUM]","108","Section 108","7",4,"[]","2027-03-08 00:00:00","mobile_transfer","exchange",0,"[PREMIUM]","1,2,3,4"
"EroUXDLV3A6","2026-09-18 23:59:28.316","2026-10-01 23:20:33.669","EroUXDLV3A6","18495791","[PREMIUM]","[PREMIUM]","[PREMIUM]","324","Section 324","2",8,"[]","2027-03-08 00:00:00","mobile_transfer","exchange",0,"[PREMIUM]","1,2,3,4,5,6,7,8"
"GAaI6bzg9D4","2026-09-18 23:59:28.316","2026-10-01 23:20:33.669","GAaI6bzg9D4","18495791","[PREMIUM]","[PREMIUM]","[PREMIUM]","107","Section 107","6",4,"[]","2027-03-08 00:00:00","mobile_transfer","exchange",0,"[PREMIUM]","1,2,3,4"
"JABI3BgqPLM","2026-09-18 23:59:28.316","2026-09-22 01:10:46.362","JABI3BgqPLM","18495791","[PREMIUM]","[PREMIUM]","[PREMIUM]","122","Section 122","9",2,"[]","2027-03-08 00:00:00","electronic","exchange",1,"[PREMIUM]","2"
"JABI3Bp6vN3","2026-09-18 23:59:28.316","2026-10-01 00:41:39.707","JABI3Bp6vN3","18495791","[PREMIUM]","[PREMIUM]","[PREMIUM]","120","Section 120","7",6,"[]","2027-03-08 00:00:00","mobile_transfer","exchange",0,"[PREMIUM]","1,2,3,4,5,6"
"JABI3Bp6vV3","2026-09-18 23:59:28.316","2026-10-01 23:20:33.669","JABI3Bp6vV3","18495791","[PREMIUM]","[PREMIUM]","[PREMIUM]","320","Section 320","5",6,"[]","2027-03-08 00:00:00","mobile_transfer","exchange",0,"[PREMIUM]","1,2,3,4,5,6"
"Kezczb3jNZa","2026-09-18 23:59:28.316","2026-09-22 01:10:46.362","Kezczb3jNZa","18495791","[PREMIUM]","[PREMIUM]","[PREMIUM]","107","Section 107","l",4,"[]","2027-03-08 00:00:00","electronic","exchange",1,"[PREMIUM]","1,2,3,4"
"Kezczb3Ll70","2026-09-18 23:59:28.316","2026-09-18 23:59:28.316","Kezczb3Ll70","18495791","[PREMIUM]","[PREMIUM]","[PREMIUM]","115","Section 115","6",2,"[]","2027-03-08 00:00:00","electronic","exchange",2,"[PREMIUM]","2"
"KezczbXJvem","2026-09-18 23:59:28.316","2026-10-01 23:20:33.669","KezczbXJvem","18495791","[PREMIUM]","[PREMIUM]","[PREMIUM]","117","Section 117","4",8,"[]","2027-03-08 00:00:00","mobile_transfer","exchange",0,"[PREMIUM]","1,2,3,4,5,6,7,8"
"LbviLmd4DbM","2026-09-18 23:59:28.316","2026-10-01 00:41:39.707","LbviLmd4DbM","18495791","[PREMIUM]","[PREMIUM]","[PREMIUM]","227","Section 227","4",2,"[]","2027-03-08 00:00:00","mobile_transfer","exchange",0,"[PREMIUM]","1,2"
"LbviLmq0qlp","2026-09-18 23:59:28.316","2026-09-22 01:10:46.362","LbviLmq0qlp","18495791","[PREMIUM]","[PREMIUM]","[PREMIUM]","304","Section 304","11",12,"[]","2027-03-08 00:00:00","electronic","exchange",0,"[PREMIUM]","1,2,3,4,5,6,7,8,9,10,11,12"
"LbviLmq0oeJ","2026-09-18 23:59:28.316","2026-09-22 01:10:46.362","LbviLmq0oeJ","18495791","[PREMIUM]","[PREMIUM]","[PREMIUM]","324","Section 324","7",12,"[]","2027-03-08 00:00:00","electronic","exchange",0,"[PREMIUM]","1,2,3,4,5,6,7,8,9,10,11,12"
"LbviLmq0m2j","2026-09-18 23:59:28.316","2026-09-22 01:10:46.362","LbviLmq0m2j","18495791","[PREMIUM]","[PREMIUM]","[PREMIUM]","303","Section 303","8",12,"[]","2027-03-08 00:00:00","electronic","exchange",0,"[PREMIUM]","1,2,3,4,5,6,7,8,9,10,11,12"
"LbviLmq0lOx","2026-09-18 23:59:28.316","2026-09-22 01:10:46.362","LbviLmq0lOx","18495791","[PREMIUM]","[PREMIUM]","[PREMIUM]","319","Section 319","11",12,"[]","2027-03-08 00:00:00","electronic","exchange",0,"[PREMIUM]","1,2,3,4,5,6,7,8,9,10,11,12"
"LbviLmq0gxY","2026-09-18 23:59:28.316","2026-09-22 01:10:46.362","LbviLmq0gxY","18495791","[PREMIUM]","[PREMIUM]","[PREMIUM]","113","Section 113","12",2,"[]","2027-03-08 00:00:00","electronic","exchange",1,"[PREMIUM]","2"
"LbviLmq0dxw","2026-09-18 23:59:28.316","2026-09-22 01:10:46.362","LbviLmq0dxw","18495791","[PREMIUM]","[PREMIUM]","[PREMIUM]","110","Section 110","2",2,"[]","2027-03-08 00:00:00","electronic","exchange",2,"[PREMIUM]","2"
"LbviLmdb5q2","2026-09-18 23:59:28.316","2026-10-01 23:20:33.669","LbviLmdb5q2","18495791","[PREMIUM]","[PREMIUM]","[PREMIUM]","227","Section 227","5",4,"[]","2027-03-07 00:00:00","mobile_transfer","exchange",1,"[PREMIUM]","1,2,3,4"
"LbviLmd4DzM","2026-09-18 23:59:28.316","2026-10-01 23:20:33.669","LbviLmd4DzM","18495791","[PREMIUM]","[PREMIUM]","[PREMIUM]","332","Section 332","3",6,"[]","2027-03-08 00:00:00","mobile_transfer","exchange",0,"[PREMIUM]","1,2,3,4,5,6"
"MAeIPXe76PP","2026-09-18 23:59:28.316","2026-09-22 01:10:46.362","MAeIPXe76PP","18495791","[PREMIUM]","[PREMIUM]","[PREMIUM]","113","Section 113","4",2,"[]","2027-03-08 00:00:00","electronic","exchange",1,"[PREMIUM]","2"
"MAeIPXkMANG","2026-09-18 23:59:28.316","2026-09-26 01:40:16.880","MAeIPXkMANG","18495791","[PREMIUM]","[PREMIUM]","[PREMIUM]","318","Section 318","5",2,"[]","2027-03-08 00:00:00","mobile_transfer","exchange",0,"[PREMIUM]","1,2"
"MAeIPXkMAzG","2026-09-18 23:59:28.316","2026-10-01 00:41:39.707","MAeIPXkMAzG","18495791","[PREMIUM]","[PREMIUM]","[PREMIUM]","212","Section 212","6",6,"[]","2027-03-08 00:00:00","mobile_transfer","exchange",0,"[PREMIUM]","1,2,3,4,5,6"
"MAeIPXenKZw","2026-09-18 23:59:28.316","2026-10-01 23:20:33.669","MAeIPXenKZw","18495791","[PREMIUM]","[PREMIUM]","[PREMIUM]","116","Section 116","18",7,"[]","2027-03-07 00:00:00","mobile_transfer","exchange",1,"[PREMIUM]","1,2,3,4,5,6,7"
"NrqUvm5XZwv","2026-09-18 23:59:28.316","2026-09-22 01:10:46.362","NrqUvm5XZwv","18495791","[PREMIUM]","[PREMIUM]","[PREMIUM]","201","Section 201","8",12,"[]","2027-03-08 00:00:00","electronic","exchange",2,"[PREMIUM]","1,2,3,4,5,6,7,8,9,10,11,12"
"NrqUvmOGYAp","2026-09-18 23:59:28.316","2026-09-19 23:59:20.948","NrqUvmOGYAp","18495791","[PREMIUM]","[PREMIUM]","[PREMIUM]","207","Section 207","2",2,"[]","2027-03-08 00:00:00","electronic","exchange",5,"[PREMIUM]","2"
"NrqUvmO8zB0","2026-09-18 23:59:28.316","2026-10-01 00:41:39.707","NrqUvmO8zB0","18495791","[PREMIUM]","[PREMIUM]","[PREMIUM]","105","Section 105","f",2,"[]","2027-03-08 00:00:00","mobile_transfer","exchange",0,"[PREMIUM]","1,2"
"O7Ahw7Ej7ax","2026-09-18 23:59:28.316","2026-09-22 01:10:46.362","O7Ahw7Ej7ax","18495791","[PREMIUM]","[PREMIUM]","[PREMIUM]","122","Section 122","19",2,"[]","2027-03-08 00:00:00","electronic","exchange",1,"[PREMIUM]","2"
"O7Ahw75YEkp","2026-09-18 23:59:28.316","2026-10-01 23:20:33.669","O7Ahw75YEkp","18495791","[PREMIUM]","[PREMIUM]","[PREMIUM]","207","Section 207","2",2,"[]","2027-03-07 00:00:00","mobile_transfer","exchange",5,"[PREMIUM]","2"
"O7Ahw759mD9","2026-09-18 23:59:28.316","2026-10-01 23:20:33.669","O7Ahw759mD9","18495791","[PREMIUM]","[PREMIUM]","[PREMIUM]","328","Section 328","2",8,"[]","2027-03-08 00:00:00","mobile_transfer","exchange",0,"[PREMIUM]","1,2,3,4,5,6,7,8"
"PX0sg7NlkaM","2026-09-18 23:59:28.316","2026-09-19 23:59:20.948","PX0sg7NlkaM","18495791","[PREMIUM]","[PREMIUM]","[PREMIUM]","111","Section 111","18",2,"[]","2027-03-08 00:00:00","electronic","exchange",0,"[PREMIUM]","1,2"
"PX0sg7NlkvM","2026-09-18 23:59:28.316","2026-10-01 00:41:39.707","PX0sg7NlkvM","18495791","[PREMIUM]","[PREMIUM]","[PREMIUM]","114","Section 114","8",2,"[]","2027-03-08 00:00:00","mobile_transfer","exchange",0,"[PREMIUM]","1,2"
"PX0sg7nOn09","2026-09-18 23:59:28.316","2026-09-22 01:10:46.362","PX0sg7nOn09","18495791","[PREMIUM]","[PREMIUM]","[PREMIUM]","119","Section 119","18",5,"[]","2027-03-08 00:00:00","electronic","exchange",1,"[PREMIUM]","1,2,3,4,5"
"ROXHzAVGq9E","2026-09-18 23:59:28.316","2026-10-01 00:41:39.707","ROXHzAVGq9E","18495791","[PREMIUM]","[PREMIUM]","[PREMIUM]","121","Section 121","7",7,"[]","2027-03-08 00:00:00","mobile_transfer","exchange",0,"[PREMIUM]","1,2,3,4,5,6,7"
"ROXHzAVGqLE","2026-09-18 23:59:28.316","2026-10-01 00:41:39.707","ROXHzAVGqLE","18495791","[PREMIUM]","[PREMIUM]","[PREMIUM]","218","Section 218","5",4,"[]","2027-03-08 00:00:00","mobile_transfer","exchange",1,"[PREMIUM]","1,2,3,4"
"ROXHzAlKvNG","2026-09-18 23:59:28.316","2026-09-22 01:10:46.362","ROXHzAlKvNG","18495791","[PREMIUM]","[PREMIUM]","[PREMIUM]","223","Section 223","8",2,"[]","2027-03-08 00:00:00","electronic","exchange",1,"[PREMIUM]","2"
"ROXHzAlKr4b","2026-09-18 23:59:28.316","2026-09-22 01:10:46.362","ROXHzAlKr4b","18495791","[PREMIUM]","[PREMIUM]","[PREMIUM]","109","Section 109","19",5,"[]","2027-03-08 00:00:00","electronic","exchange",1,"[PREMIUM]","1,2,3,4,5"
"ROXHzAlK2g5","2026-09-18 23:59:28.316","2026-09-22 01:10:46.362","ROXHzAlK2g5","18495791","[PREMIUM]","[PREMIUM]","[PREMIUM]","304","Section 304","8",2,"[]","2027-03-08 00:00:00","electronic","exchange",1,"[PREMIUM]","2"
"V4KU0e39rGY","2026-09-18 23:59:28.316","2026-09-18 23:59:28.316","V4KU0e39rGY","18495791","[PREMIUM]","[PREMIUM]","[PREMIUM]","208","Section 208","6",3,"[]","2027-03-08 00:00:00","electronic","exchange",1,"[PREMIUM]","1,2,3"
"V4KU0e3gEwl","2026-09-18 23:59:28.316","2026-09-25 00:41:50.242","V4KU0e3gEwl","18495791","[PREMIUM]","[PREMIUM]","[PREMIUM]","329","Section 329","10",2,"['17','18']","2026-08-19 00:00:00","electronic","exchange",0,"[PREMIUM]","2"
"V4KU0eA5VDM","2026-09-18 23:59:28.316","2026-10-01 00:41:39.707","V4KU0eA5VDM","18495791","[PREMIUM]","[PREMIUM]","[PREMIUM]","118","Section 118","19",6,"[]","2027-03-08 00:00:00","mobile_transfer","exchange",1,"[PREMIUM]","1,2,3,4,5,6"
"X03tKbAE39Z","2026-09-18 23:59:28.316","2026-09-22 01:10:46.362","X03tKbAE39Z","18495791","[PREMIUM]","[PREMIUM]","[PREMIUM]","104","Section 104","18",6,"[]","2027-03-08 00:00:00","electronic","exchange",1,"[PREMIUM]","1,2,3,4,5,6"
"X03tKbAEAra","2026-09-18 23:59:28.316","2026-09-22 01:10:46.362","X03tKbAEAra","18495791","[PREMIUM]","[PREMIUM]","[PREMIUM]","212","Section 212","8",4,"[]","2027-03-08 00:00:00","electronic","exchange",1,"[PREMIUM]","1,2,3,4"
"X03tKbRqeo9","2026-09-18 23:59:28.316","2026-10-01 00:41:39.707","X03tKbRqeo9","18495791","[PREMIUM]","[PREMIUM]","[PREMIUM]","217","Section 217","7",8,"[]","2027-03-08 00:00:00","mobile_transfer","exchange",1,"[PREMIUM]","1,2,3,4,5,6,7,8"
"YgJtkD9lzrb","2026-09-18 23:59:28.316","2026-09-19 23:59:20.948","YgJtkD9lzrb","18495791","[PREMIUM]","[PREMIUM]","[PREMIUM]","111","Section 111","19",2,"[]","2027-03-08 00:00:00","electronic","exchange",1,"[PREMIUM]","2"
"YgJtkD9leRb","2026-09-18 23:59:28.316","2026-09-22 01:10:46.362","YgJtkD9leRb","18495791","[PREMIUM]","[PREMIUM]","[PREMIUM]","331","Section 331","11",12,"[]","2027-03-08 00:00:00","electronic","exchange",0,"[PREMIUM]","1,2,3,4,5,6,7,8,9,10,11,12"
"YgJtkD9lDDl","2026-09-18 23:59:28.316","2026-09-22 01:10:46.362","YgJtkD9lDDl","18495791","[PREMIUM]","[PREMIUM]","[PREMIUM]","105","Section 105","m",2,"[]","2027-03-08 00:00:00","electronic","exchange",1,"[PREMIUM]","2"
"YgJtkD9l0Ka","2026-09-18 23:59:28.316","2026-09-22 01:10:46.362","YgJtkD9l0Ka","18495791","[PREMIUM]","[PREMIUM]","[PREMIUM]","114","Section 114","18",3,"[]","2027-03-08 00:00:00","electronic","exchange",1,"[PREMIUM]","1,2,3"
"YgJtkDRPmvZ","2026-09-18 23:59:28.316","2026-10-01 23:20:33.669","YgJtkDRPmvZ","18495791","[PREMIUM]","[PREMIUM]","[PREMIUM]","304","Section 304","6",8,"[]","2027-03-08 00:00:00","mobile_transfer","exchange",0,"[PREMIUM]","1,2,3,4,5,6,7,8"
"Zm9hvlZRV8P","2026-09-18 23:59:28.316","2026-10-01 00:41:39.707","Zm9hvlZRV8P","18495791","[PREMIUM]","[PREMIUM]","[PREMIUM]","201","Section 201","6",8,"[]","2027-03-08 00:00:00","mobile_transfer","exchange",1,"[PREMIUM]","1,2,3,4,5,6,7,8"
"Zm9hvlmXoN7","2026-09-18 23:59:28.316","2026-09-22 01:10:46.362","Zm9hvlmXoN7","18495791","[PREMIUM]","[PREMIUM]","[PREMIUM]","228","Section 228","6",4,"[]","2027-03-08 00:00:00","electronic","exchange",0,"[PREMIUM]","1,2,3,4"
"Zm9hvlmXZgJ","2026-09-18 23:59:28.316","2026-09-22 01:10:46.362","Zm9hvlmXZgJ","18495791","[PREMIUM]","[PREMIUM]","[PREMIUM]","316","Section 316","11",12,"[]","2027-03-08 00:00:00","electronic","exchange",0,"[PREMIUM]","1,2,3,4,5,6,7,8,9,10,11,12"
"agktl8G5dX9","2026-09-18 23:59:28.316","2026-09-22 01:10:46.362","agktl8G5dX9","18495791","[PREMIUM]","[PREMIUM]","[PREMIUM]","102","Section 102","19",2,"[]","2027-03-08 00:00:00","electronic","exchange",1,"[PREMIUM]","2"
"agktl8G5RVM","2026-09-18 23:59:28.316","2026-09-22 01:10:46.362","agktl8G5RVM","18495791","[PREMIUM]","[PREMIUM]","[PREMIUM]","307","Section 307","6",12,"[]","2027-03-08 00:00:00","electronic","exchange",0,"[PREMIUM]","1,2,3,4,5,6,7,8,9,10,11,12"
"agktl8G5LR0","2026-09-18 23:59:28.316","2026-09-22 01:10:46.362","agktl8G5LR0","18495791","[PREMIUM]","[PREMIUM]","[PREMIUM]","310","Section 310","11",12,"[]","2027-03-08 00:00:00","electronic","exchange",1,"[PREMIUM]","1,2,3,4,5,6,7,8,9,10,11,12"
"agktl8JEN7k","2026-09-18 23:59:28.316","2026-09-21 00:33:51.576","agktl8JEN7k","18495791","[PREMIUM]","[PREMIUM]","[PREMIUM]","334","Section 334","2",8,"[]","2027-03-07 00:00:00","electronic","exchange",2,"[PREMIUM]","1,2,3,4,5,6,7,8"
"agktl8JarVn","2026-09-18 23:59:28.316","2026-10-01 23:20:33.669","agktl8JarVn","18495791","[PREMIUM]","[PREMIUM]","[PREMIUM]","305","Section 305","7",8,"[]","2027-03-08 00:00:00","mobile_transfer","exchange",0,"[PREMIUM]","1,2,3,4,5,6,7,8"
"agktl8Jar2n","2026-09-18 23:59:28.316","2026-10-01 23:20:33.669","agktl8Jar2n","18495791","[PREMIUM]","[PREMIUM]","[PREMIUM]","225","Section 225","2",8,"[]","2027-03-08 00:00:00","mobile_transfer","exchange",0,"[PREMIUM]","1,2,3,4,5,6,7,8"
"Zm9hvlZRVpP","2026-09-18 23:59:28.316","2026-10-01 23:20:33.669","Zm9hvlZRVpP","18495791","[PREMIUM]","[PREMIUM]","[PREMIUM]","302","Section 302","7",6,"[]","2027-03-08 00:00:00","mobile_transfer","exchange",0,"[PREMIUM]","1,2,3,4,5,6"
"b4wUak3lzrg","2026-09-18 23:59:28.316","2026-09-22 01:10:46.362","b4wUak3lzrg","18495791","[PREMIUM]","[PREMIUM]","[PREMIUM]","325","Section 325","6",12,"[]","2027-03-08 00:00:00","electronic","exchange",0,"[PREMIUM]","1,2,3,4,5,6,7,8,9,10,11,12"
"b4wUak3lJaB","2026-09-18 23:59:28.316","2026-09-22 01:10:46.362","b4wUak3lJaB","18495791","[PREMIUM]","[PREMIUM]","[PREMIUM]","202","Section 202","8",2,"[]","2027-03-08 00:00:00","electronic","exchange",1,"[PREMIUM]","2"
"b4wUak3lJro","2026-09-18 23:59:28.316","2026-09-22 01:10:46.362","b4wUak3lJro","18495791","[PREMIUM]","[PREMIUM]","[PREMIUM]","215","Section 215","8",2,"[]","2027-03-08 00:00:00","electronic","exchange",0,"[PREMIUM]","2"
"b4wUak2PeAA","2026-09-18 23:59:28.316","2026-10-01 00:41:39.707","b4wUak2PeAA","18495791","[PREMIUM]","[PREMIUM]","[PREMIUM]","321","Section 321","5",2,"[]","2027-03-08 00:00:00","mobile_transfer","exchange",0,"[PREMIUM]","1,2"
"dNgUgx2dKA8","2026-09-18 23:59:28.316","2026-10-01 00:41:39.707","dNgUgx2dKA8","18495791","[PREMIUM]","[PREMIUM]","[PREMIUM]","216","Section 216","8",4,"[]","2027-03-08 00:00:00","mobile_transfer","exchange",0,"[PREMIUM]","1,2,3,4"
"dNgUgx2dKj8","2026-09-18 23:59:28.316","2026-10-01 23:20:33.669","dNgUgx2dKj8","18495791","[PREMIUM]","[PREMIUM]","[PREMIUM]","122","Section 122","4",2,"[]","2027-03-08 00:00:00","mobile_transfer","exchange",0,"[PREMIUM]","1,2"
"dNgUgxa5NwV","2026-09-18 23:59:28.316","2026-09-25 00:41:50.242","dNgUgxa5NwV","18495791","[PREMIUM]","[PREMIUM]","[PREMIUM]","329","Section 329","12",9,"['9','10','11','12','13','14','15','16','17']","2026-08-19 00:00:00","electronic","exchange",1,"[PREMIUM]","1,2,3,4,5,6,7,9"
"dNgUgxaP5dN","2026-09-18 23:59:28.316","2026-09-22 01:10:46.362","dNgUgxaP5dN","18495791","[PREMIUM]","[PREMIUM]","[PREMIUM]","110","Section 110","12",2,"[]","2027-03-08 00:00:00","electronic","exchange",1,"[PREMIUM]","2"
"dNgUgxaPKm3","2026-09-18 23:59:28.316","2026-09-22 01:10:46.362","dNgUgxaPKm3","18495791","[PREMIUM]","[PREMIUM]","[PREMIUM]","333","Section 333","2",2,"[]","2027-03-08 00:00:00","electronic","exchange",1,"[PREMIUM]","2"
"eeacKjL4gD9","2026-09-18 23:59:28.316","2026-09-22 23:28:18.897","eeacKjL4gD9","18495791","[PREMIUM]","[PREMIUM]","[PREMIUM]","101","Section 101","18",2,"[]","2027-03-08 00:00:00","electronic","exchange",0,"[PREMIUM]","1,2"
"eeacKjlBbR6","2026-09-18 23:59:28.316","2026-09-21 00:33:51.576","eeacKjlBbR6","18495791","[PREMIUM]","[PREMIUM]","[PREMIUM]","334","Section 334","16",12,"[]","2027-03-08 00:00:00","electronic","exchange",0,"[PREMIUM]","1,2,3,4,5,6,7,8,9,10,11,12"
"eeacKjlBJeK","2026-09-18 23:59:28.316","2026-09-22 01:10:46.362","eeacKjlBJeK","18495791","[PREMIUM]","[PREMIUM]","[PREMIUM]","211","Section 211","7",3,"[]","2027-03-08 00:00:00","electronic","exchange",1,"[PREMIUM]","1,2,3"
"eeacKjlNzVj","2026-09-18 23:59:28.316","2026-10-01 23:20:33.669","eeacKjlNzVj","18495791","[PREMIUM]","[PREMIUM]","[PREMIUM]","116","Section 116","18",4,"[]","2027-03-08 00:00:00","mobile_transfer","exchange",0,"[PREMIUM]","1,2,3,4"
"eeacKjL4gO9","2026-09-18 23:59:28.316","2026-10-01 23:20:33.669","eeacKjL4gO9","18495791","[PREMIUM]","[PREMIUM]","[PREMIUM]","309","Section 309","1",8,"[]","2027-03-08 00:00:00","mobile_transfer","exchange",0,"[PREMIUM]","1,2,3,4,5,6,7,8"
"g48UrnzEJ5d","2026-09-18 23:59:28.316","2026-10-01 00:41:39.707","g48UrnzEJ5d","18495791","[PREMIUM]","[PREMIUM]","[PREMIUM]","229","Section 229","6",4,"[]","2027-03-08 00:00:00","mobile_transfer","exchange",0,"[PREMIUM]","1,2,3,4"
"g48UrnzEJNd","2026-09-18 23:59:28.316","2026-10-01 23:20:33.669","g48UrnzEJNd","18495791","[PREMIUM]","[PREMIUM]","[PREMIUM]","110","Section 110","4",8,"[]","2027-03-08 00:00:00","mobile_transfer","exchange",1,"[PREMIUM]","1,2,3,4,5,6,7,8"
"g48Urnz5Ozr","2026-09-18 23:59:28.316","2026-10-01 23:20:33.669","g48Urnz5Ozr","18495791","[PREMIUM]","[PREMIUM]","[PREMIUM]","227","Section 227","5",4,"[]","2027-03-07 00:00:00","mobile_transfer","exchange",1,"[PREMIUM]","1,2,3,4"
"jDvsz3RmpxN","2026-09-18 23:59:28.316","2026-10-01 23:20:33.669","jDvsz3RmpxN","18495791","[PREMIUM]","[PREMIUM]","[PREMIUM]","224","Section 224","4",2,"[]","2027-03-08 00:00:00","mobile_transfer","exchange",0,"[PREMIUM]","1,2"
"jDvsz3vYwpA","2026-09-18 23:59:28.316","2026-09-19 23:59:20.948","jDvsz3vYwpA","18495791","[PREMIUM]","[PREMIUM]","[PREMIUM]","329","Section 329","10",2,"[]","2027-03-08 00:00:00","electronic","exchange",5,"[PREMIUM]","2"
"jDvsz3vPkdZ","2026-09-18 23:59:28.316","2026-09-22 01:10:46.362","jDvsz3vPkdZ","18495791","[PREMIUM]","[PREMIUM]","[PREMIUM]","320","Section 320","8",4,"[]","2027-03-08 00:00:00","electronic","exchange",0,"[PREMIUM]","1,2,3,4"
"jDvsz3vPPbp","2026-09-18 23:59:28.316","2026-09-22 01:10:46.362","jDvsz3vPPbp","18495791","[PREMIUM]","[PREMIUM]","[PREMIUM]","107","Section 107","f",2,"[]","2027-03-08 00:00:00","electronic","exchange",0,"[PREMIUM]","2"
"jDvsz3vP2mV","2026-09-18 23:59:28.316","2026-09-22 01:10:46.362","jDvsz3vP2mV","18495791","[PREMIUM]","[PREMIUM]","[PREMIUM]","326","Section 326","11",11,"[]","2027-03-08 00:00:00","electronic","exchange",1,"[PREMIUM]","1,2,3,4,5,6,7,8,9,10,11"
"kYet9JaYpqp","2026-09-18 23:59:28.316","2026-10-01 00:41:39.707","kYet9JaYpqp","18495791","[PREMIUM]","[PREMIUM]","[PREMIUM]","214","Section 214","8",6,"[]","2027-03-08 00:00:00","mobile_transfer","exchange",0,"[PREMIUM]","1,2,3,4,5,6"
"kYet9JaYp5p","2026-09-18 23:59:28.316","2026-10-01 00:41:39.707","kYet9JaYp5p","18495791","[PREMIUM]","[PREMIUM]","[PREMIUM]","316","Section 316","2",6,"[]","2027-03-08 00:00:00","mobile_transfer","exchange",1,"[PREMIUM]","1,2,3,4,5,6"
"kYet9JkPzxk","2026-09-18 23:59:28.316","2026-09-22 01:10:46.362","kYet9JkPzxk","18495791","[PREMIUM]","[PREMIUM]","[PREMIUM]","334","Section 334","10",4,"[]","2027-03-08 00:00:00","electronic","exchange",0,"[PREMIUM]","1,2,3,4"
"kYet9JkPrx2","2026-09-18 23:59:28.316","2026-09-22 01:10:46.362","kYet9JkPrx2","18495791","[PREMIUM]","[PREMIUM]","[PREMIUM]","328","Section 328","1",4,"[]","2027-03-08 00:00:00","electronic","exchange",0,"[PREMIUM]","1,2,3,4"
"kYet9JkPE6R","2026-09-18 23:59:28.316","2026-09-22 01:10:46.362","kYet9JkPE6R","18495791","[PREMIUM]","[PREMIUM]","[PREMIUM]","303","Section 303","11",2,"[]","2027-03-08 00:00:00","electronic","exchange",0,"[PREMIUM]","2"
"kYet9JkP9jp","2026-09-18 23:59:28.316","2026-09-22 01:10:46.362","kYet9JkP9jp","18495791","[PREMIUM]","[PREMIUM]","[PREMIUM]","331","Section 331","8",2,"[]","2027-03-08 00:00:00","electronic","exchange",1,"[PREMIUM]","2"
"kYet9JkGovB","2026-09-18 23:59:28.316","2026-09-25 00:41:50.242","kYet9JkGovB","18495791","[PREMIUM]","[PREMIUM]","[PREMIUM]","114","Section 114","10",4,"['9','10','11','12']","2026-08-19 00:00:00","electronic","exchange",0,"[PREMIUM]","2,4"
"kYet9JkdB5l","2026-09-18 23:59:28.316","2026-09-19 23:59:20.948","kYet9JkdB5l","18495791","[PREMIUM]","[PREMIUM]","[PREMIUM]","103","Section 103","6",2,"[]","2027-03-08 00:00:00","electronic","exchange",2,"[PREMIUM]","2"
"lxVsd96GLq4","2026-09-18 23:59:28.316","2026-09-22 01:10:46.362","lxVsd96GLq4","18495791","[PREMIUM]","[PREMIUM]","[PREMIUM]","104","Section 104","8",3,"[]","2027-03-08 00:00:00","electronic","exchange",1,"[PREMIUM]","1,2,3"
"lxVsd96GO0X","2026-09-18 23:59:28.316","2026-09-22 01:10:46.362","lxVsd96GO0X","18495791","[PREMIUM]","[PREMIUM]","[PREMIUM]","111","Section 111","4",2,"[]","2027-03-08 00:00:00","electronic","exchange",3,"[PREMIUM]","2"
"lxVsd96GRPL","2026-09-18 23:59:28.316","2026-09-22 01:10:46.362","lxVsd96GRPL","18495791","[PREMIUM]","[PREMIUM]","[PREMIUM]","229","Section 229","8",8,"[]","2027-03-08 00:00:00","electronic","exchange",1,"[PREMIUM]","1,2,3,4,5,6,7,8"
"lxVsd96wpZ9","2026-09-18 23:59:28.316","2026-10-01 23:20:33.669","lxVsd96wpZ9","18495791","[PREMIUM]","[PREMIUM]","[PREMIUM]","327","Section 327","7",4,"[]","2027-03-07 00:00:00","mobile_transfer","exchange",1,"[PREMIUM]","1,2,3,4"
"lxVsd92w20k","2026-09-18 23:59:28.316","2026-10-01 23:20:33.669","lxVsd92w20k","18495791","[PREMIUM]","[PREMIUM]","[PREMIUM]","207","Section 207","2",2,"['9','10']","2027-03-06 00:00:00","mobile_transfer","exchange",5,"[PREMIUM]","2"
"lxVsd92JgN2","2026-09-18 23:59:28.316","2026-10-01 23:20:33.669","lxVsd92JgN2","18495791","[PREMIUM]","[PREMIUM]","[PREMIUM]","204","Section 204","3",4,"[]","2027-03-08 00:00:00","mobile_transfer","exchange",0,"[PREMIUM]","1,2,3,4"
"lxVsd92Jg52","2026-09-18 23:59:28.316","2026-10-01 23:20:33.669","lxVsd92Jg52","18495791","[PREMIUM]","[PREMIUM]","[PREMIUM]","331","Section 331","6",8,"[]","2027-03-08 00:00:00","mobile_transfer","exchange",1,"[PREMIUM]","1,2,3,4,5,6,7,8"
"mxAs4AjR8LN","2026-09-18 23:59:28.316","2026-09-19 23:59:20.948","mxAs4AjR8LN","18495791","[PREMIUM]","[PREMIUM]","[PREMIUM]","103","Section 103","6",2,"['3','4']","2027-03-08 00:00:00","electronic","exchange",2,"[PREMIUM]","1,2"
"mxAs4AzbnlK","2026-09-18 23:59:28.316","2026-09-22 01:10:46.362","mxAs4AzbnlK","18495791","[PREMIUM]","[PREMIUM]","[PREMIUM]","107","Section 107","10",2,"[]","2027-03-08 00:00:00","electronic","exchange",0,"[PREMIUM]","2"
"mxAs4AzbnKp","2026-09-18 23:59:28.316","2026-09-22 01:10:46.362","mxAs4AzbnKp","18495791","[PREMIUM]","[PREMIUM]","[PREMIUM]","227","Section 227","6",4,"[]","2027-03-08 00:00:00","electronic","exchange",1,"[PREMIUM]","1,2,3,4"
"mxAs4AzbYG8","2026-09-18 23:59:28.316","2026-09-22 01:10:46.362","mxAs4AzbYG8","18495791","[PREMIUM]","[PREMIUM]","[PREMIUM]","207","Section 207","8",4,"[]","2027-03-08 00:00:00","electronic","exchange",1,"[PREMIUM]","1,2,3,4"
"mxAs4AjwePd","2026-09-18 23:59:28.316","2026-10-01 23:20:33.669","mxAs4AjwePd","18495791","[PREMIUM]","[PREMIUM]","[PREMIUM]","326","Section 326","1",8,"[]","2027-03-08 00:00:00","mobile_transfer","exchange",1,"[PREMIUM]","1,2,3,4,5,6,7,8"
"nx0srE0Prpa","2026-09-18 23:59:28.316","2026-09-22 01:10:46.362","nx0srE0Prpa","18495791","[PREMIUM]","[PREMIUM]","[PREMIUM]","226","Section 226","6",10,"[]","2027-03-08 00:00:00","electronic","exchange",1,"[PREMIUM]","1,2,3,4,5,6,7,8,9,10"
"nx0srELDv59","2026-09-18 23:59:28.316","2026-10-01 00:41:39.707","nx0srELDv59","18495791","[PREMIUM]","[PREMIUM]","[PREMIUM]","231","Section 231","7",2,"[]","2027-03-08 00:00:00","mobile_transfer","exchange",0,"[PREMIUM]","1,2"
"oV7HbADro5P","2026-09-18 23:59:28.316","2026-10-01 00:41:39.707","oV7HbADro5P","18495791","[PREMIUM]","[PREMIUM]","[PREMIUM]","228","Section 228","5",6,"[]","2027-03-08 00:00:00","mobile_transfer","exchange",0,"[PREMIUM]","1,2,3,4,5,6"
"oV7HbAnPg35","2026-09-18 23:59:28.316","2026-09-22 01:10:46.362","oV7HbAnPg35","18495791","[PREMIUM]","[PREMIUM]","[PREMIUM]","107","Section 107","19",3,"[]","2027-03-08 00:00:00","electronic","exchange",1,"[PREMIUM]","1,2,3"
"oV7HbAnPY0R","2026-09-18 23:59:28.316","2026-09-22 01:10:46.362","oV7HbAnPY0R","18495791","[PREMIUM]","[PREMIUM]","[PREMIUM]","218","Section 218","8",8,"[]","2027-03-08 00:00:00","electronic","exchange",2,"[PREMIUM]","1,2,3,4,5,6,7,8"
"oV7HbAnPXzK","2026-09-18 23:59:28.316","2026-09-22 01:10:46.362","oV7HbAnPXzK","18495791","[PREMIUM]","[PREMIUM]","[PREMIUM]","321","Section 321","7",5,"[]","2027-03-08 00:00:00","electronic","exchange",1,"[PREMIUM]","1,2,3,4,5"
"oV7HbAnPDwz","2026-09-18 23:59:28.316","2026-09-22 01:10:46.362","oV7HbAnPDwz","18495791","[PREMIUM]","[PREMIUM]","[PREMIUM]","310","Section 310","8",12,"[]","2027-03-08 00:00:00","electronic","exchange",1,"[PREMIUM]","1,2,3,4,5,6,7,8,9,10,11,12"
"oV7HbAnPD8m","2026-09-18 23:59:28.316","2026-09-22 01:10:46.362","oV7HbAnPD8m","18495791","[PREMIUM]","[PREMIUM]","[PREMIUM]","118","Section 118","19",2,"[]","2027-03-08 00:00:00","electronic","exchange",1,"[PREMIUM]","2"
"oV7HbAnPBLP","2026-09-18 23:59:28.316","2026-09-21 00:33:51.576","oV7HbAnPBLP","18495791","[PREMIUM]","[PREMIUM]","[PREMIUM]","301","Section 301","16",12,"[]","2027-03-08 00:00:00","electronic","exchange",0,"[PREMIUM]","1,2,3,4,5,6,7,8,9,10,11,12"
"oV7HbAnPqqd","2026-09-18 23:59:28.316","2026-09-22 01:10:46.362","oV7HbAnPqqd","18495791","[PREMIUM]","[PREMIUM]","[PREMIUM]","117","Section 117","19",9,"[]","2027-03-08 00:00:00","electronic","exchange",1,"[PREMIUM]","1,2,3,4,5,6,7,8,9"
"oV7HbAnlK0A","2026-09-18 23:59:28.316","2026-10-01 23:20:33.669","oV7HbAnlK0A","18495791","[PREMIUM]","[PREMIUM]","[PREMIUM]","327","Section 327","6",4,"[]","2027-03-07 00:00:00","mobile_transfer","exchange",1,"[PREMIUM]","1,2,3,4"
"oV7HbADroeP","2026-09-18 23:59:28.316","2026-10-01 23:20:33.669","oV7HbADroeP","18495791","[PREMIUM]","[PREMIUM]","[PREMIUM]","234","Section 234","5",4,"[]","2027-03-08 00:00:00","mobile_transfer","exchange",1,"[PREMIUM]","1,2,3,4"
"oV7HbADroNP","2026-09-18 23:59:28.316","2026-10-01 23:20:33.669","oV7HbADroNP","18495791","[PREMIUM]","[PREMIUM]","[PREMIUM]","308","Section 308","1",8,"[]","2027-03-08 00:00:00","mobile_transfer","exchange",0,"[PREMIUM]","1,2,3,4,5,6,7,8"
"pVXHD4KP3RN","2026-09-18 23:59:28.316","2026-09-22 01:10:46.362","pVXHD4KP3RN","18495791","[PREMIUM]","[PREMIUM]","[PREMIUM]","106","Section 106","f",4,"[]","2027-03-08 00:00:00","electronic","exchange",0,"[PREMIUM]","1,2,3,4"
"pVXHD4KPkpP","2026-09-18 23:59:28.316","2026-09-22 01:10:46.362","pVXHD4KPkpP","18495791","[PREMIUM]","[PREMIUM]","[PREMIUM]","317","Section 317","2",2,"[]","2027-03-08 00:00:00","electronic","exchange",0,"[PREMIUM]","2"
"pVXHD4KPaV4","2026-09-18 23:59:28.316","2026-09-22 01:10:46.362","pVXHD4KPaV4","18495791","[PREMIUM]","[PREMIUM]","[PREMIUM]","117","Section 117","f",2,"[]","2027-03-08 00:00:00","electronic","exchange",0,"[PREMIUM]","2"
"pVXHD4k9o5r","2026-09-18 23:59:28.316","2026-10-01 23:20:33.669","pVXHD4k9o5r","18495791","[PREMIUM]","[PREMIUM]","[PREMIUM]","319","Section 319","2",8,"[]","2027-03-08 00:00:00","mobile_transfer","exchange",1,"[PREMIUM]","1,2,3,4,5,6,7,8"
"pVXHD4KrMxm","2026-09-18 23:59:28.316","2026-10-01 23:20:33.669","pVXHD4KrMxm","18495791","[PREMIUM]","[PREMIUM]","[PREMIUM]","327","Section 327","7",4,"[]","2027-03-07 00:00:00","mobile_transfer","exchange",2,"[PREMIUM]","1,2,3,4"
"qVjH2rG0M54","2026-09-18 23:59:28.316","2026-09-21 00:33:51.576","qVjH2rG0M54","18495791","[PREMIUM]","[PREMIUM]","[PREMIUM]","333","Section 333","7",6,"[]","2027-03-08 00:00:00","electronic","exchange",0,"[PREMIUM]","1,2,3,4,5,6"
"qVjH2rZPgGb","2026-09-18 23:59:28.316","2026-09-22 01:10:46.362","qVjH2rZPgGb","18495791","[PREMIUM]","[PREMIUM]","[PREMIUM]","121","Section 121","9",8,"[]","2027-03-08 00:00:00","electronic","exchange",1,"[PREMIUM]","1,2,3,4,5,6,7,8"
"qVjH2rZMkYX","2026-09-18 23:59:28.316","2026-10-01 23:20:33.669","qVjH2rZMkYX","18495791","[PREMIUM]","[PREMIUM]","[PREMIUM]","232","Section 232","7",4,"[]","2027-03-08 00:00:00","mobile_transfer","exchange",0,"[PREMIUM]","1,2,3,4"
"qVjH2rZJ7x2","2026-09-18 23:59:28.316","2026-10-01 23:20:33.669","qVjH2rZJ7x2","18495791","[PREMIUM]","[PREMIUM]","[PREMIUM]","232","Section 232","7",8,"[]","2027-03-07 00:00:00","mobile_transfer","exchange",0,"[PREMIUM]","1,2,3,4,5,6,7,8"
"qVjH2rG0MN4","2026-09-18 23:59:28.316","2026-10-01 23:20:33.669","qVjH2rG0MN4","18495791","[PREMIUM]","[PREMIUM]","[PREMIUM]","226","Section 226","3",6,"[]","2027-03-08 00:00:00","mobile_transfer","exchange",0,"[PREMIUM]","1,2,3,4,5,6"
"rVOHkLXmoND","2026-09-18 23:59:28.316","2026-10-01 00:41:39.707","rVOHkLXmoND","18495791","[PREMIUM]","[PREMIUM]","[PREMIUM]","207","Section 207","5",2,"[]","2027-03-08 00:00:00","mobile_transfer","exchange",0,"[PREMIUM]","1,2"
"rVOHkLzGa8Y","2026-09-18 23:59:28.316","2026-09-21 00:33:51.576","rVOHkLzGa8Y","18495791","[PREMIUM]","[PREMIUM]","[PREMIUM]","308","Section 308","10",8,"[]","2027-03-08 00:00:00","electronic","exchange",1,"[PREMIUM]","1,2,3,4,5,6,7,8"
"rVOHkLzGBbr","2026-09-18 23:59:28.316","2026-09-22 01:10:46.362","rVOHkLzGBbr","18495791","[PREMIUM]","[PREMIUM]","[PREMIUM]","106","Section 106","m",4,"[]","2027-03-08 00:00:00","electronic","exchange",1,"[PREMIUM]","1,2,3,4"
"rVOHkLzGnVB","2026-09-18 23:59:28.316","2026-09-22 01:10:46.362","rVOHkLzGnVB","18495791","[PREMIUM]","[PREMIUM]","[PREMIUM]","204","Section 204","7",4,"[]","2027-03-08 00:00:00","electronic","exchange",0,"[PREMIUM]","1,2,3,4"
"rVOHkLz9klL","2026-09-18 23:59:28.316","2026-09-19 23:59:20.948","rVOHkLz9klL","18495791","[PREMIUM]","[PREMIUM]","[PREMIUM]","333","Section 333","5",4,"[]","2027-03-08 00:00:00","electronic","exchange",5,"[PREMIUM]","4"
"rVOHkLzN6PK","2026-09-18 23:59:28.316","2026-09-19 23:59:20.948","rVOHkLzN6PK","18495791","[PREMIUM]","[PREMIUM]","[PREMIUM]","306","Section 306","10",4,"[]","2027-03-08 00:00:00","electronic","exchange",5,"[PREMIUM]","4"
"vb3iPg76zNM","2026-09-18 23:59:28.316","2026-09-21 00:33:51.576","vb3iPg76zNM","18495791","[PREMIUM]","[PREMIUM]","[PREMIUM]","206","Section 206","5",2,"[]","2027-03-08 00:00:00","electronic","exchange",0,"[PREMIUM]","1,2"
"vb3iPg76z5M","2026-09-18 23:59:28.316","2026-10-01 23:20:33.669","vb3iPg76z5M","18495791","[PREMIUM]","[PREMIUM]","[PREMIUM]","310","Section 310","1",8,"[]","2027-03-08 00:00:00","mobile_transfer","exchange",0,"[PREMIUM]","1,2,3,4,5,6,7,8"
"rVOHkLXmo5D","2026-09-18 23:59:28.316","2026-10-01 23:20:33.669","rVOHkLXmo5D","18495791","[PREMIUM]","[PREMIUM]","[PREMIUM]","315","Section 315","6",6,"[]","2027-03-08 00:00:00","mobile_transfer","exchange",0,"[PREMIUM]","1,2,3,4,5,6"
"vb3iPgpK0oM","2026-09-18 23:59:28.316","2026-09-18 23:59:28.316","vb3iPgpK0oM","18495791","[PREMIUM]","[PREMIUM]","[PREMIUM]","327","Section 327","10",2,"[]","2027-03-07 00:00:00","electronic","exchange",2,"[PREMIUM]","2"
"vb3iPgkvepY","2026-09-18 23:59:28.316","2026-09-22 01:10:46.362","vb3iPgkvepY","18495791","[PREMIUM]","[PREMIUM]","[PREMIUM]","326","Section 326","7",6,"[]","2027-03-08 00:00:00","electronic","exchange",1,"[PREMIUM]","1,2,3,4,5,6"
"vb3iPgkvMR4","2026-09-18 23:59:28.316","2026-09-18 23:59:28.316","vb3iPgkvMR4","18495791","[PREMIUM]","[PREMIUM]","[PREMIUM]","114","Section 114","9",4,"[]","2027-03-08 00:00:00","electronic","exchange",1,"[PREMIUM]","1,2,3,4"
"vb3iPgkvMNr","2026-09-18 23:59:28.316","2026-09-22 01:10:46.362","vb3iPgkvMNr","18495791","[PREMIUM]","[PREMIUM]","[PREMIUM]","224","Section 224","8",8,"[]","2027-03-08 00:00:00","electronic","exchange",1,"[PREMIUM]","1,2,3,4,5,6,7,8"
"w3Jsea2ZlNm","2026-09-18 23:59:28.316","2026-10-01 23:20:33.669","w3Jsea2ZlNm","18495791","[PREMIUM]","[PREMIUM]","[PREMIUM]","334","Section 334","2",8,"[]","2027-03-08 00:00:00","mobile_transfer","exchange",0,"[PREMIUM]","1,2,3,4,5,6,7,8"
"w3Jsea2Zl5m","2026-09-18 23:59:28.316","2026-10-01 23:20:33.669","w3Jsea2Zl5m","18495791","[PREMIUM]","[PREMIUM]","[PREMIUM]","311","Section 311","1",2,"[]","2027-03-08 00:00:00","mobile_transfer","exchange",0,"[PREMIUM]","1,2"
"w3JseaGMBjJ","2026-09-18 23:59:28.316","2026-09-25 00:41:50.242","w3JseaGMBjJ","18495791","[PREMIUM]","[PREMIUM]","[PREMIUM]","333","Section 333","6",6,"['9','10','11','12','13','14']","2026-08-19 00:00:00","electronic","exchange",0,"[PREMIUM]","2,4,6"
"w3JseaGw9np","2026-09-18 23:59:28.316","2026-09-22 01:10:46.362","w3JseaGw9np","18495791","[PREMIUM]","[PREMIUM]","[PREMIUM]","315","Section 315","8",3,"[]","2027-03-08 00:00:00","electronic","exchange",0,"[PREMIUM]","1,2,3"
"w3JseaGwODP","2026-09-18 23:59:28.316","2026-09-22 01:10:46.362","w3JseaGwODP","18495791","[PREMIUM]","[PREMIUM]","[PREMIUM]","314","Section 314","8",12,"[]","2027-03-08 00:00:00","electronic","exchange",1,"[PREMIUM]","1,2,3,4,5,6,7,8,9,10,11,12"
"w3JseaGwMDq","2026-09-18 23:59:28.316","2026-09-22 01:10:46.362","w3JseaGwMDq","18495791","[PREMIUM]","[PREMIUM]","[PREMIUM]","327","Section 327","11",2,"[]","2027-03-08 00:00:00","electronic","exchange",1,"[PREMIUM]","2"
"w3JseaGweap","2026-09-18 23:59:28.316","2026-09-22 01:10:46.362","w3JseaGweap","18495791","[PREMIUM]","[PREMIUM]","[PREMIUM]","115","Section 115","18",7,"[]","2027-03-08 00:00:00","electronic","exchange",1,"[PREMIUM]","1,2,3,4,5,6,7"
"w3JseaGwlNe","2026-09-18 23:59:28.316","2026-09-22 01:10:46.362","w3JseaGwlNe","18495791","[PREMIUM]","[PREMIUM]","[PREMIUM]","103","Section 103","8",4,"[]","2027-03-08 00:00:00","electronic","exchange",1,"[PREMIUM]","1,2,3,4"
"w3JseaGwmM3","2026-09-18 23:59:28.316","2026-09-22 01:10:46.362","w3JseaGwmM3","18495791","[PREMIUM]","[PREMIUM]","[PREMIUM]","318","Section 318","6",4,"[]","2027-03-08 00:00:00","electronic","exchange",1,"[PREMIUM]","1,2,3,4"
"w3JseaGweAJ","2026-09-18 23:59:28.316","2026-09-22 01:10:46.362","w3JseaGweAJ","18495791","[PREMIUM]","[PREMIUM]","[PREMIUM]","308","Section 308","8",12,"[]","2027-03-08 00:00:00","electronic","exchange",1,"[PREMIUM]","1,2,3,4,5,6,7,8,9,10,11,12"
"w3JseaGw8bJ","2026-09-18 23:59:28.316","2026-09-22 01:10:46.362","w3JseaGw8bJ","18495791","[PREMIUM]","[PREMIUM]","[PREMIUM]","225","Section 225","5",8,"[]","2027-03-08 00:00:00","electronic","exchange",0,"[PREMIUM]","1,2,3,4,5,6,7,8"
"w3JseaGwG4M","2026-09-18 23:59:28.316","2026-09-22 01:10:46.362","w3JseaGwG4M","18495791","[PREMIUM]","[PREMIUM]","[PREMIUM]","311","Section 311","7",2,"[]","2027-03-08 00:00:00","electronic","exchange",0,"[PREMIUM]","2"
"w3JseaGwa0q","2026-09-18 23:59:28.316","2026-09-22 01:10:46.362","w3JseaGwa0q","18495791","[PREMIUM]","[PREMIUM]","[PREMIUM]","103","Section 103","18",3,"[]","2027-03-08 00:00:00","electronic","exchange",1,"[PREMIUM]","1,2,3"
"w3JseaGw9ar","2026-09-18 23:59:28.316","2026-09-22 01:10:46.362","w3JseaGw9ar","18495791","[PREMIUM]","[PREMIUM]","[PREMIUM]","321","Section 321","11",11,"[]","2027-03-08 00:00:00","electronic","exchange",0,"[PREMIUM]","1,2,3,4,5,6,7,8,9,10,11"
"w3JseaGbRLK","2026-09-18 23:59:28.316","2026-10-01 23:20:33.669","w3JseaGbRLK","18495791","[PREMIUM]","[PREMIUM]","[PREMIUM]","327","Section 327","6",4,"[]","2027-03-07 00:00:00","mobile_transfer","exchange",1,"[PREMIUM]","1,2,3,4"
"xb9imM4qLPg","2026-09-18 23:59:28.316","2026-10-01 00:41:39.707","xb9imM4qLPg","18495791","[PREMIUM]","[PREMIUM]","[PREMIUM]","115","Section 115","8",6,"[]","2027-03-08 00:00:00","mobile_transfer","exchange",0,"[PREMIUM]","1,2,3,4,5,6"
"xb9imM4qLNg","2026-09-18 23:59:28.316","2026-09-26 01:40:16.880","xb9imM4qLNg","18495791","[PREMIUM]","[PREMIUM]","[PREMIUM]","233","Section 233","6",6,"[]","2027-03-08 00:00:00","mobile_transfer","exchange",0,"[PREMIUM]","1,2,3,4,5,6"
"xb9imMepkNe","2026-09-18 23:59:28.316","2026-09-22 01:10:46.362","xb9imMepkNe","18495791","[PREMIUM]","[PREMIUM]","[PREMIUM]","214","Section 214","8",2,"[]","2027-03-08 00:00:00","electronic","exchange",1,"[PREMIUM]","2"
"xb9imMepLrA","2026-09-18 23:59:28.316","2026-09-22 01:10:46.362","xb9imMepLrA","18495791","[PREMIUM]","[PREMIUM]","[PREMIUM]","108","Section 108","18",7,"[]","2027-03-08 00:00:00","electronic","exchange",1,"[PREMIUM]","1,2,3,4,5,6,7"
"xb9imMepxVB","2026-09-18 23:59:28.316","2026-09-22 01:10:46.362","xb9imMepxVB","18495791","[PREMIUM]","[PREMIUM]","[PREMIUM]","314","Section 314","11",8,"[]","2027-03-08 00:00:00","electronic","exchange",0,"[PREMIUM]","1,2,3,4,5,6,7,8"
"xb9imMezA7R","2026-09-18 23:59:28.316","2026-09-25 00:41:50.242","xb9imMezA7R","18495791","[PREMIUM]","[PREMIUM]","[PREMIUM]","302","Section 302","6",8,"['1','2','3','4','5','6','7','8']","2026-08-19 00:00:00","electronic","exchange",0,"[PREMIUM]","1,2,3,4,5,6,8"
"xb9imMepOdZ","2026-09-18 23:59:28.316","2026-09-22 01:10:46.362","xb9imMepOdZ","18495791","[PREMIUM]","[PREMIUM]","[PREMIUM]","117","Section 117","k",4,"[]","2027-03-08 00:00:00","electronic","exchange",1,"[PREMIUM]","1,2,3,4"
"z3Es6BDPjwJ","2026-09-18 23:59:28.316","2026-09-26 23:04:38.952","z3Es6BDPjwJ","18495791","[PREMIUM]","[PREMIUM]","[PREMIUM]","105","Section 105","11",2,"[]","2027-03-07 00:00:00","mobile_transfer","exchange",0,"[PREMIUM]","2"
"z3Es6BL0a36","2026-09-18 23:59:28.316","2026-09-22 01:10:46.362","z3Es6BL0a36","18495791","[PREMIUM]","[PREMIUM]","[PREMIUM]","324","Section 324","11",3,"[]","2027-03-08 00:00:00","electronic","exchange",1,"[PREMIUM]","1,2,3"
"z3Es6BakmNj","2026-09-18 23:59:28.316","2026-10-01 00:41:39.707","z3Es6BakmNj","18495791","[PREMIUM]","[PREMIUM]","[PREMIUM]","303","Section 303","5",8,"[]","2027-03-08 00:00:00","mobile_transfer","exchange",0,"[PREMIUM]","1,2,3,4,5,6,7,8"
"z3Es6Bakm5j","2026-09-18 23:59:28.316","2026-10-01 23:20:33.669","z3Es6Bakm5j","18495791","[PREMIUM]","[PREMIUM]","[PREMIUM]","313","Section 313","1",8,"[]","2027-03-08 00:00:00","mobile_transfer","exchange",0,"[PREMIUM]","1,2,3,4,5,6,7,8"
"MAeIPXkrnb3","2026-09-18 23:59:21.832","2026-09-27 11:38:55.653","MAeIPXkrnb3","18495642","[PREMIUM]","[PREMIUM]","[PREMIUM]","212","Section 212","a",2,"['3','4']","2027-03-06 00:00:00","mobile_transfer","exchange",1,"[PREMIUM]","2"
"dNgUgx2Y0oK","2026-09-18 23:59:21.832","2026-10-01 23:20:24.900","dNgUgx2Y0oK","18495642","[PREMIUM]","[PREMIUM]","[PREMIUM]","212","Section 212","a",2,"[]","2027-03-07 00:00:00","mobile_transfer","exchange",0,"[PREMIUM]","2"
"pVXHD4KANgw","2026-09-18 23:59:21.832","2026-10-01 23:20:24.900","pVXHD4KANgw","18495642","[PREMIUM]","[PREMIUM]","[PREMIUM]","118","Section 118","l",4,"[]","2027-03-07 00:00:00","mobile_transfer","exchange",1,"[PREMIUM]","4"
"rVOHkLXY3mY","2026-09-18 23:59:21.832","2026-10-01 23:20:24.900","rVOHkLXY3mY","18495642","[PREMIUM]","[PREMIUM]","[PREMIUM]","212","Section 212","a",2,"[]","2027-03-07 00:00:00","mobile_transfer","exchange",0,"[PREMIUM]","2"
"GAaI6bzj0RA","2026-09-18 23:59:18.935","2026-09-22 01:10:46.709","GAaI6bzj0RA","18495266","[PREMIUM]","[PREMIUM]","[PREMIUM]","101","Section 101","24",3,"[]","2027-03-08 00:00:00","electronic","exchange",1,"[PREMIUM]","1,3"
"LbviLmd38Bx","2026-09-18 23:59:18.935","2026-10-01 23:20:23.854","LbviLmd38Bx","18495266","[PREMIUM]","[PREMIUM]","[PREMIUM]","230","Section 230","3",8,"[]","2027-03-08 00:00:00","mobile_transfer","exchange",1,"[PREMIUM]","1,2,3,4,5,6,7,8"
"kYet9JaNO44","2026-09-18 23:59:18.935","2026-09-21 00:31:44.141","kYet9JaNO44","18495266","[PREMIUM]","[PREMIUM]","[PREMIUM]","116","Section 116","13",2,"[]","2027-03-08 00:00:00","electronic","exchange",3,"[PREMIUM]","2"
"05VT8DjAN7M","2026-09-18 23:59:16.411","2026-10-01 23:20:17.346","05VT8DjAN7M","18495193","[PREMIUM]","[PREMIUM]","[PREMIUM]","306","Section 306","17",2,"[]","2027-03-06 00:00:00","mobile_transfer","exchange",2,"[PREMIUM]","2"
"2v0czRgvlpx","2026-09-18 23:59:16.411","2026-09-18 23:59:16.411","2v0czRgvlpx","18495193","[PREMIUM]","[PREMIUM]","[PREMIUM]","412","Section 412","8",6,"[]","2027-03-07 00:00:00","electronic","exchange",2,"[PREMIUM]","1,2,3,4,6"
"4vXcjXeBmw6","2026-09-18 23:59:16.411","2026-09-18 23:59:16.411","4vXcjXeBmw6","18495193","[PREMIUM]","[PREMIUM]","[PREMIUM]","409","Section 409","7",6,"[]","2027-03-07 00:00:00","electronic","exchange",1,"[PREMIUM]","1,2,3,4,6"
"4vXcjXeOZDP","2026-09-18 23:59:16.411","2026-09-18 23:59:16.411","4vXcjXeOZDP","18495193","[PREMIUM]","[PREMIUM]","[PREMIUM]","112","Section 112","12",2,"[]","2027-03-07 00:00:00","electronic","exchange",1,"[PREMIUM]","2"
"6mOhkO0el3a","2026-09-18 23:59:16.411","2026-09-26 23:04:31.960","6mOhkO0el3a","18495193","[PREMIUM]","[PREMIUM]","[PREMIUM]","119","Section 119","12",2,"['1','2']","2027-03-05 00:00:00","mobile_transfer","exchange",1,"[PREMIUM]","2"
"7KntAnOJvkr","2026-09-18 23:59:16.411","2026-09-18 23:59:16.411","7KntAnOJvkr","18495193","[PREMIUM]","[PREMIUM]","[PREMIUM]","413","Section 413","11",6,"[]","2027-03-07 00:00:00","electronic","exchange",2,"[PREMIUM]","1,2,3,4,6"
"9P2c52OJxOM","2026-09-18 23:59:16.411","2026-09-18 23:59:16.411","9P2c52OJxOM","18495193","[PREMIUM]","[PREMIUM]","[PREMIUM]","408","Section 408","6",6,"[]","2027-03-07 00:00:00","electronic","exchange",1,"[PREMIUM]","1,2,3,4,6"
"A6rs2rRveDg","2026-09-18 23:59:16.411","2026-10-01 23:20:17.346","A6rs2rRveDg","18495193","[PREMIUM]","[PREMIUM]","[PREMIUM]","101","Section 101","5",2,"[]","2027-03-06 00:00:00","mobile_transfer","exchange",1,"[PREMIUM]","2"
"BALImDz72LN","2026-09-18 23:59:16.411","2026-10-01 23:20:17.346","BALImDz72LN","18495193","[PREMIUM]","[PREMIUM]","[PREMIUM]","119","Section 119","12",2,"[]","2027-03-06 00:00:00","mobile_transfer","exchange",1,"[PREMIUM]","2"
"DdwHkwK0NE9","2026-09-18 23:59:16.411","2026-10-01 23:20:17.346","DdwHkwK0NE9","18495193","[PREMIUM]","[PREMIUM]","[PREMIUM]","CS","Courtside South","cc",2,"[]","2027-03-06 00:00:00","mobile_transfer","exchange",4,"[PREMIUM]","2"
"EroUXD5XVnZ","2026-09-18 23:59:16.411","2026-09-18 23:59:16.411","EroUXD5XVnZ","18495193","[PREMIUM]","[PREMIUM]","[PREMIUM]","410","Section 410","6",2,"[]","2027-03-07 00:00:00","electronic","exchange",1,"[PREMIUM]","2"
"EroUXD5l4kp","2026-09-18 23:59:16.411","2026-09-18 23:59:16.411","EroUXD5l4kp","18495193","[PREMIUM]","[PREMIUM]","[PREMIUM]","412","Section 412","3",6,"[]","2027-03-07 00:00:00","electronic","exchange",1,"[PREMIUM]","1,2,3,4,6"
"GAaI6b5rELx","2026-09-18 23:59:16.411","2026-09-18 23:59:16.411","GAaI6b5rELx","18495193","[PREMIUM]","[PREMIUM]","[PREMIUM]","316","Section 316","4",5,"[]","2027-03-07 00:00:00","electronic","exchange",3,"[PREMIUM]","1,2,3,5"
"JABI3Bgl5g9","2026-09-18 23:59:16.411","2026-09-18 23:59:16.411","JABI3Bgl5g9","18495193","[PREMIUM]","[PREMIUM]","[PREMIUM]","409","Section 409","3",6,"[]","2027-03-07 00:00:00","electronic","exchange",1,"[PREMIUM]","1,2,3,4,6"
"KezczbX9GY3","2026-09-18 23:59:16.411","2026-10-01 23:20:17.346","KezczbX9GY3","18495193","[PREMIUM]","[PREMIUM]","[PREMIUM]","120","Section 120","6",2,"[]","2027-03-06 00:00:00","mobile_transfer","exchange",1,"[PREMIUM]","2"
"O7Ahw75Ga4o","2026-09-18 23:59:16.411","2026-09-26 23:04:31.960","O7Ahw75Ga4o","18495193","[PREMIUM]","[PREMIUM]","[PREMIUM]","101","Section 101","5",2,"['17','18']","2027-03-05 00:00:00","mobile_transfer","exchange",1,"[PREMIUM]","2"
"O7Ahw7E4mYk","2026-09-18 23:59:16.411","2026-10-01 23:20:17.346","O7Ahw7E4mYk","18495193","[PREMIUM]","[PREMIUM]","[PREMIUM]","307","Section 307","3",7,"['5','6','7','8','9','10','11']","2027-03-04 00:00:00","mobile_transfer","exchange",0,"[PREMIUM]","1,2,3,4,5,7"
"PX0sg7NYKAn","2026-09-18 23:59:16.411","2026-10-01 23:20:17.346","PX0sg7NYKAn","18495193","[PREMIUM]","[PREMIUM]","[PREMIUM]","119","Section 119","12",2,"[]","2027-03-06 00:00:00","mobile_transfer","exchange",1,"[PREMIUM]","2"
"PX0sg7nooKa","2026-09-18 23:59:16.411","2026-09-18 23:59:16.411","PX0sg7nooKa","18495193","[PREMIUM]","[PREMIUM]","[PREMIUM]","302","Section 302","5",3,"[]","2027-03-07 00:00:00","electronic","exchange",3,"[PREMIUM]","1,3"
"PX0sg7nd7Zo","2026-09-18 23:59:16.411","2026-10-01 23:20:17.346","PX0sg7nd7Zo","18495193","[PREMIUM]","[PREMIUM]","[PREMIUM]","105","Section 105","13",2,"[]","2027-03-06 00:00:00","mobile_transfer","exchange",0,"[PREMIUM]","2"
"YgJtkD98OZn","2026-09-18 23:59:16.411","2026-09-18 23:59:16.411","YgJtkD98OZn","18495193","[PREMIUM]","[PREMIUM]","[PREMIUM]","408","Section 408","3",6,"[]","2027-03-07 00:00:00","electronic","exchange",1,"[PREMIUM]","1,2,3,4,6"
"Zm9hvlZYa7r","2026-09-18 23:59:16.411","2026-10-01 23:20:17.346","Zm9hvlZYa7r","18495193","[PREMIUM]","[PREMIUM]","[PREMIUM]","120","Section 120","6",2,"[]","2027-03-06 00:00:00","mobile_transfer","exchange",1,"[PREMIUM]","2"
"b4wUak2xD2j","2026-09-18 23:59:16.411","2026-10-01 23:20:17.346","b4wUak2xD2j","18495193","[PREMIUM]","[PREMIUM]","[PREMIUM]","311","Section 311","9",2,"[]","2027-03-06 00:00:00","mobile_transfer","exchange",2,"[PREMIUM]","2"
"jDvsz3RrMnz","2026-09-18 23:59:16.411","2026-09-23 11:31:04.086","jDvsz3RrMnz","18495193","[PREMIUM]","[PREMIUM]","[PREMIUM]","327","Section 327","10",4,"[]","2027-03-06 00:00:00","electronic","exchange",2,"[PREMIUM]","4"
"nx0srEL6nkk","2026-09-18 23:59:16.411","2026-10-01 23:20:17.346","nx0srEL6nkk","18495193","[PREMIUM]","[PREMIUM]","[PREMIUM]","305","Section 305","10",3,"[]","2027-03-06 00:00:00","mobile_transfer","exchange",2,"[PREMIUM]","3"
"qVjH2rZwqxN","2026-09-18 23:59:16.411","2026-09-18 23:59:16.411","qVjH2rZwqxN","18495193","[PREMIUM]","[PREMIUM]","[PREMIUM]","301","Section 301","5",6,"[]","2027-03-07 00:00:00","electronic","exchange",3,"[PREMIUM]","1,2,3,4,6"
"vb3iPgkR4xw","2026-09-18 23:59:16.411","2026-09-18 23:59:16.411","vb3iPgkR4xw","18495193","[PREMIUM]","[PREMIUM]","[PREMIUM]","411","Section 411","7",6,"[]","2027-03-07 00:00:00","electronic","exchange",1,"[PREMIUM]","1,2,3,4,6"
"05VT8D5GzZj","2026-09-18 23:59:09.373","2026-09-18 23:59:09.373","05VT8D5GzZj","18495864","[PREMIUM]","[PREMIUM]","[PREMIUM]","TERW16","Terrace Wall 16","4",6,"[]","2027-03-07 00:00:00","electronic","exchange",1,"[PREMIUM]","1,2,3,4,6"
"05VT8D5GL5q","2026-09-18 23:59:09.373","2026-09-18 23:59:09.373","05VT8D5GL5q","18495864","[PREMIUM]","[PREMIUM]","[PREMIUM]","CLUB4","Club 4","13",4,"[]","2027-03-07 00:00:00","electronic","exchange",1,"[PREMIUM]","1,2,4"
"2v0czRgZlbr","2026-09-18 23:59:09.373","2026-09-18 23:59:09.373","2v0czRgZlbr","18495864","[PREMIUM]","[PREMIUM]","[PREMIUM]","FLR12","Floor 12","j",2,"[]","2027-03-07 00:00:00","electronic","exchange",0,"[PREMIUM]","2"
"2v0czRgYBMd","2026-09-18 23:59:09.373","2026-09-18 23:59:09.373","2v0czRgYBMd","18495864","[PREMIUM]","[PREMIUM]","[PREMIUM]","CLUB8","Club 8","19",4,"[]","2027-03-07 00:00:00","electronic","exchange",1,"[PREMIUM]","1,2,4"
"2v0czRgvYzx","2026-09-18 23:59:09.373","2026-09-18 23:59:09.373","2v0czRgvYzx","18495864","[PREMIUM]","[PREMIUM]","[PREMIUM]","TERW18","Terrace Wall 18","2",2,"[]","2027-03-07 00:00:00","electronic","exchange",1,"[PREMIUM]","2"
"3q7fN75Yq3p","2026-09-18 23:59:09.373","2026-09-18 23:59:09.373","3q7fN75Yq3p","18495864","[PREMIUM]","[PREMIUM]","[PREMIUM]","TERR12","Terrace 12","10",3,"[]","2027-03-07 00:00:00","electronic","exchange",0,"[PREMIUM]","1,3"
"3q7fN75qnN4","2026-09-18 23:59:09.373","2026-09-18 23:59:09.373","3q7fN75qnN4","18495864","[PREMIUM]","[PREMIUM]","[PREMIUM]","TERR10","Terrace 10","8",2,"[]","2027-03-07 00:00:00","electronic","exchange",2,"[PREMIUM]","2"
"3q7fN75nAnB","2026-09-18 23:59:09.373","2026-09-18 23:59:09.373","3q7fN75nAnB","18495864","[PREMIUM]","[PREMIUM]","[PREMIUM]","MAIN30","Section Main 30","25",2,"[]","2027-03-07 00:00:00","electronic","exchange",1,"[PREMIUM]","2"
"3q7fN75nw80","2026-09-18 23:59:09.373","2026-09-18 23:59:09.373","3q7fN75nw80","18495864","[PREMIUM]","[PREMIUM]","[PREMIUM]","TERR29","Terrace 29","3",6,"[]","2027-03-07 00:00:00","electronic","exchange",1,"[PREMIUM]","1,2,3,4,6"
"4vXcjXe508v","2026-09-18 23:59:09.373","2026-09-18 23:59:09.373","4vXcjXe508v","18495864","[PREMIUM]","[PREMIUM]","[PREMIUM]","MAIN22","Section Main 22","15",6,"[]","2027-03-07 00:00:00","electronic","exchange",1,"[PREMIUM]","1,2,3,4,6"
"4vXcjXeOBjn","2026-09-18 23:59:09.373","2026-09-18 23:59:09.373","4vXcjXeOBjn","18495864","[PREMIUM]","[PREMIUM]","[PREMIUM]","TERR1","Terrace 1","1",3,"[]","2027-03-07 00:00:00","electronic","exchange",1,"[PREMIUM]","1,3"
"4vXcjXeOPBN","2026-09-18 23:59:09.373","2026-09-18 23:59:09.373","4vXcjXeOPBN","18495864","[PREMIUM]","[PREMIUM]","[PREMIUM]","MAIN32","Section Main 32","8",5,"[]","2027-03-07 00:00:00","electronic","exchange",2,"[PREMIUM]","1,2,3,5"
"5EjuZjk8qVq","2026-09-18 23:59:09.373","2026-09-18 23:59:09.373","5EjuZjk8qVq","18495864","[PREMIUM]","[PREMIUM]","[PREMIUM]","MAIN28","Section Main 28","22",2,"[]","2027-03-07 00:00:00","electronic","exchange",1,"[PREMIUM]","2"
"5EjuZjk83ZV","2026-09-18 23:59:09.373","2026-09-18 23:59:09.373","5EjuZjk83ZV","18495864","[PREMIUM]","[PREMIUM]","[PREMIUM]","WALL15","Section Wall 15","27",6,"[]","2027-03-07 00:00:00","electronic","exchange",1,"[PREMIUM]","1,2,3,4,6"
"5EjuZjkZv23","2026-09-18 23:59:09.373","2026-09-18 23:59:09.373","5EjuZjkZv23","18495864","[PREMIUM]","[PREMIUM]","[PREMIUM]","TERR26","Terrace 26","9",6,"[]","2027-03-07 00:00:00","electronic","exchange",1,"[PREMIUM]","1,2,3,4,6"
"6mOhkO9P7D2","2026-09-18 23:59:09.373","2026-09-18 23:59:09.373","6mOhkO9P7D2","18495864","[PREMIUM]","[PREMIUM]","[PREMIUM]","WALL15","Section Wall 15","14",6,"[]","2027-03-07 00:00:00","electronic","exchange",2,"[PREMIUM]","1,2,3,4,6"
"6mOhkO9Yej4","2026-09-18 23:59:09.373","2026-09-18 23:59:09.373","6mOhkO9Yej4","18495864","[PREMIUM]","[PREMIUM]","[PREMIUM]","WALL19","Section Wall 19","14",5,"[]","2027-03-07 00:00:00","electronic","exchange",2,"[PREMIUM]","1,2,3,5"
"6mOhkO9PLkw","2026-09-18 23:59:09.373","2026-09-18 23:59:09.373","6mOhkO9PLkw","18495864","[PREMIUM]","[PREMIUM]","[PREMIUM]","TERR28","Terrace 28","11",6,"[]","2027-03-07 00:00:00","electronic","exchange",1,"[PREMIUM]","1,2,3,4,6"
"6mOhkO9LMgo","2026-09-18 23:59:09.373","2026-09-18 23:59:09.373","6mOhkO9LMgo","18495864","[PREMIUM]","[PREMIUM]","[PREMIUM]","TERR10","Terrace 10","2",3,"[]","2027-03-07 00:00:00","electronic","exchange",1,"[PREMIUM]","1,3"
"7KntAnOYJAl","2026-09-18 23:59:09.373","2026-09-18 23:59:09.373","7KntAnOYJAl","18495864","[PREMIUM]","[PREMIUM]","[PREMIUM]","TERW13","Terrace Wall 13","11",6,"[]","2027-03-07 00:00:00","electronic","exchange",1,"[PREMIUM]","1,2,3,4,6"
"7KntAnOJBml","2026-09-18 23:59:09.373","2026-09-18 23:59:09.373","7KntAnOJBml","18495864","[PREMIUM]","[PREMIUM]","[PREMIUM]","TERR3","Terrace 3","3",6,"[]","2027-03-07 00:00:00","electronic","exchange",1,"[PREMIUM]","1,2,3,4,6"
"8lKt6DOjlKX","2026-09-18 23:59:09.373","2026-09-19 23:59:18.485","8lKt6DOjlKX","18495864","[PREMIUM]","[PREMIUM]","[PREMIUM]","CRT24","Floor 24","b",4,"[]","2027-03-07 00:00:00","electronic","exchange",5,"[PREMIUM]","4"
"8lKt6DOEBM6","2026-09-18 23:59:09.373","2026-09-18 23:59:09.373","8lKt6DOEBM6","18495864","[PREMIUM]","[PREMIUM]","[PREMIUM]","MAIN6","Section Main 6","24",5,"[]","2027-03-07 00:00:00","electronic","exchange",1,"[PREMIUM]","1,2,3,5"
"8lKt6DOnq2K","2026-09-18 23:59:09.373","2026-09-18 23:59:09.373","8lKt6DOnq2K","18495864","[PREMIUM]","[PREMIUM]","[PREMIUM]","TERR6","Terrace 6","9",5,"[]","2027-03-07 00:00:00","electronic","exchange",1,"[PREMIUM]","1,2,3,5"
"9P2c52O5eKX","2026-09-18 23:59:09.373","2026-09-18 23:59:09.373","9P2c52O5eKX","18495864","[PREMIUM]","[PREMIUM]","[PREMIUM]","TERR7","Terrace 7","10",6,"[]","2027-03-07 00:00:00","electronic","exchange",0,"[PREMIUM]","1,2,3,4,6"
"9P2c52O69JR","2026-09-18 23:59:09.373","2026-09-18 23:59:09.373","9P2c52O69JR","18495864","[PREMIUM]","[PREMIUM]","[PREMIUM]","TERR2","Terrace 2","5",6,"[]","2027-03-07 00:00:00","electronic","exchange",1,"[PREMIUM]","1,2,3,4,6"
"9P2c52O6ALj","2026-09-18 23:59:09.373","2026-09-18 23:59:09.373","9P2c52O6ALj","18495864","[PREMIUM]","[PREMIUM]","[PREMIUM]","TERR22","Terrace 22","4",4,"[]","2027-03-07 00:00:00","electronic","exchange",1,"[PREMIUM]","1,2,4"
"9P2c52OJ65k","2026-09-18 23:59:09.373","2026-09-18 23:59:09.373","9P2c52OJ65k","18495864","[PREMIUM]","[PREMIUM]","[PREMIUM]","TERR30","Terrace 30","2",6,"[]","2027-03-07 00:00:00","electronic","exchange",1,"[PREMIUM]","1,2,3,4,6"
"9P2c52O6bjj","2026-09-18 23:59:09.373","2026-09-18 23:59:09.373","9P2c52O6bjj","18495864","[PREMIUM]","[PREMIUM]","[PREMIUM]","FLR30","Floor 30","h",2,"[]","2027-03-07 00:00:00","electronic","exchange",1,"[PREMIUM]","2"
"9P2c52O6ADD","2026-09-18 23:59:09.373","2026-09-18 23:59:09.373","9P2c52O6ADD","18495864","[PREMIUM]","[PREMIUM]","[PREMIUM]","MAIN22","Section Main 22","6",6,"[]","2027-03-07 00:00:00","electronic","exchange",1,"[PREMIUM]","1,2,3,4,6"
"A6rs2rjPzep","2026-09-18 23:59:09.373","2026-09-18 23:59:09.373","A6rs2rjPzep","18495864","[PREMIUM]","[PREMIUM]","[PREMIUM]","TERW18","Terrace Wall 18","11",2,"[]","2027-03-07 00:00:00","electronic","exchange",1,"[PREMIUM]","2"
"A6rs2rjP65x","2026-09-18 23:59:09.373","2026-09-18 23:59:09.373","A6rs2rjP65x","18495864","[PREMIUM]","[PREMIUM]","[PREMIUM]","TERW15","Terrace Wall 15","9",2,"[]","2027-03-07 00:00:00","electronic","exchange",1,"[PREMIUM]","2"
"A6rs2rjPBjE","2026-09-18 23:59:09.373","2026-09-18 23:59:09.373","A6rs2rjPBjE","18495864","[PREMIUM]","[PREMIUM]","[PREMIUM]","MAIN1","Section Main 1","14",6,"[]","2027-03-07 00:00:00","electronic","exchange",1,"[PREMIUM]","1,2,3,4,6"
"A6rs2rjkm7z","2026-09-18 23:59:09.373","2026-09-18 23:59:09.373","A6rs2rjkm7z","18495864","[PREMIUM]","[PREMIUM]","[PREMIUM]","CLUB26","Club 26","19",2,"[]","2027-03-07 00:00:00","electronic","exchange",1,"[PREMIUM]","2"
"DdwHkw6YraX","2026-09-18 23:59:09.373","2026-09-18 23:59:09.373","DdwHkw6YraX","18495864","[PREMIUM]","[PREMIUM]","[PREMIUM]","TERR12","Terrace 12","1",3,"[]","2027-03-07 00:00:00","electronic","exchange",1,"[PREMIUM]","1,3"
"DdwHkw6Yr2m","2026-09-18 23:59:09.373","2026-09-18 23:59:09.373","DdwHkw6Yr2m","18495864","[PREMIUM]","[PREMIUM]","[PREMIUM]","MAIN2","Section Main 2","15",4,"[]","2027-03-07 00:00:00","electronic","exchange",2,"[PREMIUM]","1,2,4"
"EroUXD59Mw5","2026-09-18 23:59:09.373","2026-09-18 23:59:09.373","EroUXD59Mw5","18495864","[PREMIUM]","[PREMIUM]","[PREMIUM]","CLUB9","Club 9","23",6,"[]","2027-03-07 00:00:00","electronic","exchange",1,"[PREMIUM]","1,2,3,4,6"
"EroUXD5XBvN","2026-09-18 23:59:09.373","2026-09-18 23:59:09.373","EroUXD5XBvN","18495864","[PREMIUM]","[PREMIUM]","[PREMIUM]","MAIN4","Section Main 4","23",4,"[]","2027-03-07 00:00:00","electronic","exchange",1,"[PREMIUM]","1,2,4"
"EroUXD5l9XY","2026-09-18 23:59:09.373","2026-09-18 23:59:09.373","EroUXD5l9XY","18495864","[PREMIUM]","[PREMIUM]","[PREMIUM]","TERR25","Terrace 25","3",6,"[]","2027-03-07 00:00:00","electronic","exchange",1,"[PREMIUM]","1,2,3,4,6"
"EroUXD5lp0e","2026-09-18 23:59:09.373","2026-09-18 23:59:09.373","EroUXD5lp0e","18495864","[PREMIUM]","[PREMIUM]","[PREMIUM]","TERR30","Terrace 30","5",6,"[]","2027-03-07 00:00:00","electronic","exchange",0,"[PREMIUM]","1,2,3,4,6"
"GAaI6b5reqq","2026-09-18 23:59:09.373","2026-09-18 23:59:09.373","GAaI6b5reqq","18495864","[PREMIUM]","[PREMIUM]","[PREMIUM]","TERW14","Terrace Wall 14","12",6,"[]","2027-03-07 00:00:00","electronic","exchange",1,"[PREMIUM]","1,2,3,4,6"
"JABI3Bgnrg4","2026-09-18 23:59:09.373","2026-09-18 23:59:09.373","JABI3Bgnrg4","18495864","[PREMIUM]","[PREMIUM]","[PREMIUM]","TERR5","Terrace 5","4",6,"[]","2027-03-07 00:00:00","electronic","exchange",2,"[PREMIUM]","1,2,3,4,6"
"JABI3BgnaRK","2026-09-18 23:59:09.373","2026-09-18 23:59:09.373","JABI3BgnaRK","18495864","[PREMIUM]","[PREMIUM]","[PREMIUM]","MAIN22","Section Main 22","23",2,"[]","2027-03-07 00:00:00","electronic","exchange",1,"[PREMIUM]","2"
"JABI3BglvEZ","2026-09-18 23:59:09.373","2026-09-18 23:59:09.373","JABI3BglvEZ","18495864","[PREMIUM]","[PREMIUM]","[PREMIUM]","TERW20","Terrace Wall 20","2",4,"[]","2027-03-07 00:00:00","electronic","exchange",1,"[PREMIUM]","1,2,4"
"JABI3Bgln3L","2026-09-18 23:59:09.373","2026-09-18 23:59:09.373","JABI3Bgln3L","18495864","[PREMIUM]","[PREMIUM]","[PREMIUM]","TERR32","Terrace 32","4",6,"[]","2027-03-07 00:00:00","electronic","exchange",0,"[PREMIUM]","1,2,3,4,6"
"LbviLmqvBJP","2026-09-18 23:59:09.373","2026-09-18 23:59:09.373","LbviLmqvBJP","18495864","[PREMIUM]","[PREMIUM]","[PREMIUM]","TERR6","Terrace 6","3",6,"[]","2027-03-07 00:00:00","electronic","exchange",1,"[PREMIUM]","1,2,3,4,6"
"LbviLmqjPDR","2026-09-18 23:59:09.373","2026-09-18 23:59:09.373","LbviLmqjPDR","18495864","[PREMIUM]","[PREMIUM]","[PREMIUM]","CLUB6","Club 6","6",2,"[]","2027-03-07 00:00:00","electronic","exchange",1,"[PREMIUM]","2"
"LbviLmqjVdm","2026-09-18 23:59:09.373","2026-09-18 23:59:09.373","LbviLmqjVdm","18495864","[PREMIUM]","[PREMIUM]","[PREMIUM]","TERR12","Terrace 12","4",6,"[]","2027-03-07 00:00:00","electronic","exchange",1,"[PREMIUM]","1,2,3,4,6"
"LbviLmqjPKl","2026-09-18 23:59:09.373","2026-09-18 23:59:09.373","LbviLmqjPKl","18495864","[PREMIUM]","[PREMIUM]","[PREMIUM]","CLUB28","Club 28","15",3,"[]","2027-03-07 00:00:00","electronic","exchange",1,"[PREMIUM]","1,3"
"MAeIPXej5ml","2026-09-18 23:59:09.373","2026-09-18 23:59:09.373","MAeIPXej5ml","18495864","[PREMIUM]","[PREMIUM]","[PREMIUM]","TERR5","Terrace 5","1",2,"[]","2027-03-07 00:00:00","electronic","exchange",1,"[PREMIUM]","2"
"MAeIPXejdNq","2026-09-18 23:59:09.373","2026-09-18 23:59:09.373","MAeIPXejdNq","18495864","[PREMIUM]","[PREMIUM]","[PREMIUM]","TERW19","Terrace Wall 19","10",2,"[]","2027-03-07 00:00:00","electronic","exchange",1,"[PREMIUM]","2"
"MAeIPXejRb3","2026-09-18 23:59:09.373","2026-09-18 23:59:09.373","MAeIPXejRb3","18495864","[PREMIUM]","[PREMIUM]","[PREMIUM]","CLUB24","Club 24","24",4,"[]","2027-03-07 00:00:00","electronic","exchange",1,"[PREMIUM]","1,2,4"
"NrqUvm5P0Er","2026-09-18 23:59:09.373","2026-09-18 23:59:09.373","NrqUvm5P0Er","18495864","[PREMIUM]","[PREMIUM]","[PREMIUM]","TERR31","Terrace 31","6",6,"[]","2027-03-07 00:00:00","electronic","exchange",1,"[PREMIUM]","1,2,3,4,6"
"NrqUvm5aPvr","2026-09-18 23:59:09.373","2026-09-18 23:59:09.373","NrqUvm5aPvr","18495864","[PREMIUM]","[PREMIUM]","[PREMIUM]","TERW21","Terrace Wall 21","14",3,"[]","2027-03-07 00:00:00","electronic","exchange",2,"[PREMIUM]","1,3"
"O7Ahw7EnlPY","2026-09-18 23:59:09.373","2026-09-18 23:59:09.373","O7Ahw7EnlPY","18495864","[PREMIUM]","[PREMIUM]","[PREMIUM]","TERR7","Terrace 7","2",5,"[]","2027-03-07 00:00:00","electronic","exchange",1,"[PREMIUM]","1,2,3,5"
"O7Ahw7Egnw4","2026-09-18 23:59:09.373","2026-09-18 23:59:09.373","O7Ahw7Egnw4","18495864","[PREMIUM]","[PREMIUM]","[PREMIUM]","TERR32","Terrace 32","2",5,"[]","2027-03-07 00:00:00","electronic","exchange",1,"[PREMIUM]","1,2,3,5"
"PX0sg7nokL3","2026-09-18 23:59:09.373","2026-09-18 23:59:09.373","PX0sg7nokL3","18495864","[PREMIUM]","[PREMIUM]","[PREMIUM]","CLUB10","Club 10","23",4,"[]","2027-03-07 00:00:00","electronic","exchange",1,"[PREMIUM]","1,2,4"
"ROXHzAlRN8q","2026-09-18 23:59:09.373","2026-09-18 23:59:09.373","ROXHzAlRN8q","18495864","[PREMIUM]","[PREMIUM]","[PREMIUM]","WALL14","Section Wall 14","29",5,"[]","2027-03-07 00:00:00","electronic","exchange",1,"[PREMIUM]","1,2,3,5"
"ROXHzAlPqwG","2026-09-18 23:59:09.373","2026-09-18 23:59:09.373","ROXHzAlPqwG","18495864","[PREMIUM]","[PREMIUM]","[PREMIUM]","CLUB10","Club 10","19",4,"[]","2027-03-07 00:00:00","electronic","exchange",1,"[PREMIUM]","1,2,4"
"V4KU0e3vddm","2026-09-18 23:59:09.373","2026-09-18 23:59:09.373","V4KU0e3vddm","18495864","[PREMIUM]","[PREMIUM]","[PREMIUM]","CLUB26","Club 26","26",2,"[]","2027-03-07 00:00:00","electronic","exchange",1,"[PREMIUM]","2"
"V4KU0e3v5Dk","2026-09-18 23:59:09.373","2026-09-18 23:59:09.373","V4KU0e3v5Dk","18495864","[PREMIUM]","[PREMIUM]","[PREMIUM]","TERW17","Terrace Wall 17","12",2,"[]","2027-03-07 00:00:00","electronic","exchange",1,"[PREMIUM]","2"
"X03tKbA6dKl","2026-09-18 23:59:09.373","2026-09-18 23:59:09.373","X03tKbA6dKl","18495864","[PREMIUM]","[PREMIUM]","[PREMIUM]","TERR8","Terrace 8","11",6,"[]","2027-03-07 00:00:00","electronic","exchange",1,"[PREMIUM]","1,2,3,4,6"
"X03tKbA6el4","2026-09-18 23:59:09.373","2026-09-18 23:59:09.373","X03tKbA6el4","18495864","[PREMIUM]","[PREMIUM]","[PREMIUM]","TERW14","Terrace Wall 14","2",2,"[]","2027-03-07 00:00:00","electronic","exchange",1,"[PREMIUM]","2"
"X03tKbAdXR4","2026-09-18 23:59:09.373","2026-09-18 23:59:09.373","X03tKbAdXR4","18495864","[PREMIUM]","[PREMIUM]","[PREMIUM]","TERR24","Terrace 24","8",2,"[]","2027-03-07 00:00:00","electronic","exchange",2,"[PREMIUM]","2"
"X03tKbAd2zo","2026-09-18 23:59:09.373","2026-09-18 23:59:09.373","X03tKbAd2zo","18495864","[PREMIUM]","[PREMIUM]","[PREMIUM]","TERR27","Terrace 27","11",6,"[]","2027-03-07 00:00:00","electronic","exchange",0,"[PREMIUM]","1,2,3,4,6"
"YgJtkD98Nkj","2026-09-18 23:59:09.373","2026-09-18 23:59:09.373","YgJtkD98Nkj","18495864","[PREMIUM]","[PREMIUM]","[PREMIUM]","TERW13","Terrace Wall 13","5",6,"[]","2027-03-07 00:00:00","electronic","exchange",2,"[PREMIUM]","1,2,3,4,6"
"YgJtkD9N72Z","2026-09-18 23:59:09.373","2026-09-18 23:59:09.373","YgJtkD9N72Z","18495864","[PREMIUM]","[PREMIUM]","[PREMIUM]","WALL20","Section Wall 20","21",5,"[]","2027-03-07 00:00:00","electronic","exchange",1,"[PREMIUM]","1,2,3,5"
"Zm9hvlmAevq","2026-09-18 23:59:09.373","2026-09-18 23:59:09.373","Zm9hvlmAevq","18495864","[PREMIUM]","[PREMIUM]","[PREMIUM]","WALL15","Section Wall 15","21",6,"[]","2027-03-07 00:00:00","electronic","exchange",1,"[PREMIUM]","1,2,3,4,6"
"b4wUak3wna9","2026-09-18 23:59:09.373","2026-09-18 23:59:09.373","b4wUak3wna9","18495864","[PREMIUM]","[PREMIUM]","[PREMIUM]","WALL19","Section Wall 19","24",6,"[]","2027-03-07 00:00:00","electronic","exchange",1,"[PREMIUM]","1,2,3,4,6"
"dNgUgxaVgPb","2026-09-18 23:59:09.373","2026-09-18 23:59:09.373","dNgUgxaVgPb","18495864","[PREMIUM]","[PREMIUM]","[PREMIUM]","TERW21","Terrace Wall 21","4",2,"[]","2027-03-07 00:00:00","electronic","exchange",2,"[PREMIUM]","2"
"dNgUgxaV0vB","2026-09-18 23:59:09.373","2026-09-18 23:59:09.373","dNgUgxaV0vB","18495864","[PREMIUM]","[PREMIUM]","[PREMIUM]","MAIN1","Section Main 1","5",6,"[]","2027-03-07 00:00:00","electronic","exchange",1,"[PREMIUM]","1,2,3,4,6"
"eeacKjl0R0P","2026-09-18 23:59:09.373","2026-09-18 23:59:09.373","eeacKjl0R0P","18495864","[PREMIUM]","[PREMIUM]","[PREMIUM]","CLUB4","Club 4","6",2,"[]","2027-03-07 00:00:00","electronic","exchange",1,"[PREMIUM]","2"
"eeacKjl7xao","2026-09-18 23:59:09.373","2026-09-18 23:59:09.373","eeacKjl7xao","18495864","[PREMIUM]","[PREMIUM]","[PREMIUM]","WALL20","Section Wall 20","27",6,"[]","2027-03-07 00:00:00","electronic","exchange",1,"[PREMIUM]","1,2,3,4,6"
"eeacKjl6aAZ","2026-09-18 23:59:09.373","2026-09-18 23:59:09.373","eeacKjl6aAZ","18495864","[PREMIUM]","[PREMIUM]","[PREMIUM]","CLUB8","Club 8","22",4,"[]","2027-03-07 00:00:00","electronic","exchange",1,"[PREMIUM]","1,2,4"
"eeacKjl6EmA","2026-09-18 23:59:09.373","2026-09-18 23:59:09.373","eeacKjl6EmA","18495864","[PREMIUM]","[PREMIUM]","[PREMIUM]","TERR22","Terrace 22","1",3,"[]","2027-03-07 00:00:00","electronic","exchange",1,"[PREMIUM]","1,3"
"eeacKjl7g2N","2026-09-18 23:59:09.373","2026-09-18 23:59:09.373","eeacKjl7g2N","18495864","[PREMIUM]","[PREMIUM]","[PREMIUM]","CLUB24","Club 24","19",2,"[]","2027-03-07 00:00:00","electronic","exchange",1,"[PREMIUM]","2"
"g48UrnxXE5J","2026-09-18 23:59:09.373","2026-09-18 23:59:09.373","g48UrnxXE5J","18495864","[PREMIUM]","[PREMIUM]","[PREMIUM]","WALL14","Section Wall 14","21",6,"[]","2027-03-07 00:00:00","electronic","exchange",1,"[PREMIUM]","1,2,3,4,6"
"g48UrnxZwxG","2026-09-18 23:59:09.373","2026-09-18 23:59:09.373","g48UrnxZwxG","18495864","[PREMIUM]","[PREMIUM]","[PREMIUM]","TERR23","Terrace 23","6",4,"[]","2027-03-07 00:00:00","electronic","exchange",1,"[PREMIUM]","1,2,4"
"g48UrnxaeGY","2026-09-18 23:59:09.373","2026-09-18 23:59:09.373","g48UrnxaeGY","18495864","[PREMIUM]","[PREMIUM]","[PREMIUM]","WALL19","Section Wall 19","19",6,"[]","2027-03-07 00:00:00","electronic","exchange",1,"[PREMIUM]","1,2,3,4,6"
"g48UrnzVd5z","2026-09-18 23:59:09.373","2026-10-01 23:20:19.807","g48UrnzVd5z","18495864","[PREMIUM]","[PREMIUM]","[PREMIUM]","CLUB8","Club 8","22",4,"['15','16','17','18']","2027-03-07 00:00:00","mobile_transfer","exchange",0,"[PREMIUM]","2,4"
"jDvsz3v6zpM","2026-09-18 23:59:09.373","2026-09-18 23:59:09.373","jDvsz3v6zpM","18495864","[PREMIUM]","[PREMIUM]","[PREMIUM]","TERR11","Terrace 11","10",6,"[]","2027-03-07 00:00:00","electronic","exchange",0,"[PREMIUM]","1,2,3,4,6"
"jDvsz3v6wz3","2026-09-18 23:59:09.373","2026-09-18 23:59:09.373","jDvsz3v6wz3","18495864","[PREMIUM]","[PREMIUM]","[PREMIUM]","TERR31","Terrace 31","3",6,"[]","2027-03-07 00:00:00","electronic","exchange",1,"[PREMIUM]","1,2,3,4,6"
"jDvsz3v6pkp","2026-09-18 23:59:09.373","2026-09-18 23:59:09.373","jDvsz3v6pkp","18495864","[PREMIUM]","[PREMIUM]","[PREMIUM]","WALL17","Section Wall 17","31",6,"[]","2027-03-07 00:00:00","electronic","exchange",1,"[PREMIUM]","1,2,3,4,6"
"jDvsz3vwovk","2026-09-18 23:59:09.373","2026-09-18 23:59:09.373","jDvsz3vwovk","18495864","[PREMIUM]","[PREMIUM]","[PREMIUM]","MAIN12","Section Main 12","12",4,"[]","2027-03-07 00:00:00","electronic","exchange",1,"[PREMIUM]","1,2,4"
"jDvsz3vwbe3","2026-09-18 23:59:09.373","2026-09-18 23:59:09.373","jDvsz3vwbe3","18495864","[PREMIUM]","[PREMIUM]","[PREMIUM]","CLUB9","Club 9","15",3,"[]","2027-03-07 00:00:00","electronic","exchange",1,"[PREMIUM]","1,3"
"kYet9JkdXpP","2026-09-18 23:59:09.373","2026-09-18 23:59:09.373","kYet9JkdXpP","18495864","[PREMIUM]","[PREMIUM]","[PREMIUM]","CLUB30","Club 30","13",4,"[]","2027-03-07 00:00:00","electronic","exchange",1,"[PREMIUM]","1,2,4"
"lxVsd923pxP","2026-09-18 23:59:09.373","2026-09-19 23:59:18.485","lxVsd923pxP","18495864","[PREMIUM]","[PREMIUM]","[PREMIUM]","MAIN2","Section Main 2","3",3,"[]","2027-03-07 00:00:00","electronic","exchange",4,"[PREMIUM]","3"
"lxVsd96amdB","2026-09-18 23:59:09.373","2026-09-18 23:59:09.373","lxVsd96amdB","18495864","[PREMIUM]","[PREMIUM]","[PREMIUM]","TERR1","Terrace 1","3",6,"[]","2027-03-07 00:00:00","electronic","exchange",1,"[PREMIUM]","1,2,3,4,6"
"lxVsd96mn6Y","2026-09-18 23:59:09.373","2026-09-18 23:59:09.373","lxVsd96mn6Y","18495864","[PREMIUM]","[PREMIUM]","[PREMIUM]","TERR27","Terrace 27","2",4,"[]","2027-03-07 00:00:00","electronic","exchange",1,"[PREMIUM]","1,2,4"
"mxAs4AzpG4A","2026-09-18 23:59:09.373","2026-09-18 23:59:09.373","mxAs4AzpG4A","18495864","[PREMIUM]","[PREMIUM]","[PREMIUM]","TERR8","Terrace 8","4",5,"[]","2027-03-07 00:00:00","electronic","exchange",2,"[PREMIUM]","1,2,3,5"
"nx0srE0GvB0","2026-09-18 23:59:09.373","2026-09-18 23:59:09.373","nx0srE0GvB0","18495864","[PREMIUM]","[PREMIUM]","[PREMIUM]","MAIN2","Section Main 2","22",4,"[]","2027-03-07 00:00:00","electronic","exchange",2,"[PREMIUM]","1,2,4"
"nx0srE0jb0w","2026-09-18 23:59:09.373","2026-09-18 23:59:09.373","nx0srE0jb0w","18495864","[PREMIUM]","[PREMIUM]","[PREMIUM]","TERW17","Terrace Wall 17","1",2,"[]","2027-03-07 00:00:00","electronic","exchange",0,"[PREMIUM]","2"
"nx0srE0j6lp","2026-09-18 23:59:09.373","2026-09-18 23:59:09.373","nx0srE0j6lp","18495864","[PREMIUM]","[PREMIUM]","[PREMIUM]","TERR28","Terrace 28","8",6,"[]","2027-03-07 00:00:00","electronic","exchange",2,"[PREMIUM]","1,2,3,4,6"
"nx0srE0j3R6","2026-09-18 23:59:09.373","2026-09-18 23:59:09.373","nx0srE0j3R6","18495864","[PREMIUM]","[PREMIUM]","[PREMIUM]","TERR26","Terrace 26","8",2,"[]","2027-03-07 00:00:00","electronic","exchange",2,"[PREMIUM]","2"
"nx0srE0dJwD","2026-09-18 23:59:09.373","2026-09-18 23:59:09.373","nx0srE0dJwD","18495864","[PREMIUM]","[PREMIUM]","[PREMIUM]","MAIN12","Section Main 12","23",4,"[]","2027-03-07 00:00:00","electronic","exchange",1,"[PREMIUM]","1,2,4"
"oV7HbAn4kDq","2026-09-18 23:59:09.373","2026-09-18 23:59:09.373","oV7HbAn4kDq","18495864","[PREMIUM]","[PREMIUM]","[PREMIUM]","CLUB30","Club 30","6",2,"[]","2027-03-07 00:00:00","electronic","exchange",1,"[PREMIUM]","2"
"oV7HbAn4Jjl","2026-09-18 23:59:09.373","2026-09-18 23:59:09.373","oV7HbAn4Jjl","18495864","[PREMIUM]","[PREMIUM]","[PREMIUM]","TERR7","Terrace 7","6",4,"[]","2027-03-07 00:00:00","electronic","exchange",2,"[PREMIUM]","1,2,4"
"oV7HbAn4Vj8","2026-09-18 23:59:09.373","2026-09-18 23:59:09.373","oV7HbAn4Vj8","18495864","[PREMIUM]","[PREMIUM]","[PREMIUM]","TERR11","Terrace 11","6",4,"[]","2027-03-07 00:00:00","electronic","exchange",1,"[PREMIUM]","1,2,4"
"oV7HbAn4JD7","2026-09-18 23:59:09.373","2026-09-18 23:59:09.373","oV7HbAn4JD7","18495864","[PREMIUM]","[PREMIUM]","[PREMIUM]","MAIN32","Section Main 32","18",6,"[]","2027-03-07 00:00:00","electronic","exchange",1,"[PREMIUM]","1,2,3,4,6"
"oV7HbAn42ox","2026-09-18 23:59:09.373","2026-09-18 23:59:09.373","oV7HbAn42ox","18495864","[PREMIUM]","[PREMIUM]","[PREMIUM]","FLR24","Floor 24","j",2,"[]","2027-03-07 00:00:00","electronic","exchange",1,"[PREMIUM]","2"
"pVXHD4K6DPN","2026-09-18 23:59:09.373","2026-09-18 23:59:09.373","pVXHD4K6DPN","18495864","[PREMIUM]","[PREMIUM]","[PREMIUM]","TERR24","Terrace 24","3",2,"[]","2027-03-07 00:00:00","electronic","exchange",1,"[PREMIUM]","2"
"pVXHD4K6BDM","2026-09-18 23:59:09.373","2026-09-18 23:59:09.373","pVXHD4K6BDM","18495864","[PREMIUM]","[PREMIUM]","[PREMIUM]","TERW19","Terrace Wall 19","2",2,"[]","2027-03-07 00:00:00","electronic","exchange",1,"[PREMIUM]","2"
"qVjH2rZB6qg","2026-09-18 23:59:09.373","2026-09-18 23:59:09.373","qVjH2rZB6qg","18495864","[PREMIUM]","[PREMIUM]","[PREMIUM]","TERR9","Terrace 9","10",6,"[]","2027-03-07 00:00:00","electronic","exchange",1,"[PREMIUM]","1,2,3,4,6"
"qVjH2rZwB2g","2026-09-18 23:59:09.373","2026-09-18 23:59:09.373","qVjH2rZwB2g","18495864","[PREMIUM]","[PREMIUM]","[PREMIUM]","TERR9","Terrace 9","3",6,"[]","2027-03-07 00:00:00","electronic","exchange",1,"[PREMIUM]","1,2,3,4,6"
"rVOHkLz3PeJ","2026-09-18 23:59:09.373","2026-09-18 23:59:09.373","rVOHkLz3PeJ","18495864","[PREMIUM]","[PREMIUM]","[PREMIUM]","TERW20","Terrace Wall 20","11",2,"[]","2027-03-07 00:00:00","electronic","exchange",1,"[PREMIUM]","2"
"rVOHkLze3kx","2026-09-18 23:59:09.373","2026-09-18 23:59:09.373","rVOHkLze3kx","18495864","[PREMIUM]","[PREMIUM]","[PREMIUM]","TERR23","Terrace 23","2",4,"[]","2027-03-07 00:00:00","electronic","exchange",1,"[PREMIUM]","1,2,4"
"vb3iPgkR4nO","2026-09-18 23:59:09.373","2026-09-18 23:59:09.373","vb3iPgkR4nO","18495864","[PREMIUM]","[PREMIUM]","[PREMIUM]","TERR1","Terrace 1","6",6,"[]","2027-03-07 00:00:00","electronic","exchange",1,"[PREMIUM]","1,2,3,4,6"
"vb3iPgkP8Dx","2026-09-18 23:59:09.373","2026-09-18 23:59:09.373","vb3iPgkP8Dx","18495864","[PREMIUM]","[PREMIUM]","[PREMIUM]","TERW16","Terrace Wall 16","11",2,"[]","2027-03-07 00:00:00","electronic","exchange",1,"[PREMIUM]","2"
"w3JseaGDknL","2026-09-18 23:59:09.373","2026-09-18 23:59:09.373","w3JseaGDknL","18495864","[PREMIUM]","[PREMIUM]","[PREMIUM]","TERR26","Terrace 26","4",3,"[]","2027-03-07 00:00:00","electronic","exchange",2,"[PREMIUM]","1,3"
"w3JseaGYDeE","2026-09-18 23:59:09.373","2026-09-18 23:59:09.373","w3JseaGYDeE","18495864","[PREMIUM]","[PREMIUM]","[PREMIUM]","MAIN2","Section Main 2","7",6,"[]","2027-03-07 00:00:00","electronic","exchange",2,"[PREMIUM]","1,2,3,4,6"
"w3JseaGeV3N","2026-09-18 23:59:09.373","2026-09-18 23:59:09.373","w3JseaGeV3N","18495864","[PREMIUM]","[PREMIUM]","[PREMIUM]","WALL17","Section Wall 17","22",6,"[]","2027-03-07 00:00:00","electronic","exchange",1,"[PREMIUM]","1,2,3,4,6"
"w3JseaGzqZZ","2026-09-18 23:59:09.373","2026-09-19 23:59:18.485","w3JseaGzqZZ","18495864","[PREMIUM]","[PREMIUM]","[PREMIUM]","TERR30","Terrace 30","1",4,"[]","2027-03-07 00:00:00","electronic","exchange",5,"[PREMIUM]","4"
"w3JseaGY3JZ","2026-09-18 23:59:09.373","2026-09-18 23:59:09.373","w3JseaGY3JZ","18495864","[PREMIUM]","[PREMIUM]","[PREMIUM]","TERR25","Terrace 25","8",4,"[]","2027-03-07 00:00:00","electronic","exchange",2,"[PREMIUM]","1,2,4"
"z3Es6BL64Ee","2026-09-18 23:59:09.373","2026-09-18 23:59:09.373","z3Es6BL64Ee","18495864","[PREMIUM]","[PREMIUM]","[PREMIUM]","TERW15","Terrace Wall 15","3",6,"[]","2027-03-07 00:00:00","electronic","exchange",1,"[PREMIUM]","1,2,3,4,6"
"z3Es6BLoXz3","2026-09-18 23:59:09.373","2026-09-18 23:59:09.373","z3Es6BLoXz3","18495864","[PREMIUM]","[PREMIUM]","[PREMIUM]","MAIN32","Section Main 32","22",4,"[]","2027-03-07 00:00:00","electronic","exchange",1,"[PREMIUM]","1,2,4"
"z3Es6BLbzOZ","2026-09-18 23:59:09.373","2026-09-18 23:59:09.373","z3Es6BLbzOZ","18495864","[PREMIUM]","[PREMIUM]","[PREMIUM]","MAIN12","Section Main 12","6",6,"[]","2027-03-07 00:00:00","electronic","exchange",1,"[PREMIUM]","1,2,3,4,6"
"z3Es6BLbewB","2026-09-18 23:59:09.373","2026-09-18 23:59:09.373","z3Es6BLbewB","18495864","[PREMIUM]","[PREMIUM]","[PREMIUM]","TERR23","Terrace 23","11",6,"[]","2027-03-07 00:00:00","electronic","exchange",0,"[PREMIUM]","1,2,3,4,6"
"JABI3BgzrEr","2026-09-18 23:59:02.737","2026-10-01 23:20:14.325","JABI3BgzrEr","18496264","[PREMIUM]","[PREMIUM]","[PREMIUM]","214","Section 214","n",4,"['6','7','8','9']","2027-03-06 00:00:00","mobile_transfer","exchange",5,"[PREMIUM]","1,2,4"
"b4wUak347oD","2026-09-18 23:59:02.737","2026-10-01 23:20:14.325","b4wUak347oD","18496264","[PREMIUM]","[PREMIUM]","[PREMIUM]","124","Section 124","z",2,"['9','10']","2027-03-06 00:00:00","mobile_transfer","exchange",5,"[PREMIUM]","2"
"jDvsz3vdNkX","2026-09-18 23:59:02.737","2026-10-01 23:20:14.325","jDvsz3vdNkX","18496264","[PREMIUM]","[PREMIUM]","[PREMIUM]","208","Section 208","r",4,"['9','10','11','12']","2027-03-06 00:00:00","mobile_transfer","exchange",5,"[PREMIUM]","1,2,4"
"05VT8D5ev84","2026-09-18 23:59:00.854","2026-09-18 23:59:00.854","05VT8D5ev84","18496176","[PREMIUM]","[PREMIUM]","[PREMIUM]","202","Section 202","m",4,"[]","2027-03-07 00:00:00","electronic","exchange",3,"[PREMIUM]","1,2,4"
"05VT8D5Gd60","2026-09-18 23:59:00.854","2026-09-18 23:59:00.854","05VT8D5Gd60","18496176","[PREMIUM]","[PREMIUM]","[PREMIUM]","PINN2","Pinnacle 2","g",2,"[]","2027-03-07 00:00:00","electronic","exchange",2,"[PREMIUM]","2"
"2v0czRgYJzB","2026-09-18 23:59:00.854","2026-09-18 23:59:00.854","2v0czRgYJzB","18496176","[PREMIUM]","[PREMIUM]","[PREMIUM]","112","Section 112","p",3,"[]","2027-03-07 00:00:00","electronic","exchange",2,"[PREMIUM]","1,3"
"2v0czRgYbro","2026-09-18 23:59:00.854","2026-09-18 23:59:00.854","2v0czRgYbro","18496176","[PREMIUM]","[PREMIUM]","[PREMIUM]","218","Section 218","h",3,"[]","2027-03-07 00:00:00","electronic","exchange",3,"[PREMIUM]","1,3"
"3q7fN75Ynm4","2026-09-18 23:59:00.854","2026-09-18 23:59:00.854","3q7fN75Ynm4","18496176","[PREMIUM]","[PREMIUM]","[PREMIUM]","PINN9","Pinnacle 9","k",6,"[]","2027-03-07 00:00:00","electronic","exchange",2,"[PREMIUM]","1,2,3,4,6"
"3q7fN75n9Ze","2026-09-18 23:59:00.854","2026-09-18 23:59:00.854","3q7fN75n9Ze","18496176","[PREMIUM]","[PREMIUM]","[PREMIUM]","109","Section 109","h",4,"[]","2027-03-07 00:00:00","electronic","exchange",2,"[PREMIUM]","1,2,4"
"4vXcjXeBkE6","2026-09-18 23:59:00.854","2026-09-18 23:59:00.854","4vXcjXeBkE6","18496176","[PREMIUM]","[PREMIUM]","[PREMIUM]","106","Section 106","j",2,"[]","2027-03-07 00:00:00","electronic","exchange",2,"[PREMIUM]","2"
"6mOhkO9La30","2026-09-18 23:59:00.854","2026-09-18 23:59:00.854","6mOhkO9La30","18496176","[PREMIUM]","[PREMIUM]","[PREMIUM]","105","Section 105","l",2,"[]","2027-03-07 00:00:00","electronic","exchange",2,"[PREMIUM]","2"
"6mOhkO9LpwK","2026-09-18 23:59:00.854","2026-09-18 23:59:00.854","6mOhkO9LpwK","18496176","[PREMIUM]","[PREMIUM]","[PREMIUM]","212","Section 212","h",2,"[]","2027-03-07 00:00:00","electronic","exchange",2,"[PREMIUM]","2"
"7KntAnOYmgD","2026-09-18 23:59:00.854","2026-09-18 23:59:00.854","7KntAnOYmgD","18496176","[PREMIUM]","[PREMIUM]","[PREMIUM]","204","Section 204","j",2,"[]","2027-03-07 00:00:00","electronic","exchange",3,"[PREMIUM]","2"
"7KntAnO9JeA","2026-09-18 23:59:00.854","2026-09-18 23:59:00.854","7KntAnO9JeA","18496176","[PREMIUM]","[PREMIUM]","[PREMIUM]","106","Section 106","e",2,"[]","2027-03-07 00:00:00","electronic","exchange",2,"[PREMIUM]","2"
"8lKt6DOnKaN","2026-09-18 23:59:00.854","2026-09-18 23:59:00.854","8lKt6DOnKaN","18496176","[PREMIUM]","[PREMIUM]","[PREMIUM]","227","Section 227","q",5,"[]","2027-03-07 00:00:00","electronic","exchange",2,"[PREMIUM]","1,2,3,5"
"A6rs2rjkP2p","2026-09-18 23:59:00.854","2026-09-18 23:59:00.854","A6rs2rjkP2p","18496176","[PREMIUM]","[PREMIUM]","[PREMIUM]","226","Section 226","m",2,"[]","2027-03-07 00:00:00","electronic","exchange",2,"[PREMIUM]","2"
"A6rs2rjPOXo","2026-09-18 23:59:00.854","2026-09-18 23:59:00.854","A6rs2rjPOXo","18496176","[PREMIUM]","[PREMIUM]","[PREMIUM]","223","Section 223","h",3,"[]","2027-03-07 00:00:00","electronic","exchange",3,"[PREMIUM]","1,3"
"BALImDbeBPg","2026-09-18 23:59:00.854","2026-09-18 23:59:00.854","BALImDbeBPg","18496176","[PREMIUM]","[PREMIUM]","[PREMIUM]","225","Section 225","n",6,"[]","2027-03-07 00:00:00","electronic","exchange",2,"[PREMIUM]","1,2,3,4,6"
"EroUXD5l992","2026-09-18 23:59:00.854","2026-09-18 23:59:00.854","EroUXD5l992","18496176","[PREMIUM]","[PREMIUM]","[PREMIUM]","210","Section 210","t",6,"[]","2027-03-07 00:00:00","electronic","exchange",2,"[PREMIUM]","1,2,3,4,6"
"EroUXD5lRXA","2026-09-18 23:59:00.854","2026-09-18 23:59:00.854","EroUXD5lRXA","18496176","[PREMIUM]","[PREMIUM]","[PREMIUM]","224","Section 224","q",6,"[]","2027-03-07 00:00:00","electronic","exchange",2,"[PREMIUM]","1,2,3,4,6"
"GAaI6b5rlR7","2026-09-18 23:59:00.854","2026-09-18 23:59:00.854","GAaI6b5rlR7","18496176","[PREMIUM]","[PREMIUM]","[PREMIUM]","201","Section 201","m",5,"[]","2027-03-07 00:00:00","electronic","exchange",3,"[PREMIUM]","1,2,3,5"
"GAaI6b5r33n","2026-09-18 23:59:00.854","2026-09-18 23:59:00.854","GAaI6b5r33n","18496176","[PREMIUM]","[PREMIUM]","[PREMIUM]","PINN3","Pinnacle 3","c",4,"[]","2027-03-07 00:00:00","electronic","exchange",2,"[PREMIUM]","1,2,4"
"Kezczb3mVml","2026-09-18 23:59:00.854","2026-09-18 23:59:00.854","Kezczb3mVml","18496176","[PREMIUM]","[PREMIUM]","[PREMIUM]","205","Section 205","n",6,"[]","2027-03-07 00:00:00","electronic","exchange",3,"[PREMIUM]","1,2,3,4,6"
"Kezczb35mzK","2026-09-18 23:59:00.854","2026-09-18 23:59:00.854","Kezczb35mzK","18496176","[PREMIUM]","[PREMIUM]","[PREMIUM]","202","Section 202","h",3,"[]","2027-03-07 00:00:00","electronic","exchange",3,"[PREMIUM]","1,3"
"LbviLmqvjbZ","2026-09-18 23:59:00.854","2026-09-18 23:59:00.854","LbviLmqvjbZ","18496176","[PREMIUM]","[PREMIUM]","[PREMIUM]","219","Section 219","n",6,"[]","2027-03-07 00:00:00","electronic","exchange",3,"[PREMIUM]","1,2,3,4,6"
"LbviLmqgjeN","2026-09-18 23:59:00.854","2026-09-18 23:59:00.854","LbviLmqgjeN","18496176","[PREMIUM]","[PREMIUM]","[PREMIUM]","226","Section 226","s",2,"[]","2027-03-07 00:00:00","electronic","exchange",2,"[PREMIUM]","2"
"NrqUvm5PMM9","2026-09-18 23:59:00.854","2026-09-18 23:59:00.854","NrqUvm5PMM9","18496176","[PREMIUM]","[PREMIUM]","[PREMIUM]","221","Section 221","p",6,"[]","2027-03-07 00:00:00","electronic","exchange",2,"[PREMIUM]","1,2,3,4,6"
"NrqUvm5aPjn","2026-09-18 23:59:00.854","2026-09-18 23:59:00.854","NrqUvm5aPjn","18496176","[PREMIUM]","[PREMIUM]","[PREMIUM]","225","Section 225","v",6,"[]","2027-03-07 00:00:00","electronic","exchange",2,"[PREMIUM]","1,2,3,4,6"
"O7Ahw7EnGmJ","2026-09-18 23:59:00.854","2026-09-18 23:59:00.854","O7Ahw7EnGmJ","18496176","[PREMIUM]","[PREMIUM]","[PREMIUM]","112A","Section 112 A","ll",2,"[]","2027-03-07 00:00:00","electronic","exchange",1,"[PREMIUM]","2"
"O7Ahw7Eo2gq","2026-09-18 23:59:00.854","2026-09-18 23:59:00.854","O7Ahw7Eo2gq","18496176","[PREMIUM]","[PREMIUM]","[PREMIUM]","115","Section 115","k",3,"[]","2027-03-07 00:00:00","electronic","exchange",3,"[PREMIUM]","1,3"
"O7Ahw7EnRRR","2026-09-18 23:59:00.854","2026-09-18 23:59:00.854","O7Ahw7EnRRR","18496176","[PREMIUM]","[PREMIUM]","[PREMIUM]","208","Section 208","h",6,"[]","2027-03-07 00:00:00","electronic","exchange",3,"[PREMIUM]","1,2,3,4,6"
"PX0sg7ngvkX","2026-09-18 23:59:00.854","2026-09-18 23:59:00.854","PX0sg7ngvkX","18496176","[PREMIUM]","[PREMIUM]","[PREMIUM]","210","Section 210","m",5,"[]","2027-03-07 00:00:00","electronic","exchange",2,"[PREMIUM]","1,2,3,5"
"ROXHzAlRjoZ","2026-09-18 23:59:00.854","2026-09-18 23:59:00.854","ROXHzAlRjoZ","18496176","[PREMIUM]","[PREMIUM]","[PREMIUM]","231","Section 231","h",2,"[]","2027-03-07 00:00:00","electronic","exchange",3,"[PREMIUM]","2"
"V4KU0e3vdNB","2026-09-18 23:59:00.854","2026-09-18 23:59:00.854","V4KU0e3vdNB","18496176","[PREMIUM]","[PREMIUM]","[PREMIUM]","223","Section 223","u",6,"[]","2027-03-07 00:00:00","electronic","exchange",2,"[PREMIUM]","1,2,3,4,6"
"X03tKbAd2x7","2026-09-18 23:59:00.854","2026-09-18 23:59:00.854","X03tKbAd2x7","18496176","[PREMIUM]","[PREMIUM]","[PREMIUM]","PINN1","Pinnacle 1","f",2,"[]","2027-03-07 00:00:00","electronic","exchange",3,"[PREMIUM]","2"
"YgJtkD9NMM3","2026-09-18 23:59:00.854","2026-09-18 23:59:00.854","YgJtkD9NMM3","18496176","[PREMIUM]","[PREMIUM]","[PREMIUM]","223","Section 223","x",4,"[]","2027-03-07 00:00:00","electronic","exchange",2,"[PREMIUM]","1,2,4"
"Zm9hvlmAedG","2026-09-18 23:59:00.854","2026-09-18 23:59:00.854","Zm9hvlmAedG","18496176","[PREMIUM]","[PREMIUM]","[PREMIUM]","207","Section 207","n",6,"[]","2027-03-07 00:00:00","electronic","exchange",2,"[PREMIUM]","1,2,3,4,6"
"Zm9hvlmA6NK","2026-09-18 23:59:00.854","2026-09-18 23:59:00.854","Zm9hvlmA6NK","18496176","[PREMIUM]","[PREMIUM]","[PREMIUM]","220","Section 220","l",6,"[]","2027-03-07 00:00:00","electronic","exchange",2,"[PREMIUM]","1,2,3,4,6"
"Zm9hvlmeM7l","2026-09-18 23:59:00.854","2026-09-18 23:59:00.854","Zm9hvlmeM7l","18496176","[PREMIUM]","[PREMIUM]","[PREMIUM]","210","Section 210","h",5,"[]","2027-03-07 00:00:00","electronic","exchange",3,"[PREMIUM]","1,2,3,5"
"Zm9hvlmeKVx","2026-09-18 23:59:00.854","2026-09-18 23:59:00.854","Zm9hvlmeKVx","18496176","[PREMIUM]","[PREMIUM]","[PREMIUM]","114","Section 114","v",2,"[]","2027-03-07 00:00:00","electronic","exchange",2,"[PREMIUM]","2"
"agktl8GXvmk","2026-09-18 23:59:00.854","2026-09-18 23:59:00.854","agktl8GXvmk","18496176","[PREMIUM]","[PREMIUM]","[PREMIUM]","225","Section 225","y",2,"[]","2027-03-07 00:00:00","electronic","exchange",2,"[PREMIUM]","2"
"agktl8GXaVB","2026-09-18 23:59:00.854","2026-09-18 23:59:00.854","agktl8GXaVB","18496176","[PREMIUM]","[PREMIUM]","[PREMIUM]","102","Section 102","kk",4,"[]","2027-03-07 00:00:00","electronic","exchange",1,"[PREMIUM]","1,2,4"
"b4wUak3nZLY","2026-09-18 23:59:00.854","2026-09-18 23:59:00.854","b4wUak3nZLY","18496176","[PREMIUM]","[PREMIUM]","[PREMIUM]","113","Section 113","u",2,"[]","2027-03-07 00:00:00","electronic","exchange",2,"[PREMIUM]","2"
"b4wUak3wR4Z","2026-09-18 23:59:00.854","2026-09-18 23:59:00.854","b4wUak3wR4Z","18496176","[PREMIUM]","[PREMIUM]","[PREMIUM]","209","Section 209","q",6,"[]","2027-03-07 00:00:00","electronic","exchange",2,"[PREMIUM]","1,2,3,4,6"
"b4wUak3wnq0","2026-09-18 23:59:00.854","2026-09-18 23:59:00.854","b4wUak3wnq0","18496176","[PREMIUM]","[PREMIUM]","[PREMIUM]","106","Section 106","v",5,"[]","2027-03-07 00:00:00","electronic","exchange",2,"[PREMIUM]","1,2,3,5"
"g48UrnxXYL4","2026-09-18 23:59:00.854","2026-09-18 23:59:00.854","g48UrnxXYL4","18496176","[PREMIUM]","[PREMIUM]","[PREMIUM]","114","Section 114","l",2,"[]","2027-03-07 00:00:00","electronic","exchange",2,"[PREMIUM]","2"
"jDvsz3vwoom","2026-09-18 23:59:00.854","2026-09-18 23:59:00.854","jDvsz3vwoom","18496176","[PREMIUM]","[PREMIUM]","[PREMIUM]","207","Section 207","u",6,"[]","2027-03-07 00:00:00","electronic","exchange",2,"[PREMIUM]","1,2,3,4,6"
"jDvsz3vweMD","2026-09-18 23:59:00.854","2026-09-18 23:59:00.854","jDvsz3vweMD","18496176","[PREMIUM]","[PREMIUM]","[PREMIUM]","218","Section 218","l",6,"[]","2027-03-07 00:00:00","electronic","exchange",3,"[PREMIUM]","1,2,3,4,6"
"kYet9Jkxp53","2026-09-18 23:59:00.854","2026-09-18 23:59:00.854","kYet9Jkxp53","18496176","[PREMIUM]","[PREMIUM]","[PREMIUM]","101","Section 101","jj",2,"[]","2027-03-07 00:00:00","electronic","exchange",1,"[PREMIUM]","2"
"kYet9Jkdngx","2026-09-18 23:59:00.854","2026-09-18 23:59:00.854","kYet9Jkdngx","18496176","[PREMIUM]","[PREMIUM]","[PREMIUM]","113","Section 113","c",2,"[]","2027-03-07 00:00:00","electronic","exchange",2,"[PREMIUM]","2"
"kYet9JkdwgZ","2026-09-18 23:59:00.854","2026-09-18 23:59:00.854","kYet9JkdwgZ","18496176","[PREMIUM]","[PREMIUM]","[PREMIUM]","208","Section 208","t",6,"[]","2027-03-07 00:00:00","electronic","exchange",2,"[PREMIUM]","1,2,3,4,6"
"lxVsd96aOdN","2026-09-18 23:59:00.854","2026-09-18 23:59:00.854","lxVsd96aOdN","18496176","[PREMIUM]","[PREMIUM]","[PREMIUM]","217","Section 217","j",2,"[]","2027-03-07 00:00:00","electronic","exchange",2,"[PREMIUM]","2"
"lxVsd96mPaO","2026-09-18 23:59:00.854","2026-09-18 23:59:00.854","lxVsd96mPaO","18496176","[PREMIUM]","[PREMIUM]","[PREMIUM]","PINN11","Pinnacle 11","c",3,"[]","2027-03-07 00:00:00","electronic","exchange",1,"[PREMIUM]","1,3"
"lxVsd96mPRn","2026-09-18 23:59:00.854","2026-09-18 23:59:00.854","lxVsd96mPRn","18496176","[PREMIUM]","[PREMIUM]","[PREMIUM]","209","Section 209","h",5,"[]","2027-03-07 00:00:00","electronic","exchange",2,"[PREMIUM]","1,2,3,5"
"lxVsd96adGM","2026-09-18 23:59:00.854","2026-09-18 23:59:00.854","lxVsd96adGM","18496176","[PREMIUM]","[PREMIUM]","[PREMIUM]","110","Section 110","s",2,"[]","2027-03-07 00:00:00","electronic","exchange",1,"[PREMIUM]","2"
"lxVsd96mKGZ","2026-09-18 23:59:00.854","2026-09-18 23:59:00.854","lxVsd96mKGZ","18496176","[PREMIUM]","[PREMIUM]","[PREMIUM]","105","Section 105","v",2,"[]","2027-03-07 00:00:00","electronic","exchange",2,"[PREMIUM]","2"
"mxAs4AzBp5q","2026-09-18 23:59:00.854","2026-09-18 23:59:00.854","mxAs4AzBp5q","18496176","[PREMIUM]","[PREMIUM]","[PREMIUM]","226","Section 226","h",5,"[]","2027-03-07 00:00:00","electronic","exchange",3,"[PREMIUM]","1,2,3,5"
"nx0srE0jeZ3","2026-09-18 23:59:00.854","2026-09-18 23:59:00.854","nx0srE0jeZ3","18496176","[PREMIUM]","[PREMIUM]","[PREMIUM]","117","Section 117","jj",2,"[]","2027-03-07 00:00:00","electronic","exchange",2,"[PREMIUM]","2"
"nx0srE0jJnw","2026-09-18 23:59:00.854","2026-09-18 23:59:00.854","nx0srE0jJnw","18496176","[PREMIUM]","[PREMIUM]","[PREMIUM]","212","Section 212","l",6,"[]","2027-03-07 00:00:00","electronic","exchange",2,"[PREMIUM]","1,2,3,4,6"
"pVXHD4KBee0","2026-09-18 23:59:00.854","2026-09-18 23:59:00.854","pVXHD4KBee0","18496176","[PREMIUM]","[PREMIUM]","[PREMIUM]","223","Section 223","n",6,"[]","2027-03-07 00:00:00","electronic","exchange",2,"[PREMIUM]","1,2,3,4,6"
"pVXHD4K6BpM","2026-09-18 23:59:00.854","2026-09-18 23:59:00.854","pVXHD4K6BpM","18496176","[PREMIUM]","[PREMIUM]","[PREMIUM]","PINN3","Pinnacle 3","e",3,"[]","2027-03-07 00:00:00","electronic","exchange",2,"[PREMIUM]","1,3"
"qVjH2rZBooe","2026-09-18 23:59:00.854","2026-09-18 23:59:00.854","qVjH2rZBooe","18496176","[PREMIUM]","[PREMIUM]","[PREMIUM]","213","Section 213","n",6,"[]","2027-03-07 00:00:00","electronic","exchange",3,"[PREMIUM]","1,2,3,4,6"
"rVOHkLz3mNl","2026-09-18 23:59:00.854","2026-09-18 23:59:00.854","rVOHkLz3mNl","18496176","[PREMIUM]","[PREMIUM]","[PREMIUM]","216","Section 216","m",4,"[]","2027-03-07 00:00:00","electronic","exchange",3,"[PREMIUM]","1,2,4"
"rVOHkLz3wPn","2026-09-18 23:59:00.854","2026-09-18 23:59:00.854","rVOHkLz3wPn","18496176","[PREMIUM]","[PREMIUM]","[PREMIUM]","PINN9","Pinnacle 9","c",2,"[]","2027-03-07 00:00:00","electronic","exchange",2,"[PREMIUM]","2"
"rVOHkLz3g44","2026-09-18 23:59:00.854","2026-09-18 23:59:00.854","rVOHkLz3g44","18496176","[PREMIUM]","[PREMIUM]","[PREMIUM]","PINN5","Pinnacle 5","j",6,"[]","2027-03-07 00:00:00","electronic","exchange",2,"[PREMIUM]","1,2,3,4,6"
"rVOHkLzekBE","2026-09-18 23:59:00.854","2026-09-18 23:59:00.854","rVOHkLzekBE","18496176","[PREMIUM]","[PREMIUM]","[PREMIUM]","224","Section 224","m",6,"[]","2027-03-07 00:00:00","electronic","exchange",2,"[PREMIUM]","1,2,3,4,6"
"w3JseaGYemP","2026-09-18 23:59:00.854","2026-09-18 23:59:00.854","w3JseaGYemP","18496176","[PREMIUM]","[PREMIUM]","[PREMIUM]","203","Section 203","m",6,"[]","2027-03-07 00:00:00","electronic","exchange",3,"[PREMIUM]","1,2,3,4,6"
"xb9imMeDVll","2026-09-18 23:59:00.854","2026-09-18 23:59:00.854","xb9imMeDVll","18496176","[PREMIUM]","[PREMIUM]","[PREMIUM]","211","Section 211","l",5,"[]","2027-03-07 00:00:00","electronic","exchange",2,"[PREMIUM]","1,2,3,5"
"05VT8D5AoZJ","2026-09-18 23:58:54.921","2026-09-18 23:58:54.921","05VT8D5AoZJ","18495940","[PREMIUM]","[PREMIUM]","[PREMIUM]","230","Section 230","1",5,"['1','2','3','4','5']",,"electronic","exchange",0,"[PREMIUM]","1,2,3,5"
"05VT8D5Rje2","2026-09-18 23:58:54.921","2026-09-22 23:26:59.322","05VT8D5Rje2","18495940","[PREMIUM]","[PREMIUM]","[PREMIUM]","104","Section 104","20",4,"[]","2027-02-26 00:00:00","electronic","exchange",2,"[PREMIUM]","1,2,3,4"
"05VT8D5ezz8","2026-09-18 23:58:54.921","2026-10-01 23:18:26.579","05VT8D5ezz8","18495940","[PREMIUM]","[PREMIUM]","[PREMIUM]","226","Section 226","2",2,"[]","2027-02-26 00:00:00","mobile_transfer","exchange",1,"[PREMIUM]","2"
"05VT8D5Yg69","2026-09-18 23:58:54.921","2026-10-01 23:18:26.579","05VT8D5Yg69","18495940","[PREMIUM]","[PREMIUM]","[PREMIUM]","212","Section 212","4",6,"[]","2027-02-26 00:00:00","mobile_transfer","exchange",0,"[PREMIUM]","2,3,4,5,6"
"05VT8D5REMJ","2026-09-18 23:58:54.921","2026-10-01 23:18:26.579","05VT8D5REMJ","18495940","[PREMIUM]","[PREMIUM]","[PREMIUM]","211","Section 211","12",4,"[]","2027-02-26 00:00:00","mobile_transfer","exchange",2,"[PREMIUM]","1,2,3,4"
"2v0czRgl4vK","2026-09-18 23:58:54.921","2026-10-01 23:18:26.579","2v0czRgl4vK","18495940","[PREMIUM]","[PREMIUM]","[PREMIUM]","213","Section 213","2",4,"[]","2027-02-26 00:00:00","mobile_transfer","exchange",1,"[PREMIUM]","1,2,3,4"
"2v0czRgl4vY","2026-09-18 23:58:54.921","2026-10-01 23:18:26.579","2v0czRgl4vY","18495940","[PREMIUM]","[PREMIUM]","[PREMIUM]","225","Section 225","4",7,"[]","2027-02-26 00:00:00","mobile_transfer","exchange",2,"[PREMIUM]","1,2,3,4,5,6,7"
"2v0czRgmVzJ","2026-09-18 23:58:54.921","2026-10-01 23:18:26.579","2v0czRgmVzJ","18495940","[PREMIUM]","[PREMIUM]","[PREMIUM]","103","Section 103","22",2,"[]","2027-02-25 00:00:00","mobile_transfer","exchange",5,"[PREMIUM]","2"
"2v0czRgvXoJ","2026-09-18 23:58:54.921","2026-10-01 23:18:26.579","2v0czRgvXoJ","18495940","[PREMIUM]","[PREMIUM]","[PREMIUM]","229","Section 229","2",6,"[]","2027-02-26 00:00:00","mobile_transfer","exchange",1,"[PREMIUM]","2,4,6"
"2v0czRgMNKj","2026-09-18 23:58:54.921","2026-10-01 23:18:26.579","2v0czRgMNKj","18495940","[PREMIUM]","[PREMIUM]","[PREMIUM]","124","Section 124","22",10,"[]","2027-02-26 00:00:00","mobile_transfer","exchange",4,"[PREMIUM]","2,3,4,5,6,7,8,9,10"
"2v0czRgMN7j","2026-09-18 23:58:54.921","2026-10-01 23:18:26.579","2v0czRgMN7j","18495940","[PREMIUM]","[PREMIUM]","[PREMIUM]","225","Section 225","3",4,"[]","2027-02-26 00:00:00","mobile_transfer","exchange",0,"[PREMIUM]","2,4"
"2v0czRgMN73","2026-09-18 23:58:54.921","2026-10-01 23:18:26.579","2v0czRgMN73","18495940","[PREMIUM]","[PREMIUM]","[PREMIUM]","228","Section 228","1",4,"[]","2027-02-26 00:00:00","mobile_transfer","exchange",0,"[PREMIUM]","2,4"
"3q7fN75G44g","2026-09-18 23:58:54.921","2026-09-18 23:58:54.921","3q7fN75G44g","18495940","[PREMIUM]","[PREMIUM]","[PREMIUM]","126","Section 126","19",8,"['12','13','14','15','16','17','18','19']",,"electronic","exchange",0,"[PREMIUM]","1,2,3,4,5,6,8"
"3q7fN75vkqq","2026-09-18 23:58:54.921","2026-10-01 23:18:26.579","3q7fN75vkqq","18495940","[PREMIUM]","[PREMIUM]","[PREMIUM]","225","Section 225","3",4,"[]","2027-02-26 00:00:00","mobile_transfer","exchange",1,"[PREMIUM]","1,2,3,4"
"3q7fN75vkqP","2026-09-18 23:58:54.921","2026-10-01 23:18:26.579","3q7fN75vkqP","18495940","[PREMIUM]","[PREMIUM]","[PREMIUM]","212","Section 212","12",3,"[]","2027-02-26 00:00:00","mobile_transfer","exchange",2,"[PREMIUM]","1,2,3"
"3q7fN75qwVR","2026-09-18 23:58:54.921","2026-10-01 23:18:26.579","3q7fN75qwVR","18495940","[PREMIUM]","[PREMIUM]","[PREMIUM]","228","Section 228","4",6,"[]","2027-02-26 00:00:00","mobile_transfer","exchange",2,"[PREMIUM]","2,4,6"
"3q7fN75qAAb","2026-09-18 23:58:54.921","2026-10-01 23:18:26.579","3q7fN75qAAb","18495940","[PREMIUM]","[PREMIUM]","[PREMIUM]","210","Section 210","2",8,"[]","2027-02-26 00:00:00","mobile_transfer","exchange",2,"[PREMIUM]","1,2,3,4,5,6,7,8"
"3q7fN75aeZm","2026-09-18 23:58:54.921","2026-10-01 23:18:26.579","3q7fN75aeZm","18495940","[PREMIUM]","[PREMIUM]","[PREMIUM]","225","Section 225","2",5,"[]","2027-02-26 00:00:00","mobile_transfer","exchange",0,"[PREMIUM]","2,3,4,5"
"3q7fN75aeZL","2026-09-18 23:58:54.921","2026-10-01 23:18:26.579","3q7fN75aeZL","18495940","[PREMIUM]","[PREMIUM]","[PREMIUM]","227","Section 227","12",7,"[]","2027-02-26 00:00:00","mobile_transfer","exchange",1,"[PREMIUM]","2,3,4,5,6,7"
"3q7fN75aeMm","2026-09-18 23:58:54.921","2026-10-01 23:18:26.579","3q7fN75aeMm","18495940","[PREMIUM]","[PREMIUM]","[PREMIUM]","122","Section 122","23",4,"[]","2027-02-26 00:00:00","mobile_transfer","exchange",1,"[PREMIUM]","2,4"
"4vXcjX8q97N","2026-09-18 23:58:54.921","2026-10-01 23:18:26.579","4vXcjX8q97N","18495940","[PREMIUM]","[PREMIUM]","[PREMIUM]","118","Section 118","17",2,"[]","2027-02-26 00:00:00","mobile_transfer","exchange",0,"[PREMIUM]","2"
"4vXcjXeGzK0","2026-09-18 23:58:54.921","2026-09-22 01:08:28.949","4vXcjXeGzK0","18495940","[PREMIUM]","[PREMIUM]","[PREMIUM]","103","Section 103","22",8,"[]","2027-02-26 00:00:00","electronic","exchange",1,"[PREMIUM]","1,2,3,4,5,6,8"
"4vXcjXexl2Z","2026-09-18 23:58:54.921","2026-10-01 23:18:26.579","4vXcjXexl2Z","18495940","[PREMIUM]","[PREMIUM]","[PREMIUM]","209","Section 209","3",4,"[]","2027-02-25 00:00:00","mobile_transfer","exchange",1,"[PREMIUM]","1,2,3,4"
"4vXcjXeOmgj","2026-09-18 23:58:54.921","2026-10-01 23:18:26.579","4vXcjXeOmgj","18495940","[PREMIUM]","[PREMIUM]","[PREMIUM]","209","Section 209","4",6,"[]","2027-02-26 00:00:00","mobile_transfer","exchange",1,"[PREMIUM]","2,4,6"
"4vXcjXeJ5gk","2026-09-18 23:58:54.921","2026-10-01 23:18:26.579","4vXcjXeJ5gk","18495940","[PREMIUM]","[PREMIUM]","[PREMIUM]","223","Section 223","4",2,"[]","2027-02-26 00:00:00","mobile_transfer","exchange",1,"[PREMIUM]","2"
"4vXcjXeJ5g3","2026-09-18 23:58:54.921","2026-10-01 23:18:26.579","4vXcjXeJ5g3","18495940","[PREMIUM]","[PREMIUM]","[PREMIUM]","226","Section 226","4",4,"[]","2027-02-26 00:00:00","mobile_transfer","exchange",0,"[PREMIUM]","2,4"
"4vXcjXeJ5Mk","2026-09-18 23:58:54.921","2026-10-01 23:18:26.579","4vXcjXeJ5Mk","18495940","[PREMIUM]","[PREMIUM]","[PREMIUM]","118","Section 118","17",2,"[]","2027-02-26 00:00:00","mobile_transfer","exchange",0,"[PREMIUM]","2"
"4vXcjXeG8Oo","2026-09-18 23:58:54.921","2026-10-01 23:18:26.579","4vXcjXeG8Oo","18495940","[PREMIUM]","[PREMIUM]","[PREMIUM]","211","Section 211","3",4,"[]","2027-02-26 00:00:00","mobile_transfer","exchange",1,"[PREMIUM]","1,2,3,4"
"4vXcjXeG8O8","2026-09-18 23:58:54.921","2026-10-01 23:18:26.579","4vXcjXeG8O8","18495940","[PREMIUM]","[PREMIUM]","[PREMIUM]","223","Section 223","3",6,"[]","2027-02-26 00:00:00","mobile_transfer","exchange",2,"[PREMIUM]","1,2,3,4,5,6"
"5EjuZjkNmM6","2026-09-18 23:58:54.921","2026-10-01 00:38:35.866","5EjuZjkNmM6","18495940","[PREMIUM]","[PREMIUM]","[PREMIUM]","211","Section 211","2",4,"[]","2027-02-26 00:00:00","mobile_transfer","exchange",0,"[PREMIUM]","2,4"
"6mOhkO9K0PY","2026-09-18 23:58:54.921","2026-10-01 00:38:35.866","6mOhkO9K0PY","18495940","[PREMIUM]","[PREMIUM]","[PREMIUM]","224","Section 224","3",6,"[]","2027-02-26 00:00:00","mobile_transfer","exchange",1,"[PREMIUM]","1,2,3,4,5,6"
"6mOhkO9lYVE","2026-09-18 23:58:54.921","2026-10-01 23:18:26.579","6mOhkO9lYVE","18495940","[PREMIUM]","[PREMIUM]","[PREMIUM]","119","Section 119","22",11,"[]","2027-02-26 00:00:00","mobile_transfer","exchange",1,"[PREMIUM]","2,3,4,5,6,7,8,9,10,11"
"6mOhkO9lY3E","2026-09-18 23:58:54.921","2026-10-01 23:18:26.579","6mOhkO9lY3E","18495940","[PREMIUM]","[PREMIUM]","[PREMIUM]","224","Section 224","4",4,"[]","2027-02-26 00:00:00","mobile_transfer","exchange",0,"[PREMIUM]","2,4"
"6mOhkO9lY38","2026-09-18 23:58:54.921","2026-10-01 23:18:26.579","6mOhkO9lY38","18495940","[PREMIUM]","[PREMIUM]","[PREMIUM]","227","Section 227","2",3,"[]","2027-02-26 00:00:00","mobile_transfer","exchange",0,"[PREMIUM]","3"
"6mOhkO9PR3L","2026-09-18 23:58:54.921","2026-10-01 23:18:26.579","6mOhkO9PR3L","18495940","[PREMIUM]","[PREMIUM]","[PREMIUM]","223","Section 223","2",4,"[]","2027-02-26 00:00:00","mobile_transfer","exchange",2,"[PREMIUM]","2,4"
"6mOhkO9K0Pd","2026-09-18 23:58:54.921","2026-10-01 23:18:26.579","6mOhkO9K0Pd","18495940","[PREMIUM]","[PREMIUM]","[PREMIUM]","212","Section 212","3",4,"[]","2027-02-26 00:00:00","mobile_transfer","exchange",1,"[PREMIUM]","1,2,3,4"
"7KntAnOe4Jz","2026-09-18 23:58:54.921","2026-10-01 23:18:26.579","7KntAnOe4Jz","18495940","[PREMIUM]","[PREMIUM]","[PREMIUM]","227","Section 227","12",3,"[]","2027-02-26 00:00:00","mobile_transfer","exchange",2,"[PREMIUM]","1,2,3"
"7KntAnO89mK","2026-09-18 23:58:54.921","2026-10-01 23:18:26.579","7KntAnO89mK","18495940","[PREMIUM]","[PREMIUM]","[PREMIUM]","229","Section 229","4",7,"[]","2027-02-26 00:00:00","mobile_transfer","exchange",0,"[PREMIUM]","2,3,4,5,6,7"
"7KntAnO87xw","2026-09-18 23:58:54.921","2026-10-01 23:18:26.579","7KntAnO87xw","18495940","[PREMIUM]","[PREMIUM]","[PREMIUM]","209","Section 209","3",4,"[]","2027-02-26 00:00:00","mobile_transfer","exchange",0,"[PREMIUM]","2,4"
"8lKt6DOlR2v","2026-09-18 23:58:54.921","2026-09-22 23:26:59.322","8lKt6DOlR2v","18495940","[PREMIUM]","[PREMIUM]","[PREMIUM]","104","Section 104","20",4,"[]","2027-02-26 00:00:00","electronic","exchange",0,"[PREMIUM]","2,4"
"8lKt6DO3vE7","2026-09-18 23:58:54.921","2026-09-22 01:08:28.949","8lKt6DO3vE7","18495940","[PREMIUM]","[PREMIUM]","[PREMIUM]","118","Section 118","27",8,"[]","2027-02-26 00:00:00","electronic","exchange",1,"[PREMIUM]","1,2,3,4,5,6,7,8"
"8lKt6DOlRNv","2026-09-18 23:58:54.921","2026-10-01 23:18:26.579","8lKt6DOlRNv","18495940","[PREMIUM]","[PREMIUM]","[PREMIUM]","213","Section 213","4",4,"[]","2027-02-26 00:00:00","mobile_transfer","exchange",1,"[PREMIUM]","2,4"
"9P2c52Obakl","2026-09-18 23:58:54.921","2026-09-18 23:58:54.921","9P2c52Obakl","18495940","[PREMIUM]","[PREMIUM]","[PREMIUM]","M21","Mezzanine 21","4",8,"['1','2','3','4','5','6','7','8']",,"electronic","exchange",1,"[PREMIUM]","1,2,3,4,5,6,8"
"9P2c52OxLJE","2026-09-18 23:58:54.921","2026-10-01 23:18:26.579","9P2c52OxLJE","18495940","[PREMIUM]","[PREMIUM]","[PREMIUM]","212","Section 212","3",4,"[]","2027-02-26 00:00:00","mobile_transfer","exchange",1,"[PREMIUM]","1,2,3,4"
"9P2c52OxLJ5","2026-09-18 23:58:54.921","2026-10-01 23:18:26.579","9P2c52OxLJ5","18495940","[PREMIUM]","[PREMIUM]","[PREMIUM]","224","Section 224","4",4,"[]","2027-02-26 00:00:00","mobile_transfer","exchange",1,"[PREMIUM]","1,2,3,4"
"9P2c52Oj4Rv","2026-09-18 23:58:54.921","2026-10-01 23:18:26.579","9P2c52Oj4Rv","18495940","[PREMIUM]","[PREMIUM]","[PREMIUM]","119","Section 119","23",13,"[]","2027-02-26 00:00:00","mobile_transfer","exchange",1,"[PREMIUM]","1,2,3,4,5,6,7,8,9,10,11,13"
"9P2c52Oj47v","2026-09-18 23:58:54.921","2026-10-01 23:18:26.579","9P2c52Oj47v","18495940","[PREMIUM]","[PREMIUM]","[PREMIUM]","224","Section 224","4",8,"[]","2027-02-26 00:00:00","mobile_transfer","exchange",0,"[PREMIUM]","2,3,4,5,6,7,8"
"9P2c52Oj47G","2026-09-18 23:58:54.921","2026-10-01 23:18:26.579","9P2c52Oj47G","18495940","[PREMIUM]","[PREMIUM]","[PREMIUM]","227","Section 227","3",6,"[]","2027-02-26 00:00:00","mobile_transfer","exchange",0,"[PREMIUM]","2,3,4,5,6"
"9P2c52OJvBr","2026-09-18 23:58:54.921","2026-10-01 23:18:26.579","9P2c52OJvBr","18495940","[PREMIUM]","[PREMIUM]","[PREMIUM]","224","Section 224","4",8,"[]","2027-02-26 00:00:00","mobile_transfer","exchange",1,"[PREMIUM]","1,2,3,4,5,6,7,8"
"A6rs2rjqgXX","2026-09-18 23:58:54.921","2026-10-01 23:18:26.579","A6rs2rjqgXX","18495940","[PREMIUM]","[PREMIUM]","[PREMIUM]","212","Section 212","4",4,"[]","2027-02-26 00:00:00","mobile_transfer","exchange",0,"[PREMIUM]","2,4"
"A6rs2rjnRkw","2026-09-18 23:58:54.921","2026-10-01 23:18:26.579","A6rs2rjnRkw","18495940","[PREMIUM]","[PREMIUM]","[PREMIUM]","104","Section 104","22",4,"[]","2027-02-26 00:00:00","mobile_transfer","exchange",2,"[PREMIUM]","1,2,3,4"
"A6rs2rjkzzn","2026-09-18 23:58:54.921","2026-10-01 23:18:26.579","A6rs2rjkzzn","18495940","[PREMIUM]","[PREMIUM]","[PREMIUM]","226","Section 226","2",2,"[]","2027-02-26 00:00:00","mobile_transfer","exchange",1,"[PREMIUM]","2"
"BALImDbBzeq","2026-09-18 23:58:54.921","2026-09-22 23:26:59.322","BALImDbBzeq","18495940","[PREMIUM]","[PREMIUM]","[PREMIUM]","117","Section 117","27",8,"[]","2027-02-26 00:00:00","electronic","exchange",2,"[PREMIUM]","1,2,3,4,5,6,7,8"
"BALImDb4ljb","2026-09-18 23:58:54.921","2026-09-22 01:08:28.949","BALImDb4ljb","18495940","[PREMIUM]","[PREMIUM]","[PREMIUM]","103","Section 103","22",8,"[]","2027-02-26 00:00:00","electronic","exchange",0,"[PREMIUM]","2,3,4,5,6,7,8"
"BALImDb4lEb","2026-09-18 23:58:54.921","2026-10-01 23:18:26.579","BALImDb4lEb","18495940","[PREMIUM]","[PREMIUM]","[PREMIUM]","213","Section 213","3",4,"[]","2027-02-26 00:00:00","mobile_transfer","exchange",0,"[PREMIUM]","2,4"
"DdwHkw6zKPe","2026-09-18 23:58:54.921","2026-09-22 01:08:28.949","DdwHkw6zKPe","18495940","[PREMIUM]","[PREMIUM]","[PREMIUM]","103","Section 103","22",4,"[]","2027-02-26 00:00:00","electronic","exchange",1,"[PREMIUM]","1,2,3,4"
"DdwHkw6lqdB","2026-09-18 23:58:54.921","2026-10-01 23:18:26.579","DdwHkw6lqdB","18495940","[PREMIUM]","[PREMIUM]","[PREMIUM]","212","Section 212","3",4,"[]","2027-02-26 00:00:00","mobile_transfer","exchange",0,"[PREMIUM]","2,4"
"DdwHkw6Peeq","2026-09-18 23:58:54.921","2026-10-01 23:18:26.579","DdwHkw6Peeq","18495940","[PREMIUM]","[PREMIUM]","[PREMIUM]","225","Section 225","4",4,"[]","2027-02-26 00:00:00","mobile_transfer","exchange",2,"[PREMIUM]","2,4"
"EroUXD58jqz","2026-09-18 23:58:54.921","2026-09-22 01:08:28.949","EroUXD58jqz","18495940","[PREMIUM]","[PREMIUM]","[PREMIUM]","118","Section 118","27",9,"[]","2027-02-26 00:00:00","electronic","exchange",0,"[PREMIUM]","1,2,3,4,5,6,7,9"
"EroUXD58jRz","2026-09-18 23:58:54.921","2026-10-01 00:38:35.866","EroUXD58jRz","18495940","[PREMIUM]","[PREMIUM]","[PREMIUM]","224","Section 224","3",6,"[]","2027-02-26 00:00:00","mobile_transfer","exchange",0,"[PREMIUM]","2,3,4,5,6"
"EroUXD5bLlJ","2026-09-18 23:58:54.921","2026-09-28 00:36:25.815","EroUXD5bLlJ","18495940","[PREMIUM]","[PREMIUM]","[PREMIUM]","224","Section 224","2",4,"[]","2027-02-26 00:00:00","mobile_transfer","exchange",1,"[PREMIUM]","1,2,3,4"
"EroUXD5l7Rl","2026-09-18 23:58:54.921","2026-10-01 23:18:26.579","EroUXD5l7Rl","18495940","[PREMIUM]","[PREMIUM]","[PREMIUM]","215","Section 215","3",8,"[]","2027-02-26 00:00:00","mobile_transfer","exchange",2,"[PREMIUM]","1,2,3,4,5,6,7,8"
"EroUXD5bLl8","2026-09-18 23:58:54.921","2026-10-01 23:18:26.579","EroUXD5bLl8","18495940","[PREMIUM]","[PREMIUM]","[PREMIUM]","211","Section 211","4",8,"[]","2027-02-26 00:00:00","mobile_transfer","exchange",1,"[PREMIUM]","1,2,3,4,5,6,7,8"
"EroUXD58jR0","2026-09-18 23:58:54.921","2026-10-01 23:18:26.579","EroUXD58jR0","18495940","[PREMIUM]","[PREMIUM]","[PREMIUM]","226","Section 226","12",8,"[]","2027-02-26 00:00:00","mobile_transfer","exchange",1,"[PREMIUM]","1,2,3,4,5,6,8"
"GAaI6b5peeP","2026-09-18 23:58:54.921","2026-10-01 23:18:26.579","GAaI6b5peeP","18495940","[PREMIUM]","[PREMIUM]","[PREMIUM]","213","Section 213","4",2,"[]","2027-02-26 00:00:00","mobile_transfer","exchange",2,"[PREMIUM]","2"
"GAaI6b5VXoJ","2026-09-18 23:58:54.921","2026-10-01 23:18:26.579","GAaI6b5VXoJ","18495940","[PREMIUM]","[PREMIUM]","[PREMIUM]","212","Section 212","3",4,"[]","2027-02-26 00:00:00","mobile_transfer","exchange",0,"[PREMIUM]","2,4"
"JABI3BgaLgg","2026-09-18 23:58:54.921","2026-09-18 23:58:54.921","JABI3BgaLgg","18495940","[PREMIUM]","[PREMIUM]","[PREMIUM]","106","Section 106","18",5,"['1','2','3','4','5']",,"electronic","exchange",1,"[PREMIUM]","1,2,3,5"
"JABI3BgaL70","2026-09-18 23:58:54.921","2026-09-18 23:58:54.921","JABI3BgaL70","18495940","[PREMIUM]","[PREMIUM]","[PREMIUM]","106","Section 106","18",8,"['9','10','11','12','13','14','15','16']",,"electronic","exchange",2,"[PREMIUM]","1,2,3,4,5,6,8"
"JABI3Bg5pl5","2026-09-18 23:58:54.921","2026-10-01 23:18:26.579","JABI3Bg5pl5","18495940","[PREMIUM]","[PREMIUM]","[PREMIUM]","224","Section 224","12",4,"[]","2027-02-26 00:00:00","mobile_transfer","exchange",1,"[PREMIUM]","1,2,3,4"
"JABI3Bg5plX","2026-09-18 23:58:54.921","2026-10-01 23:18:26.579","JABI3Bg5plX","18495940","[PREMIUM]","[PREMIUM]","[PREMIUM]","212","Section 212","4",4,"[]","2027-02-26 00:00:00","mobile_transfer","exchange",1,"[PREMIUM]","1,2,3,4"
"JABI3BglmmM","2026-09-18 23:58:54.921","2026-10-01 23:18:26.579","JABI3BglmmM","18495940","[PREMIUM]","[PREMIUM]","[PREMIUM]","210","Section 210","1",8,"[]","2027-02-26 00:00:00","mobile_transfer","exchange",1,"[PREMIUM]","1,2,3,4,5,6,7,8"
"JABI3BglKv6","2026-09-18 23:58:54.921","2026-10-01 23:18:26.579","JABI3BglKv6","18495940","[PREMIUM]","[PREMIUM]","[PREMIUM]","228","Section 228","1",4,"[]","2027-02-26 00:00:00","mobile_transfer","exchange",1,"[PREMIUM]","2,4"
"JABI3BgAwbm","2026-09-18 23:58:54.921","2026-10-01 23:18:26.579","JABI3BgAwbm","18495940","[PREMIUM]","[PREMIUM]","[PREMIUM]","224","Section 224","12",2,"[]","2027-02-26 00:00:00","mobile_transfer","exchange",0,"[PREMIUM]","2"
"JABI3BgAwqm","2026-09-18 23:58:54.921","2026-10-01 23:18:26.579","JABI3BgAwqm","18495940","[PREMIUM]","[PREMIUM]","[PREMIUM]","120","Section 120","22",9,"[]","2027-02-26 00:00:00","mobile_transfer","exchange",4,"[PREMIUM]","2,3,4,5,6,7,8,9"
"JABI3BgAwbB","2026-09-18 23:58:54.921","2026-10-01 23:18:26.579","JABI3BgAwbB","18495940","[PREMIUM]","[PREMIUM]","[PREMIUM]","227","Section 227","4",5,"[]","2027-02-26 00:00:00","mobile_transfer","exchange",0,"[PREMIUM]","2,3,4,5"
"Kezczb3rXmG","2026-09-18 23:58:54.921","2026-10-01 23:18:26.579","Kezczb3rXmG","18495940","[PREMIUM]","[PREMIUM]","[PREMIUM]","225","Section 225","5",4,"[]","2027-02-26 00:00:00","mobile_transfer","exchange",2,"[PREMIUM]","1,2,3,4"
"Kezczb3DpjE","2026-09-18 23:58:54.921","2026-10-01 23:18:26.579","Kezczb3DpjE","18495940","[PREMIUM]","[PREMIUM]","[PREMIUM]","124","Section 124","23",13,"[]","2027-02-26 00:00:00","mobile_transfer","exchange",5,"[PREMIUM]","2,3,4,5,6,7,8,9,10,11,12,13"
"Kezczb3DpRO","2026-09-18 23:58:54.921","2026-10-01 23:18:26.579","Kezczb3DpRO","18495940","[PREMIUM]","[PREMIUM]","[PREMIUM]","228","Section 228","2",6,"[]","2027-02-26 00:00:00","mobile_transfer","exchange",0,"[PREMIUM]","2,3,4,5,6"
"Kezczb352vg","2026-09-18 23:58:54.921","2026-10-01 23:18:26.579","Kezczb352vg","18495940","[PREMIUM]","[PREMIUM]","[PREMIUM]","229","Section 229","3",4,"[]","2027-02-26 00:00:00","mobile_transfer","exchange",1,"[PREMIUM]","2,4"
"JABI3BpNVZM","2026-09-18 23:58:54.921","2026-10-01 23:18:26.579","JABI3BpNVZM","18495940","[PREMIUM]","[PREMIUM]","[PREMIUM]","103","Section 103","22",2,"[]","2027-02-25 00:00:00","mobile_transfer","exchange",5,"[PREMIUM]","2"
"LbviLmqkoRb","2026-09-18 23:58:54.921","2026-10-01 23:18:26.579","LbviLmqkoRb","18495940","[PREMIUM]","[PREMIUM]","[PREMIUM]","226","Section 226","2",2,"[]","2027-02-26 00:00:00","mobile_transfer","exchange",0,"[PREMIUM]","2"
"LbviLmqko0j","2026-09-18 23:58:54.921","2026-10-01 23:18:26.579","LbviLmqko0j","18495940","[PREMIUM]","[PREMIUM]","[PREMIUM]","223","Section 223","2",4,"[]","2027-02-26 00:00:00","mobile_transfer","exchange",1,"[PREMIUM]","2,4"
"LbviLmqXdvE","2026-09-18 23:58:54.921","2026-10-01 23:18:26.579","LbviLmqXdvE","18495940","[PREMIUM]","[PREMIUM]","[PREMIUM]","210","Section 210","3",6,"[]","2027-02-26 00:00:00","mobile_transfer","exchange",2,"[PREMIUM]","1,2,3,4,5,6"
"LbviLmqXdvB","2026-09-18 23:58:54.921","2026-10-01 23:18:26.579","LbviLmqXdvB","18495940","[PREMIUM]","[PREMIUM]","[PREMIUM]","214","Section 214","12",6,"[]","2027-02-26 00:00:00","mobile_transfer","exchange",1,"[PREMIUM]","1,2,3,4,5,6"
"LbviLmqkoaj","2026-09-18 23:58:54.921","2026-09-22 01:08:28.949","LbviLmqkoaj","18495940","[PREMIUM]","[PREMIUM]","[PREMIUM]","117","Section 117","23",5,"[]","2027-02-26 00:00:00","electronic","exchange",0,"[PREMIUM]","2,3,4,5"
"MAeIPXewbDL","2026-09-18 23:58:54.921","2026-10-01 23:18:26.579","MAeIPXewbDL","18495940","[PREMIUM]","[PREMIUM]","[PREMIUM]","104","Section 104","22",4,"[]","2027-02-26 00:00:00","mobile_transfer","exchange",1,"[PREMIUM]","2,4"
"MAeIPXewb7L","2026-09-18 23:58:54.921","2026-10-01 23:18:26.579","MAeIPXewb7L","18495940","[PREMIUM]","[PREMIUM]","[PREMIUM]","213","Section 213","4",2,"[]","2027-02-26 00:00:00","mobile_transfer","exchange",1,"[PREMIUM]","2"
"MAeIPXeBka2","2026-09-18 23:58:54.921","2026-10-01 23:18:26.579","MAeIPXeBka2","18495940","[PREMIUM]","[PREMIUM]","[PREMIUM]","119","Section 119","22",8,"[]","2027-02-26 00:00:00","mobile_transfer","exchange",2,"[PREMIUM]","1,2,3,4,5,6,7,8"
"NrqUvm5NkXG","2026-09-18 23:58:54.921","2026-10-01 23:18:26.579","NrqUvm5NkXG","18495940","[PREMIUM]","[PREMIUM]","[PREMIUM]","209","Section 209","12",9,"[]","2027-02-26 00:00:00","mobile_transfer","exchange",1,"[PREMIUM]","2,3,4,5,6,7,8,9"
"NrqUvm5JOPj","2026-09-18 23:58:54.921","2026-10-01 23:18:26.579","NrqUvm5JOPj","18495940","[PREMIUM]","[PREMIUM]","[PREMIUM]","228","Section 228","3",4,"[]","2027-02-26 00:00:00","mobile_transfer","exchange",2,"[PREMIUM]","1,2,3,4"
"O7Ahw75Vl9M","2026-09-18 23:58:54.921","2026-09-25 00:36:01.271","O7Ahw75Vl9M","18495940","[PREMIUM]","[PREMIUM]","[PREMIUM]","122","Section 122","2",1,"['7']","2027-02-24 00:00:00","electronic","exchange",2,"[PREMIUM]","1"
"O7Ahw7EORw7","2026-09-18 23:58:54.921","2026-09-18 23:58:54.921","O7Ahw7EORw7","18495940","[PREMIUM]","[PREMIUM]","[PREMIUM]","228","Section 228","6",8,"['9','10','11','12','13','14','15','16']",,"electronic","exchange",2,"[PREMIUM]","1,2,3,4,5,6,8"
"O7Ahw7EkYA9","2026-09-18 23:58:54.921","2026-10-01 23:18:26.579","O7Ahw7EkYA9","18495940","[PREMIUM]","[PREMIUM]","[PREMIUM]","118","Section 118","17",2,"[]","2027-02-26 00:00:00","mobile_transfer","exchange",0,"[PREMIUM]","2"
"O7Ahw7Ek5nL","2026-09-18 23:58:54.921","2026-10-01 23:18:26.579","O7Ahw7Ek5nL","18495940","[PREMIUM]","[PREMIUM]","[PREMIUM]","227","Section 227","2",3,"[]","2027-02-26 00:00:00","mobile_transfer","exchange",1,"[PREMIUM]","1,2,3"
"O7Ahw7EBojv","2026-09-18 23:58:54.921","2026-10-01 23:18:26.579","O7Ahw7EBojv","18495940","[PREMIUM]","[PREMIUM]","[PREMIUM]","125","Section 125","23",11,"[]","2027-02-26 00:00:00","mobile_transfer","exchange",1,"[PREMIUM]","2,3,4,5,6,7,8,9,10,11"
"O7Ahw7EBAXY","2026-09-18 23:58:54.921","2026-10-01 23:18:26.579","O7Ahw7EBAXY","18495940","[PREMIUM]","[PREMIUM]","[PREMIUM]","228","Section 228","4",6,"[]","2027-02-26 00:00:00","mobile_transfer","exchange",1,"[PREMIUM]","2,3,4,5,6"
"PX0sg7nw2O8","2026-09-18 23:58:54.921","2026-10-01 23:18:26.579","PX0sg7nw2O8","18495940","[PREMIUM]","[PREMIUM]","[PREMIUM]","212","Section 212","2",2,"[]","2027-02-26 00:00:00","mobile_transfer","exchange",0,"[PREMIUM]","2"
"PX0sg7no44d","2026-09-18 23:58:54.921","2026-10-01 23:18:26.579","PX0sg7no44d","18495940","[PREMIUM]","[PREMIUM]","[PREMIUM]","213","Section 213","4",4,"[]","2027-02-26 00:00:00","mobile_transfer","exchange",2,"[PREMIUM]","2,4"
"ROXHzAlZxLv","2026-09-18 23:58:54.921","2026-10-01 23:18:26.579","ROXHzAlZxLv","18495940","[PREMIUM]","[PREMIUM]","[PREMIUM]","212","Section 212","2",2,"[]","2027-02-26 00:00:00","mobile_transfer","exchange",1,"[PREMIUM]","2"
"ROXHzAlgdKg","2026-09-18 23:58:54.921","2026-10-01 23:18:26.579","ROXHzAlgdKg","18495940","[PREMIUM]","[PREMIUM]","[PREMIUM]","211","Section 211","12",4,"[]","2027-02-26 00:00:00","mobile_transfer","exchange",1,"[PREMIUM]","2,4"
"ROXHzAlPNNV","2026-09-18 23:58:54.921","2026-10-01 23:18:26.579","ROXHzAlPNNV","18495940","[PREMIUM]","[PREMIUM]","[PREMIUM]","213","Section 213","3",4,"[]","2027-02-26 00:00:00","mobile_transfer","exchange",1,"[PREMIUM]","2,4"
"V4KU0e3G60b","2026-09-18 23:58:54.921","2026-09-18 23:58:54.921","V4KU0e3G60b","18495940","[PREMIUM]","[PREMIUM]","[PREMIUM]","113","Section 113","20",8,"['9','10','11','12','13','14','15','16']",,"electronic","exchange",0,"[PREMIUM]","1,2,3,4,5,6,8"
"V4KU0e3mAbE","2026-09-18 23:58:54.921","2026-10-01 23:18:26.579","V4KU0e3mAbE","18495940","[PREMIUM]","[PREMIUM]","[PREMIUM]","104","Section 104","23",4,"[]","2027-02-26 00:00:00","mobile_transfer","exchange",2,"[PREMIUM]","1,2,3,4"
"V4KU0e3bllb","2026-09-18 23:58:54.921","2026-10-01 23:18:26.579","V4KU0e3bllb","18495940","[PREMIUM]","[PREMIUM]","[PREMIUM]","226","Section 226","4",4,"[]","2027-02-26 00:00:00","mobile_transfer","exchange",1,"[PREMIUM]","2,4"
"V4KU0e38P9o","2026-09-18 23:58:54.921","2026-10-01 23:18:26.579","V4KU0e38P9o","18495940","[PREMIUM]","[PREMIUM]","[PREMIUM]","212","Section 212","12",4,"[]","2027-02-26 00:00:00","mobile_transfer","exchange",1,"[PREMIUM]","2,4"
"X03tKbRN2q3","2026-09-18 23:58:54.921","2026-09-26 23:02:07.348","X03tKbRN2q3","18495940","[PREMIUM]","[PREMIUM]","[PREMIUM]","103","Section 103","22",2,"['4','5']","2027-02-24 00:00:00","mobile_transfer","exchange",5,"[PREMIUM]","2"
"X03tKbRZoB5","2026-09-18 23:58:54.921","2026-10-01 23:18:26.579","X03tKbRZoB5","18495940","[PREMIUM]","[PREMIUM]","[PREMIUM]","122","Section 122","2",1,"[]","2027-02-25 00:00:00","mobile_transfer","exchange",1,"[PREMIUM]","1"
"X03tKbAORd2","2026-09-18 23:58:54.921","2026-10-01 23:18:26.579","X03tKbAORd2","18495940","[PREMIUM]","[PREMIUM]","[PREMIUM]","227","Section 227","4",5,"[]","2027-02-26 00:00:00","mobile_transfer","exchange",1,"[PREMIUM]","1,2,3,4,5"
"X03tKbA7Pao","2026-09-18 23:58:54.921","2026-10-01 23:18:26.579","X03tKbA7Pao","18495940","[PREMIUM]","[PREMIUM]","[PREMIUM]","229","Section 229","3",4,"[]","2027-02-26 00:00:00","mobile_transfer","exchange",0,"[PREMIUM]","2,4"
"X03tKbA7PAo","2026-09-18 23:58:54.921","2026-10-01 23:18:26.579","X03tKbA7PAo","18495940","[PREMIUM]","[PREMIUM]","[PREMIUM]","229","Section 229","12",6,"[]","2027-02-26 00:00:00","mobile_transfer","exchange",1,"[PREMIUM]","2,3,4,5,6"
"X03tKbA7LEz","2026-09-18 23:58:54.921","2026-10-01 23:18:26.579","X03tKbA7LEz","18495940","[PREMIUM]","[PREMIUM]","[PREMIUM]","208","Section 208","2",10,"[]","2027-02-26 00:00:00","mobile_transfer","exchange",1,"[PREMIUM]","2,3,4,5,6,7,8,9,10"
"YgJtkD9qRN2","2026-09-18 23:58:54.921","2026-10-01 23:18:26.579","YgJtkD9qRN2","18495940","[PREMIUM]","[PREMIUM]","[PREMIUM]","228","Section 228","4",4,"[]","2027-02-26 00:00:00","mobile_transfer","exchange",2,"[PREMIUM]","1,2,3,4"
"YgJtkD9q2DX","2026-09-18 23:58:54.921","2026-10-01 23:18:26.579","YgJtkD9q2DX","18495940","[PREMIUM]","[PREMIUM]","[PREMIUM]","115","Section 115","25",8,"[]","2027-02-26 00:00:00","mobile_transfer","exchange",2,"[PREMIUM]","1,2,3,4,5,6,7,8"
"YgJtkD9XGlV","2026-09-18 23:58:54.921","2026-10-01 23:18:26.579","YgJtkD9XGlV","18495940","[PREMIUM]","[PREMIUM]","[PREMIUM]","210","Section 210","1",8,"[]","2027-02-26 00:00:00","mobile_transfer","exchange",0,"[PREMIUM]","2,3,4,5,6,7,8"
"agktl8GkvPo","2026-09-18 23:58:54.921","2026-10-01 00:38:35.866","agktl8GkvPo","18495940","[PREMIUM]","[PREMIUM]","[PREMIUM]","211","Section 211","2",4,"[]","2027-02-26 00:00:00","mobile_transfer","exchange",1,"[PREMIUM]","2,4"
"agktl8GEJk3","2026-09-18 23:58:54.921","2026-10-01 23:18:26.579","agktl8GEJk3","18495940","[PREMIUM]","[PREMIUM]","[PREMIUM]","122","Section 122","23",4,"[]","2027-02-26 00:00:00","mobile_transfer","exchange",2,"[PREMIUM]","1,2,3,4"
"agktl8G9dNz","2026-09-18 23:58:54.921","2026-10-01 23:18:26.579","agktl8G9dNz","18495940","[PREMIUM]","[PREMIUM]","[PREMIUM]","104","Section 104","23",4,"[]","2027-02-26 00:00:00","mobile_transfer","exchange",1,"[PREMIUM]","2,4"
"agktl8G9d5z","2026-09-18 23:58:54.921","2026-10-01 23:18:26.579","agktl8G9d5z","18495940","[PREMIUM]","[PREMIUM]","[PREMIUM]","214","Section 214","2",4,"[]","2027-02-26 00:00:00","mobile_transfer","exchange",0,"[PREMIUM]","2,4"
"Zm9hvlmj4Xl","2026-09-18 23:58:54.921","2026-10-01 23:18:26.579","Zm9hvlmj4Xl","18495940","[PREMIUM]","[PREMIUM]","[PREMIUM]","210","Section 210","3",6,"[]","2027-02-26 00:00:00","mobile_transfer","exchange",1,"[PREMIUM]","2,3,4,5,6"
"Zm9hvlm6ZeY","2026-09-18 23:58:54.921","2026-10-01 23:18:26.579","Zm9hvlm6ZeY","18495940","[PREMIUM]","[PREMIUM]","[PREMIUM]","229","Section 229","12",6,"[]","2027-02-26 00:00:00","mobile_transfer","exchange",1,"[PREMIUM]","1,2,3,4,5,6"
"b4wUak36dlg","2026-09-18 23:58:54.921","2026-10-01 23:18:26.579","b4wUak36dlg","18495940","[PREMIUM]","[PREMIUM]","[PREMIUM]","211","Section 211","3",4,"[]","2027-02-26 00:00:00","mobile_transfer","exchange",0,"[PREMIUM]","2,4"
"dNgUgxaw83X","2026-09-18 23:58:54.921","2026-09-18 23:58:54.921","dNgUgxaw83X","18495940","[PREMIUM]","[PREMIUM]","[PREMIUM]","230","Section 230","1",8,"['9','10','11','12','13','14','15','16']",,"electronic","exchange",0,"[PREMIUM]","1,2,3,4,5,6,8"
"eeacKjl5L7Y","2026-09-18 23:58:54.921","2026-09-26 01:38:55.965","eeacKjl5L7Y","18495940","[PREMIUM]","[PREMIUM]","[PREMIUM]","111","Section 111","14",4,"[]","2027-02-26 00:00:00","mobile_transfer","exchange",3,"[PREMIUM]","1,2,3,4"
"eeacKjlp0Bg","2026-09-18 23:58:54.921","2026-10-01 23:18:26.579","eeacKjlp0Bg","18495940","[PREMIUM]","[PREMIUM]","[PREMIUM]","213","Section 213","2",4,"[]","2027-02-26 00:00:00","mobile_transfer","exchange",0,"[PREMIUM]","2,4"
"eeacKjl7oo6","2026-09-18 23:58:54.921","2026-10-01 23:18:26.579","eeacKjl7oo6","18495940","[PREMIUM]","[PREMIUM]","[PREMIUM]","226","Section 226","5",8,"[]","2027-02-26 00:00:00","mobile_transfer","exchange",1,"[PREMIUM]","1,2,3,4,5,6,7,8"
"dNgUgxal9P5","2026-09-18 23:58:54.921","2026-10-01 23:18:26.579","dNgUgxal9P5","18495940","[PREMIUM]","[PREMIUM]","[PREMIUM]","211","Section 211","3",4,"[]","2027-02-26 00:00:00","mobile_transfer","exchange",0,"[PREMIUM]","2,4"
"g48UrnxLZdZ","2026-09-18 23:58:54.921","2026-09-26 01:38:55.965","g48UrnxLZdZ","18495940","[PREMIUM]","[PREMIUM]","[PREMIUM]","111","Section 111","14",4,"[]","2027-02-26 00:00:00","mobile_transfer","exchange",2,"[PREMIUM]","2,4"
"g48Urnxa74O","2026-09-18 23:58:54.921","2026-10-01 23:18:26.579","g48Urnxa74O","18495940","[PREMIUM]","[PREMIUM]","[PREMIUM]","225","Section 225","2",5,"[]","2027-02-26 00:00:00","mobile_transfer","exchange",1,"[PREMIUM]","1,2,3,5"
"g48UrnxLZPZ","2026-09-18 23:58:54.921","2026-10-01 23:18:26.579","g48UrnxLZPZ","18495940","[PREMIUM]","[PREMIUM]","[PREMIUM]","214","Section 214","12",6,"[]","2027-02-26 00:00:00","mobile_transfer","exchange",0,"[PREMIUM]","2,3,4,5,6"
"g48UrnxGzag","2026-09-18 23:58:54.921","2026-10-01 23:18:26.579","g48UrnxGzag","18495940","[PREMIUM]","[PREMIUM]","[PREMIUM]","124","Section 124","23",8,"[]","2027-02-26 00:00:00","mobile_transfer","exchange",5,"[PREMIUM]","1,2,3,4,5,6,7,8"
"jDvsz3vVnZY","2026-09-18 23:58:54.921","2026-10-01 23:18:26.579","jDvsz3vVnZY","18495940","[PREMIUM]","[PREMIUM]","[PREMIUM]","229","Section 229","2",6,"[]","2027-02-26 00:00:00","mobile_transfer","exchange",0,"[PREMIUM]","2,3,4,5,6"
"jDvsz3vERwe","2026-09-18 23:58:54.921","2026-10-01 23:18:26.579","jDvsz3vERwe","18495940","[PREMIUM]","[PREMIUM]","[PREMIUM]","227","Section 227","3",6,"[]","2027-02-26 00:00:00","mobile_transfer","exchange",1,"[PREMIUM]","1,2,3,4,5,6"
"jDvsz3vEDnN","2026-09-18 23:58:54.921","2026-10-01 23:18:26.579","jDvsz3vEDnN","18495940","[PREMIUM]","[PREMIUM]","[PREMIUM]","118","Section 118","26",8,"[]","2027-02-26 00:00:00","mobile_transfer","exchange",1,"[PREMIUM]","1,2,3,4,5,6,7,8"
"jDvsz3vVlPx","2026-09-18 23:58:54.921","2026-10-01 23:18:26.579","jDvsz3vVlPx","18495940","[PREMIUM]","[PREMIUM]","[PREMIUM]","208","Section 208","1",14,"[]","2027-02-26 00:00:00","mobile_transfer","exchange",1,"[PREMIUM]","2,3,4,5,6,7,8,9,10,11,12,13,14"
"kYet9JkgRbx","2026-09-18 23:58:54.921","2026-10-01 23:18:26.579","kYet9JkgRbx","18495940","[PREMIUM]","[PREMIUM]","[PREMIUM]","115","Section 115","25",11,"[]","2027-02-26 00:00:00","mobile_transfer","exchange",0,"[PREMIUM]","1,2,3,4,5,6,7,8,9,11"
"kYet9JkgRPx","2026-09-18 23:58:54.921","2026-10-01 23:18:26.579","kYet9JkgRPx","18495940","[PREMIUM]","[PREMIUM]","[PREMIUM]","223","Section 223","1",12,"[]","2027-02-26 00:00:00","mobile_transfer","exchange",0,"[PREMIUM]","2,3,4,5,6,7,8,9,10,11,12"
"kYet9JkgRDq","2026-09-18 23:58:54.921","2026-10-01 23:18:26.579","kYet9JkgRDq","18495940","[PREMIUM]","[PREMIUM]","[PREMIUM]","225","Section 225","5",4,"[]","2027-02-26 00:00:00","mobile_transfer","exchange",1,"[PREMIUM]","2,4"
"kYet9JkLaxm","2026-09-18 23:58:54.921","2026-10-01 23:18:26.579","kYet9JkLaxm","18495940","[PREMIUM]","[PREMIUM]","[PREMIUM]","209","Section 209","12",8,"[]","2027-02-26 00:00:00","mobile_transfer","exchange",1,"[PREMIUM]","1,2,3,4,5,6,7,8"
"kYet9JkLaxK","2026-09-18 23:58:54.921","2026-10-01 23:18:26.579","kYet9JkLaxK","18495940","[PREMIUM]","[PREMIUM]","[PREMIUM]","214","Section 214","2",4,"[]","2027-02-26 00:00:00","mobile_transfer","exchange",1,"[PREMIUM]","1,2,3,4"
"kYet9JkL2Jv","2026-09-18 23:58:54.921","2026-10-01 23:18:26.579","kYet9JkL2Jv","18495940","[PREMIUM]","[PREMIUM]","[PREMIUM]","119","Section 119","23",8,"[]","2027-02-26 00:00:00","mobile_transfer","exchange",2,"[PREMIUM]","1,2,3,4,5,6,7,8"
"lxVsd96q2ap","2026-09-18 23:58:54.921","2026-10-01 23:18:26.579","lxVsd96q2ap","18495940","[PREMIUM]","[PREMIUM]","[PREMIUM]","211","Section 211","3",4,"[]","2027-02-26 00:00:00","mobile_transfer","exchange",1,"[PREMIUM]","1,2,3,4"
"lxVsd96q2ao","2026-09-18 23:58:54.921","2026-10-01 23:18:26.579","lxVsd96q2ao","18495940","[PREMIUM]","[PREMIUM]","[PREMIUM]","223","Section 223","4",6,"[]","2027-02-26 00:00:00","mobile_transfer","exchange",2,"[PREMIUM]","1,2,3,4,5,6"
"lxVsd96jMOn","2026-09-18 23:58:54.921","2026-10-01 23:18:26.579","lxVsd96jMOn","18495940","[PREMIUM]","[PREMIUM]","[PREMIUM]","224","Section 224","2",4,"[]","2027-02-26 00:00:00","mobile_transfer","exchange",0,"[PREMIUM]","2,4"
"lxVsd96jMO3","2026-09-18 23:58:54.921","2026-10-01 23:18:26.579","lxVsd96jMO3","18495940","[PREMIUM]","[PREMIUM]","[PREMIUM]","226","Section 226","5",8,"[]","2027-02-26 00:00:00","mobile_transfer","exchange",0,"[PREMIUM]","2,3,4,5,6,7,8"
"lxVsd96jMGn","2026-09-18 23:58:54.921","2026-10-01 23:18:26.579","lxVsd96jMGn","18495940","[PREMIUM]","[PREMIUM]","[PREMIUM]","118","Section 118","26",13,"[]","2027-02-26 00:00:00","mobile_transfer","exchange",0,"[PREMIUM]","2,3,4,5,6,7,8,9,10,11,12,13"
"lxVsd96aXOq","2026-09-18 23:58:54.921","2026-10-01 23:18:26.579","lxVsd96aXOq","18495940","[PREMIUM]","[PREMIUM]","[PREMIUM]","215","Section 215","2",8,"[]","2027-02-26 00:00:00","mobile_transfer","exchange",2,"[PREMIUM]","1,2,3,4,5,6,7,8"
"mxAs4Azq8bO","2026-09-18 23:58:54.921","2026-10-01 23:18:26.579","mxAs4Azq8bO","18495940","[PREMIUM]","[PREMIUM]","[PREMIUM]","211","Section 211","4",8,"[]","2027-02-26 00:00:00","mobile_transfer","exchange",0,"[PREMIUM]","2,3,4,5,6,7,8"
"mxAs4AzB22z","2026-09-18 23:58:54.921","2026-10-01 23:18:26.579","mxAs4AzB22z","18495940","[PREMIUM]","[PREMIUM]","[PREMIUM]","212","Section 212","4",6,"[]","2027-02-26 00:00:00","mobile_transfer","exchange",1,"[PREMIUM]","2,4,6"
"nx0srE0wLjD","2026-09-18 23:58:54.921","2026-10-01 23:18:26.579","nx0srE0wLjD","18495940","[PREMIUM]","[PREMIUM]","[PREMIUM]","226","Section 226","12",8,"[]","2027-02-26 00:00:00","mobile_transfer","exchange",2,"[PREMIUM]","1,2,3,4,5,6,7,8"
"nx0srE0gkOp","2026-09-18 23:58:54.921","2026-10-01 23:18:26.579","nx0srE0gkOp","18495940","[PREMIUM]","[PREMIUM]","[PREMIUM]","228","Section 228","3",4,"[]","2027-02-26 00:00:00","mobile_transfer","exchange",0,"[PREMIUM]","2,4"
"nx0srE0gdPm","2026-09-18 23:58:54.921","2026-10-01 23:18:26.579","nx0srE0gdPm","18495940","[PREMIUM]","[PREMIUM]","[PREMIUM]","125","Section 125","22",8,"[]","2027-02-26 00:00:00","mobile_transfer","exchange",1,"[PREMIUM]","2,3,4,5,6,7,8"
"nx0srE0GaRn","2026-09-18 23:58:54.921","2026-10-01 23:18:26.579","nx0srE0GaRn","18495940","[PREMIUM]","[PREMIUM]","[PREMIUM]","208","Section 208","2",8,"[]","2027-02-26 00:00:00","mobile_transfer","exchange",2,"[PREMIUM]","1,2,3,4,5,6,7,8"
"oV7HbAnaDZw","2026-09-18 23:58:54.921","2026-10-01 23:18:26.579","oV7HbAnaDZw","18495940","[PREMIUM]","[PREMIUM]","[PREMIUM]","125","Section 125","23",8,"[]","2027-02-26 00:00:00","mobile_transfer","exchange",2,"[PREMIUM]","1,2,3,4,5,6,7,8"
"oV7HbAnaDZB","2026-09-18 23:58:54.921","2026-10-01 23:18:26.579","oV7HbAnaDZB","18495940","[PREMIUM]","[PREMIUM]","[PREMIUM]","213","Section 213","2",4,"[]","2027-02-26 00:00:00","mobile_transfer","exchange",1,"[PREMIUM]","1,2,3,4"
"oV7HbAnKmjb","2026-09-18 23:58:54.921","2026-10-01 23:18:26.579","oV7HbAnKmjb","18495940","[PREMIUM]","[PREMIUM]","[PREMIUM]","114","Section 114","22",2,"[]","2027-02-26 00:00:00","mobile_transfer","exchange",1,"[PREMIUM]","2"
"oV7HbAnKmPb","2026-09-18 23:58:54.921","2026-10-01 23:18:26.579","oV7HbAnKmPb","18495940","[PREMIUM]","[PREMIUM]","[PREMIUM]","215","Section 215","1",12,"[]","2027-02-26 00:00:00","mobile_transfer","exchange",0,"[PREMIUM]","2,3,4,5,6,7,8,9,10,11,12"
"oV7HbAnKmBO","2026-09-18 23:58:54.921","2026-10-01 23:18:26.579","oV7HbAnKmBO","18495940","[PREMIUM]","[PREMIUM]","[PREMIUM]","225","Section 225","4",4,"[]","2027-02-26 00:00:00","mobile_transfer","exchange",1,"[PREMIUM]","2,4"
"oV7HbADXe6k","2026-09-18 23:58:54.921","2026-10-01 23:18:26.579","oV7HbADXe6k","18495940","[PREMIUM]","[PREMIUM]","[PREMIUM]","118","Section 118","17",2,"[]","2027-02-26 00:00:00","mobile_transfer","exchange",0,"[PREMIUM]","2"
"pVXHD4K2lwr","2026-09-18 23:58:54.921","2026-09-18 23:58:54.921","pVXHD4K2lwr","18495940","[PREMIUM]","[PREMIUM]","[PREMIUM]","114","Section 114","15",1,"['11']","2027-02-24 00:00:00","electronic","exchange",5,"[PREMIUM]","1"
"pVXHD4KmkBZ","2026-09-18 23:58:54.921","2026-10-01 23:18:26.579","pVXHD4KmkBZ","18495940","[PREMIUM]","[PREMIUM]","[PREMIUM]","229","Section 229","4",7,"[]","2027-02-26 00:00:00","mobile_transfer","exchange",1,"[PREMIUM]","1,2,3,4,5,6,7"
"pVXHD4KMpPg","2026-09-18 23:58:54.921","2026-10-01 23:18:26.579","pVXHD4KMpPg","18495940","[PREMIUM]","[PREMIUM]","[PREMIUM]","210","Section 210","2",8,"[]","2027-02-26 00:00:00","mobile_transfer","exchange",1,"[PREMIUM]","2,3,4,5,6,7,8"
"qVjH2rZadPp","2026-09-18 23:58:54.921","2026-10-01 23:18:26.579","qVjH2rZadPp","18495940","[PREMIUM]","[PREMIUM]","[PREMIUM]","209","Section 209","4",6,"[]","2027-02-26 00:00:00","mobile_transfer","exchange",0,"[PREMIUM]","2,3,4,5,6"
"qVjH2rZ7GB6","2026-09-18 23:58:54.921","2026-10-01 23:18:26.579","qVjH2rZ7GB6","18495940","[PREMIUM]","[PREMIUM]","[PREMIUM]","228","Section 228","2",6,"[]","2027-02-26 00:00:00","mobile_transfer","exchange",1,"[PREMIUM]","1,2,3,4,5,6"
"rVOHkLzJ4Gd","2026-09-18 23:58:54.921","2026-09-22 23:26:59.322","rVOHkLzJ4Gd","18495940","[PREMIUM]","[PREMIUM]","[PREMIUM]","117","Section 117","27",19,"[]","2027-02-26 00:00:00","electronic","exchange",1,"[PREMIUM]","1,2,3,4,5,6,7,8,9,10,11,12,13,14,15,16,17,19"
"rVOHkLzejB4","2026-09-18 23:58:54.921","2026-10-01 23:18:26.579","rVOHkLzejB4","18495940","[PREMIUM]","[PREMIUM]","[PREMIUM]","208","Section 208","3",4,"[]","2027-02-26 00:00:00","mobile_transfer","exchange",2,"[PREMIUM]","2,4"
"rVOHkLzJ4Bd","2026-09-18 23:58:54.921","2026-10-01 23:18:26.579","rVOHkLzJ4Bd","18495940","[PREMIUM]","[PREMIUM]","[PREMIUM]","223","Section 223","3",6,"[]","2027-02-26 00:00:00","mobile_transfer","exchange",1,"[PREMIUM]","2,3,4,5,6"
"rVOHkLzJ4B0","2026-09-18 23:58:54.921","2026-10-01 23:18:26.579","rVOHkLzJ4B0","18495940","[PREMIUM]","[PREMIUM]","[PREMIUM]","226","Section 226","2",2,"[]","2027-02-26 00:00:00","mobile_transfer","exchange",0,"[PREMIUM]","2"
"rVOHkLz8Xez","2026-09-18 23:58:54.921","2026-10-01 23:18:26.579","rVOHkLz8Xez","18495940","[PREMIUM]","[PREMIUM]","[PREMIUM]","215","Section 215","3",4,"[]","2027-02-26 00:00:00","mobile_transfer","exchange",2,"[PREMIUM]","1,2,3,4"
"rVOHkLz8Xeb","2026-09-18 23:58:54.921","2026-10-01 23:18:26.579","rVOHkLz8Xeb","18495940","[PREMIUM]","[PREMIUM]","[PREMIUM]","210","Section 210","4",6,"[]","2027-02-26 00:00:00","mobile_transfer","exchange",2,"[PREMIUM]","1,2,3,4,5,6"
"rVOHkLXnvpE","2026-09-18 23:58:54.921","2026-10-01 23:18:26.579","rVOHkLXnvpE","18495940","[PREMIUM]","[PREMIUM]","[PREMIUM]","118","Section 118","17",2,"[]","2027-02-26 00:00:00","mobile_transfer","exchange",0,"[PREMIUM]","2"
"vb3iPgkAp84","2026-09-18 23:58:54.921","2026-09-22 01:08:28.949","vb3iPgkAp84","18495940","[PREMIUM]","[PREMIUM]","[PREMIUM]","102","Section 102","23",19,"[]","2027-02-26 00:00:00","electronic","exchange",0,"[PREMIUM]","2,3,4,5,6,7,8,9,10,11,12,13,14,15,16,17,18,19"
"vb3iPgkOn8w","2026-09-18 23:58:54.921","2026-09-18 23:58:54.921","vb3iPgkOn8w","18495940","[PREMIUM]","[PREMIUM]","[PREMIUM]","210","Section 210","5",8,"['5','6','7','8','9','10','11','12']",,"electronic","exchange",2,"[PREMIUM]","1,2,3,4,5,6,8"
"vb3iPgkApv4","2026-09-18 23:58:54.921","2026-10-01 23:18:26.579","vb3iPgkApv4","18495940","[PREMIUM]","[PREMIUM]","[PREMIUM]","213","Section 213","2",4,"[]","2027-02-26 00:00:00","mobile_transfer","exchange",0,"[PREMIUM]","2,4"
"vb3iPgkPaxd","2026-09-18 23:58:54.921","2026-10-01 23:18:26.579","vb3iPgkPaxd","18495940","[PREMIUM]","[PREMIUM]","[PREMIUM]","209","Section 209","3",4,"[]","2027-02-26 00:00:00","mobile_transfer","exchange",1,"[PREMIUM]","2,4"
"vb3iPgkY7RN","2026-09-18 23:58:54.921","2026-10-01 23:18:26.579","vb3iPgkY7RN","18495940","[PREMIUM]","[PREMIUM]","[PREMIUM]","114","Section 114","22",2,"[]","2027-02-26 00:00:00","mobile_transfer","exchange",2,"[PREMIUM]","2"
"w3JseaGzZXa","2026-09-18 23:58:54.921","2026-09-18 23:58:54.921","w3JseaGzZXa","18495940","[PREMIUM]","[PREMIUM]","[PREMIUM]","118","Section 118","19",8,"['5','6','7','8','9','10','11','12']",,"electronic","exchange",0,"[PREMIUM]","1,2,3,4,5,6,8"
"w3JseaGq2Ya","2026-09-18 23:58:54.921","2026-09-30 01:11:16.114","w3JseaGq2Ya","18495940","[PREMIUM]","[PREMIUM]","[PREMIUM]","208","Section 208","4",6,"[]","2027-02-26 00:00:00","mobile_transfer","exchange",2,"[PREMIUM]","1,2,3,4,5,6"
"w3JseaGq2Yl","2026-09-18 23:58:54.921","2026-10-01 23:18:26.579","w3JseaGq2Yl","18495940","[PREMIUM]","[PREMIUM]","[PREMIUM]","213","Section 213","3",6,"[]","2027-02-26 00:00:00","mobile_transfer","exchange",1,"[PREMIUM]","1,2,3,4,5,6"
"w3JseaG4owq","2026-09-18 23:58:54.921","2026-10-01 23:18:26.579","w3JseaG4owq","18495940","[PREMIUM]","[PREMIUM]","[PREMIUM]","215","Section 215","2",11,"[]","2027-02-26 00:00:00","mobile_transfer","exchange",1,"[PREMIUM]","2,3,4,5,6,7,8,9,10,11"
"w3JseaG4omv","2026-09-18 23:58:54.921","2026-10-01 23:18:26.579","w3JseaG4omv","18495940","[PREMIUM]","[PREMIUM]","[PREMIUM]","225","Section 225","4",7,"[]","2027-02-26 00:00:00","mobile_transfer","exchange",1,"[PREMIUM]","2,3,4,5,6,7"
"w3JseaG4o6q","2026-09-18 23:58:54.921","2026-10-01 23:18:26.579","w3JseaG4o6q","18495940","[PREMIUM]","[PREMIUM]","[PREMIUM]","115","Section 115","22",13,"[]","2027-02-26 00:00:00","mobile_transfer","exchange",0,"[PREMIUM]","2,3,4,5,6,7,8,9,10,11,12,13"
"w3JseaG4X2B","2026-09-18 23:58:54.921","2026-10-01 23:18:26.579","w3JseaG4X2B","18495940","[PREMIUM]","[PREMIUM]","[PREMIUM]","228","Section 228","4",4,"[]","2027-02-26 00:00:00","mobile_transfer","exchange",1,"[PREMIUM]","2,4"
"xb9imMerRpl","2026-09-18 23:58:54.921","2026-10-01 23:18:26.579","xb9imMerRpl","18495940","[PREMIUM]","[PREMIUM]","[PREMIUM]","210","Section 210","4",2,"[]","2027-02-26 00:00:00","mobile_transfer","exchange",1,"[PREMIUM]","2"
"z3Es6BLPd4n","2026-09-18 23:58:54.921","2026-09-22 01:08:28.949","z3Es6BLPd4n","18495940","[PREMIUM]","[PREMIUM]","[PREMIUM]","103","Section 103","22",4,"[]","2027-02-26 00:00:00","electronic","exchange",0,"[PREMIUM]","2,4"
"z3Es6BLDao5","2026-09-18 23:58:54.921","2026-09-22 01:08:28.949","z3Es6BLDao5","18495940","[PREMIUM]","[PREMIUM]","[PREMIUM]","117","Section 117","23",5,"[]","2027-02-26 00:00:00","electronic","exchange",2,"[PREMIUM]","1,2,3,4,5"
"z3Es6BLPd0n","2026-09-18 23:58:54.921","2026-10-01 23:18:26.579","z3Es6BLPd0n","18495940","[PREMIUM]","[PREMIUM]","[PREMIUM]","213","Section 213","3",6,"[]","2027-02-26 00:00:00","mobile_transfer","exchange",0,"[PREMIUM]","2,3,4,5,6"
"6mOhkO9qoYz","2026-09-18 23:58:47.403","2026-09-18 23:58:47.403","6mOhkO9qoYz","18496102","[PREMIUM]","[PREMIUM]","[PREMIUM]","7","Section 7","6",4,"[]","2027-03-07 00:00:00","electronic","exchange",2,"[PREMIUM]","4"
"6mOhkO9qkv7","2026-09-18 23:58:47.403","2026-09-18 23:58:47.403","6mOhkO9qkv7","18496102","[PREMIUM]","[PREMIUM]","[PREMIUM]","16","Section 16","7",2,"[]","2027-03-07 00:00:00","electronic","exchange",2,"[PREMIUM]","2"
"6mOhkO9qAj4","2026-09-18 23:58:47.403","2026-09-18 23:58:47.403","6mOhkO9qAj4","18496102","[PREMIUM]","[PREMIUM]","[PREMIUM]","6","Section 6","9",4,"[]","2027-03-07 00:00:00","electronic","exchange",2,"[PREMIUM]","4"
"9P2c52ONwE9","2026-09-18 23:58:47.403","2026-09-18 23:58:47.403","9P2c52ONwE9","18496102","[PREMIUM]","[PREMIUM]","[PREMIUM]","18","Section 18","8",4,"[]","2027-03-07 00:00:00","electronic","exchange",2,"[PREMIUM]","4"
"JABI3Bgr9Eg","2026-09-18 23:58:47.403","2026-09-18 23:58:47.403","JABI3Bgr9Eg","18496102","[PREMIUM]","[PREMIUM]","[PREMIUM]","101","Section 101","7",4,"[]","2027-03-07 00:00:00","electronic","exchange",2,"[PREMIUM]","4"
"JABI3BgOnJd","2026-09-18 23:58:47.403","2026-10-01 23:20:12.364","JABI3BgOnJd","18496102","[PREMIUM]","[PREMIUM]","[PREMIUM]","18","Section 18","12",5,"[]","2027-03-07 00:00:00","mobile_transfer","exchange",3,"[PREMIUM]","1,2,3,4,5"
"MAeIPXe4BDL","2026-09-18 23:58:47.403","2026-09-18 23:58:47.403","MAeIPXe4BDL","18496102","[PREMIUM]","[PREMIUM]","[PREMIUM]","210","Section 210","1",2,"[]","2027-03-07 00:00:00","electronic","exchange",5,"[PREMIUM]","2"
"NrqUvm5e4og","2026-09-18 23:58:47.403","2026-09-18 23:58:47.403","NrqUvm5e4og","18496102","[PREMIUM]","[PREMIUM]","[PREMIUM]","16","Section 16","14",4,"[]","2027-03-07 00:00:00","electronic","exchange",2,"[PREMIUM]","4"
"Zm9hvlmGwAB","2026-09-18 23:58:47.403","2026-09-18 23:58:47.403","Zm9hvlmGwAB","18496102","[PREMIUM]","[PREMIUM]","[PREMIUM]","13","Section 13","4",3,"[]","2027-03-07 00:00:00","electronic","exchange",2,"[PREMIUM]","3"
"agktl8GZD5B","2026-09-18 23:58:47.403","2026-09-18 23:58:47.403","agktl8GZD5B","18496102","[PREMIUM]","[PREMIUM]","[PREMIUM]","5","Section 5","15",4,"[]","2027-03-07 00:00:00","electronic","exchange",2,"[PREMIUM]","4"
"b4wUak37oda","2026-09-18 23:58:47.403","2026-09-18 23:58:47.403","b4wUak37oda","18496102","[PREMIUM]","[PREMIUM]","[PREMIUM]","224","Section 224","3",4,"[]","2027-03-07 00:00:00","electronic","exchange",5,"[PREMIUM]","4"
"oV7HbAnJ4jv","2026-09-18 23:58:47.403","2026-09-18 23:58:47.403","oV7HbAnJ4jv","18496102","[PREMIUM]","[PREMIUM]","[PREMIUM]","208","Section 208","1",2,"[]","2027-03-07 00:00:00","electronic","exchange",1,"[PREMIUM]","2"
"qVjH2rZl7jP","2026-09-18 23:58:47.403","2026-09-18 23:58:47.403","qVjH2rZl7jP","18496102","[PREMIUM]","[PREMIUM]","[PREMIUM]","208","Section 208","1",2,"[]","2027-03-07 00:00:00","electronic","exchange",5,"[PREMIUM]","2"
"rVOHkLzVR5R","2026-09-18 23:58:47.403","2026-09-18 23:58:47.403","rVOHkLzVR5R","18496102","[PREMIUM]","[PREMIUM]","[PREMIUM]","15","Section 15","14",4,"[]","2027-03-07 00:00:00","electronic","exchange",2,"[PREMIUM]","4"
"w3JseaG7dA6","2026-09-18 23:58:47.403","2026-09-18 23:58:47.403","w3JseaG7dA6","18496102","[PREMIUM]","[PREMIUM]","[PREMIUM]","4","Section 4","10",4,"[]","2027-03-07 00:00:00","electronic","exchange",2,"[PREMIUM]","4"
"z3Es6BLKqvg","2026-09-18 23:58:47.403","2026-09-18 23:58:47.403","z3Es6BLKqvg","18496102","[PREMIUM]","[PREMIUM]","[PREMIUM]","17","Section 17","15",4,"[]","2027-03-07 00:00:00","electronic","exchange",2,"[PREMIUM]","4"
"05VT8DjrrNV","2026-09-18 23:58:40.437","2026-10-01 23:20:16.484","05VT8DjrrNV","18494483","[PREMIUM]","[PREMIUM]","[PREMIUM]","216A","Section 216 A","10",6,"[]","2027-03-07 00:00:00","mobile_transfer","exchange",1,"[PREMIUM]","1,2,3,4,5,6"
"2v0czR4AA5b","2026-09-18 23:58:40.437","2026-10-01 23:20:16.484","2v0czR4AA5b","18494483","[PREMIUM]","[PREMIUM]","[PREMIUM]","203","Section 203","12",2,"[]","2027-03-07 00:00:00","mobile_transfer","exchange",2,"[PREMIUM]","1,2"
"3q7fN7kRRj0","2026-09-18 23:58:40.437","2026-10-01 23:20:16.484","3q7fN7kRRj0","18494483","[PREMIUM]","[PREMIUM]","[PREMIUM]","119","Section 119","17",2,"[]","2027-03-07 00:00:00","mobile_transfer","exchange",3,"[PREMIUM]","1,2"
"4vXcjX8DDA6","2026-09-18 23:58:40.437","2026-10-01 23:20:16.484","4vXcjX8DDA6","18494483","[PREMIUM]","[PREMIUM]","[PREMIUM]","212","Section 212","6",2,"[]","2027-03-07 00:00:00","mobile_transfer","exchange",3,"[PREMIUM]","1,2"
"5EjuZjXGG5e","2026-09-18 23:58:40.437","2026-09-22 01:13:09.265","5EjuZjXGG5e","18494483","[PREMIUM]","[PREMIUM]","[PREMIUM]","224","Section 224","11",4,"[]","2027-03-07 00:00:00","electronic","exchange",1,"[PREMIUM]","1,2,3,4"
"6mOhkO0qqDK","2026-09-18 23:58:40.437","2026-09-22 01:13:09.265","6mOhkO0qqDK","18494483","[PREMIUM]","[PREMIUM]","[PREMIUM]","106","Section 106","18",2,"[]","2027-03-07 00:00:00","electronic","exchange",2,"[PREMIUM]","2"
"7KntAn4vvRj","2026-09-18 23:58:40.437","2026-09-22 01:13:09.265","7KntAn4vvRj","18494483","[PREMIUM]","[PREMIUM]","[PREMIUM]","223","Section 223","15",4,"[]","2027-03-07 00:00:00","electronic","exchange",2,"[PREMIUM]","1,2,3,4"
"8lKt6Dv44Z2","2026-09-18 23:58:40.437","2026-10-01 23:20:16.484","8lKt6Dv44Z2","18494483","[PREMIUM]","[PREMIUM]","[PREMIUM]","216","Section 216","10",4,"[]","2027-03-07 00:00:00","mobile_transfer","exchange",0,"[PREMIUM]","1,2,3,4"
"9P2c52LwwgP","2026-09-18 23:58:40.437","2026-09-22 01:13:09.265","9P2c52LwwgP","18494483","[PREMIUM]","[PREMIUM]","[PREMIUM]","123","Section 123","21",3,"[]","2027-03-07 00:00:00","electronic","exchange",1,"[PREMIUM]","1,2,3"
"9P2c52LwwgJ","2026-09-18 23:58:40.437","2026-09-18 23:58:40.437","9P2c52LwwgJ","18494483","[PREMIUM]","[PREMIUM]","[PREMIUM]","217","Section 217","8",6,"[]","2027-03-07 00:00:00","electronic","exchange",0,"[PREMIUM]","1,2,3,4,5,6"
"A6rs2rRbbLx","2026-09-18 23:58:40.437","2026-10-01 23:20:16.484","A6rs2rRbbLx","18494483","[PREMIUM]","[PREMIUM]","[PREMIUM]","201","Section 201","15",3,"[]","2027-03-07 00:00:00","mobile_transfer","exchange",2,"[PREMIUM]","1,2,3"
"BALImDzddNO","2026-09-18 23:58:40.437","2026-10-01 23:20:16.484","BALImDzddNO","18494483","[PREMIUM]","[PREMIUM]","[PREMIUM]","109","Section 109","20",2,"[]","2027-03-07 00:00:00","mobile_transfer","exchange",2,"[PREMIUM]","1,2"
"EroUXDLkk0K","2026-09-18 23:58:40.437","2026-09-22 01:13:09.265","EroUXDLkk0K","18494483","[PREMIUM]","[PREMIUM]","[PREMIUM]","214","Section 214","11",3,"[]","2027-03-07 00:00:00","electronic","exchange",1,"[PREMIUM]","1,3"
"GAaI6bzEE40","2026-09-18 23:58:40.437","2026-10-01 23:20:16.484","GAaI6bzEE40","18494483","[PREMIUM]","[PREMIUM]","[PREMIUM]","206","Section 206","10",2,"[]","2027-03-07 00:00:00","mobile_transfer","exchange",2,"[PREMIUM]","1,2"
"JABI3Bprr8q","2026-09-18 23:58:40.437","2026-09-22 01:13:09.265","JABI3Bprr8q","18494483","[PREMIUM]","[PREMIUM]","[PREMIUM]","110","Section 110","20",2,"[]","2027-03-07 00:00:00","electronic","exchange",2,"[PREMIUM]","1,2"
"JABI3Bprr8n","2026-09-18 23:58:40.437","2026-10-01 23:20:16.484","JABI3Bprr8n","18494483","[PREMIUM]","[PREMIUM]","[PREMIUM]","219A","Section 219 A","14",4,"[]","2027-03-07 00:00:00","mobile_transfer","exchange",3,"[PREMIUM]","1,2,3,4"
"KezczbXBB8B","2026-09-18 23:58:40.437","2026-09-22 01:13:09.265","KezczbXBB8B","18494483","[PREMIUM]","[PREMIUM]","[PREMIUM]","211","Section 211","15",4,"[]","2027-03-07 00:00:00","electronic","exchange",2,"[PREMIUM]","1,2,4"
"LbviLmdeeJd","2026-09-18 23:58:40.437","2026-10-01 23:20:16.484","LbviLmdeeJd","18494483","[PREMIUM]","[PREMIUM]","[PREMIUM]","207","Section 207","14",4,"[]","2027-03-07 00:00:00","mobile_transfer","exchange",2,"[PREMIUM]","1,2,4"
"MAeIPXk4497","2026-09-18 23:58:40.437","2026-10-01 23:20:16.484","MAeIPXk4497","18494483","[PREMIUM]","[PREMIUM]","[PREMIUM]","107","Section 107","9",2,"[]","2027-03-07 00:00:00","mobile_transfer","exchange",2,"[PREMIUM]","1,2"
"NrqUvmOeend","2026-09-18 23:58:40.437","2026-10-01 23:20:16.484","NrqUvmOeend","18494483","[PREMIUM]","[PREMIUM]","[PREMIUM]","115","Section 115","14",2,"[]","2027-03-07 00:00:00","mobile_transfer","exchange",2,"[PREMIUM]","1,2"
"O7Ahw75LLdl","2026-09-18 23:58:40.437","2026-09-22 01:13:09.265","O7Ahw75LLdl","18494483","[PREMIUM]","[PREMIUM]","[PREMIUM]","116","Section 116","21",2,"[]","2027-03-07 00:00:00","electronic","exchange",1,"[PREMIUM]","1,2"
"PX0sg7N33Z7","2026-09-18 23:58:40.437","2026-10-01 23:20:16.484","PX0sg7N33Z7","18494483","[PREMIUM]","[PREMIUM]","[PREMIUM]","210","Section 210","14",4,"[]","2027-03-07 00:00:00","mobile_transfer","exchange",1,"[PREMIUM]","1,2,3,4"
"ROXHzAVbb3k","2026-09-18 23:58:40.437","2026-10-01 23:20:16.484","ROXHzAVbb3k","18494483","[PREMIUM]","[PREMIUM]","[PREMIUM]","111","Section 111","20",2,"[]","2027-03-07 00:00:00","mobile_transfer","exchange",2,"[PREMIUM]","1,2"
"V4KU0eABBjk","2026-09-18 23:58:40.437","2026-10-01 23:20:16.484","V4KU0eABBjk","18494483","[PREMIUM]","[PREMIUM]","[PREMIUM]","221","Section 221","11",2,"[]","2027-03-07 00:00:00","mobile_transfer","exchange",2,"[PREMIUM]","1,2"
"X03tKbRvvVX","2026-09-18 23:58:40.437","2026-09-22 01:13:09.265","X03tKbRvvVX","18494483","[PREMIUM]","[PREMIUM]","[PREMIUM]","207A","Section 207 A","14",4,"[]","2027-03-07 00:00:00","electronic","exchange",2,"[PREMIUM]","1,2,4"
"YgJtkDRLLVY","2026-09-18 23:58:40.437","2026-10-01 23:20:16.484","YgJtkDRLLVY","18494483","[PREMIUM]","[PREMIUM]","[PREMIUM]","210A","Section 210 A","13",4,"[]","2027-03-07 00:00:00","mobile_transfer","exchange",1,"[PREMIUM]","1,2,3,4"
"agktl8JZZ4B","2026-09-18 23:58:40.437","2026-09-22 01:13:09.265","agktl8JZZ4B","18494483","[PREMIUM]","[PREMIUM]","[PREMIUM]","118","Section 118","26",2,"[]","2027-03-07 00:00:00","electronic","exchange",2,"[PREMIUM]","1,2"
"Zm9hvlZGG2p","2026-09-18 23:58:40.437","2026-10-01 23:20:16.484","Zm9hvlZGG2p","18494483","[PREMIUM]","[PREMIUM]","[PREMIUM]","108","Section 108","15",2,"[]","2027-03-07 00:00:00","mobile_transfer","exchange",2,"[PREMIUM]","1,2"
"b4wUak277N5","2026-09-18 23:58:40.437","2026-10-01 23:20:16.484","b4wUak277N5","18494483","[PREMIUM]","[PREMIUM]","[PREMIUM]","213","Section 213","14",2,"[]","2027-03-07 00:00:00","mobile_transfer","exchange",2,"[PREMIUM]","1,2"
"dNgUgx2qqkb","2026-09-18 23:58:40.437","2026-10-01 23:20:16.484","dNgUgx2qqkb","18494483","[PREMIUM]","[PREMIUM]","[PREMIUM]","105","Section 105","20",2,"[]","2027-03-07 00:00:00","mobile_transfer","exchange",2,"[PREMIUM]","1,2"
"eeacKjLqqwp","2026-09-18 23:58:40.437","2026-10-01 23:20:16.484","eeacKjLqqwp","18494483","[PREMIUM]","[PREMIUM]","[PREMIUM]","121","Section 121","20",2,"[]","2027-03-07 00:00:00","mobile_transfer","exchange",2,"[PREMIUM]","1,2"
"g48UrnzmmgJ","2026-09-18 23:58:40.437","2026-10-01 23:20:16.484","g48UrnzmmgJ","18494483","[PREMIUM]","[PREMIUM]","[PREMIUM]","215","Section 215","10",4,"[]","2027-03-07 00:00:00","mobile_transfer","exchange",2,"[PREMIUM]","1,2,4"
"jDvsz3RNN85","2026-09-18 23:58:40.437","2026-09-22 01:13:09.265","jDvsz3RNN85","18494483","[PREMIUM]","[PREMIUM]","[PREMIUM]","209","Section 209","14",4,"[]","2027-03-07 00:00:00","electronic","exchange",1,"[PREMIUM]","1,2,3,4"
"mxAs4AjMMvv","2026-09-18 23:58:40.437","2026-10-01 23:20:16.484","mxAs4AjMMvv","18494483","[PREMIUM]","[PREMIUM]","[PREMIUM]","205","Section 205","13",4,"[]","2027-03-07 00:00:00","mobile_transfer","exchange",1,"[PREMIUM]","1,2,3,4"
"nx0srELbb7X","2026-09-18 23:58:40.437","2026-10-01 23:20:16.484","nx0srELbb7X","18494483","[PREMIUM]","[PREMIUM]","[PREMIUM]","120","Section 120","14",2,"[]","2027-03-07 00:00:00","mobile_transfer","exchange",2,"[PREMIUM]","1,2"
"qVjH2rGllOj","2026-09-18 23:58:40.437","2026-10-01 23:20:16.484","qVjH2rGllOj","18494483","[PREMIUM]","[PREMIUM]","[PREMIUM]","222A","Section 222 A","14",2,"[]","2027-03-07 00:00:00","mobile_transfer","exchange",1,"[PREMIUM]","1,2"
"vb3iPg7xxJj","2026-09-18 23:58:40.437","2026-10-01 23:20:16.484","vb3iPg7xxJj","18494483","[PREMIUM]","[PREMIUM]","[PREMIUM]","204A","Section 204 A","14",2,"[]","2027-03-07 00:00:00","mobile_transfer","exchange",1,"[PREMIUM]","1,2"
"rVOHkLXVVOl","2026-09-18 23:58:40.437","2026-10-01 23:20:16.484","rVOHkLXVVOl","18494483","[PREMIUM]","[PREMIUM]","[PREMIUM]","209A","Section 209 A","13",2,"[]","2027-03-07 00:00:00","mobile_transfer","exchange",2,"[PREMIUM]","1,2"
"xb9imM4dd6X","2026-09-18 23:58:40.437","2026-10-01 23:20:16.484","xb9imM4dd6X","18494483","[PREMIUM]","[PREMIUM]","[PREMIUM]","205A","Section 205 A","13",2,"[]","2027-03-07 00:00:00","mobile_transfer","exchange",2,"[PREMIUM]","2"
"z3Es6BaKKl7","2026-09-18 23:58:40.437","2026-10-01 23:20:16.484","z3Es6BaKKl7","18494483","[PREMIUM]","[PREMIUM]","[PREMIUM]","104","Section 104","23",2,"[]","2027-03-07 00:00:00","mobile_transfer","exchange",2,"[PREMIUM]","1,2"
"4vXcjX8naLR","2026-09-18 23:58:35.957","2026-09-26 01:39:52.845","4vXcjX8naLR","18495044","[PREMIUM]","[PREMIUM]","[PREMIUM]","104","Section 104","16",4,"['7','8','9','10']","2027-03-04 00:00:00","mobile_transfer","exchange",2,"[PREMIUM]","2,4"
"4vXcjXe9pdp","2026-09-18 23:58:35.957","2026-10-01 23:20:10.788","4vXcjXe9pdp","18495044","[PREMIUM]","[PREMIUM]","[PREMIUM]","103","Section 103","12",2,"[]","2027-03-05 00:00:00","mobile_transfer","exchange",1,"[PREMIUM]","2"
"5EjuZjkOXjg","2026-09-18 23:58:35.957","2026-09-28 00:39:26.629","5EjuZjkOXjg","18495044","[PREMIUM]","[PREMIUM]","[PREMIUM]","121","Section 121","14",1,"['15']","2027-03-04 00:00:00","mobile_transfer","exchange",5,"[PREMIUM]","1"
"5EjuZjk45NV","2026-09-18 23:58:35.957","2026-09-28 00:39:26.629","5EjuZjk45NV","18495044","[PREMIUM]","[PREMIUM]","[PREMIUM]","103","Section 103","12",1,"['5']","2027-03-04 00:00:00","mobile_transfer","exchange",5,"[PREMIUM]","1"
"7KntAnOBLXD","2026-09-18 23:58:35.957","2026-09-28 00:39:26.629","7KntAnOBLXD","18495044","[PREMIUM]","[PREMIUM]","[PREMIUM]","219","Section 219","17",2,"['5','6']","2027-03-04 00:00:00","mobile_transfer","exchange",5,"[PREMIUM]","2"
"9P2c52L9b38","2026-09-18 23:58:35.957","2026-10-01 23:20:10.788","9P2c52L9b38","18495044","[PREMIUM]","[PREMIUM]","[PREMIUM]","119","Section 119","10",2,"['3','4']","2027-03-04 00:00:00","mobile_transfer","exchange",2,"[PREMIUM]","2"
"JABI3BpYg5M","2026-09-18 23:58:35.957","2026-10-01 23:20:10.788","JABI3BpYg5M","18495044","[PREMIUM]","[PREMIUM]","[PREMIUM]","108","Section 108","7",1,"[]","2027-03-05 00:00:00","mobile_transfer","exchange",0,"[PREMIUM]","1"
"KezczbX2vKb","2026-09-18 23:58:35.957","2026-10-01 23:20:10.788","KezczbX2vKb","18495044","[PREMIUM]","[PREMIUM]","[PREMIUM]","119","Section 119","10",2,"[]","2027-03-05 00:00:00","mobile_transfer","exchange",2,"[PREMIUM]","2"
"LbviLmd3DKL","2026-09-18 23:58:35.957","2026-09-26 01:39:52.845","LbviLmd3DKL","18495044","[PREMIUM]","[PREMIUM]","[PREMIUM]","104","Section 104","16",4,"[]","2027-03-05 00:00:00","mobile_transfer","exchange",1,"[PREMIUM]","4"
"O7Ahw7EEpnB","2026-09-18 23:58:35.957","2026-10-01 23:20:10.788","O7Ahw7EEpnB","18495044","[PREMIUM]","[PREMIUM]","[PREMIUM]","204","Section 204","10",2,"[]","2027-03-05 00:00:00","mobile_transfer","exchange",0,"[PREMIUM]","2"
"PX0sg7NvgL5","2026-09-18 23:58:35.957","2026-10-01 23:20:10.788","PX0sg7NvgL5","18495044","[PREMIUM]","[PREMIUM]","[PREMIUM]","214","Section 214","3",4,"['12','13','14','15']","2027-03-04 00:00:00","mobile_transfer","exchange",5,"[PREMIUM]","4"
"YgJtkD9AVXj","2026-09-18 23:58:35.957","2026-09-18 23:58:35.957","YgJtkD9AVXj","18495044","[PREMIUM]","[PREMIUM]","[PREMIUM]","201","Section 201","1",1,"['1']","2027-03-04 00:00:00","electronic","exchange",5,"[PREMIUM]","1"
"agktl8GKVZg","2026-09-18 23:58:35.957","2026-10-01 23:20:10.788","agktl8GKVZg","18495044","[PREMIUM]","[PREMIUM]","[PREMIUM]","206","Section 206","12",2,"[]","2027-03-06 00:00:00","mobile_transfer","exchange",1,"[PREMIUM]","2"
"eeacKjlEDo7","2026-09-18 23:58:35.957","2026-10-01 23:20:10.788","eeacKjlEDo7","18495044","[PREMIUM]","[PREMIUM]","[PREMIUM]","206","Section 206","12",2,"[]","2027-03-06 00:00:00","mobile_transfer","exchange",0,"[PREMIUM]","2"
"pVXHD4KoL0R","2026-09-18 23:58:35.957","2026-09-18 23:58:35.957","pVXHD4KoL0R","18495044","[PREMIUM]","[PREMIUM]","[PREMIUM]","204","Section 204","10",1,"['5']","2027-03-04 00:00:00","electronic","exchange",4,"[PREMIUM]","1"
"pVXHD4k0m5x","2026-09-18 23:58:35.957","2026-10-01 23:20:10.788","pVXHD4k0m5x","18495044","[PREMIUM]","[PREMIUM]","[PREMIUM]","119","Section 119","10",2,"[]","2027-03-05 00:00:00","mobile_transfer","exchange",1,"[PREMIUM]","2"
"qVjH2rZVALg","2026-09-18 23:58:35.957","2026-10-01 23:20:10.788","qVjH2rZVALg","18495044","[PREMIUM]","[PREMIUM]","[PREMIUM]","204","Section 204","10",2,"[]","2027-03-05 00:00:00","mobile_transfer","exchange",0,"[PREMIUM]","2"
"vb3iPg7OY5d","2026-09-18 23:58:35.957","2026-09-26 01:39:52.845","vb3iPg7OY5d","18495044","[PREMIUM]","[PREMIUM]","[PREMIUM]","104","Section 104","16",4,"[]","2027-03-05 00:00:00","mobile_transfer","exchange",1,"[PREMIUM]","2,4"
"vb3iPg7ZkRn","2026-09-18 23:58:35.957","2026-10-01 23:20:10.788","vb3iPg7ZkRn","18495044","[PREMIUM]","[PREMIUM]","[PREMIUM]","214","Section 214","3",4,"[]","2027-03-05 00:00:00","mobile_transfer","exchange",3,"[PREMIUM]","4"
"rVOHkLzYNY8","2026-09-18 23:58:35.957","2026-10-01 23:20:10.788","rVOHkLzYNY8","18495044","[PREMIUM]","[PREMIUM]","[PREMIUM]","202","Section 202","11",3,"[]","2027-03-06 00:00:00","mobile_transfer","exchange",1,"[PREMIUM]","1,3"
"xb9imMe5NZj","2026-09-18 23:58:35.957","2026-10-01 23:20:10.788","xb9imMe5NZj","18495044","[PREMIUM]","[PREMIUM]","[PREMIUM]","220","Section 220","16",4,"[]","2027-03-06 00:00:00","mobile_transfer","exchange",1,"[PREMIUM]","2,4"
"xb9imM4V8Ve","2026-09-18 23:58:35.957","2026-10-01 23:20:10.788","xb9imM4V8Ve","18495044","[PREMIUM]","[PREMIUM]","[PREMIUM]","205","Section 205","21",2,"['7','8']","2027-03-06 00:00:00","mobile_transfer","exchange",1,"[PREMIUM]","2"
"05VT8D5aD2N","2026-09-18 23:58:35.842","2026-10-01 23:20:12.553","05VT8D5aD2N","18494548","[PREMIUM]","[PREMIUM]","[PREMIUM]","306","Section 306","3",6,"[]","2027-03-06 00:00:00","mobile_transfer","exchange",1,"[PREMIUM]","1,2,3,4,5,6"
"3q7fN7kAlrP","2026-09-18 23:58:35.842","2026-10-01 23:20:12.553","3q7fN7kAlrP","18494548","[PREMIUM]","[PREMIUM]","[PREMIUM]","332","Section 332","13",4,"[]","2027-03-05 00:00:00","mobile_transfer","exchange",1,"[PREMIUM]","4"
"9P2c52OKMNp","2026-09-18 23:58:35.842","2026-10-01 23:20:12.553","9P2c52OKMNp","18494548","[PREMIUM]","[PREMIUM]","[PREMIUM]","330","Section 330","9",2,"[]","2027-03-03 00:00:00","mobile_transfer","exchange",0,"[PREMIUM]","2"
"9P2c52O98j0","2026-09-18 23:58:35.842","2026-10-01 23:20:12.553","9P2c52O98j0","18494548","[PREMIUM]","[PREMIUM]","[PREMIUM]","UCTER","Ucter","3b",4,"[]","2027-03-05 00:00:00","mobile_transfer","exchange",2,"[PREMIUM]","1,2,3,4"
"A6rs2rjDLZn","2026-09-18 23:58:35.842","2026-09-25 00:40:59.992","A6rs2rjDLZn","18494548","[PREMIUM]","[PREMIUM]","[PREMIUM]","115","Section 115","7",4,"[]","2027-03-06 00:00:00","electronic","exchange",0,"[PREMIUM]","2,4"
"A6rs2rj3836","2026-09-18 23:58:35.842","2026-10-01 23:20:12.553","A6rs2rj3836","18494548","[PREMIUM]","[PREMIUM]","[PREMIUM]","330","Section 330","9",2,"['1','2']","2027-03-03 00:00:00","mobile_transfer","exchange",0,"[PREMIUM]","2"
"DdwHkw6gqbR","2026-09-18 23:58:35.842","2026-10-01 23:20:12.553","DdwHkw6gqbR","18494548","[PREMIUM]","[PREMIUM]","[PREMIUM]","306","Section 306","3",8,"[]","2027-03-05 00:00:00","mobile_transfer","exchange",1,"[PREMIUM]","1,2,3,4,5,6,7,8"
"O7Ahw7Er5Nv","2026-09-18 23:58:35.842","2026-09-28 00:39:33.831","O7Ahw7Er5Nv","18494548","[PREMIUM]","[PREMIUM]","[PREMIUM]","117","Section 117","k",2,"['1','2']","2027-03-04 00:00:00","mobile_transfer","exchange",5,"[PREMIUM]","2"
"X03tKbAl3d8","2026-09-18 23:58:35.842","2026-10-01 23:20:12.553","X03tKbAl3d8","18494548","[PREMIUM]","[PREMIUM]","[PREMIUM]","105","Section 105","18",4,"['7','8','9','10']","2027-03-07 00:00:00","mobile_transfer","exchange",1,"[PREMIUM]","2,4"
"jDvsz3R993q","2026-09-18 23:58:35.842","2026-10-01 23:20:12.553","jDvsz3R993q","18494548","[PREMIUM]","[PREMIUM]","[PREMIUM]","332","Section 332","13",4,"['19','20','21','22']","2027-03-04 00:00:00","mobile_transfer","exchange",1,"[PREMIUM]","4"
"kYet9JkZGrR","2026-09-18 23:58:35.842","2026-10-01 00:40:49.530","kYet9JkZGrR","18494548","[PREMIUM]","[PREMIUM]","[PREMIUM]","306","Section 306","3",8,"[]","2027-03-06 00:00:00","mobile_transfer","exchange",1,"[PREMIUM]","1,2,3,4,6,8"
"lxVsd96gDm8","2026-09-18 23:58:35.842","2026-10-01 23:20:12.553","lxVsd96gDm8","18494548","[PREMIUM]","[PREMIUM]","[PREMIUM]","114","Section 114","13",3,"['11','12','13']","2027-03-05 00:00:00","mobile_transfer","exchange",0,"[PREMIUM]","3"
"lxVsd9202ED","2026-09-18 23:58:35.842","2026-10-01 23:20:12.553","lxVsd9202ED","18494548","[PREMIUM]","[PREMIUM]","[PREMIUM]","332","Section 332","13",4,"[]","2027-03-05 00:00:00","mobile_transfer","exchange",1,"[PREMIUM]","4"
"mxAs4AzlXVv","2026-09-18 23:58:35.842","2026-09-21 00:31:22.563","mxAs4AzlXVv","18494548","[PREMIUM]","[PREMIUM]","[PREMIUM]","UCTER","Ucter","3b",2,"[]","2027-03-06 00:00:00","electronic","exchange",2,"[PREMIUM]","2"
"mxAs4AzVqN3","2026-09-18 23:58:35.842","2026-10-01 00:40:49.530","mxAs4AzVqN3","18494548","[PREMIUM]","[PREMIUM]","[PREMIUM]","UCTER","Ucter","3b",4,"[]","2027-03-05 00:00:00","mobile_transfer","exchange",2,"[PREMIUM]","1,2,3,4"
"pVXHD4kqgrG","2026-09-18 23:58:35.842","2026-09-22 01:10:30.859","pVXHD4kqgrG","18494548","[PREMIUM]","[PREMIUM]","[PREMIUM]","UCTER","Ucter","1",8,"[]","2027-03-05 00:00:00","electronic","exchange",2,"[PREMIUM]","1,2,3,4,5,6,7,8"
"rVOHkLznXxR","2026-09-18 23:58:35.842","2026-09-30 01:12:46.238","rVOHkLznXxR","18494548","[PREMIUM]","[PREMIUM]","[PREMIUM]","306","Section 306","3",8,"[]","2027-03-05 00:00:00","mobile_transfer","exchange",2,"[PREMIUM]","1,2,3,4,5,6,7,8"
"z3Es6BLLOwv","2026-09-18 23:58:35.842","2026-10-01 23:20:12.553","z3Es6BLLOwv","18494548","[PREMIUM]","[PREMIUM]","[PREMIUM]","110","Section 110","20",2,"['92','93']","2027-03-07 00:00:00","mobile_transfer","exchange",0,"[PREMIUM]","1,2"
"05VT8D5NjBJ","2026-09-18 23:58:29.484","2026-09-28 00:42:57.850","05VT8D5NjBJ","18495788","[PREMIUM]","[PREMIUM]","[PREMIUM]","315","Section 315","11",8,"[]","2027-03-05 00:00:00","mobile_transfer","exchange",1,"[PREMIUM]","1,2,3,4,5,6,7,8"
"05VT8D56wap","2026-09-18 23:58:29.484","2026-09-24 00:59:04.923","05VT8D56wap","18495788","[PREMIUM]","[PREMIUM]","[PREMIUM]","321","Section 321","11",12,"[]","2027-03-06 00:00:00","electronic","exchange",1,"[PREMIUM]","1,2,3,4,5,6,7,8,9,10,11,12"
"05VT8DjJkzq","2026-09-18 23:58:29.484","2026-10-01 23:20:06.558","05VT8DjJkzq","18495788","[PREMIUM]","[PREMIUM]","[PREMIUM]","212","Section 212","6",6,"[]","2027-03-06 00:00:00","mobile_transfer","exchange",1,"[PREMIUM]","1,2,3,4,5,6"
"2v0czR4boVk","2026-09-18 23:58:29.484","2026-10-01 23:20:06.558","2v0czR4boVk","18495788","[PREMIUM]","[PREMIUM]","[PREMIUM]","120","Section 120","7",6,"[]","2027-03-06 00:00:00","mobile_transfer","exchange",1,"[PREMIUM]","1,2,3,4,5,6"
"2v0czR4boVJ","2026-09-18 23:58:29.484","2026-10-01 23:20:06.558","2v0czR4boVJ","18495788","[PREMIUM]","[PREMIUM]","[PREMIUM]","309","Section 309","1",8,"[]","2027-03-06 00:00:00","mobile_transfer","exchange",1,"[PREMIUM]","1,2,3,4,5,6,7,8"
"2v0czR4boOk","2026-09-18 23:58:29.484","2026-10-01 23:20:06.558","2v0czR4boOk","18495788","[PREMIUM]","[PREMIUM]","[PREMIUM]","320","Section 320","5",6,"[]","2027-03-06 00:00:00","mobile_transfer","exchange",0,"[PREMIUM]","1,2,3,4,5,6"
"2v0czRgKnA3","2026-09-18 23:58:29.484","2026-09-24 00:59:04.923","2v0czRgKnA3","18495788","[PREMIUM]","[PREMIUM]","[PREMIUM]","110","Section 110","12",2,"[]","2027-03-06 00:00:00","electronic","exchange",1,"[PREMIUM]","2"
"2v0czRgKDD4","2026-09-18 23:58:29.484","2026-09-24 00:59:04.923","2v0czRgKDD4","18495788","[PREMIUM]","[PREMIUM]","[PREMIUM]","322","Section 322","16",12,"[]","2027-03-06 00:00:00","electronic","exchange",1,"[PREMIUM]","1,2,3,4,5,6,7,8,9,10,11,12"
"2v0czRgKpJP","2026-09-18 23:58:29.484","2026-09-24 00:59:04.923","2v0czRgKpJP","18495788","[PREMIUM]","[PREMIUM]","[PREMIUM]","229","Section 229","8",6,"[]","2027-03-06 00:00:00","electronic","exchange",1,"[PREMIUM]","1,2,3,4,5,6"
"2v0czRgK7Ov","2026-09-18 23:58:29.484","2026-09-24 00:59:04.923","2v0czRgK7Ov","18495788","[PREMIUM]","[PREMIUM]","[PREMIUM]","228","Section 228","6",4,"[]","2027-03-06 00:00:00","electronic","exchange",1,"[PREMIUM]","1,2,3,4"
"2v0czRg5NBa","2026-09-18 23:58:29.484","2026-10-01 23:20:06.558","2v0czRg5NBa","18495788","[PREMIUM]","[PREMIUM]","[PREMIUM]","319","Section 319","4",8,"[]","2027-03-05 00:00:00","mobile_transfer","exchange",1,"[PREMIUM]","1,2,3,4,5,6,7,8"
"3q7fN75MpzX","2026-09-18 23:58:29.484","2026-09-24 00:59:04.923","3q7fN75MpzX","18495788","[PREMIUM]","[PREMIUM]","[PREMIUM]","314","Section 314","8",12,"[]","2027-03-06 00:00:00","electronic","exchange",1,"[PREMIUM]","1,2,3,4,5,6,7,8,9,10,11,12"
"3q7fN75MkN7","2026-09-18 23:58:29.484","2026-09-24 00:59:04.923","3q7fN75MkN7","18495788","[PREMIUM]","[PREMIUM]","[PREMIUM]","216","Section 216","8",6,"[]","2027-03-06 00:00:00","electronic","exchange",1,"[PREMIUM]","1,2,3,4,5,6"
"3q7fN75MeLN","2026-09-18 23:58:29.484","2026-09-24 00:59:04.923","3q7fN75MeLN","18495788","[PREMIUM]","[PREMIUM]","[PREMIUM]","110","Section 110","19",3,"[]","2027-03-06 00:00:00","electronic","exchange",1,"[PREMIUM]","1,2,3"
"3q7fN75MXAm","2026-09-18 23:58:29.484","2026-09-24 00:59:04.923","3q7fN75MXAm","18495788","[PREMIUM]","[PREMIUM]","[PREMIUM]","114","Section 114","9",4,"[]","2027-03-06 00:00:00","electronic","exchange",1,"[PREMIUM]","1,2,3,4"
"3q7fN75MVxB","2026-09-18 23:58:29.484","2026-09-24 00:59:04.923","3q7fN75MVxB","18495788","[PREMIUM]","[PREMIUM]","[PREMIUM]","205","Section 205","8",6,"[]","2027-03-06 00:00:00","electronic","exchange",1,"[PREMIUM]","1,2,3,4,5,6"
"3q7fN75MVlP","2026-09-18 23:58:29.484","2026-09-24 00:59:04.923","3q7fN75MVlP","18495788","[PREMIUM]","[PREMIUM]","[PREMIUM]","222","Section 222","8",6,"[]","2027-03-06 00:00:00","electronic","exchange",1,"[PREMIUM]","1,2,3,4,5,6"
"3q7fN75MM8m","2026-09-18 23:58:29.484","2026-09-24 00:59:04.923","3q7fN75MM8m","18495788","[PREMIUM]","[PREMIUM]","[PREMIUM]","325","Section 325","6",12,"[]","2027-03-06 00:00:00","electronic","exchange",1,"[PREMIUM]","1,2,3,4,5,6,7,8,9,10,11,12"
"3q7fN75MLx2","2026-09-18 23:58:29.484","2026-09-22 01:10:22.670","3q7fN75MLx2","18495788","[PREMIUM]","[PREMIUM]","[PREMIUM]","308","Section 308","10",8,"[]","2027-03-06 00:00:00","electronic","exchange",1,"[PREMIUM]","1,2,3,4,5,6,7,8"
"3q7fN75MLOp","2026-09-18 23:58:29.484","2026-09-24 00:59:04.923","3q7fN75MLOp","18495788","[PREMIUM]","[PREMIUM]","[PREMIUM]","114","Section 114","19",5,"[]","2027-03-06 00:00:00","electronic","exchange",1,"[PREMIUM]","1,2,3,4,5"
"3q7fN75jeOg","2026-09-18 23:58:29.484","2026-10-01 23:20:06.558","3q7fN75jeOg","18495788","[PREMIUM]","[PREMIUM]","[PREMIUM]","316","Section 316","8",8,"[]","2027-03-05 00:00:00","mobile_transfer","exchange",1,"[PREMIUM]","1,2,3,4,5,6,7,8"
"3q7fN7klVmr","2026-09-18 23:58:29.484","2026-10-01 23:20:06.558","3q7fN7klVmr","18495788","[PREMIUM]","[PREMIUM]","[PREMIUM]","324","Section 324","2",8,"[]","2027-03-06 00:00:00","mobile_transfer","exchange",0,"[PREMIUM]","1,2,3,4,5,6,7,8"
"3q7fN7klVAr","2026-09-18 23:58:29.484","2026-10-01 23:20:06.558","3q7fN7klVAr","18495788","[PREMIUM]","[PREMIUM]","[PREMIUM]","108","Section 108","7",4,"[]","2027-03-06 00:00:00","mobile_transfer","exchange",1,"[PREMIUM]","1,2,3,4"
"3q7fN7klVAR","2026-09-18 23:58:29.484","2026-10-01 23:20:06.558","3q7fN7klVAR","18495788","[PREMIUM]","[PREMIUM]","[PREMIUM]","122","Section 122","4",2,"[]","2027-03-06 00:00:00","mobile_transfer","exchange",0,"[PREMIUM]","1,2"
"4vXcjX8kPrz","2026-09-18 23:58:29.484","2026-10-01 23:20:06.558","4vXcjX8kPrz","18495788","[PREMIUM]","[PREMIUM]","[PREMIUM]","223","Section 223","2",4,"[]","2027-03-06 00:00:00","mobile_transfer","exchange",0,"[PREMIUM]","1,2,3,4"
"4vXcjX8kPmj","2026-09-18 23:58:29.484","2026-10-01 23:20:06.558","4vXcjX8kPmj","18495788","[PREMIUM]","[PREMIUM]","[PREMIUM]","303","Section 303","5",8,"[]","2027-03-06 00:00:00","mobile_transfer","exchange",0,"[PREMIUM]","1,2,3,4,5,6,7,8"
"4vXcjX8kPNz","2026-09-18 23:58:29.484","2026-10-01 23:20:06.558","4vXcjX8kPNz","18495788","[PREMIUM]","[PREMIUM]","[PREMIUM]","307","Section 307","2",8,"[]","2027-03-06 00:00:00","mobile_transfer","exchange",0,"[PREMIUM]","1,2,3,4,5,6,7,8"
"4vXcjXeMg6G","2026-09-18 23:58:29.484","2026-09-24 00:59:04.923","4vXcjXeMg6G","18495788","[PREMIUM]","[PREMIUM]","[PREMIUM]","317","Section 317","6",6,"[]","2027-03-06 00:00:00","electronic","exchange",2,"[PREMIUM]","1,2,3,4,5,6"
"4vXcjXeq5nG","2026-09-18 23:58:29.484","2026-10-01 23:20:06.558","4vXcjXeq5nG","18495788","[PREMIUM]","[PREMIUM]","[PREMIUM]","316","Section 316","7",8,"[]","2027-03-05 00:00:00","mobile_transfer","exchange",1,"[PREMIUM]","1,2,3,4,5,6,7,8"
"5EjuZjk5mKB","2026-09-18 23:58:29.484","2026-10-01 23:20:06.558","5EjuZjk5mKB","18495788","[PREMIUM]","[PREMIUM]","[PREMIUM]","321","Section 321","6",4,"[]","2027-03-05 00:00:00","mobile_transfer","exchange",2,"[PREMIUM]","1,2,3,4"
"5EjuZjXY0D9","2026-09-18 23:58:29.484","2026-10-01 23:20:06.558","5EjuZjXY0D9","18495788","[PREMIUM]","[PREMIUM]","[PREMIUM]","114","Section 114","8",2,"[]","2027-03-06 00:00:00","mobile_transfer","exchange",1,"[PREMIUM]","1,2"
"6mOhkO0pvM4","2026-09-18 23:58:29.484","2026-09-28 00:42:57.850","6mOhkO0pvM4","18495788","[PREMIUM]","[PREMIUM]","[PREMIUM]","312","Section 312","12",8,"[]","2027-03-06 00:00:00","mobile_transfer","exchange",1,"[PREMIUM]","1,2,3,4,5,6,7,8"
"6mOhkO0pvRL","2026-09-18 23:58:29.484","2026-10-01 00:40:32.585","6mOhkO0pvRL","18495788","[PREMIUM]","[PREMIUM]","[PREMIUM]","113","Section 113","2",2,"[]","2027-03-06 00:00:00","mobile_transfer","exchange",1,"[PREMIUM]","2"
"6mOhkO9VoN2","2026-09-18 23:58:29.484","2026-09-24 00:59:04.923","6mOhkO9VoN2","18495788","[PREMIUM]","[PREMIUM]","[PREMIUM]","206","Section 206","8",6,"[]","2027-03-06 00:00:00","electronic","exchange",1,"[PREMIUM]","1,2,3,4,5,6"
"6mOhkO9VAMG","2026-09-18 23:58:29.484","2026-09-24 00:59:04.923","6mOhkO9VAMG","18495788","[PREMIUM]","[PREMIUM]","[PREMIUM]","219","Section 219","8",6,"[]","2027-03-06 00:00:00","electronic","exchange",1,"[PREMIUM]","1,2,3,4,5,6"
"6mOhkO9Vk4l","2026-09-18 23:58:29.484","2026-09-24 00:59:04.923","6mOhkO9Vk4l","18495788","[PREMIUM]","[PREMIUM]","[PREMIUM]","103","Section 103","18",3,"[]","2027-03-06 00:00:00","electronic","exchange",1,"[PREMIUM]","1,2,3"
"6mOhkO9VdZr","2026-09-18 23:58:29.484","2026-09-21 00:35:17.571","6mOhkO9VdZr","18495788","[PREMIUM]","[PREMIUM]","[PREMIUM]","302","Section 302","15",12,"[]","2027-03-06 00:00:00","electronic","exchange",1,"[PREMIUM]","1,2,3,4,5,6,7,8,9,10,11,12"
"6mOhkO98YaR","2026-09-18 23:58:29.484","2026-10-01 23:20:06.558","6mOhkO98YaR","18495788","[PREMIUM]","[PREMIUM]","[PREMIUM]","317","Section 317","5",6,"[]","2027-03-05 00:00:00","mobile_transfer","exchange",2,"[PREMIUM]","1,2,3,4,5,6"
"6mOhkO98YEb","2026-09-18 23:58:29.484","2026-10-01 23:20:06.558","6mOhkO98YEb","18495788","[PREMIUM]","[PREMIUM]","[PREMIUM]","316","Section 316","3",6,"[]","2027-03-05 00:00:00","mobile_transfer","exchange",1,"[PREMIUM]","1,2,3,4,5,6"
"6mOhkO0pvG4","2026-09-18 23:58:29.484","2026-10-01 23:20:06.558","6mOhkO0pvG4","18495788","[PREMIUM]","[PREMIUM]","[PREMIUM]","201","Section 201","6",8,"[]","2027-03-06 00:00:00","mobile_transfer","exchange",1,"[PREMIUM]","1,2,3,4,5,6,7,8"
"7KntAnOxnGw","2026-09-18 23:58:29.484","2026-09-24 00:59:04.923","7KntAnOxnGw","18495788","[PREMIUM]","[PREMIUM]","[PREMIUM]","319","Section 319","4",5,"[]","2027-03-06 00:00:00","electronic","exchange",1,"[PREMIUM]","1,2,3,4,5"
"7KntAnOxPeE","2026-09-18 23:58:29.484","2026-09-24 00:59:04.923","7KntAnOxPeE","18495788","[PREMIUM]","[PREMIUM]","[PREMIUM]","121","Section 121","11",4,"[]","2027-03-06 00:00:00","electronic","exchange",1,"[PREMIUM]","1,2,3,4"
"7KntAnOxpnV","2026-09-18 23:58:29.484","2026-09-24 00:59:04.923","7KntAnOxpnV","18495788","[PREMIUM]","[PREMIUM]","[PREMIUM]","311","Section 311","7",12,"[]","2027-03-06 00:00:00","electronic","exchange",1,"[PREMIUM]","1,2,3,4,5,6,7,8,9,10,11,12"
"7KntAnOxnmx","2026-09-18 23:58:29.484","2026-09-24 00:59:04.923","7KntAnOxnmx","18495788","[PREMIUM]","[PREMIUM]","[PREMIUM]","115","Section 115","19",9,"[]","2027-03-06 00:00:00","electronic","exchange",2,"[PREMIUM]","1,2,3,4,5,6,7,8,9"
"7KntAn4rMjq","2026-09-18 23:58:29.484","2026-10-01 23:20:06.558","7KntAn4rMjq","18495788","[PREMIUM]","[PREMIUM]","[PREMIUM]","308","Section 308","1",8,"[]","2027-03-06 00:00:00","mobile_transfer","exchange",1,"[PREMIUM]","1,2,3,4,5,6,7,8"
"7KntAn4rMBq","2026-09-18 23:58:29.484","2026-10-01 23:20:06.558","7KntAn4rMBq","18495788","[PREMIUM]","[PREMIUM]","[PREMIUM]","314","Section 314","5",8,"[]","2027-03-06 00:00:00","mobile_transfer","exchange",1,"[PREMIUM]","1,2,3,4,5,6,7,8"
"8lKt6DONmma","2026-09-18 23:58:29.484","2026-09-24 00:59:04.923","8lKt6DONmma","18495788","[PREMIUM]","[PREMIUM]","[PREMIUM]","107","Section 107","l",4,"[]","2027-03-06 00:00:00","electronic","exchange",1,"[PREMIUM]","1,2,3,4"
"8lKt6DON5AB","2026-09-18 23:58:29.484","2026-09-24 00:59:04.923","8lKt6DON5AB","18495788","[PREMIUM]","[PREMIUM]","[PREMIUM]","109","Section 109","18",5,"[]","2027-03-06 00:00:00","electronic","exchange",1,"[PREMIUM]","1,2,3,4,5"
"8lKt6DvVmG8","2026-09-18 23:58:29.484","2026-09-28 23:51:33.662","8lKt6DvVmG8","18495788","[PREMIUM]","[PREMIUM]","[PREMIUM]","121","Section 121","7",7,"[]","2027-03-06 00:00:00","mobile_transfer","exchange",1,"[PREMIUM]","1,2,3,4,5,6,7"
"8lKt6DvVmPz","2026-09-18 23:58:29.484","2026-10-01 23:20:06.558","8lKt6DvVmPz","18495788","[PREMIUM]","[PREMIUM]","[PREMIUM]","321","Section 321","5",2,"[]","2027-03-06 00:00:00","mobile_transfer","exchange",1,"[PREMIUM]","1,2"
"9P2c52ORM9V","2026-09-18 23:58:29.484","2026-09-24 00:59:04.923","9P2c52ORM9V","18495788","[PREMIUM]","[PREMIUM]","[PREMIUM]","106","Section 106","m",4,"[]","2027-03-06 00:00:00","electronic","exchange",1,"[PREMIUM]","1,2,3,4"
"9P2c52ORM8E","2026-09-18 23:58:29.484","2026-09-24 00:59:04.923","9P2c52ORM8E","18495788","[PREMIUM]","[PREMIUM]","[PREMIUM]","224","Section 224","8",8,"[]","2027-03-06 00:00:00","electronic","exchange",1,"[PREMIUM]","1,2,3,4,5,6,7,8"
"9P2c52OREbV","2026-09-18 23:58:29.484","2026-09-24 00:59:04.923","9P2c52OREbV","18495788","[PREMIUM]","[PREMIUM]","[PREMIUM]","319","Section 319","11",12,"[]","2027-03-06 00:00:00","electronic","exchange",0,"[PREMIUM]","1,2,3,4,5,6,7,8,9,10,11,12"
"9P2c52LeBXa","2026-09-18 23:58:29.484","2026-10-01 23:20:06.558","9P2c52LeBXa","18495788","[PREMIUM]","[PREMIUM]","[PREMIUM]","334","Section 334","2",8,"[]","2027-03-06 00:00:00","mobile_transfer","exchange",1,"[PREMIUM]","1,2,3,4,5,6,7,8"
"9P2c52LeBAr","2026-09-18 23:58:29.484","2026-10-01 23:20:06.558","9P2c52LeBAr","18495788","[PREMIUM]","[PREMIUM]","[PREMIUM]","234","Section 234","5",4,"[]","2027-03-06 00:00:00","mobile_transfer","exchange",1,"[PREMIUM]","1,2,3,4"
"9P2c52LeBAa","2026-09-18 23:58:29.484","2026-10-01 23:20:06.558","9P2c52LeBAa","18495788","[PREMIUM]","[PREMIUM]","[PREMIUM]","220","Section 220","7",6,"[]","2027-03-06 00:00:00","mobile_transfer","exchange",0,"[PREMIUM]","1,2,3,4,5,6"
"A6rs2rjXx9G","2026-09-18 23:58:29.484","2026-09-24 00:59:04.923","A6rs2rjXx9G","18495788","[PREMIUM]","[PREMIUM]","[PREMIUM]","218","Section 218","8",8,"[]","2027-03-06 00:00:00","electronic","exchange",2,"[PREMIUM]","1,2,3,4,5,6,7,8"
"A6rs2rR6mzE","2026-09-18 23:58:29.484","2026-10-01 23:20:06.558","A6rs2rR6mzE","18495788","[PREMIUM]","[PREMIUM]","[PREMIUM]","117","Section 117","4",8,"[]","2027-03-06 00:00:00","mobile_transfer","exchange",0,"[PREMIUM]","1,2,3,4,5,6,7,8"
"BALImDbEbnv","2026-09-18 23:58:29.484","2026-09-24 00:59:04.923","BALImDbEbnv","18495788","[PREMIUM]","[PREMIUM]","[PREMIUM]","201","Section 201","8",12,"[]","2027-03-06 00:00:00","electronic","exchange",2,"[PREMIUM]","1,2,3,4,5,6,7,8,9,10,11,12"
"BALImDbENxO","2026-09-18 23:58:29.484","2026-09-24 00:59:04.923","BALImDbENxO","18495788","[PREMIUM]","[PREMIUM]","[PREMIUM]","328","Section 328","1",4,"[]","2027-03-06 00:00:00","electronic","exchange",1,"[PREMIUM]","1,2,3,4"
"BALImDzanpE","2026-09-18 23:58:29.484","2026-10-01 23:20:06.558","BALImDzanpE","18495788","[PREMIUM]","[PREMIUM]","[PREMIUM]","119","Section 119","7",2,"[]","2027-03-06 00:00:00","mobile_transfer","exchange",1,"[PREMIUM]","1,2"
"BALImDzankG","2026-09-18 23:58:29.484","2026-10-01 23:20:06.558","BALImDzankG","18495788","[PREMIUM]","[PREMIUM]","[PREMIUM]","319","Section 319","1",8,"[]","2027-03-06 00:00:00","mobile_transfer","exchange",0,"[PREMIUM]","1,2,3,4,5,6,7,8"
"BALImDbNlLV","2026-09-18 23:58:29.484","2026-10-01 23:20:06.558","BALImDbNlLV","18495788","[PREMIUM]","[PREMIUM]","[PREMIUM]","313","Section 313","7",8,"[]","2027-03-05 00:00:00","mobile_transfer","exchange",2,"[PREMIUM]","1,2,3,4,5,6,7,8"
"DdwHkw6gqaJ","2026-09-18 23:58:29.484","2026-09-28 23:51:33.662","DdwHkw6gqaJ","18495788","[PREMIUM]","[PREMIUM]","[PREMIUM]","319","Section 319","2",6,"[]","2027-03-05 00:00:00","mobile_transfer","exchange",2,"[PREMIUM]","1,2,3,4,5,6"
"DdwHkwK32jX","2026-09-18 23:58:29.484","2026-09-28 00:42:57.850","DdwHkwK32jX","18495788","[PREMIUM]","[PREMIUM]","[PREMIUM]","218","Section 218","5",4,"[]","2027-03-06 00:00:00","mobile_transfer","exchange",1,"[PREMIUM]","1,2,3,4"
"DdwHkwK32eK","2026-09-18 23:58:29.484","2026-10-01 23:20:06.558","DdwHkwK32eK","18495788","[PREMIUM]","[PREMIUM]","[PREMIUM]","228","Section 228","5",4,"[]","2027-03-06 00:00:00","mobile_transfer","exchange",0,"[PREMIUM]","1,2,3,4"
"DdwHkw6gqrJ","2026-09-18 23:58:29.484","2026-10-01 23:20:06.558","DdwHkw6gqrJ","18495788","[PREMIUM]","[PREMIUM]","[PREMIUM]","318","Section 318","6",4,"[]","2027-03-05 00:00:00","mobile_transfer","exchange",2,"[PREMIUM]","1,2,3,4"
"DdwHkw6gqoP","2026-09-18 23:58:29.484","2026-10-01 23:20:06.558","DdwHkw6gqoP","18495788","[PREMIUM]","[PREMIUM]","[PREMIUM]","319","Section 319","3",5,"[]","2027-03-05 00:00:00","mobile_transfer","exchange",1,"[PREMIUM]","1,2,3,4,5"
"EroUXD5qmDN","2026-09-18 23:58:29.484","2026-09-24 00:59:04.923","EroUXD5qmDN","18495788","[PREMIUM]","[PREMIUM]","[PREMIUM]","106","Section 106","f",2,"[]","2027-03-06 00:00:00","electronic","exchange",0,"[PREMIUM]","2"
"EroUXD5qLjE","2026-09-18 23:58:29.484","2026-09-24 00:59:04.923","EroUXD5qLjE","18495788","[PREMIUM]","[PREMIUM]","[PREMIUM]","214","Section 214","8",2,"[]","2027-03-06 00:00:00","electronic","exchange",1,"[PREMIUM]","2"
"EroUXD5q58B","2026-09-18 23:58:29.484","2026-09-24 00:59:04.923","EroUXD5q58B","18495788","[PREMIUM]","[PREMIUM]","[PREMIUM]","321","Section 321","7",5,"[]","2027-03-06 00:00:00","electronic","exchange",1,"[PREMIUM]","1,2,3,4,5"
"EroUXD5q6N2","2026-09-18 23:58:29.484","2026-09-24 00:59:04.923","EroUXD5q6N2","18495788","[PREMIUM]","[PREMIUM]","[PREMIUM]","116","Section 116","18",9,"[]","2027-03-06 00:00:00","electronic","exchange",1,"[PREMIUM]","1,2,3,4,5,6,7,8,9"
"EroUXD5q28R","2026-09-18 23:58:29.484","2026-09-24 00:59:04.923","EroUXD5q28R","18495788","[PREMIUM]","[PREMIUM]","[PREMIUM]","215","Section 215","8",4,"[]","2027-03-06 00:00:00","electronic","exchange",0,"[PREMIUM]","1,2,3,4"
"EroUXD5qLmm","2026-09-18 23:58:29.484","2026-09-24 00:59:04.923","EroUXD5qLmm","18495788","[PREMIUM]","[PREMIUM]","[PREMIUM]","316","Section 316","6",6,"[]","2027-03-06 00:00:00","electronic","exchange",1,"[PREMIUM]","1,2,3,4,5,6"
"EroUXD5qqeY","2026-09-18 23:58:29.484","2026-09-24 00:59:04.923","EroUXD5qqeY","18495788","[PREMIUM]","[PREMIUM]","[PREMIUM]","230","Section 230","8",6,"[]","2027-03-06 00:00:00","electronic","exchange",1,"[PREMIUM]","1,2,3,4,5,6"
"EroUXD5qnlG","2026-09-18 23:58:29.484","2026-09-24 00:59:04.923","EroUXD5qnlG","18495788","[PREMIUM]","[PREMIUM]","[PREMIUM]","316","Section 316","2",2,"[]","2027-03-06 00:00:00","electronic","exchange",2,"[PREMIUM]","2"
"EroUXD5qn5B","2026-09-18 23:58:29.484","2026-09-24 00:59:04.923","EroUXD5qn5B","18495788","[PREMIUM]","[PREMIUM]","[PREMIUM]","318","Section 318","6",4,"[]","2027-03-06 00:00:00","electronic","exchange",2,"[PREMIUM]","1,2,3,4"
"EroUXD5qPDP","2026-09-18 23:58:29.484","2026-09-24 00:59:04.923","EroUXD5qPDP","18495788","[PREMIUM]","[PREMIUM]","[PREMIUM]","111","Section 111","4",2,"[]","2027-03-06 00:00:00","electronic","exchange",1,"[PREMIUM]","2"
"EroUXDLV37l","2026-09-18 23:58:29.484","2026-09-21 00:35:17.571","EroUXDLV37l","18495788","[PREMIUM]","[PREMIUM]","[PREMIUM]","112","Section 112","4",3,"[]","2027-03-06 00:00:00","electronic","exchange",1,"[PREMIUM]","1,2,3"
"EroUXDLV3eo","2026-09-18 23:58:29.484","2026-10-01 23:20:06.558","EroUXDLV3eo","18495788","[PREMIUM]","[PREMIUM]","[PREMIUM]","224","Section 224","6",6,"[]","2027-03-06 00:00:00","mobile_transfer","exchange",0,"[PREMIUM]","1,2,3,4,5,6"
"EroUXDLV3No","2026-09-18 23:58:29.484","2026-10-01 23:20:06.558","EroUXDLV3No","18495788","[PREMIUM]","[PREMIUM]","[PREMIUM]","205","Section 205","6",4,"[]","2027-03-06 00:00:00","mobile_transfer","exchange",0,"[PREMIUM]","1,2,3,4"
"GAaI6b5oL7N","2026-09-18 23:58:29.484","2026-09-19 23:59:10.061","GAaI6b5oL7N","18495788","[PREMIUM]","[PREMIUM]","[PREMIUM]","304","Section 304","11",12,"[]","2027-03-06 00:00:00","electronic","exchange",1,"[PREMIUM]","1,2,3,4,5,6,7,8,9,10,11,12"
"GAaI6bzg9e5","2026-09-18 23:58:29.484","2026-09-28 00:42:57.850","GAaI6bzg9e5","18495788","[PREMIUM]","[PREMIUM]","[PREMIUM]","322","Section 322","7",6,"[]","2027-03-06 00:00:00","mobile_transfer","exchange",1,"[PREMIUM]","1,2,3,4,5,6"
"GAaI6bzg9jG","2026-09-18 23:58:29.484","2026-10-01 23:20:06.558","GAaI6bzg9jG","18495788","[PREMIUM]","[PREMIUM]","[PREMIUM]","CTSDE","Courtside East","a",2,"[]","2027-03-06 00:00:00","mobile_transfer","exchange",0,"[PREMIUM]","1,2"
"JABI3Bgqwgo","2026-09-18 23:58:29.484","2026-09-24 00:59:04.923","JABI3Bgqwgo","18495788","[PREMIUM]","[PREMIUM]","[PREMIUM]","117","Section 117","f",2,"[]","2027-03-06 00:00:00","electronic","exchange",1,"[PREMIUM]","2"
"JABI3BgqqPm","2026-09-18 23:58:29.484","2026-09-24 00:59:04.923","JABI3BgqqPm","18495788","[PREMIUM]","[PREMIUM]","[PREMIUM]","310","Section 310","8",12,"[]","2027-03-06 00:00:00","electronic","exchange",1,"[PREMIUM]","1,2,3,4,5,6,7,8,9,10,11,12"
"JABI3BgqZNm","2026-09-18 23:58:29.484","2026-09-24 00:59:04.923","JABI3BgqZNm","18495788","[PREMIUM]","[PREMIUM]","[PREMIUM]","223","Section 223","8",2,"[]","2027-03-06 00:00:00","electronic","exchange",1,"[PREMIUM]","2"
"JABI3BgqPNa","2026-09-18 23:58:29.484","2026-09-24 00:59:04.923","JABI3BgqPNa","18495788","[PREMIUM]","[PREMIUM]","[PREMIUM]","117","Section 117","k",4,"[]","2027-03-06 00:00:00","electronic","exchange",1,"[PREMIUM]","1,2,3,4"
"JABI3Bgq946","2026-09-18 23:58:29.484","2026-09-24 00:59:04.923","JABI3Bgq946","18495788","[PREMIUM]","[PREMIUM]","[PREMIUM]","105","Section 105","19",12,"[]","2027-03-06 00:00:00","electronic","exchange",1,"[PREMIUM]","1,2,3,4,5,6,7,8,9,10,11,12"
"JABI3BgMwaE","2026-09-18 23:58:29.484","2026-10-01 23:20:06.558","JABI3BgMwaE","18495788","[PREMIUM]","[PREMIUM]","[PREMIUM]","318","Section 318","10",8,"[]","2027-03-05 00:00:00","mobile_transfer","exchange",2,"[PREMIUM]","1,2,3,4,5,6,7,8"
"JABI3BplVJx","2026-09-18 23:58:29.484","2026-09-21 00:35:17.571","JABI3BplVJx","18495788","[PREMIUM]","[PREMIUM]","[PREMIUM]","334","Section 334","2",8,"[]","2027-03-05 00:00:00","electronic","exchange",3,"[PREMIUM]","1,2,3,4,5,6,7,8"
"JABI3Bp6vxR","2026-09-18 23:58:29.484","2026-09-22 23:28:02.682","JABI3Bp6vxR","18495788","[PREMIUM]","[PREMIUM]","[PREMIUM]","207","Section 207","8",4,"[]","2027-03-06 00:00:00","electronic","exchange",1,"[PREMIUM]","1,2,4"
"Kezczb38pE2","2026-09-18 23:58:29.484","2026-10-01 23:20:06.558","Kezczb38pE2","18495788","[PREMIUM]","[PREMIUM]","[PREMIUM]","314","Section 314","6",8,"[]","2027-03-05 00:00:00","mobile_transfer","exchange",2,"[PREMIUM]","1,2,3,4,5,6,7,8"
"JABI3Bp6vmR","2026-09-18 23:58:29.484","2026-10-01 23:20:06.558","JABI3Bp6vmR","18495788","[PREMIUM]","[PREMIUM]","[PREMIUM]","226","Section 226","3",8,"[]","2027-03-06 00:00:00","mobile_transfer","exchange",0,"[PREMIUM]","1,2,3,4,5,6,7,8"
"JABI3Bp6vm6","2026-09-18 23:58:29.484","2026-10-01 23:20:06.558","JABI3Bp6vm6","18495788","[PREMIUM]","[PREMIUM]","[PREMIUM]","104","Section 104","7",4,"[]","2027-03-06 00:00:00","mobile_transfer","exchange",1,"[PREMIUM]","1,2,3,4"
"Kezczb38pY2","2026-09-18 23:58:29.484","2026-09-28 00:42:57.850","Kezczb38pY2","18495788","[PREMIUM]","[PREMIUM]","[PREMIUM]","320","Section 320","11",8,"[]","2027-03-05 00:00:00","mobile_transfer","exchange",1,"[PREMIUM]","1,2,3,4,5,6,7,8"
"Kezczb3jZoJ","2026-09-18 23:58:29.484","2026-09-24 00:59:04.923","Kezczb3jZoJ","18495788","[PREMIUM]","[PREMIUM]","[PREMIUM]","103","Section 103","9",2,"[]","2027-03-06 00:00:00","electronic","exchange",1,"[PREMIUM]","2"
"Kezczb3jZGv","2026-09-18 23:58:29.484","2026-09-24 00:59:04.923","Kezczb3jZGv","18495788","[PREMIUM]","[PREMIUM]","[PREMIUM]","217","Section 217","8",2,"[]","2027-03-06 00:00:00","electronic","exchange",2,"[PREMIUM]","2"
"Kezczb3j8Nw","2026-09-18 23:58:29.484","2026-09-24 00:59:04.923","Kezczb3j8Nw","18495788","[PREMIUM]","[PREMIUM]","[PREMIUM]","106","Section 106","11",5,"[]","2027-03-06 00:00:00","electronic","exchange",1,"[PREMIUM]","1,2,3,4,5"
"Kezczb3jp9L","2026-09-18 23:58:29.484","2026-09-24 00:59:04.923","Kezczb3jp9L","18495788","[PREMIUM]","[PREMIUM]","[PREMIUM]","309","Section 309","8",10,"[]","2027-03-06 00:00:00","electronic","exchange",1,"[PREMIUM]","1,2,3,4,5,6,7,8,9,10"
"KezczbX5Anr","2026-09-18 23:58:29.484","2026-09-18 23:58:29.484","KezczbX5Anr","18495788","[PREMIUM]","[PREMIUM]","[PREMIUM]","301","Section 301","2",8,"[]","2027-03-05 00:00:00","electronic","exchange",3,"[PREMIUM]","1,2,3,4,5,6,7,8"
"LbviLmq2dxl","2026-09-18 23:58:29.484","2026-09-28 00:42:57.850","LbviLmq2dxl","18495788","[PREMIUM]","[PREMIUM]","[PREMIUM]","321","Section 321","10",8,"[]","2027-03-05 00:00:00","mobile_transfer","exchange",1,"[PREMIUM]","1,2,3,4,5,6,7,8"
"LbviLmq0rGO","2026-09-18 23:58:29.484","2026-09-21 00:35:17.571","LbviLmq0rGO","18495788","[PREMIUM]","[PREMIUM]","[PREMIUM]","333","Section 333","15",12,"[]","2027-03-06 00:00:00","electronic","exchange",1,"[PREMIUM]","1,2,3,4,5,6,7,8,9,10,11,12"
"LbviLmq0ZDl","2026-09-18 23:58:29.484","2026-09-24 00:59:04.923","LbviLmq0ZDl","18495788","[PREMIUM]","[PREMIUM]","[PREMIUM]","120","Section 120","18",4,"[]","2027-03-06 00:00:00","electronic","exchange",1,"[PREMIUM]","1,2,3,4"
"LbviLmq0MYb","2026-09-18 23:58:29.484","2026-09-24 00:59:04.923","LbviLmq0MYb","18495788","[PREMIUM]","[PREMIUM]","[PREMIUM]","301","Section 301","10",2,"[]","2027-03-06 00:00:00","electronic","exchange",1,"[PREMIUM]","2"
"LbviLmq08V3","2026-09-18 23:58:29.484","2026-09-24 00:59:04.923","LbviLmq08V3","18495788","[PREMIUM]","[PREMIUM]","[PREMIUM]","113","Section 113","4",2,"[]","2027-03-06 00:00:00","electronic","exchange",2,"[PREMIUM]","2"
"LbviLmq07wa","2026-09-18 23:58:29.484","2026-09-24 00:59:04.923","LbviLmq07wa","18495788","[PREMIUM]","[PREMIUM]","[PREMIUM]","304","Section 304","8",2,"[]","2027-03-06 00:00:00","electronic","exchange",1,"[PREMIUM]","2"
"LbviLmq2oPw","2026-09-18 23:58:29.484","2026-10-01 23:20:06.558","LbviLmq2oPw","18495788","[PREMIUM]","[PREMIUM]","[PREMIUM]","317","Section 317","6",8,"[]","2027-03-05 00:00:00","mobile_transfer","exchange",2,"[PREMIUM]","1,2,3,4,5,6,7,8"
"LbviLmd4Dpp","2026-09-18 23:58:29.484","2026-10-01 23:20:06.558","LbviLmd4Dpp","18495788","[PREMIUM]","[PREMIUM]","[PREMIUM]","215","Section 215","7",6,"[]","2027-03-06 00:00:00","mobile_transfer","exchange",0,"[PREMIUM]","1,2,3,4,5,6"
"LbviLmd4DVp","2026-09-18 23:58:29.484","2026-10-01 23:20:06.558","LbviLmd4DVp","18495788","[PREMIUM]","[PREMIUM]","[PREMIUM]","203","Section 203","3",6,"[]","2027-03-06 00:00:00","mobile_transfer","exchange",0,"[PREMIUM]","1,2,3,4,5,6"
"LbviLmd4D3g","2026-09-18 23:58:29.484","2026-10-01 23:20:06.558","LbviLmd4D3g","18495788","[PREMIUM]","[PREMIUM]","[PREMIUM]","217","Section 217","7",8,"[]","2027-03-06 00:00:00","mobile_transfer","exchange",2,"[PREMIUM]","1,2,3,4,5,6,7,8"
"MAeIPXe77LL","2026-09-18 23:58:29.484","2026-09-24 00:59:04.923","MAeIPXe77LL","18495788","[PREMIUM]","[PREMIUM]","[PREMIUM]","307","Section 307","7",12,"[]","2027-03-06 00:00:00","electronic","exchange",1,"[PREMIUM]","1,2,3,4,5,6,7,8,9,10,11,12"
"MAeIPXe2784","2026-09-18 23:58:29.484","2026-09-25 00:40:32.661","MAeIPXe2784","18495788","[PREMIUM]","[PREMIUM]","[PREMIUM]","208","Section 208","5",8,"[]","2027-03-05 00:00:00","electronic","exchange",2,"[PREMIUM]","1,2,3,4,5,6,7,8"
"MAeIPXe7Gb5","2026-09-18 23:58:29.484","2026-09-24 00:59:04.923","MAeIPXe7Gb5","18495788","[PREMIUM]","[PREMIUM]","[PREMIUM]","102","Section 102","11",4,"[]","2027-03-06 00:00:00","electronic","exchange",1,"[PREMIUM]","1,2,3,4"
"MAeIPXkMAmM","2026-09-18 23:58:29.484","2026-09-28 00:42:57.850","MAeIPXkMAmM","18495788","[PREMIUM]","[PREMIUM]","[PREMIUM]","227","Section 227","3",8,"[]","2027-03-06 00:00:00","mobile_transfer","exchange",0,"[PREMIUM]","1,2,3,4,5,6,7,8"
"NrqUvm5XOGX","2026-09-18 23:58:29.484","2026-09-24 00:59:04.923","NrqUvm5XOGX","18495788","[PREMIUM]","[PREMIUM]","[PREMIUM]","226","Section 226","6",10,"[]","2027-03-06 00:00:00","electronic","exchange",1,"[PREMIUM]","1,2,3,4,5,6,7,8,9,10"
"NrqUvmO8z0L","2026-09-18 23:58:29.484","2026-09-28 00:42:57.850","NrqUvmO8z0L","18495788","[PREMIUM]","[PREMIUM]","[PREMIUM]","107","Section 107","6",4,"[]","2027-03-06 00:00:00","mobile_transfer","exchange",0,"[PREMIUM]","1,2,3,4"
"NrqUvm5nOd0","2026-09-18 23:58:29.484","2026-10-01 23:20:06.558","NrqUvm5nOd0","18495788","[PREMIUM]","[PREMIUM]","[PREMIUM]","318","Section 318","11",7,"[]","2027-03-05 00:00:00","mobile_transfer","exchange",2,"[PREMIUM]","1,2,3,4,5,6,7"
"O7Ahw759mb7","2026-09-18 23:58:29.484","2026-09-28 00:42:57.850","O7Ahw759mb7","18495788","[PREMIUM]","[PREMIUM]","[PREMIUM]","225","Section 225","2",6,"[]","2027-03-06 00:00:00","mobile_transfer","exchange",0,"[PREMIUM]","1,2,3,4,5,6"
"O7Ahw7EjpKj","2026-09-18 23:58:29.484","2026-09-24 00:59:04.923","O7Ahw7EjpKj","18495788","[PREMIUM]","[PREMIUM]","[PREMIUM]","107","Section 107","19",12,"[]","2027-03-06 00:00:00","electronic","exchange",1,"[PREMIUM]","1,2,3,4,5,6,7,8,9,10,11,12"
"O7Ahw7EjeD8","2026-09-18 23:58:29.484","2026-09-24 00:59:04.923","O7Ahw7EjeD8","18495788","[PREMIUM]","[PREMIUM]","[PREMIUM]","105","Section 105","m",2,"[]","2027-03-06 00:00:00","electronic","exchange",1,"[PREMIUM]","2"
"O7Ahw7Ej5Dn","2026-09-18 23:58:29.484","2026-09-24 00:59:04.923","O7Ahw7Ej5Dn","18495788","[PREMIUM]","[PREMIUM]","[PREMIUM]","316","Section 316","11",12,"[]","2027-03-06 00:00:00","electronic","exchange",0,"[PREMIUM]","1,2,3,4,5,6,7,8,9,10,11,12"
"O7Ahw7EjNLP","2026-09-18 23:58:29.484","2026-09-24 00:59:04.923","O7Ahw7EjNLP","18495788","[PREMIUM]","[PREMIUM]","[PREMIUM]","302","Section 302","2",2,"[]","2027-03-06 00:00:00","electronic","exchange",2,"[PREMIUM]","2"
"O7Ahw7EjpDE","2026-09-18 23:58:29.484","2026-09-24 00:59:04.923","O7Ahw7EjpDE","18495788","[PREMIUM]","[PREMIUM]","[PREMIUM]","227","Section 227","6",8,"[]","2027-03-06 00:00:00","electronic","exchange",1,"[PREMIUM]","1,2,3,4,5,6,7,8"
"O7Ahw7Ej2Le","2026-09-18 23:58:29.484","2026-09-24 00:59:04.923","O7Ahw7Ej2Le","18495788","[PREMIUM]","[PREMIUM]","[PREMIUM]","121","Section 121","9",8,"[]","2027-03-06 00:00:00","electronic","exchange",2,"[PREMIUM]","1,2,3,4,5,6,7,8"
"O7Ahw759mO7","2026-09-18 23:58:29.484","2026-10-01 23:20:06.558","O7Ahw759mO7","18495788","[PREMIUM]","[PREMIUM]","[PREMIUM]","325","Section 325","1",8,"[]","2027-03-06 00:00:00","mobile_transfer","exchange",1,"[PREMIUM]","1,2,3,4,5,6,7,8"
"NrqUvmk4aEd","2026-09-18 23:58:29.484","2026-10-01 23:20:06.558","NrqUvmk4aEd","18495788","[PREMIUM]","[PREMIUM]","[PREMIUM]","307","Section 307","13",4,"[]","2027-03-05 00:00:00","mobile_transfer","exchange",1,"[PREMIUM]","4"
"PX0sg7Nlk4K","2026-09-18 23:58:29.484","2026-10-01 23:20:06.558","PX0sg7Nlk4K","18495788","[PREMIUM]","[PREMIUM]","[PREMIUM]","230","Section 230","5",3,"[]","2027-03-06 00:00:00","mobile_transfer","exchange",0,"[PREMIUM]","1,2,3"
"PX0sg7nOgaK","2026-09-18 23:58:29.484","2026-09-24 00:59:04.923","PX0sg7nOgaK","18495788","[PREMIUM]","[PREMIUM]","[PREMIUM]","327","Section 327","7",12,"[]","2027-03-06 00:00:00","electronic","exchange",1,"[PREMIUM]","1,2,3,4,5,6,7,8,9,10,11,12"
"PX0sg7nZ2YG","2026-09-18 23:58:29.484","2026-09-28 00:42:57.850","PX0sg7nZ2YG","18495788","[PREMIUM]","[PREMIUM]","[PREMIUM]","322","Section 322","7",8,"[]","2027-03-05 00:00:00","mobile_transfer","exchange",2,"[PREMIUM]","1,2,3,4,5,6,7,8"
"PX0sg7nZ2jg","2026-09-18 23:58:29.484","2026-10-01 00:40:32.585","PX0sg7nZ2jg","18495788","[PREMIUM]","[PREMIUM]","[PREMIUM]","317","Section 317","11",8,"[]","2027-03-05 00:00:00","mobile_transfer","exchange",2,"[PREMIUM]","1,2,3,4,5,6,7,8"
"ROXHzAl3dBd","2026-09-18 23:58:29.484","2026-10-01 23:20:06.558","ROXHzAl3dBd","18495788","[PREMIUM]","[PREMIUM]","[PREMIUM]","316","Section 316","6",8,"[]","2027-03-05 00:00:00","mobile_transfer","exchange",2,"[PREMIUM]","1,2,3,4,5,6,7,8"
"ROXHzAl3dYw","2026-09-18 23:58:29.484","2026-10-01 23:20:06.558","ROXHzAl3dYw","18495788","[PREMIUM]","[PREMIUM]","[PREMIUM]","314","Section 314","10",8,"[]","2027-03-05 00:00:00","mobile_transfer","exchange",1,"[PREMIUM]","1,2,3,4,5,6,7,8"
"V4KU0e39g8L","2026-09-18 23:58:29.484","2026-09-24 00:59:04.923","V4KU0e39g8L","18495788","[PREMIUM]","[PREMIUM]","[PREMIUM]","120","Section 120","9",2,"[]","2027-03-06 00:00:00","electronic","exchange",1,"[PREMIUM]","2"
"V4KU0e39Vkd","2026-09-18 23:58:29.484","2026-09-22 23:28:02.682","V4KU0e39Vkd","18495788","[PREMIUM]","[PREMIUM]","[PREMIUM]","204","Section 204","8",2,"[]","2027-03-06 00:00:00","electronic","exchange",1,"[PREMIUM]","2"
"V4KU0e39MzP","2026-09-18 23:58:29.484","2026-09-24 00:59:04.923","V4KU0e39MzP","18495788","[PREMIUM]","[PREMIUM]","[PREMIUM]","324","Section 324","7",12,"[]","2027-03-06 00:00:00","electronic","exchange",1,"[PREMIUM]","1,2,3,4,5,6,7,8,9,10,11,12"
"V4KU0e394JV","2026-09-18 23:58:29.484","2026-09-24 00:59:04.923","V4KU0e394JV","18495788","[PREMIUM]","[PREMIUM]","[PREMIUM]","334","Section 334","6",10,"[]","2027-03-06 00:00:00","electronic","exchange",2,"[PREMIUM]","1,2,3,4,5,6,7,8,9,10"
"V4KU0e390JP","2026-09-18 23:58:29.484","2026-09-24 00:59:04.923","V4KU0e390JP","18495788","[PREMIUM]","[PREMIUM]","[PREMIUM]","202","Section 202","8",4,"[]","2027-03-06 00:00:00","electronic","exchange",1,"[PREMIUM]","1,2,3,4"
"V4KU0eA5Vwn","2026-09-18 23:58:29.484","2026-10-01 23:20:06.558","V4KU0eA5Vwn","18495788","[PREMIUM]","[PREMIUM]","[PREMIUM]","216","Section 216","5",8,"[]","2027-03-06 00:00:00","mobile_transfer","exchange",1,"[PREMIUM]","1,2,3,4,5,6,7,8"
"V4KU0eA5VlP","2026-09-18 23:58:29.484","2026-10-01 23:20:06.558","V4KU0eA5VlP","18495788","[PREMIUM]","[PREMIUM]","[PREMIUM]","311","Section 311","2",8,"[]","2027-03-06 00:00:00","mobile_transfer","exchange",0,"[PREMIUM]","1,2,3,4,5,6,7,8"
"V4KU0e3jP2p","2026-09-18 23:58:29.484","2026-10-01 23:20:06.558","V4KU0e3jP2p","18495788","[PREMIUM]","[PREMIUM]","[PREMIUM]","315","Section 315","8",8,"[]","2027-03-05 00:00:00","mobile_transfer","exchange",2,"[PREMIUM]","1,2,3,4,5,6,7,8"
"X03tKbAEDqd","2026-09-18 23:58:29.484","2026-09-24 00:59:04.923","X03tKbAEDqd","18495788","[PREMIUM]","[PREMIUM]","[PREMIUM]","330","Section 330","13",4,"[]","2027-03-06 00:00:00","electronic","exchange",1,"[PREMIUM]","1,2,3,4"
"X03tKbAEPO2","2026-09-18 23:58:29.484","2026-09-24 00:59:04.923","X03tKbAEPO2","18495788","[PREMIUM]","[PREMIUM]","[PREMIUM]","119","Section 119","18",5,"[]","2027-03-06 00:00:00","electronic","exchange",2,"[PREMIUM]","1,2,3,4,5"
"X03tKbAEjOa","2026-09-18 23:58:29.484","2026-09-24 00:59:04.923","X03tKbAEjOa","18495788","[PREMIUM]","[PREMIUM]","[PREMIUM]","212","Section 212","8",6,"[]","2027-03-06 00:00:00","electronic","exchange",1,"[PREMIUM]","1,2,3,4,5,6"
"X03tKbRqemj","2026-09-18 23:58:29.484","2026-10-01 23:20:06.558","X03tKbRqemj","18495788","[PREMIUM]","[PREMIUM]","[PREMIUM]","327","Section 327","1",8,"[]","2027-03-06 00:00:00","mobile_transfer","exchange",1,"[PREMIUM]","1,2,3,4,5,6,7,8"
"X03tKbRqeXj","2026-09-18 23:58:29.484","2026-10-01 23:20:06.558","X03tKbRqeXj","18495788","[PREMIUM]","[PREMIUM]","[PREMIUM]","233","Section 233","6",6,"[]","2027-03-06 00:00:00","mobile_transfer","exchange",1,"[PREMIUM]","1,2,3,4,5,6"
"YgJtkD9VGYn","2026-09-18 23:58:29.484","2026-09-21 00:35:17.571","YgJtkD9VGYn","18495788","[PREMIUM]","[PREMIUM]","[PREMIUM]","315","Section 315","10",8,"[]","2027-03-05 00:00:00","electronic","exchange",1,"[PREMIUM]","1,2,3,4,5,6,7,8"
