"_primaryKey","_firstSeenAt","_lastSeenAt","listingId","eventId","price","priceWithFees","fee","section","sectionFull","row","quantity","seats","inHandDate","deliveryType","marketplace","dealBucket","dealScore","splitType"
"05VT8K9OYbx","2026-07-20 23:59:51.092","2026-07-20 23:59:51.092","05VT8K9OYbx","17691490","[PREMIUM]","[PREMIUM]","[PREMIUM]","39RS","Section 39 RS","h",2,"[]","2026-08-31 00:00:00","sg_app","exchange",3,"[PREMIUM]","2"
"05VT8K9O0qw","2026-07-20 23:59:51.092","2026-07-20 23:59:51.092","05VT8K9O0qw","17691490","[PREMIUM]","[PREMIUM]","[PREMIUM]","LHRD","Lhrd","2",8,"[]","2026-08-31 00:00:00","sg_app","exchange",7,"[PREMIUM]","1,2,3,4,5,6,8"
"2v0cz3Er0gZ","2026-07-20 23:59:51.092","2026-07-20 23:59:51.092","2v0cz3Er0gZ","17691490","[PREMIUM]","[PREMIUM]","[PREMIUM]","51FD","Section 51 FD","p",5,"[]","2026-08-31 00:00:00","sg_app","exchange",3,"[PREMIUM]","1,2,3,5"
"2v0cz3EbmYr","2026-07-20 23:59:51.092","2026-07-20 23:59:51.092","2v0cz3EbmYr","17691490","[PREMIUM]","[PREMIUM]","[PREMIUM]","28RS","Section 28 RS","o",8,"[]","2026-08-31 00:00:00","sg_app","exchange",3,"[PREMIUM]","1,2,3,4,5,6,8"
"3q7fNJPoa72","2026-07-20 23:59:51.092","2026-07-20 23:59:51.092","3q7fNJPoa72","17691490","[PREMIUM]","[PREMIUM]","[PREMIUM]","159LG","Section 159 LG","p",2,"[]","2026-08-31 00:00:00","sg_app","exchange",3,"[PREMIUM]","2"
"3q7fNJPoEBp","2026-07-20 23:59:51.092","2026-07-20 23:59:51.092","3q7fNJPoEBp","17691490","[PREMIUM]","[PREMIUM]","[PREMIUM]","32RS","Section 32 RS","o",8,"[]","2026-08-31 00:00:00","sg_app","exchange",4,"[PREMIUM]","1,2,3,4,5,6,8"
"3q7fNJPoE58","2026-07-20 23:59:51.092","2026-07-20 23:59:51.092","3q7fNJPoE58","17691490","[PREMIUM]","[PREMIUM]","[PREMIUM]","51FD","Section 51 FD","o",8,"[]","2026-08-31 00:00:00","sg_app","exchange",3,"[PREMIUM]","1,2,3,4,5,6,8"
"4vXcj940JXm","2026-07-20 23:59:51.092","2026-07-20 23:59:51.092","4vXcj940JXm","17691490","[PREMIUM]","[PREMIUM]","[PREMIUM]","10RS","Section 10 RS","t",2,"[]","2026-08-31 00:00:00","sg_app","exchange",4,"[PREMIUM]","2"
"4vXcj940XoP","2026-07-20 23:59:51.092","2026-07-20 23:59:51.092","4vXcj940XoP","17691490","[PREMIUM]","[PREMIUM]","[PREMIUM]","15RS","Section 15 RS","m",2,"[]","2026-08-31 00:00:00","sg_app","exchange",4,"[PREMIUM]","2"
"4vXcj940lAK","2026-07-20 23:59:51.092","2026-07-20 23:59:51.092","4vXcj940lAK","17691490","[PREMIUM]","[PREMIUM]","[PREMIUM]","39RS","Section 39 RS","h",2,"[]","2026-08-31 00:00:00","sg_app","exchange",3,"[PREMIUM]","2"
"5EjuZ69d4rw","2026-07-20 23:59:51.092","2026-07-20 23:59:51.092","5EjuZ69d4rw","17691490","[PREMIUM]","[PREMIUM]","[PREMIUM]","9TD","Section 9 TD","g",8,"[]","2026-08-31 00:00:00","sg_app","exchange",2,"[PREMIUM]","1,2,3,4,5,6,8"
"6mOhkAxjr97","2026-07-20 23:59:51.092","2026-07-20 23:59:51.092","6mOhkAxjr97","17691490","[PREMIUM]","[PREMIUM]","[PREMIUM]","159LG","Section 159 LG","h",6,"[]","2026-08-31 00:00:00","sg_app","exchange",2,"[PREMIUM]","2,4,6"
"6mOhkAxE3k0","2026-07-20 23:59:51.092","2026-08-04 14:02:00.232","6mOhkAxE3k0","17691490","[PREMIUM]","[PREMIUM]","[PREMIUM]","148LG","Section 148 LG","h",4,"['1','2','3','4']",,"sg_app","exchange",0,"[PREMIUM]","2,4"
"7KntAlo2nYx","2026-07-20 23:59:51.092","2026-07-20 23:59:51.092","7KntAlo2nYx","17691490","[PREMIUM]","[PREMIUM]","[PREMIUM]","159LG","Section 159 LG","n",8,"[]","2026-08-31 00:00:00","sg_app","exchange",2,"[PREMIUM]","1,2,3,4,5,6,8"
"7KntAlo20kK","2026-07-20 23:59:51.092","2026-07-20 23:59:51.092","7KntAlo20kK","17691490","[PREMIUM]","[PREMIUM]","[PREMIUM]","7TD","Section 7 TD","l",8,"[]","2026-08-31 00:00:00","sg_app","exchange",2,"[PREMIUM]","1,2,3,4,5,6,8"
"7KntAlo20PN","2026-07-20 23:59:51.092","2026-07-20 23:59:51.092","7KntAlo20PN","17691490","[PREMIUM]","[PREMIUM]","[PREMIUM]","304PR","Section 304 PR","j",8,"[]","2026-08-31 00:00:00","sg_app","exchange",4,"[PREMIUM]","1,2,3,4,5,6,8"
"7xg8dyk","2026-07-20 23:59:51.092","2026-08-04 14:02:00.232","7xg8dyk","17691490","[PREMIUM]","[PREMIUM]","[PREMIUM]","143LG","Section 143 LG","c",2,"['1','2']",,"sg_app","marketplace",1,"[PREMIUM]","2"
"9P2c5qPzj20","2026-07-20 23:59:51.092","2026-07-20 23:59:51.092","9P2c5qPzj20","17691490","[PREMIUM]","[PREMIUM]","[PREMIUM]","10RS","Section 10 RS","j",2,"[]","2026-08-31 00:00:00","sg_app","exchange",3,"[PREMIUM]","2"
"A6rs27VvdpV","2026-07-20 23:59:51.092","2026-07-20 23:59:51.092","A6rs27VvdpV","17691490","[PREMIUM]","[PREMIUM]","[PREMIUM]","23RS","Section 23 RS","f",8,"[]","2026-08-31 00:00:00","sg_app","exchange",2,"[PREMIUM]","1,2,3,4,5,6,8"
"DdwHkOJ0G9G","2026-07-20 23:59:51.092","2026-07-20 23:59:51.092","DdwHkOJ0G9G","17691490","[PREMIUM]","[PREMIUM]","[PREMIUM]","5RS","Section 5 RS","p",8,"[]","2026-08-31 00:00:00","sg_app","exchange",4,"[PREMIUM]","1,2,3,4,5,6,8"
"EroUXnBYK54","2026-07-20 23:59:51.092","2026-07-20 23:59:51.092","EroUXnBYK54","17691490","[PREMIUM]","[PREMIUM]","[PREMIUM]","159LG","Section 159 LG","h",4,"[]","2026-08-31 00:00:00","sg_app","exchange",3,"[PREMIUM]","2,4"
"EroUXnBYKRe","2026-07-20 23:59:51.092","2026-07-20 23:59:51.092","EroUXnBYKRe","17691490","[PREMIUM]","[PREMIUM]","[PREMIUM]","308PR","Section 308 PR","j",8,"[]","2026-08-31 00:00:00","sg_app","exchange",3,"[PREMIUM]","1,2,3,4,5,6,8"
"GAaI62AYJLZ","2026-07-20 23:59:51.092","2026-07-20 23:59:51.092","GAaI62AYJLZ","17691490","[PREMIUM]","[PREMIUM]","[PREMIUM]","38FD","Section 38 FD","p",8,"[]","2026-08-31 00:00:00","sg_app","exchange",5,"[PREMIUM]","1,2,3,4,5,6,8"
"GAaI62AYJam","2026-07-20 23:59:51.092","2026-07-20 23:59:51.092","GAaI62AYJam","17691490","[PREMIUM]","[PREMIUM]","[PREMIUM]","160LG","Section 160 LG","o",4,"[]","2026-08-31 00:00:00","sg_app","exchange",2,"[PREMIUM]","2,4"
"GAaI62AYVKR","2026-07-20 23:59:51.092","2026-07-20 23:59:51.092","GAaI62AYVKR","17691490","[PREMIUM]","[PREMIUM]","[PREMIUM]","39RS","Section 39 RS","g",2,"[]","2026-08-31 00:00:00","sg_app","exchange",3,"[PREMIUM]","2"
"JABI39oYGbY","2026-07-20 23:59:51.092","2026-07-20 23:59:51.092","JABI39oYGbY","17691490","[PREMIUM]","[PREMIUM]","[PREMIUM]","301PL","Section 301 PL","q",5,"[]","2026-08-31 00:00:00","sg_app","exchange",2,"[PREMIUM]","1,2,3,5"
"Kezcz6LYMR7","2026-07-20 23:59:51.092","2026-07-20 23:59:51.092","Kezcz6LYMR7","17691490","[PREMIUM]","[PREMIUM]","[PREMIUM]","301PL","Section 301 PL","j",5,"[]","2026-08-31 00:00:00","sg_app","exchange",2,"[PREMIUM]","1,2,3,5"
"NrqUv4KR58v","2026-07-20 23:59:51.092","2026-08-04 14:02:00.232","NrqUv4KR58v","17691490","[PREMIUM]","[PREMIUM]","[PREMIUM]","6RS","Section 6 RS","a",8,"['8','9','10','11','12','13','14','15']",,"sg_app","exchange",0,"[PREMIUM]","1,2,3,4,5,6,8"
"NrqUv4KYmvm","2026-07-20 23:59:51.092","2026-07-20 23:59:51.092","NrqUv4KYmvm","17691490","[PREMIUM]","[PREMIUM]","[PREMIUM]","21RS","Section 21 RS","gg",8,"[]","2026-08-31 00:00:00","sg_app","exchange",1,"[PREMIUM]","1,2,3,4,5,6,8"
"NrqUv4KYpg3","2026-07-20 23:59:51.092","2026-07-20 23:59:51.092","NrqUv4KYpg3","17691490","[PREMIUM]","[PREMIUM]","[PREMIUM]","31RS","Section 31 RS","j",8,"[]","2026-08-31 00:00:00","sg_app","exchange",3,"[PREMIUM]","1,2,3,4,5,6,8"
"NrqUv4KYmaz","2026-07-20 23:59:51.092","2026-07-20 23:59:51.092","NrqUv4KYmaz","17691490","[PREMIUM]","[PREMIUM]","[PREMIUM]","15RS","Section 15 RS","m",8,"[]","2026-08-31 00:00:00","sg_app","exchange",4,"[PREMIUM]","1,2,3,4,5,6,8"
"O7AhwrqYMeY","2026-07-20 23:59:51.092","2026-07-20 23:59:51.092","O7AhwrqYMeY","17691490","[PREMIUM]","[PREMIUM]","[PREMIUM]","165LG","Section 165 LG","h",8,"[]","2026-08-31 00:00:00","sg_app","exchange",2,"[PREMIUM]","1,2,3,4,5,6,8"
"O7AhwrqYMpO","2026-07-20 23:59:51.092","2026-07-20 23:59:51.092","O7AhwrqYMpO","17691490","[PREMIUM]","[PREMIUM]","[PREMIUM]","163LG","Section 163 LG","o",6,"[]","2026-08-31 00:00:00","sg_app","exchange",2,"[PREMIUM]","2,4,6"
"PX0sgLbYBdw","2026-07-20 23:59:51.092","2026-07-20 23:59:51.092","PX0sgLbYBdw","17691490","[PREMIUM]","[PREMIUM]","[PREMIUM]","166LG","Section 166 LG","p",8,"[]","2026-08-31 00:00:00","sg_app","exchange",2,"[PREMIUM]","1,2,3,4,5,6,8"
"PX0sgLb9BgG","2026-07-20 23:59:51.092","2026-08-04 14:02:00.232","PX0sgLb9BgG","17691490","[PREMIUM]","[PREMIUM]","[PREMIUM]","45FD","Section 45 FD","c",3,"[]","2026-08-30 00:00:00","electronic","exchange",0,"[PREMIUM]","1,3"
"ROXHzwXYMvD","2026-07-20 23:59:51.092","2026-07-20 23:59:51.092","ROXHzwXYMvD","17691490","[PREMIUM]","[PREMIUM]","[PREMIUM]","24RS","Section 24 RS","o",8,"[]","2026-08-31 00:00:00","sg_app","exchange",3,"[PREMIUM]","1,2,3,4,5,6,8"
"V4KU0MKBXaE","2026-07-20 23:59:51.092","2026-07-20 23:59:51.092","V4KU0MKBXaE","17691490","[PREMIUM]","[PREMIUM]","[PREMIUM]","307PL","Section 307 PL","w",8,"['9','10','11','12','13','14','15','16']",,"sg_app","exchange",0,"[PREMIUM]","1,2,3,4,5,6,8"
"V4KU0MKxZO9","2026-07-20 23:59:51.092","2026-07-20 23:59:51.092","V4KU0MKxZO9","17691490","[PREMIUM]","[PREMIUM]","[PREMIUM]","23RS","Section 23 RS","h",8,"[]","2026-08-31 00:00:00","sg_app","exchange",2,"[PREMIUM]","1,2,3,4,5,6,8"
"X03tKj39wr9","2026-07-20 23:59:51.092","2026-07-20 23:59:51.092","X03tKj39wr9","17691490","[PREMIUM]","[PREMIUM]","[PREMIUM]","6RS","Section 6 RS","n",5,"['1','2','3','4','5']",,"sg_app","exchange",0,"[PREMIUM]","1,2,3,5"
"X03tKj3YpGo","2026-07-20 23:59:51.092","2026-07-20 23:59:51.092","X03tKj3YpGo","17691490","[PREMIUM]","[PREMIUM]","[PREMIUM]","309PL","Section 309 PL","l",8,"[]","2026-08-31 00:00:00","sg_app","exchange",3,"[PREMIUM]","1,2,3,4,5,6,8"
"X03tKj3Yb63","2026-07-20 23:59:51.092","2026-07-20 23:59:51.092","X03tKj3Yb63","17691490","[PREMIUM]","[PREMIUM]","[PREMIUM]","165LG","Section 165 LG","f",8,"[]","2026-08-31 00:00:00","sg_app","exchange",2,"[PREMIUM]","1,2,3,4,5,6,8"
"V4KU0MK3kEK","2026-07-20 23:59:51.092","2026-08-04 14:02:00.232","V4KU0MK3kEK","17691490","[PREMIUM]","[PREMIUM]","[PREMIUM]","16RS","Section 16 RS","a",6,"['11','12','13','14','15','16']",,"sg_app","exchange",0,"[PREMIUM]","2,4,6"
"YgJtk6JYAg4","2026-07-20 23:59:51.092","2026-07-20 23:59:51.092","YgJtk6JYAg4","17691490","[PREMIUM]","[PREMIUM]","[PREMIUM]","10RS","Section 10 RS","p",4,"[]","2026-08-31 00:00:00","sg_app","exchange",4,"[PREMIUM]","2,4"
"YgJtk6JYD8d","2026-07-20 23:59:51.092","2026-07-20 23:59:51.092","YgJtk6JYD8d","17691490","[PREMIUM]","[PREMIUM]","[PREMIUM]","2RS","Section 2 RS","h",13,"[]","2026-08-31 00:00:00","sg_app","exchange",4,"[PREMIUM]","1,2,3,4,5,6,7,8,9,10,11,13"
"YgJtk6JLeMR","2026-07-20 23:59:51.092","2026-07-20 23:59:51.092","YgJtk6JLeMR","17691490","[PREMIUM]","[PREMIUM]","[PREMIUM]","28RS","Section 28 RS","h",8,"['1','2','3','4','5','6','7','8']",,"sg_app","exchange",0,"[PREMIUM]","1,2,3,4,5,6,8"
"Zm9hvw9Y03z","2026-07-20 23:59:51.092","2026-07-20 23:59:51.092","Zm9hvw9Y03z","17691490","[PREMIUM]","[PREMIUM]","[PREMIUM]","13TD","Section 13 TD","j",8,"[]","2026-08-31 00:00:00","sg_app","exchange",2,"[PREMIUM]","1,2,3,4,5,6,8"
"agktlDNY9mk","2026-07-20 23:59:51.092","2026-07-20 23:59:51.092","agktlDNY9mk","17691490","[PREMIUM]","[PREMIUM]","[PREMIUM]","160LG","Section 160 LG","p",2,"[]","2026-08-31 00:00:00","sg_app","exchange",2,"[PREMIUM]","2"
"b4wUaG9YkJA","2026-07-20 23:59:51.092","2026-07-20 23:59:51.092","b4wUaG9YkJA","17691490","[PREMIUM]","[PREMIUM]","[PREMIUM]","18RS","Section 18 RS","hh",6,"[]","2026-08-31 00:00:00","sg_app","exchange",2,"[PREMIUM]","2,4,6"
"b4wUaG9YpjG","2026-07-20 23:59:51.092","2026-07-20 23:59:51.092","b4wUaG9YpjG","17691490","[PREMIUM]","[PREMIUM]","[PREMIUM]","303PL","Section 303 PL","j",8,"[]","2026-08-31 00:00:00","sg_app","exchange",3,"[PREMIUM]","1,2,3,4,5,6,8"
"dNgUg67YBrD","2026-07-20 23:59:51.092","2026-07-20 23:59:51.092","dNgUg67YBrD","17691490","[PREMIUM]","[PREMIUM]","[PREMIUM]","45FD","Section 45 FD","p",8,"[]","2026-08-31 00:00:00","sg_app","exchange",2,"[PREMIUM]","1,2,3,4,5,6,8"
"dNgUg67YlJB","2026-07-20 23:59:51.092","2026-07-20 23:59:51.092","dNgUg67YlJB","17691490","[PREMIUM]","[PREMIUM]","[PREMIUM]","7TD","Section 7 TD","k",2,"[]","2026-08-31 00:00:00","sg_app","exchange",2,"[PREMIUM]","2"
"jDvsz7qDjKY","2026-07-20 23:59:51.092","2026-07-20 23:59:51.092","jDvsz7qDjKY","17691490","[PREMIUM]","[PREMIUM]","[PREMIUM]","53FD","Section 53 FD","r",6,"[]","2026-08-31 00:00:00","sg_app","exchange",3,"[PREMIUM]","2,4,6"
"jDvsz7qD364","2026-07-20 23:59:51.092","2026-07-20 23:59:51.092","jDvsz7qD364","17691490","[PREMIUM]","[PREMIUM]","[PREMIUM]","39RS","Section 39 RS","m",8,"[]","2026-08-31 00:00:00","sg_app","exchange",3,"[PREMIUM]","1,2,3,4,5,6,8"
"jDvsz7qLzwb","2026-07-20 23:59:51.092","2026-08-04 14:02:00.232","jDvsz7qLzwb","17691490","[PREMIUM]","[PREMIUM]","[PREMIUM]","52FD","Section 52 FD","o",5,"['3','4','5','6','7']",,"sg_app","exchange",0,"[PREMIUM]","1,2,3,5"
"jpx0pmp","2026-07-20 23:59:51.092","2026-08-04 14:02:00.232","jpx0pmp","17691490","[PREMIUM]","[PREMIUM]","[PREMIUM]","28FD","Section 28 FD","c",2,"['1','2']",,"sg_app","marketplace",2,"[PREMIUM]","2"
"kp2zn78","2026-07-20 23:59:51.092","2026-08-04 14:02:00.232","kp2zn78","17691490","[PREMIUM]","[PREMIUM]","[PREMIUM]","19RS","Section 19 RS","u",2,"['1','2']",,"sg_app","marketplace",1,"[PREMIUM]","2"
"lxVsdLb0Doe","2026-07-20 23:59:51.092","2026-07-20 23:59:51.092","lxVsdLb0Doe","17691490","[PREMIUM]","[PREMIUM]","[PREMIUM]","35RS","Section 35 RS","d",5,"[]","2026-08-31 00:00:00","sg_app","exchange",2,"[PREMIUM]","1,2,3,5"
"lxVsdLb0ZAA","2026-07-20 23:59:51.092","2026-07-20 23:59:51.092","lxVsdLb0ZAA","17691490","[PREMIUM]","[PREMIUM]","[PREMIUM]","31RS","Section 31 RS","p",8,"[]","2026-08-31 00:00:00","sg_app","exchange",3,"[PREMIUM]","1,2,3,4,5,6,8"
"lxVsdLb0ZBL","2026-07-20 23:59:51.092","2026-07-20 23:59:51.092","lxVsdLb0ZBL","17691490","[PREMIUM]","[PREMIUM]","[PREMIUM]","32RS","Section 32 RS","p",8,"[]","2026-08-31 00:00:00","sg_app","exchange",4,"[PREMIUM]","1,2,3,4,5,6,8"
"lxVsdLb0ZBw","2026-07-20 23:59:51.092","2026-07-20 23:59:51.092","lxVsdLb0ZBw","17691490","[PREMIUM]","[PREMIUM]","[PREMIUM]","8RS","Section 8 RS","h",6,"[]","2026-08-31 00:00:00","sg_app","exchange",3,"[PREMIUM]","2,4,6"
"mxAs4Y7lKrX","2026-07-20 23:59:51.092","2026-07-20 23:59:51.092","mxAs4Y7lKrX","17691490","[PREMIUM]","[PREMIUM]","[PREMIUM]","24RS","Section 24 RS","j",8,"[]","2026-08-31 00:00:00","sg_app","exchange",2,"[PREMIUM]","1,2,3,4,5,6,8"
"oV7HbEjeKAv","2026-07-20 23:59:51.092","2026-07-20 23:59:51.092","oV7HbEjeKAv","17691490","[PREMIUM]","[PREMIUM]","[PREMIUM]","23RS","Section 23 RS","o",2,"[]","2026-08-31 00:00:00","sg_app","exchange",3,"[PREMIUM]","2"
"pVXHDEOLJnj","2026-07-20 23:59:51.092","2026-07-20 23:59:51.092","pVXHDEOLJnj","17691490","[PREMIUM]","[PREMIUM]","[PREMIUM]","158LG","Section 158 LG","h",8,"[]","2026-08-31 00:00:00","sg_app","exchange",2,"[PREMIUM]","1,2,3,4,5,6,8"
"pVXHDEOpwrj","2026-07-20 23:59:51.092","2026-08-04 14:02:00.232","pVXHDEOpwrj","17691490","[PREMIUM]","[PREMIUM]","[PREMIUM]","16RS","Section 16 RS","l",8,"['7','8','9','10','11','12','13','14']",,"sg_app","exchange",0,"[PREMIUM]","1,2,3,4,5,6,8"
"qVjH2VvErwJ","2026-07-20 23:59:51.092","2026-07-20 23:59:51.092","qVjH2VvErwJ","17691490","[PREMIUM]","[PREMIUM]","[PREMIUM]","8RS","Section 8 RS","o",5,"[]","2026-08-31 00:00:00","sg_app","exchange",4,"[PREMIUM]","1,2,3,5"
"qVjH2VvE9bK","2026-07-20 23:59:51.092","2026-07-20 23:59:51.092","qVjH2VvE9bK","17691490","[PREMIUM]","[PREMIUM]","[PREMIUM]","313PL","Section 313 PL","j",8,"[]","2026-08-31 00:00:00","sg_app","exchange",3,"[PREMIUM]","1,2,3,4,5,6,8"
"rVOHkRKv6OZ","2026-07-20 23:59:51.092","2026-07-20 23:59:51.092","rVOHkRKv6OZ","17691490","[PREMIUM]","[PREMIUM]","[PREMIUM]","23RS","Section 23 RS","o",4,"[]","2026-08-31 00:00:00","sg_app","exchange",3,"[PREMIUM]","2,4"
"rVOHkRKvL7B","2026-07-20 23:59:51.092","2026-07-20 23:59:51.092","rVOHkRKvL7B","17691490","[PREMIUM]","[PREMIUM]","[PREMIUM]","18RS","Section 18 RS","hh",2,"[]","2026-08-31 00:00:00","sg_app","exchange",2,"[PREMIUM]","2"
"rVOHkRKVag6","2026-07-20 23:59:51.092","2026-07-20 23:59:51.092","rVOHkRKVag6","17691490","[PREMIUM]","[PREMIUM]","[PREMIUM]","6RS","Section 6 RS","n",8,"['12','13','14','15','16','17','18','19']",,"sg_app","exchange",1,"[PREMIUM]","1,2,3,4,5,6,8"
"rVOHkRKvpVK","2026-07-20 23:59:51.092","2026-07-20 23:59:51.092","rVOHkRKvpVK","17691490","[PREMIUM]","[PREMIUM]","[PREMIUM]","17RS","Section 17 RS","gg",8,"[]","2026-08-31 00:00:00","sg_app","exchange",2,"[PREMIUM]","1,2,3,4,5,6,8"
"vb3iPe8ZAGK","2026-07-20 23:59:51.092","2026-07-20 23:59:51.092","vb3iPe8ZAGK","17691490","[PREMIUM]","[PREMIUM]","[PREMIUM]","35RS","Section 35 RS","g",3,"[]","2026-08-31 00:00:00","sg_app","exchange",2,"[PREMIUM]","3"
"w3Jsed6v4aZ","2026-07-20 23:59:51.092","2026-07-20 23:59:51.092","w3Jsed6v4aZ","17691490","[PREMIUM]","[PREMIUM]","[PREMIUM]","10RS","Section 10 RS","p",3,"[]","2026-08-31 00:00:00","sg_app","exchange",4,"[PREMIUM]","3"
"xb9imB8gxkM","2026-07-20 23:59:51.092","2026-07-20 23:59:51.092","xb9imB8gxkM","17691490","[PREMIUM]","[PREMIUM]","[PREMIUM]","311PL","Section 311 PL","j",8,"[]","2026-08-31 00:00:00","sg_app","exchange",2,"[PREMIUM]","1,2,3,4,5,6,8"
"xb9imB8eNw0","2026-07-20 23:59:51.092","2026-08-04 14:02:00.232","xb9imB8eNw0","17691490","[PREMIUM]","[PREMIUM]","[PREMIUM]","34FD","Section 34 FD","b",6,"['3','4','5','6','7','8']",,"sg_app","exchange",0,"[PREMIUM]","2,4,6"
"z3Es6q4MPZ9","2026-07-20 23:59:51.092","2026-07-20 23:59:51.092","z3Es6q4MPZ9","17691490","[PREMIUM]","[PREMIUM]","[PREMIUM]","158LG","Section 158 LG","o",2,"[]","2026-08-31 00:00:00","sg_app","exchange",1,"[PREMIUM]","2"
"z3Es6q4M7O6","2026-07-20 23:59:51.092","2026-07-20 23:59:51.092","z3Es6q4M7O6","17691490","[PREMIUM]","[PREMIUM]","[PREMIUM]","35RS","Section 35 RS","j",5,"[]","2026-08-31 00:00:00","sg_app","exchange",2,"[PREMIUM]","1,2,3,5"
"2v0cz3EpGVJ","2026-07-20 23:59:51.043","2026-07-20 23:59:51.043","2v0cz3EpGVJ","17695106","[PREMIUM]","[PREMIUM]","[PREMIUM]","108","Section 108","p",8,"[]","2026-08-29 00:00:00","sg_app","exchange",2,"[PREMIUM]","1,2,3,4,5,6,8"
"86z9pzj","2026-07-20 23:59:51.043","2026-07-22 00:15:40.869","86z9pzj","17695106","[PREMIUM]","[PREMIUM]","[PREMIUM]","DC126","PNC Diamond Club 126","d",3,"['1','2','3']",,"sg_app","marketplace",0,"[PREMIUM]","1,3"
"DdwHkOJZllN","2026-07-20 23:59:51.043","2026-07-20 23:59:51.043","DdwHkOJZllN","17695106","[PREMIUM]","[PREMIUM]","[PREMIUM]","114","Section 114","k",6,"[]","2026-08-29 00:00:00","sg_app","exchange",4,"[PREMIUM]","2,4,6"
"DdwHkOJZgMd","2026-07-20 23:59:51.043","2026-07-20 23:59:51.043","DdwHkOJZgMd","17695106","[PREMIUM]","[PREMIUM]","[PREMIUM]","132","Section 132","y",3,"[]","2026-08-29 00:00:00","sg_app","exchange",2,"[PREMIUM]","3"
"GAaI62AZ40A","2026-07-20 23:59:51.043","2026-07-20 23:59:51.043","GAaI62AZ40A","17695106","[PREMIUM]","[PREMIUM]","[PREMIUM]","112","Section 112","dd",2,"[]","2026-08-29 00:00:00","sg_app","exchange",2,"[PREMIUM]","2"
"NrqUv4KZNN2","2026-07-20 23:59:51.043","2026-07-20 23:59:51.043","NrqUv4KZNN2","17695106","[PREMIUM]","[PREMIUM]","[PREMIUM]","117","Section 117","bb",4,"[]","2026-08-29 00:00:00","sg_app","exchange",4,"[PREMIUM]","2,4"
"PX0sgLb8Zqz","2026-07-20 23:59:51.043","2026-07-20 23:59:51.043","PX0sgLb8Zqz","17695106","[PREMIUM]","[PREMIUM]","[PREMIUM]","132","Section 132","ee",3,"[]","2026-08-29 00:00:00","sg_app","exchange",2,"[PREMIUM]","3"
"V4KU0MKLZzZ","2026-07-20 23:59:51.043","2026-07-22 00:15:40.869","V4KU0MKLZzZ","17695106","[PREMIUM]","[PREMIUM]","[PREMIUM]","105","Section 105","e",10,"['7','8','9','10','11','12','13','14','15','16']","2026-03-10 00:00:00","sg_app","exchange",0,"[PREMIUM]","1,2,3,4,5,6,7,8,10"
"X03tKj3xw4B","2026-07-20 23:59:51.043","2026-07-20 23:59:51.043","X03tKj3xw4B","17695106","[PREMIUM]","[PREMIUM]","[PREMIUM]","135","Section 135","u",8,"[]","2026-08-29 00:00:00","sg_app","exchange",3,"[PREMIUM]","1,2,3,4,5,6,8"
"YgJtk6J5XXE","2026-07-20 23:59:51.043","2026-07-20 23:59:51.043","YgJtk6J5XXE","17695106","[PREMIUM]","[PREMIUM]","[PREMIUM]","113","Section 113","mm",4,"[]","2026-08-29 00:00:00","sg_app","exchange",2,"[PREMIUM]","2,4"
"b4wUaG9z66M","2026-07-20 23:59:51.043","2026-07-20 23:59:51.043","b4wUaG9z66M","17695106","[PREMIUM]","[PREMIUM]","[PREMIUM]","103","Section 103","l",8,"[]","2026-08-29 00:00:00","sg_app","exchange",2,"[PREMIUM]","1,2,3,4,5,6,8"
"jDvsz7qAV7R","2026-07-20 23:59:51.043","2026-07-20 23:59:51.043","jDvsz7qAV7R","17695106","[PREMIUM]","[PREMIUM]","[PREMIUM]","201","Section 201","l",8,"[]","2026-08-29 00:00:00","sg_app","exchange",4,"[PREMIUM]","1,2,3,4,5,6,8"
"lxVsdLbDj7D","2026-07-20 23:59:51.043","2026-07-20 23:59:51.043","lxVsdLbDj7D","17695106","[PREMIUM]","[PREMIUM]","[PREMIUM]","128","Section 128","pp",9,"[]","2026-08-29 00:00:00","sg_app","exchange",5,"[PREMIUM]","1,2,3,4,5,6,7,9"
"mxAs4Y7Dqqb","2026-07-20 23:59:51.043","2026-07-20 23:59:51.043","mxAs4Y7Dqqb","17695106","[PREMIUM]","[PREMIUM]","[PREMIUM]","131","Section 131","y",10,"[]","2026-08-29 00:00:00","sg_app","exchange",5,"[PREMIUM]","1,2,3,4,5,6,7,8,10"
"mxAs4Y7D2pG","2026-07-20 23:59:51.043","2026-07-20 23:59:51.043","mxAs4Y7D2pG","17695106","[PREMIUM]","[PREMIUM]","[PREMIUM]","117","Section 117","rr",10,"[]","2026-08-29 00:00:00","sg_app","exchange",5,"[PREMIUM]","1,2,3,4,5,6,7,8,10"
"pVXHDEOzMMR","2026-07-20 23:59:51.043","2026-07-20 23:59:51.043","pVXHDEOzMMR","17695106","[PREMIUM]","[PREMIUM]","[PREMIUM]","113","Section 113","pp",5,"[]","2026-08-29 00:00:00","sg_app","exchange",2,"[PREMIUM]","1,2,3,5"
"pVXHDEOzME6","2026-07-20 23:59:51.043","2026-07-20 23:59:51.043","pVXHDEOzME6","17695106","[PREMIUM]","[PREMIUM]","[PREMIUM]","203","Section 203","n",8,"[]","2026-08-29 00:00:00","sg_app","exchange",3,"[PREMIUM]","1,2,3,4,5,6,8"
"qVjH2VvAaVd","2026-07-20 23:59:51.043","2026-07-20 23:59:51.043","qVjH2VvAaVd","17695106","[PREMIUM]","[PREMIUM]","[PREMIUM]","204","Section 204","p",8,"[]","2026-08-29 00:00:00","sg_app","exchange",3,"[PREMIUM]","1,2,3,4,5,6,8"
"qVjH2VvAaaV","2026-07-20 23:59:51.043","2026-07-20 23:59:51.043","qVjH2VvAaaV","17695106","[PREMIUM]","[PREMIUM]","[PREMIUM]","112","Section 112","y",11,"[]","2026-08-29 00:00:00","sg_app","exchange",2,"[PREMIUM]","1,2,3,4,5,6,7,8,9,11"
"vb3iPe8lr43","2026-07-20 23:59:51.043","2026-08-04 14:30:05.904","vb3iPe8lr43","17695106","[PREMIUM]","[PREMIUM]","[PREMIUM]","105","Section 105","b",8,"['3','4','5','6','7','8','9','10']","2026-03-10 00:00:00","sg_app","exchange",1,"[PREMIUM]","1,2,3,4,5,6,8"
"xb9imB8vrrv","2026-07-20 23:59:51.043","2026-07-20 23:59:51.043","xb9imB8vrrv","17695106","[PREMIUM]","[PREMIUM]","[PREMIUM]","103","Section 103","f",4,"[]","2026-08-29 00:00:00","sg_app","exchange",2,"[PREMIUM]","2,4"
"xz7d04g","2026-07-20 23:59:51.043","2026-08-04 14:30:05.904","xz7d04g","17695106","[PREMIUM]","[PREMIUM]","[PREMIUM]","110","Section 110","d",1,"['6']",,"sg_app","marketplace",1,"[PREMIUM]","1"
"7xg68ov","2026-07-20 23:59:43.811","2026-08-04 14:01:23.758","7xg68ov","17692908","[PREMIUM]","[PREMIUM]","[PREMIUM]","F33","Field Box 33","c",2,"['3','4']",,"sg_app","marketplace",1,"[PREMIUM]","2"
"BALImXj4X26","2026-07-20 23:59:43.811","2026-08-04 14:01:23.758","BALImXj4X26","17692908","[PREMIUM]","[PREMIUM]","[PREMIUM]","19","Grandstand 19","7",2,"['3','4']","2026-08-31 00:00:00","electronic","exchange",1,"[PREMIUM]","2"
"dm1z0qk","2026-07-20 23:59:43.811","2026-08-04 14:01:23.758","dm1z0qk","17692908","[PREMIUM]","[PREMIUM]","[PREMIUM]","F54","Field Box 54","l",4,"['1','2','3','4']",,"sg_app","marketplace",1,"[PREMIUM]","2,4"
"eeacK2mKRdr","2026-07-20 23:59:43.811","2026-08-04 14:01:23.758","eeacK2mKRdr","17692908","[PREMIUM]","[PREMIUM]","[PREMIUM]","L41","Bleacher 41","20",8,"['1','2','3','4','5','6','7','8']","2026-02-24 00:00:00","sg_app","exchange",0,"[PREMIUM]","1,2,3,4,5,6,8"
"g48UrodY0mR","2026-07-20 23:59:43.811","2026-07-30 05:38:34.832","g48UrodY0mR","17692908","[PREMIUM]","[PREMIUM]","[PREMIUM]","B102","Loge Box 102","ll",4,"['1','2','3','4']","2026-02-24 00:00:00","sg_app","exchange",1,"[PREMIUM]","2,4"
"kp2yd0g","2026-07-20 23:59:43.811","2026-08-04 14:01:23.758","kp2yd0g","17692908","[PREMIUM]","[PREMIUM]","[PREMIUM]","F9","Field Box 9","h",2,"['5','6']",,"sg_app","marketplace",0,"[PREMIUM]","2"
"moj1970","2026-07-20 23:59:43.811","2026-08-04 14:01:23.758","moj1970","17692908","[PREMIUM]","[PREMIUM]","[PREMIUM]","H47","Home Plate Dugout Box 47","a1",2,"['1','2']",,"sg_app","marketplace",1,"[PREMIUM]","2"
"mojy772","2026-07-20 23:59:43.811","2026-08-04 14:01:23.758","mojy772","17692908","[PREMIUM]","[PREMIUM]","[PREMIUM]","B97","Right Field Box 97","bb",2,"['3','4']",,"sg_app","marketplace",0,"[PREMIUM]","2"
"pVXHDEOE5RY","2026-07-20 23:59:43.811","2026-08-04 14:01:23.758","pVXHDEOE5RY","17692908","[PREMIUM]","[PREMIUM]","[PREMIUM]","L34","Bleacher 34","1",3,"[]","2026-08-31 00:00:00","sg_app","exchange",5,"[PREMIUM]","3"
"z3Es6q4R4kw","2026-07-20 23:59:43.811","2026-07-24 11:36:18.559","z3Es6q4R4kw","17692908","[PREMIUM]","[PREMIUM]","[PREMIUM]","B96","Right Field Box 96","tt",4,"[]","2026-08-31 00:00:00","sg_app","exchange",5,"[PREMIUM]","2,4"
"q9njyn2","2026-07-20 23:59:18.443","2026-08-04 14:17:39.454","q9njyn2","17695108","[PREMIUM]","[PREMIUM]","[PREMIUM]","112","Section 112","a",1,"['17']",,"sg_app","marketplace",0,"[PREMIUM]","1"
"y4x6wj7","2026-07-20 23:59:18.443","2026-08-04 14:17:39.454","y4x6wj7","17695108","[PREMIUM]","[PREMIUM]","[PREMIUM]","110","Section 110","d",1,"['6']",,"sg_app","marketplace",1,"[PREMIUM]","1"
"05VT8K98V2J","2026-07-20 23:59:06.151","2026-07-30 05:37:33.053","05VT8K98V2J","17691313","[PREMIUM]","[PREMIUM]","[PREMIUM]","115","Section 115","10",8,"[]","2026-08-29 00:00:00","sg_app","exchange",1,"[PREMIUM]","1,2,3,4,5,6,7,8"
"X03tKj3vG3V","2026-07-20 23:59:06.151","2026-08-02 10:45:11.312","X03tKj3vG3V","17691313","[PREMIUM]","[PREMIUM]","[PREMIUM]","138","Section 138","28",8,"[]","2026-08-29 00:00:00","sg_app","exchange",2,"[PREMIUM]","1,2,3,4,5,6,7,8"
"b4wUaG9X4bm","2026-07-20 23:59:06.151","2026-07-20 23:59:06.151","b4wUaG9X4bm","17691313","[PREMIUM]","[PREMIUM]","[PREMIUM]","219","Section 219","7",8,"[]","2026-08-29 00:00:00","sg_app","exchange",2,"[PREMIUM]","1,2,3,4,5,6,7,8"
"b4wUaG9KBl7","2026-07-20 23:59:06.151","2026-08-02 10:45:11.312","b4wUaG9KBl7","17691313","[PREMIUM]","[PREMIUM]","[PREMIUM]","138","Section 138","27",8,"[]","2026-08-29 00:00:00","sg_app","exchange",2,"[PREMIUM]","1,2,3,4,5,6,7,8"
"rVOHkRKNvzL","2026-07-20 23:59:06.151","2026-07-23 06:51:37.227","rVOHkRKNvzL","17691313","[PREMIUM]","[PREMIUM]","[PREMIUM]","149","Section 149","11",7,"[]","2026-08-29 00:00:00","sg_app","exchange",5,"[PREMIUM]","1,2,3,4,5,6,7"
"w3Jsed6X7nd","2026-07-20 23:59:06.151","2026-08-04 14:20:08.073","w3Jsed6X7nd","17691313","[PREMIUM]","[PREMIUM]","[PREMIUM]","142","Section 142","24",4,"[]","2026-08-29 00:00:00","sg_app","exchange",2,"[PREMIUM]","1,2,3,4"
"xz76nrn","2026-07-20 23:59:06.151","2026-08-04 14:20:08.073","xz76nrn","17691313","[PREMIUM]","[PREMIUM]","[PREMIUM]","124","Section 124","15",4,"['5','6','7','8']",,"sg_app","marketplace",0,"[PREMIUM]","1,2,3,4"
"05VT8K9zjr2","2026-07-20 23:58:31.815","2026-07-20 23:58:31.815","05VT8K9zjr2","17696447","[PREMIUM]","[PREMIUM]","[PREMIUM]","131","Section 131","m",6,"[]","2026-08-31 00:00:00","sg_app","exchange",2,"[PREMIUM]","2,4,6"
"6mOhkAxG3od","2026-07-20 23:58:31.815","2026-07-20 23:58:31.815","6mOhkAxG3od","17696447","[PREMIUM]","[PREMIUM]","[PREMIUM]","128","Section 128","k",2,"[]","2026-08-31 00:00:00","sg_app","exchange",1,"[PREMIUM]","2"
"8lKt6Y2Kzwl","2026-07-20 23:58:31.815","2026-08-04 14:04:18.434","8lKt6Y2Kzwl","17696447","[PREMIUM]","[PREMIUM]","[PREMIUM]","104","Section 104","jj",7,"['5','6','7','8','9','10','11']","2026-04-22 00:00:00","sg_app","exchange",0,"[PREMIUM]","1,2,3,4,5,7"
"A6rs27VDm6j","2026-07-20 23:58:31.815","2026-07-23 06:52:06.470","A6rs27VDm6j","17696447","[PREMIUM]","[PREMIUM]","[PREMIUM]","145","Section 145","cc",4,"[]","2026-08-31 00:00:00","electronic","exchange",2,"[PREMIUM]","1,2,3,4"
"A6rs27VzRbw","2026-07-20 23:58:31.815","2026-07-20 23:58:31.815","A6rs27VzRbw","17696447","[PREMIUM]","[PREMIUM]","[PREMIUM]","122","Section 122","y",6,"[]","2026-08-31 00:00:00","sg_app","exchange",2,"[PREMIUM]","2,4,6"
"EroUXnBNJjL","2026-07-20 23:58:31.815","2026-07-20 23:58:31.815","EroUXnBNJjL","17696447","[PREMIUM]","[PREMIUM]","[PREMIUM]","127","Section 127","u",6,"[]","2026-08-31 00:00:00","sg_app","exchange",3,"[PREMIUM]","2,4,6"
"JABI39omPww","2026-07-20 23:58:31.815","2026-07-20 23:58:31.815","JABI39omPww","17696447","[PREMIUM]","[PREMIUM]","[PREMIUM]","127","Section 127","v",4,"[]","2026-08-31 00:00:00","sg_app","exchange",3,"[PREMIUM]","2,4"
"X03tKj3XPKv","2026-07-20 23:58:31.815","2026-07-20 23:58:31.815","X03tKj3XPKv","17696447","[PREMIUM]","[PREMIUM]","[PREMIUM]","128","Section 128","tt",7,"[]","2026-08-31 00:00:00","sg_app","exchange",2,"[PREMIUM]","1,2,3,4,5,7"
"Zm9hvw9LkvE","2026-07-20 23:58:31.815","2026-07-20 23:58:31.815","Zm9hvw9LkvE","17696447","[PREMIUM]","[PREMIUM]","[PREMIUM]","207","Section 207","f",8,"[]","2026-08-31 00:00:00","sg_app","exchange",4,"[PREMIUM]","1,2,3,4,5,6,8"
"g48UrodY3MM","2026-07-20 23:58:31.815","2026-08-04 14:04:18.434","g48UrodY3MM","17696447","[PREMIUM]","[PREMIUM]","[PREMIUM]","106","Section 106","w",2,"['8','9']","2026-08-29 00:00:00","sg_app","exchange",0,"[PREMIUM]","2"
"kYet94bZomX","2026-07-20 23:58:31.815","2026-07-23 06:52:06.470","kYet94bZomX","17696447","[PREMIUM]","[PREMIUM]","[PREMIUM]","141","Section 141","v",2,"[]","2026-08-31 00:00:00","electronic","exchange",1,"[PREMIUM]","2"
"mxAs4Y7Rm96","2026-07-20 23:58:31.815","2026-08-04 14:04:18.434","mxAs4Y7Rm96","17696447","[PREMIUM]","[PREMIUM]","[PREMIUM]","101","Section 101","jj",4,"['10','11','12','13']","2026-04-22 00:00:00","sg_app","exchange",0,"[PREMIUM]","2,4"
"oV7HbEjwO6r","2026-07-20 23:58:31.815","2026-07-20 23:58:31.815","oV7HbEjwO6r","17696447","[PREMIUM]","[PREMIUM]","[PREMIUM]","141","Section 141","dd",3,"[]","2026-08-31 00:00:00","electronic","exchange",2,"[PREMIUM]","1,3"
"pVXHDEOqaD0","2026-07-20 23:58:31.815","2026-07-20 23:58:31.815","pVXHDEOqaD0","17696447","[PREMIUM]","[PREMIUM]","[PREMIUM]","129","Section 129","qq",9,"[]","2026-08-31 00:00:00","sg_app","exchange",2,"[PREMIUM]","1,2,3,4,5,6,7,9"
"pVXHDEOqRkj","2026-07-20 23:58:31.815","2026-07-20 23:58:31.815","pVXHDEOqRkj","17696447","[PREMIUM]","[PREMIUM]","[PREMIUM]","122","Section 122","p",2,"[]","2026-08-31 00:00:00","sg_app","exchange",1,"[PREMIUM]","2"
"rVOHkRKwdaq","2026-07-20 23:58:31.815","2026-08-03 16:06:11.785","rVOHkRKwdaq","17696447","[PREMIUM]","[PREMIUM]","[PREMIUM]","103","Section 103","jj",3,"['5','6','7']","2026-04-22 00:00:00","sg_app","exchange",1,"[PREMIUM]","1,3"
"w3Jsed6zl77","2026-07-20 23:58:31.815","2026-07-23 06:52:06.470","w3Jsed6zl77","17696447","[PREMIUM]","[PREMIUM]","[PREMIUM]","144","Section 144","w",3,"[]","2026-08-31 00:00:00","electronic","exchange",2,"[PREMIUM]","3"
"41z6g2n","2026-07-20 23:58:22.507","2026-08-04 14:03:03.582","41z6g2n","17695272","[PREMIUM]","[PREMIUM]","[PREMIUM]","BLCHRGA","Budweiser Bleachers","GA",1,"['1001']",,"sg_app","marketplace",0,"[PREMIUM]","1"
"5EjuZ69zp7p","2026-07-20 23:58:22.507","2026-07-20 23:58:22.507","5EjuZ69zp7p","17695272","[PREMIUM]","[PREMIUM]","[PREMIUM]","18","Section 18","13",6,"[]","2026-08-31 00:00:00","sg_app","exchange",7,"[PREMIUM]","2,4,6"
"6gz8p91","2026-07-20 23:58:22.507","2026-08-02 15:58:17.846","6gz8p91","17695272","[PREMIUM]","[PREMIUM]","[PREMIUM]","109","Section 109","3",2,"['15','16']",,"sg_app","marketplace",0,"[PREMIUM]","2"
"6mOhkAx8oG3","2026-07-20 23:58:22.507","2026-08-04 14:03:03.582","6mOhkAx8oG3","17695272","[PREMIUM]","[PREMIUM]","[PREMIUM]","BLCHRGA","Budweiser Bleachers","GA",2,"[]","2026-08-31 00:00:00","sg_app","exchange",2,"[PREMIUM]","2"
"BALImXj5dra","2026-07-20 23:58:22.507","2026-07-24 11:38:37.769","BALImXj5dra","17695272","[PREMIUM]","[PREMIUM]","[PREMIUM]","113","Section 113","2",3,"['1','2','3']","2026-08-30 00:00:00","sg_app","exchange",0,"[PREMIUM]","1,3"
"O7Ahwrq4AGO","2026-07-20 23:58:22.507","2026-07-31 22:43:07.878","O7Ahwrq4AGO","17695272","[PREMIUM]","[PREMIUM]","[PREMIUM]","232","Section 232","10",2,"['1','2']","2026-08-31 00:00:00","electronic","exchange",1,"[PREMIUM]","2"
"b4wUaG9gzrp","2026-07-20 23:58:22.507","2026-07-20 23:58:22.507","b4wUaG9gzrp","17695272","[PREMIUM]","[PREMIUM]","[PREMIUM]","BLCHRGA","Budweiser Bleachers","general",2,"[]","2026-08-31 00:00:00","sg_app","exchange",1,"[PREMIUM]","2"
"eeacK2m9pnv","2026-07-20 23:58:22.507","2026-07-20 23:58:22.507","eeacK2m9pnv","17695272","[PREMIUM]","[PREMIUM]","[PREMIUM]","408L","Section 408 Left","7",4,"[]","2026-08-31 00:00:00","sg_app","exchange",2,"[PREMIUM]","2,4"
"ek1gwkq","2026-07-20 23:58:22.507","2026-08-04 14:03:03.582","ek1gwkq","17695272","[PREMIUM]","[PREMIUM]","[PREMIUM]","127","Section 127","8",2,"['15','16']",,"sg_app","marketplace",0,"[PREMIUM]","2"
"kYet94blgRn","2026-07-20 23:58:22.507","2026-07-20 23:58:22.507","kYet94blgRn","17695272","[PREMIUM]","[PREMIUM]","[PREMIUM]","225","Section 225","8",8,"[]","2026-08-31 00:00:00","sg_app","exchange",2,"[PREMIUM]","1,2,3,4,5,6,8"
"jpx0ek6","2026-07-20 23:58:22.507","2026-08-04 14:03:03.582","jpx0ek6","17695272","[PREMIUM]","[PREMIUM]","[PREMIUM]","326R","326 Right","4",2,"['23','24']",,"sg_app","marketplace",0,"[PREMIUM]","2"
"kp2y9w8","2026-07-20 23:58:22.507","2026-08-04 14:03:03.582","kp2y9w8","17695272","[PREMIUM]","[PREMIUM]","[PREMIUM]","4","Club Box Outfield 4","14",2,"['7','8']",,"sg_app","marketplace",1,"[PREMIUM]","2"
"q9n44p8","2026-07-20 23:58:22.507","2026-07-22 00:29:30.310","q9n44p8","17695272","[PREMIUM]","[PREMIUM]","[PREMIUM]","106","Section 106","5",2,"['15','16']",,"sg_app","marketplace",0,"[PREMIUM]","2"
"vb3iPe8bAqX","2026-07-20 23:58:22.507","2026-07-20 23:58:22.507","vb3iPe8bAqX","17695272","[PREMIUM]","[PREMIUM]","[PREMIUM]","408L","Section 408 Left","8",8,"[]","2026-08-31 00:00:00","sg_app","exchange",2,"[PREMIUM]","1,2,3,4,5,6,8"
"vb3iPe8bjO5","2026-07-20 23:58:22.507","2026-07-20 23:58:22.507","vb3iPe8bjO5","17695272","[PREMIUM]","[PREMIUM]","[PREMIUM]","226","Section 226","21",10,"[]","2026-08-31 00:00:00","sg_app","exchange",3,"[PREMIUM]","1,2,3,4,5,6,7,8,10"
"z3Es6q4VPAP","2026-07-20 23:58:22.507","2026-07-20 23:58:22.507","z3Es6q4VPAP","17695272","[PREMIUM]","[PREMIUM]","[PREMIUM]","225","Section 225","22",8,"[]","2026-08-31 00:00:00","sg_app","exchange",2,"[PREMIUM]","1,2,3,4,5,6,8"
"z3Es6q4V2Op","2026-07-20 23:58:22.507","2026-07-20 23:58:22.507","z3Es6q4V2Op","17695272","[PREMIUM]","[PREMIUM]","[PREMIUM]","206","Section 206","19",10,"[]","2026-08-31 00:00:00","sg_app","exchange",2,"[PREMIUM]","1,2,3,4,5,6,7,8,10"
"zp27wgd","2026-07-20 23:58:22.507","2026-08-04 14:03:03.582","zp27wgd","17695272","[PREMIUM]","[PREMIUM]","[PREMIUM]","227","Section 227","12",2,"['21','22']",,"sg_app","marketplace",1,"[PREMIUM]","2"
"05VT8K97aY5","2026-07-20 23:57:30.766","2026-07-20 23:57:30.766","05VT8K97aY5","17695914","[PREMIUM]","[PREMIUM]","[PREMIUM]","3","Section 3","16",6,"[]","2026-08-30 00:00:00","sg_app","exchange",3,"[PREMIUM]","2,4,6"
"7KntAlo3V8g","2026-07-20 23:57:30.766","2026-07-20 23:57:30.766","7KntAlo3V8g","17695914","[PREMIUM]","[PREMIUM]","[PREMIUM]","121","Section 121","7",8,"[]","2026-08-30 00:00:00","sg_app","exchange",5,"[PREMIUM]","1,2,3,4,5,6,8"
"7KntAloA7JM","2026-07-20 23:57:30.766","2026-07-26 23:57:50.960","7KntAloA7JM","17695914","[PREMIUM]","[PREMIUM]","[PREMIUM]","137","Section 137","2",3,"[]","2026-08-29 00:00:00","electronic","exchange",0,"[PREMIUM]","1,3"
"A6rs27VwMxx","2026-07-20 23:57:30.766","2026-07-20 23:57:30.766","A6rs27VwMxx","17695914","[PREMIUM]","[PREMIUM]","[PREMIUM]","2","Section 2","3",8,"[]","2026-08-30 00:00:00","sg_app","exchange",4,"[PREMIUM]","1,2,3,4,5,6,8"
"ROXHzwXmJgr","2026-07-20 23:57:30.766","2026-07-20 23:57:30.766","ROXHzwXmJgr","17695914","[PREMIUM]","[PREMIUM]","[PREMIUM]","114","Section 114","5",8,"[]","2026-08-30 00:00:00","sg_app","exchange",4,"[PREMIUM]","1,2,3,4,5,6,8"
"V4KU0MK2E8O","2026-07-20 23:57:30.766","2026-07-20 23:57:30.766","V4KU0MK2E8O","17695914","[PREMIUM]","[PREMIUM]","[PREMIUM]","3","Section 3","8",4,"[]","2026-08-30 00:00:00","sg_app","exchange",4,"[PREMIUM]","2,4"
"V4KU0MK2Egk","2026-07-20 23:57:30.766","2026-07-20 23:57:30.766","V4KU0MK2Egk","17695914","[PREMIUM]","[PREMIUM]","[PREMIUM]","122","Section 122","9",6,"[]","2026-08-30 00:00:00","sg_app","exchange",3,"[PREMIUM]","2,4,6"
"V4KU0MK2G3K","2026-07-20 23:57:30.766","2026-07-20 23:57:30.766","V4KU0MK2G3K","17695914","[PREMIUM]","[PREMIUM]","[PREMIUM]","1","Section 1","13",6,"[]","2026-08-30 00:00:00","sg_app","exchange",2,"[PREMIUM]","2,4,6"
"YgJtk6J2KXE","2026-07-20 23:57:30.766","2026-07-20 23:57:30.766","YgJtk6J2KXE","17695914","[PREMIUM]","[PREMIUM]","[PREMIUM]","24","Section 24","3",6,"[]","2026-08-30 00:00:00","sg_app","exchange",2,"[PREMIUM]","2,4,6"
"Zm9hvw9EPjj","2026-07-20 23:57:30.766","2026-07-20 23:57:30.766","Zm9hvw9EPjj","17695914","[PREMIUM]","[PREMIUM]","[PREMIUM]","24","Section 24","8",6,"[]","2026-08-30 00:00:00","sg_app","exchange",2,"[PREMIUM]","2,4,6"
"dNgUg67zNl7","2026-07-20 23:57:30.766","2026-07-20 23:57:30.766","dNgUg67zNl7","17695914","[PREMIUM]","[PREMIUM]","[PREMIUM]","24","Section 24","7",5,"[]","2026-08-30 00:00:00","sg_app","exchange",3,"[PREMIUM]","1,2,3,5"
"eeacK2mNzlB","2026-07-20 23:57:30.766","2026-07-20 23:57:30.766","eeacK2mNzlB","17695914","[PREMIUM]","[PREMIUM]","[PREMIUM]","3","Section 3","7",2,"[]","2026-08-30 00:00:00","sg_app","exchange",4,"[PREMIUM]","2"
"oV7HbEjlOoa","2026-07-20 23:57:30.766","2026-07-20 23:57:30.766","oV7HbEjlOoa","17695914","[PREMIUM]","[PREMIUM]","[PREMIUM]","30","Section 30","6",8,"[]","2026-08-30 00:00:00","sg_app","exchange",5,"[PREMIUM]","1,2,3,4,5,6,8"
"oV7HbEjmlxP","2026-07-20 23:57:30.766","2026-08-04 14:14:19.171","oV7HbEjmlxP","17695914","[PREMIUM]","[PREMIUM]","[PREMIUM]","222","Section 222","2",17,"[]","2026-08-30 00:00:00","sg_app","exchange",2,"[PREMIUM]","1,2,3,4,5,6,7,8,9,10,11,12,13,14,15,17"
"pVXHDEO0jr8","2026-07-20 23:57:30.766","2026-07-30 05:38:01.126","pVXHDEO0jr8","17695914","[PREMIUM]","[PREMIUM]","[PREMIUM]","137","Section 137","4",5,"['16','17','18','19','20']","2026-03-10 00:00:00","sg_app","exchange",0,"[PREMIUM]","1,2,3,5"
"3q7fNJP5kKA","2026-07-20 23:57:21.121","2026-07-23 06:51:46.295","3q7fNJP5kKA","17692903","[PREMIUM]","[PREMIUM]","[PREMIUM]","G17","Grandstand 17","11",2,"['26','27']","2026-08-30 00:00:00","sg_app","exchange",0,"[PREMIUM]","2"
"41zw69n","2026-07-20 23:57:21.121","2026-08-04 14:02:08.780","41zw69n","17692903","[PREMIUM]","[PREMIUM]","[PREMIUM]","F33","Field Box 33","c",2,"['3','4']",,"sg_app","marketplace",0,"[PREMIUM]","2"
"41z6xyq","2026-07-20 23:57:21.121","2026-08-04 14:02:08.780","41z6xyq","17692903","[PREMIUM]","[PREMIUM]","[PREMIUM]","B101","Loge Box 101","kk",4,"['1','2','3','4']",,"sg_app","marketplace",3,"[PREMIUM]","2,4"
"8lKt6Y25VbX","2026-07-20 23:57:21.121","2026-07-30 05:37:56.952","8lKt6Y25VbX","17692903","[PREMIUM]","[PREMIUM]","[PREMIUM]","G32","Cvs Family Grandstand 32","11",4,"['12','13','14','15']","2026-02-24 00:00:00","sg_app","exchange",0,"[PREMIUM]","2,4"
"9dzkz19","2026-07-20 23:57:21.121","2026-08-04 14:02:08.780","9dzkz19","17692903","[PREMIUM]","[PREMIUM]","[PREMIUM]","B87","Right Field Box 87","tt",2,"['5','6']",,"sg_app","marketplace",0,"[PREMIUM]","2"
"BALImXjkLzZ","2026-07-20 23:57:21.121","2026-08-04 14:02:08.780","BALImXjkLzZ","17692903","[PREMIUM]","[PREMIUM]","[PREMIUM]","G24","Grandstand 24","1",2,"['21','22']","2026-02-24 00:00:00","sg_app","exchange",1,"[PREMIUM]","2"
"BALImXjRa7v","2026-07-20 23:57:21.121","2026-08-04 14:02:08.780","BALImXjRa7v","17692903","[PREMIUM]","[PREMIUM]","[PREMIUM]","B6","Right Field Box 6","g",2,"['11','12']","2026-02-24 00:00:00","sg_app","exchange",1,"[PREMIUM]","2"
"MAeIPlDLDzb","2026-07-20 23:57:21.121","2026-07-23 06:51:46.295","MAeIPlDLDzb","17692903","[PREMIUM]","[PREMIUM]","[PREMIUM]","B96","Right Field Box 96","tt",4,"[]","2026-08-30 00:00:00","sg_app","exchange",5,"[PREMIUM]","2,4"
"agktlDN9D6E","2026-07-20 23:57:21.121","2026-07-22 00:27:59.319","agktlDN9D6E","17692903","[PREMIUM]","[PREMIUM]","[PREMIUM]","19","Grandstand 19","7",2,"['3','4']","2026-08-30 00:00:00","electronic","exchange",0,"[PREMIUM]","2"
"ek1gg9v","2026-07-20 23:57:21.121","2026-08-04 14:02:08.780","ek1gg9v","17692903","[PREMIUM]","[PREMIUM]","[PREMIUM]","F34","Field Box 34","e",4,"['1','2','3','4']",,"sg_app","marketplace",3,"[PREMIUM]","2,4"
"jpx06q4","2026-07-20 23:57:21.121","2026-08-04 14:02:08.780","jpx06q4","17692903","[PREMIUM]","[PREMIUM]","[PREMIUM]","F54","Field Box 54","l",4,"['1','2','3','4']",,"sg_app","marketplace",0,"[PREMIUM]","2,4"
"mojyrr2","2026-07-20 23:57:21.121","2026-08-04 14:02:08.780","mojyrr2","17692903","[PREMIUM]","[PREMIUM]","[PREMIUM]","AP12","Aura Pavilion 12","3",2,"['19','20']",,"sg_app","marketplace",1,"[PREMIUM]","2"
"pVXHDEOgweg","2026-07-20 23:57:21.121","2026-07-20 23:57:21.121","pVXHDEOgweg","17692903","[PREMIUM]","[PREMIUM]","[PREMIUM]","G8","Grandstand 8","5",2,"['23','24']","2026-08-30 00:00:00","electronic","exchange",0,"[PREMIUM]","2"
"q9njwer","2026-07-20 23:57:21.121","2026-08-04 14:02:08.780","q9njwer","17692903","[PREMIUM]","[PREMIUM]","[PREMIUM]","L35","Bleacher 35","7",8,"['15','16','17','18','19','20','21','22']",,"sg_app","marketplace",0,"[PREMIUM]","2,4,6,8"
"qVjH2VvV5XP","2026-07-20 23:57:21.121","2026-08-04 14:02:08.780","qVjH2VvV5XP","17692903","[PREMIUM]","[PREMIUM]","[PREMIUM]","L34","Bleacher 34","1",3,"[]","2026-08-30 00:00:00","sg_app","exchange",5,"[PREMIUM]","3"
"rr0dddw","2026-07-20 23:57:21.121","2026-08-04 14:02:08.780","rr0dddw","17692903","[PREMIUM]","[PREMIUM]","[PREMIUM]","B8","Right Field Box 8","b",4,"['9','10','11','12']",,"sg_app","marketplace",5,"[PREMIUM]","2,4"
"y4x6mny","2026-07-20 23:57:21.121","2026-07-23 06:51:46.295","y4x6mny","17692903","[PREMIUM]","[PREMIUM]","[PREMIUM]","G25","Grandstand 25","5",2,"['21','22']",,"sg_app","marketplace",0,"[PREMIUM]","2"
"z3Es6q4YveE","2026-07-20 23:57:21.121","2026-07-22 00:27:59.319","z3Es6q4YveE","17692903","[PREMIUM]","[PREMIUM]","[PREMIUM]","G26","Grandstand 26","11",2,"['17','18']","2026-08-30 00:00:00","sg_app","exchange",0,"[PREMIUM]","2"
"kp2ydr8","2026-07-20 23:57:19.221","2026-08-04 15:16:25.418","kp2ydr8","17695107","[PREMIUM]","[PREMIUM]","[PREMIUM]","110","Section 110","d",1,"['6']",,"sg_app","marketplace",1,"[PREMIUM]","1"
"3q7fNJPzGeA","2026-07-20 23:57:11.030","2026-07-21 17:11:33.216","3q7fNJPzGeA","17692680","[PREMIUM]","[PREMIUM]","[PREMIUM]","141","Section 141","5",2,"[]","2026-07-20 00:00:00","sg_app","exchange",2,"[PREMIUM]","2"
"jpx06k7","2026-07-20 23:57:11.030","2026-07-30 05:37:01.486","jpx06k7","17692680","[PREMIUM]","[PREMIUM]","[PREMIUM]","131","Section 131","6",2,"['17','18']",,"sg_app","marketplace",0,"[PREMIUM]","2"
"q9n41dr","2026-07-20 23:57:11.030","2026-08-04 13:47:36.015","q9n41dr","17692680","[PREMIUM]","[PREMIUM]","[PREMIUM]","238","Section 238","1",2,"['1','2']",,"sg_app","marketplace",0,"[PREMIUM]","2"
"rr0dndx","2026-07-20 23:57:11.030","2026-08-04 09:19:25.709","rr0dndx","17692680","[PREMIUM]","[PREMIUM]","[PREMIUM]","151","Section 151","10",4,"['1','2','3','4']",,"sg_app","marketplace",0,"[PREMIUM]","2,4"
"wzekj7o","2026-07-20 23:57:11.030","2026-08-04 13:47:36.015","wzekj7o","17692680","[PREMIUM]","[PREMIUM]","[PREMIUM]","140","Section 140","9",2,"['7','8']",,"sg_app","marketplace",0,"[PREMIUM]","2"
"wze6p4o","2026-07-20 23:57:11.030","2026-08-04 13:47:36.015","wze6p4o","17692680","[PREMIUM]","[PREMIUM]","[PREMIUM]","327","Section 327","4",2,"['10','11']",,"sg_app","marketplace",0,"[PREMIUM]","2"
"wze6r74","2026-07-20 23:57:11.030","2026-08-04 13:47:36.015","wze6r74","17692680","[PREMIUM]","[PREMIUM]","[PREMIUM]","14","Dugout Reserved 14","11",4,"['9','10','11','12']",,"sg_app","marketplace",5,"[PREMIUM]","2,4"
"zp21pqw","2026-07-20 23:57:11.030","2026-08-04 13:47:36.015","zp21pqw","17692680","[PREMIUM]","[PREMIUM]","[PREMIUM]","158","Section 158","1",2,"['13','14']",,"sg_app","marketplace",5,"[PREMIUM]","2"
"zp21zkw","2026-07-20 23:57:11.030","2026-08-04 13:47:36.015","zp21zkw","17692680","[PREMIUM]","[PREMIUM]","[PREMIUM]","237","Section 237","16",4,"['15','16','17','18']",,"sg_app","marketplace",1,"[PREMIUM]","2,4"
"3q7fNJP9wg5","2026-07-20 23:56:38.758","2026-07-28 10:08:22.905","3q7fNJP9wg5","17693883","[PREMIUM]","[PREMIUM]","[PREMIUM]","138","Section 138","6",5,"[]","2026-08-27 00:00:00","electronic","exchange",0,"[PREMIUM]","1,2,3,5"
"6gz1yge","2026-07-20 23:56:38.758","2026-07-20 23:56:38.758","6gz1yge","17693883","[PREMIUM]","[PREMIUM]","[PREMIUM]","427","Section 427","4",5,"['3','4','5','6','7']",,"sg_app","marketplace",0,"[PREMIUM]","1,2,3,5"
"7KntAloqgvb","2026-07-20 23:56:38.758","2026-08-04 13:52:32.025","7KntAloqgvb","17693883","[PREMIUM]","[PREMIUM]","[PREMIUM]","B","Delta SKY360 Club B","2",2,"['17','18']","2026-08-28 00:00:00","sg_app","exchange",0,"[PREMIUM]","2"
"LbviLEan9XL","2026-07-20 23:56:38.758","2026-08-04 13:52:32.025","LbviLEan9XL","17693883","[PREMIUM]","[PREMIUM]","[PREMIUM]","B","Delta SKY360 Club B","2",2,"[]","2026-08-28 00:00:00","sg_app","exchange",0,"[PREMIUM]","2"
"NrqUv4Kb9Lk","2026-07-20 23:56:38.758","2026-08-04 13:52:32.025","NrqUv4Kb9Lk","17693883","[PREMIUM]","[PREMIUM]","[PREMIUM]","409","Section 409","2",3,"[]","2026-08-29 00:00:00","sg_app","exchange",1,"[PREMIUM]","3"
"ek19jex","2026-07-20 23:56:38.758","2026-08-04 13:52:32.025","ek19jex","17693883","[PREMIUM]","[PREMIUM]","[PREMIUM]","11","Section 11","4",4,"['1','2','3','4']",,"sg_app","marketplace",0,"[PREMIUM]","2,4"
"g4dzdgo","2026-07-20 23:56:38.758","2026-08-04 13:52:32.025","g4dzdgo","17693883","[PREMIUM]","[PREMIUM]","[PREMIUM]","121","Section 121","12",2,"['1','2']",,"sg_app","marketplace",0,"[PREMIUM]","2"
"3q7fNJPogVA","2026-07-20 23:55:19.831","2026-08-04 13:54:11.907","3q7fNJPogVA","17695270","[PREMIUM]","[PREMIUM]","[PREMIUM]","408L","Section 408 Left","7",12,"[]","2026-08-29 00:00:00","electronic","exchange",2,"[PREMIUM]","1,2,3,4,5,6,7,8,9,10,12"
"4vXcj94nEvD","2026-07-20 23:55:19.831","2026-07-23 06:51:16.727","4vXcj94nEvD","17695270","[PREMIUM]","[PREMIUM]","[PREMIUM]","218","Section 218","16",2,"[]","2026-08-26 00:00:00","sg_app","exchange",0,"[PREMIUM]","2"
"6gz1ej4","2026-07-20 23:55:19.831","2026-08-04 13:54:11.907","6gz1ej4","17695270","[PREMIUM]","[PREMIUM]","[PREMIUM]","216","Section 216","6",2,"['17','18']",,"sg_app","marketplace",1,"[PREMIUM]","2"
"7KntAlo3VKJ","2026-07-20 23:55:19.831","2026-07-20 23:55:19.831","7KntAlo3VKJ","17695270","[PREMIUM]","[PREMIUM]","[PREMIUM]","414L","Section 414 Left","9",12,"[]","2026-08-29 00:00:00","sg_app","exchange",4,"[PREMIUM]","1,2,3,4,5,6,7,8,9,10,12"
"7xg6dxk","2026-07-20 23:55:19.831","2026-08-04 13:54:11.907","7xg6dxk","17695270","[PREMIUM]","[PREMIUM]","[PREMIUM]","126","Section 126","3",4,"['1','2','3','4']",,"sg_app","marketplace",0,"[PREMIUM]","1,2,4"
"8lKt6Y2bvan","2026-07-20 23:55:19.831","2026-08-04 13:54:11.907","8lKt6Y2bvan","17695270","[PREMIUM]","[PREMIUM]","[PREMIUM]","232","Section 232","10",2,"['1','2']","2026-08-29 00:00:00","electronic","exchange",1,"[PREMIUM]","2"
"A6rs27VwMmJ","2026-07-20 23:55:19.831","2026-07-20 23:55:19.831","A6rs27VwMmJ","17695270","[PREMIUM]","[PREMIUM]","[PREMIUM]","414L","Section 414 Left","5",6,"[]","2026-08-29 00:00:00","sg_app","exchange",3,"[PREMIUM]","2,4,6"
"DdwHkOJpR2J","2026-07-20 23:55:19.831","2026-07-20 23:55:19.831","DdwHkOJpR2J","17695270","[PREMIUM]","[PREMIUM]","[PREMIUM]","BLCHRGA","Budweiser Bleachers","general",2,"[]","2026-08-29 00:00:00","sg_app","exchange",1,"[PREMIUM]","2"
"DdwHkOJa7g7","2026-07-20 23:55:19.831","2026-07-23 06:51:16.727","DdwHkOJa7g7","17695270","[PREMIUM]","[PREMIUM]","[PREMIUM]","Bleacher","Budweiser Bleachers","GA",6,"['4351','4352','4353','4354','4355','4356']","2026-08-28 00:00:00","sg_app","exchange",0,"[PREMIUM]","1,2,3,4,6"
"GAaI62ABvXa","2026-07-20 23:55:19.831","2026-07-20 23:55:19.831","GAaI62ABvXa","17695270","[PREMIUM]","[PREMIUM]","[PREMIUM]","220","Section 220","22",2,"[]","2026-08-29 00:00:00","sg_app","exchange",2,"[PREMIUM]","2"
"GAaI62ABM9d","2026-07-20 23:55:19.831","2026-07-20 23:55:19.831","GAaI62ABM9d","17695270","[PREMIUM]","[PREMIUM]","[PREMIUM]","220","Section 220","22",8,"[]","2026-08-29 00:00:00","sg_app","exchange",3,"[PREMIUM]","1,2,3,4,5,6,8"
"GAaI62AEP4L","2026-07-20 23:55:19.831","2026-07-25 22:47:49.430","GAaI62AEP4L","17695270","[PREMIUM]","[PREMIUM]","[PREMIUM]","BLCHRGA","Budweiser Bleachers","GA",4,"['4761','4762','4763','4764']","2026-08-28 00:00:00","sg_app","exchange",0,"[PREMIUM]","1,2,4"
"Kezcz6L42v9","2026-07-20 23:55:19.831","2026-07-20 23:55:19.831","Kezcz6L42v9","17695270","[PREMIUM]","[PREMIUM]","[PREMIUM]","408L","Section 408 Left","9",14,"[]","2026-08-29 00:00:00","sg_app","exchange",4,"[PREMIUM]","1,2,3,4,5,6,7,8,9,10,11,12,14"
"PX0sgLb3VZN","2026-07-20 23:55:19.831","2026-08-01 14:04:44.638","PX0sgLb3VZN","17695270","[PREMIUM]","[PREMIUM]","[PREMIUM]","Bleacher","Budweiser Bleachers","GA",3,"['4301','4302','4303']","2026-08-28 00:00:00","sg_app","exchange",0,"[PREMIUM]","1,3"
"X03tKj3o840","2026-07-20 23:55:19.831","2026-07-20 23:55:19.831","X03tKj3o840","17695270","[PREMIUM]","[PREMIUM]","[PREMIUM]","127","Section 127","11",2,"[]","2026-08-29 00:00:00","sg_app","exchange",0,"[PREMIUM]","2"
"Zm9hvw9YOZp","2026-07-20 23:55:19.831","2026-08-04 13:54:11.907","Zm9hvw9YOZp","17695270","[PREMIUM]","[PREMIUM]","[PREMIUM]","122","Section 122","2",1,"[]","2026-08-29 00:00:00","electronic","exchange",0,"[PREMIUM]","1"
"dNgUg67kBlw","2026-07-20 23:55:19.831","2026-07-22 00:24:00.851","dNgUg67kBlw","17695270","[PREMIUM]","[PREMIUM]","[PREMIUM]","BLCHRGA","Budweiser Bleachers","GA",2,"[]","2026-08-29 00:00:00","sg_app","exchange",0,"[PREMIUM]","2"
"dm1jgge","2026-07-20 23:55:19.831","2026-08-04 13:54:11.907","dm1jgge","17695270","[PREMIUM]","[PREMIUM]","[PREMIUM]","308L","Section 308 Left","3",2,"['23','24']",,"sg_app","marketplace",1,"[PREMIUM]","2"
"ek19oee","2026-07-20 23:55:19.831","2026-08-04 13:54:11.907","ek19oee","17695270","[PREMIUM]","[PREMIUM]","[PREMIUM]","BLCHRGA","Budweiser Bleachers","GA",1,"['614']",,"sg_app","marketplace",4,"[PREMIUM]","1"
"g48Urod9v48","2026-07-20 23:55:19.831","2026-07-20 23:55:19.831","g48Urod9v48","17695270","[PREMIUM]","[PREMIUM]","[PREMIUM]","425R","425 Right","8",11,"[]","2026-08-29 00:00:00","sg_app","exchange",4,"[PREMIUM]","1,2,3,4,5,6,7,8,9,11"
"g4dzxr9","2026-07-20 23:55:19.831","2026-07-23 06:51:16.727","g4dzxr9","17695270","[PREMIUM]","[PREMIUM]","[PREMIUM]","BLCHRGA","Budweiser Bleachers","GA",2,"['2351','2352']",,"sg_app","marketplace",0,"[PREMIUM]","2"
"kp2znrg","2026-07-20 23:55:19.831","2026-07-28 10:14:36.922","kp2znrg","17695270","[PREMIUM]","[PREMIUM]","[PREMIUM]","227","Section 227","12",2,"['21','22']",,"sg_app","marketplace",0,"[PREMIUM]","2"
"lxVsdLb54Pv","2026-07-20 23:55:19.831","2026-07-20 23:55:19.831","lxVsdLb54Pv","17695270","[PREMIUM]","[PREMIUM]","[PREMIUM]","127","Section 127","11",2,"['15','16']","2026-08-29 00:00:00","sg_app","exchange",0,"[PREMIUM]","2"
"lxVsdLb0lYJ","2026-07-20 23:55:19.831","2026-08-04 13:54:11.907","lxVsdLb0lYJ","17695270","[PREMIUM]","[PREMIUM]","[PREMIUM]","408L","Section 408 Left","9",14,"[]","2026-08-29 00:00:00","electronic","exchange",2,"[PREMIUM]","1,2,3,4,5,6,7,8,9,10,11,12,14"
"moj1jr0","2026-07-20 23:55:19.831","2026-07-25 22:47:49.430","moj1jr0","17695270","[PREMIUM]","[PREMIUM]","[PREMIUM]","30","Club Box Outfield 30","7",3,"['13','14','15']",,"sg_app","marketplace",0,"[PREMIUM]","3"
"nx0srM8JavE","2026-07-20 23:55:19.831","2026-07-20 23:55:19.831","nx0srM8JavE","17695270","[PREMIUM]","[PREMIUM]","[PREMIUM]","408L","Section 408 Left","7",12,"[]","2026-08-29 00:00:00","sg_app","exchange",4,"[PREMIUM]","1,2,3,4,5,6,7,8,9,10,12"
"o2voov1","2026-07-20 23:55:19.831","2026-07-23 06:51:16.727","o2voov1","17695270","[PREMIUM]","[PREMIUM]","[PREMIUM]","106","Section 106","5",2,"['15','16']",,"sg_app","marketplace",0,"[PREMIUM]","2"
"o2vwp94","2026-07-20 23:55:19.831","2026-08-04 13:54:11.907","o2vwp94","17695270","[PREMIUM]","[PREMIUM]","[PREMIUM]","BLCHRGA","Budweiser Bleachers","GA",1,"['1001']",,"sg_app","marketplace",0,"[PREMIUM]","1"
"q9n447r","2026-07-20 23:55:19.831","2026-08-04 13:54:11.907","q9n447r","17695270","[PREMIUM]","[PREMIUM]","[PREMIUM]","BLCHRGA","Budweiser Bleachers","GA",2,"['2564','2565']",,"sg_app","marketplace",1,"[PREMIUM]","2"
"rVOHkRKvDo3","2026-07-20 23:55:19.831","2026-08-04 13:54:11.907","rVOHkRKvDo3","17695270","[PREMIUM]","[PREMIUM]","[PREMIUM]","408L","Section 408 Left","2",2,"[]","2026-08-29 00:00:00","electronic","exchange",2,"[PREMIUM]","2"
"xz7d9dv","2026-07-20 23:55:19.831","2026-08-04 13:54:11.907","xz7d9dv","17695270","[PREMIUM]","[PREMIUM]","[PREMIUM]","307L","Section 307 Left","7",2,"['7','8']",,"sg_app","marketplace",1,"[PREMIUM]","2"
"X03tKj322Pd","2026-07-20 23:55:12.449","2026-08-04 13:51:14.034","X03tKj322Pd","17693886","[PREMIUM]","[PREMIUM]","[PREMIUM]","409","Section 409","2",3,"[]","2026-08-30 00:00:00","sg_app","exchange",0,"[PREMIUM]","3"
"O7AhwrqP0Ra","2026-07-20 23:54:59.599","2026-08-04 14:17:15.190","O7AhwrqP0Ra","17693072","[PREMIUM]","[PREMIUM]","[PREMIUM]","111","Section 111","c",6,"['1','2','3','4','5','6']",,"sg_app","exchange",0,"[PREMIUM]","2,4,6"
"O7Ahwrqxwx0","2026-07-20 23:54:59.599","2026-08-04 14:17:15.190","O7Ahwrqxwx0","17693072","[PREMIUM]","[PREMIUM]","[PREMIUM]","559","Section 559","t",7,"[]","2026-08-28 00:00:00","sg_app","exchange",5,"[PREMIUM]","1,2,3,4,5,6,7"
"dNgUg67zNZK","2026-07-20 23:54:59.599","2026-08-04 14:17:15.190","dNgUg67zNZK","17693072","[PREMIUM]","[PREMIUM]","[PREMIUM]","458","Section 458","b",5,"['10','11','12','13','14']",,"sg_app","exchange",1,"[PREMIUM]","1,2,3,5"
"kYet94b7rMv","2026-07-20 23:54:59.599","2026-07-20 23:54:59.599","kYet94b7rMv","17693072","[PREMIUM]","[PREMIUM]","[PREMIUM]","113","Section 113","u",8,"['11','12','13','14','15','16','17','18']",,"sg_app","exchange",1,"[PREMIUM]","1,2,3,4,5,6,8"
"mojyd92","2026-07-20 23:54:59.599","2026-07-23 06:51:06.959","mojyd92","17693072","[PREMIUM]","[PREMIUM]","[PREMIUM]","134","Section 134","a",4,"['7','8','9','10']",,"sg_app","marketplace",0,"[PREMIUM]","4"
"nx0srM8lq9v","2026-07-20 23:54:59.599","2026-08-04 14:17:15.190","nx0srM8lq9v","17693072","[PREMIUM]","[PREMIUM]","[PREMIUM]","111","Section 111","c",2,"['13','14']",,"sg_app","exchange",0,"[PREMIUM]","2"
"rVOHkRKv2w4","2026-07-20 23:54:59.599","2026-08-04 14:17:15.190","rVOHkRKv2w4","17693072","[PREMIUM]","[PREMIUM]","[PREMIUM]","154","Section 154","t",2,"['10','11']",,"sg_app","exchange",0,"[PREMIUM]","2"
"4vXcj94bzRN","2026-07-20 23:54:50.256","2026-07-23 06:51:06.124","4vXcj94bzRN","17696443","[PREMIUM]","[PREMIUM]","[PREMIUM]","141","Section 141","v",2,"[]","2026-08-29 00:00:00","electronic","exchange",1,"[PREMIUM]","2"
"6mOhkAxMvqe","2026-07-20 23:54:50.256","2026-07-23 06:51:06.124","6mOhkAxMvqe","17696443","[PREMIUM]","[PREMIUM]","[PREMIUM]","144","Section 144","w",3,"[]","2026-08-29 00:00:00","electronic","exchange",1,"[PREMIUM]","3"
"JABI39oJ0EN","2026-07-20 23:54:50.256","2026-07-23 06:51:06.124","JABI39oJ0EN","17696443","[PREMIUM]","[PREMIUM]","[PREMIUM]","141","Section 141","dd",3,"[]","2026-08-29 00:00:00","electronic","exchange",2,"[PREMIUM]","1,3"
"eeacK2mAg4R","2026-07-20 23:54:50.256","2026-07-23 06:51:06.124","eeacK2mAg4R","17696443","[PREMIUM]","[PREMIUM]","[PREMIUM]","145","Section 145","cc",3,"[]","2026-08-29 00:00:00","electronic","exchange",1,"[PREMIUM]","1,2,3"
"1rz1ep1","2026-07-20 23:54:33.740","2026-08-04 12:48:47.149","1rz1ep1","17693234","[PREMIUM]","[PREMIUM]","[PREMIUM]","332","Section 332","12",5,"['16','17','18','19','20']",,"sg_app","marketplace",0,"[PREMIUM]","1,2,3,4,5"
"6gz1moe","2026-07-20 23:54:33.740","2026-08-04 12:48:47.149","6gz1moe","17693234","[PREMIUM]","[PREMIUM]","[PREMIUM]","114","Section 114","16",2,"['1','2']",,"sg_app","marketplace",0,"[PREMIUM]","2"
"6mOhkAxRmdN","2026-07-20 23:54:33.740","2026-07-26 23:40:33.013","6mOhkAxRmdN","17693234","[PREMIUM]","[PREMIUM]","[PREMIUM]","133","Section 133","20",4,"['13','14','15','16']","2026-08-29 00:00:00","sg_app","exchange",0,"[PREMIUM]","2,4"
"6mOhkAxw5kA","2026-07-20 23:54:33.740","2026-08-04 12:48:47.149","6mOhkAxw5kA","17693234","[PREMIUM]","[PREMIUM]","[PREMIUM]","101","Section 101","f",4,"['9','10','11','12']","2026-08-29 00:00:00","sg_app","exchange",0,"[PREMIUM]","2,4"
"7KntAlo836p","2026-07-20 23:54:33.740","2026-08-02 15:28:09.510","7KntAlo836p","17693234","[PREMIUM]","[PREMIUM]","[PREMIUM]","326","Section 326","15",2,"['22','23']","2026-08-29 00:00:00","sg_app","exchange",0,"[PREMIUM]","2"
"86z9jkj","2026-07-20 23:54:33.740","2026-08-04 12:48:47.149","86z9jkj","17693234","[PREMIUM]","[PREMIUM]","[PREMIUM]","219","Section 219","a",5,"['3','4','5','6','7']",,"sg_app","marketplace",2,"[PREMIUM]","1,2,3,5"
"7xg8egk","2026-07-20 23:54:33.740","2026-08-04 12:48:47.149","7xg8egk","17693234","[PREMIUM]","[PREMIUM]","[PREMIUM]","HPC5","Priority Club 5","ccc",2,"['6','7']",,"sg_app","marketplace",0,"[PREMIUM]","2"
"9P2c5qPxlXX","2026-07-20 23:54:33.740","2026-07-20 23:54:33.740","9P2c5qPxlXX","17693234","[PREMIUM]","[PREMIUM]","[PREMIUM]","148","Section 148","k",5,"['5','6','7','8','9']","2026-05-27 00:00:00","sg_app","exchange",0,"[PREMIUM]","1,2,3,5"
"EroUXnBp944","2026-07-20 23:54:33.740","2026-07-30 05:36:45.101","EroUXnBp944","17693234","[PREMIUM]","[PREMIUM]","[PREMIUM]","218","Section 218","a",4,"[]","2026-08-28 00:00:00","sg_app","exchange",0,"[PREMIUM]","2,4"
"Kezcz6LrNae","2026-07-20 23:54:33.740","2026-07-30 05:36:45.101","Kezcz6LrNae","17693234","[PREMIUM]","[PREMIUM]","[PREMIUM]","148","Section 148","g",8,"['9','10','11','12','13','14','15','16']","2026-08-27 00:00:00","sg_app","exchange",1,"[PREMIUM]","1,2,3,4,5,6,8"
"X03tKj37Jw7","2026-07-20 23:54:33.740","2026-08-04 12:48:47.149","X03tKj37Jw7","17693234","[PREMIUM]","[PREMIUM]","[PREMIUM]","331","Section 331","b",6,"['7','8','9','10','11','12']","2026-08-29 00:00:00","sg_app","exchange",0,"[PREMIUM]","2,4,6"
"jpx0jx2","2026-07-20 23:54:33.740","2026-08-04 12:48:47.149","jpx0jx2","17693234","[PREMIUM]","[PREMIUM]","[PREMIUM]","TD128","Tiger Den 128","g",2,"['9','10']",,"sg_app","marketplace",0,"[PREMIUM]","2"
"moj1z12","2026-07-20 23:54:33.740","2026-08-02 09:59:17.340","moj1z12","17693234","[PREMIUM]","[PREMIUM]","[PREMIUM]","119","Section 119","4",2,"['15','16']",,"sg_app","marketplace",5,"[PREMIUM]","2"
"wzekgee","2026-07-20 23:54:33.740","2026-08-04 12:48:47.149","wzekgee","17693234","[PREMIUM]","[PREMIUM]","[PREMIUM]","129","Section 129","19",4,"['1','2','3','4']",,"sg_app","marketplace",0,"[PREMIUM]","2,4"
"05VT8K90EeV","2026-07-20 23:54:31.395","2026-07-23 12:10:58.046","05VT8K90EeV","17695269","[PREMIUM]","[PREMIUM]","[PREMIUM]","104","Section 104","5",2,"[]","2026-08-25 00:00:00","sg_app","exchange",0,"[PREMIUM]","2"
"0nzxmkr","2026-07-20 23:54:31.395","2026-07-20 23:54:31.395","0nzxmkr","17695269","[PREMIUM]","[PREMIUM]","[PREMIUM]","BLCHRGA","Budweiser Bleachers","GA",1,"['1001']",,"sg_app","marketplace",0,"[PREMIUM]","1"
"0nz16y2","2026-07-20 23:54:31.395","2026-07-23 12:10:58.046","0nz16y2","17695269","[PREMIUM]","[PREMIUM]","[PREMIUM]","BLCHRGA","Budweiser Bleachers","GA",2,"['2351','2352']",,"sg_app","marketplace",0,"[PREMIUM]","2"
"1rz1n1e","2026-07-20 23:54:31.395","2026-07-31 13:27:48.972","1rz1n1e","17695269","[PREMIUM]","[PREMIUM]","[PREMIUM]","208","Section 208","6",2,"['9','10']",,"sg_app","marketplace",0,"[PREMIUM]","2"
"2kzjqvp","2026-07-20 23:54:31.395","2026-07-23 12:10:58.046","2kzjqvp","17695269","[PREMIUM]","[PREMIUM]","[PREMIUM]","326R","326 Right","4",2,"['23','24']",,"sg_app","marketplace",0,"[PREMIUM]","2"
"2v0cz3E0xvb","2026-07-20 23:54:31.395","2026-07-23 12:10:58.046","2v0cz3E0xvb","17695269","[PREMIUM]","[PREMIUM]","[PREMIUM]","104","Section 104","5",2,"[]","2026-08-25 00:00:00","sg_app","exchange",0,"[PREMIUM]","2"
"3q7fNJPErvZ","2026-07-20 23:54:31.395","2026-07-23 12:10:58.046","3q7fNJPErvZ","17695269","[PREMIUM]","[PREMIUM]","[PREMIUM]","BLEACHERS","Budweiser Bleachers","GA",4,"[]","2026-08-25 00:00:00","sg_app","exchange",1,"[PREMIUM]","1,2,3,4"
"3q7fNJPRPKm","2026-07-20 23:54:31.395","2026-08-04 12:43:11.079","3q7fNJPRPKm","17695269","[PREMIUM]","[PREMIUM]","[PREMIUM]","429R","429 Right","4",2,"['17','18']","2026-08-27 00:00:00","sg_app","exchange",0,"[PREMIUM]","2"
"4vXcj94lKG6","2026-07-20 23:54:31.395","2026-07-23 12:10:58.046","4vXcj94lKG6","17695269","[PREMIUM]","[PREMIUM]","[PREMIUM]","123","Section 123","5",4,"[]","2026-08-25 00:00:00","sg_app","exchange",0,"[PREMIUM]","2,4"
"5EjuZ694L8e","2026-07-20 23:54:31.395","2026-07-23 12:10:58.046","5EjuZ694L8e","17695269","[PREMIUM]","[PREMIUM]","[PREMIUM]","108","Section 108","6",4,"[]","2026-08-25 00:00:00","sg_app","exchange",1,"[PREMIUM]","2,4"
"6gz8294","2026-07-20 23:54:31.395","2026-07-20 23:54:31.395","6gz8294","17695269","[PREMIUM]","[PREMIUM]","[PREMIUM]","BLCHRGA","Budweiser Bleachers","GA",2,"['405','406']",,"sg_app","marketplace",0,"[PREMIUM]","2"
"6mOhkAxr5PK","2026-07-20 23:54:31.395","2026-07-23 12:10:58.046","6mOhkAxr5PK","17695269","[PREMIUM]","[PREMIUM]","[PREMIUM]","129","Section 129","10",2,"[]","2026-03-21 00:00:00","sg_app","exchange",1,"[PREMIUM]","2"
"6mOhkAxk3lN","2026-07-20 23:54:31.395","2026-07-28 10:06:55.849","6mOhkAxk3lN","17695269","[PREMIUM]","[PREMIUM]","[PREMIUM]","BLCHRGA","Budweiser Bleachers","GA",10,"['4871','4872','4873','4874','4875','4876','4877','4878','4879','4880']","2026-08-27 00:00:00","sg_app","exchange",0,"[PREMIUM]","1,2,3,4,5,6,7,8,10"
"6mOhkAxr5KK","2026-07-20 23:54:31.395","2026-07-23 12:10:58.046","6mOhkAxr5KK","17695269","[PREMIUM]","[PREMIUM]","[PREMIUM]","11","Club Box Infield 11","10",4,"[]","2026-08-25 00:00:00","sg_app","exchange",1,"[PREMIUM]","2,4"
"6mOhkAxr5KN","2026-07-20 23:54:31.395","2026-07-23 12:10:58.046","6mOhkAxr5KN","17695269","[PREMIUM]","[PREMIUM]","[PREMIUM]","23","Club Box Infield 23","11",4,"[]","2026-08-25 00:00:00","sg_app","exchange",0,"[PREMIUM]","2,4"
"7KntAlPoZ8z","2026-07-20 23:54:31.395","2026-08-02 08:38:15.869","7KntAlPoZ8z","17695269","[PREMIUM]","[PREMIUM]","[PREMIUM]","408L","Section 408 Left","2",4,"['7','8','9','10']","2026-08-27 00:00:00","sg_app","exchange",0,"[PREMIUM]","1,2,4"
"7KntAlo06Yj","2026-07-20 23:54:31.395","2026-07-23 12:10:58.046","7KntAlo06Yj","17695269","[PREMIUM]","[PREMIUM]","[PREMIUM]","225","Section 225","17",4,"[]","2026-08-25 00:00:00","sg_app","exchange",0,"[PREMIUM]","2,4"
"86z90qd","2026-07-20 23:54:31.395","2026-07-25 22:45:35.438","86z90qd","17695269","[PREMIUM]","[PREMIUM]","[PREMIUM]","327R","327 Right","1",2,"['9','10']",,"sg_app","marketplace",1,"[PREMIUM]","2"
"86zrxv9","2026-07-20 23:54:31.395","2026-08-04 12:43:11.079","86zrxv9","17695269","[PREMIUM]","[PREMIUM]","[PREMIUM]","216","Section 216","6",2,"['17','18']",,"sg_app","marketplace",2,"[PREMIUM]","2"
"8lKt6YO4leO","2026-07-20 23:54:31.395","2026-07-30 15:57:31.397","8lKt6YO4leO","17695269","[PREMIUM]","[PREMIUM]","[PREMIUM]","225","Section 225","20",8,"['15','16','17','18','19','20','21','22']","2026-08-27 00:00:00","sg_app","exchange",0,"[PREMIUM]","1,2,3,4,5,6,8"
"9P2c5qPEnxJ","2026-07-20 23:54:31.395","2026-07-23 12:10:58.046","9P2c5qPEnxJ","17695269","[PREMIUM]","[PREMIUM]","[PREMIUM]","129","Section 129","8",3,"[]","2026-08-25 00:00:00","sg_app","exchange",1,"[PREMIUM]","3"
"9P2c5qPEnxP","2026-07-20 23:54:31.395","2026-07-23 12:10:58.046","9P2c5qPEnxP","17695269","[PREMIUM]","[PREMIUM]","[PREMIUM]","218","Section 218","14",3,"[]","2026-08-25 00:00:00","sg_app","exchange",0,"[PREMIUM]","3"
"BALImXj03eO","2026-07-20 23:54:31.395","2026-07-23 12:10:58.046","BALImXj03eO","17695269","[PREMIUM]","[PREMIUM]","[PREMIUM]","133","Section 133","5",3,"[]","2026-08-25 00:00:00","sg_app","exchange",0,"[PREMIUM]","3"
"DdwHkOJGxPO","2026-07-20 23:54:31.395","2026-07-23 12:10:58.046","DdwHkOJGxPO","17695269","[PREMIUM]","[PREMIUM]","[PREMIUM]","114","Section 114","7",2,"[]","2026-08-25 00:00:00","sg_app","exchange",1,"[PREMIUM]","2"
"EroUXnBKElX","2026-07-20 23:54:31.395","2026-07-23 12:10:58.046","EroUXnBKElX","17695269","[PREMIUM]","[PREMIUM]","[PREMIUM]","208","Section 208","9",4,"[]","2026-08-25 00:00:00","sg_app","exchange",1,"[PREMIUM]","2,4"
"EroUXnBKEbK","2026-07-20 23:54:31.395","2026-07-23 12:10:58.046","EroUXnBKEbK","17695269","[PREMIUM]","[PREMIUM]","[PREMIUM]","210","Section 210","12",2,"[]","2026-03-21 00:00:00","sg_app","exchange",1,"[PREMIUM]","2"
"EroUXnB09G9","2026-07-20 23:54:31.395","2026-08-04 12:43:11.079","EroUXnB09G9","17695269","[PREMIUM]","[PREMIUM]","[PREMIUM]","415L","Section 415 Left","9",7,"['6','7','8','9','10','11','12']","2026-08-27 00:00:00","sg_app","exchange",0,"[PREMIUM]","1,2,3,4,5,7"
"GAaI62AJ7p0","2026-07-20 23:54:31.395","2026-07-23 12:10:58.046","GAaI62AJ7p0","17695269","[PREMIUM]","[PREMIUM]","[PREMIUM]","231","Section 231","1",3,"[]","2026-08-25 00:00:00","sg_app","exchange",1,"[PREMIUM]","3"
"JABI39oGO5n","2026-07-20 23:54:31.395","2026-07-23 12:10:58.046","JABI39oGO5n","17695269","[PREMIUM]","[PREMIUM]","[PREMIUM]","11","Club Box Infield 11","9",4,"[]","2026-08-25 00:00:00","sg_app","exchange",1,"[PREMIUM]","2,4"
"JABI39oGOln","2026-07-20 23:54:31.395","2026-07-23 12:10:58.046","JABI39oGOln","17695269","[PREMIUM]","[PREMIUM]","[PREMIUM]","111","Section 111","12",4,"[]","2026-03-21 00:00:00","sg_app","exchange",1,"[PREMIUM]","2,4"
"JABI39oGO5q","2026-07-20 23:54:31.395","2026-07-23 12:10:58.046","JABI39oGO5q","17695269","[PREMIUM]","[PREMIUM]","[PREMIUM]","129","Section 129","6",4,"[]","2026-08-25 00:00:00","sg_app","exchange",1,"[PREMIUM]","2,4"
"Kezcz6L4k9G","2026-07-20 23:54:31.395","2026-08-03 14:58:42.078","Kezcz6L4k9G","17695269","[PREMIUM]","[PREMIUM]","[PREMIUM]","BLCHRGA","Budweiser Bleachers","GA",12,"['4821','4822','4823','4824','4825','4826','4827','4828','4829','4830','4831','4832']","2026-08-27 00:00:00","sg_app","exchange",0,"[PREMIUM]","1,2,3,4,5,6,7,8,9,10,12"
"LbviLEaGKXd","2026-07-20 23:54:31.395","2026-07-23 12:10:58.046","LbviLEaGKXd","17695269","[PREMIUM]","[PREMIUM]","[PREMIUM]","214","Section 214","7",2,"[]","2026-08-25 00:00:00","sg_app","exchange",0,"[PREMIUM]","2"
"LbviLEaGKvd","2026-07-20 23:54:31.395","2026-07-23 12:10:58.046","LbviLEaGKvd","17695269","[PREMIUM]","[PREMIUM]","[PREMIUM]","110","Section 110","7",2,"[]","2026-08-25 00:00:00","sg_app","exchange",1,"[PREMIUM]","2"
"NrqUv4Kp3ad","2026-07-20 23:54:31.395","2026-07-23 12:10:58.046","NrqUv4Kp3ad","17695269","[PREMIUM]","[PREMIUM]","[PREMIUM]","16","Club Box Home Plate 16","10",3,"[]","2026-08-25 00:00:00","sg_app","exchange",1,"[PREMIUM]","3"
"O7AhwrqMJgl","2026-07-20 23:54:31.395","2026-07-23 12:10:58.046","O7AhwrqMJgl","17695269","[PREMIUM]","[PREMIUM]","[PREMIUM]","112","Section 112","10",2,"[]","2026-08-25 00:00:00","sg_app","exchange",0,"[PREMIUM]","2"
"PX0sgLbBpo7","2026-07-20 23:54:31.395","2026-07-23 12:10:58.046","PX0sgLbBpo7","17695269","[PREMIUM]","[PREMIUM]","[PREMIUM]","112","Section 112","4",4,"[]","2026-08-25 00:00:00","sg_app","exchange",1,"[PREMIUM]","2,4"
"V4KU0MKZLbk","2026-07-20 23:54:31.395","2026-07-23 12:10:58.046","V4KU0MKZLbk","17695269","[PREMIUM]","[PREMIUM]","[PREMIUM]","10","Club Box Infield 10","7",4,"[]","2026-08-25 00:00:00","sg_app","exchange",2,"[PREMIUM]","2,4"
"YgJtk6JAo8Y","2026-07-20 23:54:31.395","2026-07-23 12:10:58.046","YgJtk6JAo8Y","17695269","[PREMIUM]","[PREMIUM]","[PREMIUM]","108","Section 108","3",4,"[]","2026-08-25 00:00:00","sg_app","exchange",1,"[PREMIUM]","2,4"
"YgJtk6Jb38o","2026-07-20 23:54:31.395","2026-07-31 13:27:48.972","YgJtk6Jb38o","17695269","[PREMIUM]","[PREMIUM]","[PREMIUM]","221","Section 221","18",6,"['7','8','9','10','11','12']","2026-08-27 00:00:00","sg_app","exchange",0,"[PREMIUM]","1,2,3,4,6"
"YgJtk6JbROL","2026-07-20 23:54:31.395","2026-07-22 00:07:57.655","YgJtk6JbROL","17695269","[PREMIUM]","[PREMIUM]","[PREMIUM]","Bleacher","Budweiser Bleachers","GA",4,"['4105','4106','4107','4108']","2026-08-27 00:00:00","sg_app","exchange",0,"[PREMIUM]","1,2,4"
"Zm9hvw90gAp","2026-07-20 23:54:31.395","2026-07-23 12:10:58.046","Zm9hvw90gAp","17695269","[PREMIUM]","[PREMIUM]","[PREMIUM]","129","Section 129","9",2,"[]","2026-08-25 00:00:00","sg_app","exchange",0,"[PREMIUM]","2"
"agktlDNmJDa","2026-07-20 23:54:31.395","2026-07-20 23:54:31.395","agktlDNmJDa","17695269","[PREMIUM]","[PREMIUM]","[PREMIUM]","232","Section 232","10",2,"['1','2']","2026-08-28 00:00:00","electronic","exchange",0,"[PREMIUM]","2"
"agktlDNpPkB","2026-07-20 23:54:31.395","2026-07-23 12:10:58.046","agktlDNpPkB","17695269","[PREMIUM]","[PREMIUM]","[PREMIUM]","111","Section 111","6",4,"[]","2026-08-25 00:00:00","sg_app","exchange",1,"[PREMIUM]","2,4"
"b4wUaG9p5w5","2026-07-20 23:54:31.395","2026-07-23 12:10:58.046","b4wUaG9p5w5","17695269","[PREMIUM]","[PREMIUM]","[PREMIUM]","125","Section 125","6",3,"[]","2026-08-25 00:00:00","sg_app","exchange",0,"[PREMIUM]","3"
"dNgUg67BvVb","2026-07-20 23:54:31.395","2026-07-23 12:10:58.046","dNgUg67BvVb","17695269","[PREMIUM]","[PREMIUM]","[PREMIUM]","112","Section 112","10",3,"[]","2026-08-25 00:00:00","sg_app","exchange",0,"[PREMIUM]","3"
"dm1zkj9","2026-07-20 23:54:31.395","2026-07-23 12:10:58.046","dm1zkj9","17695269","[PREMIUM]","[PREMIUM]","[PREMIUM]","128","Section 128","9",4,"['9','10','11','12']",,"sg_app","marketplace",0,"[PREMIUM]","2,4"
"dm1jojj","2026-07-20 23:54:31.395","2026-08-04 12:43:11.079","dm1jojj","17695269","[PREMIUM]","[PREMIUM]","[PREMIUM]","4","Club Box Outfield 4","13",2,"['1','2']",,"sg_app","marketplace",0,"[PREMIUM]","2"
"eeacK2mdk7p","2026-07-20 23:54:31.395","2026-07-23 12:10:58.046","eeacK2mdk7p","17695269","[PREMIUM]","[PREMIUM]","[PREMIUM]","124","Section 124","4",2,"[]","2026-08-25 00:00:00","sg_app","exchange",0,"[PREMIUM]","2"
"g48UrodDXAY","2026-07-20 23:54:31.395","2026-07-22 00:07:57.655","g48UrodDXAY","17695269","[PREMIUM]","[PREMIUM]","[PREMIUM]","415L","Section 415 Left","4",4,"['5','6','7','8']","2026-08-27 00:00:00","sg_app","exchange",0,"[PREMIUM]","1,2,4"
"g48Urodp4aJ","2026-07-20 23:54:31.395","2026-07-23 12:10:58.046","g48Urodp4aJ","17695269","[PREMIUM]","[PREMIUM]","[PREMIUM]","113","Section 113","6",6,"[]","2026-08-25 00:00:00","sg_app","exchange",1,"[PREMIUM]","2,4,6"
"g4dmeey","2026-07-20 23:54:31.395","2026-08-04 12:43:11.079","g4dmeey","17695269","[PREMIUM]","[PREMIUM]","[PREMIUM]","308L","Section 308 Left","3",2,"['23','24']",,"sg_app","marketplace",1,"[PREMIUM]","2"
"jpx00x7","2026-07-20 23:54:31.395","2026-07-25 22:45:35.438","jpx00x7","17695269","[PREMIUM]","[PREMIUM]","[PREMIUM]","106","Section 106","5",2,"['15','16']",,"sg_app","marketplace",0,"[PREMIUM]","2"
"kYet94b2Rz5","2026-07-20 23:54:31.395","2026-07-20 23:54:31.395","kYet94b2Rz5","17695269","[PREMIUM]","[PREMIUM]","[PREMIUM]","BLCHRGA","Budweiser Bleachers","general",3,"[]","2026-08-28 00:00:00","sg_app","exchange",1,"[PREMIUM]","1,3"
"kYet94bO6Lk","2026-07-20 23:54:31.395","2026-07-23 12:10:58.046","kYet94bO6Lk","17695269","[PREMIUM]","[PREMIUM]","[PREMIUM]","129","Section 129","10",2,"[]","2026-03-21 00:00:00","sg_app","exchange",1,"[PREMIUM]","2"
"kYet94bO6xk","2026-07-20 23:54:31.395","2026-07-23 12:10:58.046","kYet94bO6xk","17695269","[PREMIUM]","[PREMIUM]","[PREMIUM]","113","Section 113","10",4,"[]","2026-08-25 00:00:00","sg_app","exchange",1,"[PREMIUM]","2,4"
"lxVsdLbnJdY","2026-07-20 23:54:31.395","2026-07-20 23:54:31.395","lxVsdLbnJdY","17695269","[PREMIUM]","[PREMIUM]","[PREMIUM]","429R","429 Right","6",6,"[]","2026-08-28 00:00:00","sg_app","exchange",2,"[PREMIUM]","2,4,6"
"lxVsdLbAmDN","2026-07-20 23:54:31.395","2026-07-23 12:10:58.046","lxVsdLbAmDN","17695269","[PREMIUM]","[PREMIUM]","[PREMIUM]","413L","Section 413 Left","9",6,"['1','2','3','4','5','6']","2026-08-27 00:00:00","sg_app","exchange",0,"[PREMIUM]","1,2,3,4,6"
"lxVsdLbZ3aM","2026-07-20 23:54:31.395","2026-07-23 12:10:58.046","lxVsdLbZ3aM","17695269","[PREMIUM]","[PREMIUM]","[PREMIUM]","108","Section 108","5",2,"[]","2026-08-25 00:00:00","sg_app","exchange",1,"[PREMIUM]","2"
"mxAs4Y7KaBv","2026-07-20 23:54:31.395","2026-07-23 12:10:58.046","mxAs4Y7KaBv","17695269","[PREMIUM]","[PREMIUM]","[PREMIUM]","103","Section 103","4",3,"[]","2026-08-25 00:00:00","sg_app","exchange",0,"[PREMIUM]","3"
"nyw1wev","2026-07-20 23:54:31.395","2026-08-04 12:43:11.079","nyw1wev","17695269","[PREMIUM]","[PREMIUM]","[PREMIUM]","321R","321 Right","5",2,"['1','2']",,"sg_app","marketplace",0,"[PREMIUM]","2"
"oV7HbEj8DYL","2026-07-20 23:54:31.395","2026-07-22 00:07:57.655","oV7HbEj8DYL","17695269","[PREMIUM]","[PREMIUM]","[PREMIUM]","Bleacher","Budweiser Bleachers","GA",1,"['4051']","2026-08-27 00:00:00","sg_app","exchange",0,"[PREMIUM]","1"
"oV7HbEjqpZ9","2026-07-20 23:54:31.395","2026-07-23 12:10:58.046","oV7HbEjqpZ9","17695269","[PREMIUM]","[PREMIUM]","[PREMIUM]","108","Section 108","9",7,"[]","2026-08-25 00:00:00","sg_app","exchange",1,"[PREMIUM]","1,2,3,4,5,7"
"p148re8","2026-07-20 23:54:31.395","2026-07-23 12:10:58.046","p148re8","17695269","[PREMIUM]","[PREMIUM]","[PREMIUM]","227","Section 227","12",2,"['21','22']",,"sg_app","marketplace",0,"[PREMIUM]","2"
"pVXHDEOkXlG","2026-07-20 23:54:31.395","2026-07-22 00:07:57.655","pVXHDEOkXlG","17695269","[PREMIUM]","[PREMIUM]","[PREMIUM]","Bleacher","Budweiser Bleachers","GA",8,"['4025','4026','4027','4028','4029','4030','4031','4032']","2026-08-27 00:00:00","sg_app","exchange",0,"[PREMIUM]","1,2,3,4,5,6,8"
"pVXHDEOJG6N","2026-07-20 23:54:31.395","2026-07-23 12:10:58.046","pVXHDEOJG6N","17695269","[PREMIUM]","[PREMIUM]","[PREMIUM]","108","Section 108","2",4,"[]","2026-08-25 00:00:00","sg_app","exchange",1,"[PREMIUM]","2,4"
"qVjH2Vv9pwj","2026-07-20 23:54:31.395","2026-07-22 00:07:57.655","qVjH2Vv9pwj","17695269","[PREMIUM]","[PREMIUM]","[PREMIUM]","209","Section 209","13",4,"[]","2026-03-21 00:00:00","sg_app","exchange",1,"[PREMIUM]","2,4"
"qVjH2VvjzKo","2026-07-20 23:54:31.395","2026-07-20 23:54:31.395","qVjH2VvjzKo","17695269","[PREMIUM]","[PREMIUM]","[PREMIUM]","414L","Section 414 Left","9",9,"[]","2026-08-28 00:00:00","sg_app","exchange",2,"[PREMIUM]","1,2,3,4,5,6,7,9"
"rVOHkRK628l","2026-07-20 23:54:31.395","2026-07-23 12:10:58.046","rVOHkRK628l","17695269","[PREMIUM]","[PREMIUM]","[PREMIUM]","16","Club Box Home Plate 16","11",2,"[]","2026-08-25 00:00:00","sg_app","exchange",0,"[PREMIUM]","2"
"rVOHkRK62el","2026-07-20 23:54:31.395","2026-07-23 12:10:58.046","rVOHkRK62el","17695269","[PREMIUM]","[PREMIUM]","[PREMIUM]","106","Section 106","7",2,"[]","2026-08-25 00:00:00","sg_app","exchange",1,"[PREMIUM]","2"
"vb3iPe8rlRj","2026-07-20 23:54:31.395","2026-07-23 12:10:58.046","vb3iPe8rlRj","17695269","[PREMIUM]","[PREMIUM]","[PREMIUM]","25","Club Box Infield 25","8",6,"[]","2026-08-25 00:00:00","sg_app","exchange",1,"[PREMIUM]","2,4,6"
"rr01zny","2026-07-20 23:54:31.395","2026-08-04 12:43:11.079","rr01zny","17695269","[PREMIUM]","[PREMIUM]","[PREMIUM]","120","Section 120","4",4,"['5','6','7','8']",,"sg_app","marketplace",0,"[PREMIUM]","2,4"
"w3Jsed6L0Y3","2026-07-20 23:54:31.395","2026-07-23 12:10:58.046","w3Jsed6L0Y3","17695269","[PREMIUM]","[PREMIUM]","[PREMIUM]","112","Section 112","5",4,"[]","2026-08-25 00:00:00","sg_app","exchange",1,"[PREMIUM]","2,4"
"w3Jsed6JD4k","2026-07-20 23:54:31.395","2026-07-23 12:10:58.046","w3Jsed6JD4k","17695269","[PREMIUM]","[PREMIUM]","[PREMIUM]","423R","423 Right","9",6,"['15','16','17','18','19','20']","2026-08-27 00:00:00","sg_app","exchange",1,"[PREMIUM]","1,2,3,4,6"
"xb9imB8x2oX","2026-07-20 23:54:31.395","2026-07-23 12:10:58.046","xb9imB8x2oX","17695269","[PREMIUM]","[PREMIUM]","[PREMIUM]","106","Section 106","10",2,"[]","2026-08-25 00:00:00","sg_app","exchange",1,"[PREMIUM]","2"
"z3Es6q47wo7","2026-07-20 23:54:31.395","2026-07-23 12:10:58.046","z3Es6q47wo7","17695269","[PREMIUM]","[PREMIUM]","[PREMIUM]","BLEACHERS","Budweiser Bleachers","GA",4,"[]","2026-08-25 00:00:00","sg_app","exchange",0,"[PREMIUM]","1,2,3,4"
"y4xe88g","2026-07-20 23:54:31.395","2026-08-04 12:43:11.079","y4xe88g","17695269","[PREMIUM]","[PREMIUM]","[PREMIUM]","108","Section 108","13",2,"['13','14']",,"sg_app","marketplace",0,"[PREMIUM]","2"
"zp27oke","2026-07-20 23:54:31.395","2026-08-04 12:43:11.079","zp27oke","17695269","[PREMIUM]","[PREMIUM]","[PREMIUM]","BLCHRGA","Budweiser Bleachers","GA",1,"['614']",,"sg_app","marketplace",2,"[PREMIUM]","1"
"0nzxyqo","2026-07-20 23:54:21.242","2026-08-04 14:02:04.624","0nzxyqo","17695104","[PREMIUM]","[PREMIUM]","[PREMIUM]","209","FIS Champions Club 209","a",4,"['19','20','21','22']",,"sg_app","marketplace",3,"[PREMIUM]","2,4"
"8lKt6Y2NEe2","2026-07-20 23:54:21.242","2026-08-04 14:02:04.624","8lKt6Y2NEe2","17695104","[PREMIUM]","[PREMIUM]","[PREMIUM]","128","Section 128","e",6,"[]","2026-08-27 00:00:00","electronic","exchange",1,"[PREMIUM]","2,4,6"
"O7AhwrqJYnm","2026-07-20 23:54:21.242","2026-08-04 14:02:04.624","O7AhwrqJYnm","17695104","[PREMIUM]","[PREMIUM]","[PREMIUM]","215","FIS Champions Club 215","b",8,"['5','6','7','8','9','10','11','12']","2026-06-24 00:00:00","sg_app","exchange",2,"[PREMIUM]","1,2,3,4,5,6,8"
"qVjH2Vv5LbM","2026-07-20 23:54:21.242","2026-08-02 15:54:12.215","qVjH2Vv5LbM","17695104","[PREMIUM]","[PREMIUM]","[PREMIUM]","215","FIS Champions Club 215","a",4,"['11','12','13','14']","2026-06-24 00:00:00","sg_app","exchange",0,"[PREMIUM]","2,4"
"v6d2zwy","2026-07-20 23:54:21.242","2026-08-04 14:02:04.624","v6d2zwy","17695104","[PREMIUM]","[PREMIUM]","[PREMIUM]","110","Section 110","d",1,"['6']",,"sg_app","marketplace",2,"[PREMIUM]","1"
"2v0cz3E8E7R","2026-07-20 23:53:59.123","2026-08-04 13:57:58.006","2v0cz3E8E7R","17696088","[PREMIUM]","[PREMIUM]","[PREMIUM]","146B","Section 146 B","2",3,"[]","2026-08-28 00:00:00","electronic","exchange",4,"[PREMIUM]","3"
"2kzj2dp","2026-07-20 23:53:59.123","2026-08-04 13:57:58.006","2kzj2dp","17696088","[PREMIUM]","[PREMIUM]","[PREMIUM]","133","Section 133","8",2,"['5','6']",,"sg_app","marketplace",3,"[PREMIUM]","2"
"6gz1w84","2026-07-20 23:53:59.123","2026-07-22 00:17:57.557","6gz1w84","17696088","[PREMIUM]","[PREMIUM]","[PREMIUM]","244","Section 244","1",4,"['3','4','5','6']",,"sg_app","marketplace",1,"[PREMIUM]","2,4"
"9dzkov9","2026-07-20 23:53:59.123","2026-08-04 13:57:58.006","9dzkov9","17696088","[PREMIUM]","[PREMIUM]","[PREMIUM]","534","Section 534","3",2,"['20','21']",,"sg_app","marketplace",0,"[PREMIUM]","2"
"BALImXjYZxv","2026-07-20 23:53:59.123","2026-07-30 05:36:42.491","BALImXjYZxv","17696088","[PREMIUM]","[PREMIUM]","[PREMIUM]","522","Section 522","20",4,"['17','18','19','20']","2026-03-04 00:00:00","sg_app","exchange",1,"[PREMIUM]","2,4"
"MAeIPlDgd3a","2026-07-20 23:53:59.123","2026-08-04 13:57:58.006","MAeIPlDgd3a","17696088","[PREMIUM]","[PREMIUM]","[PREMIUM]","518","Section 518","21",4,"['13','14','15','16']","2026-03-04 00:00:00","sg_app","exchange",2,"[PREMIUM]","2,4"
"agktlDNoeMX","2026-07-20 23:53:59.123","2026-08-04 13:57:58.006","agktlDNoeMX","17696088","[PREMIUM]","[PREMIUM]","[PREMIUM]","231","Section 231","13",2,"['17','18']","2026-03-04 00:00:00","sg_app","exchange",4,"[PREMIUM]","2"
"dm1zmp9","2026-07-20 23:53:59.123","2026-08-04 13:57:58.006","dm1zmp9","17696088","[PREMIUM]","[PREMIUM]","[PREMIUM]","516","Section 516","2",2,"['3','4']",,"sg_app","marketplace",0,"[PREMIUM]","2"
"jpx1j0p","2026-07-20 23:53:59.123","2026-07-28 09:12:08.570","jpx1j0p","17696088","[PREMIUM]","[PREMIUM]","[PREMIUM]","243","Section 243","3",2,"['1','2']",,"sg_app","marketplace",0,"[PREMIUM]","2"
"jpx0mrp","2026-07-20 23:53:59.123","2026-08-04 13:57:58.006","jpx0mrp","17696088","[PREMIUM]","[PREMIUM]","[PREMIUM]","110","Section 110","21",4,"['1','2','3','4']",,"sg_app","marketplace",1,"[PREMIUM]","2,4"
"kp2zo1e","2026-07-20 23:53:59.123","2026-08-04 13:57:58.006","kp2zo1e","17696088","[PREMIUM]","[PREMIUM]","[PREMIUM]","235","Section 235","10",2,"['15','16']",,"sg_app","marketplace",0,"[PREMIUM]","2"
"lxVsdLbRAYa","2026-07-20 23:53:59.123","2026-07-22 00:17:57.557","lxVsdLbRAYa","17696088","[PREMIUM]","[PREMIUM]","[PREMIUM]","521","Section 521","20",8,"['9','10','11','12','13','14','15','16']","2026-03-04 00:00:00","sg_app","exchange",1,"[PREMIUM]","1,2,3,4,5,6,8"
"o2vw1de","2026-07-20 23:53:59.123","2026-07-28 09:12:08.570","o2vw1de","17696088","[PREMIUM]","[PREMIUM]","[PREMIUM]","534","Section 534","4",3,"['17','18','19']",,"sg_app","marketplace",2,"[PREMIUM]","1,3"
"pVXHDEOLXVa","2026-07-20 23:53:59.123","2026-08-04 13:57:58.006","pVXHDEOLXVa","17696088","[PREMIUM]","[PREMIUM]","[PREMIUM]","102B","Section 102 B","3",10,"[]","2026-08-28 00:00:00","electronic","exchange",5,"[PREMIUM]","1,2,3,4,5,6,7,8,10"
"q9n48d2","2026-07-20 23:53:59.123","2026-07-23 06:51:08.579","q9n48d2","17696088","[PREMIUM]","[PREMIUM]","[PREMIUM]","125","Section 125","1",4,"['8','9','10','11']",,"sg_app","marketplace",0,"[PREMIUM]","2,4"
"vb3iPe8xkJK","2026-07-20 23:53:59.123","2026-08-04 13:57:58.006","vb3iPe8xkJK","17696088","[PREMIUM]","[PREMIUM]","[PREMIUM]","214","Section 214","12",4,"['9','10','11','12']","2026-03-04 00:00:00","sg_app","exchange",4,"[PREMIUM]","2,4"
"zp27y2d","2026-07-20 23:53:59.123","2026-07-23 06:51:08.579","zp27y2d","17696088","[PREMIUM]","[PREMIUM]","[PREMIUM]","219","Section 219","10",2,"['1','2']",,"sg_app","marketplace",0,"[PREMIUM]","2"
"05VT8K9RGPO","2026-07-20 23:53:43.257","2026-07-23 06:50:56.782","05VT8K9RGPO","17692753","[PREMIUM]","[PREMIUM]","[PREMIUM]","216","Section 216","14",2,"[]","2026-08-29 00:00:00","sg_app","exchange",4,"[PREMIUM]","2"
"05VT8K9RGMO","2026-07-20 23:53:43.257","2026-07-23 06:50:56.782","05VT8K9RGMO","17692753","[PREMIUM]","[PREMIUM]","[PREMIUM]","114","Section 114","18",2,"[]","2026-08-29 00:00:00","sg_app","exchange",3,"[PREMIUM]","2"
"05VT8K9ea0X","2026-07-20 23:53:43.257","2026-07-22 00:18:03.340","05VT8K9ea0X","17692753","[PREMIUM]","[PREMIUM]","[PREMIUM]","36","Dugout Reserved 36","6",4,"[]","2026-08-29 00:00:00","sg_app","exchange",1,"[PREMIUM]","1,2,3,4"
"05VT8K9eaZz","2026-07-20 23:53:43.257","2026-07-23 06:50:56.782","05VT8K9eaZz","17692753","[PREMIUM]","[PREMIUM]","[PREMIUM]","243","Section 243","11",21,"[]","2026-08-29 00:00:00","sg_app","exchange",2,"[PREMIUM]","1,2,3,4,5,6,7,8,9,10,11,12,13,14,15,16,17,18,19,20,21"
"05VT8K9eavq","2026-07-20 23:53:43.257","2026-07-23 06:50:56.782","05VT8K9eavq","17692753","[PREMIUM]","[PREMIUM]","[PREMIUM]","345","Section 345","3",24,"[]","2026-08-29 00:00:00","sg_app","exchange",5,"[PREMIUM]","1,2,3,4,5,6,7,8,9,10,11,12,13,14,15,16,17,18,19,20,21,22,23,24"
"05VT8K9edvA","2026-07-20 23:53:43.257","2026-07-23 06:50:56.782","05VT8K9edvA","17692753","[PREMIUM]","[PREMIUM]","[PREMIUM]","10","Dugout Corner 10","12",4,"[]","2026-08-29 00:00:00","sg_app","exchange",2,"[PREMIUM]","1,2,3,4"
"05VT8K9MV5v","2026-07-20 23:53:43.257","2026-08-04 14:15:19.052","05VT8K9MV5v","17692753","[PREMIUM]","[PREMIUM]","[PREMIUM]","120","Section 120","16",4,"[]","2026-08-29 00:00:00","electronic","exchange",3,"[PREMIUM]","2,4"
"2v0cz3ElYaq","2026-07-20 23:53:43.257","2026-07-23 06:50:56.782","2v0cz3ElYaq","17692753","[PREMIUM]","[PREMIUM]","[PREMIUM]","322","Section 322","7",3,"[]","2026-08-29 00:00:00","sg_app","exchange",1,"[PREMIUM]","1,2,3"
"2v0cz3EvXE0","2026-07-20 23:53:43.257","2026-07-23 06:50:56.782","2v0cz3EvXE0","17692753","[PREMIUM]","[PREMIUM]","[PREMIUM]","13","Dugout Reserved 13","6",6,"[]","2026-08-29 00:00:00","sg_app","exchange",2,"[PREMIUM]","1,2,3,4,5,6"
"2v0cz3Ev8M3","2026-07-20 23:53:43.257","2026-07-23 06:50:56.782","2v0cz3Ev8M3","17692753","[PREMIUM]","[PREMIUM]","[PREMIUM]","144","Section 144","15",2,"[]","2026-08-29 00:00:00","sg_app","exchange",2,"[PREMIUM]","2"
"2v0cz3EvOav","2026-07-20 23:53:43.257","2026-07-23 06:50:56.782","2v0cz3EvOav","17692753","[PREMIUM]","[PREMIUM]","[PREMIUM]","150","Section 150","7",5,"[]","2026-08-29 00:00:00","sg_app","exchange",3,"[PREMIUM]","1,2,3,4,5"
"2v0cz3EvOkJ","2026-07-20 23:53:43.257","2026-07-23 06:50:56.782","2v0cz3EvOkJ","17692753","[PREMIUM]","[PREMIUM]","[PREMIUM]","217","Section 217","13",8,"[]","2026-08-29 00:00:00","sg_app","exchange",3,"[PREMIUM]","1,2,3,4,5,6,7,8"
"2v0cz3EvX70","2026-07-20 23:53:43.257","2026-07-23 06:50:56.782","2v0cz3EvX70","17692753","[PREMIUM]","[PREMIUM]","[PREMIUM]","238","Section 238","6",18,"[]","2026-08-29 00:00:00","sg_app","exchange",3,"[PREMIUM]","1,2,3,4,5,6,7,8,9,10,11,12,13,14,15,16,17,18"
"2v0cz3ElYDm","2026-07-20 23:53:43.257","2026-07-23 06:50:56.782","2v0cz3ElYDm","17692753","[PREMIUM]","[PREMIUM]","[PREMIUM]","212","Section 212","3",2,"[]","2026-08-29 00:00:00","sg_app","exchange",1,"[PREMIUM]","2"
"3q7fNJPqmDv","2026-07-20 23:53:43.257","2026-07-23 06:50:56.782","3q7fNJPqmDv","17692753","[PREMIUM]","[PREMIUM]","[PREMIUM]","138","Section 138","9",4,"[]","2026-08-29 00:00:00","sg_app","exchange",3,"[PREMIUM]","1,2,3,4"
"3q7fNJPqBpX","2026-07-20 23:53:43.257","2026-07-23 06:50:56.782","3q7fNJPqBpX","17692753","[PREMIUM]","[PREMIUM]","[PREMIUM]","217","Section 217","7",5,"[]","2026-08-29 00:00:00","sg_app","exchange",3,"[PREMIUM]","1,2,3,4,5"
"3q7fNJPqBaL","2026-07-20 23:53:43.257","2026-07-22 00:18:03.340","3q7fNJPqBaL","17692753","[PREMIUM]","[PREMIUM]","[PREMIUM]","327","Section 327","7",2,"[]","2026-08-29 00:00:00","sg_app","exchange",2,"[PREMIUM]","2"
"3q7fNJPqBZr","2026-07-20 23:53:43.257","2026-07-23 06:50:56.782","3q7fNJPqBZr","17692753","[PREMIUM]","[PREMIUM]","[PREMIUM]","142","Section 142","11",12,"[]","2026-08-29 00:00:00","sg_app","exchange",3,"[PREMIUM]","1,2,3,4,5,6,7,8,9,10,11,12"
"3q7fNJPvndV","2026-07-20 23:53:43.257","2026-07-23 06:50:56.782","3q7fNJPvndV","17692753","[PREMIUM]","[PREMIUM]","[PREMIUM]","242","Section 242","5",20,"[]","2026-08-29 00:00:00","sg_app","exchange",2,"[PREMIUM]","1,2,3,4,5,6,7,8,9,10,11,12,13,14,15,16,17,18,19,20"
"3q7fNJPvnD7","2026-07-20 23:53:43.257","2026-07-23 06:50:56.782","3q7fNJPvnD7","17692753","[PREMIUM]","[PREMIUM]","[PREMIUM]","322","Section 322","7",3,"[]","2026-08-29 00:00:00","sg_app","exchange",1,"[PREMIUM]","1,2,3"
"3q7fNJPqwx3","2026-07-20 23:53:43.257","2026-07-23 06:50:56.782","3q7fNJPqwx3","17692753","[PREMIUM]","[PREMIUM]","[PREMIUM]","149","Section 149","13",8,"[]","2026-08-29 00:00:00","sg_app","exchange",2,"[PREMIUM]","1,2,3,4,5,6,7,8"
"3q7fNJPqwXe","2026-07-20 23:53:43.257","2026-07-23 06:50:56.782","3q7fNJPqwXe","17692753","[PREMIUM]","[PREMIUM]","[PREMIUM]","111","Section 111","14",14,"[]","2026-08-29 00:00:00","sg_app","exchange",2,"[PREMIUM]","1,2,3,4,5,6,7,8,9,10,11,12,13,14"
"4vXcj94Ozll","2026-07-20 23:53:43.257","2026-07-23 06:50:56.782","4vXcj94Ozll","17692753","[PREMIUM]","[PREMIUM]","[PREMIUM]","135","Section 135","2",3,"[]","2026-08-29 00:00:00","sg_app","exchange",3,"[PREMIUM]","1,2,3"
"4vXcj94OzJl","2026-07-20 23:53:43.257","2026-07-23 06:50:56.782","4vXcj94OzJl","17692753","[PREMIUM]","[PREMIUM]","[PREMIUM]","147","Section 147","7",3,"[]","2026-08-29 00:00:00","sg_app","exchange",4,"[PREMIUM]","1,2,3"
"4vXcj94GBR7","2026-07-20 23:53:43.257","2026-07-23 06:50:56.782","4vXcj94GBR7","17692753","[PREMIUM]","[PREMIUM]","[PREMIUM]","216","Section 216","9",7,"[]","2026-08-29 00:00:00","sg_app","exchange",3,"[PREMIUM]","1,2,3,4,5,6,7"
"4vXcj94GBYV","2026-07-20 23:53:43.257","2026-07-23 06:50:56.782","4vXcj94GBYV","17692753","[PREMIUM]","[PREMIUM]","[PREMIUM]","320","Section 320","3",2,"[]","2026-08-29 00:00:00","sg_app","exchange",1,"[PREMIUM]","2"
"4vXcj94Gk0B","2026-07-20 23:53:43.257","2026-07-23 06:50:56.782","4vXcj94Gk0B","17692753","[PREMIUM]","[PREMIUM]","[PREMIUM]","137","Section 137","13",5,"[]","2026-08-29 00:00:00","sg_app","exchange",2,"[PREMIUM]","1,2,3,4,5"
"4vXcj94OzJ3","2026-07-20 23:53:43.257","2026-07-23 06:50:56.782","4vXcj94OzJ3","17692753","[PREMIUM]","[PREMIUM]","[PREMIUM]","322","Section 322","6",2,"[]","2026-08-29 00:00:00","sg_app","exchange",1,"[PREMIUM]","2"
"4vXcj94OmgZ","2026-07-20 23:53:43.257","2026-07-23 06:50:56.782","4vXcj94OmgZ","17692753","[PREMIUM]","[PREMIUM]","[PREMIUM]","318","Section 318","7",12,"[]","2026-08-29 00:00:00","sg_app","exchange",2,"[PREMIUM]","1,2,3,4,5,6,7,8,9,10,11,12"
"4vXcj94Ozpl","2026-07-20 23:53:43.257","2026-07-23 06:50:56.782","4vXcj94Ozpl","17692753","[PREMIUM]","[PREMIUM]","[PREMIUM]","137","Section 137","15",3,"[]","2026-08-29 00:00:00","sg_app","exchange",2,"[PREMIUM]","1,2,3"
"4vXcj94Om4R","2026-07-20 23:53:43.257","2026-07-23 06:50:56.782","4vXcj94Om4R","17692753","[PREMIUM]","[PREMIUM]","[PREMIUM]","138","Section 138","3",4,"[]","2026-08-29 00:00:00","sg_app","exchange",2,"[PREMIUM]","1,2,3,4"
"4vXcj94GBqg","2026-07-20 23:53:43.257","2026-07-23 06:50:56.782","4vXcj94GBqg","17692753","[PREMIUM]","[PREMIUM]","[PREMIUM]","318","Section 318","8",10,"[]","2026-08-29 00:00:00","sg_app","exchange",2,"[PREMIUM]","1,2,3,4,5,6,7,8,9,10"
"5EjuZ69q3EG","2026-07-20 23:53:43.257","2026-07-23 06:50:56.782","5EjuZ69q3EG","17692753","[PREMIUM]","[PREMIUM]","[PREMIUM]","241","Section 241","3",4,"[]","2026-08-29 00:00:00","sg_app","exchange",2,"[PREMIUM]","1,2,3,4"
"5EjuZ698vpO","2026-07-20 23:53:43.257","2026-07-23 06:50:56.782","5EjuZ698vpO","17692753","[PREMIUM]","[PREMIUM]","[PREMIUM]","110","Section 110","4",2,"[]","2026-08-29 00:00:00","sg_app","exchange",2,"[PREMIUM]","2"
"5EjuZ698A9Z","2026-07-20 23:53:43.257","2026-07-23 06:50:56.782","5EjuZ698A9Z","17692753","[PREMIUM]","[PREMIUM]","[PREMIUM]","112","Section 112","20",2,"[]","2026-08-29 00:00:00","sg_app","exchange",2,"[PREMIUM]","2"
"5EjuZ698A44","2026-07-20 23:53:43.257","2026-07-23 06:50:56.782","5EjuZ698A44","17692753","[PREMIUM]","[PREMIUM]","[PREMIUM]","242","Section 242","3",5,"[]","2026-08-29 00:00:00","sg_app","exchange",2,"[PREMIUM]","1,2,3,4,5"
"5EjuZ698A2v","2026-07-20 23:53:43.257","2026-07-23 06:50:56.782","5EjuZ698A2v","17692753","[PREMIUM]","[PREMIUM]","[PREMIUM]","14","Dugout Reserved 14","8",4,"[]","2026-08-29 00:00:00","sg_app","exchange",2,"[PREMIUM]","1,2,3,4"
"5EjuZ69q3nG","2026-07-20 23:53:43.257","2026-07-23 06:50:56.782","5EjuZ69q3nG","17692753","[PREMIUM]","[PREMIUM]","[PREMIUM]","233","Section 233","6",2,"[]","2026-08-29 00:00:00","sg_app","exchange",2,"[PREMIUM]","2"
"6gz8gg4","2026-07-20 23:53:43.257","2026-08-04 14:15:19.052","6gz8gg4","17692753","[PREMIUM]","[PREMIUM]","[PREMIUM]","143","Section 143","4",2,"['1','2']",,"sg_app","marketplace",1,"[PREMIUM]","2"
"6mOhkAxPe34","2026-07-20 23:53:43.257","2026-07-23 06:50:56.782","6mOhkAxPe34","17692753","[PREMIUM]","[PREMIUM]","[PREMIUM]","110","Section 110","16",6,"[]","2026-08-29 00:00:00","sg_app","exchange",2,"[PREMIUM]","1,2,3,4,5,6"
"6mOhkAxPev4","2026-07-20 23:53:43.257","2026-07-23 06:50:56.782","6mOhkAxPev4","17692753","[PREMIUM]","[PREMIUM]","[PREMIUM]","38","Dugout Reserved 38","11",4,"[]","2026-08-29 00:00:00","sg_app","exchange",2,"[PREMIUM]","1,2,3,4"
"6mOhkAxKLzx","2026-07-20 23:53:43.257","2026-07-23 06:50:56.782","6mOhkAxKLzx","17692753","[PREMIUM]","[PREMIUM]","[PREMIUM]","110","Section 110","12",2,"[]","2026-08-29 00:00:00","sg_app","exchange",2,"[PREMIUM]","2"
"6mOhkAxPedV","2026-07-20 23:53:43.257","2026-07-23 06:50:56.782","6mOhkAxPedV","17692753","[PREMIUM]","[PREMIUM]","[PREMIUM]","138","Section 138","12",2,"[]","2026-08-29 00:00:00","sg_app","exchange",3,"[PREMIUM]","2"
"6mOhkAxKLJx","2026-07-20 23:53:43.257","2026-07-23 06:50:56.782","6mOhkAxKLJx","17692753","[PREMIUM]","[PREMIUM]","[PREMIUM]","138","Section 138","7",2,"[]","2026-08-29 00:00:00","sg_app","exchange",3,"[PREMIUM]","2"
"6mOhkAxPeV4","2026-07-20 23:53:43.257","2026-07-23 06:50:56.782","6mOhkAxPeV4","17692753","[PREMIUM]","[PREMIUM]","[PREMIUM]","328","Section 328","4",4,"[]","2026-08-29 00:00:00","sg_app","exchange",2,"[PREMIUM]","1,2,3,4"
"6mOhkAxKLnP","2026-07-20 23:53:43.257","2026-07-23 06:50:56.782","6mOhkAxKLnP","17692753","[PREMIUM]","[PREMIUM]","[PREMIUM]","38","Dugout Reserved 38","13",2,"[]","2026-08-29 00:00:00","sg_app","exchange",2,"[PREMIUM]","2"
"6mOhkAxDEga","2026-07-20 23:53:43.257","2026-07-20 23:53:43.257","6mOhkAxDEga","17692753","[PREMIUM]","[PREMIUM]","[PREMIUM]","141","Section 141","5",6,"[]","2026-08-29 00:00:00","sg_app","exchange",1,"[PREMIUM]","1,2,3,4,6"
"6mOhkAxPR3J","2026-07-20 23:53:43.257","2026-07-23 06:50:56.782","6mOhkAxPR3J","17692753","[PREMIUM]","[PREMIUM]","[PREMIUM]","214","Section 214","14",4,"[]","2026-08-29 00:00:00","sg_app","exchange",2,"[PREMIUM]","1,2,3,4"
"6mOhkAxPRv0","2026-07-20 23:53:43.257","2026-07-23 06:50:56.782","6mOhkAxPRv0","17692753","[PREMIUM]","[PREMIUM]","[PREMIUM]","39","Dugout Reserved 39","8",11,"[]","2026-08-29 00:00:00","sg_app","exchange",2,"[PREMIUM]","1,2,3,4,5,6,7,8,9,10,11"
"6mOhkAxKLnx","2026-07-20 23:53:43.257","2026-07-23 06:50:56.782","6mOhkAxKLnx","17692753","[PREMIUM]","[PREMIUM]","[PREMIUM]","135","Section 135","13",12,"[]","2026-08-29 00:00:00","sg_app","exchange",4,"[PREMIUM]","1,2,3,4,5,6,7,8,9,10,11,12"
"6mOhkAx4L9r","2026-07-20 23:53:43.257","2026-08-04 14:15:19.052","6mOhkAx4L9r","17692753","[PREMIUM]","[PREMIUM]","[PREMIUM]","144","Section 144","10",4,"[]","2026-08-28 00:00:00","electronic","exchange",1,"[PREMIUM]","2,4"
"7KntAlo9E7D","2026-07-20 23:53:43.257","2026-07-25 22:45:41.061","7KntAlo9E7D","17692753","[PREMIUM]","[PREMIUM]","[PREMIUM]","147","Section 147","2",6,"['5','6','7','8','9','10']","2026-03-26 00:00:00","sg_app","exchange",1,"[PREMIUM]","2,4,6"
"7KntAloYVPq","2026-07-20 23:53:43.257","2026-07-23 06:50:56.782","7KntAloYVPq","17692753","[PREMIUM]","[PREMIUM]","[PREMIUM]","148","Section 148","14",7,"[]","2026-08-29 00:00:00","sg_app","exchange",2,"[PREMIUM]","1,2,3,4,5,6,7"
"7KntAloeJq7","2026-07-20 23:53:43.257","2026-07-23 06:50:56.782","7KntAloeJq7","17692753","[PREMIUM]","[PREMIUM]","[PREMIUM]","324","Section 324","5",5,"[]","2026-08-29 00:00:00","sg_app","exchange",1,"[PREMIUM]","1,2,3,4,5"
"7KntAloYjGV","2026-07-20 23:53:43.257","2026-07-20 23:53:43.257","7KntAloYjGV","17692753","[PREMIUM]","[PREMIUM]","[PREMIUM]","111","Section 111","17",19,"[]","2026-08-29 00:00:00","sg_app","exchange",1,"[PREMIUM]","1,2,3,4,5,6,7,8,9,10,11,12,13,14,15,16,17,18,19"
"7KntAloYzxX","2026-07-20 23:53:43.257","2026-07-23 06:50:56.782","7KntAloYzxX","17692753","[PREMIUM]","[PREMIUM]","[PREMIUM]","320","Section 320","7",8,"[]","2026-08-29 00:00:00","sg_app","exchange",1,"[PREMIUM]","1,2,3,4,5,6,7,8"
"7KntAloYjNq","2026-07-20 23:53:43.257","2026-07-23 06:50:56.782","7KntAloYjNq","17692753","[PREMIUM]","[PREMIUM]","[PREMIUM]","135","Section 135","6",2,"[]","2026-08-29 00:00:00","sg_app","exchange",3,"[PREMIUM]","2"
"7KntAloYzoX","2026-07-20 23:53:43.257","2026-07-23 06:50:56.782","7KntAloYzoX","17692753","[PREMIUM]","[PREMIUM]","[PREMIUM]","239","Section 239","8",8,"[]","2026-08-29 00:00:00","sg_app","exchange",2,"[PREMIUM]","1,2,3,4,5,6,7,8"
"7KntAloYz0g","2026-07-20 23:53:43.257","2026-07-23 06:50:56.782","7KntAloYz0g","17692753","[PREMIUM]","[PREMIUM]","[PREMIUM]","216","Section 216","5",5,"[]","2026-08-29 00:00:00","sg_app","exchange",3,"[PREMIUM]","1,2,3,4,5"
"7KntAloYzMv","2026-07-20 23:53:43.257","2026-07-23 06:50:56.782","7KntAloYzMv","17692753","[PREMIUM]","[PREMIUM]","[PREMIUM]","37","Dugout Reserved 37","7",4,"[]","2026-08-29 00:00:00","sg_app","exchange",2,"[PREMIUM]","1,2,3,4"
"7KntAloGqY4","2026-07-20 23:53:43.257","2026-07-23 06:50:56.782","7KntAloGqY4","17692753","[PREMIUM]","[PREMIUM]","[PREMIUM]","324","Section 324","7",2,"[]","2026-08-29 00:00:00","sg_app","exchange",1,"[PREMIUM]","2"
"8lKt6Y23ngZ","2026-07-20 23:53:43.257","2026-07-23 06:50:56.782","8lKt6Y23ngZ","17692753","[PREMIUM]","[PREMIUM]","[PREMIUM]","216","Section 216","5",2,"[]","2026-08-29 00:00:00","sg_app","exchange",3,"[PREMIUM]","2"
"8lKt6Y2EA8z","2026-07-20 23:53:43.257","2026-07-23 06:50:56.782","8lKt6Y2EA8z","17692753","[PREMIUM]","[PREMIUM]","[PREMIUM]","216","Section 216","13",8,"[]","2026-08-29 00:00:00","sg_app","exchange",4,"[PREMIUM]","1,2,3,4,5,6,7,8"
"8lKt6Y2KXOV","2026-07-20 23:53:43.257","2026-07-23 06:50:56.782","8lKt6Y2KXOV","17692753","[PREMIUM]","[PREMIUM]","[PREMIUM]","10","Dugout Corner 10","6",2,"[]","2026-08-29 00:00:00","sg_app","exchange",2,"[PREMIUM]","2"
"8lKt6Y2EABX","2026-07-20 23:53:43.257","2026-07-23 06:50:56.782","8lKt6Y2EABX","17692753","[PREMIUM]","[PREMIUM]","[PREMIUM]","138","Section 138","12",12,"[]","2026-08-29 00:00:00","sg_app","exchange",3,"[PREMIUM]","1,2,3,4,5,6,7,8,9,10,11,12"
"8lKt6Y2EPYX","2026-07-20 23:53:43.257","2026-07-23 06:50:56.782","8lKt6Y2EPYX","17692753","[PREMIUM]","[PREMIUM]","[PREMIUM]","233","Section 233","12",8,"[]","2026-08-29 00:00:00","sg_app","exchange",2,"[PREMIUM]","1,2,3,4,5,6,7,8"
"8lKt6Y23n9Z","2026-07-20 23:53:43.257","2026-07-23 06:50:56.782","8lKt6Y23n9Z","17692753","[PREMIUM]","[PREMIUM]","[PREMIUM]","10","Dugout Corner 10","9",3,"[]","2026-08-29 00:00:00","sg_app","exchange",2,"[PREMIUM]","1,2,3"
"8lKt6Y2EGm9","2026-07-20 23:53:43.257","2026-07-23 06:50:56.782","8lKt6Y2EGm9","17692753","[PREMIUM]","[PREMIUM]","[PREMIUM]","13","Dugout Reserved 13","12",8,"[]","2026-08-29 00:00:00","sg_app","exchange",3,"[PREMIUM]","1,2,3,4,5,6,7,8"
"9P2c5qPJ0jG","2026-07-20 23:53:43.257","2026-07-23 06:50:56.782","9P2c5qPJ0jG","17692753","[PREMIUM]","[PREMIUM]","[PREMIUM]","324","Section 324","5",2,"[]","2026-08-29 00:00:00","sg_app","exchange",1,"[PREMIUM]","2"
"9P2c5qPJ07a","2026-07-20 23:53:43.257","2026-07-23 06:50:56.782","9P2c5qPJ07a","17692753","[PREMIUM]","[PREMIUM]","[PREMIUM]","110","Section 110","18",5,"[]","2026-08-29 00:00:00","sg_app","exchange",2,"[PREMIUM]","1,2,3,4,5"
"9P2c5qPJ0Ba","2026-07-20 23:53:43.257","2026-07-23 06:50:56.782","9P2c5qPJ0Ba","17692753","[PREMIUM]","[PREMIUM]","[PREMIUM]","151","Section 151","23",9,"[]","2026-08-29 00:00:00","sg_app","exchange",2,"[PREMIUM]","1,2,3,4,5,6,7,8,9"
"9P2c5qPJ0j7","2026-07-20 23:53:43.257","2026-07-23 06:50:56.782","9P2c5qPJ0j7","17692753","[PREMIUM]","[PREMIUM]","[PREMIUM]","149","Section 149","3",2,"[]","2026-08-29 00:00:00","sg_app","exchange",3,"[PREMIUM]","2"
"9P2c5qPJv7V","2026-07-20 23:53:43.257","2026-07-23 06:50:56.782","9P2c5qPJv7V","17692753","[PREMIUM]","[PREMIUM]","[PREMIUM]","146","Section 146","17",4,"[]","2026-08-29 00:00:00","sg_app","exchange",2,"[PREMIUM]","1,2,3,4"
"9P2c5qPx6nD","2026-07-20 23:53:43.257","2026-07-23 06:50:56.782","9P2c5qPx6nD","17692753","[PREMIUM]","[PREMIUM]","[PREMIUM]","217","Section 217","6",4,"[]","2026-08-29 00:00:00","sg_app","exchange",2,"[PREMIUM]","1,2,3,4"
"9P2c5qPx6DZ","2026-07-20 23:53:43.257","2026-07-23 06:50:56.782","9P2c5qPx6DZ","17692753","[PREMIUM]","[PREMIUM]","[PREMIUM]","320","Section 320","8",2,"[]","2026-08-29 00:00:00","sg_app","exchange",1,"[PREMIUM]","2"
"9P2c5qPZljz","2026-07-20 23:53:43.257","2026-08-04 14:15:19.052","9P2c5qPZljz","17692753","[PREMIUM]","[PREMIUM]","[PREMIUM]","315","Section 315","6",2,"[]","2026-08-29 00:00:00","sg_app","exchange",3,"[PREMIUM]","2"
"A6rs27VnPx3","2026-07-20 23:53:43.257","2026-07-23 06:50:56.782","A6rs27VnPx3","17692753","[PREMIUM]","[PREMIUM]","[PREMIUM]","144","Section 144","13",2,"[]","2026-08-29 00:00:00","sg_app","exchange",2,"[PREMIUM]","2"
"A6rs27VkM4D","2026-07-20 23:53:43.257","2026-07-23 06:50:56.782","A6rs27VkM4D","17692753","[PREMIUM]","[PREMIUM]","[PREMIUM]","346","Section 346","3",24,"[]","2026-08-29 00:00:00","sg_app","exchange",5,"[PREMIUM]","1,2,3,4,5,6,7,8,9,10,11,12,13,14,15,16,17,18,19,20,21,22,23,24"
"A6rs27VkM85","2026-07-20 23:53:43.257","2026-07-23 06:50:56.782","A6rs27VkM85","17692753","[PREMIUM]","[PREMIUM]","[PREMIUM]","235","Section 235","14",20,"[]","2026-08-29 00:00:00","sg_app","exchange",3,"[PREMIUM]","1,2,3,4,5,6,7,8,9,10,11,12,13,14,15,16,17,18,19,20"
"A6rs27VkMXE","2026-07-20 23:53:43.257","2026-07-23 06:50:56.782","A6rs27VkMXE","17692753","[PREMIUM]","[PREMIUM]","[PREMIUM]","38","Dugout Reserved 38","8",4,"[]","2026-08-29 00:00:00","sg_app","exchange",2,"[PREMIUM]","1,2,3,4"
"A6rs27VkOeJ","2026-07-20 23:53:43.257","2026-07-23 06:50:56.782","A6rs27VkOeJ","17692753","[PREMIUM]","[PREMIUM]","[PREMIUM]","137","Section 137","14",4,"[]","2026-08-29 00:00:00","sg_app","exchange",2,"[PREMIUM]","1,2,3,4"
"A6rs27VkOmY","2026-07-20 23:53:43.257","2026-07-23 06:50:56.782","A6rs27VkOmY","17692753","[PREMIUM]","[PREMIUM]","[PREMIUM]","41","Dugout Corner 41","13",7,"[]","2026-08-29 00:00:00","electronic","exchange",2,"[PREMIUM]","1,2,3,4,5,6,7"
"A6rs27VnP93","2026-07-20 23:53:43.257","2026-07-20 23:53:43.257","A6rs27VnP93","17692753","[PREMIUM]","[PREMIUM]","[PREMIUM]","42","Dugout Corner 42","4",3,"[]","2026-08-29 00:00:00","sg_app","exchange",1,"[PREMIUM]","1,2,3"
"A6rs27VvNB8","2026-07-20 23:53:43.257","2026-08-04 14:15:19.052","A6rs27VvNB8","17692753","[PREMIUM]","[PREMIUM]","[PREMIUM]","114","Section 114","19",4,"[]","2026-08-29 00:00:00","sg_app","exchange",5,"[PREMIUM]","1,2,3,4"
"BALImXjBG8g","2026-07-20 23:53:43.257","2026-07-23 06:50:56.782","BALImXjBG8g","17692753","[PREMIUM]","[PREMIUM]","[PREMIUM]","10","Dugout Corner 10","12",3,"[]","2026-08-29 00:00:00","sg_app","exchange",2,"[PREMIUM]","1,2,3"
"BALImXjepVL","2026-07-20 23:53:43.257","2026-07-23 06:50:56.782","BALImXjepVL","17692753","[PREMIUM]","[PREMIUM]","[PREMIUM]","110","Section 110","17",7,"[]","2026-08-29 00:00:00","sg_app","exchange",2,"[PREMIUM]","1,2,3,4,5,6,7"
"BALImXjeA0N","2026-07-20 23:53:43.257","2026-07-23 06:50:56.782","BALImXjeA0N","17692753","[PREMIUM]","[PREMIUM]","[PREMIUM]","135","Section 135","5",6,"[]","2026-08-29 00:00:00","sg_app","exchange",3,"[PREMIUM]","1,2,3,4,5,6"
"BALImXjeAZN","2026-07-20 23:53:43.257","2026-07-23 06:50:56.782","BALImXjeAZN","17692753","[PREMIUM]","[PREMIUM]","[PREMIUM]","235","Section 235","13",20,"[]","2026-08-29 00:00:00","sg_app","exchange",3,"[PREMIUM]","1,2,3,4,5,6,7,8,9,10,11,12,13,14,15,16,17,18,19,20"
"BALImXjeAwv","2026-07-20 23:53:43.257","2026-07-23 06:50:56.782","BALImXjeAwv","17692753","[PREMIUM]","[PREMIUM]","[PREMIUM]","113","Section 113","16",14,"[]","2026-08-29 00:00:00","sg_app","exchange",4,"[PREMIUM]","1,2,3,4,5,6,7,8,9,10,11,12,13,14"
"BALImXjeAVG","2026-07-20 23:53:43.257","2026-07-23 06:50:56.782","BALImXjeAVG","17692753","[PREMIUM]","[PREMIUM]","[PREMIUM]","40","Dugout Corner 40","13",9,"[]","2026-08-29 00:00:00","sg_app","exchange",2,"[PREMIUM]","1,2,3,4,5,6,7,8,9"
"DdwHkOJPj2m","2026-07-20 23:53:43.257","2026-07-23 06:50:56.782","DdwHkOJPj2m","17692753","[PREMIUM]","[PREMIUM]","[PREMIUM]","40","Dugout Corner 40","6",4,"[]","2026-08-29 00:00:00","sg_app","exchange",2,"[PREMIUM]","1,2,3,4"
"DdwHkOJPRdK","2026-07-20 23:53:43.257","2026-07-23 06:50:56.782","DdwHkOJPRdK","17692753","[PREMIUM]","[PREMIUM]","[PREMIUM]","147","Section 147","9",9,"[]","2026-08-29 00:00:00","sg_app","exchange",4,"[PREMIUM]","1,2,3,4,5,6,7,8,9"
"DdwHkOJPRNj","2026-07-20 23:53:43.257","2026-07-23 06:50:56.782","DdwHkOJPRNj","17692753","[PREMIUM]","[PREMIUM]","[PREMIUM]","235","Section 235","11",20,"[]","2026-08-29 00:00:00","sg_app","exchange",3,"[PREMIUM]","1,2,3,4,5,6,7,8,9,10,11,12,13,14,15,16,17,18,19,20"
"DdwHkOJzYXR","2026-07-20 23:53:43.257","2026-07-23 06:50:56.782","DdwHkOJzYXR","17692753","[PREMIUM]","[PREMIUM]","[PREMIUM]","216","Section 216","14",2,"[]","2026-08-29 00:00:00","sg_app","exchange",4,"[PREMIUM]","2"
"DdwHkOJzY4R","2026-07-20 23:53:43.257","2026-07-23 06:50:56.782","DdwHkOJzY4R","17692753","[PREMIUM]","[PREMIUM]","[PREMIUM]","114","Section 114","9",2,"[]","2026-08-29 00:00:00","sg_app","exchange",3,"[PREMIUM]","2"
"EroUXnBlenG","2026-07-20 23:53:43.257","2026-07-23 06:50:56.782","EroUXnBlenG","17692753","[PREMIUM]","[PREMIUM]","[PREMIUM]","217","Section 217","8",11,"[]","2026-08-29 00:00:00","sg_app","exchange",3,"[PREMIUM]","1,2,3,4,5,6,7,8,9,10,11"
"EroUXnBlaKl","2026-07-20 23:53:43.257","2026-07-23 06:50:56.782","EroUXnBlaKl","17692753","[PREMIUM]","[PREMIUM]","[PREMIUM]","13","Dugout Reserved 13","13",2,"[]","2026-08-29 00:00:00","sg_app","exchange",3,"[PREMIUM]","2"
"EroUXnBwMmE","2026-07-20 23:53:43.257","2026-07-20 23:53:43.257","EroUXnBwMmE","17692753","[PREMIUM]","[PREMIUM]","[PREMIUM]","149","Section 149","11",13,"[]","2026-08-29 00:00:00","sg_app","exchange",1,"[PREMIUM]","1,2,3,4,5,6,7,8,9,10,11,12,13"
"EroUXnBb92v","2026-07-20 23:53:43.257","2026-07-23 06:50:56.782","EroUXnBb92v","17692753","[PREMIUM]","[PREMIUM]","[PREMIUM]","212","Section 212","5",2,"[]","2026-08-29 00:00:00","sg_app","exchange",1,"[PREMIUM]","2"
"EroUXnBla8B","2026-07-20 23:53:43.257","2026-07-20 23:53:43.257","EroUXnBla8B","17692753","[PREMIUM]","[PREMIUM]","[PREMIUM]","147","Section 147","5",2,"[]","2026-08-29 00:00:00","sg_app","exchange",2,"[PREMIUM]","2"
"EroUXnBla4G","2026-07-20 23:53:43.257","2026-07-23 06:50:56.782","EroUXnBla4G","17692753","[PREMIUM]","[PREMIUM]","[PREMIUM]","143","Section 143","11",17,"[]","2026-08-29 00:00:00","sg_app","exchange",3,"[PREMIUM]","1,2,3,4,5,6,7,8,9,10,11,12,13,14,15,16,17"
"EroUXnBl745","2026-07-20 23:53:43.257","2026-07-23 06:50:56.782","EroUXnBl745","17692753","[PREMIUM]","[PREMIUM]","[PREMIUM]","111","Section 111","12",4,"[]","2026-08-29 00:00:00","sg_app","exchange",2,"[PREMIUM]","1,2,3,4"
"EroUXnBeN7E","2026-07-20 23:53:43.257","2026-07-20 23:53:43.257","EroUXnBeN7E","17692753","[PREMIUM]","[PREMIUM]","[PREMIUM]","151","Section 151","8",3,"[]","2026-08-29 00:00:00","sg_app","exchange",1,"[PREMIUM]","1,2,3"
"EroUXnBb9PE","2026-07-20 23:53:43.257","2026-07-23 06:50:56.782","EroUXnBb9PE","17692753","[PREMIUM]","[PREMIUM]","[PREMIUM]","320","Section 320","9",2,"[]","2026-08-29 00:00:00","sg_app","exchange",2,"[PREMIUM]","2"
"EroUXnBlaKB","2026-07-20 23:53:43.257","2026-07-23 06:50:56.782","EroUXnBlaKB","17692753","[PREMIUM]","[PREMIUM]","[PREMIUM]","38","Dugout Reserved 38","4",2,"[]","2026-08-29 00:00:00","sg_app","exchange",2,"[PREMIUM]","2"
"GAaI62A4zdZ","2026-07-20 23:53:43.257","2026-07-23 06:50:56.782","GAaI62A4zdZ","17692753","[PREMIUM]","[PREMIUM]","[PREMIUM]","241","Section 241","14",14,"[]","2026-08-29 00:00:00","sg_app","exchange",2,"[PREMIUM]","1,2,3,4,5,6,7,8,9,10,11,12,13,14"
"GAaI62Apjqd","2026-07-20 23:53:43.257","2026-07-23 06:50:56.782","GAaI62Apjqd","17692753","[PREMIUM]","[PREMIUM]","[PREMIUM]","137","Section 137","12",5,"[]","2026-08-29 00:00:00","sg_app","exchange",2,"[PREMIUM]","1,2,3,4,5"
"GAaI62Apjm7","2026-07-20 23:53:43.257","2026-07-23 06:50:56.782","GAaI62Apjm7","17692753","[PREMIUM]","[PREMIUM]","[PREMIUM]","141","Section 141","11",10,"[]","2026-08-29 00:00:00","sg_app","exchange",2,"[PREMIUM]","1,2,3,4,5,6,7,8,9,10"
"GAaI62ApMmv","2026-07-20 23:53:43.257","2026-07-23 06:50:56.782","GAaI62ApMmv","17692753","[PREMIUM]","[PREMIUM]","[PREMIUM]","217","Section 217","11",16,"[]","2026-08-29 00:00:00","sg_app","exchange",3,"[PREMIUM]","1,2,3,4,5,6,7,8,9,10,11,12,13,14,15,16"
"GAaI62ApMZM","2026-07-20 23:53:43.257","2026-07-23 06:50:56.782","GAaI62ApMZM","17692753","[PREMIUM]","[PREMIUM]","[PREMIUM]","233","Section 233","7",2,"[]","2026-08-29 00:00:00","sg_app","exchange",2,"[PREMIUM]","2"
"GAaI62Aa2na","2026-07-20 23:53:43.257","2026-08-04 14:15:19.052","GAaI62Aa2na","17692753","[PREMIUM]","[PREMIUM]","[PREMIUM]","227","Xfinity Club 227","3",1,"['5']","2026-03-26 00:00:00","sg_app","exchange",0,"[PREMIUM]","1"
"JABI39o5nzb","2026-07-20 23:53:43.257","2026-07-23 06:50:56.782","JABI39o5nzb","17692753","[PREMIUM]","[PREMIUM]","[PREMIUM]","138","Section 138","18",2,"[]","2026-08-29 00:00:00","sg_app","exchange",3,"[PREMIUM]","2"
"JABI39o5nA2","2026-07-20 23:53:43.257","2026-07-23 06:50:56.782","JABI39o5nA2","17692753","[PREMIUM]","[PREMIUM]","[PREMIUM]","39","Dugout Reserved 39","7",3,"[]","2026-08-29 00:00:00","sg_app","exchange",2,"[PREMIUM]","1,2,3"
"JABI39olKbA","2026-07-20 23:53:43.257","2026-07-23 06:50:56.782","JABI39olKbA","17692753","[PREMIUM]","[PREMIUM]","[PREMIUM]","238","Section 238","5",18,"[]","2026-08-29 00:00:00","sg_app","exchange",3,"[PREMIUM]","1,2,3,4,5,6,7,8,9,10,11,12,13,14,15,16,17,18"
"JABI39ol07G","2026-07-20 23:53:43.257","2026-07-23 06:50:56.782","JABI39ol07G","17692753","[PREMIUM]","[PREMIUM]","[PREMIUM]","143","Section 143","12",18,"[]","2026-08-29 00:00:00","sg_app","exchange",3,"[PREMIUM]","1,2,3,4,5,6,7,8,9,10,11,12,13,14,15,16,17,18"
"JABI39ol0AB","2026-07-20 23:53:43.257","2026-07-23 06:50:56.782","JABI39ol0AB","17692753","[PREMIUM]","[PREMIUM]","[PREMIUM]","324","Section 324","4",2,"[]","2026-08-29 00:00:00","sg_app","exchange",1,"[PREMIUM]","2"
"JABI39ol0Av","2026-07-20 23:53:43.257","2026-07-23 06:50:56.782","JABI39ol0Av","17692753","[PREMIUM]","[PREMIUM]","[PREMIUM]","149","Section 149","4",10,"[]","2026-08-29 00:00:00","sg_app","exchange",3,"[PREMIUM]","1,2,3,4,5,6,7,8,9,10"
"JABI39ol0Gv","2026-07-20 23:53:43.257","2026-07-23 06:50:56.782","JABI39ol0Gv","17692753","[PREMIUM]","[PREMIUM]","[PREMIUM]","39","Dugout Reserved 39","4",2,"[]","2026-08-29 00:00:00","sg_app","exchange",2,"[PREMIUM]","2"
"JABI39ol0bR","2026-07-20 23:53:43.257","2026-07-23 06:50:56.782","JABI39ol0bR","17692753","[PREMIUM]","[PREMIUM]","[PREMIUM]","233","Section 233","7",10,"[]","2026-08-29 00:00:00","sg_app","exchange",2,"[PREMIUM]","1,2,3,4,5,6,7,8,9,10"
"Kezcz6L5Ekj","2026-07-20 23:53:43.257","2026-07-23 06:50:56.782","Kezcz6L5Ekj","17692753","[PREMIUM]","[PREMIUM]","[PREMIUM]","241","Section 241","15",16,"[]","2026-08-29 00:00:00","sg_app","exchange",2,"[PREMIUM]","1,2,3,4,5,6,7,8,9,10,11,12,13,14,15,16"
"Kezcz6L54Om","2026-07-20 23:53:43.257","2026-07-23 06:50:56.782","Kezcz6L54Om","17692753","[PREMIUM]","[PREMIUM]","[PREMIUM]","113","Section 113","17",8,"[]","2026-08-29 00:00:00","sg_app","exchange",4,"[PREMIUM]","1,2,3,4,5,6,7,8"
"Kezcz6LK0mj","2026-07-20 23:53:43.257","2026-07-22 00:18:03.340","Kezcz6LK0mj","17692753","[PREMIUM]","[PREMIUM]","[PREMIUM]","315","Section 315","10",12,"[]","2026-08-29 00:00:00","sg_app","exchange",2,"[PREMIUM]","1,2,3,4,5,6,7,8,9,10,11,12"
"Kezcz6L52lY","2026-07-20 23:53:43.257","2026-07-23 06:50:56.782","Kezcz6L52lY","17692753","[PREMIUM]","[PREMIUM]","[PREMIUM]","235","Section 235","12",12,"[]","2026-08-29 00:00:00","sg_app","exchange",3,"[PREMIUM]","1,2,3,4,5,6,7,8,9,10,11,12"
"Kezcz6L52vr","2026-07-20 23:53:43.257","2026-07-23 06:50:56.782","Kezcz6L52vr","17692753","[PREMIUM]","[PREMIUM]","[PREMIUM]","11","Dugout Corner 11","6",4,"[]","2026-08-29 00:00:00","sg_app","exchange",2,"[PREMIUM]","1,2,3,4"
"Kezcz6L5ED3","2026-07-20 23:53:43.257","2026-07-23 06:50:56.782","Kezcz6L5ED3","17692753","[PREMIUM]","[PREMIUM]","[PREMIUM]","239","Section 239","9",2,"[]","2026-08-29 00:00:00","sg_app","exchange",2,"[PREMIUM]","2"
"Kezcz6LrmOl","2026-07-20 23:53:43.257","2026-07-23 06:50:56.782","Kezcz6LrmOl","17692753","[PREMIUM]","[PREMIUM]","[PREMIUM]","112","Section 112","12",3,"[]","2026-08-29 00:00:00","sg_app","exchange",2,"[PREMIUM]","1,2,3"
"Kezcz6LrmNl","2026-07-20 23:53:43.257","2026-07-23 06:50:56.782","Kezcz6LrmNl","17692753","[PREMIUM]","[PREMIUM]","[PREMIUM]","138","Section 138","6",3,"[]","2026-08-29 00:00:00","sg_app","exchange",2,"[PREMIUM]","1,2,3"
"Kezcz6Lnd5w","2026-07-20 23:53:43.257","2026-07-20 23:53:43.257","Kezcz6Lnd5w","17692753","[PREMIUM]","[PREMIUM]","[PREMIUM]","GA","GA Seating","GA",10,"['7001','7002','7003','7004','7005','7006','7007','7008','7009','7010']","2026-08-29 00:00:00","sg_app","exchange",0,"[PREMIUM]","1,2,3,4,5,6,7,8,9,10"
"Kezcz6LnPB2","2026-07-20 23:53:43.257","2026-08-04 14:15:19.052","Kezcz6LnPB2","17692753","[PREMIUM]","[PREMIUM]","[PREMIUM]","13","Dugout Reserved 13","7",11,"[]","2026-08-29 00:00:00","sg_app","exchange",5,"[PREMIUM]","1,2,3,4,5,6,7,8,9,10,11"
"LbviLEavpEM","2026-07-20 23:53:43.257","2026-07-23 06:50:56.782","LbviLEavpEM","17692753","[PREMIUM]","[PREMIUM]","[PREMIUM]","135","Section 135","12",15,"[]","2026-08-29 00:00:00","sg_app","exchange",4,"[PREMIUM]","1,2,3,4,5,6,7,8,9,10,11,12,13,14,15"
"LbviLEav3RR","2026-07-20 23:53:43.257","2026-07-23 06:50:56.782","LbviLEav3RR","17692753","[PREMIUM]","[PREMIUM]","[PREMIUM]","318","Section 318","6",8,"[]","2026-08-29 00:00:00","sg_app","exchange",2,"[PREMIUM]","1,2,3,4,5,6,7,8"
"LbviLEav9Rp","2026-07-20 23:53:43.257","2026-07-23 06:50:56.782","LbviLEav9Rp","17692753","[PREMIUM]","[PREMIUM]","[PREMIUM]","10","Dugout Corner 10","14",4,"[]","2026-08-29 00:00:00","sg_app","exchange",2,"[PREMIUM]","1,2,3,4"
"LbviLEav9kb","2026-07-20 23:53:43.257","2026-07-23 06:50:56.782","LbviLEav9kb","17692753","[PREMIUM]","[PREMIUM]","[PREMIUM]","318","Section 318","9",4,"[]","2026-08-29 00:00:00","sg_app","exchange",2,"[PREMIUM]","1,2,3,4"
"LbviLEav9kk","2026-07-20 23:53:43.257","2026-07-23 06:50:56.782","LbviLEav9kk","17692753","[PREMIUM]","[PREMIUM]","[PREMIUM]","243","Section 243","13",24,"[]","2026-08-29 00:00:00","sg_app","exchange",2,"[PREMIUM]","1,2,3,4,5,6,7,8,9,10,11,12,13,14,15,16,17,18,19,20,21,22,23,24"
"LbviLEaXjxJ","2026-07-20 23:53:43.257","2026-07-23 06:50:56.782","LbviLEaXjxJ","17692753","[PREMIUM]","[PREMIUM]","[PREMIUM]","137","Section 137","20",10,"[]","2026-08-29 00:00:00","sg_app","exchange",3,"[PREMIUM]","1,2,3,4,5,6,7,8,9,10"
"LbviLEaXjnz","2026-07-20 23:53:43.257","2026-07-23 06:50:56.782","LbviLEaXjnz","17692753","[PREMIUM]","[PREMIUM]","[PREMIUM]","320","Section 320","6",2,"[]","2026-08-29 00:00:00","sg_app","exchange",1,"[PREMIUM]","2"
"LbviLEaXjnN","2026-07-20 23:53:43.257","2026-07-23 06:50:56.782","LbviLEaXjnN","17692753","[PREMIUM]","[PREMIUM]","[PREMIUM]","322","Section 322","3",2,"[]","2026-08-29 00:00:00","sg_app","exchange",1,"[PREMIUM]","2"
"LbviLEaXjNr","2026-07-20 23:53:43.257","2026-07-23 06:50:56.782","LbviLEaXjNr","17692753","[PREMIUM]","[PREMIUM]","[PREMIUM]","36","Dugout Reserved 36","9",2,"[]","2026-08-29 00:00:00","sg_app","exchange",2,"[PREMIUM]","2"
"LbviLEaXj7N","2026-07-20 23:53:43.257","2026-07-23 06:50:56.782","LbviLEaXj7N","17692753","[PREMIUM]","[PREMIUM]","[PREMIUM]","138","Section 138","13",2,"[]","2026-08-29 00:00:00","sg_app","exchange",3,"[PREMIUM]","2"
"LbviLEavp88","2026-07-20 23:53:43.257","2026-07-23 06:50:56.782","LbviLEavp88","17692753","[PREMIUM]","[PREMIUM]","[PREMIUM]","150","Section 150","8",10,"[]","2026-08-29 00:00:00","sg_app","exchange",3,"[PREMIUM]","1,2,3,4,5,6,7,8,9,10"
"MAeIPlDBjqE","2026-07-20 23:53:43.257","2026-07-23 06:50:56.782","MAeIPlDBjqE","17692753","[PREMIUM]","[PREMIUM]","[PREMIUM]","148","Section 148","19",2,"[]","2026-08-29 00:00:00","sg_app","exchange",3,"[PREMIUM]","2"
"MAeIPlDamxX","2026-07-20 23:53:43.257","2026-07-23 06:50:56.782","MAeIPlDamxX","17692753","[PREMIUM]","[PREMIUM]","[PREMIUM]","214","Section 214","15",5,"[]","2026-08-29 00:00:00","sg_app","exchange",2,"[PREMIUM]","1,2,3,4,5"
"MAeIPlDarox","2026-07-20 23:53:43.257","2026-07-23 06:50:56.782","MAeIPlDarox","17692753","[PREMIUM]","[PREMIUM]","[PREMIUM]","133","Section 133","7",2,"[]","2026-08-29 00:00:00","sg_app","exchange",3,"[PREMIUM]","2"
"MAeIPlDarvx","2026-07-20 23:53:43.257","2026-07-23 06:50:56.782","MAeIPlDarvx","17692753","[PREMIUM]","[PREMIUM]","[PREMIUM]","138","Section 138","13",6,"[]","2026-08-29 00:00:00","sg_app","exchange",3,"[PREMIUM]","1,2,3,4,5,6"
"MAeIPlDaJpz","2026-07-20 23:53:43.257","2026-07-23 06:50:56.782","MAeIPlDaJpz","17692753","[PREMIUM]","[PREMIUM]","[PREMIUM]","110","Section 110","19",4,"[]","2026-08-29 00:00:00","sg_app","exchange",2,"[PREMIUM]","1,2,3,4"
"MAeIPlDaJ7z","2026-07-20 23:53:43.257","2026-07-23 06:50:56.782","MAeIPlDaJ7z","17692753","[PREMIUM]","[PREMIUM]","[PREMIUM]","36","Dugout Reserved 36","13",4,"[]","2026-08-29 00:00:00","sg_app","exchange",2,"[PREMIUM]","1,2,3,4"
"NrqUv4KadXL","2026-07-20 23:53:43.257","2026-07-23 06:50:56.782","NrqUv4KadXL","17692753","[PREMIUM]","[PREMIUM]","[PREMIUM]","320","Section 320","8",5,"[]","2026-08-29 00:00:00","sg_app","exchange",1,"[PREMIUM]","1,2,3,4,5"
"NrqUv4Ka9zb","2026-07-20 23:53:43.257","2026-07-23 06:50:56.782","NrqUv4Ka9zb","17692753","[PREMIUM]","[PREMIUM]","[PREMIUM]","42","Dugout Corner 42","11",10,"[]","2026-08-29 00:00:00","sg_app","exchange",2,"[PREMIUM]","1,2,3,4,5,6,7,8,9,10"
"NrqUv4Ka9X5","2026-07-20 23:53:43.257","2026-07-23 06:50:56.782","NrqUv4Ka9X5","17692753","[PREMIUM]","[PREMIUM]","[PREMIUM]","38","Dugout Reserved 38","13",4,"[]","2026-08-29 00:00:00","sg_app","exchange",2,"[PREMIUM]","1,2,3,4"
"NrqUv4KJPrJ","2026-07-20 23:53:43.257","2026-07-23 06:50:56.782","NrqUv4KJPrJ","17692753","[PREMIUM]","[PREMIUM]","[PREMIUM]","148","Section 148","7",2,"[]","2026-08-29 00:00:00","sg_app","exchange",4,"[PREMIUM]","2"
"O7Ahwrqknp5","2026-07-20 23:53:43.257","2026-07-23 06:50:56.782","O7Ahwrqknp5","17692753","[PREMIUM]","[PREMIUM]","[PREMIUM]","111","Section 111","13",3,"[]","2026-08-29 00:00:00","sg_app","exchange",2,"[PREMIUM]","1,2,3"
"O7Ahwrqg6jj","2026-07-20 23:53:43.257","2026-07-23 06:50:56.782","O7Ahwrqg6jj","17692753","[PREMIUM]","[PREMIUM]","[PREMIUM]","113","Section 113","11",4,"[]","2026-08-29 00:00:00","sg_app","exchange",3,"[PREMIUM]","1,2,3,4"
"O7AhwrqgVBe","2026-07-20 23:53:43.257","2026-07-23 06:50:56.782","O7AhwrqgVBe","17692753","[PREMIUM]","[PREMIUM]","[PREMIUM]","241","Section 241","5",13,"[]","2026-08-29 00:00:00","sg_app","exchange",2,"[PREMIUM]","1,2,3,4,5,6,7,8,9,10,11,12,13"
"PX0sgLbX5mA","2026-07-20 23:53:43.257","2026-07-23 06:50:56.782","PX0sgLbX5mA","17692753","[PREMIUM]","[PREMIUM]","[PREMIUM]","233","Section 233","8",2,"[]","2026-08-29 00:00:00","sg_app","exchange",2,"[PREMIUM]","2"
"PX0sgLbX5DA","2026-07-20 23:53:43.257","2026-07-23 06:50:56.782","PX0sgLbX5DA","17692753","[PREMIUM]","[PREMIUM]","[PREMIUM]","113","Section 113","13",2,"[]","2026-08-29 00:00:00","sg_app","exchange",4,"[PREMIUM]","2"
"PX0sgLbX503","2026-07-20 23:53:43.257","2026-07-23 06:50:56.782","PX0sgLbX503","17692753","[PREMIUM]","[PREMIUM]","[PREMIUM]","216","Section 216","6",13,"[]","2026-08-29 00:00:00","sg_app","exchange",3,"[PREMIUM]","1,2,3,4,5,6,7,8,9,10,11,12,13"
"PX0sgLboEkx","2026-07-20 23:53:43.257","2026-07-23 06:50:56.782","PX0sgLboEkx","17692753","[PREMIUM]","[PREMIUM]","[PREMIUM]","347","Section 347","12",19,"[]","2026-08-29 00:00:00","sg_app","exchange",5,"[PREMIUM]","1,2,3,4,5,6,7,8,9,10,11,12,13,14,15,16,17,18,19"
"PX0sgLboE0l","2026-07-20 23:53:43.257","2026-07-23 06:50:56.782","PX0sgLboE0l","17692753","[PREMIUM]","[PREMIUM]","[PREMIUM]","151","Section 151","16",16,"[]","2026-08-29 00:00:00","sg_app","exchange",2,"[PREMIUM]","1,2,3,4,5,6,7,8,9,10,11,12,13,14,15,16"
"PX0sgLbo6OK","2026-07-20 23:53:43.257","2026-07-23 06:50:56.782","PX0sgLbo6OK","17692753","[PREMIUM]","[PREMIUM]","[PREMIUM]","38","Dugout Reserved 38","8",4,"[]","2026-08-29 00:00:00","sg_app","exchange",2,"[PREMIUM]","1,2,3,4"
"PX0sgLbo6BP","2026-07-20 23:53:43.257","2026-07-23 06:50:56.782","PX0sgLbo6BP","17692753","[PREMIUM]","[PREMIUM]","[PREMIUM]","10","Dugout Corner 10","15",2,"[]","2026-08-29 00:00:00","sg_app","exchange",2,"[PREMIUM]","2"
"O7Ahwrq5Pd6","2026-07-20 23:53:43.257","2026-08-04 14:15:19.052","O7Ahwrq5Pd6","17692753","[PREMIUM]","[PREMIUM]","[PREMIUM]","112","Section 112","20",2,"[]","2026-08-29 00:00:00","sg_app","exchange",4,"[PREMIUM]","2"
"ROXHzwXPJ7j","2026-07-20 23:53:43.257","2026-07-22 00:18:03.340","ROXHzwXPJ7j","17692753","[PREMIUM]","[PREMIUM]","[PREMIUM]","112","Section 112","7",2,"[]","2026-08-29 00:00:00","sg_app","exchange",0,"[PREMIUM]","2"
"ROXHzwXZR0N","2026-07-20 23:53:43.257","2026-07-23 06:50:56.782","ROXHzwXZR0N","17692753","[PREMIUM]","[PREMIUM]","[PREMIUM]","144","Section 144","22",2,"[]","2026-08-29 00:00:00","sg_app","exchange",2,"[PREMIUM]","2"
"ROXHzwXZRDN","2026-07-20 23:53:43.257","2026-07-23 06:50:56.782","ROXHzwXZRDN","17692753","[PREMIUM]","[PREMIUM]","[PREMIUM]","143","Section 143","13",19,"[]","2026-08-29 00:00:00","sg_app","exchange",3,"[PREMIUM]","1,2,3,4,5,6,7,8,9,10,11,12,13,14,15,16,17,18,19"
"ROXHzwXPJKn","2026-07-20 23:53:43.257","2026-07-23 06:50:56.782","ROXHzwXPJKn","17692753","[PREMIUM]","[PREMIUM]","[PREMIUM]","148","Section 148","8",5,"[]","2026-08-29 00:00:00","sg_app","exchange",4,"[PREMIUM]","1,2,3,4,5"
"V4KU0MKbE9P","2026-07-20 23:53:43.257","2026-07-23 06:50:56.782","V4KU0MKbE9P","17692753","[PREMIUM]","[PREMIUM]","[PREMIUM]","147","Section 147","19",4,"[]","2026-08-29 00:00:00","sg_app","exchange",3,"[PREMIUM]","1,2,3,4"
"V4KU0MKbdgM","2026-07-20 23:53:43.257","2026-07-23 06:50:56.782","V4KU0MKbdgM","17692753","[PREMIUM]","[PREMIUM]","[PREMIUM]","151","Section 151","3",10,"[]","2026-08-29 00:00:00","sg_app","exchange",2,"[PREMIUM]","1,2,3,4,5,6,7,8,9,10"
"V4KU0MKmvgD","2026-07-20 23:53:43.257","2026-07-23 06:50:56.782","V4KU0MKmvgD","17692753","[PREMIUM]","[PREMIUM]","[PREMIUM]","145","Section 145","17",2,"[]","2026-08-29 00:00:00","sg_app","exchange",2,"[PREMIUM]","2"
"V4KU0MKbwol","2026-07-20 23:53:43.257","2026-07-23 06:50:56.782","V4KU0MKbwol","17692753","[PREMIUM]","[PREMIUM]","[PREMIUM]","10","Dugout Corner 10","15",5,"[]","2026-08-29 00:00:00","sg_app","exchange",2,"[PREMIUM]","1,2,3,4,5"
"X03tKj36m8j","2026-07-20 23:53:43.257","2026-07-23 06:50:56.782","X03tKj36m8j","17692753","[PREMIUM]","[PREMIUM]","[PREMIUM]","151","Section 151","6",2,"[]","2026-08-29 00:00:00","sg_app","exchange",2,"[PREMIUM]","2"
"X03tKj3OdDP","2026-07-20 23:53:43.257","2026-07-23 06:50:56.782","X03tKj3OdDP","17692753","[PREMIUM]","[PREMIUM]","[PREMIUM]","146","Section 146","7",2,"[]","2026-08-29 00:00:00","sg_app","exchange",4,"[PREMIUM]","2"
"X03tKj36N4a","2026-07-20 23:53:43.257","2026-07-23 06:50:56.782","X03tKj36N4a","17692753","[PREMIUM]","[PREMIUM]","[PREMIUM]","111","Section 111","16",12,"[]","2026-08-29 00:00:00","sg_app","exchange",2,"[PREMIUM]","1,2,3,4,5,6,7,8,9,10,11,12"
"X03tKj36g3e","2026-07-20 23:53:43.257","2026-07-23 06:50:56.782","X03tKj36g3e","17692753","[PREMIUM]","[PREMIUM]","[PREMIUM]","147","Section 147","9",4,"[]","2026-08-29 00:00:00","sg_app","exchange",4,"[PREMIUM]","1,2,3,4"
"V4KU0MKkrAR","2026-07-20 23:53:43.257","2026-08-04 14:15:19.052","V4KU0MKkrAR","17692753","[PREMIUM]","[PREMIUM]","[PREMIUM]","124","Delta Executive Club 124","5",4,"[]","2026-08-29 00:00:00","electronic","exchange",1,"[PREMIUM]","2,4"
"YgJtk6JxdK4","2026-07-20 23:53:43.257","2026-07-23 06:50:56.782","YgJtk6JxdK4","17692753","[PREMIUM]","[PREMIUM]","[PREMIUM]","13","Dugout Reserved 13","7",11,"[]","2026-08-29 00:00:00","sg_app","exchange",2,"[PREMIUM]","1,2,3,4,5,6,7,8,9,10,11"
"YgJtk6JqNE8","2026-07-20 23:53:43.257","2026-07-23 06:50:56.782","YgJtk6JqNE8","17692753","[PREMIUM]","[PREMIUM]","[PREMIUM]","113","Section 113","14",2,"[]","2026-08-29 00:00:00","sg_app","exchange",4,"[PREMIUM]","2"
"YgJtk6JqNw8","2026-07-20 23:53:43.257","2026-07-23 06:50:56.782","YgJtk6JqNw8","17692753","[PREMIUM]","[PREMIUM]","[PREMIUM]","233","Section 233","13",2,"[]","2026-08-29 00:00:00","sg_app","exchange",3,"[PREMIUM]","2"
"YgJtk6J8K5N","2026-07-20 23:53:43.257","2026-07-20 23:53:43.257","YgJtk6J8K5N","17692753","[PREMIUM]","[PREMIUM]","[PREMIUM]","114","Section 114","12",2,"[]","2026-08-29 00:00:00","sg_app","exchange",1,"[PREMIUM]","2"
"YgJtk6J8KzX","2026-07-20 23:53:43.257","2026-07-23 06:50:56.782","YgJtk6J8KzX","17692753","[PREMIUM]","[PREMIUM]","[PREMIUM]","40","Dugout Corner 40","8",8,"[]","2026-08-29 00:00:00","sg_app","exchange",2,"[PREMIUM]","1,2,3,4,5,6,7,8"
"YgJtk6J8KlX","2026-07-20 23:53:43.257","2026-07-23 06:50:56.782","YgJtk6J8KlX","17692753","[PREMIUM]","[PREMIUM]","[PREMIUM]","148","Section 148","8",6,"[]","2026-08-29 00:00:00","sg_app","exchange",4,"[PREMIUM]","1,2,3,4,5,6"
"YgJtk6J8Kdb","2026-07-20 23:53:43.257","2026-07-23 06:50:56.782","YgJtk6J8Kdb","17692753","[PREMIUM]","[PREMIUM]","[PREMIUM]","237","Section 237","12",22,"[]","2026-08-29 00:00:00","sg_app","exchange",3,"[PREMIUM]","1,2,3,4,5,6,7,8,9,10,11,12,13,14,15,16,17,18,19,20,21,22"
"YgJtk6J8KXN","2026-07-20 23:53:43.257","2026-07-23 06:50:56.782","YgJtk6J8KXN","17692753","[PREMIUM]","[PREMIUM]","[PREMIUM]","141","Section 141","14",4,"[]","2026-08-29 00:00:00","sg_app","exchange",2,"[PREMIUM]","1,2,3,4"
"Zm9hvw9APD0","2026-07-20 23:53:43.257","2026-07-23 06:50:56.782","Zm9hvw9APD0","17692753","[PREMIUM]","[PREMIUM]","[PREMIUM]","242","Section 242","11",24,"[]","2026-08-29 00:00:00","sg_app","exchange",2,"[PREMIUM]","1,2,3,4,5,6,7,8,9,10,11,12,13,14,15,16,17,18,19,20,21,22,23,24"
"Zm9hvw96epN","2026-07-20 23:53:43.257","2026-07-23 06:50:56.782","Zm9hvw96epN","17692753","[PREMIUM]","[PREMIUM]","[PREMIUM]","135","Section 135","8",4,"[]","2026-08-29 00:00:00","sg_app","exchange",3,"[PREMIUM]","1,2,3,4"
"Zm9hvw96eOK","2026-07-20 23:53:43.257","2026-07-23 06:50:56.782","Zm9hvw96eOK","17692753","[PREMIUM]","[PREMIUM]","[PREMIUM]","113","Section 113","14",2,"[]","2026-08-29 00:00:00","sg_app","exchange",4,"[PREMIUM]","2"
"Zm9hvw96eNK","2026-07-20 23:53:43.257","2026-07-23 06:50:56.782","Zm9hvw96eNK","17692753","[PREMIUM]","[PREMIUM]","[PREMIUM]","112","Section 112","6",2,"[]","2026-08-29 00:00:00","sg_app","exchange",1,"[PREMIUM]","2"
"Zm9hvw9l4nV","2026-07-20 23:53:43.257","2026-08-04 14:15:19.052","Zm9hvw9l4nV","17692753","[PREMIUM]","[PREMIUM]","[PREMIUM]","340","Section 340","10",4,"[]","2026-08-29 00:00:00","sg_app","exchange",3,"[PREMIUM]","1,2,3,4"
"agktlDNkArL","2026-07-20 23:53:43.257","2026-07-23 06:50:56.782","agktlDNkArL","17692753","[PREMIUM]","[PREMIUM]","[PREMIUM]","13","Dugout Reserved 13","13",6,"[]","2026-08-29 00:00:00","sg_app","exchange",3,"[PREMIUM]","1,2,3,4,5,6"
"agktlDNEXgv","2026-07-20 23:53:43.257","2026-07-23 06:50:56.782","agktlDNEXgv","17692753","[PREMIUM]","[PREMIUM]","[PREMIUM]","345","Section 345","5",24,"[]","2026-08-29 00:00:00","sg_app","exchange",5,"[PREMIUM]","1,2,3,4,5,6,7,8,9,10,11,12,13,14,15,16,17,18,19,20,21,22,23,24"
"agktlDNq9q2","2026-07-20 23:53:43.257","2026-07-28 10:15:18.574","agktlDNq9q2","17692753","[PREMIUM]","[PREMIUM]","[PREMIUM]","118","Section 118","7",4,"[]","2026-08-29 00:00:00","electronic","exchange",2,"[PREMIUM]","2,4"
"agktlDNk7bP","2026-07-20 23:53:43.257","2026-07-23 06:50:56.782","agktlDNk7bP","17692753","[PREMIUM]","[PREMIUM]","[PREMIUM]","138","Section 138","14",7,"[]","2026-08-29 00:00:00","sg_app","exchange",3,"[PREMIUM]","1,2,3,4,5,6,7"
"agktlDNkA5o","2026-07-20 23:53:43.257","2026-07-23 06:50:56.782","agktlDNkA5o","17692753","[PREMIUM]","[PREMIUM]","[PREMIUM]","146","Section 146","18",6,"[]","2026-08-29 00:00:00","sg_app","exchange",3,"[PREMIUM]","1,2,3,4,5,6"
"agktlDNkARL","2026-07-20 23:53:43.257","2026-07-23 06:50:56.782","agktlDNkARL","17692753","[PREMIUM]","[PREMIUM]","[PREMIUM]","241","Section 241","16",17,"[]","2026-08-29 00:00:00","sg_app","exchange",2,"[PREMIUM]","1,2,3,4,5,6,7,8,9,10,11,12,13,14,15,16,17"
"b4wUaG9w0eY","2026-07-20 23:53:43.257","2026-07-23 06:50:56.782","b4wUaG9w0eY","17692753","[PREMIUM]","[PREMIUM]","[PREMIUM]","233","Section 233","13",4,"[]","2026-08-29 00:00:00","sg_app","exchange",3,"[PREMIUM]","1,2,3,4"
"b4wUaG9wvpx","2026-07-20 23:53:43.257","2026-07-23 06:50:56.782","b4wUaG9wvpx","17692753","[PREMIUM]","[PREMIUM]","[PREMIUM]","10","Dugout Corner 10","15",3,"[]","2026-08-29 00:00:00","sg_app","exchange",2,"[PREMIUM]","1,2,3"
"b4wUaG9wvzx","2026-07-20 23:53:43.257","2026-07-23 06:50:56.782","b4wUaG9wvzx","17692753","[PREMIUM]","[PREMIUM]","[PREMIUM]","110","Section 110","14",3,"[]","2026-08-29 00:00:00","sg_app","exchange",2,"[PREMIUM]","1,2,3"
"b4wUaG9Y6lZ","2026-07-20 23:53:43.257","2026-07-23 06:50:56.782","b4wUaG9Y6lZ","17692753","[PREMIUM]","[PREMIUM]","[PREMIUM]","14","Dugout Reserved 14","7",2,"[]","2026-08-29 00:00:00","sg_app","exchange",2,"[PREMIUM]","2"
"b4wUaG9RnEZ","2026-07-20 23:53:43.257","2026-07-23 06:50:56.782","b4wUaG9RnEZ","17692753","[PREMIUM]","[PREMIUM]","[PREMIUM]","141","Section 141","14",9,"[]","2026-08-29 00:00:00","sg_app","exchange",2,"[PREMIUM]","1,2,3,4,5,6,7,8,9"
"b4wUaG9w0pM","2026-07-20 23:53:43.257","2026-07-23 06:50:56.782","b4wUaG9w0pM","17692753","[PREMIUM]","[PREMIUM]","[PREMIUM]","318","Section 318","4",10,"[]","2026-08-29 00:00:00","sg_app","exchange",2,"[PREMIUM]","1,2,3,4,5,6,7,8,9,10"
"b4wUaG9w0lR","2026-07-20 23:53:43.257","2026-07-22 00:18:03.340","b4wUaG9w0lR","17692753","[PREMIUM]","[PREMIUM]","[PREMIUM]","216","Section 216","16",2,"[]","2026-08-29 00:00:00","sg_app","exchange",2,"[PREMIUM]","2"
"b4wUaG9Rn4Z","2026-07-20 23:53:43.257","2026-07-22 00:18:03.340","b4wUaG9Rn4Z","17692753","[PREMIUM]","[PREMIUM]","[PREMIUM]","327","Section 327","4",5,"[]","2026-08-29 00:00:00","sg_app","exchange",2,"[PREMIUM]","1,2,3,4,5"
"dNgUg67VNRG","2026-07-20 23:53:43.257","2026-07-23 06:50:56.782","dNgUg67VNRG","17692753","[PREMIUM]","[PREMIUM]","[PREMIUM]","112","Section 112","12",2,"[]","2026-08-29 00:00:00","sg_app","exchange",2,"[PREMIUM]","2"
"dNgUg67VNPM","2026-07-20 23:53:43.257","2026-07-23 06:50:56.782","dNgUg67VNPM","17692753","[PREMIUM]","[PREMIUM]","[PREMIUM]","38","Dugout Reserved 38","12",4,"[]","2026-08-29 00:00:00","sg_app","exchange",2,"[PREMIUM]","1,2,3,4"
"dNgUg67VN7J","2026-07-20 23:53:43.257","2026-07-23 06:50:56.782","dNgUg67VN7J","17692753","[PREMIUM]","[PREMIUM]","[PREMIUM]","114","Section 114","19",4,"[]","2026-08-29 00:00:00","sg_app","exchange",3,"[PREMIUM]","1,2,3,4"
"dNgUg67Zm4w","2026-07-20 23:53:43.257","2026-07-23 06:50:56.782","dNgUg67Zm4w","17692753","[PREMIUM]","[PREMIUM]","[PREMIUM]","142","Section 142","17",18,"[]","2026-08-29 00:00:00","sg_app","exchange",3,"[PREMIUM]","1,2,3,4,5,6,7,8,9,10,11,12,13,14,15,16,17,18"
"dNgUg67VoD8","2026-07-20 23:53:43.257","2026-07-23 06:50:56.782","dNgUg67VoD8","17692753","[PREMIUM]","[PREMIUM]","[PREMIUM]","149","Section 149","13",8,"[]","2026-08-29 00:00:00","sg_app","exchange",2,"[PREMIUM]","1,2,3,4,5,6,7,8"
"dNgUg67ozep","2026-07-20 23:53:43.257","2026-08-04 14:15:19.052","dNgUg67ozep","17692753","[PREMIUM]","[PREMIUM]","[PREMIUM]","144","Section 144","21",5,"[]","2026-08-29 00:00:00","sg_app","exchange",2,"[PREMIUM]","1,2,3,4,5"
"eeacK2m7Xdn","2026-07-20 23:53:43.257","2026-07-23 06:50:56.782","eeacK2m7Xdn","17692753","[PREMIUM]","[PREMIUM]","[PREMIUM]","36","Dugout Reserved 36","12",2,"[]","2026-08-29 00:00:00","sg_app","exchange",2,"[PREMIUM]","2"
"eeacK2m7Xbn","2026-07-20 23:53:43.257","2026-07-23 06:50:56.782","eeacK2m7Xbn","17692753","[PREMIUM]","[PREMIUM]","[PREMIUM]","237","Section 237","13",22,"[]","2026-08-29 00:00:00","sg_app","exchange",3,"[PREMIUM]","1,2,3,4,5,6,7,8,9,10,11,12,13,14,15,16,17,18,19,20,21,22"
"eeacK2m7XBK","2026-07-20 23:53:43.257","2026-07-23 06:50:56.782","eeacK2m7XBK","17692753","[PREMIUM]","[PREMIUM]","[PREMIUM]","216","Section 216","11",7,"[]","2026-08-29 00:00:00","sg_app","exchange",3,"[PREMIUM]","1,2,3,4,5,6,7"
"eeacK2m7Px8","2026-07-20 23:53:43.257","2026-07-23 06:50:56.782","eeacK2m7Px8","17692753","[PREMIUM]","[PREMIUM]","[PREMIUM]","141","Section 141","13",20,"[]","2026-08-29 00:00:00","sg_app","exchange",2,"[PREMIUM]","1,2,3,4,5,6,7,8,9,10,11,12,13,14,15,16,17,18,19,20"
"eeacK2m7Pg8","2026-07-20 23:53:43.257","2026-07-23 06:50:56.782","eeacK2m7Pg8","17692753","[PREMIUM]","[PREMIUM]","[PREMIUM]","41","Dugout Corner 41","8",8,"[]","2026-08-29 00:00:00","electronic","exchange",2,"[PREMIUM]","1,2,3,4,5,6,7,8"
"eeacK2m56r3","2026-07-20 23:53:43.257","2026-07-23 06:50:56.782","eeacK2m56r3","17692753","[PREMIUM]","[PREMIUM]","[PREMIUM]","42","Dugout Corner 42","15",17,"[]","2026-08-29 00:00:00","sg_app","exchange",3,"[PREMIUM]","1,2,3,4,5,6,7,8,9,10,11,12,13,14,15,16,17"
"eeacK2m56GM","2026-07-20 23:53:43.257","2026-07-23 06:50:56.782","eeacK2m56GM","17692753","[PREMIUM]","[PREMIUM]","[PREMIUM]","114","Section 114","11",4,"[]","2026-08-29 00:00:00","sg_app","exchange",3,"[PREMIUM]","1,2,3,4"
"g48UrodaveB","2026-07-20 23:53:43.257","2026-07-23 06:50:56.782","g48UrodaveB","17692753","[PREMIUM]","[PREMIUM]","[PREMIUM]","37","Dugout Reserved 37","8",5,"[]","2026-08-29 00:00:00","sg_app","exchange",2,"[PREMIUM]","1,2,3,4,5"
"g48UrodGXj6","2026-07-20 23:53:43.257","2026-07-23 06:50:56.782","g48UrodGXj6","17692753","[PREMIUM]","[PREMIUM]","[PREMIUM]","148","Section 148","16",2,"[]","2026-08-29 00:00:00","sg_app","exchange",2,"[PREMIUM]","2"
"g48UrodaqME","2026-07-20 23:53:43.257","2026-07-23 06:50:56.782","g48UrodaqME","17692753","[PREMIUM]","[PREMIUM]","[PREMIUM]","144","Section 144","16",6,"[]","2026-08-29 00:00:00","sg_app","exchange",2,"[PREMIUM]","1,2,3,4,5,6"
"g48UrodaqRr","2026-07-20 23:53:43.257","2026-07-23 06:50:56.782","g48UrodaqRr","17692753","[PREMIUM]","[PREMIUM]","[PREMIUM]","149","Section 149","12",20,"[]","2026-08-29 00:00:00","sg_app","exchange",2,"[PREMIUM]","1,2,3,4,5,6,7,8,9,10,11,12,13,14,15,16,17,18,19,20"
"g48UrodaqeO","2026-07-20 23:53:43.257","2026-07-23 06:50:56.782","g48UrodaqeO","17692753","[PREMIUM]","[PREMIUM]","[PREMIUM]","110","Section 110","20",4,"[]","2026-08-29 00:00:00","sg_app","exchange",2,"[PREMIUM]","1,2,3,4"
"g48UrodavAo","2026-07-20 23:53:43.257","2026-07-23 06:50:56.782","g48UrodavAo","17692753","[PREMIUM]","[PREMIUM]","[PREMIUM]","216","Section 216","15",2,"[]","2026-08-29 00:00:00","sg_app","exchange",4,"[PREMIUM]","2"
"g48UrodavJB","2026-07-20 23:53:43.257","2026-07-23 06:50:56.782","g48UrodavJB","17692753","[PREMIUM]","[PREMIUM]","[PREMIUM]","40","Dugout Corner 40","9",8,"[]","2026-08-29 00:00:00","sg_app","exchange",2,"[PREMIUM]","1,2,3,4,5,6,7,8"
"g48Urodavpo","2026-07-20 23:53:43.257","2026-07-23 06:50:56.782","g48Urodavpo","17692753","[PREMIUM]","[PREMIUM]","[PREMIUM]","36","Dugout Reserved 36","8",2,"[]","2026-08-29 00:00:00","sg_app","exchange",2,"[PREMIUM]","2"
"jDvsz7q650o","2026-07-20 23:53:43.257","2026-07-23 06:50:56.782","jDvsz7q650o","17692753","[PREMIUM]","[PREMIUM]","[PREMIUM]","11","Dugout Corner 11","9",5,"[]","2026-08-29 00:00:00","sg_app","exchange",2,"[PREMIUM]","1,2,3,4,5"
"jDvsz7q6bVn","2026-07-20 23:53:43.257","2026-07-23 06:50:56.782","jDvsz7q6bVn","17692753","[PREMIUM]","[PREMIUM]","[PREMIUM]","241","Section 241","2",2,"[]","2026-08-29 00:00:00","sg_app","exchange",2,"[PREMIUM]","2"
"jDvsz7q65PB","2026-07-20 23:53:43.257","2026-07-23 06:50:56.782","jDvsz7q65PB","17692753","[PREMIUM]","[PREMIUM]","[PREMIUM]","113","Section 113","13",10,"[]","2026-08-29 00:00:00","sg_app","exchange",4,"[PREMIUM]","1,2,3,4,5,6,7,8,9,10"
"jDvsz7q65ZL","2026-07-20 23:53:43.257","2026-07-23 06:50:56.782","jDvsz7q65ZL","17692753","[PREMIUM]","[PREMIUM]","[PREMIUM]","239","Section 239","3",16,"[]","2026-08-29 00:00:00","sg_app","exchange",2,"[PREMIUM]","1,2,3,4,5,6,7,8,9,10,11,12,13,14,15,16"
"jDvsz7qEwGK","2026-07-20 23:53:43.257","2026-07-23 06:50:56.782","jDvsz7qEwGK","17692753","[PREMIUM]","[PREMIUM]","[PREMIUM]","324","Section 324","3",2,"[]","2026-08-29 00:00:00","sg_app","exchange",1,"[PREMIUM]","2"
"jDvsz7q6bBk","2026-07-20 23:53:43.257","2026-07-23 06:50:56.782","jDvsz7q6bBk","17692753","[PREMIUM]","[PREMIUM]","[PREMIUM]","142","Section 142","13",14,"[]","2026-08-29 00:00:00","sg_app","exchange",3,"[PREMIUM]","1,2,3,4,5,6,7,8,9,10,11,12,13,14"
"jDvsz7q65po","2026-07-20 23:53:43.257","2026-07-23 06:50:56.782","jDvsz7q65po","17692753","[PREMIUM]","[PREMIUM]","[PREMIUM]","37","Dugout Reserved 37","13",4,"[]","2026-08-29 00:00:00","sg_app","exchange",2,"[PREMIUM]","1,2,3,4"
"jDvsz7qEwdK","2026-07-20 23:53:43.257","2026-07-23 06:50:56.782","jDvsz7qEwdK","17692753","[PREMIUM]","[PREMIUM]","[PREMIUM]","113","Section 113","14",3,"[]","2026-08-29 00:00:00","sg_app","exchange",4,"[PREMIUM]","1,2,3"
"jDvsz7qEwVO","2026-07-20 23:53:43.257","2026-07-23 06:50:56.782","jDvsz7qEwVO","17692753","[PREMIUM]","[PREMIUM]","[PREMIUM]","14","Dugout Reserved 14","5",3,"[]","2026-08-29 00:00:00","sg_app","exchange",2,"[PREMIUM]","1,2,3"
"jDvsz7qg460","2026-07-20 23:53:43.257","2026-07-22 00:18:03.340","jDvsz7qg460","17692753","[PREMIUM]","[PREMIUM]","[PREMIUM]","324","Section 324","7",2,"[]","2026-08-29 00:00:00","sg_app","exchange",2,"[PREMIUM]","2"
"jDvsz7q6JMk","2026-07-20 23:53:43.257","2026-07-23 06:50:56.782","jDvsz7q6JMk","17692753","[PREMIUM]","[PREMIUM]","[PREMIUM]","150","Section 150","6",2,"[]","2026-08-29 00:00:00","sg_app","exchange",3,"[PREMIUM]","2"
"kYet94bxoO8","2026-07-20 23:53:43.257","2026-07-23 06:50:56.782","kYet94bxoO8","17692753","[PREMIUM]","[PREMIUM]","[PREMIUM]","36","Dugout Reserved 36","4",2,"[]","2026-08-29 00:00:00","sg_app","exchange",1,"[PREMIUM]","2"
"kYet94bxoz8","2026-07-20 23:53:43.257","2026-07-20 23:53:43.257","kYet94bxoz8","17692753","[PREMIUM]","[PREMIUM]","[PREMIUM]","217","Section 217","16",2,"[]","2026-08-29 00:00:00","sg_app","exchange",2,"[PREMIUM]","2"
"kYet94ba925","2026-07-20 23:53:43.257","2026-07-23 06:50:56.782","kYet94ba925","17692753","[PREMIUM]","[PREMIUM]","[PREMIUM]","141","Section 141","11",7,"[]","2026-08-29 00:00:00","sg_app","exchange",2,"[PREMIUM]","1,2,3,4,5,6,7"
"kYet94bLd8G","2026-07-20 23:53:43.257","2026-07-23 06:50:56.782","kYet94bLd8G","17692753","[PREMIUM]","[PREMIUM]","[PREMIUM]","11","Dugout Corner 11","4",3,"[]","2026-08-29 00:00:00","sg_app","exchange",2,"[PREMIUM]","1,2,3"
"kYet94bLd8a","2026-07-20 23:53:43.257","2026-07-23 06:50:56.782","kYet94bLd8a","17692753","[PREMIUM]","[PREMIUM]","[PREMIUM]","135","Section 135","5",4,"[]","2026-08-29 00:00:00","sg_app","exchange",3,"[PREMIUM]","1,2,3,4"
"kYet94bLdGG","2026-07-20 23:53:43.257","2026-07-23 06:50:56.782","kYet94bLdGG","17692753","[PREMIUM]","[PREMIUM]","[PREMIUM]","138","Section 138","14",2,"[]","2026-08-29 00:00:00","sg_app","exchange",3,"[PREMIUM]","2"
"kYet94bLdl3","2026-07-20 23:53:43.257","2026-07-23 06:50:56.782","kYet94bLdl3","17692753","[PREMIUM]","[PREMIUM]","[PREMIUM]","347","Section 347","13",20,"[]","2026-08-29 00:00:00","sg_app","exchange",5,"[PREMIUM]","1,2,3,4,5,6,7,8,9,10,11,12,13,14,15,16,17,18,19,20"
"kYet94bxvpP","2026-07-20 23:53:43.257","2026-07-23 06:50:56.782","kYet94bxvpP","17692753","[PREMIUM]","[PREMIUM]","[PREMIUM]","144","Section 144","21",5,"[]","2026-08-29 00:00:00","sg_app","exchange",2,"[PREMIUM]","1,2,3,4,5"
"kYet94bxYq5","2026-07-20 23:53:43.257","2026-07-31 14:46:49.521","kYet94bxYq5","17692753","[PREMIUM]","[PREMIUM]","[PREMIUM]","137","Section 137","20",4,"[]","2026-08-29 00:00:00","sg_app","exchange",5,"[PREMIUM]","1,2,3,4"
"kYet94bxe2E","2026-07-20 23:53:43.257","2026-07-22 00:18:03.340","kYet94bxe2E","17692753","[PREMIUM]","[PREMIUM]","[PREMIUM]","10","Dugout Corner 10","5",4,"[]","2026-08-29 00:00:00","sg_app","exchange",2,"[PREMIUM]","1,2,3,4"
"kYet94bxvDB","2026-07-20 23:53:43.257","2026-07-23 06:50:56.782","kYet94bxvDB","17692753","[PREMIUM]","[PREMIUM]","[PREMIUM]","142","Section 142","12",12,"[]","2026-08-29 00:00:00","sg_app","exchange",3,"[PREMIUM]","1,2,3,4,5,6,7,8,9,10,11,12"
"kYet94bxog8","2026-07-20 23:53:43.257","2026-07-23 06:50:56.782","kYet94bxog8","17692753","[PREMIUM]","[PREMIUM]","[PREMIUM]","212","Section 212","3",2,"[]","2026-08-29 00:00:00","sg_app","exchange",1,"[PREMIUM]","2"
"kYet94bxogq","2026-07-20 23:53:43.257","2026-07-20 23:53:43.257","kYet94bxogq","17692753","[PREMIUM]","[PREMIUM]","[PREMIUM]","320","Section 320","5",3,"[]","2026-08-29 00:00:00","sg_app","exchange",2,"[PREMIUM]","1,2,3"
"lxVsdLbaBO0","2026-07-20 23:53:43.257","2026-07-23 06:50:56.782","lxVsdLbaBO0","17692753","[PREMIUM]","[PREMIUM]","[PREMIUM]","111","Section 111","16",4,"[]","2026-08-29 00:00:00","sg_app","exchange",2,"[PREMIUM]","1,2,3,4"
"lxVsdLbaXOL","2026-07-20 23:53:43.257","2026-07-23 06:50:56.782","lxVsdLbaXOL","17692753","[PREMIUM]","[PREMIUM]","[PREMIUM]","214","Section 214","12",4,"[]","2026-08-29 00:00:00","sg_app","exchange",2,"[PREMIUM]","1,2,3,4"
"lxVsdLbaXOl","2026-07-20 23:53:43.257","2026-07-23 06:50:56.782","lxVsdLbaXOl","17692753","[PREMIUM]","[PREMIUM]","[PREMIUM]","146","Section 146","17",5,"[]","2026-08-29 00:00:00","sg_app","exchange",2,"[PREMIUM]","1,2,3,4,5"
"lxVsdLbaXbL","2026-07-20 23:53:43.257","2026-07-23 06:50:56.782","lxVsdLbaXbL","17692753","[PREMIUM]","[PREMIUM]","[PREMIUM]","138","Section 138","11",6,"[]","2026-08-29 00:00:00","sg_app","exchange",3,"[PREMIUM]","1,2,3,4,5,6"
"lxVsdLbAbrX","2026-07-20 23:53:43.257","2026-07-22 00:18:03.340","lxVsdLbAbrX","17692753","[PREMIUM]","[PREMIUM]","[PREMIUM]","331","Section 331","11",12,"[]","2026-08-29 00:00:00","sg_app","exchange",2,"[PREMIUM]","1,2,3,4,5,6,7,8,9,10,11,12"
"lxVsdLb2Lgw","2026-07-20 23:53:43.257","2026-07-22 00:18:03.340","lxVsdLb2Lgw","17692753","[PREMIUM]","[PREMIUM]","[PREMIUM]","112","Section 112","20",2,"[]","2026-08-29 00:00:00","sg_app","exchange",2,"[PREMIUM]","2"
"lxVsdLbqmpZ","2026-07-20 23:53:43.257","2026-07-23 06:50:56.782","lxVsdLbqmpZ","17692753","[PREMIUM]","[PREMIUM]","[PREMIUM]","133","Section 133","8",2,"[]","2026-08-29 00:00:00","sg_app","exchange",3,"[PREMIUM]","2"
"lxVsdLbqmRJ","2026-07-20 23:53:43.257","2026-07-23 06:50:56.782","lxVsdLbqmRJ","17692753","[PREMIUM]","[PREMIUM]","[PREMIUM]","13","Dugout Reserved 13","8",11,"[]","2026-08-29 00:00:00","sg_app","exchange",2,"[PREMIUM]","1,2,3,4,5,6,7,8,9,10,11"
"lxVsdLbqm7Z","2026-07-20 23:53:43.257","2026-07-23 06:50:56.782","lxVsdLbqm7Z","17692753","[PREMIUM]","[PREMIUM]","[PREMIUM]","110","Section 110","9",2,"[]","2026-08-29 00:00:00","sg_app","exchange",2,"[PREMIUM]","2"
"lxVsdLbqm4Z","2026-07-20 23:53:43.257","2026-07-23 06:50:56.782","lxVsdLbqm4Z","17692753","[PREMIUM]","[PREMIUM]","[PREMIUM]","242","Section 242","4",16,"[]","2026-08-29 00:00:00","sg_app","exchange",2,"[PREMIUM]","1,2,3,4,5,6,7,8,9,10,11,12,13,14,15,16"
"lxVsdLbV4jP","2026-07-20 23:53:43.257","2026-08-04 14:15:19.052","lxVsdLbV4jP","17692753","[PREMIUM]","[PREMIUM]","[PREMIUM]","315","Section 315","5",4,"[]","2026-08-29 00:00:00","sg_app","exchange",3,"[PREMIUM]","1,2,3,4"
"mxAs4Y7LpO0","2026-07-20 23:53:43.257","2026-07-23 06:50:56.782","mxAs4Y7LpO0","17692753","[PREMIUM]","[PREMIUM]","[PREMIUM]","110","Section 110","11",2,"[]","2026-08-29 00:00:00","sg_app","exchange",2,"[PREMIUM]","2"
"mxAs4Y7LpX0","2026-07-20 23:53:43.257","2026-07-20 23:53:43.257","mxAs4Y7LpX0","17692753","[PREMIUM]","[PREMIUM]","[PREMIUM]","325","Section 325","5",3,"[]","2026-08-29 00:00:00","sg_app","exchange",2,"[PREMIUM]","1,2,3"
"mxAs4Y7Lpvl","2026-07-20 23:53:43.257","2026-07-22 00:18:03.340","mxAs4Y7Lpvl","17692753","[PREMIUM]","[PREMIUM]","[PREMIUM]","110","Section 110","8",4,"[]","2026-08-29 00:00:00","sg_app","exchange",1,"[PREMIUM]","1,2,3,4"
"mxAs4Y7B0eP","2026-07-20 23:53:43.257","2026-07-23 06:50:56.782","mxAs4Y7B0eP","17692753","[PREMIUM]","[PREMIUM]","[PREMIUM]","347","Section 347","11",19,"[]","2026-08-29 00:00:00","sg_app","exchange",5,"[PREMIUM]","1,2,3,4,5,6,7,8,9,10,11,12,13,14,15,16,17,18,19"
"mxAs4Y7BGbe","2026-07-20 23:53:43.257","2026-07-23 06:50:56.782","mxAs4Y7BGbe","17692753","[PREMIUM]","[PREMIUM]","[PREMIUM]","38","Dugout Reserved 38","5",6,"[]","2026-08-29 00:00:00","sg_app","exchange",2,"[PREMIUM]","1,2,3,4,5,6"
"nx0srM87Zgo","2026-07-20 23:53:43.257","2026-08-04 14:15:19.052","nx0srM87Zgo","17692753","[PREMIUM]","[PREMIUM]","[PREMIUM]","315","Section 315","6",3,"[]","2026-08-29 00:00:00","sg_app","exchange",3,"[PREMIUM]","1,2,3"
"nx0srM8GpAL","2026-07-20 23:53:43.257","2026-07-23 06:50:56.782","nx0srM8GpAL","17692753","[PREMIUM]","[PREMIUM]","[PREMIUM]","138","Section 138","6",2,"[]","2026-08-29 00:00:00","sg_app","exchange",2,"[PREMIUM]","2"
"nx0srM8GaqG","2026-07-20 23:53:43.257","2026-07-23 06:50:56.782","nx0srM8GaqG","17692753","[PREMIUM]","[PREMIUM]","[PREMIUM]","345","Section 345","4",24,"[]","2026-08-29 00:00:00","sg_app","exchange",5,"[PREMIUM]","1,2,3,4,5,6,7,8,9,10,11,12,13,14,15,16,17,18,19,20,21,22,23,24"
"nx0srM8GaP8","2026-07-20 23:53:43.257","2026-07-23 06:50:56.782","nx0srM8GaP8","17692753","[PREMIUM]","[PREMIUM]","[PREMIUM]","243","Section 243","12",24,"[]","2026-08-29 00:00:00","sg_app","exchange",2,"[PREMIUM]","1,2,3,4,5,6,7,8,9,10,11,12,13,14,15,16,17,18,19,20,21,22,23,24"
"nx0srM8wjg6","2026-07-20 23:53:43.257","2026-07-23 06:50:56.782","nx0srM8wjg6","17692753","[PREMIUM]","[PREMIUM]","[PREMIUM]","13","Dugout Reserved 13","5",2,"[]","2026-08-29 00:00:00","sg_app","exchange",2,"[PREMIUM]","2"
"nx0srM8Gpqn","2026-07-20 23:53:43.257","2026-07-23 06:50:56.782","nx0srM8Gpqn","17692753","[PREMIUM]","[PREMIUM]","[PREMIUM]","328","Section 328","6",13,"[]","2026-08-29 00:00:00","sg_app","exchange",2,"[PREMIUM]","1,2,3,4,5,6,7,8,9,10,11,12,13"
"nx0srM8wjZ0","2026-07-20 23:53:43.257","2026-07-23 06:50:56.782","nx0srM8wjZ0","17692753","[PREMIUM]","[PREMIUM]","[PREMIUM]","113","Section 113","12",2,"[]","2026-08-29 00:00:00","sg_app","exchange",4,"[PREMIUM]","2"
"oV7HbEjZLEP","2026-07-20 23:53:43.257","2026-07-23 06:50:56.782","oV7HbEjZLEP","17692753","[PREMIUM]","[PREMIUM]","[PREMIUM]","135","Section 135","11",15,"[]","2026-08-29 00:00:00","sg_app","exchange",4,"[PREMIUM]","1,2,3,4,5,6,7,8,9,10,11,12,13,14,15"
"oV7HbEjZOB3","2026-07-20 23:53:43.257","2026-07-23 06:50:56.782","oV7HbEjZOB3","17692753","[PREMIUM]","[PREMIUM]","[PREMIUM]","151","Section 151","17",15,"[]","2026-08-29 00:00:00","sg_app","exchange",2,"[PREMIUM]","1,2,3,4,5,6,7,8,9,10,11,12,13,14,15"
"oV7HbEja4zE","2026-07-20 23:53:43.257","2026-07-23 06:50:56.782","oV7HbEja4zE","17692753","[PREMIUM]","[PREMIUM]","[PREMIUM]","113","Section 113","11",2,"[]","2026-08-29 00:00:00","sg_app","exchange",3,"[PREMIUM]","2"
"oV7HbEja4gl","2026-07-20 23:53:43.257","2026-07-23 06:50:56.782","oV7HbEja4gl","17692753","[PREMIUM]","[PREMIUM]","[PREMIUM]","346","Section 346","5",24,"[]","2026-08-29 00:00:00","sg_app","exchange",5,"[PREMIUM]","1,2,3,4,5,6,7,8,9,10,11,12,13,14,15,16,17,18,19,20,21,22,23,24"
"oV7HbEja4eB","2026-07-20 23:53:43.257","2026-07-23 06:50:56.782","oV7HbEja4eB","17692753","[PREMIUM]","[PREMIUM]","[PREMIUM]","113","Section 113","14",2,"[]","2026-08-29 00:00:00","sg_app","exchange",4,"[PREMIUM]","2"
"oV7HbEja4RM","2026-07-20 23:53:43.257","2026-07-23 06:50:56.782","oV7HbEja4RM","17692753","[PREMIUM]","[PREMIUM]","[PREMIUM]","135","Section 135","16",2,"[]","2026-08-29 00:00:00","sg_app","exchange",4,"[PREMIUM]","2"
"oV7HbEja4RE","2026-07-20 23:53:43.257","2026-07-23 06:50:56.782","oV7HbEja4RE","17692753","[PREMIUM]","[PREMIUM]","[PREMIUM]","11","Dugout Corner 11","5",2,"[]","2026-08-29 00:00:00","sg_app","exchange",2,"[PREMIUM]","2"
"oV7HbEjZVox","2026-07-20 23:53:43.257","2026-07-23 06:50:56.782","oV7HbEjZVox","17692753","[PREMIUM]","[PREMIUM]","[PREMIUM]","13","Dugout Reserved 13","4",4,"[]","2026-08-29 00:00:00","sg_app","exchange",2,"[PREMIUM]","1,2,3,4"
"oV7HbEjZOo3","2026-07-20 23:53:43.257","2026-07-23 06:50:56.782","oV7HbEjZOo3","17692753","[PREMIUM]","[PREMIUM]","[PREMIUM]","39","Dugout Reserved 39","5",10,"[]","2026-08-29 00:00:00","sg_app","exchange",2,"[PREMIUM]","1,2,3,4,5,6,7,8,9,10"
"oV7HbEjZOKg","2026-07-20 23:53:43.257","2026-07-23 06:50:56.782","oV7HbEjZOKg","17692753","[PREMIUM]","[PREMIUM]","[PREMIUM]","145","Section 145","17",3,"[]","2026-08-29 00:00:00","sg_app","exchange",2,"[PREMIUM]","1,2,3"
"oV7HbEjZO9X","2026-07-20 23:53:43.257","2026-07-23 06:50:56.782","oV7HbEjZO9X","17692753","[PREMIUM]","[PREMIUM]","[PREMIUM]","150","Section 150","13",12,"[]","2026-08-29 00:00:00","sg_app","exchange",2,"[PREMIUM]","1,2,3,4,5,6,7,8,9,10,11,12"
"pVXHDEOmB2B","2026-07-20 23:53:43.257","2026-07-20 23:53:43.257","pVXHDEOmB2B","17692753","[PREMIUM]","[PREMIUM]","[PREMIUM]","325","Section 325","6",4,"[]","2026-08-29 00:00:00","sg_app","exchange",2,"[PREMIUM]","1,2,3,4"
"pVXHDEO6woq","2026-07-20 23:53:43.257","2026-07-23 06:50:56.782","pVXHDEO6woq","17692753","[PREMIUM]","[PREMIUM]","[PREMIUM]","42","Dugout Corner 42","13",13,"[]","2026-08-29 00:00:00","sg_app","exchange",3,"[PREMIUM]","1,2,3,4,5,6,7,8,9,10,11,12,13"
"pVXHDEO6Zze","2026-07-20 23:53:43.257","2026-07-23 06:50:56.782","pVXHDEO6Zze","17692753","[PREMIUM]","[PREMIUM]","[PREMIUM]","141","Section 141","15",5,"[]","2026-08-29 00:00:00","sg_app","exchange",2,"[PREMIUM]","1,2,3,4,5"
"pVXHDEO6wYq","2026-07-20 23:53:43.257","2026-07-23 06:50:56.782","pVXHDEO6wYq","17692753","[PREMIUM]","[PREMIUM]","[PREMIUM]","346","Section 346","4",24,"[]","2026-08-29 00:00:00","sg_app","exchange",5,"[PREMIUM]","1,2,3,4,5,6,7,8,9,10,11,12,13,14,15,16,17,18,19,20,21,22,23,24"
"pVXHDEO6wPn","2026-07-20 23:53:43.257","2026-07-23 06:50:56.782","pVXHDEO6wPn","17692753","[PREMIUM]","[PREMIUM]","[PREMIUM]","38","Dugout Reserved 38","6",8,"[]","2026-08-29 00:00:00","sg_app","exchange",2,"[PREMIUM]","1,2,3,4,5,6,7,8"
"pVXHDEOmB52","2026-07-20 23:53:43.257","2026-07-23 06:50:56.782","pVXHDEOmB52","17692753","[PREMIUM]","[PREMIUM]","[PREMIUM]","150","Section 150","9",22,"[]","2026-08-29 00:00:00","sg_app","exchange",3,"[PREMIUM]","1,2,3,4,5,6,7,8,9,10,11,12,13,14,15,16,17,18,19,20,21,22"
"pVXHDEOraZY","2026-07-20 23:53:43.257","2026-07-22 00:18:03.340","pVXHDEOraZY","17692753","[PREMIUM]","[PREMIUM]","[PREMIUM]","114","Section 114","20",3,"[]","2026-08-29 00:00:00","sg_app","exchange",1,"[PREMIUM]","1,2,3"
"pVXHDEOX26D","2026-07-20 23:53:43.257","2026-07-23 06:50:56.782","pVXHDEOX26D","17692753","[PREMIUM]","[PREMIUM]","[PREMIUM]","214","Section 214","14",2,"[]","2026-08-29 00:00:00","sg_app","exchange",2,"[PREMIUM]","2"
"pVXHDEO6ZPz","2026-07-20 23:53:43.257","2026-07-23 06:50:56.782","pVXHDEO6ZPz","17692753","[PREMIUM]","[PREMIUM]","[PREMIUM]","38","Dugout Reserved 38","11",5,"[]","2026-08-29 00:00:00","sg_app","exchange",2,"[PREMIUM]","1,2,3,4,5"
"pVXHDEO4pA3","2026-07-20 23:53:43.257","2026-08-04 14:15:19.052","pVXHDEO4pA3","17692753","[PREMIUM]","[PREMIUM]","[PREMIUM]","214","Section 214","14",2,"[]","2026-08-29 00:00:00","sg_app","exchange",4,"[PREMIUM]","2"
"qVjH2Vv7B32","2026-07-20 23:53:43.257","2026-07-23 06:50:56.782","qVjH2Vv7B32","17692753","[PREMIUM]","[PREMIUM]","[PREMIUM]","147","Section 147","6",2,"[]","2026-08-29 00:00:00","sg_app","exchange",4,"[PREMIUM]","2"
"qVjH2Vvw4Pq","2026-07-20 23:53:43.257","2026-07-23 06:50:56.782","qVjH2Vvw4Pq","17692753","[PREMIUM]","[PREMIUM]","[PREMIUM]","150","Section 150","13",6,"[]","2026-08-29 00:00:00","sg_app","exchange",2,"[PREMIUM]","1,2,3,4,5,6"
"qVjH2Vv7Bg2","2026-07-20 23:53:43.257","2026-07-23 06:50:56.782","qVjH2Vv7Bg2","17692753","[PREMIUM]","[PREMIUM]","[PREMIUM]","111","Section 111","15",2,"[]","2026-08-29 00:00:00","sg_app","exchange",2,"[PREMIUM]","2"
"qVjH2VvwzA7","2026-07-20 23:53:43.257","2026-07-23 06:50:56.782","qVjH2VvwzA7","17692753","[PREMIUM]","[PREMIUM]","[PREMIUM]","114","Section 114","17",3,"[]","2026-08-29 00:00:00","sg_app","exchange",3,"[PREMIUM]","1,2,3"
"qVjH2Vvwza7","2026-07-20 23:53:43.257","2026-07-23 06:50:56.782","qVjH2Vvwza7","17692753","[PREMIUM]","[PREMIUM]","[PREMIUM]","141","Section 141","15",5,"[]","2026-08-29 00:00:00","sg_app","exchange",2,"[PREMIUM]","1,2,3,4,5"
"qVjH2VvwzJ3","2026-07-20 23:53:43.257","2026-07-23 06:50:56.782","qVjH2VvwzJ3","17692753","[PREMIUM]","[PREMIUM]","[PREMIUM]","214","Section 214","12",10,"[]","2026-08-29 00:00:00","sg_app","exchange",2,"[PREMIUM]","1,2,3,4,5,6,7,8,9,10"
"qVjH2Vvw4L8","2026-07-20 23:53:43.257","2026-07-23 06:50:56.782","qVjH2Vvw4L8","17692753","[PREMIUM]","[PREMIUM]","[PREMIUM]","328","Section 328","5",7,"[]","2026-08-29 00:00:00","sg_app","exchange",2,"[PREMIUM]","1,2,3,4,5,6,7"
"rVOHkRK8AkZ","2026-07-20 23:53:43.257","2026-07-23 06:50:56.782","rVOHkRK8AkZ","17692753","[PREMIUM]","[PREMIUM]","[PREMIUM]","318","Section 318","3",3,"[]","2026-08-29 00:00:00","sg_app","exchange",1,"[PREMIUM]","1,2,3"
"rVOHkRK837J","2026-07-20 23:53:43.257","2026-07-23 06:50:56.782","rVOHkRK837J","17692753","[PREMIUM]","[PREMIUM]","[PREMIUM]","151","Section 151","24",8,"[]","2026-08-29 00:00:00","sg_app","exchange",2,"[PREMIUM]","1,2,3,4,5,6,7,8"
"rVOHkRK83L3","2026-07-20 23:53:43.257","2026-07-23 06:50:56.782","rVOHkRK83L3","17692753","[PREMIUM]","[PREMIUM]","[PREMIUM]","148","Section 148","9",15,"[]","2026-08-29 00:00:00","sg_app","exchange",4,"[PREMIUM]","1,2,3,4,5,6,7,8,9,10,11,12,13,14,15"
"rVOHkRKeg64","2026-07-20 23:53:43.257","2026-07-23 06:50:56.782","rVOHkRKeg64","17692753","[PREMIUM]","[PREMIUM]","[PREMIUM]","13","Dugout Reserved 13","4",2,"[]","2026-08-29 00:00:00","sg_app","exchange",2,"[PREMIUM]","2"
"rVOHkRKegJ0","2026-07-20 23:53:43.257","2026-07-23 06:50:56.782","rVOHkRKegJ0","17692753","[PREMIUM]","[PREMIUM]","[PREMIUM]","322","Section 322","12",2,"[]","2026-08-29 00:00:00","sg_app","exchange",2,"[PREMIUM]","2"
"rVOHkRKegJA","2026-07-20 23:53:43.257","2026-07-23 06:50:56.782","rVOHkRKegJA","17692753","[PREMIUM]","[PREMIUM]","[PREMIUM]","148","Section 148","7",2,"[]","2026-08-29 00:00:00","sg_app","exchange",4,"[PREMIUM]","2"
"rVOHkRKegoP","2026-07-20 23:53:43.257","2026-07-23 06:50:56.782","rVOHkRKegoP","17692753","[PREMIUM]","[PREMIUM]","[PREMIUM]","39","Dugout Reserved 39","7",4,"[]","2026-08-29 00:00:00","sg_app","exchange",2,"[PREMIUM]","1,2,3,4"
"rVOHkRKejBL","2026-07-20 23:53:43.257","2026-07-23 06:50:56.782","rVOHkRKejBL","17692753","[PREMIUM]","[PREMIUM]","[PREMIUM]","148","Section 148","14",8,"[]","2026-08-29 00:00:00","sg_app","exchange",2,"[PREMIUM]","1,2,3,4,5,6,7,8"
"rVOHkRKejDm","2026-07-20 23:53:43.257","2026-07-23 06:50:56.782","rVOHkRKejDm","17692753","[PREMIUM]","[PREMIUM]","[PREMIUM]","237","Section 237","11",22,"[]","2026-08-29 00:00:00","sg_app","exchange",3,"[PREMIUM]","1,2,3,4,5,6,7,8,9,10,11,12,13,14,15,16,17,18,19,20,21,22"
"rVOHkRKejoo","2026-07-20 23:53:43.257","2026-07-23 06:50:56.782","rVOHkRKejoo","17692753","[PREMIUM]","[PREMIUM]","[PREMIUM]","39","Dugout Reserved 39","6",7,"[]","2026-08-29 00:00:00","sg_app","exchange",2,"[PREMIUM]","1,2,3,4,5,6,7"
"vb3iPe8R9BY","2026-07-20 23:53:43.257","2026-07-23 06:50:56.782","vb3iPe8R9BY","17692753","[PREMIUM]","[PREMIUM]","[PREMIUM]","37","Dugout Reserved 37","11",8,"[]","2026-08-29 00:00:00","sg_app","exchange",2,"[PREMIUM]","1,2,3,4,5,6,7,8"
"vb3iPe8ROMM","2026-07-20 23:53:43.257","2026-07-22 00:18:03.340","vb3iPe8ROMM","17692753","[PREMIUM]","[PREMIUM]","[PREMIUM]","150","Section 150","7",7,"[]","2026-08-29 00:00:00","sg_app","exchange",1,"[PREMIUM]","1,2,3,4,5,6,7"
"vb3iPe8Y0Mq","2026-07-20 23:53:43.257","2026-07-23 06:50:56.782","vb3iPe8Y0Mq","17692753","[PREMIUM]","[PREMIUM]","[PREMIUM]","145","Section 145","19",3,"[]","2026-08-29 00:00:00","sg_app","exchange",2,"[PREMIUM]","1,2,3"
"vb3iPe8Y0Xq","2026-07-20 23:53:43.257","2026-07-23 06:50:56.782","vb3iPe8Y0Xq","17692753","[PREMIUM]","[PREMIUM]","[PREMIUM]","11","Dugout Corner 11","12",2,"[]","2026-08-29 00:00:00","sg_app","exchange",2,"[PREMIUM]","2"
"vb3iPe8R9aZ","2026-07-20 23:53:43.257","2026-07-23 06:50:56.782","vb3iPe8R9aZ","17692753","[PREMIUM]","[PREMIUM]","[PREMIUM]","113","Section 113","12",5,"[]","2026-08-29 00:00:00","sg_app","exchange",4,"[PREMIUM]","1,2,3,4,5"
"vb3iPe8O0nP","2026-07-20 23:53:43.257","2026-08-01 14:22:28.981","vb3iPe8O0nP","17692753","[PREMIUM]","[PREMIUM]","[PREMIUM]","114","Section 114","20",3,"[]","2026-08-29 00:00:00","sg_app","exchange",3,"[PREMIUM]","1,2,3"
"vb3iPe8RoBV","2026-07-20 23:53:43.257","2026-07-23 06:50:56.782","vb3iPe8RoBV","17692753","[PREMIUM]","[PREMIUM]","[PREMIUM]","110","Section 110","15",5,"[]","2026-08-29 00:00:00","sg_app","exchange",2,"[PREMIUM]","1,2,3,4,5"
"w3Jsed6qDVe","2026-07-20 23:53:43.257","2026-07-23 06:50:56.782","w3Jsed6qDVe","17692753","[PREMIUM]","[PREMIUM]","[PREMIUM]","320","Section 320","5",4,"[]","2026-08-29 00:00:00","sg_app","exchange",1,"[PREMIUM]","1,2,3,4"
"w3Jsed6qDnn","2026-07-20 23:53:43.257","2026-07-23 06:50:56.782","w3Jsed6qDnn","17692753","[PREMIUM]","[PREMIUM]","[PREMIUM]","322","Section 322","7",2,"[]","2026-08-29 00:00:00","sg_app","exchange",1,"[PREMIUM]","2"
"w3Jsed6YB4M","2026-07-20 23:53:43.257","2026-07-23 06:50:56.782","w3Jsed6YB4M","17692753","[PREMIUM]","[PREMIUM]","[PREMIUM]","148","Section 148","17",2,"[]","2026-08-29 00:00:00","sg_app","exchange",2,"[PREMIUM]","2"
"w3Jsed6zjlk","2026-07-20 23:53:43.257","2026-07-23 06:50:56.782","w3Jsed6zjlk","17692753","[PREMIUM]","[PREMIUM]","[PREMIUM]","114","Section 114","20",3,"[]","2026-08-29 00:00:00","sg_app","exchange",3,"[PREMIUM]","1,2,3"
"w3Jsed6YB4v","2026-07-20 23:53:43.257","2026-07-23 06:50:56.782","w3Jsed6YB4v","17692753","[PREMIUM]","[PREMIUM]","[PREMIUM]","347","Section 347","3",15,"[]","2026-08-29 00:00:00","sg_app","exchange",5,"[PREMIUM]","1,2,3,4,5,6,7,8,9,10,11,12,13,14,15"
"w3Jsed6YBmj","2026-07-20 23:53:43.257","2026-07-22 00:18:03.340","w3Jsed6YBmj","17692753","[PREMIUM]","[PREMIUM]","[PREMIUM]","112","Section 112","20",10,"[]","2026-08-29 00:00:00","sg_app","exchange",1,"[PREMIUM]","1,2,3,4,5,6,7,8,9,10"
"w3Jsed6YjmJ","2026-07-20 23:53:43.257","2026-07-23 06:50:56.782","w3Jsed6YjmJ","17692753","[PREMIUM]","[PREMIUM]","[PREMIUM]","142","Section 142","11",4,"[]","2026-08-29 00:00:00","sg_app","exchange",3,"[PREMIUM]","1,2,3,4"
"w3Jsed6YjgY","2026-07-20 23:53:43.257","2026-07-23 06:50:56.782","w3Jsed6YjgY","17692753","[PREMIUM]","[PREMIUM]","[PREMIUM]","111","Section 111","15",6,"[]","2026-08-29 00:00:00","sg_app","exchange",2,"[PREMIUM]","1,2,3,4,5,6"
"w3Jsed6YZNN","2026-07-20 23:53:43.257","2026-07-31 14:46:49.521","w3Jsed6YZNN","17692753","[PREMIUM]","[PREMIUM]","[PREMIUM]","137","Section 137","13",5,"[]","2026-08-29 00:00:00","sg_app","exchange",5,"[PREMIUM]","1,2,3,4,5"
"w3Jsed6Yz02","2026-07-20 23:53:43.257","2026-07-23 06:50:56.782","w3Jsed6Yz02","17692753","[PREMIUM]","[PREMIUM]","[PREMIUM]","216","Section 216","14",2,"[]","2026-08-29 00:00:00","sg_app","exchange",4,"[PREMIUM]","2"
"xb9imB8oAja","2026-07-20 23:53:43.257","2026-07-23 06:50:56.782","xb9imB8oAja","17692753","[PREMIUM]","[PREMIUM]","[PREMIUM]","322","Section 322","3",4,"[]","2026-08-29 00:00:00","sg_app","exchange",1,"[PREMIUM]","1,2,3,4"
"xb9imB8oApO","2026-07-20 23:53:43.257","2026-07-23 06:50:56.782","xb9imB8oApO","17692753","[PREMIUM]","[PREMIUM]","[PREMIUM]","148","Section 148","19",3,"[]","2026-08-29 00:00:00","sg_app","exchange",3,"[PREMIUM]","1,2,3"
"xb9imB8oAvd","2026-07-20 23:53:43.257","2026-07-23 06:50:56.782","xb9imB8oAvd","17692753","[PREMIUM]","[PREMIUM]","[PREMIUM]","143","Section 143","14",20,"[]","2026-08-29 00:00:00","sg_app","exchange",3,"[PREMIUM]","1,2,3,4,5,6,7,8,9,10,11,12,13,14,15,16,17,18,19,20"
"xb9imB8oAxd","2026-07-20 23:53:43.257","2026-07-23 06:50:56.782","xb9imB8oAxd","17692753","[PREMIUM]","[PREMIUM]","[PREMIUM]","10","Dugout Corner 10","14",2,"[]","2026-08-29 00:00:00","sg_app","exchange",2,"[PREMIUM]","2"
"xb9imB8oGLJ","2026-07-20 23:53:43.257","2026-07-23 06:50:56.782","xb9imB8oGLJ","17692753","[PREMIUM]","[PREMIUM]","[PREMIUM]","42","Dugout Corner 42","14",17,"[]","2026-08-29 00:00:00","sg_app","exchange",3,"[PREMIUM]","1,2,3,4,5,6,7,8,9,10,11,12,13,14,15,16,17"
"xb9imB8oGpR","2026-07-20 23:53:43.257","2026-07-23 06:50:56.782","xb9imB8oGpR","17692753","[PREMIUM]","[PREMIUM]","[PREMIUM]","38","Dugout Reserved 38","9",4,"[]","2026-08-29 00:00:00","sg_app","exchange",2,"[PREMIUM]","1,2,3,4"
"xb9imB8oVbO","2026-07-20 23:53:43.257","2026-07-23 06:50:56.782","xb9imB8oVbO","17692753","[PREMIUM]","[PREMIUM]","[PREMIUM]","149","Section 149","5",12,"[]","2026-08-29 00:00:00","sg_app","exchange",3,"[PREMIUM]","1,2,3,4,5,6,7,8,9,10,11,12"
"xb9imB8aDpm","2026-07-20 23:53:43.257","2026-07-23 06:50:56.782","xb9imB8aDpm","17692753","[PREMIUM]","[PREMIUM]","[PREMIUM]","322","Section 322","4",4,"[]","2026-08-29 00:00:00","sg_app","exchange",1,"[PREMIUM]","1,2,3,4"
"xb9imB8aD0q","2026-07-20 23:53:43.257","2026-07-23 06:50:56.782","xb9imB8aD0q","17692753","[PREMIUM]","[PREMIUM]","[PREMIUM]","149","Section 149","3",2,"[]","2026-08-29 00:00:00","sg_app","exchange",3,"[PREMIUM]","2"
"xb9imB8oAKO","2026-07-20 23:53:43.257","2026-07-23 06:50:56.782","xb9imB8oAKO","17692753","[PREMIUM]","[PREMIUM]","[PREMIUM]","144","Section 144","16",5,"[]","2026-08-29 00:00:00","sg_app","exchange",2,"[PREMIUM]","1,2,3,4,5"
"z3Es6q4DbJw","2026-07-20 23:53:43.257","2026-07-23 06:50:56.782","z3Es6q4DbJw","17692753","[PREMIUM]","[PREMIUM]","[PREMIUM]","217","Section 217","15",2,"[]","2026-08-29 00:00:00","sg_app","exchange",3,"[PREMIUM]","2"
"z3Es6q4ormV","2026-07-20 23:53:43.257","2026-07-23 06:50:56.782","z3Es6q4ormV","17692753","[PREMIUM]","[PREMIUM]","[PREMIUM]","13","Dugout Reserved 13","11",8,"[]","2026-08-29 00:00:00","sg_app","exchange",3,"[PREMIUM]","1,2,3,4,5,6,7,8"
"z3Es6q4or0Y","2026-07-20 23:53:43.257","2026-07-23 06:50:56.782","z3Es6q4or0Y","17692753","[PREMIUM]","[PREMIUM]","[PREMIUM]","217","Section 217","12",8,"[]","2026-08-29 00:00:00","sg_app","exchange",3,"[PREMIUM]","1,2,3,4,5,6,7,8"
"z3Es6q4oYnN","2026-07-20 23:53:43.257","2026-07-23 06:50:56.782","z3Es6q4oYnN","17692753","[PREMIUM]","[PREMIUM]","[PREMIUM]","113","Section 113","15",10,"[]","2026-08-29 00:00:00","sg_app","exchange",4,"[PREMIUM]","1,2,3,4,5,6,7,8,9,10"
"z3Es6q4oYXN","2026-07-20 23:53:43.257","2026-07-23 06:50:56.782","z3Es6q4oYXN","17692753","[PREMIUM]","[PREMIUM]","[PREMIUM]","133","Section 133","5",4,"[]","2026-08-29 00:00:00","sg_app","exchange",3,"[PREMIUM]","1,2,3,4"
"z3Es6q4oY0o","2026-07-20 23:53:43.257","2026-07-23 06:50:56.782","z3Es6q4oY0o","17692753","[PREMIUM]","[PREMIUM]","[PREMIUM]","216","Section 216","12",9,"[]","2026-08-29 00:00:00","sg_app","exchange",4,"[PREMIUM]","1,2,3,4,5,6,7,8,9"
"05VT8K9AKdO","2026-07-20 23:53:30.235","2026-07-22 00:17:37.926","05VT8K9AKdO","17691588","[PREMIUM]","[PREMIUM]","[PREMIUM]","420B","Grandstand Level 420 B","8",8,"[]","2026-08-28 00:00:00","sg_app","exchange",2,"[PREMIUM]","2,3,4,5,6,7,8"
"05VT8K9AKAO","2026-07-20 23:53:30.235","2026-07-22 00:17:37.926","05VT8K9AKAO","17691588","[PREMIUM]","[PREMIUM]","[PREMIUM]","211","Main Level 211","10",6,"[]","2026-08-28 00:00:00","sg_app","exchange",1,"[PREMIUM]","2,3,4,5,6"
"05VT8K9rjOK","2026-07-20 23:53:30.235","2026-07-23 06:51:01.196","05VT8K9rjOK","17691588","[PREMIUM]","[PREMIUM]","[PREMIUM]","420A","Grandstand Level 420 A","5",3,"[]","2026-08-29 00:00:00","sg_app","exchange",1,"[PREMIUM]","1,2,3"
"05VT8K9rj77","2026-07-20 23:53:30.235","2026-07-23 06:51:01.196","05VT8K9rj77","17691588","[PREMIUM]","[PREMIUM]","[PREMIUM]","430","Grandstand Level 430","4",4,"[]","2026-08-29 00:00:00","sg_app","exchange",2,"[PREMIUM]","1,2,3,4"
"05VT8K9zY0n","2026-07-20 23:53:30.235","2026-08-03 14:58:44.452","05VT8K9zY0n","17691588","[PREMIUM]","[PREMIUM]","[PREMIUM]","406","Grandstand Level 406","13",8,"[]","2026-08-29 00:00:00","sg_app","exchange",1,"[PREMIUM]","1,2,3,4,5,6,7,8"
"05VT8K9AomV","2026-07-20 23:53:30.235","2026-08-04 12:43:08.446","05VT8K9AomV","17691588","[PREMIUM]","[PREMIUM]","[PREMIUM]","430","Grandstand Level 430","13",17,"[]","2026-08-29 00:00:00","sg_app","exchange",2,"[PREMIUM]","1,2,3,4,5,6,7,8,9,10,11,12,13,14,15,16,17"
"05VT8K9N0YO","2026-07-20 23:53:30.235","2026-08-04 12:43:08.446","05VT8K9N0YO","17691588","[PREMIUM]","[PREMIUM]","[PREMIUM]","236","Bleachers 236","5",2,"[]","2026-08-29 00:00:00","sg_app","exchange",0,"[PREMIUM]","2"
"05VT8K9rjaK","2026-07-20 23:53:30.235","2026-08-04 12:43:08.446","05VT8K9rjaK","17691588","[PREMIUM]","[PREMIUM]","[PREMIUM]","411","Grandstand Level 411","7",7,"[]","2026-08-29 00:00:00","sg_app","exchange",2,"[PREMIUM]","1,2,3,4,5,6,7"
"2v0cz3EB3Bm","2026-07-20 23:53:30.235","2026-07-26 23:36:04.016","2v0cz3EB3Bm","17691588","[PREMIUM]","[PREMIUM]","[PREMIUM]","423","Grandstand Level 423","7",6,"[]","2026-08-28 00:00:00","sg_app","exchange",1,"[PREMIUM]","2,3,4,5,6"
"2v0cz3EA48P","2026-07-20 23:53:30.235","2026-07-22 00:17:37.926","2v0cz3EA48P","17691588","[PREMIUM]","[PREMIUM]","[PREMIUM]","409","Grandstand Level 409","7",2,"[]","2026-08-29 00:00:00","sg_app","exchange",2,"[PREMIUM]","2"
"2v0cz3EJYOk","2026-07-20 23:53:30.235","2026-07-28 10:32:14.169","2v0cz3EJYOk","17691588","[PREMIUM]","[PREMIUM]","[PREMIUM]","421","Grandstand Level 421","10",8,"[]","2026-08-28 00:00:00","sg_app","exchange",2,"[PREMIUM]","2,3,4,5,6,7,8"
"2v0cz3EBxbj","2026-07-20 23:53:30.235","2026-07-22 00:17:37.926","2v0cz3EBxbj","17691588","[PREMIUM]","[PREMIUM]","[PREMIUM]","417","Grandstand Level 417","7",2,"[]","2026-08-29 00:00:00","sg_app","exchange",5,"[PREMIUM]","2"
"2v0cz3EJYOE","2026-07-20 23:53:30.235","2026-07-28 10:32:14.169","2v0cz3EJYOE","17691588","[PREMIUM]","[PREMIUM]","[PREMIUM]","429","Grandstand Level 429","8",12,"[]","2026-08-28 00:00:00","sg_app","exchange",4,"[PREMIUM]","1,2,3,4,5,6,7,8,9,10,12"
"2v0cz3EBMLK","2026-07-20 23:53:30.235","2026-07-20 23:53:30.235","2v0cz3EBMLK","17691588","[PREMIUM]","[PREMIUM]","[PREMIUM]","211","Main Level 211","9",4,"[]","2026-08-29 00:00:00","sg_app","exchange",2,"[PREMIUM]","1,2,3,4"
"2v0cz3EOXD8","2026-07-20 23:53:30.235","2026-08-04 12:43:08.446","2v0cz3EOXD8","17691588","[PREMIUM]","[PREMIUM]","[PREMIUM]","306","Terrace Level 306","6",19,"[]","2026-08-28 00:00:00","sg_app","exchange",2,"[PREMIUM]","2,3,4,5,6,7,8,9,10,11,12,13,14,15,16,17,18,19"
"2v0cz3EBxb3","2026-07-20 23:53:30.235","2026-08-04 12:43:08.446","2v0cz3EBxb3","17691588","[PREMIUM]","[PREMIUM]","[PREMIUM]","430","Grandstand Level 430","7",4,"[]","2026-08-29 00:00:00","sg_app","exchange",2,"[PREMIUM]","1,2,3,4"
"2v0cz3EBxJw","2026-07-20 23:53:30.235","2026-08-04 12:43:08.446","2v0cz3EBxJw","17691588","[PREMIUM]","[PREMIUM]","[PREMIUM]","423","Grandstand Level 423","7",2,"[]","2026-08-29 00:00:00","sg_app","exchange",2,"[PREMIUM]","2"
"3q7fNJP9nmx","2026-07-20 23:53:30.235","2026-07-28 10:32:14.169","3q7fNJP9nmx","17691588","[PREMIUM]","[PREMIUM]","[PREMIUM]","429","Grandstand Level 429","7",4,"[]","2026-08-28 00:00:00","sg_app","exchange",3,"[PREMIUM]","2,4"
"3q7fNJPRYkX","2026-07-20 23:53:30.235","2026-07-22 00:17:37.926","3q7fNJPRYkX","17691588","[PREMIUM]","[PREMIUM]","[PREMIUM]","122","Field MVP 122","3",2,"[]","2026-08-29 00:00:00","sg_app","exchange",1,"[PREMIUM]","2"
"3q7fNJPGa4P","2026-07-20 23:53:30.235","2026-07-25 22:45:41.699","3q7fNJPGa4P","17691588","[PREMIUM]","[PREMIUM]","[PREMIUM]","105","Field Level 105","14",2,"[]","2026-08-29 00:00:00","sg_app","exchange",1,"[PREMIUM]","2"
"3q7fNJPGJGV","2026-07-20 23:53:30.235","2026-07-26 23:36:04.016","3q7fNJPGJGV","17691588","[PREMIUM]","[PREMIUM]","[PREMIUM]","423","Grandstand Level 423","7",6,"[]","2026-08-28 00:00:00","sg_app","exchange",1,"[PREMIUM]","2,3,4,5,6"
"3q7fNJP9nmr","2026-07-20 23:53:30.235","2026-07-26 23:36:04.016","3q7fNJP9nmr","17691588","[PREMIUM]","[PREMIUM]","[PREMIUM]","419","Grandstand Level 419","10",3,"[]","2026-08-28 00:00:00","sg_app","exchange",2,"[PREMIUM]","3"
"3q7fNJPGr9X","2026-07-20 23:53:30.235","2026-07-26 23:36:04.016","3q7fNJPGr9X","17691588","[PREMIUM]","[PREMIUM]","[PREMIUM]","423","Grandstand Level 423","7",6,"[]","2026-08-29 00:00:00","sg_app","exchange",1,"[PREMIUM]","1,2,3,4,5,6"
"3q7fNJPGrlm","2026-07-20 23:53:30.235","2026-08-04 12:43:08.446","3q7fNJPGrlm","17691588","[PREMIUM]","[PREMIUM]","[PREMIUM]","417","Grandstand Level 417","7",16,"[]","2026-08-29 00:00:00","sg_app","exchange",1,"[PREMIUM]","1,2,3,4,5,6,7,8,9,10,11,12,13,14,15,16"
"3q7fNJPGrlL","2026-07-20 23:53:30.235","2026-08-04 12:43:08.446","3q7fNJPGrlL","17691588","[PREMIUM]","[PREMIUM]","[PREMIUM]","430","Grandstand Level 430","7",4,"[]","2026-08-29 00:00:00","sg_app","exchange",2,"[PREMIUM]","1,2,3,4"
"4vXcj94aKk3","2026-07-20 23:53:30.235","2026-07-22 00:17:37.926","4vXcj94aKk3","17691588","[PREMIUM]","[PREMIUM]","[PREMIUM]","428","Grandstand Level 428","8",2,"[]","2026-08-29 00:00:00","sg_app","exchange",3,"[PREMIUM]","2"
"4vXcj94ReoV","2026-07-20 23:53:30.235","2026-07-28 10:32:14.169","4vXcj94ReoV","17691588","[PREMIUM]","[PREMIUM]","[PREMIUM]","111","Field Level 111","20",10,"[]","2026-08-28 00:00:00","sg_app","exchange",5,"[PREMIUM]","2,3,4,5,6,7,8,9,10"
"4vXcj94aKkk","2026-07-20 23:53:30.235","2026-07-22 00:17:37.926","4vXcj94aKkk","17691588","[PREMIUM]","[PREMIUM]","[PREMIUM]","412","Grandstand Level 412","7",2,"[]","2026-08-29 00:00:00","sg_app","exchange",4,"[PREMIUM]","2"
"4vXcj94aKvl","2026-07-20 23:53:30.235","2026-07-26 23:36:04.016","4vXcj94aKvl","17691588","[PREMIUM]","[PREMIUM]","[PREMIUM]","418","Grandstand Level 418","8",2,"[]","2026-08-29 00:00:00","sg_app","exchange",2,"[PREMIUM]","2"
"4vXcj94aowx","2026-07-20 23:53:30.235","2026-07-22 00:17:37.926","4vXcj94aowx","17691588","[PREMIUM]","[PREMIUM]","[PREMIUM]","412","Grandstand Level 412","13",2,"[]","2026-08-29 00:00:00","sg_app","exchange",3,"[PREMIUM]","2"
"4vXcj94a9ap","2026-07-20 23:53:30.235","2026-07-23 12:10:20.681","4vXcj94a9ap","17691588","[PREMIUM]","[PREMIUM]","[PREMIUM]","418","Grandstand Level 418","7",2,"[]","2026-08-28 00:00:00","sg_app","exchange",1,"[PREMIUM]","2"
"4vXcj94vBrz","2026-07-20 23:53:30.235","2026-07-28 10:32:14.169","4vXcj94vBrz","17691588","[PREMIUM]","[PREMIUM]","[PREMIUM]","417","Grandstand Level 417","9",6,"[]","2026-08-28 00:00:00","sg_app","exchange",2,"[PREMIUM]","2,4,6"
"4vXcj94vBrY","2026-07-20 23:53:30.235","2026-07-22 00:17:37.926","4vXcj94vBrY","17691588","[PREMIUM]","[PREMIUM]","[PREMIUM]","427","Grandstand Level 427","5",4,"[]","2026-08-28 00:00:00","sg_app","exchange",3,"[PREMIUM]","2,4"
"5EjuZ69GXvo","2026-07-20 23:53:30.235","2026-07-22 00:17:37.926","5EjuZ69GXvo","17691588","[PREMIUM]","[PREMIUM]","[PREMIUM]","412","Grandstand Level 412","7",2,"[]","2026-08-29 00:00:00","sg_app","exchange",4,"[PREMIUM]","2"
"5EjuZ69B0jJ","2026-07-20 23:53:30.235","2026-07-25 22:45:41.699","5EjuZ69B0jJ","17691588","[PREMIUM]","[PREMIUM]","[PREMIUM]","105","Field Level 105","14",2,"[]","2026-08-28 00:00:00","sg_app","exchange",2,"[PREMIUM]","2"
"5EjuZ69Mxjb","2026-07-20 23:53:30.235","2026-07-22 00:17:37.926","5EjuZ69Mxjb","17691588","[PREMIUM]","[PREMIUM]","[PREMIUM]","409","Grandstand Level 409","12",14,"[]","2026-08-28 00:00:00","sg_app","exchange",2,"[PREMIUM]","2,3,4,5,6,7,8,9,10,11,12,13,14"
"5EjuZ69B6AG","2026-07-20 23:53:30.235","2026-08-04 12:43:08.446","5EjuZ69B6AG","17691588","[PREMIUM]","[PREMIUM]","[PREMIUM]","429","Grandstand Level 429","8",12,"[]","2026-08-28 00:00:00","sg_app","exchange",1,"[PREMIUM]","1,2,3,4,5,6,7,8,9,10,12"
"6mOhkAxoKJ5","2026-07-20 23:53:30.235","2026-07-23 12:10:20.681","6mOhkAxoKJ5","17691588","[PREMIUM]","[PREMIUM]","[PREMIUM]","111","Field Level 111","21",11,"[]","2026-08-29 00:00:00","sg_app","exchange",3,"[PREMIUM]","1,2,3,4,5,6,7,8,9,10,11"
"6mOhkAxo9JD","2026-07-20 23:53:30.235","2026-07-23 12:10:20.681","6mOhkAxo9JD","17691588","[PREMIUM]","[PREMIUM]","[PREMIUM]","112","Field Level 112","14",4,"[]","2026-08-28 00:00:00","sg_app","exchange",4,"[PREMIUM]","2,4"
"6mOhkAxE5aV","2026-07-20 23:53:30.235","2026-07-31 14:14:50.486","6mOhkAxE5aV","17691588","[PREMIUM]","[PREMIUM]","[PREMIUM]","421","Grandstand Level 421","10",8,"[]","2026-08-29 00:00:00","sg_app","exchange",1,"[PREMIUM]","1,2,3,4,5,6,7,8"
"6mOhkAxMEDr","2026-07-20 23:53:30.235","2026-07-28 10:32:14.169","6mOhkAxMEDr","17691588","[PREMIUM]","[PREMIUM]","[PREMIUM]","306","Terrace Level 306","7",5,"[]","2026-08-28 00:00:00","sg_app","exchange",5,"[PREMIUM]","1,2,3,5"
"6mOhkAxjDJP","2026-07-20 23:53:30.235","2026-07-31 14:14:50.486","6mOhkAxjDJP","17691588","[PREMIUM]","[PREMIUM]","[PREMIUM]","229","Main Level 229","13",12,"[]","2026-08-28 00:00:00","sg_app","exchange",0,"[PREMIUM]","2,3,4,5,6,7,8,9,10,11,12"
"6mOhkAxaLM4","2026-07-20 23:53:30.235","2026-07-25 22:45:41.699","6mOhkAxaLM4","17691588","[PREMIUM]","[PREMIUM]","[PREMIUM]","418","Grandstand Level 418","8",2,"[]","2026-08-28 00:00:00","sg_app","exchange",2,"[PREMIUM]","2"
"6mOhkAxaLMl","2026-07-20 23:53:30.235","2026-07-22 00:17:37.926","6mOhkAxaLMl","17691588","[PREMIUM]","[PREMIUM]","[PREMIUM]","428","Grandstand Level 428","8",4,"[]","2026-08-28 00:00:00","sg_app","exchange",4,"[PREMIUM]","2,4"
"6mOhkAxEAEx","2026-07-20 23:53:30.235","2026-08-04 12:43:08.446","6mOhkAxEAEx","17691588","[PREMIUM]","[PREMIUM]","[PREMIUM]","418","Grandstand Level 418","10",12,"[]","2026-08-28 00:00:00","sg_app","exchange",1,"[PREMIUM]","1,2,3,4,5,6,7,8,9,10,12"
"6mOhkAxE5pE","2026-07-20 23:53:30.235","2026-08-04 12:43:08.446","6mOhkAxE5pE","17691588","[PREMIUM]","[PREMIUM]","[PREMIUM]","413","Grandstand Level 413","11",8,"[]","2026-08-29 00:00:00","sg_app","exchange",1,"[PREMIUM]","1,2,3,4,5,6,7,8"
"6mOhkAxE5p8","2026-07-20 23:53:30.235","2026-08-04 12:43:08.446","6mOhkAxE5p8","17691588","[PREMIUM]","[PREMIUM]","[PREMIUM]","430","Grandstand Level 430","4",4,"[]","2026-08-29 00:00:00","sg_app","exchange",2,"[PREMIUM]","1,2,3,4"
"7KntAloLlL7","2026-07-20 23:53:30.235","2026-07-22 00:17:37.926","7KntAloLlL7","17691588","[PREMIUM]","[PREMIUM]","[PREMIUM]","427","Grandstand Level 427","5",4,"[]","2026-08-28 00:00:00","sg_app","exchange",2,"[PREMIUM]","2,4"
"7KntAloqL9K","2026-07-20 23:53:30.235","2026-07-22 00:17:37.926","7KntAloqL9K","17691588","[PREMIUM]","[PREMIUM]","[PREMIUM]","414","Grandstand Level 414","14",12,"[]","2026-08-29 00:00:00","sg_app","exchange",2,"[PREMIUM]","1,2,3,4,5,6,7,8,9,10,11,12"
"7KntAloL8w4","2026-07-20 23:53:30.235","2026-07-22 00:17:37.926","7KntAloL8w4","17691588","[PREMIUM]","[PREMIUM]","[PREMIUM]","420B","Grandstand Level 420 B","8",8,"[]","2026-08-29 00:00:00","sg_app","exchange",2,"[PREMIUM]","1,2,3,4,5,6,7,8"
"7KntAlov4VB","2026-07-20 23:53:30.235","2026-07-23 06:51:01.196","7KntAlov4VB","17691588","[PREMIUM]","[PREMIUM]","[PREMIUM]","410","Grandstand Level 410","6",6,"[]","2026-08-29 00:00:00","sg_app","exchange",3,"[PREMIUM]","1,2,3,4,5,6"
"7KntAloLR4b","2026-07-20 23:53:30.235","2026-07-28 10:32:14.169","7KntAloLR4b","17691588","[PREMIUM]","[PREMIUM]","[PREMIUM]","417","Grandstand Level 417","11",5,"[]","2026-08-29 00:00:00","sg_app","exchange",1,"[PREMIUM]","1,2,3,4,5"
"8lKt6Y23Rek","2026-07-20 23:53:30.235","2026-07-28 10:32:14.169","8lKt6Y23Rek","17691588","[PREMIUM]","[PREMIUM]","[PREMIUM]","132","Field Level 132","2",2,"[]","2026-08-29 00:00:00","sg_app","exchange",2,"[PREMIUM]","2"
"8lKt6Y2eYBg","2026-07-20 23:53:30.235","2026-07-22 00:17:37.926","8lKt6Y2eYBg","17691588","[PREMIUM]","[PREMIUM]","[PREMIUM]","112","Field Level 112","10",2,"[]","2026-08-29 00:00:00","sg_app","exchange",4,"[PREMIUM]","2"
"8lKt6Y2KYKZ","2026-07-20 23:53:30.235","2026-07-22 00:17:37.926","8lKt6Y2KYKZ","17691588","[PREMIUM]","[PREMIUM]","[PREMIUM]","412","Grandstand Level 412","7",2,"[]","2026-08-28 00:00:00","sg_app","exchange",3,"[PREMIUM]","2"
"8lKt6Y2rnPz","2026-07-20 23:53:30.235","2026-07-28 10:32:14.169","8lKt6Y2rnPz","17691588","[PREMIUM]","[PREMIUM]","[PREMIUM]","411","Grandstand Level 411","12",5,"[]","2026-08-28 00:00:00","sg_app","exchange",4,"[PREMIUM]","2,3,4,5"
"9P2c5qP9BYV","2026-07-20 23:53:30.235","2026-07-28 10:32:14.169","9P2c5qP9BYV","17691588","[PREMIUM]","[PREMIUM]","[PREMIUM]","322","Terrace Level 322","3",9,"[]","2026-08-28 00:00:00","sg_app","exchange",3,"[PREMIUM]","2,3,4,5,6,7,8,9"
"9P2c5qPwL9x","2026-07-20 23:53:30.235","2026-07-22 00:17:37.926","9P2c5qPwL9x","17691588","[PREMIUM]","[PREMIUM]","[PREMIUM]","409","Grandstand Level 409","3",4,"[]","2026-08-29 00:00:00","sg_app","exchange",1,"[PREMIUM]","1,2,3,4"
"9P2c5qPbnN7","2026-07-20 23:53:30.235","2026-07-26 23:36:04.016","9P2c5qPbnN7","17691588","[PREMIUM]","[PREMIUM]","[PREMIUM]","423","Grandstand Level 423","5",4,"[]","2026-08-29 00:00:00","sg_app","exchange",1,"[PREMIUM]","1,2,3,4"
"9P2c5qPbqbR","2026-07-20 23:53:30.235","2026-07-26 23:36:04.016","9P2c5qPbqbR","17691588","[PREMIUM]","[PREMIUM]","[PREMIUM]","419","Grandstand Level 419","10",3,"[]","2026-08-28 00:00:00","sg_app","exchange",1,"[PREMIUM]","3"
"9P2c5qPN6Xp","2026-07-20 23:53:30.235","2026-07-22 00:17:37.926","9P2c5qPN6Xp","17691588","[PREMIUM]","[PREMIUM]","[PREMIUM]","428","Grandstand Level 428","8",2,"[]","2026-08-28 00:00:00","sg_app","exchange",4,"[PREMIUM]","2"
"9P2c5qPN6Xa","2026-07-20 23:53:30.235","2026-07-28 10:32:14.169","9P2c5qPN6Xa","17691588","[PREMIUM]","[PREMIUM]","[PREMIUM]","418","Grandstand Level 418","10",12,"[]","2026-08-28 00:00:00","sg_app","exchange",2,"[PREMIUM]","1,2,3,4,5,6,7,8,9,10,12"
"9P2c5qPMOlZ","2026-07-20 23:53:30.235","2026-07-23 12:10:20.681","9P2c5qPMOlZ","17691588","[PREMIUM]","[PREMIUM]","[PREMIUM]","111","Field Level 111","21",11,"[]","2026-08-28 00:00:00","sg_app","exchange",4,"[PREMIUM]","2,3,4,5,6,7,8,9,10,11"
"9P2c5qPXbgY","2026-07-20 23:53:30.235","2026-07-28 10:32:14.169","9P2c5qPXbgY","17691588","[PREMIUM]","[PREMIUM]","[PREMIUM]","306","Terrace Level 306","6",19,"[]","2026-08-28 00:00:00","sg_app","exchange",5,"[PREMIUM]","2,3,4,5,6,7,8,9,10,11,12,13,14,15,16,17,18,19"
"9P2c5qPwLzx","2026-07-20 23:53:30.235","2026-07-22 00:17:37.926","9P2c5qPwLzx","17691588","[PREMIUM]","[PREMIUM]","[PREMIUM]","427","Grandstand Level 427","5",4,"[]","2026-08-29 00:00:00","sg_app","exchange",2,"[PREMIUM]","1,2,3,4"
"9P2c5qPbnev","2026-07-20 23:53:30.235","2026-08-04 12:43:08.446","9P2c5qPbnev","17691588","[PREMIUM]","[PREMIUM]","[PREMIUM]","413","Grandstand Level 413","12",4,"[]","2026-08-29 00:00:00","sg_app","exchange",1,"[PREMIUM]","1,2,3,4"
"9P2c5qPbneG","2026-07-20 23:53:30.235","2026-08-04 12:43:08.446","9P2c5qPbneG","17691588","[PREMIUM]","[PREMIUM]","[PREMIUM]","430","Grandstand Level 430","4",4,"[]","2026-08-29 00:00:00","sg_app","exchange",2,"[PREMIUM]","1,2,3,4"
"9P2c5qPNnkl","2026-07-20 23:53:30.235","2026-08-04 12:43:08.446","9P2c5qPNnkl","17691588","[PREMIUM]","[PREMIUM]","[PREMIUM]","113","Field Level 113","8",2,"['9','10']","2026-08-29 00:00:00","sg_app","exchange",0,"[PREMIUM]","2"
"9P2c5qPKVaY","2026-07-20 23:53:30.235","2026-08-04 12:43:08.446","9P2c5qPKVaY","17691588","[PREMIUM]","[PREMIUM]","[PREMIUM]","424","Grandstand Level 424","10",2,"[]","2026-08-29 00:00:00","sg_app","exchange",1,"[PREMIUM]","2"
"9P2c5qPv9oe","2026-07-20 23:53:30.235","2026-08-04 12:43:08.446","9P2c5qPv9oe","17691588","[PREMIUM]","[PREMIUM]","[PREMIUM]","110","Field Level 110","19",6,"[]","2026-08-28 00:00:00","sg_app","exchange",1,"[PREMIUM]","2,4,6"
"A6rs27VKo0A","2026-07-20 23:53:30.235","2026-07-22 00:17:37.926","A6rs27VKo0A","17691588","[PREMIUM]","[PREMIUM]","[PREMIUM]","112","Field Level 112","2",2,"[]","2026-08-29 00:00:00","sg_app","exchange",5,"[PREMIUM]","2"
"A6rs27VAPzE","2026-07-20 23:53:30.235","2026-07-28 10:32:14.169","A6rs27VAPzE","17691588","[PREMIUM]","[PREMIUM]","[PREMIUM]","410","Grandstand Level 410","5",4,"[]","2026-08-28 00:00:00","sg_app","exchange",4,"[PREMIUM]","2,4"
"A6rs27Vzqda","2026-07-20 23:53:30.235","2026-08-04 12:43:08.446","A6rs27Vzqda","17691588","[PREMIUM]","[PREMIUM]","[PREMIUM]","406","Grandstand Level 406","14",4,"[]","2026-08-29 00:00:00","sg_app","exchange",1,"[PREMIUM]","1,2,3,4"
"A6rs27Va7a3","2026-07-20 23:53:30.235","2026-08-04 12:43:08.446","A6rs27Va7a3","17691588","[PREMIUM]","[PREMIUM]","[PREMIUM]","329","Terrace Level 329","3",3,"[]","2026-08-28 00:00:00","sg_app","exchange",1,"[PREMIUM]","3"
"BALImXjdzoJ","2026-07-20 23:53:30.235","2026-07-22 00:17:37.926","BALImXjdzoJ","17691588","[PREMIUM]","[PREMIUM]","[PREMIUM]","211","Main Level 211","9",4,"[]","2026-08-29 00:00:00","sg_app","exchange",1,"[PREMIUM]","1,2,3,4"
"BALImXjdzL0","2026-07-20 23:53:30.235","2026-07-23 06:51:01.196","BALImXjdzL0","17691588","[PREMIUM]","[PREMIUM]","[PREMIUM]","420A","Grandstand Level 420 A","9",10,"[]","2026-08-29 00:00:00","sg_app","exchange",1,"[PREMIUM]","1,2,3,4,5,6,7,8,9,10"
"BALImXjrGkG","2026-07-20 23:53:30.235","2026-07-28 10:32:14.169","BALImXjrGkG","17691588","[PREMIUM]","[PREMIUM]","[PREMIUM]","413","Grandstand Level 413","12",4,"[]","2026-08-28 00:00:00","sg_app","exchange",3,"[PREMIUM]","2,4"
"BALImXjdzA0","2026-07-20 23:53:30.235","2026-07-25 22:45:41.699","BALImXjdzA0","17691588","[PREMIUM]","[PREMIUM]","[PREMIUM]","413","Grandstand Level 413","5",3,"[]","2026-08-29 00:00:00","sg_app","exchange",2,"[PREMIUM]","1,2,3"
"BALImXjYXYg","2026-07-20 23:53:30.235","2026-08-04 12:43:08.446","BALImXjYXYg","17691588","[PREMIUM]","[PREMIUM]","[PREMIUM]","411","Grandstand Level 411","12",5,"[]","2026-08-28 00:00:00","sg_app","exchange",2,"[PREMIUM]","2,3,4,5"
"DdwHkOJM2gp","2026-07-20 23:53:30.235","2026-07-20 23:53:30.235","DdwHkOJM2gp","17691588","[PREMIUM]","[PREMIUM]","[PREMIUM]","112","Field Level 112","4",2,"[]","2026-08-29 00:00:00","sg_app","exchange",5,"[PREMIUM]","2"
"DdwHkOJrYeK","2026-07-20 23:53:30.235","2026-07-28 10:32:14.169","DdwHkOJrYeK","17691588","[PREMIUM]","[PREMIUM]","[PREMIUM]","410","Grandstand Level 410","7",14,"[]","2026-08-28 00:00:00","sg_app","exchange",4,"[PREMIUM]","1,2,3,4,5,6,7,8,9,10,11,12,14"
"DdwHkOJoOoR","2026-07-20 23:53:30.235","2026-07-25 22:45:41.699","DdwHkOJoOoR","17691588","[PREMIUM]","[PREMIUM]","[PREMIUM]","105","Field Level 105","14",2,"[]","2026-08-28 00:00:00","sg_app","exchange",1,"[PREMIUM]","2"
"DdwHkOJoOjR","2026-07-20 23:53:30.235","2026-07-25 22:45:41.699","DdwHkOJoOjR","17691588","[PREMIUM]","[PREMIUM]","[PREMIUM]","420A","Grandstand Level 420 A","11",3,"[]","2026-08-28 00:00:00","sg_app","exchange",1,"[PREMIUM]","3"
"EroUXnBz9eG","2026-07-20 23:53:30.235","2026-07-23 12:10:20.681","EroUXnBz9eG","17691588","[PREMIUM]","[PREMIUM]","[PREMIUM]","427","Grandstand Level 427","11",2,"[]","2026-08-28 00:00:00","sg_app","exchange",3,"[PREMIUM]","2"
"EroUXnBYK0m","2026-07-20 23:53:30.235","2026-07-23 06:51:01.196","EroUXnBYK0m","17691588","[PREMIUM]","[PREMIUM]","[PREMIUM]","105","Field Level 105","9",4,"[]","2026-08-29 00:00:00","sg_app","exchange",2,"[PREMIUM]","1,2,3,4"
"EroUXnBkLaj","2026-07-20 23:53:30.235","2026-07-20 23:53:30.235","EroUXnBkLaj","17691588","[PREMIUM]","[PREMIUM]","[PREMIUM]","416","Grandstand Level 416","11",4,"[]","2026-08-29 00:00:00","sg_app","exchange",3,"[PREMIUM]","1,2,3,4"
"EroUXnBmY8K","2026-07-20 23:53:30.235","2026-07-28 10:32:14.169","EroUXnBmY8K","17691588","[PREMIUM]","[PREMIUM]","[PREMIUM]","212","Main Level 212","11",6,"[]","2026-08-28 00:00:00","sg_app","exchange",4,"[PREMIUM]","2,3,4,5,6"
"EroUXnBrnrv","2026-07-20 23:53:30.235","2026-07-25 22:45:41.699","EroUXnBrnrv","17691588","[PREMIUM]","[PREMIUM]","[PREMIUM]","418","Grandstand Level 418","8",2,"[]","2026-08-28 00:00:00","sg_app","exchange",1,"[PREMIUM]","2"
"EroUXnBrEzB","2026-07-20 23:53:30.235","2026-07-26 23:36:04.016","EroUXnBrEzB","17691588","[PREMIUM]","[PREMIUM]","[PREMIUM]","419","Grandstand Level 419","5",4,"[]","2026-08-29 00:00:00","sg_app","exchange",2,"[PREMIUM]","1,2,3,4"
"EroUXnBAXxr","2026-07-20 23:53:30.235","2026-08-04 12:43:08.446","EroUXnBAXxr","17691588","[PREMIUM]","[PREMIUM]","[PREMIUM]","432A","Grandstand Level 432 A","1",3,"[]","2026-08-29 00:00:00","sg_app","exchange",0,"[PREMIUM]","1,2,3"
"EroUXnBrEVz","2026-07-20 23:53:30.235","2026-08-04 12:43:08.446","EroUXnBrEVz","17691588","[PREMIUM]","[PREMIUM]","[PREMIUM]","413","Grandstand Level 413","8",12,"[]","2026-08-29 00:00:00","sg_app","exchange",1,"[PREMIUM]","1,2,3,4,5,6,7,8,9,10,11,12"
"EroUXnBrEV0","2026-07-20 23:53:30.235","2026-08-04 12:43:08.446","EroUXnBrEV0","17691588","[PREMIUM]","[PREMIUM]","[PREMIUM]","429","Grandstand Level 429","8",9,"[]","2026-08-29 00:00:00","sg_app","exchange",1,"[PREMIUM]","1,2,3,4,5,6,7,8,9"
"EroUXnB5o4O","2026-07-20 23:53:30.235","2026-08-04 12:43:08.446","EroUXnB5o4O","17691588","[PREMIUM]","[PREMIUM]","[PREMIUM]","418","Grandstand Level 418","3",2,"['7','8']","2026-08-29 00:00:00","sg_app","exchange",0,"[PREMIUM]","2"
"EroUXnB5opR","2026-07-20 23:53:30.235","2026-08-04 12:43:08.446","EroUXnB5opR","17691588","[PREMIUM]","[PREMIUM]","[PREMIUM]","418","Grandstand Level 418","3",5,"['13','14','15','16','17']","2026-08-29 00:00:00","sg_app","exchange",0,"[PREMIUM]","1,2,3,5"
"GAaI62A094a","2026-07-20 23:53:30.235","2026-07-28 10:32:14.169","GAaI62A094a","17691588","[PREMIUM]","[PREMIUM]","[PREMIUM]","112","Field Level 112","9",4,"[]","2026-08-29 00:00:00","sg_app","exchange",4,"[PREMIUM]","1,2,3,4"
"GAaI62Av2vB","2026-07-20 23:53:30.235","2026-07-25 22:45:41.699","GAaI62Av2vB","17691588","[PREMIUM]","[PREMIUM]","[PREMIUM]","105","Field Level 105","14",2,"[]","2026-08-28 00:00:00","sg_app","exchange",1,"[PREMIUM]","2"
"GAaI62Av2jB","2026-07-20 23:53:30.235","2026-08-04 12:43:08.446","GAaI62Av2jB","17691588","[PREMIUM]","[PREMIUM]","[PREMIUM]","430","Grandstand Level 430","8",2,"[]","2026-08-28 00:00:00","sg_app","exchange",2,"[PREMIUM]","2"
"JABI39oN8Kb","2026-07-20 23:53:30.235","2026-07-23 12:10:20.681","JABI39oN8Kb","17691588","[PREMIUM]","[PREMIUM]","[PREMIUM]","105","Field Level 105","9",4,"[]","2026-08-28 00:00:00","sg_app","exchange",3,"[PREMIUM]","2,4"
"JABI39ok2AY","2026-07-20 23:53:30.235","2026-07-20 23:53:30.235","JABI39ok2AY","17691588","[PREMIUM]","[PREMIUM]","[PREMIUM]","406","Grandstand Level 406","14",3,"[]","2026-08-29 00:00:00","sg_app","exchange",2,"[PREMIUM]","1,2,3"
"JABI39oa9ab","2026-07-20 23:53:30.235","2026-07-31 14:14:50.486","JABI39oa9ab","17691588","[PREMIUM]","[PREMIUM]","[PREMIUM]","421","Grandstand Level 421","10",8,"[]","2026-08-28 00:00:00","sg_app","exchange",0,"[PREMIUM]","2,3,4,5,6,7,8"
"JABI39oaARX","2026-07-20 23:53:30.235","2026-07-25 22:45:41.699","JABI39oaARX","17691588","[PREMIUM]","[PREMIUM]","[PREMIUM]","105","Field Level 105","14",2,"[]","2026-08-29 00:00:00","sg_app","exchange",1,"[PREMIUM]","2"
"JABI39oaO6m","2026-07-20 23:53:30.235","2026-07-28 10:32:14.169","JABI39oaO6m","17691588","[PREMIUM]","[PREMIUM]","[PREMIUM]","416","Grandstand Level 416","11",4,"[]","2026-08-29 00:00:00","sg_app","exchange",1,"[PREMIUM]","1,2,3,4"
"JABI39oknxR","2026-07-20 23:53:30.235","2026-07-26 23:36:04.016","JABI39oknxR","17691588","[PREMIUM]","[PREMIUM]","[PREMIUM]","423","Grandstand Level 423","7",6,"[]","2026-08-28 00:00:00","sg_app","exchange",2,"[PREMIUM]","2,3,4,5,6"
"JABI39opEN2","2026-07-20 23:53:30.235","2026-07-20 23:53:30.235","JABI39opEN2","17691588","[PREMIUM]","[PREMIUM]","[PREMIUM]","CFSB1","Center Field Sports Bar 1","3",5,"[]","2026-08-28 00:00:00","sg_app","exchange",2,"[PREMIUM]","2,3,4,5"
"JABI39oknxG","2026-07-20 23:53:30.235","2026-07-22 00:17:37.926","JABI39oknxG","17691588","[PREMIUM]","[PREMIUM]","[PREMIUM]","428","Grandstand Level 428","8",4,"[]","2026-08-28 00:00:00","sg_app","exchange",4,"[PREMIUM]","2,4"
"Kezcz6LgDxR","2026-07-20 23:53:30.235","2026-07-23 12:10:20.681","Kezcz6LgDxR","17691588","[PREMIUM]","[PREMIUM]","[PREMIUM]","211","Main Level 211","10",6,"[]","2026-08-29 00:00:00","sg_app","exchange",1,"[PREMIUM]","1,2,3,4,5,6"
"Kezcz6Lom4j","2026-07-20 23:53:30.235","2026-07-28 10:32:14.169","Kezcz6Lom4j","17691588","[PREMIUM]","[PREMIUM]","[PREMIUM]","430","Grandstand Level 430","4",4,"[]","2026-08-28 00:00:00","sg_app","exchange",4,"[PREMIUM]","2,4"
"Kezcz6Lgno3","2026-07-20 23:53:30.235","2026-08-04 12:43:08.446","Kezcz6Lgno3","17691588","[PREMIUM]","[PREMIUM]","[PREMIUM]","425","Grandstand Level 425","9",4,"[]","2026-08-29 00:00:00","sg_app","exchange",1,"[PREMIUM]","1,2,3,4"
"JABI39orp0l","2026-07-20 23:53:30.235","2026-08-04 12:43:08.446","JABI39orp0l","17691588","[PREMIUM]","[PREMIUM]","[PREMIUM]","418","Grandstand Level 418","10",17,"[]","2026-08-29 00:00:00","sg_app","exchange",1,"[PREMIUM]","1,2,3,4,5,6,7,8,9,10,11,12,13,14,15,16,17"
"JABI39orPpv","2026-07-20 23:53:30.235","2026-08-04 12:43:08.446","JABI39orPpv","17691588","[PREMIUM]","[PREMIUM]","[PREMIUM]","314","Terrace Level 314","5",2,"[]","2026-08-29 00:00:00","sg_app","exchange",1,"[PREMIUM]","2"
"JABI39oaOkv","2026-07-20 23:53:30.235","2026-08-04 12:43:08.446","JABI39oaOkv","17691588","[PREMIUM]","[PREMIUM]","[PREMIUM]","423","Grandstand Level 423","7",6,"[]","2026-08-29 00:00:00","sg_app","exchange",1,"[PREMIUM]","1,2,3,4,5,6"
"JABI39oaO6B","2026-07-20 23:53:30.235","2026-08-04 12:43:08.446","JABI39oaO6B","17691588","[PREMIUM]","[PREMIUM]","[PREMIUM]","430","Grandstand Level 430","6",8,"[]","2026-08-29 00:00:00","sg_app","exchange",2,"[PREMIUM]","1,2,3,4,5,6,7,8"
"JABI39oaL4X","2026-07-20 23:53:30.235","2026-08-04 12:43:08.446","JABI39oaL4X","17691588","[PREMIUM]","[PREMIUM]","[PREMIUM]","428","Grandstand Level 428","10",2,"[]","2026-08-29 00:00:00","sg_app","exchange",1,"[PREMIUM]","2"
"Kezcz6Lg6gl","2026-07-20 23:53:30.235","2026-08-04 12:43:08.446","Kezcz6Lg6gl","17691588","[PREMIUM]","[PREMIUM]","[PREMIUM]","423","Grandstand Level 423","7",2,"[]","2026-08-28 00:00:00","sg_app","exchange",2,"[PREMIUM]","2"
"LbviLEap3DA","2026-07-20 23:53:30.235","2026-07-22 00:17:37.926","LbviLEap3DA","17691588","[PREMIUM]","[PREMIUM]","[PREMIUM]","122","Field MVP 122","15",3,"[]","2026-08-29 00:00:00","sg_app","exchange",2,"[PREMIUM]","1,2,3"
"LbviLEaPjpp","2026-07-20 23:53:30.235","2026-07-28 10:32:14.169","LbviLEaPjpp","17691588","[PREMIUM]","[PREMIUM]","[PREMIUM]","417","Grandstand Level 417","7",16,"[]","2026-08-28 00:00:00","sg_app","exchange",2,"[PREMIUM]","2,3,4,5,6,7,8,9,10,11,12,13,14,15,16"
"LbviLEaPjp8","2026-07-20 23:53:30.235","2026-07-28 10:32:14.169","LbviLEaPjp8","17691588","[PREMIUM]","[PREMIUM]","[PREMIUM]","425","Grandstand Level 425","9",6,"[]","2026-08-28 00:00:00","sg_app","exchange",2,"[PREMIUM]","2,3,4,5,6"
"LbviLEaOKPk","2026-07-20 23:53:30.235","2026-07-23 12:10:20.681","LbviLEaOKPk","17691588","[PREMIUM]","[PREMIUM]","[PREMIUM]","418","Grandstand Level 418","1",5,"[]","2026-08-29 00:00:00","sg_app","exchange",0,"[PREMIUM]","1,2,3,4,5"
"LbviLEaOK4b","2026-07-20 23:53:30.235","2026-07-22 00:17:37.926","LbviLEaOK4b","17691588","[PREMIUM]","[PREMIUM]","[PREMIUM]","428","Grandstand Level 428","8",4,"[]","2026-08-29 00:00:00","sg_app","exchange",3,"[PREMIUM]","1,2,3,4"
"LbviLEaOEON","2026-07-20 23:53:30.235","2026-07-22 00:17:37.926","LbviLEaOEON","17691588","[PREMIUM]","[PREMIUM]","[PREMIUM]","417","Grandstand Level 417","7",2,"[]","2026-08-28 00:00:00","sg_app","exchange",5,"[PREMIUM]","2"
"LbviLEaO7dL","2026-07-20 23:53:30.235","2026-07-22 00:17:37.926","LbviLEaO7dL","17691588","[PREMIUM]","[PREMIUM]","[PREMIUM]","418","Grandstand Level 418","13",12,"[]","2026-08-29 00:00:00","sg_app","exchange",2,"[PREMIUM]","1,2,3,4,5,6,7,8,9,10,11,12"
"LbviLEaO5rE","2026-07-20 23:53:30.235","2026-08-04 12:43:08.446","LbviLEaO5rE","17691588","[PREMIUM]","[PREMIUM]","[PREMIUM]","428","Grandstand Level 428","10",2,"[]","2026-08-29 00:00:00","sg_app","exchange",1,"[PREMIUM]","2"
"LbviLEaplja","2026-07-20 23:53:30.235","2026-08-04 12:43:08.446","LbviLEaplja","17691588","[PREMIUM]","[PREMIUM]","[PREMIUM]","433","Grandstand Level 433","9",11,"[]","2026-08-29 00:00:00","sg_app","exchange",1,"[PREMIUM]","1,2,3,4,5,6,7,8,9,10,11"
"LbviLEaOKwj","2026-07-20 23:53:30.235","2026-08-04 12:43:08.446","LbviLEaOKwj","17691588","[PREMIUM]","[PREMIUM]","[PREMIUM]","411","Grandstand Level 411","7",7,"[]","2026-08-29 00:00:00","sg_app","exchange",2,"[PREMIUM]","1,2,3,4,5,6,7"
"MAeIPlD4k0O","2026-07-20 23:53:30.235","2026-07-25 22:45:41.699","MAeIPlD4k0O","17691588","[PREMIUM]","[PREMIUM]","[PREMIUM]","105","Field Level 105","14",2,"[]","2026-08-29 00:00:00","sg_app","exchange",1,"[PREMIUM]","2"
"MAeIPlDR4g7","2026-07-20 23:53:30.235","2026-08-01 14:06:28.473","MAeIPlDR4g7","17691588","[PREMIUM]","[PREMIUM]","[PREMIUM]","314","Terrace Level 314","7",13,"[]","2026-08-28 00:00:00","sg_app","exchange",1,"[PREMIUM]","2,3,4,5,6,7,8,9,10,11,12,13"
"MAeIPlDKdLk","2026-07-20 23:53:30.235","2026-07-22 00:17:37.926","MAeIPlDKdLk","17691588","[PREMIUM]","[PREMIUM]","[PREMIUM]","214B","Main Level 214 B","19",2,"[]","2026-08-29 00:00:00","sg_app","exchange",2,"[PREMIUM]","2"
"MAeIPlDdldE","2026-07-20 23:53:30.235","2026-07-22 00:17:37.926","MAeIPlDdldE","17691588","[PREMIUM]","[PREMIUM]","[PREMIUM]","412","Grandstand Level 412","7",4,"[]","2026-08-28 00:00:00","sg_app","exchange",3,"[PREMIUM]","2,4"
"MAeIPlDdgL2","2026-07-20 23:53:30.235","2026-07-20 23:53:30.235","MAeIPlDdgL2","17691588","[PREMIUM]","[PREMIUM]","[PREMIUM]","416","Grandstand Level 416","11",2,"[]","2026-08-29 00:00:00","sg_app","exchange",3,"[PREMIUM]","2"
"MAeIPlD4p5J","2026-07-20 23:53:30.235","2026-07-28 10:32:14.169","MAeIPlD4p5J","17691588","[PREMIUM]","[PREMIUM]","[PREMIUM]","225","Main Level 225","17",2,"[]","2026-08-28 00:00:00","sg_app","exchange",3,"[PREMIUM]","2"
"NrqUv4Kb4bJ","2026-07-20 23:53:30.235","2026-07-22 00:17:37.926","NrqUv4Kb4bJ","17691588","[PREMIUM]","[PREMIUM]","[PREMIUM]","428","Grandstand Level 428","8",4,"[]","2026-08-28 00:00:00","sg_app","exchange",3,"[PREMIUM]","2,4"
"NrqUv4KJP4A","2026-07-20 23:53:30.235","2026-07-23 06:51:01.196","NrqUv4KJP4A","17691588","[PREMIUM]","[PREMIUM]","[PREMIUM]","132","Field Level 132","4",8,"[]","2026-08-29 00:00:00","sg_app","exchange",1,"[PREMIUM]","1,2,3,4,5,6,7,8"
"O7AhwrqL5V3","2026-07-20 23:53:30.235","2026-07-23 06:51:01.196","O7AhwrqL5V3","17691588","[PREMIUM]","[PREMIUM]","[PREMIUM]","410","Grandstand Level 410","3",4,"[]","2026-08-29 00:00:00","sg_app","exchange",3,"[PREMIUM]","1,2,3,4"
"O7AhwrqL5OX","2026-07-20 23:53:30.235","2026-07-23 06:51:01.196","O7AhwrqL5OX","17691588","[PREMIUM]","[PREMIUM]","[PREMIUM]","428","Grandstand Level 428","8",20,"[]","2026-08-29 00:00:00","sg_app","exchange",2,"[PREMIUM]","1,2,3,4,5,6,7,8,9,10,11,12,13,14,15,16,17,18,19,20"
"O7Ahwrq3nOm","2026-07-20 23:53:30.235","2026-07-28 10:32:14.169","O7Ahwrq3nOm","17691588","[PREMIUM]","[PREMIUM]","[PREMIUM]","430","Grandstand Level 430","7",4,"[]","2026-08-28 00:00:00","sg_app","exchange",4,"[PREMIUM]","2,4"
"O7Ahwrq3Aop","2026-07-20 23:53:30.235","2026-07-20 23:53:30.235","O7Ahwrq3Aop","17691588","[PREMIUM]","[PREMIUM]","[PREMIUM]","223","Main Level 223","19",3,"[]","2026-08-29 00:00:00","sg_app","exchange",4,"[PREMIUM]","1,2,3"
"O7AhwrqlBxa","2026-07-20 23:53:30.235","2026-08-04 12:43:08.446","O7AhwrqlBxa","17691588","[PREMIUM]","[PREMIUM]","[PREMIUM]","329","Terrace Level 329","3",3,"[]","2026-08-29 00:00:00","sg_app","exchange",1,"[PREMIUM]","1,2,3"
"O7Ahwrqlrl5","2026-07-20 23:53:30.235","2026-08-04 12:43:08.446","O7Ahwrqlrl5","17691588","[PREMIUM]","[PREMIUM]","[PREMIUM]","425","Grandstand Level 425","9",4,"[]","2026-08-28 00:00:00","sg_app","exchange",1,"[PREMIUM]","2,4"
"O7Ahwrqld5V","2026-07-20 23:53:30.235","2026-08-04 12:43:08.446","O7Ahwrqld5V","17691588","[PREMIUM]","[PREMIUM]","[PREMIUM]","418","Grandstand Level 418","10",2,"[]","2026-08-29 00:00:00","sg_app","exchange",1,"[PREMIUM]","2"
"O7AhwrqlJ3e","2026-07-20 23:53:30.235","2026-08-04 12:43:08.446","O7AhwrqlJ3e","17691588","[PREMIUM]","[PREMIUM]","[PREMIUM]","427","Grandstand Level 427","1",2,"[]","2026-08-29 00:00:00","sg_app","exchange",1,"[PREMIUM]","2"
"PX0sgLbjk7v","2026-07-20 23:53:30.235","2026-07-25 22:45:41.699","PX0sgLbjk7v","17691588","[PREMIUM]","[PREMIUM]","[PREMIUM]","420A","Grandstand Level 420 A","11",3,"[]","2026-08-28 00:00:00","sg_app","exchange",2,"[PREMIUM]","3"
"PX0sgLbYBBj","2026-07-20 23:53:30.235","2026-07-31 14:14:50.486","PX0sgLbYBBj","17691588","[PREMIUM]","[PREMIUM]","[PREMIUM]","229","Main Level 229","13",12,"[]","2026-08-29 00:00:00","sg_app","exchange",0,"[PREMIUM]","1,2,3,4,5,6,7,8,9,10,11,12"
"PX0sgLbjLEA","2026-07-20 23:53:30.235","2026-08-04 12:43:08.446","PX0sgLbjLEA","17691588","[PREMIUM]","[PREMIUM]","[PREMIUM]","430","Grandstand Level 430","7",2,"[]","2026-08-28 00:00:00","sg_app","exchange",3,"[PREMIUM]","2"
"ROXHzwXJ6b3","2026-07-20 23:53:30.235","2026-07-22 00:17:37.926","ROXHzwXJ6b3","17691588","[PREMIUM]","[PREMIUM]","[PREMIUM]","407A","Grandstand Level 407 A","9",6,"[]","2026-08-29 00:00:00","sg_app","exchange",1,"[PREMIUM]","1,2,3,4,5,6"
"ROXHzwX448O","2026-07-20 23:53:30.235","2026-07-28 10:32:14.169","ROXHzwX448O","17691588","[PREMIUM]","[PREMIUM]","[PREMIUM]","110","Field Level 110","19",6,"[]","2026-08-28 00:00:00","sg_app","exchange",3,"[PREMIUM]","2,4,6"
"ROXHzwXVl2k","2026-07-20 23:53:30.235","2026-07-20 23:53:30.235","ROXHzwXVl2k","17691588","[PREMIUM]","[PREMIUM]","[PREMIUM]","CFSB1","Center Field Sports Bar 1","2",4,"[]","2026-08-29 00:00:00","sg_app","exchange",2,"[PREMIUM]","1,2,3,4"
"ROXHzwXBqA9","2026-07-20 23:53:30.235","2026-07-28 10:32:14.169","ROXHzwXBqA9","17691588","[PREMIUM]","[PREMIUM]","[PREMIUM]","329","Terrace Level 329","3",3,"[]","2026-08-28 00:00:00","sg_app","exchange",2,"[PREMIUM]","3"
"ROXHzwXbVmB","2026-07-20 23:53:30.235","2026-07-23 06:51:01.196","ROXHzwXbVmB","17691588","[PREMIUM]","[PREMIUM]","[PREMIUM]","430","Grandstand Level 430","7",4,"[]","2026-08-29 00:00:00","sg_app","exchange",3,"[PREMIUM]","1,2,3,4"
"ROXHzwXl98J","2026-07-20 23:53:30.235","2026-08-04 12:43:08.446","ROXHzwXl98J","17691588","[PREMIUM]","[PREMIUM]","[PREMIUM]","135","Field Level 135","11",7,"['1','2','3','4','5','6','7']","2026-08-29 00:00:00","sg_app","exchange",0,"[PREMIUM]","1,2,3,4,5,7"
"ROXHzwXBw4N","2026-07-20 23:53:30.235","2026-08-04 12:43:08.446","ROXHzwXBw4N","17691588","[PREMIUM]","[PREMIUM]","[PREMIUM]","430","Grandstand Level 430","7",4,"[]","2026-08-28 00:00:00","sg_app","exchange",1,"[PREMIUM]","2,4"
"V4KU0MKBaVk","2026-07-20 23:53:30.235","2026-07-20 23:53:30.235","V4KU0MKBaVk","17691588","[PREMIUM]","[PREMIUM]","[PREMIUM]","227A","Main Level 227 A","16",2,"[]","2026-08-29 00:00:00","sg_app","exchange",3,"[PREMIUM]","2"
"V4KU0MKGgOm","2026-07-20 23:53:30.235","2026-07-22 00:17:37.926","V4KU0MKGgOm","17691588","[PREMIUM]","[PREMIUM]","[PREMIUM]","410","Grandstand Level 410","12",12,"[]","2026-08-29 00:00:00","sg_app","exchange",4,"[PREMIUM]","1,2,3,4,5,6,7,8,9,10,11,12"
"V4KU0MKYvlP","2026-07-20 23:53:30.235","2026-07-28 10:32:14.169","V4KU0MKYvlP","17691588","[PREMIUM]","[PREMIUM]","[PREMIUM]","410","Grandstand Level 410","6",6,"[]","2026-08-28 00:00:00","sg_app","exchange",4,"[PREMIUM]","2,3,4,5,6"
"V4KU0MKBA2x","2026-07-20 23:53:30.235","2026-07-23 06:51:01.196","V4KU0MKBA2x","17691588","[PREMIUM]","[PREMIUM]","[PREMIUM]","430","Grandstand Level 430","6",8,"[]","2026-08-29 00:00:00","sg_app","exchange",3,"[PREMIUM]","1,2,3,4,5,6,7,8"
"X03tKj327xA","2026-07-20 23:53:30.235","2026-07-22 00:17:37.926","X03tKj327xA","17691588","[PREMIUM]","[PREMIUM]","[PREMIUM]","420A","Grandstand Level 420 A","9",4,"[]","2026-08-29 00:00:00","sg_app","exchange",2,"[PREMIUM]","1,2,3,4"
"X03tKj39dma","2026-07-20 23:53:30.235","2026-07-28 10:32:14.169","X03tKj39dma","17691588","[PREMIUM]","[PREMIUM]","[PREMIUM]","430","Grandstand Level 430","7",2,"[]","2026-08-28 00:00:00","sg_app","exchange",5,"[PREMIUM]","2"
"X03tKj39dXj","2026-07-20 23:53:30.235","2026-07-28 10:32:14.169","X03tKj39dXj","17691588","[PREMIUM]","[PREMIUM]","[PREMIUM]","411","Grandstand Level 411","7",7,"[]","2026-08-28 00:00:00","sg_app","exchange",4,"[PREMIUM]","2,3,4,5,6,7"
"X03tKj32VRZ","2026-07-20 23:53:30.235","2026-07-20 23:53:30.235","X03tKj32VRZ","17691588","[PREMIUM]","[PREMIUM]","[PREMIUM]","416","Grandstand Level 416","11",5,"[]","2026-08-29 00:00:00","sg_app","exchange",3,"[PREMIUM]","1,2,3,4,5"
"X03tKj32z09","2026-07-20 23:53:30.235","2026-07-23 12:10:20.681","X03tKj32z09","17691588","[PREMIUM]","[PREMIUM]","[PREMIUM]","211","Main Level 211","17",7,"[]","2026-08-29 00:00:00","sg_app","exchange",1,"[PREMIUM]","1,2,3,4,5,6,7"
"X03tKj3vRYg","2026-07-20 23:53:30.235","2026-07-23 06:51:01.196","X03tKj3vRYg","17691588","[PREMIUM]","[PREMIUM]","[PREMIUM]","417","Grandstand Level 417","3",3,"[]","2026-08-29 00:00:00","sg_app","exchange",1,"[PREMIUM]","1,2,3"
"V4KU0MKOqMq","2026-07-20 23:53:30.235","2026-08-04 12:43:08.446","V4KU0MKOqMq","17691588","[PREMIUM]","[PREMIUM]","[PREMIUM]","332B","Terrace Level 332 B","1",6,"[]","2026-08-29 00:00:00","sg_app","exchange",1,"[PREMIUM]","1,2,3,4,5,6"
"V4KU0MK3J7L","2026-07-20 23:53:30.235","2026-08-04 12:43:08.446","V4KU0MK3J7L","17691588","[PREMIUM]","[PREMIUM]","[PREMIUM]","407B","Grandstand Level 407 B","7",22,"['1','2','3','4','5','6','7','8','9','10','11','12','13','14','15','16','17','18','19','20','21','22']","2026-08-29 00:00:00","sg_app","exchange",0,"[PREMIUM]","1,2,3,4,5,6,7,8,9,10,11,12,13,14,15,16,17,18,19,20,22"
"X03tKj32j2P","2026-07-20 23:53:30.235","2026-08-04 12:43:08.446","X03tKj32j2P","17691588","[PREMIUM]","[PREMIUM]","[PREMIUM]","427","Grandstand Level 427","1",2,"[]","2026-08-28 00:00:00","sg_app","exchange",1,"[PREMIUM]","2"
"V4KU0MKGMGD","2026-07-20 23:53:30.235","2026-08-04 12:43:08.446","V4KU0MKGMGD","17691588","[PREMIUM]","[PREMIUM]","[PREMIUM]","410","Grandstand Level 410","5",4,"[]","2026-08-28 00:00:00","sg_app","exchange",2,"[PREMIUM]","2,4"
"X03tKj3v39M","2026-07-20 23:53:30.235","2026-08-04 12:43:08.446","X03tKj3v39M","17691588","[PREMIUM]","[PREMIUM]","[PREMIUM]","225","Main Level 225","17",2,"[]","2026-08-29 00:00:00","sg_app","exchange",1,"[PREMIUM]","2"
"YgJtk6J7Mpz","2026-07-20 23:53:30.235","2026-07-28 10:32:14.169","YgJtk6J7Mpz","17691588","[PREMIUM]","[PREMIUM]","[PREMIUM]","314","Terrace Level 314","7",13,"[]","2026-08-28 00:00:00","sg_app","exchange",3,"[PREMIUM]","2,3,4,5,6,7,8,9,10,11,12,13"
"YgJtk6Jr6r8","2026-07-20 23:53:30.235","2026-07-22 00:17:37.926","YgJtk6Jr6r8","17691588","[PREMIUM]","[PREMIUM]","[PREMIUM]","428","Grandstand Level 428","8",4,"[]","2026-08-28 00:00:00","sg_app","exchange",3,"[PREMIUM]","2,4"
"YgJtk6JLRYK","2026-07-20 23:53:30.235","2026-07-23 06:51:01.196","YgJtk6JLRYK","17691588","[PREMIUM]","[PREMIUM]","[PREMIUM]","417","Grandstand Level 417","7",16,"[]","2026-08-29 00:00:00","sg_app","exchange",1,"[PREMIUM]","1,2,3,4,5,6,7,8,9,10,11,12,13,14,15,16"
"YgJtk6JLRZk","2026-07-20 23:53:30.235","2026-07-23 06:51:01.196","YgJtk6JLRZk","17691588","[PREMIUM]","[PREMIUM]","[PREMIUM]","429","Grandstand Level 429","7",4,"[]","2026-08-29 00:00:00","sg_app","exchange",2,"[PREMIUM]","1,2,3,4"
"YgJtk6Jpja0","2026-07-20 23:53:30.235","2026-08-04 12:43:08.446","YgJtk6Jpja0","17691588","[PREMIUM]","[PREMIUM]","[PREMIUM]","424","Grandstand Level 424","10",5,"[]","2026-08-28 00:00:00","sg_app","exchange",1,"[PREMIUM]","1,2,3,5"
"YgJtk6Jw54r","2026-07-20 23:53:30.235","2026-08-04 12:43:08.446","YgJtk6Jw54r","17691588","[PREMIUM]","[PREMIUM]","[PREMIUM]","421","Grandstand Level 421","1",1,"['8']","2026-08-29 00:00:00","sg_app","exchange",0,"[PREMIUM]","1"
"YgJtk6JLokv","2026-07-20 23:53:30.235","2026-08-04 12:43:08.446","YgJtk6JLokv","17691588","[PREMIUM]","[PREMIUM]","[PREMIUM]","225","Main Level 225","17",2,"[]","2026-08-28 00:00:00","sg_app","exchange",1,"[PREMIUM]","2"
"Zm9hvw95wMK","2026-07-20 23:53:30.235","2026-08-04 12:43:08.446","Zm9hvw95wMK","17691588","[PREMIUM]","[PREMIUM]","[PREMIUM]","428","Grandstand Level 428","10",4,"[]","2026-08-28 00:00:00","sg_app","exchange",1,"[PREMIUM]","2,4"
"agktlDNZJ75","2026-07-20 23:53:30.235","2026-07-20 23:53:30.235","agktlDNZJ75","17691588","[PREMIUM]","[PREMIUM]","[PREMIUM]","413","Grandstand Level 413","8",12,"[]","2026-08-29 00:00:00","sg_app","exchange",4,"[PREMIUM]","1,2,3,4,5,6,7,8,9,10,11,12"
"agktlDNZJY5","2026-07-20 23:53:30.235","2026-07-28 10:32:14.169","agktlDNZJY5","17691588","[PREMIUM]","[PREMIUM]","[PREMIUM]","420B","Grandstand Level 420 B","9",2,"[]","2026-08-29 00:00:00","sg_app","exchange",1,"[PREMIUM]","2"
"agktlDNeP6z","2026-07-20 23:53:30.235","2026-07-22 00:17:37.926","agktlDNeP6z","17691588","[PREMIUM]","[PREMIUM]","[PREMIUM]","409","Grandstand Level 409","3",4,"[]","2026-08-29 00:00:00","sg_app","exchange",1,"[PREMIUM]","1,2,3,4"
"agktlDNld8a","2026-07-20 23:53:30.235","2026-07-23 06:51:01.196","agktlDNld8a","17691588","[PREMIUM]","[PREMIUM]","[PREMIUM]","132","Field Level 132","2",2,"[]","2026-08-29 00:00:00","sg_app","exchange",2,"[PREMIUM]","2"
"agktlDNKXOZ","2026-07-20 23:53:30.235","2026-07-22 00:17:37.926","agktlDNKXOZ","17691588","[PREMIUM]","[PREMIUM]","[PREMIUM]","412","Grandstand Level 412","7",4,"[]","2026-08-28 00:00:00","sg_app","exchange",4,"[PREMIUM]","2,4"
"agktlDNgeww","2026-07-20 23:53:30.235","2026-07-22 00:17:37.926","agktlDNgeww","17691588","[PREMIUM]","[PREMIUM]","[PREMIUM]","131","Field Level 131","9",4,"[]","2026-08-29 00:00:00","sg_app","exchange",2,"[PREMIUM]","1,2,3,4"
"agktlDNeDe8","2026-07-20 23:53:30.235","2026-08-04 12:43:08.446","agktlDNeDe8","17691588","[PREMIUM]","[PREMIUM]","[PREMIUM]","413","Grandstand Level 413","8",12,"[]","2026-08-28 00:00:00","sg_app","exchange",1,"[PREMIUM]","2,3,4,5,6,7,8,9,10,11,12"
"b4wUaG9apR9","2026-07-20 23:53:30.235","2026-07-25 22:45:41.699","b4wUaG9apR9","17691588","[PREMIUM]","[PREMIUM]","[PREMIUM]","431B","Grandstand Level 431 B","2",2,"[]","2026-08-29 00:00:00","sg_app","exchange",1,"[PREMIUM]","2"
"b4wUaG9xekb","2026-07-20 23:53:30.235","2026-07-22 00:17:37.926","b4wUaG9xekb","17691588","[PREMIUM]","[PREMIUM]","[PREMIUM]","211","Main Level 211","10",6,"[]","2026-08-28 00:00:00","sg_app","exchange",2,"[PREMIUM]","2,3,4,5,6"
"b4wUaG92gz9","2026-07-20 23:53:30.235","2026-07-22 00:17:37.926","b4wUaG92gz9","17691588","[PREMIUM]","[PREMIUM]","[PREMIUM]","405","Grandstand Level 405","14",12,"[]","2026-08-29 00:00:00","sg_app","exchange",2,"[PREMIUM]","1,2,3,4,5,6,7,8,9,10,11,12"
"dNgUg67gBZP","2026-07-20 23:53:30.235","2026-07-28 10:32:14.169","dNgUg67gBZP","17691588","[PREMIUM]","[PREMIUM]","[PREMIUM]","431B","Grandstand Level 431 B","2",4,"[]","2026-08-29 00:00:00","sg_app","exchange",1,"[PREMIUM]","1,2,3,4"
"dNgUg67q2zq","2026-07-20 23:53:30.235","2026-07-23 06:51:01.196","dNgUg67q2zq","17691588","[PREMIUM]","[PREMIUM]","[PREMIUM]","430","Grandstand Level 430","7",4,"[]","2026-08-29 00:00:00","sg_app","exchange",3,"[PREMIUM]","1,2,3,4"
"dNgUg67DweD","2026-07-20 23:53:30.235","2026-07-22 00:17:37.926","dNgUg67DweD","17691588","[PREMIUM]","[PREMIUM]","[PREMIUM]","109","Field Level 109","22",2,"[]","2026-08-29 00:00:00","sg_app","exchange",1,"[PREMIUM]","2"
"b4wUaG9vpL4","2026-07-20 23:53:30.235","2026-08-04 12:43:08.446","b4wUaG9vpL4","17691588","[PREMIUM]","[PREMIUM]","[PREMIUM]","322","Terrace Level 322","3",9,"[]","2026-08-28 00:00:00","sg_app","exchange",1,"[PREMIUM]","2,3,4,5,6,7,8,9"
"b4wUaG9xG0Z","2026-07-20 23:53:30.235","2026-08-04 12:43:08.446","b4wUaG9xG0Z","17691588","[PREMIUM]","[PREMIUM]","[PREMIUM]","430","Grandstand Level 430","4",4,"[]","2026-08-28 00:00:00","sg_app","exchange",1,"[PREMIUM]","2,4"
"dNgUg67w6Gw","2026-07-20 23:53:30.235","2026-08-04 12:43:08.446","dNgUg67w6Gw","17691588","[PREMIUM]","[PREMIUM]","[PREMIUM]","430","Grandstand Level 430","6",8,"[]","2026-08-28 00:00:00","sg_app","exchange",1,"[PREMIUM]","2,3,4,5,6,7,8"
"dNgUg67NBM4","2026-07-20 23:53:30.235","2026-08-04 12:43:08.446","dNgUg67NBM4","17691588","[PREMIUM]","[PREMIUM]","[PREMIUM]","424","Grandstand Level 424","9",4,"[]","2026-08-28 00:00:00","sg_app","exchange",1,"[PREMIUM]","2,4"
"eeacK2mE6oK","2026-07-20 23:53:30.235","2026-07-28 10:32:14.169","eeacK2mE6oK","17691588","[PREMIUM]","[PREMIUM]","[PREMIUM]","413","Grandstand Level 413","11",8,"[]","2026-08-28 00:00:00","sg_app","exchange",3,"[PREMIUM]","2,3,4,5,6,7,8"
"eeacK2mqLYr","2026-07-20 23:53:30.235","2026-07-22 00:17:37.926","eeacK2mqLYr","17691588","[PREMIUM]","[PREMIUM]","[PREMIUM]","420B","Grandstand Level 420 B","8",8,"[]","2026-08-29 00:00:00","sg_app","exchange",2,"[PREMIUM]","1,2,3,4,5,6,7,8"
"eeacK2mqLXr","2026-07-20 23:53:30.235","2026-08-04 12:43:08.446","eeacK2mqLXr","17691588","[PREMIUM]","[PREMIUM]","[PREMIUM]","412","Grandstand Level 412","7",14,"[]","2026-08-29 00:00:00","sg_app","exchange",1,"[PREMIUM]","1,2,3,4,5,6,7,8,9,10,11,12,13,14"
"eeacK2mz2z3","2026-07-20 23:53:30.235","2026-08-04 12:43:08.446","eeacK2mz2z3","17691588","[PREMIUM]","[PREMIUM]","[PREMIUM]","410","Grandstand Level 410","6",6,"[]","2026-08-28 00:00:00","sg_app","exchange",2,"[PREMIUM]","2,3,4,5,6"
"g48UrodYkKg","2026-07-20 23:53:30.235","2026-07-22 00:17:37.926","g48UrodYkKg","17691588","[PREMIUM]","[PREMIUM]","[PREMIUM]","211","Main Level 211","19",3,"[]","2026-08-29 00:00:00","sg_app","exchange",2,"[PREMIUM]","1,2,3"
"g48Urod0YKl","2026-07-20 23:53:30.235","2026-07-22 00:17:37.926","g48Urod0YKl","17691588","[PREMIUM]","[PREMIUM]","[PREMIUM]","110","Field Level 110","12",2,"[]","2026-08-29 00:00:00","sg_app","exchange",3,"[PREMIUM]","2"
"g48UrodBnBl","2026-07-20 23:53:30.235","2026-08-01 14:06:28.473","g48UrodBnBl","17691588","[PREMIUM]","[PREMIUM]","[PREMIUM]","314","Terrace Level 314","7",13,"[]","2026-08-29 00:00:00","sg_app","exchange",1,"[PREMIUM]","1,2,3,4,5,6,7,8,9,10,11,12,13"
"g48UrodBXVB","2026-07-20 23:53:30.235","2026-07-28 10:32:14.169","g48UrodBXVB","17691588","[PREMIUM]","[PREMIUM]","[PREMIUM]","413","Grandstand Level 413","8",12,"[]","2026-08-28 00:00:00","sg_app","exchange",3,"[PREMIUM]","2,3,4,5,6,7,8,9,10,11,12"
"g48UrodYjzz","2026-07-20 23:53:30.235","2026-07-22 00:17:37.926","g48UrodYjzz","17691588","[PREMIUM]","[PREMIUM]","[PREMIUM]","413","Grandstand Level 413","13",8,"[]","2026-08-29 00:00:00","sg_app","exchange",3,"[PREMIUM]","1,2,3,4,5,6,7,8"
"g48UrodY43Z","2026-07-20 23:53:30.235","2026-08-04 12:43:08.446","g48UrodY43Z","17691588","[PREMIUM]","[PREMIUM]","[PREMIUM]","410","Grandstand Level 410","3",4,"[]","2026-08-29 00:00:00","sg_app","exchange",2,"[PREMIUM]","1,2,3,4"
"g48UrodYoY6","2026-07-20 23:53:30.235","2026-08-04 12:43:08.446","g48UrodYoY6","17691588","[PREMIUM]","[PREMIUM]","[PREMIUM]","413","Grandstand Level 413","11",8,"[]","2026-08-28 00:00:00","sg_app","exchange",1,"[PREMIUM]","2,3,4,5,6,7,8"
"jDvsz7qrV9Z","2026-07-20 23:53:30.235","2026-07-22 00:17:37.926","jDvsz7qrV9Z","17691588","[PREMIUM]","[PREMIUM]","[PREMIUM]","330","Terrace Level 330","1",4,"[]","2026-08-29 00:00:00","sg_app","exchange",1,"[PREMIUM]","1,2,3,4"
"jDvsz7qGrnY","2026-07-20 23:53:30.235","2026-07-22 00:17:37.926","jDvsz7qGrnY","17691588","[PREMIUM]","[PREMIUM]","[PREMIUM]","127A","Field Level 127 A","14",4,"[]","2026-08-29 00:00:00","sg_app","exchange",2,"[PREMIUM]","1,2,3,4"
"jDvsz7qewJ0","2026-07-20 23:53:30.235","2026-07-28 10:32:14.169","jDvsz7qewJ0","17691588","[PREMIUM]","[PREMIUM]","[PREMIUM]","430","Grandstand Level 430","7",4,"[]","2026-08-28 00:00:00","sg_app","exchange",4,"[PREMIUM]","2,4"
"jDvsz7qr8RD","2026-07-20 23:53:30.235","2026-08-04 12:43:08.446","jDvsz7qr8RD","17691588","[PREMIUM]","[PREMIUM]","[PREMIUM]","428","Grandstand Level 428","10",4,"[]","2026-08-29 00:00:00","sg_app","exchange",1,"[PREMIUM]","1,2,3,4"
"jDvsz7qr7rK","2026-07-20 23:53:30.235","2026-08-04 12:43:08.446","jDvsz7qr7rK","17691588","[PREMIUM]","[PREMIUM]","[PREMIUM]","425","Grandstand Level 425","9",6,"[]","2026-08-28 00:00:00","sg_app","exchange",1,"[PREMIUM]","2,3,4,5,6"
"jDvsz7qJ5dL","2026-07-20 23:53:30.235","2026-08-04 12:43:08.446","jDvsz7qJ5dL","17691588","[PREMIUM]","[PREMIUM]","[PREMIUM]","306","Terrace Level 306","7",5,"[]","2026-08-28 00:00:00","sg_app","exchange",2,"[PREMIUM]","1,2,3,5"
"kYet94bXdeN","2026-07-20 23:53:30.235","2026-07-23 12:10:20.681","kYet94bXdeN","17691588","[PREMIUM]","[PREMIUM]","[PREMIUM]","418","Grandstand Level 418","7",2,"[]","2026-08-28 00:00:00","sg_app","exchange",5,"[PREMIUM]","2"
"kYet94br2ea","2026-07-20 23:53:30.235","2026-07-20 23:53:30.235","kYet94br2ea","17691588","[PREMIUM]","[PREMIUM]","[PREMIUM]","409","Grandstand Level 409","12",14,"[]","2026-08-29 00:00:00","sg_app","exchange",2,"[PREMIUM]","1,2,3,4,5,6,7,8,9,10,11,12,13,14"
"kYet94bXdeJ","2026-07-20 23:53:30.235","2026-07-28 10:32:14.169","kYet94bXdeJ","17691588","[PREMIUM]","[PREMIUM]","[PREMIUM]","425","Grandstand Level 425","9",4,"[]","2026-08-28 00:00:00","sg_app","exchange",2,"[PREMIUM]","2,4"
"kYet94bw4wG","2026-07-20 23:53:30.235","2026-07-28 10:32:14.169","kYet94bw4wG","17691588","[PREMIUM]","[PREMIUM]","[PREMIUM]","417","Grandstand Level 417","7",16,"[]","2026-08-28 00:00:00","sg_app","exchange",1,"[PREMIUM]","2,3,4,5,6,7,8,9,10,11,12,13,14,15,16"
"kYet94bw6X8","2026-07-20 23:53:30.235","2026-07-28 10:32:14.169","kYet94bw6X8","17691588","[PREMIUM]","[PREMIUM]","[PREMIUM]","417","Grandstand Level 417","9",6,"[]","2026-08-29 00:00:00","sg_app","exchange",1,"[PREMIUM]","1,2,3,4,5,6"
"kYet94bwGMA","2026-07-20 23:53:30.235","2026-07-22 00:17:37.926","kYet94bwGMA","17691588","[PREMIUM]","[PREMIUM]","[PREMIUM]","430","Grandstand Level 430","14",12,"[]","2026-08-29 00:00:00","sg_app","exchange",4,"[PREMIUM]","1,2,3,4,5,6,7,8,9,10,11,12"
"kYet94bX6w4","2026-07-20 23:53:30.235","2026-08-04 12:43:08.446","kYet94bX6w4","17691588","[PREMIUM]","[PREMIUM]","[PREMIUM]","230","Main Level 230","4",2,"['9','10']","2026-08-29 00:00:00","sg_app","exchange",0,"[PREMIUM]","2"
"kYet94bw6nx","2026-07-20 23:53:30.235","2026-08-04 12:43:08.446","kYet94bw6nx","17691588","[PREMIUM]","[PREMIUM]","[PREMIUM]","410","Grandstand Level 410","7",10,"[]","2026-08-29 00:00:00","sg_app","exchange",2,"[PREMIUM]","1,2,3,4,5,6,7,8,9,10"
"kYet94berdr","2026-07-20 23:53:30.235","2026-08-04 12:43:08.446","kYet94berdr","17691588","[PREMIUM]","[PREMIUM]","[PREMIUM]","306","Terrace Level 306","7",5,"[]","2026-08-29 00:00:00","sg_app","exchange",2,"[PREMIUM]","1,2,3,4,5"
"kYet94bw6Yq","2026-07-20 23:53:30.235","2026-08-04 12:43:08.446","kYet94bw6Yq","17691588","[PREMIUM]","[PREMIUM]","[PREMIUM]","428","Grandstand Level 428","1",4,"[]","2026-08-29 00:00:00","sg_app","exchange",1,"[PREMIUM]","1,2,3,4"
"kYet94boeGr","2026-07-20 23:53:30.235","2026-08-04 12:43:08.446","kYet94boeGr","17691588","[PREMIUM]","[PREMIUM]","[PREMIUM]","322","Terrace Level 322","3",9,"[]","2026-08-29 00:00:00","sg_app","exchange",1,"[PREMIUM]","1,2,3,4,5,6,7,8,9"
"lxVsdLbnV6j","2026-07-20 23:53:30.235","2026-07-20 23:53:30.235","lxVsdLbnV6j","17691588","[PREMIUM]","[PREMIUM]","[PREMIUM]","428","Grandstand Level 428","8",2,"[]","2026-08-29 00:00:00","sg_app","exchange",4,"[PREMIUM]","2"
"lxVsdLbxLxZ","2026-07-20 23:53:30.235","2026-07-23 12:10:20.681","lxVsdLbxLxZ","17691588","[PREMIUM]","[PREMIUM]","[PREMIUM]","418","Grandstand Level 418","7",2,"[]","2026-08-28 00:00:00","sg_app","exchange",5,"[PREMIUM]","2"
"lxVsdLbx4o5","2026-07-20 23:53:30.235","2026-07-22 00:17:37.926","lxVsdLbx4o5","17691588","[PREMIUM]","[PREMIUM]","[PREMIUM]","417","Grandstand Level 417","14",12,"[]","2026-08-29 00:00:00","sg_app","exchange",2,"[PREMIUM]","1,2,3,4,5,6,7,8,9,10,11,12"
"lxVsdLbx3Jn","2026-07-20 23:53:30.235","2026-07-22 00:17:37.926","lxVsdLbx3Jn","17691588","[PREMIUM]","[PREMIUM]","[PREMIUM]","412","Grandstand Level 412","7",4,"[]","2026-08-29 00:00:00","sg_app","exchange",4,"[PREMIUM]","1,2,3,4"
"lxVsdLbrmP4","2026-07-20 23:53:30.235","2026-07-28 10:32:14.169","lxVsdLbrmP4","17691588","[PREMIUM]","[PREMIUM]","[PREMIUM]","428","Grandstand Level 428","10",4,"[]","2026-08-28 00:00:00","sg_app","exchange",3,"[PREMIUM]","2,4"
"lxVsdLbrmP0","2026-07-20 23:53:30.235","2026-07-22 00:17:37.926","lxVsdLbrmP0","17691588","[PREMIUM]","[PREMIUM]","[PREMIUM]","418","Grandstand Level 418","7",2,"[]","2026-08-28 00:00:00","sg_app","exchange",2,"[PREMIUM]","2"
"lxVsdLbx3rk","2026-07-20 23:53:30.235","2026-08-04 12:43:08.446","lxVsdLbx3rk","17691588","[PREMIUM]","[PREMIUM]","[PREMIUM]","418","Grandstand Level 418","10",7,"[]","2026-08-29 00:00:00","sg_app","exchange",1,"[PREMIUM]","1,2,3,4,5,6,7"
"lxVsdLbx3J3","2026-07-20 23:53:30.235","2026-08-04 12:43:08.446","lxVsdLbx3J3","17691588","[PREMIUM]","[PREMIUM]","[PREMIUM]","429","Grandstand Level 429","7",4,"[]","2026-08-29 00:00:00","sg_app","exchange",1,"[PREMIUM]","1,2,3,4"
"mxAs4Y7ReAl","2026-07-20 23:53:30.235","2026-07-22 00:17:37.926","mxAs4Y7ReAl","17691588","[PREMIUM]","[PREMIUM]","[PREMIUM]","420B","Grandstand Level 420 B","8",8,"[]","2026-08-28 00:00:00","sg_app","exchange",2,"[PREMIUM]","2,3,4,5,6,7,8"
"mxAs4Y7r9J9","2026-07-20 23:53:30.235","2026-07-23 12:10:20.681","mxAs4Y7r9J9","17691588","[PREMIUM]","[PREMIUM]","[PREMIUM]","309","Terrace Level 309","6",23,"[]","2026-08-28 00:00:00","sg_app","exchange",4,"[PREMIUM]","2,3,4,5,6,7,8,9,10,11,12,13,14,15,16,17,18,19,20,21,22,23"
"mxAs4Y7Mjlo","2026-07-20 23:53:30.235","2026-07-23 06:51:01.196","mxAs4Y7Mjlo","17691588","[PREMIUM]","[PREMIUM]","[PREMIUM]","420A","Grandstand Level 420 A","3",3,"[]","2026-08-29 00:00:00","sg_app","exchange",1,"[PREMIUM]","1,2,3"
"mxAs4Y7MjGo","2026-07-20 23:53:30.235","2026-07-22 00:17:37.926","mxAs4Y7MjGo","17691588","[PREMIUM]","[PREMIUM]","[PREMIUM]","412","Grandstand Level 412","7",4,"[]","2026-08-29 00:00:00","sg_app","exchange",4,"[PREMIUM]","1,2,3,4"
"mxAs4Y7GKnq","2026-07-20 23:53:30.235","2026-08-04 12:43:08.446","mxAs4Y7GKnq","17691588","[PREMIUM]","[PREMIUM]","[PREMIUM]","424","Grandstand Level 424","9",2,"[]","2026-08-28 00:00:00","sg_app","exchange",1,"[PREMIUM]","2"
"mxAs4Y7RY00","2026-07-20 23:53:30.235","2026-08-04 12:43:08.446","mxAs4Y7RY00","17691588","[PREMIUM]","[PREMIUM]","[PREMIUM]","430","Grandstand Level 430","7",4,"[]","2026-08-28 00:00:00","sg_app","exchange",1,"[PREMIUM]","2,4"
"nx0srM8XjJq","2026-07-20 23:53:30.235","2026-07-28 10:32:14.169","nx0srM8XjJq","17691588","[PREMIUM]","[PREMIUM]","[PREMIUM]","430","Grandstand Level 430","6",8,"[]","2026-08-28 00:00:00","sg_app","exchange",4,"[PREMIUM]","2,3,4,5,6,7,8"
"nx0srM86M60","2026-07-20 23:53:30.235","2026-08-04 12:43:08.446","nx0srM86M60","17691588","[PREMIUM]","[PREMIUM]","[PREMIUM]","423","Grandstand Level 423","8",2,"[]","2026-08-28 00:00:00","sg_app","exchange",2,"[PREMIUM]","2"
"nx0srM86gBv","2026-07-20 23:53:30.235","2026-08-04 12:43:08.446","nx0srM86gBv","17691588","[PREMIUM]","[PREMIUM]","[PREMIUM]","329","Terrace Level 329","3",3,"[]","2026-08-29 00:00:00","sg_app","exchange",1,"[PREMIUM]","1,2,3"
"nx0srM86oXL","2026-07-20 23:53:30.235","2026-08-04 12:43:08.446","nx0srM86oXL","17691588","[PREMIUM]","[PREMIUM]","[PREMIUM]","425","Grandstand Level 425","9",6,"[]","2026-08-29 00:00:00","sg_app","exchange",1,"[PREMIUM]","1,2,3,4,5,6"
"nx0srM8bLmb","2026-07-20 23:53:30.235","2026-08-04 12:43:08.446","nx0srM8bLmb","17691588","[PREMIUM]","[PREMIUM]","[PREMIUM]","418","Grandstand Level 418","11",19,"[]","2026-08-29 00:00:00","sg_app","exchange",1,"[PREMIUM]","1,2,3,4,5,6,7,8,9,10,11,12,13,14,15,16,17,18,19"
"nx0srM8axJl","2026-07-20 23:53:30.235","2026-08-04 12:43:08.446","nx0srM8axJl","17691588","[PREMIUM]","[PREMIUM]","[PREMIUM]","110","Field Level 110","19",6,"[]","2026-08-29 00:00:00","sg_app","exchange",1,"[PREMIUM]","1,2,3,4,5,6"
"nyw1ngm","2026-07-20 23:53:30.235","2026-07-23 12:10:20.681","nyw1ngm","17691588","[PREMIUM]","[PREMIUM]","[PREMIUM]","412","Grandstand Level 412","7",3,"['1','2','3']",,"sg_app","marketplace",0,"[PREMIUM]","1,3"
"oV7HbEj24L3","2026-07-20 23:53:30.235","2026-07-28 10:32:14.169","oV7HbEj24L3","17691588","[PREMIUM]","[PREMIUM]","[PREMIUM]","417","Grandstand Level 417","7",2,"[]","2026-08-28 00:00:00","sg_app","exchange",5,"[PREMIUM]","2"
"oV7HbEj24LX","2026-07-20 23:53:30.235","2026-07-28 10:32:14.169","oV7HbEj24LX","17691588","[PREMIUM]","[PREMIUM]","[PREMIUM]","423","Grandstand Level 423","7",2,"[]","2026-08-28 00:00:00","sg_app","exchange",5,"[PREMIUM]","2"
"oV7HbEjYmaz","2026-07-20 23:53:30.235","2026-07-23 12:10:20.681","oV7HbEjYmaz","17691588","[PREMIUM]","[PREMIUM]","[PREMIUM]","309","Terrace Level 309","6",23,"[]","2026-08-29 00:00:00","sg_app","exchange",2,"[PREMIUM]","1,2,3,4,5,6,7,8,9,10,11,12,13,14,15,16,17,18,19,20,21,22,23"
"oV7HbEjPZqe","2026-07-20 23:53:30.235","2026-07-23 12:10:20.681","oV7HbEjPZqe","17691588","[PREMIUM]","[PREMIUM]","[PREMIUM]","409","Grandstand Level 409","12",14,"[]","2026-08-29 00:00:00","sg_app","exchange",1,"[PREMIUM]","1,2,3,4,5,6,7,8,9,10,11,12,13,14"
"oV7HbEj3E3E","2026-07-20 23:53:30.235","2026-08-04 12:43:08.446","oV7HbEj3E3E","17691588","[PREMIUM]","[PREMIUM]","[PREMIUM]","413","Grandstand Level 413","12",4,"[]","2026-08-28 00:00:00","sg_app","exchange",1,"[PREMIUM]","2,4"
"oV7HbEj3pvb","2026-07-20 23:53:30.235","2026-08-04 12:43:08.446","oV7HbEj3pvb","17691588","[PREMIUM]","[PREMIUM]","[PREMIUM]","410","Grandstand Level 410","5",4,"[]","2026-08-29 00:00:00","sg_app","exchange",2,"[PREMIUM]","1,2,3,4"
"oV7HbEj3prO","2026-07-20 23:53:30.235","2026-08-04 12:43:08.446","oV7HbEj3prO","17691588","[PREMIUM]","[PREMIUM]","[PREMIUM]","427","Grandstand Level 427","1",2,"[]","2026-08-29 00:00:00","sg_app","exchange",1,"[PREMIUM]","2"
"p148y40","2026-07-20 23:53:30.235","2026-08-04 12:43:08.446","p148y40","17691588","[PREMIUM]","[PREMIUM]","[PREMIUM]","408","Grandstand Level 408","11",2,"['22','23']",,"sg_app","marketplace",1,"[PREMIUM]","2"
"pVXHDEObEbB","2026-07-20 23:53:30.235","2026-07-22 00:17:37.926","pVXHDEObEbB","17691588","[PREMIUM]","[PREMIUM]","[PREMIUM]","428","Grandstand Level 428","8",2,"[]","2026-08-28 00:00:00","sg_app","exchange",3,"[PREMIUM]","2"
"pVXHDEOlkZL","2026-07-20 23:53:30.235","2026-07-23 06:51:01.196","pVXHDEOlkZL","17691588","[PREMIUM]","[PREMIUM]","[PREMIUM]","410","Grandstand Level 410","5",4,"[]","2026-08-29 00:00:00","sg_app","exchange",3,"[PREMIUM]","1,2,3,4"
"pVXHDEOlk0m","2026-07-20 23:53:30.235","2026-07-23 06:51:01.196","pVXHDEOlk0m","17691588","[PREMIUM]","[PREMIUM]","[PREMIUM]","430","Grandstand Level 430","4",4,"[]","2026-08-29 00:00:00","sg_app","exchange",2,"[PREMIUM]","1,2,3,4"
"q9nj21r","2026-07-20 23:53:30.235","2026-08-04 12:43:08.446","q9nj21r","17691588","[PREMIUM]","[PREMIUM]","[PREMIUM]","203","Bleachers 203","13",2,"['7','8']",,"sg_app","marketplace",0,"[PREMIUM]","2"
"qVjH2VvlGxY","2026-07-20 23:53:30.235","2026-07-22 00:17:37.926","qVjH2VvlGxY","17691588","[PREMIUM]","[PREMIUM]","[PREMIUM]","428","Grandstand Level 428","8",4,"[]","2026-08-29 00:00:00","sg_app","exchange",3,"[PREMIUM]","1,2,3,4"
"qVjH2Vv8BxG","2026-07-20 23:53:30.235","2026-07-28 10:32:14.169","qVjH2Vv8BxG","17691588","[PREMIUM]","[PREMIUM]","[PREMIUM]","430","Grandstand Level 430","8",2,"[]","2026-08-28 00:00:00","sg_app","exchange",4,"[PREMIUM]","2"
"qVjH2Vv8YdA","2026-07-20 23:53:30.235","2026-07-20 23:53:30.235","qVjH2Vv8YdA","17691588","[PREMIUM]","[PREMIUM]","[PREMIUM]","227A","Main Level 227 A","16",4,"[]","2026-08-29 00:00:00","sg_app","exchange",3,"[PREMIUM]","1,2,3,4"
"qVjH2VveVe2","2026-07-20 23:53:30.235","2026-08-04 12:43:08.446","qVjH2VveVe2","17691588","[PREMIUM]","[PREMIUM]","[PREMIUM]","427","Grandstand Level 427","11",2,"[]","2026-08-28 00:00:00","sg_app","exchange",1,"[PREMIUM]","2"
"rVOHkRKVXvX","2026-07-20 23:53:30.235","2026-07-23 06:51:01.196","rVOHkRKVXvX","17691588","[PREMIUM]","[PREMIUM]","[PREMIUM]","427","Grandstand Level 427","4",2,"[]","2026-08-29 00:00:00","sg_app","exchange",2,"[PREMIUM]","2"
"rVOHkRKw2m0","2026-07-20 23:53:30.235","2026-07-22 00:17:37.926","rVOHkRKw2m0","17691588","[PREMIUM]","[PREMIUM]","[PREMIUM]","428","Grandstand Level 428","8",4,"[]","2026-08-29 00:00:00","sg_app","exchange",3,"[PREMIUM]","1,2,3,4"
"rVOHkRKw2md","2026-07-20 23:53:30.235","2026-07-22 00:17:37.926","rVOHkRKw2md","17691588","[PREMIUM]","[PREMIUM]","[PREMIUM]","412","Grandstand Level 412","7",2,"[]","2026-08-29 00:00:00","sg_app","exchange",4,"[PREMIUM]","2"
"rVOHkRKw5wq","2026-07-20 23:53:30.235","2026-07-22 00:17:37.926","rVOHkRKw5wq","17691588","[PREMIUM]","[PREMIUM]","[PREMIUM]","405","Grandstand Level 405","14",14,"[]","2026-08-29 00:00:00","sg_app","exchange",1,"[PREMIUM]","1,2,3,4,5,6,7,8,9,10,11,12,13,14"
"rVOHkRKwRwJ","2026-07-20 23:53:30.235","2026-07-28 10:32:14.169","rVOHkRKwRwJ","17691588","[PREMIUM]","[PREMIUM]","[PREMIUM]","417","Grandstand Level 417","9",6,"[]","2026-08-28 00:00:00","sg_app","exchange",1,"[PREMIUM]","2,4,6"
"rVOHkRKgx7G","2026-07-20 23:53:30.235","2026-07-22 00:17:37.926","rVOHkRKgx7G","17691588","[PREMIUM]","[PREMIUM]","[PREMIUM]","407A","Grandstand Level 407 A","9",6,"[]","2026-08-29 00:00:00","sg_app","exchange",1,"[PREMIUM]","1,2,3,4,5,6"
"rVOHkRKw2YA","2026-07-20 23:53:30.235","2026-07-23 12:10:20.681","rVOHkRKw2YA","17691588","[PREMIUM]","[PREMIUM]","[PREMIUM]","418","Grandstand Level 418","7",2,"[]","2026-08-29 00:00:00","sg_app","exchange",1,"[PREMIUM]","2"
"rVOHkRKY3xP","2026-07-20 23:53:30.235","2026-07-28 10:32:14.169","rVOHkRKY3xP","17691588","[PREMIUM]","[PREMIUM]","[PREMIUM]","416","Grandstand Level 416","11",4,"[]","2026-08-28 00:00:00","sg_app","exchange",2,"[PREMIUM]","2,4"
"rVOHkRKY3xR","2026-07-20 23:53:30.235","2026-07-23 12:10:20.681","rVOHkRKY3xR","17691588","[PREMIUM]","[PREMIUM]","[PREMIUM]","427","Grandstand Level 427","1",2,"[]","2026-08-28 00:00:00","sg_app","exchange",2,"[PREMIUM]","2"
"rVOHkRKv3Ve","2026-07-20 23:53:30.235","2026-08-04 12:43:08.446","rVOHkRKv3Ve","17691588","[PREMIUM]","[PREMIUM]","[PREMIUM]","105","Field Level 105","9",4,"[]","2026-08-28 00:00:00","sg_app","exchange",1,"[PREMIUM]","2,4"
"rVOHkRKxa3G","2026-07-20 23:53:30.235","2026-08-04 12:43:08.446","rVOHkRKxa3G","17691588","[PREMIUM]","[PREMIUM]","[PREMIUM]","434A","Grandstand Level 434 A","5",7,"[]","2026-08-29 00:00:00","sg_app","exchange",1,"[PREMIUM]","1,2,3,4,5,6,7"
"rVOHkRKVXgX","2026-07-20 23:53:30.235","2026-08-04 12:43:08.446","rVOHkRKVXgX","17691588","[PREMIUM]","[PREMIUM]","[PREMIUM]","413","Grandstand Level 413","12",8,"[]","2026-08-29 00:00:00","sg_app","exchange",1,"[PREMIUM]","1,2,3,4,5,6,7,8"
"vb3iPe830LY","2026-07-20 23:53:30.235","2026-07-22 00:17:37.926","vb3iPe830LY","17691588","[PREMIUM]","[PREMIUM]","[PREMIUM]","412","Grandstand Level 412","7",2,"[]","2026-08-28 00:00:00","sg_app","exchange",4,"[PREMIUM]","2"
"vb3iPe8engX","2026-07-20 23:53:30.235","2026-07-23 12:10:20.681","vb3iPe8engX","17691588","[PREMIUM]","[PREMIUM]","[PREMIUM]","111","Field Level 111","21",11,"[]","2026-08-28 00:00:00","sg_app","exchange",2,"[PREMIUM]","2,3,4,5,6,7,8,9,10,11"
"vb3iPe8memq","2026-07-20 23:53:30.235","2026-08-04 12:43:08.446","vb3iPe8memq","17691588","[PREMIUM]","[PREMIUM]","[PREMIUM]","410","Grandstand Level 410","7",14,"[]","2026-08-28 00:00:00","sg_app","exchange",2,"[PREMIUM]","1,2,3,4,5,6,7,8,9,10,11,12,14"
"w3Jsed6E0Zv","2026-07-20 23:53:30.235","2026-07-22 00:17:37.926","w3Jsed6E0Zv","17691588","[PREMIUM]","[PREMIUM]","[PREMIUM]","427","Grandstand Level 427","5",4,"[]","2026-08-29 00:00:00","sg_app","exchange",2,"[PREMIUM]","1,2,3,4"
"w3Jsed6PDzV","2026-07-20 23:53:30.235","2026-07-28 10:32:14.169","w3Jsed6PDzV","17691588","[PREMIUM]","[PREMIUM]","[PREMIUM]","423","Grandstand Level 423","8",2,"[]","2026-08-28 00:00:00","sg_app","exchange",5,"[PREMIUM]","2"
"w3Jsed6EdEn","2026-07-20 23:53:30.235","2026-07-28 10:32:14.169","w3Jsed6EdEn","17691588","[PREMIUM]","[PREMIUM]","[PREMIUM]","416","Grandstand Level 416","11",4,"[]","2026-08-28 00:00:00","sg_app","exchange",1,"[PREMIUM]","2,4"
"w3Jsed6N95r","2026-07-20 23:53:30.235","2026-07-28 10:32:14.169","w3Jsed6N95r","17691588","[PREMIUM]","[PREMIUM]","[PREMIUM]","424","Grandstand Level 424","10",5,"[]","2026-08-28 00:00:00","sg_app","exchange",2,"[PREMIUM]","1,2,3,5"
"w3Jsed6zxDL","2026-07-20 23:53:30.235","2026-08-04 12:43:08.446","w3Jsed6zxDL","17691588","[PREMIUM]","[PREMIUM]","[PREMIUM]","306","Terrace Level 306","6",19,"[]","2026-08-29 00:00:00","sg_app","exchange",2,"[PREMIUM]","1,2,3,4,5,6,7,8,9,10,11,12,13,14,15,16,17,18,19"
"w3Jsed6EpAa","2026-07-20 23:53:30.235","2026-08-04 12:43:08.446","w3Jsed6EpAa","17691588","[PREMIUM]","[PREMIUM]","[PREMIUM]","413","Grandstand Level 413","13",9,"[]","2026-08-29 00:00:00","sg_app","exchange",1,"[PREMIUM]","1,2,3,4,5,6,7,8,9"
"w3Jsed6E0rq","2026-07-20 23:53:30.235","2026-08-04 12:43:08.446","w3Jsed6E0rq","17691588","[PREMIUM]","[PREMIUM]","[PREMIUM]","410","Grandstand Level 410","6",6,"[]","2026-08-29 00:00:00","sg_app","exchange",2,"[PREMIUM]","1,2,3,4,5,6"
"w3Jsed672vg","2026-07-20 23:53:30.235","2026-08-04 12:43:08.446","w3Jsed672vg","17691588","[PREMIUM]","[PREMIUM]","[PREMIUM]","427","Grandstand Level 427","10",3,"[]","2026-08-29 00:00:00","sg_app","exchange",1,"[PREMIUM]","1,2,3"
"w3Jsed672Bg","2026-07-20 23:53:30.235","2026-08-04 12:43:08.446","w3Jsed672Bg","17691588","[PREMIUM]","[PREMIUM]","[PREMIUM]","413","Grandstand Level 413","11",8,"[]","2026-08-29 00:00:00","sg_app","exchange",1,"[PREMIUM]","1,2,3,4,5,6,7,8"
"xb9imB87LMw","2026-07-20 23:53:30.235","2026-07-25 22:45:41.699","xb9imB87LMw","17691588","[PREMIUM]","[PREMIUM]","[PREMIUM]","105","Field Level 105","14",2,"[]","2026-08-28 00:00:00","sg_app","exchange",2,"[PREMIUM]","2"
"xb9imB8d4gP","2026-07-20 23:53:30.235","2026-07-23 06:51:01.196","xb9imB8d4gP","17691588","[PREMIUM]","[PREMIUM]","[PREMIUM]","419","Grandstand Level 419","5",4,"[]","2026-08-29 00:00:00","sg_app","exchange",1,"[PREMIUM]","1,2,3,4"
"xb9imB87BGq","2026-07-20 23:53:30.235","2026-08-04 12:43:08.446","xb9imB87BGq","17691588","[PREMIUM]","[PREMIUM]","[PREMIUM]","429","Grandstand Level 429","7",4,"[]","2026-08-28 00:00:00","sg_app","exchange",1,"[PREMIUM]","2,4"
"z3Es6q4ebgo","2026-07-20 23:53:30.235","2026-07-26 23:36:04.016","z3Es6q4ebgo","17691588","[PREMIUM]","[PREMIUM]","[PREMIUM]","423","Grandstand Level 423","7",6,"[]","2026-08-28 00:00:00","sg_app","exchange",2,"[PREMIUM]","2,3,4,5,6"
"z3Es6q4GqGw","2026-07-20 23:53:30.235","2026-08-04 12:43:08.446","z3Es6q4GqGw","17691588","[PREMIUM]","[PREMIUM]","[PREMIUM]","411","Grandstand Level 411","7",7,"[]","2026-08-28 00:00:00","sg_app","exchange",1,"[PREMIUM]","2,3,4,5,6,7"
"z3Es6q4MjXk","2026-07-20 23:53:30.235","2026-08-04 12:43:08.446","z3Es6q4MjXk","17691588","[PREMIUM]","[PREMIUM]","[PREMIUM]","105","Field Level 105","9",4,"[]","2026-08-29 00:00:00","sg_app","exchange",1,"[PREMIUM]","1,2,3,4"
"zp278ed","2026-07-20 23:53:30.235","2026-08-02 14:35:16.794","zp278ed","17691588","[PREMIUM]","[PREMIUM]","[PREMIUM]","121B","Field MVP 121 B","2",4,"['8','9','10','11']",,"sg_app","marketplace",0,"[PREMIUM]","2,4"
"oV7HbEjXE2Y","2026-07-20 23:53:13.170","2026-08-04 14:18:26.069","oV7HbEjXE2Y","17693726","[PREMIUM]","[PREMIUM]","[PREMIUM]","144","Infield Field Box 144","14",4,"['5','6','7','8']","2026-03-05 00:00:00","sg_app","exchange",0,"[PREMIUM]","2,4"
"3q7fNJPj8oM","2026-07-20 23:52:54.574","2026-07-20 23:52:54.574","3q7fNJPj8oM","17692073","[PREMIUM]","[PREMIUM]","[PREMIUM]","VR 327","View Reserved 327","2",8,"[]","2026-08-28 00:00:00","sg_app","exchange",2,"[PREMIUM]","1,2,3,4,5,6,8"
"4vXcj94qwa4","2026-07-20 23:52:54.574","2026-07-20 23:52:54.574","4vXcj94qwa4","17692073","[PREMIUM]","[PREMIUM]","[PREMIUM]","VR 320","View Reserved 320","3",2,"[]","2026-08-28 00:00:00","sg_app","exchange",2,"[PREMIUM]","2"
"4vXcj94bVL4","2026-07-20 23:52:54.574","2026-07-20 23:52:54.574","4vXcj94bVL4","17692073","[PREMIUM]","[PREMIUM]","[PREMIUM]","VR 320","View Reserved 320","5",8,"[]","2026-08-28 00:00:00","sg_app","exchange",2,"[PREMIUM]","1,2,3,4,5,6,8"
"4vXcj94qw02","2026-07-20 23:52:54.574","2026-07-20 23:52:54.574","4vXcj94qw02","17692073","[PREMIUM]","[PREMIUM]","[PREMIUM]","VR 332","View Reserved 332","2",8,"[]","2026-08-28 00:00:00","sg_app","exchange",2,"[PREMIUM]","1,2,3,4,5,6,8"
"5EjuZ69bonq","2026-07-20 23:52:54.574","2026-07-20 23:52:54.574","5EjuZ69bonq","17692073","[PREMIUM]","[PREMIUM]","[PREMIUM]","VR 313","View Reserved 313","3",2,"[]","2026-08-28 00:00:00","sg_app","exchange",3,"[PREMIUM]","2"
"5EjuZ69boxA","2026-07-20 23:52:54.574","2026-07-20 23:52:54.574","5EjuZ69boxA","17692073","[PREMIUM]","[PREMIUM]","[PREMIUM]","VR 328","View Reserved 328","8",8,"[]","2026-08-28 00:00:00","sg_app","exchange",2,"[PREMIUM]","1,2,3,4,5,6,8"
"6mOhkAx8BjX","2026-07-20 23:52:54.574","2026-07-20 23:52:54.574","6mOhkAx8BjX","17692073","[PREMIUM]","[PREMIUM]","[PREMIUM]","VR 333","View Reserved 333","8",8,"[]","2026-08-28 00:00:00","sg_app","exchange",2,"[PREMIUM]","1,2,3,4,5,6,8"
"8lKt6Y2bXBa","2026-07-20 23:52:54.574","2026-07-20 23:52:54.574","8lKt6Y2bXBa","17692073","[PREMIUM]","[PREMIUM]","[PREMIUM]","VR 333","View Reserved 333","7",8,"[]","2026-08-28 00:00:00","sg_app","exchange",2,"[PREMIUM]","1,2,3,4,5,6,8"
"8lKt6Y2ZxKa","2026-07-20 23:52:54.574","2026-07-20 23:52:54.574","8lKt6Y2ZxKa","17692073","[PREMIUM]","[PREMIUM]","[PREMIUM]","VR 311","View Reserved 311","7",2,"[]","2026-08-28 00:00:00","sg_app","exchange",3,"[PREMIUM]","2"
"9P2c5qPZVzY","2026-07-20 23:52:54.574","2026-07-20 23:52:54.574","9P2c5qPZVzY","17692073","[PREMIUM]","[PREMIUM]","[PREMIUM]","VR 328","View Reserved 328","5",8,"[]","2026-08-28 00:00:00","sg_app","exchange",2,"[PREMIUM]","1,2,3,4,5,6,8"
"A6rs27VLpM2","2026-07-20 23:52:54.574","2026-07-20 23:52:54.574","A6rs27VLpM2","17692073","[PREMIUM]","[PREMIUM]","[PREMIUM]","VR 312","View Reserved 312","9",8,"[]","2026-08-28 00:00:00","sg_app","exchange",3,"[PREMIUM]","1,2,3,4,5,6,8"
"BALImXj7p03","2026-07-20 23:52:54.574","2026-07-20 23:52:54.574","BALImXj7p03","17692073","[PREMIUM]","[PREMIUM]","[PREMIUM]","L121","Lower Box 121","32",11,"[]","2026-08-28 00:00:00","sg_app","exchange",5,"[PREMIUM]","1,2,3,4,5,6,7,8,9,11"
"DdwHkOJ58NV","2026-07-20 23:52:54.574","2026-07-20 23:52:54.574","DdwHkOJ58NV","17692073","[PREMIUM]","[PREMIUM]","[PREMIUM]","VR 311","View Reserved 311","5",8,"[]","2026-08-28 00:00:00","sg_app","exchange",3,"[PREMIUM]","1,2,3,4,5,6,8"
"DdwHkOJg9R7","2026-07-20 23:52:54.574","2026-07-20 23:52:54.574","DdwHkOJg9R7","17692073","[PREMIUM]","[PREMIUM]","[PREMIUM]","VR 328","View Reserved 328","6",8,"[]","2026-08-28 00:00:00","sg_app","exchange",2,"[PREMIUM]","1,2,3,4,5,6,8"
