"_primaryKey","_firstSeenAt","_lastSeenAt","listingId","eventId","price","priceWithFees","fee","section","sectionFull","row","quantity","seats","inHandDate","deliveryType","marketplace","dealBucket","dealScore","splitType"
"05VT8DGMejY","2026-09-13 23:56:47.862","2026-09-26 23:02:05.002","05VT8DGMejY","18494823","[PREMIUM]","[PREMIUM]","[PREMIUM]","310","Section 310","7",2,"[]","2027-02-19 00:00:00","mobile_transfer","exchange",0,"[PREMIUM]","1,2"
"2v0czqPbDnZ","2026-09-13 23:56:47.862","2026-09-18 01:21:44.307","2v0czqPbDnZ","18494823","[PREMIUM]","[PREMIUM]","[PREMIUM]","308","Section 308","8",2,"[]","2027-02-25 00:00:00","electronic","exchange",1,"[PREMIUM]","2"
"4vXcjR7keEn","2026-09-13 23:56:47.862","2026-09-18 01:21:44.307","4vXcjR7keEn","18494823","[PREMIUM]","[PREMIUM]","[PREMIUM]","376","Section 376","6",2,"[]","2027-02-25 00:00:00","electronic","exchange",1,"[PREMIUM]","2"
"5EjuZwgYV0b","2026-09-13 23:56:47.862","2026-09-18 01:21:44.307","5EjuZwgYV0b","18494823","[PREMIUM]","[PREMIUM]","[PREMIUM]","375","Section 375","3",5,"[]","2027-02-25 00:00:00","electronic","exchange",3,"[PREMIUM]","1,3,5"
"6mOhkOLnKDv","2026-09-13 23:56:47.862","2026-09-26 23:02:05.002","6mOhkOLnKDv","18494823","[PREMIUM]","[PREMIUM]","[PREMIUM]","310","Section 310","9",6,"[]","2027-02-19 00:00:00","mobile_transfer","exchange",1,"[PREMIUM]","1,2,3,4,5,6"
"6mOhkoZpJmP","2026-09-13 23:56:47.862","2026-09-18 01:21:44.307","6mOhkoZpJmP","18494823","[PREMIUM]","[PREMIUM]","[PREMIUM]","343","Section 343","3",4,"[]","2027-02-25 00:00:00","electronic","exchange",2,"[PREMIUM]","2,4"
"6mOhkoZqJLz","2026-09-13 23:56:47.862","2026-09-18 01:21:44.307","6mOhkoZqJLz","18494823","[PREMIUM]","[PREMIUM]","[PREMIUM]","110","Section 110","bb",4,"[]","2027-02-25 00:00:00","electronic","exchange",2,"[PREMIUM]","2,4"
"7KntAgDKDYG","2026-09-13 23:56:47.862","2026-09-13 23:56:47.862","7KntAgDKDYG","18494823","[PREMIUM]","[PREMIUM]","[PREMIUM]","380","Section 380","6",8,"[]","2027-02-24 00:00:00","electronic","exchange",0,"[PREMIUM]","1,2,3,4,5,6,7,8"
"9P2c5MraM8J","2026-09-13 23:56:47.862","2026-09-18 01:21:44.307","9P2c5MraM8J","18494823","[PREMIUM]","[PREMIUM]","[PREMIUM]","380","Section 380","6",8,"[]","2027-02-25 00:00:00","electronic","exchange",0,"[PREMIUM]","1,2,3,4,6,8"
"9P2c5MrbkjK","2026-09-13 23:56:47.862","2026-09-18 01:21:44.307","9P2c5MrbkjK","18494823","[PREMIUM]","[PREMIUM]","[PREMIUM]","341","Section 341","2",2,"[]","2027-02-25 00:00:00","electronic","exchange",2,"[PREMIUM]","2"
"9P2c5MrePRg","2026-09-13 23:56:47.862","2026-09-18 01:21:44.307","9P2c5MrePRg","18494823","[PREMIUM]","[PREMIUM]","[PREMIUM]","134","Section 134","cc",4,"[]","2027-02-25 00:00:00","electronic","exchange",0,"[PREMIUM]","2,4"
"A6rs2rPm3oZ","2026-09-13 23:56:47.862","2026-09-26 23:02:05.002","A6rs2rPm3oZ","18494823","[PREMIUM]","[PREMIUM]","[PREMIUM]","116","Section 116","10",4,"[]","2027-02-24 00:00:00","mobile_transfer","exchange",3,"[PREMIUM]","4"
"BALImM2azMM","2026-09-13 23:56:47.862","2026-09-18 01:21:44.307","BALImM2azMM","18494823","[PREMIUM]","[PREMIUM]","[PREMIUM]","309","Section 309","3",6,"[]","2027-02-25 00:00:00","electronic","exchange",3,"[PREMIUM]","1,2,4,6"
"BALImM2pelj","2026-09-13 23:56:47.862","2026-09-13 23:56:47.862","BALImM2pelj","18494823","[PREMIUM]","[PREMIUM]","[PREMIUM]","320","Section 320","5",2,"[]","2027-02-25 00:00:00","electronic","exchange",4,"[PREMIUM]","2"
"DdwHkML8mEJ","2026-09-13 23:56:47.862","2026-09-13 23:56:47.862","DdwHkML8mEJ","18494823","[PREMIUM]","[PREMIUM]","[PREMIUM]","116","Section 116","16",2,"[]","2027-02-25 00:00:00","electronic","exchange",4,"[PREMIUM]","2"
"EroUXgdVv6Z","2026-09-13 23:56:47.862","2026-09-18 01:21:44.307","EroUXgdVv6Z","18494823","[PREMIUM]","[PREMIUM]","[PREMIUM]","116","Section 116","aa",8,"[]","2027-02-25 00:00:00","electronic","exchange",1,"[PREMIUM]","1,2,3,4,6,8"
"GAaI603venZ","2026-09-13 23:56:47.862","2026-09-25 00:36:00.663","GAaI603venZ","18494823","[PREMIUM]","[PREMIUM]","[PREMIUM]","341","Section 341","2",4,"[]","2027-02-25 00:00:00","electronic","exchange",2,"[PREMIUM]","1,2,3,4"
"JABI3BndwP0","2026-09-13 23:56:47.862","2026-09-26 23:02:05.002","JABI3BndwP0","18494823","[PREMIUM]","[PREMIUM]","[PREMIUM]","352","Section 352","8",2,"[]","2027-02-19 00:00:00","mobile_transfer","exchange",0,"[PREMIUM]","1,2"
"LbviL8w4ae0","2026-09-13 23:56:47.862","2026-09-18 01:21:44.307","LbviL8w4ae0","18494823","[PREMIUM]","[PREMIUM]","[PREMIUM]","335","Section 335","2",2,"[]","2027-02-25 00:00:00","electronic","exchange",3,"[PREMIUM]","2"
"LbviL8w4Ddz","2026-09-13 23:56:47.862","2026-09-25 00:36:00.663","LbviL8w4Ddz","18494823","[PREMIUM]","[PREMIUM]","[PREMIUM]","108","Section 108","22",2,"[]","2027-02-25 00:00:00","electronic","exchange",3,"[PREMIUM]","2"
"LbviLmjX6d9","2026-09-13 23:56:47.862","2026-09-17 00:47:26.833","LbviLmjX6d9","18494823","[PREMIUM]","[PREMIUM]","[PREMIUM]","341","Section 341","2",2,"[]","2027-02-25 00:00:00","electronic","exchange",2,"[PREMIUM]","1,2"
"MAeIP35M7p5","2026-09-13 23:56:47.862","2026-09-18 01:21:44.307","MAeIP35M7p5","18494823","[PREMIUM]","[PREMIUM]","[PREMIUM]","378","Section 378","13",2,"[]","2027-02-25 00:00:00","electronic","exchange",1,"[PREMIUM]","2"
"LbviL8wwvR4","2026-09-13 23:56:47.862","2026-09-26 23:02:05.002","LbviL8wwvR4","18494823","[PREMIUM]","[PREMIUM]","[PREMIUM]","116","Section 116","10",4,"['7','8','9','10']","2027-02-23 00:00:00","mobile_transfer","exchange",4,"[PREMIUM]","4"
"O7Ahw7n2wkz","2026-09-13 23:56:47.862","2026-09-26 01:37:30.297","O7Ahw7n2wkz","18494823","[PREMIUM]","[PREMIUM]","[PREMIUM]","332","Section 332","8",7,"[]","2027-02-19 00:00:00","mobile_transfer","exchange",4,"[PREMIUM]","1,2,3,4,5,6,7"
"O7AhwKRLjnv","2026-09-13 23:56:47.862","2026-09-18 01:21:44.307","O7AhwKRLjnv","18494823","[PREMIUM]","[PREMIUM]","[PREMIUM]","106","Section 106","4",2,"[]","2027-02-25 00:00:00","electronic","exchange",1,"[PREMIUM]","2"
"eeacK8ao4b7","2026-09-13 23:56:47.862","2026-09-13 23:56:47.862","eeacK8ao4b7","18494823","[PREMIUM]","[PREMIUM]","[PREMIUM]","380","Section 380","6",8,"[]","2027-02-25 00:00:00","electronic","exchange",0,"[PREMIUM]","1,2,3,4,5,6,7,8"
"eeacK8a4dGO","2026-09-13 23:56:47.862","2026-09-13 23:56:47.862","eeacK8a4dGO","18494823","[PREMIUM]","[PREMIUM]","[PREMIUM]","142","Section 142","20",4,"[]","2027-02-25 00:00:00","electronic","exchange",2,"[PREMIUM]","2,4"
"eeacKj6p9lD","2026-09-13 23:56:47.862","2026-09-19 23:57:38.236","eeacKj6p9lD","18494823","[PREMIUM]","[PREMIUM]","[PREMIUM]","359","Section 359","1",8,"[]","2027-02-24 00:00:00","electronic","exchange",3,"[PREMIUM]","1,2,3,4,5,6,7,8"
"g48Ur63Ex6G","2026-09-13 23:56:47.862","2026-09-18 01:21:44.307","g48Ur63Ex6G","18494823","[PREMIUM]","[PREMIUM]","[PREMIUM]","323","Section 323","3",2,"[]","2027-02-25 00:00:00","electronic","exchange",2,"[PREMIUM]","2"
"g48UrnXLZ3k","2026-09-13 23:56:47.862","2026-09-18 01:21:44.307","g48UrnXLZ3k","18494823","[PREMIUM]","[PREMIUM]","[PREMIUM]","359","Section 359","1",7,"[]","2027-02-25 00:00:00","electronic","exchange",2,"[PREMIUM]","1,2,3,5,7"
"jDvsz3w2zE2","2026-09-13 23:56:47.862","2026-09-26 23:02:05.002","jDvsz3w2zE2","18494823","[PREMIUM]","[PREMIUM]","[PREMIUM]","350","Section 350","9",6,"[]","2027-02-19 00:00:00","mobile_transfer","exchange",1,"[PREMIUM]","1,2,3,4,5,6"
"mxAs4xmwXJg","2026-09-13 23:56:47.862","2026-09-18 01:21:44.307","mxAs4xmwXJg","18494823","[PREMIUM]","[PREMIUM]","[PREMIUM]","140","Section 140","aa",2,"[]","2027-02-25 00:00:00","electronic","exchange",1,"[PREMIUM]","2"
"mxAs4xmRGrw","2026-09-13 23:56:47.862","2026-09-25 00:36:00.663","mxAs4xmRGrw","18494823","[PREMIUM]","[PREMIUM]","[PREMIUM]","341","Section 341","2",4,"[]","2027-02-25 00:00:00","electronic","exchange",3,"[PREMIUM]","1,2,3,4"
"pVXHD7e9zdg","2026-09-13 23:56:47.862","2026-09-18 01:21:44.307","pVXHD7e9zdg","18494823","[PREMIUM]","[PREMIUM]","[PREMIUM]","363","Section 363","3",2,"[]","2027-02-25 00:00:00","electronic","exchange",2,"[PREMIUM]","2"
"qVjH2moRE9l","2026-09-13 23:56:47.862","2026-09-13 23:56:47.862","qVjH2moRE9l","18494823","[PREMIUM]","[PREMIUM]","[PREMIUM]","380","Section 380","6",12,"[]","2027-02-25 00:00:00","electronic","exchange",0,"[PREMIUM]","1,2,3,4,5,6,7,8,9,10,11,12"
"qVjH2rBagpg","2026-09-13 23:56:47.862","2026-09-13 23:56:47.862","qVjH2rBagpg","18494823","[PREMIUM]","[PREMIUM]","[PREMIUM]","359","Section 359","1",8,"[]","2027-02-24 00:00:00","electronic","exchange",4,"[PREMIUM]","1,2,3,4,5,6,7,8"
"rVOHkL3JABG","2026-09-13 23:56:47.862","2026-09-19 23:57:38.236","rVOHkL3JABG","18494823","[PREMIUM]","[PREMIUM]","[PREMIUM]","359","Section 359","1",9,"[]","2027-02-25 00:00:00","electronic","exchange",3,"[PREMIUM]","1,2,3,4,5,6,7,8,9"
"rVOHkpdmaVw","2026-09-13 23:56:47.862","2026-09-18 01:21:44.307","rVOHkpdmaVw","18494823","[PREMIUM]","[PREMIUM]","[PREMIUM]","124","Section 124","19",4,"[]","2027-02-25 00:00:00","electronic","exchange",2,"[PREMIUM]","2,4"
"vb3iPwn2ln5","2026-09-13 23:56:47.862","2026-09-13 23:56:47.862","vb3iPwn2ln5","18494823","[PREMIUM]","[PREMIUM]","[PREMIUM]","116","Section 116","1",2,"[]","2027-02-25 00:00:00","electronic","exchange",2,"[PREMIUM]","2"
"w3JseaDRXjN","2026-09-13 23:56:47.862","2026-09-26 23:02:05.002","w3JseaDRXjN","18494823","[PREMIUM]","[PREMIUM]","[PREMIUM]","352","Section 352","9",5,"[]","2027-02-19 00:00:00","mobile_transfer","exchange",2,"[PREMIUM]","1,2,3,4,5"
"w3JseaDeGrw","2026-09-13 23:56:47.862","2026-09-26 23:02:05.002","w3JseaDeGrw","18494823","[PREMIUM]","[PREMIUM]","[PREMIUM]","116","Section 116","10",4,"[]","2027-02-24 00:00:00","mobile_transfer","exchange",4,"[PREMIUM]","4"
"xb9imlnXnex","2026-09-13 23:56:47.862","2026-09-13 23:56:47.862","xb9imlnXnex","18494823","[PREMIUM]","[PREMIUM]","[PREMIUM]","380","Section 380","6",8,"[]","2027-02-24 00:00:00","electronic","exchange",0,"[PREMIUM]","1,2,3,4,5,6,7,8"
"z3Es6vzrod8","2026-09-13 23:56:47.862","2026-09-13 23:56:47.862","z3Es6vzrod8","18494823","[PREMIUM]","[PREMIUM]","[PREMIUM]","320","Section 320","5",2,"[]","2027-02-25 00:00:00","electronic","exchange",1,"[PREMIUM]","2"
"3q7fNL0Z4OK","2026-09-13 23:55:12.998","2026-09-20 23:38:07.058","3q7fNL0Z4OK","18494919","[PREMIUM]","[PREMIUM]","[PREMIUM]","118","Section 118","h",2,"[]","2026-11-06 00:00:00","electronic","exchange",0,"[PREMIUM]","2"
"5EjuZj3jxRp","2026-09-13 23:55:12.998","2026-09-20 23:38:07.058","5EjuZj3jxRp","18494919","[PREMIUM]","[PREMIUM]","[PREMIUM]","104","Section 104","d",2,"[]","2026-11-06 00:00:00","electronic","exchange",1,"[PREMIUM]","2"
"05VT8DG9gZn","2026-09-13 23:52:33.020","2026-09-26 22:43:09.925","05VT8DG9gZn","18485969","[PREMIUM]","[PREMIUM]","[PREMIUM]","313","Section 313","3",2,"['1','2']","2026-11-17 00:00:00","mobile_transfer","exchange",2,"[PREMIUM]","2"
"2v0czRYqLeL","2026-09-13 23:52:33.020","2026-09-26 22:43:09.925","2v0czRYqLeL","18485969","[PREMIUM]","[PREMIUM]","[PREMIUM]","102","Section 102","12",6,"['9','10','11','12','13','14']","2026-11-19 00:00:00","mobile_transfer","exchange",1,"[PREMIUM]","2,4,6"
"2v0czRYq6zn","2026-09-13 23:52:33.020","2026-09-26 22:43:09.925","2v0czRYq6zn","18485969","[PREMIUM]","[PREMIUM]","[PREMIUM]","216","Section 216","1",4,"['9','10','11','12']","2026-11-19 00:00:00","mobile_transfer","exchange",0,"[PREMIUM]","2,4"
"3q7fN7nL3Mr","2026-09-13 23:52:33.020","2026-09-26 22:43:09.925","3q7fN7nL3Mr","18485969","[PREMIUM]","[PREMIUM]","[PREMIUM]","101","Section 101","10",2,"['17','18']","2026-11-19 00:00:00","mobile_transfer","exchange",1,"[PREMIUM]","2"
"3q7fNL02pa8","2026-09-13 23:52:33.020","2026-09-26 22:43:09.925","3q7fNL02pa8","18485969","[PREMIUM]","[PREMIUM]","[PREMIUM]","204","Section 204","1",2,"['7','8']","2026-11-17 00:00:00","mobile_transfer","exchange",3,"[PREMIUM]","2"
"4vXcjR7xzkN","2026-09-13 23:52:33.020","2026-09-13 23:52:33.020","4vXcjR7xzkN","18485969","[PREMIUM]","[PREMIUM]","[PREMIUM]","306","Section 306","3",4,"[]","2026-11-19 00:00:00","electronic","exchange",1,"[PREMIUM]","4"
"5EjuZj3wok7","2026-09-13 23:52:33.020","2026-09-26 22:43:09.925","5EjuZj3wok7","18485969","[PREMIUM]","[PREMIUM]","[PREMIUM]","318","Section 318","8",6,"['9','10','11','12','13','14']","2026-11-19 00:00:00","mobile_transfer","exchange",1,"[PREMIUM]","2,4,6"
"6mOhkOL5mlk","2026-09-13 23:52:33.020","2026-09-13 23:52:33.020","6mOhkOL5mlk","18485969","[PREMIUM]","[PREMIUM]","[PREMIUM]","310","Section 310","2",4,"[]","2026-11-19 00:00:00","electronic","exchange",1,"[PREMIUM]","4"
"6mOhkOL52z9","2026-09-13 23:52:33.020","2026-09-18 00:29:08.039","6mOhkOL52z9","18485969","[PREMIUM]","[PREMIUM]","[PREMIUM]","303","Section 303","9",2,"['1','2']","2026-11-18 00:00:00","electronic","exchange",0,"[PREMIUM]","2"
"6mOhkOLrPBz","2026-09-13 23:52:33.020","2026-09-26 22:43:09.925","6mOhkOLrPBz","18485969","[PREMIUM]","[PREMIUM]","[PREMIUM]","119","Section 119","8",9,"['1','2','3','4','5','6','7','8','9']","2026-08-19 00:00:00","mobile_transfer","exchange",0,"[PREMIUM]","1,2,3,4,5,6,7,9"
"8lKt6azqP6O","2026-09-13 23:52:33.020","2026-09-26 22:43:09.925","8lKt6azqP6O","18485969","[PREMIUM]","[PREMIUM]","[PREMIUM]","229","Section 229","2",2,"[]","2026-11-18 00:00:00","mobile_transfer","exchange",1,"[PREMIUM]","2"
"8lKt6azezKM","2026-09-13 23:52:33.020","2026-09-26 22:43:09.925","8lKt6azezKM","18485969","[PREMIUM]","[PREMIUM]","[PREMIUM]","306","Section 306","3",8,"['5','6','7','8','9','10','11','12']","2026-08-19 00:00:00","mobile_transfer","exchange",0,"[PREMIUM]","1,2,3,4,5,6,8"
"9P2c526MaRr","2026-09-13 23:52:33.020","2026-09-26 22:43:09.925","9P2c526MaRr","18485969","[PREMIUM]","[PREMIUM]","[PREMIUM]","324","Section 324","1",12,"['5','6','7','8','9','10','11','12','13','14','15','16']","2026-11-19 00:00:00","mobile_transfer","exchange",1,"[PREMIUM]","1,2,3,4,5,6,7,8,9,10,12"
"9P2c526Maxq","2026-09-13 23:52:33.020","2026-09-26 22:43:09.925","9P2c526Maxq","18485969","[PREMIUM]","[PREMIUM]","[PREMIUM]","105","Section 105","6",8,"['1','2','3','4','5','6','7','8']","2026-11-19 00:00:00","mobile_transfer","exchange",1,"[PREMIUM]","1,2,3,4,5,6,8"
"BALImDGMqjE","2026-09-13 23:52:33.020","2026-09-26 22:43:09.925","BALImDGMqjE","18485969","[PREMIUM]","[PREMIUM]","[PREMIUM]","317","Section 317","8",12,"['3','4','5','6','7','8','9','10','11','12','13','14']","2026-11-19 00:00:00","mobile_transfer","exchange",1,"[PREMIUM]","1,2,3,4,5,6,7,8,9,10,12"
"BALImM232R0","2026-09-13 23:52:33.020","2026-09-26 22:43:09.925","BALImM232R0","18485969","[PREMIUM]","[PREMIUM]","[PREMIUM]","306","Section 306","2",5,"[]","2026-11-19 00:00:00","mobile_transfer","exchange",1,"[PREMIUM]","5"
"DdwHkwYdgZ9","2026-09-13 23:52:33.020","2026-09-26 22:43:09.925","DdwHkwYdgZ9","18485969","[PREMIUM]","[PREMIUM]","[PREMIUM]","313","Section 313","3",2,"[]","2026-11-18 00:00:00","mobile_transfer","exchange",1,"[PREMIUM]","2"
"DdwHkwYMvK3","2026-09-13 23:52:33.020","2026-09-26 22:43:09.925","DdwHkwYMvK3","18485969","[PREMIUM]","[PREMIUM]","[PREMIUM]","202","Section 202","3",4,"['5','6','7','8']","2026-11-19 00:00:00","mobile_transfer","exchange",1,"[PREMIUM]","2,4"
"DdwHkwYM8Y8","2026-09-13 23:52:33.020","2026-09-26 22:43:09.925","DdwHkwYM8Y8","18485969","[PREMIUM]","[PREMIUM]","[PREMIUM]","315","Section 315","1",2,"['13','14']","2026-11-19 00:00:00","mobile_transfer","exchange",1,"[PREMIUM]","2"
"GAaI6br0wo5","2026-09-13 23:52:33.020","2026-09-26 22:43:09.925","GAaI6br0wo5","18485969","[PREMIUM]","[PREMIUM]","[PREMIUM]","301","Section 301","7",3,"['5','6','7']","2026-11-19 00:00:00","mobile_transfer","exchange",1,"[PREMIUM]","3"
"GAaI6br0xLw","2026-09-13 23:52:33.020","2026-09-26 22:43:09.925","GAaI6br0xLw","18485969","[PREMIUM]","[PREMIUM]","[PREMIUM]","320","Section 320","3",4,"['7','8','9','10']","2026-11-19 00:00:00","mobile_transfer","exchange",0,"[PREMIUM]","2,4"
"JABI3BnERpz","2026-09-13 23:52:33.020","2026-09-13 23:52:33.020","JABI3BnERpz","18485969","[PREMIUM]","[PREMIUM]","[PREMIUM]","BANNER SEAT","Banner Seat","1",6,"['21','22','23','24','25','26']","2026-11-19 00:00:00","electronic","exchange",7,"[PREMIUM]","2,4,6"
"JABI3BnEL40","2026-09-13 23:52:33.020","2026-09-26 22:43:09.925","JABI3BnEL40","18485969","[PREMIUM]","[PREMIUM]","[PREMIUM]","119","Section 119","1",3,"['1','2','3']","2026-11-19 00:00:00","mobile_transfer","exchange",0,"[PREMIUM]","3"
"JABI3E2KPrp","2026-09-13 23:52:33.020","2026-09-22 00:29:10.664","JABI3E2KPrp","18485969","[PREMIUM]","[PREMIUM]","[PREMIUM]","204","Section 204","1",2,"[]","2026-11-18 00:00:00","electronic","exchange",1,"[PREMIUM]","2"
"LbviLmjlwD4","2026-09-13 23:52:33.020","2026-09-24 23:39:35.593","LbviLmjlwD4","18485969","[PREMIUM]","[PREMIUM]","[PREMIUM]","330","Section 330","11",4,"[]","2026-11-19 00:00:00","electronic","exchange",1,"[PREMIUM]","4"
"NrqUvmP6x76","2026-09-13 23:52:33.020","2026-09-26 22:43:09.925","NrqUvmP6x76","18485969","[PREMIUM]","[PREMIUM]","[PREMIUM]","101","Section 101","12",4,"['5','6','7','8']","2026-11-19 00:00:00","mobile_transfer","exchange",1,"[PREMIUM]","2,4"
"ROXHz2p950Y","2026-09-13 23:52:33.020","2026-09-13 23:52:33.020","ROXHz2p950Y","18485969","[PREMIUM]","[PREMIUM]","[PREMIUM]","204","Section 204","1",2,"[]","2026-11-19 00:00:00","electronic","exchange",1,"[PREMIUM]","2"
"ROXHzAR04Ag","2026-09-13 23:52:33.020","2026-09-13 23:52:33.020","ROXHzAR04Ag","18485969","[PREMIUM]","[PREMIUM]","[PREMIUM]","119","Section 119","8",4,"[]","2026-11-19 00:00:00","electronic","exchange",1,"[PREMIUM]","4"
"Zm9hvJKgKo8","2026-09-13 23:52:33.020","2026-09-13 23:52:33.020","Zm9hvJKgKo8","18485969","[PREMIUM]","[PREMIUM]","[PREMIUM]","329","Section 329","10",2,"[]","2026-11-19 00:00:00","electronic","exchange",0,"[PREMIUM]","2"
"b4wUaoBrYDz","2026-09-13 23:52:33.020","2026-09-13 23:52:33.020","b4wUaoBrYDz","18485969","[PREMIUM]","[PREMIUM]","[PREMIUM]","306","Section 306","10",4,"[]","2026-11-19 00:00:00","electronic","exchange",1,"[PREMIUM]","4"
"b4wUaoBzxND","2026-09-13 23:52:33.020","2026-09-26 22:43:09.925","b4wUaoBzxND","18485969","[PREMIUM]","[PREMIUM]","[PREMIUM]","116","Section 116","11",8,"['1','2','3','4','5','6','7','8']","2026-08-19 00:00:00","mobile_transfer","exchange",0,"[PREMIUM]","1,2,3,4,5,6,8"
"eeacKj652jg","2026-09-13 23:52:33.020","2026-09-26 22:43:09.925","eeacKj652jg","18485969","[PREMIUM]","[PREMIUM]","[PREMIUM]","204","Section 204","1",2,"[]","2026-11-18 00:00:00","mobile_transfer","exchange",2,"[PREMIUM]","2"
"kYet9Jdm3Pn","2026-09-13 23:52:33.020","2026-09-26 22:43:09.925","kYet9Jdm3Pn","18485969","[PREMIUM]","[PREMIUM]","[PREMIUM]","313","Section 313","3",2,"[]","2026-11-18 00:00:00","mobile_transfer","exchange",2,"[PREMIUM]","2"
"kYet9JdmVPN","2026-09-13 23:52:33.020","2026-09-13 23:52:33.020","kYet9JdmVPN","18485969","[PREMIUM]","[PREMIUM]","[PREMIUM]","311","Section 311","1",8,"['3','4','5','6','7','8','9','10']","2026-11-19 00:00:00","electronic","exchange",0,"[PREMIUM]","1,2,3,4,5,6,8"
"lxVsd9mR8KD","2026-09-13 23:52:33.020","2026-09-13 23:52:33.020","lxVsd9mR8KD","18485969","[PREMIUM]","[PREMIUM]","[PREMIUM]","PENTHOUSE","Penthouse","suite",1,"['28']","2026-11-19 00:00:00","electronic","exchange",7,"[PREMIUM]","1"
"oV7HbA46G4E","2026-09-13 23:52:33.020","2026-09-26 22:43:09.925","oV7HbA46G4E","18485969","[PREMIUM]","[PREMIUM]","[PREMIUM]","318","Section 318","1",4,"['15','16','17','18']","2026-11-19 00:00:00","mobile_transfer","exchange",1,"[PREMIUM]","2,4"
"oV7HbA46GOk","2026-09-13 23:52:33.020","2026-09-26 22:43:09.925","oV7HbA46GOk","18485969","[PREMIUM]","[PREMIUM]","[PREMIUM]","105","Section 105","5",4,"['3','4','5','6']","2026-11-19 00:00:00","mobile_transfer","exchange",1,"[PREMIUM]","2,4"
"oV7HbA46Gpa","2026-09-13 23:52:33.020","2026-09-26 22:43:09.925","oV7HbA46Gpa","18485969","[PREMIUM]","[PREMIUM]","[PREMIUM]","101","Section 101","10",2,"['1','2']","2026-11-19 00:00:00","mobile_transfer","exchange",0,"[PREMIUM]","2"
"oV7HbA4zOoJ","2026-09-13 23:52:33.020","2026-09-13 23:52:33.020","oV7HbA4zOoJ","18485969","[PREMIUM]","[PREMIUM]","[PREMIUM]","313","Section 313","3",2,"[]","2026-11-19 00:00:00","electronic","exchange",1,"[PREMIUM]","2"
"qVjH2rBBMvR","2026-09-13 23:52:33.020","2026-09-13 23:52:33.020","qVjH2rBBMvR","18485969","[PREMIUM]","[PREMIUM]","[PREMIUM]","229","Section 229","2",2,"[]","2026-11-19 00:00:00","electronic","exchange",1,"[PREMIUM]","2"
"rVOHkpdr2j2","2026-09-13 23:52:33.020","2026-09-24 23:39:35.593","rVOHkpdr2j2","18485969","[PREMIUM]","[PREMIUM]","[PREMIUM]","116","Section 116","10",6,"[]","2026-11-19 00:00:00","electronic","exchange",0,"[PREMIUM]","6"
"vb3iPg0w2Yo","2026-09-13 23:52:33.020","2026-09-26 22:43:09.925","vb3iPg0w2Yo","18485969","[PREMIUM]","[PREMIUM]","[PREMIUM]","234","Section 234","1",4,"['11','12','13','14']","2026-11-19 00:00:00","mobile_transfer","exchange",1,"[PREMIUM]","2,4"
"05VT8DG4Ka6","2026-09-13 23:52:04.604","2026-09-19 23:44:23.388","05VT8DG4Ka6","18495238","[PREMIUM]","[PREMIUM]","[PREMIUM]","222","Section 222","7",2,"[]","2027-01-18 00:00:00","electronic","exchange",5,"[PREMIUM]","2"
"05VT8DGDk7m","2026-09-13 23:52:04.604","2026-09-13 23:52:04.604","05VT8DGDk7m","18495238","[PREMIUM]","[PREMIUM]","[PREMIUM]","112","Section 112","16",5,"[]","2027-01-19 00:00:00","electronic","exchange",2,"[PREMIUM]","1,2,3,5"
"05VT8lLBkvv","2026-09-13 23:52:04.604","2026-09-25 00:12:51.840","05VT8lLBkvv","18495238","[PREMIUM]","[PREMIUM]","[PREMIUM]","221","Section 221","11",6,"[]","2027-01-18 00:00:00","electronic","exchange",0,"[PREMIUM]","1,2,4,6"
"05VT8DGkpBw","2026-09-13 23:52:04.604","2026-09-26 22:54:59.519","05VT8DGkpBw","18495238","[PREMIUM]","[PREMIUM]","[PREMIUM]","107","Section 107","2",1,"[]","2027-01-17 00:00:00","mobile_transfer","exchange",1,"[PREMIUM]","1"
"2v0czRYZa6G","2026-09-13 23:52:04.604","2026-09-19 23:44:23.388","2v0czRYZa6G","18495238","[PREMIUM]","[PREMIUM]","[PREMIUM]","225","Section 225","1",2,"[]","2027-01-18 00:00:00","electronic","exchange",5,"[PREMIUM]","2"
"2v0czRYZ3j8","2026-09-13 23:52:04.604","2026-09-19 23:44:23.388","2v0czRYZ3j8","18495238","[PREMIUM]","[PREMIUM]","[PREMIUM]","116","Section 116","wcc",2,"[]","2027-01-18 00:00:00","electronic","exchange",2,"[PREMIUM]","2"
"2v0czRYZ3Yd","2026-09-13 23:52:04.604","2026-09-17 00:28:20.938","2v0czRYZ3Yd","18495238","[PREMIUM]","[PREMIUM]","[PREMIUM]","226","Section 226","5",3,"[]","2027-01-18 00:00:00","electronic","exchange",5,"[PREMIUM]","3"
"2v0czRYZ33Y","2026-09-13 23:52:04.604","2026-09-19 23:44:23.388","2v0czRYZ33Y","18495238","[PREMIUM]","[PREMIUM]","[PREMIUM]","209","Section 209","1",3,"[]","2027-01-18 00:00:00","electronic","exchange",5,"[PREMIUM]","3"
"2v0czRYaoKx","2026-09-13 23:52:04.604","2026-09-26 01:19:23.550","2v0czRYaoKx","18495238","[PREMIUM]","[PREMIUM]","[PREMIUM]","222","Section 222","9",6,"[]","2027-01-17 00:00:00","mobile_transfer","exchange",1,"[PREMIUM]","1,2,3,4,5,6"
"2v0czRYknqk","2026-09-13 23:52:04.604","2026-09-26 22:54:59.519","2v0czRYknqk","18495238","[PREMIUM]","[PREMIUM]","[PREMIUM]","226","Section 226","14",3,"[]","2027-01-18 00:00:00","mobile_transfer","exchange",1,"[PREMIUM]","1,3"
"2v0czqP5wjP","2026-09-13 23:52:04.604","2026-09-19 23:44:23.388","2v0czqP5wjP","18495238","[PREMIUM]","[PREMIUM]","[PREMIUM]","FLOORS","Floor South","2",2,"[]","2027-01-18 00:00:00","electronic","exchange",5,"[PREMIUM]","2"
"3q7fN7nYDev","2026-09-13 23:52:04.604","2026-09-19 23:44:23.388","3q7fN7nYDev","18495238","[PREMIUM]","[PREMIUM]","[PREMIUM]","108","Section 108","10",2,"[]","2027-01-18 00:00:00","electronic","exchange",4,"[PREMIUM]","2"
"3q7fN7nYdpg","2026-09-13 23:52:04.604","2026-09-13 23:52:04.604","3q7fN7nYdpg","18495238","[PREMIUM]","[PREMIUM]","[PREMIUM]","111A","Section 111 A","26",2,"[]","2027-01-18 00:00:00","electronic","exchange",4,"[PREMIUM]","2"
"3q7fN7nLElM","2026-09-13 23:52:04.604","2026-09-19 23:44:23.388","3q7fN7nLElM","18495238","[PREMIUM]","[PREMIUM]","[PREMIUM]","112","Section 112","14",4,"[]","2027-01-18 00:00:00","electronic","exchange",2,"[PREMIUM]","1,2,3,4"
"3q7fNL04j2L","2026-09-13 23:52:04.604","2026-09-25 00:12:51.840","3q7fNL04j2L","18495238","[PREMIUM]","[PREMIUM]","[PREMIUM]","201","Section 201","5",2,"[]","2027-01-18 00:00:00","electronic","exchange",1,"[PREMIUM]","2"
"3q7fNL04gE8","2026-09-13 23:52:04.604","2026-09-25 00:12:51.840","3q7fNL04gE8","18495238","[PREMIUM]","[PREMIUM]","[PREMIUM]","221","Section 221","3",3,"[]","2027-01-18 00:00:00","electronic","exchange",1,"[PREMIUM]","1,3"
"3q7fNL04jR6","2026-09-13 23:52:04.604","2026-09-13 23:52:04.604","3q7fNL04jR6","18495238","[PREMIUM]","[PREMIUM]","[PREMIUM]","211","Section 211","13",8,"[]","2027-01-18 00:00:00","electronic","exchange",0,"[PREMIUM]","1,2,3,4,6,8"
"4vXcjR73ex2","2026-09-13 23:52:04.604","2026-09-19 23:44:23.388","4vXcjR73ex2","18495238","[PREMIUM]","[PREMIUM]","[PREMIUM]","214","Section 214","6",5,"[]","2027-01-18 00:00:00","electronic","exchange",0,"[PREMIUM]","1,3,5"
"4vXcjR73qw6","2026-09-13 23:52:04.604","2026-09-18 01:01:10.637","4vXcjR73qw6","18495238","[PREMIUM]","[PREMIUM]","[PREMIUM]","227","Section 227","11",5,"[]","2027-01-18 00:00:00","electronic","exchange",0,"[PREMIUM]","1,3,5"
"4vXcjXB69Gn","2026-09-13 23:52:04.604","2026-09-19 23:44:23.388","4vXcjXB69Gn","18495238","[PREMIUM]","[PREMIUM]","[PREMIUM]","106","Section 106","10",2,"[]","2027-01-18 00:00:00","electronic","exchange",4,"[PREMIUM]","2"
"4vXcjXB6YOa","2026-09-13 23:52:04.604","2026-09-19 23:44:23.388","4vXcjXB6YOa","18495238","[PREMIUM]","[PREMIUM]","[PREMIUM]","232","Section 232","11",3,"[]","2027-01-18 00:00:00","electronic","exchange",5,"[PREMIUM]","3"
"4vXcjXBqmjq","2026-09-13 23:52:04.604","2026-09-26 22:54:59.519","4vXcjXBqmjq","18495238","[PREMIUM]","[PREMIUM]","[PREMIUM]","226","Section 226","14",5,"[]","2027-01-17 00:00:00","mobile_transfer","exchange",2,"[PREMIUM]","1,2,3,4,5"
"5EjuZj3eBOg","2026-09-13 23:52:04.604","2026-09-13 23:52:04.604","5EjuZj3eBOg","18495238","[PREMIUM]","[PREMIUM]","[PREMIUM]","C-F","Club F","1",4,"[]","2027-01-18 00:00:00","electronic","exchange",4,"[PREMIUM]","4"
"5EjuZj3azVx","2026-09-13 23:52:04.604","2026-09-19 23:44:23.388","5EjuZj3azVx","18495238","[PREMIUM]","[PREMIUM]","[PREMIUM]","113","Section 113","9",2,"[]","2027-01-18 00:00:00","electronic","exchange",4,"[PREMIUM]","2"
"5EjuZj3a6Kz","2026-09-13 23:52:04.604","2026-09-13 23:52:04.604","5EjuZj3a6Kz","18495238","[PREMIUM]","[PREMIUM]","[PREMIUM]","110","Section 110","4",2,"[]","2027-01-18 00:00:00","electronic","exchange",1,"[PREMIUM]","2"
"5EjuZj3a6Jv","2026-09-13 23:52:04.604","2026-09-19 23:44:23.388","5EjuZj3a6Jv","18495238","[PREMIUM]","[PREMIUM]","[PREMIUM]","225","Section 225","3",2,"[]","2027-01-18 00:00:00","electronic","exchange",5,"[PREMIUM]","2"
"5EjuZwgY2Bd","2026-09-13 23:52:04.604","2026-09-13 23:52:04.604","5EjuZwgY2Bd","18495238","[PREMIUM]","[PREMIUM]","[PREMIUM]","218","Section 218","4",5,"[]","2027-01-18 00:00:00","electronic","exchange",2,"[PREMIUM]","1,2,3,4,5"
"5EjuZwgekmE","2026-09-13 23:52:04.604","2026-09-18 01:01:10.637","5EjuZwgekmE","18495238","[PREMIUM]","[PREMIUM]","[PREMIUM]","210","Section 210","3",2,"[]","2027-01-18 00:00:00","electronic","exchange",2,"[PREMIUM]","2"
"6mOhkOLgJDj","2026-09-13 23:52:04.604","2026-09-19 23:44:23.388","6mOhkOLgJDj","18495238","[PREMIUM]","[PREMIUM]","[PREMIUM]","104","Section 104","8",2,"[]","2027-01-18 00:00:00","electronic","exchange",5,"[PREMIUM]","2"
"6mOhkOLgJwK","2026-09-13 23:52:04.604","2026-09-19 23:44:23.388","6mOhkOLgJwK","18495238","[PREMIUM]","[PREMIUM]","[PREMIUM]","110A","Section 110 A","23",2,"[]","2027-01-18 00:00:00","electronic","exchange",2,"[PREMIUM]","2"
"5EjuZwgeerK","2026-09-13 23:52:04.604","2026-09-26 22:54:59.519","5EjuZwgeerK","18495238","[PREMIUM]","[PREMIUM]","[PREMIUM]","217","Section 217","9",2,"[]","2027-01-18 00:00:00","mobile_transfer","exchange",1,"[PREMIUM]","2"
"7KntAgDwm0D","2026-09-13 23:52:04.604","2026-09-25 00:12:51.840","7KntAgDwm0D","18495238","[PREMIUM]","[PREMIUM]","[PREMIUM]","117","Section 117","15",2,"[]","2027-01-18 00:00:00","electronic","exchange",1,"[PREMIUM]","2"
"7KntAgDwOJJ","2026-09-13 23:52:04.604","2026-09-26 22:54:59.519","7KntAgDwOJJ","18495238","[PREMIUM]","[PREMIUM]","[PREMIUM]","212","Section 212","3",3,"[]","2027-01-18 00:00:00","mobile_transfer","exchange",1,"[PREMIUM]","1,3"
"7KntAgDwEMa","2026-09-13 23:52:04.604","2026-09-26 22:54:59.519","7KntAgDwEMa","18495238","[PREMIUM]","[PREMIUM]","[PREMIUM]","216","Section 216","2",5,"[]","2027-01-18 00:00:00","mobile_transfer","exchange",1,"[PREMIUM]","1,3,5"
"7KntAnJ9ljv","2026-09-13 23:52:04.604","2026-09-19 23:44:23.388","7KntAnJ9ljv","18495238","[PREMIUM]","[PREMIUM]","[PREMIUM]","104","Section 104","4",2,"[]","2027-01-18 00:00:00","electronic","exchange",5,"[PREMIUM]","2"
"8lKt6Dnmp7O","2026-09-13 23:52:04.604","2026-09-22 00:58:29.520","8lKt6Dnmp7O","18495238","[PREMIUM]","[PREMIUM]","[PREMIUM]","104","Section 104","12",2,"[]","2027-01-17 00:00:00","electronic","exchange",5,"[PREMIUM]","2"
"8lKt6Dn0YJx","2026-09-13 23:52:04.604","2026-09-19 23:44:23.388","8lKt6Dn0YJx","18495238","[PREMIUM]","[PREMIUM]","[PREMIUM]","118","Section 118","21",2,"[]","2027-01-18 00:00:00","electronic","exchange",5,"[PREMIUM]","2"
"8lKt6az7B56","2026-09-13 23:52:04.604","2026-09-13 23:52:04.604","8lKt6az7B56","18495238","[PREMIUM]","[PREMIUM]","[PREMIUM]","219","Section 219","2",2,"[]","2027-01-18 00:00:00","electronic","exchange",0,"[PREMIUM]","2"
"8lKt6azVmA9","2026-09-13 23:52:04.604","2026-09-17 00:28:20.938","8lKt6azVmA9","18495238","[PREMIUM]","[PREMIUM]","[PREMIUM]","115","Section 115","15",2,"[]","2027-01-18 00:00:00","electronic","exchange",2,"[PREMIUM]","2"
"9P2c526mDPG","2026-09-13 23:52:04.604","2026-09-19 23:44:23.388","9P2c526mDPG","18495238","[PREMIUM]","[PREMIUM]","[PREMIUM]","109","Section 109","d",2,"[]","2027-01-18 00:00:00","electronic","exchange",5,"[PREMIUM]","2"
"9P2c526gRLY","2026-09-13 23:52:04.604","2026-09-26 22:54:59.519","9P2c526gRLY","18495238","[PREMIUM]","[PREMIUM]","[PREMIUM]","Club-B","Club B","3",2,"['15','16']","2027-01-18 00:00:00","mobile_transfer","exchange",0,"[PREMIUM]","2"
"9P2c5Mrwk69","2026-09-13 23:52:04.604","2026-09-19 23:44:23.388","9P2c5Mrwk69","18495238","[PREMIUM]","[PREMIUM]","[PREMIUM]","215","Section 215","10",4,"[]","2027-01-18 00:00:00","electronic","exchange",2,"[PREMIUM]","1,2,4"
"9P2c5Mrdoqa","2026-09-13 23:52:04.604","2026-09-25 00:12:51.840","9P2c5Mrdoqa","18495238","[PREMIUM]","[PREMIUM]","[PREMIUM]","232","Section 232","5",3,"[]","2027-01-18 00:00:00","electronic","exchange",1,"[PREMIUM]","1,3"
"9P2c5MrRNKb","2026-09-13 23:52:04.604","2026-09-26 22:54:59.519","9P2c5MrRNKb","18495238","[PREMIUM]","[PREMIUM]","[PREMIUM]","215","Section 215","10",4,"[]","2027-01-17 00:00:00","mobile_transfer","exchange",2,"[PREMIUM]","1,2,3,4"
"9P2c5MrdMZ2","2026-09-13 23:52:04.604","2026-09-26 22:54:59.519","9P2c5MrdMZ2","18495238","[PREMIUM]","[PREMIUM]","[PREMIUM]","229","Section 229","13",5,"[]","2027-01-18 00:00:00","mobile_transfer","exchange",0,"[PREMIUM]","1,3,5"
"A6rs2KBGLMP","2026-09-13 23:52:04.604","2026-09-18 01:01:10.637","A6rs2KBGLMP","18495238","[PREMIUM]","[PREMIUM]","[PREMIUM]","108","Section 108","17",2,"[]","2027-01-18 00:00:00","electronic","exchange",1,"[PREMIUM]","2"
"A6rs2KBA78q","2026-09-13 23:52:04.604","2026-09-13 23:52:04.604","A6rs2KBA78q","18495238","[PREMIUM]","[PREMIUM]","[PREMIUM]","217","Section 217","2",5,"[]","2027-01-18 00:00:00","electronic","exchange",0,"[PREMIUM]","1,2,3,5"
"A6rs2KBGjXq","2026-09-13 23:52:04.604","2026-09-25 00:12:51.840","A6rs2KBGjXq","18495238","[PREMIUM]","[PREMIUM]","[PREMIUM]","213","Section 213","9",2,"[]","2027-01-18 00:00:00","electronic","exchange",0,"[PREMIUM]","2"
"A6rs2rPxzpV","2026-09-13 23:52:04.604","2026-09-18 01:01:10.637","A6rs2rPxzpV","18495238","[PREMIUM]","[PREMIUM]","[PREMIUM]","102","Section 102","15",2,"[]","2027-01-18 00:00:00","electronic","exchange",4,"[PREMIUM]","2"
"BALImDG6Xoz","2026-09-13 23:52:04.604","2026-09-19 23:44:23.388","BALImDG6Xoz","18495238","[PREMIUM]","[PREMIUM]","[PREMIUM]","115","Section 115","4",2,"[]","2027-01-18 00:00:00","electronic","exchange",2,"[PREMIUM]","2"
"BALImDGnZ3w","2026-09-13 23:52:04.604","2026-09-26 22:54:59.519","BALImDGnZ3w","18495238","[PREMIUM]","[PREMIUM]","[PREMIUM]","104","Section 104","7",3,"[]","2027-01-17 00:00:00","mobile_transfer","exchange",2,"[PREMIUM]","3"
"BALImM2dqqO","2026-09-13 23:52:04.604","2026-09-17 00:28:20.938","BALImM2dqqO","18495238","[PREMIUM]","[PREMIUM]","[PREMIUM]","115","Section 115","14",2,"[]","2027-01-18 00:00:00","electronic","exchange",2,"[PREMIUM]","2"
"BALImM2Rlk0","2026-09-13 23:52:04.604","2026-09-21 00:09:42.981","BALImM2Rlk0","18495238","[PREMIUM]","[PREMIUM]","[PREMIUM]","215","Section 215","9",3,"[]","2027-01-18 00:00:00","electronic","exchange",0,"[PREMIUM]","1,2,3"
"DdwHkML42E8","2026-09-13 23:52:04.604","2026-09-13 23:52:04.604","DdwHkML42E8","18495238","[PREMIUM]","[PREMIUM]","[PREMIUM]","226","Section 226","12",5,"[]","2027-01-17 00:00:00","electronic","exchange",2,"[PREMIUM]","1,2,3,4,5"
"BALImM2v7nL","2026-09-13 23:52:04.604","2026-09-26 22:54:59.519","BALImM2v7nL","18495238","[PREMIUM]","[PREMIUM]","[PREMIUM]","210","Section 210","9",2,"[]","2027-01-18 00:00:00","mobile_transfer","exchange",0,"[PREMIUM]","2"
"DdwHkMLvnPN","2026-09-13 23:52:04.604","2026-09-26 22:54:59.519","DdwHkMLvnPN","18495238","[PREMIUM]","[PREMIUM]","[PREMIUM]","205","Section 205","3",2,"[]","2027-01-18 00:00:00","mobile_transfer","exchange",1,"[PREMIUM]","2"
"EroUXD9OqkZ","2026-09-13 23:52:04.604","2026-09-13 23:52:04.604","EroUXD9OqkZ","18495238","[PREMIUM]","[PREMIUM]","[PREMIUM]","219","Section 219","2",2,"[]","2027-01-18 00:00:00","electronic","exchange",0,"[PREMIUM]","1,2"
"EroUXD9JnN5","2026-09-13 23:52:04.604","2026-09-13 23:52:04.604","EroUXD9JnN5","18495238","[PREMIUM]","[PREMIUM]","[PREMIUM]","204","Section 204","15",4,"[]","2027-01-18 00:00:00","electronic","exchange",5,"[PREMIUM]","4"
"EroUXD9JnMr","2026-09-13 23:52:04.604","2026-09-19 23:44:23.388","EroUXD9JnMr","18495238","[PREMIUM]","[PREMIUM]","[PREMIUM]","106","Section 106","8",2,"[]","2027-01-18 00:00:00","electronic","exchange",3,"[PREMIUM]","2"
"GAaI603xmPa","2026-09-13 23:52:04.604","2026-09-17 00:28:20.938","GAaI603xmPa","18495238","[PREMIUM]","[PREMIUM]","[PREMIUM]","232","Section 232","2",7,"[]","2027-01-18 00:00:00","electronic","exchange",1,"[PREMIUM]","1,2,3,5,7"
"EroUXgdxmqV","2026-09-13 23:52:04.604","2026-09-26 22:54:59.519","EroUXgdxmqV","18495238","[PREMIUM]","[PREMIUM]","[PREMIUM]","231","Section 231","2",3,"[]","2027-01-18 00:00:00","mobile_transfer","exchange",0,"[PREMIUM]","1,3"
"GAaI6br9ZxZ","2026-09-13 23:52:04.604","2026-09-26 22:54:59.519","GAaI6br9ZxZ","18495238","[PREMIUM]","[PREMIUM]","[PREMIUM]","104","Section 104","14",2,"[]","2027-01-17 00:00:00","mobile_transfer","exchange",4,"[PREMIUM]","2"
"GAaI6brxplY","2026-09-13 23:52:04.604","2026-09-26 22:54:59.519","GAaI6brxplY","18495238","[PREMIUM]","[PREMIUM]","[PREMIUM]","226","Section 226","14",5,"[]","2027-01-18 00:00:00","mobile_transfer","exchange",1,"[PREMIUM]","1,2,3,4,5"
"JABI3BnP9mP","2026-09-13 23:52:04.604","2026-09-19 23:44:23.388","JABI3BnP9mP","18495238","[PREMIUM]","[PREMIUM]","[PREMIUM]","214","Section 214","2",2,"[]","2027-01-18 00:00:00","electronic","exchange",5,"[PREMIUM]","2"
"JABI3BnPzkg","2026-09-13 23:52:04.604","2026-09-19 23:44:23.388","JABI3BnPzkg","18495238","[PREMIUM]","[PREMIUM]","[PREMIUM]","217","Section 217","9",4,"[]","2027-01-18 00:00:00","electronic","exchange",5,"[PREMIUM]","4"
"JABI3E2REq5","2026-09-13 23:52:04.604","2026-09-13 23:52:04.604","JABI3E2REq5","18495238","[PREMIUM]","[PREMIUM]","[PREMIUM]","230","Section 230","2",6,"[]","2027-01-18 00:00:00","electronic","exchange",1,"[PREMIUM]","1,2,4,6"
"JABI3E2RMEG","2026-09-13 23:52:04.604","2026-09-21 00:09:42.981","JABI3E2RMEG","18495238","[PREMIUM]","[PREMIUM]","[PREMIUM]","203","Section 203","5",2,"[]","2027-01-18 00:00:00","electronic","exchange",1,"[PREMIUM]","2"
"JABI3E2Rvlo","2026-09-13 23:52:04.604","2026-09-25 00:12:51.840","JABI3E2Rvlo","18495238","[PREMIUM]","[PREMIUM]","[PREMIUM]","205","Section 205","9",6,"[]","2027-01-18 00:00:00","electronic","exchange",0,"[PREMIUM]","1,2,4,6"
"JABI3BnEZNz","2026-09-13 23:52:04.604","2026-09-26 22:54:59.519","JABI3BnEZNz","18495238","[PREMIUM]","[PREMIUM]","[PREMIUM]","112","Section 112","16",5,"[]","2027-01-17 00:00:00","mobile_transfer","exchange",3,"[PREMIUM]","1,2,3,4,5"
"JABI3Bn8N8x","2026-09-13 23:52:04.604","2026-09-26 22:54:59.519","JABI3Bn8N8x","18495238","[PREMIUM]","[PREMIUM]","[PREMIUM]","226","Section 226","14",5,"[]","2027-01-18 00:00:00","mobile_transfer","exchange",1,"[PREMIUM]","1,2,3,4,5"
"KezczbmqrJE","2026-09-13 23:52:04.604","2026-09-19 23:44:23.388","KezczbmqrJE","18495238","[PREMIUM]","[PREMIUM]","[PREMIUM]","112","Section 112","14",2,"[]","2027-01-18 00:00:00","electronic","exchange",1,"[PREMIUM]","2"
"LbviL8wxD9P","2026-09-13 23:52:04.604","2026-09-19 23:44:23.388","LbviL8wxD9P","18495238","[PREMIUM]","[PREMIUM]","[PREMIUM]","230","Section 230","6",4,"[]","2027-01-18 00:00:00","electronic","exchange",0,"[PREMIUM]","2,4"
"LbviL8wx83d","2026-09-13 23:52:04.604","2026-09-22 00:58:29.520","LbviL8wx83d","18495238","[PREMIUM]","[PREMIUM]","[PREMIUM]","117","Section 117","10",2,"[]","2027-01-18 00:00:00","electronic","exchange",0,"[PREMIUM]","2"
"LbviL8wajxq","2026-09-13 23:52:04.604","2026-09-26 22:54:59.519","LbviL8wajxq","18495238","[PREMIUM]","[PREMIUM]","[PREMIUM]","215","Section 215","10",4,"[]","2027-01-17 00:00:00","mobile_transfer","exchange",2,"[PREMIUM]","1,2,3,4"
"LbviLmjDZxv","2026-09-13 23:52:04.604","2026-09-26 22:54:59.519","LbviLmjDZxv","18495238","[PREMIUM]","[PREMIUM]","[PREMIUM]","106","Section 106","8",2,"[]","2027-01-17 00:00:00","mobile_transfer","exchange",1,"[PREMIUM]","2"
"MAeIP35xoB7","2026-09-13 23:52:04.604","2026-09-18 01:01:10.637","MAeIP35xoB7","18495238","[PREMIUM]","[PREMIUM]","[PREMIUM]","201","Section 201","2",2,"[]","2027-01-18 00:00:00","electronic","exchange",1,"[PREMIUM]","2"
"MAeIPXj8KYv","2026-09-13 23:52:04.604","2026-09-19 23:44:23.388","MAeIPXj8KYv","18495238","[PREMIUM]","[PREMIUM]","[PREMIUM]","105","Section 105","9",4,"[]","2027-01-18 00:00:00","electronic","exchange",4,"[PREMIUM]","4"
"MAeIPXj8lmw","2026-09-13 23:52:04.604","2026-09-19 23:44:23.388","MAeIPXj8lmw","18495238","[PREMIUM]","[PREMIUM]","[PREMIUM]","212","Section 212","16",4,"[]","2027-01-18 00:00:00","electronic","exchange",3,"[PREMIUM]","4"
"NrqUv6Mx2wN","2026-09-13 23:52:04.604","2026-09-13 23:52:04.604","NrqUv6Mx2wN","18495238","[PREMIUM]","[PREMIUM]","[PREMIUM]","208","Section 208","2",2,"['9001','9002']","2027-01-18 00:00:00","electronic","exchange",1,"[PREMIUM]","2"
"NrqUv6MxEBB","2026-09-13 23:52:04.604","2026-09-13 23:52:04.604","NrqUv6MxEBB","18495238","[PREMIUM]","[PREMIUM]","[PREMIUM]","217","Section 217","2",3,"[]","2027-01-18 00:00:00","electronic","exchange",0,"[PREMIUM]","1,3"
"NrqUv6Mx72g","2026-09-13 23:52:04.604","2026-09-26 22:54:59.519","NrqUv6Mx72g","18495238","[PREMIUM]","[PREMIUM]","[PREMIUM]","206","Section 206","11",3,"[]","2027-01-18 00:00:00","mobile_transfer","exchange",0,"[PREMIUM]","1,3"
"NrqUvmPw2YV","2026-09-13 23:52:04.604","2026-09-19 23:44:23.388","NrqUvmPw2YV","18495238","[PREMIUM]","[PREMIUM]","[PREMIUM]","117","Section 117","11",2,"[]","2027-01-18 00:00:00","electronic","exchange",2,"[PREMIUM]","2"
"NrqUvmPN0n9","2026-09-13 23:52:04.604","2026-09-26 22:54:59.519","NrqUvmPN0n9","18495238","[PREMIUM]","[PREMIUM]","[PREMIUM]","219","Section 219","1",2,"[]","2027-01-18 00:00:00","mobile_transfer","exchange",0,"[PREMIUM]","2"
"O7Ahw7nApxX","2026-09-13 23:52:04.604","2026-09-13 23:52:04.604","O7Ahw7nApxX","18495238","[PREMIUM]","[PREMIUM]","[PREMIUM]","FLOORE","Floor East","3",2,"[]","2027-01-18 00:00:00","electronic","exchange",0,"[PREMIUM]","2"
"O7Ahw7nm8JY","2026-09-13 23:52:04.604","2026-09-26 22:54:59.519","O7Ahw7nm8JY","18495238","[PREMIUM]","[PREMIUM]","[PREMIUM]","106","Section 106","8",2,"[]","2027-01-17 00:00:00","mobile_transfer","exchange",1,"[PREMIUM]","2"
"O7AhwKRxaL3","2026-09-13 23:52:04.604","2026-09-25 00:12:51.840","O7AhwKRxaL3","18495238","[PREMIUM]","[PREMIUM]","[PREMIUM]","204","Section 204","6",6,"[]","2027-01-18 00:00:00","electronic","exchange",0,"[PREMIUM]","1,2,4,6"
"PX0sg75VG88","2026-09-13 23:52:04.604","2026-09-13 23:52:04.604","PX0sg75VG88","18495238","[PREMIUM]","[PREMIUM]","[PREMIUM]","C-C","Club C","4",2,"[]","2027-01-18 00:00:00","electronic","exchange",5,"[PREMIUM]","2"
"PX0sgqJxM9Z","2026-09-13 23:52:04.604","2026-09-25 00:12:51.840","PX0sgqJxM9Z","18495238","[PREMIUM]","[PREMIUM]","[PREMIUM]","220","Section 220","2",4,"[]","2027-01-18 00:00:00","electronic","exchange",1,"[PREMIUM]","2,4"
"ROXHz2poxDB","2026-09-13 23:52:04.604","2026-09-13 23:52:04.604","ROXHz2poxDB","18495238","[PREMIUM]","[PREMIUM]","[PREMIUM]","226","Section 226","10",3,"[]","2027-01-18 00:00:00","electronic","exchange",0,"[PREMIUM]","1,2,3"
"ROXHz2pxAER","2026-09-13 23:52:04.604","2026-09-13 23:52:04.604","ROXHz2pxAER","18495238","[PREMIUM]","[PREMIUM]","[PREMIUM]","106","Section 106","16",2,"[]","2027-01-18 00:00:00","electronic","exchange",2,"[PREMIUM]","2"
"ROXHz2pxDwZ","2026-09-13 23:52:04.604","2026-09-25 00:12:51.840","ROXHz2pxDwZ","18495238","[PREMIUM]","[PREMIUM]","[PREMIUM]","213","Section 213","16",3,"['9001','9002','9003']","2027-01-18 00:00:00","electronic","exchange",1,"[PREMIUM]","1,3"
"ROXHzARo6AK","2026-09-13 23:52:04.604","2026-09-19 23:44:23.388","ROXHzARo6AK","18495238","[PREMIUM]","[PREMIUM]","[PREMIUM]","220","Section 220","9",4,"[]","2027-01-18 00:00:00","electronic","exchange",5,"[PREMIUM]","4"
"ROXHzARowje","2026-09-13 23:52:04.604","2026-09-19 23:44:23.388","ROXHzARowje","18495238","[PREMIUM]","[PREMIUM]","[PREMIUM]","C-E","Club E","6",4,"[]","2027-01-18 00:00:00","electronic","exchange",4,"[PREMIUM]","4"
"ROXHzARow8v","2026-09-13 23:52:04.604","2026-09-19 23:44:23.388","ROXHzARow8v","18495238","[PREMIUM]","[PREMIUM]","[PREMIUM]","114","Section 114","14",2,"[]","2027-01-18 00:00:00","electronic","exchange",4,"[PREMIUM]","2"
"ROXHzARO4vo","2026-09-13 23:52:04.604","2026-09-18 01:01:10.637","ROXHzARO4vo","18495238","[PREMIUM]","[PREMIUM]","[PREMIUM]","102","Section 102","15",2,"[]","2027-01-18 00:00:00","electronic","exchange",1,"[PREMIUM]","2"
"ROXHzARo65B","2026-09-13 23:52:04.604","2026-09-17 00:28:20.938","ROXHzARo65B","18495238","[PREMIUM]","[PREMIUM]","[PREMIUM]","115","Section 115","15",2,"[]","2027-01-18 00:00:00","electronic","exchange",4,"[PREMIUM]","2"
"V4KU04NpABK","2026-09-13 23:52:04.604","2026-09-25 00:12:51.840","V4KU04NpABK","18495238","[PREMIUM]","[PREMIUM]","[PREMIUM]","113","Section 113","15",3,"[]","2027-01-18 00:00:00","electronic","exchange",1,"[PREMIUM]","1,3"
"V4KU04NpEPL","2026-09-13 23:52:04.604","2026-09-26 22:54:59.519","V4KU04NpEPL","18495238","[PREMIUM]","[PREMIUM]","[PREMIUM]","220","Section 220","12",2,"[]","2027-01-18 00:00:00","mobile_transfer","exchange",1,"[PREMIUM]","2"
"X03tKbdwJgO","2026-09-13 23:52:04.604","2026-09-13 23:52:04.604","X03tKbdwJgO","18495238","[PREMIUM]","[PREMIUM]","[PREMIUM]","226","Section 226","14",5,"[]","2027-01-19 00:00:00","electronic","exchange",1,"[PREMIUM]","1,2,3,5"
"X03tKl0xaDE","2026-09-13 23:52:04.604","2026-09-13 23:52:04.604","X03tKl0xaDE","18495238","[PREMIUM]","[PREMIUM]","[PREMIUM]","207","Section 207","2",2,"[]","2027-01-18 00:00:00","electronic","exchange",2,"[PREMIUM]","2"
"X03tKl0xn4O","2026-09-13 23:52:04.604","2026-09-25 00:12:51.840","X03tKl0xn4O","18495238","[PREMIUM]","[PREMIUM]","[PREMIUM]","112","Section 112","18",2,"[]","2027-01-18 00:00:00","electronic","exchange",2,"[PREMIUM]","2"
"X03tKl0x4PG","2026-09-13 23:52:04.604","2026-09-25 00:12:51.840","X03tKl0x4PG","18495238","[PREMIUM]","[PREMIUM]","[PREMIUM]","231","Section 231","5",2,"[]","2027-01-18 00:00:00","electronic","exchange",1,"[PREMIUM]","2"
"YgJtk0Mx9EV","2026-09-13 23:52:04.604","2026-09-13 23:52:04.604","YgJtk0Mx9EV","18495238","[PREMIUM]","[PREMIUM]","[PREMIUM]","C-A","Club A","4",2,"[]","2027-01-18 00:00:00","electronic","exchange",0,"[PREMIUM]","2"
"YgJtk0MjzEw","2026-09-13 23:52:04.604","2026-09-26 01:19:23.550","YgJtk0MjzEw","18495238","[PREMIUM]","[PREMIUM]","[PREMIUM]","222","Section 222","9",6,"[]","2027-01-17 00:00:00","mobile_transfer","exchange",0,"[PREMIUM]","1,2,3,4,5,6"
"YgJtkDNX3V3","2026-09-13 23:52:04.604","2026-09-13 23:52:04.604","YgJtkDNX3V3","18495238","[PREMIUM]","[PREMIUM]","[PREMIUM]","204","Section 204","3",4,"[]","2027-01-18 00:00:00","electronic","exchange",1,"[PREMIUM]","1,2,3,4"
"Zm9hvJKw5Gg","2026-09-13 23:52:04.604","2026-09-13 23:52:04.604","Zm9hvJKw5Gg","18495238","[PREMIUM]","[PREMIUM]","[PREMIUM]","215","Section 215","10",4,"[]","2027-01-19 00:00:00","electronic","exchange",1,"[PREMIUM]","2,4"
"Zm9hvJKxB0o","2026-09-13 23:52:04.604","2026-09-13 23:52:04.604","Zm9hvJKxB0o","18495238","[PREMIUM]","[PREMIUM]","[PREMIUM]","218","Section 218","1",2,"[]","2027-01-18 00:00:00","electronic","exchange",0,"[PREMIUM]","2"
"Zm9hvJK9Ak4","2026-09-13 23:52:04.604","2026-09-22 00:58:29.520","Zm9hvJK9Ak4","18495238","[PREMIUM]","[PREMIUM]","[PREMIUM]","215","Section 215","9",5,"[]","2027-01-18 00:00:00","electronic","exchange",1,"[PREMIUM]","1,2,3,4,5"
"Zm9hvJKxpvP","2026-09-13 23:52:04.604","2026-09-25 00:12:51.840","Zm9hvJKxpvP","18495238","[PREMIUM]","[PREMIUM]","[PREMIUM]","218","Section 218","9",2,"[]","2027-01-18 00:00:00","electronic","exchange",1,"[PREMIUM]","2"
"Zm9hvJKxOlo","2026-09-13 23:52:04.604","2026-09-25 00:12:51.840","Zm9hvJKxOlo","18495238","[PREMIUM]","[PREMIUM]","[PREMIUM]","228","Section 228","15",6,"[]","2027-01-18 00:00:00","electronic","exchange",0,"[PREMIUM]","1,2,4,6"
"Zm9hvJKx2PV","2026-09-13 23:52:04.604","2026-09-26 22:54:59.519","Zm9hvJKx2PV","18495238","[PREMIUM]","[PREMIUM]","[PREMIUM]","206","Section 206","14",3,"[]","2027-01-18 00:00:00","mobile_transfer","exchange",0,"[PREMIUM]","1,3"
"Zm9hvlekwPJ","2026-09-13 23:52:04.604","2026-09-19 23:44:23.388","Zm9hvlekwPJ","18495238","[PREMIUM]","[PREMIUM]","[PREMIUM]","103","Section 103","3",2,"[]","2027-01-18 00:00:00","electronic","exchange",5,"[PREMIUM]","2"
"agktl8XzDjd","2026-09-13 23:52:04.604","2026-09-17 00:28:20.938","agktl8XzDjd","18495238","[PREMIUM]","[PREMIUM]","[PREMIUM]","112","Section 112","9",3,"[]","2027-01-18 00:00:00","electronic","exchange",4,"[PREMIUM]","3"
"agktlM6x08x","2026-09-13 23:52:04.604","2026-09-13 23:52:04.604","agktlM6x08x","18495238","[PREMIUM]","[PREMIUM]","[PREMIUM]","224","Section 224","15",8,"[]","2027-01-18 00:00:00","electronic","exchange",1,"[PREMIUM]","1,2,3,4,6,8"
"agktlM6xqPP","2026-09-13 23:52:04.604","2026-09-26 22:54:59.519","agktlM6xqPP","18495238","[PREMIUM]","[PREMIUM]","[PREMIUM]","209","Section 209","13",2,"[]","2027-01-18 00:00:00","mobile_transfer","exchange",1,"[PREMIUM]","2"
"b4wUaknOxZo","2026-09-13 23:52:04.604","2026-09-13 23:52:04.604","b4wUaknOxZo","18495238","[PREMIUM]","[PREMIUM]","[PREMIUM]","219","Section 219","1",2,"[]","2027-01-18 00:00:00","electronic","exchange",1,"[PREMIUM]","2"
"b4wUaknJGv4","2026-09-13 23:52:04.604","2026-09-19 23:44:23.388","b4wUaknJGv4","18495238","[PREMIUM]","[PREMIUM]","[PREMIUM]","116","Section 116","13",2,"[]","2027-01-18 00:00:00","electronic","exchange",3,"[PREMIUM]","2"
"b4wUaknJ4r7","2026-09-13 23:52:04.604","2026-09-19 23:44:23.388","b4wUaknJ4r7","18495238","[PREMIUM]","[PREMIUM]","[PREMIUM]","109A","Section 109 A","34",4,"[]","2027-01-18 00:00:00","electronic","exchange",4,"[PREMIUM]","4"
"b4wUaoBDYJp","2026-09-13 23:52:04.604","2026-09-13 23:52:04.604","b4wUaoBDYJp","18495238","[PREMIUM]","[PREMIUM]","[PREMIUM]","110","Section 110","c",2,"[]","2027-01-18 00:00:00","electronic","exchange",5,"[PREMIUM]","2"
"b4wUaoB6KAz","2026-09-13 23:52:04.604","2026-09-13 23:52:04.604","b4wUaoB6KAz","18495238","[PREMIUM]","[PREMIUM]","[PREMIUM]","226","Section 226","10",5,"[]","2027-01-18 00:00:00","electronic","exchange",1,"[PREMIUM]","1,2,3,4,5"
"dNgUgpXEK0e","2026-09-13 23:52:04.604","2026-09-13 23:52:04.604","dNgUgpXEK0e","18495238","[PREMIUM]","[PREMIUM]","[PREMIUM]","212","Section 212","8",4,"[]","2027-01-18 00:00:00","electronic","exchange",0,"[PREMIUM]","2,4"
"eeacK8aG47n","2026-09-13 23:52:04.604","2026-09-19 23:44:23.388","eeacK8aG47n","18495238","[PREMIUM]","[PREMIUM]","[PREMIUM]","110","Section 110","7",2,"[]","2027-01-18 00:00:00","electronic","exchange",2,"[PREMIUM]","2"
"eeacK8angr0","2026-09-13 23:52:04.604","2026-09-17 00:28:20.938","eeacK8angr0","18495238","[PREMIUM]","[PREMIUM]","[PREMIUM]","202","Section 202","9",2,"[]","2027-01-18 00:00:00","electronic","exchange",1,"[PREMIUM]","2"
"eeacK8anL4w","2026-09-13 23:52:04.604","2026-09-22 00:58:29.520","eeacK8anL4w","18495238","[PREMIUM]","[PREMIUM]","[PREMIUM]","108","Section 108","16",3,"[]","2027-01-18 00:00:00","electronic","exchange",1,"[PREMIUM]","1,3"
"eeacK8anGPq","2026-09-13 23:52:04.604","2026-09-24 00:31:01.217","eeacK8anGPq","18495238","[PREMIUM]","[PREMIUM]","[PREMIUM]","229","Section 229","1",2,"[]","2027-01-18 00:00:00","electronic","exchange",0,"[PREMIUM]","2"
"g48Ur638rXo","2026-09-13 23:52:04.604","2026-09-13 23:52:04.604","g48Ur638rXo","18495238","[PREMIUM]","[PREMIUM]","[PREMIUM]","226","Section 226","10",5,"[]","2027-01-18 00:00:00","electronic","exchange",1,"[PREMIUM]","1,2,3,4,5"
"jDvsz3wndAl","2026-09-13 23:52:04.604","2026-09-19 23:44:23.388","jDvsz3wndAl","18495238","[PREMIUM]","[PREMIUM]","[PREMIUM]","101","Section 101","5",4,"[]","2027-01-18 00:00:00","electronic","exchange",4,"[PREMIUM]","4"
"jDvsz3wndeE","2026-09-13 23:52:04.604","2026-09-19 23:44:23.388","jDvsz3wndeE","18495238","[PREMIUM]","[PREMIUM]","[PREMIUM]","224","Section 224","10",4,"[]","2027-01-18 00:00:00","electronic","exchange",5,"[PREMIUM]","4"
"jDvsz3wn7Jo","2026-09-13 23:52:04.604","2026-09-19 23:44:23.388","jDvsz3wn7Jo","18495238","[PREMIUM]","[PREMIUM]","[PREMIUM]","231","Section 231","9",2,"[]","2027-01-18 00:00:00","electronic","exchange",5,"[PREMIUM]","2"
"jDvszkoXRKq","2026-09-13 23:52:04.604","2026-09-24 00:31:01.217","jDvszkoXRKq","18495238","[PREMIUM]","[PREMIUM]","[PREMIUM]","217","Section 217","1",2,"[]","2027-01-18 00:00:00","electronic","exchange",0,"[PREMIUM]","2"
"jDvszko98pd","2026-09-13 23:52:04.604","2026-09-26 22:54:59.519","jDvszko98pd","18495238","[PREMIUM]","[PREMIUM]","[PREMIUM]","202","Section 202","2",4,"[]","2027-01-18 00:00:00","mobile_transfer","exchange",1,"[PREMIUM]","2,4"
"kYet9JdM4Lv","2026-09-13 23:52:04.604","2026-09-19 23:44:23.388","kYet9JdM4Lv","18495238","[PREMIUM]","[PREMIUM]","[PREMIUM]","228","Section 228","11",2,"[]","2027-01-18 00:00:00","electronic","exchange",4,"[PREMIUM]","2"
"kYet9JdM4Ad","2026-09-13 23:52:04.604","2026-09-19 23:44:23.388","kYet9JdM4Ad","18495238","[PREMIUM]","[PREMIUM]","[PREMIUM]","118","Section 118","d",2,"[]","2027-01-18 00:00:00","electronic","exchange",4,"[PREMIUM]","2"
"kYet9mn8DGX","2026-09-13 23:52:04.604","2026-09-13 23:52:04.604","kYet9mn8DGX","18495238","[PREMIUM]","[PREMIUM]","[PREMIUM]","226","Section 226","12",5,"[]","2027-01-17 00:00:00","electronic","exchange",1,"[PREMIUM]","1,2,3,4,5"
"kYet9mn2m93","2026-09-13 23:52:04.604","2026-09-13 23:52:04.604","kYet9mn2m93","18495238","[PREMIUM]","[PREMIUM]","[PREMIUM]","227","Section 227","2",3,"[]","2027-01-18 00:00:00","electronic","exchange",2,"[PREMIUM]","1,3"
"kYet9mn2842","2026-09-13 23:52:04.604","2026-09-26 01:19:23.550","kYet9mn2842","18495238","[PREMIUM]","[PREMIUM]","[PREMIUM]","207","Section 207","14",8,"[]","2027-01-18 00:00:00","mobile_transfer","exchange",0,"[PREMIUM]","1,2,3,4,6,8"
"lxVsd9mv4jA","2026-09-13 23:52:04.604","2026-09-19 23:44:23.388","lxVsd9mv4jA","18495238","[PREMIUM]","[PREMIUM]","[PREMIUM]","114","Section 114","9",2,"[]","2027-01-18 00:00:00","electronic","exchange",2,"[PREMIUM]","2"
"lxVsd9mVXnG","2026-09-13 23:52:04.604","2026-09-17 00:28:20.938","lxVsd9mVXnG","18495238","[PREMIUM]","[PREMIUM]","[PREMIUM]","226","Section 226","14",5,"[]","2027-01-17 00:00:00","electronic","exchange",2,"[PREMIUM]","1,2,3,4,5"
"mxAs4Ap90rr","2026-09-13 23:52:04.604","2026-09-17 00:28:20.938","mxAs4Ap90rr","18495238","[PREMIUM]","[PREMIUM]","[PREMIUM]","102","Section 102","14",2,"[]","2027-01-18 00:00:00","electronic","exchange",1,"[PREMIUM]","2"
"mxAs4ApEYGq","2026-09-13 23:52:04.604","2026-09-19 23:44:23.388","mxAs4ApEYGq","18495238","[PREMIUM]","[PREMIUM]","[PREMIUM]","103","Section 103","6",2,"[]","2027-01-18 00:00:00","electronic","exchange",5,"[PREMIUM]","2"
"mxAs4ApEYVq","2026-09-13 23:52:04.604","2026-09-19 23:44:23.388","mxAs4ApEYVq","18495238","[PREMIUM]","[PREMIUM]","[PREMIUM]","203","Section 203","10",4,"[]","2027-01-18 00:00:00","electronic","exchange",5,"[PREMIUM]","4"
"mxAs4xmdYV6","2026-09-13 23:52:04.604","2026-09-22 23:16:55.566","mxAs4xmdYV6","18495238","[PREMIUM]","[PREMIUM]","[PREMIUM]","203","Section 203","2",6,"[]","2027-01-18 00:00:00","electronic","exchange",0,"[PREMIUM]","1,2,4,6"
"nx0srEjkZ78","2026-09-13 23:52:04.604","2026-09-19 23:44:23.388","nx0srEjkZ78","18495238","[PREMIUM]","[PREMIUM]","[PREMIUM]","107","Section 107","wcc",2,"[]","2027-01-18 00:00:00","electronic","exchange",5,"[PREMIUM]","2"
"nx0srK9XL9G","2026-09-13 23:52:04.604","2026-09-19 23:44:23.388","nx0srK9XL9G","18495238","[PREMIUM]","[PREMIUM]","[PREMIUM]","202","Section 202","1",2,"[]","2027-01-18 00:00:00","electronic","exchange",2,"[PREMIUM]","2"
"oV7Hb6vGM4Z","2026-09-13 23:52:04.604","2026-09-18 01:01:10.637","oV7Hb6vGM4Z","18495238","[PREMIUM]","[PREMIUM]","[PREMIUM]","208","Section 208","15",5,"[]","2027-01-18 00:00:00","electronic","exchange",1,"[PREMIUM]","1,3,5"
"oV7HbA48zxD","2026-09-13 23:52:04.604","2026-09-19 23:44:23.388","oV7HbA48zxD","18495238","[PREMIUM]","[PREMIUM]","[PREMIUM]","230","Section 230","9",4,"[]","2027-01-18 00:00:00","electronic","exchange",5,"[PREMIUM]","4"
"oV7HbA48zqz","2026-09-13 23:52:04.604","2026-09-19 23:44:23.388","oV7HbA48zqz","18495238","[PREMIUM]","[PREMIUM]","[PREMIUM]","C-C","Club C","1",2,"[]","2027-01-18 00:00:00","electronic","exchange",5,"[PREMIUM]","2"
"oV7HbA4gZYP","2026-09-13 23:52:04.604","2026-09-13 23:52:04.604","oV7HbA4gZYP","18495238","[PREMIUM]","[PREMIUM]","[PREMIUM]","222","Section 222","9",6,"[]","2027-01-19 00:00:00","electronic","exchange",0,"[PREMIUM]","2,4,6"
"pVXHD4BaEBa","2026-09-13 23:52:04.604","2026-09-19 23:44:23.388","pVXHD4BaEBa","18495238","[PREMIUM]","[PREMIUM]","[PREMIUM]","111","Section 111","17",2,"[]","2027-01-18 00:00:00","electronic","exchange",5,"[PREMIUM]","2"
"rVOHkL3MRxo","2026-09-13 23:52:04.604","2026-09-19 23:44:23.388","rVOHkL3MRxo","18495238","[PREMIUM]","[PREMIUM]","[PREMIUM]","C-A","Club A","3",2,"[]","2027-01-18 00:00:00","electronic","exchange",5,"[PREMIUM]","2"
"rVOHkpdZvjj","2026-09-13 23:52:04.604","2026-09-13 23:52:04.604","rVOHkpdZvjj","18495238","[PREMIUM]","[PREMIUM]","[PREMIUM]","222","Section 222","6",2,"[]","2027-01-18 00:00:00","electronic","exchange",0,"[PREMIUM]","2"
"rVOHkpdZzB4","2026-09-13 23:52:04.604","2026-09-13 23:52:04.604","rVOHkpdZzB4","18495238","[PREMIUM]","[PREMIUM]","[PREMIUM]","219","Section 219","15",5,"[]","2027-01-18 00:00:00","electronic","exchange",2,"[PREMIUM]","1,3,5"
"rVOHkpdZqGO","2026-09-13 23:52:04.604","2026-09-18 01:01:10.637","rVOHkpdZqGO","18495238","[PREMIUM]","[PREMIUM]","[PREMIUM]","103","Section 103","22",2,"[]","2027-01-18 00:00:00","electronic","exchange",1,"[PREMIUM]","2"
"rVOHkpdZRoB","2026-09-13 23:52:04.604","2026-09-13 23:52:04.604","rVOHkpdZRoB","18495238","[PREMIUM]","[PREMIUM]","[PREMIUM]","226","Section 226","10",3,"[]","2027-01-18 00:00:00","electronic","exchange",0,"[PREMIUM]","1,3"
"rVOHkpdZqAY","2026-09-13 23:52:04.604","2026-09-25 00:12:51.840","rVOHkpdZqAY","18495238","[PREMIUM]","[PREMIUM]","[PREMIUM]","204","Section 204","3",2,"[]","2027-01-18 00:00:00","electronic","exchange",1,"[PREMIUM]","2"
"vb3iPg0Ee9a","2026-09-13 23:52:04.604","2026-09-18 23:43:10.525","vb3iPg0Ee9a","18495238","[PREMIUM]","[PREMIUM]","[PREMIUM]","109","Section 109","9",2,"[]","2027-01-18 00:00:00","electronic","exchange",3,"[PREMIUM]","2"
"w3Jse8rvMb0","2026-09-13 23:52:04.604","2026-09-13 23:52:04.604","w3Jse8rvMb0","18495238","[PREMIUM]","[PREMIUM]","[PREMIUM]","210","Section 210","9",4,"[]","2027-01-19 00:00:00","electronic","exchange",1,"[PREMIUM]","2,4"
"w3Jse8rK9mo","2026-09-13 23:52:04.604","2026-09-13 23:52:04.604","w3Jse8rK9mo","18495238","[PREMIUM]","[PREMIUM]","[PREMIUM]","113","Section 113","16",2,"[]","2027-01-18 00:00:00","electronic","exchange",1,"[PREMIUM]","2"
"w3Jse8rKGP5","2026-09-13 23:52:04.604","2026-09-25 00:12:51.840","w3Jse8rKGP5","18495238","[PREMIUM]","[PREMIUM]","[PREMIUM]","215","Section 215","11",8,"[]","2027-01-18 00:00:00","electronic","exchange",1,"[PREMIUM]","1,2,3,4,6,8"
"w3Jse8rKGm2","2026-09-13 23:52:04.604","2026-09-21 00:09:42.981","w3Jse8rKGm2","18495238","[PREMIUM]","[PREMIUM]","[PREMIUM]","116","Section 116","14",2,"[]","2027-01-18 00:00:00","electronic","exchange",1,"[PREMIUM]","2"
"w3Jse8rK8wl","2026-09-13 23:52:04.604","2026-09-21 00:09:42.981","w3Jse8rK8wl","18495238","[PREMIUM]","[PREMIUM]","[PREMIUM]","228","Section 228","2",2,"[]","2027-01-18 00:00:00","electronic","exchange",0,"[PREMIUM]","2"
"w3Jse8rK3xe","2026-09-13 23:52:04.604","2026-09-21 00:09:42.981","w3Jse8rK3xe","18495238","[PREMIUM]","[PREMIUM]","[PREMIUM]","214","Section 214","2",2,"[]","2027-01-18 00:00:00","electronic","exchange",0,"[PREMIUM]","2"
"w3JseaDXdzY","2026-09-13 23:52:04.604","2026-09-19 23:44:23.388","w3JseaDXdzY","18495238","[PREMIUM]","[PREMIUM]","[PREMIUM]","221","Section 221","15",4,"[]","2027-01-18 00:00:00","electronic","exchange",3,"[PREMIUM]","4"
"w3JseaDRROa","2026-09-13 23:52:04.604","2026-09-17 00:28:20.938","w3JseaDRROa","18495238","[PREMIUM]","[PREMIUM]","[PREMIUM]","102","Section 102","14",2,"[]","2027-01-18 00:00:00","electronic","exchange",4,"[PREMIUM]","2"
"w3JseaDXdz6","2026-09-13 23:52:04.604","2026-09-19 23:44:23.388","w3JseaDXdz6","18495238","[PREMIUM]","[PREMIUM]","[PREMIUM]","111A","Section 111 A","23",2,"[]","2027-01-18 00:00:00","electronic","exchange",2,"[PREMIUM]","2"
"xb9imMD3BAB","2026-09-13 23:52:04.604","2026-09-19 23:44:23.388","xb9imMD3BAB","18495238","[PREMIUM]","[PREMIUM]","[PREMIUM]","102","Section 102","3",3,"[]","2027-01-18 00:00:00","electronic","exchange",5,"[PREMIUM]","3"
"xb9imMD3z89","2026-09-13 23:52:04.604","2026-09-19 23:44:23.388","xb9imMD3z89","18495238","[PREMIUM]","[PREMIUM]","[PREMIUM]","117","Section 117","21",2,"[]","2027-01-18 00:00:00","electronic","exchange",4,"[PREMIUM]","2"
"xb9imlnNJbE","2026-09-13 23:52:04.604","2026-09-13 23:52:04.604","xb9imlnNJbE","18495238","[PREMIUM]","[PREMIUM]","[PREMIUM]","211","Section 211","11",4,"[]","2027-01-18 00:00:00","electronic","exchange",2,"[PREMIUM]","4"
"xb9imlnEBNZ","2026-09-13 23:52:04.604","2026-09-13 23:52:04.604","xb9imlnEBNZ","18495238","[PREMIUM]","[PREMIUM]","[PREMIUM]","222","Section 222","2",3,"[]","2027-01-18 00:00:00","electronic","exchange",0,"[PREMIUM]","1,3"
"xb9imlnB7d9","2026-09-13 23:52:04.604","2026-09-13 23:52:04.604","xb9imlnB7d9","18495238","[PREMIUM]","[PREMIUM]","[PREMIUM]","215","Section 215","10",3,"[]","2027-01-19 00:00:00","electronic","exchange",1,"[PREMIUM]","3"
"xb9imlnEzMm","2026-09-13 23:52:04.604","2026-09-25 00:12:51.840","xb9imlnEzMm","18495238","[PREMIUM]","[PREMIUM]","[PREMIUM]","216","Section 216","12",3,"[]","2027-01-18 00:00:00","electronic","exchange",2,"[PREMIUM]","1,3"
"z3Es6Bb9qYL","2026-09-13 23:52:04.604","2026-09-19 23:44:23.388","z3Es6Bb9qYL","18495238","[PREMIUM]","[PREMIUM]","[PREMIUM]","111","Section 111","4",2,"[]","2027-01-18 00:00:00","electronic","exchange",5,"[PREMIUM]","2"
"z3Es6Bb9J2l","2026-09-13 23:52:04.604","2026-09-19 23:44:23.388","z3Es6Bb9J2l","18495238","[PREMIUM]","[PREMIUM]","[PREMIUM]","222","Section 222","14",2,"[]","2027-01-18 00:00:00","electronic","exchange",3,"[PREMIUM]","2"
"z3Es6vzAvDK","2026-09-13 23:52:04.604","2026-09-22 00:58:29.520","z3Es6vzAvDK","18495238","[PREMIUM]","[PREMIUM]","[PREMIUM]","215","Section 215","9",3,"[]","2027-01-18 00:00:00","electronic","exchange",0,"[PREMIUM]","1,3"
"z3Es6vzKpp7","2026-09-13 23:52:04.604","2026-09-17 00:28:20.938","z3Es6vzKpp7","18495238","[PREMIUM]","[PREMIUM]","[PREMIUM]","115","Section 115","16",2,"[]","2027-01-18 00:00:00","electronic","exchange",2,"[PREMIUM]","2"
"dNgUgxmvna0","2026-09-13 23:51:13.958","2026-09-26 22:51:53.570","dNgUgxmvna0","18495538","[PREMIUM]","[PREMIUM]","[PREMIUM]","106","Section 106","v",5,"[]","2027-01-01 00:00:00","mobile_transfer","exchange",1,"[PREMIUM]","1,2,3,4,5"
"05VT8lLKPYn","2026-09-13 23:50:47.661","2026-09-26 22:34:14.461","05VT8lLKPYn","18378572","[PREMIUM]","[PREMIUM]","[PREMIUM]","LOGE21","Section Loge 21","9",2,"['660','661']","2027-04-02 00:00:00","mobile_transfer","exchange",1,"[PREMIUM]","2"
"4vXcjXBMgq0","2026-09-13 23:50:47.661","2026-09-24 23:18:01.203","4vXcjXBMgq0","18378572","[PREMIUM]","[PREMIUM]","[PREMIUM]","LOGE14","Section Loge 14","13",2,"['1','2']","2027-03-31 00:00:00","electronic","exchange",2,"[PREMIUM]","2"
"5EjuZwg6nEm","2026-09-13 23:50:47.661","2026-09-26 22:34:14.461","5EjuZwg6nEm","18378572","[PREMIUM]","[PREMIUM]","[PREMIUM]","BAL326","Balcony 326","15",2,"['660','661']","2027-04-02 00:00:00","mobile_transfer","exchange",2,"[PREMIUM]","2"
"A6rs2KB7xqa","2026-09-13 23:50:47.661","2026-09-26 22:34:14.461","A6rs2KB7xqa","18378572","[PREMIUM]","[PREMIUM]","[PREMIUM]","LOGE12","Section Loge 12","8",2,"['660','661']","2027-04-02 00:00:00","mobile_transfer","exchange",1,"[PREMIUM]","2"
"DdwHkMLOXla","2026-09-13 23:50:47.661","2026-09-26 22:34:14.461","DdwHkMLOXla","18378572","[PREMIUM]","[PREMIUM]","[PREMIUM]","BAL305","Balcony 305","12",2,"['660','661']","2027-04-02 00:00:00","mobile_transfer","exchange",1,"[PREMIUM]","2"
"GAaI60328Vg","2026-09-13 23:50:47.661","2026-09-26 22:34:14.461","GAaI60328Vg","18378572","[PREMIUM]","[PREMIUM]","[PREMIUM]","BAL315","Balcony 315","14",2,"['660','661']","2027-04-02 00:00:00","mobile_transfer","exchange",2,"[PREMIUM]","2"
"PX0sgqJLmwJ","2026-09-13 23:50:47.661","2026-09-26 22:34:14.461","PX0sgqJLmwJ","18378572","[PREMIUM]","[PREMIUM]","[PREMIUM]","BAL302","Balcony 302","15",2,"['660','661']","2027-04-02 00:00:00","mobile_transfer","exchange",2,"[PREMIUM]","2"
"ROXHz2pw0DR","2026-09-13 23:50:47.661","2026-09-26 22:34:14.461","ROXHz2pw0DR","18378572","[PREMIUM]","[PREMIUM]","[PREMIUM]","BAL305","Balcony 305","15",2,"['660','661']","2027-04-02 00:00:00","mobile_transfer","exchange",1,"[PREMIUM]","2"
"V4KU04NMg8w","2026-09-13 23:50:47.661","2026-09-26 22:34:14.461","V4KU04NMg8w","18378572","[PREMIUM]","[PREMIUM]","[PREMIUM]","LOGE11","Section Loge 11","8",2,"['660','661']","2027-04-02 00:00:00","mobile_transfer","exchange",1,"[PREMIUM]","2"
"b4wUaoBG4Ea","2026-09-13 23:50:47.661","2026-09-26 22:34:14.461","b4wUaoBG4Ea","18378572","[PREMIUM]","[PREMIUM]","[PREMIUM]","BAL323","Balcony 323","15",2,"['660','661']","2027-04-02 00:00:00","mobile_transfer","exchange",2,"[PREMIUM]","2"
"dNgUgpX654Z","2026-09-13 23:50:47.661","2026-09-26 22:34:14.461","dNgUgpX654Z","18378572","[PREMIUM]","[PREMIUM]","[PREMIUM]","BAL322","Balcony 322","15",2,"['660','661']","2027-04-02 00:00:00","mobile_transfer","exchange",2,"[PREMIUM]","2"
"kYet9mnPYRq","2026-09-13 23:50:47.661","2026-09-16 23:51:54.422","kYet9mnPYRq","18378572","[PREMIUM]","[PREMIUM]","[PREMIUM]","BAL306","Balcony 306","13",2,"[]","2027-04-02 00:00:00","electronic","exchange",0,"[PREMIUM]","2"
"mxAs4xmYXOB","2026-09-13 23:50:47.661","2026-09-26 22:34:14.461","mxAs4xmYXOB","18378572","[PREMIUM]","[PREMIUM]","[PREMIUM]","BAL321","Balcony 321","15",2,"['660','661']","2027-04-02 00:00:00","mobile_transfer","exchange",2,"[PREMIUM]","2"
"rVOHkL3pd4b","2026-09-13 23:50:47.661","2026-09-26 22:34:14.461","rVOHkL3pd4b","18378572","[PREMIUM]","[PREMIUM]","[PREMIUM]","LOGE14","Section Loge 14","13",2,"[]","2027-04-01 00:00:00","mobile_transfer","exchange",3,"[PREMIUM]","2"
"xb9imlnBz03","2026-09-13 23:50:47.661","2026-09-26 22:34:14.461","xb9imlnBz03","18378572","[PREMIUM]","[PREMIUM]","[PREMIUM]","LOGE2","Section Loge 2","18",2,"['660','661']","2027-04-02 00:00:00","mobile_transfer","exchange",1,"[PREMIUM]","2"
"4vXcjXB2p80","2026-09-13 23:46:52.558","2026-09-26 22:48:07.310","4vXcjXB2p80","18494645","[PREMIUM]","[PREMIUM]","[PREMIUM]","113","Section 113","f",2,"[]","2026-12-16 00:00:00","mobile_transfer","exchange",0,"[PREMIUM]","2"
"4vXcjXBXAxl","2026-09-13 23:46:52.558","2026-09-26 22:48:07.310","4vXcjXBXAxl","18494645","[PREMIUM]","[PREMIUM]","[PREMIUM]","101VIP","101 VIP","a",2,"[]","2026-12-16 00:00:00","mobile_transfer","exchange",5,"[PREMIUM]","2"
"6mOhkOLd2B9","2026-09-13 23:46:52.558","2026-09-24 00:17:18.621","6mOhkOLd2B9","18494645","[PREMIUM]","[PREMIUM]","[PREMIUM]","214","Section 214","k",8,"['3','4','5','6','7','8','9','10']","2026-08-13 00:00:00","electronic","exchange",1,"[PREMIUM]","1,2,3,4,5,6,8"
"7KntAnJnG20","2026-09-13 23:46:52.558","2026-09-26 22:48:07.310","7KntAnJnG20","18494645","[PREMIUM]","[PREMIUM]","[PREMIUM]","101","Section 101","o",2,"[]","2026-12-16 00:00:00","mobile_transfer","exchange",1,"[PREMIUM]","2"
"868d8ee","2026-09-13 23:46:52.558","2026-09-26 22:48:07.310","868d8ee","18494645","[PREMIUM]","[PREMIUM]","[PREMIUM]","121","Section 121","g",4,"['1','2','3','4']","2026-12-17 00:00:00","mobile_transfer","fan_to_fan",1,"[PREMIUM]","2,4"
"8lKt6az73X7","2026-09-13 23:46:52.558","2026-09-15 11:13:38.111","8lKt6az73X7","18494645","[PREMIUM]","[PREMIUM]","[PREMIUM]","408","Section 408","m",3,"['17','18','19']","2026-08-13 00:00:00","electronic","exchange",1,"[PREMIUM]","1,3"
"9P2c526BPPr","2026-09-13 23:46:52.558","2026-09-26 22:48:07.310","9P2c526BPPr","18494645","[PREMIUM]","[PREMIUM]","[PREMIUM]","121","Section 121","d",4,"[]","2026-12-16 00:00:00","mobile_transfer","exchange",1,"[PREMIUM]","4"
"9P2c526p9VL","2026-09-13 23:46:52.558","2026-09-26 22:48:07.310","9P2c526p9VL","18494645","[PREMIUM]","[PREMIUM]","[PREMIUM]","214","Section 214","c",4,"['7','8','9','10']","2026-08-13 00:00:00","mobile_transfer","exchange",0,"[PREMIUM]","2,4"
"9P2c5MrGBE2","2026-09-13 23:46:52.558","2026-09-22 00:41:21.369","9P2c5MrGBE2","18494645","[PREMIUM]","[PREMIUM]","[PREMIUM]","203","Section 203","e",2,"['3','4']","2026-12-15 00:00:00","electronic","exchange",1,"[PREMIUM]","2"
"EroUXD9B3ev","2026-09-13 23:46:52.558","2026-09-26 22:48:07.310","EroUXD9B3ev","18494645","[PREMIUM]","[PREMIUM]","[PREMIUM]","121","Section 121","g",3,"['9','10','11']","2026-08-13 00:00:00","mobile_transfer","exchange",1,"[PREMIUM]","1,3"
"MAeIP35xBg2","2026-09-13 23:46:52.558","2026-09-26 22:48:07.310","MAeIP35xBg2","18494645","[PREMIUM]","[PREMIUM]","[PREMIUM]","408","Section 408","l",8,"['1','2','3','4','5','6','7','8']","2026-08-13 00:00:00","mobile_transfer","exchange",1,"[PREMIUM]","1,2,3,4,5,6,8"
"MAeIPXjBdZE","2026-09-13 23:46:52.558","2026-09-22 00:41:21.369","MAeIPXjBdZE","18494645","[PREMIUM]","[PREMIUM]","[PREMIUM]","203","Section 203","e",2,"[]","2026-12-16 00:00:00","electronic","exchange",0,"[PREMIUM]","2"
"MAeIPXjAD6X","2026-09-13 23:46:52.558","2026-09-26 22:48:07.310","MAeIPXjAD6X","18494645","[PREMIUM]","[PREMIUM]","[PREMIUM]","100","Section 100","d",2,"[]","2026-12-16 00:00:00","mobile_transfer","exchange",0,"[PREMIUM]","2"
"YgJtkDNqr58","2026-09-13 23:46:52.558","2026-09-15 11:13:38.111","YgJtkDNqr58","18494645","[PREMIUM]","[PREMIUM]","[PREMIUM]","408","Section 408","n",3,"[]","2026-12-16 00:00:00","electronic","exchange",2,"[PREMIUM]","3"
"Zm9hvJKpnXa","2026-09-13 23:46:52.558","2026-09-26 22:48:07.310","Zm9hvJKpnXa","18494645","[PREMIUM]","[PREMIUM]","[PREMIUM]","101","Section 101","d",2,"[]","2026-12-16 00:00:00","mobile_transfer","exchange",0,"[PREMIUM]","2"
"Zm9hvJK8VZj","2026-09-13 23:46:52.558","2026-09-26 22:48:07.310","Zm9hvJK8VZj","18494645","[PREMIUM]","[PREMIUM]","[PREMIUM]","101","Section 101","d",2,"['3','4']","2026-12-15 00:00:00","mobile_transfer","exchange",1,"[PREMIUM]","2"
"dNgUgpXNAa0","2026-09-13 23:46:52.558","2026-09-26 22:48:07.310","dNgUgpXNAa0","18494645","[PREMIUM]","[PREMIUM]","[PREMIUM]","107","Section 107","h",4,"['1','2','3','4']","2026-12-17 00:00:00","mobile_transfer","exchange",0,"[PREMIUM]","2,4"
"eeacK8aG6wK","2026-09-13 23:46:52.558","2026-09-26 22:48:07.310","eeacK8aG6wK","18494645","[PREMIUM]","[PREMIUM]","[PREMIUM]","202","Section 202","l",2,"[]","2026-12-17 00:00:00","mobile_transfer","exchange",1,"[PREMIUM]","2"
"jDvszkmN3Rg","2026-09-13 23:46:52.558","2026-09-26 22:48:07.310","jDvszkmN3Rg","18494645","[PREMIUM]","[PREMIUM]","[PREMIUM]","118","Section 118","k",2,"[]","2026-12-16 00:00:00","mobile_transfer","exchange",0,"[PREMIUM]","2"
"kYet9mnLboV","2026-09-13 23:46:52.558","2026-09-24 00:17:18.621","kYet9mnLboV","18494645","[PREMIUM]","[PREMIUM]","[PREMIUM]","229","Section 229","e",8,"['9','10','11','12','13','14','15','16']","2026-08-13 00:00:00","electronic","exchange",0,"[PREMIUM]","1,2,3,4,5,6,8"
"lxVsd9mbgPZ","2026-09-13 23:46:52.558","2026-09-26 22:48:07.310","lxVsd9mbgPZ","18494645","[PREMIUM]","[PREMIUM]","[PREMIUM]","121","Section 121","k",4,"['17','18','19','20']","2026-08-13 00:00:00","mobile_transfer","exchange",1,"[PREMIUM]","2,4"
"lxVsd9mqxDZ","2026-09-13 23:46:52.558","2026-09-26 22:48:07.310","lxVsd9mqxDZ","18494645","[PREMIUM]","[PREMIUM]","[PREMIUM]","101","Section 101","d",2,"[]","2026-12-16 00:00:00","mobile_transfer","exchange",0,"[PREMIUM]","2"
"lxVsdRE8VPn","2026-09-13 23:46:52.558","2026-09-17 00:15:34.366","lxVsdRE8VPn","18494645","[PREMIUM]","[PREMIUM]","[PREMIUM]","203","Section 203","e",4,"[]","2026-12-16 00:00:00","electronic","exchange",0,"[PREMIUM]","2,4"
"nx0srEjK9O3","2026-09-13 23:46:52.558","2026-09-26 22:48:07.310","nx0srEjK9O3","18494645","[PREMIUM]","[PREMIUM]","[PREMIUM]","101VIP","101 VIP","a",2,"['5','6']","2026-12-15 00:00:00","mobile_transfer","exchange",5,"[PREMIUM]","2"
"oV7Hb6v0bvZ","2026-09-13 23:46:52.558","2026-09-15 11:13:38.111","oV7Hb6v0bvZ","18494645","[PREMIUM]","[PREMIUM]","[PREMIUM]","408","Section 408","m",3,"[]","2026-12-17 00:00:00","electronic","exchange",2,"[PREMIUM]","3"
"pVXHD4BRNX0","2026-09-13 23:46:52.558","2026-09-26 22:48:07.310","pVXHD4BRNX0","18494645","[PREMIUM]","[PREMIUM]","[PREMIUM]","101","Section 101","o",2,"['9','10']","2026-12-15 00:00:00","mobile_transfer","exchange",2,"[PREMIUM]","2"
"rVOHkpd343a","2026-09-13 23:46:52.558","2026-09-26 22:48:07.310","rVOHkpd343a","18494645","[PREMIUM]","[PREMIUM]","[PREMIUM]","100VIP","100 VIP","bb",2,"[]","2026-12-16 00:00:00","mobile_transfer","exchange",0,"[PREMIUM]","2"
"z3Es6vzADp5","2026-09-13 23:46:52.558","2026-09-26 22:48:07.310","z3Es6vzADp5","18494645","[PREMIUM]","[PREMIUM]","[PREMIUM]","408","Section 408","f",8,"['4','5','6','7','8','9','10','11']","2026-08-13 00:00:00","mobile_transfer","exchange",1,"[PREMIUM]","1,2,3,4,5,6,8"
"05VT8lL5jek","2026-09-13 23:46:52.101","2026-09-13 23:46:52.101","05VT8lL5jek","18495679","[PREMIUM]","[PREMIUM]","[PREMIUM]","107","Section 107","12",3,"[]","2026-12-17 00:00:00","electronic","exchange",2,"[PREMIUM]","1,2,3"
"05VT8lL5jGk","2026-09-13 23:46:52.101","2026-09-13 23:46:52.101","05VT8lL5jGk","18495679","[PREMIUM]","[PREMIUM]","[PREMIUM]","109","Section 109","15",2,"[]","2026-12-17 00:00:00","electronic","exchange",2,"[PREMIUM]","2"
"05VT8lL5j4z","2026-09-13 23:46:52.101","2026-09-13 23:46:52.101","05VT8lL5j4z","18495679","[PREMIUM]","[PREMIUM]","[PREMIUM]","121","Section 121","15",7,"[]","2026-12-17 00:00:00","electronic","exchange",1,"[PREMIUM]","1,2,3,4,5,6,7"
"05VT8lL5qd0","2026-09-13 23:46:52.101","2026-09-13 23:46:52.101","05VT8lL5qd0","18495679","[PREMIUM]","[PREMIUM]","[PREMIUM]","103","Section 103","13",2,"[]","2026-12-17 00:00:00","electronic","exchange",1,"[PREMIUM]","2"
"05VT8lL5qbA","2026-09-13 23:46:52.101","2026-09-13 23:46:52.101","05VT8lL5qbA","18495679","[PREMIUM]","[PREMIUM]","[PREMIUM]","106","Section 106","19",2,"[]","2026-12-17 00:00:00","electronic","exchange",2,"[PREMIUM]","2"
"05VT8lL5qNA","2026-09-13 23:46:52.101","2026-09-13 23:46:52.101","05VT8lL5qNA","18495679","[PREMIUM]","[PREMIUM]","[PREMIUM]","105","Section 105","15",4,"[]","2026-12-17 00:00:00","electronic","exchange",2,"[PREMIUM]","1,2,3,4"
"05VT8lL5jZM","2026-09-13 23:46:52.101","2026-09-13 23:46:52.101","05VT8lL5jZM","18495679","[PREMIUM]","[PREMIUM]","[PREMIUM]","106-MZ","Section 106","7",2,"[]","2026-12-17 00:00:00","electronic","exchange",1,"[PREMIUM]","2"
"2v0czRYKzm9","2026-09-13 23:46:52.101","2026-09-13 23:46:52.101","2v0czRYKzm9","18495679","[PREMIUM]","[PREMIUM]","[PREMIUM]","225","Section 225","7",3,"[]","2026-12-17 00:00:00","electronic","exchange",0,"[PREMIUM]","1,3"
"2v0czRY7VYj","2026-09-13 23:46:52.101","2026-09-13 23:46:52.101","2v0czRY7VYj","18495679","[PREMIUM]","[PREMIUM]","[PREMIUM]","119","Section 119","11",2,"[]","2026-12-17 00:00:00","electronic","exchange",1,"[PREMIUM]","2"
"2v0czqPg4Ye","2026-09-13 23:46:52.101","2026-09-13 23:46:52.101","2v0czqPg4Ye","18495679","[PREMIUM]","[PREMIUM]","[PREMIUM]","107","Section 107","20",2,"[]","2026-12-17 00:00:00","electronic","exchange",1,"[PREMIUM]","2"
"2v0czqPg2OV","2026-09-13 23:46:52.101","2026-09-13 23:46:52.101","2v0czqPg2OV","18495679","[PREMIUM]","[PREMIUM]","[PREMIUM]","101","Section 101","11",5,"[]","2026-12-17 00:00:00","electronic","exchange",1,"[PREMIUM]","1,2,3,4,5"
"2v0czqPg2bn","2026-09-13 23:46:52.101","2026-09-13 23:46:52.101","2v0czqPg2bn","18495679","[PREMIUM]","[PREMIUM]","[PREMIUM]","111","Section 111","8",6,"[]","2026-12-17 00:00:00","electronic","exchange",1,"[PREMIUM]","1,2,3,4,5,6"
"2v0czqPg2k0","2026-09-13 23:46:52.101","2026-09-13 23:46:52.101","2v0czqPg2k0","18495679","[PREMIUM]","[PREMIUM]","[PREMIUM]","104","Section 104","16",2,"[]","2026-12-17 00:00:00","electronic","exchange",2,"[PREMIUM]","1,2"
"2v0czqPg4Kw","2026-09-13 23:46:52.101","2026-09-13 23:46:52.101","2v0czqPg4Kw","18495679","[PREMIUM]","[PREMIUM]","[PREMIUM]","208","Section 208","12",2,"[]","2026-12-17 00:00:00","electronic","exchange",1,"[PREMIUM]","2"
"2v0czqPg4Nv","2026-09-13 23:46:52.101","2026-09-13 23:46:52.101","2v0czqPg4Nv","18495679","[PREMIUM]","[PREMIUM]","[PREMIUM]","118","Section 118","9",2,"[]","2026-12-17 00:00:00","electronic","exchange",1,"[PREMIUM]","2"
"3q7fN7nZOYG","2026-09-13 23:46:52.101","2026-09-13 23:46:52.101","3q7fN7nZOYG","18495679","[PREMIUM]","[PREMIUM]","[PREMIUM]","119","Section 119","3",2,"[]","2026-12-17 00:00:00","electronic","exchange",1,"[PREMIUM]","2"
"3q7fN7nZw6Z","2026-09-13 23:46:52.101","2026-09-13 23:46:52.101","3q7fN7nZw6Z","18495679","[PREMIUM]","[PREMIUM]","[PREMIUM]","209","Section 209","9",3,"[]","2026-12-17 00:00:00","electronic","exchange",0,"[PREMIUM]","1,3"
"3q7fN7nZoa8","2026-09-13 23:46:52.101","2026-09-13 23:46:52.101","3q7fN7nZoa8","18495679","[PREMIUM]","[PREMIUM]","[PREMIUM]","220-RL","Section 220 Rail","rl",2,"[]","2026-12-17 00:00:00","electronic","exchange",0,"[PREMIUM]","2"
"3q7fNL058z3","2026-09-13 23:46:52.101","2026-09-13 23:46:52.101","3q7fNL058z3","18495679","[PREMIUM]","[PREMIUM]","[PREMIUM]","104","Section 104","9",2,"[]","2026-12-17 00:00:00","electronic","exchange",1,"[PREMIUM]","2"
"3q7fNL05oM4","2026-09-13 23:46:52.101","2026-09-13 23:46:52.101","3q7fNL05oM4","18495679","[PREMIUM]","[PREMIUM]","[PREMIUM]","114","Section 114","16",2,"[]","2026-12-17 00:00:00","electronic","exchange",2,"[PREMIUM]","2"
"3q7fNL058Aw","2026-09-13 23:46:52.101","2026-09-13 23:46:52.101","3q7fNL058Aw","18495679","[PREMIUM]","[PREMIUM]","[PREMIUM]","103","Section 103","23",6,"[]","2026-12-17 00:00:00","electronic","exchange",1,"[PREMIUM]","1,2,3,4,5,6"
"3q7fNL05kkr","2026-09-13 23:46:52.101","2026-09-13 23:46:52.101","3q7fNL05kkr","18495679","[PREMIUM]","[PREMIUM]","[PREMIUM]","114","Section 114","12",2,"[]","2026-12-17 00:00:00","electronic","exchange",1,"[PREMIUM]","2"
"3q7fNL05kex","2026-09-13 23:46:52.101","2026-09-13 23:46:52.101","3q7fNL05kex","18495679","[PREMIUM]","[PREMIUM]","[PREMIUM]","117","Section 117","14",4,"[]","2026-12-17 00:00:00","electronic","exchange",2,"[PREMIUM]","1,2,3,4"
"3q7fNL05kNv","2026-09-13 23:46:52.101","2026-09-13 23:46:52.101","3q7fNL05kNv","18495679","[PREMIUM]","[PREMIUM]","[PREMIUM]","120","Section 120","16",4,"[]","2026-12-17 00:00:00","electronic","exchange",2,"[PREMIUM]","1,2,3,4"
"3q7fNL05kML","2026-09-13 23:46:52.101","2026-09-13 23:46:52.101","3q7fNL05kML","18495679","[PREMIUM]","[PREMIUM]","[PREMIUM]","206","Section 206","4",2,"[]","2026-12-17 00:00:00","electronic","exchange",0,"[PREMIUM]","2"
"3q7fNL058jp","2026-09-13 23:46:52.101","2026-09-13 23:46:52.101","3q7fNL058jp","18495679","[PREMIUM]","[PREMIUM]","[PREMIUM]","106","Section 106","11",2,"[]","2026-12-17 00:00:00","electronic","exchange",2,"[PREMIUM]","2"
"3q7fNL058mb","2026-09-13 23:46:52.101","2026-09-13 23:46:52.101","3q7fNL058mb","18495679","[PREMIUM]","[PREMIUM]","[PREMIUM]","101","Section 101","24",4,"[]","2026-12-17 00:00:00","electronic","exchange",1,"[PREMIUM]","1,2,3,4"
"3q7fNL058mw","2026-09-13 23:46:52.101","2026-09-13 23:46:52.101","3q7fNL058mw","18495679","[PREMIUM]","[PREMIUM]","[PREMIUM]","101","Section 101","8",4,"[]","2026-12-17 00:00:00","electronic","exchange",0,"[PREMIUM]","1,2,3,4"
"3q7fNL05k8r","2026-09-13 23:46:52.101","2026-09-13 23:46:52.101","3q7fNL05k8r","18495679","[PREMIUM]","[PREMIUM]","[PREMIUM]","114","Section 114","28",8,"[]","2026-12-17 00:00:00","electronic","exchange",1,"[PREMIUM]","1,2,3,4,5,6,7,8"
"3q7fNL058ww","2026-09-13 23:46:52.101","2026-09-13 23:46:52.101","3q7fNL058ww","18495679","[PREMIUM]","[PREMIUM]","[PREMIUM]","102","Section 102","12",4,"[]","2026-12-17 00:00:00","electronic","exchange",1,"[PREMIUM]","1,2,3,4"
"4vXcjR7e8Ml","2026-09-13 23:46:52.101","2026-09-13 23:46:52.101","4vXcjR7e8Ml","18495679","[PREMIUM]","[PREMIUM]","[PREMIUM]","207","Section 207","13",6,"[]","2026-12-17 00:00:00","electronic","exchange",0,"[PREMIUM]","1,2,3,4,5,6"
"4vXcjR7e8wY","2026-09-13 23:46:52.101","2026-09-13 23:46:52.101","4vXcjR7e8wY","18495679","[PREMIUM]","[PREMIUM]","[PREMIUM]","115","Section 115","12",2,"[]","2026-12-17 00:00:00","electronic","exchange",1,"[PREMIUM]","2"
"4vXcjR7ewkq","2026-09-13 23:46:52.101","2026-09-13 23:46:52.101","4vXcjR7ewkq","18495679","[PREMIUM]","[PREMIUM]","[PREMIUM]","111","Section 111","6",4,"[]","2026-12-17 00:00:00","electronic","exchange",1,"[PREMIUM]","1,2,3,4"
"4vXcjR7ewrE","2026-09-13 23:46:52.101","2026-09-13 23:46:52.101","4vXcjR7ewrE","18495679","[PREMIUM]","[PREMIUM]","[PREMIUM]","101","Section 101","21",3,"[]","2026-12-17 00:00:00","electronic","exchange",1,"[PREMIUM]","1,2,3"
"4vXcjR7ewAR","2026-09-13 23:46:52.101","2026-09-13 23:46:52.101","4vXcjR7ewAR","18495679","[PREMIUM]","[PREMIUM]","[PREMIUM]","104","Section 104","14",2,"[]","2026-12-17 00:00:00","electronic","exchange",1,"[PREMIUM]","2"
"4vXcjR7e85e","2026-09-13 23:46:52.101","2026-09-13 23:46:52.101","4vXcjR7e85e","18495679","[PREMIUM]","[PREMIUM]","[PREMIUM]","117","Section 117","19",5,"[]","2026-12-17 00:00:00","electronic","exchange",2,"[PREMIUM]","1,2,3,4,5"
"4vXcjR7e86Y","2026-09-13 23:46:52.101","2026-09-13 23:46:52.101","4vXcjR7e86Y","18495679","[PREMIUM]","[PREMIUM]","[PREMIUM]","121","Section 121","20",2,"[]","2026-12-17 00:00:00","electronic","exchange",1,"[PREMIUM]","2"
"4vXcjXBgNv7","2026-09-13 23:46:52.101","2026-09-13 23:46:52.101","4vXcjXBgNv7","18495679","[PREMIUM]","[PREMIUM]","[PREMIUM]","112","Section 112","10",2,"[]","2026-12-17 00:00:00","electronic","exchange",0,"[PREMIUM]","2"
"4vXcjXBg7qe","2026-09-13 23:46:52.101","2026-09-13 23:46:52.101","4vXcjXBg7qe","18495679","[PREMIUM]","[PREMIUM]","[PREMIUM]","114","Section 114","19",4,"[]","2026-12-17 00:00:00","electronic","exchange",1,"[PREMIUM]","1,2,4"
"5EjuZj3PDeq","2026-09-13 23:46:52.101","2026-09-13 23:46:52.101","5EjuZj3PDeq","18495679","[PREMIUM]","[PREMIUM]","[PREMIUM]","120","Section 120","27",2,"[]","2026-12-17 00:00:00","electronic","exchange",0,"[PREMIUM]","2"
"5EjuZwgkrgr","2026-09-13 23:46:52.101","2026-09-13 23:46:52.101","5EjuZwgkrgr","18495679","[PREMIUM]","[PREMIUM]","[PREMIUM]","109","Section 109","29",2,"[]","2026-12-17 00:00:00","electronic","exchange",1,"[PREMIUM]","2"
"5EjuZwgkrYr","2026-09-13 23:46:52.101","2026-09-13 23:46:52.101","5EjuZwgkrYr","18495679","[PREMIUM]","[PREMIUM]","[PREMIUM]","113","Section 113","10",2,"[]","2026-12-17 00:00:00","electronic","exchange",1,"[PREMIUM]","2"
"5EjuZwgkrDj","2026-09-13 23:46:52.101","2026-09-13 23:46:52.101","5EjuZwgkrDj","18495679","[PREMIUM]","[PREMIUM]","[PREMIUM]","103","Section 103","27",4,"[]","2026-12-17 00:00:00","electronic","exchange",1,"[PREMIUM]","1,2,3,4"
"5EjuZwgkrAj","2026-09-13 23:46:52.101","2026-09-13 23:46:52.101","5EjuZwgkrAj","18495679","[PREMIUM]","[PREMIUM]","[PREMIUM]","102","Section 102","22",2,"[]","2026-12-17 00:00:00","electronic","exchange",1,"[PREMIUM]","2"
"5EjuZwgkr5Z","2026-09-13 23:46:52.101","2026-09-13 23:46:52.101","5EjuZwgkr5Z","18495679","[PREMIUM]","[PREMIUM]","[PREMIUM]","106","Section 106","18",5,"[]","2026-12-17 00:00:00","electronic","exchange",2,"[PREMIUM]","1,2,3,4,5"
"5EjuZwgkXr8","2026-09-13 23:46:52.101","2026-09-13 23:46:52.101","5EjuZwgkXr8","18495679","[PREMIUM]","[PREMIUM]","[PREMIUM]","121","Section 121","12",4,"[]","2026-12-17 00:00:00","electronic","exchange",1,"[PREMIUM]","1,2,3,4"
"5EjuZwgkXa8","2026-09-13 23:46:52.101","2026-09-13 23:46:52.101","5EjuZwgkXa8","18495679","[PREMIUM]","[PREMIUM]","[PREMIUM]","122","Section 122","9",2,"[]","2026-12-17 00:00:00","electronic","exchange",1,"[PREMIUM]","2"
"5EjuZwgkXZ7","2026-09-13 23:46:52.101","2026-09-13 23:46:52.101","5EjuZwgkXZ7","18495679","[PREMIUM]","[PREMIUM]","[PREMIUM]","118","Section 118","19",2,"[]","2026-12-17 00:00:00","electronic","exchange",1,"[PREMIUM]","2"
"5EjuZwgkXX9","2026-09-13 23:46:52.101","2026-09-13 23:46:52.101","5EjuZwgkXX9","18495679","[PREMIUM]","[PREMIUM]","[PREMIUM]","114","Section 114","22",2,"[]","2026-12-17 00:00:00","electronic","exchange",1,"[PREMIUM]","2"
"6mOhkOLrlPa","2026-09-13 23:46:52.101","2026-09-13 23:46:52.101","6mOhkOLrlPa","18495679","[PREMIUM]","[PREMIUM]","[PREMIUM]","105","Section 105","17",2,"['11','12']","2026-12-17 00:00:00","electronic","exchange",2,"[PREMIUM]","1,2"
"6mOhkOLVLPz","2026-09-13 23:46:52.101","2026-09-13 23:46:52.101","6mOhkOLVLPz","18495679","[PREMIUM]","[PREMIUM]","[PREMIUM]","217","Section 217","3",2,"[]","2026-12-17 00:00:00","electronic","exchange",1,"[PREMIUM]","2"
"6mOhkOLVkm2","2026-09-13 23:46:52.101","2026-09-13 23:46:52.101","6mOhkOLVkm2","18495679","[PREMIUM]","[PREMIUM]","[PREMIUM]","111","Section 111","6",4,"[]","2026-12-17 00:00:00","electronic","exchange",1,"[PREMIUM]","1,2,4"
"6mOhkoZ90Yl","2026-09-13 23:46:52.101","2026-09-13 23:46:52.101","6mOhkoZ90Yl","18495679","[PREMIUM]","[PREMIUM]","[PREMIUM]","117","Section 117","10",6,"[]","2026-12-17 00:00:00","electronic","exchange",1,"[PREMIUM]","1,2,3,4,5,6"
"6mOhkoZ90VV","2026-09-13 23:46:52.101","2026-09-13 23:46:52.101","6mOhkoZ90VV","18495679","[PREMIUM]","[PREMIUM]","[PREMIUM]","208","Section 208","7",3,"[]","2026-12-17 00:00:00","electronic","exchange",0,"[PREMIUM]","1,2,3"
"6mOhkoZ9Bpo","2026-09-13 23:46:52.101","2026-09-13 23:46:52.101","6mOhkoZ9Bpo","18495679","[PREMIUM]","[PREMIUM]","[PREMIUM]","111","Section 111","7",4,"[]","2026-12-17 00:00:00","electronic","exchange",1,"[PREMIUM]","1,2,3,4"
"6mOhkoZ90LM","2026-09-13 23:46:52.101","2026-09-13 23:46:52.101","6mOhkoZ90LM","18495679","[PREMIUM]","[PREMIUM]","[PREMIUM]","107","Section 107","20",2,"[]","2026-12-17 00:00:00","electronic","exchange",1,"[PREMIUM]","2"
"6mOhkoZ9BRq","2026-09-13 23:46:52.101","2026-09-13 23:46:52.101","6mOhkoZ9BRq","18495679","[PREMIUM]","[PREMIUM]","[PREMIUM]","102","Section 102","11",2,"[]","2026-12-17 00:00:00","electronic","exchange",1,"[PREMIUM]","2"
"6mOhkoZ90kg","2026-09-13 23:46:52.101","2026-09-13 23:46:52.101","6mOhkoZ90kg","18495679","[PREMIUM]","[PREMIUM]","[PREMIUM]","120","Section 120","13",5,"[]","2026-12-17 00:00:00","electronic","exchange",1,"[PREMIUM]","1,2,3,4,5"
"6mOhkoZ90Yg","2026-09-13 23:46:52.101","2026-09-13 23:46:52.101","6mOhkoZ90Yg","18495679","[PREMIUM]","[PREMIUM]","[PREMIUM]","117","Section 117","21",5,"[]","2026-12-17 00:00:00","electronic","exchange",2,"[PREMIUM]","1,2,3,4,5"
"6mOhkoZ90gl","2026-09-13 23:46:52.101","2026-09-13 23:46:52.101","6mOhkoZ90gl","18495679","[PREMIUM]","[PREMIUM]","[PREMIUM]","121","Section 121","20",5,"[]","2026-12-17 00:00:00","electronic","exchange",1,"[PREMIUM]","1,2,3,4,5"
"6mOhkoZ9BDj","2026-09-13 23:46:52.101","2026-09-13 23:46:52.101","6mOhkoZ9BDj","18495679","[PREMIUM]","[PREMIUM]","[PREMIUM]","104","Section 104","9",6,"[]","2026-12-17 00:00:00","electronic","exchange",1,"[PREMIUM]","1,2,3,4,5,6"
"7KntAgDOkRX","2026-09-13 23:46:52.101","2026-09-13 23:46:52.101","7KntAgDOkRX","18495679","[PREMIUM]","[PREMIUM]","[PREMIUM]","106","Section 106","14",2,"[]","2026-12-17 00:00:00","electronic","exchange",2,"[PREMIUM]","2"
"7KntAgDOGk6","2026-09-13 23:46:52.101","2026-09-13 23:46:52.101","7KntAgDOGk6","18495679","[PREMIUM]","[PREMIUM]","[PREMIUM]","117","Section 117","16",3,"[]","2026-12-17 00:00:00","electronic","exchange",3,"[PREMIUM]","3"
"7KntAgDOkzb","2026-09-13 23:46:52.101","2026-09-13 23:46:52.101","7KntAgDOkzb","18495679","[PREMIUM]","[PREMIUM]","[PREMIUM]","102","Section 102","15",2,"[]","2026-12-17 00:00:00","electronic","exchange",1,"[PREMIUM]","2"
"7KntAgDO49O","2026-09-13 23:46:52.101","2026-09-13 23:46:52.101","7KntAgDO49O","18495679","[PREMIUM]","[PREMIUM]","[PREMIUM]","122","Section 122","7",2,"[]","2026-12-17 00:00:00","electronic","exchange",1,"[PREMIUM]","2"
"7KntAgDO44q","2026-09-13 23:46:52.101","2026-09-13 23:46:52.101","7KntAgDO44q","18495679","[PREMIUM]","[PREMIUM]","[PREMIUM]","114","Section 114","22",4,"[]","2026-12-17 00:00:00","electronic","exchange",1,"[PREMIUM]","1,2,3,4"
"7KntAgDOkBb","2026-09-13 23:46:52.101","2026-09-13 23:46:52.101","7KntAgDOkBb","18495679","[PREMIUM]","[PREMIUM]","[PREMIUM]","103","Section 103","25",2,"[]","2026-12-17 00:00:00","electronic","exchange",1,"[PREMIUM]","2"
"7KntAgDO4xA","2026-09-13 23:46:52.101","2026-09-13 23:46:52.101","7KntAgDO4xA","18495679","[PREMIUM]","[PREMIUM]","[PREMIUM]","209","Section 209","4",5,"[]","2026-12-17 00:00:00","electronic","exchange",0,"[PREMIUM]","1,2,3,4,5"
"7KntAnJP39Z","2026-09-13 23:46:52.101","2026-09-13 23:46:52.101","7KntAnJP39Z","18495679","[PREMIUM]","[PREMIUM]","[PREMIUM]","122","Section 122","3",4,"[]","2026-12-17 00:00:00","electronic","exchange",2,"[PREMIUM]","1,2,4"
"7KntAnJxY3x","2026-09-13 23:46:52.101","2026-09-13 23:46:52.101","7KntAnJxY3x","18495679","[PREMIUM]","[PREMIUM]","[PREMIUM]","209","Section 209","4",2,"[]","2026-12-17 00:00:00","electronic","exchange",0,"[PREMIUM]","2"
"8lKt6azOvB8","2026-09-13 23:46:52.101","2026-09-13 23:46:52.101","8lKt6azOvB8","18495679","[PREMIUM]","[PREMIUM]","[PREMIUM]","116-MZ","Section 116","6",2,"[]","2026-12-17 00:00:00","electronic","exchange",2,"[PREMIUM]","2"
"8lKt6azOxbd","2026-09-13 23:46:52.101","2026-09-13 23:46:52.101","8lKt6azOxbd","18495679","[PREMIUM]","[PREMIUM]","[PREMIUM]","106","Section 106","20",2,"[]","2026-12-17 00:00:00","electronic","exchange",2,"[PREMIUM]","2"
"8lKt6azOvxz","2026-09-13 23:46:52.101","2026-09-13 23:46:52.101","8lKt6azOvxz","18495679","[PREMIUM]","[PREMIUM]","[PREMIUM]","114","Section 114","26",4,"[]","2026-12-17 00:00:00","electronic","exchange",1,"[PREMIUM]","1,2,3,4"
"8lKt6azOvnR","2026-09-13 23:46:52.101","2026-09-13 23:46:52.101","8lKt6azOvnR","18495679","[PREMIUM]","[PREMIUM]","[PREMIUM]","109","Section 109","20",2,"[]","2026-12-17 00:00:00","electronic","exchange",1,"[PREMIUM]","2"
"8lKt6azOvER","2026-09-13 23:46:52.101","2026-09-13 23:46:52.101","8lKt6azOvER","18495679","[PREMIUM]","[PREMIUM]","[PREMIUM]","107","Section 107","13",2,"[]","2026-12-17 00:00:00","electronic","exchange",2,"[PREMIUM]","2"
"9P2c5MrOL4p","2026-09-13 23:46:52.101","2026-09-13 23:46:52.101","9P2c5MrOL4p","18495679","[PREMIUM]","[PREMIUM]","[PREMIUM]","117","Section 117","11",4,"[]","2026-12-17 00:00:00","electronic","exchange",2,"[PREMIUM]","1,2,3,4"
"9P2c5MrOLLa","2026-09-13 23:46:52.101","2026-09-13 23:46:52.101","9P2c5MrOLLa","18495679","[PREMIUM]","[PREMIUM]","[PREMIUM]","114","Section 114","12",2,"[]","2026-12-17 00:00:00","electronic","exchange",1,"[PREMIUM]","2"
"9P2c5MrOLVa","2026-09-13 23:46:52.101","2026-09-13 23:46:52.101","9P2c5MrOLVa","18495679","[PREMIUM]","[PREMIUM]","[PREMIUM]","114","Section 114","26",5,"[]","2026-12-17 00:00:00","electronic","exchange",1,"[PREMIUM]","1,2,3,4,5"
"9P2c5MrOVAN","2026-09-13 23:46:52.101","2026-09-13 23:46:52.101","9P2c5MrOVAN","18495679","[PREMIUM]","[PREMIUM]","[PREMIUM]","103","Section 103","22",2,"[]","2026-12-17 00:00:00","electronic","exchange",1,"[PREMIUM]","2"
"9P2c5MrOVXN","2026-09-13 23:46:52.101","2026-09-13 23:46:52.101","9P2c5MrOVXN","18495679","[PREMIUM]","[PREMIUM]","[PREMIUM]","101","Section 101","8",2,"[]","2026-12-17 00:00:00","electronic","exchange",0,"[PREMIUM]","2"
"9P2c5MrOVXg","2026-09-13 23:46:52.101","2026-09-13 23:46:52.101","9P2c5MrOVXg","18495679","[PREMIUM]","[PREMIUM]","[PREMIUM]","101","Section 101","22",5,"[]","2026-12-17 00:00:00","electronic","exchange",1,"[PREMIUM]","1,2,3,4,5"
"9P2c5MrOVZ8","2026-09-13 23:46:52.101","2026-09-13 23:46:52.101","9P2c5MrOVZ8","18495679","[PREMIUM]","[PREMIUM]","[PREMIUM]","106","Section 106","10",3,"[]","2026-12-17 00:00:00","electronic","exchange",1,"[PREMIUM]","1,2,3"
"9P2c5MrOVrq","2026-09-13 23:46:52.101","2026-09-13 23:46:52.101","9P2c5MrOVrq","18495679","[PREMIUM]","[PREMIUM]","[PREMIUM]","106","Section 106","20",2,"[]","2026-12-17 00:00:00","electronic","exchange",2,"[PREMIUM]","2"
"9P2c5MrOzRk","2026-09-13 23:46:52.101","2026-09-13 23:46:52.101","9P2c5MrOzRk","18495679","[PREMIUM]","[PREMIUM]","[PREMIUM]","114","Section 114","15",6,"[]","2026-12-17 00:00:00","electronic","exchange",2,"[PREMIUM]","2,4,6"
"A6rs2KBjRP4","2026-09-13 23:46:52.101","2026-09-13 23:46:52.101","A6rs2KBjRP4","18495679","[PREMIUM]","[PREMIUM]","[PREMIUM]","109","Section 109","15",2,"[]","2026-12-17 00:00:00","electronic","exchange",2,"[PREMIUM]","2"
"A6rs2KBjp6b","2026-09-13 23:46:52.101","2026-09-13 23:46:52.101","A6rs2KBjp6b","18495679","[PREMIUM]","[PREMIUM]","[PREMIUM]","110","Section 110","18",5,"[]","2026-12-17 00:00:00","electronic","exchange",1,"[PREMIUM]","1,2,3,4,5"
"A6rs2KBjRm5","2026-09-13 23:46:52.101","2026-09-13 23:46:52.101","A6rs2KBjRm5","18495679","[PREMIUM]","[PREMIUM]","[PREMIUM]","223","Section 223","4",4,"[]","2026-12-17 00:00:00","electronic","exchange",0,"[PREMIUM]","1,2,3,4"
"A6rs2KBjReq","2026-09-13 23:46:52.101","2026-09-13 23:46:52.101","A6rs2KBjReq","18495679","[PREMIUM]","[PREMIUM]","[PREMIUM]","106-MZ","Section 106","8",4,"[]","2026-12-17 00:00:00","electronic","exchange",1,"[PREMIUM]","1,2,3,4"
"A6rs2KBjRRE","2026-09-13 23:46:52.101","2026-09-13 23:46:52.101","A6rs2KBjRRE","18495679","[PREMIUM]","[PREMIUM]","[PREMIUM]","114","Section 114","19",4,"[]","2026-12-17 00:00:00","electronic","exchange",1,"[PREMIUM]","1,2,3,4"
"A6rs2KBjpbb","2026-09-13 23:46:52.101","2026-09-13 23:46:52.101","A6rs2KBjpbb","18495679","[PREMIUM]","[PREMIUM]","[PREMIUM]","113","Section 113","18",5,"[]","2026-12-17 00:00:00","electronic","exchange",1,"[PREMIUM]","1,2,3,4,5"
"A6rs2KBjR2K","2026-09-13 23:46:52.101","2026-09-13 23:46:52.101","A6rs2KBjR2K","18495679","[PREMIUM]","[PREMIUM]","[PREMIUM]","119","Section 119","13",4,"[]","2026-12-17 00:00:00","electronic","exchange",1,"[PREMIUM]","1,2,3,4"
"A6rs2KBjRED","2026-09-13 23:46:52.101","2026-09-13 23:46:52.101","A6rs2KBjRED","18495679","[PREMIUM]","[PREMIUM]","[PREMIUM]","116","Section 116","10",4,"[]","2026-12-17 00:00:00","electronic","exchange",1,"[PREMIUM]","1,2,3,4"
"BALImM2bzwE","2026-09-13 23:46:52.101","2026-09-13 23:46:52.101","BALImM2bzwE","18495679","[PREMIUM]","[PREMIUM]","[PREMIUM]","116-MZ","Section 116","6",2,"[]","2026-12-17 00:00:00","electronic","exchange",2,"[PREMIUM]","2"
"BALImM2bzG6","2026-09-13 23:46:52.101","2026-09-13 23:46:52.101","BALImM2bzG6","18495679","[PREMIUM]","[PREMIUM]","[PREMIUM]","109","Section 109","20",2,"[]","2026-12-17 00:00:00","electronic","exchange",1,"[PREMIUM]","2"
"BALImM2bz0b","2026-09-13 23:46:52.101","2026-09-13 23:46:52.101","BALImM2bz0b","18495679","[PREMIUM]","[PREMIUM]","[PREMIUM]","205","Section 205","5",2,"[]","2026-12-17 00:00:00","electronic","exchange",0,"[PREMIUM]","2"
"BALImM2bKNL","2026-09-13 23:46:52.101","2026-09-13 23:46:52.101","BALImM2bKNL","18495679","[PREMIUM]","[PREMIUM]","[PREMIUM]","105","Section 105","17",4,"[]","2026-12-17 00:00:00","electronic","exchange",1,"[PREMIUM]","1,2,3,4"
"BALImM2bKa5","2026-09-13 23:46:52.101","2026-09-13 23:46:52.101","BALImM2bKa5","18495679","[PREMIUM]","[PREMIUM]","[PREMIUM]","110","Section 110","22",2,"[]","2026-12-17 00:00:00","electronic","exchange",1,"[PREMIUM]","2"
"BALImM2bKd5","2026-09-13 23:46:52.101","2026-09-13 23:46:52.101","BALImM2bKd5","18495679","[PREMIUM]","[PREMIUM]","[PREMIUM]","113","Section 113","21",2,"[]","2026-12-17 00:00:00","electronic","exchange",1,"[PREMIUM]","2"
"BALImM2bKpx","2026-09-13 23:46:52.101","2026-09-13 23:46:52.101","BALImM2bKpx","18495679","[PREMIUM]","[PREMIUM]","[PREMIUM]","103","Section 103","16",4,"[]","2026-12-17 00:00:00","electronic","exchange",2,"[PREMIUM]","1,2,3,4"
"DdwHkML6KYb","2026-09-13 23:46:52.101","2026-09-13 23:46:52.101","DdwHkML6KYb","18495679","[PREMIUM]","[PREMIUM]","[PREMIUM]","109","Section 109","12",2,"[]","2026-12-17 00:00:00","electronic","exchange",1,"[PREMIUM]","2"
"DdwHkML69jZ","2026-09-13 23:46:52.101","2026-09-13 23:46:52.101","DdwHkML69jZ","18495679","[PREMIUM]","[PREMIUM]","[PREMIUM]","103","Section 103","11",2,"[]","2026-12-17 00:00:00","electronic","exchange",1,"[PREMIUM]","2"
"DdwHkML69aL","2026-09-13 23:46:52.101","2026-09-13 23:46:52.101","DdwHkML69aL","18495679","[PREMIUM]","[PREMIUM]","[PREMIUM]","113","Section 113","14",6,"[]","2026-12-17 00:00:00","electronic","exchange",1,"[PREMIUM]","1,2,3,4,5,6"
"DdwHkML6KNX","2026-09-13 23:46:52.101","2026-09-13 23:46:52.101","DdwHkML6KNX","18495679","[PREMIUM]","[PREMIUM]","[PREMIUM]","105-MZ","Section 105","8",2,"[]","2026-12-17 00:00:00","electronic","exchange",2,"[PREMIUM]","2"
"DdwHkML6Kk5","2026-09-13 23:46:52.101","2026-09-13 23:46:52.101","DdwHkML6Kk5","18495679","[PREMIUM]","[PREMIUM]","[PREMIUM]","119","Section 119","12",2,"[]","2026-12-17 00:00:00","electronic","exchange",1,"[PREMIUM]","2"
"DdwHkML693L","2026-09-13 23:46:52.101","2026-09-13 23:46:52.101","DdwHkML693L","18495679","[PREMIUM]","[PREMIUM]","[PREMIUM]","110","Section 110","18",4,"[]","2026-12-17 00:00:00","electronic","exchange",1,"[PREMIUM]","1,2,3,4"
"EroUXD9xDA8","2026-09-13 23:46:52.101","2026-09-13 23:46:52.101","EroUXD9xDA8","18495679","[PREMIUM]","[PREMIUM]","[PREMIUM]","120","Section 120","10",2,"[]","2026-12-17 00:00:00","electronic","exchange",5,"[PREMIUM]","2"
"EroUXgd5L3B","2026-09-13 23:46:52.101","2026-09-13 23:46:52.101","EroUXgd5L3B","18495679","[PREMIUM]","[PREMIUM]","[PREMIUM]","214","Section 214","1",6,"[]","2026-12-17 00:00:00","electronic","exchange",1,"[PREMIUM]","1,2,3,4,5,6"
"EroUXgd5YqY","2026-09-13 23:46:52.101","2026-09-13 23:46:52.101","EroUXgd5YqY","18495679","[PREMIUM]","[PREMIUM]","[PREMIUM]","107","Section 107","15",4,"[]","2026-12-17 00:00:00","electronic","exchange",2,"[PREMIUM]","2,4"
"EroUXgd560P","2026-09-13 23:46:52.101","2026-09-13 23:46:52.101","EroUXgd560P","18495679","[PREMIUM]","[PREMIUM]","[PREMIUM]","104","Section 104","14",2,"[]","2026-12-17 00:00:00","electronic","exchange",1,"[PREMIUM]","2"
"EroUXgd5LqB","2026-09-13 23:46:52.101","2026-09-13 23:46:52.101","EroUXgd5LqB","18495679","[PREMIUM]","[PREMIUM]","[PREMIUM]","208","Section 208","7",2,"[]","2026-12-17 00:00:00","electronic","exchange",0,"[PREMIUM]","2"
"EroUXgd56ex","2026-09-13 23:46:52.101","2026-09-13 23:46:52.101","EroUXgd56ex","18495679","[PREMIUM]","[PREMIUM]","[PREMIUM]","101","Section 101","22",6,"[]","2026-12-17 00:00:00","electronic","exchange",1,"[PREMIUM]","1,2,3,4,5,6"
"EroUXgd5Lj6","2026-09-13 23:46:52.101","2026-09-13 23:46:52.101","EroUXgd5Lj6","18495679","[PREMIUM]","[PREMIUM]","[PREMIUM]","117","Section 117","21",6,"[]","2026-12-17 00:00:00","electronic","exchange",2,"[PREMIUM]","1,2,3,4,5,6"
"EroUXgd5L9N","2026-09-13 23:46:52.101","2026-09-13 23:46:52.101","EroUXgd5L9N","18495679","[PREMIUM]","[PREMIUM]","[PREMIUM]","107","Section 107","20",3,"[]","2026-12-17 00:00:00","electronic","exchange",1,"[PREMIUM]","1,2,3"
"EroUXgd5L6G","2026-09-13 23:46:52.101","2026-09-13 23:46:52.101","EroUXgd5L6G","18495679","[PREMIUM]","[PREMIUM]","[PREMIUM]","115","Section 115","13",6,"[]","2026-12-17 00:00:00","electronic","exchange",1,"[PREMIUM]","1,2,3,4,5,6"
"EroUXgd56NV","2026-09-13 23:46:52.101","2026-09-13 23:46:52.101","EroUXgd56NV","18495679","[PREMIUM]","[PREMIUM]","[PREMIUM]","103","Section 103","22",2,"[]","2026-12-17 00:00:00","electronic","exchange",1,"[PREMIUM]","2"
"GAaI6035z9M","2026-09-13 23:46:52.101","2026-09-13 23:46:52.101","GAaI6035z9M","18495679","[PREMIUM]","[PREMIUM]","[PREMIUM]","223","Section 223","3",4,"[]","2026-12-17 00:00:00","electronic","exchange",0,"[PREMIUM]","1,2,3,4"
"GAaI6035z64","2026-09-13 23:46:52.101","2026-09-13 23:46:52.101","GAaI6035z64","18495679","[PREMIUM]","[PREMIUM]","[PREMIUM]","118","Section 118","21",3,"[]","2026-12-17 00:00:00","electronic","exchange",2,"[PREMIUM]","1,2,3"
"GAaI6035zqG","2026-09-13 23:46:52.101","2026-09-13 23:46:52.101","GAaI6035zqG","18495679","[PREMIUM]","[PREMIUM]","[PREMIUM]","106-MZ","Section 106","7",4,"[]","2026-12-17 00:00:00","electronic","exchange",1,"[PREMIUM]","1,2,3,4"
"GAaI6035L4E","2026-09-13 23:46:52.101","2026-09-13 23:46:52.101","GAaI6035L4E","18495679","[PREMIUM]","[PREMIUM]","[PREMIUM]","105","Section 105","15",2,"[]","2026-12-17 00:00:00","electronic","exchange",2,"[PREMIUM]","2"
"GAaI603b0E5","2026-09-13 23:46:52.101","2026-09-13 23:46:52.101","GAaI603b0E5","18495679","[PREMIUM]","[PREMIUM]","[PREMIUM]","120","Section 120","17",6,"[]","2026-12-17 00:00:00","electronic","exchange",1,"[PREMIUM]","2,4,6"
"GAaI6035zPv","2026-09-13 23:46:52.101","2026-09-13 23:46:52.101","GAaI6035zPv","18495679","[PREMIUM]","[PREMIUM]","[PREMIUM]","115","Section 115","22",4,"[]","2026-12-17 00:00:00","electronic","exchange",1,"[PREMIUM]","1,2,3,4"
"GAaI6035zro","2026-09-13 23:46:52.101","2026-09-13 23:46:52.101","GAaI6035zro","18495679","[PREMIUM]","[PREMIUM]","[PREMIUM]","108","Section 108","20",4,"[]","2026-12-17 00:00:00","electronic","exchange",1,"[PREMIUM]","1,2,3,4"
"GAaI6035wwk","2026-09-13 23:46:52.101","2026-09-13 23:46:52.101","GAaI6035wwk","18495679","[PREMIUM]","[PREMIUM]","[PREMIUM]","109","Section 109","18",4,"[]","2026-12-17 00:00:00","electronic","exchange",1,"[PREMIUM]","2,4"
"GAaI6brRe7l","2026-09-13 23:46:52.101","2026-09-13 23:46:52.101","GAaI6brRe7l","18495679","[PREMIUM]","[PREMIUM]","[PREMIUM]","218","Section 218","11",3,"[]","2026-12-17 00:00:00","electronic","exchange",1,"[PREMIUM]","1,3"
"JABI3BnqlwX","2026-09-13 23:46:52.101","2026-09-13 23:46:52.101","JABI3BnqlwX","18495679","[PREMIUM]","[PREMIUM]","[PREMIUM]","104","Section 104","3",2,"[]","2026-12-17 00:00:00","electronic","exchange",1,"[PREMIUM]","2"
"JABI3Bnq5GN","2026-09-13 23:46:52.101","2026-09-13 23:46:52.101","JABI3Bnq5GN","18495679","[PREMIUM]","[PREMIUM]","[PREMIUM]","119","Section 119","18",2,"[]","2026-12-17 00:00:00","electronic","exchange",0,"[PREMIUM]","2"
"JABI3BnbmkK","2026-09-13 23:46:52.101","2026-09-13 23:46:52.101","JABI3BnbmkK","18495679","[PREMIUM]","[PREMIUM]","[PREMIUM]","208","Section 208","12",3,"[]","2026-12-17 00:00:00","electronic","exchange",1,"[PREMIUM]","1,3"
"JABI3E2gpqv","2026-09-13 23:46:52.101","2026-09-13 23:46:52.101","JABI3E2gpqv","18495679","[PREMIUM]","[PREMIUM]","[PREMIUM]","208","Section 208","10",4,"[]","2026-12-17 00:00:00","electronic","exchange",0,"[PREMIUM]","1,2,3,4"
"JABI3E2gpn0","2026-09-13 23:46:52.101","2026-09-13 23:46:52.101","JABI3E2gpn0","18495679","[PREMIUM]","[PREMIUM]","[PREMIUM]","107","Section 107","20",2,"[]","2026-12-17 00:00:00","electronic","exchange",1,"[PREMIUM]","2"
"JABI3E2gpPG","2026-09-13 23:46:52.101","2026-09-13 23:46:52.101","JABI3E2gpPG","18495679","[PREMIUM]","[PREMIUM]","[PREMIUM]","122","Section 122","3",2,"[]","2026-12-17 00:00:00","electronic","exchange",2,"[PREMIUM]","2"
"JABI3E2gp4G","2026-09-13 23:46:52.101","2026-09-13 23:46:52.101","JABI3E2gp4G","18495679","[PREMIUM]","[PREMIUM]","[PREMIUM]","115","Section 115","16",4,"[]","2026-12-17 00:00:00","electronic","exchange",2,"[PREMIUM]","1,2,3,4"
"JABI3E2gpw3","2026-09-13 23:46:52.101","2026-09-13 23:46:52.101","JABI3E2gpw3","18495679","[PREMIUM]","[PREMIUM]","[PREMIUM]","117","Section 117","22",3,"[]","2026-12-17 00:00:00","electronic","exchange",2,"[PREMIUM]","1,2,3"
"JABI3E2gp33","2026-09-13 23:46:52.101","2026-09-13 23:46:52.101","JABI3E2gp33","18495679","[PREMIUM]","[PREMIUM]","[PREMIUM]","120","Section 120","14",4,"[]","2026-12-17 00:00:00","electronic","exchange",1,"[PREMIUM]","1,2,3,4"
"JABI3E2g48A","2026-09-13 23:46:52.101","2026-09-13 23:46:52.101","JABI3E2g48A","18495679","[PREMIUM]","[PREMIUM]","[PREMIUM]","104","Section 104","15",4,"[]","2026-12-17 00:00:00","electronic","exchange",1,"[PREMIUM]","1,2,3,4"
"JABI3E2g46j","2026-09-13 23:46:52.101","2026-09-13 23:46:52.101","JABI3E2g46j","18495679","[PREMIUM]","[PREMIUM]","[PREMIUM]","111","Section 111","7",6,"[]","2026-12-17 00:00:00","electronic","exchange",1,"[PREMIUM]","1,2,3,4,5,6"
"KezczbmR2Ak","2026-09-13 23:46:52.101","2026-09-13 23:46:52.101","KezczbmR2Ak","18495679","[PREMIUM]","[PREMIUM]","[PREMIUM]","210","Section 210","1",4,"[]","2026-12-17 00:00:00","electronic","exchange",1,"[PREMIUM]","1,2,4"
"KezczbmxbV9","2026-09-13 23:46:52.101","2026-09-13 23:46:52.101","KezczbmxbV9","18495679","[PREMIUM]","[PREMIUM]","[PREMIUM]","121","Section 121","8",2,"[]","2026-12-17 00:00:00","electronic","exchange",5,"[PREMIUM]","2"
"Kezczbmjm5M","2026-09-13 23:46:52.101","2026-09-13 23:46:52.101","Kezczbmjm5M","18495679","[PREMIUM]","[PREMIUM]","[PREMIUM]","228","Section 228","1",2,"[]","2026-12-17 00:00:00","electronic","exchange",1,"[PREMIUM]","2"
"KezczqG3XPj","2026-09-13 23:46:52.101","2026-09-13 23:46:52.101","KezczqG3XPj","18495679","[PREMIUM]","[PREMIUM]","[PREMIUM]","115","Section 115","16",4,"[]","2026-12-17 00:00:00","electronic","exchange",2,"[PREMIUM]","1,2,3,4"
"KezczqG3XR3","2026-09-13 23:46:52.101","2026-09-13 23:46:52.101","KezczqG3XR3","18495679","[PREMIUM]","[PREMIUM]","[PREMIUM]","221","Section 221","4",3,"[]","2026-12-17 00:00:00","electronic","exchange",0,"[PREMIUM]","1,2,3"
"KezczqG3Xpm","2026-09-13 23:46:52.101","2026-09-13 23:46:52.101","KezczqG3Xpm","18495679","[PREMIUM]","[PREMIUM]","[PREMIUM]","118","Section 118","15",3,"[]","2026-12-17 00:00:00","electronic","exchange",2,"[PREMIUM]","1,2,3"
"KezczqG3Xwj","2026-09-13 23:46:52.101","2026-09-13 23:46:52.101","KezczqG3Xwj","18495679","[PREMIUM]","[PREMIUM]","[PREMIUM]","122","Section 122","3",4,"[]","2026-12-17 00:00:00","electronic","exchange",2,"[PREMIUM]","1,2,3,4"
"KezczqG3KPY","2026-09-13 23:46:52.101","2026-09-13 23:46:52.101","KezczqG3KPY","18495679","[PREMIUM]","[PREMIUM]","[PREMIUM]","111","Section 111","3",2,"[]","2026-12-17 00:00:00","electronic","exchange",2,"[PREMIUM]","2"
"KezczqG3PJD","2026-09-13 23:46:52.101","2026-09-13 23:46:52.101","KezczqG3PJD","18495679","[PREMIUM]","[PREMIUM]","[PREMIUM]","112","Section 112","14",6,"[]","2026-12-17 00:00:00","electronic","exchange",1,"[PREMIUM]","1,2,3,4,5,6"
"KezczqG3P80","2026-09-13 23:46:52.101","2026-09-13 23:46:52.101","KezczqG3P80","18495679","[PREMIUM]","[PREMIUM]","[PREMIUM]","106","Section 106","11",2,"[]","2026-12-17 00:00:00","electronic","exchange",2,"[PREMIUM]","2"
"KezczqG3P4q","2026-09-13 23:46:52.101","2026-09-13 23:46:52.101","KezczqG3P4q","18495679","[PREMIUM]","[PREMIUM]","[PREMIUM]","102","Section 102","10",2,"[]","2026-12-17 00:00:00","electronic","exchange",0,"[PREMIUM]","2"
"LbviL8wqr4K","2026-09-13 23:46:52.101","2026-09-13 23:46:52.101","LbviL8wqr4K","18495679","[PREMIUM]","[PREMIUM]","[PREMIUM]","111","Section 111","3",3,"[]","2026-12-17 00:00:00","electronic","exchange",2,"[PREMIUM]","1,2,3"
"LbviL8wqrJ6","2026-09-13 23:46:52.101","2026-09-13 23:46:52.101","LbviL8wqrJ6","18495679","[PREMIUM]","[PREMIUM]","[PREMIUM]","104","Section 104","11",2,"[]","2026-12-17 00:00:00","electronic","exchange",1,"[PREMIUM]","2"
"LbviL8wqdrp","2026-09-13 23:46:52.101","2026-09-13 23:46:52.101","LbviL8wqdrp","18495679","[PREMIUM]","[PREMIUM]","[PREMIUM]","114","Section 114","23",2,"[]","2026-12-17 00:00:00","electronic","exchange",1,"[PREMIUM]","2"
"LbviL8wqrpY","2026-09-13 23:46:52.101","2026-09-13 23:46:52.101","LbviL8wqrpY","18495679","[PREMIUM]","[PREMIUM]","[PREMIUM]","101","Section 101","13",2,"[]","2026-12-17 00:00:00","electronic","exchange",1,"[PREMIUM]","2"
"LbviL8wqdr8","2026-09-13 23:46:52.101","2026-09-13 23:46:52.101","LbviL8wqdr8","18495679","[PREMIUM]","[PREMIUM]","[PREMIUM]","115","Section 115","12",4,"[]","2026-12-17 00:00:00","electronic","exchange",1,"[PREMIUM]","1,2,3,4"
"LbviL8wqdoM","2026-09-13 23:46:52.101","2026-09-13 23:46:52.101","LbviL8wqdoM","18495679","[PREMIUM]","[PREMIUM]","[PREMIUM]","117","Section 117","17",3,"[]","2026-12-17 00:00:00","electronic","exchange",2,"[PREMIUM]","1,2,3"
"LbviL8wqdo8","2026-09-13 23:46:52.101","2026-09-13 23:46:52.101","LbviL8wqdo8","18495679","[PREMIUM]","[PREMIUM]","[PREMIUM]","116","Section 116","20",4,"[]","2026-12-17 00:00:00","electronic","exchange",2,"[PREMIUM]","1,2,3,4"
"LbviL8wqdg8","2026-09-13 23:46:52.101","2026-09-13 23:46:52.101","LbviL8wqdg8","18495679","[PREMIUM]","[PREMIUM]","[PREMIUM]","121","Section 121","19",2,"[]","2026-12-17 00:00:00","electronic","exchange",1,"[PREMIUM]","2"
"LbviL8wqdRk","2026-09-13 23:46:52.101","2026-09-13 23:46:52.101","LbviL8wqdRk","18495679","[PREMIUM]","[PREMIUM]","[PREMIUM]","220","Section 220","1",3,"[]","2026-12-17 00:00:00","electronic","exchange",1,"[PREMIUM]","1,2,3"
"LbviL8wqdLM","2026-09-13 23:46:52.101","2026-09-13 23:46:52.101","LbviL8wqdLM","18495679","[PREMIUM]","[PREMIUM]","[PREMIUM]","119","Section 119","21",2,"[]","2026-12-17 00:00:00","electronic","exchange",1,"[PREMIUM]","2"
"LbviL8wqJ3g","2026-09-13 23:46:52.101","2026-09-13 23:46:52.101","LbviL8wqJ3g","18495679","[PREMIUM]","[PREMIUM]","[PREMIUM]","119","Section 119","18",2,"[]","2026-12-17 00:00:00","electronic","exchange",1,"[PREMIUM]","2"
"LbviL8wqd0k","2026-09-13 23:46:52.101","2026-09-13 23:46:52.101","LbviL8wqd0k","18495679","[PREMIUM]","[PREMIUM]","[PREMIUM]","207","Section 207","5",2,"[]","2026-12-17 00:00:00","electronic","exchange",0,"[PREMIUM]","2"
"LbviLmj0XGO","2026-09-13 23:46:52.101","2026-09-13 23:46:52.101","LbviLmj0XGO","18495679","[PREMIUM]","[PREMIUM]","[PREMIUM]","107","Section 107","14",2,"[]","2026-12-17 00:00:00","electronic","exchange",2,"[PREMIUM]","2"
"MAeIP35ek8x","2026-09-13 23:46:52.101","2026-09-13 23:46:52.101","MAeIP35ek8x","18495679","[PREMIUM]","[PREMIUM]","[PREMIUM]","121","Section 121","18",6,"[]","2026-12-17 00:00:00","electronic","exchange",1,"[PREMIUM]","1,2,3,4,5,6"
"MAeIP35eLMr","2026-09-13 23:46:52.101","2026-09-13 23:46:52.101","MAeIP35eLMr","18495679","[PREMIUM]","[PREMIUM]","[PREMIUM]","110","Section 110","22",2,"[]","2026-12-17 00:00:00","electronic","exchange",1,"[PREMIUM]","2"
"MAeIP35eL9z","2026-09-13 23:46:52.101","2026-09-13 23:46:52.101","MAeIP35eL9z","18495679","[PREMIUM]","[PREMIUM]","[PREMIUM]","105","Section 105","17",2,"[]","2026-12-17 00:00:00","electronic","exchange",1,"[PREMIUM]","2"
"MAeIP35eL4r","2026-09-13 23:46:52.101","2026-09-13 23:46:52.101","MAeIP35eL4r","18495679","[PREMIUM]","[PREMIUM]","[PREMIUM]","113","Section 113","21",2,"[]","2026-12-17 00:00:00","electronic","exchange",1,"[PREMIUM]","2"
"MAeIP35ekPG","2026-09-13 23:46:52.101","2026-09-13 23:46:52.101","MAeIP35ekPG","18495679","[PREMIUM]","[PREMIUM]","[PREMIUM]","119","Section 119","19",2,"[]","2026-12-17 00:00:00","electronic","exchange",1,"[PREMIUM]","2"
"MAeIP35ekvA","2026-09-13 23:46:52.101","2026-09-13 23:46:52.101","MAeIP35ekvA","18495679","[PREMIUM]","[PREMIUM]","[PREMIUM]","116-MZ","Section 116","8",4,"[]","2026-12-17 00:00:00","electronic","exchange",3,"[PREMIUM]","1,2,3,4"
"MAeIP35ekjP","2026-09-13 23:46:52.101","2026-09-13 23:46:52.101","MAeIP35ekjP","18495679","[PREMIUM]","[PREMIUM]","[PREMIUM]","109","Section 109","23",5,"[]","2026-12-17 00:00:00","electronic","exchange",1,"[PREMIUM]","1,2,3,4,5"
"MAeIPXj7bxa","2026-09-13 23:46:52.101","2026-09-13 23:46:52.101","MAeIPXj7bxa","18495679","[PREMIUM]","[PREMIUM]","[PREMIUM]","213","Section 213","6",4,"[]","2026-12-17 00:00:00","electronic","exchange",1,"[PREMIUM]","1,2,4"
"NrqUv6M5g8z","2026-09-13 23:46:52.101","2026-09-13 23:46:52.101","NrqUv6M5g8z","18495679","[PREMIUM]","[PREMIUM]","[PREMIUM]","112","Section 112","22",3,"[]","2026-12-17 00:00:00","electronic","exchange",1,"[PREMIUM]","1,2,3"
"NrqUv6M5Ogg","2026-09-13 23:46:52.101","2026-09-13 23:46:52.101","NrqUv6M5Ogg","18495679","[PREMIUM]","[PREMIUM]","[PREMIUM]","115","Section 115","18",4,"[]","2026-12-17 00:00:00","electronic","exchange",1,"[PREMIUM]","1,2,3,4"
"NrqUv6M5Ggn","2026-09-13 23:46:52.101","2026-09-13 23:46:52.101","NrqUv6M5Ggn","18495679","[PREMIUM]","[PREMIUM]","[PREMIUM]","117","Section 117","16",3,"[]","2026-12-17 00:00:00","electronic","exchange",3,"[PREMIUM]","3"
"NrqUv6M5Ov0","2026-09-13 23:46:52.101","2026-09-13 23:46:52.101","NrqUv6M5Ov0","18495679","[PREMIUM]","[PREMIUM]","[PREMIUM]","118","Section 118","17",3,"[]","2026-12-17 00:00:00","electronic","exchange",1,"[PREMIUM]","1,2,3"
"NrqUv6M5Owg","2026-09-13 23:46:52.101","2026-09-13 23:46:52.101","NrqUv6M5Owg","18495679","[PREMIUM]","[PREMIUM]","[PREMIUM]","122","Section 122","8",4,"[]","2026-12-17 00:00:00","electronic","exchange",1,"[PREMIUM]","1,2,3,4"
"NrqUvmPRMdo","2026-09-13 23:46:52.101","2026-09-13 23:46:52.101","NrqUvmPRMdo","18495679","[PREMIUM]","[PREMIUM]","[PREMIUM]","201","Section 201","1",2,"[]","2026-12-17 00:00:00","electronic","exchange",1,"[PREMIUM]","2"
"O7Ahw7nmaRL","2026-09-13 23:46:52.101","2026-09-13 23:46:52.101","O7Ahw7nmaRL","18495679","[PREMIUM]","[PREMIUM]","[PREMIUM]","116","Section 116","21",2,"[]","2026-12-17 00:00:00","electronic","exchange",2,"[PREMIUM]","2"
"O7AhwKRE5nx","2026-09-13 23:46:52.101","2026-09-13 23:46:52.101","O7AhwKRE5nx","18495679","[PREMIUM]","[PREMIUM]","[PREMIUM]","107","Section 107","21",4,"[]","2026-12-17 00:00:00","electronic","exchange",2,"[PREMIUM]","1,2,3,4"
"O7AhwKREZeD","2026-09-13 23:46:52.101","2026-09-13 23:46:52.101","O7AhwKREZeD","18495679","[PREMIUM]","[PREMIUM]","[PREMIUM]","111","Section 111","4",3,"[]","2026-12-17 00:00:00","electronic","exchange",2,"[PREMIUM]","3"
"O7AhwKRE5Xb","2026-09-13 23:46:52.101","2026-09-13 23:46:52.101","O7AhwKRE5Xb","18495679","[PREMIUM]","[PREMIUM]","[PREMIUM]","228","Section 228","1",2,"[]","2026-12-17 00:00:00","electronic","exchange",1,"[PREMIUM]","2"
"O7AhwKRE5w9","2026-09-13 23:46:52.101","2026-09-13 23:46:52.101","O7AhwKRE5w9","18495679","[PREMIUM]","[PREMIUM]","[PREMIUM]","118","Section 118","15",2,"[]","2026-12-17 00:00:00","electronic","exchange",2,"[PREMIUM]","2"
"O7AhwKREe9M","2026-09-13 23:46:52.101","2026-09-13 23:46:52.101","O7AhwKREe9M","18495679","[PREMIUM]","[PREMIUM]","[PREMIUM]","112","Section 112","17",6,"[]","2026-12-17 00:00:00","electronic","exchange",1,"[PREMIUM]","1,2,3,4,5,6"
"O7AhwKRE50e","2026-09-13 23:46:52.101","2026-09-13 23:46:52.101","O7AhwKRE50e","18495679","[PREMIUM]","[PREMIUM]","[PREMIUM]","221","Section 221","5",2,"[]","2026-12-17 00:00:00","electronic","exchange",0,"[PREMIUM]","2"
"O7AhwKRE5je","2026-09-13 23:46:52.101","2026-09-13 23:46:52.101","O7AhwKRE5je","18495679","[PREMIUM]","[PREMIUM]","[PREMIUM]","208","Section 208","13",4,"[]","2026-12-17 00:00:00","electronic","exchange",1,"[PREMIUM]","1,2,3,4"
"PX0sgqJ7Dr8","2026-09-13 23:46:52.101","2026-09-26 22:48:08.701","PX0sgqJ7Dr8","18495679","[PREMIUM]","[PREMIUM]","[PREMIUM]","120","Section 120","17",6,"[]","2026-12-16 00:00:00","mobile_transfer","exchange",1,"[PREMIUM]","1,2,3,4,5,6"
"PX0sgqJnN5b","2026-09-13 23:46:52.101","2026-09-13 23:46:52.101","PX0sgqJnN5b","18495679","[PREMIUM]","[PREMIUM]","[PREMIUM]","108","Section 108","17",5,"[]","2026-12-17 00:00:00","electronic","exchange",1,"[PREMIUM]","1,2,3,4,5"
"PX0sgqJndrl","2026-09-13 23:46:52.101","2026-09-13 23:46:52.101","PX0sgqJndrl","18495679","[PREMIUM]","[PREMIUM]","[PREMIUM]","106","Section 106","19",2,"[]","2026-12-17 00:00:00","electronic","exchange",2,"[PREMIUM]","2"
"PX0sgqJnNNK","2026-09-13 23:46:52.101","2026-09-13 23:46:52.101","PX0sgqJnNNK","18495679","[PREMIUM]","[PREMIUM]","[PREMIUM]","114","Section 114","17",4,"[]","2026-12-17 00:00:00","electronic","exchange",1,"[PREMIUM]","1,2,3,4"
"PX0sgqJndlo","2026-09-13 23:46:52.101","2026-09-13 23:46:52.101","PX0sgqJndlo","18495679","[PREMIUM]","[PREMIUM]","[PREMIUM]","113","Section 113","14",4,"[]","2026-12-17 00:00:00","electronic","exchange",1,"[PREMIUM]","1,2,3,4"
"PX0sgqJnNob","2026-09-13 23:46:52.101","2026-09-13 23:46:52.101","PX0sgqJnNob","18495679","[PREMIUM]","[PREMIUM]","[PREMIUM]","107","Section 107","12",2,"[]","2026-12-17 00:00:00","electronic","exchange",2,"[PREMIUM]","2"
"PX0sgqJndED","2026-09-13 23:46:52.101","2026-09-13 23:46:52.101","PX0sgqJndED","18495679","[PREMIUM]","[PREMIUM]","[PREMIUM]","102","Section 102","23",5,"[]","2026-12-17 00:00:00","electronic","exchange",1,"[PREMIUM]","1,2,3,4,5"
"PX0sgqJnNV9","2026-09-13 23:46:52.101","2026-09-13 23:46:52.101","PX0sgqJnNV9","18495679","[PREMIUM]","[PREMIUM]","[PREMIUM]","121","Section 121","14",4,"[]","2026-12-17 00:00:00","electronic","exchange",1,"[PREMIUM]","1,2,3,4"
"PX0sgqJnNKL","2026-09-13 23:46:52.101","2026-09-13 23:46:52.101","PX0sgqJnNKL","18495679","[PREMIUM]","[PREMIUM]","[PREMIUM]","106-MZ","Section 106","5",6,"[]","2026-12-17 00:00:00","electronic","exchange",0,"[PREMIUM]","1,2,3,4,5,6"
"PX0sgqJndJo","2026-09-13 23:46:52.101","2026-09-13 23:46:52.101","PX0sgqJndJo","18495679","[PREMIUM]","[PREMIUM]","[PREMIUM]","110","Section 110","18",2,"[]","2026-12-17 00:00:00","electronic","exchange",1,"[PREMIUM]","2"
"ROXHz2plVzE","2026-09-13 23:46:52.101","2026-09-13 23:46:52.101","ROXHz2plVzE","18495679","[PREMIUM]","[PREMIUM]","[PREMIUM]","118","Section 118","21",3,"[]","2026-12-17 00:00:00","electronic","exchange",2,"[PREMIUM]","1,2,3"
"ROXHz2plVVn","2026-09-13 23:46:52.101","2026-09-13 23:46:52.101","ROXHz2plVVn","18495679","[PREMIUM]","[PREMIUM]","[PREMIUM]","113","Section 113","26",3,"[]","2026-12-17 00:00:00","electronic","exchange",1,"[PREMIUM]","1,2,3"
"ROXHz2plee6","2026-09-13 23:46:52.101","2026-09-13 23:46:52.101","ROXHz2plee6","18495679","[PREMIUM]","[PREMIUM]","[PREMIUM]","109","Section 109","18",2,"[]","2026-12-17 00:00:00","electronic","exchange",1,"[PREMIUM]","2"
"ROXHz2plvGZ","2026-09-13 23:46:52.101","2026-09-13 23:46:52.101","ROXHz2plvGZ","18495679","[PREMIUM]","[PREMIUM]","[PREMIUM]","113","Section 113","13",4,"[]","2026-12-17 00:00:00","electronic","exchange",1,"[PREMIUM]","1,2,3,4"
"ROXHz2plvpZ","2026-09-13 23:46:52.101","2026-09-13 23:46:52.101","ROXHz2plvpZ","18495679","[PREMIUM]","[PREMIUM]","[PREMIUM]","109","Section 109","29",2,"[]","2026-12-17 00:00:00","electronic","exchange",1,"[PREMIUM]","1,2"
"ROXHz2plVdb","2026-09-13 23:46:52.101","2026-09-13 23:46:52.101","ROXHz2plVdb","18495679","[PREMIUM]","[PREMIUM]","[PREMIUM]","201","Section 201","1",2,"[]","2026-12-17 00:00:00","electronic","exchange",1,"[PREMIUM]","2"
"V4KU04N3AAP","2026-09-13 23:46:52.101","2026-09-13 23:46:52.101","V4KU04N3AAP","18495679","[PREMIUM]","[PREMIUM]","[PREMIUM]","114","Section 114","26",2,"[]","2026-12-17 00:00:00","electronic","exchange",1,"[PREMIUM]","2"
"V4KU04N3A7n","2026-09-13 23:46:52.101","2026-09-13 23:46:52.101","V4KU04N3A7n","18495679","[PREMIUM]","[PREMIUM]","[PREMIUM]","107-MZ","Section 107","7",4,"[]","2026-12-17 00:00:00","electronic","exchange",2,"[PREMIUM]","1,2,3,4"
"V4KU04N3OwK","2026-09-13 23:46:52.101","2026-09-13 23:46:52.101","V4KU04N3OwK","18495679","[PREMIUM]","[PREMIUM]","[PREMIUM]","103","Section 103","13",2,"[]","2026-12-17 00:00:00","electronic","exchange",1,"[PREMIUM]","2"
"V4KU04N3Oal","2026-09-13 23:46:52.101","2026-09-13 23:46:52.101","V4KU04N3Oal","18495679","[PREMIUM]","[PREMIUM]","[PREMIUM]","106","Section 106","19",3,"[]","2026-12-17 00:00:00","electronic","exchange",2,"[PREMIUM]","1,2,3"
"V4KU04N3Av7","2026-09-13 23:46:52.101","2026-09-13 23:46:52.101","V4KU04N3Av7","18495679","[PREMIUM]","[PREMIUM]","[PREMIUM]","109","Section 109","19",2,"[]","2026-12-17 00:00:00","electronic","exchange",1,"[PREMIUM]","2"
"V4KU04N3Ab7","2026-09-13 23:46:52.101","2026-09-13 23:46:52.101","V4KU04N3Ab7","18495679","[PREMIUM]","[PREMIUM]","[PREMIUM]","107","Section 107","13",6,"[]","2026-12-17 00:00:00","electronic","exchange",2,"[PREMIUM]","1,2,3,4,5,6"
"V4KU0ev9mkg","2026-09-13 23:46:52.101","2026-09-13 23:46:52.101","V4KU0ev9mkg","18495679","[PREMIUM]","[PREMIUM]","[PREMIUM]","101","Section 101","8",4,"[]","2026-12-17 00:00:00","electronic","exchange",0,"[PREMIUM]","1,2,4"
"X03tKl0ARrL","2026-09-13 23:46:52.101","2026-09-13 23:46:52.101","X03tKl0ARrL","18495679","[PREMIUM]","[PREMIUM]","[PREMIUM]","221","Section 221","5",2,"[]","2026-12-17 00:00:00","electronic","exchange",0,"[PREMIUM]","2"
"X03tKl0ARdn","2026-09-13 23:46:52.101","2026-09-13 23:46:52.101","X03tKl0ARdn","18495679","[PREMIUM]","[PREMIUM]","[PREMIUM]","108","Section 108","6",2,"[]","2026-12-17 00:00:00","electronic","exchange",2,"[PREMIUM]","2"
"X03tKl0ARK9","2026-09-13 23:46:52.101","2026-09-13 23:46:52.101","X03tKl0ARK9","18495679","[PREMIUM]","[PREMIUM]","[PREMIUM]","118","Section 118","15",2,"[]","2026-12-17 00:00:00","electronic","exchange",2,"[PREMIUM]","2"
"X03tKl0ARGa","2026-09-13 23:46:52.101","2026-09-13 23:46:52.101","X03tKl0ARGa","18495679","[PREMIUM]","[PREMIUM]","[PREMIUM]","115","Section 115","18",2,"[]","2026-12-17 00:00:00","electronic","exchange",1,"[PREMIUM]","2"
"X03tKl0AREL","2026-09-13 23:46:52.101","2026-09-13 23:46:52.101","X03tKl0AREL","18495679","[PREMIUM]","[PREMIUM]","[PREMIUM]","209","Section 209","1",2,"[]","2026-12-17 00:00:00","electronic","exchange",1,"[PREMIUM]","2"
"X03tKl0AGq3","2026-09-13 23:46:52.101","2026-09-13 23:46:52.101","X03tKl0AGq3","18495679","[PREMIUM]","[PREMIUM]","[PREMIUM]","112","Section 112","19",4,"[]","2026-12-17 00:00:00","electronic","exchange",1,"[PREMIUM]","1,2,3,4"
"X03tKl0AGne","2026-09-13 23:46:52.101","2026-09-13 23:46:52.101","X03tKl0AGne","18495679","[PREMIUM]","[PREMIUM]","[PREMIUM]","104","Section 104","19",2,"[]","2026-12-17 00:00:00","electronic","exchange",1,"[PREMIUM]","2"
"YgJtk0M9RRX","2026-09-13 23:46:52.101","2026-09-13 23:46:52.101","YgJtk0M9RRX","18495679","[PREMIUM]","[PREMIUM]","[PREMIUM]","114","Section 114","22",2,"[]","2026-12-17 00:00:00","electronic","exchange",1,"[PREMIUM]","2"
"YgJtk0M9RN0","2026-09-13 23:46:52.101","2026-09-13 23:46:52.101","YgJtk0M9RN0","18495679","[PREMIUM]","[PREMIUM]","[PREMIUM]","108","Section 108","14",2,"[]","2026-12-17 00:00:00","electronic","exchange",1,"[PREMIUM]","2"
"YgJtk0M9RzN","2026-09-13 23:46:52.101","2026-09-13 23:46:52.101","YgJtk0M9RzN","18495679","[PREMIUM]","[PREMIUM]","[PREMIUM]","221","Section 221","5",2,"[]","2026-12-17 00:00:00","electronic","exchange",0,"[PREMIUM]","2"
"YgJtk0M9g3o","2026-09-13 23:46:52.101","2026-09-13 23:46:52.101","YgJtk0M9g3o","18495679","[PREMIUM]","[PREMIUM]","[PREMIUM]","103","Section 103","26",2,"[]","2026-12-17 00:00:00","electronic","exchange",1,"[PREMIUM]","2"
"YgJtk0M9g4R","2026-09-13 23:46:52.101","2026-09-13 23:46:52.101","YgJtk0M9g4R","18495679","[PREMIUM]","[PREMIUM]","[PREMIUM]","104","Section 104","20",3,"[]","2026-12-17 00:00:00","electronic","exchange",1,"[PREMIUM]","1,2,3"
"YgJtk0M9gVR","2026-09-13 23:46:52.101","2026-09-13 23:46:52.101","YgJtk0M9gVR","18495679","[PREMIUM]","[PREMIUM]","[PREMIUM]","106","Section 106","14",4,"[]","2026-12-17 00:00:00","electronic","exchange",2,"[PREMIUM]","1,2,3,4"
"YgJtk0M9gao","2026-09-13 23:46:52.101","2026-09-13 23:46:52.101","YgJtk0M9gao","18495679","[PREMIUM]","[PREMIUM]","[PREMIUM]","102","Section 102","18",4,"[]","2026-12-17 00:00:00","electronic","exchange",1,"[PREMIUM]","1,2,3,4"
"YgJtk0M9Rgb","2026-09-13 23:46:52.101","2026-09-13 23:46:52.101","YgJtk0M9Rgb","18495679","[PREMIUM]","[PREMIUM]","[PREMIUM]","120","Section 120","20",2,"[]","2026-12-17 00:00:00","electronic","exchange",1,"[PREMIUM]","1,2"
"Zm9hvJKm32k","2026-09-13 23:46:52.101","2026-09-13 23:46:52.101","Zm9hvJKm32k","18495679","[PREMIUM]","[PREMIUM]","[PREMIUM]","106","Section 106","15",5,"[]","2026-12-17 00:00:00","electronic","exchange",2,"[PREMIUM]","1,2,3,4,5"
"Zm9hvJKmZ3v","2026-09-13 23:46:52.101","2026-09-13 23:46:52.101","Zm9hvJKmZ3v","18495679","[PREMIUM]","[PREMIUM]","[PREMIUM]","120","Section 120","25",4,"[]","2026-12-17 00:00:00","electronic","exchange",1,"[PREMIUM]","1,2,3,4"
"Zm9hvJKm3L2","2026-09-13 23:46:52.101","2026-09-13 23:46:52.101","Zm9hvJKm3L2","18495679","[PREMIUM]","[PREMIUM]","[PREMIUM]","103","Section 103","26",2,"[]","2026-12-17 00:00:00","electronic","exchange",1,"[PREMIUM]","2"
"Zm9hvJKmZVR","2026-09-13 23:46:52.101","2026-09-13 23:46:52.101","Zm9hvJKmZVR","18495679","[PREMIUM]","[PREMIUM]","[PREMIUM]","221","Section 221","6",4,"[]","2026-12-17 00:00:00","electronic","exchange",0,"[PREMIUM]","1,2,3,4"
"Zm9hvJKm3M2","2026-09-13 23:46:52.101","2026-09-13 23:46:52.101","Zm9hvJKm3M2","18495679","[PREMIUM]","[PREMIUM]","[PREMIUM]","102","Section 102","19",8,"[]","2026-12-17 00:00:00","electronic","exchange",1,"[PREMIUM]","1,2,3,4,5,6,7,8"
"Zm9hvJKm3Km","2026-09-13 23:46:52.101","2026-09-13 23:46:52.101","Zm9hvJKm3Km","18495679","[PREMIUM]","[PREMIUM]","[PREMIUM]","109","Section 109","28",6,"[]","2026-12-17 00:00:00","electronic","exchange",1,"[PREMIUM]","1,2,3,4,5,6"
"Zm9hvJKmb3J","2026-09-13 23:46:52.101","2026-09-13 23:46:52.101","Zm9hvJKmb3J","18495679","[PREMIUM]","[PREMIUM]","[PREMIUM]","121","Section 121","16",2,"[]","2026-12-17 00:00:00","electronic","exchange",1,"[PREMIUM]","2"
"agktl8X5kLL","2026-09-13 23:46:52.101","2026-09-13 23:46:52.101","agktl8X5kLL","18495679","[PREMIUM]","[PREMIUM]","[PREMIUM]","110","Section 110","8",2,"[]","2026-12-17 00:00:00","electronic","exchange",0,"[PREMIUM]","2"
"agktlM6GJbR","2026-09-13 23:46:52.101","2026-09-13 23:46:52.101","agktlM6GJbR","18495679","[PREMIUM]","[PREMIUM]","[PREMIUM]","116-MZ","Section 116","8",4,"[]","2026-12-17 00:00:00","electronic","exchange",3,"[PREMIUM]","1,2,3,4"
"agktlM6GJkE","2026-09-13 23:46:52.101","2026-09-13 23:46:52.101","agktlM6GJkE","18495679","[PREMIUM]","[PREMIUM]","[PREMIUM]","107","Section 107","17",2,"[]","2026-12-17 00:00:00","electronic","exchange",1,"[PREMIUM]","2"
"agktlM6GJXE","2026-09-13 23:46:52.101","2026-09-13 23:46:52.101","agktlM6GJXE","18495679","[PREMIUM]","[PREMIUM]","[PREMIUM]","109","Section 109","25",2,"[]","2026-12-17 00:00:00","electronic","exchange",1,"[PREMIUM]","2"
"agktlM6GJzP","2026-09-13 23:46:52.101","2026-09-13 23:46:52.101","agktlM6GJzP","18495679","[PREMIUM]","[PREMIUM]","[PREMIUM]","116","Section 116","18",5,"[]","2026-12-17 00:00:00","electronic","exchange",1,"[PREMIUM]","1,2,3,4,5"
"agktlM6GwAJ","2026-09-13 23:46:52.101","2026-09-13 23:46:52.101","agktlM6GwAJ","18495679","[PREMIUM]","[PREMIUM]","[PREMIUM]","103","Section 103","17",4,"[]","2026-12-17 00:00:00","electronic","exchange",1,"[PREMIUM]","1,2,3,4"
"agktlM6GwaY","2026-09-13 23:46:52.101","2026-09-13 23:46:52.101","agktlM6GwaY","18495679","[PREMIUM]","[PREMIUM]","[PREMIUM]","111","Section 111","1",2,"[]","2026-12-17 00:00:00","electronic","exchange",2,"[PREMIUM]","2"
"b4wUaknLbjV","2026-09-13 23:46:52.101","2026-09-13 23:46:52.101","b4wUaknLbjV","18495679","[PREMIUM]","[PREMIUM]","[PREMIUM]","116-MZ","Section 116","5",4,"[]","2026-12-17 00:00:00","electronic","exchange",1,"[PREMIUM]","1,2,4"
"b4wUaoB328N","2026-09-13 23:46:52.101","2026-09-13 23:46:52.101","b4wUaoB328N","18495679","[PREMIUM]","[PREMIUM]","[PREMIUM]","105-MZ","Section 105","8",4,"[]","2026-12-17 00:00:00","electronic","exchange",2,"[PREMIUM]","1,2,3,4"
"b4wUaoB3jOR","2026-09-13 23:46:52.101","2026-09-13 23:46:52.101","b4wUaoB3jOR","18495679","[PREMIUM]","[PREMIUM]","[PREMIUM]","104","Section 104","21",8,"[]","2026-12-17 00:00:00","electronic","exchange",1,"[PREMIUM]","1,2,3,4,5,6,7,8"
"b4wUaoB32n6","2026-09-13 23:46:52.101","2026-09-13 23:46:52.101","b4wUaoB32n6","18495679","[PREMIUM]","[PREMIUM]","[PREMIUM]","108","Section 108","16",8,"[]","2026-12-17 00:00:00","electronic","exchange",2,"[PREMIUM]","1,2,3,4,5,6,7,8"
"b4wUaoB32ex","2026-09-13 23:46:52.101","2026-09-13 23:46:52.101","b4wUaoB32ex","18495679","[PREMIUM]","[PREMIUM]","[PREMIUM]","222","Section 222","6",6,"[]","2026-12-17 00:00:00","electronic","exchange",0,"[PREMIUM]","1,2,3,4,5,6"
"b4wUaoB32Jn","2026-09-13 23:46:52.101","2026-09-13 23:46:52.101","b4wUaoB32Jn","18495679","[PREMIUM]","[PREMIUM]","[PREMIUM]","122","Section 122","9",6,"[]","2026-12-17 00:00:00","electronic","exchange",1,"[PREMIUM]","1,2,3,4,5,6"
"b4wUaoB322l","2026-09-13 23:46:52.101","2026-09-13 23:46:52.101","b4wUaoB322l","18495679","[PREMIUM]","[PREMIUM]","[PREMIUM]","113","Section 113","23",5,"[]","2026-12-17 00:00:00","electronic","exchange",1,"[PREMIUM]","1,2,3,4,5"
"dNgUgpXa2g8","2026-09-13 23:46:52.101","2026-09-13 23:46:52.101","dNgUgpXa2g8","18495679","[PREMIUM]","[PREMIUM]","[PREMIUM]","118","Section 118","19",3,"[]","2026-12-17 00:00:00","electronic","exchange",1,"[PREMIUM]","1,2,3"
"dNgUgpXa29X","2026-09-13 23:46:52.101","2026-09-13 23:46:52.101","dNgUgpXa29X","18495679","[PREMIUM]","[PREMIUM]","[PREMIUM]","201","Section 201","1",4,"[]","2026-12-17 00:00:00","electronic","exchange",1,"[PREMIUM]","1,2,3,4"
"dNgUgpXa22M","2026-09-13 23:46:52.101","2026-09-13 23:46:52.101","dNgUgpXa22M","18495679","[PREMIUM]","[PREMIUM]","[PREMIUM]","114","Section 114","15",3,"[]","2026-12-17 00:00:00","electronic","exchange",2,"[PREMIUM]","1,2,3"
"dNgUgpXa2eX","2026-09-13 23:46:52.101","2026-09-13 23:46:52.101","dNgUgpXa2eX","18495679","[PREMIUM]","[PREMIUM]","[PREMIUM]","115","Section 115","21",4,"[]","2026-12-17 00:00:00","electronic","exchange",1,"[PREMIUM]","1,2,3,4"
"dNgUgpXarX9","2026-09-13 23:46:52.101","2026-09-13 23:46:52.101","dNgUgpXarX9","18495679","[PREMIUM]","[PREMIUM]","[PREMIUM]","109","Section 109","29",2,"[]","2026-12-17 00:00:00","electronic","exchange",1,"[PREMIUM]","2"
"dNgUgpXard9","2026-09-13 23:46:52.101","2026-09-13 23:46:52.101","dNgUgpXard9","18495679","[PREMIUM]","[PREMIUM]","[PREMIUM]","113","Section 113","10",3,"[]","2026-12-17 00:00:00","electronic","exchange",1,"[PREMIUM]","1,2,3"
"dNgUgxmMweM","2026-09-13 23:46:52.101","2026-09-13 23:46:52.101","dNgUgxmMweM","18495679","[PREMIUM]","[PREMIUM]","[PREMIUM]","202","Section 202","1",2,"[]","2026-12-17 00:00:00","electronic","exchange",1,"[PREMIUM]","2"
"eeacK8alLK9","2026-09-13 23:46:52.101","2026-09-13 23:46:52.101","eeacK8alLK9","18495679","[PREMIUM]","[PREMIUM]","[PREMIUM]","119","Section 119","15",6,"[]","2026-12-17 00:00:00","electronic","exchange",1,"[PREMIUM]","1,2,3,4,5,6"
"eeacK8alRqz","2026-09-13 23:46:52.101","2026-09-13 23:46:52.101","eeacK8alRqz","18495679","[PREMIUM]","[PREMIUM]","[PREMIUM]","113","Section 113","20",4,"[]","2026-12-17 00:00:00","electronic","exchange",1,"[PREMIUM]","1,2,3,4"
"eeacK8alR4z","2026-09-13 23:46:52.101","2026-09-13 23:46:52.101","eeacK8alR4z","18495679","[PREMIUM]","[PREMIUM]","[PREMIUM]","110","Section 110","20",7,"[]","2026-12-17 00:00:00","electronic","exchange",1,"[PREMIUM]","1,2,3,4,5,6,7"
"eeacK8alLgn","2026-09-13 23:46:52.101","2026-09-13 23:46:52.101","eeacK8alLgn","18495679","[PREMIUM]","[PREMIUM]","[PREMIUM]","223","Section 223","4",2,"[]","2026-12-17 00:00:00","electronic","exchange",0,"[PREMIUM]","2"
"eeacK8alLed","2026-09-13 23:46:52.101","2026-09-13 23:46:52.101","eeacK8alLed","18495679","[PREMIUM]","[PREMIUM]","[PREMIUM]","107-MZ","Section 107","8",6,"[]","2026-12-17 00:00:00","electronic","exchange",2,"[PREMIUM]","1,2,3,4,5,6"
"eeacK8alLVX","2026-09-13 23:46:52.101","2026-09-13 23:46:52.101","eeacK8alLVX","18495679","[PREMIUM]","[PREMIUM]","[PREMIUM]","121","Section 121","18",3,"[]","2026-12-17 00:00:00","electronic","exchange",1,"[PREMIUM]","1,2,3"
"eeacKj6B0nR","2026-09-13 23:46:52.101","2026-09-13 23:46:52.101","eeacKj6B0nR","18495679","[PREMIUM]","[PREMIUM]","[PREMIUM]","201","Section 201","3",6,"[]","2026-12-17 00:00:00","electronic","exchange",1,"[PREMIUM]","1,2,3,4,6"
"eeacKj6MEKb","2026-09-13 23:46:52.101","2026-09-13 23:46:52.101","eeacKj6MEKb","18495679","[PREMIUM]","[PREMIUM]","[PREMIUM]","102","Section 102","20",2,"[]","2026-12-17 00:00:00","electronic","exchange",0,"[PREMIUM]","2"
"g48Ur63xKEN","2026-09-13 23:46:52.101","2026-09-13 23:46:52.101","g48Ur63xKEN","18495679","[PREMIUM]","[PREMIUM]","[PREMIUM]","111","Section 111","1",3,"[]","2026-12-17 00:00:00","electronic","exchange",2,"[PREMIUM]","1,2,3"
"g48Ur63xKgO","2026-09-13 23:46:52.101","2026-09-13 23:46:52.101","g48Ur63xKgO","18495679","[PREMIUM]","[PREMIUM]","[PREMIUM]","105","Section 105","19",5,"[]","2026-12-17 00:00:00","electronic","exchange",1,"[PREMIUM]","1,2,3,4,5"
"g48Ur63xzRR","2026-09-13 23:46:52.101","2026-09-13 23:46:52.101","g48Ur63xzRR","18495679","[PREMIUM]","[PREMIUM]","[PREMIUM]","118-MZ","Section 118","5",2,"[]","2026-12-17 00:00:00","electronic","exchange",2,"[PREMIUM]","2"
"g48Ur63xzXa","2026-09-13 23:46:52.101","2026-09-13 23:46:52.101","g48Ur63xzXa","18495679","[PREMIUM]","[PREMIUM]","[PREMIUM]","109","Section 109","25",2,"[]","2026-12-17 00:00:00","electronic","exchange",1,"[PREMIUM]","2"
"g48Ur63xzlD","2026-09-13 23:46:52.101","2026-09-13 23:46:52.101","g48Ur63xzlD","18495679","[PREMIUM]","[PREMIUM]","[PREMIUM]","121","Section 121","19",2,"[]","2026-12-17 00:00:00","electronic","exchange",1,"[PREMIUM]","2"
"g48Ur63xzrd","2026-09-13 23:46:52.101","2026-09-13 23:46:52.101","g48Ur63xzrd","18495679","[PREMIUM]","[PREMIUM]","[PREMIUM]","119","Section 119","20",2,"[]","2026-12-17 00:00:00","electronic","exchange",1,"[PREMIUM]","2"
"g48Ur63xKDE","2026-09-13 23:46:52.101","2026-09-13 23:46:52.101","g48Ur63xKDE","18495679","[PREMIUM]","[PREMIUM]","[PREMIUM]","104","Section 104","3",2,"[]","2026-12-17 00:00:00","electronic","exchange",1,"[PREMIUM]","2"
"jDvsz3wp0oe","2026-09-13 23:46:52.101","2026-09-13 23:46:52.101","jDvsz3wp0oe","18495679","[PREMIUM]","[PREMIUM]","[PREMIUM]","116","Section 116","21",4,"[]","2026-12-17 00:00:00","electronic","exchange",2,"[PREMIUM]","2,4"
"jDvsz3wBYPJ","2026-09-13 23:46:52.101","2026-09-13 23:46:52.101","jDvsz3wBYPJ","18495679","[PREMIUM]","[PREMIUM]","[PREMIUM]","107-MZ","Section 107","7",4,"[]","2026-12-17 00:00:00","electronic","exchange",2,"[PREMIUM]","1,2,4"
"jDvszkovMG0","2026-09-13 23:46:52.101","2026-09-13 23:46:52.101","jDvszkovMG0","18495679","[PREMIUM]","[PREMIUM]","[PREMIUM]","207","Section 207","11",4,"[]","2026-12-17 00:00:00","electronic","exchange",0,"[PREMIUM]","1,2,3,4"
"jDvszkovKOD","2026-09-13 23:46:52.101","2026-09-13 23:46:52.101","jDvszkovKOD","18495679","[PREMIUM]","[PREMIUM]","[PREMIUM]","103","Section 103","25",3,"[]","2026-12-17 00:00:00","electronic","exchange",1,"[PREMIUM]","1,2,3"
"jDvszkovK5D","2026-09-13 23:46:52.101","2026-09-13 23:46:52.101","jDvszkovK5D","18495679","[PREMIUM]","[PREMIUM]","[PREMIUM]","102","Section 102","14",6,"[]","2026-12-17 00:00:00","electronic","exchange",1,"[PREMIUM]","1,2,3,4,5,6"
"jDvszkovK8B","2026-09-13 23:46:52.101","2026-09-13 23:46:52.101","jDvszkovK8B","18495679","[PREMIUM]","[PREMIUM]","[PREMIUM]","106","Section 106","11",2,"[]","2026-12-17 00:00:00","electronic","exchange",2,"[PREMIUM]","2"
"jDvszkovRn0","2026-09-13 23:46:52.101","2026-09-13 23:46:52.101","jDvszkovRn0","18495679","[PREMIUM]","[PREMIUM]","[PREMIUM]","122","Section 122","7",2,"[]","2026-12-17 00:00:00","electronic","exchange",1,"[PREMIUM]","2"
"jDvszkovRRk","2026-09-13 23:46:52.101","2026-09-13 23:46:52.101","jDvszkovRRk","18495679","[PREMIUM]","[PREMIUM]","[PREMIUM]","114","Section 114","14",2,"[]","2026-12-17 00:00:00","electronic","exchange",2,"[PREMIUM]","2"
"jDvszkovRK0","2026-09-13 23:46:52.101","2026-09-13 23:46:52.101","jDvszkovRK0","18495679","[PREMIUM]","[PREMIUM]","[PREMIUM]","120","Section 120","18",2,"[]","2026-12-17 00:00:00","electronic","exchange",1,"[PREMIUM]","2"
"kYet9Jdp9vL","2026-09-13 23:46:52.101","2026-09-26 22:48:08.701","kYet9Jdp9vL","18495679","[PREMIUM]","[PREMIUM]","[PREMIUM]","116","Section 116","17",2,"[]","2026-12-17 00:00:00","mobile_transfer","exchange",1,"[PREMIUM]","2"
"kYet9mnka0E","2026-09-13 23:46:52.101","2026-09-13 23:46:52.101","kYet9mnka0E","18495679","[PREMIUM]","[PREMIUM]","[PREMIUM]","105-MZ","Section 105","8",2,"[]","2026-12-17 00:00:00","electronic","exchange",2,"[PREMIUM]","2"
"kYet9mnkaRp","2026-09-13 23:46:52.101","2026-09-13 23:46:52.101","kYet9mnkaRp","18495679","[PREMIUM]","[PREMIUM]","[PREMIUM]","117","Section 117","17",2,"[]","2026-12-17 00:00:00","electronic","exchange",2,"[PREMIUM]","2"
"kYet9mnkEnY","2026-09-13 23:46:52.101","2026-09-13 23:46:52.101","kYet9mnkEnY","18495679","[PREMIUM]","[PREMIUM]","[PREMIUM]","109","Section 109","28",4,"[]","2026-12-17 00:00:00","electronic","exchange",1,"[PREMIUM]","1,2,3,4"
"kYet9mnkEv9","2026-09-13 23:46:52.101","2026-09-13 23:46:52.101","kYet9mnkEv9","18495679","[PREMIUM]","[PREMIUM]","[PREMIUM]","103","Section 103","22",4,"[]","2026-12-17 00:00:00","electronic","exchange",1,"[PREMIUM]","1,2,3,4"
"kYet9mnkEBB","2026-09-13 23:46:52.101","2026-09-13 23:46:52.101","kYet9mnkEBB","18495679","[PREMIUM]","[PREMIUM]","[PREMIUM]","105","Section 105","20",4,"[]","2026-12-17 00:00:00","electronic","exchange",2,"[PREMIUM]","1,2,3,4"
"kYet9mnkadY","2026-09-13 23:46:52.101","2026-09-13 23:46:52.101","kYet9mnkadY","18495679","[PREMIUM]","[PREMIUM]","[PREMIUM]","107","Section 107","19",2,"[]","2026-12-17 00:00:00","electronic","exchange",1,"[PREMIUM]","2"
"kYet9mnkaEN","2026-09-13 23:46:52.101","2026-09-13 23:46:52.101","kYet9mnkaEN","18495679","[PREMIUM]","[PREMIUM]","[PREMIUM]","114","Section 114","12",2,"[]","2026-12-17 00:00:00","electronic","exchange",1,"[PREMIUM]","2"
"lxVsd9mOKoR","2026-09-13 23:46:52.101","2026-09-13 23:46:52.101","lxVsd9mOKoR","18495679","[PREMIUM]","[PREMIUM]","[PREMIUM]","115","Section 115","19",2,"[]","2026-12-17 00:00:00","electronic","exchange",1,"[PREMIUM]","2"
"lxVsdRE6oVL","2026-09-13 23:46:52.101","2026-09-13 23:46:52.101","lxVsdRE6oVL","18495679","[PREMIUM]","[PREMIUM]","[PREMIUM]","105","Section 105","21",2,"[]","2026-12-17 00:00:00","electronic","exchange",2,"[PREMIUM]","2"
"lxVsdRE6oAw","2026-09-13 23:46:52.101","2026-09-13 23:46:52.101","lxVsdRE6oAw","18495679","[PREMIUM]","[PREMIUM]","[PREMIUM]","104","Section 104","8",2,"[]","2026-12-17 00:00:00","electronic","exchange",2,"[PREMIUM]","2"
"lxVsdRE6oJe","2026-09-13 23:46:52.101","2026-09-13 23:46:52.101","lxVsdRE6oJe","18495679","[PREMIUM]","[PREMIUM]","[PREMIUM]","111","Section 111","6",4,"[]","2026-12-17 00:00:00","electronic","exchange",1,"[PREMIUM]","1,2,3,4"
"lxVsdRE62o0","2026-09-13 23:46:52.101","2026-09-13 23:46:52.101","lxVsdRE62o0","18495679","[PREMIUM]","[PREMIUM]","[PREMIUM]","114","Section 114","23",2,"[]","2026-12-17 00:00:00","electronic","exchange",1,"[PREMIUM]","1,2"
"lxVsdRE62mX","2026-09-13 23:46:52.101","2026-09-13 23:46:52.101","lxVsdRE62mX","18495679","[PREMIUM]","[PREMIUM]","[PREMIUM]","107","Section 107","19",5,"[]","2026-12-17 00:00:00","electronic","exchange",1,"[PREMIUM]","1,2,3,4,5"
"lxVsdRE62d2","2026-09-13 23:46:52.101","2026-09-13 23:46:52.101","lxVsdRE62d2","18495679","[PREMIUM]","[PREMIUM]","[PREMIUM]","120","Section 120","10",2,"[]","2026-12-17 00:00:00","electronic","exchange",1,"[PREMIUM]","2"
"lxVsdRE6oXE","2026-09-13 23:46:52.101","2026-09-13 23:46:52.101","lxVsdRE6oXE","18495679","[PREMIUM]","[PREMIUM]","[PREMIUM]","102","Section 102","11",2,"[]","2026-12-17 00:00:00","electronic","exchange",1,"[PREMIUM]","2"
"lxVsdRE62M4","2026-09-13 23:46:52.101","2026-09-13 23:46:52.101","lxVsdRE62M4","18495679","[PREMIUM]","[PREMIUM]","[PREMIUM]","116","Section 116","20",2,"[]","2026-12-17 00:00:00","electronic","exchange",2,"[PREMIUM]","2"
"mxAs4ApnRV8","2026-09-13 23:46:52.101","2026-09-13 23:46:52.101","mxAs4ApnRV8","18495679","[PREMIUM]","[PREMIUM]","[PREMIUM]","110","Section 110","19",2,"[]","2026-12-17 00:00:00","electronic","exchange",0,"[PREMIUM]","2"
"mxAs4xmzjpK","2026-09-13 23:46:52.101","2026-09-13 23:46:52.101","mxAs4xmzjpK","18495679","[PREMIUM]","[PREMIUM]","[PREMIUM]","108","Section 108","17",2,"[]","2026-12-17 00:00:00","electronic","exchange",1,"[PREMIUM]","2"
"mxAs4xmzj3A","2026-09-13 23:46:52.101","2026-09-13 23:46:52.101","mxAs4xmzj3A","18495679","[PREMIUM]","[PREMIUM]","[PREMIUM]","106-MZ","Section 106","4",2,"[]","2026-12-17 00:00:00","electronic","exchange",0,"[PREMIUM]","2"
"mxAs4xmzj8w","2026-09-13 23:46:52.101","2026-09-13 23:46:52.101","mxAs4xmzj8w","18495679","[PREMIUM]","[PREMIUM]","[PREMIUM]","201","Section 201","1",2,"[]","2026-12-17 00:00:00","electronic","exchange",1,"[PREMIUM]","2"
"mxAs4xmzrvp","2026-09-13 23:46:52.101","2026-09-13 23:46:52.101","mxAs4xmzrvp","18495679","[PREMIUM]","[PREMIUM]","[PREMIUM]","106","Section 106","18",2,"[]","2026-12-17 00:00:00","electronic","exchange",2,"[PREMIUM]","2"
"mxAs4xmzjBK","2026-09-13 23:46:52.101","2026-09-13 23:46:52.101","mxAs4xmzjBK","18495679","[PREMIUM]","[PREMIUM]","[PREMIUM]","106","Section 106","21",4,"[]","2026-12-17 00:00:00","electronic","exchange",2,"[PREMIUM]","1,2,3,4"
"mxAs4xmzr0Z","2026-09-13 23:46:52.101","2026-09-13 23:46:52.101","mxAs4xmzr0Z","18495679","[PREMIUM]","[PREMIUM]","[PREMIUM]","102","Section 102","22",3,"[]","2026-12-17 00:00:00","electronic","exchange",1,"[PREMIUM]","1,2,3"
"mxAs4xmzjEw","2026-09-13 23:46:52.101","2026-09-13 23:46:52.101","mxAs4xmzjEw","18495679","[PREMIUM]","[PREMIUM]","[PREMIUM]","121","Section 121","12",5,"[]","2026-12-17 00:00:00","electronic","exchange",1,"[PREMIUM]","1,2,3,4,5"
"mxAs4xmzje2","2026-09-13 23:46:52.101","2026-09-13 23:46:52.101","mxAs4xmzje2","18495679","[PREMIUM]","[PREMIUM]","[PREMIUM]","222","Section 222","7",5,"[]","2026-12-17 00:00:00","electronic","exchange",0,"[PREMIUM]","1,2,3,4,5"
"mxAs4xmzrop","2026-09-13 23:46:52.101","2026-09-13 23:46:52.101","mxAs4xmzrop","18495679","[PREMIUM]","[PREMIUM]","[PREMIUM]","105","Section 105","14",4,"[]","2026-12-17 00:00:00","electronic","exchange",2,"[PREMIUM]","1,2,3,4"
"nx0srEjPjqJ","2026-09-13 23:46:52.101","2026-09-13 23:46:52.101","nx0srEjPjqJ","18495679","[PREMIUM]","[PREMIUM]","[PREMIUM]","117-MZ","Section 117","6",3,"[]","2026-12-17 00:00:00","electronic","exchange",1,"[PREMIUM]","1,3"
"nx0srEjqJll","2026-09-13 23:46:52.101","2026-09-13 23:46:52.101","nx0srEjqJll","18495679","[PREMIUM]","[PREMIUM]","[PREMIUM]","109","Section 109","25",2,"[]","2026-12-17 00:00:00","electronic","exchange",0,"[PREMIUM]","2"
"nx0srK90LPL","2026-09-13 23:46:52.101","2026-09-13 23:46:52.101","nx0srK90LPL","18495679","[PREMIUM]","[PREMIUM]","[PREMIUM]","208","Section 208","12",3,"[]","2026-12-17 00:00:00","electronic","exchange",1,"[PREMIUM]","1,2,3"
"nx0srK90Vae","2026-09-13 23:46:52.101","2026-09-13 23:46:52.101","nx0srK90Vae","18495679","[PREMIUM]","[PREMIUM]","[PREMIUM]","102","Section 102","13",5,"[]","2026-12-17 00:00:00","electronic","exchange",1,"[PREMIUM]","1,2,3,4,5"
"nx0srK90V3e","2026-09-13 23:46:52.101","2026-09-13 23:46:52.101","nx0srK90V3e","18495679","[PREMIUM]","[PREMIUM]","[PREMIUM]","103","Section 103","25",2,"[]","2026-12-17 00:00:00","electronic","exchange",1,"[PREMIUM]","2"
"nx0srK90VY8","2026-09-13 23:46:52.101","2026-09-13 23:46:52.101","nx0srK90VY8","18495679","[PREMIUM]","[PREMIUM]","[PREMIUM]","104","Section 104","19",4,"[]","2026-12-17 00:00:00","electronic","exchange",1,"[PREMIUM]","1,2,3,4"
"nx0srK90LVq","2026-09-13 23:46:52.101","2026-09-13 23:46:52.101","nx0srK90LVq","18495679","[PREMIUM]","[PREMIUM]","[PREMIUM]","120","Section 120","18",8,"[]","2026-12-17 00:00:00","electronic","exchange",1,"[PREMIUM]","1,2,3,4,5,6,7,8"
"nx0srK90LRa","2026-09-13 23:46:52.101","2026-09-13 23:46:52.101","nx0srK90LRa","18495679","[PREMIUM]","[PREMIUM]","[PREMIUM]","216","Section 216","1",4,"[]","2026-12-17 00:00:00","electronic","exchange",2,"[PREMIUM]","1,2,3,4"
"nx0srK90LLn","2026-09-13 23:46:52.101","2026-09-13 23:46:52.101","nx0srK90LLn","18495679","[PREMIUM]","[PREMIUM]","[PREMIUM]","114","Section 114","14",4,"[]","2026-12-17 00:00:00","electronic","exchange",2,"[PREMIUM]","1,2,3,4"
"oV7Hb6vnDmP","2026-09-13 23:46:52.101","2026-09-13 23:46:52.101","oV7Hb6vnDmP","18495679","[PREMIUM]","[PREMIUM]","[PREMIUM]","117","Section 117","15",4,"[]","2026-12-17 00:00:00","electronic","exchange",2,"[PREMIUM]","1,2,3,4"
"oV7Hb6vnY7p","2026-09-13 23:46:52.101","2026-09-13 23:46:52.101","oV7Hb6vnY7p","18495679","[PREMIUM]","[PREMIUM]","[PREMIUM]","104","Section 104","11",4,"[]","2026-12-17 00:00:00","electronic","exchange",1,"[PREMIUM]","1,2,3,4"
"oV7Hb6vnYV8","2026-09-13 23:46:52.101","2026-09-13 23:46:52.101","oV7Hb6vnYV8","18495679","[PREMIUM]","[PREMIUM]","[PREMIUM]","103","Section 103","18",4,"[]","2026-12-17 00:00:00","electronic","exchange",1,"[PREMIUM]","1,2,3,4"
"oV7Hb6vnDY3","2026-09-13 23:46:52.101","2026-09-13 23:46:52.101","oV7Hb6vnDY3","18495679","[PREMIUM]","[PREMIUM]","[PREMIUM]","114","Section 114","23",4,"[]","2026-12-17 00:00:00","electronic","exchange",1,"[PREMIUM]","1,2,3,4"
"oV7Hb6vnYr5","2026-09-13 23:46:52.101","2026-09-13 23:46:52.101","oV7Hb6vnYr5","18495679","[PREMIUM]","[PREMIUM]","[PREMIUM]","111","Section 111","2",6,"[]","2026-12-17 00:00:00","electronic","exchange",2,"[PREMIUM]","1,2,3,4,5,6"
"oV7Hb6vnDZ4","2026-09-13 23:46:52.101","2026-09-13 23:46:52.101","oV7Hb6vnDZ4","18495679","[PREMIUM]","[PREMIUM]","[PREMIUM]","107","Section 107","17",2,"[]","2026-12-17 00:00:00","electronic","exchange",1,"[PREMIUM]","2"
"oV7Hb6vnDPg","2026-09-13 23:46:52.101","2026-09-13 23:46:52.101","oV7Hb6vnDPg","18495679","[PREMIUM]","[PREMIUM]","[PREMIUM]","207","Section 207","4",4,"[]","2026-12-17 00:00:00","electronic","exchange",0,"[PREMIUM]","1,2,3,4"
"oV7Hb6vnD8X","2026-09-13 23:46:52.101","2026-09-13 23:46:52.101","oV7Hb6vnD8X","18495679","[PREMIUM]","[PREMIUM]","[PREMIUM]","116","Section 116","18",2,"[]","2026-12-17 00:00:00","electronic","exchange",1,"[PREMIUM]","2"
"oV7Hb6vnD44","2026-09-13 23:46:52.101","2026-09-13 23:46:52.101","oV7Hb6vnD44","18495679","[PREMIUM]","[PREMIUM]","[PREMIUM]","109","Section 109","27",2,"[]","2026-12-17 00:00:00","electronic","exchange",1,"[PREMIUM]","2"
"oV7Hb6vnDYX","2026-09-13 23:46:52.101","2026-09-13 23:46:52.101","oV7Hb6vnDYX","18495679","[PREMIUM]","[PREMIUM]","[PREMIUM]","114","Section 114","28",3,"[]","2026-12-17 00:00:00","electronic","exchange",1,"[PREMIUM]","1,2,3"
"oV7Hb6vnDBg","2026-09-13 23:46:52.101","2026-09-13 23:46:52.101","oV7Hb6vnDBg","18495679","[PREMIUM]","[PREMIUM]","[PREMIUM]","220","Section 220","1",4,"[]","2026-12-17 00:00:00","electronic","exchange",1,"[PREMIUM]","1,2,3,4"
"oV7Hb6vnDqb","2026-09-13 23:46:52.101","2026-09-13 23:46:52.101","oV7Hb6vnDqb","18495679","[PREMIUM]","[PREMIUM]","[PREMIUM]","206","Section 206","4",2,"[]","2026-12-17 00:00:00","electronic","exchange",0,"[PREMIUM]","2"
"oV7HbA4BV7k","2026-09-13 23:46:52.101","2026-09-13 23:46:52.101","oV7HbA4BV7k","18495679","[PREMIUM]","[PREMIUM]","[PREMIUM]","109","Section 109","12",2,"[]","2026-12-17 00:00:00","electronic","exchange",1,"[PREMIUM]","2"
"pVXHD4BR2JB","2026-09-13 23:46:52.101","2026-09-17 00:15:35.706","pVXHD4BR2JB","18495679","[PREMIUM]","[PREMIUM]","[PREMIUM]","105","Section 105","17",2,"[]","2026-12-17 00:00:00","electronic","exchange",4,"[PREMIUM]","2"
"pVXHD4B3NPx","2026-09-13 23:46:52.101","2026-09-13 23:46:52.101","pVXHD4B3NPx","18495679","[PREMIUM]","[PREMIUM]","[PREMIUM]","221-RL","Section 221 Rail","rl",2,"[]","2026-12-17 00:00:00","electronic","exchange",0,"[PREMIUM]","2"
"pVXHD7eKkDr","2026-09-13 23:46:52.101","2026-09-13 23:46:52.101","pVXHD7eKkDr","18495679","[PREMIUM]","[PREMIUM]","[PREMIUM]","118","Section 118","18",2,"[]","2026-12-17 00:00:00","electronic","exchange",1,"[PREMIUM]","2"
"pVXHD7eKn9d","2026-09-13 23:46:52.101","2026-09-13 23:46:52.101","pVXHD7eKn9d","18495679","[PREMIUM]","[PREMIUM]","[PREMIUM]","112","Section 112","23",2,"[]","2026-12-17 00:00:00","electronic","exchange",1,"[PREMIUM]","2"
"pVXHD7eKknp","2026-09-13 23:46:52.101","2026-09-13 23:46:52.101","pVXHD7eKknp","18495679","[PREMIUM]","[PREMIUM]","[PREMIUM]","115","Section 115","20",4,"[]","2026-12-17 00:00:00","electronic","exchange",1,"[PREMIUM]","1,2,3,4"
"pVXHD7eKXn4","2026-09-13 23:46:52.101","2026-09-13 23:46:52.101","pVXHD7eKXn4","18495679","[PREMIUM]","[PREMIUM]","[PREMIUM]","121","Section 121","16",2,"[]","2026-12-17 00:00:00","electronic","exchange",1,"[PREMIUM]","2"
"pVXHD7eKkap","2026-09-13 23:46:52.101","2026-09-13 23:46:52.101","pVXHD7eKkap","18495679","[PREMIUM]","[PREMIUM]","[PREMIUM]","122","Section 122","8",2,"[]","2026-12-17 00:00:00","electronic","exchange",1,"[PREMIUM]","2"
"qVjH2moZG24","2026-09-13 23:46:52.101","2026-09-13 23:46:52.101","qVjH2moZG24","18495679","[PREMIUM]","[PREMIUM]","[PREMIUM]","118","Section 118","17",4,"[]","2026-12-17 00:00:00","electronic","exchange",1,"[PREMIUM]","1,2,3,4"
"qVjH2moZG74","2026-09-13 23:46:52.101","2026-09-13 23:46:52.101","qVjH2moZG74","18495679","[PREMIUM]","[PREMIUM]","[PREMIUM]","203","Section 203","1",4,"[]","2026-12-17 00:00:00","electronic","exchange",1,"[PREMIUM]","1,2,3,4"
"qVjH2moZGBn","2026-09-13 23:46:52.101","2026-09-13 23:46:52.101","qVjH2moZGBn","18495679","[PREMIUM]","[PREMIUM]","[PREMIUM]","108","Section 108","8",4,"[]","2026-12-17 00:00:00","electronic","exchange",2,"[PREMIUM]","1,2,3,4"
"qVjH2moZGbG","2026-09-13 23:46:52.101","2026-09-13 23:46:52.101","qVjH2moZGbG","18495679","[PREMIUM]","[PREMIUM]","[PREMIUM]","120","Section 120","19",6,"[]","2026-12-17 00:00:00","electronic","exchange",1,"[PREMIUM]","1,2,3,4,5,6"
"qVjH2moZbDq","2026-09-13 23:46:52.101","2026-09-13 23:46:52.101","qVjH2moZbDq","18495679","[PREMIUM]","[PREMIUM]","[PREMIUM]","104","Section 104","19",2,"[]","2026-12-17 00:00:00","electronic","exchange",1,"[PREMIUM]","2"
"qVjH2moZb0J","2026-09-13 23:46:52.101","2026-09-13 23:46:52.101","qVjH2moZb0J","18495679","[PREMIUM]","[PREMIUM]","[PREMIUM]","112","Section 112","22",3,"[]","2026-12-17 00:00:00","electronic","exchange",1,"[PREMIUM]","1,2,3"
"qVjH2rBJ45d","2026-09-13 23:46:52.101","2026-09-13 23:46:52.101","qVjH2rBJ45d","18495679","[PREMIUM]","[PREMIUM]","[PREMIUM]","214","Section 214","6",6,"[]","2026-12-17 00:00:00","electronic","exchange",1,"[PREMIUM]","1,2,3,4,6"
"rVOHkL3Ge4b","2026-09-13 23:46:52.101","2026-09-13 23:46:52.101","rVOHkL3Ge4b","18495679","[PREMIUM]","[PREMIUM]","[PREMIUM]","101","Section 101","24",4,"[]","2026-12-17 00:00:00","electronic","exchange",1,"[PREMIUM]","1,2,4"
"rVOHkpdzlxN","2026-09-13 23:46:52.101","2026-09-13 23:46:52.101","rVOHkpdzlxN","18495679","[PREMIUM]","[PREMIUM]","[PREMIUM]","101","Section 101","21",4,"[]","2026-12-17 00:00:00","electronic","exchange",1,"[PREMIUM]","1,2,3,4"
"rVOHkpdzZ0r","2026-09-13 23:46:52.101","2026-09-13 23:46:52.101","rVOHkpdzZ0r","18495679","[PREMIUM]","[PREMIUM]","[PREMIUM]","108","Section 108","19",8,"[]","2026-12-17 00:00:00","electronic","exchange",1,"[PREMIUM]","1,2,3,4,5,6,8"
"rVOHkpdzlOE","2026-09-13 23:46:52.101","2026-09-13 23:46:52.101","rVOHkpdzlOE","18495679","[PREMIUM]","[PREMIUM]","[PREMIUM]","104","Section 104","8",4,"[]","2026-12-17 00:00:00","electronic","exchange",2,"[PREMIUM]","1,2,3,4"
"rVOHkpdzXo4","2026-09-13 23:46:52.101","2026-09-13 23:46:52.101","rVOHkpdzXo4","18495679","[PREMIUM]","[PREMIUM]","[PREMIUM]","215","Section 215","1",6,"[]","2026-12-17 00:00:00","electronic","exchange",2,"[PREMIUM]","1,2,3,4,5,6"
"rVOHkpdzX4R","2026-09-13 23:46:52.101","2026-09-13 23:46:52.101","rVOHkpdzX4R","18495679","[PREMIUM]","[PREMIUM]","[PREMIUM]","116","Section 116","20",4,"[]","2026-12-17 00:00:00","electronic","exchange",2,"[PREMIUM]","1,2,3,4"
"rVOHkpdzXkD","2026-09-13 23:46:52.101","2026-09-13 23:46:52.101","rVOHkpdzXkD","18495679","[PREMIUM]","[PREMIUM]","[PREMIUM]","119","Section 119","21",6,"[]","2026-12-17 00:00:00","electronic","exchange",1,"[PREMIUM]","1,2,3,4,5,6"
"rVOHkpdzlje","2026-09-13 23:46:52.101","2026-09-13 23:46:52.101","rVOHkpdzlje","18495679","[PREMIUM]","[PREMIUM]","[PREMIUM]","103","Section 103","22",2,"[]","2026-12-17 00:00:00","electronic","exchange",1,"[PREMIUM]","2"
"rVOHkpdzlnL","2026-09-13 23:46:52.101","2026-09-13 23:46:52.101","rVOHkpdzlnL","18495679","[PREMIUM]","[PREMIUM]","[PREMIUM]","105","Section 105","21",4,"[]","2026-12-17 00:00:00","electronic","exchange",2,"[PREMIUM]","1,2,3,4"
"rVOHkpdLrXO","2026-09-13 23:46:52.101","2026-09-20 23:54:21.070","rVOHkpdLrXO","18495679","[PREMIUM]","[PREMIUM]","[PREMIUM]","120","Section 120","17",6,"[]","2026-12-16 00:00:00","electronic","exchange",1,"[PREMIUM]","1,2,3,4,5,6"
"vb3iPg0vYqm","2026-09-13 23:46:52.101","2026-09-13 23:46:52.101","vb3iPg0vYqm","18495679","[PREMIUM]","[PREMIUM]","[PREMIUM]","207","Section 207","13",4,"[]","2026-12-17 00:00:00","electronic","exchange",0,"[PREMIUM]","1,2,4"
"vb3iPwnkKoB","2026-09-13 23:46:52.101","2026-09-13 23:46:52.101","vb3iPwnkKoB","18495679","[PREMIUM]","[PREMIUM]","[PREMIUM]","103","Section 103","15",4,"[]","2026-12-17 00:00:00","electronic","exchange",2,"[PREMIUM]","1,2,3,4"
"vb3iPwnkKxo","2026-09-13 23:46:52.101","2026-09-13 23:46:52.101","vb3iPwnkKxo","18495679","[PREMIUM]","[PREMIUM]","[PREMIUM]","113","Section 113","20",3,"[]","2026-12-17 00:00:00","electronic","exchange",1,"[PREMIUM]","1,2,3"
"vb3iPwnkKGV","2026-09-13 23:46:52.101","2026-09-13 23:46:52.101","vb3iPwnkKGV","18495679","[PREMIUM]","[PREMIUM]","[PREMIUM]","106","Section 106","20",2,"[]","2026-12-17 00:00:00","electronic","exchange",2,"[PREMIUM]","2"
"vb3iPwngOJL","2026-09-13 23:46:52.101","2026-09-13 23:46:52.101","vb3iPwngOJL","18495679","[PREMIUM]","[PREMIUM]","[PREMIUM]","119","Section 119","19",3,"[]","2026-12-17 00:00:00","electronic","exchange",1,"[PREMIUM]","3"
"vb3iPwnk7ad","2026-09-13 23:46:52.101","2026-09-13 23:46:52.101","vb3iPwnk7ad","18495679","[PREMIUM]","[PREMIUM]","[PREMIUM]","116-MZ","Section 116","5",4,"[]","2026-12-17 00:00:00","electronic","exchange",2,"[PREMIUM]","1,2,3,4"
"vb3iPwnk7R7","2026-09-13 23:46:52.101","2026-09-13 23:46:52.101","vb3iPwnk7R7","18495679","[PREMIUM]","[PREMIUM]","[PREMIUM]","107","Section 107","13",4,"[]","2026-12-17 00:00:00","electronic","exchange",2,"[PREMIUM]","1,2,3,4"
"vb3iPwnk7EZ","2026-09-13 23:46:52.101","2026-09-13 23:46:52.101","vb3iPwnk7EZ","18495679","[PREMIUM]","[PREMIUM]","[PREMIUM]","116","Section 116","15",4,"[]","2026-12-17 00:00:00","electronic","exchange",2,"[PREMIUM]","1,2,3,4"
"vb3iPwnk7Bl","2026-09-13 23:46:52.101","2026-09-13 23:46:52.101","vb3iPwnk7Bl","18495679","[PREMIUM]","[PREMIUM]","[PREMIUM]","219","Section 219","1",3,"[]","2026-12-17 00:00:00","electronic","exchange",2,"[PREMIUM]","1,2,3"
"vb3iPwnk707","2026-09-13 23:46:52.101","2026-09-13 23:46:52.101","vb3iPwnk707","18495679","[PREMIUM]","[PREMIUM]","[PREMIUM]","109","Section 109","19",2,"[]","2026-12-17 00:00:00","electronic","exchange",1,"[PREMIUM]","2"
"vb3iPwnk77Y","2026-09-13 23:46:52.101","2026-09-13 23:46:52.101","vb3iPwnk77Y","18495679","[PREMIUM]","[PREMIUM]","[PREMIUM]","114","Section 114","26",2,"[]","2026-12-17 00:00:00","electronic","exchange",1,"[PREMIUM]","2"
"w3Jse8rG2em","2026-09-13 23:46:52.101","2026-09-13 23:46:52.101","w3Jse8rG2em","18495679","[PREMIUM]","[PREMIUM]","[PREMIUM]","119","Section 119","20",3,"[]","2026-12-17 00:00:00","electronic","exchange",1,"[PREMIUM]","1,2,3"
"w3Jse8rGAZp","2026-09-13 23:46:52.101","2026-09-13 23:46:52.101","w3Jse8rGAZp","18495679","[PREMIUM]","[PREMIUM]","[PREMIUM]","111","Section 111","3",4,"[]","2026-12-17 00:00:00","electronic","exchange",2,"[PREMIUM]","1,2,3,4"
"w3Jse8rGArr","2026-09-13 23:46:52.101","2026-09-13 23:46:52.101","w3Jse8rGArr","18495679","[PREMIUM]","[PREMIUM]","[PREMIUM]","109","Section 109","27",2,"[]","2026-12-17 00:00:00","electronic","exchange",1,"[PREMIUM]","2"
"w3Jse8rGJj2","2026-09-13 23:46:52.101","2026-09-13 23:46:52.101","w3Jse8rGJj2","18495679","[PREMIUM]","[PREMIUM]","[PREMIUM]","119","Section 119","18",2,"[]","2026-12-17 00:00:00","electronic","exchange",1,"[PREMIUM]","2"
"w3Jse8rGAzb","2026-09-13 23:46:52.101","2026-09-13 23:46:52.101","w3Jse8rGAzb","18495679","[PREMIUM]","[PREMIUM]","[PREMIUM]","101","Section 101","13",4,"[]","2026-12-17 00:00:00","electronic","exchange",1,"[PREMIUM]","1,2,3,4"
"w3Jse8rGAJP","2026-09-13 23:46:52.101","2026-09-13 23:46:52.101","w3Jse8rGAJP","18495679","[PREMIUM]","[PREMIUM]","[PREMIUM]","104","Section 104","5",8,"[]","2026-12-17 00:00:00","electronic","exchange",2,"[PREMIUM]","1,2,3,4,5,6,7,8"
"w3Jse8rG2XV","2026-09-13 23:46:52.101","2026-09-13 23:46:52.101","w3Jse8rG2XV","18495679","[PREMIUM]","[PREMIUM]","[PREMIUM]","121","Section 121","19",2,"[]","2026-12-17 00:00:00","electronic","exchange",1,"[PREMIUM]","2"
"w3Jse8rG2wM","2026-09-13 23:46:52.101","2026-09-13 23:46:52.101","w3Jse8rG2wM","18495679","[PREMIUM]","[PREMIUM]","[PREMIUM]","207","Section 207","5",6,"[]","2026-12-17 00:00:00","electronic","exchange",0,"[PREMIUM]","1,2,3,4,5,6"
"w3Jse8rG2lM","2026-09-13 23:46:52.101","2026-09-13 23:46:52.101","w3Jse8rG2lM","18495679","[PREMIUM]","[PREMIUM]","[PREMIUM]","227","Section 227","1",4,"[]","2026-12-17 00:00:00","electronic","exchange",1,"[PREMIUM]","1,2,3,4"
"w3Jse8rG2AV","2026-09-13 23:46:52.101","2026-09-13 23:46:52.101","w3Jse8rG2AV","18495679","[PREMIUM]","[PREMIUM]","[PREMIUM]","115","Section 115","9",4,"[]","2026-12-17 00:00:00","electronic","exchange",1,"[PREMIUM]","1,2,3,4"
"w3JseaDwDY0","2026-09-13 23:46:52.101","2026-09-13 23:46:52.101","w3JseaDwDY0","18495679","[PREMIUM]","[PREMIUM]","[PREMIUM]","112","Section 112","22",4,"[]","2026-12-17 00:00:00","electronic","exchange",1,"[PREMIUM]","1,2,4"
"w3JseaDmr9m","2026-09-13 23:46:52.101","2026-09-13 23:46:52.101","w3JseaDmr9m","18495679","[PREMIUM]","[PREMIUM]","[PREMIUM]","103","Section 103","26",3,"[]","2026-12-17 00:00:00","electronic","exchange",0,"[PREMIUM]","1,3"
"w3JseaDlOD8","2026-09-13 23:46:52.101","2026-09-26 22:48:08.701","w3JseaDlOD8","18495679","[PREMIUM]","[PREMIUM]","[PREMIUM]","116","Section 116","22",2,"[]","2026-12-16 00:00:00","mobile_transfer","exchange",4,"[PREMIUM]","1,2"
"xb9imMDEMEN","2026-09-13 23:46:52.101","2026-09-13 23:46:52.101","xb9imMDEMEN","18495679","[PREMIUM]","[PREMIUM]","[PREMIUM]","228","Section 228","1",2,"[]","2026-12-17 00:00:00","electronic","exchange",5,"[PREMIUM]","2"
"xb9imMDK73O","2026-09-13 23:46:52.101","2026-09-13 23:46:52.101","xb9imMDK73O","18495679","[PREMIUM]","[PREMIUM]","[PREMIUM]","118-MZ","Section 118","7",2,"[]","2026-12-17 00:00:00","electronic","exchange",2,"[PREMIUM]","2"
"xb9imlne4mg","2026-09-13 23:46:52.101","2026-09-13 23:46:52.101","xb9imlne4mg","18495679","[PREMIUM]","[PREMIUM]","[PREMIUM]","118","Section 118","18",3,"[]","2026-12-17 00:00:00","electronic","exchange",1,"[PREMIUM]","1,2,3"
"xb9imlnek9R","2026-09-13 23:46:52.101","2026-09-13 23:46:52.101","xb9imlnek9R","18495679","[PREMIUM]","[PREMIUM]","[PREMIUM]","104","Section 104","20",3,"[]","2026-12-17 00:00:00","electronic","exchange",1,"[PREMIUM]","1,2,3"
"xb9imlne4ka","2026-09-13 23:46:52.101","2026-09-13 23:46:52.101","xb9imlne4ka","18495679","[PREMIUM]","[PREMIUM]","[PREMIUM]","115","Section 115","21",6,"[]","2026-12-17 00:00:00","electronic","exchange",1,"[PREMIUM]","1,2,3,4,5,6"
"xb9imlnekq4","2026-09-13 23:46:52.101","2026-09-13 23:46:52.101","xb9imlnekq4","18495679","[PREMIUM]","[PREMIUM]","[PREMIUM]","112","Section 112","23",6,"[]","2026-12-17 00:00:00","electronic","exchange",1,"[PREMIUM]","1,2,3,4,5,6"
"xb9imlne43a","2026-09-13 23:46:52.101","2026-09-13 23:46:52.101","xb9imlne43a","18495679","[PREMIUM]","[PREMIUM]","[PREMIUM]","122","Section 122","8",2,"[]","2026-12-17 00:00:00","electronic","exchange",1,"[PREMIUM]","2"
"xb9imlne4Dz","2026-09-13 23:46:52.101","2026-09-13 23:46:52.101","xb9imlne4Dz","18495679","[PREMIUM]","[PREMIUM]","[PREMIUM]","108","Section 108","14",6,"[]","2026-12-17 00:00:00","electronic","exchange",1,"[PREMIUM]","1,2,3,4,5,6"
"z3Es6Bbxg93","2026-09-13 23:46:52.101","2026-09-13 23:46:52.101","z3Es6Bbxg93","18495679","[PREMIUM]","[PREMIUM]","[PREMIUM]","212","Section 212","4",4,"[]","2026-12-17 00:00:00","electronic","exchange",0,"[PREMIUM]","1,2,4"
"z3Es6BbX3Mp","2026-09-13 23:46:52.101","2026-09-13 23:46:52.101","z3Es6BbX3Mp","18495679","[PREMIUM]","[PREMIUM]","[PREMIUM]","201","Section 201","2",6,"[]","2026-12-17 00:00:00","electronic","exchange",0,"[PREMIUM]","1,2,3,4,5,6"
"z3Es6vzLa9N","2026-09-13 23:46:52.101","2026-09-13 23:46:52.101","z3Es6vzLa9N","18495679","[PREMIUM]","[PREMIUM]","[PREMIUM]","121","Section 121","18",2,"[]","2026-12-17 00:00:00","electronic","exchange",1,"[PREMIUM]","2"
"z3Es6vzLa7n","2026-09-13 23:46:52.101","2026-09-13 23:46:52.101","z3Es6vzLa7n","18495679","[PREMIUM]","[PREMIUM]","[PREMIUM]","205","Section 205","5",2,"[]","2026-12-17 00:00:00","electronic","exchange",0,"[PREMIUM]","2"
"z3Es6vzLa6j","2026-09-13 23:46:52.101","2026-09-13 23:46:52.101","z3Es6vzLa6j","18495679","[PREMIUM]","[PREMIUM]","[PREMIUM]","119","Section 119","19",2,"[]","2026-12-17 00:00:00","electronic","exchange",1,"[PREMIUM]","2"
"z3Es6vzLRrm","2026-09-13 23:46:52.101","2026-09-13 23:46:52.101","z3Es6vzLRrm","18495679","[PREMIUM]","[PREMIUM]","[PREMIUM]","103","Section 103","16",4,"[]","2026-12-17 00:00:00","electronic","exchange",2,"[PREMIUM]","1,2,3,4"
"z3Es6vzLRkg","2026-09-13 23:46:52.101","2026-09-13 23:46:52.101","z3Es6vzLRkg","18495679","[PREMIUM]","[PREMIUM]","[PREMIUM]","110","Section 110","20",2,"[]","2026-12-17 00:00:00","electronic","exchange",1,"[PREMIUM]","2"
"z3Es6vzLan4","2026-09-13 23:46:52.101","2026-09-13 23:46:52.101","z3Es6vzLan4","18495679","[PREMIUM]","[PREMIUM]","[PREMIUM]","116-MZ","Section 116","5",2,"[]","2026-12-17 00:00:00","electronic","exchange",2,"[PREMIUM]","2"
"DdwHkwYDEr2","2026-09-13 23:46:09.361","2026-09-20 23:29:06.788","DdwHkwYDEr2","18494920","[PREMIUM]","[PREMIUM]","[PREMIUM]","117","Section 117","e",4,"[]","2026-10-24 00:00:00","electronic","exchange",3,"[PREMIUM]","4"
"oV7Hb6vzz23","2026-09-13 23:46:09.361","2026-09-26 11:23:51.931","oV7Hb6vzz23","18494920","[PREMIUM]","[PREMIUM]","[PREMIUM]","318","Section 318","f",2,"['7','8']","2026-08-13 00:00:00","mobile_transfer","exchange",0,"[PREMIUM]","2"
"05VT8lL5dNG","2026-09-13 23:43:24.316","2026-09-13 23:43:24.316","05VT8lL5dNG","18496365","[PREMIUM]","[PREMIUM]","[PREMIUM]","106","Section 106","hh",4,"[]","2026-11-09 00:00:00","electronic","exchange",0,"[PREMIUM]","2,4"
"05VT8lL542P","2026-09-13 23:43:24.316","2026-09-13 23:43:24.316","05VT8lL542P","18496365","[PREMIUM]","[PREMIUM]","[PREMIUM]","303","Section 303","g",4,"[]","2026-11-09 00:00:00","electronic","exchange",0,"[PREMIUM]","1,2,3,4"
"05VT8lL54Oj","2026-09-13 23:43:24.316","2026-09-13 23:43:24.316","05VT8lL54Oj","18496365","[PREMIUM]","[PREMIUM]","[PREMIUM]","110","Section 110","d",4,"[]","2026-11-09 00:00:00","electronic","exchange",0,"[PREMIUM]","1,2,3,4"
"05VT8lL54dO","2026-09-13 23:43:24.316","2026-09-13 23:43:24.316","05VT8lL54dO","18496365","[PREMIUM]","[PREMIUM]","[PREMIUM]","207","Section 207","g",5,"[]","2026-11-09 00:00:00","electronic","exchange",0,"[PREMIUM]","1,2,3,4,5"
"05VT8lL52nD","2026-09-13 23:43:24.316","2026-09-13 23:43:24.316","05VT8lL52nD","18496365","[PREMIUM]","[PREMIUM]","[PREMIUM]","110","Section 110","g",7,"[]","2026-11-09 00:00:00","electronic","exchange",1,"[PREMIUM]","1,2,3,4,5,7"
"05VT8lL54zO","2026-09-13 23:43:24.316","2026-09-13 23:43:24.316","05VT8lL54zO","18496365","[PREMIUM]","[PREMIUM]","[PREMIUM]","229","Section 229","f",6,"[]","2026-11-09 00:00:00","electronic","exchange",1,"[PREMIUM]","1,2,3,4,5,6"
"05VT8lLBaBr","2026-09-13 23:43:24.316","2026-09-26 22:41:03.914","05VT8lLBaBr","18496365","[PREMIUM]","[PREMIUM]","[PREMIUM]","306","Section 306","h",2,"[]","2026-11-09 00:00:00","mobile_transfer","exchange",0,"[PREMIUM]","2"
"05VT8lLoYl3","2026-09-13 23:43:24.316","2026-09-26 22:41:03.914","05VT8lLoYl3","18496365","[PREMIUM]","[PREMIUM]","[PREMIUM]","306","Section 306","g",4,"[]","2026-11-09 00:00:00","mobile_transfer","exchange",0,"[PREMIUM]","2,4"
"2v0czRYLGZ0","2026-09-13 23:43:24.316","2026-09-26 22:41:03.914","2v0czRYLGZ0","18496365","[PREMIUM]","[PREMIUM]","[PREMIUM]","112","Section 112","p",2,"['19','20']","2026-08-24 00:00:00","mobile_transfer","exchange",0,"[PREMIUM]","2"
"2v0czqPgZjA","2026-09-13 23:43:24.316","2026-09-13 23:43:24.316","2v0czqPgZjA","18496365","[PREMIUM]","[PREMIUM]","[PREMIUM]","318","Section 318","n",4,"[]","2026-11-09 00:00:00","electronic","exchange",0,"[PREMIUM]","1,2,3,4"
"2v0czqPgZed","2026-09-13 23:43:24.316","2026-09-13 23:43:24.316","2v0czqPgZed","18496365","[PREMIUM]","[PREMIUM]","[PREMIUM]","114","Section 114","e",4,"[]","2026-11-09 00:00:00","electronic","exchange",1,"[PREMIUM]","1,2,3,4"
"2v0czqPg2YZ","2026-09-13 23:43:24.316","2026-09-13 23:43:24.316","2v0czqPg2YZ","18496365","[PREMIUM]","[PREMIUM]","[PREMIUM]","330","Section 330","d",4,"[]","2026-11-09 00:00:00","electronic","exchange",0,"[PREMIUM]","1,2,3,4"
"2v0czqP6oB0","2026-09-13 23:43:24.316","2026-09-17 00:06:13.305","2v0czqP6oB0","18496365","[PREMIUM]","[PREMIUM]","[PREMIUM]","101","Section 101","n",2,"[]","2026-11-09 00:00:00","electronic","exchange",1,"[PREMIUM]","2"
"2v0czqP6ozA","2026-09-13 23:43:24.316","2026-09-22 00:25:59.155","2v0czqP6ozA","18496365","[PREMIUM]","[PREMIUM]","[PREMIUM]","202","Section 202","h",4,"[]","2026-11-09 00:00:00","electronic","exchange",1,"[PREMIUM]","2,4"
"2v0czqP6dMD","2026-09-13 23:43:24.316","2026-09-26 22:41:03.914","2v0czqP6dMD","18496365","[PREMIUM]","[PREMIUM]","[PREMIUM]","214","Section 214","m",2,"[]","2026-11-09 00:00:00","mobile_transfer","exchange",0,"[PREMIUM]","2"
"2v0czqP6or8","2026-09-13 23:43:24.316","2026-09-26 22:41:03.914","2v0czqP6or8","18496365","[PREMIUM]","[PREMIUM]","[PREMIUM]","116","Section 116","oo",2,"[]","2026-11-09 00:00:00","mobile_transfer","exchange",1,"[PREMIUM]","2"
"2v0czqP6Nb0","2026-09-13 23:43:24.316","2026-09-26 22:41:03.914","2v0czqP6Nb0","18496365","[PREMIUM]","[PREMIUM]","[PREMIUM]","207","Section 207","g",3,"[]","2026-11-09 00:00:00","mobile_transfer","exchange",0,"[PREMIUM]","1,3"
"3q7fNL04Oox","2026-09-13 23:43:24.316","2026-09-26 22:41:03.914","3q7fNL04Oox","18496365","[PREMIUM]","[PREMIUM]","[PREMIUM]","112","Section 112","p",2,"[]","2026-11-09 00:00:00","mobile_transfer","exchange",1,"[PREMIUM]","2"
"3q7fNL05Y24","2026-09-13 23:43:24.316","2026-09-13 23:43:24.316","3q7fNL05Y24","18496365","[PREMIUM]","[PREMIUM]","[PREMIUM]","112","Section 112","o",4,"[]","2026-11-09 00:00:00","electronic","exchange",2,"[PREMIUM]","1,2,3,4"
"3q7fNL03Mw9","2026-09-13 23:43:24.316","2026-09-18 00:19:33.056","3q7fNL03Mw9","18496365","[PREMIUM]","[PREMIUM]","[PREMIUM]","103","Section 103","n",2,"[]","2026-11-09 00:00:00","electronic","exchange",0,"[PREMIUM]","2"
"3q7fNL03eNE","2026-09-13 23:43:24.316","2026-09-17 00:06:13.305","3q7fNL03eNE","18496365","[PREMIUM]","[PREMIUM]","[PREMIUM]","113","Section 113","e",2,"[]","2026-11-09 00:00:00","electronic","exchange",1,"[PREMIUM]","2"
"3q7fNL05Y3E","2026-09-13 23:43:24.316","2026-09-13 23:43:24.316","3q7fNL05Y3E","18496365","[PREMIUM]","[PREMIUM]","[PREMIUM]","203","Section 203","f",2,"[]","2026-11-09 00:00:00","electronic","exchange",1,"[PREMIUM]","2"
"3q7fNL05YJ5","2026-09-13 23:43:24.316","2026-09-13 23:43:24.316","3q7fNL05YJ5","18496365","[PREMIUM]","[PREMIUM]","[PREMIUM]","107","Section 107","c",4,"[]","2026-11-09 00:00:00","electronic","exchange",0,"[PREMIUM]","1,2,3,4"
"3q7fNL05YwV","2026-09-13 23:43:24.316","2026-09-13 23:43:24.316","3q7fNL05YwV","18496365","[PREMIUM]","[PREMIUM]","[PREMIUM]","219","Section 219","n",4,"[]","2026-11-09 00:00:00","electronic","exchange",1,"[PREMIUM]","1,2,3,4"
"4vXcjR7e677","2026-09-13 23:43:24.316","2026-09-13 23:43:24.316","4vXcjR7e677","18496365","[PREMIUM]","[PREMIUM]","[PREMIUM]","334","Section 334","k",4,"[]","2026-11-09 00:00:00","electronic","exchange",0,"[PREMIUM]","1,2,3,4"
"4vXcjR7e6VL","2026-09-13 23:43:24.316","2026-09-13 23:43:24.316","4vXcjR7e6VL","18496365","[PREMIUM]","[PREMIUM]","[PREMIUM]","206","Section 206","h",6,"[]","2026-11-09 00:00:00","electronic","exchange",0,"[PREMIUM]","1,2,3,4,5,6"
"4vXcjR7e6x9","2026-09-13 23:43:24.316","2026-09-13 23:43:24.316","4vXcjR7e6x9","18496365","[PREMIUM]","[PREMIUM]","[PREMIUM]","113","Section 113","d",6,"[]","2026-11-09 00:00:00","electronic","exchange",2,"[PREMIUM]","1,2,3,4,5,6"
"4vXcjR7VdAn","2026-09-13 23:43:24.316","2026-09-17 00:06:13.305","4vXcjR7VdAn","18496365","[PREMIUM]","[PREMIUM]","[PREMIUM]","102","Section 102","m",2,"[]","2026-11-09 00:00:00","electronic","exchange",1,"[PREMIUM]","2"
"4vXcjR7e694","2026-09-13 23:43:24.316","2026-09-13 23:43:24.316","4vXcjR7e694","18496365","[PREMIUM]","[PREMIUM]","[PREMIUM]","106","Section 106","c",4,"[]","2026-11-09 00:00:00","electronic","exchange",0,"[PREMIUM]","1,2,3,4"
"4vXcjR7Vlw0","2026-09-13 23:43:24.316","2026-09-26 22:41:03.914","4vXcjR7Vlw0","18496365","[PREMIUM]","[PREMIUM]","[PREMIUM]","118","Section 118","pp",3,"[]","2026-11-09 00:00:00","mobile_transfer","exchange",0,"[PREMIUM]","1,3"
"4vXcjR73z7G","2026-09-13 23:43:24.316","2026-09-26 22:41:03.914","4vXcjR73z7G","18496365","[PREMIUM]","[PREMIUM]","[PREMIUM]","205","Section 205","o",2,"[]","2026-11-09 00:00:00","mobile_transfer","exchange",0,"[PREMIUM]","2"
"4vXcjR7V2D4","2026-09-13 23:43:24.316","2026-09-24 00:00:37.487","4vXcjR7V2D4","18496365","[PREMIUM]","[PREMIUM]","[PREMIUM]","308","Section 308","l",4,"[]","2026-11-09 00:00:00","electronic","exchange",0,"[PREMIUM]","2,4"
"5EjuZwgomjl","2026-09-13 23:43:24.316","2026-09-26 22:41:03.914","5EjuZwgomjl","18496365","[PREMIUM]","[PREMIUM]","[PREMIUM]","115","Section 115","o",2,"[]","2026-11-09 00:00:00","mobile_transfer","exchange",0,"[PREMIUM]","2"
"5EjuZwgo9l8","2026-09-13 23:43:24.316","2026-09-24 23:30:08.251","5EjuZwgo9l8","18496365","[PREMIUM]","[PREMIUM]","[PREMIUM]","210","Section 210","j",4,"[]","2026-11-09 00:00:00","electronic","exchange",0,"[PREMIUM]","2,4"
"5EjuZwgo4e0","2026-09-13 23:43:24.316","2026-09-26 22:41:03.914","5EjuZwgo4e0","18496365","[PREMIUM]","[PREMIUM]","[PREMIUM]","202","Section 202","n",2,"[]","2026-11-09 00:00:00","mobile_transfer","exchange",1,"[PREMIUM]","2"
"5EjuZwgokkm","2026-09-13 23:43:24.316","2026-09-26 22:41:03.914","5EjuZwgokkm","18496365","[PREMIUM]","[PREMIUM]","[PREMIUM]","316","Section 316","e",5,"[]","2026-11-09 00:00:00","mobile_transfer","exchange",0,"[PREMIUM]","1,3,5"
"5EjuZwgoaw8","2026-09-13 23:43:24.316","2026-09-26 22:41:03.914","5EjuZwgoaw8","18496365","[PREMIUM]","[PREMIUM]","[PREMIUM]","110","Section 110","j",5,"[]","2026-11-09 00:00:00","mobile_transfer","exchange",0,"[PREMIUM]","1,3,5"
"5EjuZwgoMMq","2026-09-13 23:43:24.316","2026-09-26 22:41:03.914","5EjuZwgoMMq","18496365","[PREMIUM]","[PREMIUM]","[PREMIUM]","304","Section 304","a",3,"[]","2026-11-09 00:00:00","mobile_transfer","exchange",0,"[PREMIUM]","1,3"
"5EjuZwgo0G4","2026-09-13 23:43:24.316","2026-09-13 23:43:24.316","5EjuZwgo0G4","18496365","[PREMIUM]","[PREMIUM]","[PREMIUM]","230","Section 230","g",2,"[]","2026-11-09 00:00:00","electronic","exchange",1,"[PREMIUM]","2"
"5EjuZwgkazA","2026-09-13 23:43:24.316","2026-09-13 23:43:24.316","5EjuZwgkazA","18496365","[PREMIUM]","[PREMIUM]","[PREMIUM]","107","Section 107","jj",6,"[]","2026-11-09 00:00:00","electronic","exchange",0,"[PREMIUM]","1,2,3,4,5,6"
"5EjuZwgkadV","2026-09-13 23:43:24.316","2026-09-13 23:43:24.316","5EjuZwgkadV","18496365","[PREMIUM]","[PREMIUM]","[PREMIUM]","108","Section 108","l",6,"[]","2026-11-09 00:00:00","electronic","exchange",0,"[PREMIUM]","1,2,3,4,5,6"
"5EjuZwgkaKL","2026-09-13 23:43:24.316","2026-09-13 23:43:24.316","5EjuZwgkaKL","18496365","[PREMIUM]","[PREMIUM]","[PREMIUM]","322","Section 322","d",4,"[]","2026-11-09 00:00:00","electronic","exchange",0,"[PREMIUM]","1,2,3,4"
"5EjuZwgkaDG","2026-09-13 23:43:24.316","2026-09-13 23:43:24.316","5EjuZwgkaDG","18496365","[PREMIUM]","[PREMIUM]","[PREMIUM]","224","Section 224","n",3,"[]","2026-11-09 00:00:00","electronic","exchange",0,"[PREMIUM]","1,2,3"
"5EjuZwgka6A","2026-09-13 23:43:24.316","2026-09-13 23:43:24.316","5EjuZwgka6A","18496365","[PREMIUM]","[PREMIUM]","[PREMIUM]","102","Section 102","p",6,"[]","2026-11-09 00:00:00","electronic","exchange",1,"[PREMIUM]","1,2,3,4,5,6"
"6mOhkoZ6d6O","2026-09-13 23:43:24.316","2026-09-20 23:38:14.303","6mOhkoZ6d6O","18496365","[PREMIUM]","[PREMIUM]","[PREMIUM]","310","Section 310","g",4,"[]","2026-11-09 00:00:00","electronic","exchange",0,"[PREMIUM]","2,4"
"6mOhkoZ6gG9","2026-09-13 23:43:24.316","2026-09-26 22:41:03.914","6mOhkoZ6gG9","18496365","[PREMIUM]","[PREMIUM]","[PREMIUM]","105","Section 105","e",3,"[]","2026-11-09 00:00:00","mobile_transfer","exchange",0,"[PREMIUM]","1,3"
"6mOhkoZ9gww","2026-09-13 23:43:24.316","2026-09-13 23:43:24.316","6mOhkoZ9gww","18496365","[PREMIUM]","[PREMIUM]","[PREMIUM]","111","Section 111","o",4,"[]","2026-11-09 00:00:00","electronic","exchange",1,"[PREMIUM]","1,2,3,4"
"6mOhkoZ9gwn","2026-09-13 23:43:24.316","2026-09-13 23:43:24.316","6mOhkoZ9gwn","18496365","[PREMIUM]","[PREMIUM]","[PREMIUM]","113","Section 113","h",6,"[]","2026-11-09 00:00:00","electronic","exchange",2,"[PREMIUM]","1,2,3,4,5,6"
"6mOhkoZ9gMP","2026-09-13 23:43:24.316","2026-09-13 23:43:24.316","6mOhkoZ9gMP","18496365","[PREMIUM]","[PREMIUM]","[PREMIUM]","317","Section 317","o",6,"[]","2026-11-09 00:00:00","electronic","exchange",0,"[PREMIUM]","1,2,3,4,5,6"
"6mOhkoZXGBd","2026-09-13 23:43:24.316","2026-09-26 22:41:03.914","6mOhkoZXGBd","18496365","[PREMIUM]","[PREMIUM]","[PREMIUM]","108","Section 108","k",2,"[]","2026-11-09 00:00:00","mobile_transfer","exchange",0,"[PREMIUM]","2"
"7KntAgDw34v","2026-09-13 23:43:24.316","2026-09-19 23:22:06.858","7KntAgDw34v","18496365","[PREMIUM]","[PREMIUM]","[PREMIUM]","229","Section 229","c",4,"[]","2026-11-09 00:00:00","electronic","exchange",1,"[PREMIUM]","2,4"
"7KntAgDO9gY","2026-09-13 23:43:24.316","2026-09-13 23:43:24.316","7KntAgDO9gY","18496365","[PREMIUM]","[PREMIUM]","[PREMIUM]","101","Section 101","o",4,"[]","2026-11-09 00:00:00","electronic","exchange",1,"[PREMIUM]","1,2,3,4"
"7KntAgDO9j3","2026-09-13 23:43:24.316","2026-09-13 23:43:24.316","7KntAgDO9j3","18496365","[PREMIUM]","[PREMIUM]","[PREMIUM]","302","Section 302","b",2,"[]","2026-11-09 00:00:00","electronic","exchange",0,"[PREMIUM]","2"
"7KntAgDO9lY","2026-09-13 23:43:24.316","2026-09-13 23:43:24.316","7KntAgDO9lY","18496365","[PREMIUM]","[PREMIUM]","[PREMIUM]","107","Section 107","f",4,"[]","2026-11-09 00:00:00","electronic","exchange",0,"[PREMIUM]","1,2,3,4"
"7KntAgDO933","2026-09-13 23:43:24.316","2026-09-13 23:43:24.316","7KntAgDO933","18496365","[PREMIUM]","[PREMIUM]","[PREMIUM]","319","Section 319","o",6,"[]","2026-11-09 00:00:00","electronic","exchange",0,"[PREMIUM]","1,2,3,4,5,6"
"7KntAgDO9z7","2026-09-13 23:43:24.316","2026-09-13 23:43:24.316","7KntAgDO9z7","18496365","[PREMIUM]","[PREMIUM]","[PREMIUM]","224","Section 224","k",6,"[]","2026-11-09 00:00:00","electronic","exchange",0,"[PREMIUM]","1,2,3,4,5,6"
"7KntAgDwOZk","2026-09-13 23:43:24.316","2026-09-24 23:30:08.251","7KntAgDwOZk","18496365","[PREMIUM]","[PREMIUM]","[PREMIUM]","106","Section 106","nn",2,"[]","2026-11-09 00:00:00","electronic","exchange",0,"[PREMIUM]","2"
"7KntAgDKdao","2026-09-13 23:43:24.316","2026-09-26 22:41:03.914","7KntAgDKdao","18496365","[PREMIUM]","[PREMIUM]","[PREMIUM]","114","Section 114","b",2,"[]","2026-11-09 00:00:00","mobile_transfer","exchange",0,"[PREMIUM]","2"
"7KntAgDK4nb","2026-09-13 23:43:24.316","2026-09-26 22:41:03.914","7KntAgDK4nb","18496365","[PREMIUM]","[PREMIUM]","[PREMIUM]","111","Section 111","d",2,"[]","2026-11-09 00:00:00","mobile_transfer","exchange",1,"[PREMIUM]","2"
"8lKt6azO0jn","2026-09-13 23:43:24.316","2026-09-13 23:43:24.316","8lKt6azO0jn","18496365","[PREMIUM]","[PREMIUM]","[PREMIUM]","110","Section 110","j",3,"[]","2026-11-09 00:00:00","electronic","exchange",0,"[PREMIUM]","1,2,3"
"8lKt6az7Pv3","2026-09-13 23:43:24.316","2026-09-26 22:41:03.914","8lKt6az7Pv3","18496365","[PREMIUM]","[PREMIUM]","[PREMIUM]","102","Section 102","k",4,"[]","2026-11-09 00:00:00","mobile_transfer","exchange",1,"[PREMIUM]","2,4"
"8lKt6az7PGO","2026-09-13 23:43:24.316","2026-09-26 22:41:03.914","8lKt6az7PGO","18496365","[PREMIUM]","[PREMIUM]","[PREMIUM]","329","Section 329","h",2,"[]","2026-11-09 00:00:00","mobile_transfer","exchange",0,"[PREMIUM]","2"
"8lKt6az4rBp","2026-09-13 23:43:24.316","2026-09-26 22:41:03.914","8lKt6az4rBp","18496365","[PREMIUM]","[PREMIUM]","[PREMIUM]","103","Section 103","a",2,"[]","2026-11-08 00:00:00","mobile_transfer","exchange",0,"[PREMIUM]","2"
"9P2c526l4ZX","2026-09-13 23:43:24.316","2026-09-26 22:41:03.914","9P2c526l4ZX","18496365","[PREMIUM]","[PREMIUM]","[PREMIUM]","101","Section 101","a",4,"[]","2026-11-08 00:00:00","mobile_transfer","exchange",0,"[PREMIUM]","4"
"9P2c5MrOmvR","2026-09-13 23:43:24.316","2026-09-13 23:43:24.316","9P2c5MrOmvR","18496365","[PREMIUM]","[PREMIUM]","[PREMIUM]","219","Section 219","l",4,"[]","2026-11-09 00:00:00","electronic","exchange",1,"[PREMIUM]","1,2,3,4"
"9P2c5MrOmqo","2026-09-13 23:43:24.316","2026-09-13 23:43:24.316","9P2c5MrOmqo","18496365","[PREMIUM]","[PREMIUM]","[PREMIUM]","106","Section 106","g",4,"[]","2026-11-09 00:00:00","electronic","exchange",0,"[PREMIUM]","1,2,3,4"
"9P2c5MrOmaj","2026-09-13 23:43:24.316","2026-09-13 23:43:24.316","9P2c5MrOmaj","18496365","[PREMIUM]","[PREMIUM]","[PREMIUM]","122","Section 122","t",4,"[]","2026-11-09 00:00:00","electronic","exchange",1,"[PREMIUM]","1,2,3,4"
"9P2c5MrOmX6","2026-09-13 23:43:24.316","2026-09-13 23:43:24.316","9P2c5MrOmX6","18496365","[PREMIUM]","[PREMIUM]","[PREMIUM]","305","Section 305","d",4,"[]","2026-11-09 00:00:00","electronic","exchange",0,"[PREMIUM]","1,2,3,4"
"9P2c5MrallO","2026-09-13 23:43:24.316","2026-09-13 23:43:24.316","9P2c5MrallO","18496365","[PREMIUM]","[PREMIUM]","[PREMIUM]","333","Section 333","a",2,"[]","2026-11-09 00:00:00","electronic","exchange",0,"[PREMIUM]","2"
"9P2c5MraYJL","2026-09-13 23:43:24.316","2026-09-26 22:41:03.914","9P2c5MraYJL","18496365","[PREMIUM]","[PREMIUM]","[PREMIUM]","305","Section 305","b",2,"[]","2026-11-09 00:00:00","mobile_transfer","exchange",0,"[PREMIUM]","2"
"9P2c5MraV90","2026-09-13 23:43:24.316","2026-09-26 22:41:03.914","9P2c5MraV90","18496365","[PREMIUM]","[PREMIUM]","[PREMIUM]","327","Section 327","g",2,"[]","2026-11-09 00:00:00","mobile_transfer","exchange",0,"[PREMIUM]","2"
"9P2c5MraBzA","2026-09-13 23:43:24.316","2026-09-26 22:41:03.914","9P2c5MraBzA","18496365","[PREMIUM]","[PREMIUM]","[PREMIUM]","113","Section 113","d",4,"[]","2026-11-09 00:00:00","mobile_transfer","exchange",1,"[PREMIUM]","2,4"
"A6rs2KBGDAN","2026-09-13 23:43:24.316","2026-09-18 23:24:22.669","A6rs2KBGDAN","18496365","[PREMIUM]","[PREMIUM]","[PREMIUM]","107","Section 107","bb",2,"[]","2026-11-09 00:00:00","electronic","exchange",5,"[PREMIUM]","2"
"A6rs2KBjE7G","2026-09-13 23:43:24.316","2026-09-13 23:43:24.316","A6rs2KBjE7G","18496365","[PREMIUM]","[PREMIUM]","[PREMIUM]","103","Section 103","n",4,"[]","2026-11-09 00:00:00","electronic","exchange",0,"[PREMIUM]","1,2,3,4"
"A6rs2KBjElz","2026-09-13 23:43:24.316","2026-09-13 23:43:24.316","A6rs2KBjElz","18496365","[PREMIUM]","[PREMIUM]","[PREMIUM]","118","Section 118","h",4,"[]","2026-11-09 00:00:00","electronic","exchange",1,"[PREMIUM]","1,2,3,4"
"BALImM2b6XD","2026-09-13 23:43:24.316","2026-09-13 23:43:24.316","BALImM2b6XD","18496365","[PREMIUM]","[PREMIUM]","[PREMIUM]","105","Section 105","k",2,"[]","2026-11-09 00:00:00","electronic","exchange",0,"[PREMIUM]","2"
"BALImM2b6q9","2026-09-13 23:43:24.316","2026-09-13 23:43:24.316","BALImM2b6q9","18496365","[PREMIUM]","[PREMIUM]","[PREMIUM]","118","Section 118","rr",5,"[]","2026-11-09 00:00:00","electronic","exchange",0,"[PREMIUM]","1,2,3,4,5"
"BALImM2b65j","2026-09-13 23:43:24.316","2026-09-13 23:43:24.316","BALImM2b65j","18496365","[PREMIUM]","[PREMIUM]","[PREMIUM]","316","Section 316","l",6,"[]","2026-11-09 00:00:00","electronic","exchange",0,"[PREMIUM]","1,2,3,4,5,6"
"BALImM2qwgB","2026-09-13 23:43:24.316","2026-09-26 22:41:03.914","BALImM2qwgB","18496365","[PREMIUM]","[PREMIUM]","[PREMIUM]","223","Section 223","j",2,"[]","2026-11-09 00:00:00","mobile_transfer","exchange",0,"[PREMIUM]","2"
"DdwHkML678o","2026-09-13 23:43:24.316","2026-09-13 23:43:24.316","DdwHkML678o","18496365","[PREMIUM]","[PREMIUM]","[PREMIUM]","117","Section 117","jj",4,"[]","2026-11-09 00:00:00","electronic","exchange",0,"[PREMIUM]","1,2,3,4"
"DdwHkML67ED","2026-09-13 23:43:24.316","2026-09-13 23:43:24.316","DdwHkML67ED","18496365","[PREMIUM]","[PREMIUM]","[PREMIUM]","315","Section 315","e",4,"[]","2026-11-09 00:00:00","electronic","exchange",0,"[PREMIUM]","1,2,3,4"
"DdwHkML67OV","2026-09-13 23:43:24.316","2026-09-13 23:43:24.316","DdwHkML67OV","18496365","[PREMIUM]","[PREMIUM]","[PREMIUM]","103","Section 103","m",5,"[]","2026-11-09 00:00:00","electronic","exchange",0,"[PREMIUM]","1,2,3,4,5"
"DdwHkML8n6X","2026-09-13 23:43:24.316","2026-09-26 22:41:03.914","DdwHkML8n6X","18496365","[PREMIUM]","[PREMIUM]","[PREMIUM]","114","Section 114","k",2,"[]","2026-11-09 00:00:00","mobile_transfer","exchange",0,"[PREMIUM]","2"
"EroUXgd5Jw2","2026-09-13 23:43:24.316","2026-09-13 23:43:24.316","EroUXgd5Jw2","18496365","[PREMIUM]","[PREMIUM]","[PREMIUM]","121","Section 121","n",2,"[]","2026-11-09 00:00:00","electronic","exchange",1,"[PREMIUM]","2"
"EroUXgd5Jdk","2026-09-13 23:43:24.316","2026-09-13 23:43:24.316","EroUXgd5Jdk","18496365","[PREMIUM]","[PREMIUM]","[PREMIUM]","334","Section 334","l",6,"[]","2026-11-09 00:00:00","electronic","exchange",0,"[PREMIUM]","1,2,3,4,5,6"
"EroUXgd5JnR","2026-09-13 23:43:24.316","2026-09-13 23:43:24.316","EroUXgd5JnR","18496365","[PREMIUM]","[PREMIUM]","[PREMIUM]","106","Section 106","e",5,"[]","2026-11-09 00:00:00","electronic","exchange",0,"[PREMIUM]","1,2,3,4,5"
"EroUXgd5Jo2","2026-09-13 23:43:24.316","2026-09-13 23:43:24.316","EroUXgd5Jo2","18496365","[PREMIUM]","[PREMIUM]","[PREMIUM]","113","Section 113","e",4,"[]","2026-11-09 00:00:00","electronic","exchange",1,"[PREMIUM]","1,2,3,4"
"EroUXgdw6A4","2026-09-13 23:43:24.316","2026-09-26 22:41:03.914","EroUXgdw6A4","18496365","[PREMIUM]","[PREMIUM]","[PREMIUM]","229","Section 229","f",4,"[]","2026-11-09 00:00:00","mobile_transfer","exchange",1,"[PREMIUM]","2,4"
"EroUXgdw6w4","2026-09-13 23:43:24.316","2026-09-26 22:41:03.914","EroUXgdw6w4","18496365","[PREMIUM]","[PREMIUM]","[PREMIUM]","312","Section 312","f",3,"[]","2026-11-09 00:00:00","mobile_transfer","exchange",0,"[PREMIUM]","1,3"
"GAaI6035PYq","2026-09-13 23:43:24.316","2026-09-13 23:43:24.316","GAaI6035PYq","18496365","[PREMIUM]","[PREMIUM]","[PREMIUM]","108","Section 108","pp",5,"[]","2026-11-09 00:00:00","electronic","exchange",1,"[PREMIUM]","1,2,3,4,5"
"GAaI6035PeB","2026-09-13 23:43:24.316","2026-09-13 23:43:24.316","GAaI6035PeB","18496365","[PREMIUM]","[PREMIUM]","[PREMIUM]","229","Section 229","d",4,"[]","2026-11-09 00:00:00","electronic","exchange",1,"[PREMIUM]","1,2,3,4"
"GAaI6035Pwl","2026-09-13 23:43:24.316","2026-09-13 23:43:24.316","GAaI6035Pwl","18496365","[PREMIUM]","[PREMIUM]","[PREMIUM]","117","Section 117","h",6,"[]","2026-11-09 00:00:00","electronic","exchange",1,"[PREMIUM]","1,2,3,4,5,6"
"GAaI6035P2N","2026-09-13 23:43:24.316","2026-09-13 23:43:24.316","GAaI6035P2N","18496365","[PREMIUM]","[PREMIUM]","[PREMIUM]","103","Section 103","m",2,"[]","2026-11-09 00:00:00","electronic","exchange",0,"[PREMIUM]","2"
"GAaI603Ba5b","2026-09-13 23:43:24.316","2026-09-26 22:41:03.914","GAaI603Ba5b","18496365","[PREMIUM]","[PREMIUM]","[PREMIUM]","105","Section 105","e",2,"['1','2']","2026-11-07 00:00:00","mobile_transfer","exchange",0,"[PREMIUM]","2"
"GAaI6brZPm6","2026-09-13 23:43:24.316","2026-09-26 22:41:03.914","GAaI6brZPm6","18496365","[PREMIUM]","[PREMIUM]","[PREMIUM]","101","Section 101","a",4,"['17','18','19','20']","2026-11-07 00:00:00","mobile_transfer","exchange",0,"[PREMIUM]","4"
"JABI3BnEEO4","2026-09-13 23:43:24.316","2026-09-24 23:30:08.251","JABI3BnEEO4","18496365","[PREMIUM]","[PREMIUM]","[PREMIUM]","301","Section 301","j",2,"['10','11']","2026-11-07 00:00:00","electronic","exchange",0,"[PREMIUM]","2"
"JABI3E2R0xX","2026-09-13 23:43:24.316","2026-09-17 00:06:13.305","JABI3E2R0xX","18496365","[PREMIUM]","[PREMIUM]","[PREMIUM]","103","Section 103","j",2,"[]","2026-11-09 00:00:00","electronic","exchange",0,"[PREMIUM]","2"
"JABI3E2L4AL","2026-09-13 23:43:24.316","2026-09-13 23:43:24.316","JABI3E2L4AL","18496365","[PREMIUM]","[PREMIUM]","[PREMIUM]","122","Section 122","j",2,"[]","2026-11-09 00:00:00","electronic","exchange",1,"[PREMIUM]","2"
"JABI3E2LXpl","2026-09-13 23:43:24.316","2026-09-18 00:19:33.056","JABI3E2LXpl","18496365","[PREMIUM]","[PREMIUM]","[PREMIUM]","307","Section 307","g",4,"[]","2026-11-09 00:00:00","electronic","exchange",0,"[PREMIUM]","2,4"
"JABI3E2gPe2","2026-09-13 23:43:24.316","2026-09-13 23:43:24.316","JABI3E2gPe2","18496365","[PREMIUM]","[PREMIUM]","[PREMIUM]","317","Section 317","p",4,"[]","2026-11-09 00:00:00","electronic","exchange",0,"[PREMIUM]","1,2,3,4"
"JABI3E2gPNZ","2026-09-13 23:43:24.316","2026-09-13 23:43:24.316","JABI3E2gPNZ","18496365","[PREMIUM]","[PREMIUM]","[PREMIUM]","114","Section 114","c",4,"[]","2026-11-09 00:00:00","electronic","exchange",0,"[PREMIUM]","1,2,3,4"
"JABI3E2gPNL","2026-09-13 23:43:24.316","2026-09-13 23:43:24.316","JABI3E2gPNL","18496365","[PREMIUM]","[PREMIUM]","[PREMIUM]","111","Section 111","p",6,"[]","2026-11-09 00:00:00","electronic","exchange",1,"[PREMIUM]","1,2,3,4,5,6"
"JABI3E2gP9D","2026-09-13 23:43:24.316","2026-09-13 23:43:24.316","JABI3E2gP9D","18496365","[PREMIUM]","[PREMIUM]","[PREMIUM]","106","Section 106","h",6,"[]","2026-11-09 00:00:00","electronic","exchange",0,"[PREMIUM]","1,2,3,4,5,6"
"JABI3E2Rmvr","2026-09-13 23:43:24.316","2026-09-26 22:41:03.914","JABI3E2Rmvr","18496365","[PREMIUM]","[PREMIUM]","[PREMIUM]","330","Section 330","c",4,"[]","2026-11-09 00:00:00","mobile_transfer","exchange",0,"[PREMIUM]","2,4"
"JABI3E2Rxrp","2026-09-13 23:43:24.316","2026-09-26 22:41:03.914","JABI3E2Rxrp","18496365","[PREMIUM]","[PREMIUM]","[PREMIUM]","213","Section 213","m",2,"[]","2026-11-09 00:00:00","mobile_transfer","exchange",1,"[PREMIUM]","2"
"KezczqG3w6P","2026-09-13 23:43:24.316","2026-09-13 23:43:24.316","KezczqG3w6P","18496365","[PREMIUM]","[PREMIUM]","[PREMIUM]","107","Section 107","pp",4,"[]","2026-11-09 00:00:00","electronic","exchange",0,"[PREMIUM]","1,2,3,4"
"KezczqG70mz","2026-09-13 23:43:24.316","2026-09-26 22:41:03.914","KezczqG70mz","18496365","[PREMIUM]","[PREMIUM]","[PREMIUM]","119","Section 119","g",5,"[]","2026-11-09 00:00:00","mobile_transfer","exchange",0,"[PREMIUM]","1,3,5"
"KezczqG73BV","2026-09-13 23:43:24.316","2026-09-26 22:41:03.914","KezczqG73BV","18496365","[PREMIUM]","[PREMIUM]","[PREMIUM]","120","Section 120","k",3,"[]","2026-11-09 00:00:00","mobile_transfer","exchange",0,"[PREMIUM]","1,3"
"KezczqG7LJE","2026-09-13 23:43:24.316","2026-09-26 22:41:03.914","KezczqG7LJE","18496365","[PREMIUM]","[PREMIUM]","[PREMIUM]","105","Section 105","j",2,"[]","2026-11-09 00:00:00","mobile_transfer","exchange",0,"[PREMIUM]","2"
"LbviL8w5DGJ","2026-09-13 23:43:24.316","2026-09-22 00:25:59.155","LbviL8w5DGJ","18496365","[PREMIUM]","[PREMIUM]","[PREMIUM]","203","Section 203","n",2,"[]","2026-11-09 00:00:00","electronic","exchange",0,"[PREMIUM]","2"
"LbviL8wqgzm","2026-09-13 23:43:24.316","2026-09-13 23:43:24.316","LbviL8wqgzm","18496365","[PREMIUM]","[PREMIUM]","[PREMIUM]","113","Section 113","b",2,"[]","2026-11-09 00:00:00","electronic","exchange",1,"[PREMIUM]","2"
"LbviL8wqgpr","2026-09-13 23:43:24.316","2026-09-13 23:43:24.316","LbviL8wqgpr","18496365","[PREMIUM]","[PREMIUM]","[PREMIUM]","302","Section 302","p",4,"[]","2026-11-09 00:00:00","electronic","exchange",0,"[PREMIUM]","1,2,3,4"
"LbviL8wqrjv","2026-09-13 23:43:24.316","2026-09-13 23:43:24.316","LbviL8wqrjv","18496365","[PREMIUM]","[PREMIUM]","[PREMIUM]","333","Section 333","e",4,"[]","2026-11-09 00:00:00","electronic","exchange",0,"[PREMIUM]","1,2,3,4"
"LbviL8wqg5D","2026-09-13 23:43:24.316","2026-09-13 23:43:24.316","LbviL8wqg5D","18496365","[PREMIUM]","[PREMIUM]","[PREMIUM]","205","Section 205","o",4,"[]","2026-11-09 00:00:00","electronic","exchange",1,"[PREMIUM]","1,2,3,4"
"LbviL8wqgzV","2026-09-13 23:43:24.316","2026-09-13 23:43:24.316","LbviL8wqgzV","18496365","[PREMIUM]","[PREMIUM]","[PREMIUM]","110","Section 110","l",2,"[]","2026-11-09 00:00:00","electronic","exchange",0,"[PREMIUM]","2"
"LbviL8wxAnX","2026-09-13 23:43:24.316","2026-09-26 22:41:03.914","LbviL8wxAnX","18496365","[PREMIUM]","[PREMIUM]","[PREMIUM]","108","Section 108","oo",4,"[]","2026-11-09 00:00:00","mobile_transfer","exchange",1,"[PREMIUM]","2,4"
"LbviL8w5Mk0","2026-09-13 23:43:24.316","2026-09-26 22:41:03.914","LbviL8w5Mk0","18496365","[PREMIUM]","[PREMIUM]","[PREMIUM]","327","Section 327","c",2,"[]","2026-11-09 00:00:00","mobile_transfer","exchange",0,"[PREMIUM]","2"
"LbviL8w50JJ","2026-09-13 23:43:24.316","2026-09-24 23:30:08.251","LbviL8w50JJ","18496365","[PREMIUM]","[PREMIUM]","[PREMIUM]","116","Section 116","h",4,"[]","2026-11-09 00:00:00","electronic","exchange",0,"[PREMIUM]","2,4"
"LbviLmjLggZ","2026-09-13 23:43:24.316","2026-09-20 23:38:14.303","LbviLmjLggZ","18496365","[PREMIUM]","[PREMIUM]","[PREMIUM]","328","Section 328","e",2,"[]","2026-11-09 00:00:00","electronic","exchange",1,"[PREMIUM]","2"
"MAeIP35e8gg","2026-09-13 23:43:24.316","2026-09-13 23:43:24.316","MAeIP35e8gg","18496365","[PREMIUM]","[PREMIUM]","[PREMIUM]","119","Section 119","f",2,"[]","2026-11-09 00:00:00","electronic","exchange",1,"[PREMIUM]","2"
"MAeIP35e8JE","2026-09-13 23:43:24.316","2026-09-13 23:43:24.316","MAeIP35e8JE","18496365","[PREMIUM]","[PREMIUM]","[PREMIUM]","211","Section 211","m",5,"[]","2026-11-09 00:00:00","electronic","exchange",1,"[PREMIUM]","1,2,3,4,5"
"MAeIP35e8nE","2026-09-13 23:43:24.316","2026-09-13 23:43:24.316","MAeIP35e8nE","18496365","[PREMIUM]","[PREMIUM]","[PREMIUM]","301","Section 301","p",4,"[]","2026-11-09 00:00:00","electronic","exchange",0,"[PREMIUM]","1,2,3,4"
"MAeIP35e8mp","2026-09-13 23:43:24.316","2026-09-13 23:43:24.316","MAeIP35e8mp","18496365","[PREMIUM]","[PREMIUM]","[PREMIUM]","317","Section 317","j",4,"[]","2026-11-09 00:00:00","electronic","exchange",0,"[PREMIUM]","1,2,3,4"
"MAeIP35e8ll","2026-09-13 23:43:24.316","2026-09-13 23:43:24.316","MAeIP35e8ll","18496365","[PREMIUM]","[PREMIUM]","[PREMIUM]","105","Section 105","k",2,"[]","2026-11-09 00:00:00","electronic","exchange",0,"[PREMIUM]","2"
"MAeIP35RVRP","2026-09-13 23:43:24.316","2026-09-20 23:38:14.303","MAeIP35RVRP","18496365","[PREMIUM]","[PREMIUM]","[PREMIUM]","325","Section 325","l",4,"[]","2026-11-08 00:00:00","electronic","exchange",0,"[PREMIUM]","1,2,3,4"
"MAeIP35goMg","2026-09-13 23:43:24.316","2026-09-26 22:41:03.914","MAeIP35goMg","18496365","[PREMIUM]","[PREMIUM]","[PREMIUM]","218","Section 218","e",2,"[]","2026-11-09 00:00:00","mobile_transfer","exchange",1,"[PREMIUM]","2"
"MAeIP35gZwa","2026-09-13 23:43:24.316","2026-09-26 22:41:03.914","MAeIP35gZwa","18496365","[PREMIUM]","[PREMIUM]","[PREMIUM]","324","Section 324","m",2,"[]","2026-11-09 00:00:00","mobile_transfer","exchange",0,"[PREMIUM]","2"
"MAeIP35gGNe","2026-09-13 23:43:24.316","2026-09-26 22:41:03.914","MAeIP35gGNe","18496365","[PREMIUM]","[PREMIUM]","[PREMIUM]","329","Section 329","l",4,"[]","2026-11-09 00:00:00","mobile_transfer","exchange",0,"[PREMIUM]","2,4"
"MAeIP354RvG","2026-09-13 23:43:24.316","2026-09-26 00:55:41.552","MAeIP354RvG","18496365","[PREMIUM]","[PREMIUM]","[PREMIUM]","106","Section 106","nn",2,"[]","2026-11-08 00:00:00","mobile_transfer","exchange",0,"[PREMIUM]","2"
"MAeIP352K2m","2026-09-13 23:43:24.316","2026-09-26 00:55:41.552","MAeIP352K2m","18496365","[PREMIUM]","[PREMIUM]","[PREMIUM]","106","Section 106","nn",2,"['3','4']","2026-11-07 00:00:00","mobile_transfer","exchange",0,"[PREMIUM]","2"
"MAeIPXjXvOa","2026-09-13 23:43:24.316","2026-09-26 22:41:03.914","MAeIPXjXvOa","18496365","[PREMIUM]","[PREMIUM]","[PREMIUM]","301","Section 301","j",2,"[]","2026-11-09 00:00:00","mobile_transfer","exchange",0,"[PREMIUM]","2"
"NrqUv6M5wBO","2026-09-13 23:43:24.316","2026-09-13 23:43:24.316","NrqUv6M5wBO","18496365","[PREMIUM]","[PREMIUM]","[PREMIUM]","116","Section 116","j",6,"[]","2026-11-09 00:00:00","electronic","exchange",0,"[PREMIUM]","1,2,3,4,5,6"
"NrqUv6M5wDY","2026-09-13 23:43:24.316","2026-09-13 23:43:24.316","NrqUv6M5wDY","18496365","[PREMIUM]","[PREMIUM]","[PREMIUM]","320","Section 320","b",6,"[]","2026-11-09 00:00:00","electronic","exchange",0,"[PREMIUM]","1,2,3,4,5,6"
"NrqUv6M5w2M","2026-09-13 23:43:24.316","2026-09-13 23:43:24.316","NrqUv6M5w2M","18496365","[PREMIUM]","[PREMIUM]","[PREMIUM]","107","Section 107","k",5,"[]","2026-11-09 00:00:00","electronic","exchange",1,"[PREMIUM]","1,2,3,4,5"
"NrqUv6MVRma","2026-09-13 23:43:24.316","2026-09-26 22:41:03.914","NrqUv6MVRma","18496365","[PREMIUM]","[PREMIUM]","[PREMIUM]","303","Section 303","b",4,"[]","2026-11-09 00:00:00","mobile_transfer","exchange",0,"[PREMIUM]","2,4"
"O7AhwKRPM39","2026-09-13 23:43:24.316","2026-09-26 22:41:03.914","O7AhwKRPM39","18496365","[PREMIUM]","[PREMIUM]","[PREMIUM]","112","Section 112","o",2,"[]","2026-11-09 00:00:00","mobile_transfer","exchange",1,"[PREMIUM]","2"
"O7AhwKRPj86","2026-09-13 23:43:24.316","2026-09-26 22:41:03.914","O7AhwKRPj86","18496365","[PREMIUM]","[PREMIUM]","[PREMIUM]","117","Section 117","h",4,"[]","2026-11-09 00:00:00","mobile_transfer","exchange",0,"[PREMIUM]","2,4"
"O7AhwKRPqXd","2026-09-13 23:43:24.316","2026-09-26 22:41:03.914","O7AhwKRPqXd","18496365","[PREMIUM]","[PREMIUM]","[PREMIUM]","107","Section 107","e",5,"[]","2026-11-09 00:00:00","mobile_transfer","exchange",0,"[PREMIUM]","1,3,5"
"O7AhwKRPmqk","2026-09-13 23:43:24.316","2026-09-26 22:41:03.914","O7AhwKRPmqk","18496365","[PREMIUM]","[PREMIUM]","[PREMIUM]","220","Section 220","m",2,"[]","2026-11-09 00:00:00","mobile_transfer","exchange",0,"[PREMIUM]","2"
"O7AhwKRPELY","2026-09-13 23:43:24.316","2026-09-26 22:41:03.914","O7AhwKRPELY","18496365","[PREMIUM]","[PREMIUM]","[PREMIUM]","111","Section 111","n",2,"[]","2026-11-09 00:00:00","mobile_transfer","exchange",1,"[PREMIUM]","2"
"O7AhwKREAG6","2026-09-13 23:43:24.316","2026-09-13 23:43:24.316","O7AhwKREAG6","18496365","[PREMIUM]","[PREMIUM]","[PREMIUM]","318","Section 318","p",4,"[]","2026-11-09 00:00:00","electronic","exchange",0,"[PREMIUM]","1,2,3,4"
"PX0sgqJnVPq","2026-09-13 23:43:24.316","2026-09-13 23:43:24.316","PX0sgqJnVPq","18496365","[PREMIUM]","[PREMIUM]","[PREMIUM]","314","Section 314","e",6,"[]","2026-11-09 00:00:00","electronic","exchange",0,"[PREMIUM]","1,2,3,4,5,6"
"PX0sgqJnVYe","2026-09-13 23:43:24.316","2026-09-13 23:43:24.316","PX0sgqJnVYe","18496365","[PREMIUM]","[PREMIUM]","[PREMIUM]","108","Section 108","oo",6,"[]","2026-11-09 00:00:00","electronic","exchange",1,"[PREMIUM]","1,2,3,4,5,6"
"PX0sgqJxEPz","2026-09-13 23:43:24.316","2026-09-22 22:59:51.576","PX0sgqJxEPz","18496365","[PREMIUM]","[PREMIUM]","[PREMIUM]","313","Section 313","b",2,"[]","2026-11-09 00:00:00","electronic","exchange",0,"[PREMIUM]","2"
"PX0sgqJRBzB","2026-09-13 23:43:24.316","2026-09-26 22:41:03.914","PX0sgqJRBzB","18496365","[PREMIUM]","[PREMIUM]","[PREMIUM]","224","Section 224","e",2,"[]","2026-11-09 00:00:00","mobile_transfer","exchange",0,"[PREMIUM]","2"
"PX0sgqJAZpE","2026-09-13 23:43:24.316","2026-09-26 22:41:03.914","PX0sgqJAZpE","18496365","[PREMIUM]","[PREMIUM]","[PREMIUM]","119","Section 119","j",2,"['16','17']","2026-11-07 00:00:00","mobile_transfer","exchange",2,"[PREMIUM]","2"
"ROXHz2ploeG","2026-09-13 23:43:24.316","2026-09-13 23:43:24.316","ROXHz2ploeG","18496365","[PREMIUM]","[PREMIUM]","[PREMIUM]","117","Section 117","mm",4,"[]","2026-11-09 00:00:00","electronic","exchange",0,"[PREMIUM]","1,2,3,4"
"ROXHz2plojA","2026-09-13 23:43:24.316","2026-09-13 23:43:24.316","ROXHz2plojA","18496365","[PREMIUM]","[PREMIUM]","[PREMIUM]","302","Section 302","l",4,"[]","2026-11-09 00:00:00","electronic","exchange",0,"[PREMIUM]","1,2,3,4"
"ROXHz2plowJ","2026-09-13 23:43:24.316","2026-09-13 23:43:24.316","ROXHz2plowJ","18496365","[PREMIUM]","[PREMIUM]","[PREMIUM]","102","Section 102","t",6,"[]","2026-11-09 00:00:00","electronic","exchange",1,"[PREMIUM]","1,2,3,4,5,6"
"ROXHz2peoOZ","2026-09-13 23:43:24.316","2026-09-26 22:41:03.914","ROXHz2peoOZ","18496365","[PREMIUM]","[PREMIUM]","[PREMIUM]","209","Section 209","d",2,"[]","2026-11-09 00:00:00","mobile_transfer","exchange",0,"[PREMIUM]","2"
"ROXHz2pe6mo","2026-09-13 23:43:24.316","2026-09-26 22:41:03.914","ROXHz2pe6mo","18496365","[PREMIUM]","[PREMIUM]","[PREMIUM]","301","Section 301","n",2,"[]","2026-11-09 00:00:00","mobile_transfer","exchange",0,"[PREMIUM]","2"
"ROXHz2pe6MY","2026-09-13 23:43:24.316","2026-09-26 22:41:03.914","ROXHz2pe6MY","18496365","[PREMIUM]","[PREMIUM]","[PREMIUM]","318","Section 318","g",4,"[]","2026-11-09 00:00:00","mobile_transfer","exchange",0,"[PREMIUM]","2,4"
"V4KU04N6o46","2026-09-13 23:43:24.316","2026-09-26 22:41:03.914","V4KU04N6o46","18496365","[PREMIUM]","[PREMIUM]","[PREMIUM]","302","Section 302","o",2,"[]","2026-11-09 00:00:00","mobile_transfer","exchange",0,"[PREMIUM]","2"
"V4KU04N6K5o","2026-09-13 23:43:24.316","2026-09-26 22:41:03.914","V4KU04N6K5o","18496365","[PREMIUM]","[PREMIUM]","[PREMIUM]","316","Section 316","l",4,"[]","2026-11-09 00:00:00","mobile_transfer","exchange",0,"[PREMIUM]","2,4"
"V4KU04N3zxz","2026-09-13 23:43:24.316","2026-09-13 23:43:24.316","V4KU04N3zxz","18496365","[PREMIUM]","[PREMIUM]","[PREMIUM]","110","Section 110","e",5,"[]","2026-11-09 00:00:00","electronic","exchange",0,"[PREMIUM]","1,2,3,4,5"
"V4KU04N6Zbr","2026-09-13 23:43:24.316","2026-09-17 00:06:13.305","V4KU04N6Zbr","18496365","[PREMIUM]","[PREMIUM]","[PREMIUM]","226","Section 226","g",4,"[]","2026-11-09 00:00:00","electronic","exchange",0,"[PREMIUM]","2,4"
"V4KU04N3zd8","2026-09-13 23:43:24.316","2026-09-13 23:43:24.316","V4KU04N3zd8","18496365","[PREMIUM]","[PREMIUM]","[PREMIUM]","315","Section 315","f",7,"[]","2026-11-09 00:00:00","electronic","exchange",0,"[PREMIUM]","1,2,3,4,5,6,7"
"V4KU04Np2vp","2026-09-13 23:43:24.316","2026-09-26 22:41:03.914","V4KU04Np2vp","18496365","[PREMIUM]","[PREMIUM]","[PREMIUM]","106","Section 106","hh",2,"[]","2026-11-09 00:00:00","mobile_transfer","exchange",0,"[PREMIUM]","2"
"X03tKl0APZ4","2026-09-13 23:43:24.316","2026-09-13 23:43:24.316","X03tKl0APZ4","18496365","[PREMIUM]","[PREMIUM]","[PREMIUM]","114","Section 114","l",2,"[]","2026-11-09 00:00:00","electronic","exchange",1,"[PREMIUM]","2"
"X03tKl0APJm","2026-09-13 23:43:24.316","2026-09-13 23:43:24.316","X03tKl0APJm","18496365","[PREMIUM]","[PREMIUM]","[PREMIUM]","319","Section 319","n",6,"[]","2026-11-09 00:00:00","electronic","exchange",0,"[PREMIUM]","1,2,3,4,5,6"
"X03tKl0zLOv","2026-09-13 23:43:24.316","2026-09-26 22:41:03.914","X03tKl0zLOv","18496365","[PREMIUM]","[PREMIUM]","[PREMIUM]","110","Section 110","a",2,"[]","2026-11-09 00:00:00","mobile_transfer","exchange",0,"[PREMIUM]","2"
"X03tKl0JmAg","2026-09-13 23:43:24.316","2026-09-26 00:55:41.552","X03tKl0JmAg","18496365","[PREMIUM]","[PREMIUM]","[PREMIUM]","104","Section 104","f",2,"['3','4']","2026-11-07 00:00:00","mobile_transfer","exchange",0,"[PREMIUM]","2"
"YgJtk0M9bYj","2026-09-13 23:43:24.316","2026-09-13 23:43:24.316","YgJtk0M9bYj","18496365","[PREMIUM]","[PREMIUM]","[PREMIUM]","108","Section 108","f",5,"[]","2026-11-09 00:00:00","electronic","exchange",0,"[PREMIUM]","1,2,3,4,5"
"YgJtk0M94x0","2026-09-13 23:43:24.316","2026-09-13 23:43:24.316","YgJtk0M94x0","18496365","[PREMIUM]","[PREMIUM]","[PREMIUM]","202","Section 202","n",4,"[]","2026-11-09 00:00:00","electronic","exchange",1,"[PREMIUM]","2,4"
"YgJtk0M9b6P","2026-09-13 23:43:24.316","2026-09-13 23:43:24.316","YgJtk0M9b6P","18496365","[PREMIUM]","[PREMIUM]","[PREMIUM]","102","Section 102","m",4,"[]","2026-11-09 00:00:00","electronic","exchange",1,"[PREMIUM]","1,2,3,4"
"YgJtk0M9bpg","2026-09-13 23:43:24.316","2026-09-13 23:43:24.316","YgJtk0M9bpg","18496365","[PREMIUM]","[PREMIUM]","[PREMIUM]","114","Section 114","n",6,"[]","2026-11-09 00:00:00","electronic","exchange",1,"[PREMIUM]","1,2,3,4,5,6"
"YgJtk0M9ba8","2026-09-13 23:43:24.316","2026-09-13 23:43:24.316","YgJtk0M9ba8","18496365","[PREMIUM]","[PREMIUM]","[PREMIUM]","224","Section 224","l",7,"[]","2026-11-09 00:00:00","electronic","exchange",0,"[PREMIUM]","1,2,3,4,5,6,7"
"YgJtk0MnzGe","2026-09-13 23:43:24.316","2026-09-26 22:41:03.914","YgJtk0MnzGe","18496365","[PREMIUM]","[PREMIUM]","[PREMIUM]","211","Section 211","j",5,"[]","2026-11-09 00:00:00","mobile_transfer","exchange",0,"[PREMIUM]","1,3,5"
"YgJtk0Mx2mE","2026-09-13 23:43:24.316","2026-09-26 22:41:03.914","YgJtk0Mx2mE","18496365","[PREMIUM]","[PREMIUM]","[PREMIUM]","223","Section 223","o",5,"[]","2026-11-09 00:00:00","mobile_transfer","exchange",0,"[PREMIUM]","1,3,5"
"Zm9hvJKmkLK","2026-09-13 23:43:24.316","2026-09-13 23:43:24.316","Zm9hvJKmkLK","18496365","[PREMIUM]","[PREMIUM]","[PREMIUM]","224","Section 224","m",6,"[]","2026-11-09 00:00:00","electronic","exchange",0,"[PREMIUM]","1,2,3,4,5,6"
"Zm9hvJKmkon","2026-09-13 23:43:24.316","2026-09-13 23:43:24.316","Zm9hvJKmkon","18496365","[PREMIUM]","[PREMIUM]","[PREMIUM]","107","Section 107","m",3,"[]","2026-11-09 00:00:00","electronic","exchange",1,"[PREMIUM]","1,2,3"
"Zm9hvJKmkYq","2026-09-13 23:43:24.316","2026-09-13 23:43:24.316","Zm9hvJKmkYq","18496365","[PREMIUM]","[PREMIUM]","[PREMIUM]","108","Section 108","k",4,"[]","2026-11-09 00:00:00","electronic","exchange",0,"[PREMIUM]","1,2,3,4"
"Zm9hvJKmkKz","2026-09-13 23:43:24.316","2026-09-13 23:43:24.316","Zm9hvJKmkKz","18496365","[PREMIUM]","[PREMIUM]","[PREMIUM]","334","Section 334","n",4,"[]","2026-11-09 00:00:00","electronic","exchange",0,"[PREMIUM]","1,2,3,4"
"Zm9hvJKdOx3","2026-09-13 23:43:24.316","2026-09-13 23:43:24.316","Zm9hvJKdOx3","18496365","[PREMIUM]","[PREMIUM]","[PREMIUM]","322","Section 322","a",2,"[]","2026-11-09 00:00:00","electronic","exchange",0,"[PREMIUM]","2"
"Zm9hvJKxLpX","2026-09-13 23:43:24.316","2026-09-26 22:41:03.914","Zm9hvJKxLpX","18496365","[PREMIUM]","[PREMIUM]","[PREMIUM]","323","Section 323","c",2,"[]","2026-11-09 00:00:00","mobile_transfer","exchange",0,"[PREMIUM]","2"
"Zm9hvJKxLP2","2026-09-13 23:43:24.316","2026-09-26 22:41:03.914","Zm9hvJKxLP2","18496365","[PREMIUM]","[PREMIUM]","[PREMIUM]","320","Section 320","j",4,"[]","2026-11-09 00:00:00","mobile_transfer","exchange",0,"[PREMIUM]","2,4"
"Zm9hvJKxEzm","2026-09-13 23:43:24.316","2026-09-26 22:41:03.914","Zm9hvJKxEzm","18496365","[PREMIUM]","[PREMIUM]","[PREMIUM]","323","Section 323","h",2,"[]","2026-11-09 00:00:00","mobile_transfer","exchange",0,"[PREMIUM]","2"
"Zm9hvJKx7jn","2026-09-13 23:43:24.316","2026-09-26 22:41:03.914","Zm9hvJKx7jn","18496365","[PREMIUM]","[PREMIUM]","[PREMIUM]","315","Section 315","d",2,"[]","2026-11-09 00:00:00","mobile_transfer","exchange",0,"[PREMIUM]","2"
"agktlM6GP9G","2026-09-13 23:43:24.316","2026-09-13 23:43:24.316","agktlM6GP9G","18496365","[PREMIUM]","[PREMIUM]","[PREMIUM]","121","Section 121","n",2,"[]","2026-11-09 00:00:00","electronic","exchange",1,"[PREMIUM]","2"
"agktlM6oRzZ","2026-09-13 23:43:24.316","2026-09-22 22:59:51.576","agktlM6oRzZ","18496365","[PREMIUM]","[PREMIUM]","[PREMIUM]","325","Section 325","f",2,"[]","2026-11-09 00:00:00","electronic","exchange",0,"[PREMIUM]","2"
"agktlM6xjZO","2026-09-13 23:43:24.316","2026-09-19 23:22:06.858","agktlM6xjZO","18496365","[PREMIUM]","[PREMIUM]","[PREMIUM]","315","Section 315","f",5,"[]","2026-11-09 00:00:00","electronic","exchange",0,"[PREMIUM]","1,3,5"
"agktlM6GzVa","2026-09-13 23:43:24.316","2026-09-13 23:43:24.316","agktlM6GzVa","18496365","[PREMIUM]","[PREMIUM]","[PREMIUM]","110","Section 110","k",4,"[]","2026-11-09 00:00:00","electronic","exchange",0,"[PREMIUM]","1,2,3,4"
"agktlM6GzOr","2026-09-13 23:43:24.316","2026-09-13 23:43:24.316","agktlM6GzOr","18496365","[PREMIUM]","[PREMIUM]","[PREMIUM]","302","Section 302","n",4,"[]","2026-11-09 00:00:00","electronic","exchange",0,"[PREMIUM]","1,2,3,4"
"agktlM6ZKbn","2026-09-13 23:43:24.316","2026-09-26 22:41:03.914","agktlM6ZKbn","18496365","[PREMIUM]","[PREMIUM]","[PREMIUM]","104","Section 104","f",2,"[]","2026-11-08 00:00:00","mobile_transfer","exchange",0,"[PREMIUM]","2"
"b4wUaoB3JbO","2026-09-13 23:43:24.316","2026-09-13 23:43:24.316","b4wUaoB3JbO","18496365","[PREMIUM]","[PREMIUM]","[PREMIUM]","313","Section 313","d",4,"[]","2026-11-09 00:00:00","electronic","exchange",0,"[PREMIUM]","1,2,3,4"
"b4wUaoB3JY9","2026-09-13 23:43:24.316","2026-09-13 23:43:24.316","b4wUaoB3JY9","18496365","[PREMIUM]","[PREMIUM]","[PREMIUM]","108","Section 108","m",6,"[]","2026-11-09 00:00:00","electronic","exchange",1,"[PREMIUM]","1,2,3,4,5,6"
"b4wUaoB3JAw","2026-09-13 23:43:24.316","2026-09-13 23:43:24.316","b4wUaoB3JAw","18496365","[PREMIUM]","[PREMIUM]","[PREMIUM]","116","Section 116","oo",4,"[]","2026-11-09 00:00:00","electronic","exchange",1,"[PREMIUM]","1,2,3,4"
"b4wUaoBqJxa","2026-09-13 23:43:24.316","2026-09-13 23:43:24.316","b4wUaoBqJxa","18496365","[PREMIUM]","[PREMIUM]","[PREMIUM]","330","Section 330","j",4,"[]","2026-11-09 00:00:00","electronic","exchange",0,"[PREMIUM]","2,4"
"b4wUaoBqMrZ","2026-09-13 23:43:24.316","2026-09-24 00:00:37.487","b4wUaoBqMrZ","18496365","[PREMIUM]","[PREMIUM]","[PREMIUM]","206","Section 206","h",4,"[]","2026-11-09 00:00:00","electronic","exchange",0,"[PREMIUM]","2,4"
"b4wUaoBql99","2026-09-13 23:43:24.316","2026-09-22 22:59:51.576","b4wUaoBql99","18496365","[PREMIUM]","[PREMIUM]","[PREMIUM]","308","Section 308","g",2,"[]","2026-11-09 00:00:00","electronic","exchange",0,"[PREMIUM]","2"
"b4wUaoBqdgd","2026-09-13 23:43:24.316","2026-09-26 22:41:03.914","b4wUaoBqdgd","18496365","[PREMIUM]","[PREMIUM]","[PREMIUM]","118","Section 118","e",3,"[]","2026-11-09 00:00:00","mobile_transfer","exchange",0,"[PREMIUM]","1,3"
"dNgUgpXae6o","2026-09-13 23:43:24.316","2026-09-13 23:43:24.316","dNgUgpXae6o","18496365","[PREMIUM]","[PREMIUM]","[PREMIUM]","102","Section 102","r",4,"[]","2026-11-09 00:00:00","electronic","exchange",1,"[PREMIUM]","1,2,3,4"
"dNgUgpXaeAm","2026-09-13 23:43:24.316","2026-09-13 23:43:24.316","dNgUgpXaeAm","18496365","[PREMIUM]","[PREMIUM]","[PREMIUM]","117","Section 117","b",2,"[]","2026-11-09 00:00:00","electronic","exchange",0,"[PREMIUM]","2"
"dNgUgpXaeDo","2026-09-13 23:43:24.316","2026-09-13 23:43:24.316","dNgUgpXaeDo","18496365","[PREMIUM]","[PREMIUM]","[PREMIUM]","108","Section 108","e",5,"[]","2026-11-09 00:00:00","electronic","exchange",0,"[PREMIUM]","1,2,3,4,5"
"dNgUgpXaeok","2026-09-13 23:43:24.316","2026-09-13 23:43:24.316","dNgUgpXaeok","18496365","[PREMIUM]","[PREMIUM]","[PREMIUM]","302","Section 302","f",4,"[]","2026-11-09 00:00:00","electronic","exchange",0,"[PREMIUM]","1,2,3,4"
"dNgUgpXaezk","2026-09-13 23:43:24.316","2026-09-13 23:43:24.316","dNgUgpXaezk","18496365","[PREMIUM]","[PREMIUM]","[PREMIUM]","322","Section 322","f",4,"[]","2026-11-09 00:00:00","electronic","exchange",0,"[PREMIUM]","1,2,3,4"
"dNgUgpX8rao","2026-09-13 23:43:24.316","2026-09-26 22:41:03.914","dNgUgpX8rao","18496365","[PREMIUM]","[PREMIUM]","[PREMIUM]","325","Section 325","l",2,"[]","2026-11-09 00:00:00","mobile_transfer","exchange",0,"[PREMIUM]","2"
"dNgUgpX8K3g","2026-09-13 23:43:24.316","2026-09-26 22:41:03.914","dNgUgpX8K3g","18496365","[PREMIUM]","[PREMIUM]","[PREMIUM]","302","Section 302","f",2,"[]","2026-11-09 00:00:00","mobile_transfer","exchange",0,"[PREMIUM]","2"
"dNgUgpX85d4","2026-09-13 23:43:24.316","2026-09-26 22:41:03.914","dNgUgpX85d4","18496365","[PREMIUM]","[PREMIUM]","[PREMIUM]","326","Section 326","o",4,"[]","2026-11-09 00:00:00","mobile_transfer","exchange",0,"[PREMIUM]","2,4"
"dNgUgxmpdDl","2026-09-13 23:43:24.316","2026-09-26 22:41:03.914","dNgUgxmpdDl","18496365","[PREMIUM]","[PREMIUM]","[PREMIUM]","302","Section 302","j",10,"['7','8','9','10','11','12','13','14','15','16']","2026-11-09 00:00:00","mobile_transfer","exchange",0,"[PREMIUM]","1,2,3,4,5,6,7,8,10"
"eeacK8alVP3","2026-09-13 23:43:24.316","2026-09-13 23:43:24.316","eeacK8alVP3","18496365","[PREMIUM]","[PREMIUM]","[PREMIUM]","211","Section 211","k",4,"[]","2026-11-09 00:00:00","electronic","exchange",1,"[PREMIUM]","1,2,3,4"
"eeacK8alVAb","2026-09-13 23:43:24.316","2026-09-13 23:43:24.316","eeacK8alVAb","18496365","[PREMIUM]","[PREMIUM]","[PREMIUM]","304","Section 304","g",4,"[]","2026-11-09 00:00:00","electronic","exchange",0,"[PREMIUM]","1,2,3,4"
"eeacK8alV3N","2026-09-13 23:43:24.316","2026-09-13 23:43:24.316","eeacK8alV3N","18496365","[PREMIUM]","[PREMIUM]","[PREMIUM]","118","Section 118","k",7,"[]","2026-11-09 00:00:00","electronic","exchange",1,"[PREMIUM]","1,2,3,4,5,6,7"
"eeacK8alV2Z","2026-09-13 23:43:24.316","2026-09-13 23:43:24.316","eeacK8alV2Z","18496365","[PREMIUM]","[PREMIUM]","[PREMIUM]","105","Section 105","f",6,"[]","2026-11-09 00:00:00","electronic","exchange",0,"[PREMIUM]","1,2,3,4,5,6"
"eeacK8alVo3","2026-09-13 23:43:24.316","2026-09-13 23:43:24.316","eeacK8alVo3","18496365","[PREMIUM]","[PREMIUM]","[PREMIUM]","230","Section 230","l",6,"[]","2026-11-09 00:00:00","electronic","exchange",1,"[PREMIUM]","1,2,3,4,5,6"
"eeacK8aOngG","2026-09-13 23:43:24.316","2026-09-26 22:41:03.914","eeacK8aOngG","18496365","[PREMIUM]","[PREMIUM]","[PREMIUM]","318","Section 318","e",2,"[]","2026-11-09 00:00:00","mobile_transfer","exchange",1,"[PREMIUM]","2"
"eeacK8a3mYK","2026-09-13 23:43:24.316","2026-09-26 22:41:03.914","eeacK8a3mYK","18496365","[PREMIUM]","[PREMIUM]","[PREMIUM]","215","Section 215","h",2,"[]","2026-11-09 00:00:00","mobile_transfer","exchange",1,"[PREMIUM]","2"
"eeacK8a3ddx","2026-09-13 23:43:24.316","2026-09-26 22:41:03.914","eeacK8a3ddx","18496365","[PREMIUM]","[PREMIUM]","[PREMIUM]","334","Section 334","k",2,"[]","2026-11-09 00:00:00","mobile_transfer","exchange",0,"[PREMIUM]","2"
"eeacK8a30vP","2026-09-13 23:43:24.316","2026-09-26 22:41:03.914","eeacK8a30vP","18496365","[PREMIUM]","[PREMIUM]","[PREMIUM]","322","Section 322","j",4,"[]","2026-11-09 00:00:00","mobile_transfer","exchange",0,"[PREMIUM]","2,4"
"g48Ur63x7dk","2026-09-13 23:43:24.316","2026-09-13 23:43:24.316","g48Ur63x7dk","18496365","[PREMIUM]","[PREMIUM]","[PREMIUM]","121","Section 121","r",3,"[]","2026-11-09 00:00:00","electronic","exchange",1,"[PREMIUM]","3"
"g48Ur63xlq6","2026-09-13 23:43:24.316","2026-09-13 23:43:24.316","g48Ur63xlq6","18496365","[PREMIUM]","[PREMIUM]","[PREMIUM]","211","Section 211","n",2,"[]","2026-11-09 00:00:00","electronic","exchange",1,"[PREMIUM]","1,2"
"g48Ur63xloj","2026-09-13 23:43:24.316","2026-09-13 23:43:24.316","g48Ur63xloj","18496365","[PREMIUM]","[PREMIUM]","[PREMIUM]","105","Section 105","n",5,"[]","2026-11-09 00:00:00","electronic","exchange",0,"[PREMIUM]","1,2,3,4,5"
"g48Ur63xlk4","2026-09-13 23:43:24.316","2026-09-13 23:43:24.316","g48Ur63xlk4","18496365","[PREMIUM]","[PREMIUM]","[PREMIUM]","119","Section 119","g",7,"[]","2026-11-09 00:00:00","electronic","exchange",0,"[PREMIUM]","1,2,3,4,5,6,7"
"g48Ur63xlV2","2026-09-13 23:43:24.316","2026-09-13 23:43:24.316","g48Ur63xlV2","18496365","[PREMIUM]","[PREMIUM]","[PREMIUM]","317","Section 317","m",5,"[]","2026-11-09 00:00:00","electronic","exchange",0,"[PREMIUM]","1,2,3,4,5"
"g48Ur63xlNm","2026-09-13 23:43:24.316","2026-09-13 23:43:24.316","g48Ur63xlNm","18496365","[PREMIUM]","[PREMIUM]","[PREMIUM]","110","Section 110","k",2,"[]","2026-11-09 00:00:00","electronic","exchange",0,"[PREMIUM]","2"
"g48Ur63Oq5j","2026-09-13 23:43:24.316","2026-09-26 22:41:03.914","g48Ur63Oq5j","18496365","[PREMIUM]","[PREMIUM]","[PREMIUM]","106","Section 106","e",3,"[]","2026-11-09 00:00:00","mobile_transfer","exchange",0,"[PREMIUM]","1,3"
"jDvszkovn7z","2026-09-13 23:43:24.316","2026-09-13 23:43:24.316","jDvszkovn7z","18496365","[PREMIUM]","[PREMIUM]","[PREMIUM]","107","Section 107","e",7,"[]","2026-11-09 00:00:00","electronic","exchange",0,"[PREMIUM]","1,2,3,4,5,6,7"
"jDvszkovnkz","2026-09-13 23:43:24.316","2026-09-13 23:43:24.316","jDvszkovnkz","18496365","[PREMIUM]","[PREMIUM]","[PREMIUM]","101","Section 101","n",4,"[]","2026-11-09 00:00:00","electronic","exchange",1,"[PREMIUM]","1,2,3,4"
"jDvszkovn5K","2026-09-13 23:43:24.316","2026-09-13 23:43:24.316","jDvszkovn5K","18496365","[PREMIUM]","[PREMIUM]","[PREMIUM]","223","Section 223","o",7,"[]","2026-11-09 00:00:00","electronic","exchange",0,"[PREMIUM]","1,2,3,4,5,6,7"
"jDvszkovnYp","2026-09-13 23:43:24.316","2026-09-13 23:43:24.316","jDvszkovnYp","18496365","[PREMIUM]","[PREMIUM]","[PREMIUM]","114","Section 114","k",4,"[]","2026-11-09 00:00:00","electronic","exchange",1,"[PREMIUM]","1,2,3,4"
"jDvszkovnXO","2026-09-13 23:43:24.316","2026-09-13 23:43:24.316","jDvszkovnXO","18496365","[PREMIUM]","[PREMIUM]","[PREMIUM]","319","Section 319","m",6,"[]","2026-11-09 00:00:00","electronic","exchange",0,"[PREMIUM]","1,2,3,4,5,6"
"jDvszkoLqGE","2026-09-13 23:43:24.316","2026-09-26 22:41:03.914","jDvszkoLqGE","18496365","[PREMIUM]","[PREMIUM]","[PREMIUM]","230","Section 230","l",4,"[]","2026-11-09 00:00:00","mobile_transfer","exchange",1,"[PREMIUM]","2,4"
"kYet9mnkMVZ","2026-09-13 23:43:24.316","2026-09-13 23:43:24.316","kYet9mnkMVZ","18496365","[PREMIUM]","[PREMIUM]","[PREMIUM]","119","Section 119","k",6,"[]","2026-11-09 00:00:00","electronic","exchange",0,"[PREMIUM]","1,2,3,4,5,6"
"kYet9mnkMea","2026-09-13 23:43:24.316","2026-09-13 23:43:24.316","kYet9mnkMea","18496365","[PREMIUM]","[PREMIUM]","[PREMIUM]","317","Section 317","m",4,"[]","2026-11-09 00:00:00","electronic","exchange",0,"[PREMIUM]","1,2,3,4"
"kYet9mnkMqZ","2026-09-13 23:43:24.316","2026-09-13 23:43:24.316","kYet9mnkMqZ","18496365","[PREMIUM]","[PREMIUM]","[PREMIUM]","112","Section 112","p",2,"[]","2026-11-09 00:00:00","electronic","exchange",2,"[PREMIUM]","2"
"kYet9mnkM4z","2026-09-13 23:43:24.316","2026-09-13 23:43:24.316","kYet9mnkM4z","18496365","[PREMIUM]","[PREMIUM]","[PREMIUM]","105","Section 105","o",3,"[]","2026-11-09 00:00:00","electronic","exchange",1,"[PREMIUM]","1,2,3"
"kYet9mnkom2","2026-09-13 23:43:24.316","2026-09-13 23:43:24.316","kYet9mnkom2","18496365","[PREMIUM]","[PREMIUM]","[PREMIUM]","118","Section 118","f",5,"[]","2026-11-09 00:00:00","electronic","exchange",0,"[PREMIUM]","1,2,3,5"
"kYet9mnm8Ld","2026-09-13 23:43:24.316","2026-09-26 22:41:03.914","kYet9mnm8Ld","18496365","[PREMIUM]","[PREMIUM]","[PREMIUM]","218","Section 218","f",2,"[]","2026-11-09 00:00:00","mobile_transfer","exchange",1,"[PREMIUM]","2"
"kYet9mnVrE0","2026-09-13 23:43:24.316","2026-09-26 22:41:03.914","kYet9mnVrE0","18496365","[PREMIUM]","[PREMIUM]","[PREMIUM]","317","Section 317","o",4,"[]","2026-11-09 00:00:00","mobile_transfer","exchange",0,"[PREMIUM]","2,4"
"kYet9mnVgLG","2026-09-13 23:43:24.316","2026-09-26 22:41:03.914","kYet9mnVgLG","18496365","[PREMIUM]","[PREMIUM]","[PREMIUM]","301","Section 301","p",2,"[]","2026-11-09 00:00:00","mobile_transfer","exchange",0,"[PREMIUM]","2"
"lxVsdRE6vNB","2026-09-13 23:43:24.316","2026-09-13 23:43:24.316","lxVsdRE6vNB","18496365","[PREMIUM]","[PREMIUM]","[PREMIUM]","111","Section 111","n",4,"[]","2026-11-09 00:00:00","electronic","exchange",1,"[PREMIUM]","1,2,3,4"
"lxVsdRE6vPd","2026-09-13 23:43:24.316","2026-09-13 23:43:24.316","lxVsdRE6vPd","18496365","[PREMIUM]","[PREMIUM]","[PREMIUM]","317","Section 317","o",2,"[]","2026-11-09 00:00:00","electronic","exchange",0,"[PREMIUM]","2"
"lxVsdRE6vz7","2026-09-13 23:43:24.316","2026-09-13 23:43:24.316","lxVsdRE6vz7","18496365","[PREMIUM]","[PREMIUM]","[PREMIUM]","121","Section 121","m",5,"[]","2026-11-09 00:00:00","electronic","exchange",1,"[PREMIUM]","1,2,3,4,5"
"lxVsdRE6vXZ","2026-09-13 23:43:24.316","2026-09-13 23:43:24.316","lxVsdRE6vXZ","18496365","[PREMIUM]","[PREMIUM]","[PREMIUM]","219","Section 219","j",7,"[]","2026-11-09 00:00:00","electronic","exchange",1,"[PREMIUM]","1,2,3,4,5,6,7"
"lxVsdREz76D","2026-09-13 23:43:24.316","2026-09-13 23:43:24.316","lxVsdREz76D","18496365","[PREMIUM]","[PREMIUM]","[PREMIUM]","320","Section 320","a",4,"[]","2026-11-09 00:00:00","electronic","exchange",0,"[PREMIUM]","2,4"
"lxVsdREzYM4","2026-09-13 23:43:24.316","2026-09-26 22:41:03.914","lxVsdREzYM4","18496365","[PREMIUM]","[PREMIUM]","[PREMIUM]","220","Section 220","o",4,"[]","2026-11-09 00:00:00","mobile_transfer","exchange",1,"[PREMIUM]","2,4"
"mxAs4xm6bnm","2026-09-13 23:43:24.316","2026-09-18 23:24:22.669","mxAs4xm6bnm","18496365","[PREMIUM]","[PREMIUM]","[PREMIUM]","317","Section 317","g",4,"[]","2026-11-09 00:00:00","electronic","exchange",0,"[PREMIUM]","2,4"
"mxAs4xm6Zgw","2026-09-13 23:43:24.316","2026-09-13 23:43:24.316","mxAs4xm6Zgw","18496365","[PREMIUM]","[PREMIUM]","[PREMIUM]","334","Section 334","e",4,"[]","2026-11-09 00:00:00","electronic","exchange",0,"[PREMIUM]","2,4"
"mxAs4xmzEln","2026-09-13 23:43:24.316","2026-09-13 23:43:24.316","mxAs4xmzEln","18496365","[PREMIUM]","[PREMIUM]","[PREMIUM]","108","Section 108","n",7,"[]","2026-11-09 00:00:00","electronic","exchange",1,"[PREMIUM]","1,2,3,4,5,6,7"
"mxAs4xmzE20","2026-09-13 23:43:24.316","2026-09-13 23:43:24.316","mxAs4xmzE20","18496365","[PREMIUM]","[PREMIUM]","[PREMIUM]","224","Section 224","n",2,"[]","2026-11-09 00:00:00","electronic","exchange",0,"[PREMIUM]","1,2"
"mxAs4xmzEVg","2026-09-13 23:43:24.316","2026-09-13 23:43:24.316","mxAs4xmzEVg","18496365","[PREMIUM]","[PREMIUM]","[PREMIUM]","314","Section 314","b",2,"[]","2026-11-09 00:00:00","electronic","exchange",0,"[PREMIUM]","2"
"mxAs4xm6EER","2026-09-13 23:43:24.316","2026-09-26 22:41:03.914","mxAs4xm6EER","18496365","[PREMIUM]","[PREMIUM]","[PREMIUM]","206","Section 206","g",4,"[]","2026-11-09 00:00:00","mobile_transfer","exchange",0,"[PREMIUM]","2,4"
"nx0srK90ka0","2026-09-13 23:43:24.316","2026-09-13 23:43:24.316","nx0srK90ka0","18496365","[PREMIUM]","[PREMIUM]","[PREMIUM]","220","Section 220","o",6,"[]","2026-11-09 00:00:00","electronic","exchange",1,"[PREMIUM]","1,2,3,4,5,6"
"nx0srK90kKk","2026-09-13 23:43:24.316","2026-09-13 23:43:24.316","nx0srK90kKk","18496365","[PREMIUM]","[PREMIUM]","[PREMIUM]","101","Section 101","k",3,"[]","2026-11-09 00:00:00","electronic","exchange",1,"[PREMIUM]","1,2,3"
"nx0srK90kMk","2026-09-13 23:43:24.316","2026-09-13 23:43:24.316","nx0srK90kMk","18496365","[PREMIUM]","[PREMIUM]","[PREMIUM]","107","Section 107","rr",5,"[]","2026-11-09 00:00:00","electronic","exchange",0,"[PREMIUM]","1,2,3,4,5"
"nx0srK90ke6","2026-09-13 23:43:24.316","2026-09-13 23:43:24.316","nx0srK90ke6","18496365","[PREMIUM]","[PREMIUM]","[PREMIUM]","318","Section 318","o",7,"[]","2026-11-09 00:00:00","electronic","exchange",0,"[PREMIUM]","1,2,3,4,5,6,7"
"nx0srK90kNP","2026-09-13 23:43:24.316","2026-09-13 23:43:24.316","nx0srK90kNP","18496365","[PREMIUM]","[PREMIUM]","[PREMIUM]","114","Section 114","g",7,"[]","2026-11-09 00:00:00","electronic","exchange",1,"[PREMIUM]","1,2,3,4,5,6,7"
"nx0srK9l8rN","2026-09-13 23:43:24.316","2026-09-13 23:43:24.316","nx0srK9l8rN","18496365","[PREMIUM]","[PREMIUM]","[PREMIUM]","101","Section 101","o",4,"[]","2026-11-09 00:00:00","electronic","exchange",1,"[PREMIUM]","2,4"
"nx0srK9lZaV","2026-09-13 23:43:24.316","2026-09-26 22:41:03.914","nx0srK9lZaV","18496365","[PREMIUM]","[PREMIUM]","[PREMIUM]","303","Section 303","g",2,"[]","2026-11-09 00:00:00","mobile_transfer","exchange",0,"[PREMIUM]","2"
"nx0srK9lPPP","2026-09-13 23:43:24.316","2026-09-26 22:41:03.914","nx0srK9lPPP","18496365","[PREMIUM]","[PREMIUM]","[PREMIUM]","109","Section 109","n",2,"[]","2026-11-09 00:00:00","mobile_transfer","exchange",0,"[PREMIUM]","2"
"nx0srK9lPEp","2026-09-13 23:43:24.316","2026-09-26 22:41:03.914","nx0srK9lPEp","18496365","[PREMIUM]","[PREMIUM]","[PREMIUM]","208","Section 208","d",2,"[]","2026-11-09 00:00:00","mobile_transfer","exchange",0,"[PREMIUM]","2"
"nx0srK9Beze","2026-09-13 23:43:24.316","2026-09-26 22:41:03.914","nx0srK9Beze","18496365","[PREMIUM]","[PREMIUM]","[PREMIUM]","319","Section 319","l",2,"[]","2026-11-09 00:00:00","mobile_transfer","exchange",0,"[PREMIUM]","2"
"oV7Hb6vn807","2026-09-13 23:43:24.316","2026-09-13 23:43:24.316","oV7Hb6vn807","18496365","[PREMIUM]","[PREMIUM]","[PREMIUM]","119","Section 119","j",7,"[]","2026-11-09 00:00:00","electronic","exchange",0,"[PREMIUM]","1,2,3,4,5,6,7"
"oV7Hb6vn80j","2026-09-13 23:43:24.316","2026-09-13 23:43:24.316","oV7Hb6vn80j","18496365","[PREMIUM]","[PREMIUM]","[PREMIUM]","203","Section 203","n",4,"[]","2026-11-09 00:00:00","electronic","exchange",1,"[PREMIUM]","1,2,3,4"
"oV7Hb6vn8ER","2026-09-13 23:43:24.316","2026-09-13 23:43:24.316","oV7Hb6vn8ER","18496365","[PREMIUM]","[PREMIUM]","[PREMIUM]","105","Section 105","o",7,"[]","2026-11-09 00:00:00","electronic","exchange",1,"[PREMIUM]","1,2,3,4,5,6,7"
"oV7Hb6vn8N7","2026-09-13 23:43:24.316","2026-09-13 23:43:24.316","oV7Hb6vn8N7","18496365","[PREMIUM]","[PREMIUM]","[PREMIUM]","112","Section 112","p",4,"[]","2026-11-09 00:00:00","electronic","exchange",2,"[PREMIUM]","1,2,3,4"
"oV7Hb6vn8LM","2026-09-13 23:43:24.316","2026-09-13 23:43:24.316","oV7Hb6vn8LM","18496365","[PREMIUM]","[PREMIUM]","[PREMIUM]","302","Section 302","o",4,"[]","2026-11-09 00:00:00","electronic","exchange",0,"[PREMIUM]","1,2,3,4"
"oV7Hb6vGO7m","2026-09-13 23:43:24.316","2026-09-20 23:38:14.303","oV7Hb6vGO7m","18496365","[PREMIUM]","[PREMIUM]","[PREMIUM]","117","Section 117","jj",2,"[]","2026-11-09 00:00:00","electronic","exchange",0,"[PREMIUM]","2"
"oV7Hb6v0mY2","2026-09-13 23:43:24.316","2026-09-22 00:25:59.155","oV7Hb6v0mY2","18496365","[PREMIUM]","[PREMIUM]","[PREMIUM]","217","Section 217","m",4,"[]","2026-11-09 00:00:00","electronic","exchange",1,"[PREMIUM]","2,4"
"oV7Hb6v09Y3","2026-09-13 23:43:24.316","2026-09-26 22:41:03.914","oV7Hb6v09Y3","18496365","[PREMIUM]","[PREMIUM]","[PREMIUM]","121","Section 121","l",4,"[]","2026-11-09 00:00:00","mobile_transfer","exchange",0,"[PREMIUM]","2,4"
"oV7Hb6v0P2D","2026-09-13 23:43:24.316","2026-09-26 22:41:03.914","oV7Hb6v0P2D","18496365","[PREMIUM]","[PREMIUM]","[PREMIUM]","312","Section 312","g",4,"[]","2026-11-09 00:00:00","mobile_transfer","exchange",0,"[PREMIUM]","2,4"
"oV7Hb6vk2MP","2026-09-13 23:43:24.316","2026-09-26 22:41:03.914","oV7Hb6vk2MP","18496365","[PREMIUM]","[PREMIUM]","[PREMIUM]","119","Section 119","j",2,"[]","2026-11-08 00:00:00","mobile_transfer","exchange",1,"[PREMIUM]","2"
"oV7Hb6vGlnp","2026-09-13 23:43:24.316","2026-09-26 22:41:03.914","oV7Hb6vGlnp","18496365","[PREMIUM]","[PREMIUM]","[PREMIUM]","309","Section 309","g",2,"[]","2026-11-09 00:00:00","mobile_transfer","exchange",0,"[PREMIUM]","2"
"pVXHD7eKar5","2026-09-13 23:43:24.316","2026-09-13 23:43:24.316","pVXHD7eKar5","18496365","[PREMIUM]","[PREMIUM]","[PREMIUM]","320","Section 320","j",6,"[]","2026-11-09 00:00:00","electronic","exchange",0,"[PREMIUM]","1,2,3,4,5,6"
"pVXHD7eKa5a","2026-09-13 23:43:24.316","2026-09-13 23:43:24.316","pVXHD7eKa5a","18496365","[PREMIUM]","[PREMIUM]","[PREMIUM]","116","Section 116","k",6,"[]","2026-11-09 00:00:00","electronic","exchange",1,"[PREMIUM]","1,2,3,4,5,6"
"pVXHD7eKa2l","2026-09-13 23:43:24.316","2026-09-13 23:43:24.316","pVXHD7eKa2l","18496365","[PREMIUM]","[PREMIUM]","[PREMIUM]","107","Section 107","l",5,"[]","2026-11-09 00:00:00","electronic","exchange",1,"[PREMIUM]","1,2,3,4,5"
"pVXHD7eKaNa","2026-09-13 23:43:24.316","2026-09-13 23:43:24.316","pVXHD7eKaNa","18496365","[PREMIUM]","[PREMIUM]","[PREMIUM]","114","Section 114","n",4,"[]","2026-11-09 00:00:00","electronic","exchange",1,"[PREMIUM]","1,2,3,4"
"pVXHD7exzGl","2026-09-13 23:43:24.316","2026-09-26 22:41:03.914","pVXHD7exzGl","18496365","[PREMIUM]","[PREMIUM]","[PREMIUM]","319","Section 319","o",4,"[]","2026-11-09 00:00:00","mobile_transfer","exchange",0,"[PREMIUM]","2,4"
"pVXHD7e8ZGb","2026-09-13 23:43:24.316","2026-09-26 22:41:03.914","pVXHD7e8ZGb","18496365","[PREMIUM]","[PREMIUM]","[PREMIUM]","333","Section 333","e",2,"[]","2026-11-09 00:00:00","mobile_transfer","exchange",0,"[PREMIUM]","2"
"qVjH2moKjj3","2026-09-13 23:43:24.316","2026-09-20 23:38:14.303","qVjH2moKjj3","18496365","[PREMIUM]","[PREMIUM]","[PREMIUM]","314","Section 314","k",3,"[]","2026-11-09 00:00:00","electronic","exchange",0,"[PREMIUM]","1,3"
"qVjH2moZY5Z","2026-09-13 23:43:24.316","2026-09-13 23:43:24.316","qVjH2moZY5Z","18496365","[PREMIUM]","[PREMIUM]","[PREMIUM]","116","Section 116","h",6,"[]","2026-11-09 00:00:00","electronic","exchange",0,"[PREMIUM]","1,2,3,4,5,6"
"qVjH2moZYEg","2026-09-13 23:43:24.316","2026-09-13 23:43:24.316","qVjH2moZYEg","18496365","[PREMIUM]","[PREMIUM]","[PREMIUM]","108","Section 108","f",3,"[]","2026-11-09 00:00:00","electronic","exchange",0,"[PREMIUM]","1,2,3"
"qVjH2moZYmB","2026-09-13 23:43:24.316","2026-09-13 23:43:24.316","qVjH2moZYmB","18496365","[PREMIUM]","[PREMIUM]","[PREMIUM]","101","Section 101","o",6,"[]","2026-11-09 00:00:00","electronic","exchange",1,"[PREMIUM]","1,2,3,4,5,6"
"qVjH2moZYjz","2026-09-13 23:43:24.316","2026-09-13 23:43:24.316","qVjH2moZYjz","18496365","[PREMIUM]","[PREMIUM]","[PREMIUM]","319","Section 319","p",6,"[]","2026-11-09 00:00:00","electronic","exchange",0,"[PREMIUM]","1,2,3,4,5,6"
"qVjH2moZYNZ","2026-09-13 23:43:24.316","2026-09-13 23:43:24.316","qVjH2moZYNZ","18496365","[PREMIUM]","[PREMIUM]","[PREMIUM]","114","Section 114","l",4,"[]","2026-11-09 00:00:00","electronic","exchange",1,"[PREMIUM]","1,2,3,4"
"qVjH2moRbjr","2026-09-13 23:43:24.316","2026-09-26 22:41:03.914","qVjH2moRbjr","18496365","[PREMIUM]","[PREMIUM]","[PREMIUM]","309","Section 309","f",2,"[]","2026-11-09 00:00:00","mobile_transfer","exchange",0,"[PREMIUM]","2"
"qVjH2moRLBn","2026-09-13 23:43:24.316","2026-09-26 22:41:03.914","qVjH2moRLBn","18496365","[PREMIUM]","[PREMIUM]","[PREMIUM]","318","Section 318","n",2,"[]","2026-11-09 00:00:00","mobile_transfer","exchange",0,"[PREMIUM]","2"
"rVOHkpdZPeZ","2026-09-13 23:43:24.316","2026-09-19 23:22:06.858","rVOHkpdZPeZ","18496365","[PREMIUM]","[PREMIUM]","[PREMIUM]","313","Section 313","g",2,"[]","2026-11-09 00:00:00","electronic","exchange",1,"[PREMIUM]","2"
"rVOHkpd0GV6","2026-09-13 23:43:24.316","2026-09-18 23:24:22.669","rVOHkpd0GV6","18496365","[PREMIUM]","[PREMIUM]","[PREMIUM]","211","Section 211","n",3,"[]","2026-11-09 00:00:00","electronic","exchange",0,"[PREMIUM]","1,3"
"rVOHkpd0KvP","2026-09-13 23:43:24.316","2026-09-26 22:41:03.914","rVOHkpd0KvP","18496365","[PREMIUM]","[PREMIUM]","[PREMIUM]","121","Section 121","r",4,"[]","2026-11-09 00:00:00","mobile_transfer","exchange",0,"[PREMIUM]","2,4"
"rVOHkpd04Yo","2026-09-13 23:43:24.316","2026-09-26 22:41:03.914","rVOHkpd04Yo","18496365","[PREMIUM]","[PREMIUM]","[PREMIUM]","331","Section 331","l",5,"[]","2026-11-09 00:00:00","mobile_transfer","exchange",0,"[PREMIUM]","1,3,5"
"rVOHkpdzMjJ","2026-09-13 23:43:24.316","2026-09-13 23:43:24.316","rVOHkpdzMjJ","18496365","[PREMIUM]","[PREMIUM]","[PREMIUM]","218","Section 218","g",5,"[]","2026-11-09 00:00:00","electronic","exchange",1,"[PREMIUM]","1,2,3,4,5"
"rVOHkpdzMxM","2026-09-13 23:43:24.316","2026-09-13 23:43:24.316","rVOHkpdzMxM","18496365","[PREMIUM]","[PREMIUM]","[PREMIUM]","317","Section 317","n",5,"[]","2026-11-09 00:00:00","electronic","exchange",0,"[PREMIUM]","1,2,3,4,5"
"rVOHkpdzMNx","2026-09-13 23:43:24.316","2026-09-13 23:43:24.316","rVOHkpdzMNx","18496365","[PREMIUM]","[PREMIUM]","[PREMIUM]","111","Section 111","k",4,"[]","2026-11-09 00:00:00","electronic","exchange",2,"[PREMIUM]","1,2,3,4"
"rVOHkpdzM0p","2026-09-13 23:43:24.316","2026-09-13 23:43:24.316","rVOHkpdzM0p","18496365","[PREMIUM]","[PREMIUM]","[PREMIUM]","119","Section 119","l",4,"[]","2026-11-09 00:00:00","electronic","exchange",1,"[PREMIUM]","1,2,3,4"
"rVOHkpdz2j5","2026-09-13 23:43:24.316","2026-09-13 23:43:24.316","rVOHkpdz2j5","18496365","[PREMIUM]","[PREMIUM]","[PREMIUM]","107","Section 107","bb",4,"[]","2026-11-09 00:00:00","electronic","exchange",5,"[PREMIUM]","2,4"
"rVOHkpdzMRa","2026-09-13 23:43:24.316","2026-09-13 23:43:24.316","rVOHkpdzMRa","18496365","[PREMIUM]","[PREMIUM]","[PREMIUM]","106","Section 106","b",2,"[]","2026-11-09 00:00:00","electronic","exchange",0,"[PREMIUM]","2"
"vb3iPwnkEeJ","2026-09-13 23:43:24.316","2026-09-13 23:43:24.316","vb3iPwnkEeJ","18496365","[PREMIUM]","[PREMIUM]","[PREMIUM]","105","Section 105","j",4,"[]","2026-11-09 00:00:00","electronic","exchange",0,"[PREMIUM]","1,2,3,4"
"vb3iPwnkEZP","2026-09-13 23:43:24.316","2026-09-13 23:43:24.316","vb3iPwnkEZP","18496365","[PREMIUM]","[PREMIUM]","[PREMIUM]","110","Section 110","g",4,"[]","2026-11-09 00:00:00","electronic","exchange",1,"[PREMIUM]","1,2,3,4"
"vb3iPwnkEOr","2026-09-13 23:43:24.316","2026-09-13 23:43:24.316","vb3iPwnkEOr","18496365","[PREMIUM]","[PREMIUM]","[PREMIUM]","316","Section 316","g",6,"[]","2026-11-09 00:00:00","electronic","exchange",0,"[PREMIUM]","1,2,3,4,5,6"
"vb3iPwnqVbB","2026-09-13 23:43:24.316","2026-09-26 22:41:03.914","vb3iPwnqVbB","18496365","[PREMIUM]","[PREMIUM]","[PREMIUM]","224","Section 224","k",4,"[]","2026-11-09 00:00:00","mobile_transfer","exchange",0,"[PREMIUM]","2,4"
"vb3iPwnqOMm","2026-09-13 23:43:24.316","2026-09-26 22:41:03.914","vb3iPwnqOMm","18496365","[PREMIUM]","[PREMIUM]","[PREMIUM]","119","Section 119","o",3,"[]","2026-11-09 00:00:00","mobile_transfer","exchange",0,"[PREMIUM]","1,3"
"vb3iPwn2pjg","2026-09-13 23:43:24.316","2026-09-26 22:41:03.914","vb3iPwn2pjg","18496365","[PREMIUM]","[PREMIUM]","[PREMIUM]","207","Section 207","f",2,"[]","2026-11-09 00:00:00","mobile_transfer","exchange",0,"[PREMIUM]","2"
"w3Jse8rGXpw","2026-09-13 23:43:24.316","2026-09-13 23:43:24.316","w3Jse8rGXpw","18496365","[PREMIUM]","[PREMIUM]","[PREMIUM]","205","Section 205","l",2,"[]","2026-11-09 00:00:00","electronic","exchange",1,"[PREMIUM]","2"
"w3Jse8rGADe","2026-09-13 23:43:24.316","2026-09-13 23:43:24.316","w3Jse8rGADe","18496365","[PREMIUM]","[PREMIUM]","[PREMIUM]","333","Section 333","a",4,"[]","2026-11-09 00:00:00","electronic","exchange",0,"[PREMIUM]","1,2,3,4"
"w3Jse8rGXNE","2026-09-13 23:43:24.316","2026-09-13 23:43:24.316","w3Jse8rGXNE","18496365","[PREMIUM]","[PREMIUM]","[PREMIUM]","110","Section 110","l",6,"[]","2026-11-09 00:00:00","electronic","exchange",0,"[PREMIUM]","1,2,3,4,5,6"
"w3Jse8rKjbD","2026-09-13 23:43:24.316","2026-09-26 22:41:03.914","w3Jse8rKjbD","18496365","[PREMIUM]","[PREMIUM]","[PREMIUM]","304","Section 304","g",2,"[]","2026-11-09 00:00:00","mobile_transfer","exchange",0,"[PREMIUM]","2"
"w3Jse8rKbx3","2026-09-13 23:43:24.316","2026-09-26 22:41:03.914","w3Jse8rKbx3","18496365","[PREMIUM]","[PREMIUM]","[PREMIUM]","219","Section 219","h",3,"[]","2026-11-09 00:00:00","mobile_transfer","exchange",0,"[PREMIUM]","1,3"
"w3Jse8r7P3m","2026-09-13 23:43:24.316","2026-09-26 22:41:03.914","w3Jse8r7P3m","18496365","[PREMIUM]","[PREMIUM]","[PREMIUM]","105","Section 105","e",2,"[]","2026-11-08 00:00:00","mobile_transfer","exchange",0,"[PREMIUM]","2"
"w3Jse8r0n0N","2026-09-13 23:43:24.316","2026-09-26 22:41:03.914","w3Jse8r0n0N","18496365","[PREMIUM]","[PREMIUM]","[PREMIUM]","103","Section 103","a",2,"['9','10']","2026-11-07 00:00:00","mobile_transfer","exchange",1,"[PREMIUM]","2"
"xb9imMDm3kY","2026-09-13 23:43:24.316","2026-09-26 22:41:03.914","xb9imMDm3kY","18496365","[PREMIUM]","[PREMIUM]","[PREMIUM]","105","Section 105","e",2,"[]","2026-11-09 00:00:00","mobile_transfer","exchange",0,"[PREMIUM]","2"
"xb9imlne3B7","2026-09-13 23:43:24.316","2026-09-13 23:43:24.316","xb9imlne3B7","18496365","[PREMIUM]","[PREMIUM]","[PREMIUM]","102","Section 102","n",4,"[]","2026-11-09 00:00:00","electronic","exchange",1,"[PREMIUM]","1,2,3,4"
"xb9imlne3JE","2026-09-13 23:43:24.316","2026-09-13 23:43:24.316","xb9imlne3JE","18496365","[PREMIUM]","[PREMIUM]","[PREMIUM]","322","Section 322","b",5,"[]","2026-11-09 00:00:00","electronic","exchange",0,"[PREMIUM]","1,2,3,4,5"
"xb9imlne3Nm","2026-09-13 23:43:24.316","2026-09-13 23:43:24.316","xb9imlne3Nm","18496365","[PREMIUM]","[PREMIUM]","[PREMIUM]","114","Section 114","p",4,"[]","2026-11-09 00:00:00","electronic","exchange",1,"[PREMIUM]","1,2,3,4"
"xb9imlne3Pm","2026-09-13 23:43:24.316","2026-09-13 23:43:24.316","xb9imlne3Pm","18496365","[PREMIUM]","[PREMIUM]","[PREMIUM]","116","Section 116","k",4,"[]","2026-11-09 00:00:00","electronic","exchange",1,"[PREMIUM]","1,2,3,4"
"xb9imlne9OX","2026-09-13 23:43:24.316","2026-09-13 23:43:24.316","xb9imlne9OX","18496365","[PREMIUM]","[PREMIUM]","[PREMIUM]","121","Section 121","o",5,"[]","2026-11-09 00:00:00","electronic","exchange",1,"[PREMIUM]","1,2,3,5"
"xb9imlnXvR2","2026-09-13 23:43:24.316","2026-09-26 22:41:03.914","xb9imlnXvR2","18496365","[PREMIUM]","[PREMIUM]","[PREMIUM]","219","Section 219","n",2,"[]","2026-11-09 00:00:00","mobile_transfer","exchange",1,"[PREMIUM]","2"
"xb9imlnX8ZG","2026-09-13 23:43:24.316","2026-09-26 22:41:03.914","xb9imlnX8ZG","18496365","[PREMIUM]","[PREMIUM]","[PREMIUM]","314","Section 314","b",4,"[]","2026-11-09 00:00:00","mobile_transfer","exchange",0,"[PREMIUM]","2,4"
