"_primaryKey","_firstSeenAt","_lastSeenAt","eventId","name","shortName","type","datetimeUtc","endDatetimeUtc","dateTbd","timeTbd","datetimeTbd","status","scheduleStatus","conditional","contingent","isOpen","isVisible","isHybrid","eventScore","popularityScore","url","createdAt","announceDate","visibleAt","visibleUntilUtc","listingCount","ticketCount","averagePrice","lowestPrice","highestPrice","medianPrice","lowestSgBasePrice","venueId","performerIds","taxonomyName","taxonomySubName","ticketmasterId","stubhubId","integratedProvider","integratedProviderId","isMapped","isGa","seatSelectionEnabled"
"18494585","2026-08-16 22:09:58.235","2026-08-16 22:09:58.235",18494585,"New Orleans Pelicans at San Antonio Spurs","Pelicans at Spurs","nba","2027-01-14 19:00:00","2027-01-14 20:00:00",false,false,false,"normal","as_originally_scheduled",false,false,false,true,true,"[PREMIUM]","[PREMIUM]","https://seatgeek.com/san-antonio-spurs-tickets/1-14-2027-san-antonio-texas-frost-bank-center/nba/18494585","2026-08-13 19:21:09","2026-08-13 00:00:00","2026-08-13 19:21:01","2027-01-14 20:00:00","[PREMIUM]","[PREMIUM]","[PREMIUM]","[PREMIUM]","[PREMIUM]","[PREMIUM]","[PREMIUM]",185,"[2117,2116]","sports","basketball",,,,,true,false,true
"18251992","2026-08-16 22:08:19.797","2026-08-16 22:08:19.797",18251992,"AT&T Stadium VIP Guided Rally Day Tour + Dallas Cowboys Locker Room","AT&T Stadium VIP Guided Rally Day Tour + Dallas Cowboys Locker Room","stadium_tours","2026-11-21 15:45:00","2026-11-21 15:55:00",false,false,false,"normal","as_originally_scheduled",false,false,true,true,false,"[PREMIUM]","[PREMIUM]","https://seatgeek.com/at-t-stadium-vip-guided-rally-day-tour-1-tickets/stadium-tours/2026-11-21-9-45-am/18251992","2026-05-19 13:30:22","2026-05-19 00:00:00","2026-05-27 15:00:00","2026-11-21 15:55:00","[PREMIUM]","[PREMIUM]","[PREMIUM]","[PREMIUM]","[PREMIUM]","[PREMIUM]","[PREMIUM]",4965,"[1954364]","sports","football",,,"OPEN","e_lyzcMnAPvvfmbvr5Vf1G5elbh6JVnJq",false,true,true
"18251985","2026-08-16 22:08:19.797","2026-08-16 22:08:19.797",18251985,"AT&T Stadium VIP Guided Rally Day Tour + Dallas Cowboys Locker Room","AT&T Stadium VIP Guided Rally Day Tour + Dallas Cowboys Locker Room","stadium_tours","2026-11-21 15:00:00","2026-11-21 15:10:00",false,false,false,"normal","as_originally_scheduled",false,false,true,true,false,"[PREMIUM]","[PREMIUM]","https://seatgeek.com/at-t-stadium-vip-guided-rally-day-tour-1-tickets/stadium-tours/2026-11-21-9-am/18251985","2026-05-19 13:30:22","2026-05-19 00:00:00","2026-05-27 15:00:00","2026-11-21 15:10:00","[PREMIUM]","[PREMIUM]","[PREMIUM]","[PREMIUM]","[PREMIUM]","[PREMIUM]","[PREMIUM]",4965,"[1954364]","sports","football",,,"OPEN","e_VezujpJK3XiExkgkGFBvpEeJUVmbMm",false,true,true
"18499938","2026-08-16 22:08:15.732","2026-08-16 22:08:15.732",18499938,"AT&T Stadium VIP Guided Tour","AT&T Stadium VIP Guided Tour","stadium_tours","2026-10-27 04:00:00","2026-10-27 04:15:00",false,false,false,"normal","as_originally_scheduled",false,false,true,true,false,"[PREMIUM]","[PREMIUM]","https://seatgeek.com/at-t-stadium-vip-guided-tour-tickets/stadium-tours/2026-10-26-11-pm/18499938","2026-08-14 20:48:31","2026-08-14 00:00:00","2026-08-14 15:00:00","2026-10-27 04:15:00","[PREMIUM]","[PREMIUM]","[PREMIUM]","[PREMIUM]","[PREMIUM]","[PREMIUM]","[PREMIUM]",4965,"[807539]","sports","football",,,"OPEN","e_524I4P44Jjh3KvpkLcbKQK30TbMn2X0",false,true,false
"18499934","2026-08-16 22:08:15.732","2026-08-16 22:08:15.732",18499934,"AT&T Stadium VIP Guided Tour","AT&T Stadium VIP Guided Tour","stadium_tours","2026-10-27 03:00:00","2026-10-27 03:15:00",false,false,false,"normal","as_originally_scheduled",false,false,true,true,false,"[PREMIUM]","[PREMIUM]","https://seatgeek.com/at-t-stadium-vip-guided-tour-tickets/stadium-tours/2026-10-26-10-pm/18499934","2026-08-14 20:48:31","2026-08-14 00:00:00","2026-08-14 15:00:00","2026-10-27 03:15:00","[PREMIUM]","[PREMIUM]","[PREMIUM]","[PREMIUM]","[PREMIUM]","[PREMIUM]","[PREMIUM]",4965,"[807539]","sports","football",,,"OPEN","e_XLPhrYe4ZZUJVAbMqTG8WDx6SNRr5QY",false,true,false
"18499921","2026-08-16 22:08:15.732","2026-08-16 22:08:15.732",18499921,"AT&T Stadium VIP Guided Tour","AT&T Stadium VIP Guided Tour","stadium_tours","2026-10-27 01:00:00","2026-10-27 01:15:00",false,false,false,"normal","as_originally_scheduled",false,false,true,true,false,"[PREMIUM]","[PREMIUM]","https://seatgeek.com/at-t-stadium-vip-guided-tour-tickets/stadium-tours/2026-10-26-8-pm/18499921","2026-08-14 20:48:31","2026-08-14 00:00:00","2026-08-14 15:00:00","2026-10-27 01:15:00","[PREMIUM]","[PREMIUM]","[PREMIUM]","[PREMIUM]","[PREMIUM]","[PREMIUM]","[PREMIUM]",4965,"[807539]","sports","football",,,"OPEN","e_qpYCpXNenqIVQVKpYs5AA6YwHEXREWp",false,true,false
"18499919","2026-08-16 22:08:15.732","2026-08-16 22:08:15.732",18499919,"AT&T Stadium VIP Guided Tour","AT&T Stadium VIP Guided Tour","stadium_tours","2026-10-27 00:00:00","2026-10-27 00:15:00",false,false,false,"normal","as_originally_scheduled",false,false,true,true,false,"[PREMIUM]","[PREMIUM]","https://seatgeek.com/at-t-stadium-vip-guided-tour-tickets/stadium-tours/2026-10-26-7-pm/18499919","2026-08-14 20:48:31","2026-08-14 00:00:00","2026-08-14 15:00:00","2026-10-27 00:15:00","[PREMIUM]","[PREMIUM]","[PREMIUM]","[PREMIUM]","[PREMIUM]","[PREMIUM]","[PREMIUM]",4965,"[807539]","sports","football",,,"OPEN","e_ZVdI6REKj4ulxywAJUVWdXDBIkBkL2Y",false,true,false
"18499912","2026-08-16 22:08:15.732","2026-08-16 22:08:15.732",18499912,"AT&T Stadium VIP Guided Tour","AT&T Stadium VIP Guided Tour","stadium_tours","2026-10-26 22:00:00","2026-10-26 22:15:00",false,false,false,"normal","as_originally_scheduled",false,false,true,true,false,"[PREMIUM]","[PREMIUM]","https://seatgeek.com/at-t-stadium-vip-guided-tour-tickets/stadium-tours/2026-10-26-5-pm/18499912","2026-08-14 20:48:31","2026-08-14 00:00:00","2026-08-14 15:00:00","2026-10-26 22:15:00","[PREMIUM]","[PREMIUM]","[PREMIUM]","[PREMIUM]","[PREMIUM]","[PREMIUM]","[PREMIUM]",4965,"[807539]","sports","football",,,"OPEN","e_d9ATndX80XFjjDpqAS8kPM8QUWxPNB0",false,true,false
"18499882","2026-08-16 22:08:15.732","2026-08-16 22:08:15.732",18499882,"AT&T Stadium VIP Guided Tour","AT&T Stadium VIP Guided Tour","stadium_tours","2026-10-26 23:00:00","2026-10-26 23:15:00",false,false,false,"normal","as_originally_scheduled",false,false,true,true,false,"[PREMIUM]","[PREMIUM]","https://seatgeek.com/at-t-stadium-vip-guided-tour-tickets/stadium-tours/2026-10-26-6-pm/18499882","2026-08-14 20:48:31","2026-08-14 00:00:00","2026-08-14 15:00:00","2026-10-26 23:15:00","[PREMIUM]","[PREMIUM]","[PREMIUM]","[PREMIUM]","[PREMIUM]","[PREMIUM]","[PREMIUM]",4965,"[807539]","sports","football",,,"OPEN","e_zqkfQg6Xy1cpDLmP4hyv8j0xIqbpJWN",false,true,false
"18499939","2026-08-16 22:08:15.732","2026-08-16 22:08:15.732",18499939,"AT&T Stadium VIP Guided Tour","AT&T Stadium VIP Guided Tour","stadium_tours","2026-10-27 02:00:00","2026-10-27 02:15:00",false,false,false,"normal","as_originally_scheduled",false,false,true,true,false,"[PREMIUM]","[PREMIUM]","https://seatgeek.com/at-t-stadium-vip-guided-tour-tickets/stadium-tours/2026-10-26-9-pm/18499939","2026-08-14 20:48:31","2026-08-14 00:00:00","2026-08-14 15:00:00","2026-10-27 02:15:00","[PREMIUM]","[PREMIUM]","[PREMIUM]","[PREMIUM]","[PREMIUM]","[PREMIUM]","[PREMIUM]",4965,"[807539]","sports","football",,,"OPEN","e_3d4IqV1jeTRZj6DBTMJeNg0tY2VdZe",false,true,false
"18310649","2026-08-16 22:07:42.279","2026-08-16 22:07:42.279",18310649,"AT&T Stadium VIP Guided Tour","AT&T Stadium VIP Guided Tour","stadium_tours","2026-08-19 18:00:00","2026-08-19 18:15:00",false,false,false,"normal","as_originally_scheduled",false,false,true,true,false,"[PREMIUM]","[PREMIUM]","https://seatgeek.com/at-t-stadium-vip-guided-tour-tickets/stadium-tours/2026-08-19-1-pm/18310649","2026-06-15 20:17:14","2026-06-15 00:00:00","2026-06-15 15:00:00","2026-08-19 18:15:00","[PREMIUM]","[PREMIUM]","[PREMIUM]","[PREMIUM]","[PREMIUM]","[PREMIUM]","[PREMIUM]",4965,"[807539]","sports","football",,,"OPEN","e_rYeSj3zMDpI4bw62GhK5VkxwFLJeGEq",false,true,false
"18327647","2026-08-16 22:07:42.279","2026-08-16 22:07:42.279",18327647,"Dallas Cowboys Fan Experiences Practice #11","Dallas Cowboys Fan Experiences Practice #11","nfl","2026-08-17 22:00:00","2026-08-17 22:00:00",false,false,false,"normal","as_originally_scheduled",false,false,true,true,false,"[PREMIUM]","[PREMIUM]","https://seatgeek.com/dallas-cowboys-fan-experiences-tickets/8-17-2026-oxnard-california-river-ridge-playing-fields/nfl/18327647","2026-06-23 20:56:09","2026-06-23 00:00:00","2026-06-22 07:00:00","2026-08-17 22:00:00","[PREMIUM]","[PREMIUM]","[PREMIUM]","[PREMIUM]","[PREMIUM]","[PREMIUM]","[PREMIUM]",521360,"[803931,2066]","sports","football",,,"OPEN","e_VzCd2dmYqIAp0BRXfq6j1yjH0xDmrQ",false,true,false
"18310775","2026-08-16 22:07:42.279","2026-08-16 22:07:42.279",18310775,"AT&T Stadium VIP Guided Tour","AT&T Stadium VIP Guided Tour","stadium_tours","2026-08-18 18:00:00","2026-08-18 18:15:00",false,false,false,"normal","as_originally_scheduled",false,false,true,true,false,"[PREMIUM]","[PREMIUM]","https://seatgeek.com/at-t-stadium-vip-guided-tour-tickets/stadium-tours/2026-08-18-1-pm/18310775","2026-06-15 20:17:14","2026-06-15 00:00:00","2026-06-15 15:00:00","2026-08-18 18:15:00","[PREMIUM]","[PREMIUM]","[PREMIUM]","[PREMIUM]","[PREMIUM]","[PREMIUM]","[PREMIUM]",4965,"[807539]","sports","football",,,"OPEN","e_A4NcjLqGlvHpvqEGbI4j965mT8gLzyY",false,true,false
"18310774","2026-08-16 22:07:42.279","2026-08-16 22:07:42.279",18310774,"AT&T Stadium VIP Guided Tour","AT&T Stadium VIP Guided Tour","stadium_tours","2026-08-18 19:00:00","2026-08-18 19:15:00",false,false,false,"normal","as_originally_scheduled",false,false,true,true,false,"[PREMIUM]","[PREMIUM]","https://seatgeek.com/at-t-stadium-vip-guided-tour-tickets/stadium-tours/2026-08-18-2-pm/18310774","2026-06-15 20:17:14","2026-06-15 00:00:00","2026-06-15 15:00:00","2026-08-18 19:15:00","[PREMIUM]","[PREMIUM]","[PREMIUM]","[PREMIUM]","[PREMIUM]","[PREMIUM]","[PREMIUM]",4965,"[807539]","sports","football",,,"OPEN","e_rYeSJkyk2kf4LleAGc2AnvNLtPyyzdQ",false,true,false
"18310768","2026-08-16 22:07:42.279","2026-08-16 22:07:42.279",18310768,"AT&T Stadium VIP Guided Tour","AT&T Stadium VIP Guided Tour","stadium_tours","2026-08-18 21:00:00","2026-08-18 21:15:00",false,false,false,"normal","as_originally_scheduled",false,false,true,true,false,"[PREMIUM]","[PREMIUM]","https://seatgeek.com/at-t-stadium-vip-guided-tour-tickets/stadium-tours/2026-08-18-4-pm/18310768","2026-06-15 20:17:14","2026-06-15 00:00:00","2026-06-15 15:00:00","2026-08-18 21:15:00","[PREMIUM]","[PREMIUM]","[PREMIUM]","[PREMIUM]","[PREMIUM]","[PREMIUM]","[PREMIUM]",4965,"[807539]","sports","football",,,"OPEN","e_bzkI44JWDxTvjMKBEclyWyRMtEJ0K9N",false,true,false
"18310767","2026-08-16 22:07:42.279","2026-08-16 22:07:42.279",18310767,"AT&T Stadium VIP Guided Tour","AT&T Stadium VIP Guided Tour","stadium_tours","2026-08-18 20:00:00","2026-08-18 20:15:00",false,false,false,"normal","as_originally_scheduled",false,false,true,true,false,"[PREMIUM]","[PREMIUM]","https://seatgeek.com/at-t-stadium-vip-guided-tour-tickets/stadium-tours/2026-08-18-3-pm/18310767","2026-06-15 20:17:14","2026-06-15 00:00:00","2026-06-15 15:00:00","2026-08-18 20:15:00","[PREMIUM]","[PREMIUM]","[PREMIUM]","[PREMIUM]","[PREMIUM]","[PREMIUM]","[PREMIUM]",4965,"[807539]","sports","football",,,"OPEN","e_3d4IgJ8BJLtRrbN6NUPwvEZ6UQN8QVR",false,true,false
"18310761","2026-08-16 22:07:42.279","2026-08-16 22:07:42.279",18310761,"AT&T Stadium VIP Guided Tour","AT&T Stadium VIP Guided Tour","stadium_tours","2026-08-19 21:00:00","2026-08-19 21:15:00",false,false,false,"normal","as_originally_scheduled",false,false,true,true,false,"[PREMIUM]","[PREMIUM]","https://seatgeek.com/at-t-stadium-vip-guided-tour-tickets/stadium-tours/2026-08-19-4-pm/18310761","2026-06-15 20:17:14","2026-06-15 00:00:00","2026-06-15 15:00:00","2026-08-19 21:15:00","[PREMIUM]","[PREMIUM]","[PREMIUM]","[PREMIUM]","[PREMIUM]","[PREMIUM]","[PREMIUM]",4965,"[807539]","sports","football",,,"OPEN","e_11QCdQv4ZnFjbVVmdiwwkmeKFlMP3J6",false,true,false
"18310757","2026-08-16 22:07:42.279","2026-08-16 22:07:42.279",18310757,"AT&T Stadium Owner's Experience Tour","AT&T Stadium Owner's Experience Tour","stadium_tours","2026-08-18 17:00:00","2026-08-18 17:15:00",false,false,false,"normal","as_originally_scheduled",false,false,true,true,false,"[PREMIUM]","[PREMIUM]","https://seatgeek.com/at-t-stadium-owner-s-experience-tour-tickets/stadium-tours/2026-08-18-12-pm/18310757","2026-06-15 20:17:14","2026-06-15 00:00:00","2026-06-15 15:00:00","2026-08-18 17:15:00","[PREMIUM]","[PREMIUM]","[PREMIUM]","[PREMIUM]","[PREMIUM]","[PREMIUM]","[PREMIUM]",4965,"[810600]","sports","football",,,"OPEN","e_pPjfQGXb03F3vyXBlSgBb384fqWkArX",false,true,true
"18310752","2026-08-16 22:07:42.279","2026-08-16 22:07:42.279",18310752,"AT&T Stadium Owner's Experience Tour","AT&T Stadium Owner's Experience Tour","stadium_tours","2026-08-19 15:00:00","2026-08-19 15:15:00",false,false,false,"normal","as_originally_scheduled",false,false,true,true,false,"[PREMIUM]","[PREMIUM]","https://seatgeek.com/at-t-stadium-owner-s-experience-tour-tickets/stadium-tours/2026-08-19-10-am/18310752","2026-06-15 20:17:14","2026-06-15 00:00:00","2026-06-15 15:00:00","2026-08-19 15:15:00","[PREMIUM]","[PREMIUM]","[PREMIUM]","[PREMIUM]","[PREMIUM]","[PREMIUM]","[PREMIUM]",4965,"[810600]","sports","football",,,"OPEN","e_524INVlZVzi1vpkMZcMQr30YC0vZZz1",false,true,true
"18310742","2026-08-16 22:07:42.279","2026-08-16 22:07:42.279",18310742,"AT&T Stadium Owner's Experience Tour","AT&T Stadium Owner's Experience Tour","stadium_tours","2026-08-18 15:00:00","2026-08-18 15:15:00",false,false,false,"normal","as_originally_scheduled",false,false,true,true,false,"[PREMIUM]","[PREMIUM]","https://seatgeek.com/at-t-stadium-owner-s-experience-tour-tickets/stadium-tours/2026-08-18-10-am/18310742","2026-06-15 20:17:14","2026-06-15 00:00:00","2026-06-15 15:00:00","2026-08-18 15:15:00","[PREMIUM]","[PREMIUM]","[PREMIUM]","[PREMIUM]","[PREMIUM]","[PREMIUM]","[PREMIUM]",4965,"[810600]","sports","football",,,"OPEN","e_B0ktydnqPYsldW3YNi5DdEG9s8xZN2Z",false,true,true
"18310741","2026-08-16 22:07:42.279","2026-08-16 22:07:42.279",18310741,"AT&T Stadium VIP Guided Tour","AT&T Stadium VIP Guided Tour","stadium_tours","2026-08-19 20:00:00","2026-08-19 20:15:00",false,false,false,"normal","as_originally_scheduled",false,false,true,true,false,"[PREMIUM]","[PREMIUM]","https://seatgeek.com/at-t-stadium-vip-guided-tour-tickets/stadium-tours/2026-08-19-3-pm/18310741","2026-06-15 20:17:14","2026-06-15 00:00:00","2026-06-15 15:00:00","2026-08-19 20:15:00","[PREMIUM]","[PREMIUM]","[PREMIUM]","[PREMIUM]","[PREMIUM]","[PREMIUM]","[PREMIUM]",4965,"[807539]","sports","football",,,"OPEN","e_NKPIL3B85RHmMjJKWUlKVQ3bHWAX0wv",false,true,false
"18310740","2026-08-16 22:07:42.279","2026-08-16 22:07:42.279",18310740,"AT&T Stadium Owner's Experience Tour","AT&T Stadium Owner's Experience Tour","stadium_tours","2026-08-19 17:00:00","2026-08-19 17:15:00",false,false,false,"normal","as_originally_scheduled",false,false,true,true,false,"[PREMIUM]","[PREMIUM]","https://seatgeek.com/at-t-stadium-owner-s-experience-tour-tickets/stadium-tours/2026-08-19-12-pm/18310740","2026-06-15 20:17:14","2026-06-15 00:00:00","2026-06-15 15:00:00","2026-08-19 17:15:00","[PREMIUM]","[PREMIUM]","[PREMIUM]","[PREMIUM]","[PREMIUM]","[PREMIUM]","[PREMIUM]",4965,"[810600]","sports","football",,,"OPEN","e_G2kIywJDDmFVZ8rD5cGY5GlWcK6l24z",false,true,true
"18310736","2026-08-16 22:07:42.279","2026-08-16 22:07:42.279",18310736,"AT&T Stadium VIP Guided Tour","AT&T Stadium VIP Guided Tour","stadium_tours","2026-08-29 18:00:00","2026-08-29 18:15:00",false,false,false,"normal","as_originally_scheduled",false,false,true,true,false,"[PREMIUM]","[PREMIUM]","https://seatgeek.com/at-t-stadium-vip-guided-tour-tickets/stadium-tours/2026-08-29-1-pm/18310736","2026-06-15 20:17:15","2026-06-15 00:00:00","2026-06-15 15:00:00","2026-08-29 18:15:00","[PREMIUM]","[PREMIUM]","[PREMIUM]","[PREMIUM]","[PREMIUM]","[PREMIUM]","[PREMIUM]",4965,"[807539]","sports","football",,,"OPEN","e_XLPhM2Q3pZC9BewB1HGLEq1YiKx6k1Z",false,true,false
"18310684","2026-08-16 22:07:42.279","2026-08-16 22:07:42.279",18310684,"AT&T Stadium VIP Guided Tour","AT&T Stadium VIP Guided Tour","stadium_tours","2026-08-19 19:00:00","2026-08-19 19:15:00",false,false,false,"normal","as_originally_scheduled",false,false,true,true,false,"[PREMIUM]","[PREMIUM]","https://seatgeek.com/at-t-stadium-vip-guided-tour-tickets/stadium-tours/2026-08-19-2-pm/18310684","2026-06-15 20:17:14","2026-06-15 00:00:00","2026-06-15 15:00:00","2026-08-19 19:15:00","[PREMIUM]","[PREMIUM]","[PREMIUM]","[PREMIUM]","[PREMIUM]","[PREMIUM]","[PREMIUM]",4965,"[807539]","sports","football",,,"OPEN","e_ywWCq393xRtk3X1zyU85QwrASxLZN14",false,true,false
"18415273","2026-08-16 22:07:42.279","2026-08-16 22:07:42.279",18415273,"Bubble Lounge: Dallas Cowboys at Arizona Cardinals","Bubble Lounge: Dallas Cowboys at Arizona Cardinals","nfl","2026-08-23 02:00:00","2026-08-23 01:00:00",false,false,false,"normal","as_originally_scheduled",false,false,true,true,false,"[PREMIUM]","[PREMIUM]","https://seatgeek.com/arizona-cardinals-bubble-lounge-tickets/8-22-2026-glendale-arizona-state-farm-stadium/nfl/18415273","2026-07-31 21:16:47","2026-07-31 00:00:00","2026-08-03 15:00:00","2026-08-23 01:00:00","[PREMIUM]","[PREMIUM]","[PREMIUM]","[PREMIUM]","[PREMIUM]","[PREMIUM]","[PREMIUM]",43,"[1986255]","sports","football",,,"OPEN","e_pL4t4mpLX1fJZ6nY8FpKEJ5Eu6jjPPv",false,true,true
"18383558","2026-08-16 22:07:30.967","2026-08-16 22:07:30.967",18383558,"Detroit Tigers at Minnesota Twins","Tigers at Twins","mlb","2027-09-25 08:30:00",,false,true,false,"normal","as_originally_scheduled",false,false,false,true,true,"[PREMIUM]","[PREMIUM]","https://seatgeek.com/minnesota-twins-tickets/9-25-2027-minneapolis-minnesota-target-field/mlb/18383558","2026-07-16 20:09:12","2026-07-16 00:00:00","2026-07-16 20:02:14","2027-09-25 09:30:00","[PREMIUM]","[PREMIUM]","[PREMIUM]","[PREMIUM]","[PREMIUM]","[PREMIUM]","[PREMIUM]",3712,"[19,12]","sports","baseball",,,,,true,false,true
"18383560","2026-08-16 22:07:30.967","2026-08-16 22:07:30.967",18383560,"Detroit Tigers at Minnesota Twins","Tigers at Twins","mlb","2027-09-26 08:30:00",,false,true,false,"normal","as_originally_scheduled",false,false,false,true,true,"[PREMIUM]","[PREMIUM]","https://seatgeek.com/minnesota-twins-tickets/9-26-2027-minneapolis-minnesota-target-field/mlb/18383560","2026-07-16 20:09:11","2026-07-16 00:00:00","2026-07-16 20:02:14","2027-09-26 09:30:00","[PREMIUM]","[PREMIUM]","[PREMIUM]","[PREMIUM]","[PREMIUM]","[PREMIUM]","[PREMIUM]",3712,"[19,12]","sports","baseball",,,,,true,false,true
"18383556","2026-08-16 22:07:27.025","2026-08-16 22:07:27.025",18383556,"Detroit Tigers at Minnesota Twins","Tigers at Twins","mlb","2027-09-24 08:30:00",,false,true,false,"normal","as_originally_scheduled",false,false,false,true,true,"[PREMIUM]","[PREMIUM]","https://seatgeek.com/minnesota-twins-tickets/9-24-2027-minneapolis-minnesota-target-field/mlb/18383556","2026-07-16 20:09:12","2026-07-16 00:00:00","2026-07-16 20:02:14","2027-09-24 09:30:00","[PREMIUM]","[PREMIUM]","[PREMIUM]","[PREMIUM]","[PREMIUM]","[PREMIUM]","[PREMIUM]",3712,"[19,12]","sports","baseball",,,,,true,false,true
"18383555","2026-08-16 22:07:27.025","2026-08-16 22:07:27.025",18383555,"San Francisco Giants at Minnesota Twins","Giants at Twins","mlb","2027-09-23 08:30:00",,false,true,false,"normal","as_originally_scheduled",false,false,false,true,true,"[PREMIUM]","[PREMIUM]","https://seatgeek.com/minnesota-twins-tickets/9-23-2027-minneapolis-minnesota-target-field/mlb/18383555","2026-07-16 20:09:12","2026-07-16 00:00:00","2026-07-16 20:02:14","2027-09-23 09:30:00","[PREMIUM]","[PREMIUM]","[PREMIUM]","[PREMIUM]","[PREMIUM]","[PREMIUM]","[PREMIUM]",3712,"[19,22]","sports","baseball",,,,,true,false,true
"18383552","2026-08-16 22:07:27.025","2026-08-16 22:07:27.025",18383552,"San Francisco Giants at Minnesota Twins","Giants at Twins","mlb","2027-09-22 08:30:00",,false,true,false,"normal","as_originally_scheduled",false,false,false,true,true,"[PREMIUM]","[PREMIUM]","https://seatgeek.com/minnesota-twins-tickets/9-22-2027-minneapolis-minnesota-target-field/mlb/18383552","2026-07-16 20:09:14","2026-07-16 00:00:00","2026-07-16 20:02:14","2027-09-22 09:30:00","[PREMIUM]","[PREMIUM]","[PREMIUM]","[PREMIUM]","[PREMIUM]","[PREMIUM]","[PREMIUM]",3712,"[19,22]","sports","baseball",,,,,true,false,true
"18383551","2026-08-16 22:07:27.025","2026-08-16 22:07:27.025",18383551,"San Francisco Giants at Minnesota Twins","Giants at Twins","mlb","2027-09-21 08:30:00",,false,true,false,"normal","as_originally_scheduled",false,false,false,true,true,"[PREMIUM]","[PREMIUM]","https://seatgeek.com/minnesota-twins-tickets/9-21-2027-minneapolis-minnesota-target-field/mlb/18383551","2026-07-16 20:09:11","2026-07-16 00:00:00","2026-07-16 20:02:14","2027-09-21 09:30:00","[PREMIUM]","[PREMIUM]","[PREMIUM]","[PREMIUM]","[PREMIUM]","[PREMIUM]","[PREMIUM]",3712,"[19,22]","sports","baseball",,,,,true,false,true
"18383547","2026-08-16 22:07:17.035","2026-08-16 22:07:17.035",18383547,"Milwaukee Brewers at Minnesota Twins","Brewers at Twins","mlb","2027-09-12 08:30:00",,false,true,false,"normal","as_originally_scheduled",false,false,false,true,true,"[PREMIUM]","[PREMIUM]","https://seatgeek.com/minnesota-twins-tickets/9-12-2027-minneapolis-minnesota-target-field/mlb/18383547","2026-07-16 20:09:14","2026-07-16 00:00:00","2026-07-16 20:02:14","2027-09-12 09:30:00","[PREMIUM]","[PREMIUM]","[PREMIUM]","[PREMIUM]","[PREMIUM]","[PREMIUM]","[PREMIUM]",3712,"[19,15]","sports","baseball",,,,,true,false,true
"18383546","2026-08-16 22:07:17.035","2026-08-16 22:07:17.035",18383546,"Milwaukee Brewers at Minnesota Twins","Brewers at Twins","mlb","2027-09-11 08:30:00",,false,true,false,"normal","as_originally_scheduled",false,false,false,true,true,"[PREMIUM]","[PREMIUM]","https://seatgeek.com/minnesota-twins-tickets/9-11-2027-minneapolis-minnesota-target-field/mlb/18383546","2026-07-16 20:09:14","2026-07-16 00:00:00","2026-07-16 20:02:14","2027-09-11 09:30:00","[PREMIUM]","[PREMIUM]","[PREMIUM]","[PREMIUM]","[PREMIUM]","[PREMIUM]","[PREMIUM]",3712,"[19,15]","sports","baseball",,,,,true,false,true
"18383542","2026-08-16 22:07:17.035","2026-08-16 22:07:17.035",18383542,"Milwaukee Brewers at Minnesota Twins","Brewers at Twins","mlb","2027-09-10 08:30:00",,false,true,false,"normal","as_originally_scheduled",false,false,false,true,true,"[PREMIUM]","[PREMIUM]","https://seatgeek.com/minnesota-twins-tickets/9-10-2027-minneapolis-minnesota-target-field/mlb/18383542","2026-07-16 20:09:14","2026-07-16 00:00:00","2026-07-16 20:02:14","2027-09-10 09:30:00","[PREMIUM]","[PREMIUM]","[PREMIUM]","[PREMIUM]","[PREMIUM]","[PREMIUM]","[PREMIUM]",3712,"[19,15]","sports","baseball",,,,,true,false,true
"18383539","2026-08-16 22:07:11.539","2026-08-16 22:07:11.539",18383539,"Baltimore Orioles at Minnesota Twins","Orioles at Twins","mlb","2027-09-04 08:30:00",,false,true,false,"normal","as_originally_scheduled",false,false,false,true,true,"[PREMIUM]","[PREMIUM]","https://seatgeek.com/minnesota-twins-tickets/9-4-2027-minneapolis-minnesota-target-field/mlb/18383539","2026-07-16 20:09:14","2026-07-16 00:00:00","2026-07-16 20:02:14","2027-09-04 09:30:00","[PREMIUM]","[PREMIUM]","[PREMIUM]","[PREMIUM]","[PREMIUM]","[PREMIUM]","[PREMIUM]",3712,"[19,25]","sports","baseball",,,,,true,false,true
"18383532","2026-08-16 22:07:11.539","2026-08-16 22:07:11.539",18383532,"Arizona Diamondbacks at Minnesota Twins","Diamondbacks at Twins","mlb","2027-08-31 08:30:00",,false,true,false,"normal","as_originally_scheduled",false,false,false,true,true,"[PREMIUM]","[PREMIUM]","https://seatgeek.com/minnesota-twins-tickets/8-31-2027-minneapolis-minnesota-target-field/mlb/18383532","2026-07-16 20:09:10","2026-07-16 00:00:00","2026-07-16 20:02:14","2027-08-31 09:30:00","[PREMIUM]","[PREMIUM]","[PREMIUM]","[PREMIUM]","[PREMIUM]","[PREMIUM]","[PREMIUM]",3712,"[19,30]","sports","baseball",,,,,true,false,true
"18383535","2026-08-16 22:07:11.539","2026-08-16 22:07:11.539",18383535,"Arizona Diamondbacks at Minnesota Twins","Diamondbacks at Twins","mlb","2027-09-01 08:30:00",,false,true,false,"normal","as_originally_scheduled",false,false,false,true,true,"[PREMIUM]","[PREMIUM]","https://seatgeek.com/minnesota-twins-tickets/9-1-2027-minneapolis-minnesota-target-field/mlb/18383535","2026-07-16 20:09:14","2026-07-16 00:00:00","2026-07-16 20:02:14","2027-09-01 09:30:00","[PREMIUM]","[PREMIUM]","[PREMIUM]","[PREMIUM]","[PREMIUM]","[PREMIUM]","[PREMIUM]",3712,"[19,30]","sports","baseball",,,,,true,false,true
"18383536","2026-08-16 22:07:11.539","2026-08-16 22:07:11.539",18383536,"Arizona Diamondbacks at Minnesota Twins","Diamondbacks at Twins","mlb","2027-09-02 08:30:00",,false,true,false,"normal","as_originally_scheduled",false,false,false,true,true,"[PREMIUM]","[PREMIUM]","https://seatgeek.com/minnesota-twins-tickets/9-2-2027-minneapolis-minnesota-target-field/mlb/18383536","2026-07-16 20:09:11","2026-07-16 00:00:00","2026-07-16 20:02:14","2027-09-02 09:30:00","[PREMIUM]","[PREMIUM]","[PREMIUM]","[PREMIUM]","[PREMIUM]","[PREMIUM]","[PREMIUM]",3712,"[19,30]","sports","baseball",,,,,true,false,true
"18383538","2026-08-16 22:07:11.539","2026-08-16 22:07:11.539",18383538,"Baltimore Orioles at Minnesota Twins","Orioles at Twins","mlb","2027-09-03 08:30:00",,false,true,false,"normal","as_originally_scheduled",false,false,false,true,true,"[PREMIUM]","[PREMIUM]","https://seatgeek.com/minnesota-twins-tickets/9-3-2027-minneapolis-minnesota-target-field/mlb/18383538","2026-07-16 20:09:11","2026-07-16 00:00:00","2026-07-16 20:02:14","2027-09-03 09:30:00","[PREMIUM]","[PREMIUM]","[PREMIUM]","[PREMIUM]","[PREMIUM]","[PREMIUM]","[PREMIUM]",3712,"[19,25]","sports","baseball",,,,,true,false,true
"18383540","2026-08-16 22:07:11.539","2026-08-16 22:07:11.539",18383540,"Baltimore Orioles at Minnesota Twins","Orioles at Twins","mlb","2027-09-05 08:30:00",,false,true,false,"normal","as_originally_scheduled",false,false,false,true,true,"[PREMIUM]","[PREMIUM]","https://seatgeek.com/minnesota-twins-tickets/9-5-2027-minneapolis-minnesota-target-field/mlb/18383540","2026-07-16 20:09:11","2026-07-16 00:00:00","2026-07-16 20:02:14","2027-09-05 09:30:00","[PREMIUM]","[PREMIUM]","[PREMIUM]","[PREMIUM]","[PREMIUM]","[PREMIUM]","[PREMIUM]",3712,"[19,25]","sports","baseball",,,,,true,false,true
"18383517","2026-08-16 22:06:58.837","2026-08-16 22:06:58.837",18383517,"Chicago White Sox at Minnesota Twins","White Sox at Twins","mlb","2027-08-16 08:30:00",,false,true,false,"normal","as_originally_scheduled",false,false,false,true,true,"[PREMIUM]","[PREMIUM]","https://seatgeek.com/minnesota-twins-tickets/8-16-2027-minneapolis-minnesota-target-field/mlb/18383517","2026-07-16 20:09:12","2026-07-16 00:00:00","2026-07-30 11:24:39","2027-08-16 09:30:00","[PREMIUM]","[PREMIUM]","[PREMIUM]","[PREMIUM]","[PREMIUM]","[PREMIUM]","[PREMIUM]",3712,"[19,23]","sports","baseball",,,,,true,false,true
"18383520","2026-08-16 22:06:58.837","2026-08-16 22:06:58.837",18383520,"Chicago White Sox at Minnesota Twins","White Sox at Twins","mlb","2027-08-17 08:30:00",,false,true,false,"normal","as_originally_scheduled",false,false,false,true,true,"[PREMIUM]","[PREMIUM]","https://seatgeek.com/minnesota-twins-tickets/8-17-2027-minneapolis-minnesota-target-field/mlb/18383520","2026-07-16 20:09:10","2026-07-16 00:00:00","2026-07-30 11:24:39","2027-08-17 09:30:00","[PREMIUM]","[PREMIUM]","[PREMIUM]","[PREMIUM]","[PREMIUM]","[PREMIUM]","[PREMIUM]",3712,"[19,23]","sports","baseball",,,,,true,false,true
"18383521","2026-08-16 22:06:58.837","2026-08-16 22:06:58.837",18383521,"Chicago White Sox at Minnesota Twins","White Sox at Twins","mlb","2027-08-18 08:30:00",,false,true,false,"normal","as_originally_scheduled",false,false,false,true,true,"[PREMIUM]","[PREMIUM]","https://seatgeek.com/minnesota-twins-tickets/8-18-2027-minneapolis-minnesota-target-field/mlb/18383521","2026-07-16 20:09:14","2026-07-16 00:00:00","2026-07-30 11:24:39","2027-08-18 09:30:00","[PREMIUM]","[PREMIUM]","[PREMIUM]","[PREMIUM]","[PREMIUM]","[PREMIUM]","[PREMIUM]",3712,"[19,23]","sports","baseball",,,,,true,false,true
"18383527","2026-08-16 22:06:58.837","2026-08-16 22:06:58.837",18383527,"Seattle Mariners at Minnesota Twins","Mariners at Twins","mlb","2027-08-20 08:30:00",,false,true,false,"normal","as_originally_scheduled",false,false,false,true,true,"[PREMIUM]","[PREMIUM]","https://seatgeek.com/minnesota-twins-tickets/8-20-2027-minneapolis-minnesota-target-field/mlb/18383527","2026-07-16 20:09:12","2026-07-16 00:00:00","2026-07-16 20:02:13","2027-08-20 09:30:00","[PREMIUM]","[PREMIUM]","[PREMIUM]","[PREMIUM]","[PREMIUM]","[PREMIUM]","[PREMIUM]",3712,"[19,13]","sports","baseball",,,,,true,false,true
"18383528","2026-08-16 22:06:58.837","2026-08-16 22:06:58.837",18383528,"Seattle Mariners at Minnesota Twins","Mariners at Twins","mlb","2027-08-21 08:30:00",,false,true,false,"normal","as_originally_scheduled",false,false,false,true,true,"[PREMIUM]","[PREMIUM]","https://seatgeek.com/minnesota-twins-tickets/8-21-2027-minneapolis-minnesota-target-field/mlb/18383528","2026-07-16 20:09:14","2026-07-16 00:00:00","2026-07-16 20:02:13","2027-08-21 09:30:00","[PREMIUM]","[PREMIUM]","[PREMIUM]","[PREMIUM]","[PREMIUM]","[PREMIUM]","[PREMIUM]",3712,"[19,13]","sports","baseball",,,,,true,false,true
"18383530","2026-08-16 22:06:58.837","2026-08-16 22:06:58.837",18383530,"Seattle Mariners at Minnesota Twins","Mariners at Twins","mlb","2027-08-22 08:30:00",,false,true,false,"normal","as_originally_scheduled",false,false,false,true,true,"[PREMIUM]","[PREMIUM]","https://seatgeek.com/minnesota-twins-tickets/8-22-2027-minneapolis-minnesota-target-field/mlb/18383530","2026-07-16 20:09:10","2026-07-16 00:00:00","2026-07-16 20:02:13","2027-08-22 09:30:00","[PREMIUM]","[PREMIUM]","[PREMIUM]","[PREMIUM]","[PREMIUM]","[PREMIUM]","[PREMIUM]",3712,"[19,13]","sports","baseball",,,,,true,false,true
"18383516","2026-08-16 22:06:46.932","2026-08-16 22:06:46.932",18383516,"Kansas City Royals at Minnesota Twins","Royals at Twins","mlb","2027-08-10 08:30:00",,false,true,false,"normal","as_originally_scheduled",false,false,false,true,true,"[PREMIUM]","[PREMIUM]","https://seatgeek.com/minnesota-twins-tickets/8-10-2027-minneapolis-minnesota-target-field/mlb/18383516","2026-07-16 20:09:12","2026-07-16 00:00:00","2026-07-16 20:02:13","2027-08-10 09:30:00","[PREMIUM]","[PREMIUM]","[PREMIUM]","[PREMIUM]","[PREMIUM]","[PREMIUM]","[PREMIUM]",3712,"[19,5]","sports","baseball",,,,,true,false,true
"18383518","2026-08-16 22:06:46.932","2026-08-16 22:06:46.932",18383518,"Kansas City Royals at Minnesota Twins","Royals at Twins","mlb","2027-08-11 08:30:00",,false,true,false,"normal","as_originally_scheduled",false,false,false,true,true,"[PREMIUM]","[PREMIUM]","https://seatgeek.com/minnesota-twins-tickets/8-11-2027-minneapolis-minnesota-target-field/mlb/18383518","2026-07-16 20:09:12","2026-07-16 00:00:00","2026-07-16 20:02:13","2027-08-11 09:30:00","[PREMIUM]","[PREMIUM]","[PREMIUM]","[PREMIUM]","[PREMIUM]","[PREMIUM]","[PREMIUM]",3712,"[19,5]","sports","baseball",,,,,true,false,true
"18383515","2026-08-16 22:06:46.932","2026-08-16 22:06:46.932",18383515,"Kansas City Royals at Minnesota Twins","Royals at Twins","mlb","2027-08-09 08:30:00",,false,true,false,"normal","as_originally_scheduled",false,false,false,true,true,"[PREMIUM]","[PREMIUM]","https://seatgeek.com/minnesota-twins-tickets/8-9-2027-minneapolis-minnesota-target-field/mlb/18383515","2026-07-16 20:09:14","2026-07-16 00:00:00","2026-07-16 20:02:13","2027-08-09 09:30:00","[PREMIUM]","[PREMIUM]","[PREMIUM]","[PREMIUM]","[PREMIUM]","[PREMIUM]","[PREMIUM]",3712,"[19,5]","sports","baseball",,,,,true,false,true
"18383513","2026-08-16 22:06:46.932","2026-08-16 22:06:46.932",18383513,"Cleveland Guardians at Minnesota Twins","Guardians at Twins","mlb","2027-08-08 08:30:00",,false,true,false,"normal","as_originally_scheduled",false,false,false,true,true,"[PREMIUM]","[PREMIUM]","https://seatgeek.com/minnesota-twins-tickets/8-8-2027-minneapolis-minnesota-target-field/mlb/18383513","2026-07-16 20:09:14","2026-07-16 00:00:00","2026-07-16 20:02:13","2027-08-08 09:30:00","[PREMIUM]","[PREMIUM]","[PREMIUM]","[PREMIUM]","[PREMIUM]","[PREMIUM]","[PREMIUM]",3712,"[19,6]","sports","baseball",,,,,true,false,true
"18383510","2026-08-16 22:06:46.932","2026-08-16 22:06:46.932",18383510,"Cleveland Guardians at Minnesota Twins","Guardians at Twins","mlb","2027-08-07 08:30:00",,false,true,false,"normal","as_originally_scheduled",false,false,false,true,true,"[PREMIUM]","[PREMIUM]","https://seatgeek.com/minnesota-twins-tickets/8-7-2027-minneapolis-minnesota-target-field/mlb/18383510","2026-07-16 20:09:10","2026-07-16 00:00:00","2026-07-16 20:02:13","2027-08-07 09:30:00","[PREMIUM]","[PREMIUM]","[PREMIUM]","[PREMIUM]","[PREMIUM]","[PREMIUM]","[PREMIUM]",3712,"[19,6]","sports","baseball",,,,,true,false,true
"18383508","2026-08-16 22:06:46.932","2026-08-16 22:06:46.932",18383508,"Cleveland Guardians at Minnesota Twins","Guardians at Twins","mlb","2027-08-06 08:30:00",,false,true,false,"normal","as_originally_scheduled",false,false,false,true,true,"[PREMIUM]","[PREMIUM]","https://seatgeek.com/minnesota-twins-tickets/8-6-2027-minneapolis-minnesota-target-field/mlb/18383508","2026-07-16 20:09:14","2026-07-16 00:00:00","2026-07-16 20:02:13","2027-08-06 09:30:00","[PREMIUM]","[PREMIUM]","[PREMIUM]","[PREMIUM]","[PREMIUM]","[PREMIUM]","[PREMIUM]",3712,"[19,6]","sports","baseball",,,,,true,false,true
"18383496","2026-08-16 22:06:29.440","2026-08-16 22:06:29.440",18383496,"Chicago Cubs at Minnesota Twins","Cubs at Twins","mlb","2027-07-24 08:30:00",,false,true,false,"normal","as_originally_scheduled",false,false,false,true,true,"[PREMIUM]","[PREMIUM]","https://seatgeek.com/minnesota-twins-tickets/7-24-2027-minneapolis-minnesota-target-field/mlb/18383496","2026-07-16 20:09:14","2026-07-16 00:00:00","2026-07-16 20:02:13","2027-07-24 09:30:00","[PREMIUM]","[PREMIUM]","[PREMIUM]","[PREMIUM]","[PREMIUM]","[PREMIUM]","[PREMIUM]",3712,"[19,11]","sports","baseball",,,,,true,false,true
"18383502","2026-08-16 22:06:29.440","2026-08-16 22:06:29.440",18383502,"Toronto Blue Jays at Minnesota Twins","Blue Jays at Twins","mlb","2027-07-27 08:30:00",,false,true,false,"normal","as_originally_scheduled",false,false,false,true,true,"[PREMIUM]","[PREMIUM]","https://seatgeek.com/minnesota-twins-tickets/7-27-2027-minneapolis-minnesota-target-field/mlb/18383502","2026-07-16 20:09:14","2026-07-16 00:00:00","2026-07-16 20:02:13","2027-07-27 09:30:00","[PREMIUM]","[PREMIUM]","[PREMIUM]","[PREMIUM]","[PREMIUM]","[PREMIUM]","[PREMIUM]",3712,"[19,17]","sports","baseball",,,,,true,false,true
"18383500","2026-08-16 22:06:29.440","2026-08-16 22:06:29.440",18383500,"Toronto Blue Jays at Minnesota Twins","Blue Jays at Twins","mlb","2027-07-26 08:30:00",,false,true,false,"normal","as_originally_scheduled",false,false,false,true,true,"[PREMIUM]","[PREMIUM]","https://seatgeek.com/minnesota-twins-tickets/7-26-2027-minneapolis-minnesota-target-field/mlb/18383500","2026-07-16 20:09:14","2026-07-16 00:00:00","2026-07-16 20:02:13","2027-07-26 09:30:00","[PREMIUM]","[PREMIUM]","[PREMIUM]","[PREMIUM]","[PREMIUM]","[PREMIUM]","[PREMIUM]",3712,"[19,17]","sports","baseball",,,,,true,false,true
"18383499","2026-08-16 22:06:29.440","2026-08-16 22:06:29.440",18383499,"Chicago Cubs at Minnesota Twins","Cubs at Twins","mlb","2027-07-25 08:30:00",,false,true,false,"normal","as_originally_scheduled",false,false,false,true,true,"[PREMIUM]","[PREMIUM]","https://seatgeek.com/minnesota-twins-tickets/7-25-2027-minneapolis-minnesota-target-field/mlb/18383499","2026-07-16 20:09:14","2026-07-16 00:00:00","2026-07-16 20:02:13","2027-07-25 09:30:00","[PREMIUM]","[PREMIUM]","[PREMIUM]","[PREMIUM]","[PREMIUM]","[PREMIUM]","[PREMIUM]",3712,"[19,11]","sports","baseball",,,,,true,false,true
"18383505","2026-08-16 22:06:29.440","2026-08-16 22:06:29.440",18383505,"Toronto Blue Jays at Minnesota Twins","Blue Jays at Twins","mlb","2027-07-28 08:30:00",,false,true,false,"normal","as_originally_scheduled",false,false,false,true,true,"[PREMIUM]","[PREMIUM]","https://seatgeek.com/minnesota-twins-tickets/7-28-2027-minneapolis-minnesota-target-field/mlb/18383505","2026-07-16 20:09:14","2026-07-16 00:00:00","2026-07-16 20:02:13","2027-07-28 09:30:00","[PREMIUM]","[PREMIUM]","[PREMIUM]","[PREMIUM]","[PREMIUM]","[PREMIUM]","[PREMIUM]",3712,"[19,17]","sports","baseball",,,,,true,false,true
"18383495","2026-08-16 22:06:29.440","2026-08-16 22:06:29.440",18383495,"Chicago Cubs at Minnesota Twins","Cubs at Twins","mlb","2027-07-23 08:30:00",,false,true,false,"normal","as_originally_scheduled",false,false,false,true,true,"[PREMIUM]","[PREMIUM]","https://seatgeek.com/minnesota-twins-tickets/7-23-2027-minneapolis-minnesota-target-field/mlb/18383495","2026-07-16 20:09:10","2026-07-16 00:00:00","2026-07-16 20:02:13","2027-07-23 09:30:00","[PREMIUM]","[PREMIUM]","[PREMIUM]","[PREMIUM]","[PREMIUM]","[PREMIUM]","[PREMIUM]",3712,"[19,11]","sports","baseball",,,,,true,false,true
"18383493","2026-08-16 22:06:19.789","2026-08-16 22:06:19.789",18383493,"Boston Red Sox at Minnesota Twins","Red Sox at Twins","mlb","2027-07-11 08:30:00",,false,true,false,"normal","as_originally_scheduled",false,false,false,true,true,"[PREMIUM]","[PREMIUM]","https://seatgeek.com/minnesota-twins-tickets/7-11-2027-minneapolis-minnesota-target-field/mlb/18383493","2026-07-16 20:09:14","2026-07-16 00:00:00","2026-07-16 20:02:13","2027-07-11 09:30:00","[PREMIUM]","[PREMIUM]","[PREMIUM]","[PREMIUM]","[PREMIUM]","[PREMIUM]","[PREMIUM]",3712,"[19,21]","sports","baseball",,,,,true,false,true
"18383491","2026-08-16 22:06:19.789","2026-08-16 22:06:19.789",18383491,"Boston Red Sox at Minnesota Twins","Red Sox at Twins","mlb","2027-07-09 08:30:00",,false,true,false,"normal","as_originally_scheduled",false,false,false,true,true,"[PREMIUM]","[PREMIUM]","https://seatgeek.com/minnesota-twins-tickets/7-9-2027-minneapolis-minnesota-target-field/mlb/18383491","2026-07-16 20:09:10","2026-07-16 00:00:00","2026-07-16 20:02:12","2027-07-09 09:30:00","[PREMIUM]","[PREMIUM]","[PREMIUM]","[PREMIUM]","[PREMIUM]","[PREMIUM]","[PREMIUM]",3712,"[19,21]","sports","baseball",,,,,true,false,true
"18383494","2026-08-16 22:06:19.789","2026-08-16 22:06:19.789",18383494,"Boston Red Sox at Minnesota Twins","Red Sox at Twins","mlb","2027-07-10 08:30:00",,false,true,false,"normal","as_originally_scheduled",false,false,false,true,true,"[PREMIUM]","[PREMIUM]","https://seatgeek.com/minnesota-twins-tickets/7-10-2027-minneapolis-minnesota-target-field/mlb/18383494","2026-07-16 20:09:14","2026-07-16 00:00:00","2026-07-16 20:02:13","2027-07-10 09:30:00","[PREMIUM]","[PREMIUM]","[PREMIUM]","[PREMIUM]","[PREMIUM]","[PREMIUM]","[PREMIUM]",3712,"[19,21]","sports","baseball",,,,,true,false,true
"18383487","2026-08-16 22:06:09.639","2026-08-16 22:06:09.639",18383487,"Kansas City Royals at Minnesota Twins","Royals at Twins","mlb","2027-07-08 08:30:00",,false,true,false,"normal","as_originally_scheduled",false,false,false,true,true,"[PREMIUM]","[PREMIUM]","https://seatgeek.com/minnesota-twins-tickets/7-8-2027-minneapolis-minnesota-target-field/mlb/18383487","2026-07-16 20:09:12","2026-07-16 00:00:00","2026-07-16 20:02:12","2027-07-08 09:30:00","[PREMIUM]","[PREMIUM]","[PREMIUM]","[PREMIUM]","[PREMIUM]","[PREMIUM]","[PREMIUM]",3712,"[19,5]","sports","baseball",,,,,true,false,true
"18383486","2026-08-16 22:06:09.639","2026-08-16 22:06:09.639",18383486,"Kansas City Royals at Minnesota Twins","Royals at Twins","mlb","2027-07-07 08:30:00",,false,true,false,"normal","as_originally_scheduled",false,false,false,true,true,"[PREMIUM]","[PREMIUM]","https://seatgeek.com/minnesota-twins-tickets/7-7-2027-minneapolis-minnesota-target-field/mlb/18383486","2026-07-16 20:09:12","2026-07-16 00:00:00","2026-07-16 20:02:12","2027-07-07 09:30:00","[PREMIUM]","[PREMIUM]","[PREMIUM]","[PREMIUM]","[PREMIUM]","[PREMIUM]","[PREMIUM]",3712,"[19,5]","sports","baseball",,,,,true,false,true
"18383485","2026-08-16 22:06:09.639","2026-08-16 22:06:09.639",18383485,"Kansas City Royals at Minnesota Twins","Royals at Twins","mlb","2027-07-06 08:30:00",,false,true,false,"normal","as_originally_scheduled",false,false,false,true,true,"[PREMIUM]","[PREMIUM]","https://seatgeek.com/minnesota-twins-tickets/7-6-2027-minneapolis-minnesota-target-field/mlb/18383485","2026-07-16 20:09:12","2026-07-16 00:00:00","2026-07-16 20:02:12","2027-07-06 09:30:00","[PREMIUM]","[PREMIUM]","[PREMIUM]","[PREMIUM]","[PREMIUM]","[PREMIUM]","[PREMIUM]",3712,"[19,5]","sports","baseball",,,,,true,false,true
"18383482","2026-08-16 22:05:57.130","2026-08-16 22:05:57.130",18383482,"Cleveland Guardians at Minnesota Twins","Guardians at Twins","mlb","2027-06-27 08:30:00",,false,true,false,"normal","as_originally_scheduled",false,false,false,true,true,"[PREMIUM]","[PREMIUM]","https://seatgeek.com/minnesota-twins-tickets/6-27-2027-minneapolis-minnesota-target-field/mlb/18383482","2026-07-16 20:09:12","2026-07-16 00:00:00","2026-07-16 20:02:12","2027-06-27 09:30:00","[PREMIUM]","[PREMIUM]","[PREMIUM]","[PREMIUM]","[PREMIUM]","[PREMIUM]","[PREMIUM]",3712,"[19,6]","sports","baseball",,,,,true,false,true
"18383477","2026-08-16 22:05:57.130","2026-08-16 22:05:57.130",18383477,"Cleveland Guardians at Minnesota Twins","Guardians at Twins","mlb","2027-06-25 08:30:00",,false,true,false,"normal","as_originally_scheduled",false,false,false,true,true,"[PREMIUM]","[PREMIUM]","https://seatgeek.com/minnesota-twins-tickets/6-25-2027-minneapolis-minnesota-target-field/mlb/18383477","2026-07-16 20:09:13","2026-07-16 00:00:00","2026-07-16 20:02:12","2027-06-25 09:30:00","[PREMIUM]","[PREMIUM]","[PREMIUM]","[PREMIUM]","[PREMIUM]","[PREMIUM]","[PREMIUM]",3712,"[19,6]","sports","baseball",,,,,true,false,true
"18383474","2026-08-16 22:05:57.130","2026-08-16 22:05:57.130",18383474,"Cleveland Guardians at Minnesota Twins","Guardians at Twins","mlb","2027-06-24 08:30:00",,false,true,false,"normal","as_originally_scheduled",false,false,false,true,true,"[PREMIUM]","[PREMIUM]","https://seatgeek.com/minnesota-twins-tickets/6-24-2027-minneapolis-minnesota-target-field/mlb/18383474","2026-07-16 20:09:13","2026-07-16 00:00:00","2026-07-16 20:02:12","2027-06-24 09:30:00","[PREMIUM]","[PREMIUM]","[PREMIUM]","[PREMIUM]","[PREMIUM]","[PREMIUM]","[PREMIUM]",3712,"[19,6]","sports","baseball",,,,,true,false,true
"18383473","2026-08-16 22:05:57.130","2026-08-16 22:05:57.130",18383473,"New York Yankees at Minnesota Twins","Yankees at Twins","mlb","2027-06-23 08:30:00",,false,true,false,"normal","as_originally_scheduled",false,false,false,true,true,"[PREMIUM]","[PREMIUM]","https://seatgeek.com/minnesota-twins-tickets/6-23-2027-minneapolis-minnesota-target-field/mlb/18383473","2026-07-16 20:09:12","2026-07-16 00:00:00","2026-07-16 20:02:12","2027-06-23 09:30:00","[PREMIUM]","[PREMIUM]","[PREMIUM]","[PREMIUM]","[PREMIUM]","[PREMIUM]","[PREMIUM]",3712,"[19,8]","sports","baseball",,,,,true,false,true
"18383472","2026-08-16 22:05:57.130","2026-08-16 22:05:57.130",18383472,"New York Yankees at Minnesota Twins","Yankees at Twins","mlb","2027-06-22 08:30:00",,false,true,false,"normal","as_originally_scheduled",false,false,false,true,true,"[PREMIUM]","[PREMIUM]","https://seatgeek.com/minnesota-twins-tickets/6-22-2027-minneapolis-minnesota-target-field/mlb/18383472","2026-07-16 20:09:10","2026-07-16 00:00:00","2026-07-16 20:02:12","2027-06-22 09:30:00","[PREMIUM]","[PREMIUM]","[PREMIUM]","[PREMIUM]","[PREMIUM]","[PREMIUM]","[PREMIUM]",3712,"[19,8]","sports","baseball",,,,,true,false,true
"18383480","2026-08-16 22:05:57.130","2026-08-16 22:05:57.130",18383480,"Cleveland Guardians at Minnesota Twins","Guardians at Twins","mlb","2027-06-26 08:30:00",,false,true,false,"normal","as_originally_scheduled",false,false,false,true,true,"[PREMIUM]","[PREMIUM]","https://seatgeek.com/minnesota-twins-tickets/6-26-2027-minneapolis-minnesota-target-field/mlb/18383480","2026-07-16 20:09:10","2026-07-16 00:00:00","2026-07-16 20:02:12","2027-06-26 09:30:00","[PREMIUM]","[PREMIUM]","[PREMIUM]","[PREMIUM]","[PREMIUM]","[PREMIUM]","[PREMIUM]",3712,"[19,6]","sports","baseball",,,,,true,false,true
"18383471","2026-08-16 22:05:52.995","2026-08-16 22:05:52.995",18383471,"New York Yankees at Minnesota Twins","Yankees at Twins","mlb","2027-06-21 08:30:00",,false,true,false,"normal","as_originally_scheduled",false,false,false,true,true,"[PREMIUM]","[PREMIUM]","https://seatgeek.com/minnesota-twins-tickets/6-21-2027-minneapolis-minnesota-target-field/mlb/18383471","2026-07-16 20:09:12","2026-07-16 00:00:00","2026-07-16 20:02:12","2027-06-21 09:30:00","[PREMIUM]","[PREMIUM]","[PREMIUM]","[PREMIUM]","[PREMIUM]","[PREMIUM]","[PREMIUM]",3712,"[19,8]","sports","baseball",,,,,true,false,true
"18383454","2026-08-16 22:05:31.708","2026-08-16 22:05:31.708",18383454,"Los Angeles Angels at Minnesota Twins","Angels at Twins","mlb","2027-06-07 08:30:00",,false,true,false,"normal","as_originally_scheduled",false,false,false,true,true,"[PREMIUM]","[PREMIUM]","https://seatgeek.com/minnesota-twins-tickets/6-7-2027-minneapolis-minnesota-target-field/mlb/18383454","2026-07-16 20:09:11","2026-07-16 00:00:00","2026-07-16 20:02:11","2027-06-07 09:30:00","[PREMIUM]","[PREMIUM]","[PREMIUM]","[PREMIUM]","[PREMIUM]","[PREMIUM]","[PREMIUM]",3712,"[19,28]","sports","baseball",,,,,true,false,true
"18383467","2026-08-16 22:05:31.708","2026-08-16 22:05:31.708",18383467,"Chicago White Sox at Minnesota Twins","White Sox at Twins","mlb","2027-06-13 08:30:00",,false,true,false,"normal","as_originally_scheduled",false,false,false,true,true,"[PREMIUM]","[PREMIUM]","https://seatgeek.com/minnesota-twins-tickets/6-13-2027-minneapolis-minnesota-target-field/mlb/18383467","2026-07-16 20:09:12","2026-07-16 00:00:00","2026-07-30 11:24:39","2027-06-13 09:30:00","[PREMIUM]","[PREMIUM]","[PREMIUM]","[PREMIUM]","[PREMIUM]","[PREMIUM]","[PREMIUM]",3712,"[19,23]","sports","baseball",,,,,true,false,true
"18383466","2026-08-16 22:05:31.708","2026-08-16 22:05:31.708",18383466,"Chicago White Sox at Minnesota Twins","White Sox at Twins","mlb","2027-06-12 08:30:00",,false,true,false,"normal","as_originally_scheduled",false,false,false,true,true,"[PREMIUM]","[PREMIUM]","https://seatgeek.com/minnesota-twins-tickets/6-12-2027-minneapolis-minnesota-target-field/mlb/18383466","2026-07-16 20:09:10","2026-07-16 00:00:00","2026-07-30 11:24:39","2027-06-12 09:30:00","[PREMIUM]","[PREMIUM]","[PREMIUM]","[PREMIUM]","[PREMIUM]","[PREMIUM]","[PREMIUM]",3712,"[19,23]","sports","baseball",,,,,true,false,true
"18383465","2026-08-16 22:05:31.708","2026-08-16 22:05:31.708",18383465,"Chicago White Sox at Minnesota Twins","White Sox at Twins","mlb","2027-06-11 08:30:00",,false,true,false,"normal","as_originally_scheduled",false,false,false,true,true,"[PREMIUM]","[PREMIUM]","https://seatgeek.com/minnesota-twins-tickets/6-11-2027-minneapolis-minnesota-target-field/mlb/18383465","2026-07-16 20:09:13","2026-07-16 00:00:00","2026-07-30 11:24:39","2027-06-11 09:30:00","[PREMIUM]","[PREMIUM]","[PREMIUM]","[PREMIUM]","[PREMIUM]","[PREMIUM]","[PREMIUM]",3712,"[19,23]","sports","baseball",,,,,true,false,true
"18383463","2026-08-16 22:05:31.708","2026-08-16 22:05:31.708",18383463,"Chicago White Sox at Minnesota Twins","White Sox at Twins","mlb","2027-06-10 08:30:00",,false,true,false,"normal","as_originally_scheduled",false,false,false,true,true,"[PREMIUM]","[PREMIUM]","https://seatgeek.com/minnesota-twins-tickets/6-10-2027-minneapolis-minnesota-target-field/mlb/18383463","2026-07-16 20:09:13","2026-07-16 00:00:00","2026-07-30 11:24:39","2027-06-10 09:30:00","[PREMIUM]","[PREMIUM]","[PREMIUM]","[PREMIUM]","[PREMIUM]","[PREMIUM]","[PREMIUM]",3712,"[19,23]","sports","baseball",,,,,true,false,true
"18383456","2026-08-16 22:05:31.708","2026-08-16 22:05:31.708",18383456,"Los Angeles Angels at Minnesota Twins","Angels at Twins","mlb","2027-06-09 08:30:00",,false,true,false,"normal","as_originally_scheduled",false,false,false,true,true,"[PREMIUM]","[PREMIUM]","https://seatgeek.com/minnesota-twins-tickets/6-9-2027-minneapolis-minnesota-target-field/mlb/18383456","2026-07-16 20:09:10","2026-07-16 00:00:00","2026-07-16 20:02:11","2027-06-09 09:30:00","[PREMIUM]","[PREMIUM]","[PREMIUM]","[PREMIUM]","[PREMIUM]","[PREMIUM]","[PREMIUM]",3712,"[19,28]","sports","baseball",,,,,true,false,true
"18383455","2026-08-16 22:05:31.708","2026-08-16 22:05:31.708",18383455,"Los Angeles Angels at Minnesota Twins","Angels at Twins","mlb","2027-06-08 08:30:00",,false,true,false,"normal","as_originally_scheduled",false,false,false,true,true,"[PREMIUM]","[PREMIUM]","https://seatgeek.com/minnesota-twins-tickets/6-8-2027-minneapolis-minnesota-target-field/mlb/18383455","2026-07-16 20:09:11","2026-07-16 00:00:00","2026-07-16 20:02:11","2027-06-08 09:30:00","[PREMIUM]","[PREMIUM]","[PREMIUM]","[PREMIUM]","[PREMIUM]","[PREMIUM]","[PREMIUM]",3712,"[19,28]","sports","baseball",,,,,true,false,true
"18383445","2026-08-16 22:05:07.983","2026-08-16 22:05:07.983",18383445,"New York Mets at Minnesota Twins","Mets at Twins","mlb","2027-05-21 08:30:00",,false,true,false,"normal","as_originally_scheduled",false,false,false,true,true,"[PREMIUM]","[PREMIUM]","https://seatgeek.com/minnesota-twins-tickets/5-21-2027-minneapolis-minnesota-target-field/mlb/18383445","2026-07-16 20:09:13","2026-07-16 00:00:00","2026-07-16 20:02:11","2027-05-21 09:30:00","[PREMIUM]","[PREMIUM]","[PREMIUM]","[PREMIUM]","[PREMIUM]","[PREMIUM]","[PREMIUM]",3712,"[19,3]","sports","baseball",,,,,true,false,true
"18383452","2026-08-16 22:05:07.983","2026-08-16 22:05:07.983",18383452,"Texas Rangers at Minnesota Twins","Rangers at Twins","mlb","2027-05-25 08:30:00",,false,true,false,"normal","as_originally_scheduled",false,false,false,true,true,"[PREMIUM]","[PREMIUM]","https://seatgeek.com/minnesota-twins-tickets/5-25-2027-minneapolis-minnesota-target-field/mlb/18383452","2026-07-16 20:09:13","2026-07-16 00:00:00","2026-07-16 20:02:11","2027-05-25 09:30:00","[PREMIUM]","[PREMIUM]","[PREMIUM]","[PREMIUM]","[PREMIUM]","[PREMIUM]","[PREMIUM]",3712,"[19,16]","sports","baseball",,,,,true,false,true
"18383451","2026-08-16 22:05:07.983","2026-08-16 22:05:07.983",18383451,"Texas Rangers at Minnesota Twins","Rangers at Twins","mlb","2027-05-24 08:30:00",,false,true,false,"normal","as_originally_scheduled",false,false,false,true,true,"[PREMIUM]","[PREMIUM]","https://seatgeek.com/minnesota-twins-tickets/5-24-2027-minneapolis-minnesota-target-field/mlb/18383451","2026-07-16 20:09:13","2026-07-16 00:00:00","2026-07-16 20:02:11","2027-05-24 09:30:00","[PREMIUM]","[PREMIUM]","[PREMIUM]","[PREMIUM]","[PREMIUM]","[PREMIUM]","[PREMIUM]",3712,"[19,16]","sports","baseball",,,,,true,false,true
"18383453","2026-08-16 22:05:07.983","2026-08-16 22:05:07.983",18383453,"Texas Rangers at Minnesota Twins","Rangers at Twins","mlb","2027-05-26 08:30:00",,false,true,false,"normal","as_originally_scheduled",false,false,false,true,true,"[PREMIUM]","[PREMIUM]","https://seatgeek.com/minnesota-twins-tickets/5-26-2027-minneapolis-minnesota-target-field/mlb/18383453","2026-07-16 20:09:13","2026-07-16 00:00:00","2026-07-16 20:02:11","2027-05-26 09:30:00","[PREMIUM]","[PREMIUM]","[PREMIUM]","[PREMIUM]","[PREMIUM]","[PREMIUM]","[PREMIUM]",3712,"[19,16]","sports","baseball",,,,,true,false,true
"18383448","2026-08-16 22:05:07.983","2026-08-16 22:05:07.983",18383448,"New York Mets at Minnesota Twins","Mets at Twins","mlb","2027-05-23 08:30:00",,false,true,false,"normal","as_originally_scheduled",false,false,false,true,true,"[PREMIUM]","[PREMIUM]","https://seatgeek.com/minnesota-twins-tickets/5-23-2027-minneapolis-minnesota-target-field/mlb/18383448","2026-07-16 20:09:10","2026-07-16 00:00:00","2026-07-16 20:02:11","2027-05-23 09:30:00","[PREMIUM]","[PREMIUM]","[PREMIUM]","[PREMIUM]","[PREMIUM]","[PREMIUM]","[PREMIUM]",3712,"[19,3]","sports","baseball",,,,,true,false,true
"18383446","2026-08-16 22:05:07.983","2026-08-16 22:05:07.983",18383446,"New York Mets at Minnesota Twins","Mets at Twins","mlb","2027-05-22 08:30:00",,false,true,false,"normal","as_originally_scheduled",false,false,false,true,true,"[PREMIUM]","[PREMIUM]","https://seatgeek.com/minnesota-twins-tickets/5-22-2027-minneapolis-minnesota-target-field/mlb/18383446","2026-07-16 20:09:11","2026-07-16 00:00:00","2026-07-16 20:02:11","2027-05-22 09:30:00","[PREMIUM]","[PREMIUM]","[PREMIUM]","[PREMIUM]","[PREMIUM]","[PREMIUM]","[PREMIUM]",3712,"[19,3]","sports","baseball",,,,,true,false,true
"18383436","2026-08-16 22:05:00.329","2026-08-16 22:05:00.329",18383436,"Pittsburgh Pirates at Minnesota Twins","Pirates at Twins","mlb","2027-05-09 08:30:00",,false,true,false,"normal","as_originally_scheduled",false,false,false,true,true,"[PREMIUM]","[PREMIUM]","https://seatgeek.com/minnesota-twins-tickets/5-9-2027-minneapolis-minnesota-target-field/mlb/18383436","2026-07-16 20:09:13","2026-07-16 00:00:00","2026-07-16 20:02:11","2027-05-09 09:30:00","[PREMIUM]","[PREMIUM]","[PREMIUM]","[PREMIUM]","[PREMIUM]","[PREMIUM]","[PREMIUM]",3712,"[19,10]","sports","baseball",,,,,true,false,true
"18383441","2026-08-16 22:05:00.329","2026-08-16 22:05:00.329",18383441,"Houston Astros at Minnesota Twins","Astros at Twins","mlb","2027-05-12 08:30:00",,false,true,false,"normal","as_originally_scheduled",false,false,false,true,true,"[PREMIUM]","[PREMIUM]","https://seatgeek.com/minnesota-twins-tickets/5-12-2027-minneapolis-minnesota-target-field/mlb/18383441","2026-07-16 20:09:10","2026-07-16 00:00:00","2026-07-16 20:02:11","2027-05-12 09:30:00","[PREMIUM]","[PREMIUM]","[PREMIUM]","[PREMIUM]","[PREMIUM]","[PREMIUM]","[PREMIUM]",3712,"[19,20]","sports","baseball",,,,,true,false,true
"18383439","2026-08-16 22:05:00.329","2026-08-16 22:05:00.329",18383439,"Houston Astros at Minnesota Twins","Astros at Twins","mlb","2027-05-10 08:30:00",,false,true,false,"normal","as_originally_scheduled",false,false,false,true,true,"[PREMIUM]","[PREMIUM]","https://seatgeek.com/minnesota-twins-tickets/5-10-2027-minneapolis-minnesota-target-field/mlb/18383439","2026-07-16 20:09:10","2026-07-16 00:00:00","2026-07-16 20:02:11","2027-05-10 09:30:00","[PREMIUM]","[PREMIUM]","[PREMIUM]","[PREMIUM]","[PREMIUM]","[PREMIUM]","[PREMIUM]",3712,"[19,20]","sports","baseball",,,,,true,false,true
"18383438","2026-08-16 22:05:00.329","2026-08-16 22:05:00.329",18383438,"Houston Astros at Minnesota Twins","Astros at Twins","mlb","2027-05-11 08:30:00",,false,true,false,"normal","as_originally_scheduled",false,false,false,true,true,"[PREMIUM]","[PREMIUM]","https://seatgeek.com/minnesota-twins-tickets/5-11-2027-minneapolis-minnesota-target-field/mlb/18383438","2026-07-16 20:09:11","2026-07-16 00:00:00","2026-07-16 20:02:11","2027-05-11 09:30:00","[PREMIUM]","[PREMIUM]","[PREMIUM]","[PREMIUM]","[PREMIUM]","[PREMIUM]","[PREMIUM]",3712,"[19,20]","sports","baseball",,,,,true,false,true
"18383434","2026-08-16 22:05:00.329","2026-08-16 22:05:00.329",18383434,"Pittsburgh Pirates at Minnesota Twins","Pirates at Twins","mlb","2027-05-08 08:30:00",,false,true,false,"normal","as_originally_scheduled",false,false,false,true,true,"[PREMIUM]","[PREMIUM]","https://seatgeek.com/minnesota-twins-tickets/5-8-2027-minneapolis-minnesota-target-field/mlb/18383434","2026-07-16 20:09:10","2026-07-16 00:00:00","2026-07-16 20:02:11","2027-05-08 09:30:00","[PREMIUM]","[PREMIUM]","[PREMIUM]","[PREMIUM]","[PREMIUM]","[PREMIUM]","[PREMIUM]",3712,"[19,10]","sports","baseball",,,,,true,false,true
"18383431","2026-08-16 22:05:00.329","2026-08-16 22:05:00.329",18383431,"Pittsburgh Pirates at Minnesota Twins","Pirates at Twins","mlb","2027-05-07 08:30:00",,false,true,false,"normal","as_originally_scheduled",false,false,false,true,true,"[PREMIUM]","[PREMIUM]","https://seatgeek.com/minnesota-twins-tickets/5-7-2027-minneapolis-minnesota-target-field/mlb/18383431","2026-07-16 20:09:13","2026-07-16 00:00:00","2026-07-16 20:02:11","2027-05-07 09:30:00","[PREMIUM]","[PREMIUM]","[PREMIUM]","[PREMIUM]","[PREMIUM]","[PREMIUM]","[PREMIUM]",3712,"[19,10]","sports","baseball",,,,,true,false,true
"18383430","2026-08-16 22:04:56.980","2026-08-16 22:04:56.980",18383430,"Athletics at Minnesota Twins","Athletics at Twins","mlb","2027-04-29 08:30:00",,false,true,false,"normal","as_originally_scheduled",false,false,false,true,true,"[PREMIUM]","[PREMIUM]","https://seatgeek.com/minnesota-twins-tickets/4-29-2027-minneapolis-minnesota-target-field/mlb/18383430","2026-07-16 20:08:12","2026-07-16 00:00:00","2026-07-16 20:02:11","2027-04-29 09:30:00","[PREMIUM]","[PREMIUM]","[PREMIUM]","[PREMIUM]","[PREMIUM]","[PREMIUM]","[PREMIUM]",3712,"[19,14]","sports","baseball",,,,,true,false,true
"18383429","2026-08-16 22:04:56.980","2026-08-16 22:04:56.980",18383429,"Athletics at Minnesota Twins","Athletics at Twins","mlb","2027-04-28 08:30:00",,false,true,false,"normal","as_originally_scheduled",false,false,false,true,true,"[PREMIUM]","[PREMIUM]","https://seatgeek.com/minnesota-twins-tickets/4-28-2027-minneapolis-minnesota-target-field/mlb/18383429","2026-07-16 20:09:11","2026-07-16 00:00:00","2026-07-16 20:02:10","2027-04-28 09:30:00","[PREMIUM]","[PREMIUM]","[PREMIUM]","[PREMIUM]","[PREMIUM]","[PREMIUM]","[PREMIUM]",3712,"[19,14]","sports","baseball",,,,,true,false,true
"18383425","2026-08-16 22:04:56.980","2026-08-16 22:04:56.980",18383425,"Athletics at Minnesota Twins","Athletics at Twins","mlb","2027-04-27 08:30:00",,false,true,false,"normal","as_originally_scheduled",false,false,false,true,true,"[PREMIUM]","[PREMIUM]","https://seatgeek.com/minnesota-twins-tickets/4-27-2027-minneapolis-minnesota-target-field/mlb/18383425","2026-07-16 20:09:11","2026-07-16 00:00:00","2026-07-16 20:02:10","2027-04-27 09:30:00","[PREMIUM]","[PREMIUM]","[PREMIUM]","[PREMIUM]","[PREMIUM]","[PREMIUM]","[PREMIUM]",3712,"[19,14]","sports","baseball",,,,,true,false,true
"18383423","2026-08-16 22:04:51.104","2026-08-16 22:04:51.104",18383423,"San Diego Padres at Minnesota Twins","Padres at Twins","mlb","2027-04-25 08:30:00",,false,true,false,"normal","as_originally_scheduled",false,false,false,true,true,"[PREMIUM]","[PREMIUM]","https://seatgeek.com/minnesota-twins-tickets/4-25-2027-minneapolis-minnesota-target-field/mlb/18383423","2026-07-16 20:08:12","2026-07-16 00:00:00","2026-07-16 20:02:10","2027-04-25 09:30:00","[PREMIUM]","[PREMIUM]","[PREMIUM]","[PREMIUM]","[PREMIUM]","[PREMIUM]","[PREMIUM]",3712,"[19,24]","sports","baseball",,,,,true,false,true
"18383422","2026-08-16 22:04:51.104","2026-08-16 22:04:51.104",18383422,"San Diego Padres at Minnesota Twins","Padres at Twins","mlb","2027-04-24 08:30:00",,false,true,false,"normal","as_originally_scheduled",false,false,false,true,true,"[PREMIUM]","[PREMIUM]","https://seatgeek.com/minnesota-twins-tickets/4-24-2027-minneapolis-minnesota-target-field/mlb/18383422","2026-07-16 20:08:12","2026-07-16 00:00:00","2026-07-16 20:02:10","2027-04-24 09:30:00","[PREMIUM]","[PREMIUM]","[PREMIUM]","[PREMIUM]","[PREMIUM]","[PREMIUM]","[PREMIUM]",3712,"[19,24]","sports","baseball",,,,,true,false,true
"18383419","2026-08-16 22:04:51.104","2026-08-16 22:04:51.104",18383419,"San Diego Padres at Minnesota Twins","Padres at Twins","mlb","2027-04-23 08:30:00",,false,true,false,"normal","as_originally_scheduled",false,false,false,true,true,"[PREMIUM]","[PREMIUM]","https://seatgeek.com/minnesota-twins-tickets/4-23-2027-minneapolis-minnesota-target-field/mlb/18383419","2026-07-16 20:09:11","2026-07-16 00:00:00","2026-07-16 20:02:10","2027-04-23 09:30:00","[PREMIUM]","[PREMIUM]","[PREMIUM]","[PREMIUM]","[PREMIUM]","[PREMIUM]","[PREMIUM]",3712,"[19,24]","sports","baseball",,,,,true,false,true
"18383418","2026-08-16 22:04:51.104","2026-08-16 22:04:51.104",18383418,"Detroit Tigers at Minnesota Twins","Tigers at Twins","mlb","2027-04-18 08:30:00",,false,true,false,"normal","as_originally_scheduled",false,false,false,true,true,"[PREMIUM]","[PREMIUM]","https://seatgeek.com/minnesota-twins-tickets/4-18-2027-minneapolis-minnesota-target-field/mlb/18383418","2026-07-16 20:09:11","2026-07-16 00:00:00","2026-07-16 20:02:10","2027-04-18 09:30:00","[PREMIUM]","[PREMIUM]","[PREMIUM]","[PREMIUM]","[PREMIUM]","[PREMIUM]","[PREMIUM]",3712,"[19,12]","sports","baseball",,,,,true,false,true
"18383416","2026-08-16 22:04:46.809","2026-08-16 22:04:46.809",18383416,"Detroit Tigers at Minnesota Twins","Tigers at Twins","mlb","2027-04-17 08:30:00",,false,true,false,"normal","as_originally_scheduled",false,false,false,true,true,"[PREMIUM]","[PREMIUM]","https://seatgeek.com/minnesota-twins-tickets/4-17-2027-minneapolis-minnesota-target-field/mlb/18383416","2026-07-16 20:09:11","2026-07-16 00:00:00","2026-07-16 20:02:10","2027-04-17 09:30:00","[PREMIUM]","[PREMIUM]","[PREMIUM]","[PREMIUM]","[PREMIUM]","[PREMIUM]","[PREMIUM]",3712,"[19,12]","sports","baseball",,,,,true,false,true
"18383414","2026-08-16 22:04:46.809","2026-08-16 22:04:46.809",18383414,"Detroit Tigers at Minnesota Twins","Tigers at Twins","mlb","2027-04-16 08:30:00",,false,true,false,"normal","as_originally_scheduled",false,false,false,true,true,"[PREMIUM]","[PREMIUM]","https://seatgeek.com/minnesota-twins-tickets/4-16-2027-minneapolis-minnesota-target-field/mlb/18383414","2026-07-16 20:08:12","2026-07-16 00:00:00","2026-07-16 20:02:10","2027-04-16 09:30:00","[PREMIUM]","[PREMIUM]","[PREMIUM]","[PREMIUM]","[PREMIUM]","[PREMIUM]","[PREMIUM]",3712,"[19,12]","sports","baseball",,,,,true,false,true
"18384062","2026-08-16 22:04:07.178","2026-08-16 22:04:07.178",18384062,"Tampa Bay Rays at Texas Rangers","Rays at Rangers","mlb","2027-04-08 08:30:00",,false,true,false,"normal","as_originally_scheduled",false,false,false,true,true,"[PREMIUM]","[PREMIUM]","https://seatgeek.com/texas-rangers-tickets/4-8-2027-arlington-texas-globe-life-field/mlb/18384062","2026-07-16 20:09:14","2026-07-16 00:00:00","2026-07-16 20:02:30","2027-04-08 09:30:00","[PREMIUM]","[PREMIUM]","[PREMIUM]","[PREMIUM]","[PREMIUM]","[PREMIUM]","[PREMIUM]",487468,"[16,4]","sports","baseball",,,,,true,false,true
"18383410","2026-08-16 22:04:07.178","2026-08-16 22:04:07.178",18383410,"Washington Nationals at Minnesota Twins","Nationals at Twins","mlb","2027-04-07 08:30:00",,false,true,false,"normal","as_originally_scheduled",false,false,false,true,true,"[PREMIUM]","[PREMIUM]","https://seatgeek.com/minnesota-twins-tickets/4-7-2027-minneapolis-minnesota-target-field/mlb/18383410","2026-07-16 20:09:11","2026-07-16 00:00:00","2026-07-16 20:02:10","2027-04-07 09:30:00","[PREMIUM]","[PREMIUM]","[PREMIUM]","[PREMIUM]","[PREMIUM]","[PREMIUM]","[PREMIUM]",3712,"[19,9]","sports","baseball",,,,,true,false,true
"18383408","2026-08-16 22:04:07.178","2026-08-16 22:04:07.178",18383408,"Washington Nationals at Minnesota Twins","Nationals at Twins","mlb","2027-04-06 08:30:00",,false,true,false,"normal","as_originally_scheduled",false,false,false,true,true,"[PREMIUM]","[PREMIUM]","https://seatgeek.com/minnesota-twins-tickets/4-6-2027-minneapolis-minnesota-target-field/mlb/18383408","2026-07-16 20:08:12","2026-07-16 00:00:00","2026-07-16 20:02:10","2027-04-06 09:30:00","[PREMIUM]","[PREMIUM]","[PREMIUM]","[PREMIUM]","[PREMIUM]","[PREMIUM]","[PREMIUM]",3712,"[19,9]","sports","baseball",,,,,true,false,true
"18383406","2026-08-16 22:04:07.178","2026-08-16 22:04:07.178",18383406,"Tampa Bay Rays at Minnesota Twins","Rays at Twins","mlb","2027-04-05 08:30:00",,false,true,false,"normal","as_originally_scheduled",false,false,false,true,true,"[PREMIUM]","[PREMIUM]","https://seatgeek.com/minnesota-twins-tickets/4-5-2027-minneapolis-minnesota-target-field/mlb/18383406","2026-07-16 20:09:13","2026-07-16 00:00:00","2026-07-16 20:02:10","2027-04-05 09:30:00","[PREMIUM]","[PREMIUM]","[PREMIUM]","[PREMIUM]","[PREMIUM]","[PREMIUM]","[PREMIUM]",3712,"[19,4]","sports","baseball",,,,,true,false,true
"18383405","2026-08-16 22:04:07.178","2026-08-16 22:04:07.178",18383405,"Tampa Bay Rays at Minnesota Twins","Rays at Twins","mlb","2027-04-04 08:30:00",,false,true,false,"normal","as_originally_scheduled",false,false,false,true,true,"[PREMIUM]","[PREMIUM]","https://seatgeek.com/minnesota-twins-tickets/4-4-2027-minneapolis-minnesota-target-field/mlb/18383405","2026-07-16 20:09:13","2026-07-16 00:00:00","2026-07-16 20:02:10","2027-04-04 09:30:00","[PREMIUM]","[PREMIUM]","[PREMIUM]","[PREMIUM]","[PREMIUM]","[PREMIUM]","[PREMIUM]",3712,"[19,4]","sports","baseball",,,,,true,false,true
"18383402","2026-08-16 22:04:07.178","2026-08-16 22:04:07.178",18383402,"Tampa Bay Rays at Minnesota Twins","Rays at Twins","mlb","2027-04-03 08:30:00",,false,true,false,"normal","as_originally_scheduled",false,false,false,true,true,"[PREMIUM]","[PREMIUM]","https://seatgeek.com/minnesota-twins-tickets/4-3-2027-minneapolis-minnesota-target-field/mlb/18383402","2026-07-16 20:09:13","2026-07-16 00:00:00","2026-07-16 20:02:10","2027-04-03 09:30:00","[PREMIUM]","[PREMIUM]","[PREMIUM]","[PREMIUM]","[PREMIUM]","[PREMIUM]","[PREMIUM]",3712,"[19,4]","sports","baseball",,,,,true,false,true
"18383400","2026-08-16 22:04:07.178","2026-08-16 22:04:07.178",18383400,"Tampa Bay Rays at Minnesota Twins","Rays at Twins","mlb","2027-04-02 08:30:00",,false,true,false,"normal","as_originally_scheduled",false,false,false,true,true,"[PREMIUM]","[PREMIUM]","https://seatgeek.com/minnesota-twins-tickets/4-2-2027-minneapolis-minnesota-target-field/mlb/18383400","2026-07-16 20:08:12","2026-07-16 00:00:00","2026-07-16 20:02:10","2027-04-02 09:30:00","[PREMIUM]","[PREMIUM]","[PREMIUM]","[PREMIUM]","[PREMIUM]","[PREMIUM]","[PREMIUM]",3712,"[19,4]","sports","baseball",,,,,true,false,true
"18380973","2026-08-16 22:04:07.178","2026-08-16 22:04:07.178",18380973,"Washington Nationals at Philadelphia Phillies","Nationals at Phillies","mlb","2027-04-02 07:30:00",,false,true,false,"normal","as_originally_scheduled",false,false,false,true,true,"[PREMIUM]","[PREMIUM]","https://seatgeek.com/philadelphia-phillies-tickets/4-2-2027-philadelphia-pennsylvania-citizens-bank-park/mlb/18380973","2026-07-16 20:00:13","2026-07-16 00:00:00","2026-07-16 19:55:19","2027-04-02 08:00:00","[PREMIUM]","[PREMIUM]","[PREMIUM]","[PREMIUM]","[PREMIUM]","[PREMIUM]","[PREMIUM]",18,"[18,9]","sports","baseball",,,,,true,false,true
"18384057","2026-08-16 22:04:07.178","2026-08-16 22:04:07.178",18384057,"Tampa Bay Rays at Texas Rangers","Rays at Rangers","mlb","2027-04-06 08:30:00",,false,true,false,"normal","as_originally_scheduled",false,false,false,true,true,"[PREMIUM]","[PREMIUM]","https://seatgeek.com/texas-rangers-tickets/4-6-2027-arlington-texas-globe-life-field/mlb/18384057","2026-07-16 20:09:19","2026-07-16 00:00:00","2026-07-16 20:02:29","2027-04-06 09:30:00","[PREMIUM]","[PREMIUM]","[PREMIUM]","[PREMIUM]","[PREMIUM]","[PREMIUM]","[PREMIUM]",487468,"[16,4]","sports","baseball",,,,,true,false,true
"18383412","2026-08-16 22:04:07.178","2026-08-16 22:04:07.178",18383412,"Washington Nationals at Minnesota Twins","Nationals at Twins","mlb","2027-04-08 08:30:00",,false,true,false,"normal","as_originally_scheduled",false,false,false,true,true,"[PREMIUM]","[PREMIUM]","https://seatgeek.com/minnesota-twins-tickets/4-8-2027-minneapolis-minnesota-target-field/mlb/18383412","2026-07-16 20:09:11","2026-07-16 00:00:00","2026-07-16 20:02:10","2027-04-08 09:30:00","[PREMIUM]","[PREMIUM]","[PREMIUM]","[PREMIUM]","[PREMIUM]","[PREMIUM]","[PREMIUM]",3712,"[19,9]","sports","baseball",,,,,true,false,true
"18384059","2026-08-16 22:04:07.178","2026-08-16 22:04:07.178",18384059,"Tampa Bay Rays at Texas Rangers","Rays at Rangers","mlb","2027-04-07 08:30:00",,false,true,false,"normal","as_originally_scheduled",false,false,false,true,true,"[PREMIUM]","[PREMIUM]","https://seatgeek.com/texas-rangers-tickets/4-7-2027-arlington-texas-globe-life-field/mlb/18384059","2026-07-16 20:09:19","2026-07-16 00:00:00","2026-07-16 20:02:29","2027-04-07 09:30:00","[PREMIUM]","[PREMIUM]","[PREMIUM]","[PREMIUM]","[PREMIUM]","[PREMIUM]","[PREMIUM]",487468,"[16,4]","sports","baseball",,,,,true,false,true
"18383889","2026-08-16 22:04:00.506","2026-08-16 22:04:00.506",18383889,"Baltimore Orioles at Tampa Bay Rays","Orioles at Rays","mlb","2027-03-26 07:30:00",,false,true,false,"normal","as_originally_scheduled",false,false,false,true,true,"[PREMIUM]","[PREMIUM]","https://seatgeek.com/tampa-bay-rays-tickets/3-26-2027-saint-petersburg-florida-tropicana-field/mlb/18383889","2026-07-16 20:09:18","2026-07-16 00:00:00","2026-07-16 20:02:24","2027-03-26 08:30:00","[PREMIUM]","[PREMIUM]","[PREMIUM]","[PREMIUM]","[PREMIUM]","[PREMIUM]","[PREMIUM]",4,"[4,25]","sports","baseball",,,,,true,false,true
"18343064","2026-08-16 22:04:00.506","2026-08-16 22:04:00.506",18343064,"TBD at Tampa Bay Rays - World Series (Home Game 1)","TBD at Rays - World Series (HG 1)","mlb","2026-10-23 07:30:00",,true,true,true,"normal","as_originally_scheduled",true,true,false,true,true,"[PREMIUM]","[PREMIUM]","https://seatgeek.com/tampa-bay-rays-tickets/10-23-2026-saint-petersburg-florida-tropicana-field/mlb/18343064","2026-06-29 16:59:40","2026-06-29 00:00:00","2026-07-15 14:00:00","2026-10-23 08:30:00","[PREMIUM]","[PREMIUM]","[PREMIUM]","[PREMIUM]","[PREMIUM]","[PREMIUM]","[PREMIUM]",4,"[4,793010,257280]","sports","baseball",,,,,true,false,true
"18343060","2026-08-16 22:04:00.506","2026-08-16 22:04:00.506",18343060,"TBD at Tampa Bay Rays - ALCS (Home Game 3)","TBD at Rays - ALCS (HG 3)","mlb","2026-10-17 07:30:00",,true,true,true,"normal","as_originally_scheduled",true,true,false,true,true,"[PREMIUM]","[PREMIUM]","https://seatgeek.com/tampa-bay-rays-tickets/10-17-2026-saint-petersburg-florida-tropicana-field/mlb/18343060","2026-06-29 16:59:40","2026-06-29 00:00:00","2026-07-15 14:00:00","2026-10-17 08:30:00","[PREMIUM]","[PREMIUM]","[PREMIUM]","[PREMIUM]","[PREMIUM]","[PREMIUM]","[PREMIUM]",4,"[4,793010,792987]","sports","baseball",,,,,true,false,true
"18343057","2026-08-16 22:04:00.506","2026-08-16 22:04:00.506",18343057,"TBD at Tampa Bay Rays - ALCS (Home Game 2)","TBD at Rays - ALCS (HG 2)","mlb","2026-10-13 07:30:00",,true,true,true,"normal","as_originally_scheduled",true,true,false,true,true,"[PREMIUM]","[PREMIUM]","https://seatgeek.com/tampa-bay-rays-tickets/10-13-2026-saint-petersburg-florida-tropicana-field/mlb/18343057","2026-06-29 16:59:40","2026-06-29 00:00:00","2026-07-15 14:00:00","2026-10-13 08:30:00","[PREMIUM]","[PREMIUM]","[PREMIUM]","[PREMIUM]","[PREMIUM]","[PREMIUM]","[PREMIUM]",4,"[4,793010,792987]","sports","baseball",,,,,true,false,true
"18343314","2026-08-16 22:04:00.506","2026-08-16 22:04:00.506",18343314,"TBD at Texas Rangers - ALCS (Home Game 4)","TBD at Rangers - ALCS (HG 4)","mlb","2026-10-19 08:30:00",,true,true,true,"normal","as_originally_scheduled",true,true,false,true,true,"[PREMIUM]","[PREMIUM]","https://seatgeek.com/texas-rangers-tickets/10-19-2026-arlington-texas-globe-life-field/mlb/18343314","2026-06-29 17:00:26","2026-06-29 00:00:00","2026-07-15 14:00:00","2026-10-19 09:30:00","[PREMIUM]","[PREMIUM]","[PREMIUM]","[PREMIUM]","[PREMIUM]","[PREMIUM]","[PREMIUM]",487468,"[16,793010,792987]","sports","baseball",,,,,true,false,true
"18343315","2026-08-16 22:04:00.506","2026-08-16 22:04:00.506",18343315,"TBD at Texas Rangers - World Series (Home Game 1)","TBD at Rangers - World Series (HG 1)","mlb","2026-10-23 08:30:00",,true,true,true,"normal","as_originally_scheduled",true,true,false,true,true,"[PREMIUM]","[PREMIUM]","https://seatgeek.com/texas-rangers-tickets/10-23-2026-arlington-texas-globe-life-field/mlb/18343315","2026-06-29 17:00:26","2026-06-29 00:00:00","2026-07-15 14:00:00","2026-10-23 09:30:00","[PREMIUM]","[PREMIUM]","[PREMIUM]","[PREMIUM]","[PREMIUM]","[PREMIUM]","[PREMIUM]",487468,"[16,793010,257280]","sports","baseball",,,,,true,false,true
"18343316","2026-08-16 22:04:00.506","2026-08-16 22:04:00.506",18343316,"TBD at Texas Rangers - World Series (Home Game 2)","TBD at Rangers - World Series (HG 2)","mlb","2026-10-24 08:30:00",,true,true,true,"normal","as_originally_scheduled",true,true,false,true,true,"[PREMIUM]","[PREMIUM]","https://seatgeek.com/texas-rangers-tickets/10-24-2026-arlington-texas-globe-life-field/mlb/18343316","2026-06-29 17:00:26","2026-06-29 00:00:00","2026-07-15 14:00:00","2026-10-24 09:30:00","[PREMIUM]","[PREMIUM]","[PREMIUM]","[PREMIUM]","[PREMIUM]","[PREMIUM]","[PREMIUM]",487468,"[16,793010,257280]","sports","baseball",,,,,true,false,true
"18343322","2026-08-16 22:04:00.506","2026-08-16 22:04:00.506",18343322,"TBD at Texas Rangers - World Series (Home Game 4)","TBD at Rangers - World Series (HG 4)","mlb","2026-10-30 08:30:00",,true,true,true,"normal","as_originally_scheduled",true,true,false,true,true,"[PREMIUM]","[PREMIUM]","https://seatgeek.com/texas-rangers-tickets/10-30-2026-arlington-texas-globe-life-field/mlb/18343322","2026-06-29 17:00:26","2026-06-29 00:00:00","2026-07-15 14:00:00","2026-10-30 09:30:00","[PREMIUM]","[PREMIUM]","[PREMIUM]","[PREMIUM]","[PREMIUM]","[PREMIUM]","[PREMIUM]",487468,"[16,793010,257280]","sports","baseball",,,,,true,false,true
"18384047","2026-08-16 22:04:00.506","2026-08-16 22:04:00.506",18384047,"Athletics at Texas Rangers","Athletics at Rangers","mlb","2027-04-01 08:30:00",,false,true,false,"normal","as_originally_scheduled",false,false,false,true,true,"[PREMIUM]","[PREMIUM]","https://seatgeek.com/texas-rangers-tickets/4-1-2027-arlington-texas-globe-life-field/mlb/18384047","2026-07-16 20:09:14","2026-07-16 00:00:00","2026-07-17 11:37:33","2027-04-01 09:30:00","[PREMIUM]","[PREMIUM]","[PREMIUM]","[PREMIUM]","[PREMIUM]","[PREMIUM]","[PREMIUM]",487468,"[16,14]","sports","baseball",,,,,true,false,true
"18383895","2026-08-16 22:04:00.506","2026-08-16 22:04:00.506",18383895,"Los Angeles Angels at Tampa Bay Rays","Angels at Rays","mlb","2027-03-31 07:30:00",,false,true,false,"normal","as_originally_scheduled",false,false,false,true,true,"[PREMIUM]","[PREMIUM]","https://seatgeek.com/tampa-bay-rays-tickets/3-31-2027-saint-petersburg-florida-tropicana-field/mlb/18383895","2026-07-16 20:09:15","2026-07-16 00:00:00","2026-07-16 20:02:24","2027-03-31 08:30:00","[PREMIUM]","[PREMIUM]","[PREMIUM]","[PREMIUM]","[PREMIUM]","[PREMIUM]","[PREMIUM]",4,"[4,28]","sports","baseball",,,,,true,false,true
"18383892","2026-08-16 22:04:00.506","2026-08-16 22:04:00.506",18383892,"Los Angeles Angels at Tampa Bay Rays","Angels at Rays","mlb","2027-03-30 07:30:00",,false,true,false,"normal","as_originally_scheduled",false,false,false,true,true,"[PREMIUM]","[PREMIUM]","https://seatgeek.com/tampa-bay-rays-tickets/3-30-2027-saint-petersburg-florida-tropicana-field/mlb/18383892","2026-07-16 20:09:13","2026-07-16 00:00:00","2026-07-16 20:02:24","2027-03-30 08:30:00","[PREMIUM]","[PREMIUM]","[PREMIUM]","[PREMIUM]","[PREMIUM]","[PREMIUM]","[PREMIUM]",4,"[4,28]","sports","baseball",,,,,true,false,true
"18383891","2026-08-16 22:04:00.506","2026-08-16 22:04:00.506",18383891,"Los Angeles Angels at Tampa Bay Rays","Angels at Rays","mlb","2027-03-29 07:30:00",,false,true,false,"normal","as_originally_scheduled",false,false,false,true,true,"[PREMIUM]","[PREMIUM]","https://seatgeek.com/tampa-bay-rays-tickets/3-29-2027-saint-petersburg-florida-tropicana-field/mlb/18383891","2026-07-16 20:09:18","2026-07-16 00:00:00","2026-07-16 20:02:24","2027-03-29 08:30:00","[PREMIUM]","[PREMIUM]","[PREMIUM]","[PREMIUM]","[PREMIUM]","[PREMIUM]","[PREMIUM]",4,"[4,28]","sports","baseball",,,,,true,false,true
"18383890","2026-08-16 22:04:00.506","2026-08-16 22:04:00.506",18383890,"Baltimore Orioles at Tampa Bay Rays","Orioles at Rays","mlb","2027-03-27 07:30:00",,false,true,false,"normal","as_originally_scheduled",false,false,false,true,true,"[PREMIUM]","[PREMIUM]","https://seatgeek.com/tampa-bay-rays-tickets/3-27-2027-saint-petersburg-florida-tropicana-field/mlb/18383890","2026-07-16 20:09:15","2026-07-16 00:00:00","2026-07-16 20:02:24","2027-03-27 08:30:00","[PREMIUM]","[PREMIUM]","[PREMIUM]","[PREMIUM]","[PREMIUM]","[PREMIUM]","[PREMIUM]",4,"[4,25]","sports","baseball",,,,,true,false,true
"18343303","2026-08-16 22:03:54.005","2026-08-16 22:03:54.005",18343303,"TBD at Texas Rangers - ALDS (Home Game 3)","TBD at Rangers - ALDS (HG 3)","mlb","2026-10-10 08:30:00",,true,true,true,"normal","as_originally_scheduled",true,true,false,true,true,"[PREMIUM]","[PREMIUM]","https://seatgeek.com/texas-rangers-tickets/10-10-2026-arlington-texas-globe-life-field/mlb/18343303","2026-06-29 17:00:25","2026-06-29 00:00:00","2026-07-15 14:00:00","2026-10-10 09:30:00","[PREMIUM]","[PREMIUM]","[PREMIUM]","[PREMIUM]","[PREMIUM]","[PREMIUM]","[PREMIUM]",487468,"[16,793010,792985]","sports","baseball",,,,,true,false,true
"18343300","2026-08-16 22:03:54.005","2026-08-16 22:03:54.005",18343300,"TBD at Texas Rangers - AL Wild Card (Home Game 3)","TBD at Rangers - AL Wild Card (HG 3)","mlb","2026-10-01 08:30:00",,false,true,false,"normal","as_originally_scheduled",true,true,false,true,true,"[PREMIUM]","[PREMIUM]","https://seatgeek.com/texas-rangers-tickets/10-1-2026-arlington-texas-globe-life-field/mlb/18343300","2026-06-29 17:00:26","2026-06-29 00:00:00","2026-07-15 14:00:00","2026-10-01 09:30:00","[PREMIUM]","[PREMIUM]","[PREMIUM]","[PREMIUM]","[PREMIUM]","[PREMIUM]","[PREMIUM]",487468,"[16,793010,792989]","sports","baseball",,"161572175",,,true,false,true
"18343297","2026-08-16 22:03:54.005","2026-08-16 22:03:54.005",18343297,"TBD at Texas Rangers - AL Wild Card (Home Game 2)","TBD at Rangers - AL Wild Card (HG 2)","mlb","2026-09-30 08:30:00",,false,true,false,"normal","as_originally_scheduled",true,true,false,true,true,"[PREMIUM]","[PREMIUM]","https://seatgeek.com/texas-rangers-tickets/9-30-2026-arlington-texas-globe-life-field/mlb/18343297","2026-06-29 17:00:25","2026-06-29 00:00:00","2026-07-15 14:00:00","2026-09-30 09:30:00","[PREMIUM]","[PREMIUM]","[PREMIUM]","[PREMIUM]","[PREMIUM]","[PREMIUM]","[PREMIUM]",487468,"[16,793010,792989]","sports","baseball",,"161572176",,,true,false,true
"18343296","2026-08-16 22:03:54.005","2026-08-16 22:03:54.005",18343296,"TBD at Texas Rangers - AL Wild Card (Home Game 1)","TBD at Rangers - AL Wild Card (HG 1)","mlb","2026-09-29 08:30:00",,false,true,false,"normal","as_originally_scheduled",true,true,false,true,true,"[PREMIUM]","[PREMIUM]","https://seatgeek.com/texas-rangers-tickets/9-29-2026-arlington-texas-globe-life-field/mlb/18343296","2026-06-29 17:00:25","2026-06-29 00:00:00","2026-07-15 14:00:00","2026-09-29 09:30:00","[PREMIUM]","[PREMIUM]","[PREMIUM]","[PREMIUM]","[PREMIUM]","[PREMIUM]","[PREMIUM]",487468,"[16,793010,792989]","sports","baseball",,"161572183",,,true,false,true
"18343049","2026-08-16 22:03:54.005","2026-08-16 22:03:54.005",18343049,"TBD at Tampa Bay Rays - ALDS (Home Game 2)","TBD at Rays - ALDS (HG 2)","mlb","2026-10-05 07:30:00",,true,true,true,"normal","as_originally_scheduled",true,true,false,true,true,"[PREMIUM]","[PREMIUM]","https://seatgeek.com/tampa-bay-rays-tickets/10-5-2026-saint-petersburg-florida-tropicana-field/mlb/18343049","2026-06-29 16:59:39","2026-06-29 00:00:00","2026-07-15 14:00:00","2026-10-05 08:30:00","[PREMIUM]","[PREMIUM]","[PREMIUM]","[PREMIUM]","[PREMIUM]","[PREMIUM]","[PREMIUM]",4,"[4,793010,792985]","sports","baseball",,"161544341",,,true,false,true
"18343048","2026-08-16 22:03:54.005","2026-08-16 22:03:54.005",18343048,"TBD at Tampa Bay Rays - ALDS (Home Game 3)","TBD at Rays - ALDS (HG 3)","mlb","2026-10-10 07:30:00",,true,true,true,"normal","as_originally_scheduled",true,true,false,true,true,"[PREMIUM]","[PREMIUM]","https://seatgeek.com/tampa-bay-rays-tickets/10-10-2026-saint-petersburg-florida-tropicana-field/mlb/18343048","2026-06-29 16:59:32","2026-06-29 00:00:00","2026-07-15 14:00:00","2026-10-10 08:30:00","[PREMIUM]","[PREMIUM]","[PREMIUM]","[PREMIUM]","[PREMIUM]","[PREMIUM]","[PREMIUM]",4,"[4,793010,792985]","sports","baseball",,,,,true,false,true
"18343047","2026-08-16 22:03:54.005","2026-08-16 22:03:54.005",18343047,"TBD at Tampa Bay Rays - ALDS (Home Game 1)","TBD at Rays - ALDS (HG 1)","mlb","2026-10-04 07:30:00",,true,true,true,"normal","as_originally_scheduled",true,true,false,true,true,"[PREMIUM]","[PREMIUM]","https://seatgeek.com/tampa-bay-rays-tickets/10-4-2026-saint-petersburg-florida-tropicana-field/mlb/18343047","2026-06-29 16:59:32","2026-06-29 00:00:00","2026-07-15 14:00:00","2026-10-04 08:30:00","[PREMIUM]","[PREMIUM]","[PREMIUM]","[PREMIUM]","[PREMIUM]","[PREMIUM]","[PREMIUM]",4,"[4,793010,792985]","sports","baseball",,"161544331",,,true,false,true
"17696431","2026-08-16 22:02:28.151","2026-08-16 22:02:28.151",17696431,"Baltimore Orioles at Tampa Bay Rays","Orioles at Rays","mlb","2026-08-17 22:05:00","2026-08-17 23:05:00",false,false,false,"normal","rescheduled",false,false,false,true,true,"[PREMIUM]","[PREMIUM]","https://seatgeek.com/tampa-bay-rays-tickets/8-17-2026-saint-petersburg-florida-tropicana-field/mlb/17696431","2025-08-27 15:22:09","2025-08-27 00:00:00","2026-08-01 06:59:23","2026-08-17 23:05:00","[PREMIUM]","[PREMIUM]","[PREMIUM]","[PREMIUM]","[PREMIUM]","[PREMIUM]","[PREMIUM]",4,"[4,25]","sports","baseball",,"159263244","TDC","7775",true,false,true
"17691307","2026-08-16 22:02:28.151","2026-08-16 22:02:28.151",17691307,"Los Angeles Dodgers at Colorado Rockies","Dodgers at Rockies","mlb","2026-08-18 00:40:00","2026-08-18 01:40:00",false,false,false,"normal","as_originally_scheduled",false,false,false,true,true,"[PREMIUM]","[PREMIUM]","https://seatgeek.com/colorado-rockies-tickets/8-17-2026-denver-colorado-coors-field/mlb/17691307","2025-08-26 19:01:23","2025-08-26 00:00:00","2026-08-10 07:46:16","2026-08-18 01:40:00","[PREMIUM]","[PREMIUM]","[PREMIUM]","[PREMIUM]","[PREMIUM]","[PREMIUM]","[PREMIUM]",7,"[7,1]","sports","baseball","1E00636AD39290F4","159263565","TICKETMASTER","1E00636AD39290F4",true,false,true
"17695261","2026-08-16 22:02:28.151","2026-08-16 22:02:28.151",17695261,"Chicago White Sox at Chicago Cubs","White Sox at Cubs","mlb","2026-08-18 00:05:00","2026-08-18 01:05:00",false,false,false,"normal","as_originally_scheduled",false,false,false,true,true,"[PREMIUM]","[PREMIUM]","https://seatgeek.com/chicago-cubs-tickets/8-17-2026-chicago-illinois-wrigley-field/mlb/17695261","2025-08-27 13:20:36","2025-08-27 00:00:00","2026-08-01 06:55:32","2026-08-18 01:05:00","[PREMIUM]","[PREMIUM]","[PREMIUM]","[PREMIUM]","[PREMIUM]","[PREMIUM]","[PREMIUM]",11,"[11,23]","sports","baseball",,"159257901","TDC","16519",true,false,true
"17694936","2026-08-16 22:02:28.151","2026-08-16 22:02:28.151",17694936,"Detroit Tigers at Pittsburgh Pirates","Tigers at Pirates","mlb","2026-08-19 16:35:00","2026-08-19 17:05:00",false,false,false,"normal","as_originally_scheduled",false,false,false,true,true,"[PREMIUM]","[PREMIUM]","https://seatgeek.com/pittsburgh-pirates-tickets/8-19-2026-pittsburgh-pennsylvania-pnc-park/mlb/17694936","2025-08-27 13:03:30","2025-08-27 00:00:00","2026-08-13 07:17:44","2026-08-19 17:05:00","[PREMIUM]","[PREMIUM]","[PREMIUM]","[PREMIUM]","[PREMIUM]","[PREMIUM]","[PREMIUM]",10,"[10,12]","sports","baseball",,"159263328","TDC","21098",true,false,true
"17694935","2026-08-16 22:02:28.151","2026-08-16 22:02:28.151",17694935,"Detroit Tigers at Pittsburgh Pirates","Tigers at Pirates","mlb","2026-08-18 22:40:00","2026-08-18 23:10:00",false,false,false,"normal","as_originally_scheduled",false,false,false,true,true,"[PREMIUM]","[PREMIUM]","https://seatgeek.com/pittsburgh-pirates-tickets/8-18-2026-pittsburgh-pennsylvania-pnc-park/mlb/17694935","2025-08-27 13:03:30","2025-08-27 00:00:00","2026-08-13 07:17:44","2026-08-18 23:10:00","[PREMIUM]","[PREMIUM]","[PREMIUM]","[PREMIUM]","[PREMIUM]","[PREMIUM]","[PREMIUM]",10,"[10,12]","sports","baseball",,"159263327","TDC","21097",true,false,true
"17694933","2026-08-16 22:02:28.151","2026-08-16 22:02:28.151",17694933,"Detroit Tigers at Pittsburgh Pirates","Tigers at Pirates","mlb","2026-08-17 23:05:00","2026-08-17 23:10:00",false,false,false,"normal","as_originally_scheduled",false,false,false,true,true,"[PREMIUM]","[PREMIUM]","https://seatgeek.com/pittsburgh-pirates-tickets/8-17-2026-pittsburgh-pennsylvania-pnc-park/mlb/17694933","2025-08-27 13:03:30","2025-08-27 00:00:00","2026-08-13 07:17:43","2026-08-17 23:10:00","[PREMIUM]","[PREMIUM]","[PREMIUM]","[PREMIUM]","[PREMIUM]","[PREMIUM]","[PREMIUM]",10,"[10,12]","sports","baseball",,"159263326","TDC","21096",true,false,true
"17694769","2026-08-16 22:02:28.151","2026-08-16 22:02:28.151",17694769,"New York Yankees at Baltimore Orioles","Yankees at Orioles","mlb","2026-08-18 22:35:00","2026-08-18 23:35:00",false,false,false,"normal","as_originally_scheduled",false,false,false,true,true,"[PREMIUM]","[PREMIUM]","https://seatgeek.com/baltimore-orioles-tickets/8-18-2026-baltimore-maryland-oriole-park-at-camden-yards/mlb/17694769","2025-08-27 12:57:03","2025-08-27 00:00:00","2026-08-01 07:04:28","2026-08-18 23:35:00","[PREMIUM]","[PREMIUM]","[PREMIUM]","[PREMIUM]","[PREMIUM]","[PREMIUM]","[PREMIUM]",25,"[25,8]","sports","baseball",,"159263487","TDC","5811",true,false,true
"17694234","2026-08-16 22:02:28.151","2026-08-16 22:02:28.151",17694234,"St. Louis Cardinals at Cincinnati Reds","Cardinals at Reds","mlb","2026-08-18 22:40:00","2026-08-18 23:40:00",false,false,false,"normal","as_originally_scheduled",false,false,false,true,true,"[PREMIUM]","[PREMIUM]","https://seatgeek.com/cincinnati-reds-tickets/8-18-2026-cincinnati-ohio-great-american-ball-park/mlb/17694234","2025-08-26 22:33:20","2025-08-26 00:00:00","2026-08-01 06:54:54","2026-08-18 23:40:00","[PREMIUM]","[PREMIUM]","[PREMIUM]","[PREMIUM]","[PREMIUM]","[PREMIUM]","[PREMIUM]",26,"[26,27]","sports","baseball",,"159263085","TDC","34236",true,false,true
"17694232","2026-08-16 22:02:28.151","2026-08-16 22:02:28.151",17694232,"St. Louis Cardinals at Cincinnati Reds","Cardinals at Reds","mlb","2026-08-17 22:40:00","2026-08-17 23:40:00",false,false,false,"normal","as_originally_scheduled",false,false,false,true,true,"[PREMIUM]","[PREMIUM]","https://seatgeek.com/cincinnati-reds-tickets/8-17-2026-cincinnati-ohio-great-american-ball-park/mlb/17694232","2025-08-26 22:33:20","2025-08-26 00:00:00","2026-08-01 06:54:54","2026-08-17 23:40:00","[PREMIUM]","[PREMIUM]","[PREMIUM]","[PREMIUM]","[PREMIUM]","[PREMIUM]","[PREMIUM]",26,"[26,27]","sports","baseball",,"159263084","TDC","34229",true,false,true
"17694155","2026-08-16 22:02:28.151","2026-08-16 22:02:28.151",17694155,"St. Louis Cardinals at Cincinnati Reds (Rescheduled from 5/24/26)","Cardinals at Reds","mlb","2026-08-17 17:40:00","2026-08-17 18:40:00",false,false,false,"normal","rescheduled",false,false,false,true,true,"[PREMIUM]","[PREMIUM]","https://seatgeek.com/cincinnati-reds-tickets/8-17-2026-cincinnati-ohio-great-american-ball-park/mlb/17694155","2025-08-26 22:33:07","2025-08-26 00:00:00","2026-08-01 06:54:54","2026-08-17 18:40:00","[PREMIUM]","[PREMIUM]","[PREMIUM]","[PREMIUM]","[PREMIUM]","[PREMIUM]","[PREMIUM]",26,"[26,27]","sports","baseball",,"159263046","TDC","34197",true,false,true
"17694055","2026-08-16 22:02:28.151","2026-08-16 22:02:28.151",17694055,"Miami Marlins at Philadelphia Phillies","Marlins at Phillies","mlb","2026-08-18 22:40:00","2026-08-18 23:10:00",false,false,false,"normal","as_originally_scheduled",false,false,false,true,true,"[PREMIUM]","[PREMIUM]","https://seatgeek.com/philadelphia-phillies-tickets/8-18-2026-philadelphia-pennsylvania-citizens-bank-park/mlb/17694055","2025-08-26 22:14:23","2025-08-26 00:00:00","2026-08-01 06:49:39","2026-08-18 23:10:00","[PREMIUM]","[PREMIUM]","[PREMIUM]","[PREMIUM]","[PREMIUM]","[PREMIUM]","[PREMIUM]",18,"[18,29]","sports","baseball",,"159262243","TDC","21775",true,false,true
"17694052","2026-08-16 22:02:28.151","2026-08-16 22:02:28.151",17694052,"Miami Marlins at Philadelphia Phillies","Marlins at Phillies","mlb","2026-08-17 22:40:00","2026-08-17 23:10:00",false,false,false,"normal","as_originally_scheduled",false,false,false,true,true,"[PREMIUM]","[PREMIUM]","https://seatgeek.com/philadelphia-phillies-tickets/8-17-2026-philadelphia-pennsylvania-citizens-bank-park/mlb/17694052","2025-08-26 22:14:23","2025-08-26 00:00:00","2026-08-01 06:49:39","2026-08-17 23:10:00","[PREMIUM]","[PREMIUM]","[PREMIUM]","[PREMIUM]","[PREMIUM]","[PREMIUM]","[PREMIUM]",18,"[18,29]","sports","baseball",,"159262242","TDC","21774",true,false,true
"17693874","2026-08-16 22:02:28.151","2026-08-16 22:02:28.151",17693874,"San Diego Padres at New York Mets","Padres at Mets","mlb","2026-08-19 17:10:00","2026-08-19 18:10:00",false,false,false,"normal","as_originally_scheduled",false,false,false,true,true,"[PREMIUM]","[PREMIUM]","https://seatgeek.com/new-york-mets-tickets/8-19-2026-flushing-new-york-citi-field/mlb/17693874","2025-08-26 21:54:20","2025-08-26 00:00:00","2026-08-12 07:22:48","2026-08-19 18:10:00","[PREMIUM]","[PREMIUM]","[PREMIUM]","[PREMIUM]","[PREMIUM]","[PREMIUM]","[PREMIUM]",3,"[3,24]","sports","baseball",,"159261054","TDC","21884",true,false,true
"17693870","2026-08-16 22:02:28.151","2026-08-16 22:02:28.151",17693870,"San Diego Padres at New York Mets","Padres at Mets","mlb","2026-08-18 23:10:00","2026-08-19 00:10:00",false,false,false,"normal","as_originally_scheduled",false,false,false,true,true,"[PREMIUM]","[PREMIUM]","https://seatgeek.com/new-york-mets-tickets/8-18-2026-flushing-new-york-citi-field/mlb/17693870","2025-08-26 21:54:17","2025-08-26 00:00:00","2026-08-12 07:22:48","2026-08-19 00:10:00","[PREMIUM]","[PREMIUM]","[PREMIUM]","[PREMIUM]","[PREMIUM]","[PREMIUM]","[PREMIUM]",3,"[3,24]","sports","baseball",,"159261053","TDC","21883",true,false,true
"17695264","2026-08-16 22:02:28.151","2026-08-16 22:02:28.151",17695264,"Chicago White Sox at Chicago Cubs","White Sox at Cubs","mlb","2026-08-19 18:20:00","2026-08-19 19:20:00",false,false,false,"normal","as_originally_scheduled",false,false,false,true,true,"[PREMIUM]","[PREMIUM]","https://seatgeek.com/chicago-cubs-tickets/8-19-2026-chicago-illinois-wrigley-field/mlb/17695264","2025-08-27 13:20:36","2025-08-27 00:00:00","2026-08-01 06:55:32","2026-08-19 19:20:00","[PREMIUM]","[PREMIUM]","[PREMIUM]","[PREMIUM]","[PREMIUM]","[PREMIUM]","[PREMIUM]",11,"[11,23]","sports","baseball",,"159257903","TDC","16521",true,false,true
"17695587","2026-08-16 22:02:28.151","2026-08-16 22:02:28.151",17695587,"Seattle Mariners at Milwaukee Brewers","Mariners at Brewers","mlb","2026-08-18 23:40:00","2026-08-19 00:40:00",false,false,false,"normal","as_originally_scheduled",false,false,false,true,true,"[PREMIUM]","[PREMIUM]","https://seatgeek.com/milwaukee-brewers-tickets/8-18-2026-milwaukee-wisconsin-american-family-field/mlb/17695587","2025-08-27 13:21:36","2025-08-27 00:00:00","2026-08-01 07:05:13","2026-08-19 00:40:00","[PREMIUM]","[PREMIUM]","[PREMIUM]","[PREMIUM]","[PREMIUM]","[PREMIUM]","[PREMIUM]",15,"[15,13]","sports","baseball",,"159263164","TDC","20867",true,false,true
"17695748","2026-08-16 22:02:28.151","2026-08-16 22:02:28.151",17695748,"Atlanta Braves at Minnesota Twins","Braves at Twins","mlb","2026-08-18 23:40:00","2026-08-19 00:40:00",false,false,false,"normal","as_originally_scheduled",false,false,false,true,true,"[PREMIUM]","[PREMIUM]","https://seatgeek.com/minnesota-twins-tickets/8-18-2026-minneapolis-minnesota-target-field/mlb/17695748","2025-08-27 13:22:05","2025-08-27 00:00:00","2026-08-01 07:00:04","2026-08-19 00:40:00","[PREMIUM]","[PREMIUM]","[PREMIUM]","[PREMIUM]","[PREMIUM]","[PREMIUM]","[PREMIUM]",3712,"[19,2]","sports","baseball",,"159263984","TDC","24545",true,false,true
"17695751","2026-08-16 22:02:28.151","2026-08-16 22:02:28.151",17695751,"Atlanta Braves at Minnesota Twins","Braves at Twins","mlb","2026-08-19 17:40:00","2026-08-19 18:40:00",false,false,false,"normal","as_originally_scheduled",false,false,false,true,true,"[PREMIUM]","[PREMIUM]","https://seatgeek.com/minnesota-twins-tickets/8-19-2026-minneapolis-minnesota-target-field/mlb/17695751","2025-08-27 13:22:05","2025-08-27 00:00:00","2026-08-01 07:00:04","2026-08-19 18:40:00","[PREMIUM]","[PREMIUM]","[PREMIUM]","[PREMIUM]","[PREMIUM]","[PREMIUM]","[PREMIUM]",3712,"[19,2]","sports","baseball",,"159263985","TDC","24546",true,false,true
"17695902","2026-08-16 22:02:28.151","2026-08-16 22:02:28.151",17695902,"Washington Nationals at Texas Rangers","Nationals at Rangers","mlb","2026-08-19 00:05:00","2026-08-19 01:05:00",false,false,false,"normal","as_originally_scheduled",false,false,false,true,true,"[PREMIUM]","[PREMIUM]","https://seatgeek.com/texas-rangers-tickets/8-18-2026-arlington-texas-globe-life-field/mlb/17695902","2025-08-27 13:22:34","2025-08-27 00:00:00","2026-08-01 08:33:49","2026-08-19 01:05:00","[PREMIUM]","[PREMIUM]","[PREMIUM]","[PREMIUM]","[PREMIUM]","[PREMIUM]","[PREMIUM]",487468,"[16,9]","sports","baseball",,"159262644","TDC","23419",true,false,true
"17696249","2026-08-16 22:02:28.151","2026-08-16 22:02:28.151",17696249,"Athletics at Kansas City Royals","Athletics at Royals","mlb","2026-08-17 23:40:00","2026-08-18 00:40:00",false,false,false,"normal","as_originally_scheduled",false,false,false,true,true,"[PREMIUM]","[PREMIUM]","https://seatgeek.com/kansas-city-royals-tickets/8-17-2026-kansas-city-missouri-kauffman-stadium/mlb/17696249","2025-08-27 13:35:43","2025-08-27 00:00:00","2026-08-01 07:00:24","2026-08-18 00:40:00","[PREMIUM]","[PREMIUM]","[PREMIUM]","[PREMIUM]","[PREMIUM]","[PREMIUM]","[PREMIUM]",3714,"[5,14]","sports","baseball",,"159263818","TDC","18184",true,false,true
"17696250","2026-08-16 22:02:28.151","2026-08-16 22:02:28.151",17696250,"Athletics at Kansas City Royals","Athletics at Royals","mlb","2026-08-18 23:40:00","2026-08-19 00:40:00",false,false,false,"normal","as_originally_scheduled",false,false,false,true,true,"[PREMIUM]","[PREMIUM]","https://seatgeek.com/kansas-city-royals-tickets/8-18-2026-kansas-city-missouri-kauffman-stadium/mlb/17696250","2025-08-27 13:35:43","2025-08-27 00:00:00","2026-08-01 07:00:24","2026-08-19 00:40:00","[PREMIUM]","[PREMIUM]","[PREMIUM]","[PREMIUM]","[PREMIUM]","[PREMIUM]","[PREMIUM]",3714,"[5,14]","sports","baseball",,"159263819","TDC","18185",true,false,true
"17696434","2026-08-16 22:02:28.151","2026-08-16 22:02:28.151",17696434,"Toronto Blue Jays at Tampa Bay Rays","Blue Jays at Rays","mlb","2026-08-18 22:40:00","2026-08-18 23:40:00",false,false,false,"normal","as_originally_scheduled",false,false,false,true,true,"[PREMIUM]","[PREMIUM]","https://seatgeek.com/tampa-bay-rays-tickets/8-18-2026-saint-petersburg-florida-tropicana-field/mlb/17696434","2025-08-27 15:22:09","2025-08-27 00:00:00","2026-08-01 06:59:23","2026-08-18 23:40:00","[PREMIUM]","[PREMIUM]","[PREMIUM]","[PREMIUM]","[PREMIUM]","[PREMIUM]","[PREMIUM]",4,"[4,17]","sports","baseball",,"159263245","TDC","7776",true,false,true
"17913625","2026-08-16 22:02:28.151","2026-08-16 22:02:28.151",17913625,"Atlanta Braves at Minnesota Twins","Braves at Twins","mlb","2026-08-17 23:40:00","2026-08-18 00:40:00",false,false,false,"normal","as_originally_scheduled",false,false,false,true,true,"[PREMIUM]","[PREMIUM]","https://seatgeek.com/minnesota-twins-tickets/8-17-2026-minneapolis-minnesota-target-field/mlb/17913625","2025-11-17 17:33:17","2025-11-17 00:00:00","2026-08-01 07:00:04","2026-08-18 00:40:00","[PREMIUM]","[PREMIUM]","[PREMIUM]","[PREMIUM]","[PREMIUM]","[PREMIUM]","[PREMIUM]",3712,"[19,2]","sports","baseball",,"159887075","TDC","24547",true,false,true
"17693868","2026-08-16 22:02:28.151","2026-08-16 22:02:28.151",17693868,"San Diego Padres at New York Mets","Padres at Mets","mlb","2026-08-17 23:10:00","2026-08-18 00:10:00",false,false,false,"normal","as_originally_scheduled",false,false,false,true,true,"[PREMIUM]","[PREMIUM]","https://seatgeek.com/new-york-mets-tickets/8-17-2026-flushing-new-york-citi-field/mlb/17693868","2025-08-26 21:54:17","2025-08-26 00:00:00","2026-08-12 07:22:48","2026-08-18 00:10:00","[PREMIUM]","[PREMIUM]","[PREMIUM]","[PREMIUM]","[PREMIUM]","[PREMIUM]","[PREMIUM]",3,"[3,24]","sports","baseball",,"159261052","TDC","21882",true,false,true
"17693384","2026-08-16 22:02:28.151","2026-08-16 22:02:28.151",17693384,"Los Angeles Angels at Houston Astros","Angels at Astros","mlb","2026-08-19 00:10:00","2026-08-19 01:10:00",false,false,false,"normal","as_originally_scheduled",false,false,false,true,true,"[PREMIUM]","[PREMIUM]","https://seatgeek.com/houston-astros-tickets/8-18-2026-houston-texas-daikin-park/mlb/17693384","2025-08-26 21:52:50","2025-08-26 00:00:00","2026-07-06 07:01:06","2026-08-19 01:10:00","[PREMIUM]","[PREMIUM]","[PREMIUM]","[PREMIUM]","[PREMIUM]","[PREMIUM]","[PREMIUM]",20,"[20,28]","sports","baseball",,,"TDC","27326",true,false,true
"17693380","2026-08-16 22:02:28.151","2026-08-16 22:02:28.151",17693380,"Seattle Mariners at Houston Astros","Mariners at Astros","mlb","2026-08-16 23:20:00","2026-08-17 00:20:00",false,false,false,"normal","as_originally_scheduled",false,false,false,true,true,"[PREMIUM]","[PREMIUM]","https://seatgeek.com/houston-astros-tickets/8-16-2026-houston-texas-daikin-park/mlb/17693380","2025-08-26 21:52:50","2025-08-26 00:00:00","2026-07-06 07:01:06","2026-08-17 00:20:00","[PREMIUM]","[PREMIUM]","[PREMIUM]","[PREMIUM]","[PREMIUM]","[PREMIUM]","[PREMIUM]",20,"[20,13]","sports","baseball",,,"TDC","27325",true,false,true
"17693062","2026-08-16 22:02:28.151","2026-08-16 22:02:28.151",17693062,"San Francisco Giants at Cleveland Guardians","Giants at Guardians","mlb","2026-08-18 22:40:00","2026-08-18 22:40:00",false,false,false,"normal","as_originally_scheduled",false,false,false,true,true,"[PREMIUM]","[PREMIUM]","https://seatgeek.com/cleveland-guardians-tickets/8-18-2026-cleveland-ohio-progressive-field/mlb/17693062","2025-08-26 21:51:49","2025-08-26 00:00:00","2026-08-01 06:55:25","2026-08-18 22:40:00","[PREMIUM]","[PREMIUM]","[PREMIUM]","[PREMIUM]","[PREMIUM]","[PREMIUM]","[PREMIUM]",6,"[6,22]","sports","baseball",,"159264146","TDC","14374",true,false,true
"17692898","2026-08-16 22:02:28.151","2026-08-16 22:02:28.151",17692898,"Arizona Diamondbacks at Boston Red Sox","Diamondbacks at Red Sox","mlb","2026-08-19 20:10:00","2026-08-19 20:10:00",false,false,false,"normal","as_originally_scheduled",false,false,false,true,true,"[PREMIUM]","[PREMIUM]","https://seatgeek.com/boston-red-sox-tickets/8-19-2026-boston-massachusetts-fenway-park/mlb/17692898","2025-08-26 21:51:22","2025-08-26 00:00:00","2026-08-01 06:48:40","2026-08-19 20:10:00","[PREMIUM]","[PREMIUM]","[PREMIUM]","[PREMIUM]","[PREMIUM]","[PREMIUM]","[PREMIUM]",21,"[21,30]","sports","baseball",,"159260971","TDC","15946",true,false,true
"17692896","2026-08-16 22:02:28.151","2026-08-16 22:02:28.151",17692896,"Arizona Diamondbacks at Boston Red Sox","Diamondbacks at Red Sox","mlb","2026-08-18 23:10:00","2026-08-18 23:10:00",false,false,false,"normal","as_originally_scheduled",false,false,false,true,true,"[PREMIUM]","[PREMIUM]","https://seatgeek.com/boston-red-sox-tickets/8-18-2026-boston-massachusetts-fenway-park/mlb/17692896","2025-08-26 21:51:19","2025-08-26 00:00:00","2026-08-01 06:48:40","2026-08-18 23:10:00","[PREMIUM]","[PREMIUM]","[PREMIUM]","[PREMIUM]","[PREMIUM]","[PREMIUM]","[PREMIUM]",21,"[21,30]","sports","baseball",,"159260970","TDC","15945",true,false,true
"17692893","2026-08-16 22:02:28.151","2026-08-16 22:02:28.151",17692893,"Arizona Diamondbacks at Boston Red Sox","Diamondbacks at Red Sox","mlb","2026-08-17 23:10:00","2026-08-17 23:10:00",false,false,false,"normal","as_originally_scheduled",false,false,false,true,true,"[PREMIUM]","[PREMIUM]","https://seatgeek.com/boston-red-sox-tickets/8-17-2026-boston-massachusetts-fenway-park/mlb/17692893","2025-08-26 21:51:19","2025-08-26 00:00:00","2026-08-01 06:48:40","2026-08-17 23:10:00","[PREMIUM]","[PREMIUM]","[PREMIUM]","[PREMIUM]","[PREMIUM]","[PREMIUM]","[PREMIUM]",21,"[21,30]","sports","baseball",,"159260969","TDC","15944",true,false,true
"17691308","2026-08-16 22:02:28.151","2026-08-16 22:02:28.151",17691308,"Los Angeles Dodgers at Colorado Rockies","Dodgers at Rockies","mlb","2026-08-19 00:40:00","2026-08-19 01:40:00",false,false,false,"normal","as_originally_scheduled",false,false,false,true,true,"[PREMIUM]","[PREMIUM]","https://seatgeek.com/colorado-rockies-tickets/8-18-2026-denver-colorado-coors-field/mlb/17691308","2025-08-26 18:59:55","2025-08-26 00:00:00","2026-08-10 07:46:22","2026-08-19 01:40:00","[PREMIUM]","[PREMIUM]","[PREMIUM]","[PREMIUM]","[PREMIUM]","[PREMIUM]","[PREMIUM]",7,"[7,1]","sports","baseball","1E00636AD39590F7","159263566","TICKETMASTER","1E00636AD39590F7",true,false,true
"17695262","2026-08-16 22:02:28.151","2026-08-16 22:02:28.151",17695262,"Chicago White Sox at Chicago Cubs","White Sox at Cubs","mlb","2026-08-19 00:05:00","2026-08-19 01:05:00",false,false,false,"normal","as_originally_scheduled",false,false,false,true,true,"[PREMIUM]","[PREMIUM]","https://seatgeek.com/chicago-cubs-tickets/8-18-2026-chicago-illinois-wrigley-field/mlb/17695262","2025-08-27 13:20:36","2025-08-27 00:00:00","2026-08-01 06:55:32","2026-08-19 01:05:00","[PREMIUM]","[PREMIUM]","[PREMIUM]","[PREMIUM]","[PREMIUM]","[PREMIUM]","[PREMIUM]",11,"[11,23]","sports","baseball",,"159257902","TDC","16520",true,false,true
